row_id,1161364,116570,1176823,1491113,1595929,209233,22930,22956,22961,22967,22973,22983,22985,23150,23154,23158,23176,23724,24279,24285,24287,24321,244024,25073,25092,25214,326272,41970,43435,47144,47158son01,47158son02,47158son03,47158son04,47158son05,47158son06,47158son07,47158son08,47158son09,47158son10,47158son11,47158son12,47158son13,47158son14,47158son15,47158son16,47158son17,47158son18,47158son19,47158son20,47158son21,47158son22,47158son23,47158son24,47158son25,476521,516975,517063,555123,555145,555146,64898,65377,65380,66971,67107,67252,70711,738183,74113,74580,760266,ashgre1,astcra1,bafcur1,baffal1,banana,barant1,batbel1,baymac,bbwduc,bcwfin2,bkcdon,bkhpar,blchaw1,blheag1,blttit1,bncfly,bobfly1,brcmar1,brnowl,bucmot4,bucpar,bufpar,bunibi1,burowl,camfli1,chacha1,chbmoc1,chobla1,chvcon1,cibspi1,coffal1,compau,compot1,crbthr1,crebec1,dwatin1,epaori4,eulfly1,fabwre1,fepowl,ficman1,flawar1,fotfly,fusfly1,gilhum1,giwrai1,glteme1,grasal3,greani1,greant1,greela,grekis,grepot1,gretho2,greyel,grfdov1,grhtan1,gycwor1,horscr1,houspa,hyamac1,larela1,lesela1,lesgrf1,limpki,linwoo1,litcuc2,litnig1,mabpar,magant1,magtan2,masgna1,nacnig1,ocecra1,oliwoo1,orbtro3,orwpar,osprey,pabspi1,palhor3,paltan1,phecuc1,picpig2,pirfly1,plasla1,platyr1,plcjay1,pluibi1,purjay1,pvttyr1,ragmac1,rebscy1,recfin1,redjun,relser1,rinkin1,rivwar1,roahaw,rubthr1,rufcac2,rufcas2,rufgna3,rufhor2,rufnig1,ruftho1,ruftof1,rumfly1,ruther1,rutjac1,sabspa1,saffin,saytan1,scadov1,schpar1,scther1,shcfly1,shshaw,shtnig1,sibtan2,smbani,smbtin1,sobcac1,sobtyr1,socfly1,sofspi1,souant1,soulap1,souscr1,spbant3,spispi1,sptnig1,squcuc1,stbwoo2,strcuc1,strher2,strowl1,swthum1,swtman1,tattin1,thlwre1,toctou1,trokin,trsowl,undtin1,varant1,watjac1,wesfie1,wfwduc1,whbant2,whbwar2,whiwoo1,whlspi1,whnjay1,whtdov,whwpic1,y00678,yebcar,yebela1,yecmac,yecpar,yehcar1,yeofly1
BC2026_Train_0001_S08_20250606_030007_5,0.8808333,0.81250006,0.41750002,0.3,0.82500005,0.52666664,0.3791667,0.59250003,0.29000002,0.06583333,0.13333334,0.3125,0.4275,0.5083333,0.32166666,0.06083334,0.81750005,0.55083334,0.050000004,0.56166667,0.62,0.094166666,0.17583334,0.24708335,0.45083338,0.50166667,0.225,0.8925,0.38083333,0.13666667,0.8883333,0.5733333,0.6575,0.52,0.96416664,0.47250003,0.21666667,0.5766667,0.17083335,0.96666664,0.41500002,0.21583334,0.95166665,0.445,0.83250004,0.82250005,0.9291667,0.7925001,0.77500004,0.7458334,0.9483333,0.9483333,0.95166665,0.18666668,0.9475,0.3125,0.55583334,0.39583334,0.45000005,0.88666666,0.36166665,0.87083334,0.68333334,0.17333333,0.10166667,0.25083333,0.19666667,0.8266667,0.22166668,0.24500002,0.2708333,0.51,0.24666667,0.68,0.33750004,0.3675,0.05,0.20958334,0.62833333,0.31416667,0.43416667,0.4583333,0.3491667,0.8966667,0.35083336,0.5091667,0.35166666,0.155,0.27916667,0.23083335,0.78083336,0.34166667,0.41000003,0.1375,0.065,0.31166667,0.6091667,0.42000002,0.22500001,0.5158334,0.23416668,0.7308334,0.42000005,0.54833335,0.69666666,0.35083336,0.29000002,0.905,0.27583334,0.50416666,0.43166667,0.515,0.74083334,0.24583334,0.44083336,0.39416668,0.63416666,0.51250005,0.20916668,0.25666666,0.0825,0.29666668,0.45916668,0.3725,0.65833336,0.7691667,0.74333334,0.2566667,0.17333333,0.068333335,0.085,0.23666666,0.25666666,0.3166667,0.3541667,0.61,0.31666666,0.27583334,0.23833334,0.41083333,0.3466667,0.19583334,0.41,0.295,0.31166667,0.9925,0.6066667,0.18583333,0.25666666,0.6458334,0.405,0.74666667,0.1275,0.61333334,0.18750001,0.12583333,0.27333334,0.5475,0.435,0.185,0.53499997,0.40916666,0.38916668,0.52833337,0.43250003,0.097500004,0.58916664,0.23000002,0.38833335,0.48416665,0.28916666,0.4325,0.62,0.5083333,0.65166664,0.8666667,0.5516667,0.30708334,0.38333336,0.26416665,0.8358334,0.26583332,0.2625,0.18666667,0.27583334,0.37750003,0.265,0.4,0.6383333,0.4925,0.2125,0.23166668,0.6775,0.225,0.3375,0.22916666,0.36583334,0.5808333,0.62,0.3504167,0.57,0.3925,0.26416665,0.43083334,0.3275,0.87,0.13666667,0.565,0.26416665,0.25083333,0.53833336,0.23083332,0.615,0.090833336,0.2625,0.24166667,0.37833336,0.14416666,0.465,0.20333333,0.62333333,0.47500002,0.8575,0.63916665,0.42833334,0.15833333,0.5191667,0.30333334,0.2975,0.8516667,0.7075,0.32916668,0.5083333,0.34666666
BC2026_Train_0001_S08_20250606_030007_10,0.9016667,0.8416667,0.365,0.22583333,0.8000001,0.49583334,0.325,0.5491667,0.17666668,0.0475,0.087500006,0.30083334,0.3966667,0.54583335,0.25416666,0.014166668,0.77666676,0.44333333,0.033333335,0.49625003,0.5808334,0.0775,0.18,0.33666667,0.43833333,0.41333333,0.21166667,0.8833333,0.32666665,0.08083333,0.9075,0.47000003,0.5441667,0.58000004,0.97833335,0.43333334,0.1375,0.6025,0.12,0.985,0.47000003,0.17416668,0.9691667,0.4,0.79916674,0.8033334,0.93916667,0.77250004,0.78416675,0.7925001,0.9725,0.95916665,0.96250004,0.15833333,0.9816667,0.33333334,0.52,0.3475,0.42333335,0.83750004,0.32833335,0.865,0.6091667,0.11750001,0.09916666,0.29416668,0.16666667,0.7458334,0.16750002,0.16,0.24000001,0.41583335,0.2425,0.6358333,0.4275,0.3191667,0.048333336,0.13583334,0.60583335,0.275,0.32083336,0.40666667,0.32500002,0.6466667,0.30416667,0.5158333,0.42416668,0.09,0.2733333,0.17666668,0.73083335,0.37,0.42916667,0.095,0.0625,0.19916669,0.41666666,0.3475,0.135,0.33166668,0.20916668,0.6975,0.4675,0.4566667,0.6,0.22166666,0.26,0.87583333,0.17916667,0.55083334,0.39416665,0.5575,0.72083336,0.22333334,0.32333332,0.30416667,0.5758333,0.39000005,0.15916668,0.21000001,0.09,0.29500002,0.39916667,0.31166667,0.65166664,0.5733333,0.65916663,0.30333334,0.22916667,0.055833332,0.0875,0.16583334,0.21666667,0.25166667,0.26833335,0.50166667,0.17750001,0.3275,0.2575,0.37166667,0.24249999,0.15833335,0.3775,0.25916666,0.26083332,0.94,0.67583334,0.14333333,0.21833333,0.5816667,0.3091667,0.6691667,0.065,0.6325,0.15083334,0.16583334,0.22833332,0.47750002,0.44333333,0.1425,0.5391667,0.26416668,0.345,0.5866667,0.36,0.101666674,0.53083336,0.25750002,0.36083335,0.59250003,0.22833332,0.29333332,0.5491667,0.45,0.5475,0.85583335,0.46333334,0.28416666,0.34750003,0.26166666,0.75500005,0.23166667,0.19166668,0.14833333,0.23500001,0.32583335,0.13666667,0.39749998,0.6166667,0.455,0.19416668,0.1975,0.6433333,0.22083333,0.27833334,0.1275,0.24666667,0.59583336,0.49583334,0.26833332,0.64416665,0.31166667,0.18583333,0.4475,0.24333334,0.87583333,0.111666664,0.4666667,0.17583333,0.25583333,0.5375,0.2525,0.5041667,0.042500004,0.22916669,0.19833334,0.38250002,0.18666667,0.45083335,0.19416666,0.5833334,0.44,0.6991667,0.47083333,0.3466667,0.0825,0.5466667,0.305,0.17833334,0.7866667,0.68916667,0.21583334,0.48666668,0.31166667
BC2026_Train_0001_S08_20250606_030007_15,0.9041667,0.8283334,0.3866667,0.21333332,0.8208334,0.48416668,0.4166667,0.55916667,0.29833335,0.050833337,0.11416667,0.29000002,0.41583335,0.45833334,0.27916667,0.030000001,0.8216667,0.47500002,0.04416667,0.54583335,0.5941667,0.08166667,0.25750002,0.23583333,0.44500005,0.45583335,0.22833332,0.8475,0.35916668,0.101666674,0.92333335,0.5125,0.55916667,0.43083337,0.96416664,0.45750004,0.18083334,0.6458333,0.1375,0.97583336,0.49916667,0.22166666,0.97083336,0.42583334,0.7983334,0.7950001,0.9116667,0.78000003,0.7958334,0.81500006,0.9875,0.9741667,0.9775,0.1475,0.9683333,0.3375,0.5225,0.4275,0.42083335,0.84833336,0.42583334,0.895,0.6641667,0.15333334,0.12416667,0.23666668,0.15666667,0.76000005,0.20750001,0.17,0.23750001,0.48333335,0.2616667,0.62916666,0.30166668,0.37416667,0.09,0.19791667,0.7425,0.19666667,0.34333336,0.44833332,0.335,0.71500003,0.315,0.5133333,0.41583335,0.13916667,0.22583333,0.205,0.76166666,0.3241667,0.43166667,0.08833334,0.055833332,0.20916668,0.41916665,0.335,0.2125,0.32,0.22833334,0.7375001,0.42833334,0.3725,0.59666663,0.27916667,0.28416666,0.9316667,0.25,0.52,0.45833337,0.6633333,0.8000001,0.22999999,0.38333336,0.3741667,0.665,0.33416668,0.1875,0.21833333,0.06916667,0.35583332,0.4166667,0.31916666,0.6308333,0.56583333,0.7116667,0.2825,0.20666668,0.045,0.068333335,0.22749999,0.16083334,0.27,0.3275,0.62083334,0.17750001,0.30833334,0.21499999,0.36833334,0.29833335,0.17833334,0.35000002,0.32083336,0.28916666,0.9675,0.5833334,0.16833334,0.2275,0.62333333,0.32583332,0.61833334,0.07666667,0.68,0.1725,0.1575,0.2758333,0.5625,0.43083334,0.17083333,0.5725,0.30833334,0.34833333,0.565,0.39416668,0.12083334,0.55333334,0.24833333,0.3516667,0.57250005,0.29166666,0.31250003,0.5991667,0.46000004,0.505,0.8883333,0.5266667,0.34416667,0.33416668,0.2525,0.63416666,0.28416666,0.18166667,0.16166668,0.19,0.42166668,0.1475,0.41833335,0.6508333,0.4166667,0.17333333,0.18583333,0.74,0.23083334,0.23916666,0.18833333,0.28583333,0.61833334,0.50666666,0.27166668,0.64750004,0.34083334,0.24833333,0.45666665,0.26250002,0.9433333,0.10416667,0.44333333,0.23583333,0.29333335,0.61333334,0.25333333,0.5495834,0.09833333,0.2,0.17083333,0.4416667,0.15583333,0.45583332,0.20750001,0.5758333,0.43833333,0.7058333,0.4691667,0.40916666,0.13416667,0.5425,0.3625,0.23416667,0.8516667,0.71583337,0.28083333,0.5133333,0.29416665
BC2026_Train_0001_S08_20250606_030007_20,0.925,0.8333334,0.45166665,0.30333334,0.8333334,0.46416667,0.5083333,0.6275,0.4325,0.009166667,0.0925,0.40500003,0.5025,0.43333334,0.2875,0.045,0.80750006,0.42833334,0.04416667,0.625,0.61,0.07333334,0.25,0.2275,0.47500002,0.42833334,0.2075,0.8808333,0.4025,0.09583334,0.9108333,0.48250002,0.545,0.33583334,0.94916666,0.42083335,0.17250001,0.7666667,0.14166667,0.955,0.6916667,0.25083333,0.95916665,0.43916667,0.8266667,0.82000005,0.9508333,0.7875001,0.8191667,0.87916666,0.9625,0.9625,0.95916665,0.13916667,0.9725,0.29583332,0.51166666,0.40666667,0.56166667,0.8775,0.59333336,0.925,0.7225,0.17,0.18416667,0.19250001,0.135,0.80333334,0.16666666,0.19416668,0.23416668,0.53833336,0.30916667,0.71250004,0.24333334,0.31,0.087500006,0.22749999,0.68166673,0.24000001,0.29333332,0.47083333,0.32083333,0.86833334,0.3325,0.43666667,0.49583334,0.17250001,0.32333332,0.23750001,0.7791667,0.48666668,0.4041667,0.10666667,0.07666667,0.24666667,0.37500003,0.38083333,0.28416666,0.41250002,0.2025,0.75250006,0.39833334,0.4425,0.6375,0.27833334,0.34416667,0.9033333,0.26666668,0.52750003,0.46166667,0.68916667,0.85333335,0.27583334,0.36583334,0.41333336,0.7083334,0.3325,0.16083333,0.23583333,0.07166667,0.39666668,0.45083332,0.385,0.67,0.5683333,0.6958333,0.27166668,0.15583333,0.004166667,0.111666664,0.21333334,0.26916668,0.32083333,0.34583336,0.58250004,0.16250001,0.2075,0.19416668,0.4,0.31833336,0.19833332,0.32750002,0.30333334,0.34500003,0.9816667,0.5808334,0.16749999,0.25333333,0.48666665,0.36916667,0.64750004,0.125,0.74,0.20083334,0.18083334,0.3141667,0.5916667,0.42000002,0.18333334,0.57916665,0.43666667,0.39916667,0.5516667,0.38166666,0.11833334,0.58,0.29083332,0.32083333,0.53166664,0.22333333,0.3516667,0.62083334,0.39583334,0.48250002,0.935,0.41916665,0.38333333,0.35750002,0.26833335,0.565,0.28166667,0.24666667,0.21416666,0.22583334,0.465,0.19833334,0.5425,0.6275,0.42583334,0.17000002,0.18666667,0.80333334,0.23833334,0.24916667,0.20583333,0.32999998,0.61333334,0.46666667,0.26666665,0.61083335,0.39749998,0.23500001,0.385,0.26916668,0.95166665,0.0925,0.5283333,0.21666667,0.28833333,0.6816667,0.32666668,0.7291667,0.07333334,0.22333334,0.17166667,0.45499998,0.13583334,0.49166667,0.18333334,0.55333334,0.4258333,0.7691667,0.5075,0.48416665,0.1475,0.58125,0.4,0.24583334,0.88,0.7583333,0.36166668,0.50166667,0.34
BC2026_Train_0001_S08_20250606_030007_25,0.9025,0.84083337,0.55916667,0.36333334,0.8083334,0.44500002,0.685,0.65500003,0.36916667,0.0225,0.11916667,0.61750007,0.5108333,0.47083333,0.30416667,0.051666666,0.7883334,0.37333333,0.0225,0.49416667,0.64916664,0.053333335,0.25833333,0.295,0.4791667,0.5133333,0.26250002,0.905,0.35250002,0.16916667,0.91833335,0.45416668,0.4666667,0.4366667,0.97583336,0.41833335,0.15,0.6333333,0.10333334,0.9766667,0.50666666,0.16333333,0.95916665,0.3775,0.8416667,0.83500004,0.9525,0.76166666,0.7766667,0.81000006,0.95916665,0.95916665,0.95916665,0.1425,0.98583335,0.30416667,0.5158333,0.40666667,0.6666667,0.8266667,0.45333332,0.9191667,0.65833336,0.13,0.10750001,0.27333334,0.119166665,0.8083334,0.16583332,0.32083336,0.2725,0.45083335,0.26999998,0.70250005,0.32833335,0.36083335,0.052500002,0.17416666,0.5133333,0.23166668,0.2725,0.375,0.31,0.71583337,0.31833333,0.4516667,0.3725,0.14833333,0.25,0.1575,0.73,0.67833334,0.28333333,0.10916667,0.060833335,0.25500003,0.45000002,0.32916665,0.14583334,0.36166668,0.19208334,0.71583337,0.38791668,0.55916667,0.645,0.30916667,0.33,0.87,0.17583334,0.45166668,0.44666666,0.60083336,0.72583336,0.215,0.3425,0.40583336,0.61583334,0.34333333,0.13416666,0.21916668,0.080000006,0.4675,0.45833334,0.29416665,0.7675,0.6091667,0.7433334,0.29416668,0.22500001,0.008333334,0.115833335,0.12666667,0.24333334,0.29833332,0.29333335,0.51166666,0.17,0.22333334,0.195,0.4125,0.27666667,0.17666668,0.35916668,0.24666667,0.495,0.95,0.5575,0.19833334,0.21583334,0.42416668,0.37916666,0.69,0.111666664,0.6433334,0.24000001,0.21916667,0.30083334,0.51916665,0.3975,0.155,0.55,0.3791667,0.29916668,0.5333333,0.33,0.10333334,0.48333332,0.21666665,0.33416665,0.43750003,0.23833334,0.42333335,0.57750005,0.38833332,0.50333333,0.8883333,0.5233334,0.33166665,0.38916668,0.29916668,0.59583336,0.26000002,0.15333334,0.17000002,0.21083334,0.3991667,0.125,0.41916668,0.59749997,0.48583335,0.21166667,0.195,0.78583336,0.2475,0.22333333,0.14833334,0.24083333,0.55833334,0.4825,0.27541667,0.6583333,0.38750002,0.24666667,0.38083336,0.32333335,0.9433333,0.1225,0.5808333,0.18,0.24416667,0.5683333,0.34916666,0.47416666,0.035000004,0.2525,0.21583334,0.36083335,0.14916666,0.4441667,0.18583333,0.54,0.41,0.64500004,0.525,0.38583335,0.09916666,0.58250004,0.315,0.2175,0.8625,0.705,0.28583333,0.485,0.3791667
BC2026_Train_0001_S08_20250606_030007_30,0.865,0.83000004,0.5158334,0.3516667,0.79166675,0.50666666,0.5933333,0.60583335,0.38083336,0.035000004,0.14083335,0.4625,0.48583335,0.39583337,0.32583332,0.05916667,0.82250005,0.39083335,0.020833334,0.4641667,0.60583335,0.08583333,0.11750001,0.32000002,0.46250004,0.43666667,0.2675,0.8575,0.30666667,0.18333334,0.93416667,0.44666672,0.5175,0.5391666,0.9866667,0.42083335,0.16499999,0.58833337,0.120833345,0.995,0.49916667,0.16083334,0.9825,0.35250002,0.84250003,0.8391667,0.9483334,0.7608334,0.75750005,0.7683333,0.9825,0.98333335,0.98333335,0.16833334,0.99666667,0.325,0.54833335,0.42666665,0.5133333,0.8208334,0.38083336,0.9316667,0.6383333,0.165,0.1575,0.26583335,0.21416667,0.77250004,0.19916667,0.25833336,0.28083333,0.43083334,0.31,0.675,0.37583333,0.33041668,0.064166665,0.195,0.58833337,0.20333335,0.44083333,0.4175,0.36333334,0.735,0.34250003,0.4875,0.38,0.19750002,0.20500001,0.16749999,0.62,0.5491667,0.33833334,0.119166665,0.072500005,0.23083334,0.5725,0.27166668,0.19166666,0.46416667,0.23000002,0.72,0.32666665,0.50416666,0.54833335,0.35750002,0.30916667,0.9033333,0.23833333,0.49833333,0.44083333,0.6066667,0.725,0.23666668,0.42583337,0.39916667,0.6441667,0.35833335,0.17333335,0.25666666,0.09,0.3925,0.4266667,0.36083332,0.65833336,0.7291667,0.85,0.33416668,0.20666668,0.017500002,0.12416667,0.14250001,0.205,0.31583333,0.33333334,0.5758334,0.19333333,0.34666666,0.18583333,0.38416666,0.26916665,0.20083334,0.4141667,0.3225,0.45333332,0.9558333,0.6166667,0.21916667,0.21833333,0.70416665,0.39666665,0.71833336,0.07083333,0.64750004,0.245,0.20333335,0.24916668,0.55916667,0.43,0.17250001,0.57,0.43416667,0.26166666,0.55833334,0.39166668,0.083333336,0.5475,0.27083334,0.45166665,0.5283333,0.29,0.44916666,0.5825,0.4575,0.6125,0.82000005,0.575,0.34250003,0.40916666,0.29250002,0.7816667,0.23333333,0.14750001,0.1525,0.23083335,0.43416667,0.11583334,0.38500002,0.6483333,0.4175,0.24166667,0.2175,0.74416673,0.26416665,0.335,0.1875,0.31750003,0.5716667,0.5541667,0.27916667,0.65000004,0.43666667,0.26,0.3983333,0.32999998,0.9508333,0.1275,0.49583334,0.20333335,0.2275,0.5391667,0.31833336,0.49916667,0.08583334,0.21583334,0.14083333,0.36666667,0.21416667,0.4575,0.23249999,0.65083337,0.40333337,0.68500006,0.6066667,0.40916666,0.15,0.57666665,0.35000002,0.26083332,0.91833335,0.73,0.27166668,0.565,0.3475
BC2026_Train_0001_S08_20250606_030007_35,0.8925,0.8158334,0.5941667,0.40833333,0.8291667,0.5375,0.76500005,0.695,0.51666665,0.055,0.10333334,0.555,0.68000007,0.5375,0.35,0.032500003,0.82750005,0.5708334,0.019166667,0.52833337,0.66083336,0.09,0.14083335,0.31333333,0.45333335,0.49416667,0.25666666,0.88166666,0.32999998,0.25083333,0.9225,0.5108333,0.47666666,0.6825,0.9791667,0.50666666,0.22333334,0.5808333,0.1425,0.99333334,0.45583338,0.18,0.97166663,0.40416667,0.8083334,0.8083334,0.94,0.755,0.76666665,0.7608334,0.9816667,0.9816667,0.97833335,0.18583333,0.9741667,0.4041667,0.56083333,0.365,0.62916666,0.9133333,0.47083333,0.95,0.70500004,0.1625,0.18,0.37333333,0.31,0.8116667,0.19250001,0.37,0.3325,0.48916668,0.29916668,0.7616667,0.53,0.3425,0.06916667,0.11750001,0.60583335,0.22583334,0.35,0.41416666,0.3825,0.77750003,0.42333335,0.5075,0.43166667,0.24666668,0.19000001,0.17333335,0.76666665,0.6716667,0.36333334,0.12916666,0.07166667,0.31833333,0.56166667,0.24000001,0.18333334,0.38083333,0.23166667,0.7025,0.3425,0.55583334,0.6775,0.39666668,0.345,0.9291667,0.18416667,0.43666667,0.42000002,0.6816667,0.8241667,0.2975,0.52625,0.36416668,0.625,0.4016667,0.18249999,0.21583334,0.11083333,0.30833334,0.41916668,0.29833335,0.7425,0.5808333,0.7458334,0.36666667,0.24583332,0.060833335,0.12916666,0.18083334,0.28166667,0.32083333,0.3125,0.5216667,0.22083333,0.49583334,0.27333334,0.4575,0.33250004,0.17666668,0.38416666,0.285,0.6391667,0.9716667,0.5575,0.22166666,0.20083334,0.675,0.40583333,0.6666666,0.05916667,0.6333333,0.26250002,0.2475,0.23583335,0.6016667,0.42,0.1875,0.57000005,0.37416667,0.31250003,0.5675,0.36458334,0.05166667,0.47166666,0.21583334,0.44666666,0.5383333,0.255,0.36333334,0.5566667,0.42333335,0.49583334,0.8525,0.49666667,0.39416668,0.39166668,0.28500003,0.70750004,0.2525,0.15333334,0.1275,0.27916667,0.33416668,0.09166666,0.36416668,0.6716667,0.5158333,0.255,0.22166666,0.8183333,0.27416667,0.3,0.16166666,0.29833335,0.5616667,0.45833334,0.29083335,0.5833334,0.40500003,0.29333335,0.4283333,0.22749999,0.9583333,0.13666667,0.56166667,0.17083335,0.22666666,0.5541667,0.24000001,0.56416667,0.16250001,0.23666668,0.16499999,0.33333334,0.23666666,0.43083334,0.24333334,0.60833335,0.41750002,0.6925,0.5166667,0.45333332,0.1425,0.5475,0.39499998,0.24916667,0.89166665,0.7591667,0.28125,0.59708333,0.40083334
BC2026_Train_0001_S08_20250606_030007_40,0.91333336,0.80250007,0.36083335,0.28166667,0.7833334,0.40416667,0.47,0.5916667,0.26166666,0.021666668,0.04666667,0.3125,0.48916668,0.44166666,0.22583333,0.0050000004,0.8266667,0.41750002,0.009166667,0.53000003,0.57666665,0.049166672,0.12166667,0.20249999,0.45250002,0.3866667,0.21666667,0.87166667,0.35083336,0.111666664,0.93666667,0.46333337,0.42583334,0.45083335,0.9891667,0.41583335,0.12083334,0.57916665,0.075,0.99583334,0.43083334,0.14166667,0.9875,0.38833332,0.7933334,0.78583336,0.93083334,0.75250006,0.75250006,0.73333335,0.9875,0.98083335,0.9875,0.12666668,0.9925,0.27916667,0.51416665,0.32833335,0.43,0.855,0.495,0.9108333,0.6766667,0.12083334,0.071666665,0.21583334,0.11333334,0.78000003,0.14083333,0.16333334,0.22166668,0.38333333,0.16416666,0.6333333,0.29666668,0.29083335,0.028333334,0.07083334,0.5441667,0.15083334,0.29333332,0.26166666,0.2475,0.66333336,0.29833332,0.39416668,0.27666667,0.11750001,0.125,0.114999995,0.7741667,0.41083336,0.17500001,0.06666667,0.04416667,0.18333334,0.39583334,0.24000001,0.1325,0.28291667,0.15166667,0.6166667,0.29333335,0.44916672,0.68583333,0.21,0.20833334,0.9166666,0.16250001,0.3825,0.3516667,0.5666667,0.8366667,0.1975,0.33083335,0.27,0.505,0.26666668,0.08166667,0.122499995,0.04083333,0.20666668,0.37500003,0.22583336,0.6825,0.51916665,0.6333333,0.25833333,0.10333334,0.019166667,0.055833332,0.1575,0.123333335,0.21333334,0.25833333,0.41083336,0.120000005,0.25250003,0.14250001,0.38583332,0.2625,0.125,0.24541667,0.22083333,0.35250002,0.9325,0.54583335,0.1525,0.14500001,0.5025,0.27416667,0.52250004,0.049166664,0.62583333,0.18166667,0.09583333,0.15833333,0.485,0.34416667,0.11000001,0.51166666,0.22500002,0.21375,0.4666667,0.26833332,0.0425,0.39000002,0.1075,0.31916666,0.43583336,0.17666668,0.24916668,0.475,0.345,0.41916668,0.8725,0.35333335,0.23416665,0.29583332,0.20916668,0.595,0.15916666,0.096666664,0.068333335,0.17916667,0.23333333,0.07416667,0.27166668,0.62,0.41000003,0.13416667,0.14666668,0.7033333,0.18500002,0.14083333,0.03166667,0.20166667,0.48083335,0.295,0.205,0.52250004,0.26749998,0.2125,0.3191667,0.155,0.98,0.07083333,0.53416663,0.087500006,0.20166668,0.47833332,0.19583333,0.5,0.053333335,0.20916668,0.15166667,0.3008333,0.11958333,0.33666667,0.16666667,0.4791667,0.33833334,0.57416666,0.41500002,0.33666667,0.035833333,0.475,0.24249999,0.15833333,0.74416673,0.60833335,0.21333332,0.48833334,0.2825
BC2026_Train_0001_S08_20250606_030007_45,0.87583333,0.8241667,0.26833335,0.2475,0.75,0.31833333,0.21416667,0.4775,0.111666664,0.0225,0.060000006,0.17833334,0.31666666,0.29583332,0.20041668,0.013333335,0.7766667,0.29583335,0.011666668,0.43916667,0.47833335,0.045,0.094166666,0.20625001,0.41750002,0.28083333,0.18583333,0.7991667,0.30083334,0.071666665,0.95,0.4225,0.4925,0.37166667,0.9558333,0.36333334,0.108333334,0.60083336,0.07333334,0.9608333,0.445,0.14333333,0.96833336,0.35583335,0.8208334,0.8141667,0.8991667,0.7716667,0.7583333,0.7683334,0.955,0.975,0.975,0.11416667,0.99,0.25416666,0.47416666,0.30833334,0.26916665,0.7841667,0.475,0.8591667,0.5908333,0.119166665,0.11583334,0.15416667,0.06583333,0.6733333,0.125,0.12583333,0.17750001,0.33166665,0.22333333,0.59250003,0.2525,0.32666668,0.034166668,0.18583333,0.5083333,0.15833333,0.26250002,0.29666668,0.26749998,0.4375,0.27416667,0.44583336,0.32083333,0.083333336,0.20583335,0.116666675,0.6191667,0.29916668,0.14916667,0.053333335,0.053333335,0.1225,0.39666668,0.29666668,0.111666664,0.39916667,0.16916667,0.63,0.32333332,0.31083333,0.55,0.20583333,0.20416668,0.8491667,0.2225,0.48916668,0.44583333,0.53666663,0.81500006,0.18916668,0.22833334,0.30916667,0.49916667,0.24000001,0.108333334,0.1875,0.10416667,0.2875,0.425,0.22500001,0.6175,0.54333335,0.58416665,0.2916667,0.17583334,0.043333337,0.07,0.111666664,0.087500006,0.23166667,0.24416667,0.37583333,0.15166667,0.17666668,0.20166667,0.38083333,0.20416667,0.1425,0.28583333,0.22250001,0.26500002,0.8883333,0.65166664,0.1875,0.14583334,0.39666668,0.31250003,0.63166666,0.050833337,0.625,0.16250001,0.19083333,0.19416666,0.46333337,0.40249997,0.12916666,0.50166667,0.2975,0.21833333,0.5416666,0.3125,0.048333336,0.40583333,0.13666667,0.4025,0.48666668,0.19333334,0.26416668,0.5216667,0.41000003,0.47083333,0.81000006,0.395,0.24583334,0.34583336,0.20166667,0.6541667,0.19000001,0.14500001,0.0825,0.19833335,0.2675,0.08916667,0.34000003,0.58,0.28,0.17,0.17,0.7316667,0.21666667,0.19083335,0.060000006,0.21833333,0.5158333,0.24583334,0.16083333,0.58500004,0.30833334,0.14500001,0.38250002,0.22416668,0.95916665,0.07166667,0.40583336,0.090833336,0.25583333,0.49083334,0.28666666,0.39916667,0.016666668,0.18583333,0.15583333,0.43250003,0.08666667,0.40750003,0.11750001,0.45166665,0.38166666,0.52750003,0.45166668,0.37083334,0.065,0.47666666,0.24750002,0.15583333,0.7741667,0.54833335,0.20833334,0.45583335,0.36916667
BC2026_Train_0001_S08_20250606_030007_50,0.88,0.8516667,0.37416667,0.24416669,0.76666665,0.29,0.22416666,0.43166667,0.123333335,0.0425,0.08083333,0.24333334,0.31416667,0.33333334,0.21333334,0.032500003,0.8191667,0.25416666,0.0275,0.42833334,0.4875,0.06916667,0.07333334,0.19833334,0.42833334,0.30041668,0.17750001,0.8366667,0.33583334,0.07833333,0.945,0.42416668,0.59083337,0.40583333,0.97333336,0.40583336,0.10833334,0.5833334,0.060833335,0.9608333,0.42666668,0.120000005,0.98333335,0.3675,0.8266667,0.82000005,0.91,0.7833334,0.76166666,0.75250006,0.97,0.99,0.98333335,0.11458333,0.955,0.25833333,0.46833333,0.26583335,0.30333334,0.7391667,0.515,0.8333334,0.58916664,0.15083334,0.1125,0.155,0.06666667,0.68500006,0.13416667,0.12166667,0.16416666,0.2825,0.15750001,0.5808333,0.28916666,0.34250003,0.042500004,0.10666667,0.52750003,0.1625,0.2541667,0.29666668,0.2875,0.39000005,0.23833334,0.45583338,0.23833334,0.075,0.21083334,0.12416667,0.5666667,0.285,0.18416667,0.060833335,0.040000003,0.165,0.45,0.30916667,0.1175,0.42250004,0.15083334,0.605,0.33916667,0.38583335,0.57166666,0.26333335,0.17333335,0.8341667,0.17666668,0.44083333,0.42833334,0.49583334,0.6991667,0.19916667,0.2875,0.2825,0.45166668,0.2616667,0.096666664,0.20333335,0.083333336,0.2975,0.39833334,0.25333333,0.61583334,0.54,0.62666667,0.25916666,0.15750001,0.043333337,0.10666668,0.120000005,0.12916666,0.23166665,0.23458333,0.34166667,0.12583333,0.18666667,0.16083333,0.36333334,0.21583334,0.1525,0.3125,0.21666667,0.26833335,0.8675,0.5808333,0.13833334,0.16666667,0.5208334,0.27333334,0.59083337,0.04,0.5683334,0.14416666,0.10583334,0.18583333,0.40583333,0.37166667,0.09583333,0.51,0.22125,0.23833334,0.51666665,0.29208332,0.06666667,0.44083333,0.17250001,0.3516667,0.46,0.225,0.265,0.5158334,0.40083334,0.47333336,0.82750005,0.41000003,0.2225,0.35,0.25333333,0.605,0.21083336,0.13916667,0.07416667,0.15166667,0.35833332,0.09583333,0.29833335,0.5575,0.33333334,0.18583333,0.17750001,0.66333336,0.19583333,0.22333334,0.15083332,0.26083335,0.55583334,0.345,0.21083334,0.59333336,0.3466667,0.17500001,0.3516667,0.23416667,0.8875,0.07666667,0.40500003,0.09666667,0.2625,0.49666667,0.2975,0.35833335,0.035833333,0.185,0.135,0.3925,0.105000004,0.36416668,0.13333334,0.47500002,0.36833334,0.49916667,0.4141667,0.34833336,0.055833332,0.4204167,0.22083335,0.16,0.725,0.60333335,0.25083336,0.43000004,0.38333333
BC2026_Train_0001_S08_20250606_030007_55,0.945,0.94124997,0.9458333,0.255,0.7791667,0.36333334,0.30166665,0.48416668,0.11500001,0.0575,0.1275,0.85333335,0.33166668,0.6625,0.26666668,0.010833334,0.89166665,0.29833335,0.05,0.52750003,0.6875,0.060833335,0.12416667,0.18416667,0.49333334,0.47250003,0.2975,0.93916667,0.74083334,0.21083333,0.9291667,0.50083333,0.65250003,0.81250006,0.99666667,0.745,0.095,0.6016667,0.08833334,0.9741667,0.44,0.14166667,0.98,0.43666667,0.7950001,0.7950001,0.92083335,0.79416674,0.78583336,0.78000003,0.9766667,0.97333336,0.97333336,0.11333334,0.9866667,0.275,0.4908333,0.35000002,0.9091667,0.72333336,0.4091667,0.8391667,0.7058334,0.16916667,0.07333334,0.16416667,0.13000001,0.83750004,0.16916667,0.19333334,0.18583333,0.28833333,0.15583333,0.5441667,0.8883333,0.2475,0.07416667,0.079166666,0.49666667,0.15833333,0.26666665,0.37,0.22083333,0.5158333,0.26833335,0.39083335,0.21291667,0.054166667,0.125,0.14583334,0.6383333,0.43583333,0.18,0.055833336,0.075833336,0.20750001,0.43916667,0.3216667,0.19000001,0.26333335,0.15333334,0.5833333,0.265,0.435,0.6275,0.1875,0.19333334,0.885,0.18166666,0.4091667,0.41083336,0.4741667,0.6325,0.22250001,0.40916666,0.25916666,0.48916668,0.26833335,0.13416667,0.15833333,0.024166668,0.22833334,0.405,0.24166667,0.7991667,0.5441667,0.7141667,0.20916668,0.12166667,0.013333335,0.67083335,0.17583333,0.09833334,0.26083335,0.28500003,0.5858334,0.13000001,0.15333334,0.11833333,0.36166668,0.21750002,0.13666666,0.28083333,0.26666668,0.3975,0.8808333,0.5500001,0.11416667,0.14166667,0.63916665,0.29749998,0.52583337,0.025000002,0.52583337,0.12166667,0.10666667,0.15583333,0.45333335,0.3375,0.08833333,0.49416667,0.21124999,0.19833334,0.43416667,0.305,0.040833335,0.39583334,0.17166668,0.28833333,0.43166667,0.2325,0.24666667,0.47,0.35083336,0.42166668,0.8591667,0.4225,0.19916667,0.3075,0.7925,0.54083335,0.22916667,0.155,0.094166666,0.090833336,0.28583333,0.112500004,0.31416667,0.585,0.3025,0.18416667,0.16666667,0.6108333,0.108333334,0.15666667,0.094166666,0.28583333,0.5108333,0.33666667,0.2175,0.53416663,0.2866667,0.23416668,0.32833335,0.16333333,0.90749997,0.08416667,0.48083335,0.14333335,0.22916667,0.40333334,0.20833334,0.38250002,0.035833336,0.2816667,0.14000002,0.31416667,0.1,0.33083335,0.15583333,0.42041668,0.42166668,0.48333338,0.3541667,0.32166666,0.06333333,0.40750003,0.23500001,0.18833335,0.65,0.6016667,0.20333333,0.43666667,0.33249998
BC2026_Train_0001_S08_20250606_030007_60,0.9816667,0.985,0.99916667,0.35750002,0.8416667,0.6766667,0.46916667,0.49583334,0.33916667,0.32416666,0.27416667,0.99583334,0.49166667,0.9575,0.545,0.07916667,0.93083334,0.5783333,0.22500001,0.7366667,0.83666664,0.108333334,0.31583333,0.36416668,0.6175,0.76500005,0.4391667,0.99333334,0.99916667,0.52916664,0.93583333,0.7341667,0.7908334,0.98583335,0.99833333,0.99333334,0.12416667,0.6141667,0.19500001,0.98583335,0.4716667,0.2541667,0.9641667,0.6,0.8166667,0.8233334,0.91,0.82000005,0.81500006,0.7975001,0.9641667,0.9608334,0.9575,0.16833334,0.9575,0.42916667,0.60833335,0.475,0.99666667,0.7441667,0.48666668,0.84833336,0.785,0.39166668,0.33666667,0.32250002,0.41000003,0.9658333,0.43416667,0.50916666,0.34166667,0.4575,0.36916667,0.63,0.96333337,0.26833332,0.24833333,0.28583333,0.49666667,0.29833335,0.43583333,0.595,0.28333333,0.76250005,0.5366667,0.44,0.37916666,0.09166666,0.31,0.35250002,0.6825,0.83250004,0.38166666,0.10000001,0.27666667,0.3983333,0.53083336,0.33666667,0.3875,0.3125,0.2125,0.6691667,0.33333334,0.5683333,0.695,0.26416665,0.30083334,0.94416666,0.27416667,0.47000003,0.48333335,0.5025,0.6891667,0.31833333,0.6591667,0.345,0.57916665,0.3925,0.31416667,0.20833334,0.15833333,0.33916667,0.48583332,0.3125,0.9533333,0.7025,0.87416667,0.3125,0.27583334,0.07666667,0.95166665,0.25916666,0.28916666,0.3841667,0.4241667,0.84833336,0.26500002,0.27416667,0.29583335,0.48499998,0.33333337,0.22916666,0.42000002,0.46666664,0.7108333,0.9241667,0.54583335,0.1375,0.1375,0.6891667,0.4525,0.69000006,0.123333335,0.48708335,0.19000001,0.14333333,0.2866667,0.66,0.38083333,0.22749999,0.5308333,0.3241667,0.32000002,0.42916667,0.4725,0.14583333,0.43916667,0.3541667,0.305,0.61,0.34166667,0.40083334,0.53,0.4391667,0.5241667,0.84333336,0.63166666,0.23416667,0.38,0.96833336,0.5866667,0.3741667,0.32916668,0.21333334,0.23416667,0.31916666,0.2875,0.38583335,0.64500004,0.31666666,0.32291666,0.2575,0.61083335,0.17416668,0.3491667,0.21916667,0.49333334,0.5783334,0.62166667,0.2775,0.4891667,0.4066667,0.33500004,0.39999998,0.20416667,0.8308334,0.16083334,0.6058333,0.28833336,0.30833334,0.49916667,0.30583334,0.6066667,0.16583335,0.5241667,0.17833334,0.32833335,0.24500002,0.39833334,0.28166667,0.49249998,0.4625,0.59166664,0.48166668,0.4025,0.18833333,0.47166666,0.4425,0.41833332,0.78000003,0.6625,0.32833335,0.57416666,0.36166668
BC2026_Train_0002_S08_20250607_030007_5,0.91083336,0.77666664,0.2616667,0.4375,0.76250005,0.2525,0.11666667,0.24916667,0.12833333,0.24083336,0.028333336,0.2,0.135,0.5416667,0.20500001,0.11,0.82000005,0.11083334,0.49916667,0.47333333,0.4325,0.033333335,0.26000002,0.14916666,0.5058333,0.59250003,0.30083334,0.4925,0.33666667,0.054166667,0.95416665,0.60333335,0.80666673,0.18,0.9075,0.3925,0.26958334,0.68000007,0.09916667,0.8675,0.5733333,0.18333334,0.90666664,0.54333335,0.74750006,0.7541667,0.7691667,0.8258334,0.7933334,0.84250003,0.90666664,0.9058333,0.9058333,0.075833336,0.905,0.22916667,0.65083337,0.14166667,0.41333336,0.39166665,0.04916667,0.35833335,0.6383333,0.13166666,0.3975,0.11333333,0.046666667,0.31333333,0.09583333,0.12833333,0.15166667,0.090833336,0.4066667,0.34583336,0.25750002,0.49083337,0.33833334,0.054166667,0.39166665,0.11916668,0.10333333,0.245,0.1075,0.23666666,0.087500006,0.33916667,0.22250001,0.030000001,0.3825,0.123333335,0.33749998,0.17916667,0.11333333,0.1,0.047500003,0.13333334,0.17750001,0.455,0.0225,0.05166667,0.3541667,0.25333333,0.42833334,0.08583334,0.36666667,0.07666667,0.56,0.14666668,0.09833333,0.61833334,0.25333333,0.18416667,0.50916666,0.36750004,0.32416666,0.31,0.435,0.295,0.14833334,0.22083333,0.29833335,0.47,0.5525,0.14333333,0.23500001,0.15916666,0.19500002,0.20833333,0.23916666,0.095,0.14666668,0.030833334,0.28833333,0.23000002,0.10333334,0.5183333,0.26,0.32666668,0.30625,0.41916665,0.30333334,0.175,0.33166668,0.17250001,0.155,0.6925,0.5208333,0.07333334,0.105000004,0.22833335,0.18,0.0775,0.027500002,0.39916667,0.039166667,0.27166668,0.22000001,0.28333333,0.61249995,0.23666666,0.46083334,0.26875,0.100833334,0.4616667,0.25,0.26250002,0.17833333,0.09,0.55833334,0.32583335,0.115,0.11,0.41333336,0.48250002,0.10416667,0.34666666,0.4766667,0.13250001,0.18916668,0.23583335,0.33916664,0.48250002,0.0675,0.1725,0.16,0.4275,0.3675,0.42416668,0.5375,0.23416667,0.1425,0.08416667,0.21833333,0.20666668,0.33416668,0.17000002,0.13916667,0.6166667,0.040833335,0.25,0.6175,0.6591667,0.125,0.22,0.1025,0.35750002,0.05916667,0.54333335,0.0375,0.31333333,0.42416665,0.2916667,0.58416665,0.1925,0.2325,0.07416667,0.58,0.18250002,0.4341667,0.085,0.44333336,0.6625,0.48333335,0.265,0.5566667,0.22833332,0.47250003,0.35583335,0.06166667,0.52166665,0.315,0.1525,0.21,0.6091667
BC2026_Train_0002_S08_20250607_030007_10,0.9525,0.7875001,0.19916667,0.36833334,0.6,0.12916666,0.032500003,0.09666667,0.064166665,0.36250004,0.020000001,0.145,0.032500003,0.13333334,0.09416667,0.04666667,0.7666667,0.12416667,0.4425,0.24916667,0.24833333,0.004166667,0.16750002,0.11916667,0.4116667,0.30166668,0.24250002,0.39625,0.39083335,0.053333335,0.96166664,0.5775,0.7983334,0.22,0.93666667,0.42416668,0.20833334,0.87916666,0.0625,0.8975,0.7816667,0.16,0.9266667,0.53833336,0.7533334,0.75000006,0.8033334,0.82250005,0.8366667,0.89875,0.9266667,0.93333334,0.93333334,0.060000002,0.92,0.1375,0.5233334,0.09583333,0.19,0.15583333,0.040000003,0.26666665,0.5216667,0.089999996,0.09,0.07083333,0.10416667,0.15333334,0.047500003,0.0925,0.08583333,0.07000001,0.28416666,0.22291666,0.22,0.4075,0.27,0.039583337,0.32750002,0.065000005,0.090833336,0.1875,0.055,0.20166668,0.042500004,0.21666667,0.14916667,0.0075000008,0.25,0.045,0.15583333,0.1225,0.10583334,0.012500001,0.015000001,0.06583333,0.1075,0.4875,0.033333335,0.0275,0.30583334,0.17750001,0.26333335,0.09,0.35500002,0.025833333,0.41750002,0.16083333,0.07833334,0.5208333,0.17166667,0.079166666,0.34958333,0.235,0.13499999,0.19166668,0.34083334,0.13583334,0.105000004,0.19083333,0.06666667,0.24833335,0.49333334,0.12583333,0.18333334,0.2475,0.11916667,0.13250001,0.09666667,0.025833335,0.090833336,0.03666667,0.065,0.18916667,0.075833336,0.24166667,0.08583333,0.22999999,0.095,0.41000003,0.119166665,0.093333334,0.18583333,0.13916667,0.116666675,0.5991667,0.4791667,0.017500002,0.0675,0.14166667,0.0975,0.11,0.011666668,0.24750002,0.030000001,0.04916667,0.11083335,0.25166667,0.4441667,0.055000003,0.38750002,0.18916668,0.05166667,0.37,0.25416666,0.25833336,0.16166668,0.048333332,0.42833334,0.23583335,0.0575,0.053333335,0.31750003,0.35750002,0.11833334,0.32833335,0.33666667,0.07833333,0.07,0.09916668,0.20583335,0.3408333,0.13166666,0.20416667,0.14,0.29000002,0.45500004,0.29833335,0.4341667,0.1075,0.09333334,0.064166665,0.11833334,0.1,0.22500001,0.086666666,0.0925,0.505,0.035833336,0.13125,0.53833336,0.39083338,0.08916667,0.09,0.035,0.24083334,0.020833336,0.35083336,0.015000001,0.27416667,0.335,0.16166668,0.3725,0.105000004,0.19416668,0.072500005,0.47666672,0.039166667,0.30666667,0.025833335,0.3516667,0.6141667,0.44583333,0.19500001,0.29833335,0.097500004,0.28833333,0.14916667,0.0275,0.41083336,0.24249999,0.08666667,0.15666667,0.6383333
BC2026_Train_0002_S08_20250607_030007_15,0.92083335,0.77166665,0.16666666,0.4025,0.59583336,0.095000006,0.030000003,0.051666666,0.15166666,0.47333333,0.038333334,0.13083334,0.050833337,0.10000001,0.09833334,0.04416667,0.7791667,0.052500002,0.50166667,0.215,0.27333334,0.012500001,0.11833333,0.094166666,0.3675,0.26583332,0.25166667,0.31,0.38833335,0.083333336,0.96166664,0.56166667,0.82250005,0.2616667,0.9166667,0.4525,0.28916666,0.77833337,0.0875,0.885,0.6825,0.21583334,0.915,0.5441667,0.7641667,0.7641667,0.79416674,0.8233334,0.81000006,0.88416666,0.9216667,0.9216667,0.9216667,0.07666667,0.915,0.15,0.41750002,0.25583336,0.07083333,0.12666667,0.035833336,0.2866667,0.55583334,0.09166667,0.030000001,0.075833336,0.041666668,0.14916666,0.058333337,0.087500006,0.14416668,0.095,0.4116667,0.26833335,0.19916667,0.4258333,0.32833335,0.11666667,0.43333334,0.075,0.14416668,0.39083335,0.108333334,0.28000003,0.053333335,0.26333332,0.24666667,0.07416667,0.3325,0.097500004,0.13333334,0.16833335,0.17916667,0.035000004,0.0225,0.05916667,0.111666664,0.48583335,0.0925,0.0625,0.41750002,0.33416665,0.28416666,0.13166666,0.28416666,0.030833336,0.5683333,0.16333333,0.22666667,0.60333335,0.23250002,0.060833335,0.4975,0.32583335,0.17750001,0.27166668,0.34583333,0.11083333,0.23333335,0.28583333,0.051666666,0.3075,0.5525,0.19333334,0.115833335,0.3791667,0.13333334,0.1175,0.21833333,0.043333337,0.058333337,0.035,0.06916667,0.2625,0.125,0.25166667,0.034166668,0.24083334,0.17166668,0.4916667,0.21,0.114999995,0.35750002,0.25,0.12916668,0.7116667,0.56333333,0.035,0.06666667,0.11083333,0.15166667,0.21666668,0.12416667,0.3275,0.108333334,0.0775,0.21083334,0.32666665,0.3925,0.047500003,0.41333336,0.3375,0.113333344,0.45750004,0.32791668,0.31750003,0.20500001,0.09,0.56416667,0.3675,0.12916666,0.12916666,0.38833332,0.52583337,0.21000001,0.23416668,0.48083332,0.14583334,0.18083334,0.09666667,0.32833332,0.43333334,0.2816667,0.3541667,0.29749998,0.39000002,0.59583336,0.3441667,0.47833335,0.111666664,0.21416666,0.095,0.17916667,0.145,0.36083335,0.2325,0.24416667,0.56916666,0.058333337,0.11833334,0.6466667,0.47,0.105833344,0.15416667,0.09,0.32999998,0.030000001,0.27916667,0.13666667,0.34583333,0.435,0.19333333,0.36083335,0.19083335,0.225,0.14916667,0.6066666,0.03916667,0.3766667,0.057500005,0.45125002,0.725,0.5875,0.3025,0.2775,0.17916667,0.3225,0.11083334,0.058333334,0.63,0.27333334,0.16666667,0.19166666,0.7091667
BC2026_Train_0002_S08_20250607_030007_20,0.9625,0.7658334,0.18416667,0.45250002,0.7208334,0.16,0.057500005,0.15416667,0.31083333,0.48500004,0.0725,0.165,0.050000004,0.2125,0.11333333,0.085,0.7916667,0.095,0.5341667,0.31333333,0.4466667,0.016666668,0.12666667,0.10250001,0.3775,0.31416667,0.25583333,0.31083333,0.38250002,0.09833334,0.9841667,0.56916666,0.83000004,0.24333334,0.89166665,0.48916668,0.2775,0.88416666,0.1225,0.7991667,0.7241667,0.2725,0.92833334,0.5958333,0.7608334,0.75750005,0.76666665,0.83500004,0.82500005,0.90875,0.92833334,0.9216667,0.9216667,0.09166667,0.91333336,0.16666667,0.445,0.3625,0.15916666,0.3075,0.020833336,0.30583334,0.6,0.090833336,0.023750002,0.07083333,0.05166667,0.15750001,0.068333335,0.17916667,0.19916667,0.18166667,0.44250003,0.3191667,0.2025,0.48666668,0.40833333,0.10583333,0.37375,0.07416666,0.10083334,0.6341667,0.1425,0.19916669,0.07833333,0.3825,0.34,0.08083333,0.31666666,0.111666664,0.16666667,0.1275,0.14416666,0.06416667,0.025833333,0.07166667,0.16583334,0.50166667,0.075833336,0.045833334,0.38083333,0.43416667,0.35,0.12833333,0.29916668,0.040000003,0.58500004,0.19500001,0.2675,0.61833334,0.27166665,0.047500003,0.42916667,0.39166668,0.38166666,0.31583333,0.33916667,0.14083333,0.29666668,0.2625,0.20000002,0.33333334,0.56916666,0.18333334,0.15916666,0.32916668,0.14416668,0.16666667,0.3391667,0.06166667,0.096666664,0.030833334,0.085,0.26166666,0.20166668,0.5758333,0.20916668,0.30666667,0.315,0.5425,0.22166666,0.14416666,0.44166666,0.24083336,0.15833333,0.6375,0.5533333,0.06250001,0.08083334,0.08916666,0.20750001,0.185,0.13833335,0.36166668,0.09833334,0.09166667,0.33083335,0.36333334,0.44166666,0.0875,0.4141667,0.3375,0.19416669,0.5325,0.4325,0.4441667,0.22583334,0.19500001,0.6383333,0.30833334,0.13833334,0.19083333,0.45250002,0.5916667,0.12083334,0.19083333,0.5325,0.305,0.17416666,0.0925,0.2875,0.51166666,0.285,0.34583333,0.35916668,0.44333333,0.6375,0.37666667,0.48000002,0.13916667,0.365,0.08916667,0.19333333,0.18666667,0.37,0.2225,0.26666668,0.6333333,0.07666667,0.14833334,0.66583335,0.6825,0.15333334,0.21666667,0.16333334,0.2675,0.042500004,0.30083334,0.2841667,0.37333333,0.445,0.20083334,0.33583334,0.19916669,0.29,0.13666667,0.6358334,0.125,0.49833333,0.059166666,0.445,0.7558333,0.46833333,0.32333335,0.37250003,0.1975,0.37666667,0.18666667,0.06416667,0.5575,0.3741667,0.1175,0.1725,0.69
BC2026_Train_0002_S08_20250607_030007_25,0.95,0.7666667,0.16,0.47166666,0.7875001,0.14416668,0.048333336,0.155,0.10416667,0.47833332,0.060000002,0.1275,0.07416667,0.20000002,0.0775,0.075833336,0.76750004,0.14166667,0.5541667,0.45,0.5058333,0.020833334,0.12250001,0.15083334,0.29333335,0.21708333,0.25000003,0.29416668,0.35333335,0.075833336,0.97166663,0.51,0.8291667,0.24333334,0.89916664,0.45333332,0.22666667,0.91083336,0.11000001,0.8133334,0.75000006,0.28583333,0.93083334,0.5833333,0.74416673,0.7508334,0.79166675,0.8358334,0.8308334,0.92,0.9241667,0.9241667,0.9241667,0.09583334,0.9175,0.17916666,0.47333336,0.38916668,0.22500002,0.59583336,0.0375,0.20333335,0.5375,0.07333334,0.019166667,0.08833334,0.054166667,0.14083335,0.0475,0.16583334,0.13833335,0.1375,0.4025,0.25166667,0.17166667,0.4575,0.345,0.051666666,0.31250003,0.094166666,0.055833332,0.41333333,0.11500001,0.14333333,0.05666667,0.27249998,0.2891667,0.042500004,0.28083333,0.05416667,0.23333333,0.10916667,0.09833334,0.03666667,0.016666668,0.087500006,0.1075,0.49416667,0.032500003,0.008333334,0.32416666,0.30916667,0.3766667,0.15333334,0.2725,0.039166667,0.43500003,0.09166667,0.16666667,0.5908333,0.2075,0.03666667,0.42166668,0.32416666,0.43416667,0.25833333,0.2575,0.13333334,0.20916668,0.1975,0.6016667,0.32500002,0.52666664,0.1225,0.20416668,0.18083334,0.083333336,0.15833333,0.2975,0.0675,0.045833334,0.004166667,0.075,0.18583333,0.12083334,0.6125,0.52166665,0.30833334,0.23083335,0.61,0.16166668,0.12916666,0.30166668,0.20083334,0.26624998,0.585,0.50333333,0.051666666,0.052500002,0.06916667,0.11750001,0.060833335,0.04916667,0.30416667,0.040000003,0.068333335,0.24166667,0.30583334,0.36833334,0.14333335,0.425,0.27333334,0.10916667,0.46833333,0.2975,0.39666665,0.14916667,0.23750001,0.61083335,0.25166667,0.10166666,0.11916667,0.37083334,0.49416667,0.119166665,0.17083335,0.36416668,0.34083334,0.12083334,0.07333334,0.19833332,0.46750003,0.19083333,0.22166666,0.35500002,0.435,0.5483334,0.32583332,0.42083335,0.115833335,0.24416667,0.079166666,0.11833334,0.17666668,0.29500002,0.096666664,0.10333334,0.5966667,0.026666667,0.112500004,0.5575,0.5583334,0.1025,0.19833334,0.11916668,0.1675,0.0475,0.29083335,0.12583333,0.31916666,0.4275,0.20666666,0.32333335,0.15166667,0.255,0.10666667,0.59749997,0.1675,0.42916667,0.047500003,0.40500003,0.66083336,0.2975,0.3,0.2775,0.16083333,0.30666667,0.22916666,0.049166672,0.45250002,0.28833333,0.06916667,0.13833334,0.6591667
BC2026_Train_0002_S08_20250607_030007_30,0.93916667,0.7608334,0.1375,0.3925,0.65833336,0.068333335,0.030000001,0.029166669,0.04416667,0.40416667,0.046666667,0.09833334,0.050000004,0.14583333,0.0575,0.031666666,0.77833337,0.10583334,0.5733333,0.25916666,0.4041667,0.008333334,0.08666667,0.16333333,0.33583334,0.21666668,0.18166667,0.2866667,0.28416666,0.040000003,0.9766667,0.4716667,0.7841667,0.19166668,0.9175,0.35500002,0.21416667,0.8666667,0.07333334,0.87916666,0.7841667,0.20333335,0.9425,0.5225,0.6883334,0.6983334,0.775,0.8141667,0.80416673,0.8925,0.93916667,0.9425,0.9425,0.07416667,0.9291667,0.1125,0.45250002,0.29416665,0.11333333,0.26583335,0.020833334,0.19583333,0.44166666,0.06583333,0.010833334,0.09,0.030833334,0.1325,0.025833335,0.09583333,0.06916667,0.08666667,0.3275,0.1675,0.15166667,0.41416666,0.28666666,0.0425,0.28333336,0.05166667,0.12166667,0.21583334,0.08416667,0.16583334,0.0375,0.20416667,0.20916668,0.009166667,0.3216667,0.08166666,0.1225,0.13666667,0.09416667,0.012500001,0.004166667,0.07,0.095416665,0.48,0.04416667,0.021666668,0.30916667,0.21833333,0.30166668,0.120000005,0.27,0.021666668,0.41500002,0.1,0.14750001,0.56500006,0.22583334,0.045833334,0.36166668,0.26749998,0.20833334,0.23750001,0.30083334,0.09916667,0.12000001,0.1875,0.24,0.23416667,0.4925,0.108333334,0.13666667,0.17833334,0.08833334,0.1575,0.17,0.05416667,0.04,0.029166667,0.05666667,0.16125,0.13583334,0.3541667,0.24791667,0.24083333,0.14166667,0.51750004,0.13833334,0.14083333,0.22416668,0.18583333,0.14416666,0.5175,0.5683333,0.030833334,0.04083333,0.08833334,0.10583334,0.06583334,0.029166667,0.27,0.049166664,0.05333334,0.13666667,0.2775,0.37500003,0.04416667,0.45250002,0.19666667,0.08416667,0.43,0.275,0.30416667,0.12416667,0.09916667,0.55583334,0.24000001,0.097500004,0.05916667,0.33833334,0.41500002,0.09333334,0.28958333,0.3375,0.18166667,0.1125,0.07000001,0.20750001,0.38583332,0.13000001,0.15333334,0.20916668,0.38,0.4141667,0.24916668,0.42000002,0.10750001,0.19083335,0.09833334,0.08083333,0.1375,0.27833334,0.06333333,0.093333334,0.5183333,0.010000001,0.082499996,0.58166665,0.44333333,0.08166666,0.14083333,0.07833333,0.19833335,0.021666668,0.2916667,0.026666667,0.2525,0.35833335,0.2575,0.2875,0.083333336,0.22083333,0.07416667,0.49250004,0.055833332,0.36166668,0.050000004,0.39166668,0.62416667,0.3375,0.22916667,0.26250002,0.094166666,0.27833334,0.16416667,0.014166668,0.47833335,0.245,0.08416667,0.15083334,0.6075
BC2026_Train_0002_S08_20250607_030007_35,0.98333335,0.77166665,0.1425,0.20333333,0.55,0.080000006,0.020833334,0.030000001,0.0375,0.28833333,0.020000001,0.116666675,0.0050000004,0.09166667,0.052500002,0.07,0.8091667,0.075833336,0.4966667,0.14,0.20083334,0.025000002,0.13,0.14083333,0.40000004,0.24333334,0.19666666,0.28333336,0.30666667,0.028333334,0.9925,0.49583334,0.7766667,0.14750001,0.9266667,0.34333333,0.24000001,0.895,0.035,0.8933333,0.7558334,0.14166667,0.94083333,0.5341667,0.6725,0.6691667,0.755,0.80666673,0.80416673,0.8983334,0.94083333,0.94083333,0.94083333,0.037916668,0.93083334,0.0625,0.46583334,0.13916667,0.048333336,0.15,0.015000001,0.17333333,0.38666666,0.06666667,0.025000002,0.055,0.004166667,0.13916668,0.053333335,0.061666667,0.0475,0.054166667,0.2175,0.13916667,0.14000002,0.41750002,0.3175,0.029583335,0.30166668,0.057500005,0.085,0.2625,0.020833334,0.1375,0.012500001,0.16833334,0.10916667,0.040833335,0.19583334,0.048333336,0.09833334,0.052500006,0.083333336,0.015833335,0.008333334,0.053333335,0.09166667,0.48666668,0.0375,0.010000001,0.325,0.17833334,0.22833332,0.061666667,0.34458336,0.008333334,0.41833335,0.14,0.13083334,0.4525,0.16333333,0.035833333,0.23583335,0.24000001,0.09666667,0.2225,0.3,0.108333334,0.13666667,0.15,0.14583334,0.23500001,0.48333335,0.083333336,0.11916667,0.15666667,0.09166667,0.0875,0.1125,0.038333334,0.09,0.048333336,0.049166672,0.165,0.065,0.2525,0.28750002,0.16583332,0.089999996,0.37916666,0.0875,0.108333334,0.185,0.13333334,0.06666667,0.47583336,0.4425,0.0050000004,0.0375,0.07416667,0.115,0.06583333,0.0066666673,0.23166665,0.016666668,0.020833334,0.1425,0.21583334,0.49666667,0.034166668,0.42833334,0.17333333,0.08666667,0.33583334,0.3,0.26500002,0.114999995,0.0275,0.47750002,0.13083333,0.05333334,0.07333334,0.26916665,0.41833335,0.105000004,0.33666667,0.35750002,0.08833333,0.10125,0.08083333,0.15833333,0.3391667,0.215,0.215,0.19,0.31250003,0.44333336,0.20083334,0.36416668,0.101666674,0.17416668,0.0225,0.08083334,0.06583333,0.18458334,0.065000005,0.06666667,0.48000002,0.024166668,0.08583333,0.4825,0.40583333,0.054166667,0.1025,0.0375,0.1625,0.0050000004,0.29333335,0.0150000015,0.28083333,0.3241667,0.23916668,0.31833333,0.053333335,0.18666667,0.0425,0.48749998,0.027500002,0.3025,0.024166668,0.32,0.6541667,0.3333333,0.1825,0.28333333,0.079166666,0.19250001,0.105000004,0.0050000004,0.42666668,0.21666667,0.05,0.12250001,0.6120834
BC2026_Train_0002_S08_20250607_030007_40,0.98083335,0.9375,0.8208334,0.1825,0.5125,0.093333334,0.055833332,0.065,0.068333335,0.34583336,0.05166667,0.7916667,0.015000001,0.35416666,0.07000001,0.09166667,0.7466667,0.255,0.43,0.34333333,0.13583334,0.040833335,0.1725,0.13166666,0.40000004,0.24833333,0.29583332,0.44750002,0.48166668,0.061666667,0.98,0.56,0.80750006,0.655,0.9483333,0.56666666,0.24833335,0.94,0.065,0.92583334,0.8000001,0.16666667,0.935,0.55916667,0.7025,0.70916665,0.78000003,0.84083337,0.8491667,0.9291667,0.935,0.935,0.935,0.068333335,0.95,0.075,0.55083334,0.090833336,0.2525,0.25916666,0.050833337,0.1675,0.29916668,0.10916667,0.052500002,0.09916667,0.010833334,0.3216667,0.08583333,0.11416666,0.053333335,0.09416667,0.20166668,0.17,0.74666667,0.46833336,0.26416665,0.049166672,0.3325,0.104166664,0.1075,0.27666667,0.04916667,0.0875,0.056666672,0.17333335,0.19833335,0.0375,0.23750001,0.07416667,0.19000001,0.22083333,0.07416667,0.07416667,0.024166668,0.038333334,0.09,0.53583336,0.0075000003,0.018333334,0.345,0.18666667,0.3391667,0.0675,0.40666667,0.020833334,0.5325,0.13333334,0.14583333,0.48833334,0.20166667,0.030000001,0.27333334,0.25333336,0.08583334,0.2225,0.31666666,0.119166665,0.11833334,0.125,0.3675,0.3625,0.44250003,0.045833334,0.47750002,0.13833335,0.07666667,0.097500004,0.145,0.0575,0.625,0.061666667,0.075,0.2,0.10666667,0.21666668,0.60833335,0.20333333,0.12416667,0.39166665,0.09833333,0.112500004,0.19333334,0.1225,0.16666667,0.42416668,0.48083332,0.0075000008,0.0675,0.055000003,0.08583333,0.085,0.055833336,0.27,0.0225,0.025833335,0.17500001,0.2325,0.5391667,0.095,0.41000003,0.17416668,0.15833333,0.4875,0.3541667,0.3466667,0.14666668,0.05916667,0.50666666,0.17833334,0.07333333,0.094166666,0.33416668,0.4975,0.11833334,0.3025,0.28166667,0.13166666,0.14416668,0.18,0.1575,0.3541667,0.195,0.22750002,0.235,0.29333332,0.46916667,0.25416666,0.38000003,0.1525,0.13916667,0.056666672,0.16083334,0.115833335,0.21916668,0.07416667,0.125,0.505,0.0375,0.12083334,0.49416667,0.37666667,0.075833336,0.18750001,0.075,0.15083334,0.0075000008,0.33916667,0.023333335,0.29,0.35666668,0.42416668,0.3241667,0.033333335,0.1975,0.045,0.52,0.026666667,0.32333335,0.045,0.33583334,0.6433333,0.22500001,0.15333334,0.30166668,0.1225,0.21666667,0.10333334,0.016666668,0.39666668,0.2225,0.043333337,0.145,0.62
BC2026_Train_0002_S08_20250607_030007_45,0.995,0.97333336,0.98833334,0.28666666,0.65,0.19166668,0.08583334,0.15916666,0.10416667,0.42916667,0.029166669,0.95708334,0.050000004,0.7375001,0.12083334,0.09666667,0.7533334,0.8058334,0.44166666,0.62583333,0.26666665,0.06666667,0.29166666,0.17666668,0.4275,0.34,0.3366667,0.665,0.7416667,0.23416668,0.9891667,0.645,0.84000003,0.9583333,0.9575,0.91249996,0.28583333,0.93833333,0.105000004,0.94666666,0.7891667,0.23,0.9433333,0.6116667,0.7325,0.7225,0.78916675,0.85,0.86,0.9375,0.9433333,0.9433333,0.9433333,0.1075,0.9575,0.125,0.5,0.125,0.815,0.56666666,0.048333336,0.26416665,0.45166665,0.14166668,0.16499999,0.123333335,0.038333334,0.67583334,0.08500001,0.31,0.12833333,0.1225,0.31083333,0.275,0.9941667,0.48166665,0.26166666,0.064166665,0.37833333,0.0925,0.20416667,0.31,0.07333334,0.20583333,0.07666667,0.24083334,0.23916668,0.046666667,0.2575,0.060000002,0.33583334,0.5366667,0.096666664,0.044166666,0.07833333,0.044166666,0.15333334,0.515,0.072500005,0.033333335,0.40083334,0.25416666,0.29416665,0.18583333,0.6091667,0.065000005,0.5325,0.14583334,0.19,0.53833336,0.18583333,0.060833335,0.35833332,0.31416667,0.11750001,0.2575,0.40833333,0.14750001,0.1825,0.185,0.37083334,0.30583334,0.5375,0.06916667,0.7950001,0.19416668,0.18583333,0.1375,0.22166668,0.11,0.9016667,0.09833333,0.055833336,0.20250002,0.09583334,0.3125,0.49833333,0.27916667,0.11083335,0.47166666,0.14750001,0.12916666,0.27166668,0.15666667,0.53833336,0.49083337,0.4375,0.035833336,0.061666667,0.14500001,0.13583334,0.1275,0.07666667,0.34250003,0.075,0.047500003,0.21666667,0.2841667,0.47083333,0.06666667,0.39333338,0.21,0.18083334,0.4541667,0.3333333,0.3333333,0.20666666,0.09916667,0.5416666,0.2775,0.15333334,0.14833334,0.3658333,0.53083336,0.14625001,0.3116667,0.29666668,0.175,0.125,0.3991667,0.19916667,0.3991667,0.32666668,0.37000003,0.26583332,0.35583335,0.6,0.26333335,0.44208336,0.19333334,0.15249999,0.08666667,0.25,0.13916667,0.29666668,0.19000001,0.1425,0.55916667,0.08833334,0.13750002,0.5466667,0.48333332,0.0925,0.14750001,0.09416667,0.20750001,0.04666667,0.43333334,0.051666666,0.32500002,0.395,0.28416666,0.51500005,0.10666667,0.25666666,0.07333334,0.49250004,0.028333334,0.3175,0.07916667,0.39583334,0.7708334,0.39999998,0.19416666,0.3225,0.115,0.29083332,0.13166666,0.038333334,0.4,0.255,0.08083334,0.20916666,0.7441667
BC2026_Train_0002_S08_20250607_030007_50,0.96833336,0.93,0.8308333,0.4033333,0.6125,0.17666668,0.0775,0.1425,0.10916667,0.45583335,0.019166667,0.81916666,0.0575,0.64166665,0.14583334,0.09916668,0.7375,0.36583334,0.555,0.41,0.30666667,0.048333336,0.34916666,0.18833335,0.46833336,0.41833335,0.32166666,0.495,0.49,0.12166667,0.97083336,0.63666666,0.83500004,0.67083335,0.94166666,0.6333333,0.37333336,0.89,0.16083334,0.915,0.71833336,0.32166666,0.9458333,0.61,0.73,0.7366667,0.7658334,0.845,0.8416667,0.915,0.94916666,0.9458333,0.9458333,0.12416667,0.9291667,0.14583333,0.48416668,0.2175,0.32583332,0.34333336,0.05166667,0.27083334,0.47083333,0.11250001,0.13250001,0.111666664,0.100833334,0.39333335,0.0775,0.1725,0.19000001,0.135,0.4575,0.25250003,0.73916674,0.59333336,0.3725,0.14833334,0.44250003,0.15,0.15583333,0.45416668,0.10750001,0.32083333,0.10583334,0.38625002,0.3766667,0.08,0.42333335,0.11583334,0.31666666,0.33083335,0.21416667,0.11416666,0.1175,0.06666667,0.15166666,0.54083335,0.08166667,0.09,0.5,0.29833335,0.33166668,0.17458333,0.46166667,0.087500006,0.6575,0.2075,0.21416667,0.6475,0.24583334,0.09833333,0.43833333,0.3791667,0.15666668,0.365,0.36916667,0.2525,0.22666666,0.22583334,0.3025,0.37333333,0.6591667,0.11750001,0.50166667,0.23083334,0.26999998,0.21083333,0.32666665,0.12833333,0.6308333,0.07750001,0.14166668,0.26166666,0.1675,0.29666668,0.32083336,0.31083333,0.22500002,0.5058334,0.2975,0.29083335,0.36416668,0.21666667,0.19833334,0.55,0.5083333,0.07083333,0.18583333,0.14416666,0.10333333,0.20833334,0.1575,0.46583334,0.14000002,0.111666664,0.37583336,0.39083335,0.5333333,0.14833334,0.5,0.25416666,0.29000002,0.5716667,0.31416667,0.40833336,0.25750002,0.13749999,0.6291667,0.395,0.32083336,0.11500001,0.465,0.62583333,0.16833334,0.395,0.3575,0.21333334,0.21000001,0.3075,0.31166667,0.49416667,0.2525,0.4875,0.29916668,0.48750004,0.7925,0.37416667,0.49166667,0.21416667,0.28,0.1075,0.26583335,0.19250001,0.46416664,0.25500003,0.16,0.65749997,0.09833333,0.1925,0.6750001,0.60083336,0.120000005,0.275,0.15916668,0.28,0.05916667,0.42833334,0.11083333,0.45333335,0.5516667,0.3975,0.49833333,0.2325,0.26833335,0.17666666,0.64750004,0.053333335,0.40500003,0.095,0.515,0.93083334,0.5175,0.265,0.40666667,0.21916667,0.37833333,0.2125,0.053333335,0.56083333,0.34666666,0.14416666,0.2325,0.86583334
BC2026_Train_0002_S08_20250607_030007_55,0.96333337,0.7825,0.20250002,0.35666668,0.6041667,0.1375,0.058333334,0.075,0.0625,0.48833337,0.0375,0.18416667,0.061666667,0.55833334,0.122499995,0.08083333,0.8575,0.080000006,0.5566667,0.31,0.565,0.029166667,0.24166667,0.090833336,0.46000004,0.41916668,0.3375,0.3341667,0.39083335,0.079166666,0.99,0.59,0.78583336,0.22833335,0.9275,0.4541667,0.31333333,0.895,0.08416667,0.8858333,0.6966667,0.22749999,0.94666666,0.5825,0.6825,0.67875004,0.78083336,0.80500007,0.83250004,0.90333337,0.94666666,0.94666666,0.94666666,0.07416667,0.94166666,0.12083333,0.44500002,0.27083334,0.095,0.14500001,0.009166667,0.21333334,0.5858333,0.08416667,0.035,0.083333336,0.0625,0.24,0.0725,0.0825,0.25083333,0.087500006,0.3725,0.19666669,0.19666667,0.50666666,0.44083333,0.08666667,0.4275,0.053333335,0.08083334,0.5025,0.07,0.3125,0.045833334,0.275,0.22416666,0.084166676,0.37666667,0.112500004,0.13666667,0.165,0.16166668,0.054166667,0.07,0.0625,0.11,0.50083333,0.100833334,0.05416667,0.45750004,0.21000001,0.25083333,0.18833335,0.38416666,0.06250001,0.6,0.255,0.185,0.64750004,0.22583333,0.10583334,0.41416666,0.40250003,0.26,0.2916667,0.29999998,0.165,0.19833332,0.16416667,0.12833333,0.36083335,0.59,0.10083334,0.16583334,0.16833334,0.19666667,0.14833334,0.45583332,0.0925,0.11083334,0.08083333,0.054166667,0.22208335,0.13833334,0.37166667,0.185,0.25166667,0.16083334,0.47333336,0.24083334,0.21083334,0.5441667,0.20166667,0.14500001,0.4791667,0.465,0.040000003,0.09833333,0.13666667,0.098333344,0.13000001,0.1625,0.3075,0.10000001,0.07333333,0.27333334,0.32333332,0.465,0.095000006,0.43833333,0.20416668,0.16833334,0.5283333,0.58750004,0.3541667,0.20666668,0.11666667,0.62166667,0.2375,0.24666667,0.11500001,0.42000002,0.6041667,0.10416667,0.2725,0.43416667,0.17,0.13666667,0.13833334,0.22,0.6566667,0.28,0.41916668,0.20083332,0.48083332,0.73333335,0.34583333,0.475,0.18083334,0.54333335,0.08833334,0.13250001,0.13583334,0.33749998,0.1175,0.12583333,0.63,0.0925,0.15,0.6325,0.5616667,0.0925,0.1725,0.11916667,0.25833336,0.038333334,0.375,0.05916667,0.41166666,0.43833333,0.28583333,0.32666665,0.1825,0.32416666,0.17083333,0.6383333,0.03666667,0.36583334,0.048333336,0.455,0.89916664,0.41083333,0.22999999,0.32666668,0.20750001,0.33124998,0.14083333,0.058333334,0.49166667,0.255,0.09125,0.22250003,0.8675
BC2026_Train_0002_S08_20250607_030007_60,0.98583335,0.7541667,0.29333335,0.4583333,0.73333335,0.19250001,0.10166666,0.10333334,0.12250001,0.49333337,0.09416667,0.30583334,0.1825,0.8083334,0.24833333,0.097500004,0.9166667,0.095000006,0.6125,0.59666663,0.7975,0.065000005,0.33083335,0.20916668,0.5208334,0.5816667,0.4225,0.46500003,0.42666668,0.295,0.9925,0.69083333,0.7983334,0.26666665,0.91833335,0.53416663,0.30083334,0.7825,0.17583333,0.87583333,0.6333333,0.3675,0.94083333,0.6408334,0.6408334,0.6241667,0.75750005,0.7941667,0.77750003,0.87083334,0.94083333,0.94083333,0.94083333,0.1125,0.9325,0.2125,0.52500004,0.445,0.195,0.16583334,0.072500005,0.31083333,0.76000005,0.14416668,0.050833337,0.12166668,0.22666669,0.42749998,0.079166666,0.13333333,0.51500005,0.15166667,0.36666667,0.30916667,0.2625,0.45583335,0.76250005,0.13833334,0.40583333,0.06583334,0.2025,0.7016667,0.08583334,0.5541667,0.050833333,0.2825,0.33333334,0.28916666,0.21833335,0.24916668,0.21583334,0.14166668,0.34083337,0.07333333,0.14833334,0.19833332,0.13000001,0.43083334,0.35750002,0.05583334,0.40083334,0.20166667,0.31416667,0.31833333,0.57166666,0.1125,0.6066667,0.61083335,0.25333333,0.5858333,0.25166667,0.12166667,0.39583334,0.4625,0.6166667,0.3416667,0.4,0.16499999,0.2875,0.18166667,0.10583334,0.32416666,0.6141667,0.125,0.27583337,0.175,0.36666667,0.155,0.78000003,0.07916667,0.09916667,0.19333334,0.07083333,0.2425,0.27666667,0.7266667,0.18916668,0.19749999,0.29375002,0.5475,0.35250002,0.22916667,0.825,0.42333332,0.12666667,0.68083334,0.43875,0.045833334,0.0625,0.36833334,0.19916667,0.17,0.17875001,0.38333336,0.11916667,0.096666664,0.37,0.45250005,0.43333334,0.13333333,0.42333335,0.2125,0.15166667,0.52416664,0.93833333,0.33166668,0.19583334,0.12,0.67,0.24249999,0.18083334,0.17333333,0.43333334,0.58,0.111250006,0.4,0.69083333,0.18333334,0.19708334,0.1,0.21833333,0.9683333,0.28500003,0.41833335,0.17500001,0.48250002,0.67583334,0.33416668,0.49666667,0.2325,0.8383333,0.087500006,0.17333335,0.08083333,0.30416667,0.09666667,0.2675,0.6141667,0.23833334,0.16333334,0.59583336,0.64166665,0.16,0.11833334,0.14500001,0.34666666,0.05,0.40583333,0.1525,0.39416665,0.35916668,0.19416666,0.37833336,0.30333334,0.5225,0.14916666,0.60333335,0.15416667,0.39916667,0.13250001,0.47583333,0.7766667,0.2575,0.23083335,0.2791667,0.16666667,0.34750003,0.18583333,0.096666664,0.4275,0.26666668,0.1275,0.22833332,0.90666664
BC2026_Train_0003_S08_20250607_070007_5,0.9108333,0.9025,0.84250003,0.010833334,0.029166667,0.535,0.075833336,0.16416667,0.30916667,0.030833334,0.19,0.26,0.015000001,0.125,0.615,0.14166667,0.5454167,0.097500004,0.1825,0.7166667,0.050833337,0.14166667,0.22083333,0.0875,0.47333333,0.0775,0.17,0.023333335,0.38333336,0.41583332,0.3975,0.30583334,0.9066667,0.120000005,0.26583335,0.29333335,0.57416666,0.9975,0.54,0.6841667,0.9975,0.5541667,0.22833334,0.3425,0.86833334,0.86833334,0.9975,0.9375,0.975,0.99916667,0.4341667,0.3725,0.39666668,0.29083332,0.8975,0.9533333,0.21833333,0.015833333,0.79916674,0.064166665,0.064166665,0.16333334,0.0475,0.13666667,0.06583334,0.17916667,0.2775,0.52666664,0.99583334,0.53166664,0.071666665,0.119166665,0.07833333,0.07833333,0.25583333,0.060000002,0.32833332,0.26333332,0.019166667,0.60833335,0.47166666,0.35750002,0.47583336,0.025833335,0.51,0.13416667,0.0075000008,0.043333337,0.020000001,0.09,0.045,0.38666666,0.13583334,0.37,0.51166666,0.75916666,0.2975,0.97833335,0.08166666,0.14416668,0.665,0.17916667,0.67083335,0.015000001,0.082499996,0.20333333,0.014166668,0.14,0.09666667,0.097500004,0.08916667,0.019166667,0.010000001,0.16333333,0.12666667,0.27416667,0.06916667,0.5391667,0.055833332,0.3375,0.9816667,0.22,0.09416667,0.3625,0.52,0.22916666,0.16416666,0.13916667,0.085,0.17416668,0.73833334,0.14291666,0.45583335,0.37916666,0.17083333,0.41583335,0.27,0.015000001,0.0575,0.07333334,0.013333335,0.8591667,0.17083333,0.35333335,0.19083333,0.08416667,0.1075,0.29166666,0.35083333,0.20250002,0.10916667,0.12083334,0.16583334,0.027500002,0.97,0.013333335,0.17041668,0.14750001,0.08583333,0.38083333,0.6325,0.014166668,0.16666667,0.023333335,0.21583334,0.116666675,0.35,0.10666666,0.0625,0.35666668,0.1275,0.24416667,0.12416667,0.09916666,0.78000003,0.6358333,0.2925,0.041666668,0.15666667,0.99333334,0.07333333,0.08833334,0.055833332,0.22500001,0.6291667,0.097500004,0.025833333,0.10250001,0.029166669,0.038333334,0.09583334,0.7750001,0.015833333,0.2925,0.1525,0.11166668,0.12833333,0.08583334,0.06916667,0.40750003,0.05916667,0.012500001,0.10416667,0.033333335,0.13250001,0.09,0.16583334,0.96999997,0.08083333,0.0725,0.15333334,0.07666667,0.16333333,0.0075000003,0.04083333,0.0225,0.135,0.92333335,0.0575,0.63750005,0.15083334,0.015833333,0.050833333,0.07,0.041666668,0.6750001,0.024166668,0.36083335,0.28916666,0.15333334,0.3791667,0.20750001,0.15833333,0.0175
BC2026_Train_0003_S08_20250607_070007_10,0.87083334,0.895,0.7466667,0.0225,0.012500001,0.6425,0.100833334,0.41583335,0.44583333,0.13666667,0.49166667,0.18333334,0.034166668,0.15416667,0.69916666,0.15583333,0.1875,0.13833334,0.16166666,0.6625,0.035000004,0.14750001,0.21083334,0.085,0.38583332,0.1825,0.12833333,0.021666668,0.41416666,0.44333333,0.41375002,0.2925,0.95,0.13333333,0.29250002,0.3916667,0.59000003,0.9916667,0.67583334,0.86,0.99666667,0.59333336,0.21083334,0.39416668,0.8666667,0.8666667,0.99583334,0.95416665,0.995,0.9925,0.35333335,0.33916667,0.35583335,0.36916667,0.88666666,0.8541667,0.22999999,0.015833335,0.22333334,0.053333335,0.060833335,0.17833334,0.041666668,0.13333334,0.086666666,0.123333335,0.55916667,0.4275,0.9558334,0.7395834,0.0775,0.11,0.120000005,0.19666667,0.27083334,0.075833336,0.13583334,0.26416668,0.12416667,0.865,0.57416666,0.5604167,0.5158334,0.040833335,0.66083336,0.44666666,0.005833334,0.10000001,0.048333336,0.13833334,0.020000001,0.07833333,0.34833336,0.61833334,0.36666667,0.3875,0.7108333,0.99583334,0.08083334,0.48499998,0.56416667,0.4425,0.35833335,0.0325,0.035833333,0.5441667,0.015000001,0.17666668,0.18,0.09916666,0.123333335,0.08666667,0.016666668,0.17166668,0.13916667,0.27416667,0.11083333,0.7033334,0.0825,0.31,0.9533333,0.13833334,0.07333333,0.335,0.25166667,0.33166668,0.49166667,0.0975,0.07,0.34333333,0.62166667,0.16166666,0.55,0.80250007,0.545,0.22666666,0.6741667,0.0225,0.11,0.34500003,0.043333337,0.6941667,0.11750001,0.15333334,0.5208333,0.08416667,0.17083335,0.5466667,0.68666667,0.7608334,0.22583333,0.06333333,0.1725,0.017500002,0.92,0.008333334,0.15583333,0.12333334,0.10583334,0.51,0.53083336,0.093333334,0.6125,0.053333335,0.28,0.108333334,0.5616667,0.0675,0.057500005,0.42916667,0.38333333,0.28166667,0.13666666,0.13666666,0.7991667,0.26999998,0.18666667,0.016666668,0.09833333,0.96999997,0.21916667,0.08500001,0.03416667,0.11,0.4016667,0.114999995,0.086666666,0.1975,0.020000001,0.050833333,0.14333333,0.9866667,0.22333333,0.30083334,0.13166666,0.10916667,0.21583334,0.095,0.11000001,0.87916666,0.09166667,0.10583333,0.18750001,0.17166668,0.091666676,0.18666668,0.345,0.5416667,0.08666667,0.0825,0.11583334,0.034166668,0.20583335,0.008333334,0.075,0.011666668,0.13250001,0.8575,0.034166668,0.48333335,0.107083336,0.016666668,0.31083333,0.32333335,0.09,0.6458333,0.025833333,0.25416666,0.45333332,0.20000002,0.62083334,0.35,0.22083333,0.028333336
BC2026_Train_0003_S08_20250607_070007_15,0.89,0.8575,0.8141667,0.013333335,0.075,0.90166664,0.15166667,0.67333335,0.6583333,0.33166668,0.49333334,0.41750002,0.12666667,0.7708334,0.9916667,0.28416666,0.26083332,0.36666667,0.285,0.85833335,0.31166667,0.22749999,0.6925,0.125,0.4741667,0.3975,0.25833333,0.1025,0.46416667,0.57,0.45416668,0.35000002,0.93,0.19583336,0.41083336,0.38500002,0.6016667,0.98583335,0.73916674,0.9116667,0.98,0.7766667,0.27,0.42333335,0.85583335,0.85583335,0.9766667,0.9225,0.995,0.9875,0.455,0.38333336,0.4491667,0.4491667,0.8775,0.9575,0.21916667,0.04416667,0.31416667,0.13666667,0.24250002,0.3375,0.06416667,0.15083334,0.13416667,0.21833335,0.72333336,0.68833333,0.9475,0.87333333,0.21000001,0.32416666,0.12416667,0.49,0.45500004,0.035833333,0.15416667,0.35083336,0.077083334,0.85583335,0.69666666,0.7525,0.7316667,0.020833334,0.9325,0.85,0.018333334,0.15083334,0.039166667,0.25583333,0.1125,0.12333334,0.5325,0.6308333,0.5891667,0.78083336,0.9008333,0.99,0.325,0.79583335,0.5441667,0.71583337,0.5316667,0.2125,0.052500002,0.72333336,0.033333335,0.26666665,0.39833334,0.058333337,0.2425,0.08916667,0.011666668,0.16916667,0.19166668,0.365,0.1525,0.88666666,0.1575,0.42833334,0.9316667,0.23333335,0.06666667,0.50083333,0.53833336,0.50166667,0.6833334,0.120000005,0.06916667,0.43333334,0.7825,0.32083333,0.4791667,0.9316667,0.6,0.38333333,0.93,0.030000001,0.11916667,0.54583335,0.0675,0.7466667,0.24083334,0.13416667,0.64750004,0.2075,0.11083333,0.785,0.7191667,0.97,0.33249998,0.31583333,0.31833333,0.0225,0.93416667,0.014166668,0.115833335,0.23750001,0.3025,0.71000004,0.56500006,0.11916667,0.7916667,0.08583333,0.26250002,0.21166667,0.70500004,0.32583332,0.0675,0.47000003,0.7975,0.59083337,0.112500004,0.08833334,0.8741666,0.17500001,0.44,0.048333336,0.22333333,0.975,0.43166667,0.17,0.14333335,0.13666667,0.6016667,0.22749999,0.116666675,0.13250001,0.0375,0.045,0.2825,1.0,0.44333333,0.41500002,0.21583332,0.30166668,0.2475,0.08583334,0.120833345,0.98333335,0.05166667,0.21083334,0.34083334,0.2733333,0.10916667,0.41333336,0.6341667,0.4583333,0.14833334,0.20916668,0.08,0.06583333,0.30083334,0.010833334,0.10000001,0.020000001,0.145,0.52500004,0.07416667,0.72333336,0.17416666,0.03916667,0.5991667,0.6933334,0.20666668,0.66166663,0.06916667,0.35333335,0.735,0.275,0.855,0.29666668,0.47333333,0.025
BC2026_Train_0003_S08_20250607_070007_20,0.96999997,0.9575,0.9425,0.016666668,0.09583333,0.59583336,0.17083333,0.38750005,0.53833336,0.10333333,0.27666667,0.82916665,0.040000003,0.8291667,0.87083334,0.22166666,0.32916668,0.3866667,0.23916668,0.91249996,0.1025,0.2375,0.46249998,0.14916667,0.63166666,0.2125,0.40333337,0.21166667,0.74416673,0.365,0.50625,0.59416664,0.925,0.45250002,0.5541667,0.605,0.5391667,0.9866667,0.75000006,0.7491667,0.98833334,0.8120833,0.35833335,0.5708333,0.8825,0.87916666,0.99,0.93666667,0.9925,0.99,0.5233333,0.48,0.49666667,0.59166664,0.885,0.66583335,0.27083334,0.27,0.31416667,0.09,0.14999999,0.18833333,0.17416666,0.1925,0.1825,0.1475,0.60333335,0.72833335,0.90666664,0.7350001,0.29333332,0.27583334,0.23833334,0.41833335,0.7891667,0.15833333,0.305,0.46083337,0.1275,0.80333334,0.41000003,0.71583337,0.5208333,0.07833333,0.76250005,0.55833334,0.08,0.2775,0.10666667,0.3175,0.07666667,0.84916663,0.47333333,0.6516667,0.3841667,0.3241667,0.5966667,0.9633333,0.6958334,0.7658334,0.50083333,0.485,0.81750005,0.123333335,0.09333334,0.61,0.19583333,0.2675,0.44500002,0.13166668,0.6766667,0.13583334,0.14083335,0.27416667,0.17,0.56083333,0.108333334,0.8075,0.09916667,0.77,0.97583336,0.42916667,0.21166667,0.65749997,0.5833334,0.56750005,0.4166667,0.32666665,0.25625,0.5441667,0.91,0.58,0.49,0.87416667,0.3425,0.35083333,0.90416664,0.024166668,0.14833334,0.27083334,0.058333337,0.78000003,0.35250002,0.33416668,0.475,0.3175,0.18333334,0.56666666,0.5241667,0.8358333,0.29666668,0.59333336,0.30583334,0.095000006,0.9891667,0.18333334,0.19,0.49416667,0.35750002,0.5425,0.6125,0.18916667,0.48000002,0.1225,0.36916667,0.27,0.5425,0.3425,0.19166668,0.23583335,0.42083335,0.76750004,0.26916668,0.15416667,0.8233334,0.59583336,0.35416666,0.09916667,0.40416667,0.94083333,0.25583333,0.31583333,0.28583336,0.425,0.79666674,0.47833332,0.11750001,0.3025,0.060000002,0.05666667,0.29833332,0.9616667,0.32833335,0.64166665,0.37833336,0.38166666,0.38833332,0.15916666,0.108333334,0.8233334,0.120000005,0.13250001,0.4716667,0.18416667,0.25416666,0.34833336,0.5625,0.93416667,0.185,0.57166666,0.40416667,0.41666666,0.78833336,0.05666667,0.07083333,0.020000001,0.30833334,0.33,0.094166666,0.6125,0.37416667,0.05,0.29833332,0.37916666,0.22166666,0.60583335,0.058333337,0.36833334,0.71750003,0.4041667,0.67166674,0.46583337,0.4116667,0.048333332
BC2026_Train_0003_S08_20250607_070007_25,0.9825,0.97583336,0.99666667,0.05166667,0.35,0.75000006,0.39833337,0.35166666,0.6025,0.15916666,0.3916667,0.9725,0.19833335,0.90749997,0.9875,0.42833334,0.6308333,0.5283333,0.27833337,0.84000003,0.43666667,0.3225,0.43083334,0.35083333,0.6958333,0.215,0.42416668,0.69166666,0.9941667,0.30416667,0.525,0.91333336,0.90500003,0.84166664,0.84000003,0.91166663,0.50666666,0.97333336,0.7975,0.66333336,0.9791667,0.81916666,0.44666666,0.85833335,0.8975,0.8975,0.98833334,0.925,0.97083336,0.9816667,0.6308334,0.60083336,0.59083337,0.7300001,0.88666666,0.6333333,0.3875,0.44083336,0.76750004,0.1425,0.36,0.36,0.37916666,0.37083334,0.31333336,0.285,0.5958333,0.87583333,0.96833336,0.7841667,0.5475,0.5575,0.56500006,0.90000004,0.99333334,0.635,0.40500003,0.9191667,0.22250001,0.79333335,0.4766667,0.8125,0.7816667,0.28333333,0.7616667,0.50166667,0.30166668,0.33583334,0.39916667,0.68333334,0.10333334,0.9191667,0.725,0.90916663,0.5866667,0.30583334,0.79166675,0.94,0.84,0.93333334,0.47083333,0.7208333,0.8591667,0.19333334,0.25583333,0.89250004,0.58916664,0.68083334,0.60083336,0.31583333,0.92083335,0.38333336,0.16666667,0.4825,0.4466667,0.7791667,0.29666668,0.9358334,0.29333332,0.9508333,0.95416665,0.945,0.5133333,0.81000006,0.72,0.8591667,0.7883334,0.8958333,0.4766667,0.73833334,0.98,0.83916664,0.72833335,0.87833333,0.4041667,0.6516667,0.725,0.07,0.5025,0.12916666,0.20666668,0.8858333,0.6483333,0.7091667,0.5858334,0.6166667,0.22500002,0.83833337,0.5716667,0.84333336,0.5541667,0.7483334,0.505,0.24083334,0.975,0.45166668,0.67,0.82000005,0.63166666,0.6816667,0.6741667,0.49083334,0.51250005,0.19833334,0.80750006,0.53,0.80750006,0.39333335,0.48666665,0.2825,0.71750003,0.9483333,0.65000004,0.18583335,0.79083335,0.92,0.6908334,0.275,0.72083336,0.93666667,0.28916666,0.6766667,0.64916664,0.80166674,0.92833334,0.6825,0.47083333,0.42833334,0.19749999,0.28583333,0.7016667,0.7591667,0.70000005,0.90583336,0.6383333,0.6691667,0.74833333,0.3225,0.53333336,0.8525,0.27916667,0.24833333,0.875,0.2525,0.5816667,0.71333337,0.5766667,0.95916665,0.4875,0.7266667,0.7533334,0.6475,0.935,0.33583334,0.12166667,0.07416667,0.7316667,0.47750002,0.22666666,0.7533334,0.875,0.27166668,0.35666668,0.62,0.51666665,0.605,0.325,0.53000003,0.94916666,0.7166667,0.84416664,0.76000005,0.61083335,0.1275
BC2026_Train_0003_S08_20250607_070007_30,0.94916666,0.95166665,0.96666664,0.125,0.50416666,0.915,0.6516667,0.5191667,0.48583335,0.165,0.36416668,0.87333333,0.4125,0.98333335,1.0,0.6116666,0.7316667,0.63250005,0.33916667,0.8933333,0.63666666,0.4116667,0.7275,0.41333336,0.80083334,0.6141667,0.42166668,0.635,0.97583336,0.26333335,0.5741667,0.87833333,0.89166665,0.79083335,0.66833335,0.8833333,0.59333336,0.96999997,0.8175,0.7066667,0.9716667,0.81583333,0.42583334,0.805,0.88916665,0.88916665,0.93,0.8991667,0.95916665,0.97333336,0.63166666,0.605,0.5808334,0.7583333,0.86583334,0.9025,0.4466667,0.30166668,0.82666665,0.43500003,0.47666666,0.6466667,0.6566667,0.4225,0.38666666,0.40416664,0.645,0.9166667,0.97833335,0.87916666,0.62250006,0.66166663,0.7925,0.975,0.96416664,0.8666667,0.43916667,0.98583335,0.29083335,0.8875,0.61083335,0.81083333,0.9458333,0.25583333,0.76500005,0.4975,0.44583336,0.325,0.49333334,0.7983334,0.19166666,0.8333333,0.7966667,0.94666666,0.49166667,0.43625003,0.9425,0.93333334,0.965,0.96750003,0.55083334,0.79,0.85583335,0.17916667,0.34833333,0.9666667,0.66583335,0.89166665,0.60833335,0.355,0.8225,0.7666667,0.31083333,0.6675,0.6916667,0.70250005,0.45250005,0.9583334,0.55333334,0.9766667,0.92583334,1.0,0.54083335,0.82500005,0.64750004,0.90000004,0.93916667,0.97,0.5191667,0.8725,0.9558333,0.8933333,0.77583337,0.89666665,0.4075,0.78833336,0.6075,0.1275,0.79083335,0.22833332,0.35583332,0.9458333,0.87083334,0.81250006,0.52750003,0.6616667,0.24916667,0.95416665,0.6825,0.9116667,0.72833335,0.82666665,0.6833334,0.52583337,0.9891667,0.56916666,0.8341667,0.80916667,0.7275,0.7383334,0.7666667,0.5616667,0.74416673,0.3816667,0.9275,0.47416666,0.8983333,0.48250002,0.6725,0.345,0.89916664,0.985,0.6608333,0.27666667,0.87333333,0.7216667,0.7925,0.31083333,0.7558334,0.9325,0.3554167,0.8125,0.69083333,0.73833334,0.9791667,0.7866667,0.6741667,0.5058333,0.19916667,0.5233334,0.93916667,0.66,0.9166666,0.94666666,0.745,0.8325,0.8416667,0.30416667,0.7633333,0.9216667,0.31583336,0.23833334,0.89250004,0.32583335,0.73333335,0.6875,0.63416666,0.9708333,0.6166667,0.62583333,0.78083336,0.59749997,0.88666666,0.47583336,0.205,0.26166666,0.955,0.5183334,0.25000003,0.8025,0.9533333,0.40083334,0.19666666,0.7633334,0.65000004,0.65083337,0.38833332,0.61333334,0.99333334,0.8125,0.9316667,0.84583336,0.625,0.31083336
BC2026_Train_0003_S08_20250607_070007_35,0.94083333,0.9166667,0.8141667,0.04916667,0.22083333,0.9191666,0.22333336,0.2675,0.4,0.08916667,0.21000001,0.6616667,0.1575,0.975,0.9583333,0.4275,0.57666665,0.4975,0.31416667,0.97583336,0.22,0.25833336,0.295,0.21916667,0.5825,0.16416667,0.20416668,0.48083335,0.8033334,0.07083334,0.5808334,0.67083335,0.9325,0.5733334,0.3775,0.8308333,0.5608334,0.98833334,0.835,0.8108334,0.9925,0.8508333,0.35000002,0.62416667,0.88,0.8833333,0.97833335,0.935,0.9708333,0.9816667,0.52166665,0.515,0.4716667,0.75750005,0.87166667,0.75,0.39166665,0.07666667,0.65500003,0.31833333,0.17166668,0.27583334,0.41,0.27916667,0.28083333,0.21166666,0.7791667,0.9066667,0.9191667,0.7225,0.37166667,0.36458334,0.62333333,0.8,0.65250003,0.6016667,0.22749999,0.8316667,0.40750003,0.9816667,0.41500002,0.74666667,0.7441667,0.0825,0.90250003,0.17750001,0.24916667,0.2475,0.32083333,0.5291667,0.3841667,0.45916668,0.40583333,0.8008334,0.28333336,0.18583333,0.74916667,0.96916664,0.8666667,0.84333336,0.53833336,0.49583334,0.6966667,0.08500001,0.24833333,0.87333333,0.465,0.48833334,0.40583333,0.22416668,0.72083336,0.69,0.19666667,0.50083333,0.4116667,0.56500006,0.21166667,0.83416665,0.37083334,0.945,0.94083333,0.9633333,0.3466667,0.55833334,0.8375,0.81083333,0.8133334,0.895,0.49833333,0.9633333,0.7683333,0.5475,0.66583335,0.86083335,0.24833333,0.5333333,0.5316667,0.041666668,0.5541667,0.26833332,0.19583334,0.88166666,0.7875,0.47500002,0.2025,0.4754167,0.28333333,0.7275,0.5183333,0.7158333,0.44500002,0.71333337,0.37916666,0.54833335,0.93666667,0.25833336,0.57750005,0.39750004,0.55583334,0.5083333,0.65833336,0.46083337,0.66583335,0.15416667,0.8266667,0.26749998,0.84000003,0.21000001,0.51500005,0.16416667,0.7058333,0.8975,0.5108333,0.26833332,0.8525,0.755,0.62333333,0.17916667,0.5025,0.95166665,0.255,0.4725,0.44416666,0.3525,0.9075,0.59000003,0.36166668,0.47916666,0.12666667,0.5654167,0.9766667,0.4716667,0.65000004,0.8975,0.42250004,0.5941667,0.65083337,0.19166668,0.37250003,0.7275,0.42083335,0.100833334,0.5708334,0.33583334,0.45583335,0.2975,0.49250004,0.61833334,0.42583334,0.49083334,0.6516667,0.6166667,0.56583333,0.20166667,0.14750001,0.48583332,0.68333334,0.2825,0.11083334,0.41916668,0.8691667,0.22666666,0.15833333,0.43333334,0.38666672,0.62833333,0.12416667,0.50000006,0.8466667,0.47833335,0.7875,0.57500005,0.42833334,0.11916668
BC2026_Train_0003_S08_20250607_070007_40,0.9483333,0.86833334,0.8566667,0.025833335,0.28333333,0.99666667,0.25916666,0.48208332,0.52750003,0.28916666,0.37416667,0.43083334,0.15416667,1.0,0.99583334,0.5083333,0.54833335,0.8316667,0.395,0.9975,0.26333332,0.3475,0.5525,0.2875,0.5241667,0.47833335,0.17166667,0.7058333,0.8566667,0.16583335,0.62166667,0.7083334,0.91583335,0.50250006,0.49,0.76000005,0.6166667,0.9791667,0.86333334,0.79333335,0.9741667,0.84916663,0.3775,0.6750001,0.87416667,0.87416667,0.9483333,0.90833336,0.99,0.9716667,0.53666663,0.50916666,0.48083332,0.78583336,0.87583333,0.93583333,0.44333333,0.16416666,0.8116667,0.5991667,0.21333334,0.31750003,0.25166667,0.29666668,0.30916667,0.3475,0.97833335,0.9916667,0.84833336,0.73,0.41916668,0.44666672,0.79666674,0.8241667,0.43083334,0.50166667,0.2891667,0.8058334,0.4425,1.0,0.6591667,0.8566666,0.68,0.14583334,0.99583334,0.13083333,0.23500001,0.4166667,0.47000003,0.6983334,0.855,0.24833333,0.745,0.59000003,0.51166666,0.50416666,0.8833333,0.9583333,0.85333335,0.9475,0.62500006,0.68083334,0.64,0.18083334,0.17583334,0.9458333,0.4075,0.5058333,0.59083337,0.17083333,0.95,0.49916667,0.145,0.42083335,0.48083332,0.72833335,0.24333334,0.8408333,0.31666666,0.945,0.985,0.82000005,0.28666666,0.71250004,0.9608334,0.915,0.8933333,0.57500005,0.5291667,0.9183333,0.65666664,0.7208333,0.6883334,0.86583334,0.51250005,0.70916665,0.65166664,0.052500002,0.40666667,0.30416667,0.275,0.95666665,0.57458335,0.7558334,0.46750003,0.67333335,0.3725,0.7041667,0.6783334,0.93666667,0.5541667,0.8333334,0.37666667,0.32750002,0.6308333,0.315,0.63666666,0.41833335,0.6041667,0.6933333,0.7125,0.65333337,0.9083333,0.14333335,0.9608333,0.3841667,0.7958334,0.3775,0.61375,0.32583332,0.6875,0.91249996,0.4591667,0.285,0.8608333,0.94083333,0.71833336,0.17416668,0.5475,0.9891667,0.3075,0.4325,0.60833335,0.42166668,0.8066667,0.70750004,0.5216667,0.4425,0.16916667,0.39083335,0.85083336,0.84333336,0.7583333,0.925,0.39166668,0.72833335,0.8025,0.23750001,0.44666666,0.74333334,0.28166667,0.25916666,0.6541667,0.55916667,0.24333334,0.5125,0.7791667,0.37833336,0.41083336,0.85583335,0.6483333,0.78166664,0.68833333,0.25833333,0.1575,0.53083336,0.42000002,0.3516667,0.12166667,0.58833337,0.4691667,0.26083332,0.39666668,0.55333334,0.5158333,0.6325,0.14083333,0.6616667,0.9191667,0.68916667,0.91083336,0.6166667,0.6825,0.094166666
BC2026_Train_0003_S08_20250607_070007_45,0.90166664,0.8575,0.8616667,0.035,0.4625,0.9775,0.2525,0.67333335,0.6,0.47166666,0.5783334,0.72083336,0.21833333,0.9791667,0.9475,0.4941667,0.56,0.7108334,0.4166667,0.995,0.365,0.5491667,0.7058334,0.46250004,0.56166667,0.38250002,0.34750003,0.26916665,0.7816667,0.35750002,0.5791667,0.6258334,0.93666667,0.55083334,0.5758333,0.6833334,0.6775,0.97583336,0.8475,0.89416665,0.96666664,0.8308333,0.44750002,0.5958333,0.86083335,0.86083335,0.9241667,0.91583335,0.9825,0.9708333,0.56416667,0.5391667,0.5525,0.76500005,0.8591667,0.9775,0.36583334,0.15166667,0.7216667,0.38083333,0.35333332,0.505,0.23416665,0.36083335,0.39166668,0.43583333,0.7983334,0.9741667,0.9041667,0.79,0.45750004,0.5325,0.68,0.7058333,0.5725,0.22666667,0.38583335,0.90916663,0.1975,0.9825,0.85249996,0.93583333,0.8591667,0.17916667,0.97,0.2,0.2916667,0.5675,0.46833336,0.8058334,0.46333334,0.096666664,0.94916666,0.735,0.71416664,0.72333336,0.9533333,0.985,0.77583337,0.90500003,0.71833336,0.8541667,0.5675,0.41916665,0.18750001,0.945,0.46666667,0.5916667,0.7641667,0.20083334,0.9075,0.25666666,0.1125,0.36,0.5741667,0.5791667,0.36666667,0.87666667,0.37583333,0.90916663,0.99916667,0.6933333,0.3441667,0.74666667,0.8875,0.87,0.89500004,0.42416668,0.53499997,0.67083335,0.7083333,0.9033333,0.84833336,0.8566667,0.9275,0.7741667,0.6458333,0.11833333,0.275,0.48499998,0.22083333,0.96833336,0.5366667,0.6791667,0.66333336,0.64250004,0.40333337,0.84000003,0.7733334,0.9433333,0.78083336,0.72083336,0.6358333,0.17166667,0.80500007,0.23750001,0.76250005,0.5058333,0.485,0.7458334,0.7216667,0.4925,0.8441667,0.24666667,0.9791667,0.41833332,0.75166667,0.565,0.43166667,0.65749997,0.7591667,0.88166666,0.31666666,0.2891667,0.9175,0.9716667,0.77000004,0.155,0.6116667,0.9975,0.395,0.4425,0.6429167,0.55583334,0.9583333,0.6691667,0.56,0.38750002,0.16083333,0.112500004,0.74166673,0.9891667,0.6933334,0.885,0.4466667,0.7291667,0.8183334,0.19250001,0.7083334,0.8266667,0.19083333,0.60083336,0.74750006,0.50375,0.38750002,0.7408334,0.7475,0.2225,0.43000004,0.46666667,0.50500005,0.5441667,0.6141667,0.41083333,0.21916667,0.18166667,0.4,0.53833336,0.18333334,0.8591667,0.34666666,0.28333333,0.6441667,0.80416673,0.40083334,0.7458334,0.108333334,0.72833335,0.9841667,0.75333333,0.96583337,0.6175,0.6733333,0.06666666
BC2026_Train_0003_S08_20250607_070007_50,0.8666667,0.8166667,0.93666667,0.04166667,0.7541667,0.93333334,0.46416667,0.9533334,0.7191667,0.48083335,0.6091667,0.88416666,0.3491667,0.96666664,0.96916664,0.63666666,0.57916665,0.66,0.58000004,0.98583335,0.6016667,0.7791667,0.8408333,0.72083336,0.7375,0.6,0.49166667,0.15333334,0.65666664,0.41583332,0.48333335,0.63250005,0.90583336,0.53583336,0.6191667,0.58416665,0.7566667,0.96166664,0.79333335,0.895,0.9583333,0.8016667,0.55583334,0.5891667,0.8616667,0.8616667,0.8725,0.9,0.9633333,0.96,0.56083333,0.5375,0.5541667,0.7225,0.8441667,0.9866667,0.38166666,0.30416667,0.6975,0.40000004,0.47583333,0.62583333,0.30333334,0.44583333,0.50166667,0.70750004,0.71583337,0.8775,0.9625,0.7950001,0.55833334,0.65583336,0.58750004,0.6275,0.83000004,0.24666667,0.5058333,0.8491667,0.17916666,0.9458333,0.87583333,0.9091667,0.95000005,0.24916667,0.9508333,0.56666666,0.36,0.39666668,0.42000002,0.74416673,0.12166667,0.38583335,0.9491667,0.8266667,0.7908334,0.6941667,0.9866667,1.0,0.68666667,0.81500006,0.7708334,0.9,0.56166667,0.2825,0.285,0.7683334,0.39083335,0.7116667,0.8283334,0.2733333,0.55916667,0.22083333,0.15333334,0.32250002,0.7841667,0.5425,0.33333334,0.94416666,0.41291666,0.83500004,0.99666667,0.625,0.35999998,0.6975,0.5408333,0.80666673,0.8025,0.4066667,0.48333335,0.5725,0.8383333,0.90333337,0.75,0.8033334,0.9725,0.845,0.6591667,0.26583332,0.41750002,0.5208333,0.108333334,0.98333335,0.5733334,0.6166667,0.62083334,0.6308334,0.8183333,0.9016667,0.80583334,0.96500003,0.81250006,0.7733334,0.87333333,0.365,0.925,0.2475,0.7325,0.6483334,0.59250003,0.9633333,0.7783334,0.5725,0.94916666,0.57666665,0.9008333,0.62,0.7908334,0.7033334,0.43583333,0.83500004,0.83833337,0.89416665,0.29416665,0.335,0.92583334,0.81000006,0.785,0.215,0.6741667,0.98083335,0.5575,0.52833337,0.57416666,0.6141667,0.97,0.6958333,0.5425,0.38750002,0.3466667,0.10583334,0.7658334,0.99583334,0.8983334,0.86083335,0.465,0.67375004,0.605,0.20166667,0.5183333,0.9425,0.22333333,0.60083336,0.6483333,0.48749998,0.9516667,0.7108333,0.64000005,0.3175,0.42458338,0.24916667,0.44000003,0.3491667,0.46833333,0.555,0.30333334,0.0225,0.48083335,0.75875,0.57666665,0.9325,0.49666667,0.36083335,0.72,0.8775,0.5516667,0.93,0.24000001,0.7041667,0.95666665,0.7658334,0.98833334,0.65583336,0.8233334,0.08083334
BC2026_Train_0003_S08_20250607_070007_55,0.87416667,0.87916666,0.92833334,0.050000004,0.8541667,0.86083335,0.345,0.9725,0.68416667,0.28333333,0.49666667,0.7566667,0.31333333,0.9,0.935,0.6416667,0.59916663,0.53583336,0.55583334,0.9533333,0.45166665,0.69,0.85833335,0.47,0.71833336,0.42416668,0.4141667,0.25,0.87416667,0.31083336,0.5070833,0.80833334,0.9091667,0.5133333,0.50666666,0.7641667,0.70666665,0.95416665,0.7583333,0.915,0.95416665,0.80083334,0.41083333,0.7266667,0.8933333,0.8933333,0.9091667,0.90083337,0.95416665,0.95416665,0.5416666,0.4875,0.5141667,0.6716667,0.855,0.90416664,0.5008334,0.35583335,0.7691667,0.4091667,0.2616667,0.46916667,0.34583336,0.48833334,0.42916667,0.4625,0.6291667,0.8341667,0.9608333,0.76750004,0.51458335,0.6991667,0.77250004,0.7541667,0.87166667,0.44083333,0.545,0.94166666,0.23500001,0.94,0.74916667,0.8458333,0.81500006,0.32333332,0.8808333,0.8725,0.39666665,0.34666666,0.33333334,0.8625,0.185,0.6625,0.8208333,0.7566667,0.8616667,0.7316667,0.97083336,0.9741667,0.8416667,0.8691667,0.7241667,0.93916667,0.7475,0.21083333,0.25583333,0.7791667,0.52000004,0.65583336,0.6633333,0.5341667,0.77000004,0.21833333,0.20333333,0.4225,0.8358334,0.68083334,0.35666665,0.945,0.3925,0.9625,0.99083334,0.8341667,0.6691667,0.7875,0.5791667,0.855,0.8191667,0.58250004,0.42416668,0.6866667,0.77333343,0.9291667,0.72833335,0.8241667,0.94666666,0.84000003,0.74416673,0.3625,0.6141667,0.35333335,0.2575,0.97083336,0.55333334,0.8383333,0.49166667,0.69666666,0.97333336,0.7225,0.70666665,0.9841667,0.7166667,0.865,0.58833337,0.7533334,0.965,0.53083336,0.8925,0.8525,0.5525,0.9875,0.8208333,0.9108333,0.8466667,0.83000004,0.84000003,0.7816667,0.82000005,0.60083336,0.5108333,0.5766667,0.71583337,0.8858333,0.51166666,0.4541667,0.94666666,0.8333334,0.7683334,0.37583333,0.6625,0.9633333,0.5541667,0.565,0.6333334,0.5708334,0.9691667,0.6541667,0.265,0.5683334,0.53333336,0.1175,0.6541667,0.9408334,0.9475,0.89166665,0.63916665,0.765,0.5616667,0.32500002,0.71583337,0.9275,0.39916667,0.5416667,0.57416666,0.5633334,0.9925,0.7616667,0.58916664,0.65250003,0.42125,0.22416666,0.75,0.46833333,0.5266667,0.7441667,0.17916667,0.10916667,0.6191667,0.77,0.85749996,0.9525,0.73333335,0.395,0.5841667,0.7525,0.6741667,0.8875,0.3516667,0.8616667,0.915,0.84833336,0.94,0.8666667,0.63,0.18916667
BC2026_Train_0003_S08_20250607_070007_60,0.89,0.89416665,0.8858333,0.025000002,0.5875,0.91166663,0.20500001,0.9375,0.48333335,0.09583333,0.20583335,0.4608333,0.098333344,0.875,0.8983333,0.40166667,0.51416665,0.80833334,0.49833333,0.99,0.27,0.5491667,0.5775,0.27916667,0.5708333,0.13000001,0.24666667,0.23583333,0.9433333,0.28333333,0.5,0.865,0.94166666,0.37333336,0.48000002,0.74166673,0.68083334,0.9608333,0.7241667,0.90666664,0.9658333,0.7891667,0.32,0.8375,0.895,0.895,0.9825,0.9075,0.9766667,0.9625,0.5058333,0.44500002,0.4825,0.6225,0.89666665,0.83750004,0.35750002,0.16916667,0.78583336,0.32,0.13833334,0.17,0.24916667,0.315,0.29666668,0.44833332,0.6616667,0.93,0.9291667,0.8341667,0.39583334,0.39750004,0.5858334,0.575,0.63,0.245,0.41000003,0.81500006,0.15583333,0.9658333,0.7591667,0.8675,0.65000004,0.1725,0.9158333,0.55583334,0.215,0.31083333,0.36,0.9175,0.41833335,0.50666666,0.81416667,0.54833335,0.8033334,0.5466667,0.94,0.9875,0.9766667,0.95750004,0.68166673,0.8266667,0.7816667,0.034166668,0.1275,0.90416664,0.40583333,0.3779167,0.7058334,0.59083337,0.8541666,0.20416667,0.20333333,0.3775,0.7225,0.7225,0.31166667,0.795,0.19083333,0.99083334,0.98333335,0.8575,0.7116667,0.8183334,0.7608333,0.87583333,0.84333336,0.72083336,0.36,0.53499997,0.7158333,0.95250005,0.7816667,0.84000003,0.77500004,0.7591667,0.85583335,0.15083334,0.4116667,0.14000002,0.15666667,0.98333335,0.48916668,0.8033334,0.39166665,0.70500004,0.7875,0.67583334,0.56750005,0.9575,0.68083334,0.82916665,0.44208336,0.37583336,0.98083335,0.39166668,0.6441667,0.75166667,0.41833335,0.945,0.80750006,0.7733334,0.7275,0.42083332,0.9033333,0.7291667,0.75500005,0.4616667,0.27333334,0.2575,0.6941667,0.8908333,0.45166668,0.19583334,0.90250003,0.7008333,0.7308334,0.17833334,0.67833334,0.9820834,0.25333333,0.5191667,0.69250005,0.53000003,0.9125,0.6016667,0.1125,0.5083333,0.29583335,0.15083334,0.4225,0.73333335,0.8983334,0.9608334,0.4925,0.71916664,0.615,0.18833333,0.67583334,0.7991667,0.22666667,0.31666666,0.55666673,0.5283333,0.9691667,0.80250007,0.54333335,0.67,0.32083336,0.43500003,0.59250003,0.42083332,0.5316667,0.435,0.0925,0.125,0.4575,0.66083336,0.52250004,0.8091667,0.53291667,0.23833334,0.50333333,0.44250003,0.6283334,0.8366667,0.19333334,0.70750004,0.93833333,0.8808333,0.8408333,0.8691667,0.65375,0.075833336
BC2026_Train_0004_S08_20250607_070007_5,0.8233334,1.0,0.97583336,0.07833333,0.21666667,0.6666667,0.011666668,0.335,0.465,0.043333337,0.07833333,0.9504167,0.30166668,0.71666664,0.74833333,0.14666668,0.20833334,0.23916668,0.13916667,0.84000003,0.06916667,0.23708333,0.16250001,0.27333334,0.24000001,0.010833334,0.3075,0.29416668,0.94666666,0.12166667,0.64916664,0.75250006,0.98833334,0.61833334,0.845,0.8979167,0.74500006,0.7666667,0.905,0.6716666,0.90416664,0.9458333,0.3175,0.725,0.9166667,0.9166667,0.8675,1.0,0.93666667,0.8475,0.44,0.45583338,0.40250003,0.895,0.77166665,0.18333334,0.37583333,0.0275,0.8566667,0.08833334,0.14083333,0.155,0.69166666,0.14083333,0.20083334,0.16083333,0.48666668,0.44666666,0.6483334,0.55500007,0.2916667,0.28916666,0.7641667,0.48583335,0.69083333,0.5675,0.14,0.8691667,0.18666667,0.7108333,0.89416665,0.7275,0.25750002,0.3541667,0.74833333,0.52000004,0.38583332,0.5554167,0.125,0.64166665,0.058333334,0.5541667,0.845,0.53000003,0.26416668,0.3391667,0.6041666,0.8983333,0.7658334,0.93083334,0.6041667,0.82250005,0.5416667,0.14416668,0.057500005,0.96666664,0.21666667,0.49916667,0.94750005,0.22333333,0.7708334,0.0725,0.6666667,0.40166667,0.30083334,0.64916664,0.245,0.5158334,0.1275,0.98333335,0.8108334,0.81250006,0.3725,0.69166666,0.14083333,0.7058334,0.865,0.73833334,0.26083332,0.6541667,0.8833333,0.90250003,0.42083335,0.97833335,0.97833335,0.48416668,0.5533334,0.22541666,0.53583336,0.23583332,0.14250001,0.68,0.26916668,0.5691667,0.5916667,0.46083337,0.29166666,0.98333335,0.79083335,0.7691667,0.7708334,0.6825,0.25666666,0.4125,0.77750003,0.59833336,0.25416666,0.15166667,0.37083334,0.435,0.66999996,0.595,0.38708335,0.13416667,0.5941667,0.0325,0.36,0.515,0.28750002,0.87333333,0.89250004,0.5491667,0.38416666,0.14666668,0.83500004,0.13,0.49333334,0.34166667,0.42583337,0.6458334,0.5325,0.39666668,0.47583333,0.37083334,0.8558333,0.43000004,0.061666667,0.93666667,0.13666667,0.021666668,0.37083334,0.62416667,0.87416667,0.9625,0.49583334,0.2475,0.7791667,0.14666668,0.43833333,0.48000002,0.2175,0.20166667,0.81166667,0.5175,0.30916667,0.9616667,0.365,0.108333334,0.185,0.18333334,0.285,0.30333334,0.75,0.37000003,0.050000004,0.1125,0.515,0.4275,0.23166667,0.5891667,0.53083336,0.20833334,0.7216667,0.8675,0.405,0.87,0.25583333,0.53666663,0.9225,0.8241667,0.7658334,0.925,0.41083336,0.090833336
BC2026_Train_0004_S08_20250607_070007_10,0.70000005,0.985,0.925,0.12416667,0.1625,0.39333335,0.009166667,0.116666675,0.44333333,0.042500004,0.045833334,0.8616667,0.11333333,0.425,0.35833332,0.13416667,0.09583334,0.2916667,0.116666675,0.8133334,0.042500004,0.16250001,0.06666667,0.11750001,0.0825,0.005833334,0.13916667,0.10583334,0.68833333,0.029166667,0.5516667,0.5025,0.9925,0.4225,0.52166665,0.625,0.71500003,0.8091667,0.89916664,0.8158334,0.8566667,0.91249996,0.26833332,0.56916666,0.94166666,0.94166666,0.9158333,0.99583334,0.92833334,0.8616667,0.39416665,0.4375,0.4066667,0.80916667,0.8091667,0.07083333,0.44,0.010833334,0.37750003,0.14416668,0.08666667,0.060833335,0.46916667,0.13166666,0.10041666,0.0675,0.31416667,0.23583335,0.675,0.42833334,0.18416667,0.10666667,0.43833336,0.6308333,0.4625,0.1525,0.1125,0.62583333,0.21916667,0.8516667,0.87166667,0.69166666,0.20833334,0.1525,0.6166667,0.24083334,0.12166667,0.22083335,0.053333335,0.375,0.035,0.4741667,0.57,0.53166664,0.19500001,0.13416667,0.44583333,0.9275,0.46916667,0.85833335,0.5825,0.58916664,0.5133333,0.015833333,0.015833333,0.6675,0.12583333,0.26083332,0.5525,0.111666664,0.60833335,0.058333334,0.68916667,0.33666667,0.215,0.5316667,0.17916667,0.54583335,0.056666672,0.91333336,0.90833336,0.5375,0.13583334,0.5633334,0.020833334,0.7025,0.66833335,0.57416666,0.14625,0.60125,0.8008334,0.795,0.39750004,0.9525,0.73333335,0.31833333,0.7033334,0.11416666,0.37916666,0.0375,0.043333337,0.64666665,0.09791666,0.3975,0.41833335,0.29083332,0.4275,0.785,0.7275,0.69500005,0.5975,0.5991667,0.19833334,0.33833334,0.54583335,0.24166667,0.13166666,0.114999995,0.17833334,0.43500003,0.6191667,0.48916668,0.43250003,0.09166667,0.42083335,0.02666667,0.49333334,0.265,0.19916667,0.62,0.49583334,0.4883333,0.34166667,0.075833336,0.87,0.1575,0.37666667,0.27333334,0.47166666,0.57666665,0.6583333,0.14666666,0.37833333,0.17,0.785,0.24916667,0.050833337,0.52250004,0.14583333,0.010833334,0.3416667,0.48833334,0.63166666,0.74,0.3441667,0.21333334,0.47666666,0.09666667,0.19083333,0.5991667,0.10083334,0.10583334,0.34333336,0.21000001,0.25416666,0.995,0.16666667,0.075,0.09583333,0.071666665,0.21000001,0.255,0.40833336,0.16250001,0.016666668,0.13083334,0.24833333,0.3516667,0.115,0.29083332,0.29416668,0.07333334,0.30916667,0.6333333,0.3741667,0.8833333,0.1675,0.37416667,0.66833335,0.50416666,0.39916667,0.6383333,0.26583332,0.075
BC2026_Train_0004_S08_20250607_070007_15,0.6566667,0.97083336,0.8908333,0.2525,0.29166666,0.35500002,0.024166668,0.16416666,0.49666667,0.10083333,0.07083333,0.87833333,0.21000001,0.375,0.33333334,0.21,0.16166666,0.5058333,0.10000001,0.7916667,0.041666668,0.1675,0.11833333,0.14416668,0.0675,0.008333334,0.16,0.087500006,0.63,0.028333336,0.5991667,0.49166667,0.9825,0.64500004,0.50166667,0.70250005,0.7383334,0.8358334,0.96,0.73,0.87,0.9266667,0.3491667,0.5716667,0.94916666,0.94916666,0.90749997,0.9875,0.9225,0.8833333,0.49,0.52416664,0.5,0.87166667,0.7950001,0.09583333,0.52,0.019166667,0.25666666,0.44750002,0.13,0.07416667,0.41500002,0.125,0.095,0.14666668,0.30666667,0.28833336,0.8041667,0.3175,0.23583333,0.12375,0.365,0.8691666,0.725,0.0625,0.1425,0.62333333,0.39833334,0.7325,0.8075,0.75083333,0.26833335,0.17916667,0.59833336,0.175,0.100833334,0.13166666,0.08416667,0.31333333,0.025833333,0.5825,0.52583337,0.7925,0.25,0.11833333,0.5341667,0.9291667,0.20000002,0.8358333,0.66083336,0.64250004,0.79083335,0.034166668,0.1075,0.59583336,0.24916667,0.2775,0.23833334,0.12166667,0.57416666,0.116666675,0.74666667,0.33166665,0.21083334,0.51416665,0.18916667,0.74750006,0.1375,0.49416667,0.96583337,0.5725,0.11000001,0.55083334,0.053333335,0.69083333,0.6566667,0.50916666,0.19,0.7916667,0.8691667,0.5075,0.4741667,0.6591667,0.23666668,0.40500003,0.8591667,0.096666664,0.42916667,0.03666667,0.039166667,0.65166664,0.14666668,0.45583338,0.46583334,0.43,0.55,0.5733333,0.7591667,0.6441667,0.7041667,0.6358333,0.22583336,0.55,0.59583336,0.21750002,0.33416668,0.115,0.235,0.5775,0.6475,0.46250004,0.25583333,0.17333333,0.42916667,0.14916667,0.72916675,0.3325,0.23916668,0.5208334,0.1875,0.59333336,0.37666667,0.06333334,0.81500006,0.66333336,0.56666666,0.29250002,0.60333335,0.52583337,0.80166674,0.14833334,0.47500002,0.18583333,0.95916665,0.31,0.04666667,0.4741667,0.21000001,0.028333336,0.48,0.46583334,0.61833334,0.5425,0.42000002,0.32750002,0.37666667,0.16333333,0.25583336,0.7083333,0.155,0.2725,0.3075,0.15666667,0.42000002,0.9875,0.25833336,0.06250001,0.15833333,0.04416667,0.3,0.45499998,0.3466667,0.25166667,0.043333337,0.19666667,0.1875,0.48708335,0.108333334,0.24166667,0.24666667,0.14083333,0.15666667,0.57750005,0.3516667,0.8516667,0.18166667,0.45833337,0.5291667,0.64416665,0.33166668,0.6041667,0.365,0.13
BC2026_Train_0004_S08_20250607_070007_20,0.7375,0.99583334,0.98,0.26583332,0.25833333,0.57,0.060833335,0.23416667,0.62666667,0.11833334,0.12166667,0.9658333,0.29000002,0.30833334,0.51166666,0.29083332,0.36916667,0.32416666,0.13416667,0.7691667,0.14333333,0.1925,0.2725,0.26333332,0.12833333,0.028333334,0.33166665,0.2475,0.93416667,0.13333334,0.6375,0.6175,0.97083336,0.905,0.8141667,0.9491667,0.7166667,0.9325,0.93416667,0.8925,0.91333336,0.9275,0.44083333,0.6408333,0.94416666,0.94416666,0.90999997,0.98333335,0.9458333,0.93583333,0.5525,0.565,0.5416667,0.87166667,0.80666673,0.13333334,0.52583337,0.03166667,0.6075,0.18416667,0.105000004,0.285,0.47583333,0.14083335,0.19166666,0.2,0.43,0.40416664,0.75,0.6766666,0.29666668,0.16333334,0.4975,0.74833333,0.9616667,0.2616667,0.19666667,0.73083335,0.6325,0.7375,0.9725,0.75166667,0.34333333,0.225,0.85333335,0.43,0.2975,0.19083333,0.13583334,0.40083334,0.08,0.89416665,0.80083334,0.87166667,0.22416666,0.2025,0.805,0.95416665,0.36583334,0.83,0.65333337,0.67583334,0.57750005,0.064166665,0.059166666,0.94416666,0.15,0.43833333,0.38333333,0.17416666,0.68916667,0.13083333,0.9116667,0.38083333,0.3366667,0.5266667,0.23750001,0.61333334,0.11750001,0.7366667,0.9433333,0.60583335,0.24583334,0.5616667,0.20583335,0.80666673,0.87166667,0.74583334,0.255,0.6091667,0.95,0.61,0.5983333,0.9433333,0.25916666,0.6308333,0.69916666,0.12583333,0.48166668,0.07666667,0.090833336,0.7016667,0.26666665,0.62583333,0.60083336,0.62333333,0.67333335,0.94083333,0.7,0.89,0.69250005,0.735,0.22166666,0.7883334,0.51416665,0.21083334,0.3541667,0.20833334,0.20666668,0.62333333,0.64916664,0.46833336,0.25166667,0.18666667,0.63666666,0.13666667,0.6075,0.43583333,0.39833334,0.9458333,0.89416665,0.71333337,0.4141667,0.12916666,0.92833334,0.4416667,0.6491667,0.3025,0.7941667,0.63416666,0.9033333,0.19,0.44333336,0.2525,0.86,0.69166666,0.094166666,0.5141667,0.315,0.048333336,0.4425,0.6175,0.5975,0.6916667,0.5466667,0.35666668,0.49583334,0.28,0.535,0.6475,0.30916667,0.19833332,0.36083335,0.38833335,0.3675,0.9925,0.4275,0.135,0.15166667,0.1075,0.3475,0.44833335,0.49416667,0.36833334,0.060000002,0.16166666,0.27916667,0.6583333,0.17416668,0.39083335,0.30916667,0.25416666,0.43416667,0.7508334,0.2866667,0.77583337,0.20416668,0.5866667,0.6733333,0.72333336,0.45083335,0.58750004,0.5833334,0.18833333
BC2026_Train_0004_S08_20250607_070007_25,0.8366667,0.98083335,0.92833334,0.21499999,0.3,0.735,0.12500001,0.37,0.7716667,0.18416667,0.0925,0.905,0.4375,0.4375,0.71416664,0.34333333,0.37583336,0.4325,0.22833332,0.8475,0.19500001,0.32,0.25833336,0.325,0.17999999,0.032500003,0.4325,0.16083334,0.99,0.20083334,0.6925,0.80750006,0.98,0.75500005,0.6991667,0.93416667,0.7591667,0.95,0.97583336,0.93416667,0.9458333,0.9825,0.425,0.86083335,0.90416664,0.90416664,0.895,0.96666664,0.95,0.95,0.5725,0.54583335,0.52583337,0.93416667,0.81500006,0.1625,0.5158334,0.048333336,0.62333333,0.19583334,0.13583332,0.6725,0.38583335,0.15333334,0.28750002,0.32999998,0.49666667,0.65749997,0.7516667,0.85583335,0.41166666,0.20083334,0.5875,0.67666674,0.88166666,0.21166667,0.18916667,0.7083334,0.5333333,0.9241667,0.9766667,0.8141667,0.4341667,0.41500002,0.8675,0.7691667,0.26666668,0.1625,0.41416666,0.55583334,0.24416669,0.6433333,0.93333334,0.8075,0.24,0.5,0.9225,0.9691667,0.5791667,0.8708333,0.7008334,0.6933333,0.5133333,0.17666666,0.0225,0.9916667,0.23083332,0.6825,0.5025,0.20583335,0.7483334,0.20916668,0.7091667,0.29500002,0.37916666,0.51916665,0.2591667,0.70625,0.14166667,0.92,0.95416665,0.77250004,0.355,0.5816667,0.20583333,0.8908333,0.9475,0.9375,0.215,0.61083335,0.9216667,0.75916666,0.77000004,0.9741667,0.36583334,0.67083335,0.6966667,0.07833333,0.49,0.20500001,0.38500002,0.85083336,0.34750003,0.6883334,0.68583333,0.62083334,0.6866667,0.99666667,0.71000004,0.875,0.6391667,0.89,0.20333335,0.6391667,0.52666664,0.21750002,0.275,0.22583333,0.20416667,0.60833335,0.6925,0.3841667,0.375,0.15166667,0.85083336,0.15083334,0.6533333,0.55,0.29916668,0.9891667,0.98583335,0.8283334,0.375,0.16666666,0.97833335,0.16416667,0.78083336,0.32666665,0.8175,0.67583334,0.6891667,0.14666668,0.53,0.24916667,0.6925,0.95166665,0.14583334,0.505,0.22916666,0.060000002,0.6308333,0.655,0.7125,0.9058333,0.4575,0.3775,0.5783334,0.13583334,0.8358334,0.63166666,0.205,0.19333333,0.79583335,0.5833334,0.32166666,0.975,0.43416667,0.1925,0.19833334,0.12666667,0.29000002,0.4225,0.7275,0.47166666,0.055,0.083333336,0.37083334,0.7616667,0.1675,0.68000007,0.39166668,0.30916667,0.59583336,0.8566667,0.22083333,0.9025,0.22416669,0.6933333,0.86333334,0.7683334,0.55,0.90166664,0.5758334,0.123333335
BC2026_Train_0004_S08_20250607_070007_30,0.7116667,0.96166664,0.7083334,0.17916666,0.125,0.34583333,0.07833333,0.13833335,0.5425,0.07833334,0.058333334,0.4066667,0.21833333,0.4041667,0.4775,0.25750002,0.18333334,0.545,0.15416667,0.8091667,0.055,0.20416665,0.22083333,0.21249999,0.123333335,0.02666667,0.32916668,0.045833334,0.82500005,0.096666664,0.68,0.5866667,0.99,0.47083333,0.39666665,0.7008334,0.7208333,0.93833333,0.96666664,0.84000003,0.93583333,0.95666665,0.30916667,0.6041667,0.9091667,0.9091667,0.8775,0.9741667,0.93833333,0.93833333,0.42000002,0.3925,0.4066667,0.9016667,0.7875001,0.079166666,0.5575,0.023333335,0.28583336,0.14,0.09166667,0.19166666,0.3675,0.1175,0.14083335,0.21666667,0.32083333,0.36666667,0.71333337,0.77250004,0.2225,0.13083334,0.55,0.515,0.6825,0.19250001,0.08666667,0.6958333,0.8341667,0.9033333,0.8883333,0.72416675,0.41500002,0.245,0.6691667,0.61,0.28416666,0.12916666,0.24416667,0.50083333,0.06666667,0.45083338,0.71750003,0.6458333,0.20166668,0.18416667,0.71583337,0.9483333,0.3516667,0.8641667,0.68583333,0.5425,0.4391667,0.2375,0.020833336,0.9866667,0.17500001,0.24416666,0.43166667,0.19166668,0.6066667,0.14416666,0.85583335,0.35833335,0.20416667,0.5208334,0.23750001,0.7008333,0.14333333,0.91833335,0.95916665,0.78583336,0.22666666,0.5158334,0.08916667,0.76166666,0.9,0.95666665,0.18,0.68416667,0.7375,0.7591667,0.69750005,0.9558333,0.22333333,0.43166667,0.73333335,0.15,0.55833334,0.07333333,0.52583337,0.72,0.3225,0.53083336,0.55041665,0.55916667,0.485,0.97166663,0.61833334,0.8366667,0.5058333,0.72083336,0.2025,0.5283333,0.55583334,0.33833334,0.28833333,0.14333335,0.30166668,0.5658334,0.6583333,0.40083334,0.28083333,0.19083333,0.53833336,0.11833334,0.48916668,0.5025,0.25833333,0.94166666,0.975,0.69000006,0.28583333,0.123333335,0.92583334,0.43500003,0.69166666,0.30583334,0.755,0.59999996,0.6775,0.13000001,0.44,0.21000001,0.73916674,0.74,0.083333336,0.50666666,0.17333333,0.07666667,0.75000006,0.50166667,0.6225,0.85833335,0.43166667,0.345,0.55,0.111666664,0.4166667,0.61083335,0.22333334,0.112500004,0.4925,0.28916666,0.36583334,1.0,0.27916667,0.116666675,0.12833333,0.060833335,0.30833334,0.5516667,0.6408334,0.33916667,0.028333336,0.13916667,0.32583332,0.5841667,0.17916667,0.4641667,0.295,0.14583333,0.34583336,0.77750003,0.235,0.8441667,0.22749999,0.6458334,0.7825,0.585,0.41583335,0.96583337,0.37833333,0.16083333
BC2026_Train_0004_S08_20250607_070007_35,0.61083335,0.93666667,0.64166665,0.24416667,0.12083333,0.315,0.033333335,0.09666667,0.52000004,0.05,0.0375,0.40500003,0.15583333,0.22083333,0.38083333,0.46583337,0.12416667,0.19583334,0.1825,0.68416667,0.045833334,0.15083334,0.26999998,0.17333333,0.16583334,0.0375,0.18916668,0.1125,0.7108334,0.061666667,0.7325,0.5233333,1.0,0.4325,0.325,0.5941667,0.6825,0.81250006,0.9791667,0.5491667,0.935,0.9716667,0.19749999,0.5466667,0.9275,0.9275,0.89,0.9891667,0.9175,0.8858333,0.29583332,0.32333335,0.30916667,0.9575,0.77583337,0.10416667,0.5816667,0.0150000015,0.215,0.15666667,0.08083333,0.025000002,0.44,0.10916667,0.10583333,0.15583333,0.2525,0.11666667,0.735,0.67833334,0.18333334,0.13583334,0.47250003,0.5658334,0.42583334,0.08166667,0.09666667,0.65083337,0.4641667,0.74833333,0.6933333,0.62916666,0.32250002,0.17333333,0.65333337,0.34750003,0.22166666,0.08833333,0.1275,0.31083333,0.040833335,0.50083333,0.37833336,0.76250005,0.1625,0.09916667,0.395,0.93666667,0.14750001,0.62666667,0.6041667,0.5708333,0.505,0.15083334,0.05166667,0.87583333,0.22250001,0.205,0.23750001,0.16083333,0.55583334,0.087500006,0.625,0.4175,0.18583333,0.56,0.25416666,0.61333334,0.07833333,0.73,0.9266667,0.70250005,0.195,0.4275,0.11,0.49666667,0.7025,0.9091667,0.21666667,0.7741667,0.70750004,0.38083333,0.73083335,0.74750006,0.14083333,0.35666668,0.79916674,0.20500001,0.57416666,0.0325,0.3325,0.6658333,0.2925,0.5291667,0.25333333,0.47083336,0.39000002,0.72916675,0.6383333,0.3275,0.5158334,0.46666667,0.35666668,0.38333333,0.5833333,0.42625,0.28416666,0.17166667,0.30416664,0.5975,0.625,0.415,0.2125,0.2975,0.2975,0.08166666,0.41750002,0.37583333,0.2125,0.5733333,0.8125,0.5541667,0.4091667,0.12166667,0.74500006,0.3125,0.48000002,0.27583334,0.6958333,0.65833336,0.6166667,0.23,0.33166665,0.18,0.755,0.39333335,0.069166675,0.605,0.2525,0.45458335,0.63958335,0.44083336,0.41000003,0.67833334,0.4875,0.41500002,0.48333335,0.155,0.23333333,0.6066667,0.25916666,0.155,0.34416667,0.14583334,0.44333333,0.96750003,0.22833334,0.12000001,0.16833334,0.045833334,0.27166668,0.6225,0.44416666,0.22583334,0.0225,0.515,0.18833333,0.6683333,0.20416668,0.37500003,0.26583335,0.09916667,0.21416667,0.625,0.26833335,0.74750006,0.22166668,0.48250002,0.5808333,0.47333336,0.3333333,0.90166664,0.35666668,0.20083335
BC2026_Train_0004_S08_20250607_070007_40,0.7291667,0.9225,0.74250007,0.16416667,0.275,0.5175,0.04416667,0.12166667,0.52166665,0.06166667,0.053333335,0.58916664,0.25416666,0.29166666,0.5775,0.46416664,0.28083333,0.19083333,0.155,0.65833336,0.09416667,0.1625,0.28416666,0.235,0.24000001,0.04666667,0.23583335,0.31583336,0.92333335,0.04916667,0.68333334,0.6575,0.9658333,0.53833336,0.38833332,0.7241667,0.6875,0.87333333,0.98333335,0.53083336,0.9275,0.9633333,0.2125,0.6575,0.91833335,0.91833335,0.87333333,0.9691667,0.92583334,0.89166665,0.35333332,0.35916665,0.33583334,0.92,0.78083336,0.20000002,0.6141667,0.039166667,0.3991667,0.215,0.090833336,0.07166667,0.55833334,0.1425,0.21833333,0.22416666,0.4475,0.185,0.89750004,0.6475,0.32333335,0.2025,0.5175,0.8341667,0.41833335,0.16333334,0.16250001,0.67,0.36916667,0.7325,0.8666667,0.77250004,0.29333332,0.32250002,0.76250005,0.23166668,0.28666666,0.1225,0.25416666,0.37166667,0.05,0.6016667,0.64,0.84083337,0.15916666,0.123333335,0.5991667,0.9125,0.27333334,0.705,0.58,0.68416667,0.7975001,0.2175,0.19,0.6354167,0.3325,0.37250003,0.37250003,0.165,0.70500004,0.13166666,0.6408334,0.43333334,0.3741667,0.5841667,0.2791667,0.7791667,0.26833335,0.75000006,0.87666667,0.63,0.25083333,0.5733334,0.17833334,0.55708337,0.55583334,0.875,0.3125,0.94166666,0.74666667,0.27833334,0.58166665,0.6516667,0.18333334,0.55,0.84000003,0.24083334,0.6425,0.04083333,0.25916666,0.68833333,0.4316667,0.8341667,0.2616667,0.38500002,0.44500002,0.70750004,0.745,0.30666667,0.50916666,0.6325,0.5158333,0.49166667,0.5941667,0.49666667,0.42333335,0.24916667,0.40333334,0.55916667,0.63916665,0.48166668,0.26333332,0.3766667,0.48916668,0.0575,0.63750005,0.34750003,0.2566667,0.5133333,0.435,0.71750003,0.55916667,0.10750001,0.7266667,0.21583334,0.57416666,0.35583335,0.6425,0.83500004,0.5866667,0.335,0.3791667,0.31666666,0.905,0.5075,0.111666664,0.635,0.29500002,0.75333333,0.6608333,0.47583336,0.55,0.7416667,0.5333333,0.5941667,0.62083334,0.23750001,0.6091667,0.7641667,0.24333334,0.090833336,0.45333332,0.21583334,0.49416667,0.95916665,0.45250002,0.12916666,0.31666666,0.10916667,0.32083336,0.56333333,0.45958334,0.27,0.048333336,0.76166666,0.36083335,0.8466667,0.19666667,0.5783334,0.35583335,0.23500001,0.24166667,0.7033334,0.35250002,0.75416666,0.275,0.54833335,0.7925,0.55,0.47416666,0.7941667,0.43916667,0.29500002
BC2026_Train_0004_S08_20250607_070007_45,0.7141667,0.9291667,0.6475,0.20333333,0.2375,0.29916668,0.04666667,0.06333333,0.41166666,0.0575,0.0975,0.38791668,0.13083333,0.22916667,0.3891667,0.25333333,0.09916667,0.20333335,0.15666667,0.62916666,0.045,0.19916667,0.1125,0.20833334,0.20083334,0.017500002,0.17833333,0.05958334,0.75333333,0.0075000008,0.6775,0.48916668,0.975,0.40833336,0.3333333,0.62166667,0.6983334,0.84083337,0.9675,0.57500005,0.92,0.95416665,0.24916667,0.5833333,0.93333334,0.93333334,0.90166664,0.9816667,0.93416667,0.87916666,0.37,0.3675,0.34416667,0.90583336,0.7891667,0.14166667,0.56416667,0.06083334,0.20250002,0.11416667,0.11833333,0.009166667,0.35666668,0.15333334,0.18666667,0.135,0.2708333,0.06166667,0.785,0.515,0.23333335,0.165,0.4225,0.7291667,0.3275,0.23833334,0.14833333,0.6741667,0.32500002,0.79666674,0.75625,0.7,0.3,0.21416667,0.56916666,0.25833333,0.21916668,0.17166667,0.20916668,0.24000001,0.049166664,0.495,0.7608334,0.8108334,0.19083335,0.07666667,0.5183333,0.89916664,0.28666666,0.735,0.60833335,0.6141667,0.5316667,0.19250001,0.029166669,0.58833337,0.2025,0.16000001,0.25666666,0.16583334,0.655,0.16916667,0.46,0.43,0.2625,0.545,0.25083336,0.66,0.15833333,0.7225,0.89666665,0.675,0.18583335,0.615,0.011666668,0.59083337,0.4466667,0.865,0.245,0.87416667,0.6433333,0.255,0.55916667,0.71583337,0.19,0.3775,0.79833335,0.14583334,0.5258333,0.024166668,0.13916668,0.71500003,0.23583335,0.5516667,0.21333334,0.32916668,0.43083337,0.5108334,0.7516667,0.30416667,0.48416668,0.69750005,0.3075,0.39583334,0.57416666,0.30916667,0.37583333,0.19749999,0.285,0.44333333,0.7408334,0.47583336,0.39083335,0.23666666,0.4691667,0.11500001,0.4525,0.3866667,0.20416667,0.5525,0.27666667,0.6508333,0.35,0.08416667,0.77583337,0.305,0.61833334,0.28583333,0.62833333,0.5375,0.5691667,0.16416667,0.37750003,0.18833333,0.87333333,0.6166667,0.11000001,0.55083334,0.18083334,0.47166666,0.5491667,0.4375,0.5916667,0.6566667,0.41500002,0.43833333,0.52,0.16666667,0.34916666,0.67083335,0.21666667,0.14250001,0.25083333,0.49583334,0.49666667,0.93916667,0.4325,0.0675,0.24416667,0.1075,0.3383333,0.5075,0.565,0.29416668,0.024166668,0.515,0.29250002,0.51,0.18,0.34666666,0.30916667,0.16083333,0.2025,0.60583335,0.28500003,0.82750005,0.1925,0.5716667,0.5791667,0.5416667,0.53583336,0.68083334,0.29916668,0.19500001
BC2026_Train_0004_S08_20250607_070007_50,0.6916667,0.9175,0.5875,0.28083336,0.725,0.32583332,0.0925,0.1075,0.5341667,0.084166676,0.12166667,0.30333334,0.16666667,0.4166667,0.43916667,0.30583334,0.12416667,0.68583333,0.10916667,0.74583334,0.053333335,0.39041665,0.055833332,0.3216667,0.14416668,0.020000001,0.24166666,0.014166668,0.63916665,0.023333335,0.7066667,0.39166668,0.9675,0.36666667,0.3991667,0.54833335,0.71750003,0.735,0.955,0.57500005,0.905,0.97166663,0.32833332,0.5725,0.925,0.925,0.84833336,0.965,0.91083336,0.83750004,0.44833338,0.41083333,0.4441667,0.9325,0.7608334,0.11666667,0.49,0.145,0.08166666,0.44583333,0.24916667,0.039166667,0.32916668,0.2025,0.26833335,0.22833332,0.34833336,0.20833334,0.68083334,0.56416667,0.295,0.1875,0.6775,0.86083335,0.245,0.24083334,0.1625,0.795,0.29916668,0.8216667,0.9075,0.8033334,0.38833335,0.77583337,0.67333335,0.2775,0.345,0.24166667,0.52166665,0.6,0.05416667,0.34166667,0.9504167,0.845,0.28583333,0.09166667,0.7041667,0.8958333,0.53000003,0.7741667,0.5866667,0.8666667,0.31666666,0.10583334,0.0225,0.7766667,0.36916667,0.14333333,0.39833337,0.14666668,0.6466667,0.14166667,0.28666666,0.41000003,0.8083334,0.54833335,0.38583335,0.66625005,0.24583334,0.7116667,0.89916664,0.8491667,0.21666667,0.8033334,0.0175,0.7458334,0.8691667,0.87666667,0.3075,0.7991667,0.6066667,0.39833334,0.6766667,0.5966667,0.2591667,0.4666667,0.80416673,0.21083334,0.47750002,0.020000001,0.4116667,0.8,0.19583334,0.7416667,0.3,0.65833336,0.59583336,0.455,0.84250003,0.5466667,0.6425,0.71750003,0.25166667,0.37,0.6225,0.4675,0.50083333,0.43,0.28083333,0.55,0.8316667,0.76250005,0.5025,0.26666665,0.5383333,0.040833335,0.48499998,0.46500003,0.23750001,0.8125,0.295,0.7275001,0.275,0.13,0.82750005,0.625,0.8166667,0.37833336,0.68416667,0.4925,0.60083336,0.19250001,0.52583337,0.245,0.72083336,0.845,0.14666668,0.7366667,0.195,0.19833335,0.5395833,0.5733334,0.92333335,0.7041667,0.4641667,0.42000002,0.7058333,0.20166667,0.55083334,0.59083337,0.25583333,0.20166667,0.19833335,0.68,0.5133333,0.5858333,0.5875,0.03916667,0.31583333,0.22833335,0.39333335,0.5666667,0.8908333,0.75500005,0.005833334,0.13666667,0.26583332,0.38250002,0.25333333,0.4516667,0.28416666,0.20500001,0.6750001,0.62583333,0.29583335,0.88166666,0.3241667,0.7616667,0.6358333,0.7391667,0.8141667,0.9375,0.3925,0.21333334
BC2026_Train_0004_S08_20250607_070007_55,0.7325,0.8925,0.72249997,0.28083333,0.8958333,0.6491667,0.13583334,0.50958335,0.74500006,0.065,0.205,0.46166667,0.3725,0.7875001,0.7325001,0.6458334,0.64750004,0.95666665,0.19583334,0.88166666,0.51250005,0.815,0.16,0.4275,0.3675,0.049166672,0.38916668,0.0875,0.7058334,0.1075,0.63,0.54083335,0.9583333,0.44250003,0.5108334,0.6166667,0.74750006,0.8641667,0.9166667,0.65083337,0.9058333,0.925,0.42916667,0.63,0.91583335,0.91583335,0.8283334,0.9483333,0.91,0.88416666,0.5541667,0.5466667,0.57,0.875,0.76666665,0.21666667,0.52,0.3983333,0.275,0.91583335,0.49666667,0.5158333,0.58166665,0.48333335,0.6391667,0.3891667,0.4716667,0.6325,0.7441667,0.6358334,0.43166667,0.53833336,0.9191666,0.9291667,0.35666668,0.24833333,0.3491667,0.76750004,0.2825,0.87916666,0.9508333,0.9066667,0.58833337,0.99,0.73833334,0.5816667,0.42749998,0.43916667,0.75250006,0.93833333,0.21416667,0.40416667,0.97583336,0.91249996,0.37916666,0.3825,0.84499997,0.9141667,0.69083333,0.80166674,0.6666667,0.95666665,0.48166665,0.07166667,0.048333336,0.86833334,0.6583333,0.6391667,0.5225,0.23750001,0.635,0.18666667,0.30124998,0.4691667,0.8508333,0.61083335,0.5675,0.7058333,0.50916666,0.80083334,0.905,0.8416667,0.35916668,0.8325,0.038333334,0.9058333,0.98,0.885,0.46,0.61333334,0.60083336,0.6575,0.65583336,0.7241667,0.4041667,0.90666664,0.88916665,0.35250002,0.5925,0.087500006,0.8908334,0.7533334,0.515,0.95,0.3391667,0.91166663,0.7916667,0.50333333,0.9525,0.88,0.79333335,0.77500004,0.44750002,0.43333334,0.84583336,0.74166673,0.55916667,0.85,0.34750003,0.75500005,0.7591667,0.9525,0.6533333,0.5975,0.66833335,0.15833335,0.7225,0.6191667,0.37333333,0.925,0.67,0.8591667,0.4466667,0.3541667,0.95,0.40833336,0.955,0.485,0.7366667,0.64916664,0.7225,0.37833336,0.7158333,0.48083335,0.83750004,0.8441667,0.2775,0.9558333,0.43583336,0.0475,0.62333333,0.6575,0.9241667,0.5833334,0.86333334,0.7608334,0.78916675,0.33583334,0.8958333,0.7925001,0.39166668,0.52166665,0.35833335,0.6225,0.66583335,0.89916664,0.48833337,0.100833334,0.44666666,0.30833334,0.53333336,0.52916664,0.9325,0.92583334,0.057500005,0.16583332,0.36083332,0.61583334,0.34083334,0.64,0.43,0.36916667,0.9216667,0.8033334,0.47500002,0.88916665,0.565,0.80416673,0.87583333,0.88666666,0.87583333,0.9875,0.5566667,0.315
BC2026_Train_0004_S08_20250607_070007_60,0.8416667,0.87416667,0.8183334,0.37583333,0.91333336,0.87583333,0.35750002,0.84416664,0.8233333,0.14333335,0.38833332,0.7008333,0.68166673,0.93416667,0.9691667,0.7833333,0.87,0.92333335,0.36916667,0.96166664,0.6725,0.81666666,0.8141667,0.52250004,0.5391667,0.40416667,0.5083333,0.34916666,0.7083334,0.21583334,0.67,0.6433333,0.95416665,0.4475,0.61833334,0.6391667,0.74750006,0.81750005,0.9816667,0.6341667,0.8666667,0.9608333,0.5183333,0.6566667,0.94,0.94,0.8475,0.95416665,0.9033333,0.8266667,0.62583333,0.60583335,0.6325,0.8741667,0.7958334,0.4625,0.56916666,0.44,0.7133333,0.8075,0.68583333,0.875,0.7291667,0.66083336,0.825,0.585,0.6225,0.60083336,0.6933334,0.62333333,0.6691667,0.8066667,0.9083333,0.8608333,0.38083333,0.36666667,0.64666665,0.8908333,0.45583335,0.91583335,0.96000004,0.9608333,0.67583334,0.96166664,0.89916664,0.91083336,0.53833336,0.65583336,0.61,0.90333337,0.5975,0.74083334,0.95416665,0.8808333,0.70750004,0.6091667,0.8375,0.8808333,0.6116667,0.9041667,0.71250004,0.9583333,0.59333336,0.18750001,0.2125,0.9316667,0.68666667,0.9425,0.6666667,0.4741667,0.7666667,0.37916666,0.56083333,0.55916667,0.8316667,0.7241667,0.65083337,0.78916675,0.7325001,0.7900001,0.8825,0.8666667,0.505,0.84000003,0.2325,0.9525,0.94666666,0.90500003,0.6741667,0.49916667,0.65083337,0.81083333,0.745,0.81500006,0.60333335,0.96,0.8158334,0.45583332,0.8341667,0.18083334,0.7891667,0.7316667,0.8266667,0.9683333,0.2925,0.8808333,0.9008333,0.7391667,0.86333334,0.9541667,0.8908333,0.86833334,0.79,0.7341667,0.90416664,0.86833334,0.635,0.86333334,0.4925,0.8958333,0.76250005,0.9375,0.6775,0.70250005,0.84333336,0.1675,0.6483334,0.91249996,0.6141667,0.90416664,0.7966667,0.90583336,0.66083336,0.6458333,0.9625,0.64750004,0.9875,0.6408333,0.87916666,0.8108334,0.95916665,0.58416665,0.83833337,0.7833334,0.85333335,0.65749997,0.58916664,0.9775,0.80083334,0.06666667,0.8125,0.66333336,0.96999997,0.6983334,0.9741667,0.9266667,0.8000001,0.51,0.8958333,0.8675,0.55333334,0.81250006,0.81416667,0.7033334,0.87166667,0.96,0.6075,0.29333335,0.73166674,0.37,0.7025,0.605,0.8525,0.90250003,0.16333333,0.26416665,0.50333333,0.8858333,0.4775,0.76416665,0.56916666,0.5183334,0.8625,0.8616667,0.5825,0.8008334,0.7883334,0.83250004,0.9508334,0.91333336,0.88166666,0.99583334,0.7016667,0.4166667
BC2026_Train_0005_S08_20250607_070007_5,0.76666665,0.8833333,0.8591667,0.44000003,0.81250006,0.88750005,0.41166666,0.53583336,0.7608333,0.39416665,0.37666667,0.8833333,0.7425,0.8541667,0.8858333,0.5325,0.6325,0.6816667,0.14,0.8016667,0.7125,0.81916666,0.80916667,0.84166664,0.46333337,0.50083333,0.6666666,0.65250003,0.94916666,0.5275,0.76000005,0.8066667,0.8616667,0.7925,0.87166667,0.87416667,0.6408333,0.5858334,0.96000004,0.59833336,0.82750005,0.9616667,0.6308333,0.84,0.9575,0.9575,0.81250006,0.8641667,0.8575,0.6441667,0.6933333,0.6933333,0.68666667,0.92333335,0.76500005,0.6041667,0.65166664,0.25583333,0.87916666,0.71333337,0.49500003,0.75750005,0.71833336,0.4425,0.56083333,0.7191667,0.55833334,0.5125,0.8258333,0.5441667,0.83500004,0.7841667,0.86583334,0.7583334,0.86083335,0.68916667,0.81666666,0.95,0.77250004,0.8166667,0.93,0.9291667,0.78333336,0.9941667,0.9541667,0.69166666,0.7966667,0.63,0.93083334,0.9116667,0.37083334,0.86,0.8933333,0.6016667,0.71000004,0.835,0.7708334,0.63166666,0.71416664,0.82750005,0.68416667,0.985,0.6575,0.43166667,0.18,0.9008333,0.74416673,0.9975,0.91499996,0.68083334,0.9125,0.49500003,0.8616667,0.6641667,0.81250006,0.7608334,0.78833336,0.7008334,0.7558334,0.87166667,0.84083337,0.91333336,0.6625,0.9916667,0.415,0.955,0.73333335,0.8541667,0.7733334,0.505,0.9141666,0.90833336,0.79,0.8775,0.91166663,0.9125,0.7241667,0.58,0.9691667,0.08083334,0.59333336,0.6825,0.8908333,0.9875,0.50416666,0.8691667,0.9558333,0.5975,0.645,0.88,0.99833333,0.90166664,0.90749997,0.7941667,0.88916665,0.8875,0.7933334,0.8933333,0.68666667,0.82750005,0.7266667,0.8875,0.74500006,0.74666667,0.9191667,0.31083333,0.6116667,0.92583334,0.82250005,0.9483333,0.785,0.9475,0.7900001,0.70916665,0.9483333,0.555,0.98583335,0.65166664,0.965,0.79583335,0.97583336,0.5858333,0.8983333,0.935,0.8933333,0.8675,0.79666674,0.9816667,0.89750004,0.15416667,0.90500003,0.80250007,0.73,0.84083337,0.99833333,0.9483333,0.90999997,0.6933333,0.845,0.8333333,0.47833335,0.9625,0.8691667,0.7041667,0.935,0.9175,0.6766667,0.54083335,0.83833337,0.60083336,0.735,0.75916666,0.98333335,0.905,0.105,0.36166668,0.66249996,0.90999997,0.6091667,0.96,0.72583336,0.92,0.99,0.9775,0.6575,0.6458334,0.7966667,0.93833333,0.9775,0.9525,0.91083336,0.9191667,0.91166663,0.6016667
BC2026_Train_0005_S08_20250607_070007_10,0.68333334,0.80666673,0.82500005,0.45916668,0.875,0.95666665,0.4966667,0.6016666,0.75166667,0.37166667,0.40333334,0.7866667,0.7366667,0.7958334,0.8958333,0.635,0.6483334,0.7016667,0.2225,0.8283334,0.7433334,0.85249996,0.86,0.83916664,0.44916672,0.6166667,0.63416666,0.61,0.9216667,0.47166666,0.745,0.805,0.86333334,0.72083336,0.8333334,0.8183333,0.6458333,0.5858334,0.9695834,0.57,0.84250003,0.96583337,0.61,0.7583334,0.96416664,0.9675,0.8008334,0.8616667,0.84833336,0.57416666,0.68833333,0.6766667,0.6766667,0.95708334,0.7633334,0.82500005,0.6675,0.31583333,0.8416667,0.8858333,0.44166666,0.6408334,0.7125,0.44916666,0.80583334,0.76500005,0.48333332,0.575,0.84,0.6325,0.84416664,0.91249996,0.89416665,0.77750003,0.72833335,0.6533333,0.86833334,0.9066667,0.45,0.8983333,0.95666665,0.9466667,0.78583336,0.9358334,0.935,0.7975,0.7708334,0.5716667,0.9058333,0.95416665,0.39083332,0.77250004,0.81666666,0.67083335,0.7458334,0.8933333,0.75625,0.6341667,0.6533333,0.8,0.57500005,0.99916667,0.8583333,0.4391667,0.21166667,0.8666667,0.87,0.96833336,0.8441667,0.7058334,0.8466667,0.61333334,0.7475,0.5925,0.855,0.81250006,0.865,0.71583337,0.92333335,0.8308334,0.8616667,0.955,0.6308333,0.96500003,0.30083334,0.96666664,0.75666666,0.93,0.7958334,0.7241667,0.86833334,0.88666666,0.9183333,0.8366667,0.7616667,0.9433334,0.76000005,0.72416663,0.9891667,0.15833335,0.5708333,0.62166667,0.9108333,0.9691667,0.56166667,0.9058333,0.99666667,0.6675,0.595,0.7441667,0.9891667,0.8875,0.91249996,0.7900001,0.855,0.8983334,0.9241667,0.9533333,0.71,0.865,0.6375,0.95666665,0.8283333,0.95166665,0.88,0.42333332,0.69750005,0.9791667,0.89166665,0.885,0.7716667,0.98583335,0.7191667,0.89666665,0.9766667,0.485,0.995,0.6633333,0.9508333,0.70416665,0.97833335,0.65833336,0.84083337,0.89916664,0.94416666,0.8083334,0.6516667,0.9608333,0.9441667,0.51666665,0.8441667,0.73916674,0.8491667,0.80083334,0.9825,0.97833335,0.88666666,0.63166666,0.88,0.9008333,0.50666666,0.97083336,0.85,0.8883334,0.97583336,0.90250003,0.6975,0.4675,0.95166665,0.41916668,0.735,0.71333337,0.8166667,0.95666665,0.1425,0.7208333,0.62333333,0.9516667,0.66083336,0.9875,0.72416675,0.7791667,0.9616667,0.975,0.7341667,0.6333333,0.92,0.96750003,0.9716667,0.94916666,0.87166667,0.9766667,0.895,0.6075
BC2026_Train_0005_S08_20250607_070007_15,0.58500004,0.92583334,0.8625,0.38166666,0.80416673,0.7066667,0.22916666,0.2775,0.62916666,0.36916667,0.32583335,0.8266667,0.48749998,0.8000001,0.7583333,0.46083334,0.4775,0.40666667,0.13166668,0.63750005,0.55,0.5683333,0.58166665,0.56416667,0.28666666,0.25083333,0.545,0.45250002,0.9683333,0.3075,0.72833335,0.6358334,0.87916666,0.7875,0.7116667,0.8308333,0.6616667,0.59833336,0.9691667,0.59583336,0.8575,0.95750004,0.5233333,0.6791667,0.96166664,0.9583333,0.8133334,0.875,0.86,0.595,0.58833337,0.6116667,0.60083336,0.93,0.77750003,0.43333334,0.63166666,0.19999999,0.66,0.71833336,0.26416665,0.37166667,0.5975,0.37833333,0.5466667,0.52500004,0.4575,0.3375,0.7816667,0.61916673,0.68583333,0.7558334,0.7891667,0.79916674,0.8983333,0.52166665,0.81250006,0.87416667,0.37833333,0.79166675,0.91749996,0.9816667,0.64666665,0.7741667,0.8366667,0.62375003,0.6016667,0.34666666,0.8591667,0.8291667,0.09916666,0.75,0.8033334,0.6241667,0.6141667,0.85583335,0.5766667,0.71333337,0.49583334,0.7825,0.6275,0.96833336,0.9458334,0.245,0.125,0.6725,0.72083336,0.75416666,0.76000005,0.56333333,0.7875,0.3175,0.56333333,0.485,0.83500004,0.7708334,0.5991667,0.62083334,0.6816667,0.8333334,0.8091667,0.8675,0.5683334,0.9866667,0.20166667,0.9275,0.4016667,0.98083335,0.7483334,0.84,0.88,0.7975,0.8241667,0.80750006,0.69,0.965,0.8016667,0.41250002,0.9508333,0.07666667,0.51250005,0.6616667,0.90916663,0.94083333,0.5866667,0.87333333,0.95416665,0.66083336,0.59583336,0.305,0.99,0.8058334,0.8833333,0.725,0.87666667,0.8166667,0.7358334,0.85,0.61833334,0.725,0.62166667,0.8691667,0.6125,0.7258333,0.785,0.105,0.58,0.99,0.5991667,0.87166667,0.52666664,0.94666666,0.69500005,0.68000007,0.9533333,0.22083333,1.0,0.62083334,0.9475,0.7116667,0.92583334,0.56,0.72833335,0.6491667,0.87583333,0.7641667,0.5325,0.8883333,0.6166667,0.735,0.81000006,0.68666667,0.7375001,0.74083334,0.91,0.925,0.8775,0.42166668,0.66,0.8391667,0.46250004,0.92833334,0.73833334,0.9633333,0.9291667,0.8083334,0.60833335,0.47916666,0.9766667,0.23,0.6125,0.6716667,0.6541667,0.8366667,0.065000005,0.8641667,0.5258333,0.9291667,0.5691667,1.0,0.54125005,0.51166666,0.96166664,0.95916665,0.59583336,0.7691667,0.69,0.9125,0.90666664,0.9866667,0.87,0.97166663,0.74916667,0.47416666
BC2026_Train_0005_S08_20250607_070007_20,0.6383333,0.96999997,0.91166663,0.39666668,0.62916666,0.47833335,0.08916667,0.107499994,0.6125,0.21666667,0.275,0.89416665,0.35333335,0.6166667,0.5525,0.25166667,0.25416666,0.2225,0.068333335,0.53333336,0.28166667,0.51666665,0.25333333,0.53166664,0.15083334,0.055833332,0.48583335,0.39083332,0.8883333,0.2325,0.7083334,0.5258333,0.8908333,0.8541667,0.83250004,0.83666664,0.62583333,0.6408334,0.9475,0.71500003,0.86833334,0.95750004,0.5883333,0.5825,0.98333335,0.98333335,0.8525,0.89666665,0.87333333,0.8166667,0.6308333,0.6475,0.6375,0.9441667,0.8366667,0.23333333,0.5883333,0.14,0.26833335,0.32,0.34333336,0.21333334,0.44333336,0.3775,0.35500002,0.30083334,0.47333333,0.20333333,0.66583335,0.6225,0.5341667,0.36166668,0.66583335,0.695,0.96416664,0.5783334,0.63250005,0.8308334,0.23666668,0.6475,0.84583336,0.9291667,0.5725,0.315,0.8116667,0.59916663,0.55333334,0.25916666,0.6091667,0.5625,0.07083334,0.6125,0.68583333,0.4633333,0.285,0.4325,0.67583334,0.65,0.4825,0.72833335,0.5233333,0.89916664,0.855,0.12666667,0.065000005,0.6075,0.47083336,0.435,0.5875,0.37666667,0.76500005,0.16833334,0.43083334,0.4425,0.7825,0.67333335,0.4466667,0.4925,0.3841667,0.84583336,0.69,0.8216667,0.47000003,0.9841667,0.124166675,0.935,0.35,0.9525,0.6775,0.6575,0.9183333,0.50083333,0.5229167,0.7916667,0.5575,0.82416666,0.7216667,0.33333334,0.7925,0.0225,0.33,0.6025,0.7616667,0.86,0.4258333,0.8016667,0.70250005,0.45,0.47166666,0.2875,0.93666667,0.7708334,0.66,0.5683334,0.9375,0.73333335,0.5,0.6116667,0.52166665,0.46666667,0.6041667,0.7391667,0.3766667,0.5441667,0.7741667,0.013333335,0.35666668,0.93833333,0.3775,0.93,0.255,0.9,0.51666665,0.43333334,0.845,0.13833334,0.9791667,0.47416666,0.9558333,0.63416666,0.66333336,0.49916667,0.7091667,0.5158333,0.83250004,0.6308333,0.4766667,0.7291667,0.29166666,0.46249998,0.77500004,0.72749996,0.44583333,0.6491667,0.8216667,0.62916666,0.7991667,0.37416667,0.40833336,0.65500003,0.3983333,0.56,0.42833334,0.68416667,0.6816667,0.58166665,0.4391667,0.46583337,0.78583336,0.22416666,0.45000002,0.6166667,0.51916665,0.9091667,0.038333334,0.7141667,0.465,0.7341667,0.43,0.8775,0.45666665,0.45250002,0.88,0.91166663,0.36,0.6958333,0.47333336,0.64000005,0.83250004,0.975,0.8266667,0.76500005,0.6933333,0.41916668
BC2026_Train_0005_S08_20250607_070007_25,0.7308334,0.9345833,0.81000006,0.33083335,0.7708334,0.5425,0.1675,0.25250003,0.72583336,0.23916668,0.3983333,0.7750001,0.35000002,0.6958333,0.7833334,0.49416667,0.41166666,0.4,0.125,0.65000004,0.3991667,0.88916665,0.3825,0.5858334,0.37583333,0.08583333,0.59083337,0.23,0.8075,0.20916668,0.70750004,0.5341667,0.8875,0.72833335,0.7641667,0.74250007,0.6125,0.7658334,0.9191667,0.61333334,0.9175,0.9516667,0.58833337,0.5541667,0.99583334,0.99583334,0.86583334,0.8925,0.895,0.89916664,0.6383333,0.64166665,0.635,0.9316667,0.85791665,0.2375,0.5466667,0.28333333,0.25666666,0.26833335,0.6041667,0.24333334,0.5,0.5058333,0.42833334,0.37416667,0.53583336,0.28166667,0.6333333,0.585,0.61083335,0.43833333,0.8725,0.9166667,0.8258334,0.78083336,0.735,0.9083333,0.30666667,0.735,0.97583336,0.9625,0.74333334,0.3725,0.8183334,0.6066667,0.57,0.6066667,0.56166667,0.8191667,0.15166667,0.5708334,0.8133334,0.5858334,0.72,0.4725,0.9483333,0.7091667,0.8858333,0.9191667,0.50666666,0.915,0.62166667,0.10583333,0.0275,0.90916663,0.65833336,0.6958333,0.79833335,0.41333336,0.85,0.3841667,0.42916667,0.4425,0.8125,0.74333334,0.425,0.62,0.4716667,0.97083336,0.7325,0.9158333,0.52666664,0.9508333,0.108333334,0.98333335,0.67833334,0.88666666,0.6383333,0.29916668,0.8000001,0.8541666,0.5225,0.91333336,0.6766667,0.8241667,0.65166664,0.335,0.6958334,0.014166668,0.3491667,0.74666667,0.77833337,0.9275,0.2625,0.8208334,0.76000005,0.5491667,0.62666667,0.60583335,0.89666665,0.8908333,0.7975,0.57708335,0.97833335,0.7666667,0.65333337,0.85083336,0.58750004,0.58166665,0.6766667,0.9108333,0.46083334,0.62416667,0.93666667,0.071666665,0.60833335,0.7791667,0.5083333,0.75750005,0.46083334,0.98083335,0.62416667,0.60083336,0.9625,0.29,0.93666667,0.47666666,0.94166666,0.5516667,0.68916667,0.5683333,0.9033333,0.88,0.95416665,0.8466667,0.675,0.86083335,0.30833334,0.04916667,0.7975,0.6925,0.6825,0.91833335,0.9125,0.8858333,0.8333334,0.40916666,0.77833337,0.7416667,0.39166668,0.68916667,0.59250003,0.71833336,0.7441667,0.84583336,0.65250003,0.2625,0.63750005,0.5133333,0.67083335,0.6916667,0.6,0.9875,0.027500002,0.18166667,0.525,0.69166666,0.41750002,0.84333336,0.61,0.5366667,0.81000006,0.85083336,0.8325,0.6666667,0.57,0.68916667,0.93,0.99,0.8358333,0.95166665,0.7566667,0.3925
BC2026_Train_0005_S08_20250607_070007_30,0.81250006,0.93666667,0.87,0.39916664,0.7416667,0.6041666,0.19666667,0.4075,0.69916666,0.21666667,0.36333334,0.8625,0.4475,0.7791667,0.8208334,0.5891667,0.4091667,0.4641667,0.1525,0.74750006,0.37833336,0.7083334,0.5283333,0.5958333,0.43583333,0.17416668,0.5841667,0.33666667,0.78000003,0.3008333,0.65583336,0.56083333,0.9,0.7733334,0.7533334,0.77250004,0.6525,0.6983334,0.90833336,0.56,0.8925,0.95000005,0.58500004,0.57666665,0.995,0.995,0.89,0.9083333,0.8875,0.8666667,0.62166667,0.6358334,0.6325,0.9225,0.8516667,0.2625,0.5366667,0.1875,0.48333335,0.41166666,0.58416665,0.36583334,0.63166666,0.4425,0.455,0.40166664,0.5241667,0.3391667,0.7025,0.5966667,0.6041667,0.55833334,0.8933333,0.8154167,0.76250005,0.6325,0.8133334,0.93916667,0.31,0.76,0.93833333,0.935,0.7925,0.55083334,0.86583334,0.62833333,0.6775,0.73333335,0.6433334,0.9266667,0.245,0.6825,0.8775,0.6141667,0.8458333,0.4883333,0.97083336,0.7508334,0.98,0.9291667,0.6566667,0.8983333,0.5666667,0.17500001,0.10250001,0.9375,0.65666664,0.735,0.9583333,0.60333335,0.87083334,0.33166668,0.5341667,0.4875,0.78666675,0.79833335,0.60333335,0.625,0.51750004,0.99666667,0.7683334,0.93,0.64416665,0.91,0.16250001,0.96,0.8441667,0.9008333,0.6558333,0.33166665,0.8366667,0.96500003,0.5941667,0.94666666,0.8675,0.8508333,0.62583333,0.34833333,0.7508334,0.05666667,0.4825,0.73583335,0.71833336,0.955,0.31416667,0.8183334,0.6516667,0.6208334,0.76666665,0.725,0.92333335,0.87166667,0.96999997,0.6541667,0.9891667,0.80333334,0.6508333,0.8366667,0.61833334,0.6641667,0.8116667,0.8933333,0.53583336,0.6416667,0.93416667,0.10416667,0.7275,0.7916667,0.52,0.78083336,0.6716667,0.9575,0.66,0.5233333,0.93416667,0.34583336,0.8958333,0.5175,0.93083334,0.57416666,0.73833334,0.60499996,0.9291667,0.97333336,0.94416666,0.7358334,0.7058334,0.94916666,0.37916666,0.051666666,0.82500005,0.6875,0.8625,0.9816667,0.9,0.9008333,0.85333335,0.465,0.7825,0.73916674,0.5366667,0.7166667,0.6666667,0.97833335,0.7666667,0.9016667,0.6725,0.29833335,0.6091667,0.56500006,0.7091667,0.6225,0.68833333,0.9266667,0.060000006,0.27166668,0.495,0.6775,0.50166667,0.8525,0.6375,0.51166666,0.77250004,0.8366667,0.9766667,0.71333337,0.6175,0.73083335,0.94083333,0.9875,0.8758333,0.97,0.9291667,0.4325
BC2026_Train_0005_S08_20250607_070007_35,0.7591667,0.8883333,0.8000001,0.45166668,0.7,0.59583336,0.23833333,0.41833335,0.6458334,0.16666667,0.335,0.7291667,0.49166667,0.8983333,0.8475,0.7041667,0.42916664,0.5133333,0.20666666,0.7275,0.3675,0.67333335,0.4741667,0.63416666,0.6833334,0.17,0.74750006,0.31,0.7525,0.25,0.60583335,0.6041667,0.88416666,0.82,0.72333336,0.7641667,0.69166666,0.66083336,0.87833333,0.5741667,0.8491667,0.9041667,0.5991667,0.6391667,0.9925,0.9925,0.8641667,0.9033333,0.87833333,0.795,0.61083335,0.6141667,0.6308333,0.88416666,0.8258334,0.2875,0.535,0.10666666,0.43083334,0.46833333,0.5466667,0.2875,0.6825,0.41166666,0.37083334,0.43666667,0.5133333,0.40833333,0.6875,0.54083335,0.66333336,0.61083335,0.85333335,0.80750006,0.865,0.62583333,0.79583335,0.9575,0.28333333,0.7891667,0.95666665,0.96416664,0.7816667,0.9075,0.9083333,0.75666666,0.8358334,0.8083334,0.75750005,0.87666667,0.21916667,0.7075,0.90833336,0.66583335,0.73083335,0.54583335,0.9175,0.77166677,0.96416664,0.965,0.7083333,0.87666667,0.585,0.22666669,0.060000002,0.93083334,0.6691667,0.7325001,0.95,0.6716666,0.93666667,0.255,0.5625,0.5291667,0.7125,0.8475,0.7108334,0.665,0.5808333,0.99916667,0.78833336,0.92833334,0.65166664,0.945,0.27,0.9425,0.8833333,0.93583333,0.77583337,0.36083335,0.7741667,0.925,0.635,0.9241667,0.8933333,0.8808333,0.6608333,0.39666668,0.8183334,0.061666667,0.46750003,0.7991667,0.80333334,0.9525,0.24000001,0.85583335,0.62416667,0.7058334,0.665,0.85,0.9675,0.89750004,1.0,0.70166665,0.96,0.8475,0.68083334,0.75416666,0.74833333,0.65666664,0.9291667,0.855,0.66,0.62916666,0.965,0.14000002,0.53083336,0.80916667,0.58833337,0.9625,0.8075,0.93833333,0.6716667,0.48083332,0.88916665,0.25083333,0.9108333,0.50083333,0.97583336,0.5666667,0.83500004,0.64,0.955,0.985,0.84166664,0.785,0.81,0.945,0.53,0.05916667,0.8808333,0.7416667,0.86249995,0.9508333,0.90166664,0.91833335,0.9008333,0.4225,0.8216667,0.7291667,0.48083332,0.77500004,0.8166667,0.7258334,0.8258334,0.9025,0.7266667,0.67833334,0.69416666,0.49833333,0.7025,0.6775,0.67333335,0.8108334,0.07416667,0.3366667,0.6,0.7266667,0.52000004,0.8541667,0.69000006,0.5,0.8316667,0.91833335,0.8541667,0.7541667,0.6491667,0.6691667,0.9683333,0.99583334,0.8991667,0.9291667,0.93416667,0.47
BC2026_Train_0005_S08_20250607_070007_40,0.73,0.85583335,0.86,0.41166666,0.72916675,0.76208335,0.48333335,0.565,0.67333335,0.26333332,0.35250002,0.7641667,0.62583333,0.90583336,0.96,0.89750004,0.555,0.62333333,0.27833334,0.7975,0.5116667,0.84833336,0.6966667,0.8375,0.8808333,0.48166668,0.9825,0.5025,0.9108333,0.35666668,0.58750004,0.7741667,0.8641667,0.90250003,0.8108334,0.84749997,0.6458333,0.6441667,0.855,0.5841667,0.8516667,0.8641667,0.67,0.77000004,0.9825,0.9825,0.8341667,0.88,0.8641667,0.79166675,0.6675,0.6466667,0.6641667,0.85583335,0.8241667,0.4875,0.575,0.12083334,0.7016667,0.6,0.4375,0.48250002,0.68083334,0.42666668,0.4991667,0.60833335,0.565,0.5675,0.8358334,0.7033333,0.8325,0.7375001,0.79916674,0.7866667,0.98583335,0.6458333,0.8466667,0.9608333,0.26749998,0.87333333,0.91749996,0.9075,0.8258333,0.9716667,0.9766667,0.93333334,0.67499995,0.63166666,0.8983333,0.77750003,0.35583335,0.84833336,0.9641667,0.7225,0.5833333,0.8433333,0.8316667,0.74833333,0.7791667,0.92583334,0.6983334,0.89666665,0.7975,0.42,0.03666667,0.89916664,0.6933334,0.8316667,0.8833333,0.66583335,0.8608333,0.43666667,0.5683333,0.5166667,0.69166666,0.81000006,0.56166667,0.825,0.61083335,0.96750003,0.81500006,0.94166666,0.67833334,0.96916664,0.595,0.90749997,0.79,0.96166664,0.82000005,0.45916668,0.84333336,0.8025,0.7329167,0.9216667,0.85083336,0.8541666,0.8191667,0.47333333,0.8883333,0.108333334,0.48083335,0.665,0.8675,0.9125,0.41,0.93333334,0.7225,0.7008334,0.59250003,0.75250006,0.9791667,0.88,0.9825,0.7633333,0.965,0.86583334,0.65583336,0.8575,0.8466667,0.7458334,0.84333336,0.8441667,0.7608334,0.65250003,0.905,0.12666667,0.4875,0.88666666,0.6541667,0.9866667,0.65,0.9525,0.645,0.51666665,0.875,0.51750004,0.9175,0.5466667,1.0,0.72583336,0.915,0.73083335,0.9141667,0.9675,0.8958333,0.91,0.7950001,0.9325,0.84416664,0.17416668,0.80583334,0.7891667,0.7275,0.94666666,0.925,0.9475,0.89,0.47916666,0.8104167,0.8266667,0.46083334,0.87083334,0.90166664,0.62416667,0.9033333,0.88166666,0.8475,0.9766667,0.725,0.42666668,0.6383333,0.64250004,0.7425,0.785,0.084166676,0.35416666,0.63166666,0.84916663,0.5716667,0.94416666,0.75666666,0.5975,0.94083333,0.9675,0.6616667,0.70500004,0.7058334,0.78583336,0.9816667,0.9683333,0.97583336,0.86833334,0.97166663,0.46083334
BC2026_Train_0005_S08_20250607_070007_45,0.70500004,0.865,0.86583334,0.35583335,0.6625,0.7608334,0.37583336,0.43666667,0.70750004,0.3425,0.30916667,0.8575,0.50333333,0.7416667,0.86333334,0.83500004,0.50750005,0.48499998,0.2575,0.74,0.4075,0.73,0.53833336,0.6958333,0.80916667,0.24583334,0.83250004,0.38500002,0.8333334,0.31583333,0.62833333,0.6566667,0.8875,0.84000003,0.76250005,0.84499997,0.6483333,0.68583333,0.88666666,0.7833334,0.915,0.89166665,0.60083336,0.6866667,0.9816667,0.9816667,0.86,0.8975,0.88916665,0.8441667,0.6308334,0.6408334,0.6408334,0.9033333,0.84333336,0.3,0.6333333,0.05,0.6,0.38250002,0.38333336,0.47083336,0.5833334,0.3466667,0.52,0.5491667,0.45,0.55,0.81000006,0.74416673,0.7116667,0.57666665,0.6775,0.8425,0.93,0.60833335,0.8333334,0.92,0.3425,0.8691667,0.7891667,0.9375,0.74666667,0.84250003,0.9141667,0.9591667,0.605,0.48916668,0.7066667,0.6983334,0.20416667,0.8645833,0.9025,0.655,0.5425,0.6433334,0.80250007,0.8475,0.6975,0.9083333,0.6666667,0.87,0.75250006,0.37833333,0.08083333,0.83750004,0.6191667,0.7925,0.6791667,0.62833333,0.7741667,0.4491667,0.50166667,0.555,0.6716667,0.7516667,0.48000002,0.7608334,0.485,0.9241667,0.8516667,0.89416665,0.6541667,0.94166666,0.40583333,0.9033333,0.77750003,0.96166664,0.6933334,0.7341667,0.8525,0.77250004,0.76250005,0.91,0.61583334,0.85583335,0.76958334,0.42166668,0.79,0.041666668,0.36666667,0.6575,0.7791667,0.8975,0.42333335,0.85583335,0.6795833,0.6066667,0.54,0.645,0.93833333,0.85,0.8291667,0.6825,1.0,0.7741667,0.5733333,0.8808333,0.7208334,0.7158333,0.79333335,0.83750004,0.65333337,0.6075,0.88916665,0.12916666,0.6566667,0.8416667,0.5533334,0.9508333,0.5408333,0.93333334,0.6591667,0.59333336,0.87,0.46,0.88,0.49333334,0.98,0.72,0.7225,0.60749996,0.9633333,0.8933333,0.9433333,0.79166675,0.88166666,0.88666666,0.6025,0.41833332,0.74958336,0.6583333,0.595,0.85833335,0.885,0.9141667,0.86833334,0.39333335,0.7366667,0.7841667,0.37583333,0.7891667,0.7666667,0.5208333,0.84333336,0.8058334,0.7366667,0.94000006,0.65083337,0.24416666,0.6025,0.5975,0.76166666,0.7708334,0.06666666,0.63166666,0.49166667,0.84000003,0.48333332,0.93916667,0.71916664,0.49583334,0.84000003,0.9108333,0.5516667,0.74750006,0.58500004,0.855,0.9525,0.9575,0.8804167,0.83750004,0.9425,0.47250003
BC2026_Train_0005_S08_20250607_070007_50,0.53999996,0.83000004,0.7633333,0.365,0.43333334,0.5266667,0.1525,0.24083334,0.5566667,0.41416666,0.25583333,0.5933333,0.31833333,0.725,0.79416674,0.5166667,0.2875,0.505,0.17916667,0.6041667,0.21166667,0.44583333,0.65500003,0.51750004,0.3975,0.09666667,0.555,0.22416666,0.90916663,0.20166667,0.675,0.7008333,0.91166663,0.84416664,0.5291667,0.9383334,0.75250006,0.7166667,0.9641667,0.90500003,0.915,0.94,0.48916668,0.8675,0.96666664,0.96666664,0.83500004,0.8825,0.8858333,0.8466667,0.5766667,0.58000004,0.56333333,0.95000005,0.8391667,0.28333333,0.67083335,0.065000005,0.37250003,0.22583334,0.3425,0.26416665,0.40166667,0.29916665,0.35666668,0.38666666,0.40583333,0.46166664,0.81333333,0.7266667,0.6566667,0.38833332,0.785,0.71250004,0.9166667,0.63250005,0.68333334,0.9558333,0.47166666,0.86,0.81500006,0.89500004,0.6933333,0.3675,0.77000004,0.9875,0.60583335,0.44333336,0.63666666,0.8566667,0.13166668,0.8208334,0.76166666,0.68333334,0.60583335,0.36333334,0.7833334,0.89666665,0.7558333,0.90000004,0.7633334,0.8641667,0.8116667,0.4025,0.22083333,0.87166667,0.61083335,0.65333337,0.68416667,0.68916667,0.9458333,0.49083334,0.47000003,0.77833337,0.5925,0.8066667,0.47833332,0.7041667,0.61583334,0.9558333,0.93833333,0.8975,0.74333334,0.93416667,0.17416668,0.935,0.8466667,0.98833334,0.7458334,0.88666666,0.7375001,0.8266667,0.7616667,0.94166666,0.62166667,0.7833334,0.7875,0.39083335,0.77833337,0.17250001,0.33833334,0.81416667,0.82500005,0.90166664,0.55916667,0.73,0.69,0.68916667,0.6725,0.7566667,0.95416665,0.865,0.79583335,0.72333336,0.9608333,0.82500005,0.7083333,0.8091667,0.59833336,0.7008333,0.7541667,0.8641667,0.53583336,0.6525,0.9791667,0.22083333,0.75666666,0.7108334,0.65833336,0.72583336,0.5566667,0.925,0.665,0.6925,0.9175,0.33083335,0.8883333,0.5333333,0.99,0.7558334,0.8016667,0.6541667,0.9975,0.7108334,0.8883334,0.6741667,0.92083335,0.87583333,0.56000006,0.665,0.8333334,0.6308334,0.7016667,0.8883333,0.82750005,0.9558333,0.9216667,0.39083335,0.68750006,0.74750006,0.48083335,0.55333334,0.64166665,0.51,0.86083335,0.84333336,0.5966667,0.9891667,0.69500005,0.33875,0.71750003,0.77166665,0.7275,0.7241667,0.14583333,0.8333334,0.5758334,0.79666674,0.5158333,0.9008333,0.6475,0.505,0.66833335,0.86333334,0.56333333,0.98083335,0.605,0.6983334,0.9266667,0.93333334,0.80166674,0.84833336,0.82750005,0.605
BC2026_Train_0005_S08_20250607_070007_55,0.6616667,0.81250006,0.7800001,0.44833332,0.6791667,0.6741667,0.16583334,0.38083333,0.56583333,0.39166665,0.31083333,0.5225,0.39750004,0.81250006,0.9291667,0.44583336,0.38333333,0.7983334,0.165,0.76000005,0.48333335,0.6383334,0.67333335,0.54291666,0.25833333,0.25333333,0.53833336,0.19166668,0.8875,0.2475,0.61583334,0.6433333,0.9058333,0.75750005,0.56583333,0.81916666,0.7458334,0.7616667,0.93583333,0.8441667,0.8908333,0.9091667,0.5225,0.67,0.97083336,0.97083336,0.855,0.8925,0.8983333,0.87416667,0.6408333,0.63,0.61,0.89166665,0.8279167,0.34583333,0.6625,0.10916667,0.46833333,0.55083334,0.52666664,0.3516667,0.5475,0.35750002,0.42083332,0.39499998,0.5783333,0.55333334,0.8325,0.81,0.71583337,0.575,0.9083333,0.84999996,0.95666665,0.5991667,0.77833337,0.9708333,0.32416666,0.91333336,0.93916667,0.9291667,0.7391667,0.54,0.7741667,0.95000005,0.63,0.48833334,0.67583334,0.9775,0.23500001,0.58750004,0.8266667,0.7241667,0.6175,0.46750003,0.9291667,0.885,0.94416666,0.98333335,0.74666667,0.96333337,0.68916667,0.32000002,0.11333333,0.96166664,0.665,0.80666673,0.935,0.635,0.97833335,0.32,0.49333334,0.66833335,0.7258334,0.8283334,0.72333336,0.6666667,0.67083335,0.985,0.9675,0.9375,0.75416666,0.90833336,0.15583335,0.98333335,0.9558333,0.99583334,0.7925001,0.78791666,0.75250006,0.91499996,0.86,0.92583334,0.8566667,0.9025,0.8316667,0.44500002,0.8308334,0.3625,0.39833334,0.8983333,0.8116667,0.93583333,0.65000004,0.84833336,0.8,0.77583337,0.68916667,0.8741667,0.945,0.9275,0.83833337,0.68416667,0.8983333,0.86583334,0.77250004,0.75333333,0.70166665,0.7341667,0.8166667,0.92333335,0.62083334,0.62416667,0.99333334,0.375,0.66,0.71500003,0.78333336,0.71333337,0.7966667,0.97583336,0.6716667,0.62666667,0.9525,0.35,0.9483333,0.62083334,0.96,0.675,0.8675,0.73166674,0.96750003,0.86,0.9216667,0.8291667,0.8725,0.87666667,0.49083334,0.3875,0.8833333,0.67583334,0.8666667,0.9675,0.8691667,0.92583334,0.9116667,0.45333332,0.845,0.77250004,0.5158333,0.59333336,0.84000003,0.61083335,0.90666664,0.91833335,0.6741667,0.9066667,0.735,0.5466667,0.7666667,0.83916664,0.7275,0.7658334,0.1125,0.6875,0.6341667,0.7841667,0.48166668,0.96166664,0.60333335,0.55916667,0.94416666,0.8883333,0.77750003,0.9925,0.6983334,0.6541667,0.99583334,0.93333334,0.8041667,0.9075,0.76500005,0.68
BC2026_Train_0005_S08_20250607_070007_60,0.745,0.79166675,0.7841667,0.42416668,0.87083334,0.7216667,0.22250001,0.50166667,0.68833333,0.39416668,0.4325,0.71250004,0.665,0.9175,0.98,0.65833336,0.58000004,0.8933333,0.23750001,0.87083334,0.7008333,0.935,0.7091667,0.7975,0.375,0.56,0.68083334,0.27583334,0.62,0.29250002,0.63666666,0.54,0.8641667,0.65583336,0.70000005,0.6166667,0.6958333,0.66583335,0.87166667,0.59583336,0.87333333,0.86333334,0.55,0.55333334,0.97333336,0.97333336,0.81500006,0.86333334,0.87583333,0.8033334,0.615,0.60083336,0.6141667,0.8808333,0.80666673,0.425,0.6275,0.335,0.6625,0.9475,0.70500004,0.5183333,0.6625,0.535,0.80666673,0.62833333,0.63750005,0.65416664,0.7683333,0.7841667,0.8425,0.80583334,0.95166665,0.9641667,0.705,0.7291667,0.9275,0.97833335,0.40583333,0.9125,0.96666664,0.94000006,0.8025,0.9266667,0.8675,0.5441667,0.70666665,0.53,0.8000001,0.98,0.42249998,0.5633334,0.93583333,0.70250005,0.73833334,0.7441667,0.8833333,0.7933334,0.845,0.9708333,0.7591667,0.99666667,0.4916667,0.31000003,0.114999995,0.9241667,0.79,0.90833336,0.8875,0.62583333,0.945,0.41333333,0.5875,0.6633333,0.8258334,0.8291667,0.9091667,0.66083336,0.8941667,0.9633333,0.8833333,0.97833335,0.6616667,0.89166665,0.13,0.9775,0.9275,1.0,0.80750006,0.51666665,0.71250004,0.90166664,0.83250004,0.8958333,0.88916665,0.90166664,0.78583336,0.43333334,0.92333335,0.23750001,0.49083337,0.87583333,0.84083337,0.9666667,0.59250003,1.0,0.9525,0.82416666,0.61,0.8808333,0.94916666,0.9041667,0.81000006,0.7166667,0.89916664,0.8233334,0.9266667,0.88916665,0.73083335,0.82,0.7950001,0.99,0.69750005,0.7633334,0.9583333,0.185,0.6641667,0.86333334,0.8883333,0.6641667,0.7716667,1.0,0.7041667,0.7016667,0.9725,0.43166664,0.9766667,0.77166665,0.9291667,0.55,0.9725,0.9,0.94416666,0.9241667,0.87333333,0.87833333,0.7975,0.9583333,0.63250005,0.06666666,0.84749997,0.6791667,0.9433334,0.93916667,0.93916667,0.94666666,0.8775,0.6308333,0.9633333,0.83666664,0.70250005,0.7766667,0.8666667,0.6666666,0.96916664,0.8983334,0.76250005,0.37500003,0.89,0.56000006,0.76166666,0.835,0.79333335,0.87166667,0.09916667,0.3825,0.6775,0.79833335,0.5816667,0.885,0.7216667,0.76750004,0.99333334,0.9508333,0.7491667,1.0,0.89166665,0.7970834,0.99666667,0.9575,0.9275,0.9633333,0.85083336,0.6358333
BC2026_Train_0006_S09_20250828_000000_5,0.6408333,0.55583334,0.22750002,0.23333332,0.4041667,0.6558333,0.38416666,0.24666667,0.22916669,0.3466667,0.3841667,0.17583333,0.19833334,0.34583333,0.38083333,0.21416667,0.07666667,0.7941667,0.19583334,0.1875,0.20666666,0.39666668,0.41166666,0.7075,0.52,0.32250002,0.7316667,0.5041667,0.6908334,0.24,0.8175,0.81000006,0.42416668,0.9916667,0.62083334,0.98333335,0.91333336,0.81083333,0.5995833,0.73,0.6916667,0.83833337,0.81333333,0.8033334,0.3491667,0.3625,0.58916664,0.29,0.5433333,0.6475,0.7741667,0.7716667,0.79833335,0.75166667,0.6408333,0.5875,0.92083335,0.39500004,0.44500002,0.29166666,0.31833333,0.2475,0.16833335,0.22583333,0.6358333,0.53333336,0.2675,0.21666667,0.8,0.32583335,0.8466667,0.75500005,0.8266667,0.49583334,0.9225,0.895,0.6175,0.65749997,0.88666666,0.6375,0.23416668,0.6541667,0.18166667,0.5366667,0.45333335,0.71,0.64000005,0.4475,0.77000004,0.5316667,0.65666664,0.6816667,0.6458334,0.7166667,0.585,0.6245833,0.33083335,0.74666667,0.39333332,0.48083338,0.94916666,0.83833337,0.99333334,0.29583335,0.4925,0.69416666,0.7941667,0.4625,0.6258334,0.78583336,0.535,0.9925,0.5475,0.87416667,0.67083335,0.84833336,0.6866667,0.8225,0.6725,0.6691667,0.56166667,0.74500006,0.7883334,0.6675,0.36333334,0.45000002,0.6933333,0.7091667,0.645,0.86333334,0.4775,0.46916667,0.6816667,0.5375,0.5708333,0.5833333,0.7416667,0.77833337,0.74000007,0.39333332,0.74,0.8133334,0.37583333,0.7975,0.47583336,0.245,0.8895833,0.44583333,0.82416666,0.5408333,0.21583332,0.5025,0.5208334,0.8266667,0.7875,0.54583335,0.9133333,0.6016667,0.9241667,0.8283334,0.87583333,0.7008334,0.7225,0.83750004,0.71333337,0.62,0.9791667,0.7591667,0.78000003,0.60833335,0.78666675,0.59333336,0.75750005,0.82750005,0.5666667,0.40583333,0.5183333,0.5275,0.6633333,0.7641667,0.85749996,0.86791664,0.7225,0.8225,0.7375,0.7833333,0.9583333,0.71583337,0.725,0.7975,0.37166667,0.32916668,0.5966667,0.6141667,0.77750003,0.68583333,0.94916666,0.90583336,0.635,0.60333335,0.82500005,0.6983334,0.6408334,0.8416667,0.6508333,0.5833334,0.50666666,0.6766667,0.7991667,0.5983333,0.7825,0.97,0.69500005,0.43666667,0.3516667,0.9475,0.90583336,0.75916666,0.7375001,0.24416667,0.81500006,0.7933333,0.2591667,0.64,0.9425,0.85249996,0.6616667,0.9116667,0.58000004,0.56333333,0.7191667,0.67333335,0.59749997,0.7041667
BC2026_Train_0006_S09_20250828_000000_10,0.4916667,0.57000005,0.20333333,0.16000001,0.70416665,0.6791667,0.40166667,0.17666666,0.15666667,0.25583333,0.27916667,0.15583333,0.17666666,0.20416668,0.3175,0.25416666,0.055,0.6983333,0.18,0.14416668,0.20583335,0.37000003,0.34,0.71583337,0.48333335,0.20583333,0.6641667,0.50333333,0.6458333,0.2616667,0.68583333,0.7041667,0.505,0.85833335,0.46583334,0.87166667,0.8341667,0.6591667,0.44333333,0.65916663,0.49083334,0.72333336,0.6591667,0.75083333,0.47250003,0.52,0.48083335,0.29916668,0.44083336,0.5108333,0.6491667,0.65083337,0.6641667,0.6983333,0.5708333,0.6,0.9766667,0.20666668,0.58916664,0.31250003,0.24750002,0.35333335,0.15833335,0.22333333,0.7658334,0.5391667,0.23416668,0.18666667,0.9175,0.25333333,0.75250006,0.5233333,0.6975,0.695,0.8441667,0.955,0.4091667,0.49416667,0.9941667,0.6025,0.22916669,0.5625,0.1375,0.50500005,0.23250002,0.7066667,0.6091667,0.38583335,0.6141667,0.505,0.45,0.65833336,0.57,0.70500004,0.7516667,0.5475,0.25583336,0.7433334,0.32666665,0.495,0.93333334,0.94,0.96666664,0.26083332,0.27666667,0.75750005,0.78583336,0.45000002,0.52166665,0.7366667,0.4475,0.9508333,0.47500002,0.87416667,0.7741667,0.7791667,0.45833334,0.9916667,0.58416665,0.64,0.59999996,0.62333333,0.75416666,0.6066667,0.26916668,0.38000003,0.5541667,0.4425,0.51750004,0.9866667,0.5425,0.45333338,0.73416674,0.48250002,0.39749998,0.58,0.8316667,0.83250004,0.735,0.31916666,0.6491667,0.7058334,0.3316667,0.68416667,0.5025,0.24583334,0.96666664,0.50083333,0.76750004,0.46083334,0.17083335,0.33416668,0.40333334,0.6525,0.5808334,0.4225,0.945,0.5625,0.9508333,0.96833336,0.8491667,0.515,0.69000006,0.7258333,0.59583336,0.7975,0.94916666,0.6816667,0.7816667,0.50083333,0.71583337,0.46833333,0.7408334,0.74416673,0.66,0.32166666,0.5966667,0.42333335,0.61833334,0.82416666,0.7316667,0.78000003,0.9108333,0.7108334,0.71750003,0.7366667,0.99666667,0.5708333,0.69,0.8316667,0.23916668,0.22750002,0.685,0.5025,0.6933333,0.605,0.9508333,0.74083334,0.59,0.8516667,0.6791667,0.63166666,0.90583336,0.87666667,0.585,0.33416665,0.38666666,0.67583334,0.8,0.5233333,0.70750004,0.9475,0.8533333,0.48583335,0.40416667,0.8625,0.85333335,0.6408334,0.62,0.18833333,0.7850001,0.8358334,0.18166667,0.56083333,0.985,0.75750005,0.5866667,0.93416667,0.5283333,0.37916666,0.60833335,0.5525,0.48499998,0.56333333
BC2026_Train_0006_S09_20250828_000000_15,0.42083335,0.61,0.14666666,0.20666668,0.27916667,0.5908333,0.3725,0.1375,0.11166667,0.3125,0.21916667,0.17416668,0.16916667,0.17083333,0.30166668,0.29,0.041666668,0.7058334,0.27083334,0.09916667,0.11333334,0.4391667,0.24583334,0.64958334,0.565,0.27916667,0.6408334,0.53166664,0.7258334,0.19999999,0.6516667,0.7541667,0.5475,0.78333336,0.41666666,0.89166665,0.8958333,0.68333334,0.39666668,0.735,0.46,0.63,0.62416667,0.7875,0.28333333,0.30333334,0.41,0.20416667,0.3925,0.49583334,0.6258334,0.62416667,0.62750006,0.56000006,0.58833337,0.56666666,0.99,0.116666675,0.43583333,0.2075,0.26500002,0.27083334,0.08583333,0.21083333,0.78166664,0.6408333,0.17,0.11583333,0.88666666,0.16916667,0.6625,0.46416667,0.6925,0.3841667,0.77583337,0.895,0.42416668,0.455,0.9925,0.63500005,0.071666665,0.4166667,0.14583334,0.35083336,0.20666668,0.6691667,0.6975,0.3625,0.66,0.5708333,0.3475,0.7033333,0.47416666,0.87583333,0.61,0.3125,0.22749999,0.8308334,0.2866667,0.36833334,0.9066667,0.84250003,0.87833333,0.19,0.43500003,0.6425,0.78083336,0.27,0.555,0.83000004,0.5,0.97083336,0.5158333,0.9033333,0.5908333,0.81083333,0.50666666,0.92,0.6358333,0.48666668,0.5025,0.635,0.88166666,0.5525,0.3666667,0.3025,0.44083336,0.56083333,0.5733333,0.9425,0.53291667,0.3125,0.8725,0.51166666,0.445,0.37500003,0.82500005,0.79583335,0.5575,0.30666667,0.6741667,0.7641667,0.38583335,0.61,0.33750004,0.16083333,0.9,0.42166668,0.8541666,0.3475,0.14833334,0.305,0.46666667,0.65333337,0.62833333,0.49666667,0.8808333,0.55791664,0.90166664,0.9241667,0.8858333,0.5391667,0.68583333,0.7508334,0.71750003,0.78083336,0.8875,0.5575,0.8825,0.54333335,0.665,0.31,0.8591666,0.78833336,0.47708333,0.3775,0.21916667,0.51000005,0.7508334,0.8108334,0.79166675,0.8375,0.8133334,0.7116667,0.68916667,0.7708334,0.96583337,0.6933333,0.6791667,0.72833335,0.29833335,0.18166667,0.54583335,0.37666667,0.6775,0.6491667,0.985,0.855,0.48583338,0.8975,0.85249996,0.43,0.97083336,0.71000004,0.6175,0.31583336,0.34333333,0.82500005,0.7066667,0.59333336,0.7191667,0.7950001,0.9875,0.30416667,0.37750003,0.6458334,0.8358333,0.39583334,0.7308334,0.18333332,0.7558334,0.8075,0.09666667,0.435,0.95916665,0.87083334,0.60749996,0.8883333,0.4625,0.43333334,0.5441667,0.5058333,0.42000002,0.6408334
BC2026_Train_0006_S09_20250828_000000_20,0.43,0.44333336,0.104166664,0.24333334,0.24583334,0.5808334,0.23583333,0.105,0.13916667,0.3575,0.20666668,0.095,0.055,0.2875,0.235,0.26250002,0.027500002,0.65749997,0.20166667,0.045833334,0.0625,0.3725,0.40833333,0.71583337,0.5541667,0.21416666,0.72083336,0.46833336,0.64000005,0.15166667,0.7408334,0.71500003,0.5833334,0.6541667,0.42916667,0.69166666,0.985,0.8358333,0.47333336,0.6375,0.47166666,0.7316667,0.69666666,0.7216667,0.29083332,0.2604167,0.43500003,0.19083335,0.41500002,0.50416666,0.6775,0.69,0.6933333,0.5675,0.5441667,0.40833336,0.94416666,0.09416667,0.27916667,0.13083334,0.17708334,0.19666666,0.07166667,0.18,0.6875,0.6016667,0.18333334,0.083333336,0.64750004,0.205,0.6333333,0.45083335,0.7075,0.2825,0.5925,0.7316667,0.41,0.725,0.9166667,0.87416667,0.05416667,0.36416668,0.15083332,0.38333336,0.19749999,0.6816667,0.7108334,0.35333335,0.65166664,0.5283333,0.47833332,0.535,0.5858333,0.9525,0.59416664,0.4425,0.20666668,0.87083334,0.2425,0.25,0.9641667,0.6166667,0.84333336,0.2775,0.54333335,0.53000003,0.81416667,0.22166666,0.56583333,0.7925,0.47666666,0.8691667,0.445,0.94916666,0.5254167,0.88,0.63416666,0.70416665,0.6575,0.465,0.6075,0.62916666,0.9625,0.615,0.29083335,0.3525,0.3775,0.4941667,0.545,0.9075,0.32916668,0.32625002,0.90583336,0.56875,0.52416664,0.29333332,0.95416665,0.56916666,0.47416666,0.21583334,0.67833334,0.8575,0.34833336,0.5875,0.3075,0.255,0.74833333,0.4041667,0.9508334,0.47333333,0.1375,0.31833333,0.35833335,0.6741667,0.6791667,0.3525,0.7833334,0.5816667,0.80250007,0.7375,0.8908333,0.6825,0.90666664,0.7566667,0.605,0.5683333,0.8591667,0.6408334,0.7508334,0.5625,0.66083336,0.36083335,0.91,0.81,0.5425,0.21666667,0.15166667,0.59541667,0.74,0.82500005,0.8083334,0.7833334,0.935,0.6066667,0.6016667,0.7275,0.94166666,0.6675,0.6625,0.71000004,0.23916666,0.2075,0.5441667,0.4166667,0.61833334,0.8191667,0.98583335,0.83250004,0.23583335,0.77000004,0.8675,0.4275,0.9775,0.7733334,0.57166666,0.35916668,0.25583333,0.84833336,0.7479167,0.5733334,0.7466667,0.7958334,0.925,0.31666666,0.32666665,0.8208333,0.8666667,0.13416667,0.70416665,0.14,0.7533334,0.73416674,0.090833336,0.5058333,0.795,0.95500004,0.5908333,0.8516667,0.3925,0.4225,0.5725,0.55333334,0.46083334,0.6816667
BC2026_Train_0006_S09_20250828_000000_25,0.55,0.5091667,0.21666667,0.365,0.7583333,0.7766667,0.31833333,0.17416666,0.22333336,0.48333335,0.3075,0.18,0.09916667,0.6375,0.3425,0.36666667,0.06666666,0.8266667,0.175,0.11416667,0.33166668,0.46958333,0.5475,0.8775,0.75083333,0.27166668,0.8533333,0.43166667,0.7316667,0.215,0.8133334,0.81500006,0.7075,0.74666667,0.7033334,0.7316667,0.95666665,0.83000004,0.705,0.6225,0.7058333,0.86833334,0.8175,0.845,0.55916667,0.5258333,0.69416666,0.455,0.59333336,0.56583333,0.8066667,0.81333333,0.81333333,0.8366667,0.6516667,0.40000004,0.83833337,0.16083333,0.45416668,0.35833335,0.20041665,0.28333333,0.12583333,0.23916669,0.5566667,0.7658334,0.23916668,0.28250003,0.75250006,0.42333335,0.7075,0.48583335,0.905,0.6975,0.6125,0.6966667,0.55083334,0.9325,0.8441667,0.9508334,0.18583333,0.59000003,0.33833337,0.29916668,0.53833336,0.8016667,0.86083335,0.41166666,0.62,0.7641667,0.65000004,0.5233334,0.785,0.94666666,0.56583333,0.8833333,0.24166666,0.8125,0.41333333,0.54333335,0.9841667,0.9475,0.95166665,0.52166665,0.36166668,0.6016667,0.8283333,0.36583334,0.7441667,0.70500004,0.5758333,0.7325,0.5141667,0.9266667,0.75500005,0.8883333,0.6858334,0.9116667,0.58166665,0.7225,0.7825,0.6925,0.95416665,0.79416674,0.28,0.56583333,0.565,0.42916664,0.53833336,0.98333335,0.39833334,0.6070834,0.93333334,0.67583334,0.63666666,0.5775,0.9916667,0.40583333,0.58916664,0.2875,0.6075,0.8983334,0.42333335,0.85083336,0.44916666,0.6258334,0.9433333,0.63416666,0.8616667,0.7583333,0.2775,0.545,0.44166666,0.73416674,0.7241667,0.5466667,0.8316667,0.81750005,0.7608334,0.64416665,0.85,0.66333336,0.9616667,0.82500005,0.7741667,0.4641667,0.8516667,0.89416665,0.78583336,0.5416667,0.7966667,0.59000003,0.885,0.8616667,0.7941667,0.16666667,0.46166667,0.63666666,0.7683333,0.7291667,0.83500004,0.68583333,0.9891667,0.71833336,0.6141667,0.81416667,0.9583333,0.57166666,0.6533333,0.8666667,0.335,0.36833337,0.6491667,0.635,0.7841667,0.98333335,0.9775,0.71625006,0.28583336,0.9091667,0.70916665,0.79583335,0.955,0.91,0.63666666,0.51250005,0.41833332,0.6825,0.73333335,0.5083333,0.825,0.8958333,0.89166665,0.6933334,0.30583334,0.95166665,0.8983334,0.20916668,0.73916674,0.34916666,0.83250004,0.615,0.041666668,0.6933333,0.6766667,0.90166664,0.6466667,0.85999995,0.6716666,0.5266667,0.66083336,0.78666675,0.6908334,0.7241667
BC2026_Train_0006_S09_20250828_000000_30,0.7141667,0.67583334,0.20166667,0.39416668,0.65416664,0.65416664,0.29458335,0.23583335,0.17083335,0.39750004,0.25666666,0.18583335,0.09666667,0.175,0.3475,0.34083334,0.035833336,0.61583334,0.22416666,0.18166667,0.23916668,0.46833333,0.42666668,0.85,0.6625,0.25333336,0.8691667,0.55333334,0.7591667,0.25333333,0.8908333,0.86083335,0.6791667,0.7525,0.7841667,0.8691667,0.94916666,0.88416666,0.62250006,0.76166666,0.7241667,0.86333334,0.89,0.8983333,0.5916667,0.58250004,0.72916675,0.5816667,0.5783334,0.70000005,0.88666666,0.8883333,0.8883333,0.8125,0.7408334,0.4166667,0.84833336,0.123333335,0.5208333,0.195,0.20666666,0.13250001,0.120833345,0.25750002,0.67083335,0.665,0.22083333,0.17166668,0.68333334,0.24499999,0.6566667,0.46583337,0.9041667,0.28083333,0.65083337,0.81500006,0.68083334,0.8883334,0.86583334,0.9241667,0.21083334,0.5625,0.19833334,0.40416667,0.5241667,0.86833334,0.6383333,0.44333333,0.69083333,0.8116667,0.5783334,0.5366667,0.6691667,0.98,0.6725,0.4966667,0.36083335,0.8541667,0.4741667,0.5541667,0.9425,0.98583335,0.8308333,0.3416667,0.35916668,0.7116667,0.88666666,0.34333333,0.7308334,0.65833336,0.6358333,0.7641667,0.7083334,0.91333336,0.7533334,0.8991667,0.67583334,0.8508333,0.48,0.8329167,0.7091667,0.62916666,0.9691667,0.77500004,0.38333333,0.46916667,0.49500003,0.44333333,0.61583334,0.86333334,0.5141667,0.45916668,0.9191667,0.6991667,0.6116667,0.57000005,0.93958336,0.5216667,0.70250005,0.27416667,0.6466667,0.87833333,0.5366667,0.8491667,0.4416667,0.49,0.95416665,0.4725,0.87583333,0.70916665,0.29083332,0.3425,0.5366667,0.885,0.77000004,0.72833335,0.84333336,0.8475,0.7883334,0.725,0.8525,0.71000004,0.9175,0.9616667,0.8141667,0.46416667,0.92833334,0.7266667,0.7025,0.7091667,0.8425,0.44958332,0.9083333,0.89166665,0.77000004,0.40916666,0.45166668,0.41166666,0.90833336,0.68083334,0.76250005,0.7108333,0.96,0.72,0.64,0.7216667,0.95,0.72583336,0.80333334,0.705,0.46833333,0.30166668,0.5466667,0.5008334,0.85333335,0.98833334,0.9816667,0.73416674,0.4116667,0.9225,0.6975,0.94166666,0.9925,0.74,0.55,0.5475,0.41,0.6791667,0.80250007,0.46666667,0.7691667,0.8541666,0.7608333,0.74000007,0.28166667,0.8066667,0.9175,0.2566667,0.6966667,0.29583335,0.9558334,0.53166664,0.0625,0.7066667,0.7458334,0.9083333,0.6958333,0.8825,0.76000005,0.5491667,0.5958333,0.77583337,0.6875,0.7691667
BC2026_Train_0006_S09_20250828_000000_35,0.67583334,0.6741667,0.38083333,0.52666664,0.12916666,0.81500006,0.61583334,0.56416667,0.11083333,0.41416666,0.18083334,0.23166667,0.18333334,0.083333336,0.62583333,0.23833334,0.060833335,0.5441667,0.16333334,0.22916667,0.1375,0.39291668,0.65166664,0.72833335,0.56666666,0.4258333,0.74541664,0.535,0.6958333,0.31583333,0.87333333,0.8441667,0.7066667,0.9183333,0.57916665,0.98,0.96916664,0.9041667,0.61750007,0.82250005,0.74750006,0.86833334,0.8541667,0.8575,0.5183333,0.4741667,0.69916666,0.49333334,0.62333333,0.74250007,0.84583336,0.84833336,0.845,0.80583334,0.70000005,0.775,0.86583334,0.06666667,0.8441667,0.1825,0.1025,0.23333335,0.18,0.165,0.8041667,0.48166668,0.33166668,0.26333332,0.83500004,0.32833332,0.80750006,0.65749997,0.84916663,0.120000005,0.87333333,0.7841667,0.505,0.82166666,0.8408333,0.88916665,0.145,0.5083333,0.1525,0.63166666,0.68500006,0.9725,0.54,0.45583335,0.6483333,0.67833334,0.5175,0.6433334,0.735,0.99916667,0.76000005,0.4166667,0.71,0.86,0.48416665,0.67,0.92583334,0.92583334,0.7558334,0.19583333,0.37416667,0.79583335,0.86083335,0.4525,0.6133333,0.7116667,0.55833334,0.93083334,0.62,0.98833334,0.64750004,0.8533333,0.61333334,0.97333336,0.52,0.90500003,0.7516667,0.5758333,0.8991667,0.77250004,0.25,0.3941667,0.5475,0.5325,0.62250006,0.7166667,0.64166665,0.37916666,0.95000005,0.62583333,0.5708333,0.41250002,0.8416667,0.66333336,0.7791667,0.2575,0.6116667,0.90250003,0.57666665,0.8883334,0.5758334,0.255,0.9216667,0.46,0.9416667,0.7116667,0.17916667,0.3125,0.6533333,0.9666667,0.82500005,0.78083336,0.87083334,0.68583333,0.8891667,0.79,0.925,0.75083333,0.895,0.99916667,0.735,0.43875003,0.99666667,0.91833335,0.6816667,0.62333333,0.94416666,0.45000002,0.78583336,0.84000003,0.7108333,0.62,0.21916667,0.37666667,0.8775,0.8333334,0.71000004,0.8883334,0.9725,0.77166677,0.66083336,0.74250007,0.9375,0.7666667,0.75750005,0.8833333,0.50083333,0.36583334,0.8116667,0.60999995,0.72416675,0.96000004,0.99833333,0.7266667,0.59333336,0.995,0.6741667,0.66333336,0.9558333,0.75250006,0.6175,0.46916667,0.7295833,0.8708333,0.8091667,0.4625,0.70666665,0.87416667,0.80333334,0.5275,0.3175,0.8000001,0.96583337,0.4991667,0.6275,0.345,0.98833334,0.5283333,0.12166666,0.5575,0.85083336,0.93916667,0.83416665,0.97083336,0.73,0.70750004,0.7583333,0.80083334,0.6875,0.6483333
BC2026_Train_0006_S09_20250828_000000_40,0.5375,0.5975,0.35666668,0.4141667,0.06666667,0.7616667,0.5441667,0.51166666,0.13833334,0.28000003,0.185,0.27916667,0.25583333,0.35833332,0.57666665,0.26833335,0.11833334,0.74333334,0.25833333,0.28833333,0.17083335,0.41833332,0.8225,0.665,0.5758334,0.50333333,0.6691667,0.6025,0.7716667,0.255,0.8216667,0.92333335,0.5208333,0.7941667,0.44833332,0.93916667,0.97583336,0.8666667,0.55583334,0.7329167,0.62083334,0.8025,0.75166667,0.94083333,0.48416668,0.40250003,0.51666665,0.37333333,0.5375,0.67166674,0.7558334,0.75333333,0.75666666,0.6791667,0.5866667,0.69166666,0.8475,0.11666667,0.72,0.32000002,0.14500001,0.3175,0.22333333,0.18666667,0.7041667,0.56000006,0.33583334,0.23083335,0.7225,0.3075,0.8675,0.88666666,0.87041664,0.12583333,0.8125,0.7975,0.5733333,0.7708334,0.91833335,0.7658334,0.2125,0.71250004,0.15916668,0.7341667,0.72083336,0.91166663,0.77833337,0.42166665,0.8108334,0.625,0.64,0.68583333,0.75333333,0.9716667,0.72916675,0.37166667,0.57416666,0.845,0.5033334,0.60583335,0.9483333,0.6816667,0.8266667,0.24000001,0.45250002,0.6741667,0.8066667,0.62583333,0.6383334,0.80666673,0.5991667,0.8141667,0.71500003,1.0,0.625,0.86583334,0.7483334,0.82916665,0.7891667,0.9033333,0.6591667,0.7291667,0.7975001,0.725,0.33666667,0.39000002,0.6741667,0.6541667,0.74833333,0.5966667,0.49083337,0.51666665,0.92083335,0.58000004,0.61,0.56666666,0.8,0.62166667,0.7883333,0.33833334,0.7125,0.86749995,0.66,0.82000005,0.46833333,0.31083333,0.78583336,0.5133333,0.92083335,0.76166666,0.29083335,0.32750002,0.60333335,0.94416666,0.7266667,0.7108334,0.90083337,0.71000004,0.92083335,0.7216667,0.96833336,0.78333336,0.87750006,0.99666667,0.7875,0.50166667,0.9225,0.99666667,0.86,0.62333333,0.85749996,0.5441667,0.87166667,0.93583333,0.59833336,0.51416665,0.36166668,0.5166667,0.76,0.8266667,0.7691667,0.9291667,0.99333334,0.81083333,0.7275,0.855,0.9458333,0.7833334,0.83750004,0.9433333,0.4225,0.3,0.8466667,0.7325,0.7716667,0.8083334,0.9775,0.85083336,0.60583335,0.9008333,0.8333334,0.6141667,0.87333333,0.8516667,0.6766667,0.535,0.8,0.87333333,0.87750006,0.6041667,0.7608334,0.93833333,0.9416667,0.5066667,0.36333334,0.92583334,0.92,0.29083332,0.7666667,0.48666665,0.95500004,0.75750005,0.35583335,0.6308333,0.87416667,0.94,0.8025,0.9641667,0.65083337,0.6908334,0.75,0.7225,0.79583335,0.7875
BC2026_Train_0006_S09_20250828_000000_45,0.4925,0.53166664,0.26416665,0.31,0.25,0.6783334,0.44583333,0.46833333,0.14833334,0.24416667,0.24000001,0.25583333,0.5933333,0.4875,0.54083335,0.35916668,0.08583334,0.8858334,0.28083333,0.37416667,0.33583334,0.5316667,0.7116667,0.7275001,0.60083336,0.44583333,0.6641667,0.6225,0.6616667,0.21916667,0.7266667,0.8116667,0.46083334,0.7275,0.47833335,0.86583334,0.955,0.7583333,0.42916667,0.7066667,0.48833334,0.67583334,0.7058334,0.82500005,0.44666672,0.42000002,0.5133333,0.38500002,0.48250002,0.5391667,0.7058334,0.7091667,0.7083334,0.58,0.5958333,0.6166667,0.8258334,0.22,0.6091667,0.49083334,0.22583333,0.35250002,0.19,0.25333333,0.65500003,0.59000003,0.20166668,0.25250003,0.6041667,0.23833334,0.9291667,0.9791667,0.8616667,0.120000005,0.7825,0.8333334,0.58250004,0.7166667,0.9116667,0.7633333,0.22166668,0.85083336,0.29916668,0.5083333,0.6516667,0.87,0.77750003,0.5183333,0.8283334,0.6075,0.68,0.6825,0.73666674,0.7991667,0.67,0.33749998,0.47166666,0.8208334,0.44583336,0.49500003,0.96666664,0.885,0.8983333,0.38666666,0.3975,0.665,0.8333333,0.69083333,0.5925,0.84000003,0.64000005,0.8358333,0.72333336,0.9941667,0.6925,0.84833336,0.80083334,0.5791667,0.87916666,0.8616667,0.62833333,0.81666666,0.7875,0.7075,0.3125,0.39416668,0.63,0.67833334,0.86,0.5566667,0.435,0.5316667,0.85791665,0.68,0.6075,0.65583336,0.7875,0.8808333,0.76,0.3466667,0.8075,0.79333335,0.6858334,0.78083336,0.37416667,0.38333336,0.9325,0.6016667,0.8525,0.8133334,0.23416668,0.43333334,0.71750003,0.88250005,0.7625,0.71000004,0.9216667,0.7075,0.89,0.65666664,0.9583333,0.785,0.84749997,0.9108333,0.81500006,0.48416668,0.8258334,0.9616667,0.9033333,0.695,0.75416666,0.6058333,0.8258333,0.9483333,0.61,0.5341667,0.64666665,0.64416665,0.7816667,0.6791667,0.85333335,0.9516667,0.985,0.8175,0.7116667,0.90166664,0.98833334,0.8308333,0.9225,0.89875,0.4675,0.29916668,0.88666666,0.72583336,0.7458334,0.7275,0.96,0.9508333,0.72083336,0.5383333,0.89750004,0.865,0.9141667,0.8516667,0.725,0.445,0.68333334,0.7975,0.9583334,0.71833336,0.80083334,0.93416667,0.9629167,0.5525,0.31,0.9266667,0.9175,0.185,0.82000005,0.33,0.8591667,0.78,0.33083335,0.76500005,0.9025,0.8941667,0.84250003,0.9225,0.67833334,0.7433334,0.6741667,0.7025,0.7825,0.7875
BC2026_Train_0006_S09_20250828_000000_50,0.52000004,0.49916667,0.21166666,0.26166666,0.575,0.5566667,0.57166666,0.57666665,0.23583333,0.2916667,0.22083333,0.21916667,0.7991667,0.15833333,0.40750003,0.385,0.06083334,0.855,0.26416668,0.33916667,0.45333332,0.4375,0.6116667,0.8925,0.62,0.3741667,0.8025,0.6333333,0.5975,0.245,0.69000006,0.80583334,0.6916667,0.8691667,0.5675,0.9316667,0.9508333,0.73,0.4608333,0.7325001,0.60583335,0.73125005,0.72583336,0.83833337,0.49416667,0.4875,0.5241667,0.61083335,0.50083333,0.54,0.7058333,0.6983333,0.695,0.7341667,0.56166667,0.47083333,0.8266667,0.19833334,0.605,0.74583334,0.2566667,0.2925,0.21666667,0.26083335,0.58,0.68500006,0.18833333,0.17750001,0.5083333,0.24833335,0.8966667,0.9366667,0.9266667,0.09166667,0.8841667,0.8266667,0.5391667,0.7633333,0.88,0.66833335,0.19333333,0.85,0.39416668,0.29666665,0.545,0.9291667,0.7483334,0.6375,0.8008334,0.68083334,0.5116667,0.7458334,0.61833334,0.7666667,0.6825,0.2841667,0.6425,0.8125,0.49875,0.49500003,0.97333336,0.97083336,0.8291667,0.4775,0.49833333,0.7508334,0.87916666,0.5925,0.6766667,0.83250004,0.6308333,0.94,0.7416667,0.98583335,0.7658334,0.8283334,0.78000003,0.56083333,0.90749997,0.88416666,0.62833333,0.7633333,0.83833337,0.7258333,0.30083334,0.46166667,0.46666667,0.68250006,0.87166667,0.54083335,0.3541667,0.36833334,0.82416666,0.79083335,0.545,0.64416665,0.7633334,0.9716667,0.8391667,0.36666667,0.67583334,0.83750004,0.73333335,0.85999995,0.48666665,0.5541667,0.99083334,0.64750004,0.85749996,0.7216667,0.18333334,0.45416665,0.6741667,0.96416664,0.87,0.69916666,0.94,0.79166675,0.845,0.7241667,0.8475,0.7916667,0.8283333,0.96666664,0.7958334,0.575,0.93,0.9141667,0.93083334,0.6908334,0.7766667,0.54333335,0.73333335,0.9816667,0.71333337,0.5125,0.7129167,0.7708334,0.8275,0.5733333,0.9075,0.9508333,0.9866667,0.83166665,0.75250006,0.7875,0.98,0.875,0.805,0.8283334,0.44583333,0.37583336,0.94083333,0.7116667,0.80166674,0.8616667,0.95916665,0.90166664,0.55833334,0.55583334,0.9275,0.9775,0.94083333,0.94666666,0.84083337,0.4308333,0.5875,0.62333333,0.96000004,0.82416666,0.88166666,0.86333334,0.89,0.6908334,0.26833335,0.985,0.9216667,0.15166667,0.8641667,0.22750002,0.88666666,0.8066667,0.32583335,0.7683334,0.8725,0.92833334,0.9075,0.91583335,0.7633334,0.77583337,0.585,0.7991667,0.64416665,0.8116667
BC2026_Train_0006_S09_20250828_000000_55,0.5525,0.50166667,0.1325,0.34083334,0.18333334,0.5158333,0.4008333,0.3391667,0.099999994,0.43333334,0.20583333,0.1525,0.4841667,0.054166667,0.29166666,0.31916666,0.051666666,0.68,0.20250002,0.19833332,0.15333334,0.33583334,0.4025,0.6458333,0.74333334,0.22666666,0.84166664,0.5733334,0.6408333,0.17083335,0.74416673,0.7933334,0.7175,0.70416665,0.4075,0.845,0.9941667,0.86833334,0.41250002,0.75625,0.56500006,0.7225,0.72333336,0.8033334,0.32000002,0.29666668,0.45250002,0.3675,0.44500002,0.60333335,0.73833334,0.7295834,0.7291667,0.61583334,0.6075,0.34166667,0.8591667,0.13750002,0.3925,0.27416667,0.19666667,0.19583334,0.16499999,0.215,0.59499997,0.43000004,0.16916667,0.13333334,0.62833333,0.19083335,0.7641667,0.72,0.7625,0.1675,0.7850001,0.7825,0.485,0.66333336,0.89666665,0.6691667,0.124166675,0.7508334,0.14166667,0.31833333,0.29083335,0.87916666,0.61083335,0.52208334,0.7041667,0.5225,0.5083334,0.6041667,0.485,0.9116667,0.5575,0.20750001,0.35333335,0.85833335,0.30916667,0.28500003,0.9916667,0.87833333,0.745,0.26083332,0.44250003,0.595,0.7658334,0.30416667,0.5416667,0.8016667,0.46,0.83750004,0.49416667,0.965,0.6833334,0.9166667,0.6775,0.6616667,0.84833336,0.7166667,0.75500005,0.54583335,0.87333333,0.635,0.2475,0.4075,0.43916667,0.46,0.82666665,0.6958333,0.36333334,0.27916667,0.91083336,0.7091667,0.43583333,0.48250002,0.87666667,0.94916666,0.83833337,0.26833332,0.7991667,0.9316667,0.765,0.68,0.475,0.21000001,0.95416665,0.40166667,0.91583335,0.5283333,0.15333334,0.31666666,0.41166666,0.8366667,0.77166665,0.5158333,0.8983333,0.7016667,0.77166665,0.7975,0.9025,0.8491667,0.81916666,0.96750003,0.59333336,0.62416667,0.8591667,0.80666673,0.955,0.6383333,0.67083335,0.375,0.7308334,0.9866667,0.61583334,0.28,0.6175,0.6016667,0.785,0.64,0.8991667,0.8725,0.9825,0.68583333,0.6758334,0.7325,0.9291667,0.625,0.8033334,0.77166677,0.4066667,0.20833333,0.61083335,0.38750002,0.7458334,0.85083336,0.9325,0.895,0.33250004,0.8033334,0.93750006,0.8191667,0.7766667,0.99083334,0.8425,0.40958333,0.4166667,0.72083336,0.90583336,0.64916664,0.76250005,0.78333336,0.8525,0.46666667,0.305,0.9091667,0.8183334,0.10250001,0.83000004,0.18666667,0.8566667,0.7166667,0.075833336,0.46583334,0.71250004,0.9616667,0.8808333,0.83916664,0.42083335,0.48916665,0.485,0.615,0.48250002,0.8558333
BC2026_Train_0006_S09_20250828_000000_60,0.7641667,0.43083337,0.135,0.37583333,0.1875,0.36916667,0.55083334,0.4258333,0.18916668,0.34,0.23416667,0.18666668,0.19833332,0.12083333,0.46666667,0.42416668,0.185,0.69416666,0.22083333,0.043333337,0.1075,0.30916667,0.48250002,0.5866667,0.84416664,0.305,0.9183333,0.42333335,0.49583337,0.18666667,0.8341667,0.7058334,0.57000005,0.64250004,0.35666668,0.76250005,0.98083335,0.8966667,0.38166666,0.6516667,0.5891667,0.6766667,0.73583335,0.6791667,0.21166667,0.19833332,0.46666667,0.30333334,0.5083333,0.7025,0.7691667,0.77583337,0.7591667,0.52708334,0.6225,0.5208333,0.8666667,0.10583334,0.39916667,0.12833335,0.18750001,0.35000002,0.105,0.20416667,0.60833335,0.395,0.18500002,0.14833334,0.53166664,0.1775,0.65583336,0.5183333,0.62833333,0.5941667,0.71750003,0.7841667,0.36416668,0.5491667,0.9658333,0.6,0.10916667,0.5758334,0.09833334,0.38500002,0.19083333,0.86,0.57,0.5575,0.67083335,0.59333336,0.50416666,0.6416667,0.30416667,0.85333335,0.73083335,0.25666666,0.30249998,0.8725,0.20583335,0.38583332,0.96750003,0.31333333,0.79,0.087916665,0.305,0.5941667,0.79333335,0.45000002,0.50500005,0.76250005,0.44833335,0.79666674,0.43833333,0.91583335,0.5675,0.8991667,0.57,0.64166665,0.6383333,0.5241667,0.6225,0.5175,0.8308333,0.50666666,0.085,0.3716667,0.36333334,0.4025,0.68083334,0.86333334,0.5058334,0.20833334,0.8675,0.56416667,0.3941667,0.68833333,0.83375,0.6108333,0.6958333,0.30416667,0.93291664,0.8933334,0.5733334,0.5958333,0.5808334,0.097500004,0.8241667,0.41750002,0.90666664,0.4766667,0.1475,0.35250002,0.37083337,0.71583337,0.5566667,0.48666668,0.84250003,0.48583335,0.81500006,0.76750004,0.9433333,0.605,0.6875,0.8566667,0.625,0.47500002,0.8158334,0.7925,0.7900001,0.4275,0.6616667,0.5375,0.78083336,0.9475,0.4825,0.15416667,0.29416665,0.5266667,0.6566667,0.655,0.69416666,0.81000006,0.8983333,0.6791667,0.6333334,0.71833336,0.9775,0.55916667,0.72833335,0.8808333,0.4025,0.17916667,0.855,0.3491667,0.54583335,0.6541667,0.92583334,0.7741667,0.44833332,0.6125,0.7783333,0.54,0.95166665,0.9291667,0.6691667,0.29000002,0.4258333,0.7433334,0.9041667,0.46333334,0.7083334,0.8116667,0.70166665,0.24833333,0.24416667,0.9575,0.8691667,0.24083333,0.7591667,0.1375,0.77750003,0.56666666,0.023333335,0.5583334,0.6966667,0.9333334,0.7591667,0.88166666,0.5083333,0.4025,0.5541667,0.5758333,0.41916668,0.7616667
BC2026_Train_0007_S09_20250829_000000_5,0.7166667,0.6408334,0.26083335,0.18750001,0.15,0.6725,0.20083335,0.19666667,0.16916667,0.18916667,0.22416668,0.14083333,0.11333333,0.475,0.53583336,0.275,0.18,0.95416665,0.42833337,0.47583336,0.23666668,0.5341667,0.3725,0.74333334,0.62166667,0.315,0.90166664,0.4666667,0.7591667,0.25583333,0.75750005,0.8241667,0.61,0.4766667,0.74583334,0.7125,0.8641667,0.7241667,0.52166665,0.74666667,0.73083335,0.79166675,0.81416667,0.8575,0.6683333,0.68500006,0.72,0.48083335,0.7075,0.7133333,0.8025,0.7841667,0.7950001,0.7375,0.7025,0.51666665,0.78333336,0.2825,0.4116667,0.09250001,0.3175,0.13083333,0.15833333,0.22833332,0.8325,0.7366667,0.50416666,0.31833333,0.57750005,0.34750003,0.5766667,0.4025,0.8283334,0.089999996,0.47416666,0.9841667,0.7741667,0.875,0.62833333,0.94083333,0.57666665,0.72,0.5866667,0.9875,0.66583335,0.82000005,0.945,0.65666664,0.9475,0.7516667,0.24416667,0.52250004,1.0,0.795,0.6916667,0.7708334,0.33,0.8083334,0.6575,0.9525,0.8441667,0.5858333,0.49,0.26083332,0.34083334,0.92583334,0.7533334,0.48583332,0.9766667,0.98583335,0.93083334,0.61833334,0.5783334,0.62583333,0.5841667,0.8933333,0.7608334,0.6091667,0.55833334,0.74083334,0.6725,0.945,0.96666664,0.99583334,0.23166667,0.7941667,0.6591667,0.5833334,0.6883334,0.54083335,0.31666666,0.72083336,0.9225,0.8416667,0.96999997,0.68833333,0.5808333,0.39583334,0.5708333,0.32000002,0.93416667,0.98875004,0.55833334,0.9083333,0.40708336,0.54083335,0.6433334,0.57000005,0.865,0.60583335,0.9633333,0.6433333,0.58750004,0.8166667,0.845,0.77833337,0.83500004,0.7325,0.85833335,0.6983333,1.0,0.75166667,0.9608333,0.6825,0.92833334,0.5441667,0.48000002,0.8908333,0.69000006,0.8675,0.975,0.7766667,0.8283334,0.7266667,0.80750006,0.66333336,0.87166667,0.4075,0.9083333,0.59083337,0.86333334,0.66333336,0.48000002,0.9025,0.8133334,0.9891667,0.46,0.8291667,0.5966667,0.4916667,0.46333337,0.5075,0.60583335,0.74416673,0.9266667,0.84083337,0.99666667,0.9241667,0.92083335,0.42916667,0.66083336,0.545,0.40583333,0.74333334,0.6716667,0.87416667,0.46916667,0.62666667,0.5083333,0.81750005,0.945,0.9916667,0.99833333,0.7058334,0.25333333,0.49166667,0.82250005,0.45583332,0.6258334,0.6741667,0.8441667,0.8041667,0.9083333,0.95666665,0.6725,0.85833335,0.74750006,0.9825,0.8475,0.975,0.99666667,0.93750006,0.90999997,0.735
BC2026_Train_0007_S09_20250829_000000_10,0.7358334,0.56500006,0.24583334,0.23583333,0.26666668,0.555,0.3,0.17333333,0.19583334,0.16416666,0.26583332,0.19500001,0.1625,0.53333336,0.5,0.3425,0.19333334,0.96916664,0.46083334,0.32416666,0.37333333,0.4975,0.325,0.81,0.7891667,0.48250002,0.97333336,0.6308333,0.7791667,0.26,0.76500005,0.8591667,0.575,0.4666667,0.78166676,0.7325,0.90833336,0.71500003,0.5208333,0.60583335,0.7208333,0.79666674,0.8366667,0.85583335,0.62666667,0.6066667,0.6791667,0.47500002,0.62083334,0.685,0.7933334,0.77750003,0.7841667,0.7925,0.6175,0.5416667,0.89,0.3716667,0.47666666,0.10583333,0.32916665,0.16416666,0.16333334,0.17833334,0.73416674,0.78333336,0.43666667,0.24083334,0.59083337,0.24666667,0.6116667,0.48166665,0.81750005,0.1375,0.58750004,0.9941667,0.5783333,0.7825,0.615,0.6975,0.40916666,0.59333336,0.5516667,0.8825,0.6066667,0.6275,0.98333335,0.53000003,0.8808333,0.6716667,0.42666668,0.7308334,0.9804167,0.83416665,0.50416666,0.37166667,0.25583333,0.77833337,0.58833337,0.9916667,0.88166666,0.5416667,0.77250004,0.35833332,0.40833336,0.7825,0.8858333,0.42666668,0.99916667,0.98583335,0.805,0.655,0.66833335,0.6491667,0.54875,0.89166665,0.705,0.6983334,0.45000002,0.63250005,0.7216667,0.9625,0.94166666,0.96833336,0.38416666,0.6941667,0.545,0.71416664,0.66499996,0.75250006,0.445,0.6141667,0.88,0.8525,0.97833335,0.71250004,0.6508333,0.49666667,0.69416666,0.35583335,0.84583336,1.0,0.59250003,0.8908333,0.3875,0.5125,0.67833334,0.5258333,0.85875,0.8541667,0.81166667,0.6358334,0.5075,0.78333336,0.7166667,0.96916664,0.89,0.7950001,0.9658333,0.6666667,0.98833334,0.7275,0.8058334,0.81000006,0.80833334,0.45166665,0.39416668,0.8258334,0.8591667,0.90666664,0.84749997,0.73916674,0.90166664,0.9291667,0.74500006,0.75250006,0.6875,0.50250006,0.78333336,0.53833336,0.81083333,0.7016667,0.3075,0.9125,0.7975,0.9558333,0.61583334,0.72,0.6458334,0.82916665,0.47166666,0.36249998,0.4525,0.80166674,0.89416665,0.9325,0.92833334,0.94666666,0.7366667,0.43,0.8333334,0.47000003,0.6191667,0.84083337,0.70916665,0.70916665,0.40666667,0.7108334,0.52833337,0.7741667,0.9275,1.0,0.9175,0.6725,0.30333334,0.71833336,0.8708333,0.69,0.7833334,0.65833336,0.8466667,0.58500004,0.9725,0.92583334,0.7566667,0.9083333,0.66083336,0.87666667,0.68416667,0.93416667,0.95666665,0.79166675,0.8441667,0.7083334
BC2026_Train_0007_S09_20250829_000000_15,0.5116667,0.46666667,0.35916668,0.46833333,0.62083334,0.5841667,0.37833333,0.17333335,0.41583335,0.28416666,0.33583334,0.27,0.22416669,0.6875,0.5708333,0.62333333,0.32083336,0.96666664,0.42666668,0.29083332,0.32000002,0.67333335,0.29916668,0.765,0.7925,0.6333333,0.8725,0.63,0.8233333,0.39166668,0.65583336,0.92583334,0.65916663,0.50333333,0.56083333,0.805,0.8908333,0.71250004,0.6,0.5183333,0.62166667,0.72833335,0.68666667,0.90999997,0.65583336,0.605,0.48083332,0.60583335,0.5325,0.64416665,0.6675,0.6666667,0.6666667,0.7716667,0.50333333,0.7125,0.97,0.38583335,0.6775,0.25833333,0.51250005,0.37583333,0.22583333,0.3475,0.92833334,0.7825,0.40250003,0.29916668,0.87166667,0.32083333,0.865,0.6616667,0.89666665,0.44583333,0.74,0.99333334,0.61333334,0.935,0.8358333,0.68916667,0.69500005,0.6875,0.49583337,0.53583336,0.35333335,0.77750003,0.9008333,0.5566667,0.7741667,0.68,0.41833332,0.8483333,0.71000004,0.9066667,0.7166667,0.4116667,0.35166666,0.7691667,0.5291667,0.93916667,0.8616667,0.87166667,0.9091667,0.4416667,0.27583334,0.75500005,0.96,0.5683334,0.93583333,0.9716667,0.91249996,0.725,0.7458334,0.8183334,0.74833333,0.83500004,0.7083334,0.9608333,0.6175,0.60583335,0.83166665,0.9791667,0.9533333,0.87166667,0.2766667,0.6925,0.5241667,0.8116667,0.85,0.9675,0.63,0.8183334,0.9591667,0.67333335,0.78916675,0.6275,0.7991667,0.68333334,0.9658333,0.4091667,0.77250004,0.9954167,0.8341667,0.9608333,0.58000004,0.32666668,0.9316667,0.69,0.9058333,0.8975,0.51166666,0.72083336,0.80750006,0.765,0.66333336,0.9875,0.97583336,0.93666667,0.9633333,0.88416666,0.8925,0.8558333,0.80666673,0.87833333,0.8675,0.69250005,0.49583334,0.7966667,0.87,0.6991667,0.83500004,0.8258334,0.9458333,0.9866667,0.74666667,0.8133334,0.8308334,0.61333334,0.90666664,0.58833337,0.93583333,0.6725,0.48,0.9483333,0.7058334,0.8916667,0.8858333,0.7458334,0.95,0.93416667,0.7216667,0.365,0.76250005,0.81583333,0.9066667,0.99,0.82500005,0.9766667,0.7733334,0.6116667,0.88416666,0.4125,0.8666667,0.9725,0.93083334,0.6541667,0.605,0.77250004,0.7716667,0.7241667,0.9425,0.99583334,0.7566667,0.84250003,0.45833334,0.8591667,0.9291667,0.96666664,0.82666665,0.86583334,0.85833335,0.69500005,0.8000001,0.88166666,0.85,0.925,0.8641666,0.865,0.7341667,0.7941667,0.7816667,0.7658334,0.71750003,0.83000004
BC2026_Train_0007_S09_20250829_000000_20,0.5966667,0.59916663,0.61083335,0.36333334,0.85833335,0.8775,0.53000003,0.40916666,0.42666665,0.41250002,0.39166668,0.44833335,0.4375,0.82500005,0.7983334,0.6591667,0.6641667,0.97583336,0.44833335,0.59833336,0.5575,0.92,0.55333334,0.6933334,0.87333333,0.64000005,0.83500004,0.58416665,0.84166664,0.53458333,0.64500004,0.9558333,0.7241667,0.365,0.6016667,0.74083334,0.8116667,0.6141667,0.6741667,0.515,0.5208333,0.7825,0.64750004,0.935,0.73416674,0.7108333,0.5333333,0.72833335,0.55916667,0.54333335,0.6691667,0.6616667,0.6616667,0.7325,0.53166664,0.895,0.97833335,0.30916667,0.8416667,0.6491667,0.6125,0.65916663,0.3175,0.38666672,0.98333335,0.77833337,0.48166668,0.6383333,0.945,0.51416665,0.9141667,0.74,0.87916666,0.73083335,0.6075,0.95416665,0.935,0.96333337,0.87083334,0.7766667,0.9041667,0.9816667,0.48333335,0.7850001,0.47250003,0.8608333,0.8025,0.6791667,0.82750005,0.795,0.55916667,0.76666665,0.8775,0.8558333,0.82750005,0.8316667,0.6483334,0.6575,0.5858333,0.8858333,0.7983334,0.95916665,0.8983334,0.29250002,0.23166665,0.8983334,0.94916666,0.87,0.81250006,0.845,0.7666667,0.8208333,0.65833336,0.7558334,0.8525,0.77666676,0.85,0.9141666,0.8108334,0.7416667,0.86833334,0.99583334,0.8208333,0.8575,0.27083334,0.8541667,0.72083336,0.7891667,0.8958333,0.98,0.9316667,0.8566667,0.9691667,0.66249996,0.6441667,0.8275,0.7766667,0.8495833,0.98,0.42166668,0.90416664,0.9291667,0.88750005,0.93833333,0.68583333,0.63416666,0.9891667,0.67,0.8033334,0.9791667,0.77250004,0.7816667,0.97,0.78083336,0.7991667,0.95750004,1.0,0.955,0.9816667,0.985,0.8033334,0.95916665,0.9,0.9608333,0.9216666,0.7658334,0.70666665,0.90416664,0.90666664,0.63416666,0.89,0.93666667,0.92,0.97583336,0.8908333,0.5858334,0.97083336,0.6983334,0.9125,0.52583337,0.94416666,0.8433333,0.61333334,0.9266667,0.8208333,0.8575,0.8925,0.76,0.985,0.7891666,0.9483333,0.47166666,0.9791667,0.94500005,0.96000004,0.975,0.8675,0.8833333,0.93,0.61249995,0.71000004,0.8825,0.8083333,0.98333335,0.99083334,0.82,0.705,0.81416667,0.8608333,0.6441667,0.9433333,0.9866667,0.9191667,0.96833336,0.34,0.6325,0.7925,0.94166666,0.87666667,0.85833335,0.96916664,0.8325,0.7475,0.8883333,0.9675,0.7483334,0.885,0.975,0.8933333,0.74083334,0.8775,0.91083336,0.9125,0.8725
BC2026_Train_0007_S09_20250829_000000_25,0.7616667,0.6483333,0.60833335,0.15916666,0.7458334,0.9,0.6075,0.60999995,0.45833334,0.38083333,0.3,0.55916667,0.38666666,0.8208334,0.8333334,0.61833334,0.8208333,0.95166665,0.44166666,0.4441667,0.5775,0.68666667,0.7325,0.6933333,0.85333335,0.7575,0.83250004,0.67083335,0.8858334,0.66083336,0.74916667,0.94416666,0.66583335,0.375,0.6716667,0.7041667,0.87833333,0.64916664,0.5683333,0.6016667,0.5916667,0.73333335,0.79,0.9166667,0.6041667,0.58750004,0.64666665,0.70916665,0.62583333,0.7,0.8083334,0.7925001,0.80250007,0.59833336,0.60083336,0.8616667,0.92083335,0.2725,0.87166667,0.40583333,0.44083333,0.715,0.35666668,0.34083337,0.80083334,0.7266667,0.48666668,0.6466667,0.915,0.57624996,0.8975,0.7316667,0.855,0.49916667,0.6875,0.94916666,0.97833335,0.9508333,0.8308333,0.74416673,0.9583333,0.99916667,0.44083333,0.86083335,0.6091666,0.9433333,0.7616667,0.7166667,0.89166665,0.81083333,0.80583334,0.7008334,0.97833335,0.7558334,0.9625,0.6958333,0.87750006,0.68916667,0.625,0.8491667,0.91333336,0.9116667,0.9241667,0.29583335,0.415,0.90833336,0.9458333,0.87333333,0.8566667,0.7691667,0.8116667,0.85583335,0.5441667,0.6175,0.83000004,0.8141667,0.8166667,0.7433334,0.88,0.8558333,0.725,0.95666665,0.77500004,0.83750004,0.44083333,0.855,0.84,0.8308334,0.9583333,0.8591667,0.98083335,0.88666666,0.87666667,0.72833335,0.7741667,0.9275,0.67,0.78333336,0.88666666,0.40750003,0.90166664,0.81750005,0.975,0.92,0.6825,0.61333334,0.93916667,0.8083334,0.79875004,0.99916667,0.8808333,0.82916665,0.995,0.96916664,0.7633333,0.8025,0.9875,0.89916664,0.9941667,0.99583334,0.8283334,0.86833334,0.9475,0.93,0.96833336,0.77583337,0.8666667,0.8441667,0.90583336,0.7375,0.86583334,0.84333336,0.7708334,0.7900001,0.8091667,0.6075,0.98583335,0.52583337,0.81500006,0.5,0.8266667,0.8183333,0.655,0.94083333,0.875,0.9475,0.8933333,0.7325,0.8983334,0.6475,0.9866667,0.5325,0.98583335,1.0,0.97833335,0.87916666,0.8416667,0.7275,0.9166667,0.69666666,0.6825,0.99666667,0.8908334,0.8725,0.99,0.87333333,0.57416666,0.78666675,0.91083336,0.63166666,0.97083336,0.9275,0.83750004,0.9891667,0.39000002,0.4366667,0.8625,0.72,0.94,0.98,0.99666667,0.86333334,0.7325001,0.8266667,0.96333337,0.78333336,0.8975,0.8808334,0.915,0.8358334,0.93666667,0.8616667,0.9625,0.92333335
BC2026_Train_0007_S09_20250829_000000_30,0.7275,0.5708333,0.37,0.20416667,0.22916667,0.675,0.43000004,0.675,0.29416668,0.28583333,0.22416668,0.26500002,0.3025,0.55,0.43416667,0.3516667,0.5266667,0.8675,0.31916666,0.28,0.29083335,0.41833335,0.7266667,0.59000003,0.61916673,0.6466667,0.77000004,0.605,0.73833334,0.44083336,0.79666674,0.8725,0.61583334,0.41000003,0.53999996,0.61583334,0.93833333,0.77833337,0.44750005,0.625,0.62416667,0.7716667,0.7741667,0.8308334,0.555,0.545,0.56500006,0.6341667,0.53749996,0.6325,0.7733334,0.77000004,0.78000003,0.55583334,0.6533333,0.5708333,0.8208334,0.365,0.5708333,0.43583333,0.25833333,0.35833335,0.24833333,0.26916668,0.6308333,0.5441667,0.33,0.27833334,0.70916665,0.40166667,0.6591667,0.6466667,0.6383333,0.28333336,0.6916667,0.9625,0.9291667,0.9866667,0.84083337,0.6408334,0.6541667,0.975,0.15166667,0.65,0.62333333,0.9483333,0.6575,0.51166666,0.74416673,0.54,0.90000004,0.5775,0.9016667,0.8691667,0.96999997,0.32333332,0.93750006,0.81750005,0.48250002,0.6375,0.88750005,0.9083333,0.82250005,0.6441667,0.5758333,0.67083335,0.86833334,0.495,0.71500003,0.76750004,0.59833336,0.5658334,0.4566667,0.54083335,0.75,0.8366667,0.5541667,0.77000004,0.61083335,0.6675,0.54083335,0.8691667,0.68916667,0.67083335,0.41250002,0.5808334,0.67583334,0.6358333,0.7708334,0.6425,0.87916666,0.53,0.84250003,0.5283333,0.6791667,0.6883334,0.7641667,0.78083336,0.7066667,0.3975,0.6975,0.925,0.8558333,0.75750005,0.48,0.32916668,0.9141667,0.5808334,0.8875,0.99666667,0.62166667,0.7941667,0.93583333,0.99333334,0.59833336,0.47083333,0.995,0.8016667,0.96750003,1.0,0.86583334,0.93583333,0.8391667,0.9091667,0.90083337,0.7975001,0.93,0.93583333,0.6091667,0.6175,0.7058333,0.73833334,0.7008333,0.74,0.62166667,0.7608334,0.92833334,0.67083335,0.6358333,0.6166667,0.77583337,0.58666664,0.34,0.76750004,0.6825,0.8975,0.59833336,0.62,0.86583334,0.6375,0.94083333,0.33916667,0.9825,0.97,0.9125,0.5241667,0.72916675,0.7458334,0.8333334,0.53083336,0.6191667,0.88916665,0.62750006,0.81500006,0.97333336,0.7508334,0.77750003,0.81500006,0.74666667,0.7633334,0.99083334,0.92083335,0.83833337,0.87416667,0.3725,0.50083333,0.85333335,0.23833333,0.9116667,0.56916666,0.9741667,0.7041667,0.45500004,0.73333335,0.9183333,0.90583336,0.79,0.8591667,0.63666666,0.5533334,0.83833337,0.7008334,0.90666664,0.8283334
BC2026_Train_0007_S09_20250829_000000_35,0.58416665,0.5741667,0.29250002,0.3275,0.17083333,0.47000003,0.3925,0.39000002,0.27583334,0.23333335,0.19166668,0.13499999,0.51916665,0.32916668,0.26666665,0.29916668,0.12666667,0.88166666,0.27083334,0.30166668,0.09166667,0.44833335,0.54083335,0.6358333,0.4908333,0.47833335,0.7516667,0.54833335,0.5616667,0.23166668,0.70500004,0.81500006,0.74666667,0.57166666,0.46833333,0.66333336,0.95666665,0.81333333,0.47250003,0.68833333,0.57916665,0.7083333,0.6916667,0.74333334,0.7016667,0.70208335,0.5541667,0.72333336,0.53666663,0.5683334,0.70916665,0.70916665,0.70916665,0.61083335,0.6358333,0.37,0.8316667,0.21833335,0.31,0.8791667,0.23916666,0.17416668,0.20583335,0.22,0.6016667,0.58833337,0.18666667,0.22083333,0.7075,0.28666666,0.64750004,0.80583334,0.79583335,0.33333334,0.90333337,0.975,0.85333335,0.99333334,0.745,0.6691667,0.6825,0.74250007,0.3075,0.65,0.46583334,0.87916666,0.8825,0.5808333,0.9425,0.48000002,0.72833335,0.56416667,0.9225,0.93916667,0.9354167,0.3,0.82416666,0.8466667,0.395,0.66083336,0.9266667,0.99083334,0.59000003,0.73833334,0.52,0.73,0.9325,0.30083334,0.84583336,0.9425,0.7125,0.6625,0.53333336,0.7166667,0.74750006,0.9325,0.5975,0.78000003,0.62,0.7541667,0.7475,0.9875,0.7508334,0.8825,0.3866667,0.55333334,0.625,0.6041667,0.7375,0.6125,0.49833333,0.36083335,0.8575,0.65000004,0.82750005,0.45083335,0.90749997,0.925,0.9066667,0.4075,0.6408334,0.95208335,0.7641667,0.70500004,0.35833332,0.315,0.985,0.3866667,0.9191667,0.98,0.5083333,0.7666667,0.84250003,0.9291667,0.6825,0.46750003,0.9925,0.9191667,0.9508333,0.98583335,0.9275,0.99833333,0.7666667,0.9725,0.60333335,0.54583335,0.7733334,0.9916667,0.6075,0.7983334,0.76000005,0.8441667,0.7616667,0.8233334,0.6616667,0.9458333,0.8725,0.83666664,0.7033334,0.65833336,0.93666667,0.67,0.29583335,0.73583335,0.65916663,0.93916667,0.3866667,0.81250006,0.96416664,0.54583335,0.5375,0.32666665,0.92583334,0.77583337,0.9716667,0.61,0.79916674,0.8116667,0.68083334,0.37583333,0.7800001,0.8283334,0.31583333,0.96916664,0.985,0.75750005,0.9325,0.8133334,0.79,0.9241667,0.93083334,0.9675,0.9558333,0.64666665,0.27416667,0.62,0.8333334,0.27583334,0.87833333,0.3125,0.88416666,0.74250007,0.58166665,0.8875,0.8366667,0.93916667,0.82666665,0.9775,0.5991667,0.6458333,0.86833334,0.90500003,0.8,0.67583334
BC2026_Train_0007_S09_20250829_000000_40,0.47,0.555,0.12166667,0.15166667,0.058333334,0.40083334,0.57,0.21916668,0.14333335,0.21666667,0.14166667,0.05,0.17833334,0.15,0.19250001,0.21916667,0.072500005,0.8691667,0.2425,0.2425,0.026666667,0.4025,0.575,0.65083337,0.39416665,0.46416664,0.71000004,0.44666666,0.44916666,0.09,0.7158333,0.7016667,0.83250004,0.5575,0.395,0.535,0.98,0.88500005,0.47750002,0.9041667,0.7316667,0.7533334,0.66166663,0.665,0.6116667,0.6116667,0.56250006,0.61333334,0.595,0.6775,0.6725,0.67333335,0.6741667,0.6741667,0.7025,0.31666666,0.84333336,0.0925,0.42166668,0.4025,0.12416667,0.11500001,0.06666667,0.13833334,0.39166668,0.5491667,0.1625,0.19583334,0.6225,0.22166666,0.59708333,0.43583336,0.7508334,0.09291667,0.75750005,0.9558333,0.53000003,0.88916665,0.74250007,0.9533333,0.25,0.33041668,0.48333335,0.58750004,0.24499999,0.6116667,0.83750004,0.305,0.98333335,0.34916666,0.26208332,0.535,0.9483333,0.90583336,0.67,0.30416667,0.56166667,0.9116667,0.33249998,0.5366667,0.95416665,0.92083335,0.68000007,0.57416666,0.5133333,0.69166666,0.75750005,0.26083332,0.8925,0.96999997,0.6225,0.8083334,0.44583333,0.6591667,0.48666668,0.92833334,0.49666667,0.5975,0.45166668,0.44583333,0.8575,0.92083335,0.77833337,0.93666667,0.27666667,0.36666667,0.47333336,0.5183333,0.5966667,0.68916667,0.21416667,0.29083335,0.81500006,0.53083336,0.94083333,0.32916668,0.87041664,0.6025,0.6333333,0.4341667,0.5575,0.96208334,0.48166665,0.47000003,0.29,0.22500001,0.90749997,0.435,0.9616667,0.35750002,0.25416666,0.54583335,0.40083334,0.61083335,0.54,0.40333334,0.96999997,0.7408334,0.8000001,0.8908333,0.965,0.93583333,0.9025,0.8525,0.50916666,0.38583332,0.68333334,0.93583333,0.6825,0.95,0.6175,0.6658333,0.7566667,0.74750006,0.68416667,0.7616667,0.6666667,0.70000005,0.5741667,0.7708334,0.85333335,0.565,0.100833334,0.55,0.535,0.9508333,0.28083333,0.61,0.6308334,0.7791667,0.33833334,0.31083333,0.47000003,0.5941667,0.87083334,0.38333333,0.56666666,0.77583337,0.30666667,0.2975,0.74333334,0.38833335,0.22583333,0.8316667,0.87833333,0.4166667,0.745,0.81,0.54333335,0.8625,0.89916664,0.955,0.98333335,0.3541667,0.23,0.79666674,0.88166666,0.22333333,0.745,0.20916668,0.78083336,0.67333335,0.71583337,0.8525,0.62833333,0.96999997,0.62583333,0.8825,0.4275,0.68916667,0.97249997,0.6125,0.8066667,0.6225
BC2026_Train_0007_S09_20250829_000000_45,0.4125,0.60333335,0.12583333,0.08916667,0.033333335,0.45333338,0.39583334,0.18,0.11666667,0.13333334,0.135,0.105000004,0.09083333,0.18333334,0.41250002,0.22916666,0.0625,0.8641667,0.2825,0.23833334,0.040000003,0.3425,0.33583334,0.7216667,0.44583336,0.24916667,0.7558334,0.47333336,0.49416667,0.10666667,0.6691667,0.65166664,0.83833337,0.5466667,0.5500001,0.59125,0.98833334,0.9091667,0.42916667,0.9275,0.7950001,0.65916663,0.66833335,0.64166665,0.5325,0.5266667,0.6075,0.38916665,0.6441667,0.7166667,0.6666667,0.6716667,0.6716667,0.69666666,0.74,0.36166668,0.85583335,0.09833333,0.36833334,0.08833334,0.1125,0.18083334,0.029166667,0.14083333,0.36166668,0.6066667,0.32333332,0.16083333,0.6775,0.24416667,0.8291667,0.35333332,0.7216667,0.16000001,0.62166667,0.8416667,0.49833333,0.8466667,0.7258334,0.99083334,0.11,0.36,0.42499998,0.30416667,0.4316667,0.5916667,0.9683333,0.40541667,0.94083333,0.43333334,0.13916667,0.6041667,0.875,0.8966667,0.48916668,0.285,0.46666667,0.9458333,0.7141667,0.735,0.9741667,0.42666668,0.88916665,0.14583333,0.38,0.88166666,0.73083335,0.27166668,0.9575,0.93333334,0.9816667,0.78083336,0.5441667,0.7141667,0.2675,0.95416665,0.52250004,0.6275,0.41583335,0.52833337,0.7900001,0.7975001,0.7983334,0.9058333,0.18833333,0.49833333,0.38250002,0.62583333,0.6191667,0.67083335,0.46083334,0.7366667,0.8883333,0.77500004,0.96833336,0.5058333,0.9141667,0.48833334,0.53166664,0.2975,0.6141667,0.9775,0.42333335,0.55916667,0.23250002,0.21333334,0.6191667,0.75250006,0.9716667,0.62,0.17,0.69083333,0.42666668,0.7041667,0.6175,0.5025,0.91833335,0.50666666,0.8616667,0.8283334,0.97333336,0.5708333,0.9691667,0.7225,0.8483333,0.6116667,0.91499996,0.8625,0.8016667,0.83000004,0.7416667,0.71583337,0.78583336,0.76250005,0.82250005,0.4491667,0.22625001,0.57166666,0.5891667,0.7891667,0.78666675,0.63666666,0.25583333,0.7375001,0.59083337,0.98333335,0.4791667,0.6591667,0.47750002,0.9066667,0.45333338,0.35666668,0.73,0.78583336,0.80166674,0.41583335,0.6166667,0.8000001,0.18666668,0.5625,0.88666666,0.32666665,0.32250002,0.7583333,0.66583335,0.40916666,0.3816667,0.6566667,0.42916667,0.9325,0.85749996,0.9425,0.91833335,0.39666668,0.24833335,0.9275,0.9716667,0.17,0.7983334,0.22333334,0.9225,0.6825,0.24083334,0.6983334,0.6616667,0.98583335,0.6308333,0.7466667,0.5375,0.5283333,0.9058333,0.605,0.7733334,0.68500006
BC2026_Train_0007_S09_20250829_000000_50,0.55083334,0.615,0.14083333,0.07666667,0.0625,0.5525,0.49833333,0.38875002,0.3825,0.14,0.16250001,0.16833334,0.235,0.26666668,0.43,0.54333335,0.13833334,0.9325,0.29000002,0.21333334,0.08583334,0.4366667,0.5975,0.6429167,0.5925,0.5141667,0.79,0.6325,0.76166666,0.32250002,0.6666667,0.8675,0.8233334,0.58416665,0.5583334,0.8183334,0.9925,0.9,0.46083334,0.915,0.66333336,0.7,0.67583334,0.83250004,0.56333333,0.53583336,0.63,0.5,0.68666667,0.66583335,0.7058334,0.6983333,0.70166665,0.61583334,0.72,0.45833334,0.88416666,0.09833333,0.36416668,0.22,0.21416667,0.37916666,0.12583333,0.18166667,0.6058333,0.54083335,0.22833334,0.27083334,0.7583333,0.32916665,0.7391667,0.5383333,0.6983334,0.19916669,0.70916665,0.945,0.6091667,0.8183334,0.885,0.9675,0.22749999,0.41250002,0.22583333,0.4625,0.37583333,0.7616667,0.85083336,0.4891667,0.96416664,0.45083332,0.5108334,0.6291667,0.75166667,0.845,0.7983334,0.36916667,0.6929167,0.9166667,0.7691667,0.87833333,0.9716667,0.35666668,0.80250007,0.15833335,0.6125,0.96000004,0.96,0.36333334,0.9708333,0.8808333,0.99916667,0.84250003,0.5783333,0.6641667,0.3325,0.96666664,0.5233333,0.8141667,0.42083332,0.5758334,0.63500005,0.71750003,0.85,0.90916663,0.42166668,0.6641667,0.62333333,0.7616667,0.71583337,0.6766667,0.8979167,0.8025,0.8441667,0.8725,0.9925,0.4725,0.7741667,0.71750003,0.54083335,0.23583335,0.735,0.9675,0.46916667,0.62,0.3191667,0.23666668,0.66833335,0.545,0.9841667,0.9525,0.24166667,0.8358334,0.7941667,0.80125004,0.68416667,0.5475,0.92083335,0.6179167,0.9825,0.94166666,0.96416664,0.6933334,0.94,0.76250005,0.96583337,0.80583334,0.9916667,0.96416664,0.86249995,0.78833336,0.7266667,0.7841667,0.78000003,0.86833334,0.83000004,0.68666667,0.34333336,0.64166665,0.65250003,0.73333335,0.79666674,0.62083334,0.25833336,0.7866667,0.68666667,0.9816667,0.4791667,0.7841667,0.5966667,0.80916667,0.41583335,0.30666667,0.9541667,0.94666666,0.8058334,0.8141667,0.7541667,0.89416665,0.45750004,0.70416665,0.98333335,0.55833334,0.38833335,0.84583336,0.7683334,0.5966667,0.5083333,0.9183333,0.4475,0.97583336,0.91,0.935,0.8033334,0.53666663,0.40083334,0.82750005,0.95916665,0.14333333,0.8416667,0.26833332,0.96166664,0.65333337,0.19416666,0.6775,0.9166667,0.995,0.7083334,0.73083335,0.56583333,0.505,0.7225,0.675,0.98083335,0.64000005
BC2026_Train_0007_S09_20250829_000000_55,0.7975,0.60833335,0.40833333,0.13083333,0.34166667,0.80583334,0.7266667,0.6866667,0.60083336,0.28166667,0.19666667,0.36583334,0.38083333,0.69166666,0.75,0.74500006,0.4375,0.89416665,0.40083334,0.38,0.4441667,0.7408334,0.93333334,0.62416667,0.8558333,0.91999996,0.87583333,0.90749997,0.8033334,0.57750005,0.76166666,0.98583335,0.74666667,0.57666665,0.68083334,0.8216667,0.98,0.85833335,0.53666663,0.83500004,0.555,0.8166667,0.7925,0.9375,0.59000003,0.56,0.625,0.46083337,0.6125,0.6683333,0.8058334,0.80250007,0.80250007,0.6483333,0.65166664,0.8208334,0.865,0.18833333,0.7033334,0.50333333,0.33916667,0.6675,0.32916668,0.29999998,0.83916664,0.7216667,0.35083333,0.6141667,0.84250003,0.5133333,0.7166667,0.8475,0.7516667,0.38333336,0.77000004,0.90666664,0.74666667,0.68500006,0.8066667,0.69500005,0.53583336,0.65,0.2,0.7341667,0.52,0.6991667,0.74666667,0.49750003,0.99666667,0.5916667,0.7608334,0.7733333,0.74333334,0.74,0.6591667,0.5708334,0.5191667,0.845,0.63166666,0.7691667,0.95416665,0.5075,0.87416667,0.27416664,0.69416666,0.8458333,0.98583335,0.64250004,0.9066667,0.87833333,0.9716667,0.755,0.65416664,0.65333337,0.53999996,0.90916663,0.75166667,0.6916667,0.5541667,0.50666666,0.5775,0.7008333,0.84250003,0.9691667,0.62750006,0.6591667,0.7641667,0.77166665,0.7508334,0.64166665,0.99083334,0.6141667,0.73083335,0.75166667,0.9191667,0.6458333,0.71,0.8391667,0.66083336,0.40166667,0.93333334,0.90999997,0.6225,0.75,0.55583334,0.45333338,0.62083334,0.41583335,0.9425,0.80666673,0.50083333,0.8208334,0.975,0.8675,0.6404166,0.62333333,0.8308334,0.7325,1.0,0.865,0.8875,0.6525,0.8083334,0.7783333,0.9066667,0.82000005,0.9125,0.98,0.79083335,0.7791667,0.8091667,0.82000005,0.76250005,0.8158334,0.8775,0.6516667,0.7225,0.675,0.7491667,0.68833333,0.7916667,0.82916665,0.4141667,0.90666664,0.75416666,0.91,0.6741667,0.72749996,0.865,0.68333334,0.56583333,0.39333335,0.9475,0.99583334,0.8308334,0.96416664,0.8475,0.90833336,0.73583335,0.7066667,0.9558333,0.68166673,0.62416667,0.97833335,0.87083334,0.78666675,0.49416667,0.975,0.5133333,0.89250004,0.86333334,0.86833334,0.7916667,0.63,0.5675,0.6125,0.87666667,0.30416664,0.8358333,0.50666666,0.9291667,0.6825,0.44333333,0.9425,0.9975,0.95416665,0.70666665,0.7716667,0.60583335,0.58000004,0.7241667,0.8616667,0.99666667,0.6191667
BC2026_Train_0007_S09_20250829_000000_60,0.7016667,0.5466667,0.3375,0.13333334,0.3375,0.7616667,0.5291667,0.57,0.45416668,0.24083334,0.18833333,0.30666667,0.36083335,0.6666667,0.6825,0.49416667,0.37,0.87666667,0.37333336,0.37166667,0.45749998,0.76,0.88416666,0.665,0.71333337,0.8291667,0.89416665,0.7925,0.7558333,0.4125,0.71000004,0.9533333,0.55583334,0.7275,0.64666665,0.81000006,0.91833335,0.67833334,0.58833337,0.68833333,0.55583334,0.7791667,0.74583334,0.9433333,0.7166667,0.69000006,0.52500004,0.31166667,0.49833333,0.5275,0.74083334,0.7329167,0.74,0.665,0.6191667,0.76166666,0.7983334,0.22083335,0.6541667,0.37583333,0.26749998,0.6066667,0.29916665,0.24416667,0.73,0.7458334,0.36916667,0.3925,0.6675,0.42083335,0.77500004,0.8033334,0.92083335,0.124166675,0.7033334,0.8441667,0.7608334,0.72833335,0.77666664,0.6725,0.51666665,0.75500005,0.37750003,0.7866667,0.5741667,0.68625003,0.88916665,0.41833332,0.9825,0.67,0.6691667,0.7583334,0.78000003,0.6675,0.52750003,0.5466667,0.51666665,0.7691667,0.5441667,0.65250003,0.9025,0.7191667,0.79166675,0.3075,0.52000004,0.7633334,0.96500003,0.60083336,0.9291667,0.90749997,0.87083334,0.67083335,0.67583334,0.7875,0.5641667,0.88166666,0.7666667,0.55833334,0.68666667,0.53999996,0.51666665,0.78333336,0.89666665,1.0,0.45916668,0.735,0.7358334,0.8025,0.84833336,0.5083333,0.9225,0.60916674,0.6666667,0.76000005,0.9,0.67333335,0.8133334,0.7308334,0.7016667,0.39833334,0.84833336,0.83750004,0.65250003,0.81250006,0.35750002,0.5,0.6491667,0.44833335,0.84833336,0.6483333,0.8025,0.76000005,0.9108333,0.83000004,0.73,0.68666667,0.83250004,0.7733334,0.9916667,0.6775,0.8441667,0.6566667,0.83000004,0.8,0.9533334,0.65416664,0.575,0.9533333,0.8583333,0.7516667,0.845,0.7716667,0.88666666,0.94666666,0.80500007,0.6275,0.86333334,0.6141667,0.87916666,0.665,0.9008333,0.8558333,0.4725,0.915,0.7533334,0.92333335,0.75500005,0.80500007,0.7591667,0.555,0.8091667,0.49083334,0.61583334,0.87833333,0.8516667,0.90666664,0.95666665,0.9216667,0.6825,0.58250004,0.95500004,0.65083337,0.54583335,0.8391667,0.7925001,0.9,0.365,0.885,0.5975,0.8016667,0.8933333,0.8475,0.8333334,0.635,0.39333335,0.53666663,0.9075,0.3025,0.87416667,0.46000004,0.86,0.8925,0.58250004,1.0,0.9508334,0.87666667,0.80583334,0.7875,0.69416666,0.74083334,0.8491667,0.7533334,0.98333335,0.7420834
BC2026_Train_0008_S09_20250831_000000_5,0.08583333,0.19583334,0.10416667,0.23583335,0.008333334,0.47083333,0.135,0.065,0.021666668,0.33166668,0.30666667,0.042500004,0.06583333,0.020833334,0.2325,0.17500001,0.032500003,0.33,0.0925,0.019166667,0.0625,0.30916667,0.10583333,0.3675,0.20916668,0.1225,0.77250004,0.1675,0.44083336,0.26583335,0.49166667,0.50666666,0.45666668,0.43666667,0.19,0.49416667,0.765,0.42416668,0.3625,0.46666667,0.30833334,0.6383333,0.3925,0.5741667,0.2475,0.24416667,0.20166668,0.125,0.12583333,0.1275,0.47166666,0.48833334,0.50166667,0.58916664,0.40916666,0.6375,0.905,0.32333335,0.19083333,0.033333335,0.18083334,0.09916666,0.09,0.12083334,0.5466667,0.35083336,0.05916667,0.044999998,0.59000003,0.17500001,0.8125,0.745,0.5375,0.075,0.5566667,0.88,0.50416666,0.45250002,0.6391667,0.33416665,0.048333336,0.37583333,0.10666667,0.31166667,0.29749998,0.77041674,0.57500005,0.26,0.71916664,0.25333333,0.7508334,0.3491667,0.6366667,0.6566667,0.09916668,0.44583336,0.19500001,0.43250003,0.16666667,0.19416668,0.7658334,0.155,0.6358333,0.010000001,0.11333334,0.29749998,0.81000006,0.17916667,0.61333334,0.87916666,0.46416667,0.37166667,0.40583336,0.7033333,0.26833335,0.7416667,0.36583334,0.17583333,0.5108333,0.2575,0.22333334,0.46333334,0.96333337,0.51,0.065,0.14500001,0.9583334,0.5316667,0.665,0.47083333,0.31583333,0.23916668,0.585,0.21333334,0.28833333,0.21916667,0.48999998,0.81916666,0.64666665,0.08833334,0.61,0.5291667,0.50916666,0.5825,0.17333335,0.11083334,0.7316667,0.1825,0.7691667,0.6991667,0.07125001,0.09833334,0.36083335,0.44250003,0.465,0.86583334,0.72833335,0.9691667,0.8341667,0.3375,0.72333336,0.4766667,0.6983333,0.6825,0.24083334,0.30333334,0.60041666,0.30583334,0.71750003,0.7508334,0.45583335,0.13583334,0.99916667,0.8258334,0.13666667,0.028333334,0.13666667,0.3025,0.9091667,0.32666668,0.65,0.5716667,0.034166668,0.83500004,0.63416666,0.6308334,0.5875,0.43833333,0.9791667,0.36833334,0.09833334,0.123333335,0.021666668,0.24083336,0.97249997,0.5,0.4575,0.9241667,0.91583335,0.34833333,0.87416667,0.11583334,0.31666666,0.87083334,0.47333333,0.2379167,0.22,0.90583336,0.7708334,0.615,0.565,0.6625,0.35666668,0.2825,0.24,0.19375,0.79083335,0.35666665,0.7316667,0.15416667,0.8308334,0.84833336,0.2275,0.42916667,0.7325,0.6725,0.6508333,0.77583337,0.17666668,0.17416668,0.35,0.25916666,0.9666667,0.8516667
BC2026_Train_0008_S09_20250831_000000_10,0.1325,0.3375,0.20333335,0.37083337,0.050000004,0.69083333,0.19666667,0.16749999,0.22083333,0.44083333,0.37833336,0.18166667,0.15333334,0.041666668,0.4016667,0.39000002,0.068333335,0.42583334,0.27666667,0.1375,0.27166668,0.5,0.3316667,0.43166667,0.4025,0.365,0.8566667,0.29500002,0.67333335,0.31833336,0.5,0.625,0.63416666,0.465,0.21333334,0.69,0.75166667,0.48416668,0.4875,0.47833332,0.35083336,0.64875,0.39916667,0.7408334,0.425,0.42583334,0.29,0.21583334,0.28083333,0.25833333,0.5125,0.5191667,0.52250004,0.6091667,0.48000002,0.5125,0.9033333,0.4675,0.28666666,0.05583334,0.37,0.23583335,0.26000002,0.25833336,0.71583337,0.36416668,0.2025,0.08,0.80083334,0.24416667,0.9266667,0.82500005,0.6333333,0.20583335,0.6791667,0.9425,0.8366667,0.6750001,0.75666666,0.5025,0.1875,0.63416666,0.29666665,0.45583332,0.89916664,0.81750005,0.6758334,0.36166668,0.8358334,0.8691666,0.9216667,0.37416667,0.84083337,0.8566667,0.20583333,0.6041666,0.44416666,0.44833335,0.45583335,0.7475,0.74000007,0.21499999,0.58916664,0.055,0.14,0.5158334,0.9608334,0.4275,0.80500007,0.8366667,0.9025,0.52666664,0.50666666,0.90999997,0.45166665,0.7658334,0.5391667,0.45083335,0.7916667,0.63166666,0.35000002,0.6791667,0.9916667,0.6466667,0.14,0.43166667,0.99,0.6541667,0.9541667,0.5725,0.635,0.5708333,0.68166673,0.31166667,0.33833334,0.37166667,0.55083334,0.8691667,0.6700001,0.14583334,0.7125,0.5883333,0.8266667,0.98333335,0.22833332,0.42666668,0.79583335,0.32,0.8008334,0.96916664,0.16583334,0.26166666,0.92083335,0.5625,0.575,0.78583336,0.7866667,0.99583334,0.87083334,0.52833337,0.7216667,0.6108333,0.93916667,0.61083335,0.81333333,0.59833336,0.8633333,0.53583336,0.9766667,0.79833335,0.7141667,0.29666665,0.9866667,0.89416665,0.30833334,0.08583333,0.27083334,0.33000004,0.985,0.31,0.6825,0.7983334,0.755,0.9875,0.68416667,0.63916665,0.93583333,0.4925,0.98833334,0.34333336,0.3333333,0.2525,0.13583334,0.71250004,0.95,0.9241667,0.5675,0.90749997,0.9875,0.6933333,0.8525,0.19333333,0.925,0.87083334,0.52500004,0.4466667,0.37583333,0.9866667,0.89916664,0.6575,0.54,0.69750005,0.39083335,0.4041667,0.25458336,0.22749999,0.7866667,0.59333336,0.7133333,0.3491667,0.9108333,0.92,0.23333333,0.46,0.8208333,0.65166664,0.6441667,0.81416667,0.53499997,0.33083332,0.6775,0.48916668,0.9875,0.8925
BC2026_Train_0008_S09_20250831_000000_15,0.205,0.32833335,0.35583335,0.34416667,0.16666667,0.9175,0.26125,0.25416666,0.51416665,0.4425,0.40166667,0.36583334,0.315,0.1125,0.7325001,0.6883334,0.24416667,0.54,0.40166667,0.33166668,0.51916665,0.76500005,0.7316667,0.5416667,0.48833334,0.5808334,0.8108334,0.4175,0.68083334,0.4325,0.46083334,0.5825,0.42333335,0.32750002,0.27916667,0.61,0.70750004,0.40083334,0.475,0.41583335,0.31333333,0.54833335,0.41833335,0.65250003,0.43750003,0.40750003,0.3025,0.22166668,0.29916668,0.2925,0.53583336,0.5425,0.5525,0.505,0.44583336,0.57916665,0.9191666,0.4625,0.6366667,0.12416667,0.5216667,0.49666667,0.49083337,0.4075,0.87416667,0.5,0.33416668,0.23750001,0.8858333,0.37083334,0.9633333,0.93833333,0.9241667,0.28,0.7033333,0.8525,0.94416666,0.7766667,0.7866667,0.69250005,0.58916664,0.8516667,0.625,0.5925,0.9825,0.675,0.81166667,0.58250004,0.9433333,0.98333335,0.98333335,0.395,0.8983333,0.8258334,0.38,0.77833337,0.3975,0.4025,0.7408334,0.98333335,0.7416667,0.24916667,0.44416666,0.14416668,0.17166668,0.7291667,0.995,0.84000003,0.98583335,0.74,0.9916667,0.6520834,0.64000005,0.96500003,0.6125,0.6741667,0.62125003,0.61583334,0.8958333,0.82416666,0.5083333,0.6975,0.9941667,0.70500004,0.28166667,0.7466667,0.93416667,0.65833336,0.98833334,0.71916664,0.8591667,0.8416667,0.8175,0.38583332,0.41,0.7266667,0.5516667,0.6983334,0.6275,0.2575,0.88750005,0.7041667,0.9433333,0.99583334,0.35833335,0.78333336,0.975,0.475,0.765,0.93,0.26833335,0.23333333,0.9891667,0.7275,0.5875,0.95,0.7733334,0.98,0.90583336,0.69166666,0.69083333,0.6416667,0.9866667,0.63500005,0.90833336,0.7325,0.7491667,0.8075,0.995,0.63750005,0.85333335,0.5208333,0.9816667,0.9891667,0.5916667,0.25333333,0.3325,0.36083335,0.99,0.32333335,0.59083337,0.9591667,0.95916665,1.0,0.7708334,0.7066667,0.99666667,0.49250004,0.98,0.40333334,0.59083337,0.39166668,0.29250002,0.91249996,0.87083334,0.99666667,0.88416666,0.96500003,0.9691667,0.865,0.77166665,0.39083335,1.0,0.96000004,0.49833333,0.61833334,0.5875,0.93333334,0.98333335,0.75416666,0.65833336,0.71750003,0.42166668,0.63,0.29833335,0.205,0.7566667,0.83250004,0.5158333,0.66083336,0.87833333,0.9533333,0.48,0.4066667,0.8983333,0.6066667,0.6466667,0.91041666,0.895,0.45000002,0.92,0.6675,0.99916667,0.9616667
BC2026_Train_0008_S09_20250831_000000_20,0.30333334,0.30583334,0.3925,0.29583335,0.19583336,0.7741667,0.31,0.27958333,0.35166666,0.23000002,0.345,0.3008333,0.29833335,0.21666667,0.6325,0.45416668,0.27,0.66083336,0.2541667,0.4175,0.56583333,0.74750006,0.4816667,0.5766667,0.43166667,0.5525,0.88416666,0.39833334,0.625,0.46083334,0.45916668,0.6616667,0.33166665,0.39166668,0.30916667,0.5833334,0.745,0.38916668,0.45666665,0.43,0.25166667,0.5708333,0.42083335,0.6483334,0.40500003,0.38833335,0.24166667,0.17750001,0.26583335,0.21333334,0.5375,0.5241667,0.52750003,0.495,0.36833334,0.6741667,0.9216667,0.27833334,0.53,0.14999999,0.6391667,0.6833334,0.4491667,0.3891667,0.8375,0.5525,0.23833334,0.29250002,0.94416666,0.24583334,0.91499996,0.9425,0.99666667,0.1675,0.70916665,0.84833336,0.89166665,0.7916667,0.7741667,0.5758333,0.71333337,0.8833333,0.43,0.5975,0.8925,0.71833336,0.68500006,0.61833334,0.9825,0.91166663,0.94916666,0.42666668,0.8458333,0.93000007,0.31916666,0.63916665,0.4041667,0.41333336,0.725,0.90666664,0.78083336,0.34750003,0.54833335,0.094166666,0.28416666,0.61833334,0.98083335,0.83000004,0.975,0.7816667,0.99666667,0.685,0.5491667,0.91999996,0.6933333,0.7,0.6458334,0.50333333,0.83750004,0.6341667,0.41083333,0.54,0.98583335,0.66833335,0.25916666,0.86,0.84333336,0.49083334,0.96833336,0.66,0.76750004,0.8291667,0.7366667,0.4466667,0.65583336,0.7491667,0.5541667,0.6075,0.6466667,0.17000002,0.9275,0.6066667,0.89916664,1.0,0.39666668,0.55083334,0.995,0.37,0.71333337,0.9316667,0.36666667,0.19166666,0.96500003,0.64666665,0.59,0.98583335,0.7925001,0.9275,0.8466667,0.6025,0.66333336,0.68583333,0.9316667,0.65166664,0.8966667,0.5725,0.5058334,0.68583333,1.0,0.77916664,0.8925,0.44750002,0.99083334,1.0,0.6875,0.21166666,0.54583335,0.34500003,0.97583336,0.33166668,0.61,0.92333335,0.87583333,0.99583334,0.8691667,0.76416665,0.9583333,0.56666666,0.99333334,0.3825,0.58,0.2591667,0.28,0.7266667,0.9133333,0.9791667,0.9533333,1.0,0.6575,0.7008334,0.67083335,0.40583333,0.9891667,0.915,0.43333334,0.58,0.39166665,0.7191667,0.9508333,0.62916666,0.6691667,0.69166666,0.46916667,0.7083334,0.38166666,0.19,0.7941667,0.6808334,0.5883333,0.89666665,0.85583335,0.92583334,0.58166665,0.47750002,0.84,0.63416666,0.66499996,0.81416667,0.93833333,0.545,0.7950001,0.68666667,0.97833335,0.9941667
BC2026_Train_0008_S09_20250831_000000_25,0.3341667,0.33666667,0.3075,0.38833335,0.23333333,0.7216667,0.28083333,0.1675,0.10666667,0.18166667,0.4141667,0.22833332,0.44083333,0.25416666,0.59833336,0.23166668,0.38333336,0.6075,0.13583332,0.46416664,0.5958333,0.7158333,0.295,0.5466667,0.37416667,0.51250005,0.93416667,0.44416666,0.63416666,0.6125,0.49833333,0.7291667,0.38083333,0.60333335,0.30166668,0.5891667,0.77,0.49666667,0.5158333,0.47583336,0.305,0.6575,0.46333334,0.6975,0.39666668,0.36333334,0.19833334,0.22416666,0.25,0.23416668,0.5675,0.5733333,0.56666666,0.58500004,0.36333334,0.8833333,0.93666667,0.24333334,0.5825,0.29666668,0.78249997,0.58416665,0.5391667,0.46333334,0.8908334,0.59000003,0.17833333,0.28083333,0.99333334,0.26666668,0.8675,0.8616667,0.96416664,0.24416667,0.86333334,0.9058333,0.8525,0.8675,0.70750004,0.61083335,0.5491667,0.97833335,0.15166667,0.5441667,0.4075,0.76250005,0.69458336,0.66583335,0.93,0.66499996,0.86833334,0.40333334,0.7566667,0.9916667,0.3475,0.72,0.27583334,0.50083333,0.5475,0.60833335,0.8058334,0.33666667,0.69500005,0.1425,0.28833333,0.55,0.9533333,0.74083334,0.945,0.87583333,0.93666667,0.7425,0.62333333,0.82916665,0.8033334,0.75083333,0.56,0.45749998,0.8216667,0.39333338,0.415,0.54583335,1.0,0.7033334,0.30833334,0.71,0.83250004,0.46,0.91583335,0.735,0.8908333,0.6716667,0.80083334,0.5883333,0.7125,0.80833334,0.5816667,0.6616667,0.88166666,0.2525,0.83166665,0.60333335,0.9433333,0.9916667,0.70916665,0.30583334,0.9583334,0.29166666,0.76,0.8083334,0.525,0.18333334,0.86833334,0.55583334,0.62166667,0.9816667,0.85833335,0.96583337,0.84250003,0.6616667,0.7033333,0.7166667,0.7733334,0.63916665,0.8091666,0.6058333,0.62333333,0.5841667,0.9891667,0.86083335,0.75500005,0.33583337,0.9816667,0.9691667,0.56500006,0.09583333,0.7708334,0.45,0.8341667,0.4,0.61583334,0.8325,0.53583336,0.9525,0.97583336,0.72333336,0.9025,0.68416667,0.96666664,0.33583337,0.905,0.3125,0.19333334,0.49583337,0.9525,0.9558333,0.90500003,0.9816667,0.65583336,0.8041667,0.72583336,0.50750005,0.86083335,0.93416667,0.465,0.59166664,0.3741667,0.8116666,0.95708334,0.6,0.63250005,0.8391667,0.42249998,0.7341667,0.57666665,0.21833333,0.89916664,0.86583334,0.7391667,0.91333336,0.8033334,0.8475,0.59416664,0.6066667,0.81500006,0.69916666,0.67833334,0.775,0.81333333,0.65583336,0.5733334,0.60333335,0.94083333,0.96000004
BC2026_Train_0008_S09_20250831_000000_30,0.20583335,0.25333333,0.19583334,0.25083333,0.09166667,0.47,0.15583333,0.087500006,0.06333333,0.25666666,0.425,0.08583333,0.30416667,0.0875,0.33833334,0.18583333,0.3216667,0.5158333,0.094166666,0.24000001,0.23833334,0.46166664,0.16166668,0.5491667,0.31500003,0.19166668,0.9316667,0.25333333,0.5875,0.38833335,0.53333336,0.59833336,0.36,0.5241667,0.26083332,0.5108333,0.78583336,0.48166668,0.42083335,0.44916666,0.31416667,0.7375001,0.46583334,0.65500003,0.32666668,0.29583335,0.16916667,0.20000002,0.18500002,0.15916666,0.49083334,0.51166666,0.50083333,0.65,0.35666665,0.5833333,0.8958333,0.3541667,0.26,0.225,0.6416667,0.3491667,0.35083336,0.1925,0.80833334,0.48666668,0.093333334,0.0625,0.92083335,0.1775,0.8591667,0.87333333,0.785,0.09166667,0.65000004,0.87416667,0.89166665,0.71000004,0.7266667,0.4225,0.17916666,0.99666667,0.11833334,0.3525,0.2675,0.8475,0.77416664,0.555,0.75750005,0.3425,0.89666665,0.40916666,0.66166663,0.94166666,0.1575,0.46500003,0.14833333,0.46833333,0.33249998,0.19333333,0.8083334,0.245,0.62416667,0.08583334,0.30416667,0.4425,0.8191667,0.34750003,0.7633333,0.9033333,0.5683334,0.55,0.50083333,0.90083337,0.77000004,0.7475,0.43583333,0.17333335,0.7841667,0.2775,0.26,0.49083334,0.94166666,0.48250002,0.19,0.41833335,0.59583336,0.48333335,0.9675,0.5366667,0.61833334,0.47166666,0.5991667,0.4125,0.52166665,0.74666667,0.5325,0.82416666,0.89,0.15,0.79583335,0.55833334,0.9825,0.9033333,0.48833334,0.23750001,0.87916666,0.24333334,0.72083336,0.62750006,0.23000002,0.14166667,0.90583336,0.5708333,0.49249998,0.9,0.875,0.8616667,0.8216667,0.4425,0.7325,0.7975,0.64,0.745,0.80499995,0.3241667,0.3241667,0.7816667,0.96416664,0.8316667,0.485,0.22166666,0.8066667,0.94416666,0.3875,0.060833335,0.7925,0.5475,0.7116667,0.32500002,0.73,0.8183334,0.5875,0.8691667,0.8033334,0.675,0.7416667,0.615,0.9508333,0.3441667,0.97333336,0.23583333,0.06333333,0.28833333,0.8925,0.70000005,0.6725,0.9741667,0.27416667,0.45,0.8808333,0.35916665,0.3375,0.9666667,0.5241667,0.28833333,0.27333334,0.57000005,0.98833334,0.6383333,0.6333333,0.7791667,0.39499998,0.41333336,0.50083333,0.265,0.8808333,0.4675,0.8225,0.39333335,0.80416673,0.9116667,0.35333335,0.51166666,0.76500005,0.7,0.81083333,0.9141666,0.41916668,0.32833335,0.455,0.42166668,0.79916674,0.9191667
BC2026_Train_0008_S09_20250831_000000_35,0.10750001,0.28916666,0.14666668,0.17833334,0.07083333,0.31166667,0.115833335,0.075,0.055,0.21583334,0.43583333,0.033333335,0.111666664,0.016666668,0.425,0.17,0.030000001,0.27166665,0.0925,0.17583334,0.044999998,0.37833336,0.090833336,0.46166664,0.24166667,0.058333334,0.88166666,0.12166667,0.6125,0.17416666,0.5158333,0.5975,0.37916666,0.50333333,0.19,0.62333333,0.7833334,0.4,0.35833335,0.46416667,0.31583333,0.75333333,0.42666668,0.7216667,0.26833335,0.245,0.15583333,0.17083333,0.13166666,0.08833334,0.36833334,0.42833334,0.40833336,0.69500005,0.4325,0.38333333,0.88416666,0.31,0.108333334,0.030833336,0.24916668,0.27416667,0.30416667,0.12916666,0.57500005,0.42166668,0.042500004,0.030000001,0.41583335,0.11416667,0.7,0.75,0.5366667,0.0275,0.41208333,0.7841667,0.6166667,0.51250005,0.6666667,0.26416668,0.075,0.94,0.03916667,0.29,0.1575,0.77500004,0.5866667,0.40916666,0.60833335,0.28833333,0.93333334,0.31833333,0.5520834,0.59250003,0.28,0.34833336,0.087500006,0.46833333,0.24583334,0.15541667,0.77833337,0.108333334,0.7091667,0.08,0.28,0.32416666,0.6675,0.19833334,0.5825,0.77583337,0.49333334,0.30333334,0.39333332,0.94000006,0.82500005,0.7166667,0.3766667,0.09333334,0.62833333,0.24583335,0.125,0.41833335,0.6775,0.35916668,0.1325,0.305,0.40333334,0.39000002,0.77,0.31333333,0.925,0.64666665,0.38583332,0.29583335,0.41000003,0.3,0.41583332,0.7475,0.7466667,0.071666665,0.68,0.55916667,0.8741667,0.6091667,0.44833335,0.15083334,0.8541667,0.1375,0.71750003,0.6258334,0.07166667,0.05916667,0.4991667,0.48916665,0.4066667,0.45750004,0.765,0.62666667,0.7733333,0.28833336,0.69166666,0.91083336,0.45749998,0.60249996,0.6616667,0.19000001,0.14,0.46,0.83500004,0.7308334,0.35666668,0.13666667,0.72833335,0.88416666,0.325,0.021666668,0.5991667,0.34750003,0.6333333,0.38916668,0.6383333,0.6783334,0.8675,0.60583335,0.48416668,0.62333333,0.5441667,0.38833335,0.9183333,0.26333332,0.8775,0.13958333,0.061666667,0.17250001,0.73666674,0.34583333,0.7475,0.88666666,0.17250001,0.5425,0.7941667,0.15666667,0.23916668,0.8883333,0.40916666,0.21583334,0.22833332,0.5175,0.89916664,0.6041667,0.6041667,0.6591667,0.325,0.24916667,0.55583334,0.22500001,0.82500005,0.40333334,0.72083336,0.13083333,0.71500003,0.8191667,0.11916667,0.40333337,0.655,0.675,0.74,0.7408334,0.22166668,0.20333333,0.23166668,0.2425,0.555,0.7783333
BC2026_Train_0008_S09_20250831_000000_40,0.105,0.37333333,0.34000003,0.15083334,0.020833334,0.56583333,0.1175,0.06833333,0.040000003,0.22916669,0.345,0.11833333,0.10916667,0.0375,0.87833333,0.15416667,0.019166667,0.23083332,0.08916667,0.095,0.09833334,0.35,0.23333333,0.41583332,0.20083332,0.1,0.8266667,0.17250001,0.5966667,0.24916667,0.50666666,0.66333336,0.405,0.40833333,0.1575,0.59166664,0.7766667,0.39000002,0.37166667,0.48,0.355,0.73416674,0.33916667,0.7291667,0.21833333,0.22166666,0.17083333,0.155,0.120000005,0.10333334,0.3725,0.3991667,0.3925,0.7275,0.43166667,0.65833336,0.93416667,0.25708333,0.16666667,0.021666668,0.10166667,0.16666667,0.1975,0.10666666,0.52583337,0.30083334,0.125,0.03916667,0.6775,0.15333334,0.7741667,0.7925,0.5,0.017500002,0.44083333,0.75500005,0.53666663,0.5083334,0.65,0.4425,0.14916667,0.67,0.0375,0.41916665,0.17916667,0.73583335,0.4875,0.41583332,0.5941667,0.28625,0.93833333,0.26833332,0.57416666,0.7225,0.6516667,0.45416668,0.10583334,0.48666665,0.31666666,0.1675,0.8091667,0.11250001,0.81916666,0.028333336,0.29,0.34250003,0.8366667,0.30333334,0.49833333,0.71000004,0.4441667,0.41416666,0.3775,0.8616667,0.7066667,0.7066667,0.39083332,0.235,0.70250005,0.13916667,0.16416667,0.38583335,0.8358333,0.36083335,0.18583333,0.22833334,0.5525,0.365,0.6075,0.5466667,0.99,0.5133333,0.4883333,0.21666667,0.34583333,0.23583335,0.58166665,0.6483334,0.5291667,0.05166667,0.66541666,0.5775,0.55333334,0.5258333,0.2275,0.18666667,0.68333334,0.13499999,0.70750004,0.70750004,0.049166664,0.05,0.39541665,0.45333335,0.4016667,0.49916667,0.7091667,0.7275001,0.8908333,0.34583336,0.68083334,0.7925,0.5133333,0.6008333,0.34333333,0.24000001,0.17916666,0.33833334,0.64916664,0.71750003,0.43416667,0.10333334,0.97583336,0.8391667,0.20750001,0.020000001,0.14083335,0.30916667,0.545,0.74833333,0.5808333,0.60583335,0.48708335,0.6616667,0.5416666,0.5483333,0.5475,0.33249998,0.95916665,0.25666666,0.26500002,0.1675,0.03916667,0.23333335,0.77500004,0.34833333,0.58916664,0.8858333,0.4883333,0.855,0.7508334,0.10166666,0.6041667,0.72333336,0.38,0.21916667,0.45083335,0.6283334,0.955,0.5758333,0.48666668,0.59583336,0.26333332,0.38333336,0.42916664,0.22166666,0.79916674,0.625,0.6091667,0.185,0.70750004,0.8333334,0.21166667,0.43833336,0.7666667,0.68583333,0.5291667,0.675,0.27333334,0.24583334,0.23833333,0.21166667,0.6541667,0.7916667
BC2026_Train_0008_S09_20250831_000000_45,0.13666666,0.30666667,0.23416667,0.21000001,0.045833334,0.6483334,0.13666667,0.08916667,0.058333337,0.21416667,0.3,0.15666667,0.1325,0.058333334,0.59000003,0.19,0.030000001,0.30416667,0.10083334,0.12583333,0.3241667,0.35333332,0.175,0.47833335,0.28333336,0.13666667,0.845,0.13499999,0.6466667,0.4166667,0.5158333,0.68333334,0.53166664,0.47583336,0.13583334,0.67583334,0.7683334,0.405,0.47583336,0.48916668,0.40333334,0.78083336,0.3516667,0.76000005,0.26416665,0.26749998,0.17583334,0.20666666,0.1725,0.14083333,0.3741667,0.4141667,0.38750002,0.78083336,0.44333333,0.64166665,0.98,0.17666668,0.20666666,0.052500002,0.12916666,0.23416667,0.3075,0.15666667,0.55916667,0.34,0.119166665,0.075,0.9,0.18166667,0.8366667,0.8475,0.57000005,0.43166667,0.50083333,0.9716667,0.5833334,0.50333333,0.7008334,0.41833332,0.29500002,0.84583336,0.10916667,0.47666666,0.20166667,0.65250003,0.5116667,0.39416668,0.6725,0.48916665,0.8725,0.27666667,0.6741667,0.7083334,0.25833333,0.7691667,0.17333333,0.4675,0.49333334,0.34333336,0.85,0.15333334,0.6591667,0.050000004,0.10166666,0.50666666,0.9558333,0.7025,0.6641667,0.6916667,0.48583332,0.49333334,0.435,0.7408334,0.71833336,0.7166667,0.4666667,0.46083334,0.83000004,0.265,0.22916667,0.49666667,0.9791667,0.54083335,0.03666667,0.3675,0.7958334,0.3775,0.7075,0.7925001,0.95666665,0.5516667,0.55833334,0.36166668,0.38166666,0.5375,0.6691667,0.6483333,0.82500005,0.085,0.65,0.59083337,0.7091667,0.72583336,0.6775,0.21333334,0.63166666,0.24416666,0.6933333,0.8391667,0.18,0.1075,0.54083335,0.33333334,0.50166667,0.67583334,0.71500003,0.9141667,0.92333335,0.4791667,0.67333335,0.72083336,0.565,0.57166666,0.31833333,0.43500003,0.29250002,0.415,0.7391667,0.69666666,0.60833335,0.2225,0.99666667,0.83833337,0.38083333,0.021666668,0.33750004,0.35833335,0.6466667,0.38750002,0.6125,0.5575,0.26833335,0.9108333,0.8216667,0.59333336,0.73,0.42833334,0.97083336,0.2775,0.34250003,0.2,0.08666667,0.4375,0.9008333,0.5683333,0.7633334,0.8266667,0.9925,0.81750005,0.73916674,0.17500001,0.97833335,0.74333334,0.4225,0.26999998,0.3816667,0.75,0.99916667,0.5366667,0.51250005,0.71000004,0.31750003,0.7016667,0.48500004,0.24916668,0.77583337,0.99583334,0.65833336,0.35750002,0.7008334,0.8208334,0.40083337,0.6658333,0.8983333,0.66833335,0.53333336,0.7883334,0.49416667,0.2616667,0.31833336,0.35583332,0.7791667,0.8541667
BC2026_Train_0008_S09_20250831_000000_50,0.12,0.28833333,0.23250002,0.255,0.025000002,0.76250005,0.17666668,0.15,0.075,0.35916668,0.3175,0.21000002,0.124166675,0.07083333,0.37333333,0.18833333,0.039166667,0.31083333,0.083333336,0.2075,0.18916667,0.34666666,0.33666667,0.475,0.22833335,0.2225,0.81250006,0.11958334,0.77500004,0.60083336,0.51666665,0.77250004,0.49583334,0.4141667,0.15416667,0.7266667,0.76,0.38916668,0.4275,0.49083334,0.35000002,0.69166666,0.4475,0.82,0.27666664,0.26333332,0.19416668,0.20833334,0.19250001,0.14500001,0.44333333,0.46,0.45333335,0.7191667,0.445,0.7875001,0.96916664,0.23750001,0.245,0.135,0.09583334,0.12416667,0.255,0.105,0.725,0.3816667,0.08166667,0.087500006,0.8491667,0.23916668,0.74666667,0.81666666,0.49666667,0.9133333,0.45333335,0.99333334,0.4608333,0.3766667,0.64166665,0.3325,0.33833334,0.655,0.086666666,0.5283333,0.2525,0.5758333,0.44916672,0.32833338,0.5541667,0.4425,0.8441667,0.27916667,0.75750005,0.665,0.11333333,0.7991667,0.22333334,0.4525,0.3816667,0.3175,0.765,0.11583333,0.4658333,0.094166666,0.065,0.4475,0.8283334,0.37666667,0.50666666,0.68333334,0.39583334,0.37083334,0.3375,0.52166665,0.5683333,0.6391667,0.39249998,0.29416668,0.65083337,0.19916666,0.18166666,0.33,0.81333333,0.45083338,0.0175,0.25,0.8825,0.32250002,0.55333334,0.78416675,0.68583333,0.6491667,0.68916667,0.2575,0.34083334,0.39416668,0.72083336,0.58833337,0.85333335,0.20000002,0.66,0.5208333,0.47,0.5316667,0.8133334,0.22916669,0.5366667,0.22416668,0.6775,0.935,0.11666667,0.079166666,0.34416667,0.27666667,0.4475,0.43333334,0.68583333,0.68083334,0.865,0.4691667,0.69,0.5233334,0.50666666,0.50333333,0.22916667,0.25333333,0.225,0.3791667,0.62083334,0.6075,0.5775,0.19416668,0.97083336,0.74,0.38000003,0.029166669,0.18333334,0.28666666,0.48666665,0.21583335,0.52916664,0.45916665,0.26250002,0.7033334,0.60333335,0.615,0.6,0.36333334,0.92583334,0.29666668,0.116666675,0.19416666,0.11833334,0.23916666,0.73083335,0.40583336,0.5108333,0.7075,0.99833333,0.47083333,0.60083336,0.15666667,0.61833334,0.68416667,0.35000002,0.255,0.44833332,0.5808334,0.96333337,0.45583335,0.61583334,0.6341667,0.40583333,0.46583334,0.58666664,0.17500001,0.70500004,1.0,0.53583336,0.29416665,0.65666664,0.6566667,0.44083333,0.45833334,0.81166667,0.6483334,0.47333336,0.8566667,0.3516667,0.17833334,0.33416665,0.38083333,0.69750005,0.6766667
BC2026_Train_0008_S09_20250831_000000_55,0.097500004,0.17166667,0.06583333,0.12416667,0.004166667,0.36166668,0.15833335,0.06666667,0.040833335,0.315,0.37666667,0.023333335,0.07333334,0.012500001,0.12833333,0.11333334,0.015833333,0.275,0.06583334,0.0150000015,0.040833335,0.1725,0.09166666,0.48791668,0.08833333,0.0775,0.81750005,0.08416667,0.515,0.63,0.53416663,0.5725,0.41333333,0.39916667,0.14416666,0.50916666,0.78000003,0.43583333,0.39416668,0.45833334,0.355,0.72833335,0.42083335,0.61583334,0.22416668,0.21083334,0.14083335,0.13333334,0.09666667,0.079166666,0.38250002,0.38916668,0.4225,0.7391667,0.435,0.39583337,0.9375,0.445,0.17750001,0.0150000015,0.0625,0.0875,0.08416667,0.065000005,0.46416667,0.35916668,0.029166669,0.027500002,0.5416667,0.13833334,0.61833334,0.8041667,0.42583334,0.36583334,0.39625,0.9691667,0.4925,0.31666666,0.74083334,0.2375,0.07166667,0.32666665,0.014166668,0.39083332,0.13416667,0.68083334,0.49083334,0.26916665,0.5525,0.22250001,0.8466667,0.26166666,0.5733334,0.45666665,0.097500004,0.38333333,0.08166667,0.49,0.14833334,0.14,0.76166666,0.0875,0.5141667,0.14666668,0.16749999,0.21333334,0.5441667,0.13666667,0.4141667,0.7783334,0.33583334,0.21666667,0.315,0.5233334,0.17125,0.68666667,0.32833335,0.10083334,0.5233334,0.06416667,0.1225,0.22000001,0.635,0.265,0.05916667,0.14000002,0.5766667,0.33833334,0.5691667,0.52833337,0.3025,0.35750002,0.5525,0.14083335,0.2841667,0.19666666,0.55083334,0.49916667,0.50166667,0.10333334,0.6091667,0.58833337,0.22583333,0.4066667,0.6933333,0.15833333,0.67583334,0.123333335,0.70500004,0.6816667,0.020000001,0.020833334,0.21916667,0.31166667,0.39583337,0.37166667,0.68,0.3216667,0.7691667,0.24000001,0.70666665,0.4675,0.34833333,0.54833335,0.14833334,0.1425,0.12083334,0.33833334,0.64250004,0.63,0.29583335,0.0675,0.7083333,0.8241667,0.20166665,0.07,0.06583333,0.30583334,0.46000004,0.20833333,0.59333336,0.48083335,0.054166667,0.51166666,0.3725,0.5891667,0.4791667,0.30833334,0.83500004,0.33583334,0.056666672,0.12666667,0.0475,0.13083333,0.66583335,0.18083334,0.26,0.8191667,0.96750003,0.20083335,0.76500005,0.061666667,0.11,0.7083334,0.30666667,0.17333335,0.24083333,0.56916666,0.8833333,0.52750003,0.8,0.62916666,0.34416667,0.23166665,0.5875,0.20375,0.74250007,0.9508334,0.62833333,0.120000005,0.6766667,0.6766667,0.19,0.3825,0.6175,0.6933333,0.38833332,0.6391667,0.13749999,0.07833333,0.25083333,0.14500001,0.6166667,0.68083334
BC2026_Train_0008_S09_20250831_000000_60,0.095,0.19083335,0.075,0.10083334,0.016666668,0.39583334,0.085,0.047500003,0.090833336,0.285,0.42416668,0.014166668,0.2075,0.008333334,0.12666667,0.08,0.023333335,0.26916668,0.056666672,0.004166667,0.104166664,0.21166667,0.027500002,0.575,0.14583334,0.108333334,0.9483333,0.075,0.5475,0.77750003,0.5175,0.61583334,0.5158333,0.55583334,0.23666668,0.65500003,0.7558333,0.4225,0.36666667,0.48583335,0.36583334,0.74416673,0.5,0.68500006,0.33416668,0.30083334,0.16333334,0.14250001,0.11,0.07666667,0.42000002,0.40666667,0.44666666,0.74000007,0.465,0.55,0.9583333,0.49333334,0.39249998,0.010833334,0.123333335,0.07833333,0.13416666,0.0775,0.30833334,0.5083333,0.054166667,0.050833333,0.43666667,0.13250001,0.52833337,0.5825,0.3675,0.0475,0.40583336,0.8933333,0.41250002,0.35666668,0.56500006,0.2125,0.064166665,0.25416666,0.031666666,0.33083335,0.104166664,0.56916666,0.49833333,0.43833333,0.495,0.24833333,0.82750005,0.20916666,0.42833334,0.37,0.08666667,0.445,0.075,0.45333332,0.1725,0.18166667,0.7275,0.096666664,0.55,0.1725,0.120000005,0.20916666,0.50083333,0.16666667,0.5208334,0.72916675,0.35250002,0.21083334,0.29833335,0.46833336,0.27833334,0.6616667,0.31083336,0.0775,0.43333337,0.12000001,0.07083333,0.19083335,0.6191667,0.30666667,0.1275,0.11750001,0.50416666,0.28333333,0.41583335,0.31416667,0.49083334,0.50166667,0.3925,0.17083335,0.35583332,0.18333334,0.46916667,0.37166667,0.41250002,0.13583334,0.5,0.53833336,0.16916667,0.43416667,0.75500005,0.17583334,0.54833335,0.13875,0.66083336,0.60333335,0.07666667,0.044999998,0.20916668,0.215,0.48666668,0.31333333,0.63166666,0.345,0.7533334,0.23333332,0.6491667,0.64250004,0.2925,0.41583332,0.1525,0.21083334,0.10416667,0.52166665,0.465,0.545,0.36916667,0.13166668,0.675,0.7191667,0.26500002,0.0075000008,0.05166667,0.40666667,0.42166668,0.20416667,0.5516667,0.37833333,0.16916667,0.56083333,0.63750005,0.6358334,0.30083334,0.33416668,0.77500004,0.21916667,0.040833335,0.1675,0.0075000008,0.16500002,0.7008334,0.29583335,0.3475,0.7066667,0.27666667,0.225,0.60083336,0.095,0.12666667,0.6341667,0.22750002,0.10583334,0.2708333,0.76,0.6641666,0.46333334,0.6008333,0.72083336,0.29999998,0.3575,0.73416674,0.1675,0.7458334,0.54,0.5733333,0.12166667,0.63166666,0.58750004,0.25916666,0.35666665,0.5925,0.6741667,0.30416667,0.63416666,0.19833334,0.09166667,0.20333335,0.19833334,0.59250003,0.5575
BC2026_Train_0009_S09_20250828_000000_5,0.71000004,0.66083336,0.37583336,0.5858334,0.38333333,0.68916667,0.69916666,0.39083335,0.2708333,0.5375,0.51,0.41583332,0.2816667,0.49166667,0.5566667,0.48916665,0.21,0.8383333,0.20833333,0.18500002,0.4741667,0.8366667,0.50083333,0.91583335,0.8258333,0.62583333,0.9525,0.6416667,0.9316667,0.4641667,0.7991667,0.91083336,0.68833333,0.795,0.7275,0.8541666,0.80083334,0.61,0.72416663,0.7691667,0.6075,0.81916666,0.75250006,0.93833333,0.505,0.49916667,0.45,0.39583334,0.54,0.5233333,0.73833334,0.73583335,0.7291667,0.8166667,0.66833335,0.65416664,0.9766667,0.17750001,0.62083334,0.31833336,0.33333334,0.77583337,0.225,0.325,0.995,0.8341667,0.31416667,0.29666668,0.9533333,0.52916664,0.7116667,0.6666667,0.8033334,0.43333334,0.7366667,0.91083336,0.6666667,0.84250003,0.9266667,0.94166666,0.49583334,0.59416664,0.26250002,0.925,0.3416667,0.8958334,0.69666666,0.55916667,0.8416667,0.61583334,0.39166668,0.68916667,0.8833333,0.9841667,0.58416665,0.4975,0.38000003,0.69500005,0.3925,0.92333335,0.7958334,0.6383333,0.5725,0.31583336,0.27083334,0.87083334,0.7566667,0.6783334,0.7866667,0.7416667,0.6933333,0.8983334,0.81333333,0.54833335,0.5233334,0.7791667,0.495,0.89416665,0.48333332,0.7825,0.62916666,0.5741667,0.75083333,0.965,0.34166667,0.595,0.51750004,0.5991667,0.70750004,0.89916664,0.72333336,0.40333337,0.9916667,0.69083333,0.555,0.4975,0.89,0.5825,0.8566667,0.47250003,0.9875,0.75250006,0.5258333,0.78333336,0.7941667,0.395,0.8333334,0.6958334,0.9675,0.49833333,0.32083333,0.50916666,0.68416667,0.6691667,0.7704167,0.975,0.84083337,0.73666674,0.88916665,0.95166665,0.73833334,0.47583336,0.83500004,0.73083335,0.81416667,0.8016667,0.89,0.63916665,0.6975,0.75166667,0.99,0.65583336,0.85833335,0.73416674,0.77000004,0.5083334,0.53499997,0.39083335,0.755,0.6566667,0.92333335,0.7733334,0.43333334,0.84000003,0.675,0.93833333,0.69500005,0.76500005,0.74166673,0.6325,0.5475,0.5416666,0.5933333,0.5158334,0.9425,0.48916668,0.745,0.81916666,0.84083337,0.89916664,0.65500003,0.44500002,0.6316667,0.93416667,0.6741667,0.76750004,0.5158333,0.74833333,0.5758334,0.70500004,0.7591667,0.9558333,0.7791667,0.56333333,0.33166665,0.38083336,0.7741667,0.7916667,0.64166665,0.6416667,0.7883334,0.63,0.80416673,0.7791667,0.84583336,0.7950001,0.7683334,0.9325,0.6691667,0.57666665,0.7966667,0.9925,0.735,0.69166666
BC2026_Train_0009_S09_20250828_000000_10,0.7766667,0.7325,0.43666667,0.5075,0.2625,0.7516667,0.7708334,0.5491667,0.32333335,0.56750005,0.5775,0.385,0.40916666,0.52916664,0.52166665,0.47333333,0.21416667,0.89666665,0.32583332,0.19,0.33083332,0.66583335,0.62583333,0.7216667,0.8016667,0.68666667,0.82250005,0.84000003,0.9541667,0.5645833,0.81333333,0.9583334,0.735,0.7316667,0.77583337,0.8983334,0.81250006,0.665,0.5766667,0.8358333,0.68,0.7291667,0.7841667,0.95,0.545,0.54833335,0.6675,0.54999995,0.7058334,0.73333335,0.81166667,0.7975,0.7941667,0.6775,0.7358334,0.7,0.9291667,0.28500003,0.8216667,0.41583335,0.42916667,0.66833335,0.20833334,0.29500002,0.96000004,0.7691667,0.315,0.40916666,0.9158333,0.6741667,0.68041664,0.7216667,0.84833336,0.39333335,0.8641667,0.7850001,0.6408333,0.7741667,0.96750003,0.85333335,0.4675,0.45166668,0.48499998,0.6983334,0.48583338,0.9275,0.69,0.7458334,0.785,0.5941667,0.46,0.7566667,0.78833336,0.9641667,0.54583335,0.31,0.7375,0.7566667,0.39500004,0.9925,0.8033334,0.58500004,0.72,0.43666667,0.41583332,0.80083334,0.7658334,0.5075,0.83000004,0.8075,0.7275001,0.84333336,0.93083334,0.60833335,0.45,0.80750006,0.57750005,0.80500007,0.49083337,0.9116667,0.7791667,0.6866667,0.93416667,0.9433333,0.52583337,0.57166666,0.6725,0.6766667,0.70500004,0.79083335,0.78083336,0.315,0.9533334,0.68500006,0.62666667,0.45,0.92,0.82166666,0.72083336,0.6958334,0.9191667,0.76166666,0.54333335,0.7866667,0.86,0.285,0.83833337,0.94916666,0.9916667,0.70250005,0.30583334,0.6,0.72,0.8366667,0.7033334,1.0,0.83000004,0.85749996,0.94,0.8316667,0.77500004,0.59916663,0.865,0.86,0.7533334,0.69916666,0.8891667,0.7950001,0.7633334,0.82250005,0.99916667,0.65083337,0.96,0.74,0.7508334,0.5325,0.3441667,0.56416667,0.8108334,0.7841667,0.9608333,0.86083335,0.4641667,0.865,0.6691667,0.9025,0.91,0.9008333,0.6933333,0.785,0.41583332,0.9458333,0.9033333,0.7275,0.99666667,0.5833334,0.7458334,0.9425,0.80750006,0.895,0.72333336,0.4066667,0.7316667,0.8958333,0.6883334,0.8566667,0.5858333,0.8491667,0.7066667,0.7108334,0.90583336,0.94666666,0.81,0.53583336,0.38916668,0.61583334,0.80500007,0.45166668,0.6816667,0.68083334,0.77250004,0.6575,0.8775,0.8491667,0.97583336,0.79916674,0.7325001,0.93666667,0.59000003,0.7058334,0.83000004,0.95,0.85833335,0.59416664
BC2026_Train_0009_S09_20250828_000000_15,0.81916666,0.72583336,0.48749998,0.17166667,0.31666666,0.7,0.6491667,0.54,0.3675,0.5525,0.59250003,0.38416666,0.335,0.48333332,0.465,0.42083335,0.27833334,0.93416667,0.30166668,0.15750001,0.2675,0.49916667,0.5966667,0.69500005,0.8041667,0.6416667,0.7533334,0.74250007,0.8958334,0.65166664,0.87583333,0.9558333,0.6625,0.62583333,0.8266667,0.8000001,0.8516667,0.8175,0.64166665,0.72,0.7591667,0.8391667,0.85833335,0.97083336,0.47416666,0.46416667,0.705,0.55,0.72833335,0.7891667,0.8641666,0.8658333,0.86249995,0.68,0.72,0.81250006,0.945,0.25333333,0.85083336,0.5791667,0.5,0.62333333,0.13333333,0.32333335,0.7616667,0.77000004,0.3216667,0.3391667,0.89,0.70500004,0.8166667,0.69,0.8291667,0.46249998,0.7941667,0.74750006,0.64750004,0.7925001,0.9816667,0.8341667,0.32833332,0.62333333,0.55583334,0.5966667,0.42000002,0.92083335,0.7425,0.6916667,0.875,0.63750005,0.4425,0.84250003,0.79416674,0.92,0.4575,0.26000002,0.75750005,0.7791667,0.42083335,0.8483333,0.92583334,0.6641667,0.85333335,0.5866667,0.4941667,0.8075,0.8791667,0.4325,0.8133334,0.7875,0.68666667,0.7358334,0.87083334,0.8025,0.4975,0.84000003,0.6583333,0.8933333,0.57666665,0.79166675,0.86333334,0.8308333,0.87416667,0.8808333,0.48666668,0.55,0.74750006,0.6566667,0.75750005,0.8191667,0.78583336,0.45583335,0.7708334,0.7816667,0.78583336,0.5833334,0.96166664,0.85833335,0.8775,0.725,0.7141667,0.7691667,0.58416665,0.7641667,0.87083334,0.28416666,0.75250006,0.99583334,0.98833334,0.80416673,0.33166668,0.63916665,0.78083336,0.79333335,0.7,0.9875,0.9191667,0.76750004,0.97583336,0.8341667,0.7900001,0.62916666,0.93083334,0.8741666,0.7816667,0.65083337,0.85249996,0.83000004,0.7608334,0.7925,0.99666667,0.6925,0.91,0.88166666,0.6916667,0.64,0.4375,0.64916664,0.7225,0.7950001,0.96708333,0.9533333,0.6175,0.9483333,0.6616667,0.87666667,0.9791667,0.795,0.68583333,0.90749997,0.51166666,0.9683333,0.735,0.7291667,0.93666667,0.785,0.8475,0.86583334,0.6575,0.90749997,0.79583335,0.55500007,0.79083335,0.89166665,0.735,0.8083334,0.6725,0.7608333,0.9241667,0.67833334,0.855,0.90833336,0.92499995,0.54083335,0.41083333,0.78333336,0.9575,0.3625,0.70166665,0.26333335,0.8925,0.9316667,0.69500005,0.9266667,0.99,0.8266667,0.7683334,0.945,0.71750003,0.5891667,0.9,0.85583335,0.7458334,0.64666665
BC2026_Train_0009_S09_20250828_000000_20,0.78000003,0.68416667,0.40833333,0.14750001,0.17916666,0.6933333,0.48499998,0.42333335,0.24416666,0.445,0.48416668,0.19333334,0.26833332,0.44583333,0.48499998,0.39916667,0.23416668,0.83750004,0.255,0.10333333,0.19583334,0.5291667,0.4975,0.64250004,0.79333335,0.45749998,0.7391667,0.7116667,0.8025,0.44083333,0.85499996,0.91833335,0.45583335,0.6458333,0.7925,0.7866667,0.93416667,0.8183333,0.45583335,0.745,0.61083335,0.6716667,0.87333333,0.94916666,0.3925,0.365,0.62833333,0.3816667,0.695,0.72333336,0.8758333,0.8741666,0.875,0.52833337,0.745,0.65,0.9375,0.18833335,0.7666667,0.385,0.3866667,0.4016667,0.15833333,0.31166667,0.7008334,0.69166666,0.25,0.28333336,0.8233334,0.6358333,0.89,0.7291667,0.9066667,0.7033333,0.7783334,0.85,0.6341667,0.8833333,0.975,0.7683334,0.26416665,0.72583336,0.5416667,0.77833337,0.38666666,0.8933333,0.7816667,0.6641667,0.9433333,0.55916667,0.5308333,0.8258333,0.94916666,0.8641666,0.405,0.34416667,0.7633334,0.73833334,0.42583334,0.65416664,0.98333335,0.6458333,0.9266667,0.67083335,0.49083334,0.8208333,0.89750004,0.43333337,0.76000005,0.82750005,0.6025,0.7491667,0.6925,0.8566667,0.48833334,0.8908334,0.6691667,0.9141667,0.6991667,0.64750004,0.75500005,0.7941667,0.9316667,0.8566667,0.3541667,0.50333333,0.69166666,0.68916667,0.8266667,0.79583335,0.58416665,0.71333337,0.80333334,0.8258334,0.8233334,0.48416665,0.9866667,0.87,0.9316667,0.6333333,0.8441667,0.7916667,0.7466667,0.7175,0.77583337,0.34750003,0.7308334,0.95,0.93333334,0.81500006,0.385,0.66583335,0.905,0.8591667,0.7033334,0.7458334,0.9216667,0.66,0.9625,0.82500005,0.8541667,0.6383333,0.91166663,0.9325,0.7433334,0.63416666,0.7533334,0.83750004,0.7750001,0.79083335,0.96750003,0.6675,0.83,0.96416664,0.67125,0.80833334,0.45916668,0.59583336,0.70250005,0.7008334,0.9625,0.9916667,0.58500004,0.97583336,0.72,0.9525,0.98,0.88666666,0.7950001,0.845,0.71000004,0.93416667,0.735,0.67333335,0.8091667,0.92083335,0.9325,0.91333336,0.6408333,0.945,0.845,0.5975,0.8833333,0.86583334,0.78583336,0.6625,0.6341667,0.7766667,0.9191666,0.71,0.83250004,0.86833334,0.87583333,0.5966667,0.45,0.79916674,0.99333334,0.33166668,0.7733334,0.19083333,0.9266667,0.975,0.62250006,0.9275,0.9575,0.9041667,0.8116667,0.8958333,0.70000005,0.66,0.9666667,0.8566667,0.72,0.75750005
BC2026_Train_0009_S09_20250828_000000_25,0.71750003,0.62,0.55833334,0.22916669,0.083333336,0.85083336,0.50416666,0.5391667,0.32333332,0.51250005,0.57000005,0.26916668,0.25666666,0.49583334,0.47333333,0.425,0.16166666,0.81416667,0.23916666,0.21666667,0.19583333,0.54833335,0.39083332,0.6958333,0.6341667,0.465,0.6566667,0.76250005,0.93916667,0.40166667,0.7708334,0.9775,0.62166667,0.7616667,0.7083334,0.9141667,0.84000003,0.7841667,0.5758334,0.72333336,0.655,0.67666674,0.855,0.98583335,0.49166667,0.48166668,0.64916664,0.49916667,0.71416664,0.76750004,0.85833335,0.8616667,0.8616667,0.6275,0.7008333,0.86583334,0.96166664,0.2575,0.8175,0.38416666,0.3475,0.64500004,0.16416667,0.34833336,0.7466667,0.7541667,0.3866667,0.44333333,0.93,0.6791667,0.90166664,0.74583334,0.9591667,0.77750003,0.8058334,0.8808333,0.5,0.8183334,0.96666664,0.96166664,0.43083334,0.78833336,0.68666667,0.96666664,0.605,0.8075,0.7058334,0.7583334,0.97333336,0.5991667,0.4625,0.8241667,0.9925,0.8825,0.54583335,0.545,0.7866667,0.67,0.4375,0.84,0.9658333,0.8241667,0.90166664,0.4925,0.35916668,0.75250006,0.8508333,0.5625,0.9116667,0.7825,0.7975001,0.9041667,0.6725,0.8516667,0.40666667,0.87249994,0.5525,0.92833334,0.58833337,0.6358334,0.56166667,0.7016667,0.81000006,0.8858333,0.37166667,0.48416665,0.75750005,0.56,0.87083334,0.9216667,0.62666667,0.53666663,0.9475,0.7783333,0.92583334,0.43416667,0.945,0.9175,0.94916666,0.60833335,0.9025,0.7533334,0.7025,0.89750004,0.7925,0.37583336,0.8341667,0.96750003,0.9275,0.79583335,0.42000002,0.6116667,0.915,0.88750005,0.6675,0.88416666,0.9175,0.5575,0.92333335,0.9475,0.79333335,0.625,0.99083334,0.98083335,0.8283334,0.8233334,0.81583333,0.7341667,0.75666666,0.9241667,0.9533333,0.7825,0.81166667,0.8833333,0.7225,0.5708333,0.42583334,0.52416664,0.8258334,0.84749997,0.9804167,0.98,0.6775,0.9475,0.64,0.98333335,0.9708333,0.90166664,0.8275,0.83833337,0.615,0.9741667,0.835,0.64250004,0.65166664,0.80500007,0.97,0.85083336,0.795,0.96250004,0.6741667,0.7975001,0.9316667,0.7641667,0.7875,0.7691667,0.59583336,0.71000004,0.8908333,0.8358334,0.8025,0.7741667,0.93333334,0.5891667,0.86583334,0.88,0.9691667,0.96833336,0.74333334,0.465,0.8629167,0.92583334,0.8308334,0.97,0.85333335,0.80166674,0.7941667,0.88666666,0.86833334,0.6683333,0.9975,0.77250004,0.83916664,0.7633333
BC2026_Train_0009_S09_20250828_000000_30,0.62583333,0.6041667,0.44750002,0.35000002,0.11666667,0.82250005,0.45000002,0.44750002,0.35333335,0.48833334,0.5025,0.35000002,0.25583333,0.20833334,0.41750002,0.52,0.1175,0.64,0.31666666,0.075833336,0.21499999,0.5133334,0.26583335,0.5675,0.6691667,0.52250004,0.7841667,0.81000006,0.8933333,0.4616667,0.7416667,0.8941667,0.73833334,0.57500005,0.625,0.8175,0.8591667,0.6875,0.5225,0.65083337,0.56666666,0.63166666,0.75750005,0.9091667,0.35666668,0.33333334,0.55833334,0.4166667,0.66833335,0.695,0.77583337,0.7733334,0.78000003,0.5475,0.6558333,0.91833335,0.96583337,0.2425,0.6408333,0.26,0.31166667,0.7733334,0.14083333,0.32750002,0.865,0.65333337,0.33083332,0.45416668,0.9708333,0.58166665,0.7325,0.55833334,0.9666667,0.58500004,0.5891667,0.91583335,0.4341667,0.79,0.96166664,0.9716667,0.6591667,0.49166667,0.41,0.8208334,0.43333334,0.83416665,0.6125,0.5858334,0.9166667,0.76666665,0.28416666,0.83750004,0.96166664,0.8875,0.6225,0.8425,0.41333333,0.7225,0.52750003,0.95750004,0.885,0.7158333,0.7983334,0.25,0.4016667,0.79583335,0.745,0.74750006,0.9791667,0.915,0.9491667,0.7658334,0.8358333,0.68,0.39166668,0.875,0.54,0.9316667,0.45499998,0.5875,0.47833332,0.6125,0.735,0.9433333,0.4466667,0.51666665,0.7875,0.68666667,0.8025,0.9608333,0.7625,0.5291667,0.97083336,0.59749997,0.9141667,0.3716667,0.94166666,0.7658334,0.98,0.48166668,0.9216667,0.8033334,0.45666668,0.95000005,0.7508334,0.3225,0.7683334,0.97833335,0.93916667,0.8908333,0.31416667,0.50416666,0.75,0.76500005,0.63166666,0.9716667,0.855,0.43666667,0.88666666,0.98,0.75750005,0.5225,0.98833334,0.9016667,0.83833337,0.84000003,0.8425,0.44,0.6983334,0.85,0.9608333,0.66333336,0.7425,0.71750003,0.7945834,0.475,0.38583335,0.4,0.64166665,0.7466667,0.94416666,0.8241667,0.51750004,0.87416667,0.71833336,0.93333334,0.915,0.8541667,0.7033334,0.82000005,0.41750002,0.93416667,0.7375001,0.47666666,0.625,0.4904167,0.88916665,0.9608333,0.83833337,0.9875,0.6575,0.46916667,0.925,0.80500007,0.65583336,0.9066667,0.41916668,0.63500005,0.65250003,0.7141667,0.8108334,0.81500006,0.7983334,0.5483333,0.93833333,0.7925001,0.81416667,0.9916667,0.8258334,0.5925,0.7216667,0.6620833,0.7708334,0.9091667,0.8216667,0.9175,0.7291667,0.955,0.9216667,0.69000006,0.97083336,0.8575,0.6175,0.66583335
BC2026_Train_0009_S09_20250828_000000_35,0.7058334,0.53499997,0.4025,0.2866667,0.30416667,0.725,0.5075,0.41916668,0.35333335,0.39166668,0.43750003,0.43833333,0.45416665,0.37083334,0.38833335,0.61833334,0.21916667,0.7033333,0.34166667,0.07666667,0.35333335,0.75333333,0.31916666,0.6825,0.895,0.59250003,0.99,0.81083333,0.9425,0.38000003,0.76750004,0.945,0.74916667,0.45750004,0.69,0.82750005,0.87333333,0.6483334,0.43500003,0.6125,0.6325,0.6041667,0.7941667,0.94916666,0.4141667,0.4141667,0.57416666,0.5475,0.58,0.6875,0.80333334,0.8,0.79333335,0.6483334,0.63,0.79166675,0.90250003,0.32583332,0.5525,0.33166665,0.4116667,0.49833336,0.13250001,0.32999998,0.88750005,0.67583334,0.25333333,0.31833336,0.84833336,0.3625,0.62166667,0.56166667,0.95666665,0.32333335,0.5575,0.84916663,0.6016667,0.7408334,0.89666665,0.7908334,0.42583334,0.42166668,0.17833333,0.7075,0.35500002,0.8116667,0.735,0.6175,0.89666665,0.7083334,0.34083334,0.8591666,0.70500004,0.7866667,0.58916664,0.88166666,0.29083332,0.7083334,0.42666668,0.9775,0.86083335,0.87666667,0.72,0.23083335,0.5191667,0.69083333,0.73916674,0.5175,0.93666667,0.9916667,0.9708333,0.65583336,0.8258333,0.6441667,0.43583336,0.8491667,0.63166666,0.65,0.51,0.59333336,0.42416668,0.70000005,0.80583334,0.9575,0.5241667,0.79333335,0.6616667,0.78166676,0.87916666,0.79166675,0.5475,0.3816667,0.8625,0.5491667,0.7766667,0.6,0.83833337,0.88166666,0.8591666,0.41083336,0.9533333,0.7925001,0.47833335,0.9316667,0.6195833,0.38916665,0.91083336,0.85333335,0.9375,0.76250005,0.31,0.92833334,0.5891667,0.74166673,0.74666667,0.9325,0.79,0.4875,0.8391667,0.9066667,0.7900001,0.56416667,0.87833333,0.8725,0.8233334,0.66583335,0.7216667,0.49166664,0.7666667,0.9691667,0.915,0.635,0.9041667,0.8625,0.9879167,0.6533333,0.7616667,0.515,0.69166666,0.5325,0.985,0.8058334,0.33666667,0.8266667,0.77833337,0.8875,0.53166664,0.9533333,0.6583333,0.7041667,0.55583334,0.5833334,0.5708333,0.4141667,0.9325,0.4716667,0.78333336,0.9916667,0.8183334,0.78000003,0.76500005,0.32166666,0.7316667,0.9475,0.73083335,0.8241667,0.42000002,0.7716667,0.5391667,0.7850001,0.8975,0.8516667,0.7425,0.48666668,0.8525,0.57666665,0.84000003,0.9,0.9866667,0.5,0.7883334,0.6116666,0.96500003,0.8616667,0.84083337,0.9266667,0.7975,0.93666667,0.74916667,0.7191667,0.7241667,0.90416664,0.5675,0.71000004
BC2026_Train_0009_S09_20250828_000000_40,0.65083337,0.5408333,0.42666665,0.27916667,0.225,0.8033334,0.51666665,0.5325,0.39833334,0.49583334,0.46416664,0.33333334,0.5441667,0.40000004,0.42000002,0.6458334,0.25666666,0.74166673,0.33416668,0.19749999,0.33166668,0.74416673,0.31416667,0.71333337,0.73166674,0.435,0.8670834,0.71250004,0.87166667,0.40583336,0.735,0.92,0.74666667,0.42333335,0.6225,0.76500005,0.83250004,0.66583335,0.38083333,0.66333336,0.61333334,0.59833336,0.8025,0.90916663,0.48666668,0.48,0.6566667,0.5525,0.59416664,0.6666667,0.78833336,0.78833336,0.78833336,0.5475,0.69083333,0.59166664,0.8020834,0.3625,0.66499996,0.39000002,0.6066667,0.46333337,0.2125,0.39000002,0.84,0.6858334,0.28583333,0.40583333,0.72,0.3991667,0.8283334,0.70750004,0.9583333,0.35666668,0.46666667,0.78416675,0.6933333,0.6591667,0.7766667,0.74916667,0.50166667,0.56083333,0.31,0.8933333,0.5233334,0.6308333,0.68500006,0.615,0.9525,0.63,0.55083334,0.83500004,0.8366667,0.79583335,0.45583335,0.98083335,0.7991667,0.73416674,0.54083335,0.84333336,0.8333334,0.955,0.85,0.28083333,0.4225,0.6866667,0.7166667,0.41250002,0.8233334,1.0,0.8358334,0.665,0.9433333,0.56333333,0.4675,0.8466667,0.665,0.6225,0.6358334,0.49833333,0.4,0.67333335,0.72833335,0.9166667,0.46,0.95416665,0.96416664,0.7508334,0.7883334,0.67333335,0.41916668,0.6516667,0.7108333,0.5733334,0.69250005,0.7433334,0.875,0.9066667,0.7983334,0.32750002,0.96833336,0.73083335,0.5391667,0.8000001,0.51666665,0.7683334,0.8458333,0.5525,0.87916666,0.955,0.37083334,0.97333336,0.62333333,0.6641667,0.77583337,0.8808333,0.7666667,0.58,0.7741667,0.7141667,0.82750005,0.5708333,0.83416665,0.85,0.71000004,0.55666673,0.57500005,0.7066667,0.74916667,0.9975,0.85583335,0.91583335,0.8958333,0.9458333,0.99625003,0.63666666,0.8325,0.46916664,0.76500005,0.4966667,1.0,0.8366667,0.5566667,0.79916674,0.77250004,0.9775,0.6475,0.99333334,0.7325,0.7925,0.61833334,0.50333333,0.4741667,0.45000002,0.99083334,0.6433333,0.7316667,0.9916667,0.96,0.6625,0.82,0.47083336,0.53583336,0.8858333,0.89166665,0.74916667,0.2925,0.58916664,0.6641667,0.77000004,0.80583334,0.83000004,0.74000007,0.62416667,0.47416666,0.6191667,0.8466667,0.6625,1.0,0.36583334,0.8041667,0.67,0.99083334,0.93333334,0.85833335,0.81916666,0.8266667,0.85083336,0.7191667,0.8983333,0.8158334,0.9575,0.7166667,0.66
BC2026_Train_0009_S09_20250828_000000_45,0.36916667,0.4525,0.50666666,0.3075,0.3125,0.90000004,0.30916667,0.4975,0.41833335,0.56250006,0.40583333,0.15916666,0.455,0.37916666,0.45250002,0.62583333,0.23249999,0.77500004,0.3275,0.245,0.23416667,0.85,0.49583334,0.6675,0.5125,0.11833334,0.7008334,0.4083333,0.56666666,0.30916667,0.5891667,0.735,0.77833337,0.34666666,0.48333332,0.475,0.7975,0.5941667,0.46916667,0.6016667,0.50916666,0.54,0.67583334,0.74333334,0.5666667,0.5466666,0.5358333,0.5425,0.63916665,0.47583333,0.6641667,0.65833336,0.6616667,0.6691667,0.55958337,0.44166666,0.7666667,0.40083337,0.6775,0.43666667,0.65333337,0.37583333,0.435,0.44583336,0.7966667,0.72583336,0.32166666,0.51750004,0.7683334,0.44333333,0.93416667,0.9683333,0.9925,0.5275,0.35916665,0.7475,0.7350001,0.8258333,0.7691667,0.8641666,0.69250005,0.6983333,0.47833335,0.955,0.62166667,0.65333337,0.6441667,0.8158334,0.97166663,0.74916667,0.7841667,0.7083334,0.94916666,0.855,0.33833334,0.9916667,0.975,0.6691667,0.7416667,0.8166667,0.8183334,0.9041667,0.94083333,0.29833332,0.32500002,0.79,0.725,0.5241667,0.8491667,0.9941667,0.8191667,0.5541667,0.88,0.65666664,0.6275,0.95,0.77000004,0.79416674,0.8208333,0.5675,0.43583333,0.7783334,0.6825,0.92583334,0.30583334,0.99583334,0.99583334,0.635,0.6975,0.73916674,0.40000004,0.8941667,0.585,0.75750005,0.8166667,0.73333335,0.96166664,0.59416664,0.7341667,0.17583333,0.99583334,0.6641667,0.5825,0.65666664,0.28583333,0.84833336,0.72,0.6991667,0.87333333,0.9575,0.5491667,0.99,0.69500005,0.5475,0.8316667,0.8316667,0.80083334,0.71583337,0.795,0.81500006,0.94916666,0.7983334,0.91083336,0.7008333,0.66166663,0.51666665,0.75,0.9033333,0.72583336,0.98,0.93333334,0.99333334,0.8358334,0.93083334,0.99958336,0.42833334,0.9041667,0.51666665,0.84833336,0.47750002,0.995,0.7516667,0.82750005,0.7991667,0.84583336,0.9925,0.74666667,0.9891667,0.87666667,0.87249994,0.5975,0.70416665,0.6066667,0.58916664,0.95,0.8925,0.775,0.9216667,0.9825,0.955,0.82416666,0.48083332,0.55333334,0.9275,0.94666666,0.8083334,0.34083334,0.48833334,0.925,0.7491667,0.7475,0.7366667,0.78583336,0.7608333,0.30791667,0.7558334,0.96,0.5058334,0.9925,0.5108333,0.81916666,0.62916666,0.9925,0.9275,0.93,0.7408334,0.7925,0.8266667,0.8425,0.9925,0.88416666,0.99,0.7616667,0.59499997
BC2026_Train_0009_S09_20250828_000000_50,0.5708333,0.4316667,0.33416665,0.20666668,0.175,0.67,0.3333333,0.37416667,0.31833333,0.50166667,0.4025,0.10416667,0.5166667,0.27083334,0.31333333,0.5208333,0.14666668,0.7316667,0.3375,0.19166668,0.32,0.88166666,0.34083337,0.74333334,0.645,0.16416666,0.79333335,0.5058333,0.48583338,0.28750002,0.5975,0.7291667,0.76500005,0.62833333,0.52416664,0.49916667,0.83833337,0.62583333,0.51166666,0.66083336,0.48583332,0.5916667,0.69166666,0.6691667,0.5158333,0.50166667,0.48000002,0.41750002,0.5416667,0.46833333,0.675,0.67333335,0.6625,0.73833334,0.5433333,0.44583333,0.7608334,0.43916667,0.55583334,0.41083333,0.71833336,0.24250002,0.32083336,0.4875,0.7216667,0.6866667,0.19916669,0.36666667,0.7666667,0.32,0.9425,1.0,0.93833333,0.22083333,0.5433333,0.90500003,0.5958333,0.64666665,0.87166667,0.6525,0.6516667,0.7908334,0.39916667,0.87583333,0.5991667,0.8158334,0.6758334,0.86083335,0.92833334,0.5775,0.79666674,0.735,0.9375,0.7658334,0.29083332,0.8416667,0.9558333,0.66499996,0.7266667,0.71250004,0.87,0.58250004,0.87166667,0.29166666,0.42833334,0.6933333,0.8108334,0.42583334,0.7408334,0.97,0.72333336,0.83000004,0.9816667,0.68583333,0.5725,0.92,0.7825,0.6633333,0.8883333,0.39666668,0.37916666,0.6675,0.75916666,0.88666666,0.5291667,0.98583335,1.0,0.62,0.8958333,0.91499996,0.27833334,0.69416666,0.55333334,0.58833337,0.6141667,0.605,0.92,0.8275,0.73583335,0.22833334,0.97833335,0.7366667,0.7025,0.63,0.3241667,0.6775,0.75750005,0.50166667,0.905,0.8925,0.32916668,0.99583334,0.7791667,0.68750006,0.6983334,0.885,0.7850001,0.6125,0.8208334,0.60833335,0.98583335,0.79666674,0.7875,0.8358333,0.68,0.39625,0.76,0.855,0.81416667,0.9841667,0.8366667,0.9916667,0.85749996,0.95500004,0.99125004,0.60833335,0.8366667,0.6033333,0.93833333,0.41,0.9841667,0.7766667,0.61333334,0.8166667,0.7791667,0.99833333,0.87916666,0.85,0.94416666,0.86083335,0.53166664,0.6175,0.5333333,0.46083334,0.7833334,0.91166663,0.8441667,0.93333334,0.9866667,0.675,0.90416664,0.33166668,0.56583333,0.97333336,0.96666664,0.62416667,0.59583336,0.5733333,0.9916667,0.86583334,0.85083336,0.7933334,0.7266667,0.6025,0.32916668,0.77166677,0.8166667,0.24166667,0.9683333,0.445,0.90250003,0.7733333,0.8241667,0.8525,0.93333334,0.7691667,0.8216667,0.8358334,0.6733334,0.9575,0.77833337,0.9558333,0.8516667,0.74
BC2026_Train_0009_S09_20250828_000000_55,0.65,0.38916668,0.17416668,0.18083334,0.079166666,0.51416665,0.35083336,0.28416666,0.25416666,0.38083333,0.35,0.08416667,0.5141667,0.108333334,0.2175,0.44333336,0.0875,0.6683333,0.29500002,0.086666666,0.2125,0.5441667,0.34833336,0.6433334,0.6475,0.23791668,0.75333333,0.565,0.56916666,0.30083334,0.7266667,0.77583337,0.49,0.6691667,0.5708333,0.72583336,0.86333334,0.665,0.4025,0.55083334,0.48083335,0.5875,0.8333334,0.735,0.3375,0.29416668,0.4791667,0.26583335,0.5025,0.5391667,0.8208333,0.81916666,0.8125,0.55583334,0.54833335,0.35416666,0.80500007,0.31416667,0.6016667,0.23666668,0.49166667,0.29,0.1275,0.35916668,0.61583334,0.6075,0.19083335,0.12833333,0.80750006,0.4025,0.85583335,0.96416664,0.76750004,0.135,0.725,0.88166666,0.5175,0.6041667,0.94916666,0.58000004,0.455,0.57916665,0.38166666,0.8233333,0.42083332,0.7483334,0.8308334,0.8691667,0.90166664,0.37916666,0.6458334,0.76416665,0.9241667,0.84833336,0.29500002,0.48250002,0.9216667,0.6508333,0.59333336,0.5083333,0.85583335,0.505,0.9241667,0.365,0.55916667,0.66333336,0.7691667,0.45166668,0.7491667,0.85333335,0.68583333,0.93583333,1.0,0.6329167,0.34750003,0.80666673,0.65083337,0.74083334,0.77000004,0.48666668,0.40916666,0.5641667,0.8033334,0.8491667,0.57,0.8641666,0.9725,0.565,0.8833333,0.995,0.32,0.5525,0.62416667,0.5108333,0.58500004,0.34333333,0.86249995,0.8091667,0.625,0.33083332,0.92583334,0.7533334,0.6141667,0.7508334,0.45250002,0.31666666,0.71833336,0.76750004,0.9175,0.5341667,0.2766667,0.95416665,0.6008333,0.86833334,0.62583333,0.9633333,0.73833334,0.445,0.7950001,0.38333333,0.92083335,0.515,0.8441667,0.8883333,0.7558334,0.49416667,0.86,0.73583335,0.8291667,0.9416667,0.9141667,0.86583334,0.9508333,0.9241667,0.9716667,0.6,0.49333334,0.4791667,0.9475,0.62083334,0.93,0.7716667,0.37166667,0.71500003,0.615,0.9491667,0.72916675,0.65000004,0.77250004,0.93833333,0.4441667,0.93416667,0.35666668,0.48333332,0.8475,0.90999997,0.9091667,0.97249997,0.945,0.58833337,0.84499997,0.515,0.4491667,0.9266667,0.86083335,0.40750003,0.48916665,0.65583336,0.95416665,0.7058333,0.8833333,0.7883334,0.6641667,0.47833335,0.38833335,0.92,0.7833334,0.18916667,0.905,0.615,0.83750004,0.81666666,0.5683334,0.90250003,0.7591667,0.77000004,0.7275,0.8,0.42166668,0.56083333,0.80083334,0.85,0.79083335,0.7841667
BC2026_Train_0009_S09_20250828_000000_60,0.7166667,0.4041667,0.43666667,0.25666666,0.20833334,0.5841667,0.4766667,0.2125,0.38916668,0.36166668,0.36416668,0.094166666,0.76000005,0.27916667,0.36833334,0.4875,0.19166668,0.7066667,0.32333332,0.07083334,0.185,0.44083333,0.5291667,0.79083335,0.8591667,0.3325,0.855,0.42916667,0.6091667,0.31916666,0.8541667,0.815,0.32333335,0.41000003,0.8133334,0.61,0.8358334,0.6333333,0.3625,0.515,0.5,0.56333333,0.8983333,0.7916667,0.47250003,0.39583337,0.6175,0.2891667,0.6958333,0.6325,0.8925,0.8908333,0.8908333,0.58000004,0.54583335,0.27083334,0.7658334,0.26749998,0.7691667,0.28416666,0.40583333,0.40833336,0.098333344,0.35166666,0.64166665,0.685,0.36333334,0.16583335,0.7391667,0.6141667,0.9008333,0.6041667,0.7604166,0.14666668,0.69166666,0.90250003,0.6016667,0.81000006,0.6916667,0.76250005,0.40166667,0.5233334,0.67833334,0.98583335,0.4658333,0.865,0.9716667,0.9725,0.9291667,0.395,0.5491667,0.625,0.9925,0.9675,0.5308333,0.9,0.85333335,0.65250003,0.6941667,0.6675,0.845,0.84250003,0.9891667,0.4,0.34583333,0.7825,0.7416667,0.33833334,0.8908333,0.7666667,0.49083334,0.8183334,0.97083336,0.5433333,0.36,0.8316667,0.7666667,0.77250004,0.73,0.83750004,0.45416668,0.65166664,0.7133333,0.92083335,0.37833336,0.57250005,0.6991667,0.49916667,0.86333334,0.915,0.3725,0.45000002,0.8058334,0.7491667,0.8691667,0.37583333,0.9475,0.68416667,0.63416666,0.47916666,0.9775,0.84083337,0.51250005,0.7491667,0.67,0.40083334,0.67625004,0.9666667,0.99,0.4325,0.59333336,0.84250003,0.5891667,0.6625,0.7225,0.8241667,0.75166667,0.545,0.8108334,0.605,0.87166667,0.5133334,0.98333335,0.98333335,0.55333334,0.59166664,0.71583337,0.8283334,0.66583335,0.87666667,0.985,0.7975,0.8325,0.75250006,0.66583335,0.42583334,0.37333333,0.5325,0.78000003,0.8566667,0.90666664,0.85083336,0.38166666,0.83500004,0.6416667,0.92833334,0.66083336,0.845,0.6466667,0.9191667,0.41916668,0.97833335,0.41583335,0.71833336,0.87166667,0.7741667,0.7933334,0.84833336,0.8575,0.665,0.64,0.71250004,0.33833334,0.8875,0.74250007,0.43333334,0.5791667,0.5375,0.7791667,0.8625,0.9591667,0.8166667,0.80666673,0.5858333,0.3,0.97,0.8616667,0.18416667,0.75916666,0.36750004,0.8083334,0.7325,0.8691667,0.9816667,0.7058333,0.7608334,0.73583335,0.8541667,0.61083335,0.4975,0.9816667,0.9475,0.8883333,0.7341667
BC2026_Train_0010_S09_20250828_000000_5,0.7583334,0.55583334,0.23416667,0.27916667,0.4166667,0.7508334,0.41583332,0.6025,0.26666668,0.56083333,0.2625,0.16416667,0.6,0.56666666,0.43833333,0.37833336,0.6358334,0.7525,0.35916668,0.535,0.29416668,0.70416665,0.6691667,0.5975,0.6541667,0.32333335,0.68666667,0.77500004,0.60583335,0.36083335,0.81958336,0.70250005,0.70000005,0.61083335,0.58833337,0.59000003,0.8166667,0.6791667,0.7241667,0.5625,0.6408333,0.8575,0.80833334,0.685,0.44916666,0.42916667,0.57000005,0.42583337,0.68666667,0.5966667,0.81333333,0.81416667,0.81083333,0.79333335,0.59833336,0.75750005,0.9825,0.41916668,0.8575,0.5858334,0.47000003,0.50666666,0.4658333,0.45583332,0.81916666,0.56375,0.41083336,0.53249997,0.985,0.48416668,0.9683333,0.7316667,0.9291667,0.54,0.5341667,0.98333335,0.7608334,0.9916667,0.9458333,0.7066667,0.47333333,0.45,0.31750003,0.74583334,0.6966667,0.85333335,0.9666667,0.83750004,0.88916665,0.68625003,0.8591667,0.7458334,0.8116666,0.9583333,0.52500004,0.52416664,0.75333333,0.66583335,0.9791667,0.5841667,0.76250005,0.5825,0.92,0.41333333,0.7141667,0.6908334,0.9666667,0.635,0.5208333,0.90833336,0.71250004,0.91833335,0.63416666,0.73916674,0.5975,0.98583335,0.74416673,0.80916667,0.7891667,0.5725,0.85333335,0.92,0.8358333,0.8391667,0.5875,0.92833334,0.925,0.63,0.69750005,0.9558333,0.455,0.55,0.83833337,0.50416666,0.6341667,0.4475,0.95,0.9533333,0.8666667,0.41583335,0.88916665,0.74750006,0.46416667,0.57916665,0.50166667,0.81000006,0.84583336,0.55833334,0.8775,0.88916665,0.35750002,0.99833333,0.93833333,0.95166665,0.5858334,0.73833334,0.9741667,0.95500004,0.8008334,0.8858333,0.9216667,0.88,0.9716667,0.94416666,0.5466667,0.9633333,0.95,0.67666674,0.8358333,0.90250003,0.8166667,0.94666666,0.86333334,0.86833334,0.90000004,0.9508334,0.5233333,0.55833334,0.91,0.49833333,0.71916664,0.72833335,0.5275,0.93916667,0.91249996,0.87083334,0.795,0.82500005,0.7375,0.8491667,0.46416667,0.30416667,0.965,0.81,0.5875,0.8625,0.54833335,0.77000004,0.7583334,0.87833333,0.9,0.42083335,0.62583333,0.89416665,0.96416664,0.77000004,0.32166666,0.61,0.6358333,0.98083335,1.0,0.95750004,0.8933334,0.8941667,0.8316667,0.8283334,0.8933333,0.83000004,0.97333336,0.6675,0.9791667,0.7791667,0.5,0.75,0.88,0.69666666,0.8358334,0.6958333,0.4575,0.80916667,0.9083333,0.66083336,0.86333334,0.81666666
BC2026_Train_0010_S09_20250828_000000_10,0.7091667,0.64166665,0.35583335,0.2625,0.41250002,0.78083336,0.5833334,0.46,0.27,0.51,0.25166667,0.26583335,0.59250003,0.6458333,0.5258333,0.45333335,0.53333336,0.8391667,0.37333336,0.5525,0.28416666,0.74833333,0.7091667,0.64500004,0.7583334,0.5025,0.77000004,0.81,0.845,0.39166668,0.80333334,0.87,0.7275,0.96416664,0.5916667,0.9475,0.84000003,0.7266667,0.7691667,0.7975,0.7075,0.8641667,0.7491667,0.89000005,0.35916668,0.33916667,0.54833335,0.5775,0.6666667,0.62083334,0.73333335,0.7441667,0.74,0.8091667,0.65083337,0.7658334,0.9558333,0.465,0.7866667,0.5716667,0.34833336,0.6308334,0.4,0.39666668,0.84000003,0.6508333,0.32833332,0.49583334,0.99833333,0.52750003,0.99916667,0.72,0.9416667,0.49916667,0.8875,0.9575,0.8883333,0.98,0.83000004,0.79,0.65999997,0.65333337,0.48000002,0.8341667,0.5975,0.92083335,0.7833333,0.7516667,0.9016667,0.6333333,0.7533334,0.7383334,0.8341667,0.99333334,0.6358333,0.5783334,0.6275,0.75083333,0.8366667,0.63166666,0.795,0.4275,0.93583333,0.55,0.94416666,0.595,1.0,0.64,0.46833333,0.7300001,0.61,0.97,0.44333333,0.735,0.62166667,0.955,0.55333334,0.935,0.8491667,0.7875,0.84333336,0.8641667,0.9533334,0.8241667,0.6575,0.7916666,0.8475,0.7516667,0.79583335,0.9825,0.6441667,0.6575,0.8908333,0.56916666,0.54583335,0.5291667,0.9191667,0.89666665,0.81416667,0.47,0.8266667,0.73333335,0.79416674,0.81500006,0.5675,0.5816667,0.8958334,0.6825,0.9266667,0.86833334,0.435,0.96166664,0.9875,0.9591667,0.68833333,0.71000004,0.9725,0.9975,0.89666665,0.8258333,0.8258333,0.7691667,0.9616667,0.97833335,0.58833337,0.9458333,0.9891667,0.49833333,0.75333333,0.8358333,0.8983333,0.83833337,0.7658333,0.7733334,0.7741667,0.8808333,0.5725,0.43333334,0.98083335,0.69750005,0.6775,0.7333334,0.5166667,0.98583335,0.9916667,0.7958333,0.76,0.5491667,0.9066667,0.93083334,0.615,0.35333332,0.84250003,0.77833337,0.6166667,0.84333336,0.6225,0.77250004,0.8691667,0.94666666,0.6716667,0.37,0.83250004,0.77500004,0.88750005,0.81000006,0.50416666,0.91333336,0.7341667,0.8933333,0.96750003,0.9691667,0.78999996,0.9866667,0.6475,0.87916666,0.98583335,0.62,0.90000004,0.9891667,0.9925,0.76500005,0.285,0.60833335,0.87583333,0.73833334,0.9225,0.76500005,0.565,0.76,0.875,0.72249997,0.9583333,0.92333335
BC2026_Train_0010_S09_20250828_000000_15,0.7991667,0.6558333,0.4975,0.17916667,0.56666666,0.7966667,0.6241667,0.5,0.17999999,0.45333335,0.27833337,0.31333333,0.43166667,0.85833335,0.67,0.225,0.61833334,0.8983333,0.31333333,0.45166665,0.4766667,0.5266667,0.7391667,0.73333335,0.7241667,0.5366667,0.8666667,0.755,0.6041666,0.37666667,0.88166666,0.8591667,0.6816667,1.0,0.75750005,0.99083334,0.88,0.7750001,0.78583336,0.90500003,0.71333337,0.8679167,0.8641667,0.81000006,0.42333335,0.39333335,0.63,0.47333333,0.65666664,0.55083334,0.86833334,0.8616667,0.865,0.8416667,0.7166667,0.7958334,0.84833336,0.42666668,0.7925,0.6516667,0.33,0.675,0.51000005,0.345,0.65250003,0.75500005,0.41833335,0.56500006,0.96333337,0.55833334,0.93,0.85,0.93,0.5133334,0.94500005,0.84333336,0.6466667,0.90000004,0.71583337,0.64500004,0.6075,0.8666667,0.65083337,0.7008334,0.635,0.81916666,0.8908334,0.6320833,0.85333335,0.6275,0.87333333,0.575,0.76416665,0.9266667,0.46333334,0.82,0.5858333,0.6825,0.90083337,0.5783333,0.83916664,0.5266667,0.94166666,0.7025,0.87583333,0.6333333,0.9691667,0.8175,0.6425,0.8225,0.6191667,0.9766667,0.6291667,0.7733334,0.7033334,0.9775,0.56916666,0.8833333,0.70916665,0.6333333,0.7341667,0.745,0.8633333,0.77250004,0.63250005,0.7708334,0.8983333,0.515,0.65749997,0.82916665,0.6025,0.69416666,0.60625,0.56666666,0.82416666,0.7541667,0.88916665,0.7708334,0.7216667,0.47,0.8616667,0.7658334,0.68416667,0.81500006,0.635,0.6441667,0.7191667,0.9075,0.815,0.8208334,0.4525,0.94916666,0.91083336,0.9716667,0.6416667,0.6516667,0.87916666,0.96750003,0.87249994,0.6883334,0.9141667,0.68333334,0.87833333,0.9241667,0.60333335,0.79583335,0.975,0.5466667,0.8983334,0.8125,0.94416666,0.7916667,0.71000004,0.84499997,0.7083333,0.505,0.6333333,0.41000003,0.9066667,0.76000005,0.7375,0.73333335,0.3491667,0.9583334,0.9066667,0.72333336,0.5725,0.57,0.85249996,0.99666667,0.5133333,0.3991667,0.6975,0.8958334,0.70166665,0.67833334,0.70166665,0.76666665,0.7691667,0.96166664,0.7291667,0.6625,0.88166666,0.74500006,0.7933334,0.8808333,0.5233333,0.7,0.7866667,0.71583337,0.8941667,0.9491667,0.68666667,0.9291667,0.44083336,0.9895834,0.96166664,0.34083334,0.9241667,0.7708334,0.98833334,0.80416673,0.32250002,0.77833337,0.8741667,0.79333335,0.8333334,0.7825,0.5891667,0.81916666,0.785,0.6933333,0.8691667,0.78249997
BC2026_Train_0010_S09_20250828_000000_20,0.77500004,0.61333334,0.46666667,0.15416667,0.5708333,0.7533334,0.495,0.48250002,0.23166667,0.4116667,0.33583334,0.2225,0.50666666,0.7458334,0.70166665,0.31666666,0.6491667,0.8475,0.36833334,0.4525,0.65333337,0.7016667,0.8308334,0.865,0.7083334,0.5725,0.9116667,0.68083334,0.55083334,0.48000002,0.87083334,0.8983333,0.68666667,0.96,0.74583334,0.90666664,0.8958333,0.81583333,0.6983333,0.8275,0.70000005,0.8541667,0.8625,0.805,0.5291667,0.46166667,0.6483333,0.425,0.66166663,0.59833336,0.8641667,0.8625,0.86583334,0.8333334,0.67833334,0.725,0.79416674,0.4625,0.725,0.65083337,0.5266667,0.50083333,0.7141667,0.45333332,0.6308333,0.78416675,0.39000002,0.6983334,0.5683334,0.40666667,0.83750004,0.8,0.9375,0.85833335,0.76750004,0.82000005,0.79,0.76,0.88750005,0.6066667,0.5683333,0.7225,0.60999995,0.91583335,0.76416665,0.71583337,0.9325,0.7608334,0.95250005,0.84000003,0.9666667,0.7058333,0.7066667,0.6025,0.30583334,0.97333336,0.4875,0.6666667,0.99666667,0.51750004,0.86,0.55583334,0.95416665,0.5575,0.66499996,0.7691667,0.93833333,0.64916664,0.8316667,0.93916667,0.7633333,0.95166665,0.7925,0.9241667,0.6933333,0.9975,0.7083334,0.6983333,0.7691667,0.5058333,0.6958334,0.84833336,0.83166665,0.78000003,0.59000003,0.895,0.925,0.5941667,0.6483334,0.8725,0.4008333,0.66083336,0.48666665,0.7391667,0.9291667,0.7608333,0.8258333,0.76750004,0.69083333,0.5025,0.96833336,0.8308333,0.68916667,0.7841667,0.5833334,0.8191667,0.7591667,0.74333334,0.79416674,0.8075,0.36333334,0.9816667,0.8616667,0.93583333,0.6625,0.8083334,0.90833336,0.8983333,0.87,0.65083337,0.9866667,0.7975,0.8258333,0.83500004,0.60249996,0.7266667,0.90083337,0.6983333,0.9141667,0.9266666,0.89750004,0.89000005,0.80916667,0.91999996,0.8341667,0.45416668,0.5675,0.53833336,0.69916666,0.55916667,0.84666663,0.87666667,0.41916668,0.9275,0.84833336,0.78749996,0.4975,0.83833337,0.7841667,0.9816667,0.5466667,0.31000003,0.87083334,0.8566667,0.83500004,0.8516667,0.79583335,0.7950001,0.5108333,0.8233334,0.9716667,0.63416666,0.74416673,0.8925,0.87833333,0.8233333,0.30333334,0.62166667,0.6941667,0.88,0.96833336,0.7991667,0.7775,0.95750004,0.5541667,0.97583336,0.93416667,0.20083332,0.98083335,0.48666665,0.93,0.9083333,0.3025,0.68083334,0.87833333,0.78083336,0.9116667,0.6541667,0.49124998,0.9075,0.74916667,0.81000006,0.9375,0.7166667
BC2026_Train_0010_S09_20250828_000000_25,0.7325,0.46833333,0.5366667,0.15583333,0.44583333,0.82,0.47833335,0.21916667,0.28416666,0.44500002,0.44583333,0.13916667,0.62916666,0.5708333,0.5025,0.3416667,0.5158334,0.8875,0.34166667,0.27166665,0.7458334,0.67583334,0.5716667,0.74666667,0.6891667,0.39166668,0.8958334,0.6566667,0.53499997,0.6533333,0.81916666,0.8775,0.56666666,0.74833333,0.6125,0.67,0.8675,0.7816667,0.6375,0.595,0.5925,0.785,0.8166667,0.8041667,0.42000002,0.33916667,0.53166664,0.3816667,0.5858334,0.625,0.8233334,0.8133334,0.8166667,0.72083336,0.5841667,0.5083333,0.80416673,0.47416666,0.6033333,0.78000003,0.51000005,0.4766667,0.56083333,0.42416668,0.705,0.69416666,0.3625,0.55583334,0.635,0.42500004,0.8316667,0.725,0.9233333,0.6016667,0.56166667,0.85,0.9125,0.70416665,0.88416666,0.6333333,0.7491667,0.6816667,0.37416667,0.99666667,0.5925,0.74583334,0.8933334,0.7325,0.995,0.81583333,0.9916667,0.76125,0.73916674,0.5383333,0.23750001,1.0,0.31583333,0.69166666,0.92583334,0.45083332,0.83916664,0.31583333,0.99,0.56250006,0.78583336,0.8166667,0.9241667,0.5416666,0.735,0.89666665,0.6408334,0.8833333,0.70250005,0.87916666,0.68083334,0.9875,0.67833334,0.88,0.6691667,0.52000004,0.69166666,0.7083334,0.79583335,0.79666674,0.6483333,0.8075,0.8208333,0.48666668,0.65416664,0.97333336,0.41,0.6716667,0.48166668,0.5775,0.7625,0.62583333,0.8675,0.6066667,0.7216667,0.45250002,0.99666667,0.7508334,0.87,0.8625,0.6775,0.77750003,0.81625,0.63416666,0.75750005,0.49583334,0.3358333,0.94916666,0.95416665,0.8641667,0.80750006,0.6983334,0.84250003,0.845,0.9216667,0.52250004,0.90916663,0.84000003,0.83666664,0.75666666,0.5775,0.7716667,0.8341667,0.7558333,0.90999997,0.7725,0.8858333,0.78416675,0.7316667,0.9016667,0.7583333,0.37833336,0.76250005,0.7516667,0.7275,0.5441667,0.72833335,0.76250005,0.56416667,0.91,0.9608333,0.7216667,0.4925,0.5991667,0.84416664,0.98083335,0.6433333,0.43916667,0.68833333,0.75166667,0.9075,0.91,0.80666673,0.74500006,0.44083336,0.92,0.8541667,0.7541667,0.66499996,0.8691667,0.7308334,0.6575,0.40833336,0.8908333,0.6725,0.645,0.87750006,0.79083335,0.65583336,0.94083333,0.63750005,0.90749997,0.9116667,0.25666666,0.94416666,0.60083336,0.8808333,0.69500005,0.37666667,0.6225,0.9075,0.7366667,0.7991667,0.6541667,0.43333334,0.80083334,0.58375,0.8983333,0.96500003,0.7866667
BC2026_Train_0010_S09_20250828_000000_30,0.6316667,0.64666665,0.37833333,0.120000005,0.35416666,0.9016667,0.6166667,0.2916667,0.2975,0.46416667,0.2841667,0.15333334,0.7941667,0.79166675,0.45833334,0.23666666,0.2916667,0.9816667,0.36166668,0.83,0.5108334,0.48499998,0.5266667,0.6933333,0.5925,0.30166668,0.75,0.7566667,0.54333335,0.4691667,0.80666673,0.8316667,0.625,0.97249997,0.7108334,0.94416666,0.9141667,0.81083333,0.6766667,0.8025,0.6191667,0.8075,0.81500006,0.7708334,0.38500002,0.33083335,0.6825,0.36666667,0.6683333,0.5916667,0.82500005,0.8316667,0.82500005,0.74333334,0.695,0.7083333,0.7833334,0.495,0.87,0.93916667,0.46,0.45083335,0.30166665,0.29166666,0.49166667,0.73333335,0.3675,0.865,0.6725,0.4625,0.8058334,0.77750003,0.7941667,0.3175,0.92083335,0.74500006,0.6933334,0.5491667,0.92,0.5725,0.40583336,0.58500004,0.2225,0.8441667,0.68083334,0.7341667,0.875,0.7441667,0.95000005,0.5733333,0.94250005,0.7866667,0.6983333,0.6,0.18166667,0.9741667,0.5541667,0.7991667,0.6616667,0.41,0.8791667,0.40833333,0.9658333,0.51416665,0.6775,0.9516667,0.855,0.50083333,0.6458333,0.7991667,0.5233333,0.98833334,0.6066666,0.7875001,0.49166667,0.93416667,0.6675,0.8141667,0.7225,0.36416668,0.7733334,0.68,0.7566667,0.78083336,0.92083335,0.68416667,0.9225,0.5233334,0.57416666,0.8991667,0.15583333,0.50083333,0.5233333,0.5654167,0.6825,0.5575,0.9125,0.8775,0.5416667,0.38500002,0.95,0.86833334,0.56083333,0.64916664,0.64,0.53,0.71250004,0.64166665,0.7916667,0.5133333,0.33583334,0.9433333,0.58833337,0.9608334,0.6283334,0.58000004,0.9508333,0.69500005,0.8258334,0.43,0.9066667,0.6983334,0.73083335,0.84583336,0.62416667,0.6875,0.96416664,0.8858334,0.72,0.75333333,0.8025,0.74666667,0.8,0.7408334,0.7058333,0.415,0.5091667,0.85583335,0.61333334,0.67166674,0.86,0.6891667,0.36083335,0.8116667,0.8641667,0.695,0.6983333,0.625,0.62416667,0.9633333,0.3825,0.24333334,0.6333333,0.6541667,0.83250004,0.6975,0.63166666,0.7933334,0.6766667,0.7116667,0.8333334,0.5833334,0.53333336,0.8525,0.80166674,0.6391667,0.37833336,0.7816667,0.51500005,0.675,0.8491667,0.88166666,0.74583334,0.6408333,0.48250002,0.98,0.9141666,0.084166676,0.9066667,0.42000002,0.92333335,0.76000005,0.37750003,0.7008333,0.815,0.85,0.6466667,0.6966667,0.3725,0.6975,0.5975,0.76500005,0.8983334,0.7541667
BC2026_Train_0010_S09_20250828_000000_35,0.7258334,0.73,0.555,0.18833335,0.5083333,0.9741667,0.8925,0.64500004,0.24000001,0.5341667,0.25083333,0.28833333,0.86,0.94166666,0.8058334,0.20583333,0.5183333,0.99666667,0.3966667,0.9875,0.47583333,0.7441667,0.8233333,0.7058334,0.6766667,0.6358333,0.7791667,0.92833334,0.64666665,0.43583333,0.8191667,0.8358334,0.6691667,0.9841667,0.82416666,0.9675,0.9,0.7641667,0.7666667,0.84250003,0.6775,0.84000003,0.8775,0.8258334,0.50083333,0.4775,0.74,0.48166668,0.72333336,0.6625,0.8725,0.875,0.87166667,0.80833334,0.70166665,0.9066667,0.7641667,0.48,0.95916665,0.9816667,0.6125,0.6591667,0.4675,0.36166668,0.5808333,0.84583336,0.5683333,0.9866667,0.86333334,0.5708334,0.87833333,0.7658334,0.8675,0.34583333,0.955,0.70416665,0.40750003,0.45166668,0.9291667,0.56416667,0.31,0.56500006,0.455,0.8491667,0.9375,0.7116667,0.8283334,0.8208334,0.77583337,0.525,0.90166664,0.84166664,0.7675,0.5733334,0.2375,0.8983333,0.86583334,0.75416666,0.83833337,0.49166667,0.8333333,0.49083334,0.98083335,0.505,0.84833336,0.99916667,0.7666667,0.69000006,0.62416667,0.8675,0.6641667,0.99916667,0.5441667,0.745,0.56083333,0.9691667,0.7179167,0.7116667,0.725,0.335,0.93083334,0.81916666,0.7266667,0.7558334,0.9433333,0.88666666,0.98833334,0.57666665,0.55916667,0.9241667,0.17083333,0.65583336,0.50333333,0.64416665,0.7025,0.65250003,0.97583336,0.9525,0.4991667,0.29000002,0.90666664,0.9175,0.3875,0.605,0.76750004,0.78583336,0.7666667,0.6383333,0.82000005,0.88,0.4375,0.9791667,0.36583334,0.9145833,0.6883334,0.61583334,0.9483334,0.72,0.93333334,0.4608333,0.9745834,0.6533333,0.74000007,0.81583333,0.7008334,0.7616667,0.9741667,0.7975,0.87083334,0.90999997,0.86583334,0.86833334,0.7783333,0.7716667,0.8458333,0.66083336,0.5775,0.8858333,0.5175,0.7441667,0.87083334,0.6725,0.33,0.75333333,0.85583335,0.74666667,0.62166667,0.63666666,0.5708333,0.92333335,0.30666667,0.29833332,0.925,0.65583336,0.66083336,0.5266667,0.61333334,0.72625005,0.9375,0.5708333,0.83916664,0.72916675,0.72333336,0.8825,0.9175,0.7683333,0.485,0.7475,0.49916667,0.8191667,0.9483333,0.8958334,0.8675,0.495,0.4875,0.9583333,0.8116667,0.05416667,0.97583336,0.52,0.945,0.83000004,0.44916666,0.73916674,0.8383333,0.8233334,0.68333334,0.7466667,0.5108334,0.8466667,0.72333336,0.7025,0.69750005,0.5525
BC2026_Train_0010_S09_20250828_000000_40,0.8041667,0.7491667,0.5316667,0.13250001,0.60833335,0.8933333,0.79166675,0.5108333,0.165,0.4166667,0.265,0.26833335,0.7133333,0.8166667,0.7166667,0.26916665,0.46416667,0.9791667,0.3,0.8616667,0.5858333,0.61083335,0.8033333,0.84250003,0.81583333,0.72,0.955,0.80249995,0.9166667,0.34333333,0.8983333,0.95666665,0.5441667,0.82000005,0.82666665,0.94416666,0.93666667,0.79083335,0.6675,0.74750006,0.58750004,0.8291667,0.88916665,0.99666667,0.37416667,0.34083334,0.7116667,0.41250002,0.7125,0.6141667,0.88166666,0.88666666,0.8833333,0.76416665,0.7066667,0.80416673,0.7754167,0.33375,0.8883333,0.9325,0.54583335,0.56666666,0.32500002,0.41916665,0.55916667,0.7825,0.46583337,0.8608333,0.8008334,0.5491667,0.74916667,0.54083335,0.8541667,0.49416667,0.9791667,0.8133334,0.47333336,0.49166667,0.93666667,0.6358334,0.3491667,0.39166668,0.22083333,0.6191667,0.7216667,0.65833336,0.65250003,0.6475,0.5991667,0.48333338,0.80416673,0.7041667,0.64000005,0.7108334,0.29333335,0.98583335,0.65333337,0.7566667,0.8475,0.4916667,0.86249995,0.35083336,0.98583335,0.50750005,0.8316667,0.99,0.71500003,0.55,0.5441667,0.92833334,0.61833334,0.9641667,0.515,0.69083333,0.5475,0.97333336,0.5808334,0.86,0.5566667,0.29500002,0.87666667,0.79583335,0.70750004,0.605,0.9216667,0.86333334,0.96416664,0.55833334,0.48416665,0.8333334,0.50916666,0.7216667,0.52583337,0.47416666,0.58000004,0.56166667,0.99625003,0.7791667,0.54583335,0.3175,0.73333335,0.8941667,0.34583336,0.61,0.7666667,0.55916667,0.875,0.72583336,0.8625,0.85833335,0.29583335,0.9741667,0.4141667,0.9666667,0.49833333,0.55083334,0.9458333,0.5683334,0.9716667,0.5075,0.9558333,0.59833336,0.8025,0.8758334,0.5925,0.7691667,0.9608333,0.6408334,0.89750004,0.81999993,0.845,0.7841667,0.685,0.8916667,0.745,0.4725,0.47666666,0.8066667,0.44000003,0.69916666,0.69750005,0.6433334,0.26,0.64,0.8441667,0.71750003,0.5466667,0.51916665,0.6616667,0.935,0.29666668,0.23833334,0.84833336,0.71333337,0.5633334,0.5416667,0.51916665,0.6983333,0.7975,0.7791667,0.83375,0.59000003,0.75750005,0.72375,0.93916667,0.7191667,0.545,0.7558334,0.49083334,0.77500004,0.91249996,0.8958333,0.83166665,0.4375,0.45500004,0.8983333,0.8266667,0.065,0.9925,0.32166666,0.9575,0.71750003,0.145,0.7108333,0.94,0.8416667,0.5425,0.6591667,0.45166665,0.6891667,0.67333335,0.6008333,0.6175,0.6441667
BC2026_Train_0010_S09_20250828_000000_45,0.7033334,0.73333335,0.30083334,0.075833336,0.47916666,0.62833333,0.3375,0.27083334,0.024166666,0.22333333,0.18,0.08500001,0.12916666,0.17916666,0.29666668,0.13250001,0.32833335,0.9275,0.1275,0.2841667,0.29666668,0.34750003,0.9033333,0.81000006,0.815,0.29250002,0.9804167,0.6591667,0.83833337,0.23916668,0.8591667,0.8983333,0.42750004,0.78583336,0.8125,0.9458333,0.9325,0.7625,0.6991667,0.7008333,0.50666666,0.7191667,0.88666666,0.97833335,0.23583335,0.20166665,0.69416666,0.34583333,0.59250003,0.49833333,0.88666666,0.8825,0.88916665,0.6983333,0.7058334,0.36166668,0.8258334,0.14333333,0.6925,0.56,0.22166666,0.37,0.14333335,0.23583333,0.4675,0.7291666,0.18916668,0.31583333,0.77500004,0.47833335,0.70500004,0.34833333,0.7216667,0.23666666,0.93916667,0.8166667,0.4,0.38666672,0.81416667,0.615,0.19833334,0.22000001,0.13666667,0.36083335,0.19333333,0.5775,0.555,0.365,0.5291667,0.38666666,0.635,0.5208334,0.45166665,0.78583336,0.20333335,0.7945833,0.30083334,0.77583337,0.5966667,0.33916667,0.875,0.27833334,0.96000004,0.3625,0.7908334,0.54999995,0.73833334,0.40833333,0.39583334,0.75500005,0.39999998,0.98333335,0.47333336,0.59833336,0.5325,0.9191667,0.47833335,0.6575,0.39333332,0.2675,0.7608334,0.50083333,0.6833334,0.4725,0.46583334,0.62666667,0.735,0.4625,0.435,0.6441667,0.44750002,0.4375,0.4975,0.37083334,0.47,0.49,0.98083335,0.58500004,0.47,0.3325,0.6816667,0.8258333,0.21083334,0.5741667,0.6483334,0.26999998,0.83416665,0.5775,0.8616667,0.54333335,0.22791669,0.93333334,0.29166666,0.98083335,0.445,0.405,0.7558333,0.5491667,0.9458333,0.57000005,0.855,0.41583335,0.7166667,0.8366667,0.51416665,0.58416665,0.9916667,0.52666664,0.845,0.51750004,0.7275,0.5391667,0.7158333,0.72833335,0.45666668,0.16250001,0.17333333,0.435,0.43750003,0.76166666,0.62333333,0.6458333,0.08166667,0.6641667,0.6483333,0.59250003,0.49416667,0.42416668,0.55083334,0.87249994,0.14166667,0.18083334,0.505,0.56166667,0.475,0.42,0.39833334,0.695,0.49083334,0.82750005,0.645,0.4716667,0.395,0.65166664,0.72916675,0.55,0.37750003,0.66583335,0.4675,0.5625,0.8366667,0.8316667,0.65083337,0.44916666,0.305,0.99083334,0.8316667,0.15291667,0.94916666,0.24916667,0.9216667,0.5808334,0.0325,0.5333333,0.7466667,0.87583333,0.49,0.7558334,0.26666668,0.22833332,0.5625,0.50666666,0.39916667,0.6458334
BC2026_Train_0010_S09_20250828_000000_50,0.45666668,0.5808333,0.30333334,0.095,0.34583333,0.50416666,0.25666666,0.25583333,0.045833334,0.30666667,0.20916668,0.07166667,0.19416666,0.14166667,0.27166668,0.111666664,0.35916668,0.89666665,0.123333335,0.11416666,0.06583333,0.2475,0.725,0.56666666,0.54833335,0.090833336,0.81416667,0.6716667,0.4675,0.17333333,0.77833337,0.70500004,0.3775,0.7766667,0.6,0.85583335,0.9041667,0.7033333,0.69500005,0.59416664,0.515,0.6958333,0.84083337,0.6716666,0.3725,0.30583334,0.58833337,0.20583333,0.49416667,0.46916667,0.8266667,0.8441667,0.8475,0.60249996,0.6325,0.37416667,0.79666674,0.38250002,0.7575,0.5858333,0.25166667,0.3791667,0.1125,0.18583333,0.40416664,0.50333333,0.3,0.19999999,0.6533333,0.41333336,0.8166667,0.38750002,0.78583336,0.14041667,0.8466667,0.74250007,0.39416668,0.65166664,0.93500006,0.465,0.0675,0.26,0.3766667,0.36416668,0.21833333,0.63666666,0.76666665,0.5133333,0.49166667,0.36583334,0.70500004,0.6458334,0.5816667,0.60833335,0.41333333,0.33833334,0.35666668,0.6933333,0.69166666,0.3829167,0.8333333,0.35833335,0.955,0.4375,0.6116667,0.51666665,0.7116667,0.49166667,0.495,0.8458333,0.44833332,0.9575,0.54083335,0.6725,0.42333335,0.9525,0.485,0.71583337,0.495,0.2866667,0.57500005,0.5783334,0.6916667,0.6458333,0.3625,0.72833335,0.7816667,0.42416665,0.50666666,0.72333336,0.15333334,0.2616667,0.4975,0.50333333,0.675,0.42166668,0.8775,0.59083337,0.51166666,0.31333333,0.6741667,0.8066667,0.24333334,0.5683334,0.44250003,0.31583333,0.80166674,0.6775,0.81333333,0.405,0.2725,0.95416665,0.28000003,0.97833335,0.4975,0.38750002,0.8825,0.5333333,0.7658334,0.5441667,0.92083335,0.45083338,0.69916666,0.94166666,0.51000005,0.55833334,0.975,0.5208334,0.79375,0.59000003,0.82416666,0.77500004,0.8016666,0.7166667,0.6404167,0.21833333,0.15333334,0.4941667,0.4,0.8125,0.8491667,0.59333336,0.10583333,0.6483333,0.45166668,0.6716667,0.58833337,0.43083334,0.5075,0.93333334,0.21166667,0.11833334,0.5983333,0.62916666,0.5158334,0.42000002,0.38916665,0.7633334,0.29583335,0.74750006,0.69250005,0.38583335,0.35750002,0.67333335,0.7950001,0.49333334,0.31833333,0.5766667,0.4925,0.6175,0.9075,0.86,0.8033333,0.35000002,0.31166667,0.99958336,0.9875,0.20916668,0.9241667,0.20750001,0.95666665,0.59333336,0.03916667,0.66083336,0.70416665,0.79333335,0.5366667,0.79833335,0.25416666,0.42083335,0.7508334,0.51,0.38583335,0.7383334
BC2026_Train_0010_S09_20250828_000000_55,0.43583333,0.5283333,0.3391667,0.11750001,0.32916668,0.5,0.42000002,0.31583333,0.1375,0.50416666,0.32583335,0.13083333,0.3125,0.42083335,0.53,0.17500001,0.34,0.8058334,0.37083334,0.14500001,0.124166675,0.48416665,0.71000004,0.54833335,0.5,0.13083334,0.70916665,0.62750006,0.58833337,0.21166667,0.76250005,0.7958334,0.565,0.58666664,0.5466667,0.8266667,0.8825,0.6641667,0.5416667,0.5341667,0.56250006,0.79,0.7508334,0.75250006,0.5233333,0.4766667,0.5191667,0.3,0.52166665,0.48583335,0.74,0.74333334,0.74,0.6975,0.5575,0.47916666,0.785,0.4166667,0.7425,0.49583337,0.44750002,0.27916667,0.24250002,0.34750003,0.45666665,0.4625,0.495,0.25833333,0.63166666,0.34833333,0.80416673,0.5666667,0.8666667,0.21333334,0.565,0.74333334,0.43416667,0.8825,0.99,0.5866667,0.17083333,0.44083333,0.42916667,0.52916664,0.43166667,0.87833333,0.9466667,0.8266667,0.6516667,0.58916664,0.79583335,0.7966667,0.6225,0.5616667,0.61,0.43416667,0.47333336,0.65250003,0.93583333,0.56666666,0.81,0.27,0.98083335,0.57500005,0.68666667,0.8283334,0.7225,0.33666667,0.79749995,0.9483333,0.69083333,0.8883333,0.65333337,0.735,0.565,0.99,0.6358334,0.9575,0.6583333,0.55,0.6108333,0.7316667,0.7533334,0.8625,0.5241667,0.9083333,0.9316667,0.58916664,0.55916667,0.96750003,0.21916667,0.37750003,0.49083334,0.8225,0.9166666,0.5416667,0.98083335,0.50166667,0.48583335,0.275,0.7558334,0.86249995,0.3491667,0.5466667,0.28666666,0.63875,0.8108334,0.755,0.8166667,0.565,0.26916668,0.99083334,0.3075,0.9225,0.6358334,0.5566667,0.8708333,0.59749997,0.84333336,0.64000005,0.99125004,0.7191667,0.84,0.84416664,0.5291667,0.78875005,0.8825,0.58750004,0.91083336,0.8991667,0.925,0.9016667,0.85833335,0.8808333,0.8541667,0.27,0.22333333,0.5175,0.49374998,0.705,0.8125,0.74,0.25166667,0.7641667,0.59083337,0.7891667,0.62416667,0.60499996,0.52583337,0.97083336,0.2925,0.17833334,0.8516667,0.83166665,0.6125,0.6125,0.50916666,0.77583337,0.32666665,0.98583335,0.90583336,0.34416667,0.59999996,0.7491667,0.955,0.4141667,0.21416667,0.6070833,0.6066667,0.8975,0.9683333,0.76250005,0.91,0.5616667,0.2816667,0.93916667,1.0,0.09166667,0.9741667,0.22833334,0.94166666,0.865,0.18166667,0.7416667,0.8041667,0.75416666,0.52666664,0.7216667,0.38583335,0.8475,0.8066667,0.52833337,0.535,0.7983334
BC2026_Train_0010_S09_20250828_000000_60,0.48000002,0.695,0.41166666,0.14333335,0.13333334,0.59083337,0.48999998,0.40583333,0.1075,0.38250002,0.24333334,0.19666667,0.31583333,0.57916665,0.4525,0.19333334,0.18166666,0.905,0.3491667,0.05916667,0.09166667,0.39083335,0.825,0.48916668,0.45083332,0.3375,0.6925,0.7091667,0.96500003,0.32416666,0.75083333,0.97333336,0.6491667,0.6716667,0.5975,0.97833335,0.895,0.72333336,0.57166666,0.65250003,0.5325,0.7641667,0.76250005,0.9791667,0.42166668,0.35833332,0.54583335,0.505,0.5741667,0.5108334,0.74666667,0.7558334,0.7491667,0.6116667,0.6541667,0.525,0.7941667,0.27416667,0.73583335,0.445,0.25416666,0.26666665,0.2175,0.275,0.6375,0.41416666,0.35666668,0.23250002,0.82250005,0.53,0.845,0.58916664,0.8616667,0.5466667,0.59749997,0.6916667,0.4875,0.8425,0.93,0.6675,0.53583336,0.47500002,0.17083335,0.47583333,0.41583332,0.90999997,0.8208333,0.8233334,0.71750003,0.5316667,0.67833334,0.82416666,0.56416667,0.6958333,0.74666667,0.5925,0.31583336,0.68583333,0.87,0.6591667,0.8408333,0.23666668,0.95166665,0.7316667,0.73833334,0.8016667,0.7891667,0.35333335,0.7441667,0.8625,0.7741667,0.8616666,0.4275,0.7425,0.48166665,0.97833335,0.5708334,0.89166665,0.62250006,0.81666666,0.8358334,0.56083333,0.71583337,0.87416667,0.50000006,0.8425,0.8416667,0.6925,0.6383333,0.98833334,0.495,0.42958334,0.6266667,0.7766667,0.7445833,0.39333335,0.99958336,0.57416666,0.53583336,0.34833333,0.6766667,0.85999995,0.35916668,0.51250005,0.45916668,0.48666668,0.65999997,0.7975001,0.81916666,0.63916665,0.23416665,0.9633333,0.42833334,0.8458333,0.74750006,0.65999997,0.8116667,0.54583335,0.79083335,0.68583333,0.92,0.62416667,0.9166666,0.78499997,0.68416667,0.87416667,0.8958333,0.6383334,0.8625,0.6308333,0.93583333,0.80166674,0.78249997,0.74333334,0.74333334,0.2775,0.16166666,0.56416667,0.5325,0.78249997,0.6541667,0.745,0.31583333,0.6225,0.6391667,0.7475,0.58916664,0.7375001,0.5216667,0.95666665,0.33166668,0.34083334,0.9125,0.94000006,0.65999997,0.52,0.69416666,0.82416666,0.4970833,0.99333334,0.73416674,0.32333332,0.65999997,0.85249996,0.88416666,0.44,0.28500003,0.79999995,0.5858334,0.92833334,0.97,0.7975001,0.81499994,0.66583335,0.28333333,0.91833335,0.97083336,0.09833333,0.94166666,0.365,0.9025,0.76250005,0.15333334,0.65,0.73,0.8175,0.5925,0.7891667,0.50666666,0.83416665,0.68,0.6533333,0.59250003,0.6791667
BC2026_Train_0011_S03_20211114_200000_5,0.09583333,0.085,0.39583334,0.9583333,0.525,0.26583335,0.9275,0.7391667,0.7741667,0.99583334,0.9925,0.65,0.6116667,0.1875,0.10666667,0.7741667,0.5475,0.23583333,0.5291667,0.38666666,0.605,0.7608334,0.59583336,0.35750002,0.36583334,0.6025,0.20916668,0.41750002,0.33833334,0.83000004,0.12083334,0.25416666,0.20916668,0.515,0.17583334,0.44083333,0.08166666,0.14250001,0.41333333,0.38750002,0.23500001,0.21166667,0.1875,0.3416667,0.13250001,0.16916667,0.09583333,0.07666667,0.20833334,0.24166667,0.27666667,0.26916668,0.2891667,0.35916668,0.3375,0.1875,0.26749998,0.7558334,0.21166667,0.5333333,0.77750003,0.64250004,0.6333333,0.7691667,0.14333335,0.23583335,0.84999996,0.53583336,0.26,0.735,0.305,0.4691667,0.40166667,0.78333336,0.32666668,0.5466667,0.27416667,0.30333334,0.29833335,0.4416667,0.93083334,0.24916667,0.7633334,0.18833333,0.45,0.255,0.34833336,0.37666667,0.45999998,0.8066667,0.6166667,0.15916668,0.34500003,0.47000003,0.46333334,0.79333335,0.8141667,0.30833334,0.35833335,0.22083335,0.084166676,0.36333334,0.16583332,0.74333334,0.50333333,0.4125,0.34333333,0.2175,0.30583334,0.20166668,0.17166667,0.80333334,0.1025,0.12250001,0.725,0.0625,0.29666668,0.41250002,0.335,0.35833335,0.41000003,0.24416667,0.23416665,0.20333333,0.4091667,0.5575,0.46,0.215,0.41916668,0.62,0.33166668,0.21166667,0.45083335,0.29083335,0.3925,0.22083333,0.03916667,0.9183333,0.34166667,0.8441667,0.5491667,0.06666667,0.45,0.11500001,0.7966667,0.51000005,0.12916666,0.29583335,0.5341667,0.135,0.62,0.26666665,0.5133333,0.24416667,0.17583334,0.5291667,0.3766667,0.315,0.17333335,0.2725,0.11416667,0.6166667,0.60833335,0.21833333,0.62166667,0.66583335,0.4441667,0.32583332,0.10416667,0.28333333,0.135,0.4175,0.23000002,0.18083334,0.26583335,0.12083334,0.2475,0.26000002,0.45583335,0.17416668,0.1375,0.135,0.45666665,0.37333333,0.14750001,0.16583334,0.2616667,0.26666665,0.22250003,0.62750006,0.5683333,0.7591667,0.24750002,0.25416666,0.15166667,0.5425,0.32583335,0.24249999,0.3241667,0.20083335,0.37583333,0.28,0.4091667,0.39583337,0.34583336,0.29416665,0.7800001,0.16666667,0.48416668,0.06666666,0.25916666,0.116666675,0.23666668,0.53083336,0.76,0.33666667,0.32666665,0.45083335,0.2175,0.565,0.13250001,0.27333334,0.62833333,0.33833337,0.16416667,0.21000001,0.38750002,0.2775,0.36583337,0.58916664,0.36333334,0.1925,0.325,0.24666667
BC2026_Train_0011_S03_20211114_200000_10,0.095,0.07416667,0.49166667,0.93333334,0.71666664,0.27583334,0.955,0.78333336,0.6941667,1.0,0.9616667,0.71500003,0.5216667,0.3,0.165,0.81583333,0.6441667,0.43833336,0.5325,0.42750004,0.7241667,0.86833334,0.6466667,0.39000002,0.49166667,0.74,0.21083334,0.3416667,0.29833332,0.79833335,0.11083333,0.19416666,0.16333333,0.6458334,0.17583334,0.4308333,0.108333334,0.13166668,0.47000003,0.39750004,0.225,0.1825,0.15,0.28166667,0.09,0.116666675,0.075833336,0.04416667,0.1375,0.21208335,0.2125,0.235,0.24166666,0.3491667,0.36916667,0.225,0.22916667,0.76000005,0.3025,0.5641667,0.7766667,0.67,0.59583336,0.7695834,0.33583334,0.28,0.84416664,0.61833334,0.39416668,0.76,0.37833333,0.62666667,0.39416668,0.83166665,0.28416666,0.56166667,0.26,0.26250002,0.21083334,0.39083335,0.83166665,0.275,0.82750005,0.11833334,0.4225,0.29250002,0.31666666,0.28833336,0.4325,0.93666667,0.58750004,0.18416667,0.3375,0.5708333,0.62583333,0.8391667,0.84333336,0.235,0.4866667,0.35000002,0.08583333,0.41000003,0.13583332,0.7266667,0.46416667,0.56,0.45916665,0.285,0.27583334,0.19583334,0.16583334,0.90166664,0.12666667,0.14833333,0.79,0.11666667,0.29500002,0.5183333,0.42000002,0.3,0.45833337,0.21000001,0.22458333,0.24166666,0.35916668,0.7416667,0.56333333,0.2225,0.42833337,0.7033334,0.37666667,0.16625,0.47333333,0.37000003,0.31333333,0.5158334,0.041666668,0.97333336,0.31333333,0.81083333,0.5395833,0.094166666,0.52833337,0.15583333,0.7991667,0.59749997,0.15916666,0.27166668,0.57166666,0.1975,0.5625,0.32250002,0.45166668,0.18333334,0.19416666,0.48000002,0.41583335,0.3875,0.12583333,0.27583334,0.111666664,0.74750006,0.5575,0.1975,0.5454167,0.68583333,0.465,0.25666666,0.12666667,0.17083333,0.12666667,0.625,0.32333335,0.20416667,0.305,0.12083334,0.5566667,0.21000001,0.38500002,0.16916667,0.26666665,0.112500004,0.54083335,0.3325,0.2825,0.18166667,0.29333332,0.20166667,0.24583334,0.7008334,0.46416667,0.66999996,0.3191667,0.18083334,0.105000004,0.6325,0.3791667,0.2575,0.4925,0.2375,0.44416666,0.27583334,0.49416667,0.4141667,0.44833335,0.29583335,0.7991667,0.19583334,0.7083334,0.044166666,0.22333334,0.113333344,0.11,0.475,0.74333334,0.32583332,0.26083332,0.40416667,0.20916666,0.49083334,0.16333334,0.21916667,0.4633333,0.35750002,0.14916667,0.17000002,0.42583334,0.28708333,0.47250003,0.35083333,0.30083334,0.21416667,0.245,0.32583332
BC2026_Train_0011_S03_20211114_200000_15,0.094166666,0.0725,0.4391667,0.92583334,0.52916664,0.25500003,0.96,0.83500004,0.5391667,0.975,0.9425,0.7691667,0.4241667,0.23333333,0.15666667,0.82166666,0.53833336,0.2475,0.5766667,0.29250002,0.5425,0.72583336,0.7783334,0.3141667,0.45,0.7558333,0.17750001,0.3741667,0.21583334,0.8116667,0.11833334,0.17166667,0.17416668,0.80166674,0.16333333,0.44666666,0.14666668,0.155,0.57,0.42000002,0.22333334,0.23500001,0.120000005,0.24249999,0.0625,0.075833336,0.08583334,0.055,0.17166668,0.25333333,0.21333334,0.24416667,0.2225,0.3491667,0.35750002,0.24166666,0.22916669,0.77500004,0.27166668,0.61583334,0.79583335,0.68750006,0.34666666,0.76416665,0.37,0.33333337,0.8275,0.63416666,0.47083333,0.77416664,0.4075,0.62,0.17250001,0.74166673,0.38583335,0.5475,0.21000001,0.2475,0.23833334,0.32,0.5966667,0.17166668,0.83000004,0.065,0.3541667,0.26416665,0.15916666,0.25083333,0.35833335,0.7341667,0.4091667,0.2175,0.21000001,0.585,0.42666668,0.7025,0.8591667,0.28916666,0.24000001,0.24000001,0.10000001,0.26916668,0.12666667,0.74250007,0.44583336,0.47333336,0.48333332,0.28333333,0.11416668,0.1825,0.11500001,0.885,0.075,0.11083333,0.70000005,0.0975,0.17666666,0.63666666,0.395,0.24666667,0.48250002,0.13250001,0.16916667,0.100833334,0.30916667,0.41083336,0.32750002,0.18833333,0.42416668,0.755,0.4266667,0.08583334,0.41250002,0.18,0.145,0.30666667,0.04916667,0.88416666,0.29041666,0.82000005,0.56,0.058333334,0.375,0.094166666,0.82416666,0.34416667,0.13250001,0.3275,0.67,0.08916667,0.40166667,0.21416667,0.415,0.19083333,0.14833333,0.45166668,0.4466667,0.27416667,0.12,0.21666667,0.12833333,0.44000003,0.4925,0.19333334,0.21750002,0.71,0.52,0.16833335,0.114999995,0.047500003,0.10333334,0.33416668,0.25333333,0.25583333,0.2025,0.13916667,0.33833337,0.14083333,0.3216667,0.2225,0.20833334,0.10416667,0.35083336,0.2525,0.19416666,0.18916668,0.30833334,0.1525,0.2275,0.73833334,0.2866667,0.6483333,0.3125,0.19583333,0.039166667,0.45833334,0.19250001,0.2575,0.34833333,0.22500002,0.42916667,0.34083334,0.405,0.38833335,0.41166666,0.19166668,0.8116667,0.2025,0.54333335,0.050833333,0.16499999,0.108333334,0.039166667,0.25083333,0.7791667,0.38583332,0.16499999,0.35000002,0.12250001,0.45749998,0.13833334,0.14375,0.34333336,0.2675,0.12666667,0.14833334,0.41500002,0.18833335,0.28583336,0.26833332,0.22916667,0.17416668,0.2475,0.16083333
BC2026_Train_0011_S03_20211114_200000_20,0.090833336,0.064166665,0.31083333,0.91833335,0.3875,0.20666668,0.9608333,0.80500007,0.5416667,0.9558333,0.9125,0.695,0.60083336,0.1375,0.101666674,0.81,0.52833337,0.24916667,0.66083336,0.23833334,0.37666667,0.5875,0.8191667,0.29250002,0.3541667,0.74833333,0.15,0.3841667,0.16833334,0.80083334,0.10583334,0.16166668,0.16166666,0.70000005,0.15166667,0.41583335,0.09583333,0.123333335,0.51666665,0.37500003,0.21083334,0.19916669,0.10833334,0.22583334,0.0625,0.06583333,0.07666667,0.0475,0.15083334,0.22166668,0.14750001,0.19416668,0.17416668,0.34333336,0.25583333,0.175,0.1825,0.8158334,0.32083336,0.57166666,0.81583333,0.62916666,0.33666667,0.77666676,0.1925,0.24833333,0.8175,0.5941667,0.445,0.69500005,0.2525,0.31000003,0.15416667,0.66,0.32666665,0.42333338,0.19666667,0.22166666,0.21416667,0.2725,0.53,0.09166667,0.855,0.06416667,0.31416667,0.2525,0.1925,0.255,0.32833332,0.35083336,0.26916668,0.21416667,0.12916666,0.47250003,0.3575,0.64250004,0.87916666,0.2225,0.08833334,0.22666667,0.060000002,0.22833335,0.14833334,0.75,0.42166668,0.34333336,0.34083337,0.18083334,0.07333334,0.2475,0.090833336,0.88916665,0.13416667,0.08416667,0.37,0.072500005,0.11333333,0.5175,0.26250002,0.24166667,0.5816667,0.08916667,0.105000004,0.039166667,0.32833335,0.1225,0.2425,0.17083333,0.32333332,0.7975,0.36583334,0.086666666,0.425,0.10083334,0.084166676,0.23583335,0.0050000004,0.69166666,0.24833333,0.8166667,0.5183333,0.08,0.27,0.060833335,0.79833335,0.16583334,0.13416666,0.2866667,0.58250004,0.060000002,0.325,0.24583335,0.30499998,0.17833334,0.119166665,0.39083335,0.36666667,0.1625,0.062083337,0.17666668,0.09625,0.17916667,0.44166666,0.20666666,0.1525,0.80333334,0.64500004,0.16833334,0.083333336,0.043333337,0.079166666,0.20666666,0.17916667,0.1675,0.16333334,0.16916667,0.1675,0.21916667,0.26916668,0.15166667,0.21083334,0.085,0.1875,0.16916667,0.13,0.114999995,0.19833334,0.16583334,0.1675,0.6954167,0.24416667,0.5333333,0.2075,0.17833334,0.04083333,0.35583335,0.1575,0.2125,0.19083335,0.13583334,0.34166667,0.34250003,0.24416669,0.31333333,0.3791667,0.19083333,0.7708334,0.16416666,0.35583335,0.052500002,0.16916668,0.16,0.087500006,0.22083333,0.745,0.42000002,0.14333335,0.43083334,0.1,0.3625,0.12416667,0.10583334,0.18166667,0.19333334,0.10333333,0.15,0.3475,0.13416666,0.15,0.15166667,0.16833334,0.155,0.20916666,0.155
BC2026_Train_0011_S03_20211114_200000_25,0.1025,0.055833332,0.15416667,0.9141667,0.15833333,0.1575,0.9275,0.62166667,0.635,0.9766667,0.94,0.58750004,0.58833337,0.06666667,0.045,0.7941667,0.26999998,0.4491667,0.8775,0.120000005,0.22833334,0.53000003,0.51416665,0.2675,0.23333333,0.52833337,0.09666667,0.1725,0.125,0.7658334,0.10583334,0.11916667,0.14916667,0.38250002,0.14,0.25833333,0.06916667,0.094166666,0.48833334,0.31083333,0.20000002,0.19000001,0.09583334,0.17500001,0.059166666,0.06583333,0.07333334,0.0475,0.10166667,0.1975,0.11583334,0.13916667,0.14583333,0.31416667,0.17166667,0.083333336,0.155,0.91083336,0.14166667,0.51916665,0.85083336,0.54583335,0.18583333,0.7941667,0.20250002,0.25708333,0.87166667,0.37083334,0.42333335,0.65333337,0.165,0.24666668,0.08500001,0.77166665,0.17500001,0.33666667,0.25333333,0.25750002,0.28666666,0.21833333,0.37916666,0.05333334,0.73333335,0.05166667,0.23833334,0.1125,0.23083334,0.23916668,0.30166668,0.17,0.0975,0.14166667,0.1975,0.44,0.20916668,0.55083334,0.74,0.24000001,0.0625,0.3375,0.05166667,0.21416667,0.055,0.7350001,0.19583333,0.33583334,0.20083334,0.09916667,0.04916667,0.26,0.10333334,0.74833333,0.095000006,0.065000005,0.097500004,0.05166667,0.17166667,0.3025,0.15,0.08416667,0.6141667,0.055833332,0.11,0.055000003,0.15083334,0.10250001,0.13499999,0.10916667,0.205,0.73333335,0.24666667,0.0925,0.35,0.1025,0.041666668,0.09166667,0.16333333,0.99583334,0.29666668,0.79916674,0.43083334,0.17916667,0.14083333,0.10166667,0.77000004,0.086666666,0.095,0.19916669,0.5241667,0.105000004,0.24666667,0.18916667,0.265,0.087500006,0.108333334,0.40333334,0.32416666,0.08833334,0.05166667,0.1425,0.08833334,0.245,0.3275,0.0925,0.08583334,0.89166665,0.61333334,0.28083333,0.075,0.23416668,0.030833334,0.11916667,0.11833334,0.16250001,0.11083333,0.16416666,0.09,0.44833332,0.1925,0.07,0.21833333,0.1275,0.096666664,0.0675,0.06666667,0.1275,0.16333334,0.079166666,0.17833334,0.68083334,0.12916666,0.4225,0.16749999,0.108333334,0.050833333,0.22,0.108333334,0.23583335,0.16,0.115833335,0.3191667,0.26416668,0.16333334,0.3175,0.32999998,0.21666667,0.7508334,0.09916667,0.24666667,0.08083334,0.123333335,0.22833334,0.06833333,0.23666668,0.74750006,0.35500002,0.18,0.5758333,0.10583334,0.3725,0.08166666,0.08083334,0.2475,0.123333335,0.03416667,0.11583334,0.3125,0.10250001,0.111666664,0.11083333,0.14250001,0.120000005,0.12083334,0.13666666
BC2026_Train_0011_S03_20211114_200000_30,0.08833334,0.038333334,0.08916667,0.9508333,0.0875,0.13583334,0.8316667,0.47833335,0.74333334,0.98583335,0.9316667,0.43083334,0.6458334,0.075,0.028333334,0.78583336,0.20916668,0.6275,0.8225,0.108333334,0.23875001,0.53166664,0.415,0.245,0.22666666,0.48833334,0.083333336,0.07833333,0.0425,0.73333335,0.08416667,0.07166667,0.10500001,0.22083335,0.14166667,0.1425,0.05416667,0.06333333,0.4,0.21000001,0.14916667,0.1625,0.055,0.08166666,0.04,0.043333337,0.048333336,0.025833335,0.05916667,0.13916667,0.08083333,0.087500006,0.094166666,0.24666667,0.055833332,0.045833334,0.12166667,0.97875005,0.023333335,0.35166666,0.7341667,0.56166667,0.16333333,0.7966667,0.21916667,0.18333334,0.8825,0.205,0.34833333,0.5966667,0.12666667,0.24083334,0.145,0.7658334,0.10083334,0.31166667,0.19250001,0.18,0.33083335,0.08416667,0.20166668,0.045833334,0.6425,0.030833334,0.22,0.050833337,0.22333334,0.23666666,0.36583334,0.107499994,0.0775,0.19166666,0.079166666,0.36083335,0.24416667,0.36083335,0.5991667,0.1425,0.038333334,0.37583333,0.021666668,0.28833336,0.08416667,0.6483334,0.11166667,0.28500003,0.10166667,0.050833337,0.0725,0.31333333,0.20916668,0.40166667,0.215,0.090833336,0.114999995,0.06666667,0.1375,0.19583334,0.07083333,0.08166667,0.5645833,0.08583333,0.09916667,0.06916667,0.085,0.07083334,0.070416674,0.0825,0.17666668,0.6308333,0.20416668,0.060833335,0.29583335,0.10333334,0.034166668,0.061666667,0.22416666,1.0,0.35416666,0.7766667,0.28833333,0.4441667,0.12,0.0725,0.7066667,0.07666667,0.11083333,0.14333335,0.35333332,0.13416667,0.18583335,0.23500001,0.29333332,0.12666667,0.090833336,0.4441667,0.23833334,0.060833335,0.021666668,0.15166667,0.052500002,0.19749999,0.24666667,0.08916667,0.06333333,0.90083337,0.43416667,0.4041667,0.113333344,0.4925,0.030833334,0.1025,0.09333334,0.20583333,0.07833333,0.16333333,0.0775,0.44333336,0.21083334,0.10666667,0.27416667,0.0925,0.03666667,0.052500002,0.048333336,0.08083334,0.14750001,0.082499996,0.14416666,0.59250003,0.12833333,0.2916667,0.108333334,0.093333334,0.028333334,0.13166666,0.120833345,0.2125,0.07416667,0.0625,0.28833336,0.10416667,0.13166666,0.28000003,0.26083335,0.2125,0.7225,0.116666675,0.16749999,0.1875,0.09583333,0.3675,0.10250001,0.14083333,0.7516667,0.41333336,0.10916667,0.68916667,0.185,0.31583336,0.08916667,0.09166666,0.24583334,0.1525,0.020000001,0.06916667,0.2841667,0.120000005,0.11083334,0.0675,0.053333335,0.07666667,0.12416667,0.19916667
BC2026_Train_0011_S03_20211114_200000_35,0.060000002,0.032500003,0.08833334,0.9725,0.1375,0.054166667,0.7666667,0.2925,0.6308334,0.9608333,0.92083335,0.33583334,0.4225,0.24166666,0.012500001,0.7041667,0.24166667,0.7083334,0.735,0.17166667,0.25166667,0.6991667,0.29416668,0.2725,0.18666667,0.40083334,0.1075,0.08916667,0.049166672,0.6983333,0.07416666,0.05166667,0.075833336,0.18,0.14416668,0.1525,0.04666667,0.050833337,0.33,0.185,0.14083333,0.14166668,0.08083333,0.057500005,0.033333335,0.033333335,0.053333335,0.014166668,0.034166668,0.15583333,0.087500006,0.087500006,0.084166676,0.23416668,0.083333336,0.050000004,0.120000005,0.98333335,0.015833335,0.30833334,0.6516667,0.31833333,0.14083333,0.8075,0.41916668,0.1625,0.8416667,0.21000001,0.23250002,0.52000004,0.093333334,0.22833334,0.094166666,0.8491667,0.084166676,0.4491667,0.15,0.10416667,0.3675,0.11,0.16583332,0.05666667,0.55833334,0.030833334,0.16916667,0.024166668,0.21333334,0.28916666,0.29416668,0.16083334,0.06583334,0.1075,0.07000001,0.38250002,0.3125,0.3,0.27833334,0.11666667,0.11750001,0.29583335,0.020000001,0.155,0.061666667,0.6633333,0.120000005,0.265,0.14250001,0.041666668,0.07333334,0.27083334,0.16250001,0.41083333,0.16583334,0.058333337,0.13916667,0.065000005,0.09416667,0.12083334,0.1525,0.05166667,0.4516667,0.07833334,0.09666667,0.0225,0.058333334,0.08916667,0.11916667,0.035833336,0.15333334,0.63,0.1825,0.07666667,0.27666667,0.05916667,0.035833336,0.055,0.17583334,0.9875,0.145,0.74,0.30333334,0.50333333,0.19750002,0.087500006,0.5858333,0.08,0.0825,0.15416667,0.26583332,0.125,0.09,0.21833333,0.19500001,0.101666674,0.06916667,0.31,0.22833332,0.08583333,0.023333335,0.21416667,0.042500004,0.21666667,0.14,0.08916667,0.0825,0.85499996,0.36083335,0.33583334,0.09583333,0.145,0.009166667,0.1475,0.12416667,0.20166665,0.0775,0.13916667,0.07416667,0.29500002,0.22,0.08083334,0.22583334,0.068333335,0.0150000015,0.040000003,0.043333337,0.17416668,0.22083333,0.0825,0.16166666,0.455,0.17083333,0.17083333,0.2125,0.07333334,0.030000001,0.16416667,0.16083333,0.2275,0.085,0.07416667,0.27333334,0.03666667,0.165,0.22916667,0.21000001,0.215,0.75750005,0.10083334,0.31583333,0.385,0.1825,0.24666667,0.19000001,0.20166667,0.7225,0.43916667,0.083333336,0.505,0.14583333,0.20666668,0.0825,0.1825,0.07333334,0.17,0.030833334,0.052500002,0.23250002,0.116666675,0.10666667,0.049166672,0.052500002,0.056666672,0.112500004,0.2975
BC2026_Train_0011_S03_20211114_200000_40,0.1075,0.035,0.08,0.9658333,0.054166667,0.07666667,0.61583334,0.26666668,0.68333334,0.9608333,0.86333334,0.295,0.32333332,0.050000004,0.008333334,0.72083336,0.20333333,0.55083334,0.93,0.08166666,0.17916667,0.70416665,0.29583332,0.19166666,0.11750001,0.3325,0.06333333,0.093333334,0.104166664,0.6641667,0.07,0.09333334,0.09833334,0.20666668,0.1,0.22583334,0.05,0.040000003,0.30916667,0.21833333,0.11083334,0.13333333,0.038333334,0.12083334,0.029166667,0.029166667,0.03666667,0.023333335,0.039166667,0.13250001,0.048333332,0.048333332,0.041666668,0.19,0.060833335,0.058333334,0.17333333,0.99583334,0.008333334,0.27166668,0.77833337,0.29500002,0.13,0.81166667,0.7,0.13083334,0.9483334,0.25083333,0.23083334,0.5266667,0.058333337,0.13749999,0.11750001,0.855,0.0875,0.26666665,0.119166665,0.23833333,0.37083334,0.1275,0.29833332,0.028333336,0.61083335,0.023333335,0.16666669,0.023333335,0.090833336,0.100833334,0.32375,0.108333334,0.111666664,0.16083334,0.06416667,0.35083333,0.42583337,0.40166667,0.27583334,0.12833333,0.05333334,0.27166668,0.020833334,0.16833334,0.050000004,0.66333336,0.15666668,0.25,0.054166667,0.040833335,0.041666668,0.20750001,0.1,0.5075,0.11083334,0.07,0.10333334,0.07916667,0.093333334,0.11,0.090833336,0.030000003,0.52583337,0.061666667,0.07416667,0.015833335,0.12083334,0.06583333,0.0775,0.050000004,0.116666675,0.64500004,0.13083333,0.0275,0.395,0.050000004,0.013333335,0.040833335,0.1425,0.4275,0.19833334,0.755,0.29083335,0.44000003,0.12791666,0.075833336,0.6133333,0.051666666,0.061666667,0.123333335,0.2175,0.093333334,0.13916667,0.16916667,0.20833334,0.101666674,0.0575,0.26166666,0.28416666,0.08416667,0.010833334,0.15833335,0.045,0.14833334,0.11750001,0.061666667,0.06916667,0.8925,0.33249998,0.12916666,0.052500002,0.045833334,0.010833334,0.10166666,0.115833335,0.185,0.08583334,0.06583333,0.06583334,0.20500001,0.23000002,0.101666674,0.19416668,0.055833336,0.012500001,0.052500002,0.039166667,0.12666667,0.1575,0.07833333,0.15166667,0.41916668,0.18083334,0.18583333,0.1275,0.038333334,0.035,0.11833334,0.1575,0.14500001,0.0925,0.061666667,0.22999999,0.029166669,0.11583333,0.13,0.13499999,0.16583334,0.6666666,0.119166665,0.15083334,0.22916669,0.043333337,0.16583334,0.11583334,0.13583334,0.77500004,0.45083332,0.11000001,0.64750004,0.075,0.28916666,0.04416667,0.08083333,0.13833334,0.16833335,0.009166667,0.048333332,0.2275,0.12083334,0.097500004,0.059166666,0.04,0.016666668,0.050833337,0.37916666
BC2026_Train_0011_S03_20211114_200000_45,0.074999996,0.03166667,0.068333335,0.9916667,0.0375,0.055833332,0.66833335,0.25166667,0.7325,0.965,0.8958334,0.28333333,0.3516667,0.029166667,0.004166667,0.8233333,0.14416668,0.5025,0.9691667,0.1125,0.14083333,0.78083336,0.4066667,0.1825,0.13583332,0.35333335,0.06666666,0.08666667,0.1725,0.6766667,0.07416667,0.10083334,0.10666667,0.1625,0.090833336,0.21000001,0.0375,0.05666667,0.30166668,0.17083335,0.13666667,0.13416666,0.026666667,0.15083334,0.020833334,0.020833334,0.048333332,0.020833334,0.03666667,0.16166666,0.029166667,0.025833333,0.025833333,0.20750001,0.093333334,0.033333335,0.13583334,0.96416664,0.004166667,0.35000002,0.8833333,0.17583334,0.116666675,0.8258333,0.5516667,0.14583334,0.93833333,0.21166667,0.19666667,0.5491667,0.07083333,0.13583334,0.07000001,0.9583333,0.07,0.3025,0.11625001,0.35583332,0.38916665,0.12083333,0.35500002,0.019166667,0.5516666,0.018333334,0.16333333,0.035833333,0.090833336,0.0625,0.13166668,0.079166666,0.105000004,0.20166667,0.07333334,0.37083334,0.45666668,0.37083334,0.22333333,0.155,0.014166668,0.3175,0.0050000004,0.1525,0.02666667,0.65000004,0.17083333,0.18916667,0.041666668,0.03666667,0.014166667,0.25166667,0.08916667,0.47083336,0.10833334,0.054166667,0.08083333,0.06583333,0.068333335,0.18416667,0.09583334,0.07000001,0.63,0.058333334,0.068333335,0.020833334,0.09833334,0.09,0.054166667,0.06916667,0.13,0.75,0.18,0.016666668,0.34916666,0.0425,0.027500002,0.058333334,0.15833333,0.2625,0.245,0.76250005,0.20875001,0.33166668,0.05916667,0.03666667,0.6675,0.019166667,0.08416667,0.1975,0.26583335,0.056666672,0.16166666,0.17333335,0.21333334,0.13083333,0.0675,0.29583335,0.37708336,0.029166669,0.033333335,0.20416668,0.07083333,0.045,0.11833333,0.0625,0.040833335,0.87833333,0.3775,0.155,0.07666667,0.030833334,0.028333336,0.0775,0.068333335,0.14833333,0.10333333,0.10416667,0.032500003,0.1825,0.1975,0.071666665,0.20750001,0.08666667,0.0075000008,0.033333335,0.060000002,0.1,0.13499999,0.07666667,0.120000005,0.5475,0.1275,0.3075,0.285,0.043333337,0.015833333,0.11916667,0.14666668,0.1625,0.04916667,0.07000001,0.18833333,0.04666667,0.09916667,0.1225,0.16,0.21833333,0.735,0.11416668,0.13416666,0.17333335,0.08416667,0.25,0.094166666,0.067499995,0.78833336,0.4791667,0.10833334,0.45749998,0.08,0.25083333,0.061666667,0.061666667,0.07,0.12416667,0.015000001,0.06166667,0.21666667,0.15583333,0.090833336,0.06416667,0.056666672,0.0225,0.09916668,0.175
BC2026_Train_0011_S03_20211114_200000_50,0.0425,0.0375,0.16833334,0.9891667,0.10000001,0.11666667,0.83250004,0.31666666,0.81500006,0.99083334,0.9766667,0.46583337,0.41166666,0.033333335,0.020000001,0.83666664,0.22833334,0.62,0.8883333,0.14166668,0.1825,0.8458333,0.4975,0.23666668,0.20166667,0.4175,0.08583334,0.14333333,0.19916667,0.745,0.07833333,0.09583333,0.125,0.26083332,0.12416667,0.19083333,0.050000004,0.07083334,0.36666667,0.19833334,0.21000001,0.1575,0.0375,0.155,0.025000002,0.025000002,0.082499996,0.025833335,0.0825,0.215,0.050000004,0.050000004,0.046666667,0.28333336,0.1525,0.054166667,0.16,0.94083333,0.055,0.46166667,0.825,0.33541667,0.17166667,0.83750004,0.45666668,0.17583334,0.83833337,0.26416665,0.27833334,0.5808334,0.100833334,0.17250001,0.07,0.8954167,0.13333334,0.42416668,0.16499999,0.21666667,0.42416668,0.17166667,0.74833333,0.053333335,0.6883334,0.030000003,0.21833333,0.039166667,0.11583334,0.1925,0.17416666,0.13333334,0.1225,0.24000001,0.053333335,0.46750003,0.61583334,0.30625,0.33333337,0.1875,0.075,0.49833333,0.012500001,0.116666675,0.085,0.7075,0.1975,0.2475,0.04916667,0.055833336,0.07333334,0.315,0.15333334,0.4691667,0.175,0.08083334,0.075833336,0.06333333,0.07916667,0.3625,0.14500001,0.11,0.67,0.10916667,0.065000005,0.07416667,0.07833333,0.086666666,0.04916667,0.053333335,0.14916667,0.81750005,0.31583333,0.07000001,0.39,0.10583334,0.11333333,0.0375,0.25833333,0.3275,0.1125,0.76166666,0.27833334,0.42000002,0.105000004,0.048333336,0.6925,0.021666668,0.17916666,0.25333333,0.31166667,0.094166666,0.29583335,0.19666667,0.31583333,0.11,0.07083333,0.34,0.24666667,0.045,0.10666667,0.23666668,0.07666667,0.100833334,0.16,0.057500005,0.11333334,0.8258333,0.4475,0.26916668,0.043333337,0.06583334,0.02666667,0.17250001,0.116666675,0.15833335,0.10916667,0.108333334,0.068333335,0.20500001,0.25916666,0.057500005,0.26083332,0.08833334,0.0275,0.06333333,0.06666667,0.21000001,0.19666667,0.08416667,0.12583333,0.60083336,0.21083334,0.4675,0.32750002,0.08666667,0.017500002,0.116666675,0.165,0.1825,0.07,0.12166667,0.27166668,0.043333337,0.16666667,0.39416668,0.20083335,0.17750001,0.80750006,0.10250001,0.18416667,0.37083337,0.049166672,0.435,0.11500001,0.12666667,0.7541667,0.3841667,0.1125,0.2891667,0.09916666,0.48,0.06333333,0.1575,0.22166666,0.23916668,0.029166667,0.0675,0.19749999,0.25166667,0.12583333,0.093333334,0.0775,0.047500003,0.10250001,0.2425
BC2026_Train_0011_S03_20211114_200000_55,0.09250001,0.06333334,0.16833332,0.94083333,0.29583332,0.13499999,0.89166665,0.49916667,0.71750003,0.9816667,0.94416666,0.5341667,0.51,0.09583333,0.040833335,0.7941667,0.41,0.35333335,0.83,0.10666667,0.35833335,0.57166666,0.58916664,0.29250002,0.3,0.57750005,0.120000005,0.19000001,0.11333333,0.75166667,0.11333333,0.123333335,0.14416668,0.34916666,0.15666667,0.23583333,0.062916666,0.15083334,0.56083333,0.2866667,0.24333334,0.24583334,0.06583333,0.13666667,0.058333337,0.071666665,0.11500001,0.045,0.15,0.30416667,0.09916667,0.123333335,0.10000001,0.35000002,0.20916668,0.09166667,0.17250001,0.9483333,0.10166667,0.4441667,0.7825,0.6383334,0.27916667,0.81416667,0.41000003,0.26500002,0.84833336,0.33416668,0.39916667,0.6225,0.16666667,0.18166667,0.20666668,0.8966667,0.20166668,0.5291667,0.2125,0.21166667,0.48833334,0.23916668,0.795,0.08916667,0.74000007,0.052500002,0.24416667,0.10916667,0.19583334,0.28583333,0.20166668,0.29333335,0.111666664,0.29,0.06916667,0.44750002,0.605,0.37583333,0.4275,0.20833334,0.122499995,0.5766667,0.0475,0.14333335,0.086666666,0.72749996,0.34,0.31083333,0.17666668,0.108333334,0.079166666,0.28,0.29500002,0.48583335,0.25833333,0.116666675,0.40833336,0.07416667,0.0925,0.32666668,0.21666667,0.18833335,0.6408334,0.12083334,0.120000005,0.15833333,0.21000001,0.19916667,0.060000002,0.13250001,0.3441667,0.855,0.29666665,0.05916667,0.43125004,0.075,0.13083333,0.11,0.23666668,0.5233334,0.20416667,0.78083336,0.38583332,0.3725,0.31666666,0.06666667,0.72583336,0.11,0.425,0.3325,0.285,0.12666667,0.69500005,0.22166666,0.4008333,0.18833335,0.09333333,0.47250003,0.315,0.120000005,0.11083333,0.2325,0.055000003,0.15333334,0.23166668,0.075833336,0.5025,0.8375,0.4616667,0.20375001,0.12,0.09833334,0.053333335,0.225,0.16499999,0.24666667,0.13,0.1875,0.13916667,0.205,0.34083334,0.09583334,0.28583336,0.096666664,0.08166667,0.108333334,0.0825,0.15166667,0.24833333,0.165,0.1675,0.63,0.36166668,0.37916666,0.43750003,0.16166666,0.021666668,0.29291666,0.24916668,0.27333334,0.12666668,0.12083334,0.35500002,0.12666667,0.25666666,0.5758333,0.31166667,0.19999999,0.77500004,0.1275,0.42166668,0.31833333,0.19416668,0.38833335,0.125,0.24833333,0.7716667,0.36666667,0.14,0.335,0.1,0.67083335,0.13166666,0.20083334,0.24750002,0.26166666,0.06583333,0.11333333,0.28000003,0.19083333,0.20833334,0.14,0.10083334,0.07666667,0.16333333,0.36166668
BC2026_Train_0011_S03_20211114_200000_60,0.0675,0.056666672,0.22166666,0.94,0.4875,0.14666666,0.9191667,0.66583335,0.5475,0.9766667,0.895,0.6816667,0.4416667,0.225,0.033333335,0.75500005,0.64166665,0.16666666,0.76,0.23916668,0.61583334,0.6591667,0.7641667,0.25833336,0.3125,0.72833335,0.097500004,0.2475,0.15333334,0.76,0.135,0.13083333,0.18916667,0.5516667,0.12416667,0.38833335,0.1725,0.16333334,0.65500003,0.36666667,0.26583335,0.2708333,0.06583333,0.15,0.0925,0.12666667,0.15416667,0.05666667,0.1675,0.2875,0.13916667,0.18916667,0.13583334,0.36583334,0.29583335,0.12916666,0.12833333,0.9191667,0.12416667,0.44333333,0.6225,0.65833336,0.5441667,0.8000001,0.27583334,0.2175,0.9558333,0.45583335,0.24916667,0.6408334,0.17833333,0.2516667,0.23083334,0.9133333,0.23500001,0.47833332,0.24083334,0.2575,0.30666667,0.24083334,0.8433333,0.21416667,0.71416664,0.04916667,0.22250001,0.13833334,0.123333335,0.33083335,0.0925,0.6575,0.19333334,0.27666667,0.05166667,0.4641667,0.7375001,0.6966667,0.59166664,0.23250002,0.38833332,0.37583333,0.08416667,0.255,0.11583334,0.7033334,0.5675,0.37833336,0.25583333,0.21166667,0.1075,0.29666668,0.245,0.6566667,0.16833334,0.16416666,0.7625,0.068333335,0.094166666,0.29416668,0.39,0.23083334,0.5941667,0.21333334,0.21458332,0.19500001,0.28416666,0.34833336,0.15333334,0.265,0.33916667,0.79583335,0.29833335,0.06333333,0.38333336,0.07833333,0.2025,0.435,0.10666668,0.5416667,0.40791667,0.7833334,0.4791667,0.375,0.4375,0.104166664,0.73916674,0.19416666,0.21333335,0.26583332,0.36666667,0.087500006,0.9291667,0.22333333,0.43666667,0.1225,0.1275,0.37583333,0.50166667,0.15666667,0.072500005,0.1875,0.064166665,0.26416668,0.26083335,0.11750001,0.8341667,0.7075,0.47333336,0.13499999,0.14500001,0.07166667,0.05916667,0.3,0.275,0.33583334,0.15416667,0.1925,0.38916665,0.1825,0.33583334,0.185,0.18083334,0.14000002,0.1925,0.12166667,0.16583334,0.08583334,0.27416667,0.15333334,0.20416667,0.6991667,0.5875,0.3375,0.38833335,0.09666667,0.045,0.41000003,0.40833333,0.27333334,0.33666667,0.095,0.375,0.26083332,0.47666666,0.30666667,0.42333335,0.21833335,0.7075,0.15,0.61,0.23833334,0.19416668,0.19833334,0.031666666,0.32999998,0.79583335,0.54375005,0.18166667,0.31416667,0.14208333,0.75916666,0.14083335,0.08833334,0.20750001,0.33416665,0.058333334,0.19666667,0.3,0.111666664,0.26666668,0.19916667,0.075833336,0.1125,0.10333334,0.5141667
BC2026_Train_0012_S03_20220211_233000_5,0.23250002,0.18083334,0.049166672,0.89666665,0.30833334,0.060833335,0.26083335,0.30833334,0.75666666,0.6666667,0.60083336,0.07666667,0.7816667,0.24583334,0.17083333,0.3166667,0.34916666,0.083333336,0.80083334,0.31583336,0.40083334,0.14583334,0.026666667,0.14750001,0.16166666,0.405,0.07916667,0.11666667,0.23583335,0.6333334,0.26916665,0.22416666,0.1825,0.04416667,0.033333335,0.17000002,0.29833332,0.22749999,0.049166664,0.19416668,0.034166668,0.0825,0.11916667,0.33250004,0.21916667,0.23250002,0.24416667,0.6091667,0.26666668,0.19749999,0.4116667,0.39499998,0.39499998,0.035,0.33833334,0.016666668,0.3,0.9008333,0.05916667,0.23666668,0.7141667,0.20833333,0.81000006,0.4741667,0.31333333,0.017500002,0.5325,0.07416667,0.024166668,0.13,0.3958333,0.53083336,0.41416666,0.1925,0.064166665,0.23750001,0.81166667,0.33916667,0.5933333,0.084166676,0.2225,0.19333333,0.18,0.33833334,0.09250001,0.45166665,0.5916667,0.6983333,0.2,0.21000001,0.6991667,0.24083334,0.29875,0.185,0.24833333,0.17583334,0.07000001,0.19250001,0.45416665,0.1525,0.29666668,0.051666666,0.30750003,0.6775,0.8725,0.465,0.43083334,0.09166667,0.31,0.565,0.22416666,0.07833333,0.49416667,0.44333333,0.12916666,0.3491667,0.8325,0.045,0.66333336,0.2775,0.096666664,0.3975,0.4675,0.30416667,0.27166668,0.36916667,0.42083335,0.20333333,0.80166674,0.120000005,0.023333335,0.68916667,0.16666669,0.2775,0.21916667,0.04916667,0.12833333,0.16833334,0.20625001,0.79166675,0.5625,0.23416667,0.44416666,0.36166668,0.12833335,0.26666668,0.37666667,0.19083335,0.20583333,0.10250001,0.2825,0.39083332,0.44,0.37666667,0.2575,0.5108333,0.4475,0.39750004,0.215,0.123333335,0.22583333,0.7375001,0.20916668,0.43083334,0.5491667,0.82,0.05916667,0.2025,0.36666667,0.35333335,0.61833334,0.1325,0.3275,0.53583336,0.235,0.18250002,0.21916667,0.84333336,0.36333334,0.11500001,0.27166668,0.7416667,0.7641667,0.44833332,0.135,0.3225,0.80083334,0.4766667,0.43,0.30166668,0.42083335,0.09833333,0.5125,0.12583333,0.32416666,0.35750002,0.59999996,0.615,0.43666667,0.099999994,0.45166665,0.25416666,0.111666664,0.43916667,0.44666666,0.31416667,0.27958333,0.45833334,0.40249997,0.5375,0.42333335,0.33,0.68083334,0.365,0.7683334,0.59333336,0.46500003,0.112500004,0.4541667,0.16250001,0.35333335,0.61541665,0.46166664,0.18833333,0.29500002,0.2575,0.33916667,0.12416667,0.1475,0.44416666,0.1,0.4391667,0.07750001,0.7641667
BC2026_Train_0012_S03_20220211_233000_10,0.34500003,0.34833336,0.06916667,0.8883333,0.375,0.104166664,0.26416665,0.21000001,0.7341667,0.63416666,0.57916665,0.12916666,0.72583336,0.32083333,0.235,0.36416668,0.45416668,0.14083335,0.8475,0.34,0.4366667,0.14333335,0.07333334,0.13416667,0.25,0.5525,0.1025,0.16666667,0.31500003,0.5825,0.36583334,0.29666668,0.31750003,0.093333334,0.055833332,0.28666666,0.31916666,0.3,0.07666667,0.28583333,0.08083334,0.1,0.22666669,0.42,0.255,0.2916667,0.33166668,0.64750004,0.32583335,0.285,0.5191667,0.5158334,0.52583337,0.053333335,0.44,0.041666668,0.36,0.9,0.0925,0.27416667,0.7275,0.18833333,0.79166675,0.49083334,0.29583332,0.010833334,0.48749998,0.08833334,0.040000003,0.12250001,0.49333337,0.56416667,0.42833334,0.13,0.15916666,0.4175,0.9325,0.44333333,0.73583335,0.111666664,0.39666668,0.5475,0.19416668,0.44250003,0.116666675,0.5008334,0.56333333,0.5333333,0.31916666,0.25416666,0.46916667,0.26666668,0.22749999,0.22749999,0.36166668,0.14916667,0.105000004,0.24750002,0.43666667,0.22916667,0.3541667,0.06916667,0.34250003,0.5925,0.76666665,0.50416666,0.5583334,0.0925,0.335,0.60333335,0.27416667,0.083333336,0.50916666,0.445,0.26500002,0.41583332,0.9291667,0.060000002,0.87833333,0.34166667,0.17083335,0.44,0.57500005,0.4066667,0.25833333,0.45083332,0.43583336,0.23083332,0.9583334,0.13083333,0.07166667,0.69083333,0.3025,0.33333337,0.20833333,0.10250001,0.17750001,0.32,0.30583334,0.81416667,0.5733333,0.28083336,0.65166664,0.43416667,0.119166665,0.30083334,0.41750002,0.21916667,0.24333334,0.1525,0.33500004,0.44333336,0.56,0.4275,0.27416667,0.5991667,0.5116667,0.46166664,0.3025,0.15583333,0.28416666,0.8333334,0.185,0.5216667,0.87583333,0.7316667,0.068333335,0.31666666,0.51000005,0.43666667,0.6991667,0.22,0.40500003,0.6325,0.3125,0.26250002,0.46833336,0.8475,0.5183334,0.16166666,0.33083335,0.9641667,0.87333333,0.47166666,0.14,0.5258333,0.78749996,0.52750003,0.4466667,0.31583333,0.6016667,0.09,0.5233333,0.16916667,0.465,0.42833334,0.6766667,0.6341667,0.48416668,0.1275,0.58,0.34583333,0.1075,0.49583334,0.515,0.41916668,0.3825,0.4175,0.47166666,0.70000005,0.43,0.43416667,0.8725,0.5758334,0.67,0.5725,0.5866667,0.14250001,0.54333335,0.21000001,0.425,0.59916663,0.5291667,0.26333332,0.3825,0.29250002,0.44416666,0.24083334,0.21666667,0.5716667,0.10666668,0.5233334,0.096666664,0.7983334
BC2026_Train_0012_S03_20220211_233000_15,0.17416668,0.12916666,0.050000004,0.89916664,0.2125,0.058333334,0.23666668,0.14833334,0.68,0.58250004,0.56333333,0.08083334,0.6175,0.16666667,0.14833334,0.35666668,0.39916667,0.09916667,0.81499994,0.2591667,0.39000002,0.11666667,0.075833336,0.14166667,0.16333333,0.565,0.093333334,0.13833334,0.25166667,0.5291667,0.17083335,0.27166668,0.14083335,0.041666668,0.034166668,0.18166667,0.2625,0.17000002,0.031666666,0.2,0.019166667,0.028333336,0.12833333,0.34500003,0.111666664,0.12166667,0.19416668,0.5691667,0.19833334,0.1575,0.39666665,0.37666667,0.38666666,0.024166668,0.26833335,0.029166667,0.31166667,0.93916667,0.0775,0.20750001,0.6433334,0.14666668,0.80250007,0.5633334,0.33583334,0.019166667,0.39083338,0.060833335,0.018333334,0.061666667,0.40499997,0.32583335,0.31666666,0.07833333,0.049166672,0.4825,0.83166665,0.2825,0.65583336,0.05916667,0.16583334,0.1375,0.17583333,0.40083334,0.05666667,0.3025,0.53833336,0.31333333,0.065,0.1825,0.33333334,0.22833334,0.1675,0.17250001,0.32916668,0.14750001,0.058333337,0.13166668,0.3741667,0.15166667,0.305,0.04416667,0.28166667,0.5316667,0.7108333,0.32,0.44833335,0.08416667,0.28083333,0.5541667,0.23833334,0.06416667,0.4625,0.44083333,0.111666664,0.34250003,0.81333333,0.030000003,0.6383334,0.25166667,0.09250001,0.40333334,0.47,0.27916667,0.2375,0.19749999,0.23583335,0.2225,0.78083336,0.13083333,0.030833336,0.70166665,0.21833333,0.20333333,0.12250001,0.058333334,0.093333334,0.16750002,0.14666666,0.7608333,0.51500005,0.32,0.46166667,0.34583333,0.08083333,0.22166666,0.33416668,0.14500001,0.19166666,0.059166666,0.20833334,0.27083334,0.44500002,0.35500002,0.24249999,0.45416668,0.40333334,0.33083332,0.25500003,0.0825,0.21333334,0.53083336,0.0875,0.4275,0.50166667,0.7558334,0.0375,0.13416667,0.38833332,0.28166667,0.57666665,0.04416667,0.28583333,0.56416667,0.165,0.20916666,0.16666667,0.86083335,0.36416668,0.15083334,0.25166667,0.78083336,0.7883334,0.39333335,0.05916667,0.31333333,0.76916665,0.3441667,0.405,0.27583334,0.42833334,0.0725,0.41750002,0.10666667,0.35916668,0.30083334,0.56416667,0.59333336,0.21416669,0.0475,0.49833333,0.32583335,0.08083334,0.34750003,0.47,0.29083335,0.26333332,0.40166667,0.35500002,0.8075,0.39083335,0.5566667,0.6483334,0.53000003,0.6925,0.505,0.47583336,0.0925,0.51166666,0.155,0.3575,0.5733334,0.35833335,0.15916666,0.27916667,0.24583334,0.32583332,0.097500004,0.15166667,0.31416667,0.06916667,0.485,0.061666667,0.7558334
BC2026_Train_0012_S03_20220211_233000_20,0.095,0.031666666,0.041666668,0.8908333,0.10416667,0.031666666,0.215,0.08166667,0.6791667,0.59583336,0.5891667,0.040833335,0.56500006,0.0625,0.05666667,0.2591667,0.17166667,0.16749999,0.77750003,0.15666668,0.27833334,0.115,0.030833336,0.13416666,0.094166666,0.4741667,0.028333336,0.08166666,0.16833335,0.41500002,0.027500002,0.215,0.038333334,0.028333336,0.004166667,0.111666664,0.14416666,0.048333332,0.0075000008,0.033333335,0.0075000008,0.014166668,0.0275,0.26916665,0.052500002,0.05916667,0.032500003,0.08916666,0.018333334,0.010833334,0.13666667,0.18,0.18,0.008333334,0.068333335,0.012500001,0.25333333,0.96416664,0.0425,0.19083333,0.43,0.052500002,0.7308334,0.59749997,0.25,0.008333334,0.4041667,0.048333336,0.008333334,0.012500001,0.25666666,0.21166666,0.155,0.052500002,0.029166667,0.27166665,0.25416666,0.08833334,0.5883333,0.0475,0.060000002,0.055833332,0.12083334,0.25916666,0.039166667,0.065,0.50166667,0.20333333,0.020833334,0.042500004,0.22833332,0.2625,0.12916668,0.11916668,0.23750001,0.113333344,0.013333335,0.08083334,0.165,0.068333335,0.16833335,0.023333335,0.165,0.39833334,0.65416664,0.12250001,0.22333334,0.0275,0.13916667,0.495,0.2075,0.027500002,0.30166668,0.40000004,0.0325,0.18666667,0.39333332,0.013333335,0.28166667,0.07333334,0.075833336,0.18083334,0.32750002,0.1075,0.14416666,0.07416667,0.123333335,0.07666667,0.38166666,0.105000004,0.010000001,0.48583335,0.06583334,0.10166667,0.09583333,0.015833333,0.0575,0.06583333,0.06333333,0.7008333,0.35083333,0.29916668,0.25333333,0.25833336,0.0175,0.22166668,0.26083335,0.08083333,0.025,0.032500003,0.0575,0.18666667,0.19083333,0.30166668,0.16083333,0.19000001,0.18,0.10083333,0.17916667,0.08333334,0.08666667,0.29833332,0.010000001,0.27,0.17458335,0.8208333,0.021666668,0.015833335,0.26416668,0.05,0.33416668,0.027500002,0.18333334,0.485,0.04666667,0.16666667,0.07666667,0.8116667,0.18583333,0.12666667,0.116666675,0.3741667,0.36,0.23666668,0.015000001,0.14333335,0.59083337,0.15916666,0.35583335,0.17833334,0.155,0.030000001,0.2616667,0.04666667,0.15666667,0.1025,0.30416667,0.3666667,0.10916667,0.0225,0.38666666,0.15666667,0.035833333,0.14833334,0.25833333,0.19666667,0.14333333,0.37041667,0.1525,0.58666664,0.41083336,0.45916668,0.6275,0.1875,0.6791667,0.43083334,0.28833336,0.075,0.38083333,0.07333334,0.29583335,0.46666667,0.14333333,0.11500001,0.19416666,0.16083334,0.1875,0.03666667,0.12666667,0.08416667,0.040833335,0.21333334,0.0075000008,0.54833335
BC2026_Train_0012_S03_20220211_233000_25,0.09166667,0.04916667,0.675,0.8341667,0.041666668,0.015000001,0.30333334,0.07666667,0.72583336,0.61333334,0.595,0.78166664,0.6241667,0.11666667,0.060833335,0.19083335,0.20750001,0.18666667,0.68416667,0.10333334,0.25166667,0.105000004,0.075833336,0.1375,0.09666667,0.57,0.010833334,0.185,0.116666675,0.5375,0.060000002,0.20083332,0.0225,0.016666668,0.009166667,0.04916667,0.075833336,0.060833335,0.005833334,0.009166667,0.0050000004,0.020000001,0.017500002,0.18416667,0.041666668,0.028333336,0.011666668,0.055000003,0.012500001,0.019166667,0.095,0.105,0.105,0.004166667,0.035,0.0375,0.13916667,0.97583336,0.60333335,0.20750001,0.2125,0.030833336,0.5666667,0.6675,0.30583334,0.0066666673,0.4225,0.05916667,0.08916667,0.016666668,0.22416666,0.2025,0.12166667,0.022083335,0.019166667,0.16833334,0.19416668,0.021666668,0.5566667,0.025833335,0.060000002,0.025,0.08,0.23750001,0.0050000004,0.04916667,0.47083336,0.19416668,0.0225,0.010000001,0.093333334,0.87333333,0.119166665,0.09416667,0.18333334,0.10166667,0.004166667,0.04666667,0.090833336,0.027500002,0.14083335,0.012500001,0.12666667,0.3541667,0.655,0.10250001,0.15416667,0.014166668,0.12666667,0.44083333,0.19083333,0.06333333,0.2975,0.37083334,0.004166667,0.112500004,0.31250003,0.010833334,0.21083334,0.012500001,0.054166667,0.12083334,0.28583333,0.0066666673,0.28333333,0.011666668,0.071666665,0.021666668,0.34666666,0.09583334,0.23000002,0.36583334,0.0225,0.03666667,0.028333336,0.0050000004,0.024166668,0.013333335,0.0375,0.67583334,0.20416668,0.3416667,0.13166668,0.24458334,0.0225,0.105000004,0.21416667,0.028333334,0.004166667,0.0066666673,0.010000001,0.16416666,0.14166667,0.26250002,0.23166667,0.042500004,0.10333334,0.0475,0.08666667,0.025833333,0.0775,0.1375,0.0075000003,0.20916668,0.125,0.8225,0.0050000004,0.0475,0.23666668,0.035000004,0.22833334,0.015000001,0.0925,0.43583333,0.004166667,0.15916666,0.024583334,0.78583336,0.05916667,0.6766666,0.0625,0.27083334,0.20416667,0.22666666,0.0066666673,0.13833332,0.5216667,0.08833334,0.2725,0.19416666,0.057500005,0.008333334,0.1675,0.014166668,0.0725,0.0050000004,0.22166668,0.3375,0.050833337,0.0050000004,0.345,0.12666667,0.039166667,0.13,0.18416667,0.07083333,0.093333334,0.54,0.07,0.76250005,0.46833336,0.49166664,0.50416666,0.035,0.65500003,0.415,0.22833335,0.083333336,0.37,0.025000002,0.2891667,0.43666667,0.07416667,0.050833333,0.15333334,0.14333333,0.11,0.024166668,0.14500001,0.010000001,0.05916667,0.08833334,0.023333335,0.43583333
BC2026_Train_0012_S03_20220211_233000_30,0.17250001,0.29583335,0.91166663,0.7166667,0.14583333,0.06083334,0.8041667,0.16333334,0.83916664,0.645,0.62166667,0.94750005,0.725,0.6125,0.25666666,0.3025,0.50416666,0.42833337,0.7416667,0.18583333,0.46541667,0.125,0.41500002,0.16250001,0.27333334,0.8266667,0.071666665,0.71250004,0.3241667,0.7391667,0.09166667,0.30166668,0.014166668,0.029166669,0.07833333,0.14166667,0.16666667,0.14916667,0.020833336,0.031666666,0.016666668,0.050833333,0.05666667,0.23416665,0.06250001,0.06916667,0.050833333,0.07416667,0.079166666,0.08583333,0.23416668,0.21666667,0.20000002,0.018333334,0.047500003,0.20416668,0.1675,0.95875,0.8616667,0.37833336,0.24666667,0.16666666,0.62583333,0.7529167,0.315,0.040000003,0.5283333,0.145,0.4608333,0.06166667,0.40083334,0.55083334,0.23833333,0.055833332,0.03416667,0.345,0.29666668,0.0375,0.6675,0.05416667,0.0725,0.043333337,0.14250001,0.26666665,0.11583333,0.12416667,0.5958333,0.40416667,0.08416667,0.035833336,0.20500001,0.97333336,0.10333334,0.13333334,0.43833333,0.09916667,0.0275,0.035000004,0.25833336,0.12166666,0.1925,0.027500002,0.35250002,0.35000002,0.81083333,0.20500001,0.3775,0.05666667,0.2625,0.5441667,0.35333335,0.20416667,0.3775,0.31083333,0.016666668,0.25333333,0.32750002,0.025000002,0.275,0.025833333,0.14,0.37833333,0.35083333,0.07,0.6425,0.0225,0.08583334,0.090833336,0.47583333,0.18416668,0.67750007,0.42083335,0.056666672,0.07833334,0.09416667,0.03166667,0.095000006,0.032500003,0.07166667,0.59916663,0.26583332,0.635,0.265,0.39749998,0.11083333,0.155,0.24416667,0.13333334,0.108333334,0.023333335,0.049166664,0.42083335,0.24333334,0.485,0.54083335,0.075833336,0.28916666,0.089999996,0.26416668,0.095000006,0.3125,0.1375,0.028333334,0.38833335,0.14583333,0.92583334,0.06666666,0.4091667,0.31666666,0.09833334,0.40750003,0.18166667,0.18166667,0.5491667,0.029166669,0.24500002,0.058333337,0.78833336,0.10416667,0.94666666,0.16083333,0.3275,0.3225,0.4325,0.0150000015,0.28666666,0.7083334,0.17250001,0.36833334,0.34166667,0.11833334,0.03416667,0.38583335,0.14416666,0.1425,0.040833335,0.38,0.48083335,0.12666667,0.040000003,0.38083333,0.22083333,0.18916667,0.39916667,0.47250003,0.083333336,0.1975,0.9225,0.25666666,0.91583335,0.88,0.67,0.6991667,0.14,0.58500004,0.5,0.305,0.21583334,0.48000002,0.094166666,0.46083334,0.45499998,0.12333334,0.13583334,0.29,0.21416667,0.20833333,0.14500001,0.23083335,0.024166668,0.050833337,0.10583333,0.0225,0.56666666
BC2026_Train_0012_S03_20220211_233000_35,0.17833334,0.25916666,0.8316667,0.7058333,0.14166667,0.08833334,0.90583336,0.27666667,0.7733334,0.6766667,0.6116667,0.8908334,0.72916675,0.7,0.27916667,0.20583333,0.48083335,0.50916666,0.7375001,0.20666666,0.47500002,0.19833334,0.66999996,0.15583333,0.34666666,0.85625,0.07416667,0.675,0.35333335,0.6616667,0.09583333,0.34250003,0.0150000015,0.0225,0.13083334,0.1125,0.22416666,0.16333334,0.015000001,0.025000002,0.025000002,0.065000005,0.0725,0.25291666,0.06583334,0.06916667,0.061666667,0.08,0.14416668,0.11,0.25916666,0.255,0.20083334,0.0225,0.033333335,0.19583336,0.12833333,0.9583333,0.7908333,0.34166667,0.20916668,0.18416667,0.62583333,0.7891667,0.19333334,0.050000004,0.5766667,0.25583333,0.4025,0.08583334,0.3491667,0.61,0.19500001,0.054166667,0.035,0.51666665,0.29500002,0.040000003,0.62916666,0.061666667,0.065,0.030000003,0.13000001,0.3166667,0.13833334,0.053333335,0.6008333,0.41833335,0.096666664,0.061666667,0.31583333,0.94666666,0.13916667,0.155,0.61083335,0.1375,0.0275,0.015833333,0.35250002,0.12166667,0.19916667,0.035833333,0.38333333,0.32333335,0.7591667,0.100833334,0.23500001,0.060000006,0.245,0.52833337,0.36083335,0.27333334,0.29416668,0.23,0.0150000015,0.24916667,0.32333335,0.045833334,0.24916667,0.020833336,0.20666666,0.48916668,0.31333333,0.10166666,0.59000003,0.03666667,0.08583334,0.075,0.3941667,0.4125,0.52250004,0.39083335,0.12166667,0.07666667,0.08,0.08833333,0.13333334,0.017500002,0.07083333,0.5,0.285,0.78833336,0.22583333,0.29916665,0.08166667,0.20833334,0.22916666,0.07166667,0.23333335,0.030000001,0.0150000015,0.6075,0.16333334,0.5341667,0.555,0.042500004,0.33416668,0.07750001,0.37250003,0.14833333,0.4875,0.14083335,0.02666667,0.285,0.15333334,0.9295834,0.050833337,0.4375,0.23916668,0.075833336,0.20083334,0.23,0.21583334,0.5375,0.034166668,0.18833333,0.042500004,0.7408334,0.09333333,0.92583334,0.15916668,0.2825,0.27416667,0.37083337,0.032500003,0.4625,0.6925,0.1525,0.305,0.33666667,0.09,0.0150000015,0.56,0.19833334,0.116666675,0.015833335,0.34833336,0.41333336,0.1125,0.030000001,0.37958333,0.18500002,0.22416666,0.48083335,0.5341667,0.05583334,0.32,0.8808333,0.19833334,0.90666664,0.9683333,0.65916663,0.7741667,0.15916666,0.545,0.5258333,0.23666666,0.114999995,0.45083335,0.095,0.44166666,0.41,0.075,0.13749999,0.29916668,0.19166666,0.17583333,0.2825,0.20083334,0.029166667,0.060000002,0.12083334,0.035833336,0.5316667
BC2026_Train_0012_S03_20220211_233000_40,0.14166668,0.09833334,0.23083334,0.66583335,0.108333334,0.020000001,0.6933334,0.16083333,0.67,0.73,0.65000004,0.35083336,0.5758334,0.275,0.08166667,0.1675,0.21000001,0.2875,0.8033333,0.045416668,0.20166667,0.1625,0.62833333,0.12333334,0.28833333,0.6575,0.035833336,0.17,0.13166666,0.44416666,0.3875,0.20500001,0.046666667,0.012500001,0.039166667,0.03666667,0.09833333,0.10583334,0.023333335,0.025000002,0.045833334,0.05916667,0.19500001,0.14166668,0.05,0.046666667,0.13166668,0.215,0.12416667,0.116666675,0.44083336,0.44000003,0.42333335,0.016666668,0.11833333,0.025000002,0.10333333,0.9779167,0.2825,0.16833334,0.2575,0.046666667,0.55,0.81500006,0.13666667,0.027500002,0.4625,0.07666667,0.08666667,0.041666668,0.14416668,0.30333334,0.0675,0.0225,0.017500002,0.37666667,0.17333335,0.020000001,0.52,0.018333334,0.061666667,0.004166667,0.09166667,0.15416667,0.035833336,0.045,0.495,0.32833332,0.08833334,0.018333334,0.27,0.5675,0.11,0.07166667,0.435,0.0775,0.039166667,0.054166667,0.23249999,0.07166667,0.10666666,0.010833334,0.16333334,0.31083333,0.565,0.09,0.11416666,0.011666668,0.11750001,0.47833332,0.2075,0.17750001,0.22,0.19000001,0.009166667,0.14250001,0.23833334,0.017500002,0.145,0.012500001,0.13666667,0.35666668,0.26250002,0.035,0.24333334,0.0175,0.06333333,0.04,0.19833334,0.21583334,0.0975,0.32583332,0.0175,0.031666666,0.04083333,0.03166667,0.030000001,0.029166667,0.040833335,0.63,0.2566667,0.6025,0.105,0.14333335,0.11,0.061666667,0.18333334,0.024166668,0.08166667,0.015833335,0.004166667,0.53499997,0.10583333,0.33583334,0.25583333,0.07,0.15666667,0.021666668,0.23416668,0.029166669,0.33166668,0.075,0.029166667,0.12,0.12083334,0.9508334,0.030000001,0.34083337,0.15916666,0.0575,0.12166666,0.0625,0.09,0.35750002,0.0150000015,0.1175,0.0075000008,0.58000004,0.040833335,0.42166668,0.0675,0.17750001,0.12583333,0.23166668,0.049166664,0.225,0.4491667,0.0775,0.22416669,0.215,0.06666667,0.0075000008,0.28083336,0.04666667,0.049166664,0.0175,0.2775,0.30916667,0.05666667,0.0175,0.3225,0.11083333,0.055000003,0.4675,0.35250002,0.018333334,0.17416668,0.485,0.07166667,0.8408333,0.82000005,0.53166664,0.40833333,0.11416666,0.49916667,0.52416664,0.12583333,0.07666667,0.3425,0.055833332,0.2766667,0.32666668,0.011666668,0.0675,0.19166668,0.07416667,0.04916667,0.10583334,0.09250001,0.016666668,0.049166664,0.055,0.019166667,0.43166667
BC2026_Train_0012_S03_20220211_233000_45,0.23833333,0.2675,0.057500005,0.68083334,0.25416666,0.026666667,0.2725,0.2425,0.6479167,0.76250005,0.6816667,0.06833333,0.43666667,0.31666666,0.07666667,0.19583334,0.3075,0.19416668,0.85333335,0.07083334,0.19500001,0.12666667,0.32666665,0.08916667,0.35250002,0.44583333,0.048333332,0.035000004,0.06333333,0.5566667,0.6066666,0.13499999,0.16833335,0.03666667,0.047500003,0.047500003,0.055833336,0.14166667,0.14666668,0.04666667,0.11,0.12416667,0.46583334,0.12166667,0.0775,0.08083334,0.2825,0.6041667,0.2825,0.26416668,0.6016666,0.6016666,0.6016666,0.06333334,0.40416667,0.06666667,0.20583335,0.99333334,0.07,0.14750001,0.3391667,0.03916667,0.5541667,0.7925,0.23333333,0.038333334,0.51750004,0.064166665,0.083333336,0.24333334,0.053333335,0.21333334,0.028333336,0.040833335,0.02666667,0.35416666,0.22833332,0.008333334,0.44083333,0.014166668,0.12666667,0.021666668,0.10166667,0.13833334,0.061666667,0.13583334,0.30583334,0.24666667,0.3375,0.010833334,0.22583333,0.114999995,0.15916666,0.018333334,0.24833333,0.09166667,0.040000003,0.12083334,0.087500006,0.0725,0.109166674,0.021666668,0.12083334,0.48916668,0.28333333,0.05666667,0.2575,0.019166667,0.095,0.42333332,0.08916666,0.09916666,0.2275,0.1425,0.045,0.07833333,0.13666667,0.042500004,0.07083333,0.051666666,0.1375,0.086666666,0.235,0.06666667,0.09666667,0.015833333,0.072500005,0.044999998,0.12166667,0.33666667,0.0825,0.26958334,0.008333334,0.045833334,0.014166668,0.06333333,0.015000001,0.0825,0.053333335,0.7375001,0.39083332,0.345,0.10416667,0.14166668,0.43833333,0.0375,0.14833333,0.10333334,0.04416667,0.034166668,0.019166667,0.30041668,0.13416666,0.32583332,0.07416667,0.15833333,0.06916667,0.0375,0.27666664,0.018333334,0.21625,0.050833333,0.0625,0.09666667,0.094166666,0.96583337,0.02666667,0.19166668,0.185,0.15916668,0.075833336,0.021666668,0.08583333,0.25666666,0.015000001,0.10166667,0.034583338,0.42083335,0.0825,0.067499995,0.031666666,0.185,0.05916667,0.17333335,0.2475,0.22,0.32333335,0.06666667,0.34333333,0.13416667,0.0725,0.045833334,0.1375,0.032500003,0.111666664,0.175,0.11833333,0.2575,0.116666675,0.040000003,0.28166667,0.20583333,0.030833334,0.3025,0.09916666,0.020000001,0.305,0.25583333,0.032500003,0.6625,0.44,0.5325,0.2875,0.20500001,0.58500004,0.5133333,0.1875,0.14166667,0.27833334,0.14833334,0.20833333,0.22416668,0.0825,0.08083333,0.2675,0.0075000008,0.030000003,0.020000001,0.11083334,0.034166668,0.04666667,0.11166667,0.08500001,0.54583335
BC2026_Train_0012_S03_20220211_233000_50,0.11083333,0.0675,0.04666667,0.70916665,0.1125,0.009166667,0.35166666,0.13916667,0.7216667,0.77583337,0.6591667,0.040833335,0.5783334,0.12916666,0.025833335,0.22916667,0.3816667,0.24000001,0.9283334,0.021666668,0.18166667,0.12,0.50666666,0.09,0.37333333,0.46333334,0.0275,0.024166668,0.021666668,0.57666665,0.5116667,0.1025,0.1,0.031666666,0.015000001,0.016666668,0.03666667,0.11,0.08916667,0.034166668,0.085,0.10916667,0.2866667,0.06666666,0.048333332,0.045,0.14666668,0.30416667,0.18916667,0.21166666,0.5008334,0.51500005,0.5116667,0.047500003,0.19416668,0.008333334,0.12,0.99458337,0.04416667,0.15083334,0.3075,0.033333335,0.59000003,0.79166675,0.3625,0.029166667,0.48,0.050833333,0.054166667,0.115,0.030000003,0.2325,0.0425,0.029166669,0.011666668,0.16083333,0.3325,0.004166667,0.51166666,0.008333334,0.09833334,0.014166668,0.085,0.16333334,0.0325,0.06833334,0.31333333,0.32083333,0.32999998,0.010833334,0.25666666,0.07833334,0.12416667,0.025000002,0.26833335,0.07833333,0.021666668,0.08500001,0.058333334,0.09,0.08083334,0.012500001,0.08833333,0.55916667,0.5066667,0.12416667,0.1575,0.0050000004,0.0775,0.40333334,0.08166667,0.1425,0.18916667,0.15083334,0.025833335,0.07083333,0.11416667,0.0175,0.0625,0.021666668,0.15166667,0.010833334,0.1825,0.049166664,0.08083333,0.0050000004,0.04666667,0.0075000008,0.12083334,0.16666667,0.0150000015,0.21083334,0.0075000003,0.004166667,0.016666668,0.055833336,0.055,0.041666668,0.029166669,0.745,0.3775,0.35000002,0.07333333,0.097500004,0.22083333,0.054166667,0.12,0.030000001,0.009166667,0.034166668,0.0375,0.2575,0.1275,0.26,0.1,0.09250001,0.08,0.011666668,0.1625,0.07083333,0.11083335,0.021666668,0.028333336,0.08916667,0.07333334,0.96333337,0.025833335,0.058333334,0.16416667,0.08583334,0.059166666,0.0050000004,0.035833336,0.24416669,0.010000001,0.33666667,0.023333335,0.45000002,0.038333334,0.0375,0.024166666,0.16833334,0.085,0.09833333,0.040833335,0.1425,0.20583333,0.04,0.31083333,0.21500002,0.0925,0.020000001,0.13916667,0.0075000008,0.050833333,0.028333336,0.035833336,0.19,0.061666667,0.019166667,0.22666667,0.18166667,0.020000001,0.19833334,0.105000004,0.021666668,0.20166668,0.21916667,0.024166666,0.56333333,0.49,0.48333335,0.22166666,0.38000003,0.61083335,0.56333333,0.105,0.1375,0.2875,0.098333344,0.18333334,0.1875,0.05666667,0.0225,0.18666667,0.0050000004,0.035,0.045833334,0.083333336,0.0150000015,0.021666668,0.09166667,0.055,0.3891667
BC2026_Train_0012_S03_20220211_233000_55,0.12833333,0.0075000008,0.060000002,0.68166673,0.20416668,0.010833334,0.54333335,0.11750001,0.83000004,0.7833334,0.67833334,0.023333335,0.725,0.325,0.017500002,0.3541667,0.49416667,0.93,0.9216667,0.07083334,0.3075,0.28666666,0.44083336,0.12833333,0.34,0.54083335,0.056666672,0.038333334,0.0075000008,0.4741667,0.40666664,0.104166664,0.024166666,0.0075000008,0.016666668,0.004166667,0.08166667,0.050833333,0.030833336,0.010833334,0.03666667,0.084166676,0.13583334,0.0575,0.027500002,0.0175,0.020833334,0.0475,0.024166666,0.083333336,0.34333333,0.30583334,0.2825,0.025833333,0.030000001,0.004166667,0.09333334,0.98,0.1425,0.70250005,0.36166668,0.031666666,0.6791667,0.7991667,0.4141667,0.03166667,0.5425,0.058333334,0.0175,0.028333336,0.068333335,0.3725,0.14416666,0.03666667,0.0075000008,0.2425,0.5975,0.025833335,0.6241667,0.018333334,0.079166666,0.017500002,0.08,0.18833333,0.021666668,0.125,0.47333336,0.5566667,0.52166665,0.053333335,0.25083333,0.12833333,0.08416667,0.03666667,0.245,0.06416667,0.027500002,0.030833334,0.25166667,0.13916668,0.13833334,0.021666668,0.08583333,0.47,0.7491667,0.16833334,0.305,0.013333335,0.19500001,0.5391667,0.13166666,0.23166668,0.245,0.17166667,0.03666667,0.12833333,0.15166667,0.012500001,0.17,0.010833334,0.26833332,0.17833334,0.2775,0.123333335,0.11833334,0.017500002,0.1,0.014166668,0.27666667,0.18166667,0.0075000008,0.39333335,0.07666667,0.024166668,0.048333332,0.0175,0.12416667,0.035000004,0.025833335,0.69666666,0.40083334,0.46416667,0.09,0.1425,0.055,0.04666667,0.20833333,0.060000002,0.016666668,0.03166667,0.058333337,0.59000003,0.1425,0.30666667,0.14500001,0.14833333,0.15083334,0.005833334,0.14,0.07916667,0.19749999,0.07333334,0.07666667,0.2475,0.11833334,0.9666667,0.035,0.16916667,0.20083335,0.120000005,0.13666667,0.03666667,0.0675,0.30166668,0.061666667,0.66333336,0.025,0.74250007,0.055000003,0.06916667,0.0925,0.16499999,0.27166668,0.28166667,0.0075000008,0.22166666,0.35250002,0.08,0.28666666,0.3225,0.22333333,0.032500003,0.4166667,0.0050000004,0.07,0.026666667,0.13833334,0.31416667,0.043333337,0.028333336,0.22833334,0.7541667,0.025000002,0.45166668,0.26583335,0.064166665,0.101666674,0.26250002,0.12416667,0.7375,0.94083333,0.4691667,0.20750001,0.8283333,0.53333336,0.5891667,0.18333334,0.07333334,0.38083333,0.065000005,0.23,0.30416667,0.064166665,0.041666668,0.17416666,0.035833336,0.061666667,0.105000004,0.075,0.035,0.020833336,0.15166667,0.050000004,0.48333332
BC2026_Train_0012_S03_20220211_233000_60,0.14333333,0.0066666673,0.085,0.6016667,0.49583334,0.019166667,0.785,0.35166666,0.85,0.7900001,0.7008334,0.0575,0.73333335,0.87916666,0.08583333,0.35833335,0.31,0.98333335,0.8283333,0.18166667,0.49666667,0.7608334,0.5341667,0.14083333,0.24000001,0.7825,0.07,0.0625,0.019166667,0.42583334,0.3541667,0.16083334,0.009166667,0.010833334,0.021666668,0.029166669,0.1425,0.085,0.025000002,0.016666668,0.06916667,0.06166667,0.14666668,0.1175,0.02666667,0.030000001,0.010833334,0.041666668,0.032500003,0.07833333,0.39416668,0.35666668,0.35666668,0.042500004,0.043333337,0.020833334,0.08583334,0.94666666,0.58,0.9766667,0.65166664,0.050833333,0.7083333,0.84583336,0.485,0.045833334,0.64166665,0.0925,0.005833334,0.055833332,0.09833334,0.56583333,0.13083334,0.048333332,0.0066666673,0.27333334,0.41250002,0.020833334,0.58500004,0.03666667,0.064166665,0.045833334,0.0925,0.13333334,0.060000002,0.25000003,0.5175,0.6983334,0.6291667,0.16166668,0.29416668,0.21000001,0.090833336,0.021666668,0.22666666,0.07000001,0.0375,0.026666667,0.52500004,0.17333335,0.13666667,0.03666667,0.0775,0.35166666,0.4225,0.30083334,0.50333333,0.045833334,0.29500002,0.5491667,0.22166666,0.145,0.19916667,0.23333333,0.08,0.15333334,0.17750001,0.025,0.22583333,0.021666668,0.6633333,0.26333332,0.29583335,0.2,0.112500004,0.068333335,0.07333334,0.08583333,0.325,0.38666666,0.012500001,0.47083333,0.25416666,0.0925,0.0925,0.027500002,0.17583333,0.034166668,0.0175,0.59833336,0.45583332,0.5175,0.15166667,0.16916667,0.08166666,0.058333334,0.185,0.19083333,0.10583333,0.041666668,0.07333334,0.68583333,0.2025,0.45916668,0.1825,0.25333333,0.5325,0.019166667,0.26,0.0475,0.2375,0.048333332,0.13083333,0.25333336,0.094166666,0.9841667,0.039166667,0.39000002,0.26166666,0.15583333,0.2625,0.22500001,0.13666667,0.3491667,0.14583334,0.33083335,0.060000002,0.87333333,0.13583334,0.09166667,0.1275,0.16416666,0.3775,0.3275,0.04666667,0.43,0.4683333,0.08166667,0.27166668,0.5333333,0.19083333,0.0375,0.9008333,0.030000003,0.099999994,0.13250001,0.33083332,0.35583335,0.10166667,0.020833334,0.23333333,0.9791667,0.0825,0.50333333,0.29166666,0.10333333,0.12166667,0.17166668,0.22,0.88666666,0.9925,0.5066667,0.23750001,0.84583336,0.39500004,0.585,0.23916666,0.05333334,0.5108333,0.09666667,0.2825,0.3541667,0.024166666,0.15,0.30666667,0.07,0.06916667,0.07666667,0.115833335,0.052500002,0.04416667,0.34083334,0.07666667,0.49083334
BC2026_Train_0013_S13_20220217_233000_5,0.13166668,0.23583335,0.4766667,0.9533333,0.46666667,0.3025,0.5758334,0.545,0.8058334,0.5375,0.55333334,0.36833337,0.9225,0.7833334,0.64416665,0.77250004,0.3875,0.52000004,0.685,0.5958333,0.7158333,0.38083336,0.9125,0.25,0.39583334,0.8208333,0.31166667,0.6325,0.2225,0.40666664,0.15,0.27333334,0.11333333,0.08083333,0.27833334,0.16,0.49,0.16166668,0.21,0.20833334,0.108333334,0.3391667,0.29000002,0.21333332,0.62,0.61333334,0.35750002,0.195,0.08500001,0.012500001,0.38833335,0.39416668,0.36083335,0.25333336,0.13,0.32083333,0.4416667,0.87,0.59583336,0.69083333,0.37916666,0.675,0.785,0.6125,0.7858334,0.43083334,0.5658334,0.27666667,0.38333333,0.08583333,0.43833333,0.9275,0.42333332,0.31416667,0.114999995,0.6558333,0.6275,0.3816667,0.75750005,0.27083334,0.20416668,0.16583334,0.3325,0.5316667,0.42083335,0.19083333,0.9475,0.9058333,0.35333332,0.13666667,0.8183334,0.6583333,0.245,0.5758334,0.4166667,0.094166666,0.10583334,0.086666666,0.72,0.32583335,0.535,0.225,0.575,0.56166667,0.81166667,0.27666667,0.36166668,0.26583335,0.7041667,0.6566667,0.9566667,0.57,0.665,0.59083337,0.15416667,0.53749996,0.7491667,0.31166667,0.4441667,0.30666667,0.30416667,0.68666667,0.5933333,0.46416667,0.60583335,0.28666666,0.31166667,0.44750002,0.63,0.29666668,0.27333334,0.56416667,0.5075,0.39666668,0.3441667,0.15083334,0.4475,0.485,0.3,0.2725,0.5133333,0.7291667,0.5783333,0.465,0.06666667,0.7316667,0.375,0.31208333,0.16416669,0.08416667,0.41833335,0.87166667,0.7033334,0.53083336,0.34416667,0.71416664,0.45333335,0.32583335,0.6616667,0.34166667,0.53416663,0.49583334,0.38416666,0.62,0.36083335,0.58750004,0.079166666,0.9566667,0.5516667,0.61083335,0.4025,0.64500004,0.48833334,0.56333333,0.28416666,0.5841667,0.3025,0.9433333,0.42916667,0.285,0.455,0.56583333,0.37416667,0.41500002,0.12083334,0.45083332,0.68666667,0.33666667,0.56083333,0.3841667,0.49000004,0.46666667,0.47500002,0.79,0.5075,0.3516667,0.5108333,0.61083335,0.2425,0.23500001,0.6666667,0.72083336,0.36666667,0.6066667,0.91583335,0.40666667,0.7741667,0.60083336,0.31333333,0.9916667,0.7191667,0.96666664,0.5908333,0.41083333,0.5233333,0.29333332,0.41416666,0.24083333,0.9191667,0.48250005,0.5391666,0.66249996,0.68333334,0.32833338,0.665,0.3825,0.6016667,0.30166668,0.325,0.47583336,0.17083335,0.46416667,0.5183334,0.5658334
BC2026_Train_0013_S13_20220217_233000_10,0.104166664,0.14999999,0.45583335,0.9425,0.33333334,0.28666666,0.56916666,0.4875,0.7458334,0.5541667,0.53333336,0.40166667,0.90833336,0.72916675,0.76,0.7841667,0.36,0.4875,0.7016667,0.65,0.74083334,0.46083334,0.8833333,0.22250003,0.41083333,0.7733334,0.28333336,0.6175,0.17916667,0.44583336,0.125,0.26333332,0.09250001,0.06583334,0.23333335,0.116666675,0.45916668,0.13916667,0.18416667,0.17333335,0.11833333,0.33583337,0.31166667,0.20958334,0.58666664,0.56666666,0.34166667,0.12583333,0.040000003,0.011666668,0.38333336,0.35333332,0.35666665,0.2541667,0.0875,0.3875,0.4466667,0.85833335,0.6575,0.7366667,0.36166668,0.60833335,0.7933334,0.6025,0.87416667,0.46333334,0.5858333,0.39333335,0.41250002,0.060833335,0.37,0.8908334,0.36583334,0.37333333,0.09,0.7075,0.62666667,0.31083333,0.7541667,0.20666666,0.14166667,0.16000001,0.235,0.68166673,0.35666668,0.18333334,0.66083336,0.8258334,0.34416667,0.14750001,0.7925,0.695,0.18416667,0.5625,0.55916667,0.15416667,0.07833333,0.079166666,0.495,0.23333333,0.49333334,0.17416668,0.535,0.5266667,0.85249996,0.22333333,0.31500003,0.23583335,0.48833334,0.6225,0.87583333,0.6141666,0.65166664,0.605,0.14083333,0.4275,0.645,0.3025,0.43916667,0.20583333,0.25416666,0.5625,0.55,0.43916667,0.65250003,0.165,0.3075,0.40583333,0.61833334,0.31583336,0.16166668,0.525,0.50416666,0.26208335,0.24666668,0.124166675,0.42,0.4091667,0.22500001,0.27666667,0.4975,0.62,0.4691667,0.40083334,0.065000005,0.6883334,0.31583333,0.24416669,0.16583334,0.12666667,0.4475,0.76250005,0.6333333,0.49583334,0.33166668,0.65999997,0.4,0.3075,0.64750004,0.34583333,0.44583333,0.41,0.29083332,0.54083335,0.26416668,0.5158334,0.0375,0.9483333,0.48500004,0.55583334,0.31,0.43166667,0.4491667,0.5341667,0.20583333,0.69000006,0.21833333,0.95416665,0.36333334,0.26166666,0.40833333,0.55,0.39,0.3125,0.087500006,0.36416668,0.59833336,0.32250002,0.57666665,0.45916665,0.39833334,0.35916668,0.51,0.5808333,0.37833336,0.29416668,0.46166667,0.5233333,0.18416667,0.17833334,0.6091667,0.64416665,0.29999998,0.5,0.88166666,0.31,0.65833336,0.6225,0.22416666,0.9766667,0.5191667,0.93583333,0.56333333,0.30083334,0.5466667,0.2775,0.40833333,0.2725,0.87083334,0.3983333,0.5075,0.5875,0.72,0.27,0.6333333,0.36083335,0.61,0.2925,0.22,0.39166668,0.15166667,0.44833332,0.48583335,0.59250003
BC2026_Train_0013_S13_20220217_233000_15,0.16666669,0.37833333,0.8316667,0.9791667,0.3625,0.50333333,0.65416664,0.7733334,0.7466667,0.54,0.46833333,0.8341667,0.9158333,0.84583336,0.76750004,0.755,0.5733333,0.4925,0.80583334,0.7333334,0.78083336,0.62666667,0.9325,0.36333334,0.4325,0.86375,0.36583337,0.9225,0.26583332,0.595,0.13625,0.27,0.12083334,0.11666667,0.5466667,0.12916666,0.48083335,0.16,0.20833333,0.26416665,0.14083333,0.37166667,0.465,0.21916667,0.67833334,0.67833334,0.435,0.24666668,0.099999994,0.040833335,0.4791667,0.48583335,0.48916668,0.27,0.16333334,0.70416665,0.555,0.80666673,0.7883333,0.75166667,0.62833333,0.8475,0.8466667,0.5991667,0.8975,0.83833337,0.5341667,0.60749996,0.46416667,0.115,0.45083332,0.87166667,0.4625,0.29500002,0.19416666,0.67583334,0.7825,0.41750002,0.65083337,0.23666668,0.22416666,0.1675,0.3125,0.87833333,0.52833337,0.42833334,0.63916665,0.7558334,0.4333333,0.3125,0.89,0.975,0.34333333,0.5075,0.5441667,0.30833334,0.112500004,0.08500001,0.4475,0.23083335,0.45166668,0.23666668,0.5841667,0.6408334,0.9458333,0.385,0.43666667,0.6766667,0.49333334,0.5933333,0.7666667,0.68,0.8291667,0.56916666,0.23500001,0.44500002,0.7891667,0.34583333,0.44666666,0.32833332,0.32500002,0.67,0.5808333,0.5125,0.83916664,0.23666666,0.45583332,0.47833332,0.7083334,0.2625,0.5683333,0.7375,0.5708333,0.27166668,0.48499998,0.20333333,0.36208335,0.5891667,0.3633333,0.51416665,0.7016667,0.5375,0.3875,0.39666668,0.20333335,0.7683334,0.46833336,0.32666668,0.23666668,0.20916668,0.755,0.7341667,0.6883334,0.605,0.41750002,0.79416674,0.38916668,0.40083334,0.6195833,0.65,0.47166666,0.41250002,0.38083333,0.5716667,0.35333335,0.38666666,0.10666667,0.91583335,0.4991667,0.6925,0.41,0.35916665,0.56666666,0.55333334,0.33291668,0.8675,0.20916668,0.9666667,0.46166664,0.36916667,0.42666665,0.6179167,0.47333336,0.45583332,0.23583333,0.39875,0.6625,0.67083335,0.67083335,0.50916666,0.6141667,0.36833334,0.56416667,0.59749997,0.41750002,0.39000002,0.59333336,0.5758333,0.2175,0.27,0.69666666,0.7083334,0.39916667,0.53166664,0.81000006,0.31583336,0.5883333,0.885,0.25166667,0.9483333,0.52,0.8833333,0.69500005,0.38416666,0.60333335,0.28666666,0.41750002,0.42166668,0.85583335,0.5958333,0.5325,0.6091667,0.8366667,0.34166667,0.6125,0.38000003,0.6225,0.36833334,0.36666667,0.5875,0.24916668,0.5966667,0.64250004,0.85083336
BC2026_Train_0013_S13_20220217_233000_20,0.32833335,0.6425,0.97083336,0.95,0.475,0.7391667,0.8016667,0.9458333,0.70000005,0.5525,0.4925,0.9791667,0.9266667,0.93833333,0.83500004,0.7125,0.73,0.6066667,0.9225,0.74000007,0.8125,0.6566667,0.9741667,0.5108333,0.44833335,0.9641667,0.39833334,0.975,0.42583334,0.6333333,0.19000001,0.39416668,0.17833334,0.26333335,0.745,0.2525,0.555,0.20416667,0.24166669,0.35583335,0.1575,0.41250002,0.50666666,0.38083336,0.71583337,0.7191667,0.5925,0.43666667,0.23333333,0.14333335,0.5475,0.5675,0.5708333,0.32583335,0.3491667,0.91833335,0.63416666,0.7241667,0.9491667,0.84000003,0.68416667,0.95000005,0.8666667,0.55916667,0.7558334,0.9425,0.59833336,0.7216667,0.60833335,0.37083334,0.7,0.80125004,0.56916666,0.3275,0.4991667,0.6983333,0.96999997,0.595,0.64,0.40500003,0.22166666,0.38083333,0.43916667,0.94,0.61583334,0.7108333,0.66583335,0.80083334,0.53583336,0.34583336,0.865,1.0,0.35000002,0.5783333,0.7191667,0.44,0.24416667,0.09666667,0.42333335,0.21666667,0.50333333,0.43,0.7275,0.7083333,0.9791667,0.42083335,0.5708333,0.9191667,0.6816667,0.71500003,0.7966667,0.6466667,0.9608333,0.55083334,0.3241667,0.57666665,0.865,0.4075,0.6175,0.41916668,0.5208334,0.8041667,0.6641667,0.49166664,0.8933334,0.3075,0.5816667,0.7608334,0.9675,0.3191667,0.8516666,0.7633334,0.69166666,0.4316667,0.87666667,0.49833333,0.39208335,0.9041667,0.5383333,0.72583336,0.85833335,0.40666667,0.5708333,0.34333333,0.59833336,0.8233334,0.64166665,0.5291667,0.35083336,0.29416668,0.9716667,0.7683334,0.8491667,0.675,0.4525,0.9241667,0.5025,0.5391667,0.61,0.87916666,0.5275,0.39166668,0.5683333,0.645,0.6275,0.3541667,0.21583332,0.7633334,0.575,0.8008334,0.5158334,0.38416666,0.6433334,0.59166664,0.3075,0.9041667,0.22416668,0.935,0.585,0.56916666,0.59833336,0.92083335,0.5725,0.6791667,0.38,0.46833336,0.80083334,0.9775,0.84333336,0.62083334,0.81625,0.4025,0.66,0.68,0.595,0.4425,0.7375001,0.66583335,0.37166667,0.40666667,0.7275,0.8908334,0.7266667,0.5566667,0.76666665,0.35083336,0.27583334,0.94666666,0.335,0.9133333,0.62833333,0.7191667,0.9266667,0.4325,0.6141667,0.38333336,0.5525,0.5816667,0.8208333,0.7475,0.64416665,0.8308333,0.955,0.64750004,0.62,0.465,0.71500003,0.41708332,0.71000004,0.74416673,0.43666667,0.68666667,0.72833335,0.945
BC2026_Train_0013_S13_20220217_233000_25,0.38,0.565,0.9075,0.99916667,0.5416667,0.6766667,0.71000004,0.89,0.7691667,0.56916666,0.435,0.88166666,0.94666666,0.92583334,0.865,0.73833334,0.6754167,0.675,0.89916664,0.7375001,0.8333334,0.6341667,0.95416665,0.39916667,0.44416666,0.95666665,0.38,0.9725,0.44333333,0.545,0.26958334,0.465,0.16833334,0.24166666,0.69750005,0.32833332,0.5775,0.19250001,0.24083333,0.33666667,0.15333334,0.41166666,0.50166667,0.41416666,0.7108333,0.7141667,0.6341667,0.41916668,0.22166666,0.15666667,0.5833334,0.5833334,0.58000004,0.29333335,0.4016667,0.94083333,0.6608333,0.7633333,0.91583335,0.89250004,0.68333334,0.9441667,0.8241667,0.525,0.7441667,0.9508333,0.53499997,0.73666674,0.5725,0.23750001,0.6983334,0.83916664,0.6458334,0.40166667,0.3175,0.655,0.99333334,0.68416667,0.7291667,0.42833334,0.32000002,0.64750004,0.47666666,0.85583335,0.61,0.7366667,0.87,0.82500005,0.5416666,0.40083334,0.8391667,0.9841667,0.2916667,0.60333335,0.6225,0.40833333,0.23333333,0.1025,0.6341667,0.39166668,0.5391667,0.33250004,0.71000004,0.6625,0.94500005,0.4741667,0.54833335,0.8275,0.62416667,0.7058334,0.8675,0.67083335,0.9375,0.69958335,0.39458334,0.62916666,0.9575,0.37416667,0.8316667,0.49833333,0.59416664,0.8425,0.6575,0.5675,0.8775,0.43416667,0.6116667,0.7583333,0.98833334,0.38750002,0.71833336,0.6875,0.70750004,0.44333336,0.6891667,0.40249997,0.45,0.89666665,0.53333336,0.6041667,0.825,0.48250002,0.625,0.425,0.3425,0.85333335,0.55333334,0.4225,0.31333336,0.30333334,0.78499997,0.7816667,0.85833335,0.7641667,0.43083334,0.9433333,0.59583336,0.6716667,0.58666664,0.8208333,0.5025,0.51916665,0.5325,0.6591667,0.87583333,0.27083334,0.27416667,0.83666664,0.67,0.8291667,0.5375,0.44500002,0.6725,0.5966667,0.37000003,0.8875,0.5575,1.0,0.61833334,0.6425,0.54833335,0.98583335,0.7008334,0.59499997,0.4275,0.505,0.84000003,0.89000005,0.76250005,0.6408334,0.8208333,0.47333336,0.71833336,0.7841667,0.6366667,0.4466667,0.63750005,0.66833335,0.5416667,0.3975,0.745,0.685,0.615,0.58750004,0.87666667,0.52958333,0.2975,0.92083335,0.39749998,0.9241667,0.7066667,0.785,0.8125,0.485,0.59583336,0.32083336,0.59333336,0.54583335,0.91333336,0.6116667,0.66499996,0.865,0.86249995,0.45750004,0.6066667,0.44833335,0.83250004,0.43166667,0.42999998,0.88416666,0.3725,0.5775,0.74583334,0.8983334
BC2026_Train_0013_S13_20220217_233000_30,0.56916666,0.62833333,0.95416665,0.9775,0.7083333,0.78416663,0.7625,0.97083336,0.84000003,0.56416667,0.5625,0.9458333,0.9475,0.97083336,0.9475,0.765,0.81583333,0.66583335,0.96416664,0.8016667,0.8825,0.665,0.9841667,0.44708332,0.5575,0.9891667,0.48166665,0.975,0.5208334,0.52916664,0.365,0.5108334,0.20083334,0.24166667,0.7325,0.25916666,0.5833334,0.26250002,0.38,0.33249998,0.19250001,0.48916668,0.495,0.4066667,0.7125,0.7125,0.6125,0.51250005,0.2625,0.18916668,0.55833334,0.575,0.565,0.37500003,0.3716667,0.995,0.6583333,0.79166675,0.9416667,0.94,0.72833335,0.96833336,0.82750005,0.5233333,0.8291667,0.9825,0.5575,0.8366667,0.6766667,0.39083335,0.6075,0.91583335,0.7266667,0.44333333,0.21583334,0.63666666,0.9433333,0.6333333,0.77833337,0.48416665,0.40250003,0.61833334,0.55,0.8083333,0.7941667,0.6666667,0.9558333,0.84333336,0.6541667,0.45,0.9058333,0.96,0.3075,0.5783333,0.7416667,0.5425,0.29500002,0.13416667,0.7558334,0.42666668,0.59000003,0.5491667,0.7441667,0.6333333,0.9841667,0.40333334,0.6066666,0.90666664,0.59000003,0.6725,0.9141667,0.64166665,0.9558333,0.7641667,0.48250005,0.6,0.9475,0.38083333,0.77000004,0.54,0.7691667,0.8883333,0.6333333,0.64500004,0.9741667,0.5025,0.50666666,0.79083335,0.9475,0.26583335,0.7766667,0.65250003,0.685,0.46833333,0.5758333,0.62833333,0.4075,0.92083335,0.51,0.7083334,0.7316667,0.48333335,0.63250005,0.5391667,0.54583335,0.88874996,0.65083337,0.43083334,0.29250002,0.5141667,0.6358334,0.78583336,0.8516667,0.8625,0.48083332,0.9325,0.61583334,0.64250004,0.65,0.9141667,0.48583332,0.52166665,0.5208333,0.6916667,0.67583334,0.52166665,0.20583333,0.86833334,0.74333334,0.85,0.56083333,0.48916668,0.68083334,0.63166666,0.43916667,0.93916667,0.56916666,0.99583334,0.6358333,0.86,0.5491667,0.92583334,0.6933334,0.65500003,0.3516667,0.4875,0.8691667,0.7391667,0.8020833,0.68333334,0.7066667,0.6425,0.7266667,0.87583333,0.5375,0.55083334,0.5575,0.68583333,0.39666668,0.43166667,0.795,0.61583334,0.7216667,0.5775,0.8233334,0.40166667,0.41583335,0.95916665,0.37166667,0.95,0.7591667,0.83250004,0.7991667,0.5566667,0.6141667,0.31916666,0.54,0.8283333,0.9166667,0.6566667,0.65000004,0.86,0.9166667,0.43,0.68833333,0.49,0.8675,0.55583334,0.38916665,0.8691667,0.4075,0.50666666,0.81333333,0.88
BC2026_Train_0013_S13_20220217_233000_35,0.40833333,0.40666667,0.78666675,0.9866667,0.59166664,0.62083334,0.6591667,0.90833336,0.83500004,0.56166667,0.605,0.8408333,0.95416665,0.93,0.87083334,0.81500006,0.6358333,0.61833334,0.74333334,0.73916674,0.8341667,0.5733333,0.92,0.42333335,0.4916667,0.9291667,0.43416667,0.94416666,0.36916667,0.43416667,0.29166666,0.3675,0.185,0.18916667,0.54583335,0.21000001,0.5525,0.2575,0.38583332,0.29083335,0.2075,0.5083333,0.4225,0.3375,0.68666667,0.68666667,0.5758333,0.44416666,0.22333333,0.15583333,0.48250002,0.47250003,0.4691667,0.38833332,0.30916667,0.945,0.62,0.8058334,0.84250003,0.8625,0.6591667,0.9566667,0.80583334,0.535,0.9008333,0.955,0.5233333,0.7116667,0.5541667,0.27916667,0.53583336,0.93083334,0.69166666,0.4125,0.1925,0.6475,0.8241667,0.5766667,0.78583336,0.49249998,0.32416666,0.5466667,0.6225,0.7916667,0.65250003,0.5083334,0.9,0.8808333,0.68250006,0.35000002,0.86333334,0.925,0.3291667,0.56083333,0.59333336,0.32333332,0.18416667,0.155,0.7583334,0.35250002,0.57500005,0.53583336,0.7058334,0.56333333,0.96750003,0.41833332,0.59083337,0.7633333,0.7133333,0.66583335,0.955,0.5783333,0.9191666,0.78000003,0.40833333,0.54583335,0.9025,0.35500002,0.6616667,0.46083334,0.5758333,0.8266667,0.62916666,0.66833335,0.9508333,0.44583333,0.41333333,0.7658334,0.87666667,0.20416667,0.52250004,0.70166665,0.61,0.45833334,0.60833335,0.36083335,0.33333334,0.8691667,0.4791667,0.58500004,0.73083335,0.53083336,0.665,0.5716667,0.22416668,0.8366667,0.6483334,0.53833336,0.29833335,0.31916666,0.7316667,0.8091667,0.87583333,0.8283334,0.41,0.9091667,0.54833335,0.6075,0.6295833,0.75000006,0.40250003,0.45333332,0.555,0.7008334,0.5466667,0.34583336,0.13416667,0.905,0.73,0.80500007,0.6591667,0.42333338,0.6483334,0.62416667,0.46916667,0.9516667,0.55500007,0.9916667,0.65583336,0.53,0.5475,0.8358334,0.62916666,0.6866667,0.3975,0.46000004,0.83916664,0.7516667,0.77,0.5875,0.68166673,0.74166673,0.61083335,0.84333336,0.5808333,0.56166667,0.6333334,0.68083334,0.36916667,0.32333335,0.8525,0.74500006,0.53583336,0.6041667,0.82500005,0.47250003,0.43916667,0.84250003,0.35250002,0.9875,0.7525,0.85,0.7241667,0.4666667,0.63916665,0.30333334,0.5841667,0.6,0.945,0.60583335,0.65333337,0.86333334,0.8316667,0.6041667,0.7091667,0.46916667,0.8875,0.48833334,0.40916666,0.7683334,0.41583332,0.54083335,0.68750006,0.86083335
BC2026_Train_0013_S13_20220217_233000_40,0.32333335,0.5516667,0.8858333,0.9741667,0.45416668,0.61333334,0.6541667,0.85583335,0.8625,0.535,0.52666664,0.84000003,0.96250004,0.91833335,0.92333335,0.83000004,0.63250005,0.5266667,0.71000004,0.6983333,0.85333335,0.5808333,0.92833334,0.49166667,0.495,0.9041667,0.43583333,0.9191667,0.33916667,0.47833338,0.21083334,0.31833336,0.17000002,0.205,0.64500004,0.185,0.5058333,0.22583333,0.29583335,0.29250002,0.1925,0.44166666,0.46,0.31833336,0.6958333,0.6958333,0.65083337,0.47333336,0.2175,0.13250001,0.50166667,0.495,0.49833333,0.33583334,0.3516667,0.99,0.65,0.7975001,0.90416664,0.8641667,0.58750004,0.9175,0.8366667,0.5175,0.83833337,0.9533333,0.5708333,0.68583333,0.5916667,0.13333333,0.5025,0.8725,0.59333336,0.36375004,0.2075,0.61083335,0.7316667,0.5966667,0.69666666,0.37666667,0.32916668,0.3166667,0.5208333,0.74083334,0.68583333,0.48416665,0.82250005,0.8808333,0.51666665,0.2675,0.8575,0.9433333,0.235,0.5375,0.545,0.2625,0.20333335,0.10250001,0.79916674,0.31,0.48666668,0.35666668,0.6566667,0.6058333,0.8941667,0.40833333,0.5283333,0.7325,0.6241667,0.65333337,0.9658333,0.5683333,0.90166664,0.6725,0.27833334,0.53333336,0.82000005,0.35000002,0.55583334,0.42833334,0.4816667,0.7933334,0.6208334,0.51416665,0.865,0.3025,0.40833336,0.6816667,0.84833336,0.1825,0.6116667,0.60833335,0.59333336,0.37333336,0.4525,0.23416667,0.36083335,0.80333334,0.45583338,0.5766667,0.65500003,0.49833333,0.6,0.47333333,0.20833334,0.75333333,0.54583335,0.42166668,0.2733333,0.3241667,0.5875,0.7975,0.815,0.7416667,0.37750003,0.885,0.5083334,0.52000004,0.59916663,0.7991667,0.41916668,0.39583334,0.4616667,0.63250005,0.46916667,0.29000002,0.11166668,0.87416667,0.64875,0.71833336,0.5425,0.3741667,0.6575,0.5825,0.32583335,0.8975,0.35250002,0.9741667,0.6166667,0.51250005,0.46333334,0.74583334,0.56166667,0.5525,0.30916667,0.45083338,0.74833333,0.75250006,0.795,0.5654167,0.65999997,0.61583334,0.62166667,0.87333333,0.51750004,0.46416667,0.53083336,0.6566667,0.28166667,0.3516667,0.83250004,0.5375,0.43416667,0.555,0.7541667,0.4966667,0.41750002,0.8525,0.30083334,0.99583334,0.7716667,0.7641667,0.7458334,0.34750003,0.6933333,0.3025,0.505,0.7008333,0.94416666,0.5975,0.62916666,0.80875003,0.7975,0.38750002,0.68,0.39833334,0.8233334,0.41333336,0.32166666,0.65500003,0.30916667,0.44916666,0.6316667,0.92
BC2026_Train_0013_S13_20220217_233000_45,0.37083334,0.66,0.9825,0.9325,0.5208333,0.71583337,0.7083334,0.9483334,0.74750006,0.5233334,0.60083336,0.98,0.935,0.94666666,0.91583335,0.7633333,0.78,0.41750002,0.8575,0.7591667,0.85333335,0.6675,0.9466667,0.7066667,0.5208334,0.9525,0.52166665,0.9666667,0.4583333,0.58,0.21583334,0.42916667,0.26833335,0.34083337,0.765,0.28083336,0.4975,0.22333333,0.33333334,0.375,0.28333333,0.45083332,0.5391667,0.37083337,0.75250006,0.7691667,0.6891667,0.6075,0.31666666,0.2275,0.59749997,0.6008333,0.60749996,0.3816667,0.46166667,0.99916667,0.68916667,0.67,0.9741667,0.78166676,0.57750005,0.9458334,0.855,0.4825,0.74083334,0.985,0.5816667,0.7825,0.6791667,0.24416667,0.54083335,0.75250006,0.4925,0.35500002,0.39499998,0.59916663,0.9608333,0.6616667,0.5683333,0.35583335,0.54833335,0.45083338,0.555,0.8966667,0.7266667,0.6466667,0.645,0.8275,0.37916666,0.31416667,0.8325,0.9925,0.21000001,0.56166667,0.6791667,0.41083333,0.31583333,0.15916666,0.60833335,0.23583335,0.4625,0.45083332,0.7366667,0.67083335,0.94916666,0.36333337,0.38916665,0.845,0.5358333,0.6641667,0.85,0.5325,0.95,0.5283333,0.2675,0.5783333,0.86083335,0.33833334,0.61333334,0.67333335,0.65666664,0.87916666,0.6641667,0.51625,0.91583335,0.3166667,0.365,0.66083336,0.9525,0.22333333,0.87750006,0.5083333,0.68833333,0.39333335,0.8,0.42249998,0.3491667,0.9575,0.4604167,0.6725,0.62666667,0.39333335,0.5283333,0.4066667,0.5675,0.8691667,0.5825,0.48083335,0.30583334,0.62,0.7766667,0.695,0.77500004,0.6275,0.46291667,0.915,0.4875,0.445,0.5675,0.96000004,0.42166668,0.32583335,0.45666668,0.67,0.5766667,0.375,0.1425,0.5675,0.61583334,0.8283334,0.44583336,0.39583334,0.6575,0.5733333,0.19666669,0.89166665,0.23833334,0.83916664,0.5875,0.7966666,0.5516667,0.9708333,0.55583334,0.49833336,0.3525,0.43666667,0.71500003,0.84083337,0.8566666,0.60583335,0.74750006,0.66083336,0.49833333,0.71750003,0.5266667,0.38750002,0.4729167,0.6741667,0.26166666,0.45833334,0.71500003,0.49166667,0.5166667,0.59583336,0.6641666,0.36333334,0.33583334,0.9483333,0.2891667,0.94166666,0.6483334,0.59833336,0.8225,0.375,0.65,0.35333332,0.44583333,0.87083334,0.7983334,0.7041667,0.60833335,0.7058334,0.90416664,0.30666667,0.53083336,0.4325,0.74333334,0.48,0.395,0.7291667,0.335,0.44,0.72083336,0.97583336
BC2026_Train_0013_S13_20220217_233000_50,0.29916668,0.65749997,0.93833333,0.93833333,0.44166666,0.6466667,0.6275,0.84916663,0.59083337,0.53583336,0.65999997,0.93,0.89916664,0.88916665,0.8391667,0.7733334,0.6383333,0.45583338,0.71250004,0.69083333,0.81,0.76000005,0.92333335,0.765,0.58,0.8833333,0.55333334,0.96583337,0.42666665,0.6358333,0.18916667,0.41250002,0.26250002,0.29666665,0.7391667,0.29583332,0.5025,0.21249999,0.26749998,0.355,0.295,0.4225,0.55,0.35250002,0.76250005,0.78041667,0.6991667,0.62083334,0.27083334,0.1975,0.59,0.59666663,0.58666664,0.40833333,0.46416667,0.9608333,0.615,0.50666666,0.9391667,0.62,0.59250003,0.9125,0.82500005,0.425,0.6458334,0.96166664,0.5466667,0.7308334,0.5325,0.20083334,0.59833336,0.6075,0.55583334,0.36416668,0.41333333,0.59000003,0.99583334,0.7491667,0.6383333,0.31,0.35333335,0.63666666,0.62666667,0.79,0.69750005,0.7225,0.8516667,0.8833333,0.4325,0.38250002,0.77583337,0.9525,0.15416667,0.54333335,0.49083334,0.31500003,0.27583334,0.24916668,0.86833334,0.26583332,0.46916667,0.44625,0.74250007,0.67,0.94,0.48083335,0.39499998,0.8166667,0.68666667,0.6458334,0.9266667,0.5391667,0.965,0.5333333,0.2525,0.65250003,0.96666664,0.275,0.8808333,0.7341667,0.58,0.8666667,0.7066667,0.58416665,0.88,0.37583336,0.30833334,0.6641667,0.99583334,0.18833333,0.77750003,0.56083333,0.625,0.62,0.94750005,0.30083334,0.28416666,0.95166665,0.50166667,0.5333333,0.5916667,0.435,0.56,0.44500002,0.4025,0.81583333,0.66,0.5733333,0.32833335,0.46,0.85333335,0.6475,0.8258334,0.6525,0.78375,0.94166666,0.56083333,0.5475,0.5366667,0.82416666,0.4475,0.38166666,0.44583333,0.86583334,0.8391667,0.22500001,0.13083333,0.4825,0.63875,0.8191667,0.59,0.47,0.68000007,0.62666667,0.24208334,0.8558333,0.24083334,0.7125,0.65333337,0.675,0.71500003,1.0,0.62833333,0.55583334,0.4725,0.4516667,0.84333336,0.89666665,0.7091667,0.5466667,0.8425,0.685,0.6025,0.81666666,0.69916666,0.46083334,0.6691667,0.68083334,0.285,0.31916666,0.74333334,0.52416664,0.34166667,0.7408334,0.7583333,0.43833333,0.46333334,0.87916666,0.29333332,0.9583333,0.675,0.5783334,0.8541667,0.45666665,0.5733334,0.36083335,0.56666666,0.68250006,0.8008334,0.5758334,0.6358334,0.79916674,0.8566667,0.3216667,0.4325,0.50416666,0.83250004,0.38083333,0.42666668,0.80166674,0.32500002,0.48,0.7191667,0.95
BC2026_Train_0013_S13_20220217_233000_55,0.5,0.69000006,0.97083336,0.91083336,0.6375,0.87166667,0.7525,0.9275,0.7083334,0.54833335,0.59833336,0.9725,0.90666664,0.9425,0.95916665,0.8825,0.7091667,0.6575,0.80583334,0.755,0.855,0.8083334,0.9691667,0.6979167,0.8183333,0.96166664,0.6333333,0.9791667,0.68333334,0.7641667,0.32583332,0.58416665,0.38333336,0.33166665,0.7708333,0.3941667,0.5441667,0.24583335,0.5375,0.38416666,0.315,0.545,0.56166667,0.48333335,0.77500004,0.77500004,0.68750006,0.67166674,0.3958333,0.24166666,0.60833335,0.61083335,0.6116667,0.56333333,0.46666667,0.965,0.59250003,0.54,0.9458334,0.7925,0.55833334,0.93583333,0.83250004,0.5058333,0.7366667,0.95416665,0.61083335,0.8366667,0.74000007,0.4975,0.69666666,0.8183334,0.61833334,0.48750004,0.41583335,0.6541667,0.97833335,0.74916667,0.5975,0.48,0.5166667,0.56333333,0.65083337,0.8591667,0.85833335,0.7741667,0.8591667,0.9533333,0.62,0.505,0.8516667,0.9816667,0.4375,0.6333333,0.77000004,0.5416667,0.3975,0.27,0.9916667,0.56416667,0.53249997,0.62166667,0.75916666,0.67833334,0.92333335,0.5325,0.5875,0.9,0.7083334,0.7033334,0.92833334,0.7091667,0.9025,0.5241667,0.45333332,0.65833336,0.91833335,0.46916664,0.73583335,0.65833336,0.6958333,0.8908334,0.6675,0.65833336,0.92583334,0.48750004,0.62833333,0.8233334,0.9766667,0.28916666,0.8745833,0.7900001,0.7325,0.8108334,0.87166667,0.6308334,0.45749998,0.9250001,0.64250004,0.5491667,0.61333334,0.59833336,0.6075,0.5675,0.69083333,0.8558333,0.6458334,0.555,0.34083337,0.7683334,0.7833333,0.80166674,0.85833335,0.82250005,0.8841667,0.9375,0.5775,0.6825,0.67,0.9091667,0.5391667,0.63166666,0.59333336,0.7283334,0.71000004,0.48166668,0.285,0.66,0.65166664,0.85749996,0.6325,0.75166667,0.6675,0.5841667,0.3925,0.8833333,0.49916667,0.83500004,0.65333337,0.8316667,0.6225,0.9766667,0.69083333,0.6108333,0.645,0.51500005,0.80500007,0.87916666,0.83166665,0.59583336,0.7766667,0.5983333,0.8616667,0.97083336,0.6791667,0.59000003,0.6591667,0.6725,0.36416668,0.5325,0.8191667,0.6666667,0.68583333,0.7891667,0.9125,0.5858334,0.82500005,0.9525,0.395,0.99666667,0.80083334,0.6333333,0.7966667,0.6191667,0.5866667,0.38583335,0.50166667,0.7733334,0.8925,0.8258333,0.69416666,0.765,0.9166667,0.48833337,0.6741667,0.52666664,0.88166666,0.5416667,0.6041667,0.86333334,0.47416666,0.685,0.8466667,0.91083336
BC2026_Train_0013_S13_20220217_233000_60,0.4641667,0.68416667,0.96416664,0.905,0.6458333,0.83,0.7866667,0.90500003,0.8133334,0.59833336,0.6691667,0.9633333,0.92583334,0.955,0.9741667,0.87749994,0.685,0.6575,0.9075,0.83166665,0.9141667,0.87583333,0.9458334,0.79583335,0.76,0.91833335,0.5925,0.96750003,0.475,0.6933334,0.3891667,0.5325,0.605,0.545,0.765,0.41750002,0.6066667,0.27166668,0.6691667,0.435,0.49750003,0.6925,0.59083337,0.435,0.8041667,0.8041667,0.71000004,0.6858334,0.42083332,0.2616667,0.5966667,0.5991667,0.60583335,0.7741667,0.48666668,0.89666665,0.6325,0.5308333,0.88666666,0.77833337,0.5808333,0.92499995,0.8441667,0.53833336,0.795,0.90416664,0.6625,0.7741667,0.6433334,0.5191667,0.7966667,0.8475,0.7483334,0.5975,0.45999998,0.68,0.98583335,0.84333336,0.65375006,0.6316667,0.6866667,0.6716667,0.7475,0.84916663,0.82,0.87833333,0.8675,0.8925,0.7441667,0.58166665,0.8633333,0.94916666,0.65833336,0.6816667,0.6866667,0.66833335,0.71500003,0.38083333,0.9158333,0.6566667,0.6458333,0.73833334,0.8125,0.6983333,0.8416667,0.6716667,0.63166666,0.8175,0.6983334,0.7875,0.90749997,0.7058333,0.9175,0.6166667,0.54083335,0.72083336,0.90416664,0.4941667,0.77750003,0.7716667,0.6833334,0.96333337,0.7558334,0.7391667,0.90083337,0.7791667,0.8275,0.85833335,0.99333334,0.33833334,0.8491667,0.8691667,0.7608333,0.7166667,0.8416667,0.7475,0.5233334,0.96833336,0.7583333,0.5758334,0.76416665,0.5391667,0.7266667,0.62166667,0.6,0.87750006,0.73666674,0.72416675,0.46416664,0.8408333,0.8616667,0.89,0.8991667,0.8516667,0.85333335,0.95666665,0.6858334,0.7275,0.68916667,0.8425,0.59166664,0.8266667,0.6691667,0.88916665,0.85583335,0.44916666,0.3775,0.71833336,0.78416663,0.9216667,0.685,0.8283334,0.7041667,0.6125,0.67041665,0.89666665,0.75416666,0.7508334,0.7116667,0.8475,0.8208333,0.95916665,0.72333336,0.65000004,0.6425,0.56416667,0.8341667,0.9508333,0.8216667,0.5975,0.85333335,0.72833335,0.9508333,0.9166667,0.7708334,0.7625,0.7350001,0.69916666,0.62,0.5858334,0.795,0.785,0.6641667,0.80083334,0.9433333,0.7591667,0.68666667,0.9275,0.43916667,0.97583336,0.86583334,0.6841667,0.86,0.6775,0.54833335,0.3766667,0.6375,0.79,0.8883333,0.915,0.7841667,0.7941667,0.9366667,0.69,0.74083334,0.5725,0.9,0.49000004,0.7641667,0.93583333,0.5925,0.7358334,0.845,0.955
BC2026_Train_0014_S13_20220228_214500_5,0.16666667,0.15500002,0.6325,0.5175,0.98333335,0.9216667,0.7783334,0.6416667,0.96,0.16083334,0.53333336,0.56333333,0.93625003,0.1625,0.9433333,1.0,0.9458333,0.49333334,0.72083336,0.90500003,0.935,0.6425,0.74,0.31666666,0.92333335,0.7083334,0.69083333,0.23833334,0.66,0.64,0.07666667,0.6691667,0.07416667,0.08916667,0.26416665,0.40833333,0.31958333,0.026666667,0.11916667,0.08083334,0.075,0.054166667,0.295,0.66333336,0.096666664,0.07666667,0.09583333,0.24833333,0.07083334,0.050833333,0.18583333,0.31625003,0.3,0.18,0.10083334,0.60833335,0.37833333,0.585,0.4675,0.84833336,0.55083334,0.8108334,0.96416664,0.92583334,0.7091667,0.34250003,0.29833335,0.7141667,0.29166666,0.6166667,0.5475,0.91083336,0.60833335,0.99666667,0.155,0.56416667,0.7733334,0.46916667,0.6383333,0.48000002,0.5866667,0.8070833,0.5291667,0.6116667,0.89166665,0.35083333,0.93666667,1.0,0.8708334,0.9616667,0.9166667,0.34750003,0.6716666,0.3008333,0.80083334,0.67,0.45083335,0.031666666,0.8491667,0.44333333,0.32083336,0.69500005,0.56416667,0.33,0.14916667,0.75000006,0.5425,0.54833335,0.92083335,0.3825,0.83166665,0.65500003,0.8833333,0.8258334,0.94,0.38916665,0.6741667,0.35916668,0.81750005,0.40083334,0.20916666,0.41916665,0.53833336,0.69625,0.645,0.66333336,0.35250002,0.9375,0.735,0.34083334,0.24583334,0.9866667,0.18083334,0.66583335,0.7733333,0.84833336,0.3366667,0.455,0.96750003,0.064166665,0.95,0.20916668,0.94916666,0.82166666,0.028333334,0.8875,0.48000002,0.30666667,0.13666666,0.5525,0.725,0.5116667,0.67833334,0.5233334,0.5375,0.53083336,0.45666668,0.6666666,0.66583335,0.5325,0.19333333,0.97833335,0.7991667,0.47750002,0.75916666,0.5058334,0.16333334,0.5083333,0.64416665,0.50916666,0.44833332,0.53083336,0.49833333,0.3375,0.6091667,0.4766667,0.9283333,0.9291667,0.54583335,0.20083334,0.4583333,0.42416668,0.8691667,0.5375,0.3775,0.56666666,0.2675,0.8941667,0.62333333,0.47333336,0.9316667,0.50333333,0.5316667,0.38833335,0.66333336,0.71333337,0.6,0.57416666,0.7741667,0.38833332,0.47000003,0.8333334,0.48333335,0.70916665,0.6741667,0.5491667,0.11333333,0.37,0.89,0.4791667,0.41166666,0.37916666,0.47083333,0.9766667,0.36583334,0.23416668,0.625,0.73583335,0.8308334,0.22916667,0.51000005,0.225,0.85333335,0.81916666,0.73333335,0.41083336,0.74333334,0.50333333,0.67083335,0.52166665,0.9458333,0.89166665,0.8925,0.47166663
BC2026_Train_0014_S13_20220228_214500_10,0.17083333,0.15166667,0.6616667,0.48083335,1.0,0.9266666,0.8066667,0.725,0.95666665,0.11333334,0.50250006,0.6725,0.9241667,0.2375,0.7708334,0.99583334,0.99,0.6191667,0.6754167,0.96833336,0.98,0.73833334,0.81333333,0.21583334,0.88166666,0.8541667,0.62,0.37,0.82916665,0.6625,0.087500006,0.6716667,0.06583333,0.09166667,0.17916667,0.5108333,0.22166668,0.015000001,0.14333335,0.12916666,0.0425,0.0775,0.24916667,0.78249997,0.08416667,0.06416667,0.06666667,0.19916667,0.085,0.045,0.21833333,0.3325,0.31916666,0.14083333,0.11000001,0.67833334,0.4066667,0.625,0.62416667,0.90833336,0.5391667,0.8666667,0.9575,0.94916666,0.73583335,0.3475,0.34333333,0.55916667,0.29666665,0.5941667,0.6458334,0.895,0.43333334,0.9508333,0.16,0.49083334,0.7891667,0.43833333,0.7075,0.5233333,0.55916667,0.7883333,0.45666665,0.75166667,0.8075,0.41583332,0.53166664,0.9683333,0.79833335,0.93666667,0.9175,0.31583336,0.5075,0.225,0.8508333,0.7733333,0.48833334,0.0175,0.67833334,0.34083337,0.30666667,0.5075,0.5275,0.34500003,0.19083333,0.55583334,0.5241667,0.6975,0.7666667,0.3925,0.62083334,0.5975,0.88166666,0.80250007,0.93916667,0.3541667,0.7291667,0.4375,0.93916667,0.35000002,0.19166666,0.25416666,0.5383333,0.5891667,0.7825,0.62583333,0.46416667,0.96250004,0.71333337,0.38166666,0.2916667,0.9433333,0.18083334,0.56583333,0.68000007,0.8975,0.42416668,0.35083333,0.8691667,0.17583333,0.68833333,0.17,0.93,0.7216667,0.030000003,0.84916663,0.45833334,0.29666668,0.083333336,0.60833335,0.7241667,0.3966667,0.58166665,0.47083336,0.5370833,0.4791667,0.41416666,0.7325001,0.655,0.64666665,0.12583333,0.97333336,0.67583334,0.42833334,0.6166667,0.315,0.21916667,0.545,0.64916664,0.42083332,0.3341667,0.6716667,0.48916668,0.24333332,0.51166666,0.49916667,0.91166663,0.94083333,0.5083333,0.25416666,0.41750002,0.4675,0.85749996,0.4691667,0.445,0.46000004,0.37833336,0.8208334,0.7033334,0.405,0.90749997,0.4683333,0.6383334,0.36166668,0.59000003,0.69250005,0.5675,0.5766667,0.71250004,0.4625,0.42416668,0.79249996,0.46916667,0.56000006,0.6466667,0.57250005,0.18500002,0.45083338,0.92833334,0.4216667,0.305,0.26500002,0.51166666,0.96916664,0.37416667,0.16416667,0.48583335,0.69166666,0.7091667,0.32666665,0.4883333,0.20083334,0.9225,0.72333336,0.80750006,0.35250002,0.78249997,0.5425,0.6625,0.52,0.6866667,0.77,0.78833336,0.4125
BC2026_Train_0014_S13_20220228_214500_15,0.1825,0.120000005,0.65166664,0.40666667,0.9875,0.77666664,0.7958334,0.72,0.98375005,0.101666674,0.46833333,0.5475,0.98,0.19583336,0.44666666,0.9675,0.98875004,0.6458334,0.705,0.95,0.9608333,0.73583335,0.76750004,0.17833334,0.69750005,0.8316667,0.55583334,0.23083335,0.45583335,0.5366667,0.057500005,0.5975,0.055833336,0.06333333,0.18083334,0.38083333,0.17583334,0.009166667,0.09,0.085,0.02666667,0.059166666,0.20416667,0.5741667,0.07083334,0.040833335,0.056666672,0.18666665,0.053333335,0.038333334,0.21166667,0.31666666,0.30916667,0.1275,0.0825,0.6125,0.40333337,0.6591667,0.4091667,0.94,0.49416667,0.85083336,0.9816667,0.95916665,0.66,0.22583333,0.34166667,0.18916668,0.20083332,0.23333333,0.54583335,0.9266667,0.40583336,0.725,0.09666667,0.37750003,0.6925,0.44083333,0.845,0.44083336,0.51666665,0.7575,0.37666667,0.68333334,0.7566667,0.30666667,0.6358333,0.91833335,0.4991667,0.96666664,0.92583334,0.27083334,0.27333334,0.22833334,0.78666663,0.6125,0.38333333,0.015833335,0.78083336,0.29166666,0.27583334,0.48833337,0.38833332,0.36166668,0.123333335,0.49833333,0.48000002,0.5491667,0.8433333,0.43416667,0.63500005,0.38583332,0.9516667,0.7708334,0.93833333,0.40333334,0.53583336,0.38833335,0.82250005,0.34083337,0.15416667,0.13916667,0.5341667,0.6383333,0.51,0.52833337,0.23166668,0.8191667,0.80583334,0.4075,0.17750001,0.97166663,0.13333333,0.5783333,0.75166667,0.93750006,0.44750002,0.35666668,0.6491667,0.10916667,0.6166667,0.14916667,0.955,0.59000003,0.009166667,0.87833333,0.4375,0.27583334,0.033333335,0.38916668,0.6575,0.39833334,0.5883333,0.31083333,0.365,0.42416668,0.4166667,0.6741667,0.5875,0.60333335,0.07000001,0.9691667,0.5025,0.52750003,0.46000004,0.20916668,0.120000005,0.5833334,0.68083334,0.22333333,0.22583336,0.6308333,0.47083336,0.31,0.51916665,0.32666668,0.9041667,0.98333335,0.5,0.17916667,0.42083332,0.41916665,0.80833334,0.4425,0.34416667,0.32416666,0.27833334,0.7825,0.6416667,0.34083337,0.90166664,0.42916667,0.68916667,0.35916668,0.59833336,0.62416667,0.49583334,0.615,0.55916667,0.43583333,0.4275,0.7141667,0.46083334,0.465,0.7058334,0.45,0.09833333,0.26666668,0.8933333,0.3225,0.2775,0.3791667,0.48416665,0.9458333,0.38583332,0.13083333,0.3991667,0.53875,0.8466667,0.17833334,0.47,0.1475,0.8908333,0.5966667,0.7466667,0.26583335,0.725,0.44416666,0.63166666,0.5641667,0.445,0.71916664,0.6191667,0.43333334
BC2026_Train_0014_S13_20220228_214500_20,0.27083334,0.18416667,0.7,0.45166668,0.9916667,0.8458333,0.8616667,0.805,0.995,0.15,0.4475,0.5766667,1.0,0.47916666,0.7558334,0.96208334,0.9820834,0.87250006,0.6383333,0.96333337,0.97,0.6166667,0.75916666,0.36416668,0.62833333,0.8775,0.605,0.3725,0.42333332,0.53083336,0.17916666,0.65833336,0.056666672,0.07416667,0.3466667,0.35375,0.23,0.047500003,0.15833333,0.08166667,0.06333334,0.12416667,0.37583336,0.5708333,0.10166666,0.08166666,0.10583333,0.25,0.16083334,0.09833334,0.43333334,0.48416665,0.4775,0.17750001,0.15083334,0.8416667,0.43750003,0.6041667,0.42249998,0.97833335,0.5775,0.945,0.99583334,0.92,0.71833336,0.26,0.44083336,0.345,0.25000003,0.375,0.6141667,0.97,0.54333335,0.87916666,0.045,0.34583333,0.71500003,0.42666668,0.8491667,0.3466667,0.7041667,0.8,0.40083334,0.5566667,0.94416666,0.28750002,0.9325,0.9425,0.56416667,0.9433334,0.9633333,0.3175,0.40500003,0.21416667,0.815,0.50333333,0.47916666,0.0275,0.9166666,0.4741667,0.34833333,0.6775,0.37,0.35583335,0.14083333,0.66583335,0.50083333,0.65250003,0.9241667,0.40416667,0.7425,0.34166667,0.9775,0.60583335,0.93583333,0.53000003,0.5708333,0.42833334,0.74083334,0.50416666,0.17833334,0.1925,0.5441667,0.53333336,0.39416665,0.5133333,0.19500001,0.51166666,0.7541667,0.41166666,0.19416666,0.99583334,0.11,0.62416667,0.78749996,0.9558334,0.33166665,0.80666673,0.7733334,0.12666668,0.7641667,0.28916666,0.925,0.7033334,0.08083334,0.91499996,0.3325,0.32583335,0.060833335,0.49166664,0.6583333,0.53083336,0.7766667,0.42833334,0.36083335,0.4616667,0.3725,0.6466667,0.665,0.6358334,0.1825,0.93,0.42416668,0.46666664,0.535,0.20916666,0.08583333,0.5758333,0.6308333,0.25666666,0.27416667,0.5775,0.46333337,0.49583334,0.50666666,0.305,0.875,0.97833335,0.45916668,0.20583335,0.32750002,0.45749998,0.84000003,0.57000005,0.31583333,0.38166666,0.4325,0.9191667,0.68833333,0.54,0.8441667,0.4875,0.8725,0.60333335,0.495,0.5216667,0.53999996,0.54583335,0.42999998,0.3516667,0.5625,0.8066667,0.8258333,0.555,0.56083333,0.45125005,0.17916667,0.24416667,0.89166665,0.4441667,0.45,0.52583337,0.6308334,0.87333333,0.4025,0.12166667,0.40000004,0.51666665,0.7916667,0.21666667,0.5166667,0.17750001,0.96166664,0.7108334,0.83750004,0.2575,0.7091667,0.40666667,0.7966666,0.69250005,0.53166664,0.7583333,0.73333335,0.375
BC2026_Train_0014_S13_20220228_214500_25,0.23666666,0.20833333,0.75,0.5691667,0.9791667,0.9225,0.85749996,0.7375,1.0,0.27833334,0.5391667,0.6408334,0.9925,0.45,0.8775,0.9825,0.9725,0.75458336,0.55833334,0.9066667,0.94666666,0.62416667,0.6741667,0.40083334,0.725,0.86833334,0.605,0.28166667,0.7508334,0.5916667,0.25916666,0.7983333,0.0825,0.105000004,0.39666668,0.52,0.24750002,0.079166666,0.17916667,0.17666668,0.112500004,0.11833333,0.45083332,0.74833333,0.18916667,0.12583333,0.15166667,0.25416666,0.17000002,0.11666667,0.44,0.49666667,0.5133334,0.23750001,0.30666667,0.8000001,0.4675,0.59,0.42333335,0.9525,0.6041667,0.89916664,0.98,0.965,0.6716667,0.2725,0.4575,0.56,0.27166668,0.66499996,0.7583334,0.9825,0.6991667,0.97249997,0.10333333,0.485,0.6975,0.46166664,0.7225,0.48916665,0.90833336,0.8425,0.5475,0.59583336,0.9733333,0.30916667,0.8741667,0.9775,0.8433333,0.8458333,0.9583333,0.42083335,0.57500005,0.28166667,0.8375,0.56416667,0.74833333,0.040000003,0.8741666,0.60333335,0.35666668,0.70000005,0.5133333,0.32083336,0.07416667,0.76250005,0.59000003,0.595,0.93833333,0.35083336,0.8566666,0.495,0.9533334,0.6825,0.9033333,0.49333337,0.55,0.39333335,0.60833335,0.7025,0.123333335,0.33166668,0.5141667,0.64500004,0.68000007,0.6433333,0.32500002,0.89916664,0.77583337,0.36083335,0.21000001,0.99,0.135,0.65583336,0.74083334,0.88666666,0.28833333,0.81916666,0.87583333,0.13333334,0.82750005,0.24166667,0.94666666,0.84833336,0.065000005,0.85333335,0.44166666,0.3775,0.09666667,0.42583334,0.52416664,0.68,0.8875,0.5083333,0.80666673,0.5133333,0.46583334,0.56583333,0.70416665,0.545,0.24416667,0.94,0.48666668,0.4925,0.6516667,0.3675,0.08,0.59583336,0.62,0.42083335,0.3958333,0.56333333,0.38833335,0.45416668,0.58750004,0.44416666,0.835,0.93583333,0.59333336,0.23083332,0.4125,0.46416664,0.79083335,0.78749996,0.35666668,0.43416667,0.48666668,0.9741667,0.77250004,0.4466667,0.9166667,0.6475,0.79999995,0.7666667,0.5058333,0.5441667,0.7166667,0.5541667,0.49500003,0.37,0.55833334,0.7425,0.64500004,0.70000005,0.48333335,0.37083334,0.2575,0.31666666,0.87,0.56083333,0.3516667,0.5341667,0.48666668,0.8416667,0.4225,0.1425,0.55083334,0.48416665,0.80583334,0.4075,0.5041667,0.22333333,0.9058333,0.6791667,0.895,0.35166666,0.7775,0.37916666,0.7966666,0.67750007,0.66083336,0.85,0.85833335,0.4641667
BC2026_Train_0014_S13_20220228_214500_30,0.22333333,0.20333332,0.67833334,0.5866667,0.97083336,0.7783333,0.81333333,0.76,0.9925,0.20916668,0.495,0.48916668,0.9683333,0.3375,0.6741667,0.97083336,0.99,0.5191667,0.5125,0.91083336,0.92333335,0.60249996,0.7633334,0.3866667,0.63250005,0.8495833,0.49583334,0.22,0.79833335,0.58750004,0.15333334,0.755,0.112500004,0.094166666,0.26333332,0.48666665,0.285,0.06583334,0.16583334,0.10666667,0.095,0.1225,0.32750002,0.8325,0.12333334,0.1,0.13000001,0.29500002,0.13833334,0.055833332,0.29166666,0.3625,0.38916668,0.23416668,0.20250002,0.53333336,0.38666666,0.62916666,0.4525,0.79416674,0.41333336,0.91249996,0.98833334,0.9583333,0.63,0.3366667,0.4966667,0.495,0.16333333,0.45333332,0.47666666,0.96750003,0.43,0.795,0.06916667,0.5158333,0.5883333,0.405,0.6116667,0.34166667,0.9791667,0.75708336,0.3958333,0.6641667,0.89916664,0.35083336,0.92333335,0.96999997,0.7008333,0.805,0.97249997,0.31583333,0.5525,0.24583332,0.795,0.47083336,0.7083333,0.041666668,0.85833335,0.43166667,0.31416667,0.39416665,0.40583333,0.3516667,0.13416667,0.5958333,0.6591667,0.50083333,0.84,0.3166667,0.6591667,0.34583333,0.9766667,0.8216667,0.8983333,0.43833333,0.33,0.35500002,0.41500002,0.50916666,0.105,0.21833333,0.4075,0.58500004,0.7658334,0.5816667,0.375,0.9075,0.5675,0.38833335,0.17833334,0.93833333,0.16333334,0.4841667,0.5575,0.9508334,0.29916668,0.43833333,0.6958334,0.18416667,0.9325,0.1975,0.9291667,0.6016667,0.014166668,0.89500004,0.39333335,0.26333335,0.087500006,0.39833334,0.42833334,0.54833335,0.88666666,0.41916668,0.89750004,0.40583333,0.325,0.4225,0.69916666,0.49916667,0.23250002,0.9741667,0.28666666,0.28583336,0.5758334,0.3116667,0.03666667,0.5808333,0.5933333,0.31000003,0.3125,0.505,0.41083333,0.30583334,0.6025,0.40416667,0.90000004,0.93,0.5675,0.2025,0.40666667,0.38416666,0.76500005,0.5916667,0.23083335,0.4091667,0.285,0.95250005,0.86583334,0.29833335,0.9108333,0.53666663,0.5491667,0.6141667,0.3925,0.5133334,0.84416664,0.4725,0.43416667,0.3191667,0.47166666,0.6933334,0.44250003,0.62916666,0.45041665,0.2916667,0.22666666,0.2866667,0.7925,0.4791667,0.26916668,0.56416667,0.4366667,0.865,0.46416664,0.15333334,0.42666668,0.45583335,0.60583335,0.43083334,0.43916667,0.13916667,0.93,0.5375,0.90916663,0.31,0.5575,0.33583334,0.72416675,0.6308334,0.4675,0.78333336,0.7291667,0.4941667
BC2026_Train_0014_S13_20220228_214500_35,0.26666665,0.21083333,0.6408333,0.5808333,0.9458333,0.875,0.8041667,0.8983333,0.97333336,0.21833333,0.47083336,0.445,0.9775,0.34166667,0.6408333,0.95875,0.9583333,0.6025,0.5241667,0.8675,0.92833334,0.7,0.8366667,0.3725,0.6916667,0.845,0.51416665,0.26333332,0.69666666,0.6391667,0.14666668,0.8133333,0.17,0.08083333,0.24833333,0.5425,0.3625,0.108333334,0.20916668,0.123333335,0.12916666,0.16833332,0.28416666,0.8366667,0.14458333,0.11416667,0.18750001,0.44833332,0.20750001,0.07083333,0.25666666,0.3075,0.31416667,0.26833332,0.1375,0.59583336,0.39916667,0.5733334,0.48166668,0.7900001,0.5058333,0.9741667,0.99083334,0.935,0.59583336,0.395,0.4875,0.5183334,0.24583332,0.305,0.40416667,0.9766667,0.4,0.78333336,0.05166667,0.45499998,0.57166666,0.42083335,0.51500005,0.26250002,0.9866667,0.78833336,0.32000002,0.78499997,0.92333335,0.36,0.8983334,0.9275,0.6725,0.8958334,0.99083334,0.25583333,0.7425,0.29250002,0.8175,0.56583333,0.8458333,0.07,0.83916664,0.56416667,0.38083336,0.5183334,0.38416666,0.43416667,0.16666667,0.5883333,0.8225,0.555,0.8325,0.3033333,0.42583334,0.28833333,0.8933334,0.8525,0.92083335,0.39833334,0.33,0.45833334,0.47333336,0.49250004,0.14583334,0.19666666,0.39083332,0.5691667,0.53,0.725,0.5783333,0.6766667,0.5525,0.4275,0.26333335,0.97583336,0.20166668,0.3925,0.44583333,0.9583334,0.41166666,0.4283333,0.885,0.19416669,0.9866667,0.23083332,0.96999997,0.52666664,0.03666667,0.8441667,0.375,0.21000001,0.155,0.58833337,0.51666665,0.5758333,0.9508333,0.37,0.7191667,0.41833332,0.215,0.5225,0.71000004,0.5291667,0.36166665,0.98833334,0.31833333,0.19,0.50916666,0.32833335,0.050833333,0.62916666,0.56583333,0.33083338,0.44166666,0.5083333,0.26833335,0.43416667,0.64,0.22750002,0.90833336,0.90500003,0.5908333,0.22583334,0.38,0.32083336,0.8083334,0.57250005,0.27333334,0.5708333,0.24,0.94500005,0.9716667,0.2975,0.93416667,0.55,0.5025,0.39166668,0.48333335,0.52583337,0.9175,0.37083334,0.475,0.40333334,0.42166665,0.7891666,0.515,0.68916667,0.4025,0.33166668,0.2975,0.3625,0.81000006,0.37583333,0.2575,0.6175,0.35583335,0.93083334,0.47583333,0.19416666,0.38500002,0.61583334,0.58916664,0.6625,0.435,0.13333333,0.96,0.53583336,0.93583333,0.3375,0.51,0.3416667,0.65250003,0.75416666,0.52166665,0.9225,0.8308333,0.46500003
BC2026_Train_0014_S13_20220228_214500_40,0.22416668,0.18416667,0.6191667,0.48250002,0.95,0.9491667,0.80166674,0.79083335,0.9804167,0.18333334,0.48583332,0.45000002,0.985,0.3125,0.82000005,0.98833334,0.94708335,0.75500005,0.6141667,0.93083334,0.955,0.7325,0.755,0.25916666,0.84833336,0.8033334,0.635,0.30583334,0.87416667,0.65833336,0.11416666,0.8116666,0.122499995,0.090833336,0.27249998,0.53833336,0.28333333,0.053333335,0.15833333,0.08083333,0.10583334,0.1225,0.29583335,0.765,0.11333333,0.093333334,0.15416667,0.42083332,0.14583333,0.069166675,0.21333334,0.29916668,0.32666668,0.22416666,0.16166666,0.55833334,0.39833337,0.5833334,0.3866667,0.89,0.51166666,0.9225,0.9695834,0.94375,0.59,0.30333334,0.5391667,0.7708334,0.29416668,0.5916667,0.45,0.9458333,0.445,0.9558333,0.061666667,0.49249998,0.58666664,0.36583334,0.48250002,0.42166668,0.96583337,0.7375,0.42416668,0.77166665,0.93833333,0.2866667,0.555,0.9166667,0.7241667,0.8541667,0.96750003,0.35833335,0.6716667,0.25500003,0.7975,0.6775,0.62500006,0.075833336,0.7533334,0.3625,0.32333332,0.63666666,0.4475,0.39999998,0.15833333,0.55583334,0.6116667,0.5241667,0.7408334,0.31583336,0.50000006,0.45333332,0.9166667,0.85833335,0.9166667,0.35083336,0.3825,0.43666667,0.4716667,0.38916665,0.12916668,0.25333333,0.39666668,0.52750003,0.6016666,0.555,0.48916668,0.92083335,0.535,0.40333334,0.22583333,0.93083334,0.16666667,0.38916665,0.43666667,0.91499996,0.38166666,0.62666667,0.9875,0.1075,0.88416666,0.35000002,0.93,0.68083334,0.039166667,0.91583335,0.27916667,0.2125,0.13916668,0.61333334,0.49000004,0.37666667,0.7741667,0.32916668,0.6458334,0.47333336,0.30166668,0.52000004,0.6791667,0.52,0.26666665,0.9375,0.56333333,0.095,0.44833332,0.2975,0.11416666,0.5675,0.57,0.46249998,0.4725,0.46833336,0.27333334,0.28916666,0.5,0.27916667,0.81916666,0.95916665,0.49916667,0.2825,0.30166668,0.38333333,0.7225,0.41833335,0.30583334,0.48333335,0.16499999,0.85833335,0.8041667,0.33333334,0.8591667,0.4729167,0.44583333,0.485,0.48458335,0.5695833,0.83916664,0.42333335,0.7216667,0.42458332,0.42916664,0.72583336,0.50916666,0.61583334,0.45166668,0.35833335,0.18583333,0.39916667,0.82000005,0.46666667,0.27249998,0.40666667,0.39583334,0.8833333,0.46333334,0.17500001,0.4775,0.6425,0.66,0.43,0.40249997,0.16000001,0.925,0.6916667,0.82916665,0.33083335,0.55583334,0.4275,0.6308333,0.5108333,0.74,0.77750003,0.8258334,0.35083336
BC2026_Train_0014_S13_20220228_214500_45,0.32583335,0.26416665,0.68583333,0.53,0.94166666,0.9325,0.85333335,0.84916663,0.9608333,0.1375,0.52583337,0.55583334,0.975,0.7541667,0.905,0.99083334,0.955,0.73,0.6191667,0.9425,0.9841667,0.5883333,0.87583333,0.39083338,0.89,0.9533333,0.6975,0.5975,0.97083336,0.6908334,0.145,0.8941667,0.094166666,0.11,0.40250003,0.7658333,0.31083333,0.054166667,0.19416668,0.07083333,0.09666667,0.15,0.40333334,0.8916667,0.14750001,0.14083333,0.155,0.385,0.16833334,0.064166665,0.32916665,0.33583334,0.42249998,0.21666667,0.16583334,0.7491667,0.41833335,0.62083334,0.67333335,0.95416665,0.62416667,0.8833333,0.955,0.92583334,0.6766667,0.4683333,0.7266667,0.785,0.36166668,0.6983334,0.6858334,0.93916667,0.57875,0.94666666,0.14500001,0.61333334,0.75333333,0.42000002,0.64250004,0.52250004,0.685,0.81333333,0.55,0.8308333,0.98833334,0.375,0.71833336,0.89500004,0.8225,0.73,0.9925,0.47333336,0.68583333,0.30166665,0.81166667,0.8025,0.54583335,0.051666666,0.86,0.35,0.3966667,0.6483333,0.77583337,0.39249998,0.36583334,0.52416664,0.53333336,0.79083335,0.8425,0.44583333,0.7266667,0.68083334,0.95916665,0.9033333,0.9141667,0.4008333,0.78,0.45333332,0.50916666,0.45999998,0.1975,0.40916666,0.51500005,0.5491667,0.8225,0.5466667,0.5075,0.97583336,0.6841667,0.3716667,0.27833334,0.94,0.17750001,0.45749998,0.5566667,0.92083335,0.4525,0.74583334,0.9216667,0.10583334,0.7083334,0.5891667,0.9608333,0.7975,0.06916667,0.95000005,0.34083334,0.28500003,0.16916667,0.6308334,0.6225,0.5375,0.82,0.56916666,0.7225,0.70500004,0.4525,0.6925,0.73916674,0.63750005,0.29916668,0.9316667,0.66083336,0.25083333,0.6325,0.46625,0.19000001,0.67,0.68833333,0.6025,0.405,0.56583333,0.4608333,0.44166666,0.60833335,0.49,0.8483333,0.9608333,0.5816667,0.39166668,0.39666668,0.5466667,0.6691667,0.4641667,0.2916667,0.5925,0.35500002,0.8666667,0.7925,0.37541667,0.8908333,0.52500004,0.49333334,0.80083334,0.68083334,0.69,0.6825,0.5766667,0.6808334,0.49000004,0.55333334,0.7083334,0.68083334,0.61833334,0.545,0.48333335,0.19833334,0.6616667,0.86583334,0.7475,0.41916665,0.5466667,0.62166667,0.8333334,0.55833334,0.24416667,0.62166667,0.6325,0.84083337,0.37583333,0.5466667,0.29500002,0.8691667,0.72,0.86083335,0.37666667,0.7925,0.45166665,0.725,0.45833337,0.7066667,0.6175,0.93583333,0.39249998
BC2026_Train_0014_S13_20220228_214500_50,0.50416666,0.33666667,0.6983333,0.52666664,0.96666664,0.90583336,0.8508333,0.9191667,0.96666664,0.135,0.48749998,0.59250003,0.9875,0.88666666,0.90666664,0.9741667,0.9820834,0.62333333,0.58,0.935,0.96,0.58166665,0.9725,0.3625,0.78916675,0.985,0.66083336,0.5541667,0.85833335,0.65000004,0.17166667,0.895,0.11416667,0.09583333,0.38583335,0.7225,0.38416666,0.097500004,0.21666667,0.16416667,0.11416668,0.19,0.37750003,0.895,0.26250002,0.23583335,0.21416666,0.42333335,0.20166665,0.10666666,0.40166667,0.4125,0.4425,0.2475,0.1725,0.72916675,0.37916666,0.5491667,0.7141667,0.93916667,0.7141667,0.95,0.96625,0.94916666,0.7366667,0.5783333,0.5358333,0.73333335,0.38666666,0.48416665,0.51916665,0.85,0.56875,0.93666667,0.08083333,0.5525,0.74666667,0.49083334,0.58416665,0.49833336,0.7425,0.7833333,0.53583336,0.8866667,0.88666666,0.4166667,0.565,0.9825,0.6675,0.8133334,0.965,0.405,0.63750005,0.32083336,0.84666663,0.8233333,0.44416666,0.064166665,0.7683334,0.30166668,0.435,0.68166673,0.64,0.4625,0.6516667,0.55,0.5241667,0.89750004,0.81083333,0.47916666,0.61583334,0.61583334,0.9316667,0.9066667,0.94916666,0.5241667,0.87166667,0.52000004,0.56666666,0.41333333,0.24583334,0.4775,0.49166667,0.6175,0.71750003,0.69500005,0.5958333,0.90583336,0.62,0.3541667,0.3075,0.9525,0.27416667,0.56083333,0.7391667,0.97833335,0.47833335,0.47000003,0.87916666,0.18916667,0.7416667,0.45250002,0.96666664,0.81333333,0.093333334,0.9608334,0.36333334,0.27583334,0.15166667,0.7141667,0.72333336,0.70916665,0.73,0.6166667,0.43166667,0.64500004,0.45250002,0.6566667,0.6958333,0.6833334,0.36166668,0.85833335,0.55833334,0.27,0.69916666,0.4141667,0.17166667,0.50083333,0.7683334,0.7241667,0.45166665,0.6433333,0.52500004,0.5733333,0.7633334,0.65333337,0.8641667,0.9691667,0.49916667,0.26416668,0.3925,0.52666664,0.7216667,0.45499998,0.39000002,0.5158333,0.44583333,0.77583337,0.7391667,0.48083335,0.93666667,0.54083335,0.6275,0.51,0.56166667,0.71833336,0.6375,0.545,0.7966667,0.52166665,0.48083335,0.82,0.68083334,0.5183334,0.47500002,0.49166667,0.16250001,0.63750005,0.84000003,0.49083334,0.5,0.37583336,0.6625,0.86583334,0.56916666,0.21916667,0.50416666,0.74500006,0.735,0.5733333,0.52250004,0.37583333,0.90416664,0.7016667,0.7691667,0.30583334,0.77166665,0.44166666,0.7741667,0.605,0.67,0.6816667,0.78583336,0.37333333
BC2026_Train_0014_S13_20220228_214500_55,0.455,0.305,0.68083334,0.5816667,0.95416665,0.95000005,0.8566667,0.8908334,0.97,0.31,0.48416668,0.60833335,0.965,0.775,0.9075,0.98,0.95916665,0.69458336,0.67083335,0.925,0.94916666,0.66833335,0.96916664,0.395,0.7791667,0.9433333,0.67,0.45,0.8466667,0.6566667,0.21083334,0.8966667,0.15833333,0.12583333,0.3075,0.68583333,0.3625,0.08083334,0.23,0.1975,0.12416667,0.21166667,0.41166666,0.8941667,0.31333333,0.25916666,0.2325,0.47333336,0.18416667,0.083333336,0.3675,0.44083333,0.45749998,0.26416665,0.26333335,0.71666664,0.38083333,0.5808333,0.5491667,0.9216667,0.7691667,0.955,0.97583336,0.9083333,0.66083336,0.6075,0.5108334,0.7458334,0.36666667,0.60583335,0.49666667,0.9,0.57500005,0.9508333,0.119166665,0.53833336,0.71500003,0.55333334,0.5725,0.5725,0.77500004,0.8183333,0.4975,0.87,0.9133333,0.40916666,0.68500006,0.9433333,0.7483334,0.85333335,0.94916666,0.32583335,0.57750005,0.2975,0.84749997,0.84416664,0.51666665,0.06083334,0.79083335,0.32666668,0.4141667,0.7683334,0.61333334,0.48750004,0.52416664,0.63916665,0.46250004,0.86083335,0.8933334,0.4325,0.49916667,0.5125,0.8958334,0.945,0.9275,0.485,0.7883333,0.48416668,0.4375,0.4791667,0.26583332,0.45833334,0.47916672,0.68416667,0.57500005,0.71,0.5183333,0.66583335,0.59166664,0.4475,0.27833334,0.98083335,0.33833334,0.58,0.75333333,0.97333336,0.5208334,0.55916667,0.985,0.13833334,0.78583336,0.39250004,0.98583335,0.72333336,0.050833333,0.96333337,0.32666665,0.28500003,0.145,0.7641667,0.78333336,0.72333336,0.7633333,0.54833335,0.50083333,0.6066667,0.4575,0.5883333,0.70000005,0.65166664,0.37083337,0.9041667,0.645,0.23416667,0.60083336,0.38916668,0.16416666,0.5916667,0.84583336,0.6933334,0.47083336,0.68500006,0.43333334,0.535,0.7708334,0.55083334,0.8975,0.94,0.4925,0.27750003,0.435,0.5083333,0.7666667,0.48083335,0.44416666,0.5075,0.45333335,0.84000003,0.7158333,0.40541667,0.9658333,0.515,0.6408334,0.37833333,0.49583334,0.75083333,0.6975,0.5341667,0.9091667,0.47333336,0.4775,0.9041667,0.67583334,0.6241667,0.55333334,0.5125,0.15166666,0.58833337,0.83250004,0.4125,0.43083334,0.4316667,0.5858333,0.9,0.5516667,0.23333335,0.505,0.80041665,0.6275,0.5733333,0.4916667,0.35250002,0.9425,0.73833334,0.8116667,0.34083334,0.67666674,0.44333333,0.7925,0.71583337,0.8316667,0.83250004,0.8441667,0.4525
BC2026_Train_0014_S13_20220228_214500_60,0.36,0.31333333,0.56916666,0.6016667,0.925,0.8308333,0.83916664,0.7383334,0.98583335,0.35750002,0.48666668,0.46083334,0.94625,0.5125,0.61083335,0.95416665,0.94375,0.7275,0.57166666,0.85833335,0.9241667,0.505,0.8416667,0.25833333,0.64250004,0.7825,0.53833336,0.4075,0.56166667,0.5333333,0.18833333,0.82916665,0.1775,0.17916666,0.23666668,0.67,0.31,0.045,0.19083333,0.22083335,0.079166666,0.18416667,0.35333335,0.7958333,0.24416667,0.20083332,0.215,0.5491667,0.15333334,0.041666668,0.32833335,0.42333332,0.45,0.21583334,0.30083334,0.575,0.42750004,0.6608333,0.21166666,0.84833336,0.51,0.96999997,1.0,0.9091667,0.535,0.27583334,0.38416666,0.48833337,0.22749999,0.30833334,0.44583333,0.9116667,0.39916667,0.7683334,0.17333335,0.39833334,0.56916666,0.49083334,0.5066667,0.38916668,0.77250004,0.87,0.33500004,0.7633333,0.76250005,0.3166667,0.50416666,0.95166665,0.5441667,0.80416673,0.9475,0.27333334,0.31583333,0.23333333,0.7791667,0.58750004,0.555,0.04666667,0.75,0.2075,0.3891667,0.6808334,0.4325,0.5725,0.24666667,0.60249996,0.495,0.7041667,0.7666667,0.4475,0.5575,0.39583334,0.865,0.95,0.89416665,0.39083335,0.41833332,0.3275,0.40083337,0.41166666,0.1525,0.21000001,0.5125,0.59083337,0.39416665,0.5466667,0.3675,0.44583336,0.69750005,0.34333333,0.1475,0.9608333,0.14416666,0.50666666,0.5683334,0.8791667,0.4491667,0.4608333,0.87833333,0.10916667,0.6816667,0.31166667,0.96833336,0.65583336,0.021666668,0.8483333,0.31333333,0.2425,0.08583333,0.545,0.7583334,0.50166667,0.7975,0.37666667,0.31166667,0.43333334,0.3475,0.5933333,0.68,0.5,0.175,0.9725,0.43916667,0.28,0.625,0.22083333,0.101666674,0.6175,0.73083335,0.44166666,0.3125,0.5825,0.30166668,0.2525,0.65,0.37333333,0.93583333,0.9225,0.46333334,0.1575,0.35333335,0.41416666,0.79,0.4025,0.27416667,0.3725,0.45916668,0.90833336,0.62083334,0.33416668,0.95166665,0.47083336,0.5575,0.28250003,0.51750004,0.66,0.61833334,0.515,0.76,0.42166665,0.4633333,0.88916665,0.65666664,0.38583335,0.5966667,0.40833333,0.16083334,0.29,0.71500003,0.3841667,0.415,0.365,0.4525,0.945,0.52666664,0.26916668,0.39166668,0.5316667,0.6616667,0.43666667,0.47416666,0.2816667,0.92,0.5733333,0.725,0.29999998,0.6541667,0.35916668,0.7266667,0.72583336,0.5275,0.7375001,0.54583335,0.49666667
BC2026_Train_0015_S18_20211016_011500_5,0.48166668,0.4675,0.57166666,0.735,0.7125,0.69083333,0.5158333,0.5,0.46,0.66583335,0.64666665,0.53083336,0.74416673,0.7208334,0.8341667,0.5841667,0.52250004,0.7091667,0.69000006,0.47750005,0.7441667,0.8858334,0.46083334,0.52833337,0.79833335,0.805,0.6516667,0.89750004,0.555,0.425,0.5541667,0.7441667,0.37583336,0.7325001,0.7275,0.61583334,0.63,0.40250003,0.32500002,0.68333334,0.25,0.56666666,0.6566667,0.6541667,0.66083336,0.6541667,0.555,0.49416667,0.3416667,0.36833337,0.70000005,0.69250005,0.7033334,0.41833335,0.52583337,0.8166667,0.74833333,0.7325001,0.52583337,0.7341667,0.865,0.585,0.49583334,0.64,0.94166666,0.61833334,0.44416666,0.62833333,0.43166667,0.37583333,0.93916667,0.98083335,0.785,0.4008333,0.7175001,0.76250005,0.89416665,0.55083334,0.6666667,0.48333335,0.32833335,0.9208333,0.41583332,0.665,0.6358333,0.8025,0.8641667,0.45083335,0.80333334,0.635,0.83833337,0.7633334,0.68166673,0.49833336,0.50500005,0.23583333,0.24666667,0.25916666,0.345,0.47541666,0.7416667,0.6433334,0.63,0.5775,0.7108333,0.5016667,0.86083335,0.8291667,0.55083334,0.895,0.71583337,0.47916666,0.8175,0.7766667,0.685,0.6750001,0.96,0.29000002,0.9816667,0.3725,0.34500003,0.6625,0.91833335,0.53,0.7708334,0.36666667,0.5808333,0.8283334,0.96,0.45250002,0.30666667,0.3866667,0.5466667,0.46249998,0.6166667,0.75166667,0.4375,0.79249996,0.8008333,0.5966667,0.83166665,0.42916667,0.7833333,0.7975,0.50083333,0.6141667,0.76750004,0.47833335,0.50250006,0.575,0.56666666,0.525,0.83833337,0.9058333,0.5116667,0.86833334,0.6775,0.8933333,0.66249996,0.49,0.6033333,0.7366667,0.6725,0.8075,0.9,0.58666664,0.34333336,0.71500003,0.9533333,0.7825,0.54333335,0.54833335,0.8525,0.87750006,0.40750003,0.7816667,0.72916675,0.7116667,0.8616667,0.36,0.815,0.9375,0.90833336,0.7458334,0.6333333,0.69000006,0.83500004,0.80333334,0.9525,0.62333333,0.6958333,0.36833334,0.66,0.385,0.7975,0.52250004,0.5516667,0.9725,0.6308333,0.3541667,0.98,0.70666665,0.51000005,0.82666665,0.77750003,0.7191667,0.56,0.735,0.9508333,0.74875003,0.74833333,0.64750004,0.65833336,0.43250003,0.43416667,0.5208334,0.70916665,0.3975,0.8066667,0.54833335,0.7975,0.96916664,0.6125,0.735,0.6866667,0.5858333,0.9583333,0.67833334,0.47833335,0.63166666,0.65083337,0.5491667,0.8375,0.99083334
BC2026_Train_0015_S18_20211016_011500_10,0.42916667,0.48333335,0.44166666,0.8,0.5833333,0.44416666,0.45,0.33250004,0.42833337,0.62,0.625,0.48833334,0.79583335,0.5541667,0.70666665,0.5566667,0.48583338,0.54,0.67083335,0.35666668,0.6875,0.8408333,0.4083333,0.6225,0.77000004,0.7841667,0.7966666,0.93416667,0.45333332,0.42583334,0.53833336,0.60333335,0.35583335,0.88416666,0.7383334,0.78000003,0.55500007,0.37,0.2625,0.7870834,0.25333333,0.49833336,0.6566667,0.59000003,0.69083333,0.70416665,0.58666664,0.3025,0.3225,0.375,0.69750005,0.69750005,0.69750005,0.4225,0.5816667,0.62916666,0.74333334,0.7008333,0.43833333,0.68916667,0.87,0.5183333,0.3675,0.61833334,0.88750005,0.7025,0.40166667,0.47333333,0.33666667,0.31333336,0.9133333,0.8516666,0.70416665,0.29666668,0.8933333,0.73416674,0.74833333,0.4916667,0.56416667,0.435,0.21083333,0.83000004,0.4325,0.40083334,0.6308333,0.76250005,0.8825,0.26333332,0.7691667,0.3925,0.62333333,0.83500004,0.40166667,0.44833335,0.42749998,0.16416667,0.13541667,0.20333333,0.12750001,0.3766667,0.6391667,0.49625,0.6358333,0.63666666,0.7350001,0.4091667,0.8158334,0.5475,0.40416667,0.8975,0.6566667,0.37,0.845,0.6725,0.57166666,0.65,0.8825,0.17083335,0.90999997,0.3325,0.39333335,0.6625,0.91083336,0.4441667,0.8258333,0.26083335,0.33416668,0.87333333,0.94416666,0.42166665,0.255,0.24083333,0.5208334,0.34083334,0.44916666,0.6075,0.30333334,0.7575,0.78249997,0.5625,0.76166666,0.39833334,0.7966667,0.53583336,0.3541667,0.43666667,0.8466667,0.49166667,0.44416666,0.24416667,0.39500004,0.4275,0.67583334,0.9158333,0.37166667,0.84666663,0.6433334,0.9316667,0.5625,0.38,0.5566667,0.5266667,0.62750006,0.78583336,0.72333336,0.45916668,0.27583334,0.87333333,0.93083334,0.67083335,0.3791667,0.45833334,0.8091667,0.83500004,0.3175,0.7541667,0.6816667,0.7033334,0.81708336,0.38916665,0.73,0.86833334,0.46249998,0.5566667,0.4616667,0.6858334,0.71000004,0.6883334,0.77250004,0.655,0.7558334,0.28083336,0.4675,0.38916665,0.6166667,0.37083334,0.375,0.95,0.36666667,0.27333334,0.98583335,0.47416666,0.3166667,0.805,0.82666665,0.53333336,0.49916673,0.72,0.8916667,0.6491667,0.6716666,0.70750004,0.56583333,0.36916667,0.42166668,0.515,0.66833335,0.45000002,0.7816667,0.405,0.71750003,0.94166666,0.39666668,0.6141667,0.56583333,0.56416667,0.99333334,0.67833334,0.2775,0.59166664,0.5341667,0.38916665,0.655,0.98583335
BC2026_Train_0015_S18_20211016_011500_15,0.35166666,0.44916666,0.2625,0.79083335,0.49166667,0.2425,0.31333333,0.2216667,0.43750003,0.625,0.62583333,0.32333332,0.7625,0.5875,0.6025,0.56333333,0.30083334,0.45583335,0.7275,0.34250003,0.6625,0.96750003,0.34666666,0.52166665,0.7441667,0.6616667,0.85,0.92833334,0.37333336,0.41416666,0.47833332,0.44250003,0.38,0.8291667,0.5966667,0.5658334,0.49833333,0.33083335,0.23416667,0.7570834,0.22749999,0.455,0.61833334,0.5058333,0.72333336,0.71833336,0.545,0.31166667,0.29083335,0.325,0.6383334,0.63750005,0.63750005,0.3791667,0.53083336,0.32916668,0.7308334,0.7008333,0.25416666,0.6075,0.9075,0.5241667,0.4041667,0.665,0.90250003,0.62166667,0.39249998,0.40916666,0.16250001,0.19,0.9179167,0.685,0.60333335,0.21583334,0.805,0.7716667,0.6691667,0.5058333,0.52500004,0.4258333,0.15166667,0.5425,0.33916667,0.3625,0.48083335,0.7541667,0.81333333,0.22000001,0.7458334,0.28833333,0.535,0.75083333,0.24000002,0.42666668,0.37166667,0.135,0.071666665,0.17500001,0.18166667,0.29083335,0.53583336,0.3091667,0.60749996,0.63666666,0.79333335,0.3191667,0.895,0.43583333,0.34750003,0.9175,0.5575,0.31,0.7808333,0.5816667,0.38916668,0.6408334,0.86083335,0.11416666,0.91249996,0.3241667,0.34333333,0.6991667,0.9525,0.4041667,0.84999996,0.2075,0.2225,0.85,0.9175,0.20333332,0.155,0.22,0.48583335,0.27083334,0.4375,0.29250002,0.22500002,0.67,0.7041667,0.5125,0.6958334,0.36333334,0.67,0.375,0.2675,0.36833334,0.82166666,0.44,0.415,0.12666668,0.315,0.43416667,0.5816667,0.90416664,0.37583333,0.84749997,0.5966667,0.96,0.58250004,0.3,0.53333336,0.45749998,0.6116667,0.8266667,0.40333334,0.29833335,0.23,0.7841667,0.82666665,0.60333335,0.3866667,0.36416668,0.82000005,0.77583337,0.25333336,0.7583334,0.4725,0.65000004,0.83916664,0.30666667,0.74333334,0.8366667,0.14750001,0.5775,0.45333332,0.7116667,0.7533334,0.6825,0.68916667,0.59166664,0.69083333,0.23333333,0.38583335,0.32583335,0.48166668,0.3891667,0.28916666,0.8591667,0.24916667,0.23250002,0.965,0.4391667,0.20083334,0.73833334,0.7616667,0.44666666,0.36,0.7375001,0.7425,0.665,0.6483334,0.67333335,0.55333334,0.37666667,0.44583333,0.51166666,0.6525,0.31416667,0.70666665,0.33666667,0.6808334,0.93666667,0.22583336,0.4791667,0.45749998,0.54833335,0.9975,0.59416664,0.14583333,0.5,0.32083336,0.35916668,0.5725,0.99666667
BC2026_Train_0015_S18_20211016_011500_20,0.51000005,0.51166666,0.25916666,0.77250004,0.6333333,0.31,0.26666668,0.26083332,0.45166665,0.64166665,0.61333334,0.34416667,0.71250004,0.7125,0.725,0.63500005,0.37166667,0.52666664,0.69250005,0.42416665,0.6691667,0.9458334,0.38,0.55500007,0.80916667,0.6725,0.855,0.88958335,0.41,0.48250002,0.6716667,0.515,0.45666665,0.81250006,0.6791667,0.53249997,0.56166667,0.465,0.37333333,0.7225,0.35666668,0.59416664,0.66333336,0.535,0.6625,0.6483333,0.5808333,0.42583334,0.36583334,0.4425,0.6775,0.68000007,0.68000007,0.46916667,0.5941667,0.41250002,0.74,0.7016667,0.2625,0.54,0.8591666,0.3925,0.43666667,0.62666667,0.98333335,0.60583335,0.4325,0.46166667,0.21083334,0.3375,0.94083333,0.76500005,0.6591667,0.36166668,0.82166666,0.89750004,0.91833335,0.49583337,0.6716667,0.465,0.19666667,0.615,0.3925,0.43833333,0.635,0.8258333,0.8483333,0.25750002,0.77666664,0.35916668,0.5475,0.6983334,0.54833335,0.48333332,0.35666668,0.14583333,0.11500001,0.31250003,0.19416668,0.4141667,0.6725,0.3491667,0.59999996,0.6141667,0.60083336,0.35333335,0.8291667,0.48333335,0.4,0.9375,0.67583334,0.3325,0.78333336,0.5916667,0.47833335,0.62333333,0.9266667,0.15916668,0.97583336,0.34,0.37666667,0.65500003,0.8933334,0.47583333,0.745,0.23250002,0.3025,0.8441667,0.9275,0.22083333,0.23666666,0.22166666,0.5375,0.38,0.53083336,0.4666667,0.31833336,0.68,0.72333336,0.61833334,0.7116667,0.43166667,0.66833335,0.545,0.4141667,0.4425,0.82916665,0.48583335,0.4741667,0.2325,0.40833333,0.4791667,0.6625,0.885,0.34583333,0.8541666,0.62166667,0.9683333,0.70750004,0.31833333,0.6691667,0.72333336,0.68416667,0.8,0.49,0.37750003,0.25416666,0.8616667,0.865,0.5758333,0.46583334,0.39833337,0.87416667,0.82916665,0.31083333,0.59083337,0.52750003,0.69083333,0.86,0.29666665,0.7966667,0.91166663,0.17083333,0.6025,0.515,0.79,0.78916675,0.6866667,0.7900001,0.5708333,0.66083336,0.3425,0.43166667,0.38083333,0.66583335,0.47166666,0.3825,0.9191667,0.31833333,0.26333335,0.99083334,0.56166667,0.28083333,0.8016667,0.78833336,0.61333334,0.5108334,0.65833336,0.755,0.79083335,0.62,0.73,0.6175,0.5025,0.39083335,0.51500005,0.6875,0.35833335,0.73916674,0.41333336,0.71583337,0.94916666,0.31833333,0.57916665,0.56916666,0.56333333,0.9891667,0.63166666,0.23833334,0.6308334,0.44166666,0.38166666,0.6741667,0.9658333
BC2026_Train_0015_S18_20211016_011500_25,0.59499997,0.62666667,0.31333333,0.7316667,0.69166666,0.44333333,0.3241667,0.315,0.5375,0.685,0.6566667,0.42916667,0.7716667,0.8416667,0.80666673,0.6108333,0.51166666,0.62166667,0.7533334,0.49500003,0.7508334,0.825,0.27416667,0.625,0.82750005,0.7475,0.90416664,0.83416665,0.42833334,0.51666665,0.7816667,0.58500004,0.5208333,0.93,0.77500004,0.7316667,0.5575,0.5133333,0.6091667,0.77250004,0.45333332,0.7316667,0.72833335,0.5841667,0.635,0.6358333,0.6491667,0.48083332,0.45499998,0.4825,0.7441667,0.7616667,0.75500005,0.67833334,0.65958333,0.6458333,0.7258334,0.7175,0.35750002,0.66833335,0.90333337,0.37333333,0.47083336,0.59083337,0.9525,0.7075,0.5425,0.55583334,0.24000001,0.4325,0.8325,0.79,0.7491667,0.54083335,0.8775,0.81,0.93916667,0.42666665,0.65250003,0.3825,0.25333333,0.7925001,0.425,0.47833335,0.6091667,0.7941667,0.92583334,0.3,0.74333334,0.35250002,0.6608333,0.68333334,0.6191667,0.4325,0.365,0.205,0.19250001,0.33499998,0.17666668,0.45000002,0.6633333,0.5316667,0.56916666,0.64416665,0.6041667,0.41083336,0.74833333,0.525,0.43333334,0.92,0.5575,0.24416667,0.7758333,0.6075,0.53833336,0.5875,0.9558333,0.1925,0.9916667,0.36666667,0.40083334,0.65,0.85833335,0.46583334,0.73,0.2425,0.4758334,0.8166667,0.9425,0.23583333,0.2891667,0.18916668,0.5058333,0.47333333,0.5683333,0.6466667,0.35750002,0.63,0.7341667,0.71000004,0.65500003,0.42999998,0.7041667,0.6691667,0.5833334,0.62916666,0.8075,0.49,0.425,0.24750002,0.61,0.49416667,0.6125,0.87916666,0.34333336,0.8375,0.62166667,0.9508333,0.615,0.36833334,0.59416664,0.8258333,0.6308333,0.7658334,0.54083335,0.43666667,0.2775,0.91083336,0.8833334,0.5958333,0.48333332,0.4425,0.78583336,0.855,0.35083336,0.57666665,0.59833336,0.7508334,0.8475,0.33166668,0.80333334,0.93833333,0.14250001,0.60333335,0.47333336,0.7391667,0.8541667,0.70000005,0.7141667,0.5445833,0.66,0.445,0.475,0.39249998,0.7691667,0.41500002,0.42000002,0.89416665,0.36916667,0.2525,0.98583335,0.8183334,0.34166667,0.75083333,0.7566667,0.6725,0.5175,0.62916666,0.72249997,0.74083334,0.5675,0.69666666,0.5733333,0.42416668,0.48083335,0.57666665,0.7383334,0.47833338,0.76250005,0.5266667,0.74750006,0.9583333,0.33416668,0.6483334,0.51250005,0.5466667,0.96999997,0.6433333,0.29000002,0.74833333,0.5375,0.325,0.6666667,0.9133333
BC2026_Train_0015_S18_20211016_011500_30,0.5466667,0.62916666,0.42249998,0.7408334,0.675,0.47833332,0.4075,0.4258333,0.58916664,0.66166663,0.655,0.41,0.75333333,0.8625,0.8233334,0.6333333,0.5854167,0.6191667,0.7583334,0.48583335,0.7416667,0.77666676,0.23166667,0.5175,0.8266667,0.7575,0.9191667,0.87666667,0.45916668,0.48083332,0.74166673,0.60333335,0.39833337,0.8208334,0.7375,0.6491667,0.5083333,0.45,0.30666667,0.7566667,0.28166667,0.51416665,0.7033334,0.59000003,0.6125,0.62,0.5841667,0.37916666,0.39916667,0.44333333,0.7408334,0.7608334,0.7508334,0.40333337,0.6275,0.6958333,0.675,0.7158333,0.49083334,0.65000004,0.935,0.46166667,0.42000002,0.61,0.9141667,0.6166667,0.49750003,0.5791667,0.20833333,0.35500002,0.8325,0.7266667,0.62416667,0.5016667,0.785,0.69250005,0.80333334,0.3625,0.62166667,0.32666668,0.20583333,0.80500007,0.33416668,0.5466667,0.54583335,0.6466667,0.7975,0.2891667,0.68416667,0.34833336,0.60083336,0.6491667,0.5158334,0.40916666,0.38583335,0.14666666,0.20249999,0.26916665,0.13416667,0.33749998,0.64916664,0.48666668,0.5466667,0.605,0.6966667,0.35166666,0.81000006,0.555,0.39333338,0.85083336,0.5391667,0.275,0.72583336,0.54833335,0.5783333,0.57,0.975,0.2025,0.99333334,0.32833335,0.32500002,0.52750003,0.8283334,0.41583335,0.76000005,0.23333335,0.32750002,0.7825,0.93,0.20000002,0.165,0.18416667,0.47500002,0.44583336,0.60583335,0.66499996,0.2425,0.54541665,0.6166667,0.6816667,0.7891667,0.39333338,0.7083334,0.5875,0.5708333,0.54583335,0.72583336,0.41750002,0.41416666,0.2225,0.6466667,0.38583335,0.6941667,0.93,0.34333333,0.7166667,0.64666665,0.9475,0.5216667,0.34750003,0.5316667,0.6616667,0.52250004,0.7616667,0.55333334,0.31583333,0.26500002,0.7583334,0.83416665,0.6041666,0.495,0.44291666,0.7475,0.8566667,0.355,0.71000004,0.62916666,0.68166673,0.81083333,0.30416667,0.7058334,0.92333335,0.14666666,0.6975,0.51166666,0.64166665,0.8141667,0.65166664,0.68416667,0.535,0.64666665,0.40333334,0.48166668,0.31,0.6741667,0.31166667,0.40666667,0.85333335,0.44666666,0.22749999,0.94416666,0.7225,0.30916667,0.6575,0.6025,0.6358334,0.4116667,0.735,0.81583333,0.72,0.53583336,0.5841667,0.56416667,0.3541667,0.42666668,0.46916667,0.7141667,0.37833333,0.6791667,0.40583333,0.7366667,0.98,0.34833336,0.6091667,0.5041667,0.54583335,0.96416664,0.6666667,0.28583333,0.59000003,0.48166668,0.34500003,0.595,0.9175
BC2026_Train_0015_S18_20211016_011500_35,0.4091667,0.48916665,0.24000001,0.78000003,0.64166665,0.3241667,0.27833334,0.2616667,0.62833333,0.62166667,0.6433333,0.33083335,0.67583334,0.65416664,0.6816667,0.67333335,0.43416667,0.41083333,0.83666664,0.385,0.6575,0.8258333,0.26833335,0.45333335,0.7658334,0.6816667,0.93666667,0.835,0.3716667,0.3925,0.5866667,0.48166668,0.32750002,0.7116667,0.5833334,0.54999995,0.4791667,0.31916666,0.20666668,0.68333334,0.19166668,0.40499997,0.6408334,0.515,0.5733333,0.5833333,0.42833334,0.20666668,0.2725,0.33916667,0.6791667,0.68666667,0.6791667,0.30666667,0.5725,0.48333332,0.6775,0.7316667,0.31833333,0.53583336,0.92833334,0.32666668,0.43833333,0.6825,0.91499996,0.62,0.45250002,0.51,0.15416667,0.22416666,0.9116667,0.63666666,0.47250003,0.34833336,0.61833334,0.62166667,0.66083336,0.3325,0.6541667,0.29333332,0.105000004,0.5975,0.22166668,0.4,0.4016667,0.5425,0.7008334,0.20166668,0.5758333,0.33166668,0.5466667,0.615,0.2075,0.4,0.27916667,0.13083333,0.1225,0.16666667,0.15333334,0.38583335,0.64500004,0.32833335,0.50750005,0.57416666,0.72083336,0.24833333,0.88416666,0.47833335,0.3375,0.80833334,0.42083335,0.2025,0.6925,0.51750004,0.5133333,0.52250004,0.90666664,0.12750001,0.95,0.29250002,0.20333333,0.47333336,0.8541667,0.36916667,0.77750003,0.1275,0.16666667,0.5858334,0.88916665,0.13916667,0.111666664,0.17583334,0.44,0.2675,0.44583333,0.4325,0.22416666,0.47250003,0.48916668,0.6483333,0.6766667,0.30666667,0.6616667,0.4,0.33333334,0.3733333,0.69250005,0.35500002,0.34833333,0.19666667,0.5083333,0.28583333,0.70250005,0.90416664,0.30666667,0.655,0.5808334,0.94166666,0.5108333,0.31750003,0.43333334,0.39166668,0.47583336,0.70750004,0.36166668,0.235,0.24166667,0.55583334,0.7275,0.48166668,0.40583336,0.31583333,0.7475,0.7716667,0.2275,0.7941667,0.505,0.50166667,0.8475,0.24249999,0.64416665,0.74333334,0.13583334,0.8225,0.35916668,0.5916667,0.72333336,0.53166664,0.7166667,0.5416667,0.6333333,0.26666668,0.38833335,0.2575,0.4525,0.2916667,0.28333333,0.76750004,0.24083334,0.18166667,0.9,0.5475,0.22749999,0.64416665,0.6058333,0.545,0.24083333,0.80166674,0.69083333,0.71500003,0.4391667,0.53166664,0.4791667,0.22083335,0.45583332,0.48000002,0.64,0.33666667,0.5925,0.23750001,0.63500005,0.9916667,0.23166667,0.53083336,0.42083335,0.5083333,0.9766667,0.62,0.1675,0.41333336,0.28250003,0.27416664,0.59749997,0.9316667
BC2026_Train_0015_S18_20211016_011500_40,0.49416667,0.39833334,0.23583335,0.74750006,0.775,0.38166666,0.24083334,0.25916666,0.5466667,0.635,0.6475,0.2841667,0.6725,0.6791667,0.66333336,0.6475,0.43666667,0.49083337,0.7366667,0.38833335,0.75166667,0.895,0.3975,0.4791667,0.91249996,0.71000004,0.93833333,0.8625,0.35083333,0.40416667,0.6841667,0.48916668,0.31916666,0.65083337,0.555,0.48166668,0.49083334,0.3516667,0.23833333,0.56416667,0.24666667,0.49000004,0.6766667,0.53333336,0.56166667,0.565,0.37666667,0.22250001,0.27666667,0.36416668,0.7016667,0.7116667,0.7016667,0.3516667,0.50416666,0.46666667,0.68416667,0.735,0.34500003,0.5516667,0.91166663,0.39333332,0.42083335,0.6941667,0.9491667,0.58833337,0.4666667,0.6166667,0.24666667,0.31,0.93416667,0.6941667,0.6083333,0.37166667,0.61,0.63,0.7166667,0.44,0.7116667,0.37583333,0.18,0.5333333,0.2841667,0.4975,0.455,0.57416666,0.7425,0.31583333,0.66083336,0.4275,0.67833334,0.63666666,0.255,0.39999998,0.29416668,0.15416667,0.12583333,0.13916667,0.22666667,0.5225,0.55166674,0.2841667,0.56583333,0.5925,0.7275001,0.32333332,0.9141666,0.5775,0.37833336,0.83666664,0.485,0.28833333,0.7225,0.495,0.5375,0.535,0.8883333,0.17,0.9216667,0.31416667,0.25083333,0.49916667,0.86583334,0.40416667,0.8016667,0.17833334,0.33750004,0.62666667,0.86583334,0.19333334,0.10583333,0.19916666,0.45833337,0.34666666,0.435,0.39916667,0.255,0.485,0.5325,0.6391667,0.73,0.36583334,0.64666665,0.42416665,0.485,0.47000003,0.74333334,0.39250004,0.37916666,0.23166665,0.5391667,0.32416666,0.7016667,0.91999996,0.31333333,0.69916666,0.5941667,0.98,0.5566667,0.39333335,0.43416667,0.49208337,0.49,0.71000004,0.42666665,0.30916667,0.33083335,0.54333335,0.7800001,0.45916668,0.45,0.3075,0.7841667,0.74416673,0.22833332,0.81500006,0.51416665,0.49666667,0.88166666,0.23833333,0.6391667,0.69750005,0.18666667,0.7975,0.38916668,0.6141667,0.78833336,0.6016667,0.7941667,0.5,0.6591667,0.26749998,0.43833333,0.27833334,0.53166664,0.4491667,0.33000004,0.78583336,0.29000002,0.21416667,0.885,0.53666663,0.23000002,0.69500005,0.64750004,0.4675,0.3391667,0.7708334,0.65666664,0.755,0.5691667,0.54083335,0.54833335,0.4341667,0.46416667,0.49583337,0.67666674,0.305,0.5866667,0.39416668,0.67083335,0.96416664,0.2775,0.425,0.47916666,0.48583335,0.985,0.63166666,0.2425,0.4791667,0.37,0.39333332,0.6666667,0.945
BC2026_Train_0015_S18_20211016_011500_45,0.5183333,0.49333334,0.23166668,0.74,0.6875,0.27916667,0.21666667,0.21583332,0.43083334,0.6533333,0.66083336,0.36500004,0.6716667,0.67083335,0.5575,0.5208334,0.56666666,0.42249998,0.68916667,0.30416667,0.68833333,0.79083335,0.14750001,0.49333334,0.8183334,0.6141667,0.92583334,0.94666666,0.40583333,0.5216667,0.78583336,0.56,0.35666668,0.70416665,0.62083334,0.59000003,0.48416668,0.43833333,0.2525,0.565,0.28833336,0.51666665,0.68166673,0.55583334,0.6875,0.7008333,0.43833333,0.31333333,0.32333332,0.41750002,0.71500003,0.725,0.71833336,0.35083333,0.5325,0.3916667,0.6916667,0.72249997,0.43666667,0.5416667,0.91583335,0.31750003,0.34083334,0.665,0.915,0.5641667,0.49,0.50083333,0.15500002,0.3391667,0.93166673,0.555,0.52583337,0.32750002,0.7383334,0.6908334,0.7041667,0.40124997,0.55833334,0.37416667,0.10333333,0.395,0.2566667,0.40666667,0.35666668,0.6041666,0.77750003,0.235,0.6608333,0.27249998,0.60833335,0.72833335,0.1925,0.3325,0.24,0.1275,0.052500002,0.16416666,0.21333334,0.3275,0.525,0.31083333,0.5575,0.64166665,0.78000003,0.27833334,0.905,0.52416664,0.30916667,0.85333335,0.46416667,0.27416667,0.75666666,0.5208333,0.4325,0.56583333,0.8691667,0.09833333,0.93416667,0.32,0.24166667,0.5516667,0.9175,0.375,0.8433333,0.14666668,0.20583335,0.74166673,0.88,0.15833333,0.13333334,0.19999999,0.3925,0.2891667,0.3475,0.29083335,0.15333334,0.5291667,0.64458334,0.67,0.6833334,0.29,0.5916667,0.39916667,0.56333333,0.36916667,0.7716667,0.3866667,0.34083334,0.17583334,0.50250006,0.31,0.57416666,0.95166665,0.295,0.75666666,0.5525,0.9525,0.49416667,0.2516667,0.43333334,0.45833334,0.4516667,0.79083335,0.38583332,0.30416667,0.19833335,0.56416667,0.8316667,0.49916673,0.42583334,0.3175,0.83833337,0.745,0.20083334,0.79083335,0.36416668,0.5425,0.8375,0.27416667,0.68750006,0.7441667,0.11833334,0.72,0.36833334,0.60249996,0.74666667,0.62333333,0.82000005,0.52833337,0.6225,0.18333334,0.34833333,0.2616667,0.5075,0.45666665,0.24166667,0.82000005,0.23416668,0.16166668,0.93666667,0.48749998,0.20666668,0.7058333,0.6775,0.43666667,0.29416665,0.6875,0.64750004,0.695,0.475,0.5816667,0.48166668,0.5466667,0.515,0.5516667,0.63916665,0.26833335,0.62500006,0.22749999,0.67,0.9791667,0.17999999,0.43083334,0.34583333,0.4675,0.9725,0.5716667,0.15083334,0.37833333,0.305,0.25083333,0.61083335,0.9633333
BC2026_Train_0015_S18_20211016_011500_50,0.2875,0.53333336,0.29833335,0.76250005,0.5541667,0.2425,0.26333335,0.18666665,0.4166667,0.6325,0.6541667,0.4491667,0.74333334,0.59583336,0.59833336,0.53333336,0.40333334,0.33583337,0.6891667,0.29541665,0.70166665,0.8508333,0.18,0.41333333,0.8208334,0.6591667,0.8591667,0.955,0.40749997,0.49833336,0.5808334,0.5208333,0.27666667,0.8116667,0.545,0.71750003,0.4491667,0.35583335,0.18500002,0.6166667,0.21333334,0.34333336,0.5916667,0.5441667,0.68833333,0.6925,0.46083334,0.27750003,0.24416666,0.34083337,0.625,0.6283334,0.625,0.29083335,0.52000004,0.36583334,0.7125,0.77,0.69750005,0.4775,0.9166667,0.30166668,0.385,0.6541667,0.9533334,0.56,0.54,0.41750002,0.17500001,0.26083335,0.9058333,0.58000004,0.5008334,0.26416665,0.84166664,0.6725,0.605,0.36583334,0.48333335,0.35833335,0.05916667,0.28833336,0.25583333,0.3241667,0.36916667,0.62333333,0.71416664,0.71750003,0.63666666,0.22750002,0.5625,0.7741667,0.16833334,0.38,0.32583335,0.10333333,0.046666667,0.13916668,0.37,0.2775,0.50416666,0.245,0.5491667,0.6191667,0.68583333,0.3,0.9133333,0.445,0.2725,0.86749995,0.54999995,0.22333334,0.7325001,0.6591667,0.35000002,0.55583334,0.94916666,0.095000006,0.94416666,0.32750002,0.3066667,0.5775,0.9091667,0.34916666,0.8908333,0.10666666,0.11500001,0.7466667,0.9025,0.17750001,0.19416668,0.17583333,0.46583337,0.31416667,0.33166668,0.23,0.14083333,0.57416666,0.59250003,0.57416666,0.6066667,0.32166666,0.6041666,0.32500002,0.38250002,0.3125,0.8,0.40583336,0.31916666,0.11416667,0.38,0.31166667,0.66333336,0.9033333,0.32666665,0.78916675,0.6116667,0.9216667,0.52416664,0.21666667,0.43416667,0.45583332,0.47333336,0.7958334,0.32750002,0.5566667,0.14333333,0.63750005,0.7891667,0.52500004,0.52166665,0.26416668,0.8441667,0.8416667,0.15166667,0.7391667,0.29916668,0.68666667,0.82750005,0.36916667,0.74250007,0.85583335,0.120000005,0.9041667,0.30333334,0.565,0.8875,0.59333336,0.87583333,0.5491667,0.6566667,0.16833334,0.30333334,0.25916666,0.41333333,0.55333334,0.2325,0.84583336,0.2325,0.16583334,0.94416666,0.24333334,0.18166667,0.7900001,0.6958334,0.4375,0.29583335,0.62833333,0.6458333,0.75,0.49166667,0.6333333,0.4741667,0.56583333,0.48583335,0.47583336,0.64750004,0.2925,0.69,0.225,0.6933333,0.99666667,0.16750002,0.41,0.35583335,0.47583336,0.98833334,0.5341667,0.109166674,0.34583336,0.275,0.22916669,0.57500005,0.9791667
BC2026_Train_0015_S18_20211016_011500_55,0.395,0.48749998,0.33750004,0.78333336,0.5375,0.3841667,0.3216667,0.28416666,0.4291667,0.69500005,0.6691667,0.44750002,0.8616667,0.62083334,0.7208334,0.65250003,0.35333335,0.44833332,0.88416666,0.37416667,0.6825,0.8825,0.36,0.43166667,0.83833337,0.6958333,0.83500004,0.8875,0.39833337,0.47166666,0.54583335,0.44166666,0.23083335,0.70750004,0.5691667,0.52166665,0.47083333,0.43833333,0.22666667,0.5441667,0.2591667,0.39166665,0.63166666,0.47583336,0.61,0.59333336,0.47833332,0.255,0.29333335,0.44,0.6591667,0.66833335,0.665,0.32333332,0.50416666,0.45,0.70666665,0.8566667,0.4716667,0.48083335,0.8933334,0.41916665,0.4416667,0.69083333,0.9533334,0.57166666,0.505,0.43583336,0.19916667,0.3491667,0.93,0.8545833,0.615,0.29749998,0.73,0.69083333,0.7516667,0.38333336,0.5266667,0.33333334,0.16333334,0.46083334,0.32750002,0.41916668,0.5575,0.7083334,0.76000005,0.875,0.7816667,0.305,0.65083337,0.7141667,0.39249998,0.44083333,0.42083335,0.12250001,0.1175,0.215,0.31583333,0.375,0.5108333,0.26,0.5991667,0.565,0.6675,0.3791667,0.79833335,0.45,0.35666668,0.87083334,0.5808333,0.3241667,0.735,0.61,0.41833335,0.58666664,0.93583333,0.14333333,0.9791667,0.31,0.3241667,0.58750004,0.8983333,0.43416667,0.83916664,0.16583335,0.215,0.7716667,0.91,0.24000002,0.29916668,0.30333334,0.45333338,0.41500002,0.40416667,0.36,0.19583333,0.6516667,0.5804167,0.59,0.6958334,0.3841667,0.61583334,0.43833333,0.39166668,0.36333334,0.7241667,0.41333333,0.35000002,0.2625,0.35083336,0.4275,0.80166674,0.8858333,0.335,0.8083334,0.665,0.9225,0.59083337,0.275,0.47916672,0.63,0.5683333,0.71000004,0.38916665,0.81666666,0.20583335,0.8408333,0.82416666,0.59333336,0.5316667,0.39000002,0.7325,0.82500005,0.21416667,0.8616667,0.42416668,0.81500006,0.85083336,0.36333334,0.72,0.8491667,0.23166668,0.755,0.3975,0.6066667,0.8575,0.59416664,0.8158334,0.5883333,0.62166667,0.25,0.5416666,0.28250003,0.48583335,0.4825,0.36083335,0.845,0.36166668,0.24916667,0.93833333,0.295,0.275,0.7900001,0.7291667,0.615,0.59583336,0.68666667,0.83500004,0.8225,0.6016667,0.69416666,0.44166666,0.39083332,0.5675,0.42749998,0.6675,0.3958333,0.6733334,0.43166667,0.6541667,0.98083335,0.3025,0.3958333,0.56416667,0.46416664,0.9725,0.5833334,0.1825,0.4583333,0.33833334,0.3466667,0.62333333,0.9583333
BC2026_Train_0015_S18_20211016_011500_60,0.60249996,0.6458333,0.50416666,0.77250004,0.68333334,0.545,0.43833333,0.42166665,0.4341667,0.7208333,0.69416666,0.6225,0.8191667,0.7583333,0.8491667,0.605,0.47583333,0.615,0.92583334,0.4791667,0.75166667,0.8183334,0.33916667,0.49166667,0.89416665,0.80333334,0.915,0.8616667,0.42666668,0.555,0.7225,0.49333334,0.32083333,0.6575,0.70416665,0.50166667,0.48583335,0.53249997,0.29000002,0.60333335,0.3866667,0.5108334,0.77750003,0.50416666,0.5125,0.5058333,0.6475,0.51,0.43333334,0.565,0.8225,0.8258333,0.8258333,0.3766667,0.6466667,0.68333334,0.6958333,0.925,0.44083333,0.56,0.8883333,0.45,0.48416668,0.68666667,0.9741667,0.5575,0.53333336,0.5441667,0.28833336,0.49416667,0.82666665,0.88458335,0.59916663,0.41416666,0.5966667,0.5941667,0.7925,0.3116667,0.52000004,0.2891667,0.25333333,0.71416664,0.31666666,0.48000002,0.57916665,0.68083334,0.79333335,0.83000004,0.7875,0.34083337,0.7541667,0.59666663,0.5366667,0.40166664,0.29083332,0.095,0.1325,0.23083334,0.255,0.275,0.5833334,0.32750002,0.55083334,0.55583334,0.65583336,0.46333334,0.7375,0.5491667,0.4,0.7925001,0.54333335,0.35333335,0.71000004,0.545,0.56916666,0.59333336,0.985,0.18,1.0,0.27583334,0.2916667,0.53083336,0.8175,0.45583332,0.8125,0.2,0.42416665,0.62,0.91166663,0.16166668,0.37833333,0.2916667,0.4066667,0.44166666,0.43916667,0.59583336,0.27,0.5316667,0.52500004,0.61833334,0.7733333,0.41500002,0.6325,0.47583333,0.64416665,0.52583337,0.70750004,0.4325,0.34083334,0.3466667,0.33,0.42916667,0.735,0.85833335,0.32583335,0.80583334,0.64916664,0.89166665,0.5525,0.27166668,0.4966667,0.64250004,0.5108334,0.68333334,0.49166667,0.86333334,0.24916667,0.60875,0.86083335,0.62666667,0.48666668,0.34083334,0.74583334,0.7558333,0.19833334,0.8575,0.5266667,0.7633334,0.8058334,0.33500004,0.60583335,0.90416664,0.24416667,0.5725,0.48083335,0.62,0.84083337,0.57,0.8258334,0.51666665,0.5858333,0.30166668,0.55083334,0.23333335,0.5058333,0.48416668,0.4475,0.81750005,0.49416667,0.29500002,0.9058333,0.46166664,0.45916665,0.7208333,0.66083336,0.63750005,0.55833334,0.63500005,0.90583336,0.8616667,0.53333336,0.6016667,0.4741667,0.3025,0.6125,0.4175,0.66083336,0.34,0.6091666,0.55583334,0.685,0.98083335,0.3675,0.56500006,0.5208334,0.44583333,0.9575,0.55916667,0.2725,0.48916668,0.42916667,0.32583335,0.6875,0.88416666
BC2026_Train_0016_S18_20220204_221500_5,0.3175,0.2475,0.21833333,0.7816667,0.55833334,0.34833333,0.92833334,0.6666666,0.6145834,0.8191667,0.6983334,0.69083333,0.8241667,0.8908333,0.56666666,0.50416666,0.9266667,0.8241667,1.0,0.7266667,0.8033334,0.35000002,1.0,0.42833334,0.35166666,0.9875,0.41333336,0.58833337,0.18083334,0.6975,0.44333333,0.5516667,0.3125,0.89,0.1675,0.6341667,0.56166667,0.45,0.78083336,0.39583337,0.35583332,0.6191667,0.135,0.31333333,0.34833336,0.425,0.2625,0.29833332,0.26083335,0.36500004,0.275,0.24833333,0.27166668,0.49166667,0.2975,0.30833334,0.47916666,0.7658333,0.3466667,0.56083333,0.4116667,0.43166667,0.7816667,0.6041666,0.47333333,0.47583333,0.7816667,0.635,0.53833336,0.5016667,0.47500002,0.6616667,0.35833332,0.29666668,0.585,0.09166667,0.9766667,0.55,0.40583333,0.34333333,0.5391667,0.16916667,0.9025,0.8616667,0.34,0.36666667,0.59333336,0.46083334,0.5141667,0.87333333,0.6591667,0.3275,0.47583333,0.50416666,0.93416667,0.8308333,0.37833336,0.5025,0.725,0.4283333,0.485,0.17000002,0.3325,0.7733334,0.9916667,0.54,0.445,0.53249997,0.275,0.33583334,0.24416667,0.87,0.29833335,0.27833334,0.595,0.45749998,0.8166667,0.93916667,0.875,0.24499999,0.90000004,0.94500005,0.31666666,0.4283333,0.74416673,0.19999999,0.285,0.37416667,0.6933334,0.72916675,0.605,0.71750003,0.6633333,0.24833333,0.265,0.7966667,0.61625,0.38,0.24583334,0.64416665,0.6916667,0.6258334,0.38833335,0.37916666,0.21249999,0.6483334,0.20333333,0.31083333,0.35666668,0.59999996,0.67833334,0.5241667,0.35750002,0.28166667,0.3825,0.3991667,0.66499996,0.44583333,0.3075,0.94,0.56083333,0.29083335,0.1725,0.6275,0.21416667,0.82500005,0.8183334,0.5875,0.21916667,0.435,0.36,0.67333335,0.32000002,0.445,0.50333333,0.97333336,0.62166667,0.71916664,0.245,0.65749997,0.30833334,0.63166666,0.5966667,0.28666666,0.27083334,0.5675,0.5208334,0.30166668,0.4425,0.77250004,0.7666667,0.59250003,0.38333336,0.33416665,0.18833335,0.23333333,0.35750002,0.38833335,0.27499998,0.83750004,0.37000003,0.925,0.44583333,0.12166667,0.46916667,0.36333334,0.6458333,0.6458333,0.45083335,0.6616667,0.6475,0.59333336,0.26916665,0.98583335,0.73916674,0.6270833,0.34166667,0.73583335,0.37166667,0.7308334,0.35833335,0.45833337,0.41750002,0.20500001,0.17583334,0.35500002,0.43666667,0.63,0.3075,0.3,0.10333333,0.42916667,0.40083334,0.50166667
BC2026_Train_0016_S18_20220204_221500_10,0.2566667,0.20583333,0.11333334,0.83166665,0.37083334,0.17750001,0.93666667,0.41333333,0.48749998,0.93083334,0.7491667,0.6225,0.71750003,0.625,0.37333333,0.5525,0.84333336,0.32333332,0.99583334,0.5733333,0.65333337,0.28833333,0.965,0.46333337,0.14666666,0.74,0.32666665,0.3541667,0.08416667,0.66,0.43333334,0.29500002,0.2525,0.8308333,0.12166667,0.41333336,0.42958334,0.255,0.80083334,0.35333335,0.42333335,0.5866667,0.205,0.23833333,0.27666667,0.37000003,0.21083334,0.18750001,0.19,0.23833334,0.26083332,0.2816667,0.2475,0.6733334,0.3,0.19166666,0.38333336,0.8308334,0.09916666,0.36,0.26999998,0.32833335,0.66083336,0.595,0.3475,0.37833333,0.77833337,0.4,0.39416668,0.47,0.42833334,0.51708335,0.23333335,0.08833334,0.4325,0.1625,0.9241667,0.43,0.3675,0.28333336,0.34833333,0.14250001,0.88416666,0.47750002,0.26333332,0.28,0.55916667,0.43916667,0.48666668,0.54583335,0.34208333,0.19916667,0.31166667,0.43166667,0.8516667,0.5625,0.35500002,0.365,0.53875,0.22,0.39000002,0.17750001,0.18333334,0.77250004,0.885,0.34583336,0.36,0.30583334,0.22916666,0.36666667,0.26000002,0.72833335,0.33916667,0.28583333,0.29583335,0.35750002,0.84000003,0.8041667,0.8129167,0.11333333,0.7225,0.63416666,0.28,0.25166667,0.5433333,0.11833334,0.23333333,0.26666668,0.5083333,0.755,0.4166667,0.5775,0.47916666,0.22416666,0.185,0.45916668,0.38125002,0.24083334,0.20916668,0.7058333,0.6225,0.45666668,0.24083334,0.24249999,0.14583333,0.43416667,0.16833334,0.3175,0.2925,0.4575,0.42833334,0.29916668,0.42166665,0.24,0.2975,0.30833334,0.49333334,0.3125,0.23666666,0.705,0.39333335,0.6,0.2866667,0.4166667,0.13666667,0.6483334,0.5516667,0.44083333,0.19416666,0.3025,0.255,0.34500003,0.2575,0.47166663,0.28833333,0.8091667,0.40666667,0.8908333,0.14666668,0.37083337,0.2875,0.41,0.605,0.2975,0.225,0.38833335,0.46583334,0.23166667,0.3816667,0.8308334,0.58833337,0.7225,0.2891667,0.33833334,0.185,0.18166667,0.28166667,0.35666668,0.15583333,0.5666667,0.62166667,0.9133333,0.31,0.19000001,0.5533334,0.1875,0.7491667,0.30083334,0.4275,0.9533333,0.30916667,0.50666666,0.28500003,0.84333336,0.7825,0.61333334,0.23750001,0.485,0.45916668,0.53833336,0.23083334,0.4441667,0.20083335,0.14083333,0.16416667,0.28750002,0.35666668,0.4091667,0.18333334,0.15333334,0.094166666,0.32000002,0.2775,0.41333336
BC2026_Train_0016_S18_20220204_221500_15,0.26250002,0.31416667,0.125,0.84499997,0.45,0.1925,0.93916667,0.41750002,0.43,0.93916667,0.7508334,0.56083333,0.7075,0.6041667,0.47083333,0.7066667,0.48583335,0.16916667,0.92833334,0.42416668,0.59250003,0.22916667,0.7716667,0.46000004,0.14666668,0.44,0.23250002,0.4608333,0.12000001,0.67083335,0.41250002,0.3025,0.29416668,0.82916665,0.20583333,0.435,0.41750002,0.20166667,0.80500007,0.40250003,0.33583337,0.5108333,0.30333334,0.2625,0.34666666,0.42666668,0.28666666,0.13416667,0.22,0.2475,0.42666668,0.4066667,0.38333336,0.48499998,0.43083334,0.17083333,0.36666667,0.86333334,0.11,0.3675,0.21833333,0.485,0.62166667,0.5858333,0.2825,0.3241667,0.735,0.52750003,0.40666667,0.58416665,0.40166667,0.39833334,0.24083334,0.11,0.4625,0.18666667,0.6816667,0.34083334,0.47833335,0.49416667,0.4166667,0.12833333,0.8541667,0.5125,0.24916667,0.32250002,0.51750004,0.7141667,0.47333333,0.42166668,0.27416667,0.17250001,0.4625,0.50916666,0.7733334,0.49333334,0.3866667,0.31583333,0.3475,0.2125,0.41250002,0.16916667,0.19250001,0.7566667,0.86333334,0.33833334,0.31833333,0.53166664,0.205,0.36333334,0.20166667,0.9,0.35666668,0.19000001,0.2725,0.27333337,0.9216667,0.84583336,0.8641667,0.09166667,0.36666667,0.2475,0.17583334,0.19833334,0.56916666,0.0975,0.28250003,0.46916667,0.45583335,0.7216667,0.3425,0.6750001,0.49166667,0.15166667,0.19916667,0.20916666,0.33666667,0.25083333,0.17,0.67333335,0.61333334,0.265,0.2616667,0.25166667,0.13666667,0.37833336,0.16416666,0.24416667,0.24916667,0.40750003,0.49666667,0.24583334,0.45749998,0.25166667,0.6058333,0.35833332,0.43083337,0.22500002,0.18583333,0.43833333,0.29416668,0.365,0.415,0.30166665,0.13833334,0.42,0.70000005,0.37166667,0.215,0.31,0.18833335,0.24666667,0.215,0.47083336,0.23,0.51,0.25750002,0.89666665,0.19083333,0.32750002,0.30666667,0.39416668,0.68833333,0.28,0.27916667,0.30333334,0.42416665,0.23916666,0.36833337,0.7791667,0.45416665,0.55583334,0.30583334,0.26833335,0.2725,0.2125,0.16666667,0.28083333,0.2125,0.585,0.4766667,0.73083335,0.27,0.43583336,0.5325,0.19250001,0.62666667,0.28500003,0.3625,0.88,0.27666664,0.24416667,0.13000001,0.215,0.7925001,0.48250002,0.28666666,0.44000003,0.5233333,0.53166664,0.2575,0.46,0.14833334,0.1125,0.1675,0.3075,0.37166667,0.26666668,0.20666666,0.215,0.1525,0.30833334,0.33833334,0.28583336
BC2026_Train_0016_S18_20220204_221500_20,0.19500001,0.21416669,0.123333335,0.83,0.3916667,0.15833335,0.93833333,0.39416665,0.28166667,0.9433333,0.75166667,0.5191667,0.68583333,0.6,0.21916667,0.8366667,0.4691667,0.21000001,0.8675,0.3741667,0.54333335,0.28083336,0.6016667,0.5025,0.10166667,0.30333334,0.25666666,0.29166666,0.13083333,0.68916667,0.32500002,0.2575,0.19583334,0.6191667,0.16583334,0.325,0.495,0.25083333,0.73083335,0.3491667,0.26749998,0.40250003,0.24833333,0.22833335,0.3541667,0.4175,0.28416666,0.13666667,0.185,0.23416667,0.32333332,0.32,0.29666668,0.3791667,0.3625,0.108333334,0.35166666,0.8041667,0.05375,0.32,0.23083335,0.32583335,0.5575,0.5833334,0.26500002,0.33333334,0.6958333,0.5891667,0.36833337,0.7291667,0.4166667,0.21333334,0.22500001,0.15833335,0.29833335,0.075,0.63750005,0.29166666,0.36166668,0.30416667,0.38000003,0.16000001,0.79916674,0.42666668,0.22833334,0.16833334,0.525,0.8183334,0.4591667,0.48,0.26250002,0.09166667,0.2925,0.405,0.45000005,0.50916666,0.4275,0.3175,0.33166668,0.12416667,0.45583332,0.25083333,0.19833334,0.7591667,0.83250004,0.3925,0.32666665,0.3241667,0.135,0.33083335,0.20333333,0.8158334,0.31666666,0.15583333,0.23583335,0.2825,0.8625,0.7058334,0.9,0.07416667,0.3729167,0.24583334,0.125,0.22,0.5316667,0.11416666,0.1825,0.8833333,0.37083334,0.7916667,0.20166665,0.63916665,0.43833333,0.18,0.16250001,0.15916668,0.37833333,0.23833334,0.10000001,0.63166666,0.56750005,0.21916667,0.20833334,0.23083334,0.16083333,0.40833333,0.185,0.10666667,0.31833336,0.3441667,0.46583334,0.24000001,0.26916665,0.18666667,0.90250003,0.27083334,0.3975,0.22583333,0.1025,0.31583333,0.27416667,0.20416667,0.13583334,0.23666666,0.13083334,0.19583333,0.5341667,0.16416667,0.119166665,0.30666667,0.1325,0.22583334,0.19583334,0.445,0.26416665,0.4725,0.33166665,0.8516667,0.17750001,0.385,0.30083334,0.33833334,0.8291667,0.29833335,0.32833335,0.22166668,0.455,0.17500001,0.31666666,0.7416667,0.31166667,0.5233333,0.2225,0.11166667,0.21333332,0.20916668,0.12666667,0.2566667,0.19833334,0.41916668,0.39583337,0.69416666,0.215,0.3491667,0.53166664,0.14083335,0.40500003,0.23166667,0.37833336,0.88666666,0.43916667,0.15666667,0.12833333,0.16833332,0.73333335,0.44083333,0.16666666,0.28416666,0.515,0.38250002,0.20666668,0.49166667,0.15416667,0.18916668,0.083333336,0.47333333,0.34250003,0.19666666,0.16416667,0.235,0.07083333,0.33916667,0.2625,0.18250002
BC2026_Train_0016_S18_20220204_221500_25,0.15333334,0.14,0.057500005,0.8225,0.27083334,0.11500001,0.9716667,0.38916668,0.30583334,0.94,0.74333334,0.48166668,0.68,0.2625,0.13083334,0.6591667,0.3841667,0.14500001,0.7875,0.3275,0.49916667,0.24166667,0.43416667,0.45583338,0.082499996,0.2,0.21083334,0.2125,0.10333333,0.65250003,0.29250002,0.23666668,0.18833333,0.7525,0.12,0.37833336,0.44583333,0.15416667,0.62,0.37083334,0.21250002,0.34,0.19916667,0.22666667,0.2525,0.33583334,0.16916667,0.09916666,0.096666664,0.16,0.28833336,0.27833334,0.26833335,0.35250002,0.32083336,0.10000001,0.33916667,0.6933333,0.039166667,0.28416666,0.23249999,0.30083334,0.4741667,0.5541667,0.15416667,0.26833335,0.60333335,0.50666666,0.34333336,0.5475,0.4591667,0.17250001,0.32583335,0.14333335,0.32750002,0.08,0.84749997,0.18916668,0.36083335,0.12916666,0.47083333,0.24583334,0.72083336,0.39000002,0.20750001,0.22083335,0.24333334,0.515,0.36333334,0.57166666,0.23833334,0.0975,0.19916666,0.2708333,0.25083333,0.4666667,0.4925,0.22166668,0.18583333,0.120833345,0.5233334,0.3175,0.11666667,0.7900001,0.8416667,0.40583336,0.49916667,0.3875,0.11333333,0.27583334,0.0775,0.88166666,0.29166666,0.125,0.21,0.20750001,0.95000005,0.6325,0.9616667,0.055833336,0.30416667,0.17166667,0.12666667,0.22333334,0.49083334,0.09583334,0.19500001,0.44833335,0.44250003,0.82750005,0.17416668,0.69500005,0.28,0.065000005,0.16166666,0.16583332,0.285,0.24083334,0.0775,0.5733333,0.56333333,0.07083334,0.12666667,0.17416668,0.1525,0.2925,0.13833335,0.1325,0.4775,0.23000002,0.5941667,0.18083334,0.26833335,0.1275,0.6016667,0.225,0.4591667,0.21666667,0.048333332,0.16166668,0.23166667,0.07333334,0.055,0.19833334,0.13916667,0.13000001,0.44083336,0.08166666,0.10166667,0.20083334,0.2025,0.15750001,0.19833332,0.44916666,0.24583334,0.7083334,0.36166668,0.50333333,0.0925,0.13666667,0.29,0.46166667,0.9316667,0.32999998,0.3841667,0.27166668,0.69416666,0.13083333,0.25416666,0.80916667,0.29583335,0.4925,0.18833335,0.055,0.17833334,0.0725,0.1375,0.25,0.1975,0.33333334,0.30166668,0.725,0.2025,0.097500004,0.39916667,0.07083333,0.21333334,0.20416667,0.45333332,0.49583337,0.19583334,0.10083334,0.13333333,0.225,0.7141667,0.38750002,0.1,0.21416669,0.32166666,0.31583333,0.20750001,0.7216667,0.21166667,0.14416668,0.041666668,0.29,0.42416668,0.14666666,0.11666667,0.21666667,0.056666672,0.39000002,0.20416668,0.20416667
BC2026_Train_0016_S18_20220204_221500_30,0.12083334,0.123333335,0.06916667,0.80916667,0.2875,0.12916666,0.985,0.42583334,0.2,0.9375,0.7358334,0.55,0.5875,0.3625,0.16333333,0.48666665,0.44833338,0.14583333,0.73875,0.29500002,0.485,0.26999998,0.47333336,0.5283333,0.055,0.18333334,0.275,0.2475,0.054166667,0.65083337,0.26666665,0.19000001,0.17083333,0.91583335,0.13833334,0.43666667,0.37500003,0.10083334,0.595,0.41750002,0.20416668,0.3075,0.22916667,0.1975,0.19166668,0.25833336,0.123333335,0.07333334,0.061666667,0.135,0.24416667,0.25083333,0.22083335,0.37500003,0.32083333,0.0875,0.30166668,0.58416665,0.05166667,0.20833334,0.2,0.3825,0.44083333,0.5333333,0.101666674,0.33749998,0.6141667,0.40583333,0.27083334,0.33666667,0.38916665,0.15916666,0.23083334,0.10166666,0.55,0.080416664,0.82166666,0.26,0.42000002,0.1975,0.4125,0.13416666,0.69416666,0.4125,0.16,0.23833333,0.16291668,0.10083334,0.19083333,0.48083332,0.295,0.060000002,0.21666665,0.2475,0.20833333,0.52000004,0.375,0.16333334,0.0725,0.10583334,0.42416668,0.19083335,0.105000004,0.8416667,0.7441667,0.47166666,0.33833334,0.395,0.0575,0.20666668,0.042500004,0.90166664,0.20250002,0.0925,0.19583334,0.1325,0.93500006,0.795,0.955,0.040833335,0.2575,0.14750001,0.095,0.14583334,0.41833335,0.075833336,0.13166666,0.1275,0.3825,0.82500005,0.20583335,0.55,0.2925,0.040833335,0.14,0.13166668,0.36333334,0.19916666,0.09916668,0.545,0.47833332,0.029166669,0.16416667,0.08416667,0.13333334,0.21416667,0.101666674,0.20083335,0.30833334,0.23916668,0.5208334,0.11333334,0.18416667,0.11083333,0.23083334,0.16166666,0.34333333,0.16333334,0.060833335,0.13583334,0.19083335,0.058333337,0.14416666,0.08416667,0.10166666,0.05916667,0.40666667,0.045,0.097500004,0.135,0.28,0.12666668,0.1725,0.365,0.17083333,0.47250003,0.17666668,0.12083334,0.045833334,0.065,0.27916667,0.34083334,0.85083336,0.24250002,0.14833334,0.26416665,0.54333335,0.075833336,0.27583334,0.8875,0.2925,0.57166666,0.18583333,0.045833334,0.11416667,0.039166667,0.083333336,0.16166666,0.1375,0.5125,0.22666669,0.73333335,0.26583332,0.08,0.2125,0.035,0.13333333,0.16416666,0.4304167,0.12583333,0.07666667,0.08916667,0.06583334,0.12166667,0.7433334,0.43666667,0.1525,0.2,0.23583333,0.36,0.19916667,0.46833333,0.0825,0.1425,0.0375,0.17916667,0.29083332,0.11916667,0.1225,0.14416668,0.058333334,0.20166668,0.16333334,0.26500002
BC2026_Train_0016_S18_20220204_221500_35,0.100833334,0.11583334,0.112500004,0.8016667,0.37916666,0.14666666,0.97625005,0.6041667,0.28916666,0.91833335,0.7208333,0.5866667,0.65083337,0.30416667,0.20708334,0.37333333,0.51666665,0.13416667,0.8316667,0.34,0.51666665,0.22583336,0.53166664,0.4741667,0.055000003,0.2675,0.36666667,0.27666667,0.075833336,0.6675,0.35666668,0.23083334,0.18791667,0.85249996,0.14833334,0.40333337,0.3825,0.11666667,0.6483334,0.43166667,0.20666668,0.4,0.22500001,0.20750001,0.13458334,0.175,0.1225,0.06666667,0.08916667,0.17583334,0.3,0.28333336,0.26999998,0.3575,0.29333335,0.15833333,0.36916667,0.54333335,0.10000001,0.19416666,0.21333335,0.48000005,0.5058333,0.48166665,0.07666667,0.29,0.62000006,0.49916667,0.33416668,0.35833335,0.37249997,0.14416666,0.12416667,0.175,0.51208335,0.0775,0.86583334,0.19166668,0.39833337,0.19583333,0.50500005,0.1775,0.62333333,0.46,0.17416668,0.34333336,0.0725,0.08083333,0.17583333,0.41916668,0.225,0.07666667,0.405,0.23249999,0.27666667,0.54,0.36416668,0.19916667,0.11500001,0.1275,0.4116667,0.2175,0.07,0.8008334,0.72583336,0.4466667,0.3675,0.5108333,0.05,0.17250001,0.025833335,0.8233334,0.15083334,0.055833336,0.24583334,0.13666667,0.9466667,0.8641667,0.80833334,0.065,0.215,0.041666668,0.060833335,0.1275,0.38583332,0.09166667,0.30583334,0.111666664,0.2275,0.89916664,0.24083334,0.54583335,0.22416666,0.0225,0.15083334,0.18333334,0.26833332,0.19166666,0.06916667,0.6616667,0.42000002,0.040000003,0.10916667,0.11,0.1575,0.3,0.087500006,0.245,0.27416667,0.3866667,0.56083333,0.06583334,0.20833334,0.08666667,0.2475,0.17166668,0.32,0.23333332,0.0825,0.29250002,0.17333333,0.123333335,0.083333336,0.07,0.12416667,0.10333333,0.76250005,0.033333335,0.0575,0.15,0.32416666,0.11416668,0.1275,0.26333335,0.20666668,0.4125,0.15541667,0.08416667,0.024166668,0.1225,0.225,0.2975,0.665,0.26416668,0.16833334,0.20583333,0.36666667,0.07666667,0.31583333,0.9325,0.21000001,0.51166666,0.32166666,0.060000006,0.12583335,0.025833335,0.038333334,0.12083334,0.18916667,0.49916667,0.20500001,0.7441667,0.3375,0.059166666,0.14666668,0.07750001,0.14083335,0.21416667,0.36083335,0.08583334,0.064166665,0.038333334,0.054166667,0.23416667,0.7433334,0.42083335,0.097500004,0.2875,0.19833334,0.47500002,0.16666667,0.2975,0.15416667,0.095,0.06416667,0.17333333,0.25750002,0.12666668,0.14916666,0.21833333,0.06916667,0.21416669,0.21000001,0.23750001
BC2026_Train_0016_S18_20220204_221500_40,0.25083333,0.18166667,0.21416666,0.8,0.5625,0.2525,0.9508333,0.7541667,0.18416667,0.9325,0.7258334,0.6641667,0.67083335,0.35,0.35083333,0.38083333,0.5525,0.1825,0.81750005,0.43166667,0.6916667,0.21416669,0.5975,0.49416667,0.16583334,0.365,0.47083333,0.39166668,0.14166667,0.6925,0.4016667,0.30583334,0.27666667,0.8416667,0.18416667,0.49083334,0.38916668,0.17166667,0.7891667,0.42333335,0.28250003,0.5566667,0.21000001,0.275,0.18083334,0.22749999,0.1825,0.11083334,0.20500001,0.2566667,0.35750002,0.3175,0.3175,0.42666668,0.34250003,0.25,0.4375,0.535,0.14333333,0.22416666,0.1875,0.6225,0.52250004,0.45583335,0.112500004,0.30416667,0.60833335,0.66,0.59000003,0.48083335,0.67333335,0.2916667,0.31666666,0.19166666,0.45749998,0.040000003,0.92583334,0.275,0.3741667,0.275,0.5858333,0.49583334,0.6916667,0.6358334,0.22666667,0.45833334,0.14083333,0.1575,0.4641667,0.49416667,0.23750001,0.13666666,0.56083333,0.4166667,0.58666664,0.71500003,0.69416666,0.26083332,0.13333333,0.14666666,0.35500002,0.27833337,0.08333334,0.8058334,0.71000004,0.48999998,0.58833337,0.67083335,0.05583334,0.24000001,0.030000001,0.9075,0.16083333,0.071666665,0.37583336,0.185,0.9775,0.8883333,0.94000006,0.082499996,0.275,0.12833333,0.145,0.1525,0.54083335,0.058333334,0.435,0.16916667,0.37083334,0.8933333,0.31416667,0.49833336,0.40833336,0.028333336,0.22166666,0.27083334,0.23083332,0.30416667,0.12416667,0.6775,0.55333334,0.051666666,0.22416666,0.21833333,0.30833334,0.5058333,0.13833334,0.12666667,0.37333333,0.58750004,0.52750003,0.07083333,0.31583336,0.12916666,0.2791667,0.29833335,0.42000002,0.62666667,0.11333334,0.6491667,0.19833334,0.11333333,0.14916667,0.17083333,0.11500001,0.15,0.91083336,0.05166667,0.083333336,0.17333335,0.2616667,0.185,0.21000001,0.29833335,0.16083333,0.77500004,0.19541666,0.1225,0.0775,0.22749999,0.27,0.43583333,0.6933333,0.31,0.325,0.3075,0.27666667,0.13166668,0.4325,0.8875,0.23,0.52250004,0.315,0.12666667,0.18666667,0.054166667,0.04916667,0.1475,0.22749999,0.6658333,0.25,0.9,0.36083335,0.061666667,0.20250002,0.1925,0.21000001,0.24249999,0.38083336,0.086666666,0.1425,0.08916667,0.14,0.29083332,0.69083333,0.40416667,0.21666667,0.3975,0.2225,0.66583335,0.2425,0.19583334,0.21916667,0.1275,0.124166675,0.20166667,0.4691667,0.23416668,0.26833335,0.26583332,0.18583333,0.25333333,0.4975,0.3891667
BC2026_Train_0016_S18_20220204_221500_45,0.4166667,0.34083337,0.5133334,0.805,0.6666667,0.5541667,0.9895834,0.73333335,0.37416667,0.91583335,0.71416664,0.72583336,0.8191667,0.65,0.6566667,0.54583335,0.6791667,0.39416665,0.8066667,0.6441667,0.7966667,0.34000003,0.7816667,0.66,0.39916667,0.7325,0.68416667,0.6716666,0.2775,0.70750004,0.44166666,0.3466667,0.32916665,0.84333336,0.285,0.55916667,0.45999998,0.1875,0.7641667,0.445,0.31333333,0.62333333,0.30416667,0.37083334,0.2875,0.33083335,0.23583335,0.1525,0.24666667,0.2566667,0.42916667,0.4225,0.40250003,0.49,0.41500002,0.475,0.59000003,0.58833337,0.43,0.33416668,0.22083335,0.6516667,0.78583336,0.62333333,0.32083336,0.5625,0.71583337,0.7791667,0.73166674,0.6125,0.84166664,0.41833335,0.35250002,0.20083334,0.54333335,0.114999995,0.8908333,0.43916667,0.555,0.4925,0.6208334,0.33583334,0.6716666,0.7241667,0.46,0.6425,0.30916667,0.18333334,0.425,0.5208334,0.53499997,0.21000002,0.52166665,0.5416667,0.78583336,0.8008334,0.5791667,0.2866667,0.14999999,0.38750002,0.35750002,0.34000003,0.14916666,0.88166666,0.855,0.7533334,0.5083333,0.8308334,0.10583333,0.33166665,0.05666667,0.9608333,0.45,0.15333334,0.5075,0.3333333,0.8808334,0.99,0.8433333,0.087500006,0.51,0.14166667,0.32583332,0.16166668,0.7666667,0.101666674,0.40166667,0.2975,0.37916666,0.9091667,0.5333333,0.62333333,0.5883333,0.054166667,0.26666668,0.38083336,0.48416665,0.27583334,0.26666665,0.62500006,0.59833336,0.14333335,0.4125,0.18416667,0.4991667,0.6591667,0.22083335,0.2625,0.41166666,0.7558334,0.64666665,0.19833335,0.26416668,0.235,0.32916668,0.32916665,0.5183333,0.74250007,0.27,0.8283334,0.24666667,0.19583334,0.35333335,0.22916667,0.27666667,0.14833334,0.93083334,0.12250001,0.20333332,0.2866667,0.405,0.2566667,0.47166666,0.3466667,0.23666668,0.9533333,0.28833333,0.13583334,0.24583335,0.35333335,0.31583336,0.51166666,0.6275,0.33,0.24166669,0.48333332,0.29583332,0.21083333,0.535,0.875,0.43958333,0.56416667,0.45083335,0.22083333,0.28083333,0.17833334,0.115833335,0.18833333,0.24416667,0.92333335,0.28083333,0.97583336,0.6866667,0.12166667,0.44583338,0.24916667,0.29333335,0.5541667,0.41,0.11833334,0.16833334,0.11916667,0.18083334,0.23666668,0.7241667,0.37833333,0.23250002,0.43333334,0.29416668,0.7316667,0.3491667,0.25333333,0.26250002,0.25416666,0.24666667,0.26833335,0.6483333,0.2925,0.51,0.30333334,0.29083335,0.3,0.6616667,0.6375
BC2026_Train_0016_S18_20220204_221500_50,0.2775,0.25083333,0.42833334,0.8,0.6958333,0.38916668,0.99916667,0.7983334,0.5758334,0.8441667,0.7075,0.735,0.89,0.7083333,0.6141667,0.5941667,0.87583333,0.46583334,0.8858333,0.91583335,0.81000006,0.34083334,0.9166666,0.53416663,0.41250002,0.9041667,0.46166667,0.67333335,0.305,0.7166667,0.40750003,0.50750005,0.21000001,0.7275,0.22666667,0.58916664,0.41000003,0.15333334,0.6066667,0.45,0.2475,0.49583334,0.27416667,0.42416668,0.30583334,0.38083336,0.24416667,0.185,0.16833334,0.21916667,0.435,0.48833334,0.425,0.41583335,0.44583333,0.29166666,0.50083333,0.6125,0.3541667,0.53583336,0.60083336,0.55333334,0.85,0.6933333,0.385,0.52166665,0.745,0.7491667,0.51250005,0.45583332,0.72833335,0.42583334,0.3325,0.24666667,0.42083332,0.21583334,0.8425,0.24833335,0.5758334,0.30666667,0.58833337,0.20333335,0.65166664,0.6116667,0.3825,0.59833336,0.37583336,0.20333335,0.3441667,0.6383333,0.7375,0.23083335,0.25083333,0.3766667,0.7633334,0.6983334,0.48083335,0.19500001,0.31,0.62,0.36333334,0.32083333,0.17166667,0.8258334,0.9558333,0.82500005,0.24666668,0.75416666,0.2,0.34666666,0.087500006,0.9425,0.7291667,0.21083333,0.6929167,0.3,0.91083336,0.8825,0.7883333,0.09833334,0.45916665,0.3791667,0.25250003,0.18666667,0.79583335,0.09916668,0.34,0.24666667,0.53333336,0.84083337,0.3675,0.55,0.44083333,0.12083334,0.29083335,0.37666667,0.38000003,0.38916668,0.17083335,0.60083336,0.5833334,0.09833334,0.34833336,0.16333333,0.22166668,0.6025,0.18,0.305,0.41583335,0.89666665,0.65000004,0.18,0.22500002,0.18916667,0.31166667,0.3075,0.59333336,0.35333335,0.32833335,0.69916666,0.27166668,0.3716667,0.23333335,0.32333332,0.29166666,0.16916667,0.86,0.2025,0.275,0.28166667,0.62083334,0.205,0.30833334,0.37416667,0.21916667,0.93083334,0.33083335,0.155,0.22500001,0.27416667,0.2725,0.8691667,0.66625005,0.33,0.305,0.38583335,0.34916666,0.2275,0.5733333,0.8191667,0.4116667,0.505,0.735,0.18166667,0.1675,0.24166667,0.20625001,0.25666666,0.30416667,0.5941667,0.33583334,0.93,0.49083334,0.29916668,0.49166667,0.61833334,0.23916668,0.58833337,0.555,0.11,0.17083333,0.095,0.235,0.155,0.7683334,0.38916668,0.15416667,0.295,0.29583332,0.5675,0.3991667,0.35250002,0.3125,0.20500001,0.33750004,0.22500001,0.45916668,0.22666666,0.31416667,0.17583333,0.12083334,0.29083332,0.45333332,0.48
BC2026_Train_0016_S18_20220204_221500_55,0.27666667,0.17583334,0.205,0.80083334,0.67083335,0.27416667,0.9875,0.6041667,0.505,0.91583335,0.705,0.6275,0.87,0.51666665,0.3625,0.56083333,0.86749995,0.50666666,0.82250005,0.92583334,0.7691667,0.3025,0.9008333,0.36666667,0.47083336,0.8558333,0.24583334,0.67083335,0.30083334,0.7191667,0.38750002,0.56083333,0.17083333,0.50416666,0.16083333,0.52583337,0.42833334,0.17583333,0.4925,0.3866667,0.19833334,0.41166666,0.19083333,0.48083335,0.255,0.31583333,0.22833334,0.119166665,0.12166667,0.26666668,0.3866667,0.4066667,0.35000002,0.3241667,0.39000002,0.20833334,0.42916667,0.60583335,0.20375,0.59833336,0.9175,0.4325,0.80166674,0.67833334,0.4141667,0.3491667,0.6391667,0.6766667,0.49416667,0.43916667,0.6316667,0.39083332,0.45333332,0.18208334,0.26000002,0.21833335,0.8516667,0.19416666,0.5466667,0.39416668,0.45,0.22250001,0.63,0.7241667,0.26666665,0.5133334,0.3045833,0.14916667,0.36833334,0.5941667,0.7366667,0.19833334,0.3466667,0.38583335,0.5391667,0.78000003,0.34833336,0.24249999,0.30916667,0.33583334,0.41333336,0.2475,0.18166667,0.79,0.9733333,0.6575,0.33166668,0.61,0.19166668,0.32333335,0.06583334,0.93333334,0.49,0.2566667,0.7041667,0.33666667,0.975,0.73833334,0.885,0.07666667,0.45666668,0.40833336,0.18666668,0.3075,0.795,0.13333333,0.23083332,0.20500001,0.58750004,0.8516667,0.28625,0.6258334,0.4025,0.14833334,0.29916668,0.27916667,0.32583335,0.2825,0.08916667,0.6,0.6225,0.10333334,0.25541666,0.19500001,0.25583336,0.5125,0.20750001,0.16833332,0.52250004,0.6766667,0.5425,0.18416667,0.20666668,0.21000001,0.30583334,0.21333334,0.6141667,0.26166666,0.18333334,0.5833333,0.24916667,0.46333334,0.36583334,0.3491667,0.33416665,0.26583332,0.72833335,0.16666667,0.3375,0.23166667,0.59416664,0.22166666,0.22916667,0.48333338,0.29833335,0.97583336,0.4325,0.14750001,0.13833334,0.17916667,0.28833333,0.9316667,0.8983333,0.4441667,0.51000005,0.4608333,0.465,0.16083334,0.48416668,0.8208334,0.32833335,0.5733333,0.46583334,0.120833345,0.14750001,0.23166667,0.185,0.2925,0.30083334,0.41916668,0.3241667,0.8825,0.2975,0.23583333,0.42416668,0.31833333,0.20166667,0.56916666,0.62583333,0.12583333,0.21666668,0.10916667,0.19166668,0.23375,0.76750004,0.37666667,0.12333334,0.4016667,0.27,0.44666666,0.535,0.47750002,0.45833337,0.12583333,0.20833334,0.22583333,0.5291667,0.26,0.20333333,0.22083333,0.125,0.4091667,0.30583334,0.35083336
BC2026_Train_0016_S18_20220204_221500_60,0.18083334,0.25333333,0.15666667,0.80916667,0.48333332,0.33083335,0.99666667,0.39083335,0.16583332,0.92,0.74666667,0.6641667,0.7275,0.5833333,0.30583334,0.42166668,0.72916675,0.81,0.88666666,0.845,0.6308334,0.3241667,0.7791667,0.48833334,0.20250002,0.61833334,0.43250003,0.4583333,0.22166666,0.7016667,0.32,0.35083333,0.14833334,0.6958333,0.23666668,0.4975,0.45833334,0.15416667,0.5133333,0.4675,0.16083333,0.31916666,0.23833334,0.36916667,0.26666668,0.36,0.22,0.079166666,0.13083333,0.18333334,0.44083333,0.38750002,0.37750003,0.30416667,0.39583334,0.15416667,0.38250002,0.65500003,0.26416668,0.72833335,0.9925,0.50666666,0.60083336,0.62833333,0.48583335,0.34,0.6333334,0.57500005,0.47833335,0.44083333,0.6725,0.30666667,0.4225,0.13916667,0.45833334,0.115833335,0.82916665,0.24249999,0.755,0.61833334,0.59,0.22666666,0.6225,0.82000005,0.23583335,0.42,0.45499998,0.22416666,0.38083336,0.61083335,0.4375,0.11583333,0.52416664,0.48833334,0.41833335,0.8,0.4016667,0.2425,0.24416667,0.41583332,0.45333332,0.20833334,0.19083333,0.7983334,0.9008333,0.55083334,0.43583336,0.59583336,0.20416667,0.3325,0.10916667,0.93583333,0.40791667,0.16166668,0.535,0.22916667,0.9175,0.85,0.8675,0.123333335,0.5833334,0.1575,0.2225,0.24166666,0.7275,0.105000004,0.245,0.165,0.56500006,0.87083334,0.3541667,0.69166666,0.4575,0.120000005,0.28,0.2225,0.3725,0.18833333,0.086666666,0.54583335,0.6141667,0.36083335,0.31666666,0.1275,0.27083334,0.425,0.20250002,0.1825,0.6466667,0.4225,0.6141667,0.17416668,0.36666667,0.27166668,0.30333334,0.17916667,0.4791667,0.2975,0.1525,0.40750003,0.41333336,0.14583334,0.42333335,0.175,0.5175,0.18333334,0.79083335,0.21833333,0.24416669,0.26833335,0.4175,0.27416667,0.18916667,0.48166668,0.5366667,0.7791667,0.30333334,0.13333333,0.19833334,0.25,0.32416666,0.56416667,0.93333334,0.53999996,0.47833335,0.5858333,0.5808333,0.1425,0.40166667,0.8083334,0.33,0.5175,0.4275,0.19,0.16416666,0.18416667,0.22999999,0.34833336,0.235,0.5058333,0.32,0.71000004,0.32666668,0.355,0.40000004,0.21416666,0.21916667,0.38250002,0.5008334,0.23333333,0.31333333,0.10000001,0.5075,0.11083333,0.675,0.44750002,0.105000004,0.4875,0.26916668,0.545,0.3541667,0.6383333,0.39666668,0.12583333,0.135,0.25083333,0.495,0.22,0.25916666,0.35250002,0.13833334,0.54,0.32250002,0.35250002
BC2026_Train_0017_S22_20211026_233000_5,0.35083336,0.27666667,0.6375,0.6741667,0.53333336,0.25,0.78083336,0.76000005,0.5075,0.8291667,0.9008333,0.81750005,0.61333334,0.45416668,0.24,0.6666667,0.40083334,0.68,0.98583335,0.47833335,0.49,0.79083335,0.47833332,0.9241667,0.21666667,0.24125001,0.31083333,0.66083336,0.29416668,0.99333334,0.28083333,0.08833333,0.22416666,0.21,0.2825,0.0675,0.26000002,0.36333334,0.44833332,0.13916667,0.4625,0.2916667,0.39,0.09833334,0.2675,0.3675,0.34333336,0.20833334,0.52166665,0.5708333,0.27166668,0.235,0.24833335,0.40333334,0.19250001,0.8575,0.17083335,0.92,0.97833335,0.9558333,0.9775,0.52750003,0.17500001,0.7266667,0.65083337,0.80750006,0.855,0.83000004,0.5083333,0.95375,0.20750001,0.122499995,0.23333333,0.89166665,0.26666668,0.17,0.19166668,0.29833335,0.08166667,0.7716667,0.5308333,0.098333344,0.89416665,0.5466667,0.45833334,0.365,0.120000005,0.9525,0.25166667,0.295,0.27583334,0.3466667,0.6741667,0.7666667,0.77583337,0.745,0.68666667,0.61,0.91583335,0.52166665,0.1725,0.37,0.09,0.96166664,0.9325,0.3541667,0.123333335,0.31583333,0.39833334,0.32500002,0.23583333,0.33416665,0.11416668,0.1025,0.22666666,0.14166667,0.1275,0.35083333,0.295,0.5516667,0.555,0.16166668,0.20916668,0.42416668,0.9291667,0.35750002,0.39750004,0.30416667,0.038333334,0.32666668,0.795,0.44,0.74333334,0.96666664,0.45583332,0.12833333,0.47333333,0.5233333,0.23833334,0.95916665,0.23750001,0.17750001,0.058333337,0.17500001,0.9575,0.2891667,0.09166667,0.6691667,0.64666665,0.2125,0.59749997,0.14833334,0.26583335,0.09,0.85583335,0.19,0.2791667,0.36083335,0.1275,0.3333333,0.04666667,0.63,0.6191667,0.16166666,0.10583334,0.9141667,0.63666666,0.23166668,0.075833336,0.26749998,0.57250005,0.24416667,0.135,0.11833334,0.36166668,0.8825,0.13416667,0.795,0.27833334,0.9058333,0.12583333,0.07666667,0.5058333,0.21916667,0.46666667,0.10666668,0.14583333,0.21833333,0.075833336,0.23416668,0.04916667,0.90166664,0.20750001,0.6625,0.29250002,0.47583333,0.315,0.09333334,0.63166666,0.43916667,0.1925,0.15583333,0.39750004,0.2025,0.215,0.245,0.95916665,0.4825,0.31833333,0.71500003,0.15083334,0.43916667,0.2425,0.6825,0.8908333,0.79666674,0.19916667,0.71583337,0.155,0.74,0.19416668,0.26500002,0.6958334,0.13666667,0.125,0.3025,0.19416668,0.48416668,0.46583337,0.35000002,0.55916667,0.545,0.185,0.06916667
BC2026_Train_0017_S22_20211026_233000_10,0.35750002,0.21166667,0.63500005,0.6508333,0.625,0.26833335,0.6958333,0.83250004,0.5758333,0.81500006,0.8516667,0.73,0.78083336,0.10416667,0.27416667,0.74583334,0.38833335,0.8858333,0.99083334,0.5725,0.45166665,0.9825,0.28666666,0.66583335,0.16333333,0.22083333,0.22083333,0.6458334,0.18583333,0.99583334,0.25958335,0.087500006,0.31333333,0.15833335,0.31333333,0.05166667,0.2975,0.4975,0.48833334,0.125,0.5108334,0.29,0.21166667,0.083333336,0.195,0.24499999,0.40416667,0.28833333,0.59083337,0.71500003,0.23666666,0.18583335,0.21333334,0.34666666,0.22833332,0.85333335,0.16916667,0.8725,0.9516667,0.98583335,0.98583335,0.6075,0.16583332,0.76000005,0.8525,0.83750004,0.7575,0.9525,0.4225,0.96166664,0.18,0.1275,0.32,0.9791667,0.35250002,0.16583332,0.1525,0.31,0.0825,0.96750003,0.6325,0.11666667,0.8216667,0.39166668,0.4066667,0.40500003,0.1275,0.885,0.37583336,0.26500002,0.29083335,0.5141667,0.48000005,0.80500007,0.63166666,0.7608333,0.70750004,0.6333333,0.7566667,0.5208334,0.15916666,0.62833333,0.116666675,0.97833335,0.96750003,0.24166667,0.1725,0.41583335,0.365,0.17416668,0.21166667,0.29416668,0.14583334,0.08166667,0.20083334,0.13166668,0.07,0.43833333,0.20916668,0.7016667,0.61583334,0.20416667,0.123333335,0.41000003,0.95500004,0.37666667,0.52500004,0.25083333,0.045,0.5266667,0.7691667,0.39166668,0.9525,0.94416666,0.3725,0.13333333,0.54833335,0.7691667,0.4075,0.95416665,0.18,0.24750002,0.052500002,0.17583334,0.9583333,0.33416668,0.1025,0.82500005,0.6191667,0.23166667,0.57166666,0.28166667,0.22916669,0.055833332,0.8591667,0.35333335,0.5,0.24416667,0.05666667,0.38666666,0.06583333,0.32583332,0.7375001,0.31583333,0.05416667,0.92833334,0.5283333,0.30416667,0.09833334,0.23,0.58250004,0.24916668,0.087500006,0.17916667,0.46,0.6775,0.12833333,0.8358334,0.17166667,0.7225,0.11500001,0.08083333,0.37833333,0.14416666,0.39083335,0.053333335,0.08916667,0.13083333,0.116666675,0.2825,0.051666666,0.88916665,0.42083335,0.6491667,0.26083332,0.40333337,0.2708333,0.094166666,0.5525,0.5733333,0.08916667,0.22333334,0.5208334,0.19083335,0.16499999,0.23416668,0.96,0.42083332,0.27833334,0.4591667,0.097500004,0.1675,0.35000002,0.6483334,0.90166664,0.8375,0.19083333,0.7016667,0.099999994,0.7841667,0.18,0.27916667,0.6325,0.17083333,0.13833334,0.30666667,0.18666668,0.6491667,0.41583335,0.185,0.5675,0.5958333,0.16166666,0.058333334
BC2026_Train_0017_S22_20211026_233000_15,0.35166666,0.40916666,0.7216667,0.6333333,0.42083335,0.22083333,0.55833334,0.9033333,0.46833333,0.8575,0.94,0.94083333,0.42083335,0.079166666,0.14583333,0.6066667,0.32541668,0.32750002,0.96999997,0.34666666,0.36083335,0.59000003,0.12416667,0.52416664,0.07333334,0.26333335,0.15833333,0.72,0.18166667,0.99833333,0.25166667,0.0225,0.35083336,0.17083333,0.74166673,0.017500002,0.16166668,0.46250004,0.5058334,0.100833334,0.625,0.32333332,0.17,0.015833333,0.24166667,0.245,0.45166665,0.37166667,0.61833334,0.6808334,0.17916666,0.11500001,0.15583333,0.32874998,0.265,0.92583334,0.068333335,0.74666667,0.9433333,0.90916663,0.96416664,0.45833334,0.08666667,0.6983334,0.5491667,0.9591667,0.81166667,0.95916665,0.37416667,0.9633333,0.13,0.0975,0.08666667,0.8925,0.38833335,0.22083335,0.08083333,0.35833335,0.035833336,0.72,0.61333334,0.08416667,0.8366667,0.28083333,0.32666665,0.96916664,0.035833336,0.7016667,0.1725,0.17333335,0.27666667,0.95416665,0.37,0.6408334,0.5766667,0.51916665,0.805,0.595,0.42083335,0.22333333,0.07833333,0.54583335,0.120000005,0.9625,0.89500004,0.19,0.0625,0.20500001,0.15,0.03916667,0.061666667,0.19083333,0.064166665,0.038333334,0.24333334,0.0375,0.08916667,0.37,0.13166666,0.7458334,0.5341667,0.09416667,0.06416667,0.22250001,0.96,0.29083335,0.22166666,0.22166666,0.030000003,0.355,0.9483333,0.15166667,0.7133333,0.9525,0.24000001,0.12416667,0.43916667,0.83833337,0.3366667,0.9658333,0.15166667,0.034166668,0.035833336,0.05916667,0.9725,0.18083334,0.043333337,0.79,0.56,0.20166668,0.45,0.16333333,0.20416668,0.045,0.65000004,0.32916668,0.17166667,0.15166667,0.031666666,0.2708333,0.028333334,0.15666667,0.50333333,0.645,0.034166668,0.80666673,0.46833333,0.18,0.1125,0.09166667,0.42666668,0.13916667,0.08666667,0.095,0.28750002,0.3975,0.120000005,0.48583335,0.14083333,0.6983334,0.08083334,0.031666666,0.20166667,0.061666667,0.27666667,0.015833335,0.047500003,0.100833334,0.04666667,0.21000001,0.059166666,0.9008333,0.25583333,0.4691667,0.20166667,0.35250002,0.11916667,0.061666667,0.29749998,0.48833334,0.033333335,0.15166667,0.5058333,0.112500004,0.07416667,0.10916667,0.96166664,0.44333336,0.11750001,0.094166666,0.12083334,0.045833334,0.1825,0.545,0.89,0.82750005,0.2125,0.6891667,0.0375,0.7641667,0.090833336,0.12833333,0.39333332,0.05333334,0.09416667,0.26500002,0.12750001,0.34333333,0.32833335,0.11750001,0.4641667,0.32083333,0.12916666,0.052500002
BC2026_Train_0017_S22_20211026_233000_20,0.44333336,0.63500005,0.9,0.6075,0.45833334,0.3441667,0.7541667,0.86833334,0.31166667,0.8875,0.96999997,0.99666667,0.25583333,0.5208333,0.17833333,0.5891667,0.45666668,0.10666667,0.8566667,0.3675,0.4166667,0.2825,0.18916667,0.6666666,0.15916666,0.34666666,0.1975,0.8233334,0.46583337,0.9866667,0.32666668,0.0775,0.5475,0.24250002,0.8358333,0.14750001,0.205,0.46833333,0.59749997,0.21333334,0.605,0.42083335,0.32083336,0.090833336,0.22333333,0.19333334,0.41,0.5733334,0.6383334,0.6516667,0.29416668,0.20666666,0.22,0.41916665,0.2733333,0.98583335,0.07666667,0.6225,0.8541666,0.65083337,0.9716667,0.4920833,0.12666667,0.59833336,0.30583334,0.98333335,0.9133333,0.9825,0.5466667,0.98333335,0.18083334,0.25416666,0.10666666,0.7641667,0.87333333,0.3,0.043333337,0.39916667,0.060000002,0.26333335,0.58833337,0.08583334,0.78000003,0.38583332,0.59583336,1.0,0.05666667,0.5741667,0.19041666,0.25,0.31416667,0.9941667,0.60583335,0.32833335,0.54833335,0.56,0.8366667,0.5908333,0.4075,0.19000001,0.0775,0.48000002,0.12083334,0.97583336,0.8558333,0.47083336,0.13250001,0.26666665,0.1125,0.03666667,0.043333337,0.22250001,0.09291667,0.025833335,0.36333334,0.11666667,0.0875,0.47500002,0.12916666,0.73333335,0.6125,0.14833334,0.1425,0.13416666,0.9216667,0.21583335,0.29333335,0.67083335,0.06250001,0.2675,0.99,0.16916667,0.35500002,0.98583335,0.4575,0.12833333,0.46916667,0.805,0.38416666,0.9683333,0.20833334,0.024166668,0.08083333,0.0375,0.97833335,0.15333334,0.03666667,0.8475,0.6191667,0.20833334,0.58416665,0.11833334,0.14333335,0.0675,0.8183334,0.37083334,0.11750001,0.2075,0.071666665,0.37833336,0.05666667,0.13583334,0.32333332,0.74916667,0.034166668,0.6433334,0.5766667,0.10916667,0.08166666,0.1275,0.6508333,0.17583333,0.12083334,0.0925,0.16416666,0.2891667,0.11916667,0.09166667,0.18916668,0.8975,0.06333333,0.045833334,0.18333335,0.04416667,0.25666666,0.0475,0.090833336,0.17500001,0.09583333,0.3875,0.04416667,0.935,0.31416667,0.5516667,0.122499995,0.3475,0.13666667,0.041666668,0.5433333,0.42833334,0.040000003,0.19166666,0.9075,0.13166668,0.07833333,0.13833334,0.98083335,0.5525,0.23083335,0.07083334,0.08166667,0.013333335,0.16583334,0.56375,0.9058333,0.7658334,0.12750001,0.8008334,0.040833335,0.9508333,0.1025,0.12833333,0.5316667,0.13916667,0.17416666,0.44333336,0.17375001,0.23750001,0.45166665,0.26166666,0.44333333,0.25166667,0.315,0.06583334
BC2026_Train_0017_S22_20211026_233000_25,0.47583336,0.5416667,0.9141667,0.6191667,0.425,0.4225,0.7008333,0.84333336,0.405,0.88666666,0.95916665,0.97833335,0.20750001,0.41250002,0.17583333,0.72583336,0.39416668,0.111666664,0.7033334,0.39083335,0.48916668,0.305,0.62,0.38666666,0.29250002,0.3625,0.24083334,0.7841667,0.61,0.9841667,0.3275,0.155,0.5316667,0.22,0.69500005,0.27708334,0.26416668,0.4016667,0.6141667,0.23583335,0.3825,0.3825,0.1375,0.1825,0.20833334,0.18666668,0.3475,0.66833335,0.60333335,0.545,0.23833334,0.1575,0.17083335,0.35916668,0.34333333,0.8875,0.1125,0.63416666,0.81333333,0.5366667,0.95416665,0.45499998,0.11,0.61833334,0.34333333,0.91083336,0.87666667,0.96750003,0.6533333,0.99625003,0.17666668,0.2525,0.14,0.7058333,0.92833334,0.21416667,0.11750001,0.33249998,0.07416667,0.24833333,0.43083334,0.090833336,0.77750003,0.40416667,0.765,0.99583334,0.05333334,0.6166667,0.17833334,0.22416668,0.34166667,0.96250004,0.42249998,0.25083333,0.49583334,0.7116667,0.7741667,0.55833334,0.35833335,0.2675,0.10083334,0.30666667,0.13583334,0.985,0.84,0.54083335,0.12583333,0.29916668,0.13166666,0.05166667,0.030000003,0.26666665,0.0625,0.032500003,0.31,0.18083334,0.060833335,0.5258333,0.0675,0.5525,0.6433333,0.13833334,0.1975,0.19749999,0.97583336,0.29333335,0.26583335,0.95416665,0.053333335,0.25333333,0.98583335,0.15083334,0.28250003,0.9875,0.5133333,0.10333334,0.49166667,0.7,0.26916665,0.97083336,0.21583334,0.085,0.055000003,0.018333334,0.9791667,0.2325,0.024166668,0.76166666,0.5783333,0.20333335,0.6433334,0.135,0.12416667,0.052500002,0.92333335,0.23916668,0.0825,0.27166668,0.059166666,0.30083334,0.04916667,0.17500001,0.37333333,0.56083333,0.0275,0.6741667,0.52916664,0.26916665,0.039166667,0.18166669,0.74333334,0.2325,0.08416667,0.13333334,0.17916667,0.34666666,0.14250001,0.10500001,0.32083333,0.9525,0.04666667,0.050833337,0.22083333,0.055833332,0.24666667,0.03541667,0.056666672,0.26666665,0.07416667,0.375,0.031666666,0.92083335,0.15583333,0.6125,0.19333334,0.36166668,0.11,0.05333334,0.6025,0.4166667,0.06333333,0.16000001,0.81750005,0.13833334,0.14500001,0.095,0.985,0.58416665,0.3125,0.14833334,0.12916666,0.025833335,0.23250002,0.565,0.865,0.74500006,0.11833334,0.7608334,0.060000006,0.9533334,0.109166674,0.20083332,0.56666666,0.09,0.12916668,0.6325,0.17916667,0.3125,0.5083333,0.26,0.30666667,0.30916667,0.36833334,0.055000003
BC2026_Train_0017_S22_20211026_233000_30,0.44083336,0.36416668,0.7658334,0.58500004,0.325,0.165,0.50166667,0.81083333,0.2625,0.8833333,0.9583333,0.855,0.17916666,0.025000002,0.068333335,0.44750002,0.23583335,0.047500003,0.64625,0.29,0.2225,0.26833335,0.52750003,0.12416667,0.12166667,0.205,0.11416667,0.34583336,0.41750002,0.9745834,0.41916665,0.059166666,0.53333336,0.25583333,0.17500001,0.12666668,0.15083334,0.37666667,0.7083334,0.14916666,0.44083336,0.5058333,0.040000003,0.07333334,0.10333334,0.10666668,0.29500002,0.5966667,0.5716667,0.52583337,0.15083334,0.12,0.13416666,0.44,0.24916667,0.6875,0.17166667,0.6725,0.7350001,0.6383333,0.9791667,0.3525,0.07,0.67333335,0.29500002,0.42916667,0.74916667,0.7933334,0.365,0.9875,0.11,0.064166665,0.0225,0.9266667,0.67,0.048333336,0.035000004,0.19,0.045833334,0.15,0.39416668,0.068333335,0.7375,0.50083333,0.3141667,0.9875,0.033333335,0.7191667,0.113333344,0.10583334,0.34500003,0.5058333,0.1825,0.18833333,0.21833335,0.5325,0.6483333,0.56083333,0.3175,0.16083333,0.048333336,0.18416667,0.14833334,0.99083334,0.73583335,0.2541667,0.055833336,0.24333334,0.07083333,0.027500002,0.035833333,0.29666668,0.06583334,0.0225,0.090833336,0.06416667,0.046666667,0.30666667,0.065,0.4675,0.42083335,0.108333334,0.108333334,0.08666667,0.7941667,0.18916667,0.16916667,0.61333334,0.030833334,0.38166666,0.9275,0.09583334,0.19833334,0.995,0.48833334,0.08,0.29083335,0.6141667,0.19333333,0.99583334,0.17666668,0.040833335,0.027500002,0.008333334,0.99666667,0.021666668,0.039166667,0.8366667,0.58833337,0.15333334,0.6816667,0.047500003,0.094166666,0.041666668,0.60083336,0.13333333,0.058333337,0.14583334,0.065,0.12416667,0.025000002,0.1325,0.068333335,0.17166668,0.010000001,0.6866667,0.4641667,0.10833334,0.05583334,0.035833336,0.3675,0.12666667,0.034166668,0.083333336,0.115,0.38833332,0.05916667,0.060000006,0.0775,0.80666673,0.024166668,0.012500001,0.1175,0.0175,0.22000001,0.0075000008,0.039166667,0.11,0.035,0.61083335,0.02666667,0.82500005,0.19666667,0.6425,0.13833334,0.19583333,0.0675,0.035000004,0.42166668,0.27416664,0.032500003,0.06666667,0.44083336,0.087500006,0.056666672,0.12,0.9779167,0.114999995,0.13666667,0.04666667,0.1625,0.014166667,0.17833334,0.36416668,0.8625,0.74166673,0.045,0.55833334,0.019166667,0.7316667,0.056666672,0.042500004,0.5075,0.08583333,0.07333334,0.425,0.13250001,0.2175,0.35833335,0.23583335,0.255,0.14750001,0.13,0.03666667
BC2026_Train_0017_S22_20211026_233000_35,0.51166666,0.33166665,0.66333336,0.56083333,0.32083333,0.095000006,0.27083334,0.77250004,0.135,0.82000005,0.87583333,0.6016667,0.10916667,0.004166667,0.039166667,0.2525,0.155,0.045833334,0.67,0.21583334,0.1975,0.27833334,0.41916668,0.12833335,0.072500005,0.065000005,0.14000002,0.22333333,0.13583334,0.95666665,0.45416665,0.019166667,0.66166663,0.17416668,0.10083334,0.039166667,0.1175,0.43583333,0.74,0.083333336,0.58916664,0.6358334,0.030833336,0.030000001,0.116666675,0.12666667,0.36416668,0.63750005,0.6441667,0.60833335,0.13166666,0.12916666,0.13833334,0.59833336,0.2275,0.54583335,0.068333335,0.6425,0.53083336,0.6716667,0.94,0.36333334,0.058333337,0.58500004,0.26083335,0.24083334,0.72083336,0.64,0.28750002,0.9716667,0.09833333,0.038333334,0.010833334,0.7225,0.73583335,0.10583334,0.009166667,0.12166667,0.011666668,0.1875,0.44083333,0.07833334,0.74750006,0.32,0.16499999,0.9816667,0.017500002,0.6725,0.12833335,0.10666668,0.37,0.07333334,0.18416667,0.18583333,0.12166667,0.65333337,0.5841667,0.57416666,0.35,0.12916666,0.053333335,0.1675,0.14083333,0.99666667,0.70750004,0.2625,0.0625,0.16583332,0.08083333,0.026666667,0.010833334,0.21833333,0.020833334,0.02666667,0.13916668,0.05416667,0.06583333,0.29833335,0.13000001,0.47833332,0.42000002,0.1225,0.10666667,0.075833336,0.6191667,0.23916668,0.16000001,0.1375,0.004166667,0.21833333,0.68583333,0.12083334,0.21000001,1.0,0.49833333,0.10083334,0.255,0.48250002,0.17833334,0.99833333,0.17666668,0.040000003,0.008333334,0.0075000008,0.9975,0.051666666,0.019166667,0.66,0.5266667,0.1625,0.79916674,0.10166667,0.075833336,0.010000001,0.11333334,0.08583334,0.1125,0.09583333,0.2,0.11583333,0.038333334,0.09,0.10583334,0.14666668,0.020000001,0.6191667,0.34416667,0.06666667,0.040833335,0.0225,0.35833335,0.079166666,0.014166667,0.11416667,0.14916667,0.5466667,0.030833336,0.04041667,0.07,0.30666667,0.009166667,0.008333334,0.08666667,0.0225,0.23333335,0.030000003,0.020833334,0.035,0.04416667,0.7875,0.004166667,0.8575,0.055000003,0.9058333,0.116666675,0.11916667,0.055833336,0.040000003,0.33666667,0.29666668,0.0325,0.094166666,0.5916667,0.07416666,0.04416667,0.094166666,0.9741667,0.029166667,0.0775,0.13166668,0.07666667,0.011666668,0.075,0.35583335,0.84333336,0.7116667,0.07916667,0.45583338,0.028333334,0.71,0.034166668,0.056666672,0.31083333,0.0375,0.09833334,0.19916666,0.11583333,0.18916667,0.24916667,0.26916668,0.20583335,0.095000006,0.07083333,0.020833336
BC2026_Train_0017_S22_20211026_233000_40,0.42833334,0.28166667,0.63166666,0.6358333,0.39583337,0.1825,0.3725,0.73833334,0.43083337,0.83833337,0.8833333,0.62083334,0.18916667,0.045833334,0.09916668,0.2891667,0.23500001,0.91833335,0.6041667,0.40833336,0.32666665,0.6175,0.32083333,0.16,0.07416667,0.145,0.1175,0.22749999,0.15416667,0.945,0.39166668,0.015833335,0.4891667,0.10583333,0.1125,0.038333334,0.084166676,0.39166668,0.7608334,0.045833334,0.525,0.5,0.044999998,0.029166669,0.13083333,0.13750002,0.3441667,0.49583334,0.5958333,0.5675,0.119166665,0.13583334,0.115833335,0.41416666,0.1875,0.50416666,0.0425,0.6483333,0.7508334,0.9916667,0.9583333,0.40500003,0.07833333,0.68000007,0.73583335,0.26333332,0.75083333,0.875,0.40333337,0.97083336,0.100833334,0.09333334,0.045833334,0.97833335,0.7375,0.093333334,0.0050000004,0.07,0.014166668,0.84833336,0.5108333,0.08583333,0.7716667,0.31166667,0.1775,0.96666664,0.024166668,0.46500003,0.11916667,0.19500002,0.35333335,0.11625,0.26583332,0.23249999,0.12833333,0.8625,0.53333336,0.555,0.35416666,0.2125,0.05166667,0.19333333,0.124583334,0.99916667,0.88,0.26,0.060000002,0.2125,0.075833336,0.020833334,0.0175,0.20583335,0.034166668,0.011666668,0.125,0.025000002,0.048333336,0.32166666,0.07333334,0.45250002,0.5675,0.033333335,0.071666665,0.024166668,0.6625,0.26833332,0.19708332,0.13583334,0.0225,0.25083333,0.62583333,0.10333334,0.93416667,0.9891667,0.4566667,0.07333334,0.4391667,0.45833334,0.17416666,0.9866667,0.18583333,0.029166667,0.015833335,0.013333335,0.9925,0.0425,0.017500002,0.64,0.48083335,0.23083334,0.69500005,0.07,0.10333334,0.025833335,0.10333333,0.0575,0.16083333,0.08166666,0.17500001,0.2,0.05416667,0.13166666,0.27666667,0.11916667,0.034166668,0.6191667,0.35916665,0.112500004,0.031666666,0.011666668,0.32166666,0.11916667,0.0225,0.068333335,0.135,0.425,0.061666667,0.31416667,0.051666666,0.26583335,0.010000001,0.013333335,0.07833334,0.040000003,0.38166666,0.026666667,0.02666667,0.026666667,0.071666665,0.73333335,0.017500002,0.82250005,0.21833333,0.8258334,0.07416667,0.14,0.058333337,0.056666672,0.40916666,0.2975,0.027500002,0.050833333,0.47250003,0.060833335,0.04416667,0.07416667,0.97083336,0.042500004,0.062083334,0.13250001,0.125,0.05166667,0.21916667,0.2825,0.84333336,0.69000006,0.024166668,0.49416667,0.020833334,0.6541667,0.033333335,0.043750003,0.39333332,0.0225,0.15833333,0.20583335,0.12166666,0.7116667,0.34,0.22250001,0.3325,0.18666667,0.094166666,0.005833334
BC2026_Train_0017_S22_20211026_233000_45,0.38666666,0.3333333,0.66333336,0.75166667,0.51666665,0.30833334,0.41333336,0.8016667,0.65666664,0.89166665,0.9175,0.4975,0.31416667,0.36666667,0.18333334,0.5675,0.28833333,0.97333336,0.68583333,0.6775,0.36083335,0.975,0.14333335,0.2525,0.064166665,0.18583335,0.075,0.1825,0.20333333,0.935,0.27166668,0.035833333,0.3866667,0.13000001,0.18666668,0.0275,0.13833334,0.4091667,0.65833336,0.050000004,0.44583336,0.3425,0.06583334,0.026666667,0.15750001,0.22083333,0.34833336,0.4116667,0.62666667,0.6408334,0.120000005,0.093333334,0.11,0.30416664,0.17833334,0.7833334,0.057500005,0.66833335,0.8508333,1.0,0.99666667,0.4791667,0.0775,0.8008334,0.9733333,0.4425,0.81916666,0.98,0.34750003,0.96916664,0.10916667,0.13750002,0.08833334,0.99833333,0.49416667,0.07833333,0.035,0.21083334,0.02666667,0.99,0.5833334,0.11083333,0.7391667,0.43333337,0.25166667,0.75166667,0.0825,0.41083336,0.10416667,0.32916668,0.37916666,0.099999994,0.43666667,0.50416666,0.205,0.7141667,0.6675,0.60083336,0.31166667,0.42249998,0.0775,0.50083333,0.100833334,0.9866667,0.5108333,0.18583333,0.1625,0.30166668,0.075833336,0.008333334,0.026666667,0.21500002,0.028333334,0.020000001,0.17500001,0.024166668,0.0875,0.28916666,0.097500004,0.5416666,0.73833334,0.1275,0.025833335,0.14833334,0.465,0.32833335,0.315,0.16333334,0.0150000015,0.41500002,0.5,0.058333337,0.99,0.97333336,0.34333333,0.10333333,0.6883334,0.71750003,0.18125,0.98083335,0.16083334,0.07416667,0.017500002,0.025833333,0.98,0.16749999,0.004166667,0.63750005,0.58250004,0.27416667,0.6425,0.105000004,0.11583334,0.018333334,0.13583334,0.2025,0.63750005,0.15166667,0.06583334,0.3741667,0.035,0.17333333,0.6883334,0.11666667,0.035833336,0.65333337,0.46833333,0.060000002,0.020833334,0.029166667,0.23875001,0.23666668,0.0150000015,0.10583334,0.18166666,0.29333335,0.13666666,0.6783334,0.060000002,0.35916668,0.025000002,0.020833334,0.23583333,0.028333336,0.35250002,0.052500002,0.06333333,0.020833334,0.025000002,0.3241667,0.029166669,0.89166665,0.3725,0.485,0.1125,0.15166667,0.061666667,0.055833332,0.4641667,0.4016667,0.023333335,0.114999995,0.31333333,0.115,0.06333334,0.11916667,0.95791674,0.07666667,0.092083335,0.097500004,0.21666667,0.050833337,0.6358333,0.24833335,0.85083336,0.7016667,0.055,0.50166667,0.0150000015,0.6016667,0.095,0.021666668,0.67833334,0.08833334,0.2175,0.24083334,0.19833334,0.9733333,0.38000003,0.185,0.7958334,0.3625,0.07333334,0.013333335
BC2026_Train_0017_S22_20211026_233000_50,0.51,0.59416664,0.77750003,0.6141667,0.36666667,0.22916667,0.33416668,0.8620834,0.48250002,0.86833334,0.9375,0.62916666,0.21333334,0.19166666,0.18833333,0.5991667,0.28416666,0.9366667,0.6966667,0.45666668,0.2425,0.64250004,0.12166667,0.15666667,0.08833334,0.15583333,0.0925,0.26,0.34166667,0.9375,0.34333333,0.050000004,0.63166666,0.18416667,0.2725,0.05916667,0.18666667,0.5133334,0.68916667,0.100833334,0.5525,0.42916667,0.06583334,0.060000002,0.23916668,0.35333335,0.5933333,0.665,0.6991667,0.7333334,0.1925,0.13166668,0.15833335,0.3541667,0.3816667,0.87916666,0.055,0.6816667,0.81166667,0.9941667,0.9916667,0.47,0.052500002,0.785,0.8441667,0.5291667,0.82750005,0.94916666,0.4925,0.97583336,0.12916666,0.12666667,0.101666674,0.9775,0.44666666,0.094166666,0.043333337,0.14916667,0.025000002,0.8883333,0.48083335,0.097500004,0.76250005,0.5516667,0.31416667,0.16166668,0.05166667,0.53000003,0.18083334,0.18416667,0.47333333,0.13583334,0.58000004,0.49416667,0.25083333,0.6483333,0.7583334,0.625,0.24333334,0.18249999,0.0475,0.35666668,0.19416666,0.95666665,0.39500004,0.13916667,0.11750001,0.20666668,0.051666666,0.008333334,0.011666668,0.2866667,0.017500002,0.004166667,0.0875,0.045,0.10500001,0.27333334,0.07083333,0.49333334,0.5791667,0.060000002,0.040000003,0.1,0.68,0.25083333,0.305,0.28750002,0.028333334,0.335,0.5366667,0.075,0.945,0.555,0.16,0.11833334,0.4466667,0.84000003,0.14666666,0.97833335,0.17666666,0.030833334,0.0175,0.07666667,0.985,0.09833334,0.015833335,0.63416666,0.7366667,0.21833333,0.5708333,0.07333334,0.15083334,0.0225,0.4025,0.14250001,0.24083334,0.16666667,0.12166667,0.29583335,0.060000002,0.17500001,0.38583332,0.2475,0.018333334,0.71250004,0.67083335,0.10583333,0.013333335,0.010833334,0.23583335,0.16916667,0.05166667,0.064166665,0.12583333,0.31916666,0.09916667,0.36583334,0.0425,0.5233333,0.025000002,0.024166666,0.17166667,0.041666668,0.3175,0.058333337,0.030000001,0.045833334,0.07000001,0.525,0.020000001,0.9533333,0.093333334,0.6541667,0.15416667,0.1575,0.047500003,0.034166668,0.45250005,0.34333333,0.026666667,0.18916667,0.37666667,0.068333335,0.1025,0.08916667,0.9925,0.0775,0.068333335,0.055,0.2425,0.10000001,0.37833333,0.2475,0.855,0.73,0.0625,0.5725,0.0066666673,0.6525,0.04666667,0.021666668,0.56916666,0.07833333,0.14,0.28166667,0.10333334,0.7416667,0.39666668,0.097500004,0.6458333,0.28,0.135,0.015833333
BC2026_Train_0017_S22_20211026_233000_55,0.6175,0.6691667,0.9,0.5716667,0.40000004,0.41750002,0.5058333,0.9533333,0.55083334,0.8091667,0.84083337,0.805,0.35916665,0.68333334,0.5075,0.8591667,0.59333336,0.22166666,0.87166667,0.5391667,0.46166667,0.44333333,0.46833336,0.26083335,0.29333335,0.62833333,0.18833335,0.56583333,0.6825,0.9266667,0.3441667,0.19416666,0.7008333,0.2725,0.3466667,0.28083333,0.31583336,0.59749997,0.72,0.23416668,0.72916675,0.45000002,0.15916666,0.23166667,0.44166666,0.5058334,0.68333334,0.6983334,0.76000005,0.7975,0.3,0.23666668,0.25333333,0.37583336,0.4583333,0.95666665,0.1875,0.75666666,0.8583333,0.85583335,0.9866667,0.66833335,0.108333334,0.8033334,0.855,0.735,0.8725,0.9116667,0.5466667,0.9916667,0.2816667,0.3,0.26583335,0.61833334,0.85583335,0.11916667,0.125,0.24083334,0.06083334,0.28250003,0.635,0.1825,0.88,0.46333337,0.695,0.25500003,0.1275,0.6408334,0.46500003,0.255,0.5475,0.21666667,0.5241667,0.2625,0.435,0.5866667,0.86333334,0.6716667,0.49333334,0.21416667,0.13,0.5441667,0.46333337,0.97083336,0.71500003,0.2591667,0.18333334,0.38000003,0.15333334,0.049166664,0.06666667,0.3625,0.115,0.06666667,0.23666668,0.15166666,0.116666675,0.23500001,0.18416667,0.62166667,0.55083334,0.2875,0.08,0.25416666,0.94083333,0.36833334,0.43916667,0.95,0.07333334,0.49916667,0.64750004,0.19916669,0.3475,0.52666664,0.34000003,0.20416667,0.34625,0.7558333,0.32333332,0.99333334,0.32750002,0.13083333,0.080000006,0.24166667,0.96666664,0.19833334,0.06833334,0.7983334,0.6408333,0.28916666,0.65500003,0.20416668,0.32833332,0.08666667,0.90416664,0.22625,0.09583334,0.37166667,0.39666668,0.35,0.18333334,0.27583334,0.31083333,0.43416667,0.0925,0.89666665,0.595,0.18,0.05666667,0.095,0.39666665,0.32666668,0.12416667,0.12583333,0.26,0.6191667,0.16333334,0.44750002,0.28,0.94083333,0.06333333,0.1125,0.32916668,0.08166667,0.4975,0.044999998,0.06583333,0.22833334,0.097500004,0.7466667,0.055000003,0.9575,0.27333334,0.9266667,0.31166667,0.37083334,0.15333334,0.08583333,0.6791667,0.39,0.08416667,0.40250003,0.6308333,0.09166667,0.12708333,0.17833334,0.9666667,0.1675,0.27,0.195,0.39916667,0.33166668,0.31916666,0.36333334,0.87666667,0.7683334,0.16916667,0.7741667,0.035833336,0.87333333,0.10916667,0.08416667,0.63416666,0.19416668,0.22333333,0.56000006,0.22166666,0.29250002,0.67499995,0.10333334,0.5891667,0.4525,0.2625,0.04666667
BC2026_Train_0017_S22_20211026_233000_60,0.5708333,0.6675,0.93916667,0.58,0.40833336,0.6791667,0.5291667,0.91541666,0.61833334,0.80750006,0.82250005,0.88416666,0.53083336,0.8333334,0.5825,0.94666666,0.52833337,0.25,0.91,0.6075,0.5,0.34583333,0.6933333,0.19916669,0.31416667,0.90333337,0.22333334,0.7433334,0.97583336,0.92583334,0.41250002,0.27583337,0.7216667,0.41500002,0.315,0.5058334,0.42666665,0.5808334,0.72333336,0.30333334,0.70416665,0.50916666,0.125,0.3325,0.33416665,0.38416666,0.66083336,0.72083336,0.7108334,0.7683334,0.29583335,0.26166666,0.25166667,0.39583334,0.445,0.9691667,0.19333334,0.88666666,0.87666667,0.81,0.94666666,0.6208334,0.22416666,0.7741667,0.6008333,0.43083337,0.885,0.9616667,0.5375,0.99958336,0.35083336,0.43583333,0.33083335,0.69,0.7916667,0.05166667,0.20583333,0.31666666,0.09833333,0.23083332,0.63666666,0.2025,0.79416674,0.45416668,0.9091667,0.25416666,0.45833334,0.7058334,0.68,0.32916668,0.7125,0.2916667,0.6991667,0.25833336,0.48666668,0.76500005,0.73,0.66,0.52916664,0.25916666,0.19666667,0.53000003,0.49916667,0.93333334,0.7866667,0.34500003,0.27083334,0.49166667,0.17333335,0.1375,0.11833333,0.36666667,0.24916667,0.13583334,0.23416668,0.3866667,0.15916668,0.18583333,0.21000001,0.59083337,0.5966667,0.4466667,0.19500001,0.2725,0.99333334,0.37,0.5133333,0.99,0.07416667,0.6075,0.62833333,0.31833333,0.36666667,0.6016667,0.39083335,0.16583335,0.39333335,0.6991667,0.32916665,0.97333336,0.44,0.41083336,0.12250001,0.2775,0.9608333,0.39833337,0.097500004,0.7566667,0.65583336,0.32083333,0.7433334,0.29583332,0.40208334,0.17916667,0.93416667,0.20083335,0.20916668,0.5366667,0.17333333,0.45583332,0.31416667,0.4141667,0.46416667,0.545,0.11333333,0.9666667,0.5991667,0.40166667,0.11,0.13416666,0.37,0.40083337,0.20916668,0.23916668,0.31833333,0.6308333,0.31833336,0.8183334,0.6016667,0.98875004,0.0825,0.20666668,0.4125,0.20083334,0.59000003,0.096666664,0.09916667,0.26833335,0.11416667,0.52666664,0.07833333,0.94,0.3225,0.79166675,0.4375,0.45666668,0.28250003,0.1175,0.56083333,0.41000003,0.24250002,0.36833337,0.62833333,0.1375,0.23,0.32750002,0.96666664,0.43166667,0.275,0.19625,0.5233333,0.15166667,0.48250002,0.40666667,0.8908333,0.7558334,0.36333334,0.6566667,0.07833333,0.9116667,0.17083333,0.21833333,0.6891667,0.26916668,0.30416667,0.6875,0.35666668,0.31833333,0.6,0.22166666,0.7266667,0.46833333,0.435,0.07000001
BC2026_Train_0018_S22_20211028_234500_5,0.33166668,0.6675,0.75666666,0.86833334,0.42916667,0.84833336,0.8883333,0.93833333,0.6741667,0.8883333,0.83000004,0.8466667,0.8266667,0.9916667,0.9066667,0.58666664,0.59333336,0.625,0.6941667,0.93666667,0.6433333,0.42416668,0.56083333,0.9483333,0.15833333,0.9191667,0.51,0.9166666,0.5341667,0.86083335,0.13333334,0.25666666,0.6741667,0.84333336,0.68916667,0.36416668,0.3075,0.5391667,0.785,0.41166666,0.7683334,0.3841667,0.5525,0.26,0.52833337,0.545,0.65666664,0.6358333,0.7083334,0.6933334,0.32916668,0.29500002,0.32166666,0.7666667,0.4416667,0.97833335,0.18916668,0.8575,0.8175,0.67583334,0.6875,0.7391667,0.71333337,0.7558334,0.38083333,0.88,0.98,0.9583334,0.59583336,0.9504167,0.33833334,0.5375,0.1575,0.48666668,0.5725,0.22,0.27083334,0.45833334,0.08166667,0.82,0.83500004,0.38583332,0.90666664,0.24416667,0.97833335,0.1675,0.41250002,0.7975,0.26583335,0.47583333,0.28500003,0.185,0.37333333,0.35666668,0.745,0.6691667,0.74750006,0.8358334,0.9583333,0.80333334,0.28,0.4475,0.17583334,0.8775,0.7558334,0.19416668,0.18,0.45583338,0.48250002,0.21249999,0.5416667,0.76500005,0.34083334,0.28833333,0.21916667,0.285,0.3175,0.5158333,0.42833334,0.6825,0.85083336,0.14416666,0.12833335,0.42750004,0.94166666,0.42083335,0.33083335,0.26000002,0.2775,0.6983334,0.645,0.5391667,0.76000005,0.4291667,0.3825,0.22833334,0.36666667,0.5625,0.40000004,0.8875,0.29166666,0.5733333,0.2591667,0.28916666,0.92583334,0.3441667,0.24916667,0.86833334,0.32916668,0.37583336,0.5733333,0.50666666,0.6341667,0.25083333,0.19166668,0.425,0.13916667,0.22,0.31,0.46000004,0.31833336,0.56916666,0.5158333,0.2575,0.48166668,0.865,0.7475,0.7166667,0.18833333,0.19333334,0.60333335,0.48499998,0.19,0.17916666,0.44583333,0.2925,0.29833335,0.93833333,0.28666666,0.95166665,0.22333334,0.24083334,0.56583333,0.53,0.46583337,0.07416667,0.2425,0.1475,0.23166665,0.50333333,0.455,0.84250003,0.3408333,0.55333334,0.26083335,0.5241667,0.19416668,0.11416668,0.4925,0.46583337,0.27625,0.2025,0.52000004,0.53833336,0.51250005,0.68416667,0.95666665,0.26833335,0.26333335,0.7983334,0.024166668,0.42916667,0.22666667,0.63,0.9725,0.6933334,0.26166666,0.8575,0.5541667,0.69916666,0.04916667,0.28250003,0.515,0.29083335,0.31833333,0.33416668,0.24583334,0.42416665,0.81166667,0.23750001,0.44833332,0.3125,0.36083335,0.26083332
BC2026_Train_0018_S22_20211028_234500_10,0.2625,0.6383334,0.64000005,0.8391667,0.4375,0.7225,0.91333336,0.8691667,0.5783334,0.87333333,0.8725,0.79583335,0.76500005,0.87083334,0.64166665,0.6066667,0.54999995,0.4675,0.7191667,0.8675,0.57500005,0.43083337,0.26583335,0.9866667,0.11833333,0.6775,0.55083334,0.7166667,0.56583333,0.89,0.10416667,0.23583335,0.7583334,0.8966667,0.595,0.48666668,0.32583335,0.515,0.78333336,0.4525,0.815,0.39166665,0.58416665,0.27833334,0.48083335,0.5183334,0.6016667,0.68333334,0.70000005,0.6616667,0.20500001,0.21416667,0.21166667,0.83666664,0.45000002,0.84583336,0.19500001,0.8191667,0.77166665,0.61583334,0.71833336,0.7658333,0.6666666,0.7616667,0.34000003,0.8358333,0.9608334,0.93083334,0.5233334,0.93916667,0.2916667,0.275,0.0875,0.5541667,0.605,0.35666668,0.22416666,0.35333335,0.072500005,0.7900001,0.75500005,0.29416665,0.92583334,0.24000001,0.8141667,0.20166667,0.21916667,0.58000004,0.20333333,0.46666667,0.205,0.13083333,0.46166667,0.38333336,0.72583336,0.8183334,0.7116667,0.87333333,0.84833336,0.79833335,0.245,0.4425,0.13916667,0.8233334,0.62,0.20166667,0.18,0.5075,0.4275,0.1675,0.35833335,0.84416664,0.20166667,0.21083334,0.24,0.1625,0.18833333,0.59833336,0.35333332,0.6575,0.8525,0.068333335,0.08,0.3541667,0.87333333,0.41333336,0.23083334,0.17083335,0.21416667,0.735,0.5975,0.4725,0.7991667,0.30083334,0.44666666,0.22583333,0.26916668,0.65000004,0.395,0.905,0.2125,0.47333333,0.17250001,0.22083335,0.92333335,0.27666667,0.2816667,0.90833336,0.35250002,0.44666666,0.595,0.29833332,0.5625,0.19833332,0.14916667,0.34250003,0.16916667,0.17583334,0.20333335,0.41250002,0.29416668,0.42833334,0.56583333,0.15666667,0.2475,0.87208337,0.855,0.49333334,0.1325,0.17416666,0.56,0.32916668,0.14,0.13833334,0.5404167,0.17333333,0.26833335,0.9025,0.2225,0.915,0.1375,0.2225,0.48833334,0.42083335,0.38666666,0.08583333,0.23833334,0.14416666,0.20333333,0.5383333,0.38583335,0.91083336,0.4416667,0.44333336,0.18,0.48499998,0.15416667,0.065,0.5666667,0.42833334,0.15833335,0.2175,0.43833333,0.42416668,0.22250001,0.58833337,0.94916666,0.2,0.25916666,0.5333333,0.010833334,0.245,0.24958335,0.65749997,0.94666666,0.6433333,0.30666667,0.87833333,0.43333334,0.65833336,0.0625,0.28833333,0.54,0.28583333,0.2891667,0.3516667,0.18833333,0.51750004,0.58416665,0.17,0.5,0.24083334,0.23333335,0.16333334
BC2026_Train_0018_S22_20211028_234500_15,0.3541667,0.37583336,0.5375,0.82500005,0.35833332,0.28,0.87083334,0.7658334,0.43833333,0.8641667,0.9291667,0.73833334,0.5816667,0.59166664,0.32583335,0.4025,0.4166667,0.13833334,0.6641667,0.67083335,0.54583335,0.44833335,0.13083334,0.985,0.11750001,0.31708336,0.74083334,0.33166668,0.25083333,0.8475,0.095,0.083333336,0.64416665,0.8858334,0.8383333,0.22916666,0.17583334,0.43916667,0.775,0.32750002,0.8591667,0.42000002,0.6916667,0.095,0.49833336,0.5183333,0.5316667,0.63666666,0.6541667,0.55333334,0.12083334,0.116666675,0.120000005,0.90583336,0.4125,0.66583335,0.115833335,0.77166677,0.5058333,0.38083333,0.6641666,0.605,0.5333333,0.6633333,0.116666675,0.94083333,0.8791667,0.8258333,0.41083336,0.915,0.23583333,0.07666667,0.09,0.44583333,0.57416666,0.21583335,0.13666666,0.34166667,0.0375,0.5391667,0.71833336,0.25083333,0.93666667,0.215,0.5525,0.051666666,0.195,0.47166666,0.205,0.3491667,0.19749999,0.2925,0.2708333,0.24000001,0.42000002,0.8116667,0.62333333,0.7875,0.7033334,0.695,0.14916666,0.3675,0.12250001,0.8466667,0.5758334,0.10666667,0.25166667,0.3216667,0.4475,0.11583333,0.29166666,0.5666667,0.11583334,0.12416667,0.16583334,0.09166667,0.2125,0.28666666,0.3416667,0.57500005,0.6383334,0.034166668,0.0825,0.31333333,0.57500005,0.4016667,0.19916667,0.13916667,0.2275,0.5516667,0.5025,0.3475,0.4075,0.22333333,0.595,0.23,0.225,0.535,0.33833334,0.93916667,0.14666668,0.26250002,0.097500004,0.155,0.9108333,0.28333333,0.41500002,0.93916667,0.29500002,0.55,0.59333336,0.1625,0.45583338,0.18333334,0.061666667,0.23416668,0.05333334,0.28333333,0.19833335,0.22666666,0.16916667,0.16916668,0.3416667,0.09166667,0.32166666,0.8008334,0.5775,0.3766667,0.12416667,0.20000002,0.23083335,0.29000002,0.16,0.10583333,0.3925,0.17,0.22916667,0.7641667,0.08083333,0.43,0.109166674,0.145,0.4791667,0.35000002,0.23916666,0.055,0.17416666,0.13416667,0.2025,0.3,0.3225,0.88916665,0.17750001,0.35999998,0.16333333,0.4166667,0.1325,0.07083333,0.60833335,0.3325,0.083333336,0.11416668,0.26083335,0.33333334,0.0875,0.43833336,0.9433333,0.100833334,0.21916667,0.18166667,0.012500001,0.14083335,0.11750001,0.8041667,0.9241667,0.6425,0.094166666,0.79583335,0.19166666,0.5758333,0.049166664,0.10250001,0.525,0.27750003,0.195,0.25166667,0.10083333,0.2225,0.48083335,0.185,0.28583333,0.097500004,0.18,0.345
BC2026_Train_0018_S22_20211028_234500_20,0.44583336,0.35500002,0.6675,0.8158334,0.5,0.45416665,0.81000006,0.8266667,0.62666667,0.83833337,0.865,0.8158334,0.795,0.75,0.7408334,0.665,0.58416665,0.20083332,0.8516667,0.5991667,0.6875,0.4925,0.39000002,0.99666667,0.23750001,0.5208334,0.7783333,0.555,0.21416667,0.86333334,0.18583333,0.17666668,0.54833335,0.8375,0.8675,0.1875,0.26083335,0.485,0.80583334,0.29000002,0.86083335,0.48083332,0.7225,0.19,0.55333334,0.57,0.48000002,0.6591667,0.5725,0.53333336,0.19500001,0.17416668,0.19083333,0.91833335,0.35083336,0.91083336,0.22583334,0.83500004,0.6116667,0.6058333,0.69500005,0.67083335,0.6933334,0.7008333,0.39166668,0.95500004,0.855,0.8883333,0.50083333,0.89666665,0.335,0.2975,0.19166666,0.55583334,0.45749998,0.23166667,0.28583333,0.44833332,0.14,0.49333334,0.77583337,0.38,0.92083335,0.2825,0.8091667,0.1025,0.48666668,0.80250007,0.39416668,0.39166668,0.47333336,0.72,0.59333336,0.36833334,0.51916665,0.635,0.6333334,0.71333337,0.9175,0.82500005,0.28,0.465,0.18916667,0.8108334,0.68333334,0.12833333,0.29083332,0.49583334,0.75166667,0.19583333,0.4766667,0.42166668,0.29416668,0.24666667,0.27166668,0.2525,0.30416667,0.2625,0.41750002,0.55833334,0.48583332,0.13416667,0.18416667,0.39333335,0.6608333,0.44083336,0.3675,0.23000002,0.24583334,0.5183334,0.5525,0.5858334,0.50750005,0.5675,0.67083335,0.26416665,0.26833332,0.54833335,0.51,0.92833334,0.2775,0.46333334,0.27416667,0.30333334,0.875,0.54,0.31916666,0.90416664,0.29500002,0.545,0.615,0.36833334,0.73333335,0.28083333,0.17,0.33166665,0.08083334,0.3675,0.2916667,0.36083335,0.27916667,0.30583334,0.40750003,0.16833335,0.3475,0.89666665,0.3325,0.5491667,0.20583333,0.25833333,0.47833335,0.45416668,0.19916667,0.18666667,0.38250002,0.3766667,0.3766667,0.85,0.2725,0.5391667,0.17666668,0.36083335,0.5708334,0.45583335,0.31083333,0.13583334,0.395,0.31083333,0.27833334,0.32916668,0.44083333,0.85583335,0.40500003,0.5816667,0.2525,0.51,0.32916668,0.12583333,0.7008334,0.32750002,0.205,0.26416665,0.40499997,0.48,0.19000001,0.7658334,0.935,0.23666668,0.2866667,0.49833333,0.041666668,0.40333334,0.101666674,0.725,0.9625,0.56916666,0.1625,0.89166665,0.38916668,0.7541667,0.094166666,0.39333335,0.6816667,0.28166667,0.31916666,0.29916665,0.26,0.23583335,0.5808333,0.36249998,0.43583336,0.27166668,0.3875,0.18833333
BC2026_Train_0018_S22_20211028_234500_25,0.55916667,0.35666668,0.65083337,0.79916674,0.54583335,0.72333336,0.82750005,0.90166664,0.63750005,0.84583336,0.8475,0.76000005,0.83916664,0.83750004,0.79916674,0.725,0.6783334,0.40583333,0.7558334,0.68333334,0.73,0.32083333,0.6341667,0.9816667,0.26083332,0.7083334,0.58833337,0.7841667,0.34416667,0.89916664,0.2625,0.17,0.5316667,0.7933333,0.8308333,0.21166667,0.35583335,0.5066667,0.81583333,0.30416667,0.7858333,0.485,0.5808334,0.21333334,0.55583334,0.5858333,0.46416667,0.59416664,0.6308334,0.62583333,0.25833336,0.21416667,0.25166667,0.8208333,0.315,0.93666667,0.32083336,0.84583336,0.7658333,0.6641667,0.79916674,0.7166667,0.71000004,0.7158333,0.44,0.9533334,0.85583335,0.84749997,0.6466667,0.905,0.42666668,0.50916666,0.24083334,0.56583333,0.43,0.22416666,0.36583334,0.47750002,0.17583333,0.6358333,0.8091667,0.46500003,0.90749997,0.36,0.8808333,0.22749999,0.55083334,0.8833333,0.41500002,0.5416667,0.5908333,0.47083336,0.6666667,0.5108334,0.7,0.69083333,0.6625,0.7900001,0.9166667,0.8233334,0.41083333,0.4491667,0.28083333,0.8216667,0.67166674,0.13166666,0.34,0.5833334,0.7191667,0.24,0.57666665,0.5783333,0.33833334,0.39166668,0.31333333,0.30166668,0.35833335,0.35,0.4125,0.68416667,0.7033334,0.19583333,0.25750002,0.38250002,0.81500006,0.44083333,0.4625,0.29000002,0.34916666,0.5966667,0.63166666,0.7370833,0.81583333,0.5758333,0.68333334,0.39166668,0.26,0.5675,0.4425,0.9325,0.41166666,0.5258333,0.41000003,0.42416668,0.8541667,0.61083335,0.36916667,0.92583334,0.3241667,0.68,0.63,0.42666668,0.8166667,0.3375,0.21249999,0.40583333,0.1275,0.32416666,0.36833334,0.4875,0.38916668,0.6675,0.5441667,0.32750002,0.46583334,0.9058333,0.34833336,0.6141667,0.32333335,0.29500002,0.55875003,0.47500002,0.19916667,0.21,0.36750004,0.42916667,0.4575,0.90749997,0.35500002,0.86749995,0.2125,0.4875,0.5525,0.5625,0.42,0.19583333,0.41500002,0.3975,0.38416666,0.47083333,0.53083336,0.8258334,0.49416667,0.74000007,0.37583333,0.58416665,0.43333334,0.21166666,0.7816667,0.37333333,0.26416665,0.33583334,0.685,0.5183333,0.31833333,0.8183333,0.91749996,0.38833335,0.3225,0.60083336,0.095,0.5708334,0.15333334,0.6616667,0.94083333,0.5666667,0.26416665,0.92083335,0.48083335,0.75250006,0.135,0.48666668,0.6383334,0.24333334,0.3775,0.44166666,0.31833336,0.3466667,0.8025,0.3425,0.50916666,0.37416667,0.45999998,0.21000001
BC2026_Train_0018_S22_20211028_234500_30,0.5133333,0.27583334,0.6225,0.8116667,0.6166667,0.44583336,0.86583334,0.8833333,0.6041667,0.83250004,0.8666667,0.72833335,0.8675,0.80416673,0.64666665,0.6325,0.65250003,0.2875,0.725,0.7125,0.7591667,0.39666668,0.62416667,0.94166666,0.3275,0.64750004,0.49333334,0.57250005,0.18916667,0.8641667,0.27083334,0.14666668,0.49500003,0.8458333,0.6125,0.23833333,0.36666667,0.42499998,0.7891667,0.31166667,0.72833335,0.48,0.5325,0.14666668,0.55583334,0.5858333,0.405,0.59250003,0.5025,0.49333334,0.1825,0.16250001,0.18583333,0.805,0.25,0.8291667,0.27083334,0.8241667,0.6358334,0.64,0.68916667,0.68416667,0.7533334,0.74166673,0.36333334,0.87,0.84583336,0.7025,0.48833334,0.87916666,0.40000004,0.70500004,0.22666666,0.6041667,0.44750002,0.275,0.44416666,0.4441667,0.14583334,0.54833335,0.87416667,0.38583335,0.945,0.36083335,0.6983334,0.2675,0.52750003,0.97833335,0.43583333,0.55083334,0.70000005,0.23083335,0.65,0.42916667,0.6054167,0.77000004,0.71250004,0.645,0.9191667,0.80833334,0.405,0.5025,0.35333332,0.8566667,0.7025,0.15666667,0.2725,0.50333333,0.635,0.25000003,0.6700001,0.7133333,0.33083335,0.35666668,0.38583332,0.39166668,0.31583333,0.36666667,0.5416667,0.6725,0.5575,0.2775,0.26333335,0.41000003,0.6983334,0.51708335,0.4908333,0.315,0.31416667,0.5941667,0.57666665,0.79083335,0.5266667,0.7841667,0.72833335,0.42166665,0.29500002,0.6275,0.40166667,0.9116667,0.3841667,0.48166665,0.33166668,0.40083337,0.8283334,0.5833334,0.4625,0.91249996,0.28250003,0.76500005,0.6575,0.5441667,0.7533334,0.37583333,0.2375,0.5133333,0.104166664,0.38500002,0.31916666,0.38,0.34,0.92833334,0.47083333,0.33916667,0.54333335,0.88666666,0.30833334,0.5708334,0.27916667,0.3025,0.3966667,0.53583336,0.20750001,0.22500002,0.43416667,0.4091667,0.5575,0.8933333,0.31166667,0.5283333,0.21166667,0.4416667,0.6141667,0.5533334,0.44166666,0.14416668,0.40666667,0.5066667,0.31416667,0.52,0.5058333,0.80750006,0.615,0.5966667,0.38583335,0.69083333,0.36166668,0.19166666,0.79333335,0.38500002,0.32,0.39583334,0.7566667,0.4791667,0.5158333,0.69666666,0.8925,0.2375,0.32583335,0.69416666,0.12083334,0.49083334,0.14750001,0.6833334,0.92833334,0.62416667,0.19916666,0.89666665,0.50333333,0.7691667,0.14416666,0.39000005,0.63666666,0.32250002,0.32333332,0.34416667,0.32333335,0.24416667,0.7750001,0.4666667,0.4791667,0.3491667,0.35333335,0.30583334
BC2026_Train_0018_S22_20211028_234500_35,0.38500002,0.23083334,0.51416665,0.80500007,0.57916665,0.31583333,0.83250004,0.83000004,0.57166666,0.895,0.87916666,0.6983334,0.8416667,0.76250005,0.6191667,0.5775,0.65749997,0.26166666,0.7008333,0.71416664,0.73916674,0.43666667,0.5716667,0.94416666,0.215,0.54833335,0.48666668,0.41916668,0.12083334,0.8083334,0.18833333,0.12916668,0.39999998,0.82416666,0.635,0.18750001,0.245,0.32583332,0.8175,0.21666667,0.7341667,0.4583333,0.5341667,0.1225,0.56333333,0.5833333,0.3816667,0.47083333,0.43083334,0.4091667,0.1275,0.12625,0.13416666,0.8066667,0.19333333,0.7416667,0.17166667,0.8775,0.21583334,0.58916664,0.5866667,0.6308334,0.6683333,0.77250004,0.36333334,0.84250003,0.85833335,0.605,0.43916667,0.85083336,0.33333337,0.59,0.25416666,0.54,0.36583334,0.24333335,0.435,0.365,0.135,0.45166665,0.8091667,0.42166668,0.95416665,0.37166667,0.57416666,0.11750001,0.39000002,0.88166666,0.35083333,0.5433333,0.6591667,0.17083335,0.6383333,0.24666667,0.5541667,0.7683334,0.65083337,0.58833337,0.82500005,0.71750003,0.29250002,0.47583333,0.32833335,0.8491667,0.71583337,0.122499995,0.21416669,0.44833332,0.5208334,0.19083333,0.43083334,0.7541667,0.28333333,0.29500002,0.40666667,0.23083332,0.2975,0.3075,0.50333333,0.6358333,0.39,0.265,0.2125,0.4466667,0.46083334,0.5083333,0.4883333,0.275,0.26833335,0.6091667,0.51,0.77500004,0.2741667,0.5541667,0.50916666,0.42166668,0.30833334,0.5758334,0.38416666,0.8933333,0.35750002,0.38000003,0.29749998,0.4016667,0.80166674,0.52166665,0.36333334,0.88,0.20583335,0.6925,0.675,0.48583335,0.61,0.33666667,0.21499999,0.44416666,0.09833334,0.315,0.32000002,0.34083334,0.33416668,0.72833335,0.41333333,0.21833333,0.5075,0.86833334,0.28583333,0.53499997,0.21916667,0.315,0.365,0.5541667,0.17083333,0.23250002,0.43083337,0.21833333,0.5708333,0.89166665,0.29500002,0.32999998,0.18833335,0.385,0.6291667,0.5183333,0.43666667,0.10583333,0.3766667,0.26666665,0.25416666,0.40583336,0.45583332,0.79666674,0.4791667,0.5108334,0.35500002,0.6508333,0.35333335,0.16666667,0.75500005,0.31,0.24583335,0.39083335,0.46,0.28083336,0.345,0.635,0.88166666,0.096666664,0.32333332,0.49166667,0.083333336,0.35833335,0.09916666,0.62916666,0.9608334,0.645,0.21583334,0.8983333,0.42666665,0.7058333,0.10916667,0.42916667,0.63916665,0.3541667,0.3025,0.25,0.28083333,0.17833334,0.6591667,0.32833335,0.4925,0.24083334,0.32,0.20416667
BC2026_Train_0018_S22_20211028_234500_40,0.26583335,0.18166667,0.51166666,0.78666675,0.47083333,0.30416667,0.7733334,0.8341667,0.5491667,0.8575,0.8933333,0.675,0.81416667,0.62916666,0.68916667,0.51666665,0.64666665,0.25583333,0.6625,0.6229167,0.7383334,0.32,0.46,0.9141667,0.22833335,0.49666667,0.45083332,0.36666667,0.10250001,0.8341667,0.205,0.11,0.40666667,0.7416667,0.7025,0.1625,0.21083334,0.32166666,0.79083335,0.16250001,0.71833336,0.465,0.48666668,0.11,0.54333335,0.56,0.37833336,0.41666666,0.4016667,0.40750003,0.09166667,0.087500006,0.08833334,0.7708334,0.14750001,0.87,0.14750001,0.81500006,0.17166668,0.48416668,0.63416666,0.65000004,0.58833337,0.75750005,0.28583333,0.93833333,0.81083333,0.71000004,0.43583336,0.8691667,0.29583332,0.5325,0.22666667,0.44750002,0.26916668,0.24333334,0.41750002,0.3541667,0.15666667,0.35916665,0.76000005,0.32,0.9375,0.28083336,0.47833335,0.075833336,0.42666668,0.74500006,0.305,0.4325,0.7458334,0.25,0.6141667,0.22583334,0.5125,0.6541667,0.67833334,0.5808333,0.80750006,0.635,0.26458335,0.40166667,0.1975,0.8725,0.76500005,0.125,0.16833334,0.4741667,0.4675,0.11833334,0.38083336,0.39833334,0.2525,0.25500003,0.3391667,0.16,0.26916668,0.25833333,0.49833333,0.6091667,0.32166666,0.23666668,0.19333334,0.37166667,0.36416668,0.44166666,0.44166666,0.24833333,0.28333333,0.55916667,0.47333336,0.6383333,0.17583334,0.35916668,0.4675,0.2975,0.24916667,0.7016667,0.4275,0.9191667,0.28750002,0.37166667,0.32083336,0.32833335,0.8591667,0.5275,0.2975,0.8291667,0.23333333,0.55916667,0.65083337,0.3766667,0.53000003,0.30166668,0.21000001,0.4416667,0.111666664,0.28583333,0.20083334,0.29916668,0.25916666,0.39166668,0.3,0.23916668,0.37500003,0.8316667,0.22,0.45000005,0.22166666,0.21000001,0.33083335,0.41083336,0.13000001,0.23750001,0.36916667,0.15833333,0.42833334,0.81750005,0.1925,0.33416668,0.1125,0.41333333,0.59583336,0.46833333,0.32000002,0.08083334,0.37583333,0.23666668,0.25583333,0.39416668,0.46333337,0.81500006,0.45,0.5325,0.35333332,0.5491667,0.33166668,0.14916666,0.6516667,0.28416666,0.2575,0.37833333,0.41416666,0.20833333,0.1775,0.5500001,0.9058333,0.097500004,0.2925,0.43583333,0.11083333,0.30333334,0.10333334,0.62833333,0.9433333,0.6275,0.18750001,0.9191667,0.30833334,0.6741667,0.11083333,0.44750005,0.56666666,0.2925,0.25750002,0.2075,0.2825,0.1275,0.60333335,0.2225,0.37333333,0.17750001,0.27,0.30083334
BC2026_Train_0018_S22_20211028_234500_45,0.24166667,0.1825,0.25916666,0.78666675,0.24166666,0.13416667,0.63166666,0.71250004,0.27,0.86333334,0.93083334,0.51666665,0.4225,0.25,0.2475,0.23166668,0.435,0.060000002,0.525,0.46333334,0.6066667,0.16083333,0.095,0.9058333,0.0825,0.18166667,0.3391667,0.14500001,0.050833337,0.78916675,0.2225,0.030833336,0.4425,0.70750004,0.40333334,0.061666667,0.068333335,0.27166668,0.7625,0.08166667,0.6741667,0.42833334,0.40750003,0.0275,0.5525,0.59583336,0.4175,0.50083333,0.39000002,0.38000003,0.024166668,0.025000002,0.031666666,0.73833334,0.205,0.45416668,0.034166668,0.70166665,0.080000006,0.1975,0.6575,0.43583333,0.36,0.6641667,0.071666665,0.78749996,0.81333333,0.4325,0.2075,0.84083337,0.20916666,0.11083333,0.10416667,0.31083333,0.2775,0.1325,0.31166667,0.285,0.0625,0.2708333,0.5966667,0.27166668,0.97166663,0.19166668,0.29500002,0.038333334,0.255,0.36499998,0.108333334,0.35000002,0.50416666,0.04666667,0.25916666,0.20250002,0.305,0.545,0.5758333,0.5941667,0.60583335,0.4466667,0.1,0.27750003,0.13416667,0.8391667,0.54333335,0.0575,0.06583334,0.21833333,0.34583333,0.087500006,0.20083335,0.22749999,0.14333335,0.1075,0.18416667,0.040833335,0.19666666,0.11333333,0.425,0.63916665,0.20500001,0.096666664,0.054166667,0.22999999,0.21000001,0.3625,0.20583335,0.13583334,0.20833334,0.3841667,0.37500003,0.33291668,0.06333333,0.165,0.31416667,0.23833334,0.082499996,0.6066667,0.28583333,0.9404167,0.17583334,0.0675,0.17999999,0.1875,0.87833333,0.27,0.43833336,0.89166665,0.20416667,0.405,0.57458335,0.21708333,0.37166667,0.18833335,0.06666667,0.28416666,0.064166665,0.10666667,0.16499999,0.13166666,0.13166666,0.13583334,0.15083334,0.1675,0.28583333,0.62916666,0.13000001,0.29666668,0.17333335,0.1725,0.11750001,0.22416666,0.115833335,0.13083333,0.25333333,0.13250001,0.21166667,0.36083335,0.07416667,0.17583333,0.10666667,0.19250001,0.49,0.27666667,0.1025,0.04666667,0.2625,0.15333334,0.11333334,0.21000001,0.54083335,0.8208334,0.105000004,0.3325,0.17500001,0.3175,0.10416667,0.09833334,0.38083333,0.20833333,0.14416668,0.14,0.19833334,0.16666666,0.09583333,0.29416665,0.8883333,0.020000001,0.27666667,0.13833334,0.029166669,0.1875,0.039166667,0.5808333,0.89,0.5441667,0.109166674,0.7658334,0.15333334,0.36416668,0.064166665,0.17416668,0.34583333,0.22083333,0.14916667,0.14416668,0.07,0.12250001,0.4116667,0.12083334,0.1875,0.08083334,0.12416667,0.4466667
BC2026_Train_0018_S22_20211028_234500_50,0.13,0.10916667,0.255,0.80666673,0.15416667,0.094166666,0.66,0.67,0.1525,0.89666665,0.99333334,0.61,0.23166668,0.25833333,0.13250001,0.29500002,0.30583334,0.026666667,0.48083332,0.445,0.59833336,0.165,0.039166667,0.8875,0.060833335,0.14500001,0.3841667,0.10083334,0.024166668,0.78916675,0.14833334,0.011666668,0.39000002,0.7783333,0.3625,0.065,0.034166668,0.20166668,0.7658333,0.12,0.70750004,0.31416667,0.45583338,0.008333334,0.425,0.4916667,0.29416668,0.32250002,0.30583334,0.3204167,0.021666668,0.025000002,0.025000002,0.76166666,0.1025,0.22083333,0.021666668,0.575,0.0775,0.13666669,0.45833334,0.3325,0.31916666,0.6358333,0.071666665,0.7683333,0.8675,0.325,0.16166666,0.7766667,0.17666668,0.0150000015,0.04916667,0.305,0.38083336,0.17333335,0.19083333,0.1675,0.016666668,0.2175,0.41750002,0.1825,1.0,0.14666666,0.26666668,0.0175,0.16583334,0.26166666,0.06333333,0.2775,0.215,0.0075000008,0.11916667,0.19083333,0.215,0.4766667,0.75,0.5358333,0.47083333,0.4491667,0.075833336,0.2525,0.100833334,0.84083337,0.38333333,0.030833336,0.060833335,0.16916668,0.29333335,0.042500004,0.13,0.24583334,0.06666666,0.03666667,0.11,0.0175,0.1,0.11166667,0.34250003,0.77750003,0.16083333,0.050000004,0.020833334,0.13499999,0.16166666,0.32083333,0.105000004,0.15333334,0.16583334,0.37583333,0.41333336,0.19166666,0.11916667,0.048333336,0.29500002,0.1825,0.050000004,0.7741667,0.24083334,0.9141667,0.1375,0.035,0.043333337,0.12083334,0.8283334,0.15083334,0.4741667,0.93666667,0.20166668,0.335,0.38000003,0.13166668,0.35250002,0.13,0.008333334,0.29166666,0.041666668,0.065,0.15916666,0.0625,0.17583334,0.060000006,0.105000004,0.195,0.20833334,0.33583337,0.09833334,0.23750001,0.18333334,0.14666668,0.07333334,0.29583335,0.054166667,0.10333333,0.19250001,0.06583333,0.1725,0.0825,0.026666667,0.11500001,0.075833336,0.15083334,0.45250002,0.23916668,0.090833336,0.025000002,0.16,0.058333334,0.09583334,0.22666667,0.38,0.8058334,0.040000003,0.38500002,0.095000006,0.2925,0.026666667,0.05916667,0.30833334,0.12833333,0.060833335,0.030833334,0.11583333,0.32,0.045833334,0.18583333,0.8416667,0.011666668,0.22333333,0.06250001,0.020000001,0.16,0.041666668,0.29916668,0.8858333,0.52416664,0.0375,0.62083334,0.056666672,0.26083335,0.020000001,0.06583334,0.18166667,0.20166667,0.17833334,0.105000004,0.0275,0.08500001,0.35750002,0.07666667,0.14833334,0.08166667,0.08416667,0.26749998
BC2026_Train_0018_S22_20211028_234500_55,0.17833334,0.096666664,0.27583334,0.7975001,0.20000002,0.20166667,0.7316667,0.7166667,0.38916668,0.90500003,0.97583336,0.7116667,0.40333337,0.4625,0.19416669,0.45166665,0.3516667,0.055833332,0.5475,0.50916666,0.62916666,0.2525,0.07666667,0.97,0.11500001,0.2325,0.5191667,0.15083334,0.065,0.82000005,0.065,0.026666667,0.26666668,0.8025,0.51250005,0.08916667,0.089999996,0.2425,0.73,0.19916667,0.73333335,0.25,0.5341667,0.032500003,0.3983333,0.44166666,0.2525,0.19583333,0.3191667,0.32916668,0.05166667,0.050833337,0.058333337,0.78999996,0.16749999,0.26666668,0.07083333,0.73833334,0.11833334,0.23166667,0.57916665,0.39749998,0.35083333,0.67666674,0.090833336,0.8616666,0.94166666,0.46333337,0.22583334,0.7816667,0.18416667,0.029166669,0.055000003,0.35500002,0.45666668,0.29416668,0.1825,0.16833335,0.04083333,0.28333333,0.5666667,0.17583334,0.99583334,0.18333334,0.3408333,0.030833336,0.13083333,0.39083335,0.065000005,0.36916667,0.22083333,0.048333332,0.14000002,0.20416667,0.3175,0.44166666,0.8366667,0.5716667,0.58416665,0.52250004,0.090833336,0.31,0.15166667,0.88166666,0.5025,0.0675,0.08833334,0.18333334,0.35583332,0.09,0.12416667,0.29333335,0.09916666,0.050000004,0.11333334,0.034166668,0.16000001,0.125,0.34083334,0.81083333,0.20083335,0.068333335,0.028333336,0.20416668,0.31666666,0.3525,0.16083333,0.27416664,0.12083334,0.45416668,0.45250002,0.35,0.14000002,0.07166667,0.29333332,0.17666666,0.10916667,0.83250004,0.31083333,0.9304167,0.11416666,0.12333334,0.033333335,0.059166666,0.82250005,0.26166666,0.44083333,0.8833333,0.26333335,0.365,0.39500004,0.27833334,0.45416668,0.14583334,0.038333334,0.29083335,0.021666668,0.090833336,0.21333334,0.090833336,0.22333333,0.09166667,0.17166667,0.11916667,0.22,0.57958335,0.15416667,0.37416667,0.13499999,0.16499999,0.11083333,0.47333333,0.094166666,0.11083334,0.23916666,0.105000004,0.11416666,0.12416667,0.028333336,0.20416667,0.065000005,0.15,0.44375,0.25416666,0.079166666,0.0675,0.2475,0.08833334,0.0925,0.25916666,0.28083333,0.85,0.08333334,0.485,0.10250001,0.32999998,0.038333334,0.06333334,0.37333333,0.11250001,0.07166667,0.035,0.15166666,0.5366667,0.0775,0.21916668,0.85,0.03916667,0.19916667,0.18416667,0.025,0.15166667,0.024166668,0.37583336,0.925,0.5341667,0.05416667,0.65000004,0.052500002,0.2975,0.0275,0.1075,0.31083333,0.215,0.21333335,0.165,0.047500003,0.105833344,0.41083333,0.056666672,0.20416668,0.0625,0.14750001,0.14083335
BC2026_Train_0018_S22_20211028_234500_60,0.16583332,0.07333334,0.24000001,0.76750004,0.19166666,0.15583333,0.67083335,0.5816667,0.2866667,0.8641667,0.9816667,0.5775,0.34083334,0.3875,0.15416667,0.31583333,0.28583333,0.08166667,0.62416667,0.48333335,0.58750004,0.36833334,0.052500002,0.97333336,0.105,0.13583334,0.49916667,0.14500001,0.08166667,0.8291667,0.054166667,0.050833337,0.1975,0.675,0.425,0.04416667,0.12000001,0.2325,0.68416667,0.11583334,0.75,0.23833334,0.515,0.046666667,0.38500002,0.475,0.24666668,0.17916667,0.32083333,0.3725,0.060000002,0.05333334,0.05333334,0.81083333,0.08,0.24583334,0.080000006,0.85,0.08416667,0.1575,0.63,0.35,0.375,0.7541667,0.2675,0.80583334,0.9225,0.2825,0.1825,0.79083335,0.125,0.056666672,0.029166667,0.3175,0.28416666,0.31583333,0.17,0.15333334,0.12083334,0.28666666,0.6675,0.16833334,0.93833333,0.19250001,0.28083333,0.023333335,0.075833336,0.35333335,0.06333333,0.25916666,0.26,0.027500002,0.25583333,0.20166667,0.5275,0.45083335,0.56583333,0.59333336,0.54333335,0.64,0.1275,0.18083334,0.215,0.8333334,0.5975,0.055833332,0.026666667,0.13083334,0.29416668,0.083333336,0.12833335,0.205,0.1025,0.072500005,0.10083333,0.06666667,0.07833333,0.15833333,0.2616667,0.6116667,0.21416667,0.0325,0.032500003,0.1975,0.275,0.30916667,0.16583332,0.14833333,0.04916667,0.49416667,0.45416668,0.39666668,0.120000005,0.12416667,0.26166666,0.15083334,0.12166667,0.56416667,0.15,0.94666666,0.09833334,0.27083334,0.04416667,0.1225,0.84000003,0.1725,0.2725,0.7991667,0.19583334,0.3491667,0.39791664,0.22250001,0.4475,0.16083333,0.045833334,0.19416666,0.058333334,0.06916667,0.17416668,0.17333335,0.17833334,0.18833333,0.13333333,0.034166668,0.18333334,0.795,0.105000004,0.26083332,0.094166666,0.2,0.0875,0.2616667,0.060000002,0.10833334,0.32166666,0.11916667,0.104166664,0.21875,0.053333335,0.2733333,0.043333337,0.165,0.45749998,0.2325,0.085,0.075833336,0.22333334,0.0925,0.083333336,0.22749999,0.245,0.81500006,0.24000001,0.34,0.09916668,0.29583335,0.064166665,0.0575,0.45083338,0.15333334,0.09,0.042500004,0.1375,0.31416667,0.08583334,0.26749998,0.9141666,0.035,0.10583334,0.4975,0.038333334,0.1925,0.034166668,0.36166668,0.92583334,0.5758334,0.04916667,0.6675,0.064166665,0.4116667,0.004166667,0.14916667,0.36166668,0.18083334,0.1825,0.18,0.044166666,0.08083333,0.36416665,0.14500001,0.20333333,0.08916667,0.097500004,0.19333333
BC2026_Train_0019_S22_20211104_200000_5,0.30166668,0.32916665,0.54333335,0.6366667,0.9091667,0.215,0.67583334,0.8933333,0.9058333,0.69916666,0.995,0.56916666,0.6425,0.46666667,0.5341667,0.7741667,0.87916666,0.0575,0.51,0.7691667,0.88666666,0.96,0.7041667,0.8183333,0.9766667,0.7941667,0.5191667,0.27333334,0.116666675,0.9175,0.12583333,0.05666667,0.43583333,0.50666666,0.26083332,0.07333334,0.052500002,0.17166667,0.48916668,0.22833332,0.30666667,0.20083335,0.29333332,0.043333337,0.5833334,0.5733333,0.27583334,0.335,0.29833332,0.285,0.025000002,0.032500003,0.032500003,0.40541667,0.16833335,0.42083335,0.004166667,0.6175,0.2575,0.28583333,0.76750004,0.6425,0.87916666,0.99375004,0.30166668,0.675,0.6725,0.24000001,0.07,0.73,0.23583333,0.13833334,0.11833334,0.24916667,0.35916668,0.030833334,0.23666668,0.27333334,0.11333334,0.28083333,0.5833333,0.29416668,0.9616667,0.205,0.43083334,0.13666667,0.11833334,0.35333335,0.13833335,0.77583337,0.435,0.100833334,0.185,0.1725,0.97583336,0.7375001,0.9508333,0.26666668,0.65083337,0.41,0.0925,0.7816667,0.1675,0.8833333,0.23666668,0.1275,0.061666667,0.5658334,0.42583334,0.08083333,0.2425,0.27833334,0.23416667,0.7841667,0.9825,0.13,0.15583333,0.1,0.30916667,0.81250006,0.18083334,0.32000002,0.17916667,0.2791667,0.36416665,0.73583335,0.17750001,0.39583334,0.22000001,0.11833333,0.52166665,0.39833337,0.10166667,0.24333334,0.6358333,0.82000005,0.10333333,0.8358333,0.37416667,0.8141667,0.050833337,0.0675,0.565,0.4025,0.86,0.23916666,0.10666667,0.6191667,0.31833333,0.27416667,0.7766667,0.3416667,0.31833333,0.24333334,0.16083333,0.55583334,0.04916667,0.17583334,0.1375,0.40416667,0.055,0.123333335,0.13166668,0.41916668,0.185,0.17416666,0.33416668,0.35666668,0.33583334,0.21583335,0.031666666,0.69750005,0.14916666,0.135,0.36333334,0.42916667,0.7433334,0.0675,0.18583333,0.34333333,0.31083333,0.16166668,0.5775,0.225,0.27333334,0.25916666,0.2766667,0.16250001,0.10750001,0.07833333,0.59250003,0.885,0.04083333,0.35083333,0.34666666,0.57,0.29666668,0.14666666,0.6383334,0.31333333,0.0375,0.6333333,0.48916668,0.034166668,0.17999999,0.23750001,0.7633333,0.07416667,0.55708337,0.085,0.11416666,0.10666666,0.08166667,0.6458333,0.7941667,0.8083334,0.0475,0.425,0.12916666,0.57166666,0.09833333,0.084166676,0.44,0.21333334,0.33083335,0.2766667,0.17583334,0.23,0.4345833,0.13499999,0.13666667,0.1525,0.21000001,0.17750001
BC2026_Train_0019_S22_20211104_200000_10,0.26250002,0.26000002,0.5866667,0.56666666,0.9008333,0.2625,0.6716667,0.9325,0.91333336,0.6675,0.98083335,0.69500005,0.6091667,0.3916667,0.5125,0.7816667,0.855,0.10166667,0.61583334,0.71250004,0.905,0.9733333,0.87333333,0.835,0.96416664,0.81500006,0.4425,0.3541667,0.2225,0.905,0.21333334,0.094166666,0.35666668,0.42416668,0.2733333,0.0975,0.16666667,0.20916666,0.47833335,0.23666666,0.35750002,0.21583332,0.29583332,0.0875,0.47083336,0.4608333,0.2425,0.3466667,0.33416668,0.33083332,0.04416667,0.040833335,0.04416667,0.4766667,0.085,0.5541667,0.028333336,0.6375,0.48000002,0.3925,0.7666667,0.7891667,0.90583336,0.99666667,0.33166665,0.72833335,0.6725,0.2975,0.108333334,0.705,0.25083333,0.25666666,0.22666669,0.2425,0.28916666,0.05916667,0.27583334,0.27166668,0.119166665,0.4166667,0.78833336,0.2891667,0.9316667,0.25916666,0.54333335,0.275,0.32750002,0.57,0.22083335,0.8975,0.56333333,0.29958332,0.32083333,0.20916668,0.96166664,0.78333336,0.9558333,0.29166666,0.7166667,0.5475,0.13166668,0.8166667,0.17750001,0.825,0.33333334,0.14500001,0.15916666,0.61833334,0.50083333,0.10916667,0.34000003,0.63666666,0.30416667,0.80583334,0.95666665,0.19000001,0.16083334,0.17833334,0.32083336,0.8166667,0.22250003,0.27583334,0.24416667,0.29333335,0.4016667,0.7566667,0.24083334,0.35000002,0.33666667,0.17,0.7108333,0.43166664,0.19250001,0.31166667,0.725,0.83250004,0.12583333,0.7733334,0.40750003,0.8191667,0.135,0.11666667,0.71583337,0.42083338,0.82166666,0.2625,0.22166668,0.68916667,0.43291667,0.31166667,0.80750006,0.41333333,0.48916668,0.3525,0.16666667,0.6458333,0.060000002,0.16333334,0.19541667,0.55333334,0.0775,0.15750001,0.33833334,0.41500002,0.20916668,0.3275,0.64750004,0.44,0.40333334,0.32916668,0.07416667,0.7366667,0.28500003,0.17333333,0.4825,0.5083333,0.7291667,0.09916666,0.28000003,0.40000004,0.32250002,0.21666667,0.5366667,0.29916668,0.32333335,0.32916665,0.23416667,0.25166667,0.16,0.11916667,0.7325,0.91333336,0.060000002,0.39333335,0.4166667,0.64416665,0.33166668,0.22916666,0.59749997,0.48416665,0.048333332,0.85333335,0.7433334,0.124166675,0.27833334,0.23083334,0.81166667,0.097500004,0.56166667,0.13333333,0.15666667,0.14916667,0.1275,0.68166673,0.7783334,0.81916666,0.086666666,0.5075,0.16666667,0.74083334,0.13499999,0.084166676,0.4791667,0.2225,0.42833334,0.29166666,0.20166667,0.3025,0.53583336,0.22500001,0.26166666,0.27833334,0.24416667,0.13166666
BC2026_Train_0019_S22_20211104_200000_15,0.2758333,0.46333334,0.74750006,0.535,0.905,0.35750002,0.6725,0.8975,0.9058333,0.69,0.90166664,0.8891667,0.61583334,0.50416666,0.63,0.80083334,0.87166667,0.12916666,0.5675,0.70250005,0.88416666,0.9191666,0.8541667,0.83500004,0.97333336,0.8375,0.4375,0.4991667,0.45333335,0.9091667,0.37166667,0.215,0.5825,0.58833337,0.34583336,0.23833336,0.29916668,0.30083334,0.65500003,0.27916667,0.46416664,0.4125,0.23166667,0.25416666,0.5541667,0.5475,0.275,0.5875,0.43166667,0.43,0.040000003,0.0475,0.043333337,0.65250003,0.22,0.5,0.12833333,0.5966667,0.6758334,0.35000002,0.70916665,0.77750003,0.90416664,0.9575,0.395,0.71250004,0.70500004,0.44,0.28083333,0.7916666,0.30333334,0.26916668,0.39833334,0.4016667,0.45666668,0.11500001,0.39499998,0.33625,0.13333334,0.5325,0.86833334,0.36166668,0.94666666,0.2816667,0.6816667,0.33833334,0.47,0.58916664,0.34583333,0.9108333,0.42083335,0.61333334,0.5058333,0.31583333,0.97,0.6016667,0.925,0.35666668,0.72833335,0.74250007,0.23333335,0.74333334,0.31833336,0.8491667,0.39166668,0.21583334,0.31750003,0.6591667,0.6308334,0.21166667,0.46083334,0.55,0.49416667,0.8616667,0.975,0.34666666,0.24583334,0.17666668,0.4025,0.86583334,0.32999998,0.4091667,0.35583332,0.44333333,0.45000002,0.725,0.2791667,0.46083334,0.39166665,0.275,0.91583335,0.42916667,0.25916666,0.43916667,0.6883334,0.8291667,0.21083333,0.7529167,0.52,0.83750004,0.21416667,0.26583335,0.83250004,0.55,0.885,0.375,0.34083337,0.83666664,0.5391667,0.31083333,0.83250004,0.41583332,0.67,0.42999998,0.26666668,0.725,0.11416667,0.34916666,0.25166667,0.5291667,0.17666668,0.23166668,0.3958333,0.5466667,0.32583332,0.42083335,0.52000004,0.49,0.5,0.3866667,0.16166668,0.7591667,0.36166668,0.2725,0.45208335,0.5275,0.7008333,0.1575,0.45666668,0.47083333,0.3475,0.29916668,0.6333333,0.4016667,0.46000004,0.44916666,0.37166667,0.40666667,0.195,0.12166667,0.7683334,0.865,0.17416666,0.56416667,0.52166665,0.7541667,0.43833336,0.33833334,0.6883334,0.50000006,0.135,0.7975,0.62083334,0.20750001,0.36833334,0.37333336,0.8258333,0.15833335,0.5758333,0.27666667,0.175,0.3891667,0.20666666,0.8083334,0.70250005,0.74833333,0.145,0.5991667,0.22000001,0.8366667,0.16916668,0.21750002,0.5291667,0.29666665,0.42666668,0.43166667,0.2891667,0.41750002,0.71500003,0.41916668,0.4041667,0.49166667,0.41500002,0.4275
BC2026_Train_0019_S22_20211104_200000_20,0.24416667,0.5366667,0.755,0.5425,0.9375,0.33916667,0.60749996,0.85,0.9116667,0.6958334,0.85,0.8225,0.58000004,0.5625,0.6725,0.875,0.9058333,0.13666667,0.51166666,0.6991667,0.9291667,0.94416666,0.925,0.7666667,0.99958336,0.88166666,0.48916668,0.5791667,0.5675,0.9375,0.28750002,0.24916668,0.42666668,0.56583333,0.30083334,0.27,0.30333334,0.2616667,0.6041667,0.305,0.35916668,0.3166667,0.21750002,0.28916666,0.6575,0.65833336,0.3,0.5025,0.35833335,0.37583336,0.030833334,0.034166668,0.027500002,0.51500005,0.32250002,0.49166667,0.08583333,0.5258333,0.6566667,0.41166666,0.72,0.7991667,0.90250003,0.97125006,0.4425,0.68416667,0.68083334,0.5175,0.21416667,0.9241667,0.30416667,0.12416667,0.38833335,0.4625,0.485,0.071666665,0.30416667,0.35833332,0.13666669,0.52833337,0.84333336,0.39000002,0.96500003,0.26833332,0.65333337,0.34333333,0.3725,0.4016667,0.2725,0.86833334,0.36666667,0.52,0.26749998,0.28333336,0.9775,0.55583334,0.905,0.32,0.6675,0.66833335,0.23750001,0.75,0.27583334,0.79583335,0.37333336,0.18833333,0.2125,0.68083334,0.535,0.17916667,0.47083336,0.47083333,0.43416667,0.8341667,0.9775,0.32000002,0.1725,0.2525,0.34083334,0.8675,0.37583333,0.35500002,0.28833333,0.40833333,0.5375,0.6483333,0.15416667,0.57166666,0.37666667,0.19250001,0.8283334,0.33833337,0.30416667,0.35,0.6725,0.89916664,0.36916667,0.65666664,0.48583335,0.82000005,0.13166666,0.2875,0.71833336,0.53083336,0.905,0.3625,0.41750002,0.8616666,0.50333333,0.265,0.84250003,0.39083335,0.56416667,0.4775,0.33,0.66833335,0.0675,0.22666667,0.2575,0.57916665,0.13958333,0.2,0.42583334,0.5758333,0.35833335,0.30083334,0.4375,0.39249998,0.5258333,0.32750002,0.17,0.78083336,0.36416668,0.20250002,0.3975,0.5216667,0.6716667,0.13499999,0.3816667,0.555,0.425,0.26833332,0.62166667,0.32666668,0.41,0.41583335,0.27333334,0.37416667,0.145,0.105,0.7041667,0.85333335,0.11583333,0.56416667,0.5125,0.685,0.38833335,0.31,0.615,0.51750004,0.095,0.87583333,0.59250003,0.13666666,0.4125,0.335,0.84333336,0.19833332,0.53999996,0.21083334,0.1825,0.29833335,0.19833334,0.84333336,0.6558333,0.7375,0.1375,0.555,0.17833334,0.8466667,0.19333333,0.13083333,0.55083334,0.3425,0.39749998,0.515,0.31416667,0.38333333,0.71500003,0.30166668,0.39666668,0.3866667,0.32250002,0.22083333
BC2026_Train_0019_S22_20211104_200000_25,0.25166667,0.3866667,0.6891667,0.58750004,0.9625,0.41500002,0.62083334,0.87416667,0.9325,0.7266667,0.89,0.72333336,0.44500002,0.5,0.5883333,0.8833333,0.9141667,0.145,0.50083333,0.5991667,0.91583335,0.99083334,0.88166666,0.9658333,0.9895834,0.8125,0.62833333,0.47166666,0.515,0.935,0.22916669,0.24166667,0.41,0.46833336,0.32500002,0.205,0.385,0.30333334,0.6275,0.22833334,0.675,0.36583334,0.51750004,0.28166667,0.5625,0.55583334,0.33583334,0.5933333,0.41916668,0.37875003,0.07916667,0.075833336,0.075833336,0.6691667,0.20833333,0.49583334,0.07333333,0.52416664,0.5858334,0.3766667,0.7166667,0.78083336,0.91833335,0.9870834,0.4375,0.72583336,0.60333335,0.40500003,0.26916665,0.8883333,0.25416666,0.13,0.41916668,0.74500006,0.33333334,0.096666664,0.30166668,0.35083333,0.14166667,0.56666666,0.87083334,0.465,0.9583333,0.30666667,0.595,0.28,0.18750001,0.34000003,0.4275,0.93833333,0.31416667,0.4125,0.20166667,0.38,0.985,0.71750003,0.9108333,0.3841667,0.63666666,0.50750005,0.34666666,0.8641667,0.2625,0.88416666,0.46666667,0.21499999,0.26333335,0.605,0.48000002,0.100833334,0.3516667,0.42166668,0.3175,0.91999996,0.9633333,0.33916667,0.14166667,0.5108334,0.32333332,0.8216667,0.45416668,0.2916667,0.2975,0.36416668,0.52583337,0.77500004,0.13333333,0.4575,0.34083337,0.25416666,0.7791667,0.5566667,0.35583335,0.34791666,0.6408334,0.90916663,0.5375,0.5183333,0.51,0.84000003,0.15083334,0.31166667,0.8166667,0.57916665,0.8875,0.27833334,0.3216667,0.7825,0.5825,0.21166667,0.88416666,0.38666666,0.53833336,0.43833333,0.37500003,0.6675,0.09166666,0.215,0.23166668,0.66583335,0.16583334,0.17750001,0.45333332,0.54833335,0.2891667,0.32583335,0.46166667,0.3516667,0.46,0.35250002,0.109166674,0.77750003,0.34833333,0.1625,0.48666668,0.5516667,0.7533334,0.14083335,0.35583335,0.55333334,0.39000002,0.24416667,0.6275,0.27666667,0.45333338,0.4275,0.1725,0.35666668,0.10583333,0.15666667,0.8266667,0.87,0.100833334,0.47750002,0.7125,0.73,0.3391667,0.27916667,0.6675,0.67333335,0.05916667,0.9841667,0.63,0.06333333,0.35500002,0.25333333,0.84833336,0.185,0.52166665,0.125,0.19916667,0.225,0.15583333,0.7541667,0.7241667,0.72833335,0.2,0.6166667,0.14333333,0.9083333,0.16833335,0.14,0.65083337,0.35666668,0.38166666,0.54083335,0.275,0.3466667,0.7033334,0.19916667,0.29000002,0.44750002,0.24333334,0.15666667
BC2026_Train_0019_S22_20211104_200000_30,0.25166667,0.36416668,0.74916667,0.60583335,0.9291667,0.5991667,0.5158333,0.9425,0.9433333,0.6575,0.8641667,0.73333335,0.5133333,0.675,0.68416667,0.9058333,0.9354167,0.15416667,0.60583335,0.5475,0.9433333,0.995,0.92833334,0.9925,0.97833335,0.89750004,0.77583337,0.4275,0.4525,0.91333336,0.27333334,0.2591667,0.4941667,0.48416668,0.46416664,0.20583333,0.34500003,0.3025,0.65333337,0.21416667,0.7941667,0.335,0.6541667,0.30583334,0.57,0.55,0.33666667,0.65666664,0.46,0.415,0.10916667,0.09833334,0.10166667,0.7933333,0.185,0.73333335,0.1525,0.55583334,0.6825,0.36083335,0.8091667,0.7683334,0.95,0.9779167,0.4541667,0.7808333,0.58500004,0.5725,0.36583334,0.89250004,0.34666666,0.205,0.55333334,0.9466667,0.30916667,0.23916668,0.4875,0.71750003,0.19333334,0.7041667,0.8441667,0.7391667,0.9791667,0.5425,0.61583334,0.36,0.20666666,0.51250005,0.5625,0.99583334,0.28333333,0.495,0.4033333,0.45833334,0.9925,0.87583333,0.93083334,0.3841667,0.7475,0.52166665,0.33,0.89,0.37583333,0.8908333,0.49083334,0.34416667,0.345,0.72,0.5641667,0.16083334,0.40083334,0.28166667,0.36166668,0.895,0.965,0.35166666,0.195,0.52583337,0.52250004,0.84833336,0.72249997,0.71583337,0.3816667,0.47416666,0.5466667,0.83833337,0.1925,0.47750002,0.41666666,0.4425,0.75,0.8533333,0.5441667,0.41,0.85499996,0.9266667,0.49083334,0.58666664,0.7058333,0.845,0.34416667,0.38500002,0.8725,0.6791667,0.875,0.4275,0.29000002,0.8533333,0.6966667,0.32000002,0.94500005,0.68583333,0.7608334,0.46833333,0.39583334,0.7091667,0.45583335,0.3766667,0.2816667,0.9133333,0.16833334,0.24000001,0.5825,0.49583334,0.48333335,0.5158334,0.64500004,0.42583334,0.41000003,0.5716667,0.19833334,0.8566666,0.4041667,0.34583336,0.7291667,0.6508333,0.85333335,0.2216667,0.45000002,0.7008334,0.4475,0.32916668,0.7066667,0.35250002,0.5575,0.66833335,0.3075,0.4525,0.19833335,0.27416667,0.9525,0.92,0.4166667,0.62416667,0.61333334,0.7933334,0.43416667,0.32833335,0.8283333,0.8,0.09833333,0.90833336,0.76166666,0.055000003,0.5325,0.405,0.80833334,0.17416668,0.64250004,0.28333336,0.45083332,0.4066667,0.18499999,0.7541667,0.78000003,0.7683334,0.36333334,0.73083335,0.24541667,0.86583334,0.22416666,0.27416667,0.7141667,0.46583334,0.5541667,0.56083333,0.36666667,0.49,0.8275,0.3025,0.42333335,0.5183333,0.22333333,0.19583333
BC2026_Train_0019_S22_20211104_200000_35,0.18333334,0.3425,0.8225,0.57166666,0.93333334,0.8316667,0.6133333,0.97583336,0.9375,0.64750004,0.80750006,0.7895834,0.63666666,0.575,0.7850001,0.93916667,0.92333335,0.20500001,0.62416667,0.7016667,0.96833336,0.9816667,0.9916667,0.94916666,0.9916667,0.9725,0.6483333,0.6591667,0.615,0.9475,0.3425,0.3475,0.6033333,0.24833333,0.35000002,0.38083336,0.3625,0.26333335,0.62416667,0.30083334,0.6458334,0.30583334,0.5,0.42833334,0.65,0.6566667,0.30666667,0.6116666,0.40333337,0.35000002,0.097500004,0.09333334,0.083333336,0.62166667,0.28416666,0.875,0.22250003,0.5425,0.7933333,0.59333336,0.77250004,0.8041667,0.9275,0.97083336,0.52666664,0.7725,0.5891667,0.6941667,0.445,0.90000004,0.40416667,0.3725,0.56333333,0.8225,0.23666666,0.52000004,0.5375,0.88166666,0.21249999,0.7483334,0.7308334,0.58416665,0.8891667,0.6383333,0.8116667,0.53583336,0.33750004,0.66166663,0.6016667,0.98333335,0.36833334,0.70250005,0.565,0.61,0.99833333,0.87833333,0.9625,0.33416668,0.7108334,0.57416666,0.32916668,0.8558333,0.3866667,0.79333335,0.515,0.36833334,0.38000003,0.72833335,0.57500005,0.2616667,0.41500002,0.29083335,0.46000004,0.69500005,0.99916667,0.41750002,0.27666667,0.48333338,0.48583335,0.86583334,0.7825,0.90083337,0.36666667,0.5083333,0.75,0.7975001,0.09083333,0.7641667,0.445,0.4425,0.81000006,0.6908334,0.72,0.41833335,0.7066667,0.925,0.33916667,0.82,0.6775,0.7950001,0.39916667,0.41916665,0.7516667,0.655,0.8408333,0.54499996,0.29416668,0.7966667,0.7491667,0.41916668,0.8833333,0.8033333,0.74000007,0.5908333,0.5241667,0.81500006,0.57500005,0.40833333,0.43333334,0.95916665,0.30166668,0.29916665,0.7491667,0.58,0.40083337,0.59000003,0.67833334,0.5604167,0.4775,0.5716667,0.38666666,0.95166665,0.5008334,0.31916666,0.8383333,0.60333335,0.8133334,0.2775,0.565,0.88,0.46333334,0.38583335,0.65833336,0.43416667,0.6116667,0.69666666,0.37416667,0.5783333,0.24333332,0.35833335,0.86,0.89,0.56916666,0.70500004,0.69083333,0.8033334,0.475,0.37416667,0.7925,0.69,0.1725,0.9008333,0.76750004,0.22,0.8433333,0.3866667,0.7583334,0.28333336,0.6483334,0.47000003,0.73083335,0.3441667,0.22500002,0.7691667,0.7266667,0.71250004,0.405,0.8241667,0.31166667,0.8158334,0.31833336,0.29250002,0.7291667,0.48833334,0.68083334,0.57416666,0.4283333,0.51000005,0.7666667,0.365,0.6066667,0.59416664,0.38000003,0.355
BC2026_Train_0019_S22_20211104_200000_40,0.19583334,0.36083335,0.7033334,0.605,0.9583333,0.91749996,0.6716667,0.8541667,0.93083334,0.64250004,0.82500005,0.7616667,0.55,0.60833335,0.73333335,0.9175,0.935,0.26083332,0.62750006,0.85,0.97166663,0.9658333,0.8941667,0.8191667,0.99,0.9266667,0.59000003,0.8283334,0.5816667,0.96458334,0.27166665,0.27916667,0.53125,0.215,0.30916667,0.23083332,0.2725,0.18833335,0.5125,0.25916666,0.32666668,0.24000001,0.23916666,0.35250002,0.49916667,0.495,0.24166667,0.48083335,0.34166667,0.2875,0.075,0.071666665,0.071666665,0.4025,0.19583334,0.92583334,0.20333333,0.5475,0.93416667,0.62250006,0.80583334,0.7716667,0.9216667,0.9904167,0.62333333,0.75333333,0.64500004,0.75166667,0.45666668,0.78499997,0.35083333,0.24583334,0.43333334,0.53583336,0.24833335,0.4625,0.47833332,0.5425,0.22500001,0.85749996,0.6116667,0.32916665,0.83750004,0.6508333,0.86333334,0.465,0.30166668,0.40666667,0.34000003,0.9191666,0.31,0.46916667,0.44833335,0.80916667,0.98083335,0.845,0.84583336,0.3641667,0.62,0.6116667,0.24333334,0.80250007,0.27833334,0.75500005,0.5566667,0.2575,0.23,0.67583334,0.5083333,0.27166668,0.40833336,0.30583334,0.39249998,0.4725,0.99333334,0.33416665,0.27583334,0.43416667,0.5833334,0.76250005,0.6991667,0.6525,0.285,0.5166667,0.82000005,0.635,0.050833337,0.46083334,0.3825,0.375,0.8958333,0.39916667,0.895,0.28666666,0.62,0.9141666,0.36666667,0.53,0.47666666,0.75666666,0.2616667,0.3975,0.6341667,0.51166666,0.8841667,0.4741667,0.32333332,0.7583334,0.6041667,0.395,0.81083333,0.6191667,0.5891667,0.47083333,0.47750002,0.6491667,0.34,0.26333335,0.3925,0.86333334,0.29833335,0.1925,0.79083335,0.60333335,0.29833332,0.6691667,0.51500005,0.35583335,0.41333336,0.44166666,0.29000002,0.8225,0.38333333,0.16333333,0.67333335,0.47333333,0.7158333,0.1425,0.535,0.85833335,0.45333335,0.3366667,0.6016666,0.36083335,0.6508333,0.575,0.41750002,0.42916667,0.24416667,0.14666666,0.7458334,0.85,0.21833333,0.5675,0.54499996,0.7325001,0.49583334,0.30833334,0.55916667,0.60583335,0.13083333,0.6983334,0.6566667,0.3325,0.52833337,0.3516667,0.76000005,0.42333335,0.665,0.29500002,0.30333334,0.20583335,0.26333332,0.7216667,0.70916665,0.65416664,0.2425,0.76500005,0.2075,0.8033334,0.21000001,0.21000001,0.6966667,0.30583334,0.56916666,0.5133333,0.36,0.57916665,0.65833336,0.34583336,0.47583333,0.49333334,0.46,0.27
BC2026_Train_0019_S22_20211104_200000_45,0.23750001,0.3983333,0.6925,0.67833334,0.975,0.85333335,0.6091667,0.8341667,0.9433333,0.6575,0.8366667,0.7795834,0.39416668,0.525,0.8083334,0.93,0.9741667,0.19666666,0.515,0.80583334,0.9891667,0.93333334,0.65250003,0.81916666,0.9791667,0.8316667,0.59583336,0.81250006,0.6883334,0.9558333,0.29000002,0.28916666,0.51166666,0.22416666,0.22833335,0.23166668,0.23416668,0.2,0.5708333,0.24833333,0.41166666,0.32583332,0.30333334,0.3725,0.395,0.37166667,0.22,0.5683333,0.36416668,0.3,0.052500002,0.055833332,0.055833332,0.505,0.13083333,0.75333333,0.1575,0.57,0.86833334,0.44833332,0.7483334,0.8166667,0.9225,0.96333337,0.88166666,0.7241667,0.68833333,0.6575,0.45666665,0.8166667,0.27583334,0.16500002,0.2891667,0.47500002,0.225,0.13916667,0.38083333,0.33416668,0.195,0.86833334,0.5775,0.41916668,0.8491667,0.73583335,0.7708334,0.3625,0.22,0.3375,0.15166667,0.8675,0.40583336,0.3191667,0.32583332,0.86833334,0.9716667,0.8358334,0.70500004,0.34333333,0.5825,0.6750001,0.2125,0.7091667,0.13416667,0.71500003,0.5375,0.22,0.1375,0.6933334,0.49333334,0.23416667,0.38000003,0.28875002,0.33999997,0.49,0.9775,0.25833333,0.275,0.5525,0.4425,0.68333334,0.45583335,0.18916668,0.23166667,0.4375,0.7116667,0.62750006,0.045833334,0.3925,0.31083333,0.25583333,0.8675,0.32500002,0.91083336,0.28916666,0.6333333,0.95166665,0.6925,0.3816667,0.45333335,0.7375001,0.12666668,0.32583335,0.67583334,0.5291667,0.8233333,0.48000002,0.30166668,0.80333334,0.42166668,0.43916667,0.8266667,0.255,0.5466666,0.38083336,0.4425,0.5341667,0.17500001,0.2175,0.27416667,0.75750005,0.19500001,0.205,0.8275,0.34416667,0.32916668,0.6933334,0.4325,0.35500002,0.39833334,0.42416668,0.29416668,0.66,0.32583332,0.11333334,0.47791666,0.3475,0.79333335,0.10166667,0.39833337,0.76250005,0.3791667,0.22083336,0.62666667,0.435,0.5966667,0.3541667,0.21166667,0.33750004,0.24583334,0.16583334,0.70250005,0.8675,0.0775,0.40833336,0.44750002,0.6333333,0.39416668,0.25083333,0.3975,0.78083336,0.0975,0.6916667,0.645,0.27416667,0.24666667,0.315,0.67083335,0.425,0.7733334,0.125,0.16416666,0.14666668,0.42916667,0.65916663,0.7216667,0.63166666,0.24583334,0.6933334,0.1275,0.8241667,0.20333333,0.16333333,0.6433334,0.3075,0.42000002,0.49083334,0.31333336,0.565,0.75,0.30083334,0.49916667,0.40666667,0.43666667,0.26250002
BC2026_Train_0019_S22_20211104_200000_50,0.34333336,0.44166666,0.7408334,0.5791667,0.99583334,0.82874995,0.7008334,0.97083336,0.9483333,0.6433334,0.7883334,0.84999996,0.5783333,0.40833336,0.87916666,0.9483333,1.0,0.26916665,0.4975,0.9275,0.99666667,0.87083334,0.7558334,0.8408333,0.96999997,0.89500004,0.5291667,0.6766667,0.575,0.95916665,0.18583332,0.27499998,0.50916666,0.23166668,0.23250002,0.25,0.25166667,0.23166667,0.59833336,0.22916669,0.43166667,0.29083335,0.32166666,0.315,0.42083335,0.43083334,0.26916665,0.5966667,0.44583336,0.33416668,0.086666666,0.10333333,0.09,0.45833337,0.19583333,0.7791667,0.11083335,0.54833335,0.87750006,0.57416666,0.89,0.9108333,0.925,0.8933333,0.94,0.6458334,0.68083334,0.71333337,0.5525,0.7966666,0.32833335,0.34083334,0.31,0.6383334,0.28916666,0.08083334,0.36083335,0.39916667,0.21666667,0.7141667,0.68083334,0.5758333,0.8566667,0.70250005,0.79083335,0.46916667,0.26583335,0.6091667,0.23583335,0.8033334,0.72583336,0.385,0.5325,0.8175,0.95666665,0.90833336,0.83833337,0.235,0.515,0.6066666,0.185,0.77750003,0.18833333,0.7166667,0.56916666,0.23750001,0.15083334,0.8241667,0.43916667,0.17500001,0.3925,0.38583332,0.3,0.40416667,0.95,0.31333333,0.255,0.7225,0.5475,0.68750006,0.42333338,0.2825,0.18833333,0.45583332,0.84250003,0.6675,0.09833333,0.38750002,0.34083337,0.26666665,0.89166665,0.34000003,0.8691667,0.42166668,0.7275001,0.9558333,0.83916664,0.43166667,0.4179167,0.7491667,0.12916666,0.18166667,0.685,0.555,0.86333334,0.6120833,0.34666666,0.79833335,0.45333332,0.45666665,0.86,0.2525,0.4425,0.3825,0.41333336,0.41166666,0.1125,0.35083336,0.31750003,0.84583336,0.16250001,0.23916666,0.705,0.375,0.36666667,0.505,0.61249995,0.31,0.3841667,0.365,0.52750003,0.695,0.3375,0.13666667,0.36083335,0.48291665,0.8475,0.13,0.32583332,0.5475,0.37500003,0.28916666,0.56416667,0.3441667,0.98,0.36666667,0.2575,0.36583334,0.33666667,0.45,0.6625,0.935,0.195,0.4491667,0.43500003,0.6016667,0.35250002,0.29416668,0.45833334,0.885,0.097500004,0.9583333,0.65,0.25333333,0.17416666,0.29416665,0.7816667,0.36333334,0.85583335,0.20833333,0.17583334,0.11750001,0.34583333,0.55083334,0.6191667,0.6125,0.33750004,0.67499995,0.13833334,0.915,0.2616667,0.18916667,0.68,0.45333332,0.46250004,0.43666667,0.31166667,0.5866667,0.78000003,0.21333334,0.6483334,0.33083335,0.48333332,0.29
BC2026_Train_0019_S22_20211104_200000_55,0.27916667,0.6191667,0.7741667,0.5425,0.9166667,0.7816667,0.7141667,0.96666664,0.9216667,0.70916665,0.7958334,0.80916667,0.6933334,0.8666667,0.8516667,0.8925,0.9575,0.23750001,0.48666668,0.86249995,0.92583334,0.8366667,0.805,0.9533333,0.875,0.91,0.53833336,0.86083335,0.875,0.9791667,0.19749999,0.33666667,0.6275,0.6675,0.37416667,0.68083334,0.37,0.31583333,0.61583334,0.35833335,0.68,0.30083334,0.44916672,0.46500003,0.5966667,0.6091667,0.47083336,0.65333337,0.5775,0.40249997,0.1725,0.16916667,0.1725,0.6983334,0.41333336,0.67,0.123333335,0.5183333,0.8441667,0.63166666,0.9625,0.85333335,0.8591666,0.8591667,0.5941667,0.71750003,0.81083333,0.83500004,0.5125,0.8591667,0.4091667,0.385,0.3741667,0.56166667,0.685,0.14583333,0.48583332,0.3725,0.19416666,0.67833334,0.8316667,0.66083336,0.89416665,0.53833336,0.7733334,0.43166667,0.32916668,0.71500003,0.23500001,0.7425,0.5283333,0.48,0.46333334,0.5366667,0.9375,0.98333335,0.945,0.40083334,0.5258333,0.6391667,0.30916667,0.7925,0.30416667,0.85833335,0.73,0.35750002,0.26416668,0.8083333,0.43916667,0.15166667,0.32833332,0.49333334,0.37166667,0.30416667,0.87333333,0.3375,0.3275,0.60749996,0.7,0.85,0.7275,0.3966667,0.16166666,0.46583334,0.9558333,0.54333335,0.17166667,0.5966667,0.37583333,0.13916667,0.86083335,0.5133334,0.5991667,0.4075,0.69166666,0.8616667,0.6641667,0.565,0.38166666,0.8008334,0.1325,0.3125,0.58500004,0.5466667,0.92333335,0.5541667,0.45208335,0.7933334,0.52625,0.47083333,0.90666664,0.29749998,0.5075,0.495,0.55333334,0.6791667,0.29500002,0.40083334,0.26916668,0.81250006,0.2625,0.26333332,0.64,0.5975,0.39000002,0.47666666,0.8425,0.39083335,0.31083333,0.45999998,0.4691667,0.79583335,0.39750004,0.20750001,0.42249998,0.68500006,0.7716667,0.17916667,0.47,0.72,0.41000003,0.31500003,0.71750003,0.36833334,1.0,0.39666668,0.41666666,0.45,0.25833336,0.31083333,0.6333333,0.915,0.21583334,0.71416664,0.5633334,0.6016667,0.49833333,0.345,0.5491667,0.90333337,0.08500001,0.94916666,0.6433334,0.20583333,0.26333335,0.47916666,0.83,0.3425,0.72583336,0.2425,0.21416667,0.13916667,0.29916668,0.63666666,0.7033334,0.70250005,0.41,0.80666673,0.14583333,0.955,0.31750003,0.20666668,0.7216667,0.46416667,0.38666666,0.56333333,0.37916666,0.5375,0.7558334,0.23666668,0.5158334,0.47,0.42833337,0.38166666
BC2026_Train_0019_S22_20211104_200000_60,0.39833334,0.63916665,0.79,0.56416667,0.7375001,0.8616667,0.6983333,0.9841667,0.8358334,0.72416675,0.80250007,0.79666674,0.62416667,0.9875,0.97833335,0.7441667,0.90416664,0.31833333,0.46583334,0.88416666,0.83500004,0.68416667,0.9216667,0.91833335,0.57916665,0.9775,0.43166667,0.9216667,0.80750006,0.9666667,0.35583335,0.50416666,0.7291667,0.87916666,0.33750004,0.87666667,0.43166667,0.47666666,0.7116667,0.46416664,0.69500005,0.50333333,0.41000003,0.5341667,0.67083335,0.67083335,0.64000005,0.68833333,0.6641667,0.5575,0.2425,0.22583333,0.25916666,0.7416667,0.45000002,0.62083334,0.17833334,0.5108333,0.8183334,0.5733333,0.8975,0.83250004,0.7108333,0.7558334,0.24583334,0.6933334,0.97083336,0.86833334,0.53833336,0.91,0.5491667,0.47500002,0.5166667,0.76000005,0.84625,0.18083334,0.61333334,0.68083334,0.41416666,0.79083335,0.8775,0.75750005,0.88166666,0.7416667,0.83416665,0.5133333,0.43916667,0.7625,0.57416666,0.7891667,0.5116667,0.5625,0.5916667,0.4875,0.91083336,0.94,0.98,0.51500005,0.6066667,0.67833334,0.39166665,0.86083335,0.47583336,0.7941667,0.7716667,0.39333332,0.4141667,0.89125,0.48666668,0.285,0.47833335,0.8216667,0.4166667,0.34666666,0.7866667,0.3725,0.3825,0.54583335,0.8525,0.9291667,0.7479167,0.45916668,0.20750001,0.505,0.8983333,0.6325,0.55,0.7658334,0.42333332,0.14833334,0.82750005,0.65083337,0.7916666,0.5466667,0.6225,0.82000005,0.51666665,0.71000004,0.46249998,0.80500007,0.19749999,0.465,0.5808334,0.8075,0.895,0.6758334,0.45666668,0.8991667,0.515,0.58,0.8983333,0.385,0.70250005,0.6991667,0.6875,0.8758333,0.5575,0.5366667,0.35250002,0.9058333,0.33083335,0.4066667,0.7916667,0.7583334,0.4875,0.48333335,0.89166665,0.4925,0.40583333,0.51,0.5966667,0.82500005,0.4766667,0.2275,0.58500004,0.6275,0.7683334,0.21666667,0.5366667,0.7383334,0.45499998,0.48916668,0.79333335,0.44083333,0.9816667,0.58500004,0.65666664,0.7366667,0.23500001,0.5266667,0.67499995,0.88916665,0.33583334,0.87250006,0.75666666,0.7108333,0.63,0.38583332,0.59666663,0.9116667,0.15583333,0.9766667,0.72333336,0.30333334,0.37166667,0.72583336,0.85749996,0.3141667,0.68083334,0.3091667,0.33,0.22750002,0.59833336,0.72833335,0.7075,0.7366667,0.7191667,0.6441667,0.2025,0.97583336,0.52500004,0.3125,0.7941667,0.68833333,0.46833336,0.56166667,0.39916667,0.48333335,0.8075,0.34583333,0.56666666,0.52750003,0.45749998,0.40666667
BC2026_Train_0020_S22_20211104_231500_5,0.6791667,0.44,0.6933334,0.7733334,0.8875,0.30166668,0.5858334,0.675,0.8258333,0.7691667,0.81000006,0.73916674,0.73666674,0.70416665,0.77750003,0.6725,0.8258333,0.32000002,0.8116667,0.5983333,0.88916665,0.79666674,0.6883334,0.92333335,0.9425,0.71750003,0.62083334,0.61583334,0.2475,0.87833333,0.28166667,0.21000001,0.33083335,0.6041666,0.31666666,0.18166667,0.51166666,0.4875,0.7108333,0.2225,0.7508334,0.51750004,0.50416666,0.19666667,0.4825,0.45583332,0.29416668,0.5841667,0.5341667,0.45499998,0.13333333,0.17500001,0.13083333,0.79083335,0.18416668,0.4375,0.19666666,0.7733334,0.27416667,0.5466667,0.8283334,0.71250004,0.87916666,0.9241667,0.51666665,0.87416667,0.9191667,0.6641667,0.25,0.83000004,0.49,0.3691667,0.405,0.75500005,0.5158334,0.32750002,0.7416667,0.7266667,0.16749999,0.24666667,0.875,0.7116667,0.93916667,0.65583336,0.48666665,0.20083334,0.5041667,0.93583333,0.41500002,0.9425,0.60249996,0.4525,0.6041667,0.24166666,0.9066667,0.875,0.8416667,0.5241667,0.9516667,0.8108334,0.5325,0.35500002,0.6116667,0.94083333,0.965,0.5716667,0.38583332,0.9075,0.8575,0.27583334,0.64000005,0.5175,0.345,0.9341667,0.985,0.5883333,0.7141667,0.35166666,0.8466667,0.93583333,0.26,0.83250004,0.48833334,0.7766667,0.7683334,0.99583334,0.9025,0.3991667,0.4475,0.26416665,0.6675,0.74916667,0.18249999,0.8641666,0.9741667,0.93083334,0.5208334,0.11666667,0.9725,0.91,0.41916668,0.6958333,0.96000004,0.6616667,0.8366667,0.55583334,0.23500001,0.7058333,0.34333336,0.4266667,0.93333334,0.87833333,0.68083334,0.23750001,0.7016667,0.3441667,0.48333332,0.6025,0.18916667,0.5233334,0.42416665,0.5341667,0.23750001,0.16916667,0.8491667,0.6558333,0.3725,0.52833337,0.67583334,0.4525,0.42166668,0.9566667,0.51666665,0.46083334,0.68916667,0.85499996,0.9525,0.51916665,0.38416666,0.65083337,0.33666667,0.565,0.8116667,0.7008333,0.74833333,0.37166667,0.8091667,0.45999998,0.305,0.41500002,1.0,0.75166667,0.29416668,0.49,0.68666667,0.7925,0.7325,0.39916667,0.9458333,0.6358333,0.38250002,0.6641667,0.9033333,0.26833335,0.4041667,0.6091667,0.91583335,0.6041667,0.695,0.70000005,0.36500004,0.29166666,0.25083333,0.91166663,0.92083335,0.93083334,0.45916668,0.92333335,0.49166667,0.8916667,0.3541667,0.5591667,0.41833335,0.4116667,0.26166666,0.45583335,0.43166667,0.31166667,0.8958333,0.6116667,0.4075,0.52500004,0.3116667,0.65833336
BC2026_Train_0020_S22_20211104_231500_10,0.66583335,0.46916667,0.85,0.68333334,0.8833333,0.55083334,0.7266667,0.88416666,0.83000004,0.79166675,0.8083334,0.9033333,0.87,0.91,0.93,0.75500005,0.86583334,0.53833336,0.78625005,0.60583335,0.89416665,0.88,0.79,0.8883333,0.9166667,0.7941667,0.53666663,0.7708334,0.36333334,0.88916665,0.225,0.30666667,0.27916667,0.35750002,0.6325,0.19833334,0.51750004,0.52,0.59,0.21666668,0.58916664,0.41000003,0.45333335,0.29583335,0.39083335,0.34416667,0.32,0.59749997,0.59583336,0.5566667,0.18333334,0.18333334,0.17916666,0.5366667,0.12083333,0.8333334,0.26500002,0.8341667,0.68333334,0.6983333,0.8416667,0.875,0.8875,0.895,0.5125,0.94416666,0.9775,0.9008333,0.495,0.8958333,0.6641667,0.5058333,0.445,0.7633334,0.5375,0.34,0.62333333,0.7191667,0.27583334,0.32416666,0.8691667,0.65583336,0.79416674,0.65999997,0.6825,0.42666668,0.83416665,0.9841667,0.37583333,0.94083333,0.6091667,0.8175,0.45250002,0.29250002,0.94416666,0.80583334,0.55583334,0.5841667,0.995,0.92,0.50083333,0.43916667,0.84416664,0.92833334,0.8808334,0.58416665,0.49500003,0.925,0.98083335,0.35750002,0.7583333,0.4975,0.62583333,0.97583336,0.9325,0.5375,0.53000003,0.48666668,0.67333335,0.8616667,0.30833334,0.5683334,0.51416665,0.7433334,0.8083334,0.96500003,0.8075,0.5441667,0.45416665,0.36333334,0.66,0.87,0.25833333,0.9041667,0.96833336,0.88416666,0.64250004,0.20333333,0.85,0.9433333,0.46583334,0.65250003,0.9608334,0.7116667,0.8858333,0.6691667,0.21583332,0.9375,0.34,0.64666665,0.91833335,0.8316667,0.83000004,0.39249998,0.89666665,0.545,0.52,0.69500005,0.30333334,0.665,0.365,0.65833336,0.2225,0.32583335,0.71250004,0.79833335,0.63416666,0.6958333,0.62083334,0.43083334,0.55833334,0.86333334,0.5783333,0.49166667,0.5833333,0.86833334,0.86583334,0.8091667,0.38083333,0.83000004,0.38333333,0.5166667,0.8616667,0.79083335,0.7708334,0.27750003,0.6275,0.55,0.4058333,0.69916666,0.98083335,0.75333333,0.7991667,0.62416667,0.73,0.7641667,0.6966667,0.46083334,0.87416667,0.6175,0.38500002,0.6825,0.96500003,0.3866667,0.56416667,0.72583336,0.935,0.8175,0.5341667,0.875,0.39083332,0.2841667,0.27333334,0.9266667,0.9633333,0.95,0.53666663,0.9033333,0.6091667,0.9816667,0.45,0.54833335,0.65,0.49916667,0.48333332,0.5183334,0.5233334,0.36166668,0.95416665,0.53083336,0.44666666,0.6816667,0.4691667,0.46416667
BC2026_Train_0020_S22_20211104_231500_15,0.5491667,0.27249998,0.69083333,0.6433333,0.8625,0.5783333,0.6075,0.95166665,0.855,0.7791667,0.77833337,0.68500006,0.87333333,0.73333335,0.77583337,0.8241667,0.83833337,0.47583336,0.80166674,0.57666665,0.83500004,0.5891667,0.6425,0.58666664,0.65999997,0.69416666,0.36,0.72083336,0.20166667,0.8441667,0.20416668,0.2425,0.20166665,0.22666666,0.7833333,0.12166667,0.56083333,0.48333335,0.53000003,0.10000001,0.2475,0.3675,0.22833332,0.21916667,0.31833333,0.27083334,0.30166668,0.5808333,0.49666667,0.43,0.22749999,0.18416667,0.21083334,0.27416667,0.042500004,0.7375001,0.28166667,0.8883333,0.7666667,0.87666667,0.81750005,0.97,0.87416667,0.8808333,0.58,0.98,0.84333336,0.95166665,0.33333334,0.8083334,0.64666665,0.61749995,0.53083336,0.84083337,0.2525,0.38166666,0.5375,0.8208333,0.28833336,0.2891667,0.8025,0.30833334,0.61583334,0.5858333,0.52666664,0.41666666,0.6116666,0.95416665,0.425,0.72333336,0.62666667,0.8858333,0.3216667,0.33666667,0.9083333,0.80083334,0.31833333,0.46833333,0.9741667,0.8591667,0.5441667,0.28583333,0.86749995,0.915,0.93333334,0.4925,0.47583336,0.9533334,0.8958333,0.435,0.75416666,0.6966667,0.72833335,0.935,0.88,0.5225,0.6275,0.46166667,0.66,0.58500004,0.27333334,0.46166664,0.5291667,0.66,0.84250003,0.7791667,0.90166664,0.43833333,0.37833333,0.42833334,0.46666667,0.83916664,0.31166667,0.84916663,0.94083333,0.7266667,0.6675,0.25333333,0.6575,0.89916664,0.52583337,0.58500004,0.8566667,0.56,0.84250003,0.6566667,0.16166668,0.87833333,0.40333334,0.855,0.7608334,0.78000003,0.71916664,0.55083334,0.75500005,0.6841667,0.5366667,0.54333335,0.35500002,0.61083335,0.3325,0.8291667,0.24333334,0.4675,0.47083333,0.8591667,0.80916667,0.7375001,0.4725,0.42833334,0.5891667,0.62166667,0.5733333,0.5758334,0.43416667,0.8708333,0.69166666,0.8675,0.43458334,0.8375,0.47875002,0.49666667,0.82916665,0.6541667,0.52750003,0.2525,0.64416665,0.68666667,0.40416667,0.85583335,0.81750005,0.7191667,0.9233333,0.5025,0.54583335,0.71,0.55916667,0.47083336,0.86249995,0.565,0.5325,0.56916666,0.90916663,0.3425,0.76500005,0.6925,0.8666667,0.5883333,0.485,0.89666665,0.27583334,0.25083333,0.22333333,0.83833337,0.9916667,0.9866667,0.6066667,0.91749996,0.71750003,0.8591666,0.47166666,0.53166664,0.66166663,0.6091667,0.6683333,0.4725,0.61833334,0.28916666,0.7941667,0.33249998,0.24333334,0.71583337,0.31833336,0.5625
BC2026_Train_0020_S22_20211104_231500_20,0.40583333,0.10333334,0.35583335,0.67583334,0.84583336,0.365,0.32500002,0.7875,0.8625,0.77750003,0.76166666,0.35916668,0.8541667,0.38333333,0.50333333,0.8166667,0.6875,0.35833335,0.89666665,0.52750003,0.82750005,0.575,0.6433333,0.2875,0.76666665,0.59000003,0.25083333,0.52583337,0.12083334,0.8083334,0.14750001,0.16583334,0.205,0.14750001,0.5175,0.06666666,0.6025,0.4075,0.40583333,0.054166667,0.14083333,0.3491667,0.071666665,0.12833333,0.17166667,0.175,0.18666667,0.5233334,0.34750003,0.28041667,0.11750001,0.11083333,0.11416668,0.23,0.0175,0.35,0.24916668,0.9316667,0.38333333,0.7833334,0.8391667,0.92,0.8958333,0.8720833,0.71500003,0.9458333,0.79916674,0.90749997,0.17333335,0.7216667,0.45333335,0.6858334,0.44416666,0.66583335,0.16749999,0.28833333,0.5816667,0.56083333,0.28,0.33,0.68833333,0.25833336,0.49833333,0.71833336,0.36166668,0.26166666,0.4375,0.86333334,0.45333332,0.6691667,0.6975,0.8416667,0.31833333,0.40083337,0.8666667,0.7275,0.22166668,0.42916667,0.92083335,0.73833334,0.65583336,0.1775,0.6225,0.91333336,0.93333334,0.44833335,0.3675,0.9091667,0.68166673,0.47833335,0.5816667,0.57000005,0.6016667,0.87416667,0.86833334,0.5108334,0.63416666,0.41333333,0.75083333,0.39583334,0.2225,0.43083334,0.52250004,0.54,0.81,0.6875,0.74916667,0.34166667,0.29583335,0.34583336,0.35916668,0.7741667,0.29666668,0.7116667,0.7658334,0.64000005,0.58500004,0.10333333,0.5183333,0.87166667,0.4325,0.5583334,0.69000006,0.5625,0.73583335,0.59583336,0.14333333,0.47166666,0.45416665,0.54083335,0.6891667,0.7325,0.63666666,0.34166667,0.55,0.58666664,0.49916667,0.42833334,0.23416667,0.5341667,0.31416667,0.685,0.27916667,0.34250003,0.45666668,0.88208336,0.62375003,0.66833335,0.4216667,0.41416666,0.56916666,0.48583335,0.49500003,0.55,0.44333333,0.85,0.6958333,0.83000004,0.42416668,0.48833334,0.37166667,0.5083334,0.85,0.6125,0.45250002,0.225,0.73833334,0.5366667,0.39249998,0.7191667,0.73083335,0.5241667,0.60749996,0.31833336,0.49333334,0.6275,0.5758333,0.41833335,0.8175,0.57708335,0.50750005,0.65000004,0.8016667,0.2925,0.56,0.6691667,0.82750005,0.5666667,0.5291667,0.80666673,0.21833333,0.19416669,0.21416667,0.86333334,0.9816667,0.93083334,0.51416665,0.80916667,0.6125,0.775,0.34500003,0.6358334,0.53583336,0.435,0.525,0.465,0.485,0.2775,0.5466666,0.32583332,0.13166668,0.64750004,0.22500002,0.5133333
BC2026_Train_0020_S22_20211104_231500_25,0.42750004,0.10916667,0.46333337,0.7375001,0.87916666,0.535,0.38833335,0.7116667,0.8775,0.74416673,0.72583336,0.48458335,0.8116667,0.42916667,0.48583335,0.92083335,0.7108333,0.35666668,0.93666667,0.56083333,0.8616667,0.8825,0.66833335,0.28583333,0.9475,0.7325,0.35333335,0.5375,0.12583333,0.8358334,0.31583336,0.2,0.30166668,0.21583334,0.5183333,0.09333334,0.6075,0.44083333,0.5808333,0.09833334,0.17583334,0.44,0.08166667,0.15583333,0.16000001,0.15583333,0.15583333,0.6016667,0.32500002,0.2891667,0.17416668,0.14416666,0.12750001,0.30583334,0.012500001,0.52916664,0.32416666,0.9125,0.23833333,0.7691667,0.8625,0.8675,0.89166665,0.87416667,0.8358334,0.93333334,0.7966667,0.96666664,0.36583334,0.71250004,0.4325,0.5725,0.5233333,0.70500004,0.245,0.43083337,0.74250007,0.69916666,0.39583334,0.5466667,0.7395834,0.45583335,0.46916667,0.8275,0.37916666,0.28416666,0.50333333,0.855,0.52166665,0.8208334,0.6483334,0.91999996,0.46666667,0.51750004,0.91,0.81583333,0.21666667,0.38083333,0.88916665,0.75000006,0.64916664,0.36583334,0.3475,0.92083335,0.87333333,0.55333334,0.43,0.89916664,0.7791667,0.44083333,0.38583332,0.49833333,0.57000005,0.8483333,0.88166666,0.5916667,0.71750003,0.6166667,0.8366667,0.46416667,0.28416666,0.47833332,0.54083335,0.6466667,0.7966667,0.7933334,0.7075,0.43666667,0.30833334,0.47583336,0.53249997,0.8075,0.37583336,0.7175,0.755,0.78000003,0.57,0.24083334,0.6933333,0.8625,0.4883333,0.5,0.8279167,0.7475,0.73,0.61,0.12666667,0.37833333,0.4175,0.50250006,0.7608334,0.6191667,0.65416664,0.2916667,0.695,0.6516667,0.5391667,0.6275,0.39416668,0.6775,0.34583333,0.5175,0.46083334,0.27333334,0.41833332,0.8808333,0.46833336,0.56000006,0.3866667,0.48499998,0.67083335,0.5425,0.51666665,0.59416664,0.54583335,0.84999996,0.79083335,0.79416674,0.51750004,0.435,0.3925,0.60583335,0.87666667,0.68583333,0.5675,0.2616667,0.79166675,0.5841667,0.41166666,0.82000005,0.8316667,0.4325,0.6425,0.35916668,0.7491667,0.68166673,0.6341667,0.4391667,0.8666667,0.8016667,0.5516667,0.765,0.88916665,0.28166667,0.45083332,0.7083334,0.74333334,0.55833334,0.56500006,0.64,0.2775,0.23666666,0.3325,0.9708333,1.0,0.8825,0.55,0.9458333,0.6741667,0.83,0.34166667,0.7766667,0.64250004,0.7483334,0.5075,0.485,0.64166665,0.4125,0.59583336,0.4633333,0.21750002,0.7466667,0.27083334,0.41333336
BC2026_Train_0020_S22_20211104_231500_30,0.31666666,0.108333334,0.52500004,0.6975,0.8166667,0.6358333,0.40333334,0.68416667,0.84916663,0.7658334,0.73333335,0.53749996,0.81250006,0.28333333,0.49083334,0.93833333,0.6625,0.2675,0.96500003,0.5341667,0.8108334,0.65333337,0.5375,0.36416668,0.73333335,0.65333337,0.24083334,0.5833333,0.17500001,0.7983334,0.19666667,0.22,0.23833333,0.18833333,0.4375,0.12416667,0.5833333,0.41750002,0.6916667,0.08833333,0.18833333,0.34666666,0.09666667,0.20083332,0.14916667,0.15583333,0.23166665,0.5708333,0.3975,0.37166667,0.17666668,0.18916668,0.16583334,0.26666668,0.030833334,0.8083334,0.39916667,0.92,0.29833335,0.8675,0.86833334,0.7875,0.8833333,0.8616667,0.7583333,0.91499996,0.8575,0.93583333,0.49083334,0.80416673,0.40416667,0.48583335,0.51416665,0.7941667,0.18416667,0.49,0.4941667,0.6925,0.4475,0.45499998,0.65500003,0.26416665,0.44083336,0.83500004,0.39166668,0.22583334,0.46333334,0.84333336,0.615,0.6933333,0.49416667,0.855,0.4975,0.3675,0.8491667,0.8958333,0.20083335,0.4066667,0.92833334,0.8466667,0.58833337,0.51,0.35083336,0.8908333,0.83125,0.7716667,0.41833332,0.9575,0.81583333,0.37416667,0.41583332,0.6225,0.58250004,0.6591667,0.8475,0.5416667,0.5083333,0.8258334,0.745,0.3841667,0.20916668,0.51,0.4925,0.73,0.8616667,0.6533333,0.8258334,0.46916667,0.17583334,0.64,0.42833334,0.7966667,0.38416666,0.81583333,0.8,0.665,0.7008334,0.27416667,0.7216667,0.8575,0.53,0.55583334,0.5516667,0.76000005,0.8116667,0.6983334,0.12083334,0.59333336,0.3866667,0.68416667,0.68083334,0.675,0.48333332,0.24083334,0.74166673,0.65,0.53333336,0.41916665,0.5108333,0.59250003,0.34750003,0.52166665,0.45333332,0.24083334,0.24833333,0.91166663,0.705,0.42916667,0.27916667,0.33333334,0.81500006,0.5341667,0.5308333,0.58500004,0.5083333,0.8658333,0.645,0.79666674,0.35500002,0.45499998,0.42749998,0.5191667,0.7825,0.5733333,0.4725,0.31250003,0.6191667,0.63916665,0.45,0.96916664,0.635,0.5766667,0.86583334,0.47333333,0.7033334,0.6625,0.555,0.36666667,0.8516667,0.8883333,0.55333334,0.7275,0.85249996,0.18833333,0.45833334,0.8216667,0.8491667,0.54583335,0.51125,0.8675,0.24666668,0.21000001,0.26583332,0.86749995,0.99583334,0.89166665,0.61083335,0.98083335,0.68833333,0.8025,0.34833336,0.6991667,0.7116667,0.96,0.62833333,0.39333332,0.6358333,0.395,0.5683333,0.35250002,0.22583333,0.6716667,0.265,0.31833333
BC2026_Train_0020_S22_20211104_231500_35,0.47166666,0.16416666,0.595,0.7366667,0.7958334,0.53333336,0.6725,0.695,0.8775,0.78666675,0.7633333,0.66541666,0.845,0.6333333,0.655,0.93083334,0.645,0.435,0.94,0.5625,0.80250007,0.6075,0.7491667,0.35166666,0.5441667,0.70250005,0.22749999,0.5391667,0.17000002,0.87333333,0.15,0.21166667,0.27333334,0.19333334,0.24666667,0.15916668,0.55833334,0.47750002,0.615,0.13250001,0.23416667,0.42416668,0.098333344,0.21500002,0.17083333,0.1675,0.32583335,0.6,0.5366667,0.4975,0.16499999,0.195,0.19166666,0.25333333,0.08916667,0.7208334,0.29583335,0.8441667,0.4225,0.90833336,0.8525,0.8366667,0.8366667,0.8666667,0.6175,0.86583334,0.8566667,0.865,0.27583334,0.9166667,0.42166668,0.5166667,0.42083335,0.70500004,0.1575,0.40916666,0.35583335,0.6291667,0.40041667,0.34750003,0.8341667,0.43166667,0.5541667,0.87,0.37416667,0.43833333,0.41500002,0.8625,0.68500006,0.7341667,0.5808333,0.8458333,0.4691667,0.2675,0.7941667,0.89250004,0.27583334,0.5058333,0.8466667,0.81416667,0.5754166,0.5183333,0.2025,0.89916664,0.8491667,0.8908333,0.38833335,0.9533333,0.67833334,0.31333336,0.37416667,0.45916668,0.47333336,0.45416668,0.7975001,0.48166665,0.45666668,0.8466667,0.5216667,0.445,0.30916667,0.5733333,0.43,0.74500006,0.7666667,0.6833334,0.82666665,0.37833336,0.12416667,0.47916666,0.38916668,0.8258333,0.33833334,0.84,0.7825,0.6825,0.68,0.10000001,0.55,0.89,0.49,0.5775,0.39333335,0.60833335,0.91083336,0.6808334,0.06916667,0.9375,0.3866667,0.8025,0.83166665,0.71333337,0.4375,0.17000002,0.63958335,0.53333336,0.40666664,0.40833333,0.48166665,0.545,0.3125,0.5133333,0.3391667,0.20583333,0.39666668,0.87416667,0.43583333,0.48833334,0.23083334,0.20916666,0.9266667,0.6666667,0.43916667,0.38083333,0.62666667,0.80916667,0.6225,0.8091667,0.3,0.415,0.3725,0.39000002,0.78833336,0.5108333,0.49083334,0.46666667,0.59833336,0.52750003,0.42833334,0.995,0.53,0.75916666,0.77000004,0.40750003,0.48000002,0.7283334,0.6516667,0.28250003,0.91333336,0.75416666,0.40000004,0.8825,0.9225,0.105000004,0.47333333,0.7816667,0.91,0.5133334,0.5233334,0.6016667,0.23,0.135,0.29333335,0.77833337,0.9775,0.865,0.6483334,0.93666667,0.545,0.89916664,0.29333332,0.5841667,0.75666666,0.9925,0.505,0.4325,0.43333334,0.33,0.8041667,0.4375,0.25000003,0.6575,0.24583334,0.2916667
BC2026_Train_0020_S22_20211104_231500_40,0.5158333,0.15,0.5866667,0.7491667,0.83750004,0.41416666,0.78083336,0.6041666,0.8416667,0.745,0.7708334,0.77750003,0.6316667,0.85,0.56166667,0.92,0.65666664,0.35333335,0.81,0.59250003,0.8341667,0.65666664,0.57916665,0.52,0.56750005,0.6716667,0.36833334,0.39999998,0.09666667,0.81000006,0.1525,0.15833333,0.21916667,0.29833335,0.42666668,0.17,0.48499998,0.3375,0.5566667,0.1825,0.21666667,0.34083334,0.17333333,0.13499999,0.19083333,0.1975,0.2725,0.3625,0.38583335,0.3866667,0.19,0.19749999,0.21416666,0.3,0.03666667,0.7708334,0.23083334,0.7458334,0.46666667,0.8741666,0.83000004,0.8008334,0.8475,0.8820833,0.45333338,0.9166667,0.81416667,0.9008333,0.23333335,0.79,0.47666666,0.32666668,0.38416666,0.52416664,0.22500001,0.30583334,0.40333334,0.6641667,0.35833335,0.26166666,0.71833336,0.43666667,0.6441667,0.75083333,0.3075,0.19166666,0.14999999,0.7633334,0.6358333,0.7375001,0.33916667,0.8666667,0.28333333,0.17166668,0.81,0.8208333,0.2816667,0.38750002,0.62416667,0.62083334,0.43166667,0.6491667,0.16083333,0.9125,0.8441667,0.8325,0.34583336,0.9025,0.6391667,0.26,0.2758333,0.33416668,0.37416667,0.6391667,0.8675,0.385,0.37083334,0.9025,0.47583333,0.4166667,0.25833336,0.5333333,0.405,0.58416665,0.71500003,0.7491667,0.74583334,0.33,0.23333335,0.1825,0.3816667,0.75500005,0.25583333,0.77583337,0.77500004,0.77750003,0.6358334,0.090833336,0.62333333,0.865,0.495,0.4225,0.8691666,0.5133333,0.8208334,0.5683334,0.048333332,0.9875,0.22833334,0.47000003,0.90000004,0.48250002,0.44833332,0.11833333,0.405,0.4866667,0.35750002,0.3625,0.53583336,0.48416665,0.27333334,0.29250002,0.17833334,0.11833334,0.3725,0.71250004,0.28500003,0.50208336,0.29416665,0.22666667,0.96416664,0.69,0.4008333,0.33166668,0.50083333,0.84166664,0.71333337,0.5675,0.28833336,0.38916668,0.3541667,0.32333335,0.74666667,0.47416666,0.43250003,0.56916666,0.49166667,0.44083333,0.39583334,0.9925,0.93916667,0.73333335,0.71583337,0.44750002,0.39,0.6333333,0.6141667,0.27166665,0.87166667,0.59541667,0.43375003,0.9158333,0.99083334,0.0325,0.32083333,0.67333335,0.7466667,0.4675,0.6041667,0.34291667,0.16916668,0.12833333,0.2875,0.7633334,0.9875,0.8541667,0.6308333,0.8566667,0.47250003,0.69750005,0.275,0.52,0.6958333,0.995,0.4,0.35000002,0.45000002,0.2475,0.77583337,0.24333334,0.20750001,0.5,0.2175,0.29666665
BC2026_Train_0020_S22_20211104_231500_45,0.4691667,0.17250001,0.44416666,0.7225,0.85,0.19666666,0.87083334,0.48,0.8116667,0.7566667,0.7791667,0.72,0.49083334,0.76666665,0.39583337,0.86333334,0.71000004,0.14833334,0.7,0.5133333,0.84833336,0.79333335,0.42666668,0.8475,0.71000004,0.6075,0.49583334,0.31916666,0.04416667,0.86333334,0.11000001,0.12416667,0.1975,0.44,0.34166667,0.11500001,0.35,0.25416666,0.50083333,0.2125,0.36250004,0.2725,0.41583335,0.0975,0.3416667,0.36166668,0.2325,0.29916668,0.325,0.3425,0.15083334,0.15166667,0.1675,0.47416666,0.061666667,0.5375,0.19749999,0.6691667,0.37083334,0.6991667,0.82500005,0.68666667,0.8516667,0.88666666,0.425,0.87666667,0.8191667,0.72083336,0.17833333,0.735,0.44083336,0.13833334,0.365,0.48916665,0.55500007,0.5833334,0.33833337,0.5666667,0.22916669,0.26083332,0.6916667,0.37833336,0.86833334,0.59333336,0.33666667,0.119166665,0.090833336,0.5258333,0.45499998,0.8491667,0.1525,0.54833335,0.21750002,0.2325,0.8958334,0.8983334,0.335,0.31,0.6625,0.5383333,0.24916667,0.45500004,0.275,0.93833333,0.73,0.6454167,0.26666665,0.71583337,0.565,0.225,0.24416667,0.25666666,0.2375,0.8875,0.8975,0.38250002,0.33083335,0.98,0.42416668,0.48916668,0.3275,0.4675,0.4583333,0.5216667,0.7033334,0.8675,0.5375,0.34333336,0.315,0.19999999,0.44500002,0.62166667,0.2566667,0.6741667,0.8983333,0.7791667,0.5625,0.13166668,0.88,0.8625,0.3333333,0.26666668,0.9583334,0.37833333,0.7658334,0.3866667,0.1025,0.9925,0.24666667,0.23166667,0.92583334,0.42583334,0.36583337,0.19,0.40750003,0.3641667,0.34166667,0.27333334,0.46083334,0.43500003,0.16749999,0.21833333,0.26083335,0.0825,0.435,0.41416666,0.41833335,0.53333336,0.47083333,0.1875,0.9458333,0.6791667,0.3166667,0.3075,0.49166667,0.7691667,0.82750005,0.3325,0.275,0.31416667,0.29583335,0.21083334,0.7075,0.36083335,0.56,0.5133333,0.36,0.37083337,0.215,0.99,0.995,0.7375,0.42416668,0.57416666,0.34666666,0.7033334,0.45583335,0.25,0.8258333,0.67333335,0.26666665,0.6925,0.96666664,0.0225,0.34416667,0.465,0.65250003,0.29916668,0.65333337,0.20833333,0.14333335,0.15416667,0.20416668,0.8391667,0.935,0.87249994,0.50916666,0.86083335,0.28833333,0.6483334,0.26583335,0.38750002,0.5075,0.98583335,0.30416667,0.25750002,0.25750002,0.2475,0.615,0.28333336,0.165,0.41083336,0.16250001,0.375
BC2026_Train_0020_S22_20211104_231500_50,0.5516667,0.17083335,0.46416667,0.6983334,0.8666667,0.19416666,0.9558333,0.54333335,0.885,0.7641667,0.8116667,0.7054167,0.86,0.65833336,0.40333337,0.7875001,0.83833337,0.30333334,0.65500003,0.5341667,0.88916665,0.8983333,0.4141667,0.9608333,0.87416667,0.7733334,0.67666674,0.47333333,0.056666672,0.8883333,0.15333334,0.11333333,0.20833334,0.6716667,0.4391667,0.115833335,0.29083335,0.29916668,0.64166665,0.24166666,0.67833334,0.355,0.5466667,0.059166666,0.37916666,0.36583334,0.1975,0.345,0.34083334,0.35583335,0.12416667,0.11416668,0.11416668,0.7758333,0.122499995,0.5625,0.27666667,0.75666666,0.46750003,0.5858333,0.78000003,0.69083333,0.91083336,0.89916664,0.50416666,0.8883333,0.82916665,0.69916666,0.38583335,0.8191667,0.47583336,0.17333335,0.49916667,0.65749997,0.9166666,0.84833336,0.49625,0.655,0.13916667,0.4,0.8075,0.42916667,0.9891667,0.5725,0.50083333,0.3125,0.38833335,0.8991667,0.4166667,0.95166665,0.32250002,0.33416668,0.37,0.5575,0.9225,0.9425,0.5783334,0.32333335,0.765,0.66583335,0.24458334,0.37083334,0.5975,0.95666665,0.80916667,0.79583335,0.28166667,0.575,0.5391667,0.26666668,0.3191667,0.50166667,0.28,0.90333337,0.88916665,0.41250002,0.33833334,0.9825,0.40916666,0.65083337,0.4229167,0.475,0.57750005,0.68,0.79916674,0.8516667,0.55083334,0.525,0.41500002,0.4116667,0.5258333,0.7866667,0.33416668,0.6566667,0.9216667,0.79083335,0.5966667,0.29250002,0.965,0.8691667,0.33666667,0.39416668,0.95750004,0.395,0.79333335,0.41916668,0.25000003,0.935,0.49,0.29250002,0.97083336,0.5808334,0.42583334,0.4425,0.8591667,0.39499998,0.54833335,0.45250002,0.29083335,0.39083335,0.17625001,0.26666668,0.5375,0.27833334,0.6775,0.6408333,0.7275,0.4708333,0.45916668,0.4391667,0.7691667,0.59333336,0.4025,0.5716667,0.53000003,0.9675,0.8775,0.4325,0.37708336,0.42583334,0.39333335,0.21833333,0.7508334,0.405,0.65083337,0.335,0.33333337,0.43333334,0.18083334,0.93833333,0.9891667,0.72833335,0.19083333,0.605,0.43333334,0.8208333,0.44416666,0.32083333,0.8466667,0.7291667,0.24750002,0.52000004,0.81250006,0.18416667,0.47416666,0.4225,0.7466667,0.29916668,0.615,0.23083335,0.26500002,0.31583336,0.23333335,0.92833334,0.8991667,0.955,0.38500002,0.92,0.31416667,0.7566667,0.38250002,0.36916667,0.50916666,0.90583336,0.22666667,0.30666667,0.3841667,0.23166668,0.6466667,0.3766667,0.21000001,0.50166667,0.23750001,0.48666668
BC2026_Train_0020_S22_20211104_231500_55,0.6041667,0.20083334,0.5291667,0.65416664,0.89166665,0.36333334,0.9766667,0.6691667,0.9175,0.75666666,0.7875001,0.7066667,0.94083333,0.9625,0.70166665,0.90500003,0.8241667,0.755,0.7083334,0.60833335,0.9766667,0.86083335,0.38833335,0.97083336,0.9483333,0.9716667,0.8233333,0.66833335,0.18,0.87583333,0.10166667,0.24166667,0.22333333,0.7083334,0.365,0.19333334,0.46833336,0.365,0.5825,0.2325,0.6033333,0.3791667,0.56583333,0.18083334,0.49166667,0.495,0.29083332,0.63166666,0.44666666,0.4091667,0.16583334,0.14166667,0.14833334,0.78333336,0.116666675,0.625,0.29666665,0.85833335,0.5516667,0.83416665,0.87,0.79083335,0.945,0.915,0.70916665,0.8858333,0.99333334,0.8516667,0.4275,0.905,0.45083335,0.39333338,0.62833333,0.85333335,0.8616667,0.66333336,0.5683334,0.57916665,0.1575,0.44250003,0.92083335,0.60833335,0.98,0.7108334,0.62166667,0.44583333,0.56666666,0.98083335,0.42916667,0.87166667,0.88,0.4666667,0.52250004,0.4375,0.93583333,0.93000007,0.7025,0.44916666,0.8166667,0.77250004,0.41583332,0.53333336,0.44833332,0.94916666,0.7783333,0.9633333,0.325,0.71500003,0.6566667,0.3416667,0.36166668,0.5941667,0.3491667,0.8416667,0.9216667,0.42333332,0.42833334,0.9558333,0.5525,0.84625,0.5425,0.6383333,0.53000003,0.67,0.8491667,0.81250006,0.73083335,0.84000003,0.47416666,0.37500003,0.49916667,0.805,0.31833333,0.7716667,0.9141667,0.845,0.58250004,0.37666667,0.91833335,0.88166666,0.505,0.7125,0.88666666,0.64458334,0.81000006,0.72,0.25333333,0.5891667,0.48083335,0.4466667,0.89916664,0.6041667,0.545,0.29416668,0.9266667,0.5466667,0.59749997,0.62666667,0.26583335,0.46583337,0.30333334,0.4375,0.49916667,0.22416666,0.7745834,0.77,0.5391667,0.6475,0.46833336,0.46083334,0.48416665,0.66583335,0.5025,0.50416666,0.65000004,0.99083334,0.8825,0.7691667,0.52250004,0.44333333,0.45499998,0.42583334,0.79583335,0.5916667,0.76500005,0.30833334,0.5766667,0.5916667,0.30666667,0.7633334,0.96833336,0.7033334,0.4066667,0.5966667,0.56083333,0.7875,0.585,0.39999998,0.9166666,0.6075,0.3325,0.84666663,0.8358334,0.3466667,0.49250004,0.60833335,0.8141667,0.46,0.75374997,0.41083336,0.58416665,0.38916665,0.27500004,0.89166665,0.9633333,0.87666667,0.40750003,0.9458333,0.50166667,0.89666665,0.34666666,0.54541665,0.685,0.43500003,0.34583333,0.46333334,0.5266667,0.3541667,0.7683333,0.59749997,0.46166667,0.79833335,0.34333336,0.45666668
BC2026_Train_0020_S22_20211104_231500_60,0.50666666,0.11083333,0.49583334,0.6508333,0.9175,0.41,0.94,0.6333333,0.91333336,0.73833334,0.8008334,0.6275,0.8516667,0.99583334,0.915,0.8116667,0.74416673,0.6625,0.6766667,0.69916666,0.9841667,0.75250006,0.3791667,0.935,0.93333334,0.99833333,0.66875,0.6166667,0.15,0.875,0.08625001,0.20333335,0.26916668,0.35916668,0.20916666,0.115833335,0.5983333,0.42666668,0.3841667,0.1325,0.38166666,0.2841667,0.46749997,0.18,0.21416669,0.23833334,0.22333333,0.465,0.42333335,0.38666666,0.1325,0.105000004,0.11833334,0.49583337,0.068333335,0.37916666,0.25333333,0.9025,0.49083334,0.7266667,0.87833333,0.77166665,0.93583333,0.9533333,0.65250003,0.8308334,1.0,0.8933333,0.27916667,0.9175,0.33833334,0.30416667,0.5425,0.5708333,0.58916664,0.30333334,0.6925,0.48083335,0.14333333,0.29500002,0.90000004,0.5391667,0.92333335,0.6383333,0.66083336,0.18666667,0.6441667,0.96000004,0.4625,0.77500004,0.9516667,0.35916668,0.2775,0.25333333,0.95,0.91999996,0.44000003,0.59333336,0.9325,0.6933334,0.58916664,0.44500002,0.29333335,0.9508333,0.85749996,0.9466667,0.31916666,0.74416673,0.6483334,0.32666668,0.33833334,0.43083334,0.45500004,0.845,0.9791667,0.46916667,0.41916665,0.995,0.57416666,0.94416666,0.48083332,0.915,0.44083333,0.50166667,0.79416674,0.68083334,0.5775,0.45666668,0.4075,0.25666666,0.36666667,0.665,0.28958333,0.66833335,0.91583335,0.8091667,0.44833335,0.2475,0.5666667,0.8875,0.44166666,0.9608333,0.80833334,0.6225,0.87833333,0.875,0.26583332,0.57166666,0.48583335,0.3491667,0.9016667,0.3625,0.63666666,0.2725,0.81583333,0.4866667,0.515,0.47416666,0.32583335,0.41083336,0.31166667,0.45000005,0.33916667,0.32166666,0.62583333,0.6983334,0.34333333,0.74,0.47583336,0.43833333,0.4966667,0.55500007,0.375,0.50416666,0.50916666,1.0,0.7925001,0.8525,0.50666666,0.48416668,0.36666667,0.53083336,0.7558334,0.56166667,0.5916667,0.29333335,0.63750005,0.46833333,0.2325,0.76,0.80583334,0.63666666,0.30583334,0.77583337,0.6291667,0.6883334,0.63,0.41833332,0.90000004,0.49916667,0.3525,0.8,0.68500006,0.40416667,0.27416667,0.50416666,0.8525,0.50416666,0.7066667,0.48250002,0.81083333,0.4258333,0.28083333,0.8241667,0.9425,0.8641667,0.36833334,0.8983333,0.41583335,0.90833336,0.29583332,0.56500006,0.5,0.36583334,0.3025,0.5466667,0.47166666,0.28583333,0.6441667,0.30416667,0.55083334,0.5966667,0.3125,0.4616667
