row_id,1161364,116570,1176823,1491113,1595929,209233,22930,22956,22961,22967,22973,22983,22985,23150,23154,23158,23176,23724,24279,24285,24287,24321,244024,25073,25092,25214,326272,41970,43435,47144,47158son01,47158son02,47158son03,47158son04,47158son05,47158son06,47158son07,47158son08,47158son09,47158son10,47158son11,47158son12,47158son13,47158son14,47158son15,47158son16,47158son17,47158son18,47158son19,47158son20,47158son21,47158son22,47158son23,47158son24,47158son25,476521,516975,517063,555123,555145,555146,64898,65377,65380,66971,67107,67252,70711,738183,74113,74580,760266,ashgre1,astcra1,bafcur1,baffal1,banana,barant1,batbel1,baymac,bbwduc,bcwfin2,bkcdon,bkhpar,blchaw1,blheag1,blttit1,bncfly,bobfly1,brcmar1,brnowl,bucmot4,bucpar,bufpar,bunibi1,burowl,camfli1,chacha1,chbmoc1,chobla1,chvcon1,cibspi1,coffal1,compau,compot1,crbthr1,crebec1,dwatin1,epaori4,eulfly1,fabwre1,fepowl,ficman1,flawar1,fotfly,fusfly1,gilhum1,giwrai1,glteme1,grasal3,greani1,greant1,greela,grekis,grepot1,gretho2,greyel,grfdov1,grhtan1,gycwor1,horscr1,houspa,hyamac1,larela1,lesela1,lesgrf1,limpki,linwoo1,litcuc2,litnig1,mabpar,magant1,magtan2,masgna1,nacnig1,ocecra1,oliwoo1,orbtro3,orwpar,osprey,pabspi1,palhor3,paltan1,phecuc1,picpig2,pirfly1,plasla1,platyr1,plcjay1,pluibi1,purjay1,pvttyr1,ragmac1,rebscy1,recfin1,redjun,relser1,rinkin1,rivwar1,roahaw,rubthr1,rufcac2,rufcas2,rufgna3,rufhor2,rufnig1,ruftho1,ruftof1,rumfly1,ruther1,rutjac1,sabspa1,saffin,saytan1,scadov1,schpar1,scther1,shcfly1,shshaw,shtnig1,sibtan2,smbani,smbtin1,sobcac1,sobtyr1,socfly1,sofspi1,souant1,soulap1,souscr1,spbant3,spispi1,sptnig1,squcuc1,stbwoo2,strcuc1,strher2,strowl1,swthum1,swtman1,tattin1,thlwre1,toctou1,trokin,trsowl,undtin1,varant1,watjac1,wesfie1,wfwduc1,whbant2,whbwar2,whiwoo1,whlspi1,whnjay1,whtdov,whwpic1,y00678,yebcar,yebela1,yecmac,yecpar,yehcar1,yeofly1
BC2026_Train_0001_S08_20250606_030007_5,0.86483335,0.8125,0.5795,0.22,0.825,0.59066665,0.31916666,0.5545,0.336,0.07383333,0.13333334,0.3625,0.40350002,0.5083333,0.32366666,0.046833336,0.83950007,0.61283326,0.050000004,0.66966665,0.568,0.090166666,0.25783333,0.19008334,0.58283335,0.46566665,0.13499999,0.9445,0.55483335,0.104666665,0.9003334,0.72933334,0.73550004,0.578,0.9681667,0.6765,0.32666668,0.6306667,0.18083334,0.96666664,0.581,0.20383334,0.9356667,0.673,0.8405,0.83650005,0.8991667,0.7945,0.785,0.7658333,0.9343333,0.9343333,0.9356667,0.15466668,0.96150005,0.3125,0.5798334,0.34583333,0.59000003,0.91466665,0.45966667,0.8508333,0.6633333,0.35933334,0.13566667,0.25283334,0.24866666,0.8706666,0.28366667,0.19299999,0.34083334,0.60400003,0.26866665,0.612,0.3575,0.22950001,0.030000001,0.29258335,0.61633337,0.3681667,0.39616665,0.32833332,0.36716667,0.85866666,0.29283333,0.5611667,0.43566665,0.167,0.21916667,0.29483333,0.8248334,0.48166668,0.43400002,0.1375,0.081,0.23966667,0.60116667,0.398,0.265,0.58383334,0.30616665,0.57483333,0.48800004,0.66433334,0.81866664,0.37283334,0.43600002,0.937,0.31783333,0.5441667,0.6376667,0.57100004,0.81883335,0.23583333,0.5288333,0.49016666,0.6561667,0.4525,0.12116666,0.32266667,0.11049999,0.39866668,0.57116663,0.4265,0.7683333,0.7051667,0.82733333,0.23266667,0.20933333,0.042333335,0.149,0.17466667,0.31266665,0.43666667,0.57416666,0.704,0.40666667,0.35783333,0.21033333,0.29683334,0.20866667,0.11583333,0.54399997,0.29299998,0.30966666,0.99450004,0.6026667,0.17183334,0.31266665,0.7158333,0.347,0.8386667,0.23350002,0.6753333,0.1575,0.14783333,0.16933334,0.5715,0.36900002,0.099,0.549,0.3611667,0.5031667,0.70633334,0.5005,0.1515,0.4931667,0.142,0.3703333,0.56616664,0.36316666,0.2905,0.72800004,0.53833336,0.6556667,0.9166667,0.48566663,0.23408332,0.48333335,0.48816666,0.8718333,0.28383332,0.18249999,0.124666676,0.32783335,0.3235,0.19099998,0.46999997,0.7903333,0.4245,0.28250003,0.33766666,0.51350003,0.225,0.3975,0.15916666,0.4838333,0.60483336,0.658,0.40141666,0.478,0.5345,0.46816668,0.37483335,0.3335,0.898,0.11466667,0.761,0.32816666,0.26283333,0.49033332,0.15483332,0.571,0.05883333,0.4625,0.31166667,0.33633333,0.10016666,0.51100004,0.35133332,0.63933337,0.515,0.7155,0.65316665,0.25633332,0.24833333,0.5751667,0.16133334,0.30150002,0.8856667,0.6855,0.24916667,0.47833332,0.44866666
BC2026_Train_0001_S08_20250606_030007_10,0.8856667,0.83166665,0.501,0.15783334,0.8000001,0.5758333,0.245,0.5471667,0.23066668,0.0715,0.11750001,0.33283332,0.3886667,0.54583335,0.25416666,0.008166667,0.76066667,0.5873333,0.023333333,0.59725,0.5348333,0.0735,0.252,0.42466664,0.5603333,0.37533334,0.119666666,0.9433333,0.51066667,0.064833336,0.90549994,0.628,0.6501667,0.622,0.9763334,0.62333333,0.2475,0.6385,0.118,0.98899996,0.618,0.14216666,0.9451667,0.6,0.8071667,0.8113333,0.89316666,0.7765,0.7861667,0.7945,0.94650006,0.9411667,0.94250005,0.12833333,0.98766667,0.33333334,0.518,0.3215,0.5093333,0.87749994,0.45633334,0.87100005,0.61116666,0.28950003,0.14716667,0.2801667,0.22666669,0.79583335,0.2495,0.124,0.306,0.57383335,0.3745,0.61183333,0.43350002,0.18516666,0.054333333,0.12183333,0.6798333,0.375,0.28083333,0.29266667,0.365,0.59866667,0.20416667,0.61383337,0.6221667,0.056,0.38933334,0.25066668,0.7648334,0.508,0.55916667,0.113,0.1025,0.20716667,0.35666665,0.3415,0.109,0.33766666,0.27116668,0.5315,0.56949997,0.5926667,0.75,0.13366666,0.394,0.9278333,0.16916667,0.60283333,0.58016664,0.6655,0.80083334,0.27933332,0.3193333,0.3841667,0.72783333,0.376,0.09116667,0.274,0.126,0.36299998,0.43716666,0.32966667,0.8056667,0.5593333,0.69116664,0.29133332,0.26916665,0.049833335,0.16749999,0.11383333,0.30666667,0.35566667,0.45233333,0.5656667,0.2635,0.3335,0.1855,0.25366667,0.11449999,0.09833333,0.5035,0.20116666,0.27683333,0.946,0.6978333,0.10733333,0.31233332,0.6076667,0.18116668,0.74516666,0.071,0.7505,0.13283333,0.21383333,0.15633333,0.5335,0.4073333,0.074499995,0.5431667,0.16816667,0.433,0.78466666,0.42400002,0.24566667,0.44483334,0.1555,0.33683333,0.6845,0.23633333,0.15733333,0.68716663,0.46,0.5715,0.8998333,0.3753333,0.28616667,0.46150005,0.52966666,0.827,0.19766667,0.21166666,0.07433333,0.299,0.21783333,0.064666666,0.5715,0.7966667,0.45700002,0.24016666,0.3015,0.5473333,0.20083332,0.34633332,0.0735,0.36866665,0.66583335,0.4658333,0.37233332,0.7701667,0.34966666,0.37183332,0.3215,0.22733334,0.90783334,0.09966667,0.68666667,0.16783333,0.25983334,0.50750005,0.1385,0.43416667,0.024500001,0.45916668,0.33433333,0.42049998,0.14466667,0.50283337,0.35016668,0.53333336,0.476,0.4971667,0.5208334,0.21866667,0.1705,0.6986667,0.187,0.15633333,0.80466664,0.6831667,0.13383333,0.53466666,0.3796667
BC2026_Train_0001_S08_20250606_030007_15,0.88416666,0.81633335,0.52466667,0.14533333,0.8208333,0.54616666,0.31666666,0.5211667,0.34433332,0.09283333,0.108166665,0.336,0.38383335,0.4583333,0.27916667,0.032,0.8336667,0.58500004,0.04016667,0.6458333,0.5601667,0.07766667,0.4055,0.20183334,0.5730001,0.41983336,0.15633333,0.9115,0.54116666,0.10566667,0.9293333,0.66249996,0.66116667,0.49483335,0.95816666,0.65550005,0.2848333,0.68583333,0.1375,0.96783334,0.64716667,0.17366666,0.97083336,0.6278333,0.79433334,0.793,0.85966665,0.782,0.79583335,0.811,0.9775,0.97216666,0.9735,0.111499995,0.9723334,0.3375,0.5165,0.39349997,0.46083337,0.90433335,0.5478333,0.873,0.65816665,0.34133333,0.16216666,0.21466666,0.25266665,0.814,0.3655,0.118,0.3175,0.6533333,0.23966667,0.62916666,0.33566666,0.36216664,0.066,0.21291666,0.80450004,0.25866666,0.27733332,0.31433332,0.409,0.641,0.22099999,0.6153333,0.5438334,0.123166665,0.15783334,0.267,0.7696667,0.46216667,0.48766667,0.12033333,0.059833333,0.20116667,0.37516665,0.309,0.2025,0.348,0.31633332,0.60749996,0.47633332,0.4865,0.7586667,0.23916666,0.42616665,0.95766675,0.24000001,0.528,0.67833334,0.72533333,0.82,0.242,0.41333336,0.47216672,0.75100005,0.30616665,0.13749999,0.33233333,0.12516667,0.42983332,0.44666666,0.32516667,0.7948333,0.58383334,0.7696667,0.26049998,0.29266667,0.073,0.12233333,0.1635,0.14683333,0.368,0.5335,0.7508333,0.34350002,0.32833332,0.151,0.27233332,0.16433333,0.116333336,0.46000004,0.29083335,0.29316664,0.97950006,0.5533334,0.16233332,0.3135,0.60933334,0.17783332,0.69233334,0.050666668,0.742,0.1565,0.1555,0.15783332,0.5925,0.43483335,0.08083333,0.5765,0.23833334,0.48433334,0.761,0.46016666,0.2708333,0.50133336,0.14433333,0.39566666,0.6465,0.36166665,0.1825,0.7571666,0.584,0.547,0.91033334,0.46066666,0.42016667,0.42616668,0.52849996,0.7461667,0.28616667,0.11766666,0.089666665,0.296,0.44366667,0.071499996,0.49233332,0.7928333,0.4066667,0.20933333,0.25183332,0.566,0.21483332,0.18316665,0.11033333,0.34183332,0.69233334,0.47266665,0.41366667,0.7015,0.43883336,0.47433335,0.40266666,0.2525,0.94733334,0.104166664,0.6673333,0.28183335,0.33733332,0.5453333,0.13133334,0.52858335,0.07433333,0.42,0.31083333,0.5416667,0.15983334,0.4898333,0.40550002,0.5678333,0.49033332,0.5298333,0.4051667,0.29116666,0.21616668,0.6445,0.2425,0.21616666,0.8756666,0.70383334,0.21483333,0.52533334,0.25016665
BC2026_Train_0001_S08_20250606_030007_20,0.905,0.84333336,0.60566664,0.21133333,0.8333333,0.5481667,0.38833332,0.6135,0.4505,0.021166667,0.0845,0.427,0.4585,0.43333334,0.2875,0.033,0.8455,0.44633335,0.050166667,0.755,0.624,0.06933334,0.36,0.25349998,0.635,0.39633334,0.1255,0.9448334,0.5985,0.10583333,0.9268333,0.6605,0.663,0.4518333,0.9371667,0.6308333,0.2865,0.7866667,0.21166666,0.95699996,0.7616667,0.26283333,0.9711667,0.64316666,0.84066665,0.838,0.9228333,0.7975,0.8151667,0.8491667,0.97249997,0.97249997,0.9711667,0.13316667,0.96650004,0.29583332,0.49966666,0.35266668,0.65966666,0.91349995,0.63733333,0.93500006,0.7065,0.368,0.24616666,0.2145,0.22899999,0.8713333,0.25666666,0.16016667,0.29616666,0.6203333,0.27116665,0.8025,0.32733333,0.194,0.0475,0.2335,0.7076667,0.31599998,0.22733334,0.3408333,0.41083336,0.82233334,0.2905,0.47466666,0.6558333,0.096499994,0.35933334,0.32750002,0.7291667,0.6446667,0.49416667,0.13266668,0.10066667,0.22866666,0.315,0.38483334,0.26616666,0.4525,0.25849998,0.6085,0.44433334,0.5945,0.7875,0.17633334,0.48016667,0.9513333,0.26666668,0.50350004,0.6396667,0.71316665,0.90133333,0.30783334,0.42383334,0.49533334,0.7283333,0.3105,0.086833335,0.26183334,0.15366666,0.42866665,0.48283333,0.449,0.818,0.5323333,0.7358333,0.24366666,0.19983333,0.004166667,0.22966667,0.13533333,0.34516668,0.41083336,0.53583336,0.68050003,0.3025,0.1655,0.20016666,0.36,0.18233334,0.13433333,0.46350002,0.31133333,0.37300003,0.98766667,0.63483334,0.13949999,0.33133334,0.49466667,0.25516665,0.6915,0.185,0.796,0.17283334,0.21483335,0.17816666,0.62166667,0.428,0.113333344,0.58916664,0.39466667,0.54716665,0.7356667,0.46766666,0.20233333,0.482,0.20883334,0.35083333,0.6476667,0.23933333,0.21566665,0.7008333,0.43583333,0.5405,0.969,0.37516665,0.38333333,0.47550002,0.54233336,0.661,0.24766666,0.15866667,0.14816666,0.27783334,0.45099998,0.11433333,0.5245,0.76350003,0.45783332,0.258,0.30466667,0.68133336,0.22033334,0.22716667,0.119833335,0.412,0.63533336,0.49666667,0.33666667,0.53683335,0.5715,0.419,0.269,0.21516666,0.9656667,0.0845,0.7363334,0.23666666,0.28033334,0.6376667,0.20066667,0.7791667,0.049333334,0.41933334,0.27366668,0.477,0.14183334,0.48166668,0.3633333,0.50133336,0.37783334,0.6051667,0.4555,0.37616667,0.2315,0.60625,0.22,0.24583334,0.89199996,0.74833333,0.28966665,0.52566665,0.34600002
BC2026_Train_0001_S08_20250606_030007_25,0.89849997,0.83883333,0.6511667,0.25533333,0.8083334,0.513,0.49899998,0.62700003,0.4051667,0.0465,0.105166666,0.5195,0.46683335,0.47083336,0.30416667,0.045666665,0.7903334,0.44933334,0.0365,0.6001667,0.64716667,0.051333334,0.44833332,0.29299998,0.6091667,0.47533333,0.1625,0.957,0.5485,0.14516667,0.92233336,0.6141667,0.5866667,0.4946667,0.9778334,0.60233337,0.26,0.67333335,0.101333335,0.98066664,0.6426667,0.12533334,0.9511666,0.5835,0.8416667,0.839,0.9185,0.7696667,0.78066665,0.804,0.9511666,0.9511666,0.9511666,0.104499996,0.98183334,0.30416667,0.52383333,0.36266667,0.7366667,0.8706666,0.4913333,0.9251667,0.65833336,0.322,0.12550001,0.25933334,0.09516667,0.8683334,0.27383333,0.29083335,0.3565,0.5628333,0.378,0.6185,0.36633334,0.2568333,0.0485,0.22216667,0.5053333,0.32766667,0.1965,0.245,0.36400002,0.69383335,0.30233333,0.59566665,0.5365,0.07433333,0.4,0.23550001,0.742,0.75633335,0.45333332,0.11116666,0.056833334,0.207,0.36,0.3491667,0.08583333,0.41966668,0.24308334,0.55383337,0.47891665,0.67116666,0.793,0.21116665,0.482,0.91800004,0.14783333,0.5056667,0.6586667,0.64283335,0.83783334,0.23099999,0.39450002,0.48983335,0.69383335,0.32733333,0.06616666,0.2751667,0.15200001,0.5295,0.55833334,0.29016668,0.8895,0.54116666,0.7773334,0.33016667,0.365,0.008333334,0.14383334,0.07066667,0.32733333,0.43433332,0.5173333,0.6096667,0.268,0.27933332,0.233,0.29250002,0.14066666,0.100666665,0.5111667,0.22866666,0.473,0.96,0.5855,0.23433332,0.28383335,0.45216668,0.26916668,0.786,0.18966666,0.7473333,0.22600001,0.33516666,0.20283332,0.62516665,0.36150002,0.077,0.56,0.30916667,0.42716664,0.74333334,0.402,0.22133334,0.38333333,0.10666666,0.36616665,0.5175,0.32033333,0.24933335,0.65349996,0.46033335,0.52133334,0.94033337,0.48933333,0.34766665,0.52316666,0.5671667,0.68583333,0.214,0.101333335,0.10800001,0.23683333,0.3771667,0.074999996,0.51516664,0.7615,0.47183335,0.30966666,0.273,0.70183337,0.2615,0.18933333,0.10433334,0.27883333,0.6383333,0.5105,0.38641667,0.7183333,0.4975,0.43866667,0.33483335,0.37933332,0.9573333,0.1165,0.7848334,0.142,0.2801667,0.5223333,0.25716665,0.38216665,0.039,0.4785,0.36383334,0.35683334,0.12716666,0.51016665,0.28183332,0.506,0.47399998,0.423,0.525,0.22183333,0.19716667,0.6305,0.161,0.1895,0.88250005,0.697,0.22183332,0.54899997,0.49916667
BC2026_Train_0001_S08_20250606_030007_30,0.861,0.81200004,0.64383334,0.31566665,0.7916667,0.55266666,0.45733333,0.5798333,0.41483334,0.069,0.14883333,0.4325,0.43183333,0.39583334,0.32783335,0.05116667,0.8165,0.43883336,0.010833334,0.59816664,0.5598333,0.08183333,0.1695,0.278,0.6125,0.40466666,0.1695,0.92550004,0.48266667,0.16333334,0.92616665,0.5786667,0.6195,0.5631667,0.97466666,0.60083336,0.271,0.6203333,0.090833336,0.98300004,0.6371667,0.10683333,0.9405,0.5385,0.8345,0.8331667,0.89433336,0.7568333,0.7555,0.7723333,0.9405,0.9433333,0.9433333,0.112333335,0.98866665,0.325,0.5743333,0.38066667,0.56533337,0.86083335,0.41483334,0.94766665,0.6303333,0.341,0.2055,0.22383334,0.2681667,0.8265,0.30716667,0.22833332,0.35483336,0.5648333,0.434,0.685,0.45783332,0.23341668,0.04816667,0.38300002,0.6103333,0.24133335,0.36883333,0.2895,0.42533335,0.799,0.2845,0.63750005,0.512,0.2015,0.287,0.2595,0.638,0.65716666,0.47033334,0.13516666,0.0765,0.19483334,0.54649997,0.25366667,0.19166666,0.52816665,0.30200002,0.588,0.41066667,0.6041667,0.72433335,0.3255,0.4511667,0.9413333,0.28033334,0.5743333,0.6488334,0.68266666,0.795,0.29466668,0.49783334,0.47716665,0.75016665,0.31833333,0.11933334,0.35266668,0.16600001,0.46449998,0.51066667,0.4568333,0.7983333,0.71916664,0.88,0.38616666,0.24266668,0.0195,0.20216668,0.0845,0.167,0.40383333,0.54333335,0.6678333,0.30733332,0.43866667,0.13183333,0.24616666,0.14516667,0.12283333,0.5681667,0.2565,0.41133332,0.9598333,0.68666667,0.19516666,0.33233333,0.7141667,0.29866666,0.82233334,0.11083333,0.7215,0.233,0.25133333,0.17716667,0.6311667,0.412,0.096499994,0.57799995,0.42616665,0.38966668,0.74833333,0.5216667,0.17333333,0.44149998,0.19083333,0.4856667,0.6663333,0.38599998,0.28716666,0.7305,0.5355,0.64250004,0.878,0.54499996,0.2945,0.54116666,0.5545,0.85766673,0.24333334,0.101500005,0.0785,0.31483334,0.4461667,0.07383333,0.51900005,0.8043334,0.37949997,0.34166667,0.2995,0.5901667,0.27816665,0.41900003,0.11749999,0.43949997,0.6636667,0.57416666,0.36916667,0.73,0.59466666,0.474,0.29433334,0.362,0.9528333,0.1235,0.7058334,0.24133335,0.2635,0.5031667,0.21233334,0.5671667,0.051833335,0.40383333,0.18883333,0.45666665,0.16816667,0.5355,0.4105,0.71283334,0.48133337,0.589,0.67266667,0.24116665,0.29,0.70066667,0.23000002,0.27683333,0.93233335,0.742,0.16366667,0.65099996,0.4815
BC2026_Train_0001_S08_20250606_030007_35,0.8745,0.83383334,0.68016666,0.32833332,0.82916665,0.5475,0.781,0.70299995,0.51666665,0.087000005,0.13133334,0.51699996,0.562,0.5375,0.35,0.0305,0.82350004,0.6508333,0.015166667,0.61633337,0.6468333,0.086,0.27883333,0.28533334,0.57133335,0.4601667,0.17266667,0.92766666,0.502,0.22283332,0.91650003,0.6668333,0.58066666,0.6905,0.96916664,0.70266664,0.31933334,0.61483335,0.104499996,0.99733335,0.59983337,0.121999994,0.98366666,0.6241666,0.8183333,0.8183333,0.916,0.75699997,0.76666665,0.7668333,0.98766667,0.98766667,0.9863334,0.13183333,0.9821667,0.4041667,0.5768333,0.341,0.6591667,0.9453333,0.5208334,0.96,0.667,0.3525,0.192,0.34933335,0.404,0.8096667,0.24450001,0.258,0.4105,0.5531667,0.29716665,0.8496667,0.562,0.23449999,0.045166664,0.1695,0.6598333,0.27783334,0.26,0.26816666,0.4505,0.7235,0.30933332,0.5455,0.5876667,0.17866668,0.206,0.18933335,0.76666665,0.7636666,0.50533336,0.12916666,0.06366667,0.27233332,0.52966666,0.22600001,0.20333333,0.45483333,0.28766668,0.5585,0.40449998,0.6498333,0.82350004,0.3286667,0.463,0.9691667,0.21616668,0.42466664,0.618,0.76766664,0.87216663,0.31149998,0.61925,0.4181667,0.755,0.38566667,0.0905,0.30383334,0.14683333,0.41833332,0.47516665,0.37433332,0.85450006,0.55483335,0.74583334,0.36666667,0.25583333,0.07683334,0.17916667,0.18483333,0.28766665,0.46083334,0.5325,0.6036667,0.37083334,0.5858333,0.22933334,0.3755,0.1905,0.12066667,0.54616666,0.229,0.6931667,0.9636667,0.54550004,0.17366666,0.26283336,0.685,0.36983335,0.7266667,0.11116666,0.6633333,0.2425,0.30150002,0.15183333,0.6756667,0.348,0.0975,0.588,0.36216664,0.4225,0.7595,0.41958335,0.08566667,0.38366666,0.12383333,0.43866667,0.5703333,0.287,0.20533334,0.6626667,0.43933332,0.55583334,0.90849996,0.45866668,0.37016666,0.50166667,0.499,0.79550004,0.2885,0.11133333,0.0935,0.31916666,0.26616666,0.041666664,0.4181667,0.7836667,0.52383333,0.357,0.32366666,0.7223334,0.2521667,0.32999998,0.119666666,0.40433335,0.60966665,0.44833332,0.39883333,0.5533334,0.497,0.49733332,0.2963333,0.1635,0.95833325,0.13466668,0.76966673,0.14083333,0.24066666,0.48416668,0.136,0.5881667,0.1125,0.45466667,0.261,0.30333334,0.17466667,0.41483337,0.35733336,0.5383333,0.51949996,0.5545,0.43666667,0.30133334,0.20449999,0.6215,0.30299997,0.21716666,0.91166663,0.80116665,0.18625,0.67008334,0.53283334
BC2026_Train_0001_S08_20250606_030007_40,0.8953333,0.7985,0.5068334,0.20766667,0.78333336,0.5341667,0.348,0.5416667,0.29966667,0.05366667,0.048666667,0.3325,0.42316666,0.44166666,0.22783333,0.007,0.84066665,0.5695,0.021166667,0.632,0.5706667,0.047166668,0.25366667,0.1485,0.6185,0.35466668,0.12666667,0.9336667,0.5528333,0.09966667,0.92466664,0.6153333,0.5478333,0.53283334,0.9931667,0.6038333,0.22083333,0.6191667,0.095,0.9958334,0.5948333,0.12166667,0.9675,0.58033335,0.80733335,0.80183333,0.8948333,0.7585,0.7585,0.75333333,0.9675,0.9648333,0.9675,0.10066667,0.99450004,0.27916667,0.53816664,0.29633334,0.552,0.8870001,0.543,0.9368333,0.6706667,0.33083335,0.10366666,0.21383333,0.12533334,0.84199995,0.21883333,0.14533333,0.31366667,0.5333333,0.16816667,0.62333333,0.3286667,0.18883333,0.026333334,0.08083333,0.6601667,0.20283334,0.24733333,0.18966666,0.3215,0.7353333,0.24433333,0.47016665,0.38066667,0.0695,0.125,0.121,0.7621667,0.52683336,0.275,0.08666667,0.07016667,0.16333334,0.34583333,0.266,0.1405,0.26191667,0.21566665,0.48666668,0.34733334,0.5771667,0.8118333,0.134,0.34833333,0.9666667,0.1825,0.3705,0.4756667,0.64666665,0.8746667,0.21149999,0.39483336,0.34800002,0.627,0.24666667,0.037666667,0.14649999,0.068833336,0.28266668,0.405,0.29783332,0.8005,0.52516663,0.6933333,0.25833333,0.11133334,0.015166667,0.09983333,0.1655,0.13933334,0.33533332,0.4883333,0.52683336,0.22800002,0.2085,0.0845,0.24183333,0.1525,0.055,0.34441668,0.22083333,0.3285,0.93050003,0.53583336,0.1485,0.253,0.5585,0.16216666,0.5765,0.11716667,0.76783335,0.19766666,0.14583333,0.07833333,0.53900003,0.25016665,0.054,0.54966664,0.125,0.33674997,0.6666667,0.37233332,0.1245,0.33600003,0.0555,0.32516667,0.53183335,0.24066666,0.12716667,0.53499997,0.393,0.50516665,0.8965,0.31133333,0.16616666,0.43583333,0.43116668,0.71300006,0.11116666,0.06866667,0.032333333,0.19916667,0.18333334,0.032166667,0.31366667,0.778,0.394,0.17616665,0.26866668,0.52133334,0.149,0.108833335,0.027666667,0.30566666,0.5448333,0.29299998,0.30699998,0.47649997,0.2995,0.44250003,0.20516667,0.107,0.982,0.060833335,0.7461667,0.1275,0.20566666,0.37633333,0.09583333,0.48999998,0.071333334,0.42116666,0.23566666,0.2528333,0.09658334,0.34466666,0.34666666,0.45916665,0.37033334,0.40216666,0.40100002,0.17466667,0.09183333,0.54499996,0.11449999,0.12833333,0.74016666,0.6383334,0.14533333,0.53033334,0.2405
BC2026_Train_0001_S08_20250606_030007_45,0.87783337,0.8221667,0.47233337,0.1715,0.75,0.40233332,0.17816666,0.5035,0.19966666,0.0365,0.044,0.26633334,0.34666666,0.29583332,0.20141667,0.015333334,0.7906667,0.45583332,0.019666668,0.59316665,0.45633334,0.043,0.27016667,0.22125,0.5995,0.26483333,0.111833334,0.8771667,0.48283336,0.11366667,0.95000005,0.5865,0.6145,0.4836667,0.9498333,0.56533337,0.22833334,0.65283334,0.10933334,0.95683336,0.603,0.13733333,0.93233335,0.55983335,0.8308333,0.8281666,0.84716666,0.7836667,0.7683333,0.7823334,0.92700005,0.93500006,0.93500006,0.108166665,0.97599995,0.25416666,0.46216667,0.30833334,0.39516664,0.8661667,0.485,0.86116666,0.6088333,0.31516665,0.26383334,0.18416667,0.08383334,0.7193333,0.195,0.13783333,0.2435,0.5076667,0.34933335,0.6645,0.3185,0.19066668,0.016166667,0.30183333,0.4683333,0.19833332,0.1725,0.19866668,0.37950003,0.3175,0.32216665,0.61583334,0.5108333,0.043333337,0.22983333,0.14666668,0.67516667,0.45716667,0.20716667,0.09133334,0.08133334,0.1165,0.35866666,0.29866666,0.07966667,0.42716664,0.30516666,0.482,0.41933334,0.44683337,0.71999997,0.14983332,0.4041667,0.90716666,0.2365,0.5531667,0.67583334,0.58466667,0.89100003,0.20316666,0.22633332,0.43116665,0.6571666,0.22600001,0.07833333,0.2475,0.27416667,0.3975,0.555,0.215,0.7695,0.49733335,0.5861666,0.34166667,0.25783333,0.037333336,0.168,0.10966667,0.0775,0.37766668,0.47016668,0.5578334,0.3956667,0.23066668,0.16566667,0.27483332,0.11416666,0.074499995,0.41183335,0.2065,0.401,0.91033334,0.72566664,0.2875,0.24583334,0.44866666,0.2725,0.7276667,0.07283334,0.77500004,0.1925,0.41883335,0.15016666,0.6353333,0.2985,0.09916666,0.52566665,0.3215,0.31233332,0.7616667,0.4425,0.12433334,0.32983333,0.13466668,0.51850003,0.60466665,0.31733334,0.15816668,0.6036667,0.49400002,0.5208334,0.854,0.463,0.26583335,0.5258333,0.4156667,0.76416665,0.19600001,0.163,0.0405,0.31433335,0.21949999,0.053166665,0.506,0.742,0.252,0.238,0.328,0.63766664,0.21666667,0.20883332,0.044,0.32233334,0.55383337,0.2758333,0.19683333,0.639,0.46833333,0.313,0.3105,0.27216667,0.9711667,0.07366667,0.63983333,0.08883333,0.23983333,0.42883334,0.20466667,0.34716666,0.016666668,0.3818333,0.28983334,0.5005,0.094666675,0.5055,0.28950003,0.45566666,0.45766667,0.3335,0.5156667,0.23083334,0.131,0.58066666,0.1815,0.16983333,0.8221667,0.5743333,0.11833333,0.53983337,0.45516664
BC2026_Train_0001_S08_20250606_030007_50,0.872,0.8556667,0.5021666,0.18016666,0.76666665,0.416,0.24216667,0.43766665,0.22933334,0.0845,0.08483333,0.29733333,0.32816666,0.33333334,0.21533334,0.0205,0.8351667,0.30416667,0.0235,0.52633333,0.4575,0.06516667,0.11933334,0.18433332,0.57633334,0.28141668,0.10349999,0.90466666,0.55183333,0.07633334,0.943,0.56216663,0.67883337,0.45983332,0.97933334,0.5898333,0.20833334,0.61333334,0.056833334,0.96683335,0.5706667,0.078,0.9733333,0.5395,0.8106667,0.808,0.86399996,0.7733333,0.7596667,0.7585,0.968,0.97599995,0.9733333,0.07958333,0.95699996,0.25833333,0.47233334,0.25383332,0.38133335,0.8131666,0.481,0.85333335,0.5931667,0.35283336,0.1125,0.147,0.046666667,0.739,0.25616667,0.10366666,0.25816667,0.4105,0.2155,0.72483337,0.35316667,0.2845,0.0645,0.11266667,0.5135,0.2025,0.20416667,0.18866667,0.3675,0.386,0.21033333,0.5798333,0.33033335,0.055,0.33683333,0.14216667,0.5966667,0.46899998,0.27616668,0.086833335,0.046000004,0.201,0.41,0.30116665,0.1095,0.49650002,0.22283334,0.467,0.48316666,0.5018333,0.74366665,0.24533334,0.34933335,0.9061667,0.18066667,0.45883334,0.6563334,0.61583334,0.7771667,0.22716667,0.3975,0.3805,0.52566665,0.24966666,0.048666667,0.29133335,0.18333334,0.39150003,0.5043333,0.28133333,0.7838334,0.526,0.72066665,0.29116666,0.2155,0.057333335,0.20266668,0.108,0.18916667,0.35766664,0.4575833,0.45166665,0.29783332,0.33466667,0.12683333,0.26533335,0.11383333,0.0885,0.48250002,0.19666666,0.3523333,0.8995,0.60483336,0.13033333,0.22666669,0.6008333,0.20933333,0.69883335,0.066,0.6523333,0.18016666,0.19983333,0.111833334,0.53983337,0.36366665,0.045833334,0.52400005,0.14225,0.40033334,0.7266667,0.41308334,0.17666666,0.36883333,0.096499994,0.37566668,0.564,0.305,0.131,0.64383334,0.53283334,0.51933336,0.8935,0.384,0.2165,0.48999998,0.51133335,0.697,0.24683334,0.10316667,0.042166665,0.25566667,0.35833332,0.045833334,0.34433332,0.7155,0.34333333,0.18183333,0.3035,0.5653333,0.23583333,0.2593333,0.12283333,0.39683336,0.61983335,0.343,0.33683333,0.6073333,0.5186666,0.40500003,0.29566666,0.24616668,0.9075,0.07066667,0.647,0.08866667,0.2725,0.41866666,0.2115,0.26833332,0.05183333,0.39900002,0.20899999,0.40449998,0.127,0.36816666,0.28333333,0.515,0.34233332,0.33716667,0.40816668,0.20433334,0.12983333,0.47941667,0.100833334,0.164,0.78499997,0.65133333,0.21283333,0.50200003,0.56333333
BC2026_Train_0001_S08_20250606_030007_55,0.92300004,0.93025,0.90583336,0.167,0.77916664,0.48533332,0.24566665,0.5161667,0.15100001,0.0655,0.1235,0.70133334,0.33766666,0.6625,0.26666668,0.016833333,0.88166666,0.37433332,0.04,0.6035,0.66749996,0.056833334,0.18216667,0.12616667,0.63733333,0.4365,0.1915,0.9731667,0.81883335,0.17683333,0.9291667,0.65283334,0.7285,0.8225,0.99866664,0.87299997,0.21299998,0.64566666,0.08033334,0.9821667,0.596,0.10166667,0.952,0.62466663,0.80300003,0.80300003,0.8808334,0.79016674,0.7818333,0.782,0.95066667,0.9493333,0.9493333,0.08533333,0.9946667,0.275,0.5088333,0.31,0.9011667,0.79933333,0.43116665,0.8631667,0.6598334,0.32516667,0.08933334,0.15816668,0.082,0.85749996,0.30516666,0.17733334,0.28183332,0.44033334,0.24983335,0.5901667,0.7703333,0.13149999,0.07216667,0.08916667,0.54866666,0.20833333,0.19666666,0.258,0.3008333,0.5338333,0.18233334,0.48883334,0.33391666,0.034166668,0.215,0.17583334,0.6403333,0.59183335,0.272,0.079833336,0.057833336,0.2555,0.41316667,0.29366666,0.24599999,0.30533335,0.24133334,0.43333334,0.361,0.549,0.77349997,0.13749999,0.40733334,0.949,0.22766666,0.45116666,0.6468333,0.60216665,0.7805,0.2665,0.46116665,0.35116667,0.6331667,0.26233333,0.086166665,0.25833333,0.052166667,0.31633332,0.477,0.34166667,0.89716667,0.5801667,0.76816666,0.26116666,0.16366667,0.015333334,0.5808333,0.17783333,0.10433333,0.42683336,0.529,0.6618333,0.202,0.19133334,0.09233333,0.23966667,0.0995,0.074666664,0.42483333,0.25666666,0.35149997,0.9148333,0.59000003,0.15816666,0.20166665,0.65316665,0.2315,0.6078333,0.025000002,0.6778333,0.13366666,0.23266666,0.07983333,0.5613333,0.2875,0.04033333,0.51016665,0.13825,0.33433333,0.6561667,0.42700002,0.05883333,0.3358333,0.10366667,0.3803333,0.54766667,0.3805,0.12866667,0.54800004,0.46283337,0.5036667,0.92116666,0.43649998,0.18716666,0.4655,0.8545,0.6588333,0.25916666,0.097,0.060166664,0.13883333,0.29183334,0.082499996,0.46816665,0.729,0.3185,0.2561667,0.30666667,0.5068333,0.08833334,0.13266668,0.07016666,0.40183333,0.5868333,0.3746667,0.32950002,0.56616664,0.30466667,0.46616668,0.30633333,0.16533333,0.9455,0.086166665,0.7048334,0.16733333,0.21916667,0.35133332,0.108333334,0.3605,0.071833335,0.4776667,0.276,0.31816667,0.08,0.33483335,0.29983336,0.42941666,0.55366665,0.36333334,0.28416666,0.16366667,0.17533334,0.49550003,0.119,0.17033333,0.72,0.66566664,0.13133334,0.45466667,0.5105
BC2026_Train_0001_S08_20250606_030007_60,0.94766665,0.969,0.9971667,0.25550002,0.8416667,0.8106667,0.37516665,0.48583332,0.38316667,0.27216667,0.22216666,0.98583335,0.46166664,0.9555,0.543,0.06916667,0.9148333,0.69633335,0.175,0.78466666,0.7646667,0.108333334,0.40383333,0.53816664,0.7595,0.721,0.32316667,0.99733335,0.9971667,0.55916667,0.9418333,0.8761667,0.7988334,0.96183336,0.9943333,0.99733335,0.2521667,0.66816664,0.203,0.98183334,0.63366663,0.22416666,0.93816674,0.82,0.82666665,0.8293333,0.874,0.82799995,0.811,0.80149996,0.93816674,0.9368334,0.9355,0.15233333,0.9555,0.42916667,0.60833335,0.45499998,0.99866664,0.82016665,0.54466665,0.87433326,0.729,0.5316667,0.38466665,0.3065,0.394,0.9738333,0.47616667,0.49116665,0.39166665,0.64549994,0.46516666,0.64199996,0.8753333,0.14233333,0.14433333,0.4218333,0.5586667,0.3243333,0.30183333,0.413,0.37333333,0.6625,0.43466666,0.456,0.5991667,0.041666664,0.384,0.2985,0.68050003,0.9005,0.36766666,0.120000005,0.19066668,0.28433335,0.50483334,0.28466666,0.27749997,0.30249998,0.3025,0.50516665,0.34333333,0.66233337,0.833,0.19816667,0.45283335,0.9601667,0.20216668,0.41799998,0.62333333,0.5585,0.76316667,0.26233333,0.6211667,0.423,0.70916665,0.3445,0.20816666,0.21833333,0.26833332,0.41316667,0.49183333,0.34250003,0.9813334,0.7485,0.8921666,0.34250003,0.30783334,0.08066667,0.9456667,0.19116665,0.29316664,0.42616668,0.5021667,0.8843334,0.401,0.23216665,0.28583336,0.379,0.18333334,0.14916666,0.518,0.32666665,0.71683335,0.9521667,0.55583334,0.1075,0.20750001,0.6131667,0.3085,0.766,0.18933333,0.5560833,0.19600001,0.17733334,0.18466666,0.66400003,0.27483332,0.1635,0.5648333,0.28216666,0.36800003,0.59916663,0.5465,0.18583333,0.37316668,0.21416667,0.317,0.684,0.40166664,0.24283333,0.542,0.5031667,0.5721667,0.9173333,0.57766664,0.21616666,0.452,0.9623333,0.6446667,0.33216667,0.24916667,0.11533333,0.28616667,0.17516667,0.19749999,0.44183332,0.763,0.31666666,0.33791667,0.36550003,0.60683334,0.14216666,0.39716667,0.13516666,0.5373333,0.63633335,0.5936667,0.32349998,0.37316668,0.4026667,0.499,0.29000002,0.13416666,0.8748333,0.14683333,0.79983336,0.26033333,0.29833332,0.46716666,0.19983333,0.5926666,0.093833335,0.6421667,0.20633334,0.22633332,0.17300001,0.34433335,0.37766665,0.5145,0.4425,0.45166665,0.45766664,0.24849999,0.28033334,0.49366668,0.3145,0.35233334,0.832,0.6625,0.28633332,0.5021667,0.34966666
BC2026_Train_0002_S08_20250607_030007_5,0.8968333,0.77066666,0.42966667,0.39749998,0.7624999,0.3085,0.08666667,0.25716665,0.086333334,0.17883334,0.056333337,0.32999998,0.139,0.5416667,0.20699999,0.094,0.858,0.21683334,0.44716665,0.34933335,0.4105,0.033333335,0.404,0.21716666,0.7098334,0.8245,0.21283334,0.6645,0.45466667,0.13416666,0.95416665,0.76133335,0.81266665,0.262,0.90549994,0.6145,0.39658332,0.722,0.07716666,0.88949996,0.6993333,0.113333344,0.9126667,0.73733336,0.7615,0.76416665,0.76516664,0.8178333,0.79733336,0.8245,0.9126667,0.9098333,0.9098333,0.067833334,0.90700006,0.22916666,0.6228334,0.12166667,0.48533335,0.5516667,0.07716667,0.54833335,0.60033333,0.30766666,0.2515,0.11533333,0.06866667,0.32533336,0.11583333,0.24633333,0.13566667,0.15883332,0.50266665,0.30583334,0.4055,0.34883332,0.41033334,0.054166667,0.25166667,0.08516666,0.08133334,0.263,0.1455,0.26466668,0.0475,0.45316666,0.4265,0.052000005,0.2805,0.18933333,0.3675,0.24916667,0.075333335,0.060000002,0.041500002,0.11333334,0.1435,0.427,0.026500002,0.08566667,0.5541667,0.26133335,0.39633334,0.17183334,0.45666665,0.050666668,0.634,0.17866668,0.07433333,0.61233336,0.39133334,0.26616666,0.54116666,0.2995,0.4021667,0.44400004,0.549,0.253,0.10433334,0.3008333,0.46433333,0.438,0.6985,0.13733333,0.389,0.15116666,0.193,0.16833332,0.19316667,0.073,0.16866666,0.034833334,0.23033333,0.312,0.18133333,0.49233335,0.324,0.22066668,0.25125,0.34516665,0.16133334,0.21499999,0.38766667,0.116500005,0.287,0.6445,0.54083335,0.049333334,0.177,0.13633333,0.162,0.1735,0.0135,0.33716667,0.043166667,0.17366666,0.108,0.45333332,0.53249997,0.23466668,0.46683335,0.25375003,0.11283333,0.58966666,0.44,0.4025,0.17633334,0.066,0.68833333,0.42783332,0.091000006,0.224,0.48533335,0.5405,0.25416666,0.40866667,0.59066665,0.1205,0.24316669,0.40183333,0.52316666,0.6305,0.16950001,0.3565,0.324,0.3635,0.44950002,0.59216666,0.5775,0.21616666,0.1345,0.10616666,0.13233334,0.26266667,0.37616667,0.138,0.24316667,0.6066667,0.038833335,0.32,0.70949996,0.7011666,0.275,0.188,0.08849999,0.56549996,0.05116667,0.7273333,0.0275,0.24533334,0.38216665,0.17166667,0.49616668,0.2845,0.2705,0.11216667,0.472,0.1505,0.53616667,0.169,0.5273333,0.7925,0.47333336,0.19099998,0.4626667,0.34633332,0.6265,0.18983334,0.049666665,0.5736667,0.341,0.0985,0.174,0.7511667
BC2026_Train_0002_S08_20250607_030007_10,0.93850005,0.7875,0.44716668,0.33233333,0.6,0.24916668,0.0205,0.14866666,0.07816666,0.29250002,0.058000002,0.363,0.0505,0.13333334,0.10016666,0.048666667,0.8266667,0.39216667,0.37450004,0.22716667,0.33433336,0.004166667,0.38950002,0.21516667,0.6396667,0.6456667,0.1845,0.61724997,0.5988333,0.15133333,0.9696667,0.7535,0.8143333,0.35799998,0.9446667,0.67216665,0.33833334,0.87916666,0.0925,0.92149997,0.81766665,0.134,0.96066666,0.7403334,0.77133334,0.77,0.80133337,0.82650006,0.8346666,0.87574995,0.96066666,0.96333337,0.96333337,0.094000004,0.928,0.1375,0.49933332,0.09583333,0.38599998,0.35983333,0.126,0.51666665,0.49366668,0.296,0.086,0.07083333,0.3141667,0.14133334,0.0815,0.2645,0.121833324,0.18800001,0.4461667,0.17791666,0.468,0.29549998,0.308,0.024583332,0.1935,0.101,0.10883333,0.1875,0.137,0.19566667,0.0445,0.48666668,0.33716667,0.0055,0.13,0.073,0.13983333,0.24650002,0.09983333,0.0225,0.021000002,0.07383333,0.0655,0.4475,0.043333337,0.043500002,0.5198333,0.18349999,0.25533333,0.206,0.517,0.017833333,0.5495,0.26683334,0.046333335,0.54083335,0.29366666,0.16916667,0.27858335,0.219,0.199,0.33166668,0.45883337,0.14183334,0.107,0.27883333,0.20666668,0.19433333,0.6573334,0.19783333,0.37333333,0.2315,0.15516666,0.2205,0.09866667,0.027833335,0.13883333,0.04466667,0.081,0.2731667,0.17783333,0.33166668,0.08183333,0.162,0.042999998,0.30400002,0.05516666,0.13733333,0.26183334,0.13316667,0.24666667,0.5671667,0.5391667,0.0195,0.1995,0.111666664,0.1415,0.274,0.009666667,0.2015,0.052000005,0.027166666,0.056833334,0.47566667,0.3401667,0.077,0.3675,0.17316666,0.075666666,0.518,0.4641667,0.43833336,0.14966667,0.034333333,0.52633333,0.43183333,0.045500003,0.11133334,0.43949997,0.3355,0.24233334,0.39633334,0.45466667,0.086333334,0.10800001,0.27716666,0.44983333,0.52883327,0.16766667,0.39416665,0.286,0.256,0.587,0.49433333,0.5061667,0.0855,0.097333334,0.08816667,0.072333336,0.15,0.215,0.08466667,0.1445,0.557,0.041833334,0.19624999,0.6403333,0.38883334,0.26316667,0.076000005,0.019000001,0.4888333,0.030833334,0.58283335,0.021000002,0.2521667,0.309,0.10966667,0.46649998,0.207,0.22016667,0.0765,0.34066665,0.043166667,0.34266666,0.067833334,0.39566666,0.7281667,0.36583334,0.153,0.17433333,0.25149998,0.46033335,0.06716666,0.043500002,0.45683336,0.2545,0.11466667,0.13266668,0.7603333
BC2026_Train_0002_S08_20250607_030007_15,0.9108333,0.7736667,0.35666665,0.3385,0.59583336,0.20300001,0.022,0.035666667,0.12566666,0.36933333,0.07033333,0.27483332,0.122833334,0.10000001,0.10433333,0.050166667,0.83916664,0.16849999,0.43566668,0.281,0.35933334,0.012500001,0.33233336,0.11016666,0.62950003,0.61383337,0.17566666,0.524,0.53033334,0.13333334,0.9596666,0.72966665,0.82650006,0.33966666,0.9166666,0.6785,0.41316667,0.8063333,0.107499994,0.90900004,0.7605,0.16383332,0.931,0.7201666,0.7781667,0.7781667,0.79016674,0.8193333,0.814,0.8561666,0.9336667,0.9336667,0.9336667,0.09066667,0.931,0.15,0.4095,0.20983332,0.16083333,0.31066668,0.061833333,0.48466668,0.5198333,0.28166667,0.032,0.067833334,0.08166667,0.23716666,0.09833334,0.23750001,0.15016666,0.223,0.5096667,0.22233333,0.33716667,0.28783333,0.29633334,0.096666664,0.32333332,0.114999995,0.17016667,0.35883334,0.13833334,0.302,0.071333334,0.48533332,0.42866668,0.14216666,0.3005,0.1715,0.11333334,0.39233333,0.18916667,0.039,0.026500002,0.08116667,0.089666665,0.47183335,0.1145,0.0425,0.6395,0.27616668,0.3561667,0.23766667,0.39616668,0.024833333,0.68233335,0.20533334,0.17066666,0.6713333,0.3405,0.13683333,0.5815,0.31783333,0.2435,0.42366666,0.4058333,0.10683333,0.15333334,0.36183333,0.16566665,0.22549999,0.6885,0.20733334,0.25383332,0.32916665,0.17333335,0.1295,0.18233332,0.047333337,0.07833333,0.019000001,0.15516667,0.3525,0.245,0.28566667,0.026166666,0.15883332,0.10366667,0.36166668,0.104,0.181,0.3855,0.19,0.27916667,0.7496667,0.6553333,0.029000001,0.12666667,0.06683333,0.15566666,0.4066667,0.15216666,0.3335,0.13833334,0.0535,0.10683333,0.5706667,0.32450002,0.0815,0.41533333,0.4275,0.14533333,0.5955,0.51491666,0.4295,0.197,0.076000005,0.6981667,0.5595,0.12916666,0.17916667,0.46033335,0.56783336,0.384,0.33616668,0.55483335,0.17583334,0.30483335,0.28866667,0.5363333,0.59333336,0.29766667,0.52416664,0.47149998,0.32599998,0.6358333,0.5301666,0.6163333,0.119666666,0.14816666,0.153,0.11916666,0.223,0.42683333,0.2005,0.30016667,0.5951667,0.038333334,0.20233333,0.75866663,0.438,0.27983335,0.14416666,0.056,0.562,0.032,0.5391666,0.094666675,0.25583333,0.379,0.13733333,0.43683335,0.16883335,0.225,0.15716666,0.51266664,0.023166668,0.39066666,0.1155,0.52425003,0.825,0.4975,0.2685,0.1735,0.34916666,0.5465,0.046833333,0.058333334,0.682,0.23933333,0.20666668,0.19166666,0.8211667
BC2026_Train_0002_S08_20250607_030007_20,0.9525,0.7638333,0.36616668,0.3485,0.72083336,0.284,0.0355,0.08416667,0.30683333,0.369,0.1065,0.311,0.050000004,0.2125,0.11533333,0.079,0.83166665,0.253,0.43616664,0.24533334,0.5086667,0.016666668,0.24066666,0.1885,0.6135,0.65816665,0.17983332,0.5168333,0.5005,0.17433333,0.9861667,0.7651667,0.832,0.32733333,0.91166663,0.71316665,0.4135,0.8861667,0.1365,0.84716666,0.78216666,0.2065,0.9463333,0.77583337,0.78683335,0.7855,0.76666665,0.829,0.825,0.87975,0.9463333,0.94366664,0.94366664,0.09166667,0.91533333,0.16666667,0.433,0.30249998,0.23116668,0.5255,0.030833334,0.50983334,0.52,0.24883333,0.020750001,0.060833335,0.05566667,0.2155,0.112333335,0.37916666,0.21716666,0.27766666,0.5445,0.27516666,0.4185,0.42466664,0.4583333,0.089833334,0.23075,0.06216667,0.10283333,0.5761667,0.2145,0.19716668,0.07633334,0.6105,0.45600003,0.08483333,0.21666667,0.18966666,0.20666668,0.2035,0.12016667,0.058166668,0.017833333,0.08366667,0.15383333,0.46566665,0.097833335,0.045833334,0.5948333,0.39616665,0.32999998,0.20633332,0.35716668,0.026,0.699,0.32299998,0.1895,0.6523334,0.38366666,0.0515,0.35916668,0.36166668,0.46766666,0.47383332,0.39316666,0.13883334,0.20866668,0.33249998,0.28,0.25333333,0.7151667,0.24333332,0.2611667,0.27916667,0.16016667,0.18666667,0.28316668,0.049666665,0.13866667,0.07483333,0.17899999,0.32966667,0.3656667,0.6078333,0.23116666,0.24266668,0.271,0.41450003,0.12366666,0.19016665,0.46166667,0.17883334,0.23833331,0.59749997,0.6113333,0.052500002,0.11483334,0.043166667,0.28550002,0.289,0.15033333,0.26966667,0.08433333,0.061666667,0.25483334,0.57533336,0.38166666,0.0875,0.39816666,0.3175,0.19016667,0.6105,0.5705,0.56016666,0.20783333,0.16299999,0.78033334,0.45833334,0.12033333,0.35883334,0.5685,0.64166665,0.2708333,0.2988333,0.6205,0.387,0.20216666,0.2145,0.43750003,0.6296667,0.36900002,0.54583335,0.5511667,0.43733335,0.6675,0.5606667,0.612,0.11316667,0.26099998,0.10316667,0.12733333,0.27466667,0.428,0.1865,0.3466667,0.6333333,0.06066667,0.24433333,0.7338333,0.7605,0.31133333,0.20666668,0.11533333,0.46950004,0.024500001,0.5428333,0.17616667,0.28933334,0.403,0.13283333,0.25183332,0.35716668,0.246,0.13466668,0.5618333,0.085,0.5843333,0.13116667,0.463,0.84983337,0.38233334,0.27933332,0.3165,0.3415,0.5606667,0.08466666,0.03816667,0.68549997,0.33216667,0.13949999,0.1565,0.806
BC2026_Train_0002_S08_20250607_030007_25,0.95000005,0.77666664,0.324,0.39366665,0.7875,0.25016665,0.044333335,0.177,0.14416666,0.35633332,0.08400001,0.2535,0.08216667,0.20000002,0.0835,0.07783333,0.7895,0.25166667,0.47416666,0.41,0.49983335,0.020833334,0.3765,0.33283335,0.48733336,0.54808336,0.2,0.50016665,0.48133332,0.14783333,0.98366666,0.74399996,0.8391667,0.39733332,0.9071667,0.70133334,0.37066668,0.9068333,0.20400001,0.8653333,0.8,0.28183335,0.9648334,0.7733333,0.7901667,0.7928333,0.7916667,0.84183335,0.83483326,0.898,0.96216667,0.96216667,0.96216667,0.12583333,0.9095,0.17916666,0.43933332,0.33316666,0.32500002,0.72583336,0.057499997,0.36133334,0.4975,0.19933333,0.025166668,0.10033333,0.13416666,0.27883333,0.0715,0.26383334,0.15033333,0.2475,0.51850003,0.30566666,0.3536667,0.3755,0.44300002,0.035666667,0.1825,0.19016667,0.049833335,0.33533335,0.21100001,0.18733335,0.06266667,0.5365,0.48316666,0.0645,0.18483332,0.064166665,0.28333333,0.17116667,0.08433333,0.05466667,0.016666668,0.0975,0.1055,0.48016667,0.0505,0.008333334,0.55216664,0.29116666,0.4806667,0.25133333,0.3165,0.03316667,0.529,0.13166666,0.10666667,0.6088333,0.3155,0.064666666,0.47366667,0.27216667,0.39616665,0.36833334,0.3155,0.15333334,0.16116667,0.3115,0.71566665,0.315,0.66066664,0.1565,0.3541667,0.17483333,0.06333333,0.18833333,0.2915,0.0595,0.055833332,0.004166667,0.18499999,0.21183333,0.19083335,0.6325,0.56366664,0.22833332,0.11483333,0.464,0.089666665,0.15916666,0.22566667,0.17283334,0.47524998,0.449,0.47133332,0.045666665,0.0885,0.045166664,0.1795,0.086833335,0.027166666,0.26416665,0.036000002,0.032333333,0.14166667,0.50983334,0.2823333,0.25733334,0.425,0.18933335,0.15116666,0.5423333,0.4515,0.5786667,0.15716666,0.4575,0.73683333,0.36566666,0.075666666,0.27516666,0.43083334,0.47016668,0.35516664,0.26083332,0.4281667,0.43883336,0.17083333,0.16933334,0.38433334,0.61950004,0.28883332,0.38366666,0.607,0.42900002,0.58433336,0.48783335,0.54083335,0.08383334,0.17016667,0.11916666,0.082333334,0.26066667,0.303,0.06866667,0.13133334,0.60866666,0.020666666,0.2125,0.55550003,0.61833334,0.21849999,0.15433332,0.08516666,0.35950002,0.0315,0.5488334,0.07783333,0.22516666,0.4235,0.16266668,0.22933334,0.29566666,0.27699998,0.13266668,0.47149998,0.1195,0.5291667,0.101500005,0.427,0.7668333,0.2015,0.28000003,0.18349999,0.31683335,0.48266667,0.14916666,0.047166668,0.5485,0.27033332,0.115166664,0.13033333,0.7811667
BC2026_Train_0002_S08_20250607_030007_30,0.9231667,0.7668333,0.32750002,0.3445,0.65833336,0.13233334,0.032,0.019166667,0.090166666,0.31416667,0.08866667,0.25433332,0.10000001,0.14583333,0.0655,0.04766667,0.8063333,0.26983333,0.48933333,0.19116665,0.50416666,0.008333334,0.27466667,0.32533336,0.5918333,0.5666667,0.12766667,0.48466668,0.41616666,0.09600001,0.97066665,0.68366665,0.80616665,0.33166668,0.9295,0.597,0.33816665,0.8666667,0.13933334,0.9091667,0.81616664,0.19133332,0.95449996,0.70650005,0.7403333,0.7443333,0.775,0.8181667,0.81416667,0.86450005,0.95316666,0.95449996,0.95449996,0.10216667,0.93916667,0.1125,0.4385,0.25016665,0.17533334,0.43383336,0.020833334,0.38583332,0.44166666,0.20383333,0.0068333335,0.086,0.07483333,0.2605,0.057833333,0.21583332,0.08516666,0.20466666,0.5135,0.1595,0.33566666,0.28816664,0.34466666,0.0545,0.17333335,0.075666666,0.16366667,0.23383333,0.14616667,0.24383333,0.0475,0.43416664,0.39116666,0.021166667,0.30366665,0.18766665,0.1065,0.36466664,0.08016667,0.0325,0.004166667,0.098000005,0.07441667,0.472,0.12016667,0.04366667,0.54116666,0.23233333,0.36566666,0.22800002,0.35799998,0.023666669,0.56100005,0.19,0.1715,0.64100003,0.43783334,0.10583333,0.43966666,0.2895,0.30833334,0.3975,0.40283334,0.08716667,0.088,0.29749998,0.38599998,0.25616667,0.6345,0.18833333,0.28466666,0.26633334,0.090333335,0.2255,0.218,0.064166665,0.086,0.079166666,0.09266667,0.19825,0.34183332,0.39416668,0.33291668,0.18883333,0.111666664,0.4095,0.07033333,0.21883333,0.26216668,0.24183334,0.22016667,0.5095,0.68233335,0.034833334,0.08883333,0.07033333,0.17983334,0.17383333,0.079166666,0.268,0.097166665,0.061333336,0.08466667,0.53349996,0.325,0.050166667,0.44849998,0.17866667,0.15616666,0.612,0.455,0.45416668,0.14216667,0.12716666,0.7398333,0.45600003,0.1715,0.12116667,0.47033334,0.491,0.25733334,0.44458333,0.4475,0.27766666,0.2025,0.18800001,0.4655,0.5718334,0.202,0.36133334,0.46116668,0.362,0.4581667,0.3771667,0.528,0.12550001,0.15883332,0.22433333,0.064833336,0.2475,0.38633335,0.06533334,0.16733333,0.57233334,0.024000002,0.1305,0.73766667,0.45733333,0.24766666,0.12883332,0.086333334,0.47433338,0.023666669,0.5216667,0.04066667,0.18849999,0.30833334,0.2655,0.2475,0.113333344,0.24083334,0.12216666,0.37449998,0.039833333,0.48966667,0.120000005,0.51166666,0.77216667,0.22749999,0.27916667,0.1625,0.27016667,0.52633333,0.09816667,0.008166667,0.62633336,0.283,0.116166666,0.15283334,0.7555001
BC2026_Train_0002_S08_20250607_030007_35,0.98333335,0.7636666,0.3145,0.13133334,0.55,0.19200002,0.010833334,0.042000003,0.0375,0.21033332,0.048000004,0.2866667,0.007,0.09166667,0.0585,0.068,0.8411666,0.21783334,0.40866667,0.106000006,0.31283334,0.025000002,0.33200002,0.33883333,0.63,0.60733336,0.12866667,0.5233333,0.41266665,0.086333334,0.98450005,0.67583334,0.7906667,0.24150002,0.9306667,0.56733334,0.356,0.883,0.049000002,0.91733336,0.79983336,0.09166667,0.93883336,0.69616663,0.7165,0.7151667,0.75699997,0.80266666,0.8041667,0.86433333,0.93883336,0.93883336,0.93883336,0.048916668,0.92483336,0.0625,0.45383334,0.123166665,0.13433333,0.38000003,0.021000002,0.37933332,0.38466665,0.18666668,0.035,0.057,0.004166667,0.29316667,0.11133334,0.19966665,0.0915,0.15416665,0.3695,0.093166664,0.276,0.3095,0.38950002,0.020583333,0.18566667,0.0855,0.059,0.2825,0.060833335,0.1875,0.012500001,0.37233335,0.22116666,0.09883334,0.10583333,0.10433333,0.11433333,0.1385,0.083333336,0.013833334,0.008333334,0.071333334,0.09166667,0.46466666,0.1075,0.024000002,0.52500004,0.20633334,0.19633333,0.16966666,0.5215833,0.008333334,0.54233336,0.286,0.12483333,0.4585,0.27533334,0.111833334,0.16183333,0.22600001,0.108666666,0.37649998,0.45000002,0.13833334,0.08466667,0.26,0.30583334,0.139,0.66333336,0.15333334,0.29516667,0.20266667,0.111666664,0.0875,0.0925,0.060333334,0.126,0.10433333,0.13716666,0.241,0.17099999,0.3185,0.2975,0.13383333,0.046,0.25916666,0.037499998,0.11833333,0.20899999,0.093333334,0.17666666,0.5978334,0.45450002,0.007,0.0675,0.042166665,0.22099999,0.18383333,0.012666668,0.20766667,0.03666667,0.020833334,0.1245,0.4238333,0.47866666,0.056166667,0.39633334,0.19933334,0.15466668,0.46183336,0.5,0.431,0.121,0.043500002,0.6235,0.23483334,0.061333336,0.18933335,0.38516667,0.48233333,0.287,0.45466667,0.46550003,0.11033333,0.23425,0.24483332,0.32833332,0.5031667,0.241,0.48100004,0.446,0.2725,0.5173333,0.34283334,0.4281667,0.09566666,0.12216667,0.0465,0.054833334,0.09383333,0.16758333,0.101,0.08666667,0.532,0.04216667,0.16183333,0.49049997,0.4498333,0.17416666,0.0585,0.0175,0.4125,0.007,0.53733337,0.011,0.22483334,0.28216666,0.15316667,0.46233335,0.08133334,0.18466666,0.0545,0.39749998,0.0335,0.3785,0.07216667,0.358,0.7741667,0.35333332,0.1905,0.21333334,0.19916667,0.3245,0.057,0.007,0.5606667,0.27666667,0.04,0.096499994,0.7410833
BC2026_Train_0002_S08_20250607_030007_40,0.9648333,0.9075,0.80083334,0.16049999,0.5125,0.18733333,0.049833335,0.091000006,0.12233333,0.27583334,0.08566667,0.7316667,0.021000002,0.35416666,0.078,0.09166667,0.78866667,0.36699998,0.402,0.30733332,0.24183334,0.038833335,0.37649998,0.24766667,0.64000005,0.5943333,0.22583333,0.6415,0.61766666,0.119666666,0.992,0.75399995,0.8255,0.717,0.9543333,0.77666664,0.37433332,0.926,0.121,0.9378333,0.83000004,0.16666667,0.95900005,0.75116664,0.7485,0.75116664,0.782,0.83883333,0.8471667,0.8991667,0.95900005,0.95900005,0.95900005,0.10233334,0.95000005,0.075,0.51283336,0.09883333,0.3485,0.46116668,0.07283334,0.3495,0.33716667,0.24116668,0.0585,0.08716667,0.016833333,0.37366664,0.10183333,0.23816666,0.08133334,0.26016665,0.35566667,0.148,0.74866664,0.31233335,0.31816667,0.047166668,0.2405,0.094166666,0.17549999,0.42066664,0.14716667,0.0675,0.13266666,0.39933336,0.47433338,0.057499997,0.1275,0.21216668,0.39600003,0.3008333,0.08216667,0.05216667,0.022166668,0.050333336,0.076000005,0.5218333,0.015500001,0.022333335,0.543,0.24466667,0.27316666,0.1795,0.45266664,0.010833334,0.6105,0.21333335,0.11583333,0.45033333,0.34566665,0.082,0.26933336,0.22133334,0.13183333,0.3265,0.46666667,0.12516665,0.072333336,0.16499999,0.3995,0.2525,0.5445,0.075833336,0.5235,0.15033333,0.09066667,0.111499995,0.123,0.045500003,0.475,0.119666666,0.215,0.38,0.23266666,0.25666666,0.54833335,0.13133334,0.08216667,0.29166666,0.04433333,0.1425,0.20733334,0.1065,0.20666668,0.4321667,0.50483334,0.0055,0.119500004,0.027,0.21183333,0.219,0.14983334,0.25800002,0.0465,0.027833335,0.125,0.4405,0.43316668,0.19299999,0.42400002,0.19216666,0.17833334,0.63750005,0.5441667,0.5886667,0.15866667,0.08116667,0.6526667,0.30633333,0.059333332,0.18016668,0.42616668,0.5315,0.27233332,0.3485,0.3976667,0.17766666,0.24016668,0.312,0.3655,0.5441667,0.273,0.45350003,0.369,0.23733333,0.55516666,0.4641667,0.49199998,0.1485,0.11316667,0.13266666,0.10683333,0.09383333,0.2751667,0.08216667,0.265,0.537,0.0175,0.17083333,0.5701667,0.44066665,0.23783334,0.1675,0.055,0.40283334,0.0055,0.57316667,0.019333335,0.206,0.32266667,0.34216666,0.29216668,0.05333334,0.18149999,0.073,0.388,0.04066667,0.43933332,0.123,0.39183334,0.7873333,0.16499999,0.11133333,0.22566667,0.26650003,0.34666666,0.11133334,0.02666667,0.53866667,0.2365,0.047333337,0.14299999,0.748
BC2026_Train_0002_S08_20250607_030007_45,0.98300004,0.9393333,0.9903333,0.24466667,0.65,0.31166667,0.071833335,0.16116667,0.13416667,0.35916668,0.04916667,0.9740833,0.09,0.7375,0.13083333,0.09866667,0.8013333,0.8398333,0.39166665,0.46783334,0.29666665,0.08666667,0.43166667,0.38066664,0.67349994,0.676,0.27466667,0.801,0.83166665,0.31616667,0.9931667,0.823,0.84599996,0.95833325,0.9755,0.96250004,0.43183333,0.9303334,0.177,0.9486667,0.82316667,0.232,0.9773333,0.8096667,0.7705,0.7665,0.79316664,0.85,0.854,0.91749996,0.9773333,0.9773333,0.9773333,0.1355,0.9455,0.125,0.48000002,0.125,0.911,0.7066667,0.054333333,0.47816667,0.45566666,0.2916667,0.131,0.10933334,0.060333334,0.65783334,0.129,0.504,0.16633333,0.23650001,0.46683332,0.23499998,0.99016666,0.38766664,0.29966667,0.04816667,0.25633335,0.0645,0.12416667,0.324,0.18933335,0.17983332,0.040666666,0.38883334,0.5031667,0.06866667,0.1855,0.074,0.28183332,0.7046666,0.048666667,0.020166665,0.056333333,0.020166665,0.14133334,0.491,0.1365,0.043333337,0.6228333,0.30416667,0.29016668,0.28183332,0.60116667,0.051,0.6305,0.16583332,0.136,0.52033335,0.28183332,0.11683334,0.35833332,0.28816667,0.1495,0.3855,0.54833335,0.1315,0.14050001,0.27899998,0.5308333,0.28983334,0.7075,0.09516667,0.783,0.17016667,0.20183334,0.1875,0.25366667,0.104,0.8456667,0.07433333,0.06983333,0.2485,0.12583333,0.39249998,0.5143333,0.18916667,0.056833334,0.38366666,0.0815,0.12916666,0.31366667,0.16266668,0.65033334,0.34883332,0.4575,0.021833334,0.06966667,0.083,0.25183335,0.2235,0.09066667,0.35450003,0.145,0.0515,0.19666666,0.4761667,0.38083333,0.07666667,0.39733335,0.174,0.16483334,0.6041666,0.50333333,0.5133333,0.17266667,0.057166666,0.5916667,0.3635,0.15133333,0.25433332,0.46383333,0.5248333,0.24725,0.41966665,0.41866666,0.24499999,0.145,0.5671667,0.40716666,0.5571667,0.29066667,0.61800003,0.38383335,0.26983333,0.63,0.40533334,0.50308335,0.23733334,0.1285,0.15466668,0.19,0.18316667,0.27866668,0.16600001,0.23449999,0.5811667,0.08033334,0.14750001,0.6586667,0.5833333,0.2045,0.0815,0.08016667,0.41550002,0.048666667,0.6433333,0.045666665,0.225,0.353,0.18616666,0.46100003,0.17266667,0.24266666,0.09933333,0.36450002,0.026333334,0.3595,0.06916667,0.44583333,0.8508333,0.3,0.13016666,0.2465,0.22099999,0.37883335,0.057666663,0.030333335,0.45,0.247,0.034833334,0.15116666,0.82016665
BC2026_Train_0002_S08_20250607_030007_50,0.9623333,0.90199995,0.7948333,0.30133334,0.6125,0.27066666,0.0535,0.1145,0.12116666,0.33983332,0.035166666,0.7851666,0.0955,0.64166665,0.15583333,0.09716667,0.79749995,0.5938333,0.577,0.36400002,0.32266667,0.07433333,0.5671667,0.40033334,0.68233335,0.70233333,0.25366667,0.643,0.606,0.15366668,0.97083336,0.80466664,0.839,0.7008334,0.9416667,0.81333333,0.47933334,0.89599997,0.18683332,0.931,0.7823333,0.26366666,0.97583336,0.794,0.752,0.7546667,0.7738333,0.843,0.8416667,0.89100003,0.97716665,0.97583336,0.97583336,0.13216667,0.9291667,0.14583333,0.45616668,0.1895,0.39783332,0.5273333,0.09566667,0.45083332,0.45083332,0.2825,0.1105,0.09966667,0.21283333,0.4073333,0.1135,0.3265,0.19600001,0.289,0.5055,0.2085,0.7531666,0.5173333,0.4065,0.10433334,0.3245,0.21000001,0.15983334,0.36416668,0.12550001,0.41083336,0.14983334,0.54325,0.64066666,0.102,0.30933332,0.21383335,0.39666665,0.39483336,0.16816667,0.09816667,0.089499995,0.05666667,0.12566666,0.51883334,0.097666666,0.126,0.7,0.33433333,0.39766666,0.20358333,0.4396667,0.057500005,0.74549997,0.2755,0.13816667,0.68149996,0.35583335,0.14433333,0.49033332,0.30916667,0.21266666,0.481,0.42516667,0.2285,0.16066667,0.26783332,0.5285,0.25933334,0.7811667,0.079500005,0.51566666,0.23483333,0.29799998,0.18683332,0.25066668,0.12633333,0.48483333,0.0435,0.16166666,0.28966665,0.3195,0.3586667,0.43083334,0.22683333,0.115,0.38983333,0.1715,0.31883335,0.33816665,0.16666667,0.27433333,0.53,0.5183333,0.060833335,0.23183334,0.10016666,0.09133333,0.35833332,0.1855,0.45383334,0.156,0.07966667,0.29783332,0.6088334,0.54333335,0.15433332,0.5,0.24416667,0.296,0.6636667,0.49816668,0.5783333,0.2355,0.0775,0.70916665,0.523,0.30083334,0.15100001,0.51100004,0.63783336,0.30233335,0.413,0.44550002,0.16533333,0.234,0.44550002,0.45966667,0.64016664,0.2885,0.6075,0.42716664,0.35750002,0.8245,0.5021666,0.57166666,0.19816667,0.182,0.1555,0.18383333,0.1945,0.49816665,0.207,0.204,0.6655,0.064333335,0.2845,0.70500004,0.64283335,0.23799999,0.195,0.09116667,0.49199998,0.041166667,0.58633333,0.06683333,0.34133333,0.48566663,0.2415,0.59433335,0.2105,0.25233334,0.17066666,0.59150004,0.041333333,0.387,0.133,0.57100004,0.9348333,0.5395,0.20099999,0.36266667,0.32516667,0.51633334,0.1125,0.031333335,0.5768333,0.34866667,0.11016667,0.1705,0.9038334
BC2026_Train_0002_S08_20250607_030007_55,0.9353334,0.7805,0.3685,0.26266667,0.6041667,0.23750001,0.028333334,0.065,0.0425,0.35033333,0.0475,0.32616666,0.119666666,0.55833334,0.1265,0.08483333,0.8755,0.21200001,0.5226667,0.224,0.52099997,0.029166667,0.43166667,0.13883333,0.67399997,0.7151667,0.2575,0.4961667,0.48883334,0.08916667,0.986,0.746,0.80183333,0.29633334,0.92350006,0.6741667,0.4353333,0.893,0.086166665,0.90183336,0.7686666,0.15349999,0.9486667,0.74050003,0.7305,0.72775,0.7748333,0.80700004,0.8305,0.87133336,0.9486667,0.9486667,0.9486667,0.07216667,0.9316667,0.12083333,0.42299998,0.23083332,0.19299999,0.313,0.011166668,0.41533333,0.46183333,0.21616668,0.029000001,0.07333334,0.0625,0.28599998,0.11649999,0.20050001,0.23283333,0.17750001,0.49650002,0.19866668,0.34866667,0.37266666,0.45883334,0.07466667,0.34350002,0.031333335,0.054833334,0.4885,0.10800001,0.3725,0.08583333,0.455,0.39216667,0.12616667,0.35066667,0.1825,0.13466668,0.301,0.14966667,0.034166668,0.048,0.0325,0.094,0.47283334,0.11283333,0.10416667,0.6655,0.194,0.30283335,0.24033335,0.38616666,0.052500002,0.7,0.337,0.199,0.7315,0.40783334,0.21983333,0.5581666,0.40850002,0.324,0.44166666,0.39,0.141,0.13433333,0.22816667,0.30633333,0.37683332,0.75600004,0.10283333,0.23383334,0.20233333,0.20866667,0.17433333,0.38983333,0.0845,0.13683334,0.08483333,0.054166667,0.30508333,0.19033334,0.40366668,0.199,0.18566667,0.10683333,0.31933334,0.13883333,0.25683334,0.5801667,0.12566666,0.263,0.4091667,0.51100004,0.026,0.14433333,0.08466667,0.094333336,0.222,0.24249999,0.2155,0.120000005,0.059333332,0.15933333,0.53933334,0.431,0.103,0.42033333,0.21416667,0.15233333,0.6663333,0.70750004,0.51416665,0.19266668,0.10666667,0.74366665,0.3775,0.22866666,0.21100001,0.518,0.65416664,0.24416667,0.3165,0.54616666,0.208,0.17466667,0.30033332,0.43799996,0.76266664,0.33200002,0.6051667,0.39283332,0.47483334,0.7733334,0.54583335,0.575,0.13483334,0.47733334,0.14033334,0.0905,0.22183335,0.3675,0.1295,0.14783333,0.672,0.0545,0.24000001,0.77049994,0.5996667,0.1945,0.1765,0.06516667,0.53833336,0.040333334,0.605,0.041166667,0.31966665,0.42033333,0.21183333,0.27066666,0.2005,0.25216666,0.17083333,0.6303333,0.024666667,0.41383332,0.064333335,0.517,0.92716664,0.36683333,0.162,0.30066666,0.3555,0.50625,0.09883333,0.068333335,0.62166667,0.26700002,0.110249996,0.28650004,0.9195
BC2026_Train_0002_S08_20250607_030007_60,0.97183335,0.75416666,0.49733332,0.3983333,0.73333335,0.2145,0.075666666,0.12133334,0.096499994,0.35733336,0.08016667,0.44983333,0.22049999,0.8083334,0.25433332,0.081499994,0.9166666,0.243,0.5725,0.50866663,0.6815,0.061,0.4848333,0.43116668,0.66083336,0.5376667,0.30650002,0.661,0.5606667,0.243,0.9745,0.82883334,0.8043333,0.32666665,0.91233337,0.7461667,0.41283336,0.8005,0.17783333,0.88783336,0.73333335,0.2595,0.91883326,0.80883336,0.69883335,0.6921667,0.7555,0.7801666,0.77349997,0.8408333,0.91883326,0.91883326,0.91883326,0.1125,0.92050004,0.2125,0.485,0.38300002,0.373,0.30383334,0.1265,0.5068333,0.66400003,0.25016665,0.06283333,0.09366667,0.13066667,0.38349998,0.08916667,0.24333332,0.45099998,0.23566666,0.49666664,0.20116666,0.52250004,0.35983333,0.84250003,0.09033333,0.28983334,0.043833334,0.15849999,0.57566667,0.09183334,0.44416666,0.022833332,0.3705,0.61333334,0.35316667,0.10233334,0.20716667,0.17383333,0.26166666,0.20883334,0.059333332,0.10433334,0.14433333,0.112,0.41483337,0.2755,0.029833334,0.6128334,0.15566666,0.21816666,0.33233333,0.43366665,0.1025,0.7126667,0.6968334,0.19133334,0.6218333,0.34566665,0.19366667,0.36583334,0.4425,0.5466666,0.50166667,0.61,0.131,0.2075,0.19766666,0.31983334,0.24216667,0.77816665,0.095,0.29783332,0.135,0.35666668,0.137,0.65199995,0.06916667,0.12716666,0.21733333,0.050833333,0.30449998,0.39066666,0.71066666,0.15316665,0.15149999,0.18875,0.3915,0.21849999,0.20916668,0.755,0.28933334,0.17066666,0.6548333,0.43175,0.035833336,0.082499996,0.23233333,0.16716667,0.338,0.18775,0.43333334,0.16516668,0.05866667,0.238,0.6585,0.31333333,0.07333333,0.38933334,0.17249998,0.16566667,0.5321667,0.9503333,0.40766668,0.18583333,0.13800001,0.748,0.2845,0.17483333,0.27933335,0.45333335,0.58199996,0.20825,0.46999997,0.7188333,0.19333334,0.22008334,0.19,0.36233333,0.9823333,0.329,0.54233336,0.295,0.42049998,0.7378333,0.44616663,0.5286667,0.2005,0.7303333,0.0775,0.10933334,0.064833336,0.29416668,0.09866667,0.23949999,0.6081667,0.15033333,0.21533334,0.5758333,0.6716667,0.204,0.082333334,0.093,0.59866667,0.030000001,0.5198333,0.0985,0.29016668,0.35116667,0.10016666,0.3063333,0.35133332,0.3665,0.12716666,0.52133334,0.094166666,0.43716666,0.1205,0.48783332,0.86066663,0.16549999,0.13483334,0.15916666,0.26666668,0.5015,0.22183333,0.06866667,0.57350004,0.26666668,0.0635,0.19633333,0.94266665
BC2026_Train_0003_S08_20250607_070007_5,0.9468334,0.89849997,0.84450006,0.026833335,0.029166667,0.639,0.107833326,0.15816668,0.16116667,0.034833334,0.266,0.284,0.031000001,0.125,0.621,0.17166667,0.5344167,0.3115,0.3805,0.7966667,0.082833335,0.17166667,0.38083336,0.037499998,0.48933333,0.0835,0.288,0.019333335,0.43333334,0.27383333,0.5015,0.31983334,0.8826667,0.128,0.50383335,0.31733334,0.60216665,0.9915,0.436,0.7461667,0.9915,0.45416668,0.42633334,0.3345,0.86233336,0.86233336,0.9915,0.9075,0.965,0.9971667,0.5161667,0.4865,0.49866664,0.21883333,0.8915,0.9613333,0.13233334,0.043833334,0.8271667,0.20816667,0.08816667,0.42533335,0.021499999,0.20466667,0.053833336,0.12916666,0.5735,0.58066666,0.9958334,0.5776667,0.21366666,0.39516667,0.25633332,0.22633334,0.45983335,0.14400001,0.58633333,0.46533334,0.055166665,0.72833335,0.54366666,0.3855,0.52783334,0.057833333,0.644,0.23616669,0.0055,0.11733334,0.058000002,0.236,0.14299999,0.38466665,0.25183335,0.49799997,0.54966664,0.8811667,0.4215,0.9763334,0.18766665,0.26016667,0.591,0.36916667,0.75083333,0.041,0.1305,0.35133332,0.028166668,0.346,0.28866667,0.2915,0.17316666,0.035166666,0.024000002,0.28533334,0.34066665,0.48216668,0.22516668,0.5031667,0.17983332,0.4375,0.98766667,0.488,0.2801667,0.4925,0.688,0.34916666,0.3681667,0.40316668,0.219,0.29216665,0.7503333,0.20591667,0.55983335,0.50916666,0.31083333,0.51383334,0.448,0.041,0.1655,0.049333334,0.015333334,0.8711667,0.44083333,0.38133335,0.13883334,0.036166664,0.2755,0.37166667,0.44283333,0.3585,0.31116664,0.16083333,0.31383333,0.0135,0.968,0.015333334,0.44941667,0.30150002,0.19183333,0.36483333,0.6805,0.018166667,0.44666666,0.06933334,0.51383334,0.16666667,0.44,0.33266667,0.1725,0.4026667,0.3035,0.44016665,0.30216667,0.32716665,0.802,0.7718333,0.3645,0.10166667,0.17266667,0.99733335,0.21933332,0.12033333,0.039833333,0.415,0.70916665,0.22150001,0.07783333,0.2685,0.059166666,0.12033334,0.25583336,0.755,0.023833334,0.3845,0.2985,0.27966666,0.30633333,0.27183333,0.115166664,0.48550004,0.19116667,0.0325,0.13416667,0.06333333,0.38050002,0.266,0.24383333,0.98800004,0.26483333,0.2365,0.30133334,0.050666668,0.29533333,0.015500001,0.08883333,0.0665,0.38900003,0.77933335,0.1755,0.7175,0.34283334,0.043833334,0.16283333,0.198,0.13166666,0.715,0.06216667,0.40683335,0.45316666,0.33133334,0.48916668,0.41550002,0.24833333,0.009500001
BC2026_Train_0003_S08_20250607_070007_10,0.91083336,0.893,0.79866666,0.0365,0.012500001,0.7945,0.30283335,0.44383335,0.37583333,0.17466667,0.5316667,0.30333334,0.07616667,0.15416667,0.7071667,0.12983334,0.2275,0.36033335,0.26966667,0.7925,0.059000004,0.1515,0.33683333,0.038999997,0.4618333,0.5205,0.16633333,0.05366667,0.54816663,0.28733334,0.53675,0.3645,0.95000005,0.16333333,0.56450003,0.39166668,0.626,0.9816667,0.59783334,0.87399995,0.99866664,0.56733334,0.40683335,0.41016665,0.8666667,0.8666667,0.9958334,0.94416666,0.99300003,0.98450005,0.47133335,0.46316665,0.46983334,0.33516666,0.8846666,0.8641667,0.152,0.033833332,0.26933333,0.16133334,0.026833333,0.4263333,0.08166667,0.17333335,0.064666666,0.17933334,0.7311667,0.6135,0.91983336,0.77458334,0.21350001,0.35399997,0.37800002,0.33866668,0.54083335,0.24783334,0.42183334,0.45816666,0.33216667,0.921,0.61216664,0.55541664,0.58383334,0.12883332,0.7468333,0.6586667,0.009833334,0.28,0.13433333,0.33033332,0.048000004,0.13633333,0.53433335,0.7423333,0.37666667,0.3875,0.71683335,0.9958334,0.19483334,0.579,0.53816664,0.5945,0.5283333,0.0405,0.10183333,0.7301667,0.041,0.3906667,0.402,0.30716667,0.22933334,0.25466666,0.03666667,0.34366667,0.36316666,0.46216667,0.34683335,0.6613333,0.26049998,0.41399997,0.9613333,0.40033334,0.23933333,0.479,0.42566666,0.45766667,0.64166665,0.3215,0.218,0.42733333,0.62366664,0.25966668,0.73,0.82850003,0.673,0.35066667,0.71216667,0.0565,0.30400002,0.283,0.13733333,0.76016665,0.3395,0.23133333,0.36083335,0.09616666,0.34083337,0.5486667,0.7646666,0.77683336,0.47783333,0.06533334,0.3265,0.0195,0.918,0.018333334,0.46983334,0.36933336,0.23983335,0.654,0.57483333,0.24733333,0.7825,0.16133334,0.572,0.11833333,0.5996667,0.20950001,0.1355,0.6091667,0.6033333,0.46766666,0.44466665,0.44466665,0.7571666,0.498,0.28466666,0.02666667,0.07433333,0.978,0.38516667,0.129,0.036166668,0.31399998,0.48566666,0.20099999,0.24466667,0.37150002,0.048000004,0.15283333,0.33733335,0.98466665,0.15933333,0.5128333,0.26766667,0.24116668,0.44383335,0.313,0.134,0.9291667,0.29166666,0.30983332,0.19749999,0.36366665,0.27166668,0.3946667,0.263,0.69166666,0.27466667,0.26049998,0.24383335,0.016166667,0.33983335,0.008333334,0.105000004,0.019666668,0.4005,0.67550004,0.086166665,0.6433333,0.30408332,0.03666667,0.48683336,0.36933336,0.16600001,0.68583333,0.07783333,0.30416667,0.6113333,0.40000004,0.7008333,0.56,0.38083336,0.036333334
BC2026_Train_0003_S08_20250607_070007_15,0.916,0.8255,0.8381667,0.015333334,0.075,0.95566666,0.25566667,0.5793333,0.5383333,0.31766668,0.56733334,0.44950002,0.15066667,0.7708333,0.9916667,0.19616666,0.31683332,0.51666665,0.429,0.9083333,0.28966665,0.2035,0.6645,0.074999996,0.4421667,0.6815,0.31833333,0.0785,0.5781666,0.388,0.5441667,0.4,0.91199994,0.19583334,0.6468333,0.399,0.6256666,0.97183335,0.6331667,0.89966667,0.972,0.65066665,0.46800002,0.42933333,0.85983336,0.85983336,0.97066665,0.9065,0.98300004,0.9775,0.54700005,0.5133334,0.54716665,0.35716665,0.8735,0.9655,0.12516667,0.060166664,0.40816668,0.18466666,0.1845,0.5375,0.058166668,0.19283333,0.086166665,0.27233332,0.8093333,0.6703334,0.9315,0.85933334,0.324,0.5021667,0.3121667,0.526,0.657,0.08183333,0.40416667,0.51283336,0.11208333,0.8998333,0.68866664,0.6985,0.7576667,0.050833333,0.91050005,0.9,0.0123333335,0.3728333,0.093166664,0.48983333,0.3525,0.08933334,0.6505,0.7548333,0.6831667,0.7748333,0.9028333,0.986,0.475,0.7658334,0.50016665,0.7938334,0.63766664,0.2125,0.0985,0.8293333,0.023333333,0.48666665,0.59433335,0.13833334,0.2245,0.18316667,0.009666667,0.27516666,0.4116667,0.501,0.4285,0.85466665,0.3955,0.5963333,0.93766665,0.42333335,0.17666666,0.5828333,0.6203333,0.5556666,0.73333335,0.328,0.13516666,0.45333335,0.75049996,0.39083335,0.6191667,0.92766666,0.69,0.45333332,0.94200003,0.042000003,0.28516668,0.55583334,0.20950001,0.8086667,0.43883333,0.20616667,0.46150002,0.0955,0.24683334,0.839,0.79516673,0.968,0.56049997,0.32383335,0.47233334,0.0165,0.9061667,0.008166667,0.31383333,0.35750002,0.4385,0.814,0.591,0.17516667,0.88166666,0.22183333,0.5425,0.32966664,0.727,0.48783335,0.079500005,0.638,0.8815,0.68883336,0.2725,0.27033335,0.8021667,0.345,0.40600002,0.054333333,0.12933333,0.975,0.55766666,0.168,0.16733333,0.3146667,0.6856667,0.3435,0.24666667,0.17050001,0.0275,0.113,0.44050002,1.0,0.31733334,0.52099997,0.19383332,0.38566667,0.43150002,0.25183335,0.090833336,0.99333334,0.12566666,0.32683334,0.34883332,0.38933334,0.25116667,0.5053333,0.5261667,0.47833332,0.38433334,0.37116665,0.082,0.033833332,0.36283335,0.0068333335,0.120000005,0.038000003,0.373,0.445,0.15216666,0.78933334,0.32216668,0.023166668,0.66716665,0.74733335,0.23266667,0.67966664,0.19516668,0.48133332,0.809,0.455,0.8870001,0.4786667,0.54933333,0.015000001
BC2026_Train_0003_S08_20250607_070007_20,0.98800004,0.9455,0.95449996,0.03666667,0.09583333,0.7158333,0.29083332,0.3775,0.34033334,0.09133333,0.31066668,0.64916664,0.026,0.82916665,0.90083337,0.19366667,0.38916668,0.6346667,0.37316668,0.9425,0.118499994,0.22749999,0.5025,0.06716666,0.6676667,0.58250004,0.49133334,0.20966667,0.7801667,0.26099998,0.59125,0.5101667,0.9150001,0.3585,0.72416663,0.51699996,0.57316667,0.9946667,0.64,0.7971667,0.9903333,0.67108333,0.5183333,0.5008334,0.88049996,0.87916666,0.996,0.92466664,0.99450004,0.996,0.5893333,0.57199997,0.5786667,0.46166664,0.88899994,0.6738334,0.16083333,0.208,0.3681667,0.246,0.08,0.45033336,0.13216667,0.2245,0.1205,0.111499995,0.6913333,0.76633334,0.92266667,0.76900005,0.46733332,0.43783334,0.43033335,0.45233333,0.84316665,0.22833334,0.477,0.58683336,0.2435,0.88133335,0.454,0.63383335,0.55083334,0.116333336,0.7624999,0.46833333,0.042,0.4935,0.22266668,0.4795,0.18066667,0.7871667,0.5793333,0.7756667,0.31616667,0.3121667,0.5786667,0.96533334,0.78583336,0.7838333,0.46283334,0.60899997,0.83950007,0.119333334,0.15733334,0.614,0.13583332,0.45949998,0.56299996,0.21766667,0.64066666,0.18183333,0.37883335,0.36216667,0.378,0.65683335,0.18833333,0.6955,0.24716666,0.768,0.9778334,0.5491667,0.38966668,0.6755,0.60333335,0.6495,0.51666665,0.5006667,0.27125,0.5801667,0.88400006,0.58199996,0.606,0.87216663,0.4145,0.42283332,0.93416667,0.032166667,0.27433333,0.21083333,0.13833334,0.852,0.5385,0.4061667,0.34499997,0.1595,0.28333333,0.52666664,0.65216666,0.80183333,0.5186667,0.5273333,0.48983333,0.103,0.9831667,0.123333335,0.42599997,0.58016664,0.3955,0.6645,0.6325,0.123166665,0.69200003,0.24650002,0.6051666,0.35799998,0.5745,0.4545,0.20166667,0.40183333,0.5108333,0.7995,0.4351667,0.42416668,0.76933336,0.6458334,0.35416666,0.08716667,0.27416664,0.94883335,0.38983333,0.23383333,0.17183334,0.585,0.8286667,0.50633335,0.1695,0.4885,0.11400001,0.12266667,0.47433332,0.90966666,0.23633334,0.63166666,0.47633335,0.5276667,0.54033333,0.29116666,0.07833333,0.88933337,0.20800002,0.17050001,0.61366665,0.18616666,0.36416668,0.5043334,0.5425,0.9561667,0.349,0.6936667,0.44416666,0.29666668,0.8603334,0.052666668,0.07083333,0.028,0.46833333,0.282,0.14016667,0.7325,0.5121667,0.030000001,0.3843333,0.43916667,0.32366666,0.61983335,0.108333334,0.33233333,0.79950005,0.57416666,0.7036667,0.6038333,0.40966666,0.034333333
BC2026_Train_0003_S08_20250607_070007_25,0.99050003,0.9778334,0.99866664,0.075666666,0.35,0.8,0.40433332,0.35566667,0.4285,0.16116667,0.38166666,0.9565,0.19433334,0.91550004,0.9875,0.33633333,0.61483335,0.63633335,0.29633334,0.88600004,0.38466668,0.2465,0.44483337,0.18283333,0.66583335,0.201,0.5321667,0.69166666,0.99016666,0.20416667,0.595,0.7353333,0.887,0.7016667,0.876,0.78966665,0.55266666,0.9693333,0.67149997,0.7453334,0.9791667,0.6851667,0.60866666,0.7083334,0.8915,0.8915,0.9803334,0.905,0.97083336,0.97766674,0.68483335,0.6728333,0.6688334,0.602,0.8746667,0.6333333,0.27749997,0.32883334,0.6895,0.2145,0.224,0.544,0.25916666,0.37083334,0.19533333,0.229,0.6058333,0.87783337,0.95233333,0.80616665,0.6515,0.67550004,0.62100005,0.85,0.99733335,0.599,0.577,0.9051667,0.27650002,0.8373333,0.5106667,0.7425,0.7076667,0.21333334,0.8196667,0.49566665,0.16566667,0.4518333,0.54716665,0.68333334,0.11133334,0.9051667,0.645,0.92116666,0.5546667,0.28983334,0.75166667,0.936,0.746,0.9433334,0.46083337,0.73083335,0.86116666,0.20733334,0.24983333,0.85450006,0.45316666,0.7748333,0.7128334,0.37383333,0.8908333,0.42333332,0.12666667,0.49049997,0.5086667,0.83916664,0.3586667,0.85183334,0.37733334,0.9528333,0.93416667,0.903,0.57533336,0.78400004,0.748,0.8511667,0.7703333,0.8758333,0.45066667,0.72033334,0.982,0.7431667,0.74633336,0.8563333,0.50416666,0.58566666,0.735,0.068,0.5885,0.06916667,0.37266666,0.9118334,0.72433335,0.5911666,0.40183336,0.41666666,0.32500002,0.8103334,0.60366666,0.9073334,0.6641667,0.65433335,0.67700005,0.14883333,0.95500004,0.35566664,0.778,0.798,0.6076666,0.69766665,0.66216666,0.46883336,0.65250003,0.17433333,0.8655,0.552,0.8255,0.5073333,0.39466667,0.4005,0.6995,0.92433333,0.76,0.16183333,0.7388333,0.928,0.6088334,0.24499999,0.6008333,0.9446667,0.37316668,0.5006667,0.49716666,0.83566666,0.8463334,0.6405,0.50083333,0.45633334,0.2915,0.36183333,0.7556667,0.76116663,0.46000004,0.84983337,0.6303333,0.69516665,0.7443333,0.41649997,0.41333333,0.90849996,0.38916665,0.22433333,0.82500005,0.3085,0.6276667,0.72533333,0.51066667,0.9811667,0.5675,0.78066665,0.6613333,0.5215,0.87899995,0.22183332,0.11366667,0.15216666,0.7676667,0.41349998,0.24066666,0.77133334,0.83500004,0.17366666,0.52266663,0.61800003,0.49666664,0.627,0.325,0.482,0.9471667,0.7266667,0.7701667,0.79399997,0.6568333,0.0935
BC2026_Train_0003_S08_20250607_070007_30,0.96716666,0.9456667,0.96666664,0.125,0.50416666,0.86099994,0.6156666,0.4651667,0.29183334,0.151,0.43816668,0.7193333,0.29250002,0.98333335,1.0,0.5096666,0.7176666,0.7205,0.42316666,0.93733335,0.54466665,0.30966666,0.6635,0.23533334,0.7428333,0.57816666,0.5136667,0.449,0.9578333,0.16533333,0.6421667,0.6763333,0.87166667,0.6288333,0.7823334,0.72333336,0.6173333,0.978,0.6395,0.7826667,0.9736667,0.6438333,0.6278333,0.647,0.89316666,0.89316666,0.962,0.8771666,0.9611666,0.97933334,0.7176667,0.707,0.6948333,0.56833327,0.8738333,0.89849997,0.33866668,0.21566667,0.7506667,0.519,0.37066668,0.74866664,0.5826667,0.47649997,0.25466666,0.29416665,0.70299995,0.8666667,0.96633327,0.8491667,0.6865,0.72966665,0.7645,0.975,0.9681667,0.83666664,0.60316664,0.9918333,0.31883335,0.8875,0.6368333,0.71683335,0.92583334,0.12983334,0.781,0.47150004,0.34583336,0.39499998,0.5173334,0.8243333,0.19166666,0.6733333,0.73866665,0.9686667,0.45166665,0.54324996,0.9245,0.9233333,0.96099997,0.94949996,0.51283336,0.816,0.86983335,0.13916667,0.27433333,0.9466667,0.51383334,0.9216667,0.71833336,0.49699998,0.79649997,0.8066667,0.28683335,0.56949997,0.7416667,0.76850003,0.5985,0.8983333,0.71133333,0.98066664,0.9278334,1.0,0.5988333,0.79499996,0.58150005,0.88,0.95316666,0.95800006,0.45516667,0.8765,0.9698334,0.8673333,0.7778333,0.87866664,0.4655,0.84033334,0.6455,0.0935,0.8588333,0.14633332,0.45983332,0.9558333,0.90083337,0.8025,0.3335,0.39966667,0.29716668,0.96416664,0.7705,0.9096667,0.77633333,0.7406666,0.73333335,0.46783334,0.9731667,0.45516667,0.9061667,0.7811667,0.71349996,0.77033335,0.7866667,0.5896667,0.7901667,0.32766664,0.95350003,0.5021666,0.90433335,0.6405,0.5665,0.313,0.9171667,0.97900003,0.67683333,0.22066668,0.8093333,0.6536667,0.75450003,0.21683332,0.6498333,0.9405,0.3784167,0.65250003,0.47883332,0.7503333,0.93916667,0.7346667,0.6321667,0.44983333,0.15716666,0.46933335,0.9431666,0.734,0.8166666,0.9386667,0.703,0.8005,0.8216667,0.37416667,0.48533332,0.9136667,0.28383332,0.16033334,0.82449996,0.31783333,0.80333334,0.73749995,0.5861667,0.98083335,0.68666667,0.65783334,0.68483335,0.47149998,0.90466666,0.32783335,0.167,0.26966667,0.977,0.4723333,0.21000001,0.7685,0.9713333,0.27283335,0.27866668,0.6853333,0.61,0.69283336,0.27033335,0.56533337,0.99733335,0.77250004,0.87766665,0.8258333,0.71500003,0.18683334
BC2026_Train_0003_S08_20250607_070007_35,0.9688333,0.9266667,0.8481667,0.07716667,0.22083333,0.9651667,0.28933334,0.1895,0.26,0.123166665,0.324,0.6596667,0.1055,0.975,0.96833336,0.3535,0.5606667,0.6915,0.4581667,0.9778334,0.188,0.22833332,0.22299999,0.13516666,0.5605,0.15816668,0.28416666,0.43483335,0.8213333,0.040833335,0.67483336,0.5808333,0.93050003,0.5093334,0.5835,0.69483334,0.6268333,0.9903333,0.739,0.84683335,0.99450004,0.75283337,0.58,0.55216664,0.88199997,0.8833333,0.9863334,0.929,0.98083335,0.98766667,0.6536666,0.65099996,0.63366663,0.6455,0.86366665,0.76,0.27166665,0.08066667,0.607,0.41233334,0.11366667,0.43783334,0.35399997,0.33916667,0.18483332,0.17966667,0.86916673,0.8826667,0.89516664,0.7765,0.4836667,0.56958336,0.6893333,0.7,0.76850003,0.57566667,0.47349998,0.83766663,0.5155,0.98766667,0.461,0.66866666,0.7001667,0.11049999,0.8585,0.2435,0.13716666,0.3815,0.5208333,0.6791667,0.31616667,0.33116665,0.36983335,0.8028333,0.31333333,0.22183333,0.71716666,0.9751667,0.89666665,0.7873333,0.52033335,0.55583334,0.7686666,0.129,0.24433333,0.85933334,0.44099998,0.63033336,0.53983337,0.41216668,0.67083335,0.686,0.17866667,0.60283333,0.5196667,0.64100003,0.33966666,0.7661667,0.56083333,0.95299995,0.93883336,0.97533333,0.5186666,0.5783333,0.7475,0.73683333,0.88533336,0.883,0.5643334,0.96533334,0.7523333,0.5115,0.76383334,0.8768333,0.35433334,0.5633333,0.60766673,0.021666668,0.5541667,0.37233332,0.16583332,0.9076667,0.82750005,0.445,0.1385,0.3064167,0.34333333,0.71349996,0.55233335,0.7338333,0.633,0.6353333,0.43916667,0.3943333,0.90466666,0.15833333,0.65349996,0.48150003,0.56983334,0.4583333,0.6483333,0.59683335,0.7738334,0.14416666,0.8906667,0.3395,0.876,0.304,0.431,0.22816667,0.7198333,0.8915,0.6968334,0.48233333,0.8185,0.747,0.53933334,0.15916666,0.37849998,0.9456667,0.347,0.3865,0.35016668,0.4585,0.8455,0.526,0.46966666,0.57916665,0.23066668,0.58241665,0.98066664,0.5836667,0.47000003,0.93149996,0.49650002,0.64016664,0.71283334,0.31166667,0.2965,0.7835,0.69083333,0.13283333,0.6508333,0.42183334,0.55983335,0.34149998,0.3445,0.68233335,0.48783332,0.57883334,0.63566667,0.44666666,0.6738334,0.13566667,0.1415,0.5718334,0.7033333,0.26049998,0.15683334,0.5451667,0.8451667,0.14066666,0.40833333,0.43333334,0.3746667,0.6763333,0.13216667,0.41000003,0.87866664,0.51633334,0.8375,0.655,0.4863333,0.08516666
BC2026_Train_0003_S08_20250607_070007_40,0.9743333,0.8523333,0.87266666,0.027833335,0.28333333,0.98866665,0.31116667,0.39908332,0.3335,0.28316668,0.41216668,0.41483337,0.17416666,1.0,0.9958334,0.35833332,0.5743333,0.85766673,0.433,0.9915,0.27533334,0.2615,0.5085,0.1475,0.4821667,0.74633336,0.16366667,0.5698333,0.8626667,0.093833335,0.6836667,0.55833334,0.89383334,0.4185,0.676,0.604,0.6066667,0.9791667,0.72533333,0.8373333,0.97216666,0.71716666,0.51350003,0.545,0.87216663,0.87216663,0.9343333,0.87833333,0.996,0.9636667,0.58466667,0.57116663,0.55483335,0.6218333,0.88783336,0.9418333,0.36733332,0.13816667,0.8096667,0.6771667,0.22533333,0.41950002,0.13566667,0.30866665,0.20116666,0.3415,0.9763334,0.9816667,0.84433335,0.792,0.5751667,0.6486667,0.7886667,0.85216665,0.5948333,0.6056667,0.51316667,0.8298334,0.44449997,1.0,0.6311667,0.7726667,0.65199995,0.25583336,0.9958334,0.16483334,0.119,0.50666666,0.618,0.7443333,0.8870001,0.21433333,0.703,0.626,0.47966665,0.51416665,0.91333336,0.95833325,0.90133333,0.96150005,0.545,0.7348333,0.716,0.13483334,0.19783333,0.9658333,0.2655,0.61983335,0.68883336,0.24083334,0.95000005,0.59716666,0.113,0.34083334,0.5848333,0.76633334,0.30733335,0.7988333,0.39666665,0.96300006,0.97900003,0.838,0.41466665,0.6825,0.91683334,0.921,0.92733335,0.645,0.51916665,0.95233333,0.71266663,0.74083334,0.75033337,0.83383334,0.5725,0.7011666,0.6756667,0.0485,0.45266664,0.20416667,0.425,0.96266663,0.67358327,0.7598333,0.2995,0.46933335,0.4565,0.6641667,0.7163333,0.92466664,0.6941667,0.7833333,0.45066667,0.2035,0.6648333,0.231,0.78466666,0.50233334,0.62416667,0.7073333,0.72249997,0.7513333,0.9483334,0.16733333,0.95683336,0.43616667,0.81583333,0.5235,0.56675,0.35783333,0.7775,0.9325,0.5811667,0.40899998,0.80683327,0.9088333,0.63233334,0.11216667,0.44149998,0.9731667,0.4055,0.3205,0.46833333,0.5336667,0.75266665,0.62549996,0.43366665,0.4745,0.13516666,0.5088333,0.83283335,0.81733334,0.5083333,0.95500004,0.45166665,0.6763333,0.77849996,0.33750004,0.36866665,0.81733334,0.32766664,0.33116665,0.5541667,0.54116666,0.30733335,0.5925,0.7591667,0.39633334,0.48683336,0.86983335,0.5143333,0.58766663,0.6803334,0.14833334,0.1255,0.63483334,0.588,0.32566667,0.20366666,0.66033334,0.6051667,0.18683332,0.45866668,0.5313333,0.5038333,0.62049997,0.17883334,0.55966663,0.9451667,0.6931667,0.9168334,0.69666666,0.7405,0.07016666
BC2026_Train_0003_S08_20250607_070007_45,0.9256667,0.85550004,0.8696667,0.049000002,0.4625,0.9835,0.2985,0.6193333,0.43,0.40366668,0.6063334,0.5808333,0.16233334,0.9791667,0.9515,0.35016668,0.534,0.7968334,0.43666667,0.99300003,0.28100002,0.38716668,0.62983334,0.2625,0.5596667,0.35050002,0.3815,0.20516667,0.79766667,0.2155,0.62916666,0.53783333,0.92466664,0.41283333,0.72783333,0.56333333,0.66349995,0.9878334,0.68149996,0.89016664,0.9766667,0.6748333,0.5615,0.5258333,0.85683334,0.85683334,0.9521667,0.89383334,0.9805,0.98083335,0.6181666,0.60316664,0.6085,0.60099995,0.86116666,0.9835,0.25383332,0.11566667,0.6936667,0.44483334,0.27133334,0.597,0.16616666,0.39683333,0.24166667,0.36183333,0.8043333,0.9421667,0.8941667,0.736,0.5855,0.6705,0.76199996,0.7398333,0.7165,0.31066668,0.64183336,0.94116664,0.21149999,0.9705,0.7485,0.9318334,0.82116663,0.20916668,0.948,0.23,0.18166667,0.56949997,0.6423333,0.80983335,0.36533332,0.048666667,0.90716666,0.759,0.70816666,0.7793333,0.9213333,0.98899996,0.7778333,0.89699996,0.62233335,0.90416664,0.6995,0.35516667,0.19749999,0.95299995,0.45666665,0.6116667,0.7981667,0.38283333,0.8755001,0.33266667,0.0725,0.384,0.65216666,0.6491667,0.56666666,0.7906667,0.5578334,0.93116665,0.9971667,0.79733336,0.5301666,0.72866666,0.84749997,0.87799996,0.86300004,0.5821667,0.549,0.68083334,0.6983333,0.9113333,0.8843334,0.83266664,0.8935,0.66216666,0.68583333,0.09233333,0.365,0.40899998,0.37083334,0.9623333,0.6446667,0.55916667,0.47533333,0.5545,0.58133334,0.826,0.8193333,0.90733325,0.87483335,0.61083335,0.76183337,0.08366667,0.837,0.14750001,0.8525,0.63983333,0.519,0.75583327,0.6936667,0.6645,0.8901667,0.3586667,0.9791667,0.29233333,0.70566666,0.671,0.37766665,0.68549997,0.8111667,0.9076667,0.41666666,0.4931667,0.9195,0.9636667,0.73800004,0.167,0.48966664,0.9915,0.523,0.3845,0.48591664,0.63983333,0.95833325,0.6051667,0.504,0.4875,0.19683333,0.1825,0.7816667,0.9831667,0.46733332,0.92899996,0.53866667,0.7891667,0.82233334,0.3245,0.49833333,0.86066663,0.26883334,0.72283334,0.6315,0.54275,0.51750004,0.7788333,0.67149997,0.3265,0.49200004,0.39666668,0.417,0.47016665,0.65816665,0.26683334,0.17516667,0.17766666,0.55,0.4403333,0.30333334,0.82116663,0.46866667,0.20333333,0.7201666,0.7941667,0.35283333,0.74583334,0.11833333,0.5563333,0.97616667,0.71133333,0.9238334,0.71950006,0.7193333,0.036666665
BC2026_Train_0003_S08_20250607_070007_50,0.88666666,0.8166666,0.9446667,0.061666667,0.75416666,0.97333336,0.53816664,0.8513334,0.61516666,0.4148333,0.6411667,0.7761667,0.29716665,0.96666664,0.9751667,0.48466665,0.51916665,0.734,0.682,0.9918333,0.45566666,0.64916664,0.7688334,0.55083334,0.6775,0.56000006,0.58166665,0.11133333,0.7226667,0.29383332,0.55333334,0.55050004,0.8998333,0.42183334,0.76516664,0.5161667,0.7726667,0.9596666,0.6373334,0.90300006,0.95833325,0.64566666,0.6898333,0.53316665,0.8696667,0.8696667,0.90650004,0.89,0.96533334,0.964,0.6968334,0.68750006,0.6941667,0.5865,0.8501667,0.9946667,0.29766667,0.23416667,0.72150004,0.39,0.38783336,0.64783335,0.19133332,0.45583332,0.31566668,0.6455,0.82383335,0.82350004,0.97249997,0.763,0.6483333,0.7298333,0.63750005,0.6435,0.90200007,0.33866668,0.7098334,0.86716664,0.22916666,0.9658333,0.83783334,0.91116667,0.89,0.24716666,0.9228333,0.6666666,0.20400001,0.54866666,0.588,0.7701667,0.13366666,0.32183334,0.88716674,0.9006667,0.7888334,0.62016666,0.98466665,1.0,0.7046667,0.8510001,0.6608333,0.89,0.65966666,0.22049999,0.239,0.87233335,0.34883332,0.66966665,0.8663333,0.39933333,0.4211667,0.3008333,0.11133333,0.29650003,0.7661667,0.6045,0.53333336,0.9101666,0.6239166,0.87900007,0.99866664,0.695,0.454,0.7015,0.5688333,0.7826667,0.78849995,0.57266665,0.5233333,0.5765,0.7603333,0.89133334,0.86,0.7913333,0.94650006,0.843,0.7111667,0.19383332,0.4595,0.5108333,0.11833333,0.96333337,0.6293334,0.52666664,0.4608333,0.41483334,0.7123333,0.8756667,0.87983334,0.941,0.87250006,0.63933337,0.90933335,0.241,0.905,0.1415,0.8305,0.61433333,0.6345,0.95533335,0.75633335,0.6065,0.97716665,0.5506667,0.9228333,0.598,0.80883336,0.76133335,0.36183333,0.849,0.90033334,0.9101667,0.38016668,0.37899998,0.9178333,0.794,0.719,0.201,0.5521667,0.97483337,0.6155,0.4263333,0.41216666,0.6881667,0.928,0.67583334,0.5345,0.3975,0.30866668,0.18983333,0.7638333,0.9958334,0.7143333,0.92683333,0.491,0.65075,0.637,0.27566665,0.3523333,0.9645,0.22933334,0.5528333,0.5243333,0.5775,0.8956667,0.72683334,0.556,0.3795,0.5535833,0.42716667,0.49600002,0.22716667,0.57233334,0.357,0.21133333,0.026500002,0.61483335,0.64975,0.5706667,0.92050004,0.59866667,0.24683332,0.748,0.8335,0.5456667,0.922,0.22600001,0.6141667,0.93266666,0.7638333,0.9803334,0.73983335,0.8193333,0.044833332
BC2026_Train_0003_S08_20250607_070007_55,0.9021667,0.8491667,0.9463333,0.060000002,0.85416675,0.9168333,0.413,0.9065,0.48616666,0.24333334,0.46866667,0.6026667,0.21533334,0.90999997,0.939,0.5516667,0.6271666,0.59183335,0.5898333,0.9713333,0.40566665,0.526,0.7883333,0.35799998,0.7223334,0.39216667,0.57816666,0.18,0.85216665,0.18683334,0.5740833,0.61833334,0.8811667,0.38533336,0.69266665,0.6081667,0.68266666,0.95416665,0.56833327,0.88100004,0.95416665,0.60283333,0.53683335,0.58066666,0.8973333,0.8973333,0.91116667,0.8728334,0.95416665,0.95416665,0.5916667,0.5675,0.57816666,0.48366666,0.86700004,0.9141667,0.38283336,0.26983333,0.76516664,0.56116664,0.15966667,0.5451667,0.22583333,0.48033333,0.26916668,0.35250002,0.68916667,0.8361666,0.95683336,0.7895,0.61958337,0.7771667,0.8065,0.8041666,0.9036667,0.4888333,0.683,0.9616667,0.389,0.956,0.6771667,0.7258333,0.76100004,0.23933333,0.8548333,0.9165,0.26866665,0.24866666,0.54333335,0.86249995,0.129,0.5925,0.69083333,0.81266665,0.84966666,0.8176667,0.92083335,0.97216666,0.7716667,0.8451667,0.6221667,0.95316666,0.8414999,0.18683332,0.23983333,0.76916665,0.438,0.75983334,0.70533335,0.67616665,0.778,0.24233332,0.23133333,0.4065,0.83183336,0.76483333,0.43266666,0.903,0.5945,0.97249997,0.98883337,0.84616673,0.7751667,0.75750005,0.62916666,0.847,0.8551667,0.68050003,0.42216668,0.71466666,0.7493334,0.8591666,0.7963333,0.8321667,0.9386667,0.83599997,0.76016665,0.30249998,0.6781667,0.32133335,0.3155,0.9508333,0.6813333,0.7503333,0.31166667,0.50866663,0.9693333,0.6565,0.69266665,0.97616667,0.82666665,0.75100005,0.6203333,0.64133334,0.96099997,0.3448333,0.9245,0.8585,0.57850003,0.9875,0.78083336,0.9368333,0.87866664,0.90200007,0.906,0.68766665,0.858,0.7328334,0.46683335,0.6206667,0.70383334,0.9118334,0.6096667,0.5841667,0.9486667,0.85333335,0.68233335,0.37783334,0.5525,0.96533334,0.6541667,0.46100003,0.42333335,0.6508333,0.9551667,0.5841667,0.291,0.6423333,0.47333336,0.1895,0.70416665,0.8488334,0.8215,0.8616667,0.67316663,0.761,0.6296667,0.385,0.5438334,0.95350003,0.54716665,0.62166667,0.54216665,0.6153333,0.9745,0.79966664,0.51316667,0.75850004,0.57225,0.37216666,0.73,0.38233334,0.6206667,0.55016667,0.14916666,0.15116666,0.7151666,0.598,0.75549996,0.9185,0.7833333,0.313,0.6361667,0.6885,0.6321667,0.85749996,0.37566668,0.80966663,0.921,0.8143333,0.896,0.8566667,0.672,0.123166665
BC2026_Train_0003_S08_20250607_070007_60,0.936,0.88016665,0.8918333,0.035,0.5875,0.94966674,0.287,0.8075,0.32333332,0.11583333,0.22983333,0.41683334,0.094333336,0.875,0.91433334,0.33566666,0.48816666,0.87833333,0.65433335,0.996,0.25800002,0.4371667,0.4335,0.14916667,0.53083336,0.122,0.3586667,0.22183333,0.92733335,0.18333334,0.58,0.691,0.9316667,0.3193333,0.662,0.6116667,0.69483334,0.96683335,0.6121667,0.9126667,0.96383333,0.64316666,0.498,0.6775,0.893,0.893,0.9805,0.88549995,0.98066664,0.9625,0.5798333,0.55300003,0.5705,0.47649997,0.8986666,0.8375,0.2355,0.14516667,0.73183334,0.538,0.16033334,0.278,0.15716666,0.341,0.19866668,0.3843333,0.7896667,0.93200004,0.9191667,0.84616673,0.5158334,0.5615,0.64183336,0.555,0.682,0.343,0.634,0.8510001,0.28983334,0.9838333,0.7011667,0.82949996,0.63,0.0865,0.95383334,0.49983335,0.121,0.31683332,0.514,0.8995,0.5223333,0.47266665,0.7381667,0.6243334,0.7913333,0.5386667,0.90599996,0.9875,0.96066666,0.9255,0.58766663,0.78066665,0.82766664,0.026166666,0.15349999,0.9041666,0.35983336,0.48491663,0.78983337,0.67883337,0.8041667,0.30416664,0.3913333,0.3635,0.6865,0.80649996,0.52966666,0.743,0.37883335,0.98883337,0.98333335,0.8655,0.8196666,0.7823333,0.8768333,0.87783337,0.8373333,0.7908333,0.46400002,0.599,0.7538333,0.88850003,0.8476666,0.83599997,0.80499995,0.7711666,0.84983337,0.112833336,0.44966668,0.146,0.14266667,0.98333335,0.66316664,0.76133335,0.25166667,0.477,0.73749995,0.7278333,0.6495,0.9455,0.7748333,0.7891666,0.5930834,0.33783334,0.98483336,0.23166665,0.73016673,0.76566666,0.48233333,0.93299997,0.79550004,0.73933333,0.82350004,0.37083334,0.9513333,0.63916665,0.827,0.58966666,0.24933334,0.32549998,0.7701667,0.9188333,0.53566664,0.29583335,0.8585,0.71283334,0.72483337,0.16633333,0.58633333,0.98908335,0.30133334,0.42516667,0.57449996,0.632,0.87250006,0.57566667,0.1725,0.59833336,0.33583334,0.42283335,0.5865,0.74333334,0.6943333,0.9268333,0.5445,0.7251667,0.681,0.28033334,0.4978333,0.84716666,0.32066667,0.26666668,0.5826667,0.52633333,0.9451667,0.7985,0.5273333,0.788,0.44083333,0.509,0.5545,0.36083335,0.68766665,0.299,0.104499996,0.36499998,0.54550004,0.58683336,0.42650002,0.83116674,0.62191665,0.22033334,0.51133335,0.5345,0.55633336,0.8146667,0.19733334,0.6655,0.9503333,0.8348333,0.7788333,0.87516665,0.69275,0.057833336
BC2026_Train_0004_S08_20250607_070007_5,0.8393333,1.0,0.9778334,0.036333334,0.21666667,0.8266667,0.019666668,0.329,0.351,0.037333336,0.06633334,0.9714167,0.33566666,0.71666664,0.7443333,0.12866667,0.20833333,0.57316667,0.21316665,0.906,0.15516667,0.19608334,0.2225,0.13933334,0.156,0.0068333335,0.3855,0.26016667,0.9686667,0.07366667,0.78716666,0.7485,0.9903333,0.56233335,0.86300004,0.80291665,0.773,0.81666666,0.947,0.7136666,0.9241667,0.9658333,0.5395,0.735,0.9166666,0.9166666,0.87950003,1.0,0.93466663,0.8715,0.596,0.59983337,0.57850003,0.883,0.7636666,0.18333334,0.20783333,0.0235,0.93266666,0.20033334,0.24883333,0.167,0.63166666,0.06883333,0.13283333,0.13683333,0.7446667,0.29866666,0.60433334,0.607,0.20166667,0.35316667,0.8581667,0.6618333,0.7388333,0.5895,0.136,0.8951667,0.34466666,0.73683333,0.7801666,0.71349996,0.4055,0.5441667,0.8343333,0.468,0.3818333,0.5584166,0.13499999,0.6916667,0.028333334,0.7341667,0.87299997,0.632,0.17816666,0.27316666,0.5141667,0.90433335,0.69383335,0.8748333,0.5441667,0.82650006,0.66166663,0.17016667,0.0855,0.9766667,0.39666665,0.33716667,0.8815,0.32933334,0.7408334,0.096499994,0.64666665,0.47566664,0.33283332,0.6671667,0.413,0.56383336,0.1735,0.9733333,0.83683336,0.85249996,0.4065,0.6716667,0.11883333,0.6598334,0.75100005,0.8103334,0.34683335,0.64416665,0.86333334,0.66849995,0.5908333,0.9763334,0.9263333,0.6461667,0.6013333,0.23641667,0.71183336,0.41183332,0.2845,0.65199995,0.36516666,0.6551666,0.5716667,0.60683334,0.41166666,0.98333335,0.86883336,0.61516666,0.80083334,0.6605,0.33266667,0.3325,0.83349997,0.52433336,0.43416667,0.19566667,0.33083335,0.569,0.708,0.72300005,0.40608332,0.30616668,0.6901667,0.0405,0.374,0.621,0.3175,0.90933335,0.85450006,0.6371667,0.54616666,0.35866666,0.799,0.312,0.63733333,0.39166665,0.50783336,0.74583334,0.5905,0.3286667,0.56783336,0.45083335,0.7698333,0.49200004,0.039666668,0.9546666,0.28466666,0.023666669,0.43083334,0.60216665,0.8621667,0.97249997,0.62583333,0.42150003,0.7991667,0.2986667,0.45033333,0.432,0.32950002,0.25566664,0.70966667,0.4995,0.5111667,0.9396667,0.32099998,0.058333334,0.269,0.25333333,0.439,0.33133334,0.88,0.31800002,0.07,0.1925,0.621,0.5335,0.17766666,0.5631667,0.51483333,0.21833333,0.7036667,0.8695,0.37699997,0.888,0.23983333,0.66466665,0.9065,0.88216674,0.7838333,0.925,0.5068333,0.08883333
BC2026_Train_0004_S08_20250607_070007_10,0.77,0.98899996,0.95500004,0.052166667,0.1625,0.6073333,0.021166667,0.14666668,0.3473333,0.024500001,0.025833333,0.90966666,0.17533334,0.425,0.35833332,0.116166666,0.12583333,0.6016667,0.22666667,0.8653333,0.1345,0.1525,0.10666668,0.0595,0.0405,0.009833334,0.123166665,0.17983334,0.82033336,0.029166667,0.6956667,0.5685,0.98450005,0.42650002,0.67366666,0.575,0.751,0.8711667,0.9371667,0.83383334,0.88266665,0.9425,0.5223333,0.5951667,0.9416667,0.9416667,0.94383335,0.9958334,0.93633336,0.89966667,0.58016664,0.59749997,0.5826667,0.7611667,0.81116664,0.07083333,0.296,0.0068333335,0.64350003,0.3001667,0.094666675,0.10683334,0.39516667,0.057666663,0.051416665,0.089499995,0.6281666,0.13183333,0.665,0.5963333,0.21616668,0.23266666,0.6203333,0.72483337,0.5725,0.21849999,0.2325,0.7478334,0.38516667,0.8556667,0.8436667,0.7916667,0.36833334,0.3185,0.7366667,0.37883335,0.20366666,0.31083333,0.12133334,0.505,0.029000001,0.6721667,0.698,0.5976666,0.213,0.13616666,0.44583333,0.9335,0.44516665,0.77833337,0.5705,0.6131667,0.58533335,0.023833334,0.023833334,0.6695,0.32783332,0.17683333,0.57850003,0.23966667,0.62833333,0.068333335,0.79316664,0.46466666,0.361,0.60766673,0.31916666,0.6058333,0.13266666,0.8653333,0.9083334,0.6375,0.25183335,0.62533337,0.040833335,0.6685,0.69233334,0.6921666,0.22725,0.61425,0.8028333,0.633,0.5615,0.93850005,0.7933333,0.56233335,0.7213333,0.19816667,0.5491667,0.0475,0.10733334,0.66866666,0.18291666,0.5415,0.47233334,0.36883333,0.5635,0.719,0.8135,0.583,0.5815,0.58716667,0.37433332,0.45033333,0.6758333,0.21166667,0.18766665,0.241,0.16633333,0.499,0.62516665,0.64316666,0.5105,0.15166667,0.5808333,0.030666668,0.48733333,0.481,0.34716666,0.748,0.5858333,0.58033335,0.58166665,0.19783334,0.818,0.2055,0.5706667,0.40933335,0.54366666,0.7506667,0.6883333,0.108666666,0.5063333,0.35799998,0.689,0.35716668,0.07283334,0.6565,0.3658333,0.0068333335,0.52166665,0.5503333,0.63766664,0.736,0.51016665,0.41533333,0.58066666,0.21866667,0.28883332,0.64716667,0.22283335,0.20983334,0.36733335,0.254,0.45416665,0.99300003,0.15666667,0.125,0.18583333,0.16366667,0.334,0.27699998,0.6483334,0.2125,0.03666667,0.28483334,0.36433333,0.46566668,0.141,0.46883333,0.3901667,0.18933335,0.43116665,0.71333337,0.39216667,0.92333335,0.2195,0.37216666,0.74233335,0.69416666,0.44716665,0.71033335,0.37383333,0.085
BC2026_Train_0004_S08_20250607_070007_15,0.7326667,0.97083336,0.8988333,0.1485,0.29166666,0.607,0.052166667,0.25816667,0.47866666,0.07283333,0.030833332,0.8963334,0.254,0.375,0.33333334,0.174,0.16966666,0.62983334,0.16000001,0.8616667,0.10166667,0.1295,0.12233333,0.08016667,0.0295,0.008333334,0.174,0.0475,0.78199995,0.016333334,0.7471667,0.58166665,0.99050003,0.603,0.64566666,0.6185,0.7803334,0.89183336,0.98399997,0.78199995,0.898,0.97066665,0.6271667,0.61366665,0.9471667,0.9471667,0.9355,0.9875,0.9265001,0.91333336,0.686,0.7021667,0.69,0.86366665,0.783,0.09583333,0.348,0.015166667,0.47266668,0.6115,0.15200001,0.08216667,0.391,0.065,0.042999998,0.26866668,0.55266666,0.17033334,0.7341666,0.3695,0.17183332,0.23075001,0.561,0.7951667,0.69500005,0.0625,0.20449999,0.72933334,0.61433333,0.7705,0.7355,0.8528334,0.41233334,0.38916665,0.7043333,0.285,0.09283333,0.14766666,0.20616667,0.4353333,0.017833333,0.74050003,0.69783336,0.8245,0.19,0.09233333,0.49616668,0.9291667,0.24000001,0.80183333,0.6468333,0.69449997,0.8188333,0.056166667,0.1355,0.6458334,0.39716667,0.28350002,0.3103333,0.25366667,0.62216663,0.19666667,0.8186667,0.35766667,0.19683333,0.59816664,0.36316666,0.7815,0.31750003,0.5201667,0.95383334,0.6765,0.214,0.59283334,0.051333334,0.7188333,0.6326667,0.68116665,0.256,0.8416667,0.8551667,0.32549998,0.6621667,0.73116666,0.39466667,0.637,0.8911667,0.17866667,0.6091667,0.094666675,0.08316667,0.72566664,0.21866667,0.59983337,0.4838333,0.532,0.66999996,0.6993333,0.8411667,0.56016666,0.81416667,0.66183335,0.32783335,0.54,0.72583336,0.2495,0.47616667,0.161,0.219,0.5735,0.68149996,0.6125,0.32983333,0.3193333,0.5891667,0.28716666,0.7491666,0.5705,0.35316667,0.6808334,0.35750002,0.62733334,0.58066666,0.10533334,0.781,0.7453334,0.71666664,0.3345,0.58133334,0.59783334,0.8156667,0.10433334,0.58500004,0.24183334,0.9711667,0.434,0.03866667,0.6321667,0.37399998,0.036333334,0.55200005,0.5338333,0.7223333,0.6045,0.558,0.46350002,0.51066667,0.25533333,0.39983332,0.68833333,0.30699998,0.4765,0.44550002,0.20266667,0.588,0.9875,0.20833334,0.052500002,0.23833331,0.11016667,0.45999998,0.39699998,0.60866666,0.29566666,0.07733334,0.40866667,0.3675,0.5660833,0.068333335,0.3816667,0.33866668,0.34883335,0.18266667,0.6635,0.36566666,0.8856667,0.27766666,0.61833334,0.6091667,0.7801666,0.38766667,0.6641666,0.521,0.142
BC2026_Train_0004_S08_20250607_070007_20,0.7875,0.9958334,0.982,0.14383332,0.25833333,0.748,0.07683334,0.26616666,0.54066664,0.082333334,0.07366667,0.9838333,0.306,0.30833334,0.5096667,0.22883332,0.33516666,0.59216666,0.20616667,0.8151667,0.19733334,0.1445,0.37649998,0.14533333,0.06633334,0.026333334,0.35766667,0.2215,0.9561667,0.083333336,0.76750004,0.61950004,0.97083336,0.79700005,0.8481667,0.88716674,0.74666667,0.9405,0.9561667,0.8745,0.9253334,0.95350003,0.6688334,0.6288333,0.94016665,0.94016665,0.934,0.98333335,0.9458333,0.9418333,0.7185,0.72099996,0.71166664,0.8136667,0.7926667,0.13333334,0.35783333,0.027666667,0.7655,0.24616666,0.107,0.259,0.47783333,0.078833334,0.111666664,0.17000002,0.682,0.29416665,0.73,0.73066664,0.27866668,0.31533334,0.6615,0.76433337,0.89966667,0.33966666,0.29866666,0.7948333,0.79050004,0.8175,0.94650006,0.7356667,0.46733335,0.355,0.88133335,0.482,0.34149998,0.30883333,0.14183334,0.5428333,0.062,0.93016666,0.8728334,0.92366666,0.19216666,0.1085,0.707,0.95416665,0.36383334,0.76199996,0.5913333,0.6778334,0.6735,0.07816666,0.071166664,0.9101666,0.3,0.3103333,0.45333332,0.33216667,0.6931667,0.23483334,0.8896667,0.44483334,0.4946667,0.6106667,0.4475,0.6053333,0.2095,0.72466666,0.93733335,0.7098333,0.32583332,0.60966665,0.20983332,0.80266666,0.8136667,0.8258333,0.337,0.56116664,0.91999996,0.404,0.76433337,0.92733335,0.34116668,0.76483333,0.6971667,0.17783333,0.6076667,0.13066667,0.14883333,0.73566663,0.39666665,0.7378333,0.53283334,0.65933335,0.77933335,0.9088333,0.82,0.786,0.7645,0.689,0.32366666,0.7703333,0.66816664,0.26683334,0.4041667,0.30833334,0.20266667,0.7093333,0.65716666,0.5923333,0.37566668,0.24466667,0.7546667,0.18466666,0.5855,0.6418333,0.47433332,0.9558333,0.88016665,0.7453333,0.6381667,0.18916667,0.9163334,0.52166665,0.77716666,0.3585,0.7301667,0.7761667,0.90133333,0.146,0.53733337,0.3785,0.91400003,0.65166664,0.14016667,0.6581667,0.49100003,0.08433334,0.4845,0.6295,0.5715,0.7116667,0.6386667,0.51266664,0.5858333,0.382,0.619,0.6415,0.4811667,0.36433333,0.34683335,0.52033335,0.5595,0.99450004,0.3335,0.09900001,0.22566667,0.1655,0.49149996,0.43433332,0.7101667,0.43233335,0.064,0.36966667,0.39916664,0.7083333,0.15216666,0.49883333,0.40116668,0.33416668,0.47616667,0.7628333,0.2546667,0.83783334,0.25416666,0.6346667,0.72933334,0.8193333,0.53283334,0.6775,0.7033334,0.14033332
BC2026_Train_0004_S08_20250607_070007_25,0.8346666,0.98483336,0.9263333,0.100999996,0.3,0.86899996,0.105000004,0.348,0.6736667,0.13616666,0.0545,0.947,0.3875,0.4375,0.70816666,0.30733332,0.31783336,0.67050004,0.39633334,0.9015,0.203,0.248,0.21833333,0.175,0.092,0.0305,0.49049997,0.14683333,0.996,0.13283333,0.7945,0.8655,0.972,0.67700005,0.7871667,0.8861667,0.79116666,0.95000005,0.9878334,0.92616665,0.9458333,0.99050003,0.65500003,0.8868333,0.9041666,0.9041666,0.90300006,0.96666664,0.95000005,0.95000005,0.7165,0.7058333,0.69783336,0.8961667,0.811,0.1625,0.40383333,0.054333333,0.79933333,0.22583333,0.19183333,0.6365,0.39183334,0.08133333,0.17750001,0.352,0.73866665,0.5155,0.6656667,0.85983336,0.47966665,0.23283334,0.7275,0.71066666,0.88766664,0.30966666,0.28316668,0.7783333,0.5933333,0.9421667,0.9406667,0.79816675,0.5061667,0.681,0.9195,0.7851666,0.24666667,0.1625,0.34816667,0.6598333,0.18016666,0.7173333,0.9533333,0.88549995,0.19600001,0.35,0.8865,0.9651667,0.6391667,0.80083334,0.64283335,0.6673333,0.5553333,0.17066666,0.0165,0.9816667,0.39483333,0.7105,0.5985,0.31983334,0.77433336,0.33116665,0.6411667,0.313,0.43916667,0.6051667,0.44116667,0.70125,0.25166667,0.928,0.95416665,0.8165,0.42700002,0.6376667,0.16983333,0.8788333,0.9515,0.9475,0.291,0.58683336,0.9036666,0.55116665,0.858,0.97216666,0.56383336,0.80083334,0.72866666,0.086333334,0.676,0.197,0.51900005,0.88283324,0.3615,0.75033337,0.65183336,0.66083336,0.7446667,0.99866664,0.834,0.815,0.70316666,0.916,0.29133335,0.58316666,0.64066666,0.2595,0.405,0.34783334,0.17416666,0.6883333,0.7445,0.50616664,0.51500005,0.25566667,0.8628333,0.25283334,0.7213333,0.73,0.34716666,0.9931667,0.98183334,0.83633333,0.58500004,0.29666668,0.96633327,0.21816668,0.8548333,0.35066667,0.71949995,0.77783334,0.76316667,0.14866666,0.672,0.29716668,0.7445,0.95566666,0.16583332,0.657,0.35916665,0.094000004,0.6448333,0.697,0.7125,0.9298333,0.5655,0.42350003,0.64633334,0.25183335,0.86183333,0.6676667,0.30699998,0.27733335,0.7758333,0.61333334,0.5136666,0.95500004,0.28616667,0.1345,0.21433333,0.15066667,0.34600002,0.42650002,0.8635,0.49366668,0.057,0.21333334,0.5308333,0.79966664,0.1095,0.712,0.5416667,0.41116667,0.6358333,0.8626667,0.12083332,0.9385,0.29216668,0.7873333,0.8653333,0.8323333,0.64,0.9256667,0.6678333,0.10933334
BC2026_Train_0004_S08_20250607_070007_30,0.73966664,0.9696667,0.74833333,0.079166666,0.125,0.56583333,0.07633334,0.15033333,0.39450002,0.046333335,0.028333334,0.4826667,0.24233332,0.4041667,0.4735,0.22549999,0.14333335,0.673,0.23416667,0.8611667,0.117,0.15416667,0.3008333,0.1025,0.059333336,0.030666668,0.36916667,0.025833333,0.885,0.05866667,0.782,0.5646667,0.986,0.45083332,0.5786667,0.6028334,0.74083334,0.94033337,0.96666664,0.84599996,0.9318334,0.96266663,0.47116667,0.57416666,0.91116667,0.91116667,0.9035,0.97216666,0.9303334,0.94033337,0.518,0.50450003,0.51266664,0.83566666,0.7875,0.079166666,0.4155,0.019333335,0.5618333,0.16600001,0.12166666,0.14166668,0.3495,0.049499996,0.078833334,0.27666667,0.5808334,0.23666668,0.72533333,0.70650005,0.2365,0.21483333,0.73,0.58100003,0.7905,0.4045,0.13466667,0.7958333,0.91616666,0.90133333,0.7803333,0.73216665,0.511,0.413,0.75516665,0.66400003,0.37616667,0.22916666,0.32016665,0.60283333,0.046666667,0.58283335,0.8195,0.68583333,0.24566667,0.12616667,0.6538333,0.9443333,0.38566667,0.8381667,0.6418333,0.5445,0.54316664,0.23750001,0.030833334,0.97466666,0.375,0.20016666,0.5376667,0.4116667,0.68266666,0.18016666,0.87983334,0.46833333,0.31416667,0.65083337,0.4575,0.7328334,0.36733332,0.93233335,0.9611666,0.85183334,0.34066665,0.58383334,0.093166664,0.7696667,0.80999994,0.96266663,0.302,0.73616666,0.7875,0.6411667,0.7615,0.9598333,0.37933332,0.6376667,0.80333334,0.31,0.74833333,0.059333332,0.59783334,0.728,0.4765,0.6748333,0.48141664,0.7011666,0.60899997,0.98366666,0.73233336,0.8146667,0.55983335,0.7008333,0.2985,0.57633334,0.6898333,0.34033334,0.40033334,0.23733334,0.23566666,0.63383335,0.67833334,0.59283334,0.40483335,0.28883332,0.69033337,0.21233334,0.57316667,0.68850005,0.37833333,0.9616667,0.965,0.726,0.4218333,0.21933334,0.89783335,0.509,0.8016667,0.42983332,0.727,0.77,0.74350005,0.082,0.566,0.304,0.77316666,0.726,0.093333334,0.6526667,0.33933333,0.14066666,0.78000003,0.57566667,0.70649993,0.9083333,0.55766666,0.393,0.63,0.25966665,0.5366667,0.64683336,0.42933333,0.1325,0.45450002,0.37316668,0.56383336,1.0,0.21916667,0.06666667,0.16633333,0.10683334,0.43833333,0.52566665,0.80883336,0.40316665,0.036333334,0.35316667,0.50783336,0.67616665,0.13916667,0.59816664,0.423,0.21583334,0.5058333,0.8035,0.219,0.9101666,0.3935,0.7258333,0.86050004,0.749,0.44383335,0.9238334,0.55633336,0.26683334
BC2026_Train_0004_S08_20250607_070007_35,0.6968334,0.9546666,0.6716667,0.14016666,0.12083333,0.56100005,0.06333333,0.16866668,0.438,0.030000001,0.0275,0.56700003,0.19983333,0.22083333,0.37483332,0.41383332,0.12216666,0.34583333,0.3005,0.78616667,0.12583333,0.14283334,0.398,0.079333335,0.08383334,0.0375,0.20316666,0.0725,0.8268333,0.039666668,0.8305,0.52933335,1.0,0.42049998,0.515,0.5301667,0.7105,0.8625,0.9791667,0.6271667,0.939,0.9736667,0.3915,0.5386667,0.92350006,0.92350006,0.906,0.9831667,0.9195,0.90183336,0.43583333,0.44933337,0.44116667,0.9355,0.7678333,0.104166664,0.3976667,0.011,0.35099998,0.33266667,0.13483334,0.045,0.44599998,0.061166666,0.049833335,0.15983334,0.50850004,0.08666667,0.649,0.68633336,0.14333335,0.26183334,0.6665,0.62383336,0.4378333,0.11766666,0.12866667,0.7328334,0.66816664,0.8343333,0.6673333,0.6091667,0.4565,0.33933333,0.76133335,0.5315,0.30366665,0.17033333,0.1635,0.48683336,0.038833335,0.66283333,0.62633336,0.8025,0.2525,0.11716666,0.483,0.9446667,0.2515,0.64066666,0.56416667,0.7008334,0.577,0.14283334,0.08566667,0.89783335,0.4265,0.30699998,0.32750002,0.33683336,0.66983336,0.1375,0.695,0.5595,0.30183333,0.644,0.49416664,0.6153333,0.13633333,0.732,0.9406667,0.7985,0.283,0.52349997,0.114,0.5686667,0.7185,0.9011667,0.30666667,0.73216665,0.6655,0.23483333,0.86483335,0.79150003,0.28883335,0.57266665,0.7971667,0.377,0.73216665,0.0605,0.5305,0.6938333,0.4545,0.6791667,0.23133333,0.6508333,0.506,0.7291667,0.7603333,0.3435,0.6638333,0.5566667,0.5426667,0.45333332,0.7233333,0.45925,0.41616666,0.22366667,0.25416666,0.71150005,0.68500006,0.631,0.44250003,0.4215,0.5115,0.24766666,0.4695,0.6078333,0.3025,0.73933333,0.78249997,0.6141666,0.6511667,0.26366666,0.773,0.4725,0.652,0.38783333,0.7358333,0.7683333,0.7166667,0.252,0.4976667,0.322,0.727,0.5073333,0.075166665,0.727,0.4685,0.34558332,0.7045833,0.50883335,0.444,0.7863333,0.64750004,0.56100005,0.59333336,0.30699998,0.37333333,0.57266665,0.5111667,0.387,0.44016668,0.30583334,0.6073333,0.94949996,0.18633333,0.088,0.17233333,0.12583333,0.41366667,0.6165,0.6801666,0.27783334,0.0465,0.601,0.19033334,0.7223333,0.21416667,0.485,0.35383332,0.21716666,0.3281667,0.71500003,0.26233333,0.8115001,0.27366668,0.5405,0.7048334,0.65933335,0.36333334,0.9356666,0.52266663,0.24283333
BC2026_Train_0004_S08_20250607_070007_40,0.7891667,0.93649995,0.7545,0.07816667,0.275,0.6995,0.050166667,0.13366666,0.38366663,0.049666665,0.031333335,0.6131667,0.25416666,0.29166666,0.5735,0.41816667,0.27483332,0.43883336,0.197,0.73833334,0.16016667,0.1225,0.27616668,0.109,0.136,0.048666667,0.29183334,0.20383334,0.9493333,0.027166666,0.7733333,0.6255,0.96383333,0.5003333,0.5603334,0.6221667,0.70750004,0.90933335,0.98333335,0.6048333,0.92350006,0.97533333,0.39249998,0.6255,0.91233337,0.91233337,0.8693334,0.9651667,0.9178333,0.9016667,0.4513333,0.45116663,0.44183332,0.858,0.7748333,0.20000002,0.45816666,0.03316667,0.5571667,0.241,0.14883333,0.04366667,0.45833334,0.0645,0.13233334,0.23216668,0.7115,0.139,0.86149997,0.6515,0.27933332,0.25849998,0.67950004,0.84616673,0.48233333,0.21533334,0.23250002,0.778,0.61516666,0.79050004,0.83666664,0.7765,0.42733333,0.4265,0.8625001,0.29766667,0.35466668,0.1565,0.3741667,0.56366664,0.030000001,0.66566664,0.756,0.8788333,0.13116667,0.12933335,0.5771667,0.90250003,0.36933333,0.70699996,0.55200005,0.7261667,0.8115,0.1795,0.186,0.69041663,0.4805,0.3165,0.4765,0.311,0.79700005,0.18766665,0.70883334,0.47333333,0.48216668,0.6861667,0.4691667,0.82916665,0.40233332,0.81,0.89066666,0.742,0.32283333,0.63933337,0.13633335,0.5740833,0.62983334,0.905,0.3525,0.9316667,0.7186667,0.18633333,0.7176667,0.7556667,0.32333332,0.65999997,0.806,0.40883332,0.7945,0.068833336,0.34116668,0.78033334,0.5176667,0.9061667,0.20966667,0.439,0.54300004,0.79550004,0.84300005,0.35266668,0.5211667,0.67050004,0.6038333,0.50166667,0.74016666,0.5586667,0.59933335,0.34716666,0.31133333,0.5311667,0.67316663,0.69766665,0.3753333,0.49066666,0.66316664,0.045500003,0.6975,0.59150004,0.4026667,0.6853334,0.639,0.7695,0.75116664,0.12550001,0.72066665,0.36383334,0.7021667,0.49983335,0.6745,0.87900007,0.66466665,0.329,0.4791667,0.40666667,0.92700005,0.5555,0.089666665,0.74899995,0.453,0.7213333,0.67683333,0.51783335,0.64,0.8216667,0.6633333,0.6701667,0.7108333,0.32750002,0.7111666,0.78816664,0.39733332,0.14883333,0.39133334,0.36383334,0.67016673,0.9511666,0.3685,0.06916667,0.33666667,0.19116667,0.43083334,0.5053333,0.6825834,0.268,0.07433333,0.7696667,0.5568333,0.8986667,0.21866667,0.6663334,0.46983334,0.439,0.27166665,0.76133335,0.2785,0.84416664,0.33499998,0.66433334,0.8445,0.71999997,0.4821667,0.8401666,0.5831667,0.313
BC2026_Train_0004_S08_20250607_070007_45,0.78816664,0.94916666,0.68149996,0.101333335,0.23750001,0.52716666,0.048666667,0.11533334,0.27966666,0.0255,0.061499998,0.4989167,0.19483334,0.22916666,0.38316667,0.18133333,0.11716666,0.40133336,0.23266667,0.7291666,0.133,0.15716666,0.0925,0.11833333,0.12283333,0.0195,0.17633334,0.04258333,0.8413333,0.0055,0.7935,0.54316664,0.975,0.4083333,0.5233333,0.55366665,0.7243333,0.8888334,0.97950006,0.645,0.938,0.9741667,0.43716666,0.5833333,0.93333334,0.93333334,0.9356666,0.98766667,0.93616664,0.9091667,0.48799998,0.4895,0.48016667,0.86983335,0.78316665,0.14166667,0.39816666,0.046833336,0.43850002,0.15816666,0.14233333,0.021166667,0.36266667,0.071333334,0.11466667,0.12900001,0.4908333,0.049666665,0.73899996,0.58100003,0.20333333,0.311,0.6065,0.7991667,0.5035,0.36033332,0.23433332,0.7821667,0.605,0.7886667,0.73125,0.7,0.44000003,0.43816665,0.69516665,0.36833334,0.3051667,0.29366666,0.32116666,0.396,0.037166666,0.663,0.8268333,0.85683334,0.15883332,0.050666668,0.55233335,0.8871666,0.36466667,0.73899996,0.58833337,0.66816664,0.60766673,0.3145,0.04916667,0.69033337,0.38849998,0.14400001,0.38266668,0.36383334,0.70699996,0.17516667,0.634,0.562,0.2825,0.663,0.53283334,0.734,0.23833331,0.7765,0.9086667,0.785,0.31183335,0.661,0.019666668,0.63883334,0.4986667,0.89100003,0.313,0.85216665,0.62733334,0.147,0.67116666,0.81383336,0.38599998,0.5935,0.84433335,0.27583334,0.72783333,0.07216667,0.25316668,0.81100005,0.36183333,0.66566664,0.19533333,0.5291667,0.51483333,0.5668334,0.82566667,0.31416667,0.60616666,0.7715,0.41550002,0.4658333,0.72216666,0.29116666,0.5678333,0.2815,0.259,0.46733332,0.7388333,0.68783337,0.43883336,0.37466666,0.6651667,0.231,0.4585,0.6246667,0.26416668,0.7085,0.46066666,0.6828333,0.56,0.10616666,0.7678333,0.517,0.75233334,0.3818333,0.68633336,0.64750004,0.6451667,0.11816667,0.4935,0.26033333,0.90933335,0.6066667,0.134,0.71283334,0.34483337,0.34366664,0.61716664,0.48749998,0.7016667,0.7726667,0.56100005,0.58033335,0.638,0.28666666,0.42716664,0.7408334,0.43666664,0.30449998,0.26283333,0.55583334,0.68866664,0.95316666,0.3305,0.049500003,0.23016666,0.1055,0.5203333,0.49550003,0.741,0.36016667,0.04216667,0.611,0.4845,0.594,0.192,0.47866666,0.4811667,0.31683335,0.34849998,0.7198333,0.299,0.88350004,0.2845,0.60366666,0.68916667,0.7216667,0.5218333,0.76483333,0.41716665,0.153
BC2026_Train_0004_S08_20250607_070007_50,0.77166665,0.9395,0.62749994,0.16483334,0.725,0.5478333,0.0845,0.1455,0.43616664,0.04616667,0.063666664,0.45133334,0.22666669,0.41666666,0.43316668,0.24983335,0.13216667,0.78183335,0.14116667,0.84583336,0.071333334,0.25741667,0.12983333,0.19366667,0.09016667,0.018000001,0.25166667,0.008166667,0.77316666,0.019333335,0.82266665,0.51166666,0.97950006,0.35666668,0.5671667,0.5143333,0.7695,0.799,0.977,0.655,0.917,0.98366666,0.51633334,0.58650005,0.925,0.925,0.8643334,0.9710001,0.9068333,0.85749996,0.57433337,0.5568333,0.57016665,0.91050005,0.7568333,0.11666667,0.326,0.103,0.22766666,0.49583334,0.25716665,0.07316667,0.31916666,0.1085,0.16233332,0.19633333,0.6343333,0.11833333,0.60483336,0.6081667,0.253,0.3075,0.8035,0.7468333,0.283,0.25883335,0.24249999,0.853,0.5771666,0.8336667,0.8755001,0.8113333,0.49033335,0.88783336,0.8193333,0.32349998,0.423,0.30166668,0.5836667,0.69,0.024166666,0.5516667,0.9714167,0.883,0.20183332,0.051666666,0.6541667,0.90583336,0.482,0.8221667,0.6246667,0.8666667,0.30666667,0.15983334,0.0665,0.7906667,0.50516665,0.11733334,0.48433334,0.31866667,0.74866664,0.14166667,0.44466668,0.52400005,0.79833335,0.6443333,0.64183336,0.68525004,0.31583333,0.7196667,0.9071667,0.9171667,0.31666666,0.7913333,0.0495,0.74583334,0.7251667,0.90066665,0.3455,0.74716663,0.6526667,0.33433333,0.77066666,0.68866664,0.43116668,0.6566667,0.8541667,0.26683334,0.65349996,0.048000004,0.30966666,0.87,0.25583333,0.81166667,0.28000003,0.74833333,0.73583335,0.63699996,0.9145,0.56866664,0.7645,0.7695,0.37566668,0.458,0.7265,0.5195,0.64283335,0.46199998,0.25483334,0.62,0.8676666,0.84250003,0.57850003,0.33666667,0.6803333,0.018833334,0.489,0.661,0.4075,0.8925,0.473,0.7235,0.47500002,0.18200001,0.80350006,0.705,0.87666667,0.49633333,0.7261667,0.6545,0.72283334,0.1745,0.6678333,0.333,0.7008333,0.85300004,0.12866667,0.8246666,0.38300002,0.20433334,0.5945834,0.59933335,0.9393333,0.76416665,0.6281667,0.558,0.74983335,0.30566666,0.66283333,0.5488333,0.5298333,0.22566666,0.19433334,0.742,0.6753334,0.73183334,0.4475,0.023166668,0.37383333,0.30633333,0.5373333,0.5966667,0.94883335,0.65699995,0.009833334,0.35466668,0.33383334,0.4805,0.27133334,0.5756667,0.34616667,0.367,0.70500004,0.7078333,0.26583332,0.9376667,0.4521667,0.83966666,0.66183335,0.8431667,0.8281666,0.9375,0.5445,0.16533333
BC2026_Train_0004_S08_20250607_070007_55,0.7805,0.9045,0.7365,0.14483334,0.8958334,0.8071667,0.111833334,0.44258332,0.593,0.031,0.167,0.53966665,0.3565,0.7875,0.7305,0.46583334,0.5615,0.96266663,0.26583335,0.92766666,0.4525,0.581,0.124,0.3235,0.2195,0.047166668,0.3631667,0.0875,0.81983334,0.0655,0.732,0.6388333,0.95833325,0.4145,0.64683336,0.5666667,0.79150003,0.90816665,0.9366667,0.7428333,0.9098333,0.93500006,0.6791667,0.682,0.9238334,0.9238334,0.83633333,0.9543333,0.91400003,0.9061667,0.7341667,0.72866666,0.73800004,0.79499996,0.76666665,0.21666667,0.35799998,0.27433333,0.47500002,0.89383334,0.44866666,0.4838333,0.55766666,0.33333334,0.39316666,0.37316668,0.7336667,0.4705,0.69016665,0.70183337,0.34766665,0.49033332,0.9551667,0.9191667,0.5026667,0.24433333,0.35716668,0.82949996,0.4005,0.9191667,0.9228333,0.89266664,0.60033333,0.986,0.8403334,0.6676667,0.38349998,0.45316666,0.77849996,0.9103333,0.12816666,0.47416666,0.94783336,0.9425,0.27916667,0.2505,0.763,0.9181667,0.69883335,0.77566665,0.6166667,0.95266664,0.55766666,0.07366667,0.044333335,0.86233336,0.66833335,0.43316668,0.5165,0.4075,0.599,0.17466667,0.31425,0.5851667,0.8028333,0.7068333,0.73950005,0.67983335,0.63116664,0.86283326,0.917,0.90166664,0.43116665,0.7705,0.07033333,0.9098333,0.972,0.919,0.534,0.6053333,0.59283334,0.42549998,0.79983336,0.8021667,0.48416668,0.95266664,0.92316663,0.3285,0.74450004,0.1875,0.80883336,0.82133335,0.611,0.91999996,0.27316666,0.94966674,0.8516666,0.52133334,0.9785,0.792,0.8473333,0.735,0.5315,0.43333334,0.87583333,0.64166665,0.67116666,0.83,0.37150002,0.68700004,0.7811667,0.9785,0.7213333,0.6915,0.76233333,0.29833335,0.7065,0.7551667,0.43933332,0.93500006,0.768,0.8711667,0.55866665,0.36416665,0.94,0.48833334,0.95699996,0.59900004,0.7346667,0.78716666,0.7965,0.32633334,0.7538333,0.5248333,0.8275,0.8301667,0.2035,0.9598333,0.53183335,0.0315,0.65933335,0.6555,0.9221667,0.6633333,0.8553333,0.7668333,0.79316664,0.40183333,0.90583336,0.81450003,0.65166664,0.5136666,0.31833333,0.6265,0.7738334,0.9071667,0.35033333,0.052833334,0.40866667,0.30833334,0.61333334,0.5391667,0.9705,0.78783333,0.075500004,0.35383332,0.44683334,0.6638334,0.29883334,0.646,0.442,0.45516664,0.85366666,0.8113333,0.435,0.92316663,0.65099996,0.8341667,0.8578334,0.90466666,0.77783334,0.9675,0.6626667,0.251
BC2026_Train_0004_S08_20250607_070007_60,0.8416667,0.8921666,0.8323333,0.22783333,0.91533333,0.9178333,0.25550002,0.8001666,0.66933334,0.08733334,0.26033333,0.6928333,0.55766666,0.93616664,0.9651667,0.56333333,0.768,0.91933334,0.36516666,0.9696667,0.5465,0.5666667,0.8281666,0.4565,0.31316665,0.3541667,0.4683333,0.25716665,0.8083334,0.13383333,0.75799996,0.6373333,0.95416665,0.4115,0.7223333,0.57316667,0.77150005,0.8495,0.9676666,0.7161666,0.87666667,0.95683336,0.7123333,0.64266664,0.946,0.946,0.8415,0.95416665,0.90133333,0.83066666,0.75783336,0.74983335,0.7605,0.7821667,0.79583335,0.4625,0.38516665,0.306,0.8553333,0.7155,0.5618333,0.84499997,0.62916666,0.49683332,0.545,0.569,0.7765,0.4328333,0.60733336,0.63933337,0.57516664,0.69266665,0.9583333,0.80683327,0.43483335,0.2866667,0.50866663,0.88883334,0.5498333,0.9038334,0.914,0.9468333,0.6778334,0.97966665,0.9371667,0.9168334,0.52033335,0.62983334,0.684,0.88133335,0.42150003,0.81883335,0.96416664,0.9248333,0.6455,0.6311667,0.7475,0.86483335,0.5196667,0.8041667,0.6625,0.96833336,0.5473333,0.19749999,0.2025,0.8976667,0.7046667,0.83449996,0.62666667,0.6421667,0.7166667,0.37916666,0.58683336,0.6311667,0.7676667,0.79216665,0.7428333,0.8031667,0.76049995,0.786,0.8905,0.87666667,0.56700003,0.786,0.2405,0.93850005,0.8986667,0.89699996,0.59216666,0.49716666,0.7328334,0.5668334,0.813,0.8510001,0.58133334,0.98399997,0.82383335,0.4698333,0.8661667,0.25483334,0.84316665,0.7876667,0.84066665,0.9723334,0.2245,0.9248333,0.9328333,0.70316666,0.9353333,0.8841666,0.9088334,0.8923334,0.736,0.6961667,0.9141667,0.75233334,0.629,0.84533334,0.44449997,0.91583335,0.7525,0.96750003,0.6835,0.8085,0.8573333,0.1495,0.58433336,0.9425,0.59816664,0.9241667,0.74866664,0.85983336,0.7468333,0.67583334,0.9525,0.71150005,0.9875,0.6788333,0.82916665,0.85683334,0.9711667,0.45616665,0.83033335,0.75333333,0.82133335,0.6655,0.43316668,0.9835,0.8728334,0.046666667,0.7925,0.6453333,0.978,0.7243333,0.97216666,0.9306667,0.80999994,0.52400005,0.91583335,0.85950005,0.76133335,0.8025,0.7381667,0.6313333,0.89366674,0.944,0.4755,0.19733334,0.6076667,0.348,0.7385,0.537,0.92850006,0.80850005,0.13533333,0.35816666,0.5313333,0.8818333,0.3635,0.72816664,0.5951667,0.42233333,0.8525,0.83966666,0.50049996,0.8128333,0.8003334,0.87049997,0.90283334,0.9253334,0.8776667,0.98583335,0.7556667,0.31666666
BC2026_Train_0005_S08_20250607_070007_5,0.74666667,0.8933333,0.8311667,0.326,0.8125,0.8375,0.33966666,0.41183335,0.5568333,0.26016665,0.26066667,0.8833333,0.80450004,0.85416675,0.8818333,0.4505,0.5205,0.7776667,0.106000006,0.6956667,0.5525,0.62516665,0.7211667,0.6916666,0.25533333,0.45283332,0.71666664,0.4885,0.9571667,0.3735,0.824,0.71266663,0.8796667,0.6445,0.88366663,0.7521667,0.6688333,0.71183336,0.87399995,0.6943333,0.8435,0.8696667,0.7748333,0.72599995,0.9655,0.9655,0.8225,0.88816667,0.8655,0.73016673,0.8073333,0.8073333,0.80466664,0.79933333,0.781,0.6041667,0.49566668,0.18983333,0.93916667,0.75533336,0.363,0.6255,0.6023333,0.2945,0.40683335,0.61516666,0.6383333,0.3725,0.70783335,0.5101667,0.76900005,0.6461667,0.9138333,0.6583333,0.89683336,0.7431667,0.74666667,0.96,0.79649997,0.78666663,0.962,0.8691667,0.73333335,0.9801667,0.9141667,0.8116666,0.87866664,0.612,0.94483334,0.91966665,0.22083333,0.894,0.9073333,0.5656667,0.53400004,0.669,0.7708333,0.6676667,0.7181667,0.88350004,0.79616666,0.98899996,0.6255,0.2776667,0.132,0.9328333,0.8001666,0.9915,0.96099997,0.75483334,0.9225,0.38300002,0.91966665,0.52816665,0.8025,0.8468333,0.8103333,0.59283334,0.68983334,0.9036667,0.8688333,0.91533333,0.7125,0.9916667,0.26099998,0.977,0.68333334,0.87416667,0.77933335,0.46699998,0.94816667,0.8883333,0.85599995,0.91349995,0.94966674,0.87250006,0.8021667,0.58199996,0.9651667,0.044833332,0.5873333,0.78050005,0.93883336,0.9875,0.34416667,0.9151667,0.9598333,0.55149996,0.653,0.772,0.9943333,0.9156667,0.9455,0.8401666,0.9131667,0.8974999,0.7773334,0.87733334,0.7046667,0.83349997,0.7406666,0.8974999,0.633,0.72866666,0.9451667,0.27683333,0.52966666,0.95783335,0.8765,0.9743333,0.849,0.9515,0.776,0.74116665,0.9643334,0.417,0.9918333,0.6556667,0.9710001,0.73583335,0.9878334,0.5118333,0.91433334,0.949,0.9073333,0.88949996,0.80866665,0.98766667,0.80149996,0.08416667,0.89699996,0.7985,0.64199996,0.8688333,0.9943333,0.91433334,0.924,0.7073333,0.793,0.7033333,0.52633333,0.9825,0.87516665,0.81416667,0.939,0.8895,0.7406667,0.61883336,0.82033336,0.6728333,0.799,0.7211667,0.99333334,0.90700006,0.087,0.5096667,0.6825,0.814,0.7011666,0.974,0.71783334,0.86800003,0.996,0.9835,0.5855,0.74583334,0.85866666,0.8903333,0.9835,0.9685,0.8768334,0.93516666,0.9396666,0.41566664
BC2026_Train_0005_S08_20250607_070007_10,0.67333335,0.82266665,0.825,0.33116665,0.875,0.96266663,0.38866666,0.47566664,0.5356667,0.26366666,0.28133333,0.66466665,0.72466666,0.79583335,0.8958334,0.49899998,0.5543333,0.72566664,0.1365,0.7963333,0.6073333,0.6185,0.804,0.8031666,0.24716666,0.57666665,0.6461666,0.474,0.9536667,0.35366666,0.823,0.717,0.8753333,0.5908333,0.86333334,0.70233333,0.65583336,0.6818334,0.91658336,0.678,0.85449994,0.9138333,0.76400006,0.6983334,0.9781667,0.97950006,0.8028333,0.8696667,0.85433334,0.6821667,0.8003334,0.7906667,0.7906667,0.8940834,0.78533334,0.825,0.4895,0.24383333,0.8416667,0.8918333,0.35166663,0.41883332,0.5625,0.30716667,0.72983336,0.691,0.50333333,0.45499998,0.706,0.6105,0.7001667,0.7925,0.93016666,0.6135,0.6763333,0.6913333,0.7723333,0.89266664,0.37,0.8243333,0.95266664,0.8886667,0.7618333,0.85183334,0.89900005,0.86149997,0.8308333,0.60366666,0.9098333,0.9241666,0.29883334,0.8265,0.7266667,0.55083334,0.5858333,0.7173333,0.73125,0.6861667,0.6813333,0.73,0.615,0.9971667,0.7583333,0.32316667,0.16966666,0.8466667,0.888,0.93233335,0.86016667,0.7798334,0.8886666,0.50533336,0.85150003,0.46449998,0.857,0.88250005,0.861,0.58383334,0.90933335,0.8148333,0.8696667,0.967,0.62483335,0.93100005,0.19283333,0.9766667,0.7326667,0.91199994,0.79583335,0.6421666,0.9223333,0.8946667,0.95233333,0.86466664,0.8496667,0.85733336,0.804,0.7421667,0.96316665,0.08833333,0.48083335,0.66366667,0.9268333,0.9551667,0.36966664,0.94983333,0.99866664,0.56949997,0.60300004,0.68016666,0.9831667,0.8974999,0.9425,0.75600004,0.86700004,0.8743334,0.87216663,0.9413333,0.704,0.801,0.6575,0.9726666,0.6563333,0.97566664,0.902,0.37933332,0.6115,0.98916674,0.8616667,0.89900005,0.7136667,0.9918333,0.6951667,0.8886666,0.98066664,0.42900002,0.99300003,0.6853333,0.9328333,0.70416665,0.96633327,0.5783333,0.8688333,0.9171667,0.9301667,0.85833335,0.5956667,0.96683335,0.86016667,0.33666664,0.8201667,0.7431667,0.6471666,0.78283334,0.9705,0.96633327,0.8746667,0.5976666,0.822,0.78283334,0.56266665,0.97083336,0.88,0.83033335,0.9878334,0.8685,0.67149997,0.38950002,0.9356667,0.47516665,0.72900003,0.66533333,0.8666667,0.96266663,0.1145,0.73083335,0.5993333,0.8956667,0.71683335,0.9775,0.7221667,0.69916666,0.92966676,0.965,0.63616663,0.6533333,0.938,0.9195,0.9536667,0.9471667,0.7536667,0.98066664,0.90300006,0.53550005
BC2026_Train_0005_S08_20250607_070007_15,0.639,0.9278334,0.8225,0.25766665,0.8041667,0.61266667,0.23916666,0.18349999,0.41916668,0.27516666,0.22783333,0.7706667,0.5875,0.8000001,0.7583333,0.42683333,0.38349998,0.5426667,0.08766667,0.5575,0.52,0.3823333,0.47766665,0.4681667,0.14466667,0.23283333,0.653,0.3585,0.9823333,0.22549999,0.7863333,0.58183336,0.8991667,0.64750004,0.78966665,0.7048333,0.6596667,0.6943333,0.8951667,0.66583335,0.8655,0.8755,0.65933335,0.59916663,0.9596666,0.95833325,0.8153333,0.89500004,0.864,0.69299996,0.69033337,0.6996666,0.69283336,0.792,0.7935,0.43333334,0.43766665,0.14,0.774,0.75233334,0.18816666,0.19366667,0.3915,0.23633334,0.39866668,0.425,0.57549995,0.2375,0.69766665,0.5251667,0.53183335,0.61983335,0.8531667,0.8171667,0.90433335,0.63366663,0.88250005,0.8921666,0.46633333,0.75166667,0.94949996,0.97766674,0.6586667,0.7521667,0.84466666,0.78075,0.6956667,0.41866666,0.8811667,0.8591666,0.06716666,0.84,0.8513333,0.5221667,0.5681667,0.6998334,0.6206667,0.7453333,0.55583334,0.8205,0.7435,0.94233334,0.8858334,0.153,0.125,0.77650005,0.81083333,0.8641666,0.854,0.5753333,0.84749997,0.2595,0.7553333,0.43899998,0.839,0.8208334,0.7071667,0.5908333,0.7776667,0.8833333,0.85116667,0.9095,0.6523333,0.98466665,0.12566666,0.95350003,0.40566665,0.98483336,0.79433334,0.75600004,0.912,0.8415,0.84216666,0.8655,0.816,0.96099997,0.8756667,0.4225,0.9428333,0.040666666,0.4525,0.7396667,0.9511667,0.93883336,0.41466668,0.90933335,0.96416664,0.60683334,0.56583333,0.357,0.97599995,0.8198334,0.92333335,0.77500004,0.9106667,0.8566667,0.73183334,0.87,0.6423334,0.625,0.62366664,0.90516675,0.48250002,0.7478333,0.869,0.067,0.57199997,0.996,0.65716666,0.92366666,0.6306667,0.9586667,0.783,0.722,0.9613333,0.20083332,1.0,0.65083337,0.94149995,0.77966666,0.9278334,0.514,0.8263333,0.77716666,0.87783337,0.83816665,0.6205,0.94033337,0.5466666,0.629,0.824,0.7046667,0.59749997,0.80883336,0.91400003,0.9150001,0.8835,0.43366665,0.75399995,0.82316667,0.63250005,0.9563334,0.8003333,0.9853333,0.93916667,0.83833337,0.67833334,0.57916665,0.98066664,0.322,0.65250003,0.6636667,0.7841667,0.8846667,0.041,0.8781667,0.5478333,0.8591666,0.6551666,1.0,0.56025004,0.6296667,0.9696667,0.9611666,0.56583333,0.8651667,0.786,0.89250004,0.92266667,0.9946667,0.848,0.98366666,0.8271667,0.38216665
BC2026_Train_0005_S08_20250607_070007_20,0.7003333,0.978,0.92966664,0.34866667,0.62916666,0.6063334,0.10316667,0.0955,0.40249997,0.14666668,0.185,0.93016666,0.5413333,0.6166667,0.5585,0.30566666,0.24416667,0.49650002,0.032333333,0.4633333,0.28766665,0.34666666,0.26133335,0.6576666,0.07283333,0.059833333,0.60183334,0.55883336,0.9303333,0.2305,0.79833335,0.5478333,0.9188333,0.71416664,0.87049997,0.7446667,0.6778333,0.74883336,0.92149997,0.781,0.87233335,0.91550004,0.76033336,0.5705,0.99333334,0.99333334,0.90849996,0.9286667,0.8793333,0.8466667,0.7848333,0.7915,0.7875,0.88016665,0.84466666,0.23333333,0.46033332,0.096,0.46233332,0.458,0.22733334,0.13533333,0.32733333,0.25349998,0.307,0.22283334,0.5793333,0.13133334,0.6538333,0.7165,0.4861667,0.36966667,0.75383335,0.643,0.95816666,0.6663334,0.7005,0.8948333,0.35466668,0.68149996,0.91583335,0.93916667,0.5965,0.371,0.8196666,0.7671667,0.76133335,0.30116668,0.7511667,0.7225,0.040833335,0.7425,0.77183336,0.41533333,0.28899997,0.37050003,0.7478333,0.69,0.50049996,0.76633334,0.66933334,0.9171667,0.797,0.07066667,0.041,0.7655,0.6408334,0.64900005,0.74750006,0.52066666,0.84099996,0.13233334,0.5948333,0.44449997,0.7805,0.7593333,0.61866665,0.46449998,0.43616667,0.8858334,0.77599996,0.87366676,0.588,0.9861667,0.10216667,0.949,0.48,0.9685,0.73349994,0.5755,0.95233333,0.48283333,0.66791666,0.8616667,0.73550004,0.7521666,0.8036667,0.44333333,0.8445,0.0165,0.402,0.6485,0.8496667,0.90400004,0.28783333,0.85566664,0.8085,0.45,0.50366664,0.43750003,0.96466666,0.75083333,0.804,0.6423333,0.9375,0.7833333,0.48999998,0.6096667,0.5936667,0.53666663,0.62416667,0.82316667,0.30066666,0.61016667,0.8621667,0.035333335,0.31266665,0.96033335,0.4435,0.962,0.477,0.90999997,0.6166667,0.5833333,0.87299997,0.17033333,0.9791667,0.5521667,0.9598333,0.7661667,0.78533334,0.45716667,0.8211667,0.69383335,0.89050007,0.6448333,0.59066665,0.8391667,0.36166665,0.3025,0.815,0.7535,0.35583332,0.73716664,0.85366666,0.7391667,0.85716665,0.45216668,0.49833333,0.637,0.5743333,0.714,0.56633335,0.79616666,0.79766667,0.7076667,0.51316667,0.63383335,0.80183333,0.35216668,0.57,0.63666666,0.7151667,0.91116667,0.020333333,0.75816673,0.541,0.6961667,0.552,0.9035,0.49266666,0.5485,0.902,0.92966664,0.404,0.81583333,0.60933334,0.746,0.89050007,0.985,0.7706667,0.83100003,0.79733336,0.45516664
BC2026_Train_0005_S08_20250607_070007_25,0.73483336,0.92758334,0.794,0.19483332,0.7708333,0.5045,0.1495,0.2085,0.50783336,0.15316667,0.28433335,0.755,0.38000003,0.6958333,0.78333336,0.42016664,0.32966667,0.55,0.074999996,0.56,0.38716668,0.7131667,0.3705,0.41183335,0.19783333,0.08183333,0.6588333,0.222,0.8755,0.12116666,0.7555001,0.49616668,0.8875,0.5663333,0.81816673,0.62450004,0.6125,0.82383335,0.83516663,0.66533333,0.8995,0.84566665,0.6703334,0.50416666,0.98583335,0.98583335,0.8538334,0.9045,0.883,0.89716667,0.69033337,0.6916667,0.689,0.7876667,0.8369167,0.23750001,0.38866666,0.18333334,0.39266667,0.34233335,0.42416668,0.10733333,0.31,0.33983332,0.27633333,0.23216666,0.60183334,0.18766665,0.6533333,0.489,0.54683334,0.39033332,0.90650004,0.9166666,0.87783337,0.8348333,0.72900003,0.92833334,0.46266666,0.73899996,0.9878334,0.97249997,0.7473333,0.36650002,0.81233335,0.70266664,0.728,0.6626667,0.7096667,0.87516665,0.09566666,0.66083336,0.78533334,0.53183335,0.718,0.3765,0.92433333,0.66116667,0.8918333,0.93516666,0.5426667,0.931,0.5936667,0.049833335,0.0235,0.93116665,0.7683333,0.80583334,0.84433335,0.57533336,0.8,0.40616667,0.64916664,0.39450002,0.77250004,0.80733335,0.445,0.578,0.42366666,0.97083336,0.7805,0.95383334,0.65066665,0.9328333,0.07833333,0.9733333,0.68633336,0.91466665,0.6703333,0.34716666,0.82,0.7741667,0.6265,0.9253334,0.7906667,0.8121667,0.6656667,0.36900002,0.7558333,0.008166667,0.29716665,0.8286666,0.8463333,0.91349995,0.1925,0.86083335,0.854,0.5171667,0.64066666,0.60983336,0.91866666,0.8588333,0.8715,0.59208333,0.9863334,0.8266667,0.7513333,0.8428333,0.63750005,0.57766664,0.70066667,0.9268333,0.39683333,0.7921666,0.9546666,0.033666667,0.62833333,0.87916666,0.62833333,0.8255,0.5768333,0.98483336,0.76216674,0.72283334,0.9625,0.236,0.9546666,0.54066664,0.9316667,0.6256667,0.8031666,0.5223333,0.9213333,0.912,0.9741667,0.87866664,0.665,0.89683336,0.38833332,0.027166666,0.7715,0.6745,0.56049997,0.91233337,0.9125,0.92183334,0.8333333,0.46116665,0.7863333,0.7416667,0.50166667,0.7431667,0.7145,0.7723334,0.82016665,0.8658333,0.6985,0.18249999,0.6875,0.58533335,0.68083334,0.7116667,0.72,0.9775,0.0135,0.29766667,0.595,0.6816667,0.43950003,0.88733333,0.67399997,0.6446667,0.834,0.8528334,0.78050005,0.77666664,0.728,0.7831667,0.94200003,0.986,0.70183337,0.9656667,0.81266665,0.3145
BC2026_Train_0005_S08_20250607_070007_30,0.83250004,0.9446667,0.888,0.27716666,0.7416667,0.6341666,0.15866667,0.31550002,0.5071666,0.15666667,0.24533334,0.90250003,0.4615,0.77916664,0.8208333,0.5531667,0.30116665,0.63816667,0.0985,0.77150005,0.34633332,0.47833335,0.38633332,0.5258333,0.23183332,0.15216666,0.6861667,0.42466664,0.882,0.2528333,0.7298333,0.5268333,0.92,0.63933337,0.82133335,0.6665,0.6685,0.79433334,0.85833335,0.634,0.8945,0.87,0.709,0.54066664,0.99300003,0.99300003,0.916,0.92833334,0.8875,0.89666665,0.72366667,0.73183334,0.7305,0.82649994,0.84566665,0.2625,0.43466666,0.1275,0.6533333,0.47966665,0.45616665,0.24383333,0.46766666,0.27449998,0.33699998,0.29566666,0.6921667,0.27316666,0.7485,0.60866666,0.58416665,0.47833332,0.93733335,0.71241665,0.8625001,0.66050005,0.83533335,0.9431666,0.404,0.75399995,0.97033334,0.89900005,0.75450003,0.42283335,0.8638333,0.64633334,0.8435,0.75333333,0.73733336,0.95066667,0.163,0.75049996,0.8435,0.53816664,0.7658333,0.40033332,0.94083333,0.75283337,0.982,0.9091667,0.6226667,0.9343333,0.5966667,0.095,0.108500004,0.9575,0.70266664,0.77900004,0.96833336,0.7313333,0.8508333,0.29766667,0.69616663,0.4175,0.7646667,0.8643334,0.6713333,0.555,0.47950003,0.99866664,0.8023333,0.94200003,0.7801666,0.91400003,0.1025,0.944,0.8301667,0.9228333,0.6898333,0.35766667,0.90466666,0.95100003,0.6901667,0.9486667,0.9295,0.8028333,0.65783334,0.33433333,0.7928333,0.09266667,0.50049996,0.8118333,0.80233335,0.95699996,0.25816667,0.8423333,0.7756667,0.53083336,0.76666665,0.725,0.9393333,0.78366673,0.978,0.6041667,0.9931667,0.8613333,0.6728333,0.8146667,0.62233335,0.5881667,0.8196666,0.8973333,0.42183334,0.7316667,0.96616673,0.054166667,0.6835,0.88166666,0.588,0.8548333,0.7636666,0.9655,0.78400004,0.6393333,0.9561667,0.29583332,0.91583335,0.5295,0.94483334,0.71216667,0.8303333,0.50699997,0.9291667,0.97933334,0.9501667,0.73183334,0.5898333,0.96716666,0.42916667,0.025666667,0.845,0.71750003,0.7425,0.98766667,0.92,0.9228333,0.8713333,0.51100004,0.7305,0.7431667,0.7346667,0.7666667,0.77666664,0.9763334,0.8266667,0.8856667,0.6365,0.2643333,0.6211667,0.601,0.7711667,0.56649995,0.8103333,0.8806667,0.044,0.4536667,0.473,0.6235,0.5556666,0.8985,0.6275,0.47966665,0.8365,0.84466666,0.9306667,0.8153333,0.7695,0.7648334,0.94883335,0.9875,0.8178333,0.948,0.94916666,0.38050002
BC2026_Train_0005_S08_20250607_070007_35,0.7811667,0.9003334,0.80999994,0.33566666,0.7,0.5758333,0.20033333,0.31233335,0.46583334,0.10666667,0.229,0.62916666,0.47166666,0.8943333,0.85150003,0.6041667,0.29916668,0.6253333,0.12266667,0.6535,0.3195,0.43933332,0.33216667,0.48616666,0.40333337,0.148,0.7815,0.234,0.8485,0.14,0.68983334,0.56416667,0.9061667,0.688,0.79933333,0.64816666,0.69166666,0.77683336,0.82633334,0.6621667,0.86716664,0.8341667,0.71716666,0.57316667,0.99450004,0.99450004,0.90816665,0.9213333,0.88633335,0.853,0.72683334,0.7281667,0.73483336,0.7561667,0.82783335,0.2875,0.41899997,0.07266667,0.44483337,0.55233335,0.36866665,0.1475,0.5205,0.27966666,0.25083333,0.33466667,0.64533335,0.3383333,0.6475,0.51883334,0.6053333,0.53683335,0.89133334,0.8555,0.921,0.75783336,0.86583334,0.9655,0.35333335,0.77316666,0.9826667,0.9681667,0.73766667,0.8655,0.9183333,0.75266665,0.89183336,0.83833337,0.8255,0.89066666,0.12516667,0.73550004,0.87833333,0.6038333,0.62483335,0.42583334,0.8895,0.7436667,0.9781667,0.98099995,0.6983333,0.89066666,0.43899998,0.12066667,0.064,0.9648334,0.73516667,0.76049995,0.97,0.7136666,0.93466663,0.17699999,0.7325,0.49916667,0.74249995,0.9015,0.8068333,0.63100004,0.57483333,0.9971667,0.8203333,0.9063333,0.6656667,0.93299997,0.168,0.94449997,0.86333334,0.95183337,0.7678333,0.37683332,0.8321667,0.875,0.719,0.9221667,0.93733335,0.8948333,0.6868333,0.35866666,0.8323333,0.059666667,0.4095,0.85716665,0.8613333,0.9685,0.156,0.87983334,0.74216664,0.61983335,0.621,0.84000003,0.97950006,0.8115,1.0,0.6756667,0.974,0.85150003,0.72483337,0.70416665,0.7443333,0.5426667,0.93916667,0.907,0.584,0.6591667,0.98099995,0.156,0.50483334,0.8811667,0.64033335,0.97249997,0.8755,0.9503333,0.7936667,0.5848333,0.89316666,0.15283333,0.9268333,0.51283336,0.9778334,0.6066667,0.839,0.60599995,0.95699996,0.98899996,0.7416667,0.73899996,0.74399996,0.93299997,0.562,0.041166667,0.8948333,0.76166666,0.7825,0.9428333,0.9156667,0.92233336,0.9328333,0.47649997,0.8336667,0.6491667,0.5848333,0.83500004,0.8966667,0.72783333,0.8578333,0.89849997,0.79066664,0.4863333,0.80016667,0.6343334,0.7285,0.6935,0.77933335,0.8768334,0.05216667,0.5046667,0.64,0.71066666,0.478,0.9141667,0.726,0.46,0.8476667,0.92233336,0.72416663,0.82416666,0.77716666,0.68516666,0.9823333,0.9958334,0.8171666,0.9191667,0.94616663,0.348
BC2026_Train_0005_S08_20250607_070007_40,0.752,0.85983336,0.824,0.27966666,0.7291667,0.67108333,0.43333334,0.481,0.46933335,0.18533334,0.2585,0.6681667,0.65783334,0.8998333,0.964,0.85150003,0.447,0.6993333,0.16633333,0.7715,0.40966666,0.6243334,0.5886667,0.7075,0.6948333,0.43766665,0.99050003,0.3585,0.9368333,0.26266667,0.63750005,0.6421667,0.8681667,0.7385,0.85683334,0.7215,0.6358333,0.73016673,0.717,0.6361667,0.8556667,0.7181667,0.75799996,0.638,0.9705,0.9705,0.8261666,0.89199996,0.8581667,0.81166667,0.7595,0.74866664,0.7581667,0.68983334,0.8321667,0.4875,0.445,0.08083333,0.7956667,0.69,0.3175,0.3105,0.49483332,0.28066668,0.34716666,0.46833333,0.551,0.4095,0.8118333,0.6813333,0.78050005,0.61750007,0.83716667,0.67466664,0.9918333,0.67583334,0.85866666,0.95683336,0.1995,0.82933336,0.9595,0.8255,0.78783333,0.9536667,0.96066666,0.9433334,0.735,0.57766664,0.92433333,0.8035,0.20983332,0.8143333,0.94816667,0.60649997,0.44333333,0.7273333,0.81766665,0.76433337,0.7591667,0.9278334,0.73433334,0.93866664,0.72150004,0.288,0.024666667,0.9371667,0.7573334,0.8876667,0.9333333,0.7238333,0.79683334,0.36466664,0.7223333,0.4166667,0.65166664,0.854,0.54966664,0.725,0.6168333,0.93950003,0.841,0.9316667,0.74633336,0.9751667,0.433,0.9255,0.736,0.9696667,0.82799995,0.44116667,0.8673333,0.7185,0.75191665,0.9336667,0.91283333,0.7441667,0.8851667,0.46933335,0.91033334,0.058333334,0.33483332,0.63100004,0.9195,0.9125,0.254,0.96333337,0.8265,0.6128334,0.57449996,0.67850006,0.98916674,0.832,0.99050003,0.7553333,0.9710001,0.88383335,0.6498333,0.8355,0.79866666,0.62583333,0.79733336,0.86016667,0.57683337,0.6085,0.92700005,0.06066667,0.4475,0.9246667,0.72416663,0.9946667,0.72,0.9585,0.643,0.49666664,0.905,0.4695,0.9395,0.5486667,1.0,0.76783335,0.931,0.6648333,0.9181667,0.97950006,0.8758333,0.88400006,0.773,0.93050003,0.75016665,0.10216667,0.74983335,0.8131667,0.6135,0.9486667,0.93500006,0.97150004,0.906,0.50916666,0.75541663,0.7906667,0.5068334,0.8608334,0.9356666,0.65216666,0.90133333,0.8976667,0.8415,0.98066664,0.795,0.52066666,0.66033334,0.5545,0.8345,0.829,0.04616667,0.49416664,0.6576667,0.80716664,0.6336667,0.9701667,0.74266666,0.6615,0.9688333,0.9695,0.60966665,0.79700005,0.7798334,0.80183333,0.97766674,0.9723334,0.94783336,0.8423333,0.98366666,0.35683334
BC2026_Train_0005_S08_20250607_070007_45,0.767,0.87100005,0.8638333,0.23983333,0.6625,0.8268333,0.47783333,0.38466668,0.52550006,0.2445,0.21116665,0.8655,0.52133334,0.7416667,0.8653333,0.78900003,0.3855,0.579,0.16549999,0.736,0.36550003,0.52199996,0.40033334,0.5058333,0.5111667,0.22583333,0.9005,0.319,0.8933333,0.22383332,0.6963333,0.56266665,0.8974999,0.646,0.8325,0.703,0.6343333,0.77183336,0.77466667,0.78333336,0.901,0.77166665,0.6828333,0.5746667,0.97766674,0.97766674,0.87399995,0.91150004,0.8831667,0.8501667,0.69483334,0.69883335,0.69883335,0.77133334,0.8373333,0.3,0.48333335,0.04,0.73,0.4905,0.32333332,0.26083332,0.39333335,0.20866667,0.35799998,0.36716664,0.48000002,0.45,0.78400004,0.75016665,0.66966665,0.4906667,0.7235,0.7745,0.93200004,0.6583333,0.8333333,0.928,0.3845,0.8551667,0.8831667,0.9475,0.73866665,0.87450004,0.9281666,0.92116666,0.767,0.57316667,0.7826667,0.77433336,0.11416666,0.7895833,0.9085,0.537,0.4745,0.5973333,0.80850005,0.8415,0.6815,0.9183333,0.64666665,0.908,0.6285,0.23633334,0.064833336,0.8375,0.74516666,0.86450005,0.7991667,0.6763333,0.71216667,0.33716667,0.65566665,0.477,0.6836667,0.7856667,0.512,0.6868333,0.41899997,0.9321667,0.8756666,0.90016663,0.7441667,0.9416667,0.26983333,0.93133336,0.8134999,0.9596666,0.7173333,0.6261667,0.8885,0.7465,0.8125,0.904,0.7838334,0.86983335,0.79658335,0.48366666,0.826,0.021666668,0.25666666,0.6555,0.83916664,0.8915,0.26933333,0.88983333,0.7905833,0.5226667,0.506,0.623,0.96033335,0.81,0.8991667,0.6905,1.0,0.8021667,0.54933333,0.8948333,0.72083336,0.71383333,0.8373333,0.8675,0.5913333,0.5955,0.92316663,0.08916666,0.6226667,0.91166663,0.5913333,0.96283334,0.5688333,0.9433334,0.7711667,0.6573334,0.898,0.394,0.92200005,0.5373333,0.962,0.788,0.78650004,0.5255,0.95533335,0.93733335,0.9573333,0.7916667,0.81766665,0.90466666,0.6385,0.2823333,0.7485833,0.67833334,0.413,0.87833333,0.88899994,0.9181667,0.87233335,0.41733333,0.8146667,0.7661667,0.37783334,0.84316665,0.83666664,0.53083336,0.8673333,0.8398333,0.74466664,0.83599997,0.7228333,0.29016668,0.56850004,0.5415,0.8696667,0.8308333,0.036666665,0.5876667,0.50166667,0.796,0.48333332,0.9631667,0.7251667,0.47583333,0.86599994,0.9368333,0.5556667,0.7815,0.689,0.8870001,0.9685,0.9655,0.74341667,0.8475,0.94449997,0.42650002
BC2026_Train_0005_S08_20250607_070007_50,0.59599996,0.852,0.7453333,0.231,0.43333334,0.5006667,0.1485,0.15883332,0.37266666,0.29816666,0.16983333,0.50733334,0.38233334,0.725,0.80016667,0.4466667,0.22749999,0.637,0.12916666,0.56416667,0.23966667,0.30583334,0.587,0.38950002,0.21149999,0.08866667,0.667,0.16216666,0.92116666,0.115666665,0.755,0.6928333,0.92966664,0.7201667,0.68916667,0.8603334,0.7485,0.81666666,0.93816674,0.887,0.911,0.916,0.6331667,0.7595,0.96666664,0.96666664,0.86899996,0.91050005,0.8918333,0.87866664,0.6706667,0.672,0.66533333,0.88,0.8431667,0.28333333,0.5208333,0.051,0.4765,0.36783335,0.2445,0.12816666,0.24566665,0.15716666,0.23266667,0.26466668,0.4498333,0.30966663,0.70533335,0.6406666,0.5926667,0.30033332,0.829,0.6325,0.90666664,0.7105,0.7033333,0.9698334,0.5336667,0.87399995,0.88100004,0.84300005,0.68733335,0.46950004,0.83799994,0.9775,0.75983334,0.54733336,0.74466664,0.9026667,0.07766667,0.8208333,0.74966663,0.60333335,0.40983334,0.31533334,0.7633333,0.8886666,0.7298333,0.86,0.78533334,0.8981667,0.78966665,0.24849999,0.17083333,0.9036667,0.6868333,0.74133337,0.80616665,0.79316664,0.9458333,0.45883334,0.648,0.6963333,0.6145,0.87266666,0.47633332,0.6441667,0.58383334,0.9598333,0.9503333,0.93149996,0.85733336,0.94616663,0.09216666,0.95900005,0.8286667,0.9903333,0.7658333,0.78466666,0.7575,0.7706667,0.79966664,0.9516666,0.7736667,0.7633333,0.81749994,0.42883337,0.82633334,0.1065,0.24033333,0.7281667,0.885,0.9256667,0.38116664,0.832,0.806,0.65316665,0.6865,0.7726667,0.96416664,0.851,0.8758334,0.70933336,0.96683335,0.83500004,0.68833333,0.8211667,0.64433336,0.5528333,0.7341667,0.8981667,0.46183333,0.64849997,0.98916674,0.29083335,0.74266666,0.83683336,0.77833337,0.83783334,0.56266665,0.93500006,0.75100005,0.7145,0.9395,0.31483334,0.9203334,0.5933333,0.97599995,0.81983334,0.8756667,0.5841667,0.9915,0.8068333,0.84033334,0.6421667,0.9108333,0.9178333,0.594,0.511,0.82333326,0.68483335,0.58566666,0.91033334,0.83349997,0.9698334,0.94366664,0.43883336,0.7575,0.6515,0.66483337,0.6813333,0.7816667,0.624,0.9068333,0.8473333,0.61866665,0.9831667,0.733,0.43175,0.7695,0.75366664,0.83349997,0.76216674,0.10583333,0.85333335,0.63783336,0.7986667,0.61383337,0.9228333,0.6515,0.577,0.79233336,0.90533334,0.5553334,0.98483336,0.67700005,0.7543334,0.95066667,0.9533333,0.8156667,0.87433326,0.8735,0.587
BC2026_Train_0005_S08_20250607_070007_55,0.7396667,0.85249996,0.76199996,0.37433332,0.6791667,0.7721666,0.18383333,0.2848333,0.3638333,0.28166667,0.22683333,0.5065,0.40150002,0.8125,0.9291667,0.42583334,0.27333334,0.83433336,0.111,0.774,0.41333333,0.44033334,0.46933335,0.48591667,0.12833333,0.23133333,0.6403333,0.17166667,0.9175,0.1415,0.7038333,0.61733335,0.9298333,0.6455,0.71383333,0.7151667,0.75583327,0.8496667,0.9218334,0.8501667,0.8988333,0.9011667,0.70650005,0.628,0.9608333,0.9608333,0.907,0.9245,0.90433335,0.91216666,0.7588333,0.752,0.74399996,0.7916667,0.8249167,0.34583333,0.5125,0.09116666,0.51233333,0.66283333,0.37066668,0.21566665,0.3615,0.2155,0.29083332,0.283,0.69633335,0.4913333,0.75049996,0.73399997,0.6638334,0.495,0.92833334,0.76,0.96266663,0.6371667,0.82633334,0.98083335,0.34216666,0.91533333,0.9631667,0.88916665,0.6931667,0.526,0.7721666,0.90000004,0.69200003,0.60033333,0.75783336,0.9635,0.139,0.6475,0.7706667,0.6321666,0.48950002,0.30949998,0.95916665,0.88899994,0.9601667,0.9733333,0.74866664,0.9353334,0.6931667,0.208,0.075333335,0.97966665,0.741,0.82266665,0.949,0.74899995,0.9763334,0.238,0.5973333,0.5323333,0.72783333,0.88633335,0.8093333,0.6066667,0.6508333,0.98899996,0.9695,0.9575,0.84416664,0.8983333,0.089833334,0.99333334,0.9698334,0.9958334,0.8045,0.6889167,0.7485,0.801,0.934,0.9378333,0.9126667,0.89849997,0.8676666,0.54300004,0.8448334,0.30249998,0.34433335,0.8943333,0.8496667,0.95183337,0.48000002,0.8843334,0.85999995,0.6678333,0.71316665,0.7921667,0.95299995,0.92350006,0.9103333,0.66616666,0.91433334,0.8638333,0.7765,0.6913333,0.70566666,0.55616665,0.8566667,0.9493333,0.5708333,0.6121667,0.99733335,0.415,0.594,0.8310001,0.8333334,0.8153333,0.86866665,0.9778334,0.7636666,0.5706667,0.93850005,0.32999998,0.9643334,0.62083334,0.944,0.755,0.87950003,0.5976667,0.94949996,0.894,0.9136667,0.82916665,0.7765,0.89066666,0.51883334,0.2575,0.87333333,0.70783335,0.68666667,0.97950006,0.86516666,0.90783334,0.91966665,0.4913333,0.803,0.61649996,0.68383336,0.68733335,0.856,0.6868333,0.92266667,0.9023333,0.71216667,0.7326667,0.72900003,0.67866665,0.8266667,0.6831666,0.8535,0.7738333,0.0725,0.70750004,0.6861667,0.7761667,0.42766666,0.9696667,0.58133334,0.6311667,0.94016665,0.88033336,0.7335,0.99450004,0.7443333,0.6241667,0.9958334,0.9433334,0.68416667,0.90549994,0.83100003,0.592
BC2026_Train_0005_S08_20250607_070007_60,0.713,0.7916667,0.79616666,0.26216668,0.87083334,0.5936667,0.2665,0.37566665,0.48033333,0.25016665,0.2805,0.6725,0.601,0.9095,0.982,0.6383333,0.512,0.8973333,0.14750001,0.87083334,0.5528333,0.77900004,0.5211667,0.7715,0.205,0.514,0.7348333,0.25783333,0.72800004,0.20449999,0.67466664,0.486,0.8581667,0.45983335,0.78,0.52666664,0.66583335,0.7338333,0.7136667,0.6358333,0.8693334,0.70533335,0.62,0.4913333,0.97933334,0.97933334,0.811,0.8653333,0.8678333,0.8113333,0.651,0.64283335,0.64816666,0.70483327,0.81266665,0.425,0.4535,0.219,0.76250005,0.96150005,0.517,0.30233333,0.46250004,0.379,0.7926667,0.48633334,0.7275001,0.5241667,0.74233335,0.6361667,0.7245,0.6998334,0.9656667,0.9281666,0.67700005,0.80916667,0.9335,0.9863334,0.5498333,0.8825,0.96666664,0.846,0.7485,0.85066664,0.85950005,0.47016665,0.8526667,0.542,0.84000003,0.962,0.28649998,0.62533337,0.8918333,0.6085,0.70033336,0.49016666,0.8333334,0.75733334,0.813,0.98083335,0.8111667,0.99866664,0.39166665,0.18400002,0.100999996,0.9221667,0.826,0.86833334,0.9175,0.64783335,0.92300004,0.32533336,0.7275,0.53533334,0.8378334,0.8791667,0.8811667,0.5668333,0.7901667,0.95533335,0.87333333,0.9863334,0.6596667,0.87166667,0.092,0.9835,0.8935,1.0,0.80550003,0.51666665,0.7825,0.8056667,0.91050005,0.8958334,0.8631667,0.8156667,0.84183335,0.41333336,0.90933335,0.1375,0.34883332,0.89783335,0.8588333,0.9566667,0.3845,1.0,0.9685,0.68216664,0.594,0.8448334,0.9571667,0.8741667,0.874,0.6166667,0.92716664,0.79933333,0.9206667,0.8831667,0.7048333,0.668,0.773,0.996,0.5815,0.8053333,0.96833336,0.119,0.6681667,0.92533326,0.9203334,0.7581667,0.73366666,1.0,0.6641667,0.77566665,0.97650003,0.30766666,0.98066664,0.7736667,0.9291667,0.70000005,0.96650004,0.8,0.9601667,0.9221667,0.76933336,0.8563333,0.67149997,0.9483334,0.5705,0.036666665,0.80149996,0.6591667,0.85733336,0.93316674,0.91316664,0.9186666,0.8735,0.5848333,0.95533335,0.7346667,0.7885001,0.83066666,0.8466667,0.7266667,0.9751667,0.8443334,0.7725,0.305,0.936,0.624,0.71966666,0.699,0.88733333,0.7636666,0.057166666,0.5205,0.66349995,0.7443333,0.6476667,0.89900005,0.6836667,0.69949996,0.9873333,0.9428333,0.61716664,1.0,0.91166663,0.7600833,0.98866665,0.9555,0.8435,0.96533334,0.89283335,0.5118333
BC2026_Train_0006_S09_20250828_000000_5,0.50883335,0.59983337,0.1135,0.3633333,0.4041667,0.6598333,0.29616666,0.13866666,0.119166665,0.38866666,0.32616666,0.08783334,0.12433334,0.34583333,0.38483334,0.15816666,0.050666668,0.76016665,0.15583333,0.3275,0.12266667,0.30866665,0.25966665,0.74549997,0.368,0.2865,0.62766665,0.4041667,0.58883333,0.28599998,0.7895,0.78400004,0.52216667,0.9916667,0.56083333,0.9733333,0.8953333,0.77683336,0.76858336,0.722,0.7316667,0.8703333,0.7353333,0.7813333,0.4971667,0.5025,0.6231667,0.426,0.5973333,0.6615,0.71216667,0.7136667,0.72433335,0.8656667,0.6388333,0.5875,0.8908333,0.38300002,0.56299996,0.24166666,0.27233332,0.2415,0.09233334,0.13783333,0.45183334,0.6433333,0.3495,0.32666668,0.74,0.31783333,0.8386667,0.797,0.8106667,0.68583333,0.8065,0.883,0.6695,0.68549997,0.7446667,0.6575,0.12616667,0.7741667,0.15766667,0.39466667,0.42133334,0.55399996,0.426,0.28149998,0.778,0.4976667,0.5426667,0.48766667,0.42583334,0.7266667,0.43899998,0.6235833,0.25483334,0.7186667,0.25733334,0.35483333,0.9571667,0.83033335,0.9873333,0.34583333,0.6545,0.56016666,0.69016665,0.4625,0.52783334,0.7418333,0.509,0.98450005,0.37150002,0.91216666,0.7008334,0.8043333,0.55466664,0.7865,0.5065,0.74516666,0.5096667,0.78300005,0.7703333,0.7195,0.24533334,0.36,0.63733333,0.6411667,0.633,0.8053333,0.3735,0.5451667,0.67766666,0.47750002,0.5808333,0.45333332,0.76166666,0.8163333,0.60599995,0.55733335,0.546,0.7753333,0.22783333,0.7615,0.52783334,0.36299998,0.87458336,0.49583334,0.73216665,0.5688333,0.15383333,0.4585,0.45083335,0.84066665,0.75750005,0.41583335,0.9453333,0.6356667,0.90216666,0.6063334,0.83783334,0.65283334,0.6565,0.88750005,0.69533336,0.658,0.9791667,0.67116666,0.742,0.5383333,0.7546667,0.5873333,0.5755,0.8535,0.62666667,0.27983332,0.40233332,0.5435,0.72533333,0.8081666,0.8055,0.8509166,0.83650005,0.7865,0.6575,0.59333336,0.95833325,0.6038333,0.69500005,0.7415,0.4836667,0.23916666,0.72866666,0.4881667,0.77349997,0.78183335,0.96716666,0.84983337,0.47899997,0.5513333,0.805,0.78433335,0.7188333,0.8016667,0.66283333,0.5433333,0.38266668,0.54066664,0.71716666,0.47433335,0.7105,0.948,0.623,0.38466668,0.39566666,0.96150005,0.88983333,0.57116663,0.7375,0.14016666,0.831,0.5873333,0.22116667,0.676,0.9045,0.77849996,0.47966665,0.7696667,0.682,0.47533333,0.55516666,0.66933334,0.4915,0.6441667
BC2026_Train_0006_S09_20250828_000000_10,0.35166666,0.598,0.101333335,0.30400002,0.70416665,0.7791667,0.31566668,0.08066666,0.10266667,0.29983336,0.27916667,0.09983333,0.21066667,0.20416665,0.3195,0.23416665,0.037,0.6843333,0.142,0.25016665,0.10983333,0.30800003,0.306,0.81383336,0.31333333,0.17983332,0.6081667,0.44133335,0.5258333,0.44966668,0.65183336,0.6641667,0.587,0.9083333,0.39383334,0.8736667,0.8361666,0.6311667,0.6473333,0.68116665,0.5488333,0.76933336,0.5811666,0.6828333,0.6065,0.628,0.5348333,0.40716666,0.50883335,0.54683334,0.5671666,0.5728333,0.57816666,0.8143333,0.5708333,0.6,0.9306667,0.23266667,0.6131667,0.1825,0.19150001,0.41133332,0.13833334,0.13933334,0.6038333,0.58316666,0.34616667,0.17466667,0.85950005,0.30133334,0.77849996,0.52933335,0.72150004,0.67300004,0.8201667,0.947,0.5111667,0.4901667,0.99016666,0.66849995,0.13916667,0.7125,0.0975,0.427,0.1505,0.6526667,0.48116666,0.21183333,0.65816665,0.51699996,0.41,0.5083333,0.458,0.767,0.6356667,0.7115,0.20983332,0.79733336,0.27066666,0.443,0.8933333,0.96599996,0.96666664,0.28683335,0.44066668,0.7855,0.70183337,0.55,0.40366668,0.67466664,0.4015,0.9228333,0.305,0.87216663,0.79216665,0.68916667,0.37833333,0.97166663,0.46616668,0.636,0.5,0.65933335,0.70416665,0.6626667,0.22516666,0.302,0.41416666,0.2945,0.4195,0.98466665,0.5345,0.6013334,0.7261667,0.4505,0.28149998,0.482,0.82766664,0.8505,0.72900003,0.4051667,0.60716665,0.62983334,0.18766667,0.47616667,0.6785,0.35583335,0.9766667,0.64283335,0.6495,0.5268333,0.14083333,0.23616666,0.28133333,0.6885,0.5448333,0.2465,0.96300006,0.6525,0.96283334,0.95233333,0.85716665,0.33099997,0.75600004,0.7578333,0.5758333,0.9015,0.9471667,0.7576667,0.8476666,0.3228333,0.64383334,0.39233333,0.5988333,0.8001666,0.744,0.27366665,0.5686667,0.34933335,0.5823333,0.7821667,0.70766664,0.742,0.9368333,0.6268333,0.7895,0.66466665,0.98866665,0.46083334,0.65599996,0.8476667,0.21316667,0.123500004,0.679,0.4985,0.7073333,0.717,0.9428333,0.70883334,0.44599998,0.89566666,0.51916665,0.7276667,0.8998333,0.9306667,0.579,0.27616668,0.26466668,0.5578333,0.71,0.5193333,0.5955,0.94149995,0.76133335,0.44183332,0.45416668,0.90250003,0.8613334,0.5988333,0.548,0.08033333,0.78900003,0.6518333,0.17766666,0.5368333,0.98899996,0.6855,0.52466667,0.91616666,0.57633334,0.20916666,0.5783334,0.56850004,0.40899998,0.40533334
BC2026_Train_0006_S09_20250828_000000_15,0.26083332,0.634,0.06866667,0.3426667,0.27916667,0.74883336,0.28649998,0.057499997,0.049666665,0.3325,0.22516666,0.09216666,0.12516667,0.17083333,0.3056667,0.27600002,0.021666668,0.6698333,0.32083333,0.18716666,0.055333335,0.5031667,0.12583333,0.52858335,0.371,0.24916667,0.57883334,0.5976666,0.5778333,0.37,0.6256667,0.65416664,0.61149997,0.86333334,0.37666667,0.8216667,0.8758333,0.6333333,0.5186667,0.72900003,0.524,0.622,0.55216664,0.66749996,0.39333335,0.40133333,0.464,0.31416667,0.4545,0.52583337,0.5478333,0.55216664,0.5535,0.604,0.65033334,0.56666666,0.966,0.15666667,0.43183333,0.1255,0.221,0.35083336,0.041833334,0.17683333,0.58766663,0.6288333,0.278,0.10383333,0.8746667,0.19516666,0.73249996,0.5481667,0.69449997,0.39616668,0.6778333,0.913,0.5721667,0.417,0.99450004,0.72900003,0.033666667,0.6166667,0.08583333,0.21283332,0.15266666,0.68516666,0.5315,0.2225,0.644,0.6208333,0.3315,0.5313333,0.36216664,0.9178333,0.614,0.5025,0.2035,0.8748333,0.32466668,0.43233335,0.8726667,0.87450004,0.9063333,0.226,0.509,0.6545,0.67483336,0.178,0.447,0.792,0.45,0.9608333,0.35383332,0.9113333,0.5988333,0.73683333,0.45266664,0.94799995,0.5018333,0.5646667,0.3585,0.679,0.8376667,0.6385,0.29666668,0.2785,0.32883334,0.36683333,0.46933335,0.95449996,0.4919167,0.4425,0.8965,0.47966665,0.403,0.39499998,0.81500006,0.8458333,0.4155,0.35266668,0.5421667,0.7181667,0.22183333,0.49400002,0.49750003,0.24683335,0.92,0.4536667,0.7941667,0.4715,0.094333336,0.227,0.35666665,0.64133334,0.7163333,0.44866666,0.9048334,0.6969167,0.9256667,0.90216666,0.8918333,0.42316666,0.77183336,0.8028333,0.7895,0.88483334,0.8875,0.6055,0.9205,0.4073333,0.651,0.24400002,0.79116666,0.8603334,0.57208335,0.25349998,0.16516666,0.444,0.6728333,0.8668333,0.76166666,0.7975,0.8753333,0.6396667,0.6731667,0.7408334,0.95383334,0.5473333,0.74916667,0.70633334,0.27433333,0.11766666,0.53583336,0.36066666,0.6935,0.71716666,0.97900003,0.827,0.36183333,0.93149996,0.7385,0.612,0.94083333,0.73399997,0.63949996,0.27383333,0.34733334,0.825,0.6626667,0.57733333,0.6451667,0.80300003,0.9775,0.34416664,0.34350002,0.5758333,0.7618333,0.44583333,0.72483337,0.08333333,0.7698333,0.5955,0.108666666,0.379,0.9811667,0.8208334,0.5155,0.8603333,0.5325,0.30333334,0.52016664,0.45983332,0.338,0.5388333
BC2026_Train_0006_S09_20250828_000000_20,0.282,0.5173333,0.044166666,0.37733334,0.24583334,0.67483336,0.22183333,0.047,0.11316667,0.35549998,0.22266668,0.042999998,0.057,0.2875,0.239,0.2525,0.0135,0.6755,0.25566664,0.09583333,0.0325,0.3565,0.35833335,0.8038333,0.34416664,0.18816666,0.66083336,0.5923333,0.566,0.28566667,0.74883336,0.661,0.6433333,0.7941667,0.38916668,0.6716667,0.98899996,0.7718333,0.6993333,0.6175,0.5336667,0.80766666,0.6586666,0.66366667,0.4288333,0.41541666,0.499,0.32883334,0.47100002,0.5341667,0.6435,0.646,0.6473333,0.6895,0.5901667,0.4083333,0.94016665,0.120166674,0.40916666,0.104833335,0.14208333,0.37866667,0.04366667,0.132,0.5375,0.6156667,0.41333333,0.06333333,0.61149997,0.187,0.71333337,0.52283335,0.7155,0.36049998,0.5245,0.7776667,0.554,0.675,0.9166666,0.8921666,0.024166666,0.5781667,0.12283333,0.5133334,0.1015,0.74766666,0.6368333,0.23133335,0.70566666,0.58633333,0.49633336,0.339,0.47183335,0.9685,0.5101667,0.4745,0.19266668,0.87083334,0.2245,0.22,0.93816674,0.75666666,0.8473333,0.32349998,0.62733334,0.45200002,0.7381667,0.19366667,0.47383332,0.8245,0.39066666,0.77516663,0.253,0.96716666,0.5964167,0.81200004,0.5961667,0.7241667,0.5855,0.541,0.4555,0.63916665,0.9525,0.681,0.19883335,0.3485,0.2435,0.35016668,0.463,0.8455,0.23916666,0.45925,0.88983333,0.52375,0.6321666,0.38733333,0.9241666,0.52516663,0.36216664,0.31383333,0.6663334,0.85550004,0.21433333,0.4975,0.44550002,0.46700004,0.82433337,0.4341667,0.89283335,0.5593333,0.0975,0.25233334,0.27833334,0.6921667,0.70916665,0.2685,0.75333333,0.6476667,0.8485,0.7075,0.8988333,0.78050005,0.9126667,0.8426666,0.617,0.74233335,0.8811667,0.7388333,0.8028333,0.5425,0.6268334,0.36683333,0.874,0.884,0.6445,0.11666667,0.15566666,0.6644167,0.716,0.855,0.7883333,0.7633333,0.95900005,0.58266664,0.52566665,0.6735,0.9316667,0.6495,0.72249997,0.594,0.24316666,0.1655,0.6001667,0.38666666,0.66233337,0.8451667,0.9918333,0.8305,0.13183333,0.858,0.84949994,0.6235,0.9735,0.82933336,0.5636667,0.30116665,0.18983333,0.85433334,0.68291664,0.58933336,0.6486666,0.8258334,0.95500004,0.31666666,0.35066667,0.78083336,0.7966666,0.12616667,0.70416665,0.076000005,0.7813333,0.5961667,0.24883333,0.54983336,0.873,0.917,0.51883334,0.8656667,0.4245,0.3965,0.48650002,0.52133334,0.37683332,0.62766665
BC2026_Train_0006_S09_20250828_000000_25,0.42000002,0.5611667,0.12666667,0.39099997,0.7583333,0.7406666,0.27233332,0.08216667,0.119333334,0.4633333,0.2755,0.121999994,0.11716666,0.6375,0.3445,0.25666666,0.036666665,0.8206667,0.135,0.12816668,0.20766667,0.36658335,0.5015,0.91349995,0.5428333,0.24366666,0.7313333,0.34766665,0.55766666,0.321,0.78533334,0.791,0.74549997,0.85866666,0.62133336,0.7876667,0.94266665,0.80200005,0.837,0.6365,0.74983335,0.9023334,0.72950006,0.803,0.6511667,0.6378333,0.7101667,0.567,0.63733333,0.6038333,0.7226667,0.72533333,0.72533333,0.92466664,0.6156666,0.40000004,0.83033335,0.20683333,0.64416665,0.23833331,0.15141666,0.4033333,0.07783333,0.17316666,0.38266668,0.7438333,0.2931667,0.3005,0.7885,0.42933333,0.74549997,0.5318333,0.937,0.72150004,0.5425,0.7186667,0.59283334,0.8405,0.90016663,0.8728334,0.18183333,0.716,0.28033334,0.17716667,0.5103333,0.7456666,0.70683336,0.23966667,0.708,0.8081666,0.56,0.33933336,0.729,0.92866665,0.5438333,0.85333335,0.20166667,0.7625,0.34533334,0.49733335,0.9861667,0.9515,0.95566666,0.5136666,0.36966667,0.40566665,0.7163333,0.27383333,0.68016666,0.757,0.6178333,0.80050004,0.38816667,0.95066667,0.78700006,0.88033336,0.5718333,0.85966665,0.41766667,0.6865,0.65049994,0.6445,0.94416666,0.8101667,0.23200001,0.6638333,0.431,0.29916668,0.5103333,0.96333337,0.31433332,0.7340833,0.86333334,0.6178333,0.6146667,0.55350006,0.9916667,0.35983336,0.4931667,0.35750002,0.5655,0.8743334,0.24933335,0.8228333,0.48716664,0.6878333,0.94733334,0.6561667,0.77966666,0.7583333,0.2635,0.473,0.37166667,0.7261667,0.6921667,0.44866666,0.8476667,0.83950007,0.7668333,0.51016665,0.9,0.6453333,0.8796667,0.905,0.7721666,0.66816664,0.8756666,0.9401667,0.8918333,0.38166666,0.69866663,0.596,0.779,0.91966665,0.8601666,0.08666667,0.42966664,0.6446667,0.7523333,0.6691667,0.819,0.7018333,0.9731667,0.7323333,0.53816664,0.7381667,0.9483334,0.5736667,0.65133333,0.8666667,0.339,0.30233333,0.60716665,0.49899998,0.8261667,0.9733333,0.9735,0.69525,0.18183333,0.8811667,0.54116666,0.8358333,0.92700005,0.91400003,0.65466666,0.4125,0.35233334,0.5305,0.6433333,0.48833334,0.725,0.91583335,0.7916667,0.61733335,0.31983334,0.95566666,0.8743334,0.21116666,0.76316667,0.40716666,0.8205,0.58100003,0.05166667,0.67733335,0.6806667,0.8156667,0.60866666,0.774,0.73366666,0.51066667,0.49683332,0.77466667,0.5988334,0.6421666
BC2026_Train_0006_S09_20250828_000000_30,0.57816666,0.70783335,0.115666665,0.4501667,0.65416664,0.6641667,0.28158334,0.13183333,0.11083333,0.40150002,0.25266665,0.15183333,0.14866666,0.175,0.35149997,0.32883334,0.021833334,0.5938333,0.20216666,0.18766667,0.16316667,0.46233332,0.32066667,0.91,0.4725,0.22133334,0.77516663,0.4913333,0.62116665,0.35133332,0.88883334,0.8768333,0.7291666,0.8585,0.72616667,0.8951667,0.9471667,0.8361666,0.8165,0.7696667,0.76216674,0.9153334,0.886,0.8943333,0.6716667,0.67050004,0.7391667,0.6676667,0.62633336,0.72,0.8746667,0.88033336,0.88033336,0.9125,0.7388333,0.41666666,0.85433334,0.16933334,0.55083334,0.133,0.12266667,0.2005,0.090833336,0.2155,0.5208333,0.671,0.35083336,0.18366668,0.6633333,0.253,0.7426667,0.58383334,0.88416666,0.34483334,0.58283335,0.831,0.80483335,0.84033334,0.8938334,0.88216674,0.16683334,0.7525,0.12433334,0.32416666,0.4421667,0.68233335,0.46033332,0.29733333,0.7388333,0.8096667,0.62633336,0.33466667,0.5251667,0.972,0.5065,0.39866668,0.28683335,0.87416667,0.41216666,0.49416667,0.94449997,0.98183334,0.7948333,0.36166668,0.33116668,0.60966665,0.7546667,0.44733334,0.60483336,0.55833334,0.49183333,0.6881666,0.61833334,0.8553333,0.8013333,0.8171666,0.5878333,0.75283337,0.38199997,0.7819166,0.5211667,0.56916666,0.92516667,0.795,0.23333335,0.45516664,0.38300002,0.27733332,0.6038333,0.71533334,0.45816666,0.6311667,0.8451667,0.58716667,0.64966667,0.61800003,0.8645834,0.42366666,0.5085,0.4021667,0.43866667,0.7863333,0.31466666,0.6671667,0.53166664,0.686,0.9241666,0.47649997,0.77783334,0.7011666,0.36883333,0.2445,0.46466666,0.759,0.72800004,0.62633336,0.8373333,0.8715,0.7703333,0.60499996,0.8485,0.614,0.83950007,0.8896667,0.8581667,0.64816666,0.88633335,0.7306667,0.7185,0.67116666,0.7145,0.46858335,0.8283334,0.9216667,0.83799994,0.26116666,0.5156667,0.32966667,0.84833336,0.60483336,0.71250004,0.73683333,0.964,0.678,0.546,0.63366663,0.94,0.71783334,0.8613333,0.547,0.45233333,0.19566667,0.46866667,0.40283334,0.8313333,0.96033335,0.9576667,0.7461667,0.22966668,0.8765,0.5115,0.9416667,0.98450005,0.666,0.5,0.4615,0.294,0.6191667,0.81850004,0.35666665,0.6551666,0.7941667,0.7268333,0.62600005,0.26766664,0.75266665,0.85950005,0.20266667,0.6386667,0.28583336,0.9098333,0.39766666,0.1125,0.67266667,0.7758333,0.8283334,0.56583333,0.7205,0.79399997,0.49716666,0.47583333,0.7178334,0.6975,0.74516666
BC2026_Train_0006_S09_20250828_000000_35,0.59783334,0.71216667,0.23483333,0.5506667,0.12916666,0.831,0.6138333,0.40816668,0.10683333,0.47816664,0.21483335,0.16766667,0.113333344,0.083333336,0.62783337,0.22033334,0.036833335,0.5101667,0.14533333,0.25916666,0.0875,0.33591667,0.53566664,0.7863333,0.41666666,0.37783334,0.6644167,0.499,0.53583336,0.38383335,0.8793333,0.8301667,0.7526667,0.95233333,0.5491667,0.982,0.9751667,0.8641666,0.81949997,0.80649996,0.7815,0.9223333,0.82416666,0.8355,0.62233335,0.60216665,0.71716666,0.61733335,0.6793333,0.74450004,0.81583333,0.8143333,0.813,0.91983336,0.72,0.775,0.8638333,0.10666668,0.88016665,0.1205,0.0685,0.35333335,0.102000006,0.100999996,0.6041666,0.5376667,0.39766666,0.28533334,0.78900003,0.26633334,0.8355,0.6755,0.80716664,0.20800002,0.82933336,0.79616666,0.537,0.74366665,0.7188333,0.90316665,0.073,0.66833335,0.13849999,0.42766666,0.589,0.94650006,0.366,0.36983335,0.72433335,0.6563333,0.5395,0.43733335,0.549,0.9971667,0.61399996,0.46666667,0.544,0.854,0.40616667,0.508,0.9278334,0.89783335,0.7698333,0.37583333,0.49216667,0.66583335,0.7468333,0.4985,0.5153333,0.7196667,0.5283333,0.9648334,0.448,0.9903333,0.7015,0.77133334,0.5453333,0.9393333,0.35799998,0.89699996,0.60566664,0.5678333,0.8171666,0.7765,0.19,0.39016667,0.42150003,0.3505,0.5265,0.7366667,0.6116666,0.42916667,0.90000004,0.5778333,0.6208333,0.4425,0.7916666,0.65533334,0.64916664,0.3155,0.5196667,0.8385,0.40066665,0.84033334,0.62783337,0.377,0.9236667,0.524,0.8416667,0.66966665,0.10916667,0.3625,0.5313333,0.9166666,0.81500006,0.61483335,0.8308333,0.72183335,0.8431667,0.646,0.9150001,0.6928333,0.803,0.9971667,0.77900004,0.49175,0.99866664,0.88233334,0.74766666,0.46933335,0.8901667,0.44,0.6818333,0.876,0.71683335,0.448,0.17516667,0.28066665,0.8435,0.80333334,0.724,0.84033334,0.97650003,0.7436667,0.60683334,0.6145,0.9475,0.7066667,0.7555,0.86333334,0.5828333,0.28383332,0.8296667,0.504,0.7221667,0.914,0.9943333,0.7406666,0.35733333,0.99300003,0.5721667,0.7353333,0.9498333,0.7885,0.6295,0.35516667,0.64058334,0.81083333,0.85116667,0.4325,0.55266666,0.85216665,0.7013333,0.38349998,0.3495,0.80999994,0.93383336,0.37716666,0.6335,0.253,0.96033335,0.37633333,0.14366665,0.49550003,0.81283337,0.8831667,0.7461667,0.91083336,0.762,0.60550004,0.5783333,0.75283337,0.66749996,0.54433334
BC2026_Train_0006_S09_20250828_000000_40,0.3875,0.6615,0.21266666,0.46816668,0.06666667,0.67966664,0.4901667,0.36966667,0.07033333,0.302,0.189,0.19916666,0.14983334,0.35833332,0.58066666,0.19233334,0.082333334,0.7273333,0.32833332,0.25033334,0.09083333,0.37233335,0.7765,0.771,0.35783333,0.4513333,0.6051667,0.5585,0.63366663,0.347,0.8336667,0.9393333,0.61083335,0.89016664,0.39433333,0.9631667,0.9878334,0.8466667,0.7798334,0.75191665,0.7108333,0.87850004,0.7556667,0.94883335,0.60616666,0.56850004,0.6066667,0.53933334,0.6175,0.7036667,0.74983335,0.7513333,0.75266665,0.8491667,0.60466665,0.69166666,0.83150005,0.13666667,0.788,0.188,0.083,0.32950002,0.13933334,0.11466667,0.50416666,0.624,0.37183332,0.14483333,0.7165,0.2655,0.84949994,0.85466665,0.9094167,0.20783333,0.75249994,0.7815,0.6793333,0.7408334,0.88233334,0.7238333,0.2225,0.8225,0.101166666,0.55616665,0.47083336,0.8196666,0.63633335,0.28366667,0.83683336,0.725,0.546,0.5218333,0.5513333,0.9536667,0.58916664,0.37366664,0.44216666,0.86300004,0.43133333,0.5898333,0.9743333,0.7876667,0.85066664,0.296,0.5285,0.5421667,0.74266666,0.6178333,0.5503333,0.82266665,0.5671667,0.79816675,0.561,1.0,0.695,0.82383335,0.66433334,0.7991667,0.8131667,0.90133333,0.48116666,0.69916666,0.82149994,0.765,0.24466667,0.406,0.53216666,0.48416668,0.70433336,0.61866665,0.38883334,0.5266667,0.86083335,0.612,0.594,0.50666666,0.75,0.5236667,0.58033335,0.41033334,0.5625,0.8095,0.624,0.778,0.57233334,0.36683333,0.86183333,0.6053333,0.8508333,0.74966663,0.25883335,0.2235,0.52133334,0.9101666,0.7506667,0.57683337,0.8528334,0.794,0.93083334,0.5336667,0.94233334,0.8333334,0.7935,0.99866664,0.82750005,0.6356667,0.8865,0.98866665,0.92399997,0.47933334,0.79550004,0.5101667,0.80366665,0.95183337,0.66433334,0.33816665,0.30966666,0.45666665,0.714,0.8206667,0.7851666,0.8791667,0.99733335,0.7868333,0.6735,0.797,0.9658333,0.75333333,0.80750006,0.9173333,0.46649998,0.22,0.85866666,0.7005,0.80366665,0.84833336,0.9835,0.83283335,0.42983335,0.91283333,0.8133334,0.7081666,0.90933335,0.8656667,0.6806667,0.359,0.64,0.78933334,0.7935,0.5341667,0.6668334,0.94033337,0.87166667,0.4026667,0.37533334,0.9378333,0.84800005,0.23883332,0.77666664,0.40466666,0.897,0.6855,0.26983333,0.6648333,0.8321667,0.896,0.6285,0.8781667,0.7228333,0.6088334,0.56,0.7165,0.7158333,0.7775
BC2026_Train_0006_S09_20250828_000000_45,0.3145,0.5976666,0.13816667,0.41399997,0.25,0.7163333,0.39583334,0.34233332,0.08433333,0.30016667,0.22600001,0.15983333,0.44733334,0.4875,0.5388334,0.2611667,0.051833335,0.81183326,0.21483333,0.35216668,0.23183334,0.44766667,0.5196667,0.7235,0.40283334,0.39583334,0.57816666,0.5965,0.5196667,0.29516667,0.72066665,0.8096667,0.5568333,0.8535,0.42633334,0.9138333,0.95699996,0.74833333,0.6591667,0.7226667,0.57033336,0.76783335,0.6598334,0.81500006,0.5786667,0.568,0.58533335,0.51900005,0.55050004,0.58316666,0.6498333,0.66116667,0.65833336,0.76199996,0.62583333,0.6166667,0.8178333,0.228,0.7111666,0.32883334,0.15783334,0.3885,0.096,0.18133333,0.487,0.616,0.20566666,0.2085,0.62416667,0.21033333,0.9291667,0.95916665,0.80966663,0.178,0.7105,0.84333336,0.6405,0.7066667,0.8496667,0.72533333,0.16366667,0.88283324,0.21716666,0.35833332,0.4256667,0.848,0.5935,0.39233333,0.8263333,0.5655,0.632,0.50049996,0.59466666,0.7671667,0.428,0.5175,0.34366664,0.80083334,0.34583336,0.363,0.96666664,0.819,0.92433333,0.46466666,0.35149997,0.531,0.6933334,0.69883335,0.4745,0.86599994,0.556,0.78183335,0.5093333,0.99016666,0.70449996,0.77433336,0.65283334,0.6591667,0.69916666,0.80966663,0.46633333,0.6866667,0.73749995,0.74549997,0.20249999,0.31016666,0.452,0.51633334,0.714,0.63266665,0.319,0.63766664,0.75691664,0.642,0.6555,0.5498333,0.74750006,0.72483337,0.53400004,0.3786667,0.6955,0.7173333,0.43183333,0.61483335,0.49216667,0.42333332,0.93050003,0.6256666,0.7185,0.78533334,0.12616667,0.38333333,0.5395,0.81049997,0.73249996,0.504,0.9136667,0.7255,0.85599995,0.5326667,0.9483334,0.729,0.7715,0.9268333,0.781,0.60616666,0.8578333,0.90966666,0.9213333,0.67300004,0.70416665,0.50983334,0.6678333,0.9643334,0.654,0.3861667,0.49866667,0.5201667,0.69766665,0.62916666,0.82133335,0.9056667,0.98899996,0.71949995,0.58966666,0.8056667,0.9803334,0.7048333,0.9065,0.85574996,0.43949997,0.19716665,0.91466665,0.63783336,0.7658333,0.76350003,0.954,0.9428333,0.53083336,0.6703333,0.85150003,0.861,0.8781667,0.9056667,0.65500003,0.26299998,0.49333334,0.6515,0.87833333,0.70233333,0.65283334,0.91616666,0.88391674,0.43850002,0.284,0.9206667,0.8694999,0.119,0.768,0.252,0.82116663,0.592,0.29483333,0.721,0.9085,0.8101667,0.6845,0.7565,0.6963333,0.63733333,0.52216667,0.6785,0.6005,0.7075
BC2026_Train_0006_S09_20250828_000000_50,0.338,0.59716666,0.09966667,0.38966668,0.575,0.5426667,0.5236666,0.46066666,0.20183334,0.31166667,0.21083333,0.13516666,0.6771667,0.15833333,0.4055,0.289,0.046833336,0.81700003,0.17816666,0.38316667,0.29133332,0.33749998,0.46966666,0.9345,0.448,0.33216667,0.69850004,0.6433333,0.5315,0.45299998,0.716,0.87983334,0.7416667,0.9351667,0.49950004,0.9676666,0.96283334,0.732,0.71683335,0.76049995,0.6998333,0.83624995,0.70783335,0.8903333,0.62016666,0.61749995,0.6121667,0.6868333,0.5828333,0.616,0.68983334,0.6943333,0.693,0.8761667,0.5696667,0.47083336,0.8106667,0.21433333,0.687,0.66583335,0.15266667,0.2945,0.16666667,0.16683334,0.422,0.719,0.26033333,0.1535,0.5283333,0.18433332,0.86866665,0.8546667,0.9406667,0.14166667,0.82616675,0.85066664,0.5931667,0.7553333,0.842,0.66233337,0.13733333,0.89,0.31016666,0.15866667,0.36299998,0.94916666,0.64433336,0.46749997,0.8128333,0.72483337,0.42966667,0.5858333,0.44233334,0.7166667,0.55050004,0.31616667,0.4745,0.78249997,0.43575,0.393,0.97933334,0.97083336,0.8691667,0.4735,0.6443333,0.60283333,0.7791667,0.5245,0.61066663,0.87049997,0.61483335,0.946,0.5416666,0.9918333,0.7938333,0.7863333,0.702,0.5468334,0.7655,0.8561666,0.48633334,0.7353333,0.85033333,0.7478333,0.26283333,0.4396667,0.3466667,0.5905,0.7736666,0.6088333,0.30416667,0.48233336,0.77216667,0.67883337,0.523,0.50016665,0.70533335,0.92366666,0.65316665,0.48666665,0.4478333,0.8275,0.5133333,0.774,0.58466667,0.6741667,0.98883337,0.6915,0.75549996,0.6936667,0.19333334,0.39416665,0.49216664,0.95816666,0.85800004,0.5571667,0.936,0.77166665,0.813,0.65216666,0.8215,0.63166666,0.74633336,0.9766667,0.81583333,0.685,0.952,0.8381667,0.9548334,0.56883335,0.71066666,0.53733337,0.6633333,0.98766667,0.78533334,0.34249997,0.64391667,0.7408334,0.7135,0.5793333,0.88549995,0.9328333,0.98466665,0.7176666,0.6685,0.6275,0.962,0.775,0.737,0.81633335,0.45583332,0.3078333,0.91883326,0.60966665,0.8056667,0.8596667,0.9611666,0.9056667,0.3483333,0.5398333,0.91349995,0.9535,0.94883335,0.9486667,0.81883335,0.38483334,0.4875,0.5593333,0.90400004,0.7821667,0.79766667,0.8753333,0.75600004,0.57883334,0.23233333,0.98899996,0.9136667,0.15566666,0.8681667,0.1135,0.8846666,0.69266665,0.36783335,0.7123333,0.8565,0.8663333,0.8455,0.80383337,0.78533334,0.6878333,0.459,0.7671667,0.64016664,0.7696667
BC2026_Train_0006_S09_20250828_000000_55,0.3885,0.5656667,0.060499996,0.41883335,0.18333334,0.70383334,0.29283333,0.27316666,0.05,0.4633333,0.23983333,0.0685,0.36616665,0.054166667,0.29166666,0.26516667,0.045666665,0.672,0.1985,0.39433333,0.12133334,0.32183334,0.2585,0.66583335,0.55733335,0.20066667,0.7316667,0.66933334,0.6088333,0.26083332,0.7301667,0.80733335,0.73950005,0.8341667,0.36550003,0.903,0.99016666,0.81233335,0.6625,0.76124996,0.62100005,0.7965,0.70933336,0.8113333,0.448,0.4386667,0.5285,0.49949998,0.503,0.6113334,0.71033335,0.70058334,0.69916666,0.77383333,0.6455,0.34166667,0.82116663,0.14750001,0.49449998,0.20216668,0.108666666,0.29583335,0.181,0.181,0.48299998,0.49200004,0.32516667,0.20333333,0.6663333,0.19883333,0.78816664,0.708,0.73249996,0.35950002,0.769,0.8105,0.519,0.6153333,0.87866664,0.73516667,0.06216667,0.8028333,0.13166666,0.25233334,0.17883334,0.8591667,0.44683334,0.42508334,0.76416665,0.5365,0.43833333,0.43416667,0.329,0.91966665,0.3655,0.22550002,0.29133332,0.8383333,0.33116668,0.169,0.9816667,0.82633334,0.823,0.34683335,0.62450004,0.543,0.68383336,0.27416667,0.46166664,0.71566665,0.374,0.8975,0.29016668,0.9710001,0.73333335,0.88666666,0.58349997,0.64966667,0.8043333,0.6766667,0.65699995,0.61583334,0.8493333,0.679,0.21149999,0.3255,0.26316667,0.344,0.7506667,0.72583336,0.26533335,0.36916667,0.8668333,0.6511667,0.47183335,0.4505,0.89066666,0.9171667,0.6103333,0.39233333,0.6871667,0.9176667,0.52099997,0.682,0.565,0.274,0.94416666,0.47566664,0.81383336,0.5563333,0.19133334,0.25666666,0.31966665,0.79466665,0.75366664,0.38383332,0.8843334,0.7856667,0.7736667,0.6215,0.9085,0.8171667,0.7951666,0.9595,0.62733334,0.78216666,0.92116666,0.81266665,0.967,0.60033333,0.5708333,0.365,0.72483337,0.9646667,0.6638334,0.192,0.4995,0.51566666,0.719,0.676,0.8271667,0.8265,0.99050003,0.65183336,0.5678333,0.6805,0.8991667,0.555,0.8413334,0.7436667,0.38266665,0.13833334,0.45683333,0.3375,0.75583327,0.88283324,0.92050004,0.913,0.1905,0.8113333,0.8575,0.8351667,0.80066663,0.98883337,0.74450004,0.36258334,0.30666667,0.78083336,0.8398333,0.6371667,0.6825,0.8233333,0.90849996,0.50666666,0.387,0.91116667,0.7823333,0.0985,0.782,0.18466666,0.8526667,0.7066667,0.07783333,0.42383334,0.6925,0.90966666,0.73483336,0.7131667,0.41083336,0.39316666,0.459,0.551,0.4405,0.7998333
BC2026_Train_0006_S09_20250828_000000_60,0.65816665,0.51483333,0.059,0.4378333,0.1875,0.45516664,0.4328333,0.29783332,0.16316667,0.416,0.22616667,0.19466667,0.14433333,0.12083333,0.46666667,0.3121667,0.119,0.7101667,0.22083333,0.09733334,0.0555,0.27116665,0.3105,0.6946667,0.62016666,0.267,0.82233334,0.47933334,0.39583337,0.24466667,0.8261666,0.6598334,0.648,0.8045,0.31266665,0.7725,0.9648333,0.84866667,0.6676667,0.6256667,0.66316664,0.7906667,0.6918333,0.6491667,0.36966667,0.36433333,0.53666663,0.44133335,0.5683334,0.6985,0.7051667,0.70783335,0.7011667,0.72208333,0.6065,0.5208333,0.8566667,0.13983333,0.52716666,0.07633334,0.19749999,0.37,0.047,0.12416667,0.42833334,0.433,0.30900002,0.15433332,0.54766667,0.1735,0.7198333,0.60233337,0.6563333,0.6601666,0.6295,0.80616665,0.44816667,0.4371667,0.96383333,0.63,0.061166666,0.63783336,0.054333333,0.319,0.11883333,0.854,0.41799998,0.3855,0.72083336,0.62733334,0.5241667,0.44166666,0.26416665,0.81133336,0.55483335,0.38266668,0.24849999,0.8565,0.22983333,0.29183334,0.9195,0.48533335,0.84599996,0.16891666,0.447,0.5701667,0.7073333,0.36,0.437,0.7425,0.41433334,0.7886667,0.27033332,0.89383334,0.5995,0.8071667,0.48800004,0.6916667,0.53033334,0.5721667,0.47649997,0.5295,0.76483333,0.5926667,0.059,0.32366666,0.23533332,0.2685,0.69483334,0.89533335,0.38983333,0.38833335,0.7295,0.53816664,0.38016665,0.7003333,0.81474996,0.5068333,0.5258333,0.3841667,0.86191666,0.8473333,0.33933333,0.5058333,0.63483334,0.16149999,0.8121667,0.48950002,0.7926667,0.52066666,0.1215,0.2585,0.30083334,0.64383334,0.5226667,0.32466668,0.8145,0.59183335,0.831,0.5895,0.92733335,0.407,0.63750005,0.7926667,0.60499996,0.635,0.81383336,0.8545,0.806,0.3135,0.60966665,0.4675,0.6448333,0.9315,0.5805,0.094166666,0.24016666,0.3606667,0.6526667,0.677,0.65016663,0.794,0.92433333,0.63916665,0.5733334,0.69233334,0.9735,0.55116665,0.74633336,0.86483335,0.3385,0.11916666,0.78699994,0.27716666,0.62583333,0.76416665,0.9278334,0.79216665,0.2643333,0.7025,0.5763333,0.726,0.9656667,0.8991667,0.62516665,0.176,0.29783332,0.5973333,0.84416664,0.42533332,0.5683333,0.77966666,0.70566666,0.24433333,0.2801667,0.9555,0.82516664,0.19883333,0.7011667,0.057499997,0.77349997,0.40666667,0.029333334,0.60833335,0.73866665,0.8333334,0.5811666,0.7776667,0.5883333,0.2385,0.49416667,0.6078333,0.38516667,0.6296667
BC2026_Train_0007_S09_20250829_000000_5,0.59666663,0.68883336,0.24683334,0.19749999,0.15,0.7065,0.20283332,0.24866666,0.13516666,0.25316665,0.2521667,0.06883333,0.09533334,0.47500002,0.54183334,0.44500002,0.242,0.9741667,0.50633335,0.6778333,0.16466667,0.6261667,0.61649996,0.5173333,0.54366666,0.291,0.9456667,0.6066667,0.68116665,0.37983334,0.6555,0.8021667,0.60400003,0.60066664,0.68583333,0.7325,0.8781667,0.66216666,0.63366663,0.6986667,0.69483334,0.75166667,0.77816665,0.8155,0.7123333,0.719,0.728,0.60483336,0.7055,0.70533335,0.77849996,0.7661667,0.773,0.7175,0.70849997,0.51666665,0.81333333,0.3305,0.58966666,0.0745,0.3395,0.17483333,0.16833334,0.24633333,0.78050005,0.79466665,0.72416663,0.32233334,0.6335,0.5115,0.6806667,0.4385,0.8663333,0.046,0.5521667,0.9861667,0.8321667,0.905,0.57633334,0.92883337,0.73066664,0.808,0.52466667,0.9875,0.62383336,0.878,0.95299995,0.51266664,0.97150004,0.6356667,0.3901667,0.4165,1.0,0.73300004,0.77166665,0.8908334,0.382,0.83833337,0.6455,0.92850006,0.8401666,0.6218333,0.556,0.33683333,0.44883332,0.90783334,0.82133335,0.58183336,0.9906667,0.9918333,0.9348333,0.62233335,0.35633332,0.6178333,0.6361667,0.93733335,0.7568333,0.68116665,0.5083333,0.7188333,0.6865,0.95299995,0.9766667,0.9958334,0.21766666,0.8601666,0.56116664,0.6333333,0.76033336,0.50883335,0.29666665,0.8508333,0.95650005,0.87166667,0.98800004,0.69033337,0.6248333,0.3358333,0.5808333,0.448,0.8761666,0.99175,0.67833334,0.9183333,0.42408335,0.70883334,0.73733336,0.61800003,0.861,0.72983336,0.9853333,0.6373333,0.7175,0.87666667,0.843,0.8563334,0.89900005,0.80050004,0.8883334,0.8143333,1.0,0.7456666,0.95683336,0.56049997,0.88633335,0.56016666,0.432,0.9188333,0.58599997,0.87950003,0.975,0.7906667,0.8463334,0.78066665,0.8155,0.6153333,0.9036667,0.2655,0.9383333,0.5288334,0.8753333,0.63533336,0.45200002,0.9085,0.7653333,0.9931667,0.514,0.8691667,0.6386667,0.39166665,0.6253333,0.65550005,0.61983335,0.7701667,0.95066667,0.8588333,0.99866664,0.87216663,0.86083335,0.41916665,0.5168333,0.713,0.34983334,0.8373333,0.69366664,0.8821667,0.5751667,0.7306667,0.5083333,0.87950003,0.92300004,0.9916667,0.9943333,0.81983334,0.36133334,0.5516666,0.8465,0.38983333,0.69783336,0.7821667,0.8901667,0.7641667,0.9383333,0.9726666,0.6165,0.9183333,0.7315,0.9805,0.8915,0.965,0.99866664,0.8575,0.944,0.819
BC2026_Train_0007_S09_20250829_000000_10,0.61183333,0.62100005,0.15583333,0.25183332,0.26666668,0.677,0.37,0.12933333,0.20583333,0.24816668,0.29383335,0.103,0.1325,0.53333336,0.51,0.4645,0.21733333,0.9751667,0.44683334,0.5121667,0.26933333,0.5715,0.52500004,0.64400005,0.6831666,0.7105,0.97933334,0.74483335,0.6691667,0.30400002,0.711,0.86116666,0.585,0.64666665,0.7676667,0.8205,0.9083334,0.661,0.69083333,0.59983337,0.73083335,0.8186667,0.84466666,0.85983336,0.6806667,0.67266667,0.69916666,0.605,0.6408333,0.699,0.81733334,0.8134999,0.81616664,0.88449997,0.63949996,0.5416667,0.886,0.39366665,0.47066665,0.06983333,0.33916667,0.17816666,0.105333336,0.13633335,0.5861667,0.8433333,0.65466666,0.21883333,0.6688334,0.39866668,0.7196667,0.48766667,0.8095,0.1575,0.6875,0.9801667,0.7163334,0.77049994,0.45099998,0.71150005,0.61116666,0.7373333,0.44566667,0.9205,0.6526667,0.6235,0.99333334,0.422,0.9148333,0.61366665,0.48066664,0.5948334,0.9834167,0.7361667,0.5441667,0.36366665,0.26983333,0.7963334,0.53033334,0.97166663,0.8476666,0.56166667,0.76649994,0.4583333,0.5683333,0.7305,0.84183335,0.58066666,0.9971667,0.98183334,0.727,0.70699996,0.4123333,0.53716666,0.60574996,0.8616667,0.697,0.76433337,0.42000002,0.5705,0.66366667,0.9525,0.9516666,0.9623333,0.37616664,0.76016665,0.543,0.70816666,0.731,0.6385,0.433,0.7281667,0.792,0.8585,0.9863334,0.65250003,0.6428333,0.46866667,0.6601666,0.50983334,0.87583333,1.0,0.6645,0.9088334,0.46749997,0.5925,0.75633335,0.5178333,0.81974995,0.8841666,0.8896667,0.5718333,0.5455,0.8333334,0.75666666,0.9751667,0.926,0.80300003,0.9738333,0.76666665,0.9903333,0.6335,0.7998333,0.78400004,0.74833333,0.32566667,0.36016667,0.8078333,0.7211667,0.94266665,0.7815,0.7431667,0.8956666,0.88916665,0.793,0.7985,0.7275,0.3885,0.8433333,0.39033332,0.77683336,0.6456667,0.2755,0.89250004,0.7415,0.9398334,0.6038333,0.788,0.7058333,0.69916666,0.5536667,0.46249998,0.40850002,0.8056667,0.88016665,0.9005,0.9163334,0.9186666,0.83466667,0.45200002,0.6433333,0.588,0.5551666,0.8888334,0.74116665,0.74116665,0.5226667,0.8068333,0.44633335,0.81216663,0.8935,1.0,0.8995,0.7465,0.47133332,0.70233333,0.79083335,0.63600004,0.7733333,0.77833337,0.87866664,0.40899998,0.9565,0.9378333,0.7726667,0.9183333,0.5568333,0.8806666,0.80616665,0.91616666,0.9726666,0.76166666,0.90016663,0.66833335
BC2026_Train_0007_S09_20250829_000000_15,0.40966666,0.5466667,0.33116668,0.46233332,0.62083334,0.66616666,0.36633334,0.13933334,0.40383333,0.34616667,0.33183336,0.25800002,0.12216666,0.6875,0.5808333,0.6893333,0.30083334,0.9766667,0.42066666,0.4288333,0.208,0.58933336,0.47716668,0.581,0.6645,0.8333333,0.90650004,0.722,0.7593334,0.42166665,0.60983336,0.95783335,0.67116666,0.6713333,0.58683336,0.877,0.9088334,0.6925,0.69,0.55233335,0.63366663,0.74633336,0.66466665,0.954,0.69983333,0.67700005,0.55483335,0.6798333,0.5905,0.6701667,0.6495,0.65666664,0.65666664,0.86366665,0.50133336,0.7125,0.968,0.40183333,0.7235,0.17833333,0.4625,0.49783334,0.18783334,0.2615,0.8563334,0.8505,0.6485,0.26716667,0.89366674,0.47083333,0.911,0.60966665,0.8986666,0.39583334,0.816,0.99733335,0.70533335,0.919,0.78183335,0.71316665,0.783,0.7975,0.40583333,0.59183335,0.33133334,0.6935,0.9028333,0.35266668,0.84216666,0.612,0.37233335,0.7443334,0.774,0.8426667,0.7366667,0.42966664,0.35566667,0.77516663,0.50916666,0.95316666,0.8796667,0.8336667,0.91116667,0.50166667,0.42783332,0.65699995,0.954,0.6423333,0.9318334,0.9636667,0.9425,0.68500006,0.5958333,0.7823333,0.7243333,0.849,0.6783334,0.97683334,0.7295,0.56983334,0.75766665,0.9491667,0.95133334,0.8736667,0.29066667,0.7345,0.45216668,0.77966666,0.86,0.9695,0.682,0.81233335,0.9011667,0.6993333,0.79316664,0.5835,0.7771666,0.6533333,0.9738333,0.5711667,0.8165,0.9944167,0.8761666,0.96683335,0.69200003,0.4506667,0.93766665,0.786,0.9098333,0.93149996,0.6796667,0.68083334,0.8155,0.751,0.62533337,0.9875,0.96783334,0.9446667,0.97533333,0.92616665,0.8845,0.7798333,0.8526666,0.7363333,0.8395,0.75450003,0.5158333,0.6886667,0.768,0.7771667,0.779,0.8078333,0.91583335,0.97466666,0.74866664,0.83533335,0.85483336,0.4353333,0.9126667,0.54033333,0.9218334,0.57649994,0.38199997,0.9443333,0.62983334,0.8416667,0.85183334,0.7758333,0.95000005,0.8961667,0.5936667,0.43100002,0.71250004,0.7938333,0.86266667,0.986,0.865,0.97066665,0.8693333,0.70966667,0.7161667,0.4825,0.8266667,0.97650003,0.8748333,0.7141667,0.637,0.84650004,0.6836667,0.78216666,0.95449996,0.9958334,0.67266667,0.8645,0.6483333,0.8811667,0.9291667,0.9766667,0.7506667,0.9138333,0.86833334,0.74300003,0.77,0.8976667,0.9,0.93500006,0.8081666,0.76100004,0.78616667,0.7701667,0.86766666,0.6638334,0.7895,0.82199997
BC2026_Train_0007_S09_20250829_000000_20,0.40866667,0.6271666,0.47683334,0.37533334,0.85833335,0.91349995,0.422,0.31116664,0.38066667,0.4325,0.44166666,0.34433335,0.3075,0.825,0.8043333,0.7211666,0.5881667,0.9878334,0.5043334,0.73433334,0.4055,0.898,0.70133334,0.47733337,0.77933335,0.596,0.859,0.5761666,0.7216667,0.64758337,0.59300005,0.92983335,0.71216667,0.44099998,0.59566665,0.6888333,0.8296667,0.58816665,0.7021667,0.52099997,0.54083335,0.75049996,0.61149997,0.919,0.7461667,0.73683333,0.5733334,0.7363333,0.57116663,0.55733335,0.62516665,0.61966664,0.61966664,0.7105,0.5876667,0.893,0.96633327,0.35116667,0.8616667,0.46716666,0.5725,0.68116665,0.24949999,0.3746667,0.96333337,0.8063333,0.6676667,0.5103333,0.93299997,0.6081667,0.90816665,0.656,0.8991667,0.6548333,0.6455,0.95416665,0.949,0.9253333,0.87083334,0.8206667,0.88416666,0.9576667,0.32333332,0.769,0.42650002,0.77683336,0.7585,0.47916666,0.88350004,0.683,0.5211667,0.5866667,0.8635,0.7798333,0.82350004,0.8976667,0.61433333,0.74549997,0.60183334,0.9418334,0.7643333,0.9511666,0.86433333,0.2745,0.24766666,0.8443334,0.9371667,0.85800004,0.8025,0.893,0.64666665,0.7208333,0.41833332,0.6098333,0.8585,0.7506667,0.89,0.9381666,0.8268333,0.6916667,0.7823334,0.9958334,0.7708334,0.8655,0.21083333,0.87416667,0.5808333,0.7431667,0.8958334,0.992,0.8976667,0.8626667,0.9551667,0.6925,0.74016666,0.70350003,0.84066665,0.7785833,0.962,0.5636667,0.9041666,0.93916667,0.8375,0.9103333,0.73183334,0.75616664,0.9931667,0.628,0.7913333,0.9491667,0.8665,0.6576667,0.968,0.7848334,0.73716664,0.91550004,1.0,0.92700005,0.97766674,0.98899996,0.8213333,0.9611666,0.93,0.97683334,0.81366664,0.8438333,0.69266665,0.93416667,0.82266665,0.6161667,0.89599997,0.93466663,0.838,0.9778334,0.9188333,0.55183333,0.97083336,0.64433336,0.89250004,0.4378333,0.9301667,0.7373333,0.45533335,0.91066664,0.7008333,0.8255,0.9045,0.73399997,0.949,0.57316667,0.90433335,0.46366668,0.95916665,0.833,0.914,0.985,0.88949996,0.8833333,0.952,0.53249997,0.574,0.91050005,0.60833335,0.98333335,0.98883337,0.748,0.70699996,0.77816665,0.79683334,0.74016666,0.93733335,0.98466665,0.91516674,0.94233334,0.256,0.4705,0.75450003,0.91166663,0.83066666,0.87833333,0.9751667,0.7905,0.7215,0.8903333,0.9695,0.77433336,0.759,0.965,0.8873333,0.6888333,0.9235,0.8668333,0.9225,0.8365
BC2026_Train_0007_S09_20250829_000000_25,0.6096667,0.7043333,0.47833335,0.19116667,0.74583334,0.93,0.63549995,0.514,0.36833334,0.45483333,0.32999998,0.4211667,0.27466667,0.8208333,0.84333336,0.7123333,0.7208333,0.97566664,0.43166667,0.64016664,0.45349997,0.6946667,0.8205,0.50733334,0.70133334,0.8955,0.87049997,0.7408334,0.8018334,0.70683336,0.71716666,0.9501667,0.6638334,0.565,0.6636667,0.8041667,0.9163333,0.6371667,0.68233335,0.6156667,0.6016667,0.75333333,0.816,0.9366667,0.6741667,0.6675,0.68866664,0.73116666,0.64783335,0.71,0.8183333,0.81450003,0.81850004,0.66433334,0.66283333,0.8596667,0.94083333,0.30650002,0.92366666,0.25983334,0.37883335,0.71099997,0.2726667,0.28883335,0.64283335,0.8006667,0.6946667,0.59866667,0.89100003,0.70925,0.93149996,0.7276667,0.8870001,0.46716666,0.7875,0.9471667,0.9763334,0.9328333,0.74483335,0.7801667,0.96833336,0.9971667,0.33883333,0.8768333,0.51116663,0.9573333,0.8496667,0.59666663,0.9316666,0.7568333,0.75983334,0.6228333,0.96633327,0.68983334,0.9825,0.81583333,0.80350006,0.6831667,0.675,0.85716665,0.91533333,0.89966667,0.8921666,0.31583333,0.38099998,0.8983333,0.9658333,0.8793333,0.8626667,0.8551667,0.8296667,0.87983334,0.34016666,0.5795,0.80200005,0.8481667,0.8666667,0.7873333,0.88199997,0.7998333,0.625,0.96266663,0.815,0.8675,0.36883333,0.81700003,0.736,0.8148333,0.96833336,0.86116666,0.9548333,0.91466665,0.83066666,0.7363333,0.84216666,0.9335,0.678,0.8233333,0.8446666,0.43550003,0.9256667,0.85950005,0.985,0.918,0.68050003,0.72533333,0.9431666,0.8283334,0.79575,0.9971667,0.9248333,0.7991667,0.99300003,0.98516667,0.7553333,0.8685,0.9875,0.9071667,0.99016666,0.9958334,0.83633333,0.86233336,0.96150005,0.93200004,0.8923333,0.6978333,0.89666665,0.88016665,0.85983336,0.79749995,0.8938334,0.8573333,0.75083333,0.796,0.8411666,0.5655,0.97183335,0.41783333,0.87100005,0.37,0.8206667,0.74233335,0.537,0.94883335,0.765,0.9515,0.8673333,0.79050004,0.83433336,0.6315,0.97466666,0.6205,0.97183335,1.0,0.96633327,0.9091667,0.8516667,0.6835,0.9166666,0.66866666,0.6405,0.99866664,0.80883336,0.8965,0.97599995,0.8493333,0.59216666,0.7646667,0.8768334,0.7276667,0.9508333,0.95350003,0.8275,0.9731667,0.436,0.4946667,0.88250005,0.588,0.896,0.972,0.99866664,0.72533333,0.76049995,0.86066663,0.89533335,0.8033333,0.7815,0.80483335,0.901,0.84183335,0.9546666,0.80966663,0.97249997,0.90933335
BC2026_Train_0007_S09_20250829_000000_30,0.6035,0.6208333,0.288,0.27416667,0.22916666,0.83500004,0.52199996,0.515,0.27016667,0.41183335,0.27216667,0.161,0.22850001,0.55,0.43616667,0.5056667,0.4306667,0.9295,0.38516667,0.572,0.25883335,0.54233336,0.8506667,0.356,0.5251667,0.84866667,0.798,0.757,0.70033336,0.55883336,0.7686666,0.8765,0.6138333,0.564,0.576,0.6538334,0.9303334,0.7063334,0.65150005,0.60499996,0.6321666,0.80366665,0.7821667,0.85483336,0.627,0.623,0.601,0.6861667,0.5675,0.6405,0.77933335,0.778,0.782,0.61983335,0.6913333,0.5708333,0.84083337,0.401,0.7008334,0.29183334,0.32833332,0.48833334,0.25433332,0.26516667,0.62483335,0.64016664,0.622,0.32633334,0.73116666,0.6156666,0.7611667,0.60866666,0.6803333,0.30333334,0.7616667,0.9625,0.94916666,0.98466665,0.67883337,0.7188333,0.5941667,0.945,0.11566667,0.52,0.71933335,0.9643334,0.6355,0.32966667,0.8001666,0.506,0.88,0.51350003,0.8856667,0.75516665,0.98800004,0.38933334,0.8575,0.81949997,0.5905,0.6575,0.7875,0.8083333,0.8165,0.7101667,0.7078333,0.61083335,0.86233336,0.483,0.781,0.8395,0.67433333,0.63383335,0.25266665,0.41883332,0.72,0.8346666,0.6041666,0.818,0.59683335,0.57949996,0.6388333,0.82516664,0.65316665,0.75083333,0.4225,0.5448333,0.51783335,0.6318333,0.8108333,0.6345,0.74916667,0.592,0.8945,0.5963333,0.81916666,0.6103333,0.7581667,0.6648333,0.7326667,0.5415,0.72150004,0.93500006,0.7898333,0.8055,0.482,0.44916666,0.88816667,0.68483335,0.8875,0.99866664,0.74366665,0.7201667,0.9018333,0.99733335,0.6243333,0.55083334,0.99300003,0.7456666,0.93950003,1.0,0.8438333,0.86183333,0.89316666,0.91116667,0.8028333,0.7915001,0.93200004,0.9018333,0.49116665,0.6995,0.74983335,0.7503333,0.6828333,0.806,0.66366667,0.6968333,0.9163334,0.5108334,0.6818333,0.58666664,0.7678333,0.5046667,0.266,0.7795,0.56049997,0.8815,0.5943333,0.708,0.8938334,0.6375,0.8988333,0.41316667,0.9505,0.928,0.85249996,0.5821667,0.7291667,0.75583327,0.86333334,0.57483333,0.44516668,0.8531667,0.68350005,0.87100005,0.9393333,0.7928333,0.7335,0.89100003,0.7086667,0.78533334,0.9788333,0.94083333,0.8903333,0.85216665,0.5565,0.50283337,0.89133334,0.29033333,0.8496667,0.52516663,0.9821667,0.59416664,0.577,0.7933333,0.8323333,0.87983334,0.656,0.86116666,0.65466666,0.5913333,0.90033334,0.65283334,0.9126667,0.76633334
BC2026_Train_0007_S09_20250829_000000_35,0.5061667,0.6421667,0.1945,0.3435,0.17083333,0.628,0.4245,0.33600003,0.25783333,0.29333335,0.24166667,0.069,0.38516665,0.32916668,0.27666664,0.41716665,0.18066667,0.8976667,0.35083336,0.5556667,0.10166667,0.54433334,0.68883336,0.44183332,0.40883332,0.7363334,0.7856667,0.67433333,0.5896667,0.38766667,0.657,0.841,0.74866664,0.7136667,0.51233333,0.7453334,0.95266664,0.7553333,0.6065,0.6803334,0.59916663,0.7083333,0.72166663,0.80733335,0.73566663,0.7370833,0.63416666,0.73933333,0.58466667,0.6223334,0.7211667,0.7211667,0.7211667,0.6868333,0.66183335,0.368,0.85766673,0.26233333,0.554,0.80916667,0.24316666,0.2521667,0.22983333,0.188,0.57566667,0.69033337,0.4346667,0.32083333,0.73550004,0.45466667,0.7515,0.7698333,0.8958333,0.37333333,0.87133336,0.985,0.9213333,0.99733335,0.543,0.7151667,0.75049996,0.74450004,0.2655,0.66999996,0.55383337,0.8991667,0.8505,0.47483334,0.9645,0.522,0.7263334,0.40816668,0.93649995,0.89316666,0.90041673,0.3,0.67216665,0.8286667,0.44300002,0.79683334,0.91066664,0.98883337,0.656,0.76033336,0.598,0.722,0.9505,0.34283334,0.87583333,0.95449996,0.7125,0.65250003,0.33333334,0.6066667,0.79150003,0.9605,0.74149996,0.792,0.61800003,0.75416666,0.67149997,0.9875,0.75283337,0.8905,0.34466666,0.6613333,0.58500004,0.6141667,0.7875,0.6125,0.48433334,0.47683334,0.8755,0.74,0.8935,0.52283335,0.91550004,0.885,0.86266667,0.4755,0.58883333,0.96708333,0.7781667,0.747,0.35833332,0.56100005,0.98899996,0.44466665,0.8551667,0.982,0.73833334,0.7266667,0.8845,0.9191667,0.6105,0.5895,0.99450004,0.9051667,0.9528333,0.97183335,0.94350004,0.9943333,0.8266667,0.96650004,0.5913333,0.47583333,0.65933335,0.9916667,0.4555,0.8143333,0.774,0.88016665,0.77966666,0.8793334,0.77966666,0.91583335,0.9165,0.7646667,0.75133336,0.60833335,0.93466663,0.628,0.39583334,0.8018334,0.5211667,0.95316666,0.47466668,0.8425,0.95816666,0.40583336,0.6175,0.40066665,0.9178333,0.83783334,0.9736667,0.704,0.83716667,0.78966665,0.5948334,0.34783334,0.772,0.9063333,0.24383333,0.98516667,0.98899996,0.77550006,0.89049995,0.8653333,0.736,0.8921666,0.86483335,0.97950006,0.9598333,0.6986667,0.35216668,0.668,0.87333333,0.38783333,0.86633337,0.4925,0.92616665,0.7345,0.7076667,0.9075,0.77466667,0.9231667,0.76066667,0.9835,0.7071667,0.68583333,0.9223333,0.877,0.84999996,0.7478333
BC2026_Train_0007_S09_20250829_000000_40,0.398,0.63699996,0.07366667,0.20566666,0.058333334,0.6228333,0.538,0.2751667,0.14733334,0.30666667,0.19166666,0.030000001,0.19633333,0.15,0.1945,0.35516664,0.1365,0.90516675,0.43449998,0.4845,0.04066667,0.5385,0.72499996,0.45283332,0.29016668,0.72816664,0.754,0.60866666,0.40716666,0.186,0.71383333,0.7556667,0.8105,0.73550004,0.413,0.629,0.982,0.829,0.68350005,0.8541667,0.7576667,0.81133336,0.6896666,0.741,0.66966665,0.66966665,0.63250005,0.6853333,0.653,0.70350003,0.6865,0.6893333,0.6921667,0.8021667,0.7185,0.31666666,0.8573333,0.1745,0.66366667,0.2685,0.18216667,0.231,0.14666668,0.13033333,0.33166665,0.6671667,0.3825,0.15583333,0.65650004,0.39366668,0.7100833,0.54183334,0.8028333,0.12591666,0.8255,0.97983336,0.69200003,0.9131667,0.6445,0.95133334,0.34000003,0.41341665,0.41333333,0.6675,0.253,0.7496667,0.88750005,0.20699999,0.9733333,0.42716664,0.37108332,0.519,0.9743333,0.84983337,0.798,0.4141667,0.49966666,0.91966665,0.42049998,0.6846667,0.95416665,0.8708333,0.722,0.5721667,0.66533333,0.70166665,0.79550004,0.47683334,0.9245,0.978,0.7265,0.8083334,0.26583332,0.5811666,0.59466666,0.9563334,0.6686667,0.6615,0.53566664,0.48583332,0.8355,0.92083335,0.8563334,0.9446667,0.2706667,0.53666663,0.40933335,0.5923333,0.66866666,0.6731667,0.20816666,0.34883332,0.88100004,0.63483334,0.9688333,0.45916668,0.82941663,0.6085,0.5933333,0.5161667,0.5155,0.9710833,0.57766664,0.588,0.366,0.435,0.91550004,0.479,0.9396667,0.54550004,0.52416664,0.5058333,0.46283334,0.73683333,0.526,0.5513333,0.978,0.7788333,0.83000004,0.9188333,0.96099997,0.8918333,0.94850004,0.82850003,0.55116665,0.5718334,0.6433333,0.8918333,0.6405,0.95000005,0.70949996,0.6938333,0.83266664,0.79150003,0.7161667,0.77966666,0.74666667,0.57,0.65216666,0.7108333,0.8513334,0.561,0.17283332,0.66999996,0.47899997,0.9328333,0.45483333,0.73399997,0.68483335,0.69916666,0.45033333,0.42683333,0.41799998,0.7301667,0.90083337,0.55333334,0.6666666,0.83783334,0.34266666,0.34149998,0.7473333,0.59033334,0.18783334,0.9076667,0.8463333,0.56666666,0.753,0.894,0.54733336,0.90250003,0.9171667,0.95699996,0.98333335,0.4641667,0.382,0.7786667,0.9076667,0.35933334,0.753,0.42116666,0.8448333,0.65933335,0.7838334,0.8885,0.5663333,0.978,0.62783337,0.91050005,0.5835,0.77316666,0.9865,0.5525,0.88266665,0.7165
BC2026_Train_0007_S09_20250829_000000_45,0.2725,0.6713333,0.07783333,0.17316666,0.033333335,0.6713333,0.45583332,0.121999994,0.11666667,0.22333333,0.20899999,0.157,0.03883333,0.18333334,0.4125,0.34916666,0.1225,0.90816665,0.4605,0.51033336,0.036000002,0.44449997,0.5718333,0.50366664,0.3358333,0.5771667,0.81983334,0.66933334,0.42016664,0.26266667,0.63516665,0.6756667,0.8103334,0.72866666,0.59000003,0.6802499,0.9803334,0.8711667,0.5791667,0.8735,0.793,0.68116665,0.66233337,0.6716667,0.6205,0.6206667,0.6655,0.5531667,0.7001667,0.7366667,0.65666664,0.6636667,0.6636667,0.79866666,0.716,0.36966667,0.86983335,0.18433332,0.5223333,0.08033334,0.1725,0.29483333,0.029166667,0.108833335,0.27966666,0.7626667,0.5093333,0.12683333,0.73349994,0.4601667,0.8791667,0.42133334,0.72366667,0.104,0.7136667,0.8816667,0.67433333,0.90866673,0.5678333,0.9788333,0.254,0.46400002,0.295,0.3941667,0.5176667,0.5516667,0.9823333,0.37841666,0.91883326,0.40333334,0.21316665,0.59416664,0.915,0.85866666,0.5531667,0.429,0.42666668,0.9458333,0.76816666,0.77900004,0.93216664,0.48066664,0.92316663,0.23583332,0.532,0.8576667,0.80483335,0.32366666,0.9555,0.9433334,0.9676666,0.7748333,0.33016664,0.66816664,0.4195,0.96416664,0.6065,0.7235,0.42383334,0.61633337,0.806,0.82149994,0.7543334,0.9098333,0.22033332,0.61433333,0.3105,0.65783334,0.6951667,0.72083336,0.42683333,0.72466666,0.9203334,0.785,0.9623333,0.5198333,0.8581667,0.54033333,0.54766667,0.44150004,0.6081667,0.9835,0.5793333,0.6311667,0.31050003,0.41533333,0.63516665,0.8185,0.9536667,0.69799995,0.438,0.6288333,0.64066666,0.78416663,0.5695,0.6285,0.94233334,0.56266665,0.8596667,0.8563334,0.97933334,0.55083334,0.9651667,0.6565,0.7543333,0.7296667,0.821,0.89250004,0.6856667,0.82199997,0.8016667,0.7938334,0.7418333,0.78249997,0.8165,0.5371667,0.44925,0.47366667,0.6331667,0.6831666,0.77466667,0.6446667,0.30983335,0.77750003,0.5388333,0.96333337,0.6091667,0.73116666,0.5935,0.89266664,0.6013334,0.42266667,0.702,0.8318333,0.82566667,0.58383334,0.7166667,0.8000001,0.23466668,0.5925,0.7446667,0.54066664,0.3765,0.85833335,0.70383334,0.48116666,0.49766666,0.7926667,0.45916665,0.9405,0.8055,0.9645,0.94233334,0.5186667,0.37433332,0.9335,0.9736667,0.288,0.7543334,0.43933332,0.9265001,0.62049997,0.44883332,0.78433335,0.6396667,0.98183334,0.6048333,0.7786667,0.6975,0.5663333,0.94983333,0.627,0.8493333,0.729
BC2026_Train_0007_S09_20250829_000000_50,0.41283333,0.671,0.09883333,0.10066667,0.0625,0.7485,0.45433334,0.36175,0.2705,0.19600001,0.1925,0.112333335,0.229,0.26666668,0.432,0.69733334,0.19033334,0.9405,0.316,0.49533334,0.09183334,0.5146667,0.72150004,0.39591667,0.4845,0.7581667,0.88600004,0.7805,0.7396667,0.3765,0.5966667,0.82949996,0.76933336,0.7361666,0.59833336,0.8623333,0.9745,0.82,0.5468334,0.8510001,0.6453333,0.65999997,0.65783334,0.8105,0.64533335,0.6318333,0.672,0.61,0.6946667,0.6738334,0.6698333,0.66433334,0.66566664,0.6138333,0.738,0.4583333,0.8861667,0.14433333,0.47816667,0.208,0.23816666,0.5291667,0.20783333,0.12766667,0.4898333,0.6788333,0.44633332,0.35083336,0.7683333,0.5491667,0.83316666,0.5703333,0.73433334,0.19716668,0.75116664,0.96300006,0.7711667,0.8423333,0.89900005,0.97950006,0.3435,0.4925,0.22783333,0.6525,0.45783332,0.8296667,0.8528334,0.34316665,0.9681667,0.40283334,0.5668334,0.5291667,0.85566664,0.793,0.8043333,0.49516666,0.70591664,0.90666664,0.74516666,0.9363334,0.9036667,0.48266667,0.81850004,0.29833335,0.75250006,0.934,0.944,0.5453333,0.98083335,0.9248333,0.9971667,0.8645,0.43633333,0.6181666,0.4705,0.9766667,0.5593333,0.8281666,0.37083334,0.64783335,0.569,0.7695,0.88,0.94116664,0.42366666,0.7781667,0.54933333,0.80966663,0.7838334,0.7606666,0.72291666,0.87850004,0.9201667,0.84650004,0.99450004,0.4965,0.72216666,0.7795,0.51883334,0.31183335,0.72900003,0.9695,0.5751667,0.708,0.36516666,0.48466668,0.74233335,0.57299995,0.9561666,0.9485,0.51166666,0.8818333,0.8401666,0.83425,0.75616664,0.69150007,0.93083334,0.7209166,0.9705,0.9516666,0.9781667,0.7173333,0.976,0.7525,0.9138333,0.86983335,0.97166663,0.9781667,0.8125,0.8703333,0.8106667,0.8261667,0.862,0.9023334,0.852,0.65466666,0.5273333,0.5416667,0.7285,0.62333333,0.8186667,0.6008333,0.22833332,0.80466664,0.6346667,0.97766674,0.5191667,0.8261667,0.7086667,0.74116665,0.5338333,0.46266666,0.9141667,0.9686667,0.8298334,0.8081666,0.7741667,0.90016663,0.65550005,0.5541667,0.9433333,0.6483333,0.35033333,0.91583335,0.8423333,0.68866664,0.5683334,0.95233333,0.4415,0.96783334,0.904,0.95900005,0.8413334,0.59466666,0.5528333,0.8435,0.9711667,0.18733335,0.8116667,0.48233333,0.9696667,0.62133336,0.47016665,0.77349997,0.7866667,0.99300003,0.6783334,0.7748333,0.71383333,0.68700004,0.83650005,0.635,0.98483336,0.726
BC2026_Train_0007_S09_20250829_000000_55,0.72150004,0.67833334,0.31833333,0.18483332,0.34166667,0.8998333,0.7306667,0.6046667,0.5428333,0.34766668,0.23866668,0.26383334,0.27483332,0.69166666,0.76,0.793,0.4075,0.9101667,0.36283332,0.582,0.33016667,0.7688334,0.96333337,0.42216665,0.74983335,0.968,0.9278333,0.9255,0.76133335,0.6435,0.7696667,0.9918333,0.75866663,0.7606666,0.67483336,0.9136667,0.992,0.8283334,0.7546667,0.839,0.627,0.87666667,0.83449996,0.96750003,0.676,0.66400003,0.68500006,0.60683334,0.6825,0.7123333,0.8398333,0.8385,0.8385,0.8043334,0.6956667,0.8208333,0.881,0.23033333,0.7213333,0.38133335,0.3031667,0.6995,0.29916668,0.25,0.76316667,0.8136667,0.49283332,0.57816666,0.84450006,0.65533334,0.8066667,0.8215,0.79566664,0.36333334,0.83799994,0.93266666,0.8686667,0.70900005,0.6426667,0.773,0.65183336,0.72,0.120000005,0.85616666,0.49799997,0.58716667,0.7186667,0.40150002,0.99866664,0.53166664,0.6868333,0.5693333,0.8373333,0.676,0.6411667,0.6308334,0.48516667,0.813,0.57766664,0.73516667,0.94416666,0.5855,0.8821667,0.30216664,0.65016663,0.7258333,0.9918333,0.74450004,0.9026667,0.9363334,0.9436667,0.717,0.51416665,0.5713333,0.566,0.93116665,0.7356667,0.7316667,0.43416667,0.50266665,0.4735,0.72283334,0.8945,0.9551667,0.5535,0.7511667,0.6781667,0.75366664,0.8228333,0.6516667,0.9688333,0.65816665,0.81483334,0.71566665,0.9451667,0.65583336,0.704,0.8331667,0.70683336,0.51566666,0.9233333,0.924,0.7265,0.83,0.6498333,0.6013334,0.7108333,0.44383335,0.8945,0.83266664,0.72283334,0.86083335,0.975,0.9095,0.6274166,0.72933334,0.86483335,0.7805,1.0,0.89100003,0.9075,0.6685,0.8683334,0.77633333,0.83266664,0.788,0.8025,0.94200003,0.69883335,0.82916665,0.85116667,0.838,0.65250003,0.82383335,0.8835,0.5656667,0.78650004,0.585,0.8171667,0.49033332,0.83166665,0.7391667,0.38816667,0.93266666,0.69416666,0.89399993,0.6921667,0.7535,0.791,0.6533333,0.6138333,0.48733336,0.97150004,0.9958334,0.86483335,0.95816666,0.83150005,0.8883333,0.79183334,0.7326667,0.92983335,0.73766667,0.5121667,0.9863334,0.90083337,0.7946667,0.6001667,0.985,0.4953333,0.85450006,0.81533337,0.9023334,0.8416667,0.662,0.6795,0.6925,0.84066665,0.25416666,0.7518333,0.6626667,0.93916667,0.4905,0.57733333,0.93450004,0.9915,0.96416664,0.5326667,0.80366665,0.7198333,0.632,0.8321666,0.82966673,0.99866664,0.67516667
BC2026_Train_0007_S09_20250829_000000_60,0.6156667,0.61866665,0.2475,0.13333334,0.3375,0.8496667,0.51916665,0.48800004,0.34416667,0.26883334,0.22033332,0.21266666,0.32683334,0.6666667,0.6905,0.6301667,0.408,0.9106667,0.38933334,0.5436667,0.3955,0.714,0.9461667,0.431,0.6353333,0.9291667,0.93016666,0.83449996,0.7298333,0.5425,0.624,0.9413333,0.56983334,0.8135,0.6386666,0.86399996,0.9023333,0.63633335,0.63033336,0.6703334,0.56983334,0.7191667,0.7058333,0.93733335,0.7366667,0.726,0.605,0.47966665,0.54433334,0.5635,0.70883334,0.70191664,0.706,0.651,0.6651667,0.7596667,0.8243333,0.26083332,0.76416665,0.21783333,0.2795,0.6626667,0.23716667,0.24016666,0.63199997,0.78583336,0.57516664,0.3545,0.73950005,0.61083335,0.84499997,0.8113333,0.9508333,0.06216667,0.7213333,0.90016663,0.85683334,0.75633335,0.60066664,0.79649997,0.6666667,0.797,0.33350003,0.8746667,0.6621667,0.66325,0.92316663,0.34233332,0.99050003,0.538,0.73516667,0.66833335,0.872,0.6895,0.6635,0.6986667,0.57666665,0.80516666,0.5801667,0.7885,0.89849997,0.76516664,0.80166674,0.3755,0.448,0.82533336,0.95100003,0.72283334,0.95916665,0.9455,0.92083335,0.69083333,0.46783334,0.74750006,0.63816667,0.92766666,0.81666666,0.6983334,0.78466666,0.576,0.48666668,0.79333335,0.93866664,1.0,0.34116668,0.829,0.60183334,0.77849996,0.87433326,0.5183333,0.79649997,0.79116666,0.7966666,0.814,0.95,0.6793333,0.78533334,0.73483336,0.7456667,0.49433336,0.84433335,0.88750005,0.76850003,0.88250005,0.3855,0.6,0.7071667,0.51433337,0.87433326,0.78433335,0.8885,0.824,0.9268333,0.872,0.702,0.77466667,0.8605,0.8493333,0.9916667,0.7935,0.87016666,0.61266667,0.91199994,0.7,0.9113333,0.68416667,0.495,0.9213333,0.7583333,0.82566667,0.883,0.80366665,0.8946667,0.9686667,0.847,0.5835,0.90533334,0.46816665,0.9191667,0.64100003,0.9028333,0.7898333,0.4565,0.921,0.77133334,0.9593333,0.81700003,0.857,0.8311667,0.36699998,0.8611667,0.6088333,0.69383335,0.82633334,0.8856667,0.9126667,0.9726666,0.87366664,0.68050003,0.67050004,0.897,0.78283334,0.43583333,0.8431667,0.8045,0.9,0.531,0.779,0.5715,0.8656667,0.9073333,0.8915,0.8933333,0.739,0.36733335,0.59466666,0.8755001,0.3785,0.84216666,0.66400003,0.90400004,0.86450005,0.69049996,1.0,0.89283335,0.9306667,0.72983336,0.8775,0.8201666,0.82883334,0.9171667,0.7813333,0.98333335,0.7930833
BC2026_Train_0008_S09_20250831_000000_5,0.041833334,0.31583333,0.17416666,0.33183336,0.008333334,0.46083337,0.119,0.131,0.05366667,0.37766665,0.38266668,0.0445,0.033833332,0.020833334,0.2405,0.265,0.0705,0.292,0.104499996,0.045166668,0.0425,0.36116666,0.049833335,0.22950001,0.12116666,0.1065,0.7865,0.1095,0.32883334,0.40383333,0.50166667,0.49266666,0.5026667,0.55466664,0.27600002,0.51016665,0.761,0.48216665,0.5025,0.46666667,0.34833333,0.6203333,0.44449997,0.5221667,0.3415,0.3401667,0.32566667,0.225,0.25783333,0.2535,0.47366667,0.48033333,0.4856667,0.6231667,0.48116666,0.6375,0.917,0.37933332,0.22883333,0.023333333,0.104833335,0.19716667,0.096,0.08083333,0.5486667,0.37283334,0.041166667,0.023,0.72599995,0.35500002,0.8925,0.853,0.6375,0.095,0.5226667,0.902,0.59416664,0.4285,0.58316666,0.36616665,0.064333335,0.6078333,0.06266667,0.16966666,0.25149998,0.8394166,0.345,0.134,0.73516667,0.35133332,0.7928333,0.18716666,0.58466667,0.6226667,0.09716667,0.5158333,0.22299999,0.5005,0.30666667,0.41016668,0.80383337,0.177,0.5018333,0.014,0.13533333,0.25149998,0.824,0.31916666,0.6953333,0.9091667,0.51816666,0.24366668,0.20983334,0.6813333,0.27233332,0.7016667,0.25383332,0.21783333,0.5168333,0.28550002,0.09933333,0.47533333,0.9353334,0.644,0.031,0.283,0.9283334,0.5176667,0.741,0.47083336,0.51383334,0.3031667,0.47899997,0.13533333,0.29033333,0.38516667,0.506,0.6651666,0.47866666,0.12033333,0.524,0.6091667,0.6111667,0.7605,0.2593333,0.26683334,0.7876667,0.22049999,0.76516664,0.7571667,0.15224999,0.054333333,0.30683333,0.4145,0.541,0.9238334,0.68633336,0.9451667,0.84616673,0.22749999,0.6893333,0.33066666,0.7043333,0.78050005,0.12883332,0.4313333,0.5114167,0.24983335,0.83950007,0.7628333,0.5498333,0.27183336,0.9971667,0.89783335,0.26466668,0.026333334,0.15466666,0.19849999,0.91116667,0.16066667,0.64,0.6336667,0.10616667,0.859,0.6561667,0.69483334,0.7275,0.41033334,0.98916674,0.23233333,0.13433333,0.13933334,0.013666667,0.17883334,0.9865,0.54999995,0.54550004,0.9521667,0.8538333,0.43433332,0.9221667,0.15383333,0.51666665,0.8408333,0.35933334,0.16891667,0.188,0.68983334,0.8408333,0.60099995,0.561,0.7125,0.25266668,0.4505,0.19600001,0.13874999,0.8588333,0.35266668,0.6876667,0.24416667,0.8748333,0.8843334,0.27350003,0.5491667,0.7205,0.66650003,0.51283336,0.78783333,0.26066667,0.12216667,0.42999998,0.27116668,0.9566667,0.8856667
BC2026_Train_0008_S09_20250831_000000_10,0.0705,0.3875,0.32133335,0.39083335,0.050000004,0.68883336,0.21866667,0.2795,0.22083333,0.42883334,0.41633332,0.24766666,0.08133333,0.041666668,0.40566665,0.476,0.09233333,0.38783336,0.26066667,0.0675,0.16366667,0.56,0.17766666,0.26766667,0.2385,0.32099998,0.8226667,0.193,0.5093334,0.44233334,0.48000002,0.565,0.5961667,0.51100004,0.26533335,0.63600004,0.7356667,0.5161667,0.52750003,0.46633333,0.37283334,0.60575,0.43716666,0.61883336,0.515,0.51783335,0.38599998,0.30383334,0.36483333,0.34833333,0.4825,0.48516667,0.48650002,0.6211667,0.522,0.5125,0.9213333,0.47950003,0.36466667,0.029833334,0.268,0.32183334,0.244,0.20833334,0.70383334,0.35816666,0.15849999,0.042,0.86283326,0.4301667,0.96066666,0.895,0.7033333,0.35983333,0.6191667,0.9645,0.8746667,0.715,0.70266664,0.3585,0.25750002,0.78616667,0.14866666,0.2898333,0.7671667,0.8495,0.40783334,0.20966667,0.86183333,0.7951667,0.8936667,0.20216668,0.83883333,0.9026667,0.18983334,0.78416663,0.37016666,0.5043334,0.44983333,0.7115,0.76600003,0.191,0.46316665,0.037,0.136,0.57383335,0.9268333,0.5635,0.837,0.8746667,0.89849997,0.38066667,0.37266666,0.79399997,0.46566668,0.7438333,0.40316668,0.4328333,0.8416667,0.50766665,0.2,0.7291666,0.9916667,0.74866664,0.076000005,0.5376667,0.986,0.57416666,0.9141667,0.58650005,0.759,0.67083335,0.56766665,0.24966666,0.29033333,0.50366664,0.5528333,0.7051667,0.548,0.15583333,0.5525,0.59033334,0.8206667,0.98333335,0.35633332,0.60066664,0.7758333,0.338,0.8228333,0.9751667,0.16383334,0.19966665,0.8808334,0.4525,0.685,0.8718334,0.85466665,0.9958334,0.87083334,0.35633332,0.7136667,0.5068333,0.90316665,0.47683334,0.5453333,0.6243333,0.7753333,0.42183334,0.98066664,0.7443333,0.75816673,0.42866665,0.98466665,0.89016664,0.40833336,0.061833333,0.37083334,0.18200001,0.98899996,0.144,0.67050004,0.78433335,0.737,0.9775,0.78616667,0.6631667,0.95183337,0.46449998,0.9903333,0.21733335,0.42333332,0.33850002,0.08183333,0.5125,0.97,0.88216674,0.6195,0.91550004,0.9875,0.7073333,0.8685,0.13733333,0.905,0.7608333,0.425,0.34866667,0.26783335,0.9546667,0.9371667,0.5755,0.416,0.7715,0.23883334,0.57416666,0.19558334,0.1635,0.8746667,0.63733333,0.71533334,0.53716666,0.9468334,0.928,0.25333333,0.504,0.7908333,0.6556667,0.45016667,0.71816665,0.589,0.3448333,0.73349994,0.53316665,0.9775,0.8845
BC2026_Train_0008_S09_20250831_000000_15,0.117,0.37633333,0.38983333,0.39016667,0.16666667,0.9095,0.26825,0.30416667,0.48816666,0.46449998,0.43566665,0.36383334,0.311,0.1125,0.74050003,0.75033337,0.23016666,0.456,0.35566667,0.21766666,0.34516665,0.801,0.55766666,0.33166665,0.29033333,0.5248334,0.8668333,0.2795,0.51483333,0.5705,0.45683336,0.5105,0.41933334,0.3835,0.36916667,0.574,0.6655,0.44283333,0.46499997,0.4338333,0.3153333,0.5043334,0.45233333,0.5385,0.49750003,0.48550004,0.38849998,0.27366668,0.3771667,0.3745,0.5018333,0.5045,0.5085,0.51699996,0.54583335,0.57916665,0.9551667,0.48250002,0.7346667,0.07216667,0.41366667,0.5786667,0.36883333,0.36550003,0.8621667,0.46999997,0.21616668,0.1275,0.92183334,0.5808334,0.9853333,0.97033334,0.9121666,0.412,0.6813333,0.8685,0.9601667,0.6906667,0.6446667,0.58449996,0.5931667,0.91566664,0.495,0.5045,0.9405,0.495,0.5196667,0.3705,0.9173333,0.9433333,0.99333334,0.213,0.90433335,0.8078333,0.272,0.8963334,0.3415,0.4785,0.74883336,0.99333334,0.8016667,0.23716667,0.29016668,0.08016667,0.11366667,0.7791667,0.99300003,0.896,0.97183335,0.806,0.9916667,0.46708333,0.43600002,0.901,0.5625,0.6321667,0.51225,0.5938333,0.92583334,0.6621667,0.31833333,0.67149997,0.99016666,0.777,0.18766665,0.8086667,0.8361666,0.55833334,0.96033335,0.75516665,0.9011667,0.91166663,0.6495,0.26183334,0.314,0.8106667,0.5456667,0.5643333,0.5635,0.2655,0.82750005,0.78416663,0.94733334,0.9958334,0.48833334,0.86333334,0.965,0.45499998,0.73099995,0.91199994,0.17233333,0.11333334,0.9831667,0.5335,0.61749995,0.96,0.82933336,0.972,0.86983335,0.50166667,0.68883336,0.44166666,0.9546667,0.569,0.6983334,0.80050004,0.6371666,0.6155,0.99300003,0.4075,0.8313333,0.56083333,0.97766674,0.9931667,0.6116667,0.26133335,0.2605,0.19683334,0.986,0.17933333,0.5288334,0.92116666,0.9511666,1.0,0.8408333,0.74266666,0.99866664,0.37449998,0.972,0.25133333,0.6688334,0.42166665,0.18450001,0.7825,0.91083336,0.99866664,0.8561666,0.921,0.9651667,0.87100005,0.7736667,0.22883332,1.0,0.894,0.2943333,0.44233334,0.61749995,0.8033333,0.99333334,0.71416664,0.49833333,0.6595,0.24366668,0.682,0.22433335,0.127,0.83266664,0.87049997,0.37383333,0.7668333,0.8963334,0.9613333,0.55200005,0.43266666,0.8043333,0.5926666,0.43866667,0.80541664,0.90300006,0.44,0.938,0.5895,0.9971667,0.91966665
BC2026_Train_0008_S09_20250831_000000_20,0.16133334,0.37983334,0.3545,0.32583332,0.19583334,0.65216666,0.30400002,0.3505833,0.35566667,0.30200002,0.393,0.2528333,0.2643333,0.21666667,0.6405,0.53416663,0.268,0.5768333,0.22416666,0.2795,0.40383333,0.7815,0.34766668,0.3606667,0.23766667,0.4985,0.8461667,0.26433334,0.46499997,0.5268333,0.46116668,0.5696667,0.35766667,0.51166666,0.40116668,0.61333334,0.703,0.43316668,0.49266666,0.46199998,0.27566665,0.55083334,0.45083332,0.5643333,0.487,0.48033333,0.3516667,0.2635,0.35383332,0.30533335,0.4975,0.4921667,0.4935,0.523,0.48233336,0.6721667,0.9536667,0.34633332,0.662,0.08,0.43316668,0.72333336,0.35716665,0.37316668,0.7875,0.4785,0.15033333,0.1645,0.9601667,0.36583334,0.95100003,0.97450006,0.99866664,0.2195,0.73116666,0.87433326,0.88166666,0.7116667,0.6821667,0.4078333,0.75533336,0.9333333,0.272,0.42150003,0.7345,0.56233335,0.409,0.4123333,0.9605,0.80966663,0.9371667,0.25066668,0.78583336,0.832,0.24516666,0.52316666,0.48416668,0.45533332,0.735,0.95266664,0.8248334,0.37150002,0.38433334,0.040166665,0.24616666,0.56233335,0.98483336,0.872,0.945,0.85766673,0.99866664,0.49899998,0.32716665,0.80799997,0.6473333,0.69,0.56583333,0.47133332,0.8975,0.54616666,0.23683333,0.476,0.9918333,0.7723333,0.15116666,0.884,0.88733333,0.42883334,0.93233335,0.594,0.7195,0.8991667,0.5646666,0.33866668,0.7298333,0.7971667,0.5841667,0.3855,0.45866668,0.178,0.8935,0.6026667,0.89716667,1.0,0.43866667,0.70283335,0.98300004,0.408,0.66533333,0.95766675,0.43666667,0.111666664,0.921,0.49866667,0.496,0.9918333,0.81450003,0.92350006,0.85866666,0.40850002,0.63533336,0.55183333,0.8476667,0.6556667,0.6886667,0.3965,0.43983334,0.55183333,1.0,0.5491667,0.9245,0.5515,0.98883337,1.0,0.6875,0.14966667,0.40583336,0.183,0.9878334,0.15766667,0.634,0.91933334,0.8578334,0.9958334,0.8451667,0.88816667,0.97833335,0.56666666,0.99733335,0.2505,0.55200005,0.16116667,0.192,0.52066666,0.9353334,0.98916674,0.9213333,1.0,0.6255,0.65283334,0.54083335,0.22983332,0.9931667,0.86099994,0.24333332,0.492,0.27166665,0.47516668,0.9728334,0.4691667,0.5251667,0.65166664,0.35516667,0.78833336,0.26766667,0.116,0.8401666,0.57483333,0.48033333,0.9286667,0.87983334,0.9278334,0.55766666,0.5935,0.76600003,0.6161667,0.541,0.63816667,0.90033334,0.633,0.80300003,0.6446667,0.95633334,0.9801667
BC2026_Train_0008_S09_20250831_000000_25,0.18616667,0.44466665,0.3155,0.42033333,0.23333333,0.6436666,0.28483334,0.2295,0.16266668,0.27766666,0.44816667,0.23633333,0.33883333,0.25416666,0.6043334,0.34766668,0.33333334,0.5955,0.19183333,0.32816666,0.45583332,0.7538333,0.253,0.39866668,0.21216667,0.4625,0.96616673,0.28016666,0.5161667,0.6925,0.49433333,0.71916664,0.45483333,0.74133337,0.39566666,0.71316665,0.75799996,0.5286667,0.5938333,0.51783335,0.387,0.6555,0.48533332,0.7015,0.54866666,0.53533334,0.34433332,0.35216668,0.36,0.3561667,0.5295,0.52933335,0.52666664,0.62900007,0.48533332,0.8833333,0.96466666,0.32733333,0.5805,0.16866666,0.5605,0.62616664,0.52316666,0.4353333,0.8488333,0.566,0.21633333,0.15483333,0.99733335,0.41666666,0.9295,0.91966665,0.9781667,0.3701667,0.81533337,0.9098333,0.8185,0.82949996,0.6455,0.57683337,0.5471667,0.9863334,0.09566666,0.37016666,0.36550003,0.5925,0.42158332,0.5338333,0.90199995,0.72099996,0.8823333,0.23133333,0.6526667,0.9816667,0.2615,0.808,0.30783334,0.53283334,0.5215,0.7083334,0.84983337,0.3146667,0.633,0.104499996,0.23033333,0.5,0.9613333,0.82883334,0.943,0.9178333,0.96466666,0.5645,0.43933332,0.70916665,0.8113333,0.7228333,0.444,0.4155,0.8236667,0.39733335,0.271,0.5758333,1.0,0.7813333,0.20833333,0.714,0.87049997,0.36400002,0.89383334,0.73899996,0.9088334,0.6736667,0.63283336,0.58033335,0.74249995,0.8883333,0.6076667,0.5096667,0.7276667,0.2685,0.7176666,0.6613333,0.90733325,0.9916667,0.75116664,0.4098333,0.9283334,0.28166667,0.75399995,0.8283334,0.64500004,0.13333333,0.7423334,0.4698333,0.6536667,0.98766667,0.8383333,0.95383334,0.85449994,0.45966667,0.6713333,0.6466667,0.6993333,0.5031667,0.5911666,0.5298333,0.5593333,0.53616667,0.9931667,0.7468333,0.78700006,0.5018333,0.98766667,0.9351667,0.611,0.055833332,0.7008333,0.26999998,0.85616666,0.23,0.58383334,0.8005,0.58183336,0.9485,0.9878334,0.84933335,0.91850007,0.67616665,0.9766667,0.20183334,0.81700003,0.3325,0.10733333,0.40583333,0.9685,0.9598333,0.867,0.9676666,0.7198333,0.7641667,0.6678333,0.3855,0.9068333,0.85616666,0.361,0.59166664,0.33216667,0.59966666,0.93408334,0.56000006,0.5305,0.8331667,0.2765,0.8061667,0.4306667,0.16233334,0.9371667,0.8438333,0.64316666,0.9253334,0.8213333,0.8915,0.62016666,0.68266666,0.76100004,0.6871667,0.51633334,0.595,0.7453333,0.69983333,0.60933334,0.57133335,0.8888334,0.934
BC2026_Train_0008_S09_20250831_000000_30,0.10983333,0.36133334,0.30583334,0.33283335,0.09166667,0.448,0.16983333,0.17750001,0.16533333,0.33266667,0.405,0.10183333,0.21416667,0.0875,0.34033334,0.27183336,0.22366667,0.5038333,0.13016666,0.16600001,0.13033333,0.48966667,0.089666665,0.5171667,0.201,0.16166666,0.92766666,0.16133332,0.4375,0.48033333,0.53333336,0.57433337,0.434,0.6621667,0.33683333,0.5568333,0.7818333,0.5176667,0.61083335,0.47716665,0.38816667,0.7475,0.4838333,0.597,0.4606667,0.44583333,0.32516667,0.32000002,0.30900002,0.28116667,0.48883337,0.49966666,0.49283335,0.71,0.43266666,0.5833333,0.91583335,0.4141667,0.314,0.205,0.45166665,0.5471667,0.30283332,0.1445,0.87833333,0.47466666,0.12733334,0.0425,0.93083334,0.33350003,0.92116666,0.9393333,0.819,0.20166667,0.59000003,0.8921666,0.9016667,0.674,0.7406666,0.3965,0.21916667,0.99866664,0.072333336,0.2685,0.20949998,0.85150003,0.4921667,0.417,0.74549997,0.44449997,0.91866666,0.23116666,0.53966665,0.88166666,0.1555,0.591,0.19433333,0.48233333,0.36049998,0.37733334,0.8683334,0.35300002,0.48216665,0.071833335,0.26416665,0.3445,0.8351667,0.54150003,0.7653333,0.9113333,0.6423333,0.42000002,0.26283333,0.8228333,0.68799996,0.7015,0.34183335,0.22933334,0.7661667,0.1935,0.124,0.55883336,0.9316667,0.6405,0.126,0.51233333,0.6358333,0.5133334,0.9695,0.5346667,0.51233333,0.5736667,0.6371667,0.29250002,0.54366666,0.8686667,0.5705,0.61216664,0.706,0.22999999,0.6958333,0.5683333,0.9505,0.9413333,0.60033333,0.56750005,0.82916665,0.25733334,0.65083337,0.70350003,0.312,0.10166667,0.8998333,0.42083332,0.5145,0.93,0.905,0.8596667,0.8236667,0.39450002,0.7005,0.7415,0.626,0.673,0.567,0.4221667,0.30216667,0.80766666,0.9781667,0.7776667,0.58900005,0.38366666,0.9026666,0.9701667,0.54749995,0.036833335,0.7345,0.42150003,0.7596667,0.165,0.712,0.8423333,0.5975,0.88516665,0.77133334,0.765,0.8216667,0.511,0.9728334,0.21016666,0.9493333,0.24183333,0.035333335,0.22033334,0.9245,0.78,0.66650003,0.9821667,0.49216667,0.46999997,0.88483334,0.45116663,0.40750003,0.88666666,0.46216667,0.22033334,0.26933336,0.358,0.9903333,0.6203333,0.5833333,0.7991667,0.30299997,0.56533337,0.36283332,0.20099999,0.9248333,0.3695,0.7665,0.47733337,0.8341667,0.91966665,0.47133335,0.5996667,0.791,0.7,0.7668333,0.9381666,0.42516667,0.36633334,0.50699997,0.41366667,0.8171667,0.91516674
BC2026_Train_0008_S09_20250831_000000_35,0.0455,0.36316666,0.16866666,0.32633334,0.07083333,0.29966664,0.14383334,0.215,0.15699999,0.31383333,0.45183334,0.05333334,0.14966667,0.016666668,0.425,0.278,0.042000003,0.29366666,0.1645,0.09783333,0.023,0.41633332,0.048833333,0.30966663,0.13166666,0.048333332,0.8476666,0.08366667,0.4325,0.30216667,0.52383333,0.5815,0.43916667,0.63133335,0.266,0.5993333,0.75333333,0.45,0.5783334,0.46816668,0.36383334,0.7513333,0.45066667,0.63366663,0.36233333,0.35300002,0.29983336,0.27083334,0.26766667,0.22033334,0.42233333,0.44633335,0.43833333,0.733,0.4705,0.38333333,0.8961666,0.384,0.18833333,0.024833333,0.17716667,0.52216667,0.36416668,0.13916665,0.655,0.43366665,0.0445,0.032,0.6038333,0.3181667,0.82,0.86,0.6246667,0.0835,0.37108332,0.8261667,0.65666664,0.4425,0.77666664,0.23816666,0.125,0.96599996,0.023166668,0.366,0.1755,0.825,0.35466665,0.25116664,0.6583333,0.37033334,0.9533333,0.16233334,0.51708335,0.5845,0.242,0.3843333,0.1275,0.49233335,0.34583333,0.3784167,0.7863333,0.13833334,0.60116667,0.082,0.252,0.25216666,0.6895,0.37433332,0.62049997,0.72783333,0.5973333,0.16133334,0.19733334,0.85600007,0.825,0.6466667,0.30066666,0.15733334,0.63633335,0.17583333,0.055,0.48233333,0.6035,0.5511667,0.0705,0.33699998,0.4513333,0.356,0.75799996,0.36533335,0.845,0.7086667,0.3818333,0.18583333,0.42400002,0.52,0.33383334,0.5415,0.59866667,0.10366666,0.612,0.61116666,0.7821667,0.7611667,0.54433334,0.43283334,0.84416664,0.20750001,0.6595,0.6878333,0.13366666,0.041166667,0.38716668,0.40316665,0.39266667,0.5955,0.741,0.6706667,0.7593333,0.30033332,0.6716667,0.84683335,0.4155,0.4985,0.40966666,0.24599999,0.21600002,0.454,0.87900007,0.5948334,0.5026667,0.29466668,0.8663333,0.92616665,0.48499998,0.013666667,0.54716665,0.22150001,0.74333334,0.22316666,0.65033334,0.7263333,0.7695,0.68983334,0.5161667,0.6993333,0.70016664,0.35033333,0.95233333,0.14533333,0.77349997,0.18458334,0.039666668,0.096499994,0.77466667,0.54583335,0.7215,0.90466666,0.30650002,0.6345,0.7701667,0.11266667,0.4931667,0.7903334,0.28116667,0.12383333,0.23633333,0.36949998,0.9171667,0.59416664,0.56416667,0.73116666,0.355,0.25716665,0.42983335,0.175,0.895,0.35133332,0.66083336,0.17483333,0.781,0.86516666,0.15516666,0.49133334,0.687,0.635,0.566,0.7288334,0.25366667,0.13133334,0.33766666,0.3745,0.677,0.58633333
BC2026_Train_0008_S09_20250831_000000_40,0.047,0.43933332,0.286,0.24283335,0.020833334,0.55383337,0.1195,0.16233332,0.09600001,0.30916667,0.353,0.112333335,0.071166664,0.0375,0.87633336,0.26416668,0.035166666,0.24483334,0.14316666,0.053,0.054333333,0.48999998,0.11333334,0.29383332,0.10283333,0.08,0.84066665,0.116500005,0.39866668,0.42716667,0.51266664,0.6153333,0.467,0.54833335,0.2555,0.59166664,0.7406666,0.456,0.56366664,0.49199998,0.42700002,0.7261667,0.39316666,0.63916665,0.33233333,0.33366665,0.32083333,0.257,0.268,0.25133333,0.4065,0.41716668,0.4145,0.76350003,0.48766667,0.65833336,0.96616673,0.34408334,0.23666666,0.023666669,0.045666665,0.30666667,0.18149999,0.07266667,0.56783336,0.29283333,0.155,0.023166668,0.7835,0.38133335,0.87216663,0.8945,0.59000003,0.029500002,0.42883334,0.81700003,0.59466666,0.40833333,0.79999995,0.4345,0.17716667,0.80799997,0.0275,0.35516667,0.18916667,0.79183334,0.27749997,0.28383332,0.6601666,0.35325,0.94033337,0.13233332,0.60216665,0.6565,0.6256667,0.4541667,0.15983334,0.5046666,0.34666666,0.35950002,0.8411666,0.16250001,0.7151667,0.016333334,0.246,0.2845,0.78466666,0.48133335,0.53433335,0.624,0.52016664,0.24816667,0.1935,0.6996666,0.6026667,0.6526667,0.25883335,0.259,0.76850003,0.093166664,0.07816667,0.35183334,0.7518333,0.5368333,0.17183334,0.27633333,0.5385,0.311,0.63549995,0.5186667,0.97599995,0.59533334,0.5003333,0.11666667,0.33583334,0.43183333,0.57766664,0.43433332,0.41916665,0.08566667,0.59241664,0.6135,0.48133332,0.7178334,0.3235,0.41466665,0.61333334,0.189,0.63549995,0.7655,0.097166665,0.030000001,0.2744167,0.35133332,0.41566667,0.6571666,0.6511667,0.7235,0.8988333,0.22583333,0.6448333,0.6145,0.5053333,0.51283336,0.17733334,0.31599998,0.22916666,0.41033334,0.65716666,0.60950005,0.4461667,0.19133334,0.9778334,0.8631667,0.3655,0.018000001,0.14883333,0.16116667,0.633,0.48433334,0.5848333,0.62983334,0.48608333,0.7396667,0.5816667,0.6043333,0.7215,0.2705,0.9711667,0.13266668,0.251,0.2195,0.023166668,0.14333333,0.785,0.49433333,0.6131667,0.92183334,0.58033335,0.727,0.6128333,0.075666666,0.7341667,0.6193333,0.232,0.11516666,0.53283334,0.38633335,0.95699996,0.5478333,0.47466666,0.5758333,0.18533334,0.42333332,0.29916668,0.15366668,0.8171667,0.555,0.48116666,0.259,0.7655,0.87333333,0.26966667,0.53033334,0.8266667,0.66183335,0.33916667,0.595,0.30933332,0.24583334,0.38033333,0.25966665,0.7441667,0.7116667
BC2026_Train_0008_S09_20250831_000000_45,0.074666664,0.39266667,0.26616666,0.334,0.045833334,0.5543333,0.16466667,0.10316667,0.07833333,0.27816665,0.34,0.17266667,0.1405,0.058333334,0.596,0.296,0.052000005,0.33416665,0.122833334,0.067833334,0.21216667,0.4513333,0.08500001,0.33633333,0.16333334,0.11466667,0.803,0.069,0.45866668,0.5266667,0.5138333,0.61333334,0.54766667,0.58783334,0.21183333,0.64783335,0.7323333,0.477,0.6478333,0.47316667,0.4513333,0.7748333,0.39566666,0.644,0.38816667,0.38950002,0.31783333,0.31266665,0.2965,0.26883334,0.40216666,0.41816667,0.4075,0.7948333,0.48733333,0.64166665,0.992,0.29066667,0.27266666,0.0385,0.06916667,0.44616663,0.3155,0.15266667,0.61116666,0.306,0.115166664,0.045,0.93,0.39766666,0.91466665,0.92149997,0.648,0.40766668,0.5528333,0.9636667,0.67333335,0.46133333,0.78283334,0.34233332,0.35300002,0.91583335,0.061166666,0.35066667,0.18566667,0.63850003,0.3096667,0.22016665,0.73649997,0.51316667,0.8765,0.14066666,0.62216663,0.7283333,0.18833333,0.8151667,0.16933334,0.49949998,0.5173334,0.5173333,0.9,0.18133333,0.4511667,0.060000002,0.075666666,0.50266665,0.9498333,0.8385,0.69816667,0.62166667,0.5018333,0.32733333,0.27899998,0.6088333,0.6523334,0.6766667,0.28666666,0.5368333,0.832,0.281,0.10916667,0.50866663,0.9791667,0.6488334,0.024666667,0.38950002,0.81583333,0.2635,0.73550004,0.8045,0.93266666,0.71566665,0.5383333,0.24966666,0.2776667,0.60749996,0.6651667,0.5143333,0.78499997,0.079,0.69,0.68883336,0.66116667,0.82783335,0.6935,0.36533335,0.5876667,0.29016668,0.63733333,0.8831667,0.33200002,0.0555,0.49883336,0.24333334,0.57566667,0.7978333,0.651,0.9281666,0.91933334,0.32916665,0.6493333,0.5208334,0.581,0.45366666,0.17233333,0.53900003,0.3345,0.341,0.82316667,0.5286667,0.60833335,0.3365,0.99866664,0.85033333,0.44483334,0.04366667,0.3575,0.20833334,0.75866663,0.22749999,0.5925,0.6055,0.43233335,0.9268333,0.88366663,0.62733334,0.842,0.28633332,0.97083336,0.1635,0.3745,0.22,0.05466667,0.3275,0.9328333,0.69233334,0.78533334,0.85066664,0.98450005,0.8495,0.60316664,0.155,0.9863334,0.7073333,0.2565,0.148,0.34766668,0.46999997,0.9971667,0.49466667,0.4525,0.754,0.1795,0.7456667,0.35900003,0.18716666,0.81783336,0.9958334,0.5783333,0.5055,0.77283335,0.86083335,0.48283336,0.6938333,0.90433335,0.6423333,0.36333334,0.8003334,0.5601667,0.20966667,0.42233333,0.34983334,0.81916666,0.8841666
BC2026_Train_0008_S09_20250831_000000_50,0.058,0.3803333,0.3005,0.327,0.025000002,0.7725,0.20066667,0.18,0.175,0.40116668,0.3495,0.24400002,0.06216667,0.07083333,0.37933332,0.35033333,0.06316666,0.26683334,0.14333333,0.1255,0.11316666,0.46866667,0.17466667,0.34499997,0.13633333,0.1965,0.85249996,0.066583335,0.605,0.7028333,0.49666664,0.70650005,0.5158333,0.5281667,0.20416668,0.7306667,0.714,0.44316664,0.5635,0.48883337,0.39,0.6816667,0.4415,0.72800004,0.40066665,0.39533332,0.3401667,0.30833334,0.3145,0.273,0.43733335,0.444,0.44133335,0.7151667,0.463,0.7875,0.98516667,0.35750002,0.233,0.089,0.15583333,0.18216667,0.30699998,0.087,0.745,0.40766668,0.057666667,0.057500005,0.8971667,0.48316666,0.84866667,0.90666664,0.59866667,0.9353334,0.42133334,0.9873333,0.49683332,0.32066667,0.6116666,0.3805,0.39033332,0.80700004,0.044666667,0.39633334,0.3185,0.4378333,0.24716666,0.17633334,0.5141667,0.44449997,0.87016666,0.12916666,0.77550006,0.64100003,0.09533334,0.8771667,0.20933333,0.4685,0.40766668,0.4795,0.73099995,0.12383333,0.31383333,0.07016666,0.031,0.3915,0.76633334,0.58066666,0.55266666,0.67333335,0.43583333,0.22083333,0.1575,0.38366663,0.49233332,0.59316665,0.2545,0.33016667,0.6228334,0.14716667,0.08766666,0.282,0.7353333,0.58283335,0.009500001,0.22,0.91050005,0.2265,0.62133336,0.7861667,0.73183334,0.7571667,0.54316664,0.16549999,0.30883333,0.4501667,0.66083336,0.3703333,0.81133336,0.24000001,0.774,0.54083335,0.518,0.70766664,0.8653333,0.32916668,0.49466667,0.27216667,0.6035,0.949,0.12666667,0.039166667,0.33016667,0.15066667,0.4615,0.59333336,0.65183336,0.6448333,0.901,0.28516668,0.696,0.31933334,0.6026667,0.39133334,0.10916667,0.34133333,0.24499999,0.33916667,0.67083335,0.48550004,0.55350006,0.25016665,0.97083336,0.796,0.402,0.019166667,0.18333334,0.15466666,0.5746666,0.093833335,0.52916664,0.48116666,0.3025,0.76133335,0.76133335,0.71099997,0.74,0.22533333,0.9478333,0.17866667,0.20666668,0.13016666,0.10233334,0.18316665,0.7748333,0.48983335,0.5868333,0.7255,0.9943333,0.5208334,0.40283334,0.17266667,0.5923333,0.69616663,0.28,0.137,0.48433334,0.35483333,0.94533336,0.44983333,0.48383334,0.6861667,0.22983332,0.44383335,0.47466666,0.105,0.717,1.0,0.40183333,0.38016668,0.7226667,0.7326667,0.40883332,0.43833333,0.8896667,0.61433333,0.28933334,0.9026667,0.37566668,0.09633334,0.5061667,0.44483334,0.7715,0.49066666
BC2026_Train_0008_S09_20250831_000000_55,0.0515,0.29366666,0.07383333,0.20216668,0.004166667,0.34966666,0.29833335,0.17666666,0.12883332,0.401,0.4306667,0.029333334,0.08933334,0.012500001,0.12633333,0.24533334,0.043833334,0.275,0.19383334,0.011,0.018833334,0.2065,0.041666664,0.32891667,0.04033333,0.0635,0.82949996,0.056166667,0.38099998,0.712,0.54616666,0.5365,0.4753333,0.54716665,0.23016667,0.51116663,0.732,0.4818333,0.62016666,0.46833336,0.43699998,0.76633334,0.44083336,0.5538333,0.31216666,0.30683333,0.27883333,0.23333335,0.23866667,0.20916666,0.42049998,0.42316666,0.43649998,0.8531667,0.449,0.39583334,0.9575,0.473,0.2335,0.011,0.0625,0.2675,0.116166666,0.051,0.52816665,0.39116666,0.019166667,0.0135,0.69166666,0.35033333,0.75233334,0.89416665,0.5478333,0.35383332,0.43725002,0.9451667,0.5245,0.23666666,0.82883334,0.2875,0.13366666,0.5706667,0.008166667,0.24883333,0.12616667,0.68483335,0.2988333,0.14516667,0.5885,0.3165,0.90866673,0.119666666,0.63933337,0.48266667,0.1015,0.4633333,0.11766666,0.526,0.22433335,0.286,0.7396667,0.107499994,0.38816667,0.16866666,0.1795,0.15533334,0.61016667,0.29466668,0.43816668,0.76633334,0.43183333,0.11666667,0.151,0.49933332,0.15225,0.65466666,0.20633334,0.14283334,0.48933333,0.03816667,0.056500003,0.268,0.589,0.47100002,0.031166667,0.296,0.64066666,0.32033333,0.6451667,0.49633336,0.2985,0.4855,0.6285,0.078833334,0.2961667,0.38866666,0.46283334,0.31716666,0.30566666,0.19133334,0.6511667,0.6203333,0.19783333,0.6326667,0.68733335,0.43833333,0.6878333,0.16933334,0.607,0.76766664,0.038000003,0.010833334,0.16516666,0.19966666,0.40583333,0.57366663,0.682,0.4536667,0.80516666,0.12599999,0.69266665,0.3595,0.35433334,0.4843333,0.064333335,0.14449999,0.17083333,0.25033334,0.7345,0.582,0.34583333,0.13949999,0.84833336,0.87216663,0.39566666,0.098000005,0.09383333,0.17983332,0.584,0.08833333,0.5973333,0.5348333,0.13416666,0.66966665,0.46649998,0.65316665,0.64916664,0.24833333,0.909,0.21183333,0.112666674,0.09066667,0.0315,0.07483333,0.70383334,0.31483334,0.36400002,0.8851667,0.9095,0.28283334,0.791,0.039666668,0.17400001,0.6783334,0.16266666,0.09933333,0.24883333,0.40516666,0.92333335,0.45350003,0.69,0.6091667,0.24016666,0.24766666,0.4475,0.14275,0.7545,0.8628333,0.51633334,0.198,0.7406667,0.7606666,0.186,0.46049997,0.6595,0.6473333,0.26033333,0.54316664,0.1975,0.06633334,0.43283334,0.17300001,0.7266667,0.51483333
BC2026_Train_0008_S09_20250831_000000_60,0.053,0.31883335,0.125,0.20283334,0.016666668,0.4258333,0.109,0.13149999,0.20883334,0.339,0.4421667,0.008166667,0.1655,0.008333334,0.13066667,0.22199999,0.059333336,0.3051667,0.112666674,0.004166667,0.08416666,0.30966666,0.0135,0.415,0.08583333,0.08833334,0.9743333,0.035,0.3915,0.7935,0.5095,0.56383336,0.5338333,0.6798333,0.31466666,0.607,0.7198333,0.4865,0.57666665,0.48183334,0.43383333,0.74016666,0.48999998,0.589,0.43616667,0.42283332,0.31533334,0.24450001,0.254,0.22066666,0.458,0.45266664,0.46866667,0.76600003,0.491,0.55,0.97833335,0.49733335,0.4745,0.0068333335,0.059333336,0.24633333,0.18616666,0.1135,0.40833336,0.48833334,0.07416667,0.032833334,0.6446667,0.3505,0.69633335,0.75049996,0.5195,0.0715,0.38983333,0.91733336,0.5025,0.32266667,0.63100004,0.2125,0.14816666,0.51416665,0.017666668,0.30483332,0.094166666,0.56516665,0.2943333,0.32033333,0.60300004,0.3243333,0.88350004,0.09116667,0.45633334,0.41799998,0.07466667,0.603,0.145,0.48133332,0.24649999,0.39766666,0.69350004,0.18866667,0.46999997,0.1265,0.148,0.19116667,0.5528333,0.36666667,0.5808333,0.7391667,0.5485,0.10683333,0.13433333,0.42233336,0.34633332,0.6396667,0.17683333,0.123500004,0.49333334,0.088,0.030833332,0.24883333,0.5751667,0.50266665,0.0635,0.1695,0.6041667,0.20333333,0.5338333,0.33816665,0.5988333,0.71566665,0.3645,0.10083334,0.4498333,0.39333338,0.36516666,0.22366667,0.3125,0.17183334,0.53000003,0.5503334,0.23516667,0.6461667,0.777,0.41783333,0.5043334,0.18175,0.5768333,0.7313333,0.14066666,0.023,0.24116667,0.121,0.48466665,0.49533334,0.5976666,0.413,0.77133334,0.16333333,0.6271667,0.5945,0.3745,0.37383333,0.0685,0.33683333,0.15416667,0.40366668,0.521,0.36299998,0.48516667,0.22766666,0.81500006,0.79516673,0.431,0.0055,0.06566667,0.36266667,0.5636667,0.08416667,0.57566667,0.43633336,0.23516667,0.71683335,0.7175,0.72183335,0.5528334,0.29616666,0.875,0.11516666,0.11883333,0.1595,0.0055,0.091000006,0.75283337,0.49583334,0.4815,0.74266666,0.44066668,0.345,0.46283334,0.063,0.29066667,0.55616665,0.1135,0.059833333,0.30083334,0.514,0.6881666,0.45533332,0.51283336,0.7008333,0.24000001,0.35549998,0.5661667,0.1095,0.78583336,0.466,0.47933334,0.25366667,0.70766664,0.6875,0.27116668,0.44266665,0.6145,0.6421667,0.18416667,0.5061667,0.3243333,0.08166667,0.33133334,0.26433334,0.69449997,0.4555
BC2026_Train_0009_S09_20250828_000000_5,0.674,0.6368333,0.32783332,0.55183333,0.38333333,0.79316664,0.72716665,0.43883336,0.34083334,0.59749997,0.564,0.33383334,0.30766666,0.49166667,0.56266665,0.58316666,0.184,0.6803333,0.18833333,0.149,0.52216667,0.8346666,0.44283333,0.9238334,0.6878333,0.5778333,0.9685,0.57166666,0.8676666,0.60816664,0.6771667,0.8668333,0.7003333,0.833,0.6635,0.7941667,0.78283334,0.584,0.7421667,0.6851667,0.60550004,0.77516663,0.6585,0.8803333,0.587,0.58716667,0.48999998,0.48583335,0.556,0.53933334,0.6503333,0.65183336,0.6491667,0.88666666,0.69233334,0.65416664,0.9406667,0.2335,0.66083336,0.19233334,0.43333334,0.7378333,0.23499998,0.39499998,0.98300004,0.85616666,0.43816665,0.18866667,0.9713333,0.5391667,0.7496667,0.77666664,0.8213333,0.6333333,0.68466663,0.8968333,0.6166667,0.8245,0.96066666,0.92166674,0.4658333,0.61016667,0.2225,0.94499993,0.22166666,0.80583334,0.68866664,0.47116667,0.8616667,0.58383334,0.35166666,0.70316666,0.92333335,0.97616667,0.48616666,0.71150005,0.312,0.783,0.4845,0.8593333,0.80583334,0.7603333,0.6065,0.4338333,0.28083333,0.91083336,0.67266667,0.7163333,0.8146666,0.8016667,0.63733333,0.83433336,0.7453333,0.5043334,0.41933334,0.7391666,0.443,0.9401667,0.40333334,0.7405,0.50916666,0.6421667,0.71283334,0.9710001,0.24166667,0.69299996,0.6595,0.4371667,0.62549996,0.9471667,0.6793333,0.41133332,0.97166663,0.7188333,0.61700004,0.4615,0.916,0.5105,0.92266667,0.4365,0.9875,0.7985,0.53783333,0.79333335,0.87016666,0.543,0.8333333,0.77583337,0.9695,0.6243333,0.46083334,0.6511667,0.60616666,0.5451667,0.6494167,0.92499995,0.8588333,0.6246667,0.9131667,0.9656667,0.76033336,0.26783332,0.889,0.55483335,0.7481667,0.9056667,0.85599995,0.65316665,0.67149997,0.83566666,0.986,0.74983335,0.71833336,0.75616664,0.848,0.40833333,0.659,0.21883333,0.75699997,0.4626667,0.9493333,0.8393333,0.61333334,0.83599997,0.765,0.94033337,0.753,0.811,0.7816667,0.5905,0.5315,0.6016667,0.45733333,0.44383335,0.9045,0.5931667,0.763,0.7951666,0.9088333,0.9171667,0.45700002,0.343,0.56766665,0.93616664,0.71216667,0.73950005,0.5138333,0.52433336,0.52783334,0.79700005,0.6411667,0.9498333,0.76916665,0.5753333,0.34766665,0.42483336,0.7621667,0.8416667,0.7216667,0.57166666,0.75033337,0.462,0.8341667,0.7991667,0.92583334,0.823,0.7823334,0.9705,0.5951667,0.58066666,0.85866666,0.99450004,0.65900004,0.65166664
BC2026_Train_0009_S09_20250828_000000_10,0.73066664,0.7105,0.35466668,0.4655,0.2625,0.82566667,0.7408334,0.68716663,0.37933332,0.62950003,0.6235,0.239,0.47116664,0.52916664,0.5236666,0.54933333,0.13816667,0.79866666,0.33783334,0.136,0.26483333,0.70383334,0.6678333,0.54366666,0.64566666,0.6346667,0.8765,0.83599997,0.8941667,0.65958333,0.7353333,0.90833336,0.72900003,0.8176667,0.7678333,0.8743334,0.8025,0.601,0.6206667,0.7718333,0.682,0.6791667,0.7061666,0.90999997,0.57299995,0.5743333,0.6495,0.59999996,0.6698333,0.68333334,0.70966667,0.70149994,0.70016664,0.7635,0.7418333,0.7,0.9091667,0.329,0.88366663,0.24383333,0.38916668,0.5923333,0.20833333,0.263,0.87399995,0.8151667,0.331,0.28116667,0.94383335,0.62216663,0.7434166,0.82366663,0.8143333,0.5073333,0.8381667,0.77900004,0.61883336,0.8021667,0.9595,0.8413333,0.4695,0.43566668,0.509,0.60433334,0.37183332,0.9335,0.65599996,0.74583334,0.819,0.65016663,0.42400002,0.6526667,0.8103333,0.93816674,0.36583334,0.314,0.6975,0.7826667,0.38300002,0.99450004,0.8113333,0.549,0.768,0.44466665,0.34383333,0.7428333,0.71383333,0.51549995,0.892,0.88549995,0.7335,0.8473333,0.8348333,0.61833334,0.38,0.79550004,0.6435,0.787,0.36883333,0.8796667,0.6791667,0.7346667,0.9561667,0.9573333,0.42783335,0.7136667,0.7865,0.61066663,0.717,0.75883335,0.70483327,0.291,0.8513334,0.729,0.7306667,0.41,0.918,0.72366667,0.7608334,0.6358334,0.9251667,0.74966663,0.63733333,0.83466667,0.814,0.419,0.84033334,0.9271667,0.97166663,0.7885001,0.42983332,0.74,0.798,0.8146667,0.6313333,1.0,0.80200005,0.8055,0.946,0.82766664,0.785,0.47716665,0.851,0.834,0.7813333,0.72716665,0.8231666,0.783,0.8053333,0.8665,0.9971667,0.7628333,0.944,0.756,0.8228333,0.4605,0.52016664,0.40816668,0.8668333,0.5861667,0.96683335,0.8668333,0.6281667,0.89100003,0.7151667,0.9085,0.88400006,0.9328333,0.7073333,0.73899996,0.4838333,0.9558333,0.9113333,0.70350003,0.99866664,0.68333334,0.79583335,0.9645,0.8655,0.873,0.5693333,0.42266667,0.6976667,0.8758333,0.7403333,0.8626667,0.49183333,0.6371666,0.6526667,0.6868334,0.85983336,0.9486667,0.65400004,0.5718334,0.44316664,0.6638334,0.81700003,0.43566668,0.76766664,0.6548333,0.76649994,0.48549998,0.8835,0.86716664,0.96783334,0.8171667,0.74050003,0.9546666,0.55600005,0.7998333,0.862,0.92999995,0.8383333,0.50016665
BC2026_Train_0009_S09_20250828_000000_15,0.74516666,0.71783334,0.39749998,0.19366667,0.31666666,0.66999996,0.6971667,0.616,0.41950002,0.6285,0.6445,0.26616666,0.36900002,0.48333332,0.47100002,0.45083332,0.18633333,0.8761666,0.27566665,0.0955,0.21949999,0.45716667,0.37866667,0.623,0.69416666,0.5916667,0.82133335,0.6345,0.8458333,0.64566666,0.84783334,0.9598333,0.7125,0.75783336,0.7906667,0.79,0.8556667,0.72950006,0.80166674,0.658,0.7811667,0.8831667,0.80833334,0.97083336,0.5821667,0.5781666,0.697,0.65,0.7163333,0.7431667,0.8081666,0.8138333,0.8125,0.842,0.698,0.8125,0.92300004,0.28133333,0.9328333,0.35916668,0.48999998,0.5693333,0.06333333,0.30933335,0.6096667,0.848,0.42366666,0.20316666,0.906,0.627,0.8566667,0.796,0.8391667,0.49249998,0.7301667,0.7415,0.71150005,0.7945,0.97766674,0.8361666,0.26633334,0.65933335,0.5298333,0.5686667,0.31800002,0.94083333,0.80450004,0.7316667,0.885,0.6975,0.39450002,0.8245,0.80016667,0.908,0.3755,0.244,0.6855,0.7891666,0.42083335,0.7343334,0.9678334,0.69816667,0.89133334,0.6346667,0.4001667,0.7555,0.7991667,0.38050002,0.8553333,0.8675,0.78466666,0.7618333,0.8508333,0.87850004,0.4515,0.806,0.7183333,0.8873333,0.39066666,0.81166667,0.7353333,0.7948333,0.9021667,0.8948333,0.45466667,0.62,0.8115001,0.61266667,0.77550006,0.8351667,0.6818333,0.41983336,0.60083336,0.79766667,0.8318333,0.59333336,0.9596666,0.8283334,0.94350004,0.715,0.7981667,0.6851667,0.61616665,0.81816673,0.87083334,0.46616665,0.7685,0.98583335,0.9803334,0.84416664,0.4676667,0.78316665,0.8448333,0.68733335,0.68,0.9775,0.8251666,0.7195,0.9878334,0.8861667,0.786,0.50916666,0.9348333,0.81216663,0.8476666,0.77283335,0.7885,0.862,0.78683335,0.8445,0.99866664,0.7445,0.854,0.8776667,0.7616667,0.486,0.5775,0.5071666,0.7765,0.763,0.9780834,0.9713333,0.7695,0.9643334,0.64966667,0.84066665,0.98916674,0.843,0.65183336,0.91550004,0.6096667,0.9723334,0.509,0.6591667,0.8946667,0.819,0.8915,0.8938334,0.79550004,0.9255,0.7558333,0.587,0.8588333,0.89166665,0.77900004,0.8283334,0.6865,0.53683335,0.9321667,0.6963333,0.80700004,0.9083334,0.825,0.50883335,0.46683332,0.81333333,0.9355,0.5125,0.8156666,0.16533333,0.86450005,0.85766673,0.733,0.9206667,0.996,0.83066666,0.8323333,0.96300006,0.7895,0.70316666,0.90999997,0.8398334,0.74583334,0.6386666
BC2026_Train_0009_S09_20250828_000000_20,0.68200004,0.67616665,0.26833332,0.1615,0.17916666,0.67733335,0.499,0.4593333,0.29016668,0.493,0.5161667,0.10733333,0.2823333,0.44583333,0.489,0.44716665,0.15616667,0.6575,0.17699999,0.061333336,0.24583334,0.59916663,0.29149997,0.57449996,0.6473334,0.4155,0.7931667,0.65966666,0.64849997,0.46883336,0.75699997,0.91233337,0.5198333,0.7758333,0.7445,0.80466664,0.93616664,0.74233335,0.55983335,0.68299997,0.6368333,0.6536667,0.8193333,0.9271667,0.50450003,0.491,0.63633335,0.49766666,0.683,0.6993333,0.8178333,0.81216663,0.815,0.61633337,0.743,0.65,0.9275,0.20033333,0.8666667,0.239,0.36466667,0.40566665,0.108333334,0.29966664,0.59283334,0.7916667,0.28,0.17333335,0.8593333,0.60183334,0.916,0.82916665,0.8826667,0.8213333,0.75633335,0.82000005,0.6961667,0.87333333,0.965,0.7223333,0.27816665,0.6278333,0.51166666,0.6963333,0.24466667,0.8973333,0.67766666,0.6681667,0.93733335,0.6311667,0.5548333,0.72783333,0.9171667,0.78816664,0.257,0.44016668,0.6853333,0.7403333,0.44783333,0.65416664,0.99333334,0.62583333,0.9406667,0.7408334,0.5488333,0.7908333,0.82149994,0.5133333,0.814,0.8735,0.6985,0.64716667,0.7145,0.88266665,0.45033333,0.83883333,0.61516666,0.8781667,0.58716667,0.7515,0.627,0.7701667,0.95766675,0.87266666,0.3241667,0.6113333,0.7916667,0.54316664,0.7906667,0.72583336,0.44616663,0.76533335,0.68133336,0.8078333,0.8593333,0.38616663,0.98466665,0.818,0.95766675,0.6333333,0.8901667,0.7416667,0.7686667,0.73950005,0.7978333,0.5315,0.72483337,0.91999996,0.9433334,0.841,0.549,0.80383337,0.92700005,0.7211667,0.6013334,0.79583335,0.8436667,0.61399996,0.9525,0.81500006,0.8641667,0.47033334,0.8296667,0.89049995,0.7873333,0.6561667,0.62133336,0.8675,0.745,0.82883334,0.9595,0.72949994,0.732,0.9681667,0.77225,0.6983334,0.57116663,0.41583332,0.7785,0.58283335,0.9525,0.9816667,0.699,0.96783334,0.788,0.9485,0.972,0.91466665,0.783,0.803,0.794,0.8661667,0.539,0.59933335,0.8211667,0.9508333,0.9405,0.9253334,0.7588333,0.913,0.663,0.5315,0.9333333,0.9038334,0.8118333,0.73249996,0.54616666,0.72066665,0.9551667,0.714,0.8105,0.87233335,0.6978333,0.62866664,0.48999998,0.8171667,0.9873333,0.29766667,0.8193333,0.14883333,0.8906667,0.915,0.6865,0.91349995,0.9455,0.8941667,0.85966665,0.93583333,0.79,0.744,0.9466667,0.88266665,0.63799995,0.6855
BC2026_Train_0009_S09_20250828_000000_25,0.6595,0.628,0.4883333,0.2891667,0.083333336,0.89283335,0.5241667,0.57316667,0.39933333,0.5725,0.638,0.24516666,0.28266668,0.49583334,0.47933334,0.47500002,0.119666666,0.70816666,0.18316665,0.12666667,0.27583334,0.5643333,0.26883334,0.65583336,0.56616664,0.421,0.76266664,0.7425,0.90316665,0.43566665,0.69083333,0.9835,0.6536667,0.8496667,0.71833336,0.9181667,0.84599996,0.7061666,0.6678333,0.6793333,0.697,0.71066666,0.837,0.9918333,0.5916667,0.5876667,0.65716666,0.61716664,0.7181667,0.7495,0.8283334,0.82966673,0.82966673,0.79349995,0.6928333,0.8638333,0.9496667,0.3055,0.9095,0.22616667,0.4215,0.553,0.11816667,0.36433333,0.6186667,0.83416665,0.41466668,0.31733334,0.952,0.6491667,0.9356666,0.8258333,0.91116667,0.7935,0.7998333,0.8548333,0.56,0.7823333,0.9866667,0.9496667,0.41483337,0.85033333,0.6346667,0.96666664,0.37699997,0.62549996,0.5998333,0.7983333,0.97933334,0.60716665,0.47249997,0.8021667,0.98450005,0.88049996,0.4658333,0.473,0.71466666,0.73800004,0.41750002,0.736,0.9738333,0.87216663,0.8956666,0.5745,0.41116667,0.77849996,0.77283335,0.5625,0.9096667,0.8405,0.8115,0.88416666,0.6965,0.82566667,0.3426667,0.81649995,0.6285,0.93633336,0.40033334,0.6918333,0.44966668,0.6556667,0.804,0.8818333,0.37366664,0.5761666,0.8355,0.41399997,0.8608334,0.94366664,0.51066667,0.58466667,0.92149997,0.77633333,0.95783335,0.4461667,0.92300004,0.8895,0.97716665,0.60833335,0.9385,0.7813333,0.6985,0.85150003,0.8245,0.48783332,0.8061667,0.9595,0.9635,0.8458333,0.528,0.73966664,0.911,0.7975,0.6195,0.8561666,0.87950003,0.5355,0.9493333,0.96150005,0.82733333,0.45499998,0.98883337,0.97483337,0.8563334,0.90933335,0.71383333,0.81616664,0.70266664,0.9221667,0.9613333,0.8305,0.7396667,0.87333333,0.7965,0.46083334,0.5478333,0.37216666,0.8678334,0.73149997,0.9834167,0.962,0.7535,0.92149997,0.60599995,0.99333334,0.98083335,0.9056667,0.79349995,0.8103334,0.691,0.9821667,0.75899994,0.5945,0.6956667,0.81700003,0.968,0.8628333,0.883,0.9325,0.53216666,0.7915001,0.8876667,0.81816673,0.8075,0.7951667,0.59583336,0.60400003,0.92883337,0.8718333,0.7385,0.8221667,0.86333334,0.6331667,0.8538334,0.89199996,0.9551667,0.9623333,0.85733336,0.421,0.7539166,0.81783336,0.82483333,0.968,0.9213333,0.8056667,0.8601666,0.9446666,0.8423333,0.7123333,0.9915,0.8265,0.7531667,0.7353333
BC2026_Train_0009_S09_20250828_000000_30,0.59783334,0.6041667,0.34149998,0.36,0.11666667,0.91650003,0.54,0.5215,0.38133335,0.53033334,0.5485,0.28,0.26983333,0.20833333,0.4195,0.578,0.089499995,0.546,0.31666666,0.037833333,0.191,0.46533334,0.18383333,0.36949998,0.5251667,0.47649997,0.8361666,0.844,0.80733335,0.60966665,0.65166664,0.80016667,0.7503333,0.655,0.615,0.73950005,0.8411667,0.62749994,0.5565,0.6128333,0.57666665,0.6076666,0.6355,0.81116664,0.4026667,0.39333335,0.5683333,0.49666667,0.6423333,0.653,0.63783336,0.63933337,0.64199996,0.61149997,0.6598333,0.92233336,0.93383336,0.26450002,0.7688334,0.14400001,0.30966666,0.73933333,0.06883333,0.3035,0.75100005,0.7513333,0.41483334,0.34416667,0.98083335,0.58766663,0.7805,0.7083334,0.9166666,0.669,0.5631667,0.9038334,0.5061667,0.816,0.97966665,0.9736667,0.54116666,0.43166667,0.35399997,0.90083337,0.25333333,0.7361667,0.6725,0.53183335,0.9166666,0.74666667,0.26616666,0.8375,0.9696667,0.8775,0.4565,0.8045,0.37533334,0.80649996,0.5835,0.8655,0.92899996,0.7338333,0.79433334,0.26000002,0.40566665,0.8758334,0.713,0.7615,0.93916667,0.931,0.89716667,0.7838333,0.80183333,0.69200003,0.33166665,0.885,0.626,0.95766675,0.387,0.5875,0.38633335,0.6725,0.759,0.93733335,0.42866665,0.5666667,0.8775,0.66466665,0.7585,0.97683334,0.72249997,0.49916667,0.9508333,0.63149995,0.90816665,0.31366667,0.9416667,0.7238333,0.992,0.44766667,0.9536667,0.8213333,0.45266664,0.88,0.7928333,0.5765,0.70233333,0.9763334,0.9431666,0.88883334,0.35816666,0.6741667,0.67999995,0.64100003,0.6476667,0.9736667,0.847,0.44466665,0.91466665,0.982,0.76549995,0.3765,0.9903333,0.8456667,0.8803334,0.926,0.7645,0.456,0.7243333,0.86,0.97683334,0.7653333,0.6745,0.7595,0.82158333,0.355,0.49183333,0.23,0.63166666,0.60866666,0.94016665,0.8221667,0.6595,0.85216665,0.82233334,0.9533333,0.911,0.90416664,0.7213333,0.798,0.4995,0.8761666,0.60749996,0.48066664,0.705,0.57741666,0.8631667,0.95683336,0.9103333,0.9875,0.6055,0.36516666,0.855,0.827,0.7298333,0.89266664,0.39516667,0.429,0.6185,0.7981667,0.8268333,0.831,0.7643333,0.6043333,0.9103333,0.8045,0.78816664,0.9916667,0.8678334,0.5945,0.6936667,0.5610833,0.78083336,0.8711667,0.9036666,0.9295,0.8391667,0.977,0.87366664,0.726,0.97083336,0.8755,0.5795,0.6538333
BC2026_Train_0009_S09_20250828_000000_35,0.63983333,0.559,0.3285,0.3146667,0.30416667,0.69500005,0.5855,0.56516665,0.40133333,0.46166667,0.5175,0.36033332,0.40416664,0.37083334,0.39033332,0.66233337,0.20516667,0.5513333,0.30166668,0.06066667,0.30133334,0.7513333,0.35516667,0.5105,0.783,0.5445,0.996,0.7568333,0.8845,0.49199998,0.7295,0.93299997,0.72716665,0.5955,0.676,0.8135,0.8693334,0.60433334,0.519,0.5525,0.6305,0.59416664,0.75016665,0.9371667,0.49816668,0.49816668,0.5821667,0.61149997,0.58199996,0.65749997,0.75133336,0.75,0.7473333,0.76433337,0.652,0.7916667,0.8685,0.33783334,0.64849997,0.26766667,0.42966664,0.40433335,0.1205,0.342,0.8175,0.78783333,0.32133335,0.21233334,0.87433326,0.3525,0.7036667,0.72966665,0.9726666,0.37933332,0.5155,0.7871667,0.6256666,0.7588333,0.91866666,0.7888334,0.47783333,0.5136667,0.17633334,0.8355,0.197,0.8696667,0.829,0.5495,0.9286667,0.79833335,0.38883334,0.80116665,0.787,0.71466666,0.43316668,0.7676667,0.27883333,0.73833334,0.47066665,0.9635,0.92683333,0.83066666,0.758,0.29483333,0.4651667,0.68883336,0.7531666,0.67950004,0.9446667,0.9916667,0.98083335,0.7198333,0.7378334,0.75016665,0.52183336,0.8471667,0.7276667,0.65999997,0.53400004,0.63733333,0.3121667,0.73,0.86983335,0.9655,0.41216666,0.8673333,0.7396667,0.7476667,0.8591667,0.75166667,0.42150003,0.39766666,0.6825,0.6271667,0.86066663,0.57,0.84033334,0.7776667,0.80116665,0.49683335,0.95133334,0.8045,0.51633334,0.9176667,0.61658335,0.58316666,0.8968333,0.8013333,0.9475,0.8025,0.504,0.9463333,0.53316665,0.64166665,0.68866664,0.9405,0.736,0.4475,0.8731667,0.9026667,0.806,0.4681667,0.8063333,0.8265,0.8693333,0.6738334,0.6436666,0.51166666,0.83666664,0.9451667,0.921,0.739,0.88416666,0.90250003,0.98891664,0.50133336,0.83966666,0.35099998,0.78166664,0.38050002,0.97900003,0.8198334,0.47466666,0.85066664,0.82633334,0.9175,0.6476667,0.9713333,0.6983334,0.6041667,0.62983334,0.59333336,0.5108334,0.43816668,0.93050003,0.6736667,0.8233333,0.9916667,0.88233334,0.792,0.621,0.23366666,0.73766667,0.92149997,0.80483335,0.8321667,0.338,0.6736667,0.52316666,0.75899994,0.9015,0.8556667,0.69449997,0.5646667,0.8185,0.58066666,0.83599997,0.74,0.98466665,0.57,0.7603333,0.5096666,0.921,0.8596667,0.8888334,0.9306667,0.8515,0.9446667,0.72716665,0.81516665,0.78216666,0.9141667,0.5395,0.744
BC2026_Train_0009_S09_20250828_000000_40,0.6228334,0.5688333,0.37066668,0.32916668,0.225,0.80133337,0.62666667,0.6405,0.44433334,0.5358333,0.49816665,0.20333332,0.4901667,0.40000004,0.41799998,0.7058333,0.16266666,0.6116667,0.31616667,0.1015,0.31766668,0.76016665,0.22816667,0.65533334,0.5976667,0.389,0.9280833,0.64250004,0.8136667,0.49983332,0.689,0.94799995,0.72866666,0.58933336,0.5965,0.811,0.8405,0.6138333,0.5248333,0.62533337,0.6153333,0.61433333,0.7485,0.94116664,0.5646667,0.56200004,0.6526667,0.64849997,0.6001667,0.64666665,0.7403333,0.7403333,0.7403333,0.6315,0.70883334,0.59166664,0.7870834,0.3825,0.72099996,0.236,0.6526667,0.40533334,0.1225,0.396,0.71599996,0.7518333,0.36183333,0.25983334,0.798,0.39716667,0.8463334,0.82549995,0.93833333,0.5426667,0.49666667,0.7861667,0.67733335,0.6411667,0.6806667,0.7071667,0.51566666,0.51683336,0.294,0.8973333,0.46933335,0.6748333,0.749,0.64100003,0.93850005,0.572,0.63283336,0.78900003,0.8546667,0.7758333,0.33983332,0.9448334,0.71716666,0.73616666,0.48883337,0.8673333,0.86333334,0.92700005,0.84000003,0.37483335,0.3965,0.7446667,0.6666666,0.4025,0.8193333,1.0,0.86183333,0.651,0.9573333,0.45533335,0.3695,0.8186667,0.571,0.65650004,0.55183333,0.5043334,0.27,0.65933335,0.70633334,0.90666664,0.384,0.95416665,0.9781667,0.66283333,0.7603333,0.65933335,0.31516665,0.58566666,0.54683334,0.64933336,0.7745,0.63733333,0.785,0.9026667,0.79433334,0.3835,0.9623333,0.6648333,0.4931667,0.83000004,0.63666666,0.8323333,0.77583337,0.5485,0.93916667,0.977,0.43083334,0.97933334,0.6193333,0.57816666,0.6778333,0.9248333,0.7066667,0.482,0.8021667,0.76816666,0.8435,0.45083332,0.79616666,0.85,0.724,0.61266667,0.505,0.74266666,0.68716663,0.9915,0.81983334,0.9138334,0.77583337,0.91583335,0.99724996,0.54466665,0.7905,0.32516664,0.84099996,0.38866666,1.0,0.8546667,0.67266667,0.7971667,0.6965,0.9835,0.6515,0.99733335,0.7805,0.75450003,0.67233336,0.5513333,0.33216667,0.42000002,0.98883337,0.7673333,0.7676667,0.9816667,0.974,0.64250004,0.72800004,0.31083333,0.6418333,0.92183334,0.9316666,0.71716666,0.2145,0.45316666,0.7581667,0.818,0.75983334,0.852,0.596,0.60216665,0.5621667,0.6551667,0.7786667,0.60249996,1.0,0.23383333,0.7641667,0.608,0.9688333,0.9133333,0.85833335,0.7951666,0.85066664,0.89283335,0.67516667,0.8143333,0.8538333,0.9755,0.74666667,0.66400003
BC2026_Train_0009_S09_20250828_000000_45,0.27516666,0.4785,0.45266664,0.3255,0.3125,0.87,0.37116665,0.6515,0.42233333,0.6225,0.45983332,0.16116667,0.427,0.37916666,0.44849998,0.64783335,0.16049999,0.685,0.2735,0.153,0.19616666,0.81,0.44583333,0.4695,0.3525,0.10233334,0.7928334,0.30833334,0.43666667,0.31116667,0.53316665,0.65900004,0.7063334,0.47866666,0.49333334,0.47500002,0.7615,0.5701667,0.50516665,0.5456667,0.5311667,0.536,0.59783334,0.6673333,0.6066667,0.59866667,0.55183333,0.6045,0.6231667,0.50783336,0.5881667,0.58833337,0.58966666,0.6751667,0.5725833,0.44166666,0.7966666,0.41283333,0.8035,0.24466667,0.64133334,0.4378333,0.269,0.42583334,0.66866666,0.78783333,0.40366668,0.3195,0.82233334,0.42733333,0.96616673,0.9723334,0.99450004,0.52349997,0.46116665,0.7115,0.60899997,0.77783334,0.6851667,0.78816664,0.6145,0.65433335,0.44633335,0.967,0.5336667,0.6113333,0.5301667,0.8538333,0.98366666,0.6971667,0.7561667,0.71833336,0.9571667,0.877,0.24033333,0.9916667,0.92499995,0.68516666,0.71166664,0.76666665,0.85233337,0.8541667,0.93883336,0.24433333,0.23500001,0.72599995,0.635,0.4421667,0.8271667,0.99016666,0.87516665,0.56416667,0.842,0.67266667,0.4935,0.94,0.678,0.8101667,0.7708334,0.49950004,0.30183333,0.74633336,0.67050004,0.9278334,0.18983333,0.9958334,0.9958334,0.529,0.6815,0.7331667,0.40000004,0.8301667,0.429,0.76549995,0.8166666,0.5833333,0.9696667,0.49016666,0.68616664,0.21783333,0.9958334,0.57816666,0.5205,0.68266666,0.39183334,0.90433335,0.778,0.7571667,0.9293333,0.9755,0.6271667,0.996,0.633,0.5515,0.7676667,0.8876667,0.7128333,0.6138333,0.843,0.841,0.96716666,0.7543334,0.8868333,0.5628333,0.6996667,0.57666665,0.75,0.9213333,0.6178333,0.94200003,0.9433334,0.9873333,0.6318333,0.88483334,0.9985833,0.27633333,0.8741667,0.37666667,0.85433334,0.3135,0.99300003,0.79566664,0.8735,0.78716666,0.8258333,0.98450005,0.73866665,0.9931667,0.9106667,0.80649996,0.5815,0.68416667,0.57266665,0.51316667,0.91999996,0.9045,0.765,0.88366663,0.99050003,0.95699996,0.76216674,0.36483333,0.5313333,0.94350004,0.9686667,0.7683333,0.22883332,0.2803333,0.895,0.7671666,0.68149996,0.7046667,0.60183334,0.7268333,0.21691667,0.7798333,0.964,0.38983333,0.99450004,0.5068333,0.7151667,0.48916668,0.99450004,0.90349996,0.94200003,0.7388333,0.7745,0.8806667,0.7745,0.9745,0.91616666,0.996,0.69966674,0.45299998
BC2026_Train_0009_S09_20250828_000000_50,0.55083334,0.49766666,0.35616666,0.29266667,0.175,0.638,0.42333332,0.4421667,0.39233333,0.5456667,0.4685,0.11416666,0.45666665,0.27083334,0.3153333,0.55083334,0.13866667,0.5276667,0.2975,0.10166667,0.388,0.88766664,0.19883335,0.7473333,0.543,0.13816667,0.8473333,0.56983334,0.37183332,0.3175,0.55149996,0.6791667,0.721,0.7263334,0.5321667,0.49716666,0.83033335,0.5878333,0.53966665,0.60683334,0.5118333,0.5716667,0.63166666,0.6551667,0.5938333,0.58566666,0.512,0.5295,0.5516667,0.50233334,0.615,0.6193333,0.6125,0.79033333,0.57733333,0.44583333,0.7568333,0.44316667,0.60983336,0.26683334,0.66233337,0.17449999,0.22083333,0.46750003,0.6836667,0.71466666,0.20716667,0.25666666,0.8066667,0.348,0.9645,1.0,0.90033334,0.35083336,0.5873333,0.857,0.5058333,0.6586667,0.8436667,0.64849997,0.5656667,0.80883336,0.44716665,0.93783337,0.40716666,0.81383336,0.5678333,0.8868333,0.9263333,0.54349995,0.75866663,0.819,0.9475,0.8538334,0.24883333,0.7716667,0.8498333,0.691,0.7306667,0.6725,0.91800004,0.55050004,0.8436667,0.29166666,0.34633332,0.67733335,0.7968334,0.4378333,0.7388333,0.968,0.6393333,0.782,0.94766665,0.7018333,0.4365,0.908,0.7405,0.6953333,0.75033337,0.41866666,0.25916666,0.73950005,0.73116666,0.8746667,0.47916666,0.97183335,1.0,0.538,0.8758333,0.831,0.27633333,0.6701666,0.5713333,0.63033336,0.69816667,0.537,0.888,0.6635,0.70183337,0.26633334,0.9863334,0.7546667,0.7185,0.602,0.43216667,0.7935,0.7555,0.52566665,0.957,0.9345,0.42916667,0.9958334,0.7391666,0.5975,0.64433336,0.919,0.77900004,0.5425,0.8308333,0.61833334,0.9918333,0.7986667,0.82750005,0.71183336,0.672,0.31725,0.724,0.847,0.7381667,0.9661667,0.8146667,0.9916667,0.8055,0.917,0.99025,0.4583333,0.86466664,0.51133335,0.94033337,0.274,0.9661667,0.7906667,0.72533333,0.8366667,0.7291667,0.9943333,0.8891667,0.91,0.94016665,0.7468333,0.5876667,0.60950005,0.5933333,0.39683333,0.78333336,0.94966674,0.8501667,0.96333337,0.9946667,0.635,0.7641667,0.22766666,0.71383333,0.91933334,0.9866667,0.62216663,0.56583333,0.42933333,0.9816667,0.8938334,0.89283335,0.7773334,0.72066665,0.5585,0.27916667,0.7436667,0.78666663,0.21166667,0.9823333,0.483,0.8785,0.5593333,0.8321667,0.8385,0.96333337,0.76516664,0.8236667,0.9018333,0.70933336,0.9455,0.8463333,0.9598333,0.82566667,0.686
BC2026_Train_0009_S09_20250828_000000_55,0.54999995,0.48316666,0.12216667,0.21483335,0.079166666,0.58816665,0.37283334,0.34616667,0.30416667,0.44483334,0.42999998,0.07616667,0.39816666,0.108333334,0.21949999,0.50733334,0.0675,0.55233335,0.213,0.044666667,0.17249998,0.48016667,0.19433333,0.5973333,0.5215,0.21891665,0.8613334,0.581,0.52516663,0.37283334,0.6906667,0.81783336,0.546,0.80516666,0.5708333,0.82783335,0.8853333,0.621,0.5285,0.5528333,0.5348333,0.5975,0.79333335,0.809,0.4275,0.41016668,0.5191667,0.40383333,0.5385,0.5531666,0.78083336,0.7851666,0.78249997,0.66983336,0.6143334,0.35416666,0.77699995,0.33816665,0.7856667,0.12466667,0.45166665,0.246,0.0735,0.31116667,0.51383334,0.7255,0.23883334,0.09633334,0.8455,0.31849998,0.84983337,0.9781667,0.8195,0.30900002,0.725,0.80766666,0.5595,0.65416664,0.96716666,0.64199996,0.50699997,0.6091667,0.36766666,0.6993333,0.29083332,0.6243334,0.8948333,0.75516665,0.9056667,0.42916667,0.5758333,0.72816664,0.9121666,0.77433336,0.193,0.4505,0.7836667,0.66283333,0.57733333,0.54833335,0.88983333,0.487,0.9221667,0.421,0.5311667,0.6453333,0.74516666,0.5456667,0.7571666,0.90133333,0.7618333,0.9218334,1.0,0.7519167,0.2815,0.7726667,0.7328334,0.6888333,0.72800004,0.53466666,0.34116668,0.6281667,0.83133334,0.85716665,0.538,0.8081666,0.9565,0.541,0.8833333,0.99300003,0.328,0.67849994,0.5821667,0.5868333,0.699,0.32733333,0.8125,0.80116665,0.65500003,0.3548333,0.9178333,0.77133334,0.66816664,0.8228333,0.5285,0.47666663,0.69233334,0.76949996,0.9095,0.63616663,0.30066666,0.95416665,0.6328333,0.8423333,0.65783334,0.97533333,0.6803333,0.483,0.80300003,0.28333336,0.93083334,0.38099998,0.8401666,0.7803333,0.80983335,0.5901666,0.854,0.71183336,0.8891667,0.8616667,0.90816665,0.88383335,0.9228333,0.9321667,0.9536667,0.46,0.6073333,0.28916666,0.96150005,0.5108334,0.922,0.8536667,0.5336667,0.781,0.60099995,0.89716667,0.7391667,0.77,0.8165,0.9203334,0.55016667,0.9061667,0.24266666,0.49333334,0.88149995,0.934,0.8911667,0.9865,0.96300006,0.6703334,0.723,0.401,0.5071667,0.9306667,0.8768333,0.5655,0.40316665,0.5998333,0.96416664,0.67983335,0.8433333,0.7903334,0.54816663,0.62633336,0.45033333,0.928,0.78333336,0.18316667,0.937,0.661,0.80750006,0.6766666,0.6123333,0.8785,0.76116663,0.778,0.76350003,0.85999995,0.44366667,0.65683335,0.85283333,0.87,0.77883327,0.81616664
BC2026_Train_0009_S09_20250828_000000_60,0.5566667,0.48416668,0.38466668,0.27266666,0.20833333,0.6561667,0.60066664,0.33249998,0.45316666,0.46966666,0.44816667,0.090166666,0.684,0.27916667,0.37233332,0.4575,0.16166666,0.6426667,0.26933333,0.08083333,0.219,0.39883333,0.57916665,0.8188333,0.7411667,0.3005,0.907,0.35916668,0.6311667,0.41516665,0.82416666,0.90099996,0.45933336,0.64400005,0.7753333,0.754,0.86183333,0.6033333,0.5725,0.531,0.59000003,0.64533335,0.8943333,0.89166665,0.58650005,0.55583334,0.63949996,0.4731667,0.7058333,0.6505,0.8845,0.8788333,0.8788333,0.782,0.54583335,0.27083334,0.7638333,0.2995,0.8651667,0.14616667,0.4698333,0.44833335,0.094333336,0.34566665,0.52166665,0.80899996,0.4353333,0.093833335,0.7931667,0.47816667,0.91283333,0.7541667,0.86541665,0.25866666,0.78166664,0.8385,0.64566666,0.794,0.5816667,0.7925,0.35566667,0.43933332,0.6263333,0.9918333,0.32383332,0.901,0.9736667,0.9265,0.94916666,0.463,0.40716666,0.625,0.99450004,0.97950006,0.38483334,0.9,0.7813333,0.7085,0.61016667,0.6495,0.893,0.8845,0.9831667,0.44,0.33583334,0.8405,0.72166663,0.5603333,0.9088334,0.8266667,0.48883337,0.79233336,0.92083335,0.5873333,0.30400002,0.82766664,0.83666664,0.8165,0.742,0.8475,0.3541667,0.6756667,0.71533334,0.93083334,0.32633334,0.6465,0.7671667,0.42716664,0.8553333,0.8510001,0.2665,0.44,0.80983335,0.7471667,0.9151667,0.28783333,0.94149995,0.67616665,0.6561667,0.57916665,0.9735,0.8588333,0.4325,0.7471667,0.748,0.60283333,0.67925,0.9466667,0.996,0.5605,0.7173334,0.8945,0.5531667,0.6125,0.6365,0.85216665,0.71566665,0.513,0.8068333,0.707,0.8736667,0.43533334,0.98333335,0.9733333,0.5313333,0.59166664,0.5938333,0.76633334,0.6738334,0.89066666,0.98899996,0.8415,0.7905,0.7885,0.7338333,0.40783334,0.52933335,0.3605,0.822,0.71266663,0.93266666,0.88283324,0.46766666,0.839,0.5916667,0.9263333,0.7268333,0.913,0.75866663,0.89516664,0.51516664,0.9863334,0.30383334,0.55233335,0.86366665,0.8021667,0.7773334,0.90433335,0.90549994,0.741,0.526,0.6925,0.3803333,0.85749996,0.7745,0.47333333,0.5291667,0.3175,0.82916665,0.8225,0.9011667,0.82666665,0.7626667,0.60183334,0.26999998,0.968,0.8696667,0.18616666,0.8611667,0.3095,0.7883333,0.62049997,0.8951667,0.97766674,0.7198333,0.7668333,0.83183336,0.9241667,0.6668333,0.6215,0.98766667,0.96150005,0.8003333,0.7161666
BC2026_Train_0010_S09_20250828_000000_5,0.6583333,0.5598333,0.19616666,0.37916666,0.41666666,0.77283335,0.4838333,0.46850002,0.16666667,0.6468333,0.33249998,0.15816668,0.44,0.56666666,0.4403333,0.33633333,0.58183336,0.8485,0.29116666,0.47899997,0.21016666,0.68416667,0.41516665,0.55149996,0.48416668,0.29933333,0.6446667,0.675,0.60983336,0.54683334,0.7165834,0.63850003,0.65,0.73683333,0.54033333,0.546,0.80666673,0.62916666,0.79216665,0.5425,0.6288333,0.8455,0.72833335,0.62899995,0.47716665,0.46916667,0.598,0.50783336,0.68466663,0.59866667,0.7353333,0.7381667,0.73683333,0.8573333,0.5643333,0.7555,0.9705,0.44516665,0.90549994,0.40183336,0.408,0.5426667,0.31383333,0.38983333,0.63516665,0.56675,0.5768333,0.5605,0.97900003,0.6661667,0.9823333,0.67766666,0.82916665,0.496,0.5261667,0.9733333,0.77683336,0.97166663,0.90583336,0.6626667,0.46933335,0.45,0.1995,0.8258333,0.48866668,0.70133334,0.89666665,0.85749996,0.8731667,0.51325,0.86116666,0.65583336,0.5896666,0.97833335,0.475,0.74216664,0.5913333,0.6538333,0.98916674,0.40616667,0.65250003,0.4605,0.928,0.37533334,0.53816664,0.76883334,0.9166666,0.529,0.37083334,0.8883333,0.4725,0.8923334,0.5961667,0.76316667,0.5815,0.9918333,0.5701667,0.7711667,0.67316663,0.48650002,0.7813333,0.928,0.6918334,0.8331667,0.4475,0.7963333,0.925,0.63199997,0.5815,0.9498333,0.357,0.45,0.77033335,0.50416666,0.54616666,0.28149998,0.96,0.95133334,0.9366666,0.47383332,0.8731667,0.7315,0.33816665,0.6091667,0.5956667,0.844,0.8258333,0.6383333,0.8435,0.89316666,0.46550003,0.9943333,0.9303334,0.9456667,0.6318333,0.79033333,0.97216666,0.877,0.7928334,0.70183337,0.88366663,0.81200004,0.9636667,0.8901667,0.32866666,0.9853333,0.97,0.4206667,0.61183333,0.7385,0.8366667,0.9086666,0.6853333,0.81233335,0.87,0.8828333,0.5593333,0.41833335,0.904,0.33433333,0.7251667,0.7263334,0.3735,0.8731667,0.9425,0.6408334,0.633,0.79499996,0.6775,0.8271667,0.53816664,0.28416666,0.9710001,0.704,0.62749994,0.8225,0.5743333,0.708,0.84833336,0.9363334,0.93,0.39083332,0.5678333,0.9401667,0.9681667,0.778,0.26366666,0.364,0.6218333,0.97483337,1.0,0.91550004,0.69733334,0.8501667,0.83766663,0.8563334,0.92733335,0.612,0.9693333,0.6395,0.96916664,0.80916667,0.39,0.75,0.732,0.66866666,0.6318333,0.5258333,0.3855,0.7211667,0.8283334,0.66683334,0.84533334,0.65666664
BC2026_Train_0010_S09_20250828_000000_10,0.5811666,0.63166666,0.35983336,0.3825,0.4125,0.76483333,0.5133333,0.374,0.15799999,0.594,0.27566665,0.26383334,0.43450004,0.6458333,0.52783334,0.36133334,0.5133333,0.8731667,0.30933335,0.67849994,0.18616666,0.7543333,0.46116665,0.553,0.6483333,0.7385,0.718,0.65400004,0.813,0.5216667,0.6713333,0.818,0.6735,0.9681667,0.5716667,0.92149997,0.826,0.66066664,0.7851666,0.7415,0.6955,0.82816666,0.6671667,0.826,0.40116668,0.39316666,0.5743333,0.6135,0.65666664,0.62083334,0.65333337,0.6601667,0.656,0.8411666,0.6228334,0.7638333,0.9498333,0.461,0.83466667,0.6536667,0.29433334,0.7148333,0.26,0.35866666,0.646,0.6728333,0.49633336,0.52583337,0.9943333,0.67349994,0.9971667,0.628,0.8616667,0.49716666,0.8875,0.9355,0.8603333,0.94200003,0.80200005,0.716,0.714,0.6013333,0.33200002,0.8261666,0.4115,0.84083337,0.5333333,0.65566665,0.8756667,0.47333333,0.6813333,0.6103333,0.6461667,0.99733335,0.48183334,0.62633336,0.47349998,0.7228333,0.8546667,0.47766668,0.69299996,0.2735,0.95183337,0.54,0.9601667,0.61300004,1.0,0.506,0.35233334,0.592,0.394,0.968,0.26733333,0.65900004,0.6436667,0.947,0.3313333,0.909,0.85716665,0.6975,0.81733334,0.8781667,0.9113333,0.84216666,0.49550003,0.58166665,0.8115001,0.6356667,0.72583336,0.99050003,0.5801667,0.5855,0.9088334,0.49516666,0.43583333,0.35916668,0.9451667,0.91866666,0.89816666,0.468,0.8706666,0.6633333,0.8101667,0.8510001,0.6095,0.67766666,0.8658334,0.7205,0.9306667,0.8823333,0.61899996,0.9496667,0.9875,0.91116667,0.7003333,0.794,0.97650003,0.9915,0.8886666,0.58783334,0.78783333,0.6651667,0.91966665,0.9763334,0.39033332,0.97583336,0.9931667,0.33433333,0.51133335,0.6818333,0.8143333,0.8103334,0.5438334,0.6893333,0.71216667,0.8448334,0.5765,0.27333334,0.98483336,0.5915,0.6835,0.61333334,0.40666667,0.98183334,0.9916667,0.55583334,0.73399997,0.40716666,0.8426667,0.8248334,0.681,0.34133333,0.8245,0.61633337,0.68666667,0.82733333,0.67649996,0.7565,0.9151667,0.9686667,0.5736667,0.238,0.8805,0.825,0.8075,0.814,0.51416665,0.91533333,0.6561667,0.8873333,0.9195,0.9351667,0.536,0.98466665,0.6415,0.87916666,0.9918333,0.478,0.86,0.9731667,0.99450004,0.781,0.199,0.5183333,0.84783334,0.70033336,0.8565,0.611,0.52099997,0.544,0.80499995,0.7565,0.96833336,0.8793334
BC2026_Train_0010_S09_20250828_000000_15,0.71716666,0.66983336,0.4515,0.31916666,0.56666666,0.73866665,0.5421667,0.36,0.092,0.5513333,0.29633334,0.22533333,0.3376667,0.85833335,0.678,0.185,0.61233336,0.9443334,0.25533333,0.46566668,0.32066667,0.6106667,0.5031667,0.65333337,0.65216666,0.49466667,0.8066667,0.557,0.5241667,0.53066665,0.80766666,0.8411667,0.6476667,1.0,0.6955,0.9688333,0.852,0.745,0.85183334,0.837,0.7353333,0.89091665,0.84816664,0.824,0.46933335,0.45733333,0.662,0.5593333,0.70266664,0.61283326,0.8523333,0.84966666,0.851,0.92166674,0.6666666,0.79583335,0.8143333,0.44066668,0.88449997,0.5656667,0.322,0.685,0.444,0.333,0.46850002,0.777,0.56233335,0.591,0.9253333,0.7083334,0.94200003,0.78,0.802,0.43533334,0.873,0.80733335,0.55866665,0.85,0.5438334,0.59300005,0.61550003,0.9166667,0.5728333,0.65283334,0.509,0.62516665,0.6688333,0.5890833,0.7913333,0.51350003,0.8493333,0.39499998,0.52816665,0.8906667,0.33533335,0.918,0.46183333,0.62049997,0.8028333,0.48633334,0.78316665,0.34066668,0.9616667,0.7485,0.9178333,0.6033333,0.9151667,0.7695,0.5145,0.6465,0.40516666,0.9406667,0.40916666,0.64933336,0.76133335,0.94350004,0.36516666,0.8033333,0.55116665,0.5833333,0.6961667,0.703,0.7653333,0.79649997,0.55050004,0.6408334,0.92433333,0.35099998,0.5255,0.74916667,0.54849994,0.74016666,0.57124996,0.42666668,0.77216667,0.6041666,0.8731667,0.7308333,0.82366663,0.448,0.82966673,0.6638334,0.7261667,0.831,0.739,0.5901667,0.6451667,0.88549995,0.741,0.84083337,0.6985,0.9471667,0.8268333,0.9436667,0.6016667,0.63566667,0.8691666,0.9095,0.81649995,0.45033333,0.8681666,0.45333332,0.7863333,0.84216666,0.42133334,0.8758334,0.95500004,0.32866666,0.7043333,0.5725,0.9101666,0.7316667,0.514,0.703,0.68833333,0.44699997,0.5933333,0.224,0.8826667,0.66400003,0.7175,0.6333333,0.27716666,0.9183333,0.89266664,0.48933333,0.5765,0.398,0.7685,0.98866665,0.6753334,0.41716668,0.5515,0.80583334,0.70566666,0.63633335,0.70566666,0.74666667,0.82516664,0.9496667,0.5091667,0.72249997,0.80766666,0.653,0.75733334,0.86483335,0.54933333,0.54,0.65466666,0.7938334,0.80016667,0.89716667,0.46466666,0.8591666,0.50883335,0.9945833,0.9596666,0.22883332,0.88216674,0.79083335,0.9903333,0.7941667,0.1965,0.7863333,0.7821667,0.7473333,0.61333334,0.77049994,0.53316665,0.61516666,0.659,0.79733336,0.8351667,0.5805
BC2026_Train_0010_S09_20250828_000000_20,0.685,0.65533334,0.37666667,0.3341667,0.5708333,0.6113333,0.483,0.4105,0.16766667,0.5196667,0.40183333,0.2365,0.35266668,0.74583334,0.70566666,0.26666668,0.60716665,0.8715,0.26233333,0.3785,0.44133335,0.7656667,0.6448333,0.861,0.55833334,0.5265,0.8796667,0.5248333,0.5628333,0.622,0.8508333,0.9443334,0.65466666,0.974,0.67583334,0.93266666,0.91583335,0.78383327,0.84433335,0.7835,0.74,0.90416664,0.8725,0.90700006,0.57916665,0.5496667,0.6843333,0.56500006,0.7096666,0.65433335,0.8681667,0.8725,0.8738333,0.93333334,0.6563333,0.725,0.80016667,0.47249997,0.855,0.5728333,0.4906667,0.45283332,0.64816666,0.41133332,0.45483333,0.7861667,0.486,0.6243333,0.63233334,0.45266664,0.8675,0.73,0.7875,0.86833334,0.7495,0.788,0.63600004,0.764,0.8075,0.58266664,0.51233333,0.7965,0.514,0.8538333,0.5581667,0.5338333,0.7705,0.78683335,0.8785,0.616,0.9266666,0.5498333,0.44266665,0.6385,0.21983333,0.95933336,0.4275,0.62666667,0.99866664,0.3195,0.78400004,0.37983334,0.95416665,0.6055,0.70100003,0.77516663,0.9203334,0.6371667,0.6076667,0.84316665,0.57533336,0.9456667,0.6045,0.9521667,0.6673333,0.9915,0.43833333,0.6843333,0.7051667,0.4898333,0.6358334,0.8043333,0.68766665,0.792,0.51600003,0.793,0.94499993,0.44016668,0.5743333,0.8265,0.30283332,0.48683333,0.5746666,0.6931667,0.8591666,0.5268333,0.76783335,0.6895,0.68883336,0.5485,0.91233337,0.75483334,0.48316664,0.68616664,0.67333335,0.8351667,0.7011667,0.81733334,0.79016674,0.8755,0.58533335,0.97766674,0.83966666,0.91183335,0.5625,0.7883333,0.8983333,0.8843334,0.83799994,0.46283334,0.97466666,0.60150003,0.75783336,0.629,0.4885,0.79066664,0.88283336,0.5143333,0.7281667,0.83066666,0.84150004,0.84599996,0.57116663,0.80799997,0.81616664,0.34416667,0.3995,0.4403333,0.72716665,0.37116665,0.73866665,0.8106667,0.31516665,0.88350004,0.84433335,0.5575,0.4415,0.7803333,0.6561667,0.97766674,0.55866665,0.18400002,0.87083334,0.8926667,0.799,0.7756667,0.72583336,0.773,0.6668333,0.8393333,0.9136667,0.67616665,0.64016664,0.75450003,0.9063333,0.7193333,0.27133334,0.41366667,0.63016665,0.912,0.9623333,0.71716666,0.52349997,0.91550004,0.5841667,0.9778334,0.93616664,0.14283332,0.97483337,0.5046666,0.922,0.92833334,0.1785,0.69483334,0.75633335,0.7148334,0.8696667,0.49416667,0.42025,0.74549997,0.68716663,0.794,0.9075,0.52666664
BC2026_Train_0010_S09_20250828_000000_25,0.6805,0.5223334,0.49466667,0.31983334,0.44583333,0.688,0.45633334,0.16516666,0.25616667,0.55300003,0.4658333,0.16316667,0.49916667,0.5708333,0.5085,0.28166667,0.64383334,0.8974999,0.26166666,0.29366666,0.5858333,0.7278333,0.35366666,0.7186667,0.6131667,0.35166666,0.8458333,0.4626667,0.549,0.71133333,0.73516667,0.91349995,0.56666666,0.85433334,0.6025,0.668,0.85950005,0.73766667,0.7775,0.573,0.6245,0.839,0.80666673,0.88416666,0.478,0.44316664,0.5776667,0.47766668,0.64183336,0.65500003,0.8093333,0.8053334,0.80666673,0.86083335,0.5561667,0.5083333,0.82416666,0.47216666,0.7813333,0.732,0.444,0.6306667,0.45683336,0.4321667,0.537,0.7301667,0.4825,0.5798334,0.739,0.505,0.8776667,0.765,0.8293333,0.57566667,0.5696667,0.84000003,0.8625,0.7241667,0.8461667,0.5133333,0.64716667,0.74766666,0.28216666,0.99866664,0.4845,0.56583333,0.6673333,0.7205,0.98300004,0.6238333,0.97166663,0.74824995,0.58316666,0.5703333,0.2075,1.0,0.3038333,0.63166666,0.8678334,0.30283332,0.7431667,0.22383332,0.996,0.63250005,0.8318333,0.8566667,0.90216666,0.6816667,0.559,0.80866665,0.56883335,0.8333334,0.6285,0.8591667,0.74483335,0.9675,0.4963333,0.872,0.5951667,0.478,0.66166663,0.61833334,0.72583336,0.8286667,0.54433334,0.77550006,0.7708334,0.33466667,0.6741667,0.9493333,0.344,0.74366665,0.42766666,0.5735,0.73249996,0.42783332,0.8695,0.56266665,0.67366666,0.4185,0.98866665,0.65283334,0.848,0.84250003,0.7535,0.85349995,0.73525,0.6261667,0.6855,0.62583333,0.60183334,0.9571667,0.95416665,0.7581667,0.79550004,0.71433336,0.8245,0.87299997,0.9036666,0.3165,0.92116666,0.83599997,0.7646667,0.5926666,0.4735,0.8736667,0.84616673,0.49983335,0.774,0.5065,0.84183335,0.7861667,0.5376667,0.8656666,0.74833333,0.33633333,0.7525,0.59566665,0.80350006,0.45016664,0.6663333,0.7624999,0.6181666,0.89399993,0.9468333,0.5836667,0.49449998,0.4371667,0.76016665,0.98483336,0.6473333,0.40316665,0.64033335,0.6956667,0.8555,0.88400006,0.7726667,0.773,0.62883335,0.938,0.72416663,0.8041666,0.541,0.82516664,0.75483334,0.6455,0.39833334,0.8988333,0.5965,0.663,0.80350006,0.75883335,0.45983335,0.91883326,0.7275001,0.91550004,0.89966667,0.19266668,0.9301667,0.6728333,0.87483335,0.773,0.42066666,0.66650003,0.88549995,0.67466664,0.64716667,0.6141666,0.38333333,0.63283336,0.62475,0.90433335,0.941,0.7346667
BC2026_Train_0010_S09_20250828_000000_30,0.54766667,0.67866665,0.2963333,0.20800002,0.35416666,0.8456667,0.5466666,0.19166666,0.2015,0.5481667,0.32616666,0.19133334,0.61016667,0.7916667,0.4583333,0.19466667,0.30166668,0.9676666,0.28966665,0.69200003,0.39683333,0.489,0.34066668,0.8073333,0.5245,0.27566665,0.74,0.6226667,0.54733336,0.6051667,0.7926667,0.8676666,0.615,0.9865,0.66683334,0.94016665,0.90816665,0.7568333,0.8206667,0.7685,0.6551667,0.8755,0.841,0.8408333,0.429,0.40483338,0.6905,0.48666665,0.70233333,0.62166667,0.845,0.8476667,0.845,0.8773333,0.643,0.7083333,0.78333336,0.483,0.928,0.8731667,0.384,0.51283336,0.25566667,0.24166666,0.34166664,0.75333333,0.4895,0.851,0.7265,0.5525,0.8398333,0.7435,0.71016663,0.50949997,0.9108333,0.773,0.61733335,0.6271667,0.84800005,0.5565,0.39983332,0.689,0.1365,0.64016664,0.46483332,0.79616666,0.775,0.7101667,0.89,0.48933333,0.86450005,0.68466663,0.5143333,0.66999996,0.13766667,0.9821667,0.46416667,0.74716663,0.64966667,0.234,0.7891667,0.32833332,0.9838333,0.53816664,0.6735,0.8756666,0.86700004,0.47283334,0.48583332,0.6971667,0.36933333,0.9903333,0.49266666,0.7975,0.5416667,0.9061667,0.4695,0.8481667,0.7665,0.38816667,0.64933336,0.69200003,0.69266665,0.7848334,0.76083326,0.5261667,0.8465,0.41933334,0.5021667,0.85716665,0.10983333,0.51283336,0.59933335,0.44241667,0.6505,0.4355,0.90250003,0.93350005,0.5416667,0.389,0.90999997,0.8323333,0.40683335,0.64716667,0.706,0.662,0.65250003,0.7216667,0.7216667,0.6053333,0.55183333,0.94733334,0.52033335,0.9368334,0.5463333,0.612,0.9228333,0.723,0.8078333,0.252,0.9026667,0.47433335,0.7148333,0.87583333,0.46216667,0.81749994,0.9681667,0.6818334,0.628,0.58133334,0.7285,0.73866665,0.62,0.7388333,0.68983334,0.341,0.4211667,0.7198334,0.72533333,0.5536667,0.79399997,0.6131667,0.26683334,0.8096667,0.8681667,0.50299996,0.7043333,0.60499996,0.60216665,0.96533334,0.4405,0.14733334,0.62333333,0.6141666,0.8105,0.72150004,0.6176667,0.81733334,0.65066665,0.78966665,0.82333326,0.59333336,0.48333332,0.8785,0.82566667,0.70316666,0.31633335,0.69766665,0.431,0.755,0.8471667,0.8476666,0.5258333,0.61883336,0.4705,0.982,0.94816667,0.04616667,0.9026667,0.498,0.9393333,0.824,0.3035,0.7328334,0.741,0.78,0.5886667,0.55866665,0.3465,0.5115,0.55149996,0.781,0.86433333,0.7741667
BC2026_Train_0010_S09_20250828_000000_35,0.5678333,0.742,0.447,0.31033334,0.5083333,0.9221667,0.86450005,0.553,0.206,0.6261667,0.35283333,0.22033334,0.714,0.92166674,0.80983335,0.16983333,0.55233335,0.99866664,0.37866667,0.9775,0.34783334,0.8101667,0.6993333,0.6698333,0.59066665,0.5918333,0.76916665,0.8563334,0.6586667,0.5618333,0.8151667,0.9018333,0.6551667,0.9861667,0.7521666,0.9695,0.90999997,0.7481667,0.8666667,0.8245,0.7235,0.896,0.8835,0.89783335,0.5528333,0.54349995,0.746,0.61766666,0.73933333,0.7025,0.8865,0.885,0.88366663,0.9183333,0.6856667,0.9026667,0.7781667,0.482,0.9811667,0.9676666,0.6025,0.7011666,0.3995,0.32966667,0.44483334,0.8658333,0.7823333,0.97466666,0.82533336,0.6408333,0.9063333,0.7238333,0.69949996,0.31583333,0.947,0.7341667,0.3955,0.44566667,0.93916667,0.6081667,0.354,0.591,0.33699998,0.8871667,0.8175,0.6896667,0.6063334,0.8308333,0.7678333,0.375,0.9156667,0.7316667,0.49949998,0.59933335,0.2775,0.9343333,0.7338333,0.69416666,0.8903333,0.30166668,0.73333335,0.31883332,0.97483337,0.46699998,0.8843334,0.9971667,0.7966666,0.726,0.44216666,0.7395,0.44816667,0.9971667,0.35016665,0.743,0.51683336,0.9651667,0.5509167,0.6396667,0.625,0.36900002,0.9148333,0.76516664,0.6406666,0.7798333,0.80733335,0.77466667,0.9903333,0.48066667,0.46116668,0.9321667,0.12083334,0.48983335,0.62133336,0.49016666,0.7285,0.4285,0.9778334,0.93850005,0.52716666,0.326,0.92266667,0.83950007,0.2475,0.587,0.8095,0.84183335,0.63666666,0.65033334,0.808,0.912,0.6375,0.9791667,0.37383333,0.87958336,0.60033333,0.6638334,0.8643334,0.748,0.9133333,0.30683333,0.97358334,0.50133336,0.76600003,0.6638333,0.48283333,0.8596667,0.9821667,0.5315,0.65083337,0.78400004,0.8638333,0.87233335,0.5963334,0.6536667,0.78583336,0.54683334,0.4235,0.7618333,0.6095,0.55016667,0.7508334,0.6165,0.20199999,0.76133335,0.87983334,0.5286666,0.5336667,0.53466666,0.49083334,0.9293333,0.35266668,0.25433332,0.96500003,0.5498333,0.66683334,0.47066668,0.6253333,0.69925,0.9575,0.69083333,0.6831666,0.7391667,0.72933334,0.8505,0.9395,0.76233333,0.46899998,0.69149995,0.45716667,0.8451667,0.9443333,0.8358333,0.7195,0.493,0.5375,0.96833336,0.8296667,0.024166666,0.96783334,0.588,0.93299997,0.842,0.40716666,0.7331667,0.7303333,0.77933335,0.67333335,0.7686667,0.41683334,0.6686667,0.64933336,0.7385,0.75150007,0.3985
BC2026_Train_0010_S09_20250828_000000_40,0.70416665,0.7471667,0.45766664,0.2805,0.60833335,0.7673333,0.77166665,0.46683335,0.151,0.5266667,0.301,0.23233333,0.5553333,0.8166666,0.7266667,0.29516667,0.44816667,0.96916664,0.22,0.72966665,0.44183332,0.6868333,0.5713333,0.87450004,0.70383334,0.668,0.95699996,0.5885,0.87666667,0.55733335,0.8943333,0.9826667,0.5801667,0.908,0.7406666,0.9701667,0.9546666,0.77883327,0.82949996,0.7415,0.6675,0.8991667,0.89316666,0.99866664,0.49216667,0.47883332,0.72966665,0.5725,0.7325,0.66816664,0.88766664,0.8946667,0.8933333,0.89816666,0.67266667,0.8041667,0.77641666,0.37475,0.95033336,0.8405,0.5158333,0.57666665,0.315,0.35516667,0.4511667,0.77049994,0.70383334,0.7568333,0.8028333,0.65716666,0.8271667,0.51883334,0.6441667,0.6301667,0.9791667,0.8653333,0.51933336,0.5516666,0.9546666,0.54183334,0.35716668,0.43166667,0.12083332,0.7551667,0.50366664,0.6383333,0.45850003,0.68149996,0.5771667,0.34333333,0.84416664,0.6041667,0.44599998,0.77683336,0.35733336,0.9918333,0.58133334,0.68266666,0.9015,0.37166667,0.8125,0.23283334,0.95183337,0.6355,0.85766673,0.996,0.73099995,0.57,0.43016666,0.88633335,0.61233336,0.91816664,0.371,0.77883327,0.5215,0.95933336,0.38483334,0.884,0.51266664,0.263,0.8806666,0.86583334,0.62549996,0.687,0.75366664,0.72533333,0.9681667,0.4883333,0.39616668,0.8133334,0.47116664,0.63366663,0.56783336,0.39216667,0.672,0.34966666,0.99724996,0.8591667,0.6458333,0.3595,0.71333337,0.80016667,0.28583333,0.584,0.8566667,0.7111667,0.785,0.7978334,0.8725,0.9083333,0.48583335,0.97216666,0.58816665,0.9466667,0.47433335,0.65283334,0.93583333,0.63233334,0.9636667,0.30549997,0.9598333,0.53433335,0.7585,0.78783333,0.44449997,0.87516665,0.9468333,0.42883334,0.6915,0.618,0.85300004,0.7561667,0.509,0.8416667,0.73300004,0.5265,0.5006666,0.6426667,0.546,0.54716665,0.6415,0.5873333,0.194,0.686,0.9201667,0.5195,0.56866664,0.5451667,0.6596667,0.939,0.4486667,0.22033334,0.90433335,0.75533336,0.59533334,0.51166666,0.55516666,0.7043333,0.8715,0.8491667,0.74475,0.55600005,0.77550006,0.63075,0.9231667,0.7151667,0.633,0.7698333,0.48883337,0.80499995,0.9325,0.8858333,0.56766665,0.3675,0.597,0.90433335,0.84066665,0.031,0.98450005,0.34366667,0.9455,0.7795,0.203,0.72683334,0.926,0.7716667,0.4345,0.57116663,0.38566667,0.57316667,0.7493334,0.6328333,0.6995,0.57016665
BC2026_Train_0010_S09_20250828_000000_45,0.6013334,0.73333335,0.21283334,0.13783333,0.47916663,0.5363333,0.3175,0.23083332,0.012166667,0.38933334,0.242,0.069,0.06916667,0.17916666,0.29866666,0.13049999,0.37633333,0.94350004,0.0935,0.32616666,0.20866668,0.37150002,0.8013333,0.834,0.681,0.2645,0.9734167,0.54116666,0.84033334,0.46316665,0.82116663,0.9543333,0.49350005,0.8918333,0.7625,0.9558333,0.92050004,0.72249997,0.79716665,0.6928333,0.56266665,0.80516666,0.8946667,0.9863334,0.31183335,0.29566666,0.7201667,0.48583335,0.6545,0.5643334,0.8946667,0.8905,0.89316666,0.8543333,0.6598334,0.35966668,0.82783335,0.21733335,0.8045,0.534,0.21366666,0.398,0.14733334,0.20183334,0.3395,0.75916666,0.40316668,0.44383332,0.80499995,0.5863334,0.777,0.44433334,0.67366666,0.27466667,0.91316664,0.8566667,0.44,0.3746667,0.7581667,0.621,0.23433332,0.268,0.104666665,0.5068334,0.097333334,0.4635,0.347,0.451,0.58916664,0.28466666,0.65900004,0.34083334,0.30566666,0.85183334,0.19133332,0.6915833,0.29283333,0.70783335,0.62866664,0.24316666,0.815,0.17633334,0.924,0.39249998,0.7888334,0.61,0.79033333,0.47833332,0.34583333,0.617,0.29000002,0.99333334,0.26933333,0.53433335,0.5805,0.86516666,0.31633335,0.5955,0.29733333,0.2595,0.7568333,0.53283334,0.59333336,0.5765,0.42383334,0.48066667,0.72900003,0.5125,0.36900002,0.6901667,0.3515,0.3475,0.5615,0.36083332,0.458,0.326,0.98483336,0.649,0.438,0.3405,0.74766666,0.6978333,0.12683333,0.6621667,0.7543333,0.48799998,0.7461667,0.6235,0.83966666,0.62733334,0.47491667,0.9233333,0.29166666,0.9348333,0.493,0.51699996,0.69983333,0.68716663,0.92583334,0.348,0.827,0.23383333,0.7266667,0.6446667,0.32816666,0.75616664,0.9916667,0.38066667,0.633,0.4695,0.6235,0.57316667,0.5738333,0.64633334,0.55266666,0.1525,0.15933333,0.329,0.5275,0.5796666,0.5893333,0.6358333,0.057666667,0.69816667,0.78433335,0.39450002,0.47016668,0.42216668,0.51283336,0.81649995,0.19166666,0.21483335,0.387,0.53966665,0.54499996,0.37800002,0.47433332,0.67300004,0.56883335,0.8735,0.493,0.42366666,0.36299998,0.6656667,0.7391667,0.55,0.4135,0.6738334,0.4695,0.6425,0.78466666,0.79766667,0.41283333,0.48716664,0.42700002,0.98883337,0.79766667,0.109916665,0.90716666,0.3171667,0.9036666,0.6448333,0.0905,0.5633333,0.65866673,0.8278333,0.416,0.6598333,0.26666668,0.14633332,0.5425,0.63266665,0.53716666,0.42583334
BC2026_Train_0010_S09_20250828_000000_50,0.3426667,0.61483335,0.28133333,0.173,0.34583333,0.44416666,0.27266666,0.18983333,0.025833333,0.4426667,0.26116666,0.12366667,0.10016666,0.14166667,0.27366668,0.10966667,0.3611667,0.8886666,0.10933334,0.17816666,0.07383333,0.2515,0.545,0.52666664,0.42433333,0.078833334,0.7581667,0.56366664,0.43949997,0.33933333,0.7363333,0.737,0.4635,0.8806667,0.57,0.8998333,0.88416666,0.6713333,0.74300003,0.61016667,0.561,0.74583334,0.8488333,0.72366667,0.4265,0.39983332,0.64033335,0.3498333,0.5701667,0.5351667,0.84066665,0.8501667,0.85150003,0.7885,0.5905,0.37216666,0.7786667,0.4105,0.87549996,0.61183333,0.23566666,0.41916665,0.0925,0.13183333,0.29416665,0.62133336,0.44000003,0.29,0.71133333,0.49533334,0.8166666,0.4275,0.71183336,0.19741666,0.79866666,0.7845,0.4301667,0.6856667,0.839,0.461,0.079500005,0.394,0.30066666,0.26816666,0.12233333,0.5046667,0.53666663,0.47533333,0.45166665,0.27383333,0.737,0.56583333,0.37766665,0.6683333,0.34533334,0.37033334,0.31266665,0.6473333,0.6816667,0.30191666,0.74333334,0.22833332,0.977,0.46750003,0.65966666,0.51666665,0.7696667,0.45166665,0.343,0.74583334,0.31433332,0.9355,0.4288333,0.60649997,0.41933334,0.9185,0.30900002,0.6638334,0.323,0.29466668,0.505,0.5963334,0.6016667,0.68583333,0.3225,0.52633333,0.80766666,0.29216665,0.50266665,0.6893333,0.11133333,0.22966667,0.5015,0.39133334,0.585,0.25366667,0.82350004,0.69883335,0.5996667,0.3153333,0.7521666,0.71266663,0.13733333,0.63233334,0.5645,0.32383335,0.7656666,0.7535,0.7453333,0.51699996,0.4465,0.94416666,0.302,0.9363334,0.4415,0.41750002,0.86050004,0.5833333,0.7638333,0.33016664,0.86083335,0.25283334,0.6971667,0.9316667,0.414,0.6983334,0.975,0.31083333,0.63874996,0.416,0.76216674,0.735,0.57566667,0.6466667,0.63741666,0.21233332,0.13133334,0.35016668,0.46999997,0.65250003,0.85716665,0.5173333,0.06983333,0.6843333,0.52566665,0.45366666,0.54033333,0.35483336,0.5055,0.9233333,0.31966668,0.082333334,0.49433333,0.57916665,0.57383335,0.388,0.46316665,0.77533334,0.39583334,0.80149996,0.6045,0.31183332,0.36549997,0.6993333,0.793,0.5473333,0.38233334,0.51066667,0.4745,0.71950006,0.8755001,0.834,0.5713333,0.38000003,0.35966668,0.9985833,0.9875,0.12116666,0.9121666,0.28550002,0.96266663,0.63733333,0.023166668,0.6468333,0.68416667,0.7273333,0.5346667,0.6343333,0.26416665,0.24083334,0.6228334,0.61399996,0.5018333,0.63033336
BC2026_Train_0010_S09_20250828_000000_55,0.40183333,0.5663333,0.27316666,0.2195,0.32916668,0.46999997,0.428,0.3038333,0.0875,0.59416664,0.38783336,0.17483333,0.2225,0.42083335,0.532,0.145,0.37600002,0.84983337,0.34083334,0.163,0.10216667,0.5861666,0.504,0.52433336,0.43,0.11483333,0.7011666,0.5535,0.52033335,0.38966668,0.7425,0.80583334,0.571,0.7546667,0.5286666,0.7906667,0.8905,0.6281667,0.7416667,0.53616667,0.6225,0.84599996,0.7628333,0.7885,0.54933333,0.53066665,0.5751667,0.42000002,0.5936667,0.55183333,0.756,0.75733334,0.756,0.8415,0.5355,0.47916663,0.799,0.44666666,0.8445,0.37583333,0.42150003,0.36916667,0.17449999,0.3015,0.32266665,0.5625,0.62299997,0.33833334,0.69766665,0.45433334,0.84416664,0.6166667,0.7066667,0.23533332,0.561,0.7473333,0.41616666,0.7705,0.966,0.59466666,0.23083334,0.47883335,0.25916666,0.55916667,0.40766668,0.8163333,0.8386667,0.86066663,0.6256667,0.44316667,0.85583335,0.72866666,0.4665,0.5896667,0.434,0.6461667,0.51933336,0.6185,0.96183336,0.38666666,0.694,0.178,0.98483336,0.525,0.67466664,0.7963333,0.7665,0.32466665,0.5715,0.91433334,0.47883332,0.8903333,0.47133332,0.72900003,0.551,0.996,0.41183335,0.9355,0.5183333,0.53,0.5268333,0.74766666,0.63133335,0.8525,0.5021667,0.8083333,0.95766675,0.44316667,0.4411667,0.9595,0.24516666,0.33350003,0.46883336,0.7665,0.82666665,0.44166666,0.97483337,0.52566665,0.47183335,0.33499998,0.73983335,0.80249995,0.22716667,0.5386667,0.45466667,0.75175,0.83683336,0.747,0.8466667,0.711,0.45516667,0.98883337,0.3255,0.8565,0.54183334,0.63266665,0.81083333,0.63149995,0.81733334,0.40600002,0.98025,0.5951666,0.75600004,0.7201667,0.31916666,0.89175,0.91050005,0.3575,0.76683336,0.8271667,0.895,0.8756667,0.6383333,0.7748333,0.85416675,0.248,0.21933334,0.33949998,0.62875,0.537,0.75249994,0.706,0.15566666,0.7581667,0.56883335,0.60316664,0.5821667,0.49699998,0.50783336,0.97083336,0.3645,0.13633335,0.8656667,0.69766665,0.6325,0.5525,0.5311667,0.7478334,0.59066665,0.9918333,0.8198333,0.49016666,0.5,0.7571666,0.967,0.44816667,0.20816666,0.5940833,0.55266666,0.92149997,0.9723334,0.7624999,0.724,0.6296667,0.31766665,0.95316666,1.0,0.09166667,0.9821667,0.31633332,0.9516666,0.861,0.18766667,0.75166667,0.7741667,0.69416666,0.40066665,0.62366664,0.36183333,0.68149996,0.67266667,0.6063334,0.64900005,0.78433335
BC2026_Train_0010_S09_20250828_000000_60,0.442,0.683,0.36966667,0.23733334,0.13333334,0.5388333,0.58599997,0.32983333,0.0555,0.5005,0.27733335,0.24866666,0.24383333,0.57916665,0.4585,0.19733334,0.22766666,0.92700005,0.31716666,0.12116667,0.061666667,0.5388333,0.69500005,0.47316667,0.32283333,0.3075,0.7245,0.5311667,0.95100003,0.48216665,0.6928333,0.97933334,0.6171667,0.80366665,0.5315,0.9363334,0.883,0.6993333,0.73366666,0.6085,0.5705,0.81816673,0.7525,0.9791667,0.47366667,0.44833332,0.5958333,0.607,0.6421667,0.5668334,0.74866664,0.74983335,0.7471667,0.7296667,0.6141666,0.525,0.7801666,0.34216666,0.8718333,0.373,0.26416665,0.27666664,0.1995,0.24499999,0.4875,0.54816663,0.61266667,0.35050002,0.8465,0.64199996,0.86300004,0.6231667,0.7096667,0.6486666,0.6215,0.72166663,0.4475,0.7645,0.792,0.5395,0.5118333,0.605,0.09083333,0.4978333,0.25383332,0.79399997,0.67083335,0.8693333,0.7595,0.44766667,0.63633335,0.71216667,0.34816664,0.6958333,0.6986667,0.7645,0.28383332,0.6418333,0.928,0.46116668,0.7288333,0.14466667,0.9256667,0.74766666,0.7503333,0.8656667,0.83316666,0.5313333,0.5601667,0.8325,0.66216666,0.7696667,0.22349998,0.7145,0.49766666,0.9863334,0.36083335,0.77166665,0.5365,0.74666667,0.84183335,0.60683334,0.6238333,0.85216665,0.41000003,0.74450004,0.8616667,0.5345,0.5103333,0.96033335,0.503,0.36058334,0.5506667,0.71066666,0.6615833,0.23733333,0.9985833,0.5521667,0.58183336,0.34433332,0.64066666,0.774,0.24116665,0.5625,0.6311667,0.66466665,0.55399996,0.82149994,0.7951666,0.77316666,0.40616664,0.96533334,0.5963333,0.78583336,0.66150004,0.714,0.7696667,0.5758333,0.7688334,0.46183333,0.938,0.41216666,0.8166666,0.569,0.49616665,0.9421667,0.90583336,0.41033334,0.6825,0.44483334,0.91183335,0.75566673,0.5805,0.6673333,0.7173333,0.2035,0.12966667,0.36816666,0.6505,0.5605,0.5941667,0.693,0.22383332,0.6465,0.6931667,0.5615,0.6231667,0.7275,0.48366666,0.95266664,0.40766668,0.26883334,0.89250004,0.866,0.67399997,0.548,0.69016665,0.7921666,0.6300833,0.9773333,0.5761667,0.35933334,0.724,0.7885,0.8961666,0.396,0.329,0.61,0.6618333,0.9463333,0.95800006,0.80149996,0.60099995,0.6138333,0.36333334,0.93233335,0.92083335,0.064333335,0.9616667,0.421,0.9085,0.78249997,0.16133334,0.66999996,0.63199997,0.73950005,0.5045,0.7131667,0.48266667,0.6961667,0.642,0.65133333,0.6645,0.5491667
BC2026_Train_0011_S03_20211114_200000_5,0.19583333,0.139,0.4258333,0.93833333,0.525,0.25383332,0.92350006,0.7931667,0.84216666,0.9958334,0.98450005,0.66999996,0.6896666,0.1875,0.10266667,0.6821667,0.6715,0.37183332,0.58916664,0.53466666,0.687,0.6668334,0.6458334,0.6355,0.64383334,0.5585,0.41116667,0.44950002,0.30033332,0.80200005,0.29083335,0.32416666,0.39116666,0.611,0.36783335,0.40883332,0.18766665,0.24450001,0.6253333,0.3975,0.42900002,0.52966666,0.2775,0.36166668,0.2005,0.21516666,0.18583333,0.14066666,0.28833333,0.30166668,0.31066668,0.3051667,0.31316668,0.6411667,0.2975,0.1875,0.3395,0.79983336,0.16966666,0.5633333,0.7035,0.71449995,0.68333334,0.7851666,0.16733333,0.44183335,0.74,0.6818333,0.274,0.52900004,0.357,0.30516666,0.44566667,0.72333336,0.30066666,0.5486667,0.2521667,0.31133333,0.39433333,0.5416667,0.8248334,0.25716665,0.78533334,0.11033333,0.48999998,0.26700002,0.39433333,0.21066667,0.494,0.68266666,0.7366667,0.14116666,0.363,0.638,0.52533334,0.87733334,0.88816667,0.35833335,0.24833333,0.41083336,0.12616667,0.6153333,0.17383333,0.7473333,0.5513333,0.5425,0.26733333,0.1695,0.33983335,0.3656667,0.15366666,0.8613333,0.0785,0.086500004,0.745,0.0625,0.27866668,0.5325,0.249,0.40833333,0.574,0.15016666,0.16616666,0.12133333,0.45116666,0.5155,0.43400002,0.181,0.43516666,0.718,0.37766665,0.21966666,0.5728333,0.25883335,0.33449998,0.15083334,0.053166665,0.9623333,0.32166666,0.8501667,0.71716666,0.10666668,0.37,0.071,0.69866663,0.454,0.13916665,0.34583333,0.6461667,0.15900001,0.678,0.13666666,0.53533334,0.35016668,0.12783334,0.58916664,0.40066665,0.38099998,0.26933333,0.37649998,0.108166665,0.58666664,0.7583333,0.33233333,0.5736667,0.64383334,0.64016664,0.50783336,0.104166664,0.22333333,0.20899999,0.2595,0.312,0.114833325,0.16383334,0.26083332,0.1615,0.41399997,0.45983332,0.27216667,0.20750001,0.12900001,0.28266665,0.35933334,0.22150001,0.18383333,0.16966668,0.39666665,0.28650004,0.69350004,0.55233335,0.7711666,0.2015,0.33416668,0.17566666,0.58449996,0.19783333,0.2845,0.18216667,0.19283333,0.4378333,0.452,0.30116665,0.37583333,0.36583334,0.47016665,0.752,0.28666666,0.43616667,0.036666665,0.26116666,0.19666667,0.35466668,0.5848333,0.724,0.32466665,0.4906667,0.42283335,0.1795,0.421,0.1205,0.20933333,0.62633336,0.51033336,0.15816668,0.194,0.65749997,0.43350005,0.30383334,0.58316666,0.42533335,0.2645,0.325,0.29866666
BC2026_Train_0011_S03_20211114_200000_10,0.21299998,0.09216666,0.5316667,0.9433334,0.71666664,0.21783334,0.93700004,0.8033333,0.7801666,1.0,0.92966676,0.651,0.6836667,0.3,0.161,0.6338333,0.6901667,0.5403334,0.48049998,0.5035,0.76216674,0.68233335,0.6186667,0.656,0.68166673,0.696,0.33683333,0.36166668,0.23433334,0.72433335,0.27683333,0.23016667,0.33533332,0.6958333,0.3778333,0.38483334,0.18833333,0.22766666,0.66800004,0.3915,0.405,0.5305,0.22000001,0.26766664,0.136,0.14666668,0.14783333,0.07016667,0.2175,0.25108334,0.2425,0.24899998,0.25166667,0.61716664,0.35516667,0.225,0.31916666,0.804,0.2085,0.63816667,0.6806667,0.748,0.6458334,0.7065833,0.31183332,0.40199998,0.7101667,0.7423333,0.47016665,0.544,0.44633332,0.46066666,0.5201667,0.67766666,0.23616666,0.5796666,0.264,0.3025,0.19683333,0.41883335,0.74766666,0.215,0.8135,0.072333336,0.4565,0.31450003,0.22666666,0.17033334,0.6005,0.80466664,0.7175,0.13616666,0.3975,0.7408334,0.65783334,0.90316665,0.8473333,0.289,0.34466666,0.51,0.121833324,0.60400003,0.15183333,0.66066664,0.39816666,0.67399997,0.50116664,0.189,0.30783334,0.24583334,0.14383332,0.9456667,0.18066667,0.11433333,0.746,0.11666667,0.453,0.5823333,0.41799998,0.29,0.58833337,0.164,0.15358333,0.20166667,0.42116666,0.6716667,0.48533335,0.1565,0.49633336,0.7813333,0.37066668,0.21525,0.5593333,0.388,0.24533334,0.44383335,0.031666666,0.97933334,0.3153333,0.7868333,0.70458335,0.18016668,0.50633335,0.12983334,0.6771667,0.5115,0.23116668,0.25366667,0.68366665,0.2515,0.5125,0.2265,0.5156667,0.26333332,0.13016666,0.522,0.45383334,0.4575,0.12783334,0.35783333,0.089666665,0.66150004,0.7055,0.3015,0.5144167,0.67183334,0.651,0.44266665,0.14066666,0.17083333,0.23066668,0.475,0.37933332,0.11416666,0.177,0.30083334,0.38266668,0.294,0.409,0.15516666,0.37666667,0.1325,0.40883332,0.2905,0.3805,0.19766666,0.22733334,0.25566664,0.32583332,0.77283335,0.4781667,0.728,0.28516668,0.20483333,0.107,0.6105,0.31916666,0.29549998,0.2945,0.2475,0.6001667,0.40783334,0.3401667,0.40816668,0.5043334,0.45583332,0.7771666,0.32583332,0.6483334,0.020166665,0.2593333,0.14533333,0.074,0.555,0.6773333,0.26783332,0.38683334,0.36416668,0.17116666,0.33883333,0.19533333,0.16516666,0.41533333,0.5355,0.08716667,0.10800001,0.6978333,0.23608334,0.42650002,0.26283333,0.34283334,0.22816667,0.243,0.49783334
BC2026_Train_0011_S03_20211114_200000_15,0.22016668,0.11649999,0.5331667,0.9378333,0.52916664,0.227,0.944,0.849,0.65316665,0.985,0.93450004,0.80516666,0.5021667,0.23333333,0.15266667,0.67366666,0.65033334,0.36150002,0.60066664,0.39450002,0.6345,0.5578333,0.76633334,0.5981667,0.69,0.7098333,0.3535,0.48216668,0.21383333,0.77966666,0.29233333,0.22366667,0.3621667,0.82566667,0.35533333,0.3886667,0.21866667,0.24700001,0.748,0.40800002,0.41933334,0.599,0.18800001,0.2545,0.1025,0.107833326,0.17183334,0.087000005,0.25366667,0.30133334,0.22533333,0.24016666,0.2265,0.6271667,0.3255,0.24166666,0.30916667,0.825,0.17366666,0.6638334,0.7158333,0.7575,0.46866667,0.72816664,0.378,0.49333334,0.69350004,0.7461667,0.53083336,0.5621667,0.4755,0.448,0.14649999,0.6116667,0.34183335,0.6215,0.274,0.36150002,0.26033333,0.458,0.54866666,0.18366668,0.862,0.031,0.4141667,0.26816666,0.16116667,0.13283333,0.27833334,0.6261667,0.5111667,0.1995,0.324,0.759,0.45066667,0.82850003,0.8711667,0.35316667,0.156,0.45600003,0.120000005,0.44516665,0.16066667,0.7545,0.42583334,0.64933336,0.38333333,0.21333334,0.14816667,0.2505,0.171,0.92899996,0.075,0.06683333,0.72,0.1415,0.21066667,0.71466666,0.373,0.2586667,0.6405,0.1205,0.13516666,0.052833334,0.35116667,0.3868333,0.2935,0.14033332,0.5321667,0.84700006,0.51066667,0.051833335,0.4225,0.252,0.14299999,0.26266667,0.12716666,0.92616665,0.27741668,0.82799995,0.704,0.12833333,0.265,0.060166664,0.68216664,0.33016667,0.17050001,0.3335,0.768,0.13316667,0.45566666,0.11816667,0.38099998,0.34883335,0.11433333,0.5656667,0.54866666,0.38216668,0.098000005,0.27666667,0.16633333,0.546,0.6545,0.25733334,0.2495,0.714,0.69799995,0.39233333,0.121,0.041500002,0.14133334,0.20616665,0.36133334,0.15983333,0.1285,0.31316668,0.21033335,0.30883333,0.42366666,0.37649998,0.29833332,0.12416667,0.21283332,0.2385,0.2801667,0.24316669,0.22833332,0.22850001,0.27350003,0.82033336,0.29466668,0.66433334,0.2425,0.27583334,0.043166667,0.5283333,0.2045,0.28550002,0.25433332,0.32500002,0.5891667,0.46883333,0.32700002,0.48033333,0.47966665,0.40166667,0.7696667,0.38849998,0.48733333,0.032833334,0.171,0.18833333,0.03316667,0.24283335,0.7591667,0.4618333,0.211,0.4,0.086500004,0.3155,0.17033333,0.11875,0.37733334,0.45949998,0.07066667,0.10433334,0.681,0.24033335,0.30183333,0.30233333,0.27916667,0.19216666,0.36150002,0.17683333
BC2026_Train_0011_S03_20211114_200000_20,0.23883334,0.11816667,0.42683333,0.93233335,0.3875,0.20266667,0.96683335,0.847,0.69166666,0.9598333,0.8825,0.663,0.7328334,0.1375,0.09566666,0.724,0.62633336,0.40716666,0.6968334,0.35033333,0.5406667,0.47750002,0.8251667,0.56450003,0.63416666,0.70433336,0.34,0.4761667,0.17233333,0.77283335,0.28983334,0.22966668,0.34966668,0.77,0.34566668,0.38383335,0.19583333,0.22933334,0.70666665,0.385,0.39683333,0.55716664,0.20833334,0.25783336,0.1225,0.123833336,0.16066667,0.0915,0.23283333,0.26366666,0.22150001,0.24016666,0.23216668,0.61733335,0.25983334,0.175,0.2805,0.8538333,0.20083332,0.68366665,0.77383333,0.74916667,0.48466665,0.76066667,0.2645,0.42433333,0.6495,0.7201667,0.433,0.483,0.2985,0.174,0.27416664,0.574,0.27066666,0.48933336,0.24866666,0.36366665,0.23816666,0.3265,0.552,0.10166667,0.847,0.03816667,0.38816667,0.3185,0.3645,0.137,0.41633335,0.28283334,0.4651667,0.37816668,0.14916667,0.6565,0.43550003,0.69449997,0.9191667,0.1965,0.08033334,0.42066666,0.094000004,0.52633333,0.33433333,0.76,0.5336667,0.57733333,0.36883333,0.13483334,0.15933333,0.45149997,0.15883332,0.9331667,0.2961667,0.07616667,0.41799998,0.1765,0.11533333,0.6095,0.2225,0.31166667,0.68766665,0.123166665,0.097,0.03316667,0.43633336,0.1665,0.27449998,0.16083333,0.48933336,0.8715,0.39383334,0.16466667,0.555,0.16283333,0.12616667,0.34183332,0.007,0.83166665,0.29433334,0.8366667,0.70233333,0.172,0.31800002,0.09683333,0.64433336,0.10383333,0.26616666,0.33466667,0.6305,0.094000004,0.405,0.17583333,0.257,0.32633334,0.115166664,0.5288333,0.50666666,0.2525,0.051083334,0.16066667,0.06725,0.24916667,0.5716667,0.35266665,0.21849999,0.7213333,0.763,0.37233335,0.14333333,0.047333337,0.19916667,0.10266667,0.2891667,0.1195,0.11533333,0.37516665,0.1095,0.43516666,0.41516665,0.17566666,0.32683334,0.099,0.1075,0.21516666,0.132,0.081,0.15433332,0.32383335,0.20950001,0.7744167,0.33016667,0.60333335,0.1655,0.25633332,0.08883333,0.39983335,0.2255,0.2625,0.15883332,0.13183333,0.58166665,0.5245,0.18016666,0.38533336,0.49916667,0.37883335,0.7608333,0.34816667,0.36983332,0.0285,0.25516668,0.284,0.21750002,0.37083334,0.703,0.40800002,0.25733334,0.43483335,0.11,0.2625,0.17216666,0.09983333,0.19766666,0.43733335,0.09133333,0.13,0.65150005,0.19616666,0.18,0.19566667,0.19233333,0.187,0.40116668,0.287
BC2026_Train_0011_S03_20211114_200000_25,0.2985,0.119833335,0.27416664,0.90816665,0.15833333,0.1655,0.9335,0.6836667,0.74899995,0.98066664,0.90599996,0.63750005,0.66033334,0.06666667,0.043,0.70016664,0.398,0.54716665,0.8435,0.268,0.43633333,0.422,0.54816663,0.5495,0.50333333,0.48633334,0.26866665,0.23650001,0.185,0.7438333,0.29983333,0.21516667,0.35716668,0.5105,0.326,0.28833333,0.17516667,0.22016668,0.6803334,0.33683333,0.40000004,0.546,0.20583335,0.23500001,0.13116667,0.13383333,0.16933334,0.1115,0.21566665,0.2615,0.21383335,0.22316667,0.22583334,0.57816666,0.19366667,0.083333336,0.257,0.9168334,0.13166666,0.61516666,0.8528334,0.55583334,0.33183333,0.75016665,0.1985,0.44408333,0.6836667,0.5308333,0.38933334,0.42133334,0.231,0.18866667,0.069,0.7636666,0.155,0.38466665,0.36133334,0.4055,0.34466666,0.31233332,0.37916666,0.061333336,0.75333333,0.075666666,0.32033333,0.2025,0.32483333,0.22316667,0.26566666,0.128,0.1415,0.14166667,0.40150005,0.666,0.39116666,0.7428333,0.756,0.296,0.082499996,0.5675,0.10566667,0.42816666,0.047,0.76900005,0.23583333,0.58183336,0.25283334,0.11716666,0.057166666,0.294,0.14133334,0.8443334,0.122999996,0.051,0.16149999,0.075666666,0.27366668,0.4285,0.16,0.086166665,0.7281667,0.049833335,0.08400001,0.027,0.21283334,0.23850001,0.199,0.071166664,0.43699998,0.81333333,0.30866668,0.1345,0.48,0.0785,0.031666666,0.14166667,0.35533333,0.9958334,0.3286667,0.8171667,0.63483334,0.26916668,0.16883333,0.115666665,0.638,0.08466667,0.173,0.19716668,0.67216665,0.177,0.30866668,0.11316666,0.19099998,0.11750001,0.068333335,0.46133333,0.5021667,0.14033334,0.10566667,0.18450001,0.10033333,0.45299998,0.5335,0.2045,0.09183334,0.8216667,0.71533334,0.38483337,0.135,0.13616666,0.054833334,0.06516667,0.21233334,0.0925,0.06683333,0.37816665,0.056,0.59433335,0.2245,0.038000003,0.29233333,0.2935,0.05866667,0.0595,0.08666667,0.2035,0.11533333,0.08916667,0.27633333,0.7748333,0.13916665,0.5365,0.1795,0.19833332,0.032833334,0.208,0.108333334,0.30183333,0.204,0.18383333,0.61516666,0.4281667,0.08533334,0.4095,0.502,0.35666665,0.78283334,0.18716666,0.3586667,0.054833334,0.25933334,0.31633332,0.16233332,0.35466668,0.5815,0.26700002,0.412,0.53783333,0.119833335,0.24650002,0.08766667,0.034833334,0.3215,0.32933334,0.036166668,0.07383333,0.63250005,0.23850001,0.14966667,0.10683333,0.2645,0.178,0.21083334,0.19466667
BC2026_Train_0011_S03_20211114_200000_30,0.26033333,0.08033334,0.18316667,0.9428333,0.0875,0.17183334,0.8676666,0.6063334,0.81733334,0.98183334,0.9076667,0.54483336,0.73583335,0.075,0.026333334,0.6618333,0.38116667,0.7335,0.7365,0.19833332,0.45175,0.38766664,0.551,0.53300005,0.47066665,0.45033333,0.23333333,0.18633333,0.0545,0.73333335,0.24616666,0.13366666,0.277,0.31083333,0.32166666,0.18450001,0.14416666,0.16533333,0.6,0.274,0.33716667,0.49249998,0.127,0.13766667,0.086,0.08733334,0.12433334,0.047833335,0.14116667,0.18316667,0.13483334,0.1375,0.14016667,0.48866665,0.089833334,0.045833334,0.22366665,0.96774995,0.019333335,0.43566665,0.6561667,0.66966665,0.36533335,0.73866665,0.21516666,0.32333332,0.75049996,0.39699998,0.41433334,0.38866666,0.19066668,0.15883332,0.223,0.7238333,0.122833334,0.3796667,0.1945,0.302,0.46483335,0.056166667,0.20566666,0.06583333,0.6745,0.034833334,0.338,0.10283334,0.26933333,0.27466667,0.34383336,0.0755,0.15349999,0.34166664,0.11916666,0.5368333,0.49016663,0.5568333,0.64716667,0.1745,0.030333335,0.6078333,0.023666669,0.52033335,0.16616666,0.6243334,0.20966667,0.50900006,0.06566667,0.07283334,0.11649999,0.40533334,0.30116668,0.5956667,0.471,0.08883333,0.261,0.05666667,0.16749999,0.31583333,0.07083333,0.10766667,0.6895833,0.08183333,0.057166666,0.035166666,0.219,0.14083333,0.07941666,0.11049999,0.32066667,0.74483335,0.3541667,0.06683333,0.4058333,0.12133334,0.026166666,0.09966667,0.30216667,1.0,0.34416667,0.7906667,0.45033336,0.5001667,0.118,0.11649999,0.58266664,0.06066667,0.19683334,0.16733333,0.44133332,0.21616668,0.31183335,0.149,0.22733334,0.28066668,0.048833333,0.5301666,0.42033333,0.12683333,0.023666669,0.26566666,0.0285,0.3915,0.45866668,0.21316665,0.045333333,0.8028333,0.55616665,0.49416667,0.16533335,0.3245,0.064833336,0.0485,0.15733334,0.12983333,0.056333333,0.36533335,0.0635,0.62733334,0.25683334,0.17266667,0.3121667,0.1945,0.024666667,0.0585,0.08433334,0.054833334,0.0915,0.19049999,0.12016667,0.7145,0.12633333,0.44166666,0.17833333,0.20733333,0.026333334,0.16766667,0.090833336,0.17249998,0.042166665,0.0925,0.48033336,0.12416667,0.097666666,0.312,0.41683334,0.3625,0.78650004,0.22666667,0.1795,0.11749999,0.18583333,0.38950002,0.1885,0.17883334,0.6356667,0.44533336,0.18116666,0.7231667,0.219,0.27383333,0.07316667,0.041666664,0.2758333,0.3885,0.018000001,0.045166664,0.60616666,0.28800002,0.15683334,0.049500003,0.051333334,0.12066667,0.26216665,0.26716667
BC2026_Train_0011_S03_20211114_200000_35,0.14400001,0.0505,0.20033334,0.94650006,0.1375,0.07416667,0.83666664,0.4245,0.7048334,0.95683336,0.8808334,0.42183334,0.4565,0.24166666,0.012500001,0.59416664,0.37166667,0.8183333,0.709,0.23366667,0.40566668,0.59716666,0.30016667,0.5465,0.41466665,0.36283332,0.22550002,0.23316668,0.047166668,0.67433333,0.22216666,0.075666666,0.23783334,0.272,0.31016666,0.1785,0.12866667,0.112833336,0.532,0.259,0.32883337,0.4516667,0.12483333,0.075500004,0.07333334,0.07333334,0.11133334,0.028166668,0.07616667,0.15983334,0.1275,0.1275,0.12616667,0.47616667,0.113333344,0.050000004,0.22800002,0.9733333,0.013833334,0.39833334,0.6156666,0.46233335,0.36883333,0.7355,0.4051667,0.2925,0.65166664,0.384,0.29050002,0.338,0.13733333,0.21633333,0.13016666,0.8771666,0.12616667,0.5371667,0.18,0.11416666,0.5495,0.164,0.27383333,0.052666668,0.6383333,0.014833334,0.27516666,0.06216667,0.36533335,0.42316663,0.35016668,0.21683334,0.16383334,0.115499996,0.128,0.5105,0.4725,0.45000002,0.33633333,0.12666667,0.2495,0.5158333,0.028,0.367,0.16966666,0.70533335,0.20800002,0.51100004,0.2845,0.05166667,0.14933334,0.32083333,0.1825,0.6168333,0.39383334,0.038333334,0.32316667,0.061,0.08016667,0.19083335,0.1585,0.075666666,0.5756667,0.10633333,0.08866667,0.0465,0.15833333,0.13316667,0.16516668,0.061833333,0.35133332,0.76199996,0.3005,0.15066667,0.22066668,0.05116667,0.021833334,0.057,0.26783335,0.9875,0.223,0.746,0.56133336,0.5413333,0.35150003,0.17750001,0.49183333,0.042,0.1805,0.22416666,0.39383334,0.175,0.076000005,0.22233333,0.153,0.22566667,0.035166666,0.47399998,0.40633333,0.19183333,0.039333336,0.39816666,0.0345,0.39666665,0.316,0.25316668,0.0705,0.737,0.49683332,0.48183334,0.13583334,0.113,0.021166667,0.1215,0.20216668,0.14566666,0.0735,0.35316667,0.042166665,0.503,0.328,0.09483333,0.27783334,0.15233333,0.011,0.036000002,0.08733334,0.27216667,0.20083332,0.25050002,0.25966668,0.63699996,0.31083333,0.27083334,0.3025,0.18933335,0.062000003,0.31816667,0.11683333,0.25349998,0.038999997,0.09216666,0.43933335,0.05466667,0.141,0.26916665,0.40400004,0.321,0.77550006,0.22283335,0.39383334,0.269,0.29050002,0.4186667,0.24599999,0.4556667,0.5865,0.44316667,0.10333334,0.56700003,0.21583334,0.11266667,0.0805,0.14050001,0.08933334,0.408,0.064833336,0.0585,0.5705,0.22666667,0.15266667,0.047166668,0.0685,0.13266666,0.3025,0.5215
BC2026_Train_0011_S03_20211114_200000_40,0.3455,0.089,0.162,0.9738333,0.054166667,0.12066667,0.74383336,0.40666667,0.7733333,0.96683335,0.82533336,0.373,0.4793333,0.050000004,0.008333334,0.5908333,0.4213333,0.7428333,0.90199995,0.17766666,0.41916668,0.5541667,0.24583334,0.50166667,0.3795,0.3105,0.19533333,0.21733335,0.07416667,0.6281667,0.228,0.15733334,0.28433332,0.33266667,0.27,0.25783336,0.15,0.126,0.5211667,0.28233334,0.29683334,0.44333333,0.11033333,0.17083333,0.079166666,0.079166666,0.11466667,0.06933334,0.123166665,0.17050001,0.11433333,0.11433333,0.111666664,0.43600002,0.06683333,0.058333334,0.27933335,0.98583335,0.008333334,0.32366666,0.7363333,0.48300004,0.312,0.7296667,0.54999995,0.29483336,0.89433336,0.49283332,0.26483333,0.35066667,0.08833334,0.0775,0.2695,0.837,0.107499994,0.39666665,0.14516667,0.24033332,0.5408333,0.23350002,0.3843333,0.036333334,0.6568333,0.029333334,0.24666667,0.06933334,0.18883334,0.11283333,0.48075,0.14833334,0.32966667,0.22683334,0.13816667,0.49283332,0.49783334,0.5056667,0.41783333,0.13633333,0.061333336,0.4436667,0.040833335,0.44233334,0.14,0.65533334,0.21266666,0.52,0.054166667,0.05883333,0.111666664,0.2455,0.11,0.6955,0.26683334,0.098000005,0.27133334,0.049166664,0.08733334,0.194,0.08883333,0.022,0.6678333,0.059666667,0.05216667,0.033833332,0.29083335,0.15383333,0.1135,0.080000006,0.24666667,0.753,0.16483334,0.043500002,0.513,0.120000005,0.015333334,0.048833333,0.3145,0.64350003,0.3243333,0.75699997,0.5488334,0.49600002,0.19491667,0.16783333,0.5153333,0.025666667,0.09966667,0.13933334,0.35950002,0.17733334,0.22316667,0.13516666,0.20833333,0.24566667,0.045500003,0.3796667,0.40616667,0.16616666,0.026833335,0.13833334,0.033,0.33433333,0.28950003,0.17966665,0.09516667,0.7845,0.50049996,0.18916667,0.0785,0.08583333,0.016833333,0.075666666,0.22383332,0.119,0.051833335,0.21383333,0.043833334,0.45700002,0.342,0.09566666,0.24016666,0.14983334,0.012500001,0.0685,0.08316667,0.18066667,0.0855,0.24633333,0.28566667,0.61516666,0.37483335,0.27183336,0.18349999,0.08033334,0.099,0.20233333,0.1355,0.093,0.0845,0.10966667,0.472,0.059166666,0.10383333,0.23200001,0.249,0.19383334,0.7266667,0.31516665,0.18283333,0.13916667,0.09733334,0.31383333,0.28383335,0.25183335,0.655,0.49283332,0.20400001,0.71150005,0.085,0.14316666,0.030166667,0.064833336,0.21033332,0.39233333,0.011166668,0.034333333,0.5435,0.21083334,0.1315,0.061166666,0.066,0.016666668,0.14283332,0.50916666
BC2026_Train_0011_S03_20211114_200000_45,0.24499999,0.067666665,0.14233333,0.9816667,0.0375,0.09983333,0.7823334,0.42566666,0.80050004,0.96099997,0.8658334,0.39333335,0.52566665,0.029166667,0.004166667,0.73933333,0.31016666,0.68850005,0.9651667,0.3125,0.33883333,0.63483334,0.4826667,0.4905,0.37183332,0.33133334,0.21666665,0.20466666,0.1265,0.66066664,0.23216668,0.122833334,0.27266666,0.2525,0.25883332,0.234,0.1175,0.15266667,0.5056667,0.25083333,0.33466667,0.43616664,0.08066667,0.14283334,0.060833335,0.060833335,0.11433333,0.040833335,0.10466667,0.19966666,0.079166666,0.07783333,0.07783333,0.4555,0.13733333,0.033333335,0.22183335,0.95816666,0.004166667,0.5,0.8933333,0.36783335,0.29666665,0.76783335,0.53566664,0.33583334,0.8803333,0.45966667,0.21866667,0.35716665,0.11083333,0.10183333,0.18800001,0.9483334,0.10800001,0.38849998,0.17525001,0.45983332,0.5531667,0.14083333,0.36699998,0.035166666,0.60566664,0.022333335,0.26533335,0.09183333,0.19883333,0.0325,0.11766667,0.059166666,0.317,0.25566664,0.19933333,0.5208334,0.57266665,0.5708333,0.35933334,0.167,0.008166667,0.5495,0.007,0.40850002,0.07066667,0.62,0.22083333,0.35316667,0.031666666,0.064666666,0.03816667,0.28566667,0.13316667,0.67083335,0.27833334,0.054166667,0.22483332,0.08383334,0.09233333,0.33616668,0.12583333,0.128,0.722,0.15833333,0.062333334,0.010833334,0.24433333,0.226,0.08416667,0.115166664,0.33200002,0.84,0.262,0.016666668,0.41716665,0.0745,0.0735,0.17833333,0.26833332,0.5025,0.273,0.7725,0.40974998,0.43766665,0.08116667,0.08466667,0.5495,0.035166666,0.16616666,0.2515,0.41383332,0.102666676,0.19966666,0.13933334,0.16533333,0.31483334,0.0595,0.45583332,0.53208333,0.06916667,0.09333334,0.21416667,0.060833335,0.113,0.31233332,0.1725,0.038833335,0.75633335,0.5835,0.267,0.18066667,0.044833336,0.06633333,0.0335,0.10233334,0.11433333,0.071333334,0.3141667,0.0205,0.4105,0.3215,0.10366666,0.3055,0.23466668,0.0055,0.023333333,0.134,0.060000002,0.14899999,0.25066668,0.23799999,0.69150007,0.2035,0.3755,0.39900002,0.07733334,0.043833334,0.22516666,0.12866667,0.2025,0.027166666,0.128,0.35033333,0.098666675,0.08716667,0.17650001,0.264,0.39233333,0.77900004,0.28816667,0.24616666,0.13933334,0.27616668,0.46,0.29016668,0.0995,0.71033335,0.5191667,0.20833334,0.47550002,0.12200001,0.112833336,0.09966667,0.039666668,0.158,0.3121667,0.021000002,0.049666665,0.5466667,0.27983335,0.11883333,0.058166668,0.112666674,0.026500002,0.27716666,0.175
BC2026_Train_0011_S03_20211114_200000_50,0.1145,0.0475,0.37233335,0.9931667,0.10000001,0.12666667,0.8805,0.46666667,0.86099994,0.98883337,0.96066666,0.62383336,0.53966665,0.033333335,0.018000001,0.7546667,0.42633334,0.748,0.8703333,0.2916667,0.3805,0.73583335,0.5915,0.53466666,0.4556667,0.37949997,0.25183335,0.33733335,0.18716666,0.763,0.21633333,0.09583333,0.265,0.31683332,0.3121667,0.18883333,0.120000005,0.15083332,0.5566667,0.25433332,0.384,0.46550003,0.0875,0.117,0.055000003,0.055000003,0.1305,0.027833335,0.1205,0.23099999,0.09,0.09,0.08866667,0.5133333,0.16849999,0.054166667,0.264,0.93883336,0.037,0.5596667,0.745,0.45041668,0.32366666,0.8275,0.35266668,0.30783334,0.6203333,0.52816665,0.32633334,0.38483334,0.15283333,0.14649999,0.058000002,0.74441665,0.15333334,0.4421667,0.271,0.20666668,0.64216673,0.22366667,0.6943334,0.08133334,0.7303333,0.022,0.28233334,0.043166667,0.17383334,0.23449999,0.22216667,0.083333336,0.2965,0.426,0.09133334,0.5995,0.7338333,0.49124998,0.49333334,0.1775,0.114999995,0.61433333,0.0225,0.29666665,0.20899999,0.7055,0.2615,0.4715,0.027166666,0.06983333,0.12933333,0.401,0.12133334,0.67516667,0.44500002,0.044833332,0.11783333,0.035333335,0.10916667,0.4225,0.153,0.074,0.698,0.08116667,0.041,0.08216667,0.18633333,0.104666665,0.057166666,0.031333335,0.3171667,0.8694999,0.46383333,0.11800001,0.466,0.119833335,0.09533334,0.0275,0.35833335,0.52349997,0.0925,0.74966663,0.5363333,0.498,0.127,0.10433333,0.5445,0.023666669,0.22916666,0.30133334,0.42966667,0.17016666,0.44583333,0.16866666,0.33383334,0.184,0.030833332,0.476,0.33866668,0.063,0.17266667,0.33466667,0.040666666,0.23283333,0.37399998,0.1355,0.105333336,0.65783334,0.6615,0.26516667,0.037333336,0.11383333,0.030666668,0.1065,0.21666667,0.09833333,0.071166664,0.26833332,0.062333334,0.41700003,0.34116668,0.0355,0.29683334,0.20033334,0.0235,0.08533333,0.12666667,0.274,0.17866667,0.24616666,0.21783334,0.72283334,0.25683334,0.5595,0.28350002,0.15466668,0.029500002,0.17666668,0.081,0.1805,0.068,0.18366666,0.40366668,0.037333336,0.11666667,0.47016665,0.32283336,0.18349999,0.8155,0.20850001,0.24616666,0.30083334,0.047166668,0.45900002,0.21100001,0.16066667,0.6141666,0.35616666,0.122499995,0.34316665,0.14716667,0.37199998,0.035333335,0.1155,0.34366667,0.46316665,0.029166667,0.049500003,0.47149998,0.31566668,0.17783333,0.06733333,0.1135,0.0515,0.1785,0.42450002
BC2026_Train_0011_S03_20211114_200000_55,0.23450002,0.10533334,0.2823333,0.94883335,0.29583332,0.14899999,0.9016667,0.6071667,0.8095,0.97766674,0.9301667,0.53616667,0.654,0.09583333,0.038833335,0.71016663,0.554,0.48133332,0.732,0.23266666,0.5083333,0.44366664,0.4931667,0.57449996,0.57,0.5335,0.25800002,0.326,0.075333335,0.7456666,0.25533333,0.15933333,0.3001667,0.42716664,0.3426667,0.25183332,0.14391667,0.22283334,0.7368334,0.3146667,0.4073333,0.5858333,0.123833336,0.16466667,0.09833334,0.10366666,0.171,0.063,0.21000001,0.29416668,0.13716666,0.14933333,0.14,0.6,0.20116667,0.09166667,0.2565,0.9443333,0.06566667,0.64016664,0.7305,0.7303333,0.42916667,0.76816666,0.404,0.401,0.77433336,0.5861667,0.44716665,0.3965,0.19666667,0.12766667,0.30266666,0.85866666,0.20566666,0.59916663,0.2425,0.20966667,0.70033336,0.37316668,0.663,0.07316667,0.76600003,0.0585,0.32016665,0.16116667,0.26583335,0.37183332,0.20566666,0.20733334,0.22966667,0.416,0.10516666,0.54150003,0.707,0.59783334,0.5335,0.23833333,0.14649999,0.6506667,0.0715,0.27733335,0.104666665,0.7535,0.32599998,0.57683337,0.13066667,0.09833333,0.09916666,0.33200002,0.273,0.6918334,0.5183333,0.07666667,0.4083333,0.05216667,0.0945,0.38066667,0.16666667,0.16033334,0.69883335,0.11083333,0.068,0.12833333,0.324,0.32716665,0.064,0.1105,0.51016665,0.877,0.38866666,0.031166667,0.58625,0.065,0.07483333,0.08400001,0.36466667,0.6893334,0.18416667,0.7848334,0.6218333,0.4465,0.26666668,0.07666667,0.6078333,0.104,0.445,0.3905,0.39900002,0.16066667,0.623,0.20366666,0.30283332,0.32033333,0.047333334,0.58650005,0.48099998,0.198,0.14683333,0.2705,0.027,0.26133335,0.4676667,0.12783334,0.4585,0.76750004,0.65966666,0.33275,0.098000005,0.08433333,0.08133334,0.155,0.211,0.13866666,0.092,0.3775,0.093166664,0.43699998,0.38883334,0.08583333,0.32183334,0.17866667,0.04766667,0.09833333,0.1205,0.10566667,0.15433332,0.341,0.1695,0.752,0.32966667,0.50916666,0.5275,0.28966665,0.013666667,0.25591666,0.12716667,0.27933332,0.10066667,0.13083333,0.53700006,0.23066668,0.16266666,0.6178333,0.4096667,0.29,0.785,0.2435,0.5036667,0.27233332,0.30016667,0.49033335,0.225,0.27433333,0.6836667,0.34666666,0.176,0.449,0.08,0.50083333,0.097666666,0.22283334,0.2015,0.4696667,0.123833336,0.075333335,0.552,0.37883335,0.22833332,0.096,0.16283333,0.07066667,0.29533333,0.29966664
BC2026_Train_0011_S03_20211114_200000_60,0.13949999,0.07266667,0.34366667,0.926,0.4875,0.118666664,0.93516666,0.7238333,0.69150007,0.97066665,0.873,0.76766664,0.53166664,0.225,0.033333335,0.65699995,0.71166664,0.37666667,0.744,0.40316665,0.71383333,0.55116665,0.7481667,0.55833334,0.6025,0.68633336,0.2115,0.2915,0.16133334,0.714,0.27899998,0.17483333,0.35316667,0.6156667,0.29216668,0.35033333,0.23650001,0.23533332,0.797,0.36666667,0.44383332,0.6308333,0.13383333,0.18,0.12449999,0.14066666,0.21416667,0.06266667,0.20950001,0.2775,0.16316667,0.18316667,0.16183333,0.6138333,0.30583334,0.12916666,0.20633332,0.9251667,0.08216667,0.45733333,0.5965,0.74833333,0.6001667,0.79,0.26783332,0.3895,0.92983335,0.62983334,0.24716666,0.42883334,0.17633334,0.21566667,0.32483333,0.8153333,0.20899999,0.57633334,0.38883334,0.2755,0.5326667,0.26883334,0.7373333,0.16816667,0.70816666,0.027166666,0.3165,0.23033333,0.13933334,0.30483332,0.0545,0.5055,0.33733335,0.35066667,0.05566667,0.63816667,0.7575,0.7486667,0.7416667,0.3005,0.30033332,0.58783334,0.09616666,0.457,0.19383334,0.6313333,0.4695,0.62633336,0.24983333,0.19966666,0.1655,0.4486667,0.303,0.7926667,0.35233334,0.12816666,0.72249997,0.10233334,0.07016666,0.3901667,0.27600002,0.21483332,0.7101667,0.27533332,0.14958334,0.103,0.37616667,0.30433333,0.21133333,0.32099998,0.47316664,0.8758334,0.41433334,0.06533334,0.43333334,0.12633333,0.1785,0.319,0.20266668,0.69166666,0.38691667,0.7733333,0.6691667,0.415,0.33749998,0.08416666,0.6231667,0.12016666,0.24533334,0.27383333,0.51666665,0.17750001,0.80916667,0.13933334,0.3746667,0.1665,0.0935,0.44783333,0.65566665,0.16266668,0.1365,0.2475,0.04816667,0.43816668,0.44683334,0.1795,0.6461667,0.5455,0.66933334,0.269,0.17300001,0.06366667,0.09116667,0.19,0.285,0.21183333,0.094166666,0.3645,0.26316667,0.4005,0.39183334,0.369,0.24483334,0.276,0.1145,0.08366667,0.22383332,0.051833335,0.18216667,0.32133335,0.23416667,0.79716665,0.4475,0.45750004,0.39033332,0.12866667,0.053000003,0.404,0.35833335,0.31933334,0.23466668,0.133,0.525,0.37683338,0.36066663,0.31266665,0.47933334,0.42233336,0.74549997,0.31,0.524,0.16033334,0.24016666,0.24433334,0.05766667,0.422,0.7058333,0.55875003,0.28766668,0.29816666,0.17308334,0.5311667,0.15883332,0.08033334,0.1955,0.5061667,0.068333335,0.15866667,0.57,0.16966666,0.25666666,0.12716666,0.067833334,0.1125,0.23133333,0.63816667
BC2026_Train_0012_S03_20220211_233000_5,0.3005,0.09483333,0.13716666,0.8986666,0.30833334,0.026833333,0.44683334,0.5683333,0.7226667,0.6066667,0.57283336,0.11066668,0.82766664,0.24583334,0.17083333,0.27666667,0.41716665,0.13333334,0.6128334,0.28383332,0.5128333,0.16583332,0.06066667,0.4015,0.23966666,0.36699998,0.049166664,0.11666667,0.14183334,0.56333333,0.20516667,0.14216667,0.100499995,0.030166667,0.033333335,0.10800001,0.24433333,0.1435,0.037166666,0.16016667,0.026166666,0.050499998,0.17516667,0.1905,0.12516667,0.1305,0.14016666,0.38116664,0.15666667,0.1315,0.30966666,0.30299997,0.30299997,0.029000001,0.34033334,0.016666668,0.49,0.9028333,0.041166667,0.47466666,0.63816667,0.16833332,0.824,0.5121667,0.40533334,0.0195,0.5705,0.10216667,0.022166668,0.092,0.28583333,0.41483334,0.47816664,0.1445,0.068166666,0.1375,0.66966665,0.29316667,0.76733327,0.04616667,0.14649999,0.12733333,0.322,0.27033332,0.0745,0.37566668,0.7916667,0.7043333,0.25,0.124,0.60716665,0.29883334,0.41575003,0.139,0.51433337,0.35783333,0.11800001,0.1545,0.32416666,0.0985,0.20866668,0.025666667,0.1755,0.6435,0.8365,0.521,0.39483333,0.061666667,0.194,0.491,0.15216666,0.036333334,0.61016667,0.42733333,0.08916666,0.21716666,0.6605,0.043,0.44533333,0.2435,0.17866667,0.35149997,0.37949997,0.23416667,0.32366666,0.28516668,0.45083332,0.23133333,0.77566665,0.16800001,0.019333335,0.8131667,0.09666667,0.1535,0.14516667,0.027166666,0.13633333,0.13233334,0.21125,0.78166664,0.6725,0.27616668,0.38016668,0.46966666,0.116333336,0.18666667,0.26066667,0.19883333,0.119833335,0.1285,0.1405,0.46883333,0.306,0.5506667,0.2455,0.48683333,0.3915,0.3915,0.35099998,0.25933334,0.13783333,0.7475,0.11116666,0.35483336,0.6271667,0.688,0.041166667,0.15849999,0.32666668,0.22133332,0.5223333,0.100499995,0.3635,0.47183335,0.169,0.1505,0.13516666,0.8473333,0.20533334,0.271,0.17366666,0.7416667,0.58816665,0.49433333,0.089,0.3165,0.60283333,0.44066668,0.292,0.5056667,0.26083332,0.064333335,0.7425,0.19783333,0.24216667,0.25550002,0.48999998,0.551,0.4346667,0.05,0.32566667,0.16416666,0.06966667,0.31316668,0.47866666,0.31816667,0.46058336,0.5283333,0.2985,0.42749998,0.6293333,0.43199998,0.72483337,0.211,0.8023333,0.4073333,0.291,0.2125,0.5841667,0.072500005,0.39133334,0.5424167,0.31966665,0.10033333,0.393,0.16549999,0.22316664,0.14216667,0.2115,0.37016666,0.11,0.32316667,0.0435,0.7581667
BC2026_Train_0012_S03_20220211_233000_10,0.383,0.22433335,0.15516667,0.8903333,0.375,0.07416667,0.46816668,0.454,0.6961667,0.5961667,0.5491667,0.17916667,0.6678333,0.32083333,0.229,0.31816667,0.56416667,0.27883333,0.6415,0.34600002,0.53466666,0.16733333,0.09933333,0.3761667,0.32,0.5085,0.0685,0.18666667,0.191,0.50049996,0.31383333,0.20866668,0.1895,0.06733333,0.049833335,0.21466666,0.26516667,0.19,0.050666668,0.27183333,0.054833334,0.060000002,0.3006667,0.268,0.15699999,0.17166667,0.20766667,0.4215,0.20783332,0.189,0.42516667,0.42383334,0.42783335,0.041333333,0.416,0.041666668,0.524,0.92,0.1145,0.45216668,0.6635,0.19033334,0.78166664,0.55883336,0.37583333,0.0068333335,0.4975,0.20033334,0.026,0.096499994,0.38733333,0.4881667,0.46633333,0.072000004,0.11116666,0.3495,0.8405,0.42733333,0.85183334,0.089666665,0.42866665,0.3815,0.3401667,0.4145,0.16666667,0.42283332,0.6553333,0.5633333,0.48516667,0.15416667,0.36516666,0.21666667,0.3435,0.1635,0.46966666,0.2771667,0.167,0.19150001,0.29466668,0.25916666,0.28416666,0.05516667,0.1945,0.5045,0.57666665,0.46416667,0.58833337,0.0545,0.219,0.5513333,0.24216665,0.043333337,0.5811667,0.393,0.161,0.27383333,0.75916666,0.054,0.6763333,0.32166666,0.34083337,0.276,0.505,0.42266667,0.26833335,0.3728333,0.53183335,0.15483332,0.90833336,0.15483333,0.04366667,0.77883327,0.2185,0.19333334,0.14833334,0.1585,0.2435,0.338,0.21983333,0.76816666,0.54933333,0.30483332,0.49566668,0.5761667,0.09516667,0.20283332,0.3095,0.22516666,0.16733333,0.1785,0.179,0.53733337,0.384,0.52349997,0.26216668,0.54716665,0.40966666,0.49966666,0.4585,0.25983334,0.18616666,0.84333336,0.099,0.41366667,0.89783335,0.57766664,0.052333333,0.32666665,0.43400002,0.29466668,0.6271667,0.318,0.437,0.6505,0.2225,0.1625,0.31233335,0.8415,0.33233333,0.25966668,0.22483334,0.8981667,0.7293333,0.5236667,0.085999995,0.5578333,0.5375,0.5135,0.3286667,0.50383335,0.43566668,0.066,0.7393333,0.24516666,0.38099998,0.34633332,0.59066665,0.56616664,0.45616668,0.0735,0.40199998,0.26583332,0.0655,0.49583334,0.481,0.38516667,0.5305,0.37949997,0.37366664,0.61,0.612,0.4461667,0.90650004,0.52783334,0.638,0.3965,0.36466667,0.2745,0.61733335,0.164,0.405,0.5071666,0.49916667,0.14533333,0.5205,0.20449999,0.41016668,0.33883336,0.33666667,0.5136667,0.12266667,0.44933334,0.048666667,0.79433334
BC2026_Train_0012_S03_20220211_233000_15,0.19216666,0.06916667,0.11000001,0.89716667,0.2125,0.028333334,0.41466668,0.33433333,0.65199995,0.5405,0.52533334,0.11483334,0.5695,0.16666667,0.14433333,0.2726667,0.52716666,0.11716666,0.611,0.22116667,0.506,0.11666667,0.08783333,0.42166668,0.17533334,0.52099997,0.057333335,0.17033333,0.14566666,0.42916667,0.10083334,0.17366666,0.078833334,0.031666666,0.026166666,0.12766667,0.20249999,0.098000005,0.017666668,0.17000002,0.015166667,0.016333334,0.16633333,0.20300001,0.06966667,0.07366667,0.11016667,0.35516667,0.11433333,0.1055,0.28866667,0.28066665,0.28466666,0.022166668,0.27233332,0.029166667,0.4996667,0.9431666,0.0935,0.40550002,0.5973333,0.09866667,0.8385,0.59533334,0.4518333,0.015166667,0.38883334,0.11683334,0.022333335,0.039666668,0.30699998,0.28783333,0.31666666,0.086333334,0.047166668,0.5605,0.70766664,0.22049999,0.75983334,0.031166667,0.22383332,0.0875,0.33783332,0.35283333,0.052666668,0.2685,0.70033336,0.41533333,0.031,0.1205,0.26333335,0.22633332,0.3495,0.116500005,0.56916666,0.3115,0.09833334,0.11766667,0.32216668,0.21566665,0.227,0.030166667,0.14766666,0.4676667,0.5568333,0.25800002,0.51433337,0.056166667,0.17483333,0.44416666,0.15033333,0.03816667,0.5525,0.44883335,0.089666665,0.2045,0.6353333,0.022,0.40033334,0.25566667,0.15450001,0.33133334,0.368,0.26916665,0.26749998,0.1415,0.43183333,0.2465,0.75483334,0.16483334,0.024833333,0.83566666,0.13233334,0.12133333,0.086500004,0.048333332,0.08733334,0.0995,0.118666664,0.7268333,0.441,0.378,0.33966666,0.47583333,0.064833336,0.19366667,0.21616668,0.163,0.111666664,0.071166664,0.108333334,0.35083336,0.343,0.527,0.2545,0.42416668,0.36133334,0.41483334,0.397,0.11049999,0.13533333,0.5948333,0.037499998,0.3335,0.6056667,0.6098333,0.0475,0.116166666,0.29033333,0.17766666,0.4906667,0.030166667,0.24183333,0.45816666,0.111,0.13116667,0.11666667,0.8668333,0.23816666,0.28283334,0.14566666,0.7848334,0.7703333,0.3473333,0.05116667,0.36533335,0.55516666,0.29016668,0.24700001,0.43783334,0.25633332,0.0565,0.6495,0.18266667,0.32116666,0.22283334,0.57816666,0.5173333,0.24816668,0.021499999,0.33433333,0.31783333,0.044833332,0.2415,0.448,0.26883334,0.51533335,0.36566666,0.26700002,0.7655,0.58883333,0.6526667,0.5743333,0.632,0.7445,0.347,0.27783334,0.1945,0.53966665,0.137,0.35549998,0.51933336,0.20833334,0.08116667,0.39916664,0.14583333,0.24783334,0.111499995,0.27566665,0.23816666,0.09516667,0.46899998,0.029666668,0.61983335
BC2026_Train_0012_S03_20220211_233000_20,0.143,0.017666668,0.10166667,0.88883334,0.104166664,0.04766667,0.401,0.25766665,0.6691667,0.56583333,0.5631667,0.048833333,0.591,0.0625,0.052666668,0.21116666,0.24366665,0.2995,0.5935,0.21266666,0.44633335,0.141,0.09483334,0.43616664,0.13016666,0.4321667,0.016333334,0.16766666,0.09233334,0.311,0.0135,0.121,0.030333335,0.016333334,0.004166667,0.06966667,0.11016667,0.024333334,0.0055,0.033333335,0.0055,0.008166667,0.043500002,0.14516667,0.0285,0.031166667,0.0205,0.043166667,0.0123333335,0.0068333335,0.094666675,0.112,0.112,0.008333334,0.112333335,0.012500001,0.4513333,0.9681667,0.0545,0.43883336,0.402,0.0585,0.72483337,0.6215,0.4,0.008333334,0.58416665,0.12433334,0.008333334,0.0225,0.18266666,0.18966666,0.29700002,0.0785,0.029166667,0.38366666,0.29416665,0.090333335,0.7703333,0.0915,0.124000005,0.039833333,0.29083335,0.27116668,0.11316667,0.091000006,0.70566666,0.38133335,0.020833334,0.0345,0.24633333,0.3625,0.37916666,0.08516666,0.5375,0.28533334,0.025333336,0.09483333,0.191,0.112333335,0.10233334,0.019333335,0.081,0.37433332,0.65416664,0.096499994,0.24933335,0.0235,0.07316667,0.42299998,0.1255,0.0135,0.37566668,0.42000002,0.0405,0.11466667,0.28733334,0.025333336,0.19766666,0.10933334,0.19783334,0.14483333,0.28350002,0.115499996,0.22016667,0.11216667,0.32933334,0.07066667,0.45766667,0.147,0.024000002,0.67183334,0.043833334,0.06566667,0.17583333,0.023833334,0.0955,0.08383334,0.11533334,0.6728333,0.27283332,0.33716667,0.19133334,0.39833334,0.0495,0.41366667,0.15683334,0.12483333,0.015000001,0.0505,0.045500003,0.26466668,0.11883333,0.49566668,0.19683333,0.176,0.192,0.07283333,0.32916668,0.19333334,0.05466667,0.3843333,0.014,0.268,0.34358335,0.68083334,0.05366667,0.013833334,0.25816667,0.030000001,0.33616668,0.0535,0.26333332,0.41899997,0.03866667,0.11666667,0.07066667,0.8296667,0.111833334,0.32066667,0.06666667,0.48216668,0.284,0.21466666,0.021000002,0.15733334,0.41883335,0.13116667,0.24983335,0.30633333,0.097,0.032,0.5396667,0.11866667,0.14266667,0.0585,0.22416666,0.30666667,0.18116666,0.0165,0.28466666,0.13266668,0.05183333,0.10433334,0.30833334,0.23866668,0.42733333,0.49941665,0.1085,0.49466667,0.63683337,0.56116664,0.71349996,0.11749999,0.7291666,0.2848333,0.16033334,0.235,0.44483334,0.09933333,0.34583333,0.38666666,0.10733333,0.061,0.36016667,0.09683333,0.1475,0.03466667,0.32066667,0.07616667,0.11883333,0.20533334,0.0055,0.4843333
BC2026_Train_0012_S03_20220211_233000_25,0.15166667,0.027166666,0.615,0.85616666,0.041666668,0.021000002,0.5013333,0.25066668,0.69783336,0.57533336,0.563,0.5976667,0.6821667,0.11666667,0.056833334,0.17883334,0.3055,0.27466667,0.5061667,0.17133334,0.41566667,0.117,0.11783333,0.4575,0.11866667,0.528,0.0068333335,0.259,0.06666667,0.42749998,0.034,0.10283333,0.0165,0.016666668,0.011166668,0.027166666,0.04783333,0.036833335,0.009833334,0.011166668,0.007,0.018000001,0.029500002,0.09616666,0.021666668,0.016333334,0.009666667,0.027,0.012500001,0.015166667,0.063,0.067,0.067,0.004166667,0.079,0.0375,0.33316666,0.9878334,0.3613333,0.4555,0.2725,0.024833333,0.6066667,0.6695,0.44983333,0.012666668,0.5865,0.15116666,0.053166665,0.02666667,0.15216666,0.16849999,0.29366666,0.055083334,0.015166667,0.20233333,0.26016667,0.033666667,0.7226667,0.057833333,0.19399999,0.015000001,0.242,0.33750004,0.007,0.06716666,0.66083336,0.3401667,0.0565,0.024000002,0.08733334,0.77933335,0.39516667,0.08016667,0.34333333,0.32566667,0.004166667,0.07866667,0.11883333,0.0335,0.078833334,0.012500001,0.06066667,0.4141667,0.687,0.1585,0.104166664,0.008166667,0.07066667,0.40883332,0.09883333,0.045333333,0.4515,0.38083333,0.004166667,0.052500002,0.1925,0.026833335,0.15683332,0.0325,0.13416666,0.07083333,0.21183333,0.012666668,0.38333333,0.019666668,0.20366666,0.033666667,0.40866667,0.10583333,0.132,0.5338333,0.0165,0.024666667,0.036333334,0.007,0.032166667,0.015333334,0.1075,0.6678333,0.24416667,0.36166668,0.08766667,0.41158333,0.0465,0.197,0.12816666,0.046333335,0.004166667,0.012666668,0.014,0.28816664,0.12166667,0.4425,0.23766667,0.0445,0.12133334,0.021499999,0.124666676,0.07783333,0.0335,0.16749999,0.015500001,0.20116667,0.275,0.5965,0.007,0.021499999,0.2546667,0.039,0.21633333,0.021000002,0.0545,0.36183333,0.004166667,0.13116667,0.03358333,0.8118333,0.031166667,0.73066664,0.0325,0.36083335,0.18416667,0.24066666,0.012666668,0.20033333,0.34366667,0.13033333,0.1365,0.3701667,0.0355,0.018333334,0.4695,0.018166667,0.0365,0.007,0.16366667,0.3375,0.14283332,0.007,0.253,0.08066666,0.03316667,0.162,0.16616666,0.11083333,0.28733334,0.556,0.048,0.6625,0.67233336,0.51166666,0.6041667,0.029000001,0.737,0.28100002,0.116333336,0.27333334,0.47800002,0.045,0.3031667,0.40466666,0.042166665,0.022833332,0.24133334,0.07733333,0.064,0.032166667,0.403,0.014,0.19116667,0.14033334,0.06933334,0.3218333
BC2026_Train_0012_S03_20220211_233000_30,0.2565,0.19583333,0.8196666,0.75666666,0.14583333,0.046833336,0.8641666,0.31533334,0.78316665,0.623,0.63366663,0.89150006,0.725,0.6125,0.25266665,0.2785,0.49416667,0.49633336,0.5416666,0.14183334,0.5424167,0.13499999,0.52099997,0.4625,0.31933334,0.78066665,0.053666666,0.6725,0.20216666,0.72316664,0.07166667,0.19566667,0.018166667,0.039166667,0.056333333,0.12166667,0.14666668,0.10716666,0.030833334,0.05766667,0.02666667,0.042833336,0.12266667,0.16616666,0.052500002,0.05516667,0.042833336,0.042166665,0.059166666,0.061833333,0.20616665,0.19666666,0.19,0.032333333,0.0815,0.20416665,0.3495,0.95974994,0.65966666,0.62633336,0.3586667,0.13666667,0.63783336,0.69991666,0.47100002,0.036000002,0.58633333,0.213,0.31683332,0.049666665,0.31283334,0.46283334,0.2503333,0.119833335,0.036166668,0.453,0.3586667,0.057499997,0.8095,0.10416667,0.2165,0.037333336,0.29450002,0.19666666,0.12383333,0.19216667,0.78583336,0.5341667,0.036166664,0.021833334,0.227,0.9493333,0.25133333,0.10333333,0.6303333,0.26716667,0.0635,0.059000004,0.23833333,0.14366665,0.1145,0.0135,0.2085,0.36,0.77683336,0.337,0.3635,0.052666668,0.1525,0.4601667,0.26133335,0.12416667,0.5235,0.24683332,0.02666667,0.15133333,0.1935,0.025000002,0.185,0.017833333,0.21600002,0.26633334,0.26283333,0.048,0.6445,0.0165,0.23183335,0.068833336,0.53783333,0.15616667,0.57350004,0.5208333,0.03266667,0.046333335,0.08016667,0.027666667,0.103,0.0205,0.15366666,0.61716664,0.20383333,0.65900004,0.20099999,0.5715,0.09683333,0.157,0.17016667,0.23333335,0.068333335,0.049333338,0.037166666,0.50083333,0.16733333,0.669,0.50883335,0.08783333,0.28316668,0.046,0.34816667,0.083000004,0.2225,0.0975,0.046333335,0.32033333,0.23583332,0.8278333,0.096666664,0.3811667,0.29666665,0.054333333,0.42550004,0.16766666,0.097666666,0.48716664,0.019166667,0.183,0.038333334,0.8103333,0.054166667,0.9386667,0.11683333,0.3635,0.2565,0.4705,0.011,0.22466666,0.48833334,0.14649999,0.27233332,0.5416667,0.072333336,0.036166668,0.6318333,0.11016667,0.104499996,0.028833333,0.362,0.4148333,0.28066668,0.056,0.27483332,0.19083333,0.10316666,0.32716668,0.4065,0.053333335,0.40150005,0.8965,0.16266666,0.8238333,0.94200003,0.608,0.79716665,0.126,0.679,0.35,0.177,0.38383332,0.542,0.19016667,0.42683333,0.387,0.08933334,0.08183333,0.38599998,0.12816666,0.12833333,0.17300001,0.41483337,0.022166668,0.082833335,0.049833335,0.0365,0.50666666
BC2026_Train_0012_S03_20220211_233000_35,0.26633334,0.15116666,0.7776667,0.74983335,0.14166667,0.090333335,0.8998333,0.39066666,0.73933333,0.6206666,0.55966663,0.80883336,0.7491666,0.7,0.26916665,0.17983332,0.5348333,0.49116665,0.5675,0.17266667,0.58500004,0.18433332,0.718,0.41983336,0.40866667,0.81125,0.05216667,0.605,0.22133332,0.6396667,0.06583333,0.2145,0.011,0.026500002,0.08483334,0.1025,0.18216667,0.105333336,0.021000002,0.045,0.025000002,0.041,0.1065,0.17991666,0.043833334,0.045166664,0.039666668,0.042,0.09016667,0.074,0.19116665,0.187,0.16283333,0.026500002,0.05333334,0.19583334,0.31633332,0.96833336,0.57883334,0.5516667,0.32116666,0.16616666,0.64783335,0.76316667,0.29733333,0.050000004,0.64066666,0.3498333,0.27850002,0.09183334,0.23716667,0.464,0.153,0.054166667,0.029000001,0.5466666,0.36299998,0.036000002,0.76916665,0.14966667,0.20099999,0.022,0.282,0.27666667,0.12033333,0.041333333,0.77283335,0.5323334,0.048666667,0.039666668,0.35383332,0.9486667,0.33316666,0.117,0.7468333,0.40749997,0.0235,0.023833334,0.3285,0.17366667,0.10716666,0.05183333,0.23333335,0.36933336,0.7011667,0.09283333,0.20899999,0.044,0.14299999,0.44633335,0.24683332,0.16933334,0.32016668,0.232,0.011,0.14716665,0.20933333,0.035833336,0.15716666,0.030833334,0.31266665,0.33316666,0.24533334,0.075666666,0.576,0.03466667,0.27183333,0.075,0.39016667,0.3725,0.4065,0.5388333,0.07366667,0.050666668,0.062,0.23033333,0.13333334,0.0195,0.18083334,0.5,0.20899999,0.71033335,0.13783333,0.43716666,0.07766667,0.32833332,0.14916666,0.07366667,0.14333333,0.062000003,0.011,0.6655,0.105333336,0.66616666,0.487,0.0645,0.28616667,0.0435,0.3865,0.19433333,0.3375,0.14883333,0.030666668,0.259,0.29133335,0.81058335,0.082833335,0.3675,0.22316667,0.037833333,0.17283334,0.222,0.24383333,0.41750002,0.026166666,0.13033333,0.0445,0.7788333,0.047333334,0.9278334,0.101166666,0.3805,0.17216666,0.39083335,0.0205,0.39249998,0.5145,0.1585,0.197,0.46466666,0.056,0.011,0.764,0.17433333,0.06666667,0.013833334,0.31433332,0.39533335,0.2525,0.032,0.25058335,0.149,0.13216665,0.32483333,0.5061667,0.029833334,0.55799997,0.8548333,0.12433334,0.81266665,0.9823333,0.67116666,0.79216665,0.13116667,0.643,0.36783332,0.11466666,0.261,0.4328333,0.183,0.39166665,0.334,0.055,0.0775,0.35716668,0.111666664,0.08783334,0.3405,0.38283333,0.029166667,0.08400001,0.11083333,0.031833336,0.45766664
BC2026_Train_0012_S03_20220211_233000_40,0.24166667,0.054333333,0.27483335,0.71383333,0.108333334,0.028,0.7673333,0.33683336,0.678,0.69200003,0.59000003,0.30283332,0.6678333,0.275,0.07766667,0.1595,0.294,0.35750002,0.6013333,0.06441667,0.33566666,0.1625,0.7163333,0.37933335,0.35033333,0.6155,0.021833334,0.218,0.067666665,0.36016667,0.27749997,0.107,0.028666668,0.012500001,0.03316667,0.024666667,0.064333335,0.059833333,0.019333335,0.025000002,0.035833336,0.031166667,0.22299999,0.08166667,0.030000001,0.028666668,0.07766667,0.111,0.07216667,0.06666667,0.32883334,0.326,0.3193333,0.016666668,0.12233333,0.025000002,0.30133334,0.9849167,0.22049999,0.42233333,0.35549998,0.10866667,0.63,0.791,0.26466668,0.0335,0.5325,0.20066667,0.05466667,0.05166667,0.09016667,0.22133334,0.079500005,0.026500002,0.0195,0.46066666,0.17933333,0.038000003,0.668,0.042333335,0.16966666,0.004166667,0.24166666,0.14416666,0.031833336,0.043,0.69299996,0.41633335,0.060333334,0.0123333335,0.278,0.6195,0.35399997,0.07366667,0.599,0.25349998,0.07316667,0.054166667,0.2505,0.14366667,0.052666668,0.026833335,0.08533334,0.34683332,0.581,0.156,0.11816666,0.019666668,0.0595,0.40633333,0.1355,0.13350001,0.34800002,0.24599999,0.011166668,0.0845,0.15033333,0.0195,0.073,0.0225,0.26466668,0.28266665,0.2225,0.029000001,0.31733334,0.009500001,0.20533334,0.086,0.25433332,0.20383334,0.061499998,0.50783336,0.009500001,0.017666668,0.068833336,0.067666665,0.042000003,0.029166667,0.12883332,0.612,0.20266667,0.5785,0.087,0.26733333,0.08400001,0.07966667,0.10333333,0.052166667,0.04766667,0.033833332,0.004166667,0.579,0.06983333,0.54183334,0.24983333,0.088,0.19266668,0.013666667,0.31616667,0.06916667,0.20766667,0.075,0.029166667,0.118,0.28083333,0.8728334,0.072000004,0.28883335,0.17116666,0.0255,0.12366667,0.1025,0.066,0.2655,0.011,0.089499995,0.0055,0.69200003,0.018833334,0.5336667,0.039499998,0.2835,0.11783333,0.29766667,0.037166666,0.225,0.32716668,0.1435,0.112166665,0.391,0.05666667,0.0055,0.54483336,0.05866667,0.037166666,0.009500001,0.34350002,0.29116666,0.17266667,0.0395,0.2365,0.08683333,0.027,0.3595,0.3785,0.032333333,0.35216668,0.54899997,0.06366667,0.7588333,0.908,0.55766666,0.52833337,0.07816666,0.61716664,0.37216666,0.057833336,0.23066667,0.3445,0.09983333,0.30066666,0.37066668,0.009666667,0.039499998,0.24166667,0.042166665,0.027166666,0.20983334,0.2545,0.02666667,0.11716667,0.037,0.015166667,0.3376667
BC2026_Train_0012_S03_20220211_233000_45,0.38033333,0.1595,0.14549999,0.7148334,0.25416666,0.020666666,0.4665,0.4645,0.67291665,0.7525,0.6676667,0.16233332,0.47466666,0.31666666,0.07066667,0.24583334,0.3255,0.33016667,0.63133335,0.13083333,0.403,0.13066667,0.48066664,0.25316668,0.4085,0.40583333,0.034333333,0.069,0.035333335,0.5426667,0.49266666,0.069,0.09233334,0.03466667,0.041500002,0.0515,0.06983333,0.09166667,0.08866666,0.048666667,0.074,0.08216667,0.42383334,0.063666664,0.0535,0.054833334,0.1805,0.39416665,0.1805,0.17816666,0.48566663,0.48566663,0.48566663,0.055333335,0.36416668,0.06666667,0.40983334,0.99733335,0.098000005,0.39150003,0.36316666,0.023166668,0.62416667,0.7345,0.38333333,0.040333334,0.6495,0.19816667,0.06333333,0.21733335,0.041333333,0.21533334,0.036333334,0.018833334,0.030666668,0.42416668,0.23633333,0.008333334,0.5988333,0.008166667,0.25066668,0.023666669,0.17566666,0.13033333,0.039666668,0.12183333,0.38983333,0.3586667,0.2975,0.0068333335,0.19783333,0.241,0.38116667,0.0123333335,0.49433336,0.22166666,0.046000004,0.13083333,0.057500005,0.1065,0.05116667,0.033666667,0.06083333,0.48316664,0.28333333,0.052666668,0.37550002,0.015166667,0.042999998,0.36933333,0.043166667,0.047166668,0.3235,0.1345,0.033,0.036333334,0.064666666,0.0445,0.030833332,0.045666665,0.2175,0.044666667,0.17899999,0.07666667,0.16866668,0.023833334,0.1965,0.023,0.19366667,0.3146667,0.050499998,0.43658334,0.008333334,0.025833333,0.008166667,0.035333335,0.031000001,0.0705,0.041333333,0.7275,0.25883335,0.393,0.054166667,0.2916667,0.30033332,0.0375,0.07433333,0.21133333,0.030166667,0.016166667,0.015166667,0.38141668,0.07616667,0.5678333,0.09216666,0.108333334,0.12516667,0.057499997,0.40066665,0.042333335,0.12525,0.022833332,0.0325,0.11866667,0.21016666,0.9038333,0.05066667,0.10166667,0.219,0.101166666,0.08783333,0.05366667,0.08183333,0.19266668,0.021000002,0.06566667,0.037583333,0.5808333,0.050499998,0.15949999,0.017666668,0.259,0.11116666,0.30933335,0.1415,0.238,0.28933334,0.07666667,0.24733333,0.23616669,0.0365,0.035833336,0.4275,0.0205,0.06966667,0.135,0.13233334,0.1855,0.21666667,0.046000004,0.19766666,0.15983333,0.014833334,0.1785,0.047166668,0.018000001,0.347,0.32983333,0.0205,0.60249996,0.656,0.5205,0.46749997,0.197,0.61899996,0.34533334,0.0975,0.20166665,0.31633332,0.14433333,0.27833334,0.21216667,0.050499998,0.064833336,0.4095,0.0055,0.022,0.038000003,0.29683334,0.016166667,0.05866667,0.049666665,0.049000002,0.6358333
BC2026_Train_0012_S03_20220211_233000_50,0.18683334,0.039499998,0.13866667,0.74116665,0.1125,0.021166667,0.5656667,0.32316667,0.7136667,0.7478334,0.60116667,0.11883333,0.64633334,0.12916666,0.027833335,0.26916665,0.47766668,0.34600002,0.80633336,0.04366667,0.31766665,0.13800001,0.63266665,0.27600002,0.45933333,0.42533332,0.0235,0.07216667,0.013666667,0.4906667,0.41966665,0.0485,0.060000002,0.037666667,0.021000002,0.03666667,0.04466667,0.064,0.06316667,0.046166666,0.059,0.071166664,0.33466667,0.036666665,0.034333333,0.033,0.09866667,0.18416667,0.11316666,0.14966667,0.42283332,0.431,0.42966667,0.041500002,0.20016666,0.008333334,0.318,0.99158335,0.030166667,0.44283333,0.35549998,0.043333337,0.656,0.75166667,0.52250004,0.029166667,0.56200004,0.16283333,0.04416667,0.111,0.022,0.22049999,0.0545,0.019166667,0.009666667,0.12683333,0.4105,0.004166667,0.7296667,0.018333334,0.24433333,0.028166668,0.20899999,0.11533333,0.0605,0.072333336,0.51533335,0.48083332,0.342,0.016833333,0.32266667,0.10633333,0.35216668,0.025000002,0.54233336,0.22633334,0.023666669,0.089,0.028333334,0.176,0.034833334,0.0225,0.04033333,0.50116664,0.41266668,0.24216667,0.1555,0.007,0.0335,0.37133333,0.037666667,0.074499995,0.25316665,0.14283334,0.027833335,0.030833332,0.048166666,0.009500001,0.0325,0.013666667,0.21566665,0.0068333335,0.1205,0.097166665,0.12483333,0.007,0.12866667,0.0055,0.21083334,0.19666667,0.011,0.33683333,0.015500001,0.004166667,0.04666667,0.06983333,0.117,0.031666666,0.019166667,0.73300004,0.3535,0.4,0.039333332,0.25149998,0.18083334,0.11416667,0.058,0.042000003,0.011166668,0.046166666,0.0275,0.28550002,0.0635,0.494,0.15,0.0745,0.182,0.019666668,0.2925,0.17083333,0.056833334,0.013666667,0.016333334,0.10316667,0.15933333,0.90533334,0.037833333,0.028333334,0.19816667,0.051833335,0.061166666,0.007,0.021833334,0.19016667,0.014,0.23466668,0.019333335,0.62,0.030333335,0.1175,0.012166667,0.27233332,0.099,0.14433333,0.028833333,0.1245,0.15983333,0.086,0.20683333,0.411,0.0545,0.018000001,0.42316666,0.0055,0.022833332,0.036333334,0.021833334,0.136,0.119666666,0.035166666,0.17066666,0.12766667,0.018000001,0.10433333,0.057,0.013666667,0.32566667,0.17516667,0.012166667,0.52533334,0.696,0.4633333,0.44366664,0.33200002,0.5668334,0.38533336,0.047,0.2875,0.3775,0.094333336,0.22333333,0.2275,0.052666668,0.0165,0.32466668,0.007,0.019000001,0.14583333,0.26333332,0.011,0.04366667,0.10166667,0.047,0.37316668
BC2026_Train_0012_S03_20220211_233000_55,0.31633332,0.0055,0.19399999,0.73766667,0.20416665,0.016833333,0.68733335,0.28950003,0.772,0.75333333,0.6263333,0.06933334,0.78499997,0.325,0.0195,0.30416667,0.5301667,0.88199997,0.7736667,0.12083334,0.41550002,0.24466667,0.55883336,0.36633334,0.416,0.49883336,0.03266667,0.10033333,0.0055,0.4321667,0.30266666,0.044166666,0.012166667,0.0055,0.016666668,0.004166667,0.04766667,0.022833332,0.024833333,0.0068333335,0.024666667,0.04616667,0.14183334,0.0255,0.0135,0.009500001,0.010833334,0.021499999,0.012166667,0.043333337,0.23733333,0.21983333,0.2105,0.017833333,0.082,0.004166667,0.27733335,0.982,0.1245,0.7885001,0.38966665,0.017666668,0.69916666,0.72716665,0.51816666,0.027666667,0.5945,0.16833332,0.009500001,0.056333337,0.032333333,0.28649998,0.20016667,0.064666666,0.0055,0.3945,0.74149996,0.027833335,0.8021667,0.0123333335,0.20916666,0.0195,0.12200001,0.18033333,0.033666667,0.13499999,0.6393333,0.67266667,0.5936667,0.031333335,0.16283333,0.19633333,0.24616666,0.024666667,0.47300002,0.18816666,0.0535,0.08483333,0.17566666,0.2731667,0.11033334,0.023666669,0.041833334,0.438,0.6371666,0.31233332,0.33699998,0.015333334,0.103,0.47316667,0.067666665,0.14766666,0.36299998,0.16366667,0.024666667,0.06633334,0.06566667,0.012500001,0.088,0.0068333335,0.29233333,0.09633334,0.2035,0.13933334,0.16233334,0.0195,0.27,0.018166667,0.49066666,0.23766667,0.0055,0.45733333,0.17066666,0.022166668,0.024333334,0.009500001,0.14216667,0.039,0.047833335,0.7086667,0.33283335,0.46816668,0.056,0.3145,0.057,0.03866667,0.13833334,0.124000005,0.016666668,0.027666667,0.038333334,0.576,0.074499995,0.47266665,0.163,0.21433333,0.16283333,0.009833334,0.226,0.14916667,0.1315,0.14933334,0.06066667,0.2215,0.28233334,0.89666665,0.049000002,0.13516666,0.20283332,0.068,0.13466668,0.024666667,0.0295,0.22566667,0.059666667,0.51533335,0.015000001,0.76449996,0.027,0.21516667,0.0845,0.291,0.20366666,0.38766667,0.0055,0.15366668,0.2585,0.162,0.14466667,0.53650004,0.13933334,0.0205,0.6766667,0.007,0.038000003,0.020666666,0.08033333,0.33816665,0.08733334,0.056333337,0.18633333,0.6741667,0.025000002,0.41566667,0.23383334,0.028166665,0.24566667,0.2425,0.08216667,0.5475,0.9688333,0.42516667,0.41550002,0.75633335,0.48333332,0.41316664,0.10333333,0.16933334,0.45483333,0.041,0.272,0.36416668,0.09816667,0.021666668,0.24216667,0.021833334,0.039666668,0.297,0.18499999,0.029000001,0.030833334,0.085666664,0.060000002,0.49333334
BC2026_Train_0012_S03_20220211_233000_60,0.33733335,0.012666668,0.219,0.6356667,0.49583334,0.015166667,0.819,0.48566666,0.81,0.76600003,0.64283335,0.1655,0.7833333,0.87916666,0.08183333,0.37833333,0.354,0.96333337,0.5963333,0.19766666,0.5686667,0.6168333,0.6261667,0.35883334,0.34600002,0.7305,0.058000002,0.0925,0.015166667,0.33783334,0.30416667,0.10683333,0.021166667,0.026833335,0.013666667,0.04916667,0.14449999,0.059,0.035,0.04666667,0.05516667,0.049666665,0.23866668,0.089499995,0.030666668,0.032,0.016833333,0.031666666,0.0305,0.06633334,0.35016668,0.33266667,0.33266667,0.0445,0.13733333,0.020833334,0.27183333,0.9486667,0.452,0.98066664,0.6556667,0.022833332,0.7083333,0.8258333,0.60899997,0.045833334,0.71166664,0.1945,0.009833334,0.059833333,0.054333333,0.44383335,0.08483334,0.024333334,0.012666668,0.30933332,0.4625,0.020833334,0.649,0.03466667,0.16816667,0.025833333,0.104499996,0.083333336,0.08400001,0.21000001,0.6095,0.71433336,0.55916667,0.089666665,0.21016666,0.294,0.27883336,0.04366667,0.38066664,0.18800001,0.0475,0.08066667,0.425,0.2593333,0.08466667,0.03466667,0.0335,0.33566666,0.3365,0.23283333,0.5413333,0.045833334,0.183,0.44716665,0.12366666,0.073,0.17716667,0.18333334,0.062,0.08133333,0.0935,0.015000001,0.13783333,0.023666669,0.72533333,0.13533333,0.20583333,0.18,0.1825,0.112333335,0.16933334,0.041833334,0.41500002,0.38466665,0.012500001,0.56083333,0.3541667,0.0545,0.0845,0.0335,0.20783333,0.016166667,0.009500001,0.6243333,0.29983333,0.5495,0.085666664,0.29516667,0.08766667,0.058333334,0.099,0.13883334,0.06983333,0.09166667,0.049333334,0.7018333,0.118499994,0.57116663,0.1805,0.26133335,0.5205,0.025166668,0.354,0.021499999,0.1875,0.15433332,0.07483333,0.22133334,0.14016667,0.9461667,0.07316667,0.366,0.25966665,0.10983333,0.20249999,0.365,0.064666666,0.31716666,0.09583333,0.20483333,0.054,0.8493333,0.08183333,0.18166666,0.0835,0.26816666,0.3835,0.35349998,0.03866667,0.352,0.33233333,0.11766666,0.17366666,0.60333335,0.11883333,0.0275,0.9328333,0.022,0.07,0.0805,0.27483332,0.25983334,0.29566666,0.020833334,0.18333334,0.9291667,0.0405,0.36133334,0.36166665,0.09133333,0.33366668,0.18366668,0.16800001,0.77466667,0.99450004,0.44266668,0.4775,0.8558333,0.38300002,0.41899997,0.11316666,0.14133334,0.48683333,0.07866667,0.2705,0.33416668,0.012166667,0.07,0.4026667,0.038000003,0.08516666,0.08066667,0.22383332,0.0285,0.090166666,0.26883334,0.050666668,0.49883336
BC2026_Train_0013_S13_20220217_233000_5,0.07766667,0.16183333,0.6106667,0.9413333,0.46666667,0.1785,0.62783337,0.503,0.8398333,0.47750002,0.5713333,0.38233334,0.93649995,0.78333336,0.64016664,0.72650003,0.27749997,0.328,0.639,0.4658333,0.71383333,0.33483335,0.8825,0.120000005,0.24583332,0.7708334,0.20966667,0.67050004,0.2265,0.30266666,0.1,0.16933334,0.075333335,0.064833336,0.14633334,0.154,0.416,0.10966667,0.134,0.23833333,0.07833333,0.18316667,0.266,0.14533333,0.448,0.44533333,0.3255,0.133,0.049000002,0.0225,0.3103333,0.31016666,0.29683334,0.20133334,0.18200001,0.32083333,0.56166667,0.86800003,0.42583334,0.6288333,0.42916667,0.505,0.799,0.6225,0.79183334,0.4848333,0.34383333,0.24066666,0.28333336,0.041833334,0.30033332,0.8735,0.36933333,0.33816665,0.081,0.6898333,0.7435,0.39766666,0.76549995,0.31083333,0.28416666,0.15383333,0.3805,0.50766665,0.26083332,0.22883333,0.97150004,0.91983336,0.16133332,0.12466667,0.8423333,0.8183333,0.163,0.36783332,0.62666667,0.07016666,0.17983334,0.064666666,0.768,0.37783334,0.489,0.13499999,0.54499996,0.46966666,0.66966665,0.22066668,0.22966665,0.17383334,0.63416666,0.6526667,0.9126667,0.468,0.81100005,0.68883336,0.08416667,0.5575,0.8071667,0.20966667,0.57016665,0.35266668,0.24416667,0.65466666,0.50733334,0.39816666,0.5798333,0.21466666,0.42966667,0.5115,0.742,0.25866666,0.33933333,0.7381667,0.3455,0.48866668,0.22016667,0.10283333,0.2615,0.59900004,0.15,0.37649998,0.39533332,0.6091666,0.4963333,0.47100002,0.10666668,0.74766666,0.365,0.25108334,0.08816667,0.086166665,0.24233332,0.86366665,0.6013334,0.5948333,0.32016668,0.7381667,0.37133333,0.15783334,0.6296667,0.40166664,0.55616665,0.56583333,0.23616667,0.648,0.48683333,0.3675,0.039166667,0.9026667,0.40566665,0.6268333,0.27850002,0.59300005,0.42033333,0.38533336,0.23616666,0.5261667,0.4085,0.9673333,0.24916665,0.199,0.33699998,0.71383333,0.52216667,0.311,0.08083333,0.26283333,0.6446667,0.33466667,0.42683333,0.32616666,0.34600002,0.43666667,0.605,0.816,0.47550002,0.22566667,0.37683332,0.5668334,0.4445,0.15900001,0.77666664,0.55083334,0.23666668,0.55266666,0.8838333,0.26266667,0.8221667,0.7128334,0.21533334,0.9916667,0.81516665,0.96666664,0.50883335,0.24683332,0.5093333,0.24733333,0.24816667,0.28883332,0.91516674,0.3505,0.5631667,0.6925,0.6633333,0.17633334,0.791,0.3805,0.6256666,0.19566667,0.245,0.51783335,0.11083333,0.3681667,0.33233333,0.62383336
BC2026_Train_0013_S13_20220217_233000_10,0.064166665,0.120000005,0.5298333,0.9245,0.33333334,0.14466667,0.61516666,0.4475,0.78583336,0.50416666,0.53333336,0.36566666,0.9083334,0.7291667,0.75399995,0.73616666,0.234,0.3075,0.6556667,0.5,0.69883335,0.39683333,0.86333334,0.1165,0.24683332,0.7193333,0.17333335,0.59949994,0.13916667,0.32583332,0.13499999,0.18533334,0.0745,0.06383333,0.123333335,0.15666667,0.42116666,0.11316667,0.13616666,0.24933335,0.09233333,0.19183333,0.32966667,0.16258332,0.44466665,0.43666667,0.35166666,0.097833335,0.036000002,0.029666668,0.36333334,0.35133332,0.35266668,0.22416666,0.16749999,0.3875,0.5686667,0.84833336,0.4355,0.6946667,0.35966668,0.43833333,0.79733336,0.5985,0.85216665,0.5553334,0.44183332,0.31733334,0.3025,0.026833333,0.238,0.8488333,0.27383333,0.36933333,0.066,0.7055,0.8006667,0.28683335,0.8141667,0.16266668,0.22166666,0.214,0.289,0.55766666,0.24266666,0.24333332,0.7668333,0.82783335,0.16016667,0.1415,0.70449996,0.8230001,0.09616666,0.34249997,0.7011666,0.13416666,0.12633333,0.059166666,0.59300005,0.38333333,0.46733332,0.10216667,0.509,0.47066668,0.77849996,0.12933333,0.181,0.15183333,0.45033333,0.5865,0.8578334,0.51816666,0.79566664,0.707,0.06883333,0.4235,0.783,0.22850001,0.59316665,0.23983333,0.23416665,0.5725,0.48000002,0.41316667,0.5885,0.141,0.35549998,0.45983332,0.75233334,0.27383333,0.14966667,0.675,0.32416666,0.40108335,0.17866668,0.10216667,0.278,0.39116666,0.105000004,0.36066666,0.3215,0.55799997,0.42516667,0.45283335,0.111,0.57033336,0.3038333,0.18016666,0.08383334,0.07066667,0.2715,0.7925,0.6033333,0.56583333,0.28766665,0.704,0.32,0.1455,0.61149997,0.34583333,0.48583332,0.334,0.14883333,0.5288333,0.4281667,0.32383335,0.0175,0.91433334,0.369,0.61983335,0.194,0.4576667,0.4371667,0.39616668,0.16983333,0.616,0.34233335,0.96416664,0.21533334,0.19966665,0.34833333,0.71,0.58599997,0.23249999,0.057500005,0.19816667,0.58433336,0.36650002,0.45066667,0.40116668,0.26433334,0.24116665,0.66400003,0.61483335,0.31633335,0.21016666,0.33966666,0.53933334,0.32616666,0.10633333,0.7411667,0.47016665,0.16,0.48999998,0.80766666,0.214,0.7683333,0.70649993,0.13216665,0.98066664,0.67516667,0.95183337,0.5053333,0.17283332,0.5386667,0.25349998,0.24833333,0.3565,0.8508333,0.28433335,0.52550006,0.6075,0.63799995,0.128,0.74333334,0.33683333,0.73399997,0.23449999,0.178,0.41166666,0.10566667,0.37433332,0.3218333,0.6445
BC2026_Train_0013_S13_20220217_233000_15,0.09666667,0.27633333,0.81766665,0.98916674,0.3625,0.30133334,0.50416666,0.72933334,0.7786667,0.476,0.49233335,0.6461667,0.95383334,0.84583336,0.7595,0.727,0.42933333,0.30449998,0.7698333,0.61333334,0.76483333,0.54066664,0.9405,0.19533333,0.3105,0.80675,0.30383334,0.9065,0.20383333,0.44300002,0.11325,0.178,0.08083333,0.08666667,0.31866667,0.14916667,0.42483333,0.124,0.13833334,0.29816666,0.09883333,0.20366666,0.431,0.15516666,0.4963333,0.4963333,0.409,0.17866668,0.07,0.048833333,0.42916667,0.43183333,0.43316668,0.218,0.22533335,0.70416665,0.61700004,0.80266666,0.60033333,0.70566666,0.58633333,0.6515,0.84866667,0.60716665,0.8815,0.82033336,0.30616665,0.5155,0.39816666,0.051,0.30283332,0.8736667,0.4425,0.263,0.13016666,0.70783335,0.88049996,0.3895,0.58283335,0.15466666,0.30216667,0.1995,0.34250003,0.8163333,0.41633332,0.42633334,0.78316665,0.7598333,0.21333332,0.32250002,0.886,0.975,0.24733333,0.30549997,0.70016664,0.2783333,0.1425,0.069,0.5915,0.31483334,0.41566667,0.13466667,0.53616667,0.55883336,0.9558333,0.299,0.26466668,0.48066667,0.45733333,0.50733334,0.8066667,0.522,0.8991667,0.6851666,0.119,0.413,0.84316665,0.25583333,0.5886667,0.35633332,0.225,0.638,0.48483333,0.5425,0.77316666,0.18466666,0.4698333,0.5463333,0.79833335,0.20249999,0.42233333,0.8275,0.39083332,0.31366667,0.399,0.14133334,0.20108333,0.54316664,0.18533334,0.6081667,0.49566668,0.51750004,0.2875,0.45866668,0.25133333,0.7223333,0.4123333,0.28066665,0.12466667,0.16116667,0.527,0.81616664,0.58033335,0.67700005,0.43950003,0.80016667,0.33316666,0.21283332,0.61658335,0.64,0.49366668,0.4125,0.21483332,0.50366664,0.50133336,0.23466668,0.06266667,0.8638333,0.36716667,0.7345,0.284,0.44116667,0.49666667,0.44133335,0.32191667,0.7695,0.34116668,0.9466667,0.29966664,0.25516665,0.30066666,0.75091666,0.59933335,0.38983333,0.23183334,0.21575,0.60249996,0.59083337,0.50083333,0.37116668,0.5081667,0.24233332,0.6781667,0.6115,0.3195,0.306,0.42733333,0.5578333,0.3695,0.178,0.80866665,0.5783333,0.22716667,0.5876667,0.78400004,0.18383333,0.7303333,0.90900004,0.16566667,0.9643334,0.718,0.9033333,0.573,0.28616667,0.6713333,0.23466668,0.3095,0.4536667,0.8298333,0.48583332,0.5905,0.5811666,0.8046667,0.17166667,0.7325,0.342,0.7165,0.3223333,0.2866667,0.6075,0.17716667,0.43866667,0.44450003,0.8228333
BC2026_Train_0013_S13_20220217_233000_20,0.19633333,0.5245,0.97083336,0.97,0.47500002,0.47316667,0.6856667,0.91583335,0.73,0.4685,0.5545,0.96916664,0.9306667,0.94033337,0.829,0.72249997,0.612,0.38266665,0.93649995,0.60599995,0.7625,0.6526667,0.97216666,0.31683332,0.33433333,0.94816667,0.35433334,0.945,0.33783334,0.4633333,0.176,0.32016668,0.15633333,0.24533334,0.473,0.2885,0.527,0.16416666,0.17166667,0.36983332,0.1255,0.2325,0.46266666,0.31483334,0.55383337,0.55516666,0.5245,0.32466668,0.17333335,0.12733334,0.4815,0.48950002,0.49083334,0.27783334,0.38716668,0.91233337,0.6561667,0.71216667,0.89716667,0.796,0.6561667,0.84000003,0.87666667,0.57116663,0.6698333,0.9645,0.40433335,0.5836667,0.44833332,0.20083332,0.53,0.74425,0.56516665,0.3335,0.34716666,0.65433335,0.978,0.60300004,0.506,0.407,0.15366668,0.36483333,0.49316666,0.946,0.37383333,0.73683333,0.7338333,0.78283334,0.33183333,0.23583335,0.84099996,1.0,0.2,0.43633333,0.7051667,0.276,0.30016667,0.08866667,0.44933334,0.19666666,0.48133332,0.272,0.71349996,0.6983333,0.9791667,0.39083332,0.5108334,0.7751667,0.61766666,0.771,0.85866666,0.55866665,0.97683334,0.6428333,0.19216666,0.58066666,0.901,0.31550002,0.7595,0.43516666,0.39083332,0.7541667,0.6281667,0.51166666,0.8473333,0.30550003,0.6076667,0.77683336,0.97950006,0.29516667,0.7456667,0.6653334,0.53166664,0.49766666,0.73066664,0.54433334,0.21308333,0.8641666,0.3103333,0.77783334,0.6383333,0.29266667,0.5108334,0.31733334,0.6843333,0.8393333,0.6116666,0.41916665,0.24283333,0.27016667,0.9436667,0.8323333,0.6971667,0.625,0.4885,0.9321667,0.4585,0.32316667,0.60400003,0.83916664,0.5435,0.22166666,0.4123333,0.543,0.7335,0.24416667,0.15383333,0.62533337,0.39499998,0.8028333,0.39383334,0.45616668,0.56733334,0.44166666,0.2555,0.84416664,0.2521667,0.859,0.449,0.44516668,0.53433335,0.94083333,0.7165,0.49916667,0.292,0.27233332,0.77283335,0.93349993,0.6573334,0.45083332,0.70525,0.3285,0.654,0.69200003,0.553,0.2945,0.5775,0.68383336,0.5836667,0.35266668,0.8535,0.7988334,0.51066667,0.47266665,0.75666666,0.20283332,0.30783334,0.9586667,0.219,0.9453333,0.76633334,0.7151667,0.9006666,0.2705,0.66816664,0.41333336,0.3685,0.50766665,0.7908333,0.5215,0.6701667,0.7948333,0.93700004,0.46150002,0.61800003,0.521,0.8310001,0.28808334,0.504,0.7701667,0.41466668,0.52466667,0.52633333,0.943
BC2026_Train_0013_S13_20220217_233000_25,0.232,0.46100003,0.8655,0.9971667,0.5416667,0.45066667,0.514,0.796,0.80516666,0.50516665,0.46899998,0.7276667,0.9486667,0.9278334,0.861,0.7303333,0.46641666,0.445,0.8871666,0.58750004,0.7833333,0.54616666,0.9241666,0.21716666,0.29016668,0.94266665,0.282,0.96650004,0.31733334,0.393,0.28658333,0.391,0.14233333,0.20166667,0.4415,0.33633333,0.55350006,0.1545,0.19883333,0.34466666,0.12133334,0.26966667,0.47566664,0.3681667,0.54683334,0.5481667,0.55616665,0.32516664,0.17366666,0.14266667,0.5133333,0.5133333,0.512,0.26733333,0.40566665,0.93883336,0.67683333,0.7553333,0.80383337,0.8045,0.60333335,0.8501667,0.84216666,0.515,0.7101667,0.9428333,0.289,0.60466665,0.40649998,0.11749999,0.5543333,0.77316666,0.5858333,0.33566666,0.2295,0.657,0.99733335,0.66616666,0.69916666,0.35633332,0.28800002,0.53150004,0.4906667,0.8398334,0.374,0.6346667,0.928,0.83500004,0.31166667,0.3728333,0.8131667,0.97616667,0.19166666,0.40133333,0.7165,0.24833333,0.23333333,0.08849999,0.7261667,0.46166667,0.53316665,0.1805,0.674,0.5825,0.873,0.4421667,0.4643333,0.5835,0.59216666,0.6498333,0.88949996,0.56083333,0.9575,0.7785834,0.24158333,0.6191667,0.9755,0.26216668,0.8876667,0.49433333,0.46016663,0.75450003,0.5755,0.48950002,0.7335,0.38616666,0.6296667,0.7283333,0.9903333,0.3275,0.6023333,0.82750005,0.49549997,0.5173333,0.6131667,0.2885,0.28,0.80866665,0.35333335,0.65416664,0.735,0.4605,0.58500004,0.47500002,0.3445,0.7813333,0.46133333,0.3265,0.18533334,0.21133333,0.569,0.79766667,0.7883333,0.78816664,0.36483333,0.92733335,0.53583336,0.45366666,0.5846666,0.7208333,0.4885,0.52516663,0.3505,0.5811666,0.90783334,0.16083333,0.19216667,0.7646667,0.538,0.80916667,0.40749997,0.523,0.6265,0.42866665,0.31800002,0.75750005,0.5755,1.0,0.4123333,0.4645,0.41433334,0.9918333,0.77283335,0.48299998,0.3135,0.30699998,0.876,0.836,0.65250003,0.5288334,0.65083337,0.40933335,0.7823333,0.81616664,0.5646666,0.33866668,0.52750003,0.6423333,0.66166663,0.2615,0.84300005,0.47899997,0.39099997,0.5675,0.85066664,0.41058332,0.4615,0.93083334,0.30150002,0.9421667,0.81266665,0.849,0.7125,0.299,0.6358333,0.28083333,0.42733333,0.45583332,0.91533333,0.39966667,0.691,0.851,0.7925,0.2755,0.69266665,0.41433334,0.89050007,0.25766665,0.302,0.8561666,0.2565,0.44349998,0.5058333,0.8743334
BC2026_Train_0013_S13_20220217_233000_30,0.37516665,0.50633335,0.95416665,0.9735,0.7083333,0.5261667,0.5425,0.9308333,0.86599994,0.49816668,0.5925,0.8958333,0.9315,0.97083336,0.94149995,0.751,0.6638333,0.43383333,0.9681667,0.64566666,0.8405,0.661,0.9661667,0.27008334,0.4255,0.9731667,0.39766666,0.915,0.42083332,0.38916665,0.351,0.43683332,0.17283334,0.21166667,0.4605,0.30116668,0.5533334,0.2225,0.282,0.35050002,0.1545,0.32316667,0.463,0.39266667,0.5725,0.5725,0.5425,0.40250003,0.20249999,0.16316667,0.4883333,0.495,0.491,0.325,0.38366666,0.99300003,0.67833334,0.7916667,0.8416667,0.896,0.6763333,0.8923333,0.83349997,0.52933335,0.82916665,0.99050003,0.32549998,0.65466666,0.52066666,0.22883332,0.4555,0.87383336,0.67066664,0.3473333,0.16383332,0.65466666,0.93733335,0.6633333,0.7363333,0.40616667,0.40850002,0.51233333,0.56,0.59833336,0.63016665,0.7366667,0.97983336,0.80733335,0.40416667,0.39,0.9098333,0.974,0.1555,0.4263333,0.81166667,0.37449998,0.303,0.10616666,0.7898333,0.35066667,0.536,0.32716665,0.7101667,0.5433333,0.9861667,0.32133335,0.50266665,0.7826667,0.526,0.6165,0.9181667,0.53166664,0.97983336,0.81816673,0.3505,0.58,0.96150005,0.27483332,0.858,0.536,0.6551666,0.85033333,0.5433333,0.563,0.9521667,0.5285,0.5326667,0.75883335,0.94149995,0.24383333,0.71066666,0.77849996,0.47899997,0.56233335,0.41783333,0.62633336,0.2755,0.78083336,0.31399998,0.7583333,0.5376667,0.42333335,0.56049997,0.4931667,0.6358333,0.85175,0.5528333,0.31483334,0.1945,0.40816668,0.41183335,0.8218334,0.7756667,0.8525,0.49483335,0.8805,0.58383334,0.4245,0.64,0.8781667,0.49183333,0.5836667,0.35083333,0.72166663,0.71783334,0.40366668,0.15983333,0.7423334,0.54733336,0.81,0.40683335,0.53316665,0.6248333,0.44766665,0.42316666,0.82316667,0.5951667,0.9958334,0.45183334,0.73399997,0.4371667,0.9478333,0.7773333,0.56700003,0.23566666,0.2975,0.86516666,0.6931667,0.6470833,0.61333334,0.5926666,0.5245,0.79066664,0.88783336,0.51750004,0.40283334,0.44550002,0.61183333,0.54866666,0.34766665,0.873,0.44383335,0.47366667,0.50350004,0.8093333,0.27566665,0.56383336,0.9611666,0.24366668,0.95000005,0.8511667,0.87049997,0.78716666,0.34266666,0.65816665,0.25516665,0.356,0.7263334,0.89666665,0.48266667,0.63,0.804,0.8666667,0.232,0.78033334,0.486,0.9095,0.39983332,0.29316667,0.82516664,0.29549998,0.35266668,0.56533337,0.832
BC2026_Train_0013_S13_20220217_233000_35,0.24833333,0.29266667,0.77466667,0.97466666,0.59166664,0.41083333,0.49116665,0.83833337,0.859,0.5096667,0.647,0.7188333,0.94416666,0.93200004,0.87083334,0.811,0.48183334,0.40233332,0.7173333,0.58316666,0.81616664,0.49933332,0.86800003,0.22933333,0.36166668,0.8991667,0.39616665,0.90016663,0.26516667,0.31616667,0.23166665,0.24949999,0.129,0.13316667,0.32583332,0.214,0.4885,0.17549999,0.27183333,0.31883335,0.1355,0.31833333,0.3965,0.2375,0.49466667,0.49466667,0.50783336,0.31016666,0.14933333,0.12983334,0.42049998,0.4165,0.41516668,0.29033333,0.34116668,0.943,0.658,0.80983335,0.6445,0.8225,0.6311667,0.88266665,0.7898333,0.53900003,0.9028333,0.967,0.27933332,0.5696667,0.48416668,0.13916667,0.40183333,0.8948333,0.65166664,0.3625,0.1345,0.6515,0.90216666,0.52066666,0.67183334,0.4045,0.36216667,0.47866666,0.5965,0.7316667,0.45850003,0.43833333,0.95,0.86483335,0.4305,0.3,0.82533336,0.94499993,0.17916667,0.34683332,0.7173334,0.24933334,0.17616667,0.137,0.78833336,0.3685,0.515,0.34183335,0.61983335,0.45533335,0.9595,0.2823333,0.41883335,0.56533337,0.70533335,0.5738333,0.947,0.46633333,0.9551667,0.832,0.26833332,0.5158333,0.94850004,0.24700001,0.80966675,0.43683332,0.4378333,0.8006667,0.51916665,0.50233334,0.9328333,0.40583333,0.4753333,0.7438333,0.89066666,0.14416666,0.42650002,0.8256667,0.41399997,0.5183333,0.47833335,0.31683332,0.17333335,0.75516665,0.25916666,0.649,0.55483335,0.44483334,0.581,0.5936667,0.27216667,0.8346666,0.5643333,0.4403333,0.17433333,0.25516665,0.7176666,0.8411666,0.75783336,0.83633333,0.36400002,0.85116667,0.47433335,0.4055,0.6205833,0.78999996,0.40850002,0.46133333,0.37699997,0.6128334,0.6486666,0.20583333,0.09616667,0.81700003,0.512,0.827,0.48116666,0.49933335,0.5743333,0.46216667,0.55516666,0.8756666,0.587,0.9916667,0.44983333,0.39200002,0.49150002,0.89183336,0.74916667,0.5946667,0.3315,0.254,0.77316666,0.6156666,0.588,0.4975,0.56766665,0.6116667,0.7068333,0.79733336,0.44483334,0.38966668,0.55333334,0.61483335,0.5251667,0.20933333,0.90849996,0.653,0.34183335,0.6041667,0.775,0.30650002,0.60316664,0.8245,0.24849999,0.9875,0.8385,0.88,0.68216664,0.27666667,0.60316664,0.23133335,0.40616667,0.58,0.92300004,0.4198333,0.62133336,0.7953333,0.79766667,0.41416666,0.8211667,0.44516665,0.9075,0.42033333,0.33116668,0.7123333,0.29383332,0.36883333,0.45750004,0.83683336
BC2026_Train_0013_S13_20220217_233000_40,0.19933334,0.40566665,0.85183334,0.9821667,0.4541667,0.41533333,0.46416667,0.72983336,0.8725,0.47899997,0.52066666,0.646,0.94250005,0.92233336,0.91933334,0.80200005,0.4105,0.34066668,0.64400005,0.5243333,0.8413333,0.48483333,0.9163334,0.28166667,0.323,0.8741667,0.36183333,0.86516666,0.22316664,0.34633332,0.15683332,0.21233334,0.10800001,0.137,0.393,0.179,0.44983333,0.15783334,0.19583333,0.31450003,0.12449999,0.25166667,0.42400002,0.21233334,0.5058333,0.5058333,0.5428333,0.32933334,0.13949999,0.1105,0.43566668,0.433,0.43433332,0.24183333,0.36566666,0.986,0.68,0.80149996,0.78416663,0.84816664,0.5475,0.81949997,0.8546667,0.5195,0.83033335,0.9413333,0.38083333,0.55183333,0.52166665,0.06333333,0.3685,0.8365,0.6073333,0.28675002,0.1455,0.6168333,0.8576667,0.5686667,0.7086667,0.29066667,0.32916668,0.2866667,0.53083336,0.6888333,0.53183335,0.39616668,0.91650003,0.8248334,0.28666666,0.1795,0.88549995,0.9573333,0.109,0.3275,0.693,0.1925,0.21133333,0.0985,0.83716667,0.394,0.45466667,0.20266667,0.6026667,0.49983335,0.8401667,0.28833333,0.38633332,0.5205,0.5421667,0.62133336,0.9738333,0.44233334,0.9456667,0.7465,0.14633334,0.5233333,0.888,0.25,0.74983335,0.45633334,0.35766667,0.75733334,0.53083336,0.36816666,0.76100004,0.22850001,0.44833335,0.67766666,0.89433336,0.13049999,0.44966668,0.6983333,0.38733333,0.46933335,0.2985,0.17616667,0.20683333,0.7213333,0.26983333,0.64066666,0.487,0.43433332,0.54999995,0.54933333,0.24833333,0.5913333,0.4658333,0.34366667,0.14933333,0.23216668,0.42749998,0.70149994,0.73100007,0.76166666,0.3135,0.839,0.44833332,0.31800002,0.61716664,0.7071667,0.42516667,0.44583333,0.27966666,0.5305,0.55516666,0.166,0.059666667,0.7721666,0.54575,0.67233336,0.41450003,0.47216672,0.6355,0.4305,0.28783333,0.7715,0.46850002,0.9821667,0.4766667,0.40250003,0.33533335,0.84583336,0.6996667,0.43850002,0.27116665,0.24283335,0.6843333,0.7585,0.61300004,0.43241668,0.534,0.49383333,0.7636667,0.8693334,0.42949998,0.34816664,0.45483333,0.61266667,0.41766667,0.24566667,0.87049997,0.35750002,0.27616668,0.477,0.7341667,0.3786667,0.5795,0.8885,0.20283332,0.98583335,0.86366665,0.82816666,0.7758333,0.2015,0.67733335,0.2385,0.357,0.6928333,0.94016665,0.4115,0.6491667,0.73975,0.7515,0.22749999,0.802,0.37433332,0.88933337,0.31533334,0.26366666,0.647,0.21116665,0.30716667,0.41766667,0.888
BC2026_Train_0013_S13_20220217_233000_45,0.22083333,0.514,0.9605,0.9505,0.5208333,0.47383332,0.62833333,0.8743333,0.7615,0.44933334,0.64283335,0.962,0.929,0.9486667,0.9138334,0.7653333,0.56200004,0.2495,0.8455,0.62116665,0.8013333,0.5995,0.84866667,0.47266668,0.39083332,0.93850005,0.50366664,0.9266666,0.32833332,0.412,0.21383333,0.32916665,0.23233333,0.28883335,0.491,0.29483336,0.47150004,0.18933333,0.23333333,0.375,0.22333333,0.27283332,0.48316664,0.30083334,0.6185,0.62516665,0.58316666,0.4655,0.24666667,0.18349999,0.5115,0.51283336,0.5155,0.31766665,0.44966665,0.9971667,0.6931667,0.658,0.9421667,0.75766665,0.5335,0.86583334,0.857,0.49049997,0.6788333,0.98899996,0.38766664,0.6905,0.5491667,0.13016666,0.37883335,0.77849996,0.46449998,0.327,0.30299997,0.61716664,0.97683334,0.6396667,0.51233333,0.4098333,0.4643333,0.58283335,0.547,0.86866665,0.46066666,0.74866664,0.70299995,0.7835,0.18916667,0.22816667,0.78050005,0.99450004,0.124,0.43966666,0.63916665,0.31683332,0.38383335,0.13116667,0.54833335,0.16183333,0.4425,0.26283333,0.7346667,0.6308334,0.9371667,0.29533333,0.29316667,0.793,0.55183333,0.6681667,0.86,0.4505,0.97,0.63633335,0.1595,0.57633334,0.9168333,0.26033333,0.76533335,0.6193333,0.51266664,0.83916664,0.6181666,0.49525,0.8238333,0.2866667,0.541,0.6968334,0.9685,0.23933333,0.7835,0.4683333,0.5003333,0.5073333,0.71,0.3765,0.20716666,0.9355,0.2554167,0.6965,0.41066667,0.30733335,0.38633332,0.39266667,0.6695,0.86516666,0.50049996,0.4148333,0.20983332,0.518,0.72066665,0.653,0.815,0.6235,0.5639167,0.89100003,0.46750003,0.26299998,0.5895,0.934,0.4536667,0.18783334,0.3426667,0.598,0.6806667,0.265,0.0945,0.5495,0.45383334,0.7963333,0.32583332,0.47583333,0.5855,0.43933332,0.18866667,0.7916667,0.3103333,0.78316665,0.4375,0.5786667,0.47566664,0.98083335,0.69983333,0.39433333,0.33850002,0.23466666,0.701,0.81883335,0.75266665,0.4198333,0.66150004,0.60683334,0.42433333,0.68950003,0.51066667,0.3075,0.30791667,0.6921667,0.45966664,0.37833333,0.821,0.31166667,0.31666666,0.54583335,0.6881666,0.25533333,0.40183333,0.9543333,0.18316667,0.90166664,0.7543333,0.66433334,0.7565,0.225,0.71,0.4313333,0.29583335,0.7308333,0.7643333,0.49416667,0.6583333,0.6598334,0.9041666,0.15266666,0.5848333,0.4705,0.8473333,0.362,0.333,0.7791667,0.249,0.356,0.53083336,0.9578333
BC2026_Train_0013_S13_20220217_233000_50,0.19716665,0.5255,0.9203334,0.9503333,0.44166666,0.39866668,0.5035,0.7871667,0.6588333,0.45183334,0.694,0.872,0.9071667,0.90316665,0.8331667,0.73933333,0.47033334,0.26983333,0.6825,0.50883335,0.74399996,0.684,0.8593333,0.541,0.472,0.85333335,0.46133333,0.95383334,0.29066667,0.45183334,0.21316667,0.3025,0.2425,0.23866667,0.47316667,0.29583332,0.4785,0.1825,0.1995,0.357,0.243,0.2565,0.48999998,0.2785,0.61249995,0.62341666,0.59716666,0.49083334,0.20083334,0.1615,0.506,0.50866663,0.5046667,0.34833333,0.44816667,0.95683336,0.651,0.51266664,0.8531667,0.61800003,0.57449996,0.8125,0.78499997,0.46499997,0.5958333,0.9496667,0.31866667,0.5948334,0.3705,0.09283333,0.4443333,0.5555,0.60983336,0.30816665,0.35533333,0.616,0.9958334,0.73716664,0.6403333,0.194,0.32133335,0.6146667,0.60066664,0.716,0.4415,0.80649996,0.9056667,0.86333334,0.2305,0.30049998,0.6778333,0.9585,0.064166665,0.32733333,0.41883332,0.201,0.35783333,0.18716666,0.80233335,0.19383332,0.49516666,0.26725,0.7745,0.648,0.956,0.43483335,0.30299997,0.78666663,0.7046667,0.5858333,0.95066667,0.4931667,0.98099995,0.67333335,0.1485,0.6185,0.9866667,0.225,0.9248333,0.7061667,0.472,0.8466667,0.6426667,0.56616664,0.792,0.38783336,0.38833332,0.6681667,0.9958334,0.21033333,0.6035,0.58683336,0.415,0.658,0.8715,0.23283333,0.14616667,0.95566666,0.27566668,0.5833333,0.39166665,0.359,0.524,0.42299998,0.44849998,0.78383327,0.564,0.53933334,0.19633333,0.36400002,0.7913333,0.6315,0.8478333,0.6585,0.65475,0.9516666,0.5468334,0.34149998,0.5346667,0.7021667,0.4815,0.25766665,0.26583332,0.9138333,0.8731667,0.105000004,0.07483333,0.49049997,0.54175,0.8351667,0.466,0.528,0.722,0.51066667,0.23308334,0.7698333,0.33883336,0.74249995,0.47133332,0.53499997,0.611,1.0,0.7963334,0.4698333,0.3565,0.25566667,0.8673333,0.87866664,0.62116665,0.39866668,0.7745,0.639,0.5985,0.7166667,0.6771667,0.37683332,0.51516664,0.7048334,0.439,0.23516667,0.85733336,0.37216666,0.24166667,0.7688334,0.73833334,0.30033332,0.44533336,0.8691666,0.21733333,0.9483334,0.795,0.64633334,0.8141667,0.28266665,0.66933334,0.46683335,0.4766667,0.5905,0.7928334,0.36783332,0.70183337,0.83716667,0.8626667,0.19366667,0.48049998,0.5441667,0.9005,0.2848333,0.34066665,0.7856667,0.225,0.362,0.51516664,0.94
BC2026_Train_0013_S13_20220217_233000_55,0.29999998,0.556,0.94083333,0.9168334,0.6375,0.6636666,0.5585,0.8635,0.73833334,0.47433335,0.58433336,0.9265,0.9126667,0.94449997,0.9511666,0.8505,0.49116668,0.4555,0.73983335,0.577,0.81700003,0.7583333,0.9351667,0.41291666,0.6423333,0.9496667,0.61333334,0.93916667,0.53333336,0.6981666,0.32783335,0.48616666,0.33333334,0.26766667,0.49083334,0.38016665,0.5301666,0.18583333,0.3775,0.37616664,0.231,0.373,0.5196667,0.44333333,0.625,0.625,0.5875,0.5536667,0.29583335,0.19166666,0.5383333,0.53683335,0.53966665,0.4953333,0.44666666,0.96099997,0.6345,0.616,0.86583334,0.70449996,0.5083333,0.84183335,0.8205,0.5198333,0.6946667,0.9741667,0.3868333,0.66466665,0.60599995,0.31149998,0.53866667,0.7823333,0.57233334,0.3775,0.30383334,0.64416665,0.9863334,0.68716663,0.55149996,0.38199997,0.4666667,0.47533333,0.6128333,0.7111667,0.6483333,0.79216665,0.92116666,0.9413333,0.408,0.37699997,0.8156667,0.98766667,0.26749998,0.45333332,0.828,0.38166666,0.3115,0.19800001,0.9916667,0.53816664,0.5405,0.40366665,0.73116666,0.6263333,0.8393333,0.4105,0.4975,0.8,0.58833337,0.76133335,0.89633334,0.60116667,0.9385,0.5821667,0.29133332,0.6483333,0.94233334,0.32516664,0.83183336,0.60833335,0.54583335,0.8488333,0.5895,0.58833337,0.8378333,0.3675,0.61633337,0.79933333,0.98066664,0.27316666,0.71358335,0.776,0.5105,0.7968334,0.72366667,0.56483334,0.2855,0.80500007,0.43449998,0.65716666,0.39533332,0.5543333,0.5455,0.5095,0.7288334,0.8098333,0.54583335,0.437,0.19883335,0.6223333,0.5833333,0.7856667,0.80833334,0.80649996,0.78616667,0.9275,0.54349995,0.48049998,0.678,0.8911667,0.4931667,0.70766664,0.4073333,0.5963334,0.794,0.32766667,0.20899999,0.574,0.5056666,0.7855,0.4605,0.6956667,0.62950003,0.40616667,0.30449998,0.75333333,0.5171667,0.849,0.43133333,0.6476667,0.5165,0.97066665,0.7888334,0.5068333,0.50299996,0.321,0.827,0.83916664,0.68766665,0.3958333,0.66066664,0.4643333,0.91966665,0.94083333,0.58916664,0.416,0.54116666,0.6465,0.4181667,0.4005,0.8851667,0.4766667,0.47183335,0.7431667,0.90250003,0.37183332,0.845,0.9485,0.313,0.99866664,0.89283335,0.73333335,0.7086667,0.42516667,0.6446667,0.40183333,0.33566666,0.63933337,0.86450005,0.6378333,0.70016664,0.741,0.8566667,0.35033333,0.7621667,0.52066666,0.9176667,0.42166665,0.43416667,0.8553333,0.35216665,0.49899998,0.6386666,0.8968333
BC2026_Train_0013_S13_20220217_233000_60,0.26816666,0.55616665,0.9781667,0.90700006,0.6458333,0.56200004,0.6446667,0.867,0.83533335,0.53433335,0.68516666,0.96533334,0.90783334,0.95699996,0.97216666,0.8134999,0.529,0.44550002,0.8755001,0.67766666,0.8681666,0.77783334,0.86583334,0.52583337,0.594,0.88233334,0.5145,0.93950003,0.375,0.57733333,0.38316667,0.4705,0.537,0.403,0.501,0.4095,0.58266664,0.23366666,0.48516667,0.41899997,0.41149998,0.49449998,0.5288334,0.42900002,0.69416666,0.69416666,0.614,0.5818333,0.35083336,0.20966667,0.53866667,0.53716666,0.5398333,0.6721667,0.46466666,0.9086667,0.66050005,0.5648333,0.7546667,0.64633334,0.50483334,0.825,0.8301667,0.53033334,0.673,0.93416667,0.4525,0.59216666,0.45733333,0.31516668,0.61866665,0.8115001,0.65433335,0.43150002,0.314,0.69200003,0.98183334,0.7773334,0.48275,0.56766665,0.5746667,0.5736667,0.68149996,0.61716664,0.55799997,0.9263333,0.9295,0.9245,0.51016665,0.44766665,0.7753333,0.96716666,0.44833332,0.50766665,0.71466666,0.4423333,0.68100005,0.29483333,0.94383335,0.57266665,0.6458333,0.5003333,0.7625,0.6843333,0.64166665,0.56366664,0.5376667,0.5395,0.6343333,0.8375,0.9455,0.5398333,0.9395,0.62666667,0.37883335,0.67083335,0.9141667,0.36016667,0.8435,0.7836667,0.5733333,0.9253333,0.6498333,0.5631666,0.7928333,0.64916664,0.7535,0.80833334,0.99733335,0.34033334,0.8171667,0.87516665,0.5268333,0.74666667,0.7716667,0.7115,0.33933336,0.93233335,0.5083333,0.6778333,0.53816664,0.4931667,0.6806667,0.43366665,0.64,0.7835,0.60466665,0.5821667,0.32816666,0.7488333,0.7196667,0.886,0.8171666,0.8756666,0.7813333,0.94266665,0.60183334,0.5135,0.6931667,0.8045,0.59166664,0.78066665,0.45516667,0.9431667,0.85983336,0.38716668,0.25349998,0.7123333,0.55616665,0.8436667,0.529,0.7963333,0.62416667,0.4525,0.60941666,0.72866666,0.71416664,0.77283335,0.48966667,0.8115001,0.67083335,0.9711667,0.8193333,0.57,0.5045,0.36816666,0.84616673,0.91283333,0.61366665,0.43150002,0.71133333,0.62633336,0.96283334,0.89666665,0.6308334,0.5725,0.599,0.66716665,0.648,0.41183335,0.883,0.699,0.44816667,0.77283335,0.94733334,0.5911666,0.6946667,0.94350004,0.35316664,0.9878334,0.93383336,0.7461667,0.79399997,0.5035,0.5043334,0.40066665,0.51750004,0.746,0.9203334,0.771,0.81616664,0.6801667,0.8546667,0.526,0.82883334,0.54649997,0.89,0.38599998,0.58816665,0.9318334,0.45450002,0.59183335,0.623,0.93700004
BC2026_Train_0014_S13_20220228_214500_5,0.15666667,0.087,0.6505,0.6195,0.98333335,0.7636667,0.75633335,0.57166666,0.964,0.18683332,0.4633333,0.69533336,0.95325005,0.1625,0.94733334,1.0,0.93583333,0.47733334,0.8308333,0.847,0.929,0.7845,0.816,0.22666666,0.9293333,0.66833335,0.82883334,0.12033333,0.564,0.656,0.12066667,0.44516665,0.08216667,0.10316667,0.38816667,0.28833333,0.24658334,0.020666666,0.105166666,0.07483333,0.095,0.07416667,0.253,0.44533333,0.06866667,0.06066667,0.055833332,0.13433333,0.040833335,0.032833334,0.21183333,0.26525,0.26,0.242,0.14283334,0.60833335,0.46633333,0.589,0.37949997,0.84433335,0.6728333,0.83683336,0.9681667,0.9278334,0.80116665,0.2245,0.12433333,0.6081667,0.24166666,0.6066667,0.47149998,0.8968333,0.38833332,0.99866664,0.127,0.5581667,0.61933327,0.33516663,0.49033332,0.542,0.5646667,0.6540834,0.4091667,0.45966667,0.9316666,0.26283333,0.90466666,1.0,0.78083336,0.92966676,0.9166666,0.22150001,0.73366666,0.2528333,0.6728333,0.618,0.4328333,0.017666668,0.8171667,0.25733334,0.30083334,0.603,0.65816665,0.222,0.08716667,0.66,0.3345,0.34433332,0.8508333,0.2905,0.75766665,0.45700002,0.9033333,0.8678334,0.946,0.27316666,0.43216664,0.31116667,0.81949997,0.26283333,0.15116666,0.37516665,0.43033332,0.56725,0.50299996,0.47533333,0.39850003,0.9275,0.679,0.29883334,0.26583335,0.97466666,0.26483333,0.5538333,0.5093333,0.64433336,0.27466667,0.517,0.93950003,0.04816667,0.96,0.29116666,0.9571667,0.7136667,0.026333334,0.7175,0.412,0.20266667,0.19466667,0.4885,0.60499996,0.44966668,0.52633333,0.32933336,0.6375,0.33483332,0.45266664,0.5466667,0.70383334,0.5705,0.30733332,0.9363334,0.8871666,0.33350003,0.54116666,0.39983335,0.14533333,0.30833334,0.7901667,0.32116666,0.28433335,0.36483335,0.3243333,0.2975,0.4511667,0.28066668,0.83633333,0.94916666,0.54583335,0.112833336,0.30833334,0.27216667,0.74516666,0.3275,0.3635,0.7366667,0.2495,0.86016667,0.48933333,0.5093334,0.93766665,0.38133335,0.32766667,0.44033334,0.45533332,0.47533333,0.61,0.4921667,0.61216664,0.27033335,0.42800003,0.6433333,0.60333335,0.75116664,0.49216664,0.31716666,0.09533334,0.47800002,0.866,0.62916666,0.25966665,0.43916667,0.53083336,0.9906667,0.26383334,0.12616667,0.695,0.67183334,0.9048333,0.10916667,0.414,0.195,0.88133335,0.6651666,0.7733334,0.40683335,0.46733332,0.33133334,0.50083333,0.30366665,0.9458333,0.8616667,0.9045,0.33366665
BC2026_Train_0014_S13_20220228_214500_10,0.13083333,0.09566666,0.6396667,0.5248333,1.0,0.83066666,0.7226667,0.645,0.96266663,0.13533333,0.4185,0.7165,0.9521667,0.23750001,0.78083336,0.9958334,0.986,0.5751667,0.80641663,0.94233334,0.982,0.85033333,0.89533335,0.17383333,0.86766666,0.8141667,0.788,0.238,0.7991667,0.72249997,0.1375,0.50366664,0.08383334,0.12166666,0.30916667,0.37683332,0.16366667,0.021000002,0.14733334,0.13916665,0.0745,0.1135,0.21716666,0.55050004,0.06616667,0.058166668,0.046666667,0.10716666,0.059,0.033,0.21233332,0.2605,0.25516665,0.21883333,0.154,0.67633337,0.50266665,0.615,0.56216663,0.8983333,0.67316663,0.89666665,0.9555,0.96716666,0.83183336,0.25149998,0.14733334,0.4511667,0.22866666,0.6601666,0.5958333,0.873,0.23333333,0.96283334,0.124,0.44883335,0.6231667,0.27033332,0.5455,0.5793333,0.54116666,0.60033333,0.30266666,0.5356667,0.8755,0.33383334,0.38766664,0.9823333,0.7443333,0.8846667,0.9295,0.28383332,0.5855,0.185,0.7428334,0.5993333,0.46033332,0.009500001,0.58633333,0.18883333,0.31266665,0.3655,0.5535,0.20300001,0.11883333,0.39983332,0.32216668,0.5615,0.6166667,0.3545,0.5708333,0.4115,0.7776667,0.8385,0.9231667,0.21416667,0.49916667,0.35750002,0.93316674,0.21,0.111666664,0.13416667,0.41033334,0.40316668,0.62049997,0.46783334,0.5081667,0.94250005,0.59533334,0.29766667,0.3516667,0.9673333,0.17483333,0.40383333,0.43200004,0.7415,0.39216667,0.33283332,0.8951667,0.13783333,0.8103333,0.22800002,0.922,0.66366667,0.022,0.60716665,0.36833334,0.18866667,0.113333344,0.5683333,0.5521667,0.39866668,0.41766667,0.30083334,0.5860833,0.27916664,0.33816665,0.5805,0.697,0.6486666,0.21783334,0.95933336,0.81783336,0.27633333,0.39666665,0.22099999,0.17516667,0.343,0.7971667,0.2808333,0.19616666,0.50366664,0.31316668,0.19733334,0.32966667,0.32716668,0.79966664,0.93883336,0.4683333,0.19416666,0.2495,0.3395,0.74549997,0.27516666,0.353,0.66400003,0.31633335,0.80083334,0.5913333,0.477,0.91550004,0.33233333,0.40033334,0.35966668,0.386,0.4645,0.5995,0.52066666,0.5925,0.33249998,0.3121667,0.5545,0.52516663,0.584,0.43866667,0.3365,0.149,0.59283334,0.88633335,0.49366668,0.177,0.231,0.46966666,0.98516667,0.26216668,0.07816667,0.55183333,0.65166664,0.80116665,0.26066667,0.40033332,0.12283333,0.9465,0.47933334,0.8255,0.3285,0.50049996,0.4045,0.5125,0.28800002,0.7346667,0.748,0.83033335,0.2825
BC2026_Train_0014_S13_20220228_214500_15,0.16049999,0.068,0.6556667,0.47266665,0.9875,0.5606667,0.79583335,0.648,0.98475003,0.14566667,0.39233333,0.5215,0.982,0.19583334,0.44866666,0.9695,0.99175,0.61583334,0.827,0.90999997,0.95683336,0.85183334,0.8695,0.14633334,0.75150007,0.7876667,0.72983336,0.12483333,0.33983332,0.44466665,0.105500005,0.3815,0.06983333,0.075333335,0.2848333,0.24483334,0.107833326,0.011166668,0.076000005,0.059,0.05066667,0.061166666,0.16416666,0.3721667,0.040833335,0.028833333,0.03266667,0.09466667,0.031333335,0.020333333,0.15966666,0.21666667,0.21116665,0.19350001,0.1205,0.6125,0.48133337,0.6411667,0.3811667,0.926,0.6601666,0.89283335,0.97766674,0.9811667,0.804,0.15783334,0.15166667,0.16316667,0.15283333,0.26333332,0.45583332,0.9006666,0.20983334,0.735,0.07866667,0.47350004,0.5045,0.26883334,0.893,0.5488334,0.5566666,0.5255,0.21066667,0.5133333,0.8226667,0.21266666,0.5118333,0.93233335,0.38716668,0.9766667,0.9378333,0.25083333,0.48933333,0.26633334,0.5746667,0.48250002,0.45333332,0.013833334,0.70483327,0.14166667,0.22783333,0.3703333,0.28033334,0.21966666,0.06933333,0.33433333,0.262,0.4371667,0.7073333,0.37616667,0.569,0.20183334,0.8956667,0.7208333,0.96033335,0.26133335,0.33183333,0.35033333,0.8765,0.20883334,0.08416667,0.06316666,0.3861667,0.6303333,0.34399998,0.33633333,0.34766668,0.8151667,0.6998334,0.31550002,0.1135,0.98366666,0.18333334,0.4263333,0.48566666,0.8475001,0.5215,0.25266668,0.60716665,0.071166664,0.76666665,0.10716666,0.967,0.526,0.011166668,0.82633334,0.3475,0.17783332,0.033333335,0.32316667,0.4355,0.35433334,0.46033332,0.15683334,0.361,0.24216667,0.38666666,0.48216665,0.62749994,0.7213334,0.138,0.9351667,0.7185,0.3635,0.264,0.16116667,0.078,0.36333334,0.8348333,0.14933333,0.11783333,0.45483333,0.28083333,0.464,0.38516665,0.17066668,0.8541667,0.9733333,0.46,0.10916667,0.2708333,0.28516668,0.65833336,0.27449998,0.26016665,0.55216664,0.26633334,0.7305,0.57166666,0.3588333,0.9156667,0.2891667,0.51316667,0.3611667,0.3943333,0.42216665,0.5158333,0.561,0.4211667,0.3318333,0.2735,0.43816668,0.42683333,0.571,0.46983334,0.3,0.07433333,0.26666668,0.8873333,0.3865,0.1635,0.31916666,0.50616664,0.9658333,0.25183332,0.05483333,0.5571667,0.56175,0.90866673,0.09633334,0.35799998,0.071499996,0.9088334,0.36866665,0.79866666,0.17383334,0.445,0.28016666,0.44766665,0.32816666,0.653,0.7251667,0.7251667,0.28333333
BC2026_Train_0014_S13_20220228_214500_20,0.26083332,0.116166666,0.66999996,0.5156667,0.9916667,0.5958333,0.77966666,0.707,0.99300003,0.16,0.3715,0.52066666,1.0,0.47916663,0.7598333,0.9610833,0.98908335,0.7865,0.78033334,0.94533336,0.95800006,0.78666663,0.8611667,0.39816666,0.70633334,0.8435,0.747,0.2365,0.29933333,0.51483333,0.22916666,0.44833332,0.08266667,0.12216666,0.45866668,0.28275,0.18200001,0.041500002,0.16833334,0.11766666,0.10533334,0.15216666,0.33783334,0.41083336,0.075666666,0.067666665,0.06983333,0.14999999,0.10683333,0.08433333,0.36333334,0.38616663,0.38349998,0.2435,0.21283334,0.8416667,0.5175,0.6141667,0.3765,0.9763334,0.70350003,0.973,0.9958334,0.938,0.85233337,0.184,0.20883334,0.273,0.2,0.375,0.5081667,0.95800006,0.32733333,0.9091667,0.043,0.32583332,0.571,0.25066668,0.8171667,0.30866668,0.6441667,0.62,0.25283334,0.34266666,0.9701667,0.17750001,0.8505,0.9645,0.34816664,0.87733334,0.97533333,0.24949999,0.507,0.17816666,0.71099997,0.31133333,0.47916663,0.0235,0.82666665,0.28216666,0.34433332,0.6735,0.248,0.21983333,0.108833335,0.5738333,0.28283334,0.45850003,0.79216665,0.3541667,0.6645,0.17166667,0.9535,0.56983334,0.9418333,0.37200004,0.32083333,0.40633333,0.81883335,0.31416667,0.15633333,0.0945,0.38016665,0.32333332,0.29016668,0.33533335,0.303,0.5996667,0.68416667,0.34966666,0.15016666,0.9958334,0.064,0.47216666,0.5075,0.86983335,0.26766667,0.7826667,0.73933333,0.11066667,0.8681667,0.28316668,0.94499993,0.65133333,0.054833334,0.791,0.2605,0.20783332,0.056833334,0.41166663,0.5283333,0.44483334,0.6206666,0.25633332,0.35683334,0.26966667,0.2665,0.46866667,0.681,0.73183334,0.29050002,0.93200004,0.56216663,0.31666666,0.34899998,0.101166666,0.08183333,0.45783332,0.7948333,0.14266667,0.19216667,0.44349998,0.27533334,0.5058333,0.36266667,0.16700001,0.83500004,0.96633327,0.3911667,0.20983332,0.1935,0.3255,0.806,0.358,0.23383333,0.5876667,0.4605,0.87516665,0.6203333,0.646,0.8401666,0.3175,0.67649996,0.52133334,0.30299997,0.33366668,0.566,0.47583333,0.302,0.21566665,0.36249998,0.62266666,0.76783335,0.50699997,0.36683333,0.25425,0.14916666,0.21016666,0.9216667,0.5001667,0.32,0.64783335,0.68483335,0.91933334,0.2685,0.053666666,0.38,0.5266667,0.87166667,0.13666667,0.40666667,0.0935,0.97966665,0.60683334,0.9075,0.17549999,0.43116665,0.27266666,0.60866666,0.4445,0.5976666,0.73833334,0.6933333,0.23499998
BC2026_Train_0014_S13_20220228_214500_25,0.23466668,0.12833333,0.73,0.6551666,0.9791667,0.82649994,0.75549996,0.6775,1.0,0.25633332,0.45316666,0.7288334,0.99450004,0.45,0.8835,0.9805,0.96650004,0.6355833,0.72833335,0.8426667,0.9586667,0.78216666,0.8021667,0.3728333,0.795,0.8323333,0.77699995,0.17766666,0.6728333,0.65166664,0.29116666,0.5643333,0.1005,0.137,0.50866663,0.388,0.1815,0.059166666,0.16916667,0.20066667,0.1325,0.14233333,0.40283334,0.54433334,0.123166665,0.097833335,0.09566666,0.14416666,0.10800001,0.08666667,0.396,0.41866666,0.42533332,0.2975,0.30266666,0.8000001,0.5595,0.58599997,0.3193333,0.92850006,0.72416663,0.9371667,0.982,0.98099995,0.7936667,0.21649998,0.22549999,0.504,0.22366667,0.731,0.6983334,0.9805,0.47716668,0.9865,0.09133333,0.47900003,0.5015,0.29966664,0.60649997,0.51316667,0.83833337,0.70449996,0.4515,0.3958333,0.98933333,0.23116666,0.7821667,0.9835,0.7273333,0.7558333,0.97833335,0.34083334,0.615,0.24766666,0.7075,0.43816668,0.7543333,0.026,0.81216663,0.41133332,0.31266665,0.6,0.6153333,0.20083332,0.032166667,0.6225,0.386,0.423,0.8803333,0.28283334,0.7626667,0.313,0.89133334,0.6305,0.90133333,0.3473333,0.34,0.33733332,0.71833336,0.5185,0.079333335,0.23766667,0.41816664,0.44300002,0.562,0.4773333,0.365,0.9071667,0.70783335,0.27683333,0.234,0.996,0.089,0.44983333,0.45883334,0.72466666,0.22033334,0.75516665,0.83783334,0.10333333,0.90349996,0.21166667,0.9686667,0.77433336,0.051,0.64133334,0.34166667,0.25349998,0.12866667,0.46783334,0.37216666,0.702,0.7175,0.3383333,0.80266666,0.29533336,0.42383334,0.44383335,0.7241667,0.57299995,0.36016667,0.926,0.68466663,0.3245,0.4256667,0.32950002,0.082,0.41583332,0.798,0.25083333,0.26583332,0.44533333,0.22033334,0.43416667,0.5375,0.26016665,0.719,0.91183335,0.55733335,0.20483333,0.2825,0.31816664,0.6488334,0.5475,0.31266665,0.6261667,0.42466664,0.91216666,0.72650003,0.54866666,0.9166666,0.5015,0.58000004,0.7066667,0.31983334,0.35016665,0.7066667,0.49416667,0.363,0.238,0.42833334,0.50450003,0.563,0.77,0.31333333,0.20083332,0.2755,0.48666668,0.888,0.6168333,0.21566665,0.5961667,0.4346667,0.87166667,0.30650002,0.0645,0.6228334,0.40616667,0.88983333,0.2755,0.4041667,0.15933333,0.91983336,0.47916666,0.9430001,0.33566666,0.4935,0.21916667,0.5786667,0.4235,0.7468333,0.91,0.87833333,0.28816667
BC2026_Train_0014_S13_20220228_214500_30,0.23933333,0.15133333,0.6563333,0.67466664,0.97083336,0.5563333,0.7553333,0.73399997,0.99450004,0.20116667,0.443,0.45316666,0.9823333,0.3375,0.6821667,0.97083336,0.97599995,0.44516668,0.6925,0.9168334,0.9493333,0.7785,0.84533334,0.43466666,0.7005,0.8085833,0.66583335,0.11799999,0.71433336,0.5575,0.21133333,0.557,0.1325,0.15016666,0.35533333,0.38466665,0.249,0.06383333,0.21383333,0.14266667,0.133,0.1965,0.3035,0.5905,0.08933334,0.08,0.102,0.193,0.10033333,0.059833333,0.29166666,0.3225,0.33316666,0.3261667,0.2485,0.53333336,0.45466667,0.63916665,0.3785,0.8101667,0.58533335,0.96250004,0.9903333,0.96833336,0.772,0.27466667,0.2586667,0.503,0.13533333,0.41133332,0.36066663,0.93950003,0.242,0.72300005,0.06516667,0.4938333,0.46033332,0.23699999,0.4996667,0.33166665,0.93916667,0.5840833,0.26583332,0.47816664,0.92716664,0.23283334,0.8393333,0.978,0.52283335,0.747,0.9865,0.26383334,0.67849994,0.20583332,0.673,0.30083334,0.68833333,0.041666668,0.8383333,0.24766666,0.30816668,0.29016668,0.27983332,0.25566667,0.12616667,0.5058333,0.4511667,0.33283332,0.72599995,0.27666667,0.55116665,0.17583333,0.96066666,0.87366676,0.90433335,0.32033333,0.162,0.327,0.531,0.34116668,0.067,0.14233333,0.2755,0.40899998,0.6238333,0.38766664,0.445,0.88549995,0.5095,0.35033333,0.13633335,0.96033335,0.22533335,0.36616665,0.32549998,0.8728334,0.20716667,0.36033332,0.5758333,0.21616668,0.9605,0.1615,0.93916667,0.59566665,0.008166667,0.86300004,0.32733333,0.16533333,0.0775,0.4243333,0.25633332,0.54433334,0.78466666,0.24516666,0.8715,0.22983332,0.245,0.2665,0.6871667,0.5771667,0.3005,0.97216666,0.46466666,0.16183333,0.36783332,0.17966667,0.024666667,0.43483335,0.7773333,0.174,0.1725,0.387,0.23683333,0.24983335,0.5585,0.22416666,0.87,0.94200003,0.5295,0.1385,0.28266668,0.24616666,0.681,0.39166665,0.14483333,0.6511667,0.239,0.9085,0.75383335,0.46433333,0.9368333,0.40466666,0.36716664,0.5081667,0.2245,0.31533334,0.7801667,0.46649998,0.35616666,0.21516666,0.34366664,0.42733335,0.5545,0.6191667,0.37141666,0.16166666,0.16066667,0.2546667,0.7745,0.6391667,0.16516666,0.6181666,0.4946667,0.87100005,0.31816664,0.071333334,0.40066665,0.37983334,0.7198333,0.27483332,0.34316665,0.07316667,0.94200003,0.3675,0.92116666,0.224,0.31550002,0.17183334,0.5821667,0.39483333,0.5295,0.81333333,0.6591667,0.35016668
BC2026_Train_0014_S13_20220228_214500_35,0.29666665,0.18683332,0.6288333,0.7048334,0.9458333,0.735,0.7441666,0.8143333,0.9693333,0.22233333,0.42083335,0.453,0.9835,0.34166667,0.6488333,0.95974994,0.93833333,0.5585,0.6921667,0.8395,0.93633336,0.84000003,0.86466664,0.4065,0.7416667,0.803,0.67816675,0.14533333,0.54866666,0.72316664,0.21866667,0.6053333,0.208,0.17483334,0.34433332,0.45450002,0.34250003,0.108333334,0.28116667,0.20933335,0.16916667,0.26233333,0.27616668,0.6146667,0.121583335,0.108166665,0.19749999,0.31433332,0.1955,0.090833336,0.27266666,0.29549998,0.29816666,0.38233334,0.2275,0.59583336,0.45716667,0.58933336,0.44766667,0.806,0.6798333,0.9821667,0.98883337,0.939,0.7458334,0.313,0.26749998,0.4123333,0.20583332,0.267,0.26416665,0.9306667,0.24000001,0.79333335,0.075666666,0.39699998,0.41366667,0.25083333,0.421,0.1725,0.9546667,0.7403333,0.198,0.509,0.9493333,0.274,0.7143333,0.9335,0.5265,0.8358333,0.98883337,0.12983334,0.7145,0.2645,0.70949996,0.40383333,0.7958333,0.068,0.7531667,0.36816666,0.3448333,0.44233334,0.25616667,0.34616667,0.11666667,0.43033332,0.5965,0.427,0.75049996,0.25133333,0.34783334,0.14033332,0.8373333,0.90849996,0.9508333,0.26433334,0.172,0.43833333,0.65933335,0.3445,0.08583333,0.13866666,0.25883335,0.34516668,0.38199997,0.53499997,0.5863333,0.6906667,0.5085,0.3635,0.23533334,0.9778334,0.20566666,0.2445,0.25583333,0.86833334,0.32966667,0.2963333,0.849,0.19016667,0.9946667,0.20483333,0.98800004,0.5406667,0.03466667,0.65016663,0.345,0.124,0.137,0.5103333,0.48666668,0.58783334,0.9228333,0.198,0.61516666,0.26233333,0.161,0.35649997,0.674,0.6091667,0.45966667,0.9803334,0.51233333,0.085999995,0.37116668,0.21633333,0.032833334,0.41916668,0.7338334,0.18483335,0.27166665,0.35833332,0.12233333,0.43616667,0.546,0.1135,0.87833333,0.89699996,0.50883335,0.20783333,0.232,0.19083333,0.7683333,0.3565,0.15933333,0.7308333,0.24599999,0.85300004,0.9136667,0.37150002,0.9561667,0.39,0.3685,0.33166665,0.30333334,0.33783334,0.8495,0.29083335,0.375,0.27133334,0.29366666,0.57316667,0.501,0.6931667,0.2285,0.19766666,0.22150001,0.2725,0.78400004,0.51783335,0.1455,0.70949996,0.29983333,0.9348333,0.37783334,0.10016666,0.399,0.64383334,0.7331667,0.52250004,0.359,0.07333333,0.944,0.35183334,0.9418333,0.2475,0.294,0.18166666,0.5485,0.50416666,0.5736667,0.9265001,0.7748333,0.301
BC2026_Train_0014_S13_20220228_214500_40,0.2521667,0.14616667,0.5751667,0.5405,0.95000005,0.86716664,0.7856667,0.68883336,0.9834167,0.18333334,0.40183333,0.44,0.97900003,0.3125,0.82799995,0.9903333,0.9500834,0.797,0.76816666,0.94483334,0.967,0.8605,0.857,0.20116666,0.8643334,0.76133335,0.799,0.17983332,0.84216666,0.73833334,0.17816666,0.5896666,0.14649999,0.15883332,0.3965,0.43033332,0.26333332,0.071333334,0.22833334,0.13483334,0.14983334,0.2065,0.26583332,0.571,0.09533334,0.08733334,0.13416666,0.2808333,0.11583333,0.075166665,0.23533332,0.27716666,0.29066667,0.33216667,0.20966667,0.55833334,0.48433334,0.61333334,0.3146667,0.886,0.70966667,0.95650005,0.9665834,0.95875,0.736,0.22133334,0.35316667,0.6608333,0.26016667,0.64166665,0.38,0.92583334,0.26299998,0.9698334,0.06966667,0.4045,0.44466665,0.22383334,0.4305,0.5136667,0.9138333,0.5575,0.34216666,0.5136666,0.94033337,0.16466667,0.387,0.9366667,0.66216666,0.82416666,0.9595,0.23833331,0.69366664,0.207,0.6215,0.51350003,0.545,0.067833334,0.6613333,0.1925,0.32933334,0.5146667,0.3715,0.3,0.15833333,0.44983333,0.40966666,0.33216667,0.62883335,0.28383332,0.42000002,0.27133334,0.8366667,0.86833334,0.9266667,0.25283334,0.1905,0.40466666,0.6436667,0.24316666,0.10916667,0.17133333,0.3186667,0.3335,0.47566664,0.36699998,0.54316664,0.9108333,0.43899998,0.36133334,0.22783333,0.94483334,0.26666668,0.25316668,0.26466668,0.811,0.37766665,0.6206667,0.9775,0.115499996,0.8861667,0.31,0.93200004,0.6248333,0.03316667,0.7838334,0.18916667,0.1225,0.15316667,0.6253333,0.34600002,0.37066668,0.62216663,0.16916667,0.7058333,0.26933333,0.33566666,0.338,0.69916666,0.628,0.39666665,0.87749994,0.7353333,0.042999998,0.2643333,0.18149999,0.09816667,0.3595,0.73800004,0.3225,0.34649998,0.30233335,0.12933333,0.23316666,0.35,0.14916667,0.62516665,0.9711667,0.5571667,0.3705,0.17566666,0.23333335,0.60649997,0.24233332,0.29983333,0.6933333,0.181,0.77833337,0.63416666,0.48333332,0.9011667,0.3179167,0.30583334,0.449,0.28758335,0.36658332,0.78316665,0.41933334,0.60366666,0.3135833,0.37916666,0.4378333,0.49116665,0.5938333,0.34566668,0.19833334,0.13183333,0.53716666,0.798,0.5566667,0.1565,0.33266667,0.4258333,0.87333333,0.35533333,0.095,0.5635,0.6645,0.75399995,0.262,0.2985,0.104,0.93500006,0.46166667,0.7991667,0.31483334,0.3198333,0.28350002,0.51483333,0.28683335,0.806,0.76350003,0.8478333,0.21283332
BC2026_Train_0014_S13_20220228_214500_45,0.3078333,0.18816666,0.66183335,0.582,0.9416667,0.8205,0.8013333,0.77716666,0.95683336,0.16749999,0.45783332,0.5898333,0.95500004,0.75416666,0.90700006,0.98883337,0.947,0.622,0.76516664,0.8945,0.9861667,0.7503333,0.9278333,0.37883332,0.87600005,0.95133334,0.8415,0.3915,0.92083335,0.7488334,0.19299999,0.6501667,0.11016666,0.14400001,0.4985,0.55383337,0.27683333,0.054166667,0.21016666,0.090833336,0.12866667,0.19,0.36133334,0.65166664,0.101500005,0.09883333,0.117,0.239,0.12233333,0.04816667,0.33916667,0.34183335,0.3765,0.29666668,0.20383334,0.7471667,0.50233334,0.65083337,0.5693333,0.95416665,0.7521666,0.91333336,0.95699996,0.9378333,0.8206667,0.33233333,0.5406667,0.64900005,0.27966666,0.77433336,0.60183334,0.93316674,0.34775,0.9686667,0.133,0.6053333,0.5713333,0.25800002,0.5645,0.5665,0.609,0.70533335,0.42000002,0.5848333,0.9803334,0.225,0.67233336,0.83300006,0.7465,0.672,0.98450005,0.28933334,0.65183336,0.24566665,0.6396667,0.64849997,0.54583335,0.035666667,0.79399997,0.18,0.37866667,0.53433335,0.75783336,0.2545,0.25383332,0.36216664,0.33333334,0.6188333,0.7745,0.38583332,0.5306667,0.47483334,0.9411667,0.93133336,0.90816665,0.29283333,0.542,0.38133335,0.5811667,0.294,0.1615,0.26116666,0.45099998,0.34716666,0.67649996,0.38866666,0.47550002,0.9578333,0.5661667,0.30366665,0.23633333,0.946,0.1435,0.2855,0.33266667,0.80083334,0.40850002,0.56583333,0.85366666,0.119833335,0.8283334,0.5631667,0.97683334,0.6515,0.05516667,0.84000003,0.25883332,0.179,0.24516666,0.56483334,0.47649997,0.4975,0.688,0.38516665,0.7965,0.467,0.38849998,0.5045,0.7431667,0.6975,0.34716666,0.92766666,0.80683327,0.13283333,0.4405,0.34525,0.206,0.458,0.83033335,0.38849998,0.24700001,0.42383334,0.29683334,0.35166663,0.5183333,0.306,0.7343334,0.95683336,0.5976667,0.51166666,0.25866666,0.40866667,0.51516664,0.26816666,0.30166668,0.7745,0.337,0.7266667,0.70449996,0.35641667,0.9188333,0.465,0.31733334,0.76283336,0.45483333,0.476,0.6905,0.5306667,0.56483334,0.366,0.48133332,0.46833333,0.6248333,0.70233333,0.373,0.27333334,0.16433334,0.7696667,0.8938334,0.8315,0.27516666,0.6586667,0.66366667,0.86333334,0.41833335,0.15016666,0.67366666,0.6105,0.8688333,0.19783333,0.43866664,0.193,0.88516665,0.48799998,0.8868333,0.37066668,0.49449998,0.27566665,0.545,0.24833333,0.7526667,0.6595,0.91183335,0.2645
BC2026_Train_0014_S13_20220228_214500_50,0.48416668,0.24466667,0.6843333,0.5406667,0.96666664,0.74983335,0.78283334,0.8451667,0.96666664,0.12900001,0.39749998,0.5445,0.9675,0.8846666,0.92266667,0.97216666,0.9790833,0.5093334,0.742,0.89900005,0.964,0.7576667,0.97650003,0.2625,0.8031667,0.97900003,0.79683334,0.35416666,0.6583333,0.59000003,0.22366667,0.643,0.12816668,0.14583333,0.48183334,0.5165,0.29616666,0.081499994,0.23666666,0.19816667,0.14816667,0.226,0.33350003,0.643,0.1625,0.15183333,0.14816666,0.26933333,0.14566666,0.09266667,0.34566668,0.35250002,0.3645,0.3215,0.2165,0.7291667,0.43916667,0.5771667,0.63816667,0.9431666,0.8081667,0.97,0.96525,0.9571667,0.8546667,0.39633334,0.30183333,0.5833333,0.27466667,0.37616667,0.38516665,0.78999996,0.34375,0.9546666,0.064833336,0.4985,0.5886667,0.2988333,0.48616666,0.41433334,0.7145,0.55333334,0.36183333,0.6746667,0.8146666,0.30666667,0.411,0.99050003,0.45949998,0.7953334,0.9710001,0.31699997,0.7175,0.29083335,0.7186667,0.53933334,0.49016666,0.068166666,0.68233335,0.16566667,0.389,0.56766665,0.456,0.35250002,0.44566667,0.44,0.34216666,0.72150004,0.71683335,0.37916666,0.58383334,0.41383332,0.85766673,0.8726667,0.9371667,0.42216665,0.6436666,0.468,0.65666664,0.25533333,0.14583333,0.3735,0.33166665,0.3895,0.5395,0.483,0.6058333,0.86983335,0.638,0.26416665,0.2055,0.9585,0.20216668,0.37683332,0.46316668,0.9263333,0.33633333,0.408,0.7291667,0.21316667,0.81166667,0.3385,0.96666664,0.71533334,0.06733333,0.89683336,0.27533334,0.16783333,0.15566666,0.65816665,0.48933333,0.7211667,0.512,0.44666666,0.39766666,0.423,0.3385,0.4626667,0.66583335,0.71333337,0.41966668,0.8183334,0.62833333,0.15799999,0.5571667,0.23816666,0.13366666,0.3128333,0.8823333,0.5021666,0.31566668,0.5273333,0.345,0.47933334,0.69533336,0.44133335,0.6881666,0.9451667,0.46716666,0.15816668,0.2245,0.39066666,0.5736667,0.30699998,0.33600003,0.7338333,0.45583332,0.7478334,0.53316665,0.60483336,0.9446667,0.38883334,0.4135,0.47399998,0.35966665,0.47233334,0.6575,0.503,0.61866665,0.37366664,0.32483333,0.548,0.6648333,0.43233332,0.275,0.29166666,0.1025,0.52750003,0.81600004,0.5388333,0.35,0.29783332,0.7025,0.8538334,0.39516667,0.11516666,0.44416666,0.653,0.819,0.47933334,0.4065,0.23783332,0.94416666,0.45566666,0.82516664,0.23983334,0.48366666,0.28166667,0.5821667,0.39699998,0.668,0.68766665,0.6518333,0.21933334
BC2026_Train_0014_S13_20220228_214500_55,0.45700002,0.237,0.67483336,0.6676667,0.95416665,0.85,0.7926667,0.83883333,0.968,0.274,0.43616667,0.6683333,0.96099997,0.775,0.90549994,0.982,0.9511666,0.6115833,0.80083334,0.885,0.9371667,0.8123334,0.98516667,0.42299998,0.82916665,0.92733335,0.818,0.28,0.8086667,0.7426667,0.26683334,0.66866666,0.17833334,0.18783334,0.4255,0.53183335,0.3325,0.09483333,0.272,0.2415,0.16216666,0.25966665,0.3796667,0.6701666,0.21533334,0.19116665,0.2005,0.31933334,0.14616667,0.093333334,0.3595,0.38883334,0.3955,0.35816666,0.30533335,0.71666664,0.45483333,0.6248333,0.35716665,0.9236667,0.8651667,0.967,0.9778334,0.9183333,0.8168334,0.53550005,0.42683333,0.6058333,0.32666668,0.6498333,0.41866666,0.90999997,0.35500002,0.9728334,0.115166664,0.54033333,0.521,0.3613333,0.4365,0.5765,0.685,0.6523333,0.3215,0.648,0.95533335,0.29116666,0.70900005,0.9573333,0.64433336,0.8013333,0.9571667,0.22783333,0.6335,0.2615,0.7515,0.62016666,0.51666665,0.046833336,0.6688333,0.19066668,0.39816666,0.67233336,0.64533335,0.35750002,0.37216666,0.46316665,0.27249998,0.72683334,0.82733333,0.3205,0.42716664,0.3225,0.80583334,0.93299997,0.9335,0.43899998,0.53033334,0.41616666,0.46750003,0.30916667,0.19383332,0.43833333,0.33916667,0.5061667,0.505,0.544,0.55233335,0.76383334,0.50166667,0.3815,0.24633333,0.97483337,0.35033333,0.40199998,0.48133332,0.9393333,0.46083334,0.57116663,0.959,0.21033332,0.8818333,0.39450002,0.9918333,0.54933333,0.032833334,0.9153333,0.27066666,0.169,0.183,0.76816666,0.6333333,0.72933334,0.56533337,0.36433333,0.5928333,0.38266665,0.4355,0.47033334,0.72,0.6756667,0.47083336,0.8741667,0.783,0.10616666,0.3728333,0.3031667,0.13816667,0.42166668,0.92583334,0.47733337,0.31083333,0.589,0.25333333,0.47899997,0.68083334,0.34283334,0.7815,0.896,0.49449998,0.2935,0.289,0.3483333,0.6066667,0.2848333,0.41016668,0.71550006,0.42133334,0.806,0.5738333,0.51841664,0.9738333,0.371,0.42883334,0.44633332,0.29583332,0.50283337,0.71150005,0.5061667,0.7511667,0.32933334,0.4035,0.7241667,0.65783334,0.6821667,0.4913333,0.29250002,0.12566666,0.6803333,0.9005,0.5525,0.29483333,0.5276667,0.59183335,0.9,0.40566665,0.14333333,0.597,0.6914166,0.7335,0.38933334,0.37166667,0.2385,0.9645,0.54033333,0.85966665,0.33883333,0.41066667,0.25733334,0.6345,0.47383332,0.8476667,0.8405,0.86016667,0.2785
BC2026_Train_0014_S13_20220228_214500_60,0.364,0.24533334,0.5451667,0.6856667,0.925,0.5948334,0.79316664,0.63033336,0.98183334,0.3055,0.42466664,0.44683334,0.95725,0.5125,0.6168333,0.95416665,0.94875,0.6635,0.72366667,0.7983333,0.9321667,0.707,0.8616667,0.32833332,0.7245,0.7405,0.69033337,0.25550002,0.44966668,0.5833333,0.2503333,0.59916663,0.21350001,0.22916666,0.33466667,0.528,0.30400002,0.073,0.25883335,0.26083332,0.12916666,0.2561667,0.33133334,0.5858333,0.17016667,0.15283333,0.201,0.38716668,0.13133334,0.071666665,0.32633334,0.36933333,0.38,0.33383334,0.33283332,0.575,0.49350005,0.67683333,0.18966666,0.8343333,0.644,0.98800004,1.0,0.91116667,0.689,0.18783332,0.17616667,0.38033333,0.1935,0.28833333,0.29583335,0.9096667,0.25716665,0.81233335,0.13933334,0.31433332,0.4651667,0.30883333,0.41266668,0.32316667,0.76649994,0.748,0.199,0.50533336,0.78249997,0.19666666,0.37416667,0.9656667,0.35016665,0.8341667,0.96150005,0.16933334,0.37383333,0.19333333,0.64916664,0.3675,0.537,0.03866667,0.7,0.0855,0.38316667,0.57483333,0.3505,0.4465,0.16866666,0.4885,0.30299997,0.6041667,0.68666667,0.36150002,0.46550003,0.21583334,0.781,0.94,0.9101667,0.32883334,0.26233333,0.3335,0.63283336,0.25966665,0.0985,0.124,0.3725,0.3688333,0.28016666,0.41866666,0.4795,0.56583333,0.6315,0.24733333,0.1215,0.97683334,0.11016667,0.47266665,0.33233333,0.80916667,0.33716667,0.31683332,0.7963333,0.101166666,0.82766664,0.32966667,0.95233333,0.55983335,0.013666667,0.7443334,0.21533334,0.1445,0.08183333,0.55300003,0.62833333,0.4856667,0.6415,0.23066667,0.30966666,0.24333332,0.25149998,0.45733333,0.672,0.57,0.285,0.97650003,0.57316667,0.15200001,0.445,0.12083332,0.09566666,0.4095,0.86483335,0.27166665,0.21249999,0.4705,0.15566668,0.25849998,0.53,0.20933333,0.9018333,0.93649995,0.3753333,0.1055,0.23133335,0.27816665,0.826,0.2285,0.18216667,0.59650004,0.3911667,0.87833333,0.49083334,0.41616666,0.9656667,0.29083335,0.3455,0.3005,0.32950002,0.434,0.62233335,0.501,0.594,0.29366666,0.30533332,0.7131667,0.6626667,0.39183334,0.38866666,0.31833333,0.10683333,0.21599999,0.821,0.5161667,0.28100002,0.351,0.4785,0.973,0.39066666,0.18516666,0.33166665,0.50766665,0.7696667,0.34466666,0.38216665,0.16766667,0.94799995,0.43933332,0.765,0.24000001,0.40416667,0.22116666,0.60066664,0.49783334,0.6335,0.7575,0.54583335,0.29866666
BC2026_Train_0015_S18_20211016_011500_5,0.33766666,0.47950003,0.40366665,0.809,0.7125,0.47883332,0.3638333,0.34,0.514,0.68383336,0.6386666,0.39483333,0.64016664,0.72083336,0.8361666,0.5261667,0.4465,0.49116668,0.58599997,0.34350002,0.7201666,0.83183336,0.35683334,0.41633332,0.8543333,0.747,0.43566665,0.8115,0.45700002,0.35500002,0.50416666,0.8101667,0.39783332,0.76049995,0.76350003,0.64383334,0.622,0.4285,0.315,0.60333335,0.23,0.42666668,0.5826667,0.7741667,0.6268334,0.6241667,0.537,0.4901667,0.29166666,0.38233334,0.6,0.5945,0.6013334,0.42233333,0.4978333,0.8166666,0.7443333,0.75049996,0.4378333,0.54616666,0.781,0.489,0.52583337,0.60599995,0.91166663,0.61233336,0.31016666,0.6563333,0.2776667,0.24783334,0.8031666,0.9548333,0.629,0.29283333,0.55950004,0.6425,0.90016663,0.42283335,0.44666666,0.32333332,0.21633333,0.9608333,0.35383332,0.41099998,0.5918333,0.64849997,0.7581667,0.5428333,0.6613333,0.449,0.84033334,0.81533337,0.42766666,0.38433334,0.437,0.20183334,0.16866666,0.26116666,0.343,0.5064167,0.8616667,0.39733332,0.522,0.54349995,0.6968333,0.42566666,0.9068333,0.9191667,0.46283334,0.823,0.64383334,0.37916666,0.6395,0.78066665,0.46899998,0.565,0.954,0.19600001,0.97766674,0.3465,0.19299999,0.4525,0.8923334,0.582,0.67083335,0.22666669,0.44483334,0.8263333,0.964,0.3685,0.18266666,0.42466664,0.33866668,0.4125,0.57666665,0.6856667,0.3175,0.5245,0.5728333,0.54866666,0.58766663,0.39916664,0.59333336,0.6815,0.47283334,0.44816667,0.6595,0.42633334,0.4185,0.415,0.4666667,0.525,0.8603333,0.9298333,0.44966668,0.76233333,0.4935,0.9073333,0.53249997,0.44599998,0.51133335,0.68466663,0.4465,0.6955,0.78,0.43466666,0.28733334,0.631,0.95133334,0.7205,0.50733334,0.4843333,0.9185,0.80350006,0.42550004,0.82766664,0.56916666,0.72966665,0.83966666,0.234,0.671,0.9575,0.8883333,0.6358333,0.44333333,0.606,0.819,0.71133333,0.93850005,0.49933332,0.53583336,0.3223333,0.66400003,0.269,0.6815,0.48650002,0.35566664,0.96650004,0.44483334,0.21416667,0.992,0.71266663,0.30400002,0.73066664,0.6335,0.55516666,0.554,0.629,0.9228333,0.59575,0.8343333,0.61149997,0.5083333,0.5005,0.40616667,0.43083334,0.56116664,0.3115,0.7326666,0.4643333,0.72150004,0.9751667,0.40249997,0.509,0.58466667,0.58183336,0.96833336,0.6663334,0.31633335,0.42766666,0.45283332,0.35716665,0.7375,0.98883337
BC2026_Train_0015_S18_20211016_011500_10,0.30916667,0.5233333,0.30166668,0.84999996,0.5833333,0.27016667,0.3,0.1805,0.49633336,0.658,0.615,0.42033333,0.78583336,0.5541667,0.70266664,0.51266664,0.34183335,0.44599998,0.61083335,0.25266668,0.6875,0.7888334,0.30833334,0.67649996,0.858,0.72616667,0.60866666,0.9061667,0.41133332,0.39783335,0.5003333,0.7213334,0.4098333,0.8961666,0.7803334,0.84199995,0.587,0.41799998,0.2825,0.6960833,0.26133335,0.38433334,0.61266667,0.716,0.67883337,0.68416667,0.5746666,0.3585,0.3265,0.435,0.6315,0.6315,0.6315,0.4465,0.5276667,0.62916666,0.73733336,0.71283334,0.40033334,0.52316666,0.80799997,0.3823333,0.43950003,0.5923333,0.7975,0.68850005,0.24566665,0.5693333,0.21466666,0.19533333,0.78533334,0.7556667,0.5241667,0.18866667,0.7673333,0.5861667,0.8343333,0.39166665,0.36816666,0.289,0.17683333,0.892,0.4505,0.21283332,0.5948333,0.65250003,0.7705,0.32533333,0.6051667,0.2445,0.71933335,0.89900005,0.21566665,0.34433335,0.3735,0.15816668,0.09041667,0.27133334,0.1035,0.40066665,0.71316665,0.28724998,0.49183333,0.67466664,0.76900005,0.40116668,0.8638333,0.7415,0.36416668,0.7715,0.5926667,0.288,0.68299997,0.7065,0.38366663,0.51,0.91050005,0.11083333,0.944,0.2605,0.23733333,0.4925,0.83683336,0.5401667,0.75783336,0.15683334,0.25616667,0.8493333,0.9501667,0.28366667,0.17699999,0.24883333,0.32083333,0.31883335,0.40716666,0.4755,0.19133332,0.5155,0.5305,0.5525,0.5696666,0.37433332,0.6886667,0.36183333,0.36416665,0.30466667,0.79866666,0.44166666,0.37016666,0.21016666,0.393,0.3335,0.65783334,0.95383334,0.34366667,0.7686666,0.43733335,0.95766675,0.4125,0.262,0.43266666,0.3606667,0.40350002,0.61183333,0.5893333,0.46116668,0.24783333,0.79933333,0.8948333,0.60083336,0.41916665,0.5083333,0.8711667,0.779,0.3595,0.8141667,0.62766665,0.64133334,0.75808334,0.25316668,0.542,0.8823333,0.49249998,0.55266666,0.28966665,0.60183334,0.73399997,0.57033336,0.7465,0.547,0.6598333,0.29483336,0.5295,0.26316667,0.58666664,0.36083332,0.27499998,0.95000005,0.22666669,0.15933333,0.9918333,0.5821667,0.20666668,0.737,0.72066665,0.4633333,0.41716668,0.678,0.8316667,0.45716667,0.72366667,0.61550003,0.3638333,0.5351667,0.41366667,0.491,0.49233332,0.35,0.67766666,0.32700002,0.61950004,0.9516666,0.23866668,0.37816665,0.5038333,0.57816666,0.99733335,0.6263333,0.1735,0.46166664,0.36616668,0.25316668,0.52699995,0.98183334
BC2026_Train_0015_S18_20211016_011500_15,0.26566666,0.49716666,0.1925,0.82883334,0.49166667,0.12449999,0.21533334,0.11366667,0.49750003,0.65500003,0.63783336,0.3193333,0.73249996,0.5875,0.5985,0.5053333,0.21283334,0.33983332,0.6135,0.1945,0.64250004,0.94949996,0.34866667,0.54366666,0.8401666,0.60966665,0.66,0.8663333,0.29933333,0.33816665,0.46633333,0.6145,0.432,0.8591666,0.66866666,0.64383334,0.54433334,0.39483336,0.24616668,0.68408334,0.2335,0.347,0.57233334,0.63983333,0.6993333,0.70233333,0.55300003,0.3796667,0.30883333,0.39499998,0.58033335,0.57750005,0.57750005,0.40916666,0.50483334,0.32916668,0.73483336,0.72283334,0.2841667,0.44550002,0.90549994,0.4721667,0.49416667,0.621,0.8184999,0.66366667,0.2545,0.5311667,0.0925,0.106,0.7809167,0.609,0.42133334,0.11383333,0.647,0.60366666,0.70516664,0.36983335,0.335,0.28783333,0.11566667,0.6545,0.31316665,0.23249999,0.43483335,0.7941667,0.6753333,0.24800001,0.5758333,0.15033333,0.639,0.83283335,0.176,0.31066668,0.29366666,0.078999996,0.033666667,0.195,0.16766666,0.26883334,0.5718334,0.18116668,0.49549997,0.59466666,0.68733335,0.28516668,0.93299997,0.6918333,0.2915,0.85950005,0.4755,0.30400002,0.57483333,0.6476667,0.21316667,0.5488334,0.9068333,0.07816666,0.9425,0.22216666,0.23733333,0.4971667,0.9585,0.48416668,0.74,0.1255,0.2265,0.85,0.9195,0.15133333,0.097,0.198,0.28183332,0.18083334,0.3875,0.17449999,0.125,0.498,0.49416667,0.49249998,0.44583336,0.33533332,0.448,0.295,0.43950003,0.21233332,0.67366666,0.426,0.341,0.11066667,0.271,0.36616665,0.6076667,0.94416666,0.37783334,0.7815,0.40866667,0.974,0.5305,0.22,0.41333333,0.2855,0.38966665,0.8006667,0.25133333,0.34433332,0.232,0.72616667,0.72066665,0.58133334,0.36466667,0.33816665,0.898,0.75783336,0.20133334,0.80833334,0.34649998,0.63,0.7431667,0.18266666,0.57733333,0.8746667,0.30150002,0.58349997,0.31133333,0.5696667,0.77133334,0.6505,0.7431667,0.46166664,0.4988333,0.17333335,0.41183335,0.20783332,0.33766666,0.38316667,0.15316667,0.82116663,0.22716667,0.1405,0.98099995,0.5031667,0.112833336,0.6403333,0.6096667,0.30866665,0.264,0.61750007,0.7145,0.47100002,0.73433334,0.5793333,0.40133333,0.6106667,0.40583333,0.46966666,0.5185,0.26816666,0.5426667,0.3746667,0.5848333,0.9446667,0.11783333,0.29916665,0.4155,0.5643333,0.9915,0.5101667,0.075833336,0.29999998,0.22083333,0.22116666,0.5065,0.99866664
BC2026_Train_0015_S18_20211016_011500_20,0.444,0.5196667,0.17116666,0.8265,0.6333333,0.164,0.17666668,0.14683333,0.49566665,0.6516667,0.58533335,0.31016666,0.6325,0.7125,0.725,0.579,0.26366666,0.38066667,0.57449996,0.29216665,0.63516665,0.8858334,0.382,0.607,0.8811667,0.6265,0.647,0.8145833,0.35399997,0.4305,0.5836667,0.64100003,0.48266667,0.8125,0.7391666,0.5605,0.5796666,0.491,0.34933335,0.6265,0.32266667,0.45016664,0.5753333,0.64900005,0.64250004,0.6343333,0.56483334,0.44783333,0.33383334,0.46449998,0.58349997,0.582,0.582,0.47516665,0.5401667,0.4125,0.746,0.73566663,0.2625,0.37600002,0.7811667,0.2445,0.48466665,0.58066666,0.9733333,0.5798333,0.2805,0.53966665,0.12683333,0.22749999,0.82883334,0.671,0.47116667,0.21966666,0.75366664,0.79150003,0.92233336,0.37583333,0.44366664,0.351,0.108666666,0.691,0.4145,0.24033332,0.619,0.7978333,0.7143333,0.2355,0.58066666,0.21116666,0.49150002,0.78433335,0.3243333,0.37333333,0.31266665,0.075833336,0.071,0.2725,0.11016667,0.44816667,0.7465,0.20716666,0.48000002,0.63816667,0.5428333,0.22133332,0.8791667,0.71333337,0.31,0.88750005,0.6678333,0.3305,0.61333334,0.64166665,0.30633333,0.47933334,0.96066666,0.101166666,0.9878334,0.256,0.22066666,0.45700002,0.8473333,0.50783336,0.673,0.1305,0.18849999,0.8501667,0.91349995,0.18083334,0.17466667,0.19366667,0.3475,0.282,0.5248333,0.30666667,0.20233333,0.44199997,0.52933335,0.55233335,0.45966664,0.41766667,0.43233335,0.423,0.41816667,0.2645,0.70916665,0.44183332,0.42216668,0.2005,0.27833334,0.43916667,0.5925,0.939,0.31583333,0.76416665,0.44366667,0.9823333,0.6555,0.23233333,0.58516663,0.6893333,0.46616665,0.73,0.44599998,0.39350003,0.24416667,0.89966667,0.801,0.4378333,0.46383333,0.40433332,0.9021667,0.7991667,0.36683333,0.69883335,0.3935,0.7188333,0.79399997,0.15866667,0.61866665,0.9396666,0.33083335,0.5985,0.35099998,0.72599995,0.79316664,0.6046667,0.776,0.46083334,0.45683333,0.3245,0.43766665,0.24483334,0.51383334,0.5236667,0.2305,0.9051667,0.23233333,0.16533333,0.98883337,0.46966666,0.17483333,0.7456666,0.72033334,0.52533334,0.44683337,0.5783333,0.767,0.6188333,0.668,0.742,0.44950002,0.69850004,0.32883334,0.45099998,0.5275,0.26833332,0.6131667,0.30533332,0.5938333,0.9571667,0.17233333,0.40916663,0.48516667,0.5653333,0.9931667,0.6176667,0.15033333,0.41483334,0.28166667,0.24766666,0.6321667,0.96383333
BC2026_Train_0015_S18_20211016_011500_25,0.473,0.60066664,0.20533334,0.7876667,0.69166666,0.28733334,0.23216668,0.171,0.5775,0.699,0.6526667,0.35916668,0.7136667,0.8416667,0.80266666,0.51683336,0.34966666,0.54366666,0.63133335,0.373,0.6728333,0.755,0.16216666,0.65500003,0.8635,0.69149995,0.7641667,0.7061666,0.36633334,0.48666668,0.6576667,0.679,0.54083335,0.91199994,0.80499995,0.7676667,0.5855,0.52533334,0.47116667,0.67649996,0.41133332,0.5376667,0.6563333,0.67616665,0.619,0.6218333,0.6171667,0.50483334,0.407,0.49049997,0.6601667,0.6696667,0.66700006,0.6263333,0.61258334,0.6458333,0.7378334,0.73950005,0.36549997,0.51233333,0.8613334,0.22933334,0.5108334,0.5388333,0.92850006,0.7155,0.4345,0.61983335,0.146,0.2905,0.5605,0.746,0.60716665,0.38883334,0.7435,0.714,0.89316666,0.30066666,0.4285,0.24049999,0.17133333,0.7945,0.435,0.28633332,0.5911667,0.6801667,0.8578333,0.35,0.5873333,0.21849999,0.6868333,0.79333335,0.38516665,0.3605,0.39099997,0.17699999,0.1545,0.359,0.12066667,0.5,0.6853333,0.33766666,0.51516664,0.6701667,0.6041667,0.48683336,0.8343333,0.735,0.35333335,0.838,0.49550003,0.15016666,0.5778333,0.6855,0.34033334,0.4375,0.9598333,0.1345,0.9916667,0.2866667,0.25283334,0.49,0.8383333,0.5438334,0.652,0.1445,0.33783334,0.8166666,0.95449996,0.20183334,0.17316666,0.15316665,0.30983332,0.47933334,0.49233332,0.45866668,0.2655,0.43199998,0.53616667,0.674,0.427,0.382,0.5141667,0.44516665,0.5533334,0.43916667,0.7655,0.426,0.35500002,0.19150001,0.42400002,0.45016664,0.5925,0.9291667,0.37733334,0.7975,0.47366667,0.9528333,0.58100003,0.43233335,0.49016666,0.65783334,0.42483333,0.6638334,0.40883332,0.4346667,0.2635,0.8768334,0.8233334,0.5158333,0.49333334,0.4845,0.8718334,0.81700003,0.39283335,0.72066665,0.53433335,0.75283337,0.8715,0.19766666,0.69133335,0.94033337,0.2745,0.64133334,0.27933332,0.5631666,0.87416667,0.64000005,0.78816664,0.38158333,0.464,0.393,0.565,0.2545,0.64516664,0.491,0.248,0.89016664,0.22516666,0.15849999,0.98183334,0.77233326,0.23166665,0.6928333,0.6526667,0.57649994,0.5095,0.56916666,0.7365,0.5288333,0.6195,0.67866665,0.37933332,0.5121667,0.45483333,0.5006667,0.6203333,0.34633332,0.6825,0.41066664,0.6515,0.96833336,0.17616667,0.45433334,0.40250003,0.5486667,0.978,0.6473333,0.186,0.5643333,0.35750002,0.175,0.6766667,0.9353334
BC2026_Train_0015_S18_20211016_011500_30,0.44866666,0.59916663,0.2765,0.7888334,0.675,0.37633333,0.35549998,0.28783333,0.60316664,0.6996667,0.687,0.374,0.71133333,0.86249995,0.8193333,0.5133333,0.43041664,0.6451667,0.6983334,0.33183333,0.6816667,0.7506667,0.17766666,0.5395,0.8706666,0.7055,0.80516666,0.8006667,0.46116668,0.50483334,0.62166667,0.6613333,0.41433334,0.81083333,0.7875,0.6271667,0.53833336,0.46,0.29266667,0.6526667,0.26766664,0.37816668,0.6113334,0.656,0.5725,0.578,0.5561667,0.35916665,0.33716667,0.42733333,0.62883335,0.6368333,0.63283336,0.41133332,0.5835,0.6958333,0.695,0.7538333,0.56883335,0.43,0.939,0.34966666,0.458,0.55399996,0.8381667,0.63666666,0.3915,0.6491667,0.13833334,0.21700001,0.55050004,0.6206667,0.45216668,0.41566667,0.689,0.62450004,0.69133335,0.2825,0.40366665,0.18066666,0.119833335,0.827,0.42616668,0.35866666,0.6058333,0.5786667,0.6515,0.4731667,0.55616665,0.23433334,0.5528333,0.8071667,0.31383333,0.29116666,0.42183334,0.06866667,0.1485,0.33516666,0.09616667,0.3675,0.68716663,0.27466667,0.47866666,0.667,0.7586667,0.41566667,0.874,0.75699997,0.39733335,0.70283335,0.5931667,0.285,0.50783336,0.5543333,0.43633333,0.428,0.985,0.1785,0.9873333,0.29633334,0.205,0.3535,0.77633333,0.5338333,0.694,0.14333333,0.2035,0.7805,0.93200004,0.24000001,0.111,0.16616666,0.265,0.55583334,0.6798333,0.541,0.12449999,0.36441666,0.41666666,0.5976667,0.60316664,0.37733334,0.46833333,0.4675,0.69083333,0.37583333,0.6178333,0.4295,0.32816666,0.1565,0.56866664,0.32183334,0.7801666,0.952,0.38733333,0.68666667,0.48866665,0.96150005,0.46366668,0.2915,0.41766667,0.5696667,0.3065,0.6396667,0.51133335,0.36383334,0.251,0.68833333,0.7061666,0.6341666,0.503,0.46591666,0.8315,0.81266665,0.447,0.784,0.48916668,0.7276667,0.7668333,0.20416667,0.63983333,0.9293333,0.36866665,0.6515,0.36966667,0.46166664,0.79816675,0.6656667,0.66616666,0.389,0.50866663,0.4513333,0.5176667,0.204,0.62216663,0.33966666,0.32266667,0.8313333,0.28866667,0.1435,0.9301667,0.7065,0.21116665,0.6155,0.4185,0.58183336,0.4996667,0.669,0.7938333,0.57799995,0.60183334,0.54616666,0.52816665,0.58416665,0.36066666,0.37516665,0.63816667,0.28633332,0.6591667,0.28983334,0.71466666,0.982,0.19433333,0.40116668,0.41416666,0.5758333,0.9681667,0.76666665,0.21183333,0.39600003,0.32766667,0.22299999,0.533,0.9295
BC2026_Train_0015_S18_20211016_011500_35,0.3811667,0.5031667,0.12599999,0.832,0.64166665,0.20216666,0.20633334,0.15966667,0.62633336,0.63366663,0.6573334,0.32483333,0.6678333,0.65416664,0.67766666,0.53933334,0.27616668,0.28683335,0.72466666,0.24899998,0.5755,0.7478334,0.32233334,0.43133333,0.83383334,0.62766665,0.79466665,0.72900003,0.30366665,0.3145,0.53466666,0.5976667,0.39350003,0.77966666,0.67333335,0.61,0.52916664,0.37516665,0.22266668,0.61333334,0.21166666,0.30699998,0.5988333,0.611,0.5793333,0.5833333,0.46633333,0.25266665,0.27650002,0.38316667,0.6091666,0.61466664,0.6091666,0.35266668,0.5365,0.48333332,0.6935,0.7576667,0.30233333,0.35183334,0.88633335,0.19066668,0.48033333,0.6105,0.831,0.72800004,0.3585,0.564,0.094166666,0.13216665,0.7696667,0.54466665,0.2765,0.22433335,0.50233334,0.42366666,0.7468333,0.22049999,0.42416668,0.15733333,0.077,0.60150003,0.27366668,0.23,0.40566665,0.44449997,0.57283336,0.31566668,0.4378333,0.19766666,0.55866665,0.76100004,0.0955,0.31,0.24916667,0.09483333,0.0765,0.22666669,0.14133334,0.41183335,0.74300003,0.18633333,0.42549998,0.5821667,0.78083336,0.31433332,0.92616665,0.70633334,0.3175,0.7083334,0.34083334,0.15849999,0.5145,0.5695,0.32533333,0.42650002,0.94266665,0.1035,0.95000005,0.3245,0.12133333,0.40933335,0.85416675,0.47516668,0.7135,0.0735,0.08666667,0.65183336,0.9131667,0.13316667,0.06966667,0.18783334,0.256,0.21949999,0.38583332,0.4005,0.13216665,0.2865,0.31316668,0.6343333,0.48066667,0.30266666,0.48966664,0.36,0.37333333,0.18933333,0.57449996,0.327,0.25433332,0.20866667,0.3983333,0.24183333,0.7585,0.95416665,0.31266665,0.657,0.36483333,0.9516666,0.47683334,0.2895,0.33333334,0.23166665,0.26783332,0.62549996,0.21966666,0.269,0.23166665,0.62983334,0.6335,0.41766667,0.39983332,0.38383335,0.86149997,0.72366667,0.2635,0.8601666,0.477,0.52566665,0.8415,0.11449999,0.49016666,0.80733335,0.34183332,0.7565,0.19116667,0.43166667,0.6993333,0.54766667,0.7366667,0.51166666,0.49333334,0.26666668,0.43033332,0.16549999,0.39850003,0.31166667,0.14333333,0.7795,0.16883333,0.097666666,0.93999994,0.6515,0.1635,0.63016665,0.5298333,0.443,0.23883334,0.7856667,0.6688333,0.551,0.54316664,0.5376667,0.31916666,0.42083335,0.39983332,0.422,0.51600003,0.29466668,0.6045,0.1275,0.569,0.9916667,0.10766667,0.37483335,0.39083332,0.5283333,0.97066665,0.628,0.1095,0.22533333,0.17050001,0.15216666,0.5215,0.94766665
BC2026_Train_0015_S18_20211016_011500_40,0.4601667,0.44433334,0.13183333,0.80149996,0.775,0.21766666,0.15883332,0.13116667,0.56866664,0.669,0.6315,0.17616667,0.5865,0.6791667,0.66533333,0.5115,0.36466664,0.35883334,0.6346667,0.22033334,0.7556667,0.803,0.3115,0.52916664,0.9325,0.654,0.79033333,0.7425,0.27283332,0.31416667,0.59616673,0.6031667,0.38516667,0.7228333,0.64699996,0.5276667,0.5388333,0.40566665,0.27033332,0.53816664,0.24866667,0.37600002,0.61066663,0.62333333,0.5596667,0.561,0.4306667,0.2665,0.2706667,0.4181667,0.6156667,0.6196667,0.6156667,0.37566668,0.48416668,0.46666667,0.7061667,0.73899996,0.303,0.36566666,0.8196666,0.25733334,0.47083336,0.62016666,0.86716664,0.63033336,0.30666667,0.7166667,0.15866667,0.214,0.79616666,0.63016665,0.5083333,0.24366668,0.49400002,0.462,0.77666664,0.33600003,0.47966665,0.24783334,0.121999994,0.5633333,0.31616667,0.3015,0.44699997,0.4721667,0.6545,0.45383334,0.5768333,0.28350002,0.5963333,0.7546667,0.127,0.28,0.27016667,0.08416667,0.067833334,0.18316667,0.18066667,0.5065,0.5856667,0.16616666,0.43383333,0.6045,0.7235,0.35933334,0.94816667,0.77349997,0.32633334,0.7546667,0.449,0.24033333,0.54649997,0.503,0.3475,0.41899997,0.9203334,0.128,0.94366664,0.26816666,0.13283333,0.31716666,0.8438333,0.45416668,0.71566665,0.09633334,0.2775,0.6806667,0.8938334,0.17733334,0.06983333,0.13716666,0.27833334,0.41866666,0.389,0.31716666,0.147,0.289,0.3205,0.5531667,0.49199998,0.32383332,0.48866665,0.36216664,0.449,0.30800003,0.69733334,0.37450004,0.27916667,0.15766665,0.47316667,0.26216665,0.7656667,0.95799994,0.30533335,0.72716665,0.42016667,0.992,0.56266665,0.33733332,0.32616666,0.34308332,0.276,0.674,0.29066667,0.26116666,0.29483333,0.5173333,0.752,0.36116666,0.46,0.2855,0.8861667,0.7301667,0.23633333,0.89100003,0.4781667,0.47866666,0.8776667,0.11033332,0.53316665,0.7615,0.2546667,0.72150004,0.23316666,0.45816666,0.85033333,0.6256666,0.8601666,0.35,0.60116667,0.2995,0.47033334,0.14633334,0.54766667,0.52716666,0.18200001,0.8218334,0.176,0.12816666,0.92899996,0.58466667,0.122,0.723,0.5415,0.3695,0.27316666,0.6208333,0.71266663,0.557,0.6551666,0.49883336,0.3243333,0.6061667,0.38816667,0.40583333,0.5706667,0.227,0.5546667,0.35016668,0.6508333,0.9781667,0.1435,0.225,0.39916664,0.52183336,0.98899996,0.5976666,0.1445,0.30916667,0.268,0.25733334,0.65666664,0.96300006
BC2026_Train_0015_S18_20211016_011500_45,0.34233332,0.49733335,0.13766667,0.796,0.6875,0.17916666,0.14666668,0.103833325,0.4848333,0.6813333,0.6468333,0.301,0.5936667,0.67083335,0.55550003,0.42083332,0.49666667,0.28649998,0.6331667,0.18416667,0.65033334,0.7388333,0.0915,0.5873333,0.8723334,0.5581666,0.76783335,0.9386667,0.30983335,0.46366668,0.6518333,0.634,0.38266668,0.68416667,0.7008333,0.576,0.5261667,0.45033333,0.25849998,0.52099997,0.26033333,0.37666667,0.58766663,0.62983334,0.65749997,0.66283333,0.46033335,0.32533336,0.25933334,0.4095,0.60099995,0.60499996,0.6023333,0.35283333,0.4905,0.39166668,0.7116667,0.7365,0.3746667,0.44166666,0.8838333,0.1895,0.40883335,0.601,0.871,0.6281667,0.436,0.57283336,0.087,0.20316666,0.81766665,0.537,0.34783334,0.1935,0.60033333,0.57883334,0.7941667,0.29425,0.35833332,0.26216668,0.051333334,0.49300003,0.21266666,0.22266667,0.30266666,0.50416666,0.7935,0.24899998,0.52683336,0.14649999,0.6583333,0.8263333,0.0845,0.2305,0.236,0.0635,0.0285,0.17816666,0.15533334,0.3435,0.565,0.16683333,0.5055,0.6516667,0.802,0.19633332,0.947,0.7221667,0.25116667,0.7813333,0.44816667,0.26216668,0.58266664,0.55083334,0.3105,0.43383333,0.8951667,0.07433333,0.9561667,0.25800002,0.14166667,0.4256667,0.9395,0.425,0.75733334,0.09866667,0.10983333,0.7716667,0.92200005,0.12833333,0.083333336,0.15,0.2145,0.26316667,0.25149998,0.18883333,0.071333334,0.3491667,0.48158333,0.598,0.44333333,0.236,0.43166667,0.31716666,0.5353333,0.19516666,0.73366666,0.39466667,0.24883333,0.12783334,0.4185,0.274,0.60216665,0.97566664,0.29299998,0.76266664,0.3585,0.9685,0.48016667,0.21566667,0.34333333,0.3383333,0.25566667,0.83883333,0.28183335,0.28416666,0.20433334,0.6881666,0.81766665,0.41716668,0.42783335,0.4595,0.8903333,0.68299997,0.27283332,0.83883333,0.27816665,0.6045,0.7975,0.13216667,0.5875,0.8301667,0.22233333,0.698,0.20233333,0.4885,0.75866663,0.66933334,0.81799996,0.4263333,0.4365,0.14333335,0.33433333,0.15966667,0.53550005,0.49266666,0.13166666,0.838,0.15616667,0.079666674,0.96466666,0.5775,0.15266666,0.68983334,0.6035,0.32466668,0.25016665,0.6175,0.7615,0.523,0.53499997,0.61766666,0.28766665,0.6986667,0.52099997,0.51566666,0.46316665,0.17233333,0.545,0.1435,0.588,0.98916674,0.081999995,0.25483334,0.31583333,0.5195,0.96650004,0.61366665,0.082833335,0.22633332,0.187,0.122833334,0.6168333,0.97533333
BC2026_Train_0015_S18_20211016_011500_50,0.2175,0.53333336,0.18433332,0.8125,0.5541667,0.1345,0.20533332,0.09466667,0.48666668,0.6305,0.6141666,0.35716665,0.68733335,0.59583336,0.5943333,0.5133333,0.31133333,0.27183333,0.59316665,0.16441667,0.70566666,0.77283335,0.172,0.37533334,0.8908333,0.61116666,0.6411667,0.92700005,0.3055,0.39433333,0.5248334,0.61083335,0.31066668,0.78966665,0.633,0.70949996,0.5071667,0.39983335,0.15900001,0.5566666,0.20533334,0.22733334,0.5416667,0.62016666,0.65033334,0.6545,0.47683334,0.2935,0.20016666,0.3588333,0.555,0.55633336,0.555,0.30883333,0.488,0.36383334,0.72249997,0.768,0.6415,0.3535,0.89666665,0.14566666,0.449,0.5941667,0.9113333,0.574,0.486,0.5295,0.105,0.16683334,0.7798333,0.532,0.39283335,0.14816666,0.6916666,0.49650002,0.687,0.27383333,0.29333332,0.23833331,0.031166667,0.34033334,0.26983333,0.19216666,0.33516666,0.47933334,0.7281667,0.6795,0.5046667,0.1135,0.5625,0.8621667,0.07233333,0.282,0.3078333,0.08133334,0.028666668,0.15316667,0.338,0.37350002,0.5441667,0.13299999,0.49716666,0.63516665,0.6918333,0.32999998,0.95533335,0.673,0.2465,0.7795,0.61,0.16933334,0.6005,0.6511667,0.2,0.44983333,0.97716665,0.083000004,0.9701667,0.3235,0.17266667,0.4735,0.8911667,0.43716666,0.86883336,0.052666668,0.071,0.7786667,0.9285,0.1435,0.11016667,0.20783333,0.26383334,0.3681667,0.24766666,0.252,0.05883333,0.39216667,0.4245,0.5121667,0.38266665,0.32366666,0.50416666,0.225,0.4005,0.20249999,0.7,0.42983332,0.23516667,0.108166665,0.212,0.29966664,0.7953333,0.93133336,0.34066665,0.79316664,0.42966667,0.9336667,0.5321667,0.14666668,0.35616666,0.2898333,0.27933332,0.81583333,0.2235,0.41266668,0.17733334,0.6975,0.7431667,0.465,0.5236666,0.23816666,0.8401666,0.7916666,0.15566666,0.8031667,0.21716666,0.67466664,0.8135,0.22516666,0.6045,0.9098333,0.298,0.8941667,0.16133334,0.40099996,0.9075,0.5873333,0.9178333,0.45716667,0.56266665,0.15233333,0.32133335,0.14116667,0.36533332,0.63133335,0.1105,0.8558333,0.2005,0.08383334,0.9601667,0.22733334,0.12766667,0.796,0.5758333,0.3075,0.28583336,0.48633334,0.66583335,0.54999995,0.5516666,0.67333335,0.31216666,0.6838333,0.45183334,0.42783335,0.53150004,0.23449999,0.646,0.155,0.6573333,0.99866664,0.0895,0.264,0.29983333,0.52783334,0.97033334,0.5061667,0.05116667,0.20583333,0.185,0.119166665,0.615,0.98916674
BC2026_Train_0015_S18_20211016_011500_55,0.323,0.5075,0.20750001,0.8233333,0.5375,0.21616668,0.21366666,0.14616667,0.50916666,0.723,0.6451667,0.3315,0.8796667,0.62083334,0.72083336,0.5985,0.25133333,0.30433333,0.7561667,0.22216666,0.6105,0.8505,0.414,0.41766667,0.8903333,0.6458333,0.649,0.7675,0.40433332,0.40366668,0.5058333,0.6016666,0.29483333,0.7555001,0.6451667,0.61366665,0.5408333,0.47033334,0.21066667,0.52016664,0.24116667,0.28166667,0.5976666,0.6178333,0.60400003,0.5973333,0.49633336,0.317,0.29733333,0.466,0.61116666,0.6123333,0.611,0.34933335,0.4741667,0.45,0.71266663,0.87266666,0.43366665,0.31483334,0.8473333,0.29516667,0.51166666,0.6288333,0.89133334,0.5336667,0.33699998,0.5118333,0.11716667,0.21716666,0.802,0.78558326,0.551,0.24149999,0.612,0.5388333,0.79566664,0.30333334,0.35066667,0.23333333,0.08533334,0.5268333,0.3235,0.23516667,0.5955,0.66833335,0.674,0.885,0.7076667,0.16700001,0.63283336,0.8281666,0.2845,0.34883332,0.60083336,0.086500004,0.1295,0.291,0.32383335,0.525,0.57683337,0.134,0.53716666,0.571,0.5895,0.33916667,0.8743333,0.66999996,0.31266665,0.8508333,0.51483333,0.29216668,0.649,0.594,0.24233332,0.49466667,0.9418333,0.097333334,0.9791667,0.274,0.19216666,0.3875,0.92433333,0.45616668,0.7131667,0.093833335,0.121,0.7936667,0.91400003,0.176,0.18716666,0.29133332,0.24133334,0.52099997,0.31416667,0.24399999,0.09583333,0.41566664,0.3934167,0.506,0.46583334,0.39616668,0.46383333,0.4403333,0.44166666,0.23533332,0.59216666,0.35533333,0.25,0.2825,0.22283334,0.44350004,0.83566666,0.9118334,0.339,0.7683333,0.571,0.9465,0.56883335,0.275,0.34916666,0.542,0.3623333,0.584,0.25316668,0.65666664,0.20983332,0.7388333,0.7821667,0.53733337,0.4976667,0.406,0.7705,0.76500005,0.15816666,0.88966674,0.3121667,0.801,0.81283337,0.22533333,0.60800004,0.86716664,0.33766666,0.707,0.2415,0.4626667,0.8655,0.52016664,0.82383335,0.49033332,0.46366668,0.25,0.7616667,0.17050001,0.48183334,0.48049998,0.20683333,0.833,0.21966666,0.13716666,0.96033335,0.253,0.14500001,0.75600004,0.6591667,0.52099997,0.72583336,0.65466666,0.87900007,0.67649996,0.66566664,0.6401667,0.24166664,0.5488333,0.4795,0.38349998,0.57949996,0.29583335,0.54933333,0.34766665,0.5541667,0.9648333,0.1585,0.19583333,0.53816664,0.49816665,0.97650003,0.59333336,0.11050001,0.29833332,0.22033332,0.20866667,0.6193333,0.97833335
BC2026_Train_0015_S18_20211016_011500_60,0.52849996,0.62583333,0.3541667,0.8365,0.68333334,0.373,0.3103333,0.29366666,0.5061667,0.73083335,0.69016665,0.5165,0.8451667,0.7583333,0.8471667,0.527,0.36783332,0.491,0.8478333,0.29916665,0.70566666,0.80233335,0.3331667,0.5916667,0.93016666,0.75133336,0.771,0.77966666,0.42066666,0.55700004,0.6165,0.6473333,0.38083333,0.7055,0.7441666,0.58566666,0.54183334,0.5405,0.306,0.56133336,0.35466668,0.40683335,0.7335,0.6541667,0.5425,0.5398333,0.6315,0.55399996,0.40333334,0.551,0.7565,0.75783336,0.75783336,0.41066667,0.5786667,0.68333334,0.7058333,0.9150001,0.42883334,0.374,0.85033333,0.3,0.53616667,0.6346667,0.97216666,0.5755,0.41333333,0.62016666,0.18033335,0.33016664,0.5606667,0.79758334,0.46716666,0.27816665,0.5286666,0.41016668,0.7745,0.18966667,0.338,0.19316667,0.18133333,0.7381667,0.30666667,0.272,0.5491667,0.5948334,0.8373333,0.82199997,0.64750004,0.19883335,0.76416665,0.7686666,0.39466667,0.30566666,0.4288333,0.042999998,0.100499995,0.21483332,0.287,0.375,0.6633333,0.1935,0.5528333,0.5798334,0.63983333,0.36533332,0.8475,0.7271667,0.37,0.7945,0.5273333,0.26133335,0.60400003,0.563,0.39516667,0.53733337,0.97900003,0.121999994,1.0,0.21783334,0.18166667,0.33483332,0.7895,0.4898333,0.6925,0.11,0.30216664,0.68799996,0.9396666,0.14966667,0.25633335,0.32166666,0.21266668,0.48166668,0.3031667,0.42583334,0.168,0.32766667,0.345,0.56233335,0.53933334,0.461,0.4505,0.38783336,0.63016665,0.41783333,0.6655,0.37050003,0.25883332,0.23866668,0.20199999,0.43916667,0.749,0.9183333,0.29783335,0.72983336,0.5071666,0.91166663,0.52849996,0.19366667,0.38866666,0.6045,0.30683333,0.62333333,0.29166666,0.6653334,0.24716666,0.57974994,0.85683334,0.46066666,0.44466665,0.40883335,0.86583334,0.7298333,0.18433332,0.89550006,0.41066664,0.77533334,0.8298334,0.179,0.4698333,0.9241667,0.3701667,0.6165,0.2848333,0.518,0.8988333,0.54800004,0.8478333,0.37666667,0.46183333,0.32566667,0.7228333,0.123333335,0.47983333,0.54616666,0.2715,0.83950007,0.29016668,0.173,0.93983334,0.49966666,0.29116666,0.7508333,0.6368333,0.41750002,0.68833333,0.559,0.8998333,0.7396667,0.62333333,0.64566666,0.25216666,0.49850002,0.48250002,0.3595,0.48683333,0.24599999,0.5311667,0.49983335,0.649,0.97483337,0.1995,0.34100002,0.48083335,0.48583332,0.9555,0.49116665,0.1765,0.30316666,0.2891667,0.18783334,0.62749994,0.9061667
BC2026_Train_0016_S18_20220204_221500_5,0.3595,0.2515,0.22233333,0.6576667,0.55833334,0.25433332,0.9463333,0.71666664,0.65958333,0.8351667,0.71433336,0.7188333,0.84216666,0.88883334,0.5566667,0.6041667,0.91066664,0.8021667,1.0,0.6806667,0.83133334,0.51,1.0,0.63633335,0.33566666,0.9775,0.41533333,0.5603334,0.114833325,0.5415,0.43733335,0.43566668,0.32250002,0.806,0.1495,0.5261667,0.53966665,0.39,0.6948333,0.40583333,0.34983334,0.61516666,0.20899999,0.33533335,0.28433332,0.315,0.32250002,0.23433334,0.22683333,0.301,0.275,0.26433334,0.27366668,0.5416667,0.34149998,0.30833334,0.57916665,0.7338333,0.21866667,0.70683336,0.5696667,0.32766664,0.8476666,0.6341666,0.44933334,0.50783336,0.7176667,0.689,0.45033333,0.41566667,0.24499999,0.45966667,0.35833332,0.21866667,0.429,0.09166667,0.92066664,0.53,0.35983336,0.43733335,0.5031667,0.14516667,0.89849997,0.89966667,0.48599997,0.35666668,0.7873333,0.45683336,0.30816668,0.8393333,0.7211666,0.40350002,0.34783334,0.5241667,0.9561667,0.7748333,0.48633337,0.4585,0.645,0.3063333,0.459,0.258,0.3005,0.79933333,0.9916667,0.546,0.403,0.5605,0.225,0.25183332,0.24016666,0.908,0.34433332,0.21633333,0.643,0.49549997,0.78666663,0.9431666,0.885,0.203,0.87,0.85300004,0.26666668,0.3063333,0.76016665,0.14,0.219,0.4221667,0.7573334,0.7491666,0.637,0.4795,0.5553333,0.33433336,0.20099999,0.69866663,0.59525,0.562,0.29583335,0.63016665,0.7416667,0.53783333,0.53033334,0.36916667,0.1825,0.61433333,0.23133333,0.36683333,0.3426667,0.48000002,0.63633335,0.5021667,0.2155,0.33766666,0.3705,0.48716667,0.691,0.29583335,0.19549999,0.896,0.49683335,0.19883335,0.1265,0.4935,0.19816667,0.825,0.88233334,0.51750004,0.12516667,0.36900002,0.344,0.5693333,0.198,0.273,0.32133335,0.9293333,0.43366665,0.7251667,0.153,0.6755,0.26833332,0.7276667,0.5186667,0.19466667,0.24083333,0.5595,0.44083333,0.27566665,0.4345,0.8165,0.7066667,0.57449996,0.32333332,0.35616666,0.15033333,0.19333333,0.2655,0.34033334,0.305,0.8675,0.298,0.925,0.45583332,0.10366666,0.50516665,0.28533334,0.66583335,0.65583336,0.4328333,0.48966664,0.68149996,0.5873333,0.38516667,0.95183337,0.78316665,0.59208333,0.42166668,0.6818333,0.36366665,0.60483336,0.36833334,0.58833337,0.5795,0.20699999,0.107833326,0.23699999,0.40466666,0.772,0.19549999,0.3,0.061333336,0.39916664,0.36283332,0.5656667
BC2026_Train_0016_S18_20220204_221500_10,0.4326667,0.23983333,0.105333336,0.7176666,0.37083334,0.1535,0.9446667,0.5553333,0.5775,0.92483336,0.7571666,0.65650004,0.7895,0.625,0.36933333,0.6285,0.80733335,0.33933333,0.9958334,0.6793333,0.7513333,0.43033332,0.98099995,0.6653334,0.22866666,0.686,0.40066665,0.31416667,0.056166667,0.504,0.44333333,0.313,0.2785,0.75483334,0.10366666,0.40533334,0.46058333,0.26700002,0.7428333,0.37133333,0.43933332,0.6446667,0.277,0.29033333,0.26066667,0.298,0.28683335,0.19749999,0.186,0.21033333,0.30683333,0.31766665,0.30150002,0.70933336,0.34,0.19166666,0.5133334,0.8048334,0.06716666,0.434,0.498,0.18633333,0.7368334,0.633,0.4415,0.5063333,0.6963333,0.51,0.35016668,0.398,0.21633333,0.38808334,0.30333334,0.050333332,0.37050003,0.2025,0.8321667,0.472,0.38950002,0.32333332,0.32433334,0.1645,0.8861667,0.4235,0.52533334,0.40199998,0.7611667,0.57316667,0.30466667,0.47583333,0.40308332,0.26716667,0.21966666,0.42766666,0.8756666,0.5025,0.387,0.361,0.45175,0.138,0.396,0.34350002,0.113333344,0.8065,0.819,0.27583334,0.394,0.26983333,0.19916666,0.2866667,0.214,0.80633336,0.41316667,0.23183334,0.33583334,0.3755,0.826,0.8641666,0.78391665,0.09533334,0.7165,0.6061666,0.242,0.15566666,0.5973333,0.10233334,0.19333333,0.3466667,0.54833335,0.75699997,0.5266667,0.50350004,0.55916667,0.38216668,0.109,0.54116666,0.38625,0.32883334,0.24116667,0.69983333,0.6065,0.42266667,0.34883332,0.20449999,0.12583333,0.40616667,0.17233333,0.3795,0.2845,0.4355,0.32633334,0.29716665,0.27366668,0.38599998,0.3215,0.25833333,0.5373333,0.2625,0.19466667,0.68700004,0.46733332,0.65999997,0.17466667,0.31666666,0.12466667,0.5643333,0.64566666,0.39883333,0.15016666,0.22850001,0.27699998,0.283,0.3055,0.33366665,0.20033333,0.81116664,0.28266668,0.8988333,0.08866666,0.39083335,0.2375,0.47399998,0.537,0.31149998,0.205,0.40033332,0.45383334,0.19766667,0.38766667,0.86483335,0.52033335,0.7165,0.39316666,0.33033332,0.119,0.16766666,0.22766668,0.3426667,0.17983334,0.5866667,0.60366666,0.95533335,0.30400002,0.16600001,0.58133334,0.11749999,0.8071667,0.21283334,0.44350004,0.9213333,0.35116667,0.5326667,0.48900002,0.7873333,0.75049996,0.6053333,0.1575,0.52900004,0.5211667,0.5103333,0.25483334,0.5001667,0.36283335,0.11883333,0.21816668,0.2575,0.25266668,0.66116667,0.13333333,0.15133333,0.050166667,0.28800002,0.2435,0.5153333
BC2026_Train_0016_S18_20220204_221500_15,0.4125,0.34816664,0.125,0.753,0.45,0.12449999,0.93316674,0.4995,0.562,0.91316664,0.7428333,0.5568333,0.73550004,0.6041667,0.46083337,0.7326667,0.60183334,0.115166664,0.9663333,0.4421667,0.73450005,0.31916666,0.8236667,0.67399997,0.15866667,0.396,0.32050002,0.49683332,0.088,0.60083336,0.4325,0.3485,0.34016666,0.7791667,0.17983332,0.43899998,0.44950002,0.22566666,0.76699996,0.4185,0.35183334,0.6268333,0.37133333,0.33249998,0.31866667,0.35066667,0.35466668,0.15616667,0.228,0.2315,0.42066666,0.41266668,0.40333334,0.569,0.42483333,0.17083333,0.4766667,0.81533337,0.074,0.44950002,0.39233333,0.329,0.6836667,0.6218333,0.2805,0.4521667,0.509,0.64350003,0.37266666,0.5161667,0.19566667,0.31433332,0.34883332,0.074,0.36249998,0.2546667,0.5276667,0.32883334,0.63633335,0.55016667,0.38666666,0.09633334,0.85416675,0.6025,0.39716667,0.36650002,0.6695,0.77816665,0.33933333,0.41366667,0.32216665,0.2865,0.4525,0.48116666,0.8093333,0.46733332,0.43466666,0.26383334,0.3215,0.2725,0.4425,0.2651667,0.1645,0.7726667,0.89533335,0.34033334,0.40233332,0.56766665,0.157,0.31533334,0.18566667,0.95,0.37266666,0.176,0.3565,0.28933334,0.9036666,0.87583333,0.8981667,0.07166667,0.41666666,0.3215,0.14783333,0.15433332,0.67516667,0.0715,0.32050002,0.55516666,0.56983334,0.7036667,0.4245,0.565,0.57166666,0.17566666,0.10716666,0.15116666,0.34466666,0.39283335,0.168,0.6893333,0.6953333,0.281,0.4096667,0.25566667,0.12466667,0.38633335,0.16816667,0.33016667,0.23716667,0.43550003,0.5886667,0.23583333,0.29549998,0.39566666,0.49983335,0.43833333,0.5248333,0.115,0.14183334,0.48033333,0.32016668,0.531,0.361,0.24566665,0.11033334,0.278,0.8,0.40366668,0.171,0.294,0.24033335,0.20866665,0.131,0.29083335,0.18200001,0.624,0.2155,0.9086667,0.11883333,0.3035,0.23266667,0.47016665,0.6203333,0.20199999,0.22916667,0.37133333,0.3721667,0.24316666,0.31233335,0.86916673,0.31416667,0.5298333,0.36983332,0.31233335,0.3165,0.23249999,0.10666667,0.28483334,0.33249998,0.569,0.6106667,0.7848333,0.228,0.5018333,0.6405,0.1545,0.7306667,0.30900002,0.3625,0.822,0.40066665,0.4201667,0.102,0.331,0.81450003,0.5405,0.21466666,0.52599996,0.59933335,0.5976666,0.28550002,0.374,0.26433334,0.1025,0.1995,0.2055,0.27366668,0.30666667,0.16266668,0.211,0.0785,0.25833333,0.29033333,0.31183335
BC2026_Train_0016_S18_20220204_221500_20,0.403,0.25816667,0.14933333,0.722,0.39166668,0.13833334,0.94033337,0.56016666,0.4476667,0.94733334,0.7556667,0.5651667,0.77183336,0.6,0.21516666,0.86466664,0.5851667,0.194,0.9195,0.39216667,0.69733334,0.31483334,0.7256667,0.7085,0.17566666,0.27133334,0.41266665,0.38166666,0.15483333,0.6831667,0.365,0.3055,0.24583334,0.58516663,0.15383333,0.355,0.523,0.27283335,0.7048333,0.3771667,0.2795,0.5585,0.3243333,0.29633334,0.33416668,0.3595,0.3561667,0.17466667,0.199,0.21616666,0.35933334,0.358,0.34866667,0.4791667,0.3725,0.108333334,0.48566666,0.78416663,0.07275,0.378,0.38483337,0.19783333,0.67550004,0.62333333,0.34100002,0.44333333,0.55583334,0.71316665,0.31233335,0.71916664,0.21666667,0.11533333,0.285,0.08833333,0.27433333,0.055,0.57750005,0.37166667,0.47966668,0.4441667,0.302,0.18400002,0.8171667,0.39066666,0.49633336,0.20233333,0.725,0.77233326,0.28116667,0.38199997,0.3025,0.10166667,0.1445,0.467,0.59000003,0.6211667,0.52349997,0.3395,0.32766667,0.112166665,0.47983333,0.42283335,0.23433332,0.74116665,0.8805,0.4145,0.34066665,0.29216668,0.109,0.28483334,0.17133334,0.8438333,0.49666667,0.16983333,0.29183334,0.2905,0.88250005,0.80983335,0.92,0.09216666,0.46791667,0.34583333,0.125,0.148,0.68766665,0.11816666,0.13049999,0.87333333,0.4608333,0.83166665,0.29566666,0.47316667,0.57033336,0.302,0.0825,0.14116666,0.43633336,0.45033333,0.120000005,0.6576667,0.6495,0.21516666,0.35833332,0.26483333,0.13683333,0.47833332,0.219,0.17266667,0.29233333,0.37016666,0.4338333,0.256,0.15516666,0.32466668,0.8785,0.36083335,0.5215,0.15783334,0.0585,0.36383334,0.28216666,0.38416666,0.17183334,0.19466667,0.11483333,0.12583333,0.66616666,0.108166665,0.05516666,0.27266666,0.19049999,0.17783332,0.10583333,0.313,0.19816667,0.5565,0.26766667,0.8656667,0.13350001,0.549,0.26283333,0.46033335,0.84916663,0.28433335,0.28633332,0.25366667,0.45700002,0.095,0.33666667,0.8016667,0.24966666,0.52933335,0.3565,0.12966666,0.14533333,0.24116667,0.07066667,0.23266667,0.21433333,0.51516664,0.39583334,0.81016666,0.211,0.36716667,0.56766665,0.078833334,0.56700003,0.2776667,0.40633333,0.79466665,0.48316664,0.31266665,0.26633334,0.2823333,0.75333333,0.46883336,0.17666666,0.36616665,0.51100004,0.35050002,0.24266668,0.42166665,0.3541667,0.32316667,0.093333334,0.39933333,0.2945,0.37866667,0.11816667,0.259,0.030833332,0.31316665,0.2625,0.1505
BC2026_Train_0016_S18_20220204_221500_25,0.32133335,0.226,0.0355,0.70650005,0.27083334,0.071,0.9736667,0.5331667,0.46983334,0.926,0.7473333,0.6276667,0.77199996,0.2625,0.12483333,0.74116665,0.50616664,0.153,0.8775,0.4135,0.64716667,0.26166666,0.5961667,0.67983335,0.21049999,0.18,0.37683335,0.2925,0.09133333,0.5685,0.3545,0.31466666,0.26033333,0.7085,0.118,0.40633333,0.48583332,0.19416666,0.61800003,0.40083334,0.2525,0.48599997,0.29716668,0.31066668,0.2785,0.31183332,0.27516666,0.14716667,0.13866667,0.164,0.33033332,0.32633334,0.32233334,0.4785,0.37083334,0.10000001,0.48316666,0.6473333,0.06316666,0.34616667,0.4105,0.22283334,0.6321667,0.5941667,0.22416666,0.42233333,0.39133334,0.62266666,0.28733334,0.5315,0.25116667,0.1065,0.36783335,0.16733333,0.28350002,0.142,0.7715,0.19316667,0.41683337,0.15916666,0.45083332,0.23583333,0.68083334,0.366,0.50549996,0.28083333,0.22733334,0.551,0.20533334,0.49366665,0.43033335,0.1415,0.097166665,0.30083334,0.3128333,0.40666667,0.5445,0.27366668,0.12183334,0.090833336,0.49933332,0.48950002,0.096666664,0.796,0.90166664,0.37983334,0.48716664,0.2975,0.075333335,0.21783334,0.0635,0.8576667,0.29166666,0.13499999,0.184,0.2455,0.88,0.7505,0.89966667,0.06983333,0.42416668,0.19366667,0.12066667,0.24933335,0.6488334,0.10583333,0.243,0.54433334,0.50450003,0.8535,0.29216665,0.563,0.362,0.101,0.119666666,0.17383333,0.229,0.39883333,0.0835,0.5793333,0.69533336,0.08083333,0.17066666,0.18216667,0.13849999,0.2145,0.15033333,0.2405,0.4735,0.292,0.64016664,0.15483333,0.16233332,0.2035,0.52566665,0.395,0.61116666,0.14666668,0.024333334,0.18966666,0.26766664,0.08933334,0.037,0.15433332,0.10316667,0.112,0.5388334,0.12766667,0.045666665,0.17283334,0.25849998,0.0955,0.13433333,0.27716666,0.16583332,0.8083334,0.25966668,0.6113333,0.0945,0.15466666,0.28599998,0.5696666,0.8876667,0.272,0.33616668,0.34366667,0.5401667,0.09483333,0.29416665,0.8911666,0.25583333,0.49449998,0.17033333,0.037,0.12633334,0.1065,0.1375,0.25,0.22150001,0.45333338,0.3056667,0.825,0.2285,0.081499994,0.46716666,0.060833335,0.35533333,0.30416664,0.38133335,0.37583333,0.21583334,0.22283335,0.26333335,0.405,0.77816665,0.3375,0.13000001,0.24816668,0.32366666,0.31383333,0.2155,0.74366665,0.43966666,0.29016668,0.021666668,0.246,0.41216668,0.36866665,0.08666667,0.15666667,0.03266667,0.44599998,0.25416666,0.16416666
BC2026_Train_0016_S18_20220204_221500_30,0.2708333,0.18933333,0.045166664,0.68116665,0.2875,0.13916665,0.98899996,0.51783335,0.38,0.9375,0.73183334,0.64,0.5875,0.3625,0.16533333,0.58466667,0.58433336,0.12583333,0.83175,0.333,0.65900004,0.29799998,0.59933335,0.7363334,0.127,0.16333334,0.385,0.39150003,0.034166668,0.5428333,0.32666665,0.24599999,0.23083334,0.8438333,0.13033333,0.42466664,0.39499998,0.14283334,0.563,0.4295,0.24416667,0.4355,0.26916665,0.2515,0.18166667,0.20833334,0.22933334,0.09933333,0.09966667,0.139,0.2801667,0.28283334,0.27083334,0.485,0.36083335,0.0875,0.4256667,0.5761666,0.075666666,0.25833333,0.35,0.2905,0.58883333,0.5533333,0.16566667,0.5275,0.36816666,0.5998333,0.23083332,0.3146667,0.18316667,0.08116667,0.36483335,0.075666666,0.48000002,0.13341667,0.72366667,0.30400002,0.478,0.3015,0.3325,0.14616667,0.7101667,0.3725,0.364,0.28033334,0.31391668,0.22283335,0.11883333,0.47483334,0.373,0.11400001,0.10666666,0.2815,0.27833334,0.438,0.51500005,0.18533334,0.0365,0.09983333,0.42216668,0.31883335,0.137,0.8416667,0.8401666,0.5336667,0.33033332,0.463,0.045500003,0.20266667,0.0445,0.9156667,0.2085,0.12449999,0.18583333,0.1405,0.839,0.86300004,0.947,0.048833333,0.4155,0.2715,0.133,0.19583333,0.60233337,0.107833326,0.097666666,0.23350002,0.4505,0.805,0.33983335,0.4,0.3645,0.108833335,0.076000005,0.11766667,0.40533334,0.39716667,0.17716667,0.463,0.5463333,0.019166667,0.3881667,0.086166665,0.10333333,0.19816667,0.12566666,0.21283333,0.2783333,0.3031667,0.6008333,0.12533334,0.10616666,0.16683333,0.26483333,0.28966665,0.44733334,0.08533334,0.026833333,0.09183334,0.20883332,0.108333334,0.19016665,0.056166667,0.075666666,0.031166667,0.5426667,0.083000004,0.0515,0.139,0.272,0.10066667,0.1665,0.231,0.12083334,0.6065,0.13066667,0.28083333,0.06583333,0.131,0.28916666,0.39883333,0.81283337,0.17449999,0.10433334,0.32816666,0.5273333,0.067833334,0.31783333,0.9175,0.3845,0.5736667,0.18183333,0.035833336,0.08816667,0.10316666,0.20333333,0.23966666,0.1575,0.6725,0.29066667,0.8333333,0.37383333,0.102,0.3525,0.029000001,0.24333332,0.20816667,0.4734167,0.12783334,0.09066667,0.24316667,0.10383333,0.25366667,0.7773334,0.48466665,0.1585,0.26000002,0.22183333,0.334,0.22716667,0.44233334,0.2405,0.2245,0.0175,0.12916666,0.27883333,0.30516666,0.1365,0.15016666,0.028333334,0.24566667,0.22533335,0.421
BC2026_Train_0016_S18_20220204_221500_35,0.17283332,0.15383333,0.1425,0.6756667,0.37916666,0.108666666,0.97924995,0.6641666,0.43316665,0.91233337,0.74083334,0.68466663,0.7328334,0.30416667,0.20408334,0.52933335,0.6166667,0.10616666,0.9176667,0.416,0.6766667,0.28783336,0.6476667,0.6721667,0.107,0.2495,0.48666665,0.37066668,0.04783333,0.5395,0.38266668,0.22483332,0.22891666,0.7685,0.15433332,0.38133335,0.3805,0.12666667,0.5743333,0.42766666,0.22266668,0.46999997,0.265,0.2155,0.117583334,0.135,0.2065,0.05666667,0.08316667,0.14783333,0.3,0.29333335,0.288,0.45549998,0.34733334,0.15833333,0.51516664,0.54733336,0.10000001,0.27016667,0.40533337,0.352,0.6498333,0.55766666,0.16066667,0.416,0.358,0.6071667,0.28616667,0.32833332,0.1865,0.07016666,0.07216667,0.205,0.41108334,0.0835,0.6638333,0.16166666,0.3843333,0.27583334,0.417,0.21350001,0.6793333,0.464,0.4321667,0.37733334,0.0565,0.17483334,0.07783333,0.38516667,0.225,0.18066667,0.277,0.2505,0.33066666,0.466,0.40816668,0.24716668,0.071,0.0635,0.41966665,0.4595,0.058000002,0.8028333,0.8178333,0.42866665,0.43950003,0.46683335,0.030000001,0.116500005,0.027833335,0.8193333,0.14283334,0.079833336,0.21583334,0.16466667,0.85866666,0.90816665,0.5683333,0.071,0.35099998,0.08166667,0.06683333,0.0935,0.5718334,0.15166667,0.30983335,0.23966667,0.2835,0.89716667,0.37883335,0.37583333,0.24216667,0.0565,0.09283333,0.18333334,0.29233333,0.30166665,0.10516666,0.60966665,0.40800002,0.026,0.17116667,0.074,0.1455,0.34,0.1275,0.303,0.24216665,0.34466666,0.59683335,0.053833336,0.108333334,0.124666676,0.3515,0.26366666,0.458,0.16333333,0.0405,0.3445,0.15933333,0.29933333,0.07333334,0.058000002,0.13216667,0.08133334,0.8125,0.023333333,0.0255,0.16,0.35216665,0.068166666,0.0935,0.15533334,0.15266666,0.5525,0.11841667,0.22616667,0.032166667,0.2065,0.195,0.41150004,0.47100002,0.23816666,0.15233333,0.17983332,0.41666666,0.050666668,0.31383333,0.9505,0.164,0.5096667,0.25366667,0.044,0.10783333,0.067833334,0.07033333,0.15083334,0.23316666,0.58716667,0.257,0.8501667,0.3875,0.071166664,0.27866668,0.0435,0.25883335,0.34816667,0.32683334,0.051833335,0.08816667,0.090333335,0.04416667,0.36616668,0.7673333,0.34083334,0.0915,0.3975,0.24433334,0.445,0.15666667,0.40150002,0.37416667,0.183,0.03816667,0.12933333,0.2355,0.27066666,0.11716667,0.17233333,0.035166666,0.25816667,0.214,0.2175
BC2026_Train_0016_S18_20220204_221500_40,0.43283334,0.23766667,0.14816666,0.68000007,0.5625,0.1985,0.9528333,0.7741667,0.36616668,0.9405,0.7378334,0.69816667,0.67083335,0.35,0.34283334,0.51483333,0.64849997,0.13049999,0.87950003,0.47766668,0.77166665,0.25816667,0.6915,0.7201667,0.23383334,0.331,0.5408333,0.43166667,0.09166667,0.6345,0.41566667,0.33983335,0.32066667,0.78166664,0.17616667,0.45883334,0.41316667,0.20366666,0.76316667,0.42933333,0.3005,0.6526667,0.314,0.325,0.17483333,0.1935,0.2705,0.12683333,0.197,0.22266668,0.3755,0.3595,0.3595,0.52066666,0.3745,0.25,0.5575,0.53900003,0.097333334,0.30216667,0.4175,0.4165,0.6465,0.50983334,0.1325,0.40416667,0.33833334,0.66400003,0.526,0.4148333,0.44933334,0.19166666,0.40666667,0.23166665,0.3955,0.036000002,0.78783333,0.285,0.33216667,0.365,0.49183333,0.41583335,0.7616667,0.6918333,0.43066666,0.46833336,0.17883334,0.3155,0.27816665,0.50016665,0.3175,0.19466667,0.37683332,0.48666668,0.5846666,0.581,0.6701666,0.28683335,0.06333333,0.06866667,0.387,0.50633335,0.123333335,0.80983335,0.814,0.396,0.5503333,0.5108334,0.029833334,0.16600001,0.032,0.8755001,0.20683333,0.09366667,0.33783334,0.20899999,0.93349993,0.91033334,0.85600007,0.0905,0.355,0.31633332,0.103,0.1485,0.69883335,0.068333335,0.299,0.31516665,0.48083335,0.8873333,0.38816667,0.38433334,0.48833334,0.056333337,0.13366666,0.24083333,0.24483334,0.48416668,0.18216667,0.63350004,0.62133336,0.045666665,0.30216667,0.15233333,0.25833333,0.44983333,0.18033333,0.19066668,0.40933335,0.52750003,0.5135,0.050833333,0.18383333,0.17916667,0.30916667,0.37433332,0.618,0.5606666,0.055333335,0.5771667,0.26433334,0.11533333,0.10716666,0.16083333,0.071,0.15,0.9068333,0.075666666,0.043333337,0.13933334,0.21966666,0.129,0.124,0.19433333,0.12683333,0.84499997,0.13441667,0.3465,0.0635,0.2335,0.248,0.49183333,0.5473333,0.284,0.345,0.2455,0.24066666,0.11766667,0.42049998,0.9275,0.192,0.4965,0.291,0.12066667,0.11466667,0.094166666,0.07716667,0.111499995,0.2035,0.6938333,0.31,0.93,0.31683332,0.119666666,0.3585,0.1445,0.284,0.1945,0.31483334,0.064666666,0.2245,0.22316667,0.326,0.27883333,0.7188333,0.44416666,0.29666668,0.47149998,0.2365,0.5538333,0.30449998,0.21583334,0.43516666,0.1635,0.09216666,0.15566666,0.42516667,0.43616667,0.18233334,0.19383332,0.10183333,0.29133332,0.4315,0.38316667
BC2026_Train_0016_S18_20220204_221500_45,0.50666666,0.36883333,0.43533334,0.727,0.6666667,0.45416668,0.9845833,0.75333333,0.49216667,0.9238334,0.70816666,0.70783335,0.8551667,0.65,0.6526667,0.6458333,0.68916667,0.29016668,0.8926667,0.61016667,0.8486666,0.356,0.81766665,0.814,0.45716667,0.6805,0.7161667,0.73366666,0.1935,0.6555,0.44166666,0.36866668,0.35916665,0.7773334,0.259,0.49116665,0.484,0.2275,0.7081667,0.443,0.33533335,0.64933336,0.36416668,0.38083333,0.2375,0.25483334,0.32183334,0.1485,0.26866665,0.23266667,0.41916665,0.4165,0.40850002,0.566,0.421,0.47500002,0.63600004,0.57033336,0.262,0.41616666,0.41083336,0.48566666,0.84183335,0.6293333,0.37083334,0.6425,0.55383337,0.81916666,0.6076667,0.5625,0.6016667,0.33233333,0.3885,0.16283333,0.41733336,0.121,0.76883334,0.44316667,0.61700004,0.5345,0.5208334,0.30183333,0.7136666,0.60216665,0.634,0.6245,0.33116668,0.22333333,0.21499999,0.48083335,0.659,0.24400002,0.37366664,0.51166666,0.71183336,0.8028333,0.5291667,0.33466667,0.08,0.22749999,0.36549997,0.506,0.21716666,0.8776667,0.91699994,0.62133336,0.49833333,0.82483333,0.06983333,0.27766666,0.052666668,0.96683335,0.46999997,0.14133334,0.52550006,0.35333332,0.7948333,0.986,0.7373333,0.0775,0.564,0.20166665,0.26783332,0.14966667,0.87666667,0.14566667,0.35566667,0.44150004,0.46916667,0.91116667,0.5933333,0.52933335,0.58033335,0.07416667,0.16666667,0.35483336,0.50616664,0.43783334,0.2866667,0.545,0.6943333,0.12733334,0.4825,0.17616667,0.39716667,0.6211667,0.25083333,0.2825,0.36966667,0.62983334,0.67866665,0.31433335,0.16816667,0.289,0.39916664,0.3491667,0.54233336,0.57449996,0.178,0.62633336,0.27866668,0.21583334,0.25133333,0.22916666,0.21066667,0.094333336,0.94483334,0.096499994,0.15133333,0.2546667,0.36699998,0.20266667,0.40366668,0.20866667,0.15466666,0.9713333,0.20033333,0.34183332,0.19583333,0.36133334,0.27383333,0.55966663,0.6635,0.33200002,0.17166667,0.49333334,0.37583333,0.18683332,0.46899998,0.92499995,0.38458335,0.51816666,0.36283335,0.19083333,0.27483332,0.27633333,0.18383333,0.19033334,0.23016666,0.90933335,0.26483333,0.9778334,0.55466664,0.15366668,0.5758333,0.14716665,0.34733334,0.5941667,0.35399997,0.082333334,0.20233333,0.27516666,0.18483333,0.34466666,0.77216667,0.42633334,0.1505,0.48333332,0.31016666,0.63766664,0.35716668,0.18133333,0.4225,0.29416665,0.12866667,0.24233332,0.54433334,0.4145,0.384,0.33133334,0.16883333,0.35,0.5696667,0.6675
BC2026_Train_0016_S18_20220204_221500_50,0.32349998,0.30283335,0.36633334,0.73,0.6958333,0.31316668,0.9971667,0.8043333,0.64783335,0.8401666,0.7155,0.77900004,0.89599997,0.7083333,0.6081667,0.68016666,0.84783334,0.44383335,0.9118334,0.9238334,0.844,0.41883335,0.9466666,0.7461667,0.4025,0.84416664,0.53966665,0.6193333,0.20699999,0.63666666,0.42550004,0.44550002,0.274,0.6835,0.21066667,0.52316666,0.43400002,0.18133333,0.5926666,0.45,0.2815,0.5358333,0.36216667,0.41216668,0.27983332,0.31483334,0.33016667,0.169,0.16233332,0.19516666,0.42900002,0.45033333,0.425,0.52383333,0.44583333,0.29166666,0.5928333,0.5925,0.22416666,0.6418333,0.7328334,0.37133333,0.89,0.68733335,0.449,0.6436667,0.553,0.78716666,0.39249998,0.39983332,0.4863333,0.27783334,0.2905,0.15866667,0.35083336,0.16383332,0.69449997,0.20433334,0.65783334,0.37266666,0.5103333,0.22133334,0.6656667,0.4996667,0.5805,0.5943333,0.47783333,0.28133333,0.20016667,0.65033334,0.6975,0.34483334,0.23283333,0.40066665,0.7953333,0.60433334,0.5248333,0.213,0.234,0.588,0.37533334,0.54083335,0.13366666,0.8378334,0.97983336,0.775,0.17866668,0.71416664,0.13,0.31866667,0.11750001,0.93450004,0.6791667,0.18683332,0.68591666,0.32999998,0.8268333,0.91050005,0.58033335,0.10433333,0.48116666,0.4791667,0.2085,0.104666665,0.86583334,0.09716667,0.37600002,0.36866665,0.62333333,0.8488333,0.4795,0.46,0.45883334,0.24083333,0.18883333,0.36066666,0.39200002,0.5331667,0.25083333,0.59283334,0.5433333,0.10433333,0.5043334,0.12533334,0.16366667,0.54849994,0.192,0.317,0.4338333,0.87866664,0.73,0.192,0.125,0.22316666,0.35966668,0.3355,0.7173334,0.23133335,0.20633334,0.5571667,0.37366664,0.39366665,0.14333333,0.32933334,0.22166666,0.12516667,0.91400003,0.2285,0.205,0.24766666,0.54083335,0.167,0.23833334,0.21216667,0.16516666,0.94483334,0.28483334,0.367,0.175,0.27216667,0.1965,0.86516666,0.49525,0.20199999,0.24700001,0.43183333,0.32716668,0.2135,0.47933334,0.87516665,0.5096667,0.49699998,0.829,0.21766666,0.1495,0.32166666,0.20125,0.24266666,0.29416668,0.5801667,0.32183334,0.952,0.47883335,0.26716667,0.57166666,0.56233335,0.34316665,0.63033336,0.50699997,0.08400001,0.17083333,0.153,0.379,0.24700001,0.79233336,0.3531667,0.094166666,0.29299998,0.29583332,0.6195,0.39716667,0.3685,0.48250002,0.21700001,0.2775,0.175,0.3811667,0.35066667,0.25816667,0.16783333,0.08083333,0.27883333,0.39133334,0.55200005
BC2026_Train_0016_S18_20220204_221500_55,0.41066667,0.23783335,0.137,0.6928333,0.67083335,0.22216666,0.9875,0.65416664,0.607,0.9138334,0.697,0.6435,0.87799996,0.51666665,0.3625,0.6368333,0.8095,0.39266664,0.8765,0.9378333,0.82516664,0.3685,0.91283333,0.6166667,0.5108334,0.7998333,0.38583332,0.7108333,0.21283334,0.6051667,0.4075,0.48683333,0.24083334,0.49416667,0.15683334,0.48783332,0.46633333,0.22783333,0.49449998,0.40466666,0.24433334,0.46966666,0.30883333,0.45483333,0.23699999,0.26383334,0.31633332,0.12516665,0.15366668,0.24666667,0.39466667,0.4026667,0.38000003,0.4521667,0.406,0.20833333,0.5491667,0.5798333,0.13275,0.6243333,0.9195,0.2805,0.8456667,0.6963333,0.43816668,0.52716666,0.41316664,0.7606666,0.44016668,0.42316666,0.40766668,0.26883334,0.48133332,0.11908333,0.214,0.27233332,0.70566666,0.14016667,0.6586667,0.4501667,0.37,0.2065,0.64199996,0.8021667,0.47666666,0.42533332,0.26558334,0.22716668,0.20233333,0.5801667,0.71466666,0.30433333,0.35866666,0.39183334,0.60316664,0.692,0.37433335,0.2845,0.26116666,0.25183332,0.41533333,0.39150003,0.18766667,0.816,0.98933333,0.6155,0.28766665,0.574,0.18166667,0.28933334,0.06383333,0.8933333,0.536,0.21266666,0.6641667,0.41466668,0.93500006,0.8003333,0.839,0.050666668,0.5326667,0.48833334,0.15466668,0.39550003,0.89299995,0.16333333,0.20483333,0.337,0.6675,0.84566665,0.39325002,0.5478333,0.4585,0.30433333,0.18716666,0.19916666,0.45783335,0.2805,0.053166665,0.53,0.70649993,0.13133334,0.3484167,0.203,0.22983333,0.5825,0.1955,0.18233334,0.4665,0.58066666,0.49449998,0.22616667,0.11266667,0.304,0.35983336,0.19533333,0.64816666,0.13966666,0.113333344,0.45333332,0.27716666,0.50533336,0.34383336,0.29716665,0.27616668,0.20383333,0.7863333,0.16666667,0.2375,0.21766666,0.47016665,0.21366666,0.16916665,0.34333333,0.18433332,0.9878334,0.3205,0.35150003,0.10033333,0.09916667,0.29033333,0.92766666,0.78433335,0.5001667,0.414,0.48683333,0.361,0.09683333,0.44616666,0.8708333,0.29633334,0.53933334,0.38383335,0.090833336,0.0915,0.23766667,0.119,0.2445,0.27283335,0.4651667,0.30216667,0.93050003,0.31149998,0.18183333,0.5121667,0.30233333,0.34566665,0.5951667,0.48783332,0.11783333,0.24666667,0.22116666,0.16166666,0.40475,0.8095,0.36066666,0.09933333,0.40566665,0.238,0.47866666,0.459,0.45350003,0.60833335,0.12783334,0.22833332,0.18783334,0.56916666,0.45399997,0.13133334,0.22083333,0.074999996,0.3811667,0.26983333,0.28283334
BC2026_Train_0016_S18_20220204_221500_60,0.31483334,0.30133334,0.11266667,0.69116664,0.48333332,0.30483332,0.99866664,0.45883334,0.33383334,0.908,0.7186667,0.7581667,0.70350003,0.5833333,0.29983333,0.5636667,0.7491666,0.67399997,0.93466663,0.87299997,0.7148333,0.43216667,0.81916666,0.6803334,0.1985,0.56233335,0.5205,0.3983333,0.14366667,0.5656667,0.358,0.35283333,0.20433334,0.6458333,0.20466667,0.4515,0.46833336,0.17416666,0.48533332,0.4595,0.19683333,0.4051667,0.33033335,0.36516666,0.23666668,0.274,0.298,0.08916667,0.13483334,0.16333334,0.41883335,0.3975,0.39350003,0.42416668,0.41583332,0.15416667,0.4905,0.647,0.22816667,0.7263334,0.9745,0.31266665,0.7028333,0.63633335,0.48183334,0.396,0.38333333,0.615,0.41633332,0.38883334,0.42649996,0.19266666,0.4565,0.18316667,0.35833332,0.13383332,0.71916664,0.1945,0.867,0.6523334,0.486,0.19066668,0.6365,0.878,0.42183334,0.368,0.49699998,0.38216668,0.20483333,0.49683332,0.41750002,0.10383333,0.37216666,0.54033333,0.46233332,0.75,0.41566667,0.29450002,0.21016666,0.29383332,0.4913333,0.34833333,0.22883333,0.8143333,0.9228333,0.53283334,0.54183334,0.7158333,0.12416667,0.2605,0.101166666,0.9418333,0.35691667,0.13966666,0.509,0.21916667,0.8995,0.9,0.88949996,0.10933334,0.61333334,0.1555,0.2165,0.19166666,0.79349995,0.077,0.163,0.241,0.62100005,0.8808333,0.48416668,0.51166666,0.5255,0.15799999,0.182,0.1265,0.4865,0.38033333,0.08466667,0.47583333,0.63816667,0.39683333,0.32666665,0.0835,0.21083333,0.335,0.2185,0.31050003,0.5886667,0.4065,0.59816664,0.12216667,0.23666668,0.43366668,0.29133332,0.18916667,0.5391667,0.2015,0.0985,0.3955,0.49533334,0.08583333,0.39933333,0.135,0.4895,0.14333335,0.86883336,0.16233334,0.18016666,0.21233332,0.37949997,0.23216665,0.13316667,0.30766666,0.34466666,0.7891666,0.20133334,0.31333333,0.18433332,0.22,0.26216665,0.64816666,0.9133333,0.566,0.44633335,0.59183335,0.61483335,0.104499996,0.37566668,0.85833335,0.252,0.4895,0.3635,0.226,0.12816666,0.21616668,0.20199999,0.30433333,0.24899998,0.5298333,0.318,0.784,0.29066667,0.347,0.49,0.18816666,0.32516667,0.3105,0.41283333,0.22333333,0.38533336,0.20000002,0.6455,0.19683334,0.625,0.5115,0.077,0.46750003,0.24516666,0.57299995,0.36416665,0.7003333,0.5286667,0.17783333,0.078999996,0.22283332,0.463,0.228,0.18116665,0.3585,0.07033333,0.496,0.29650003,0.2785
BC2026_Train_0017_S22_20211026_233000_5,0.5528333,0.33066666,0.7475,0.6721667,0.53333336,0.38,0.7948333,0.834,0.5955,0.81916666,0.9028333,0.8895,0.6853333,0.4541667,0.236,0.75666666,0.47283334,0.49199998,0.98183334,0.6163333,0.476,0.8588333,0.35633332,0.9421667,0.23666666,0.22025,0.33683333,0.77683336,0.58016664,0.99733335,0.28483334,0.17033333,0.20216666,0.174,0.23050001,0.109500006,0.244,0.38533336,0.40433332,0.16316667,0.36249998,0.34166667,0.266,0.17433333,0.3195,0.3595,0.29733336,0.23833333,0.50366664,0.53083336,0.21366666,0.199,0.20433334,0.36133334,0.2045,0.85550004,0.18083334,0.908,0.9263333,0.9698334,0.9835,0.4235,0.315,0.78066665,0.8328333,0.8155,0.907,0.81200004,0.5083333,0.95275,0.41550002,0.14649999,0.18333334,0.9316666,0.44666666,0.338,0.16166666,0.34433332,0.04766667,0.8336667,0.5648333,0.094333336,0.9101667,0.6486666,0.5083333,0.63100004,0.24800001,0.9585,0.39566666,0.253,0.20783333,0.5186666,0.66216666,0.83666664,0.7678333,0.813,0.7646666,0.654,0.9138334,0.5736667,0.2165,0.47800002,0.206,0.9596666,0.8005,0.52416664,0.22933334,0.45383334,0.47433332,0.285,0.24183333,0.5061667,0.14816667,0.08849999,0.23066667,0.22166666,0.23350002,0.43283334,0.423,0.63566667,0.63699996,0.22966668,0.24116667,0.39216667,0.93916667,0.34550002,0.3815,0.51416665,0.040333334,0.39066666,0.873,0.486,0.8773333,0.96666664,0.49983335,0.09633334,0.54933333,0.7093333,0.45033333,0.9611666,0.4475,0.2835,0.08833334,0.105,0.9655,0.34316665,0.10166667,0.61516666,0.6986667,0.28250003,0.4815,0.20433334,0.44383332,0.066,0.88983333,0.286,0.4691667,0.43683335,0.0835,0.36333334,0.07866667,0.78199995,0.73516667,0.24966666,0.119833335,0.9281666,0.6446667,0.31766665,0.097833335,0.2795,0.6265,0.2801667,0.15900001,0.21233334,0.35966668,0.9405,0.15616667,0.86300004,0.39633334,0.9098333,0.12783334,0.050666668,0.45983332,0.34516668,0.51666665,0.20266668,0.23583332,0.16233334,0.067833334,0.33616668,0.057166666,0.9156667,0.50549996,0.77250004,0.3445,0.48783332,0.331,0.07733334,0.6476667,0.65316665,0.1445,0.15983334,0.3915,0.34849998,0.35099998,0.36299998,0.9711667,0.3905,0.33233333,0.841,0.23283333,0.45316666,0.50450003,0.56049997,0.88883334,0.7686666,0.26716667,0.7938334,0.167,0.716,0.22016667,0.251,0.7558333,0.23466668,0.185,0.4085,0.42016667,0.69616663,0.6038333,0.5,0.66116667,0.57299995,0.20899999,0.08516666
BC2026_Train_0017_S22_20211026_233000_10,0.56549996,0.28966665,0.72900003,0.6428333,0.625,0.43233335,0.7058333,0.9005,0.6178333,0.811,0.8656667,0.81200004,0.8348333,0.104166664,0.27216667,0.81583333,0.42033333,0.7718333,0.98883337,0.72650003,0.46566668,0.9705,0.23466668,0.7438333,0.20533334,0.20083332,0.39083335,0.74583334,0.41183332,0.9958334,0.28258336,0.2075,0.28533334,0.13833334,0.25533333,0.115666665,0.2815,0.49150002,0.43033332,0.16499999,0.42683333,0.356,0.16966666,0.20333333,0.273,0.29299998,0.37416667,0.35033333,0.55883336,0.641,0.18466666,0.16183333,0.17533334,0.32866666,0.20633334,0.8513334,0.18516667,0.8665,0.8556667,0.9918333,0.9918333,0.5455,0.33383334,0.804,0.93850005,0.8475,0.87549996,0.9485,0.5365,0.9696667,0.382,0.1235,0.378,0.96916664,0.5485,0.37383333,0.13849999,0.36400002,0.0605,0.94949996,0.6405,0.13666667,0.8236667,0.5216667,0.49266666,0.657,0.2935,0.90900004,0.47783333,0.231,0.16883333,0.57816666,0.342,0.79700005,0.69766665,0.8768333,0.7755,0.5933333,0.7726667,0.5808333,0.20116666,0.63633335,0.26666668,0.9763334,0.88949996,0.3816667,0.3265,0.56383336,0.43100002,0.10216667,0.22966665,0.48016667,0.28583333,0.07766667,0.23283334,0.20766667,0.088,0.45033333,0.28116667,0.7656667,0.62383336,0.38416666,0.14933333,0.48400003,0.90700006,0.45066667,0.425,0.44283333,0.033,0.48066667,0.8451667,0.41166666,0.9785,0.9501667,0.5365,0.14333335,0.6443333,0.88516665,0.61550003,0.95416665,0.372,0.37150002,0.0485,0.09783333,0.95833325,0.30616665,0.08849999,0.81500006,0.63516665,0.28766668,0.43366665,0.4476667,0.2891667,0.049833335,0.8711667,0.46133336,0.59000003,0.21016666,0.042666666,0.45466667,0.09383333,0.5478333,0.7475,0.5438333,0.024166666,0.9663333,0.5463333,0.3541667,0.10433333,0.18200001,0.68050003,0.3771667,0.0475,0.38916665,0.544,0.74350005,0.15633333,0.86183333,0.24366665,0.78650004,0.071,0.104833335,0.2963333,0.18016666,0.43883336,0.031333335,0.17316666,0.07483333,0.24666667,0.42049998,0.035666667,0.9131667,0.6408334,0.7571667,0.35683334,0.39133334,0.30083334,0.050166667,0.57850003,0.72933334,0.07316667,0.41933334,0.65083337,0.19883333,0.291,0.34616667,0.964,0.30083334,0.35633332,0.67116666,0.1215,0.20950001,0.6,0.60433334,0.9056667,0.7975,0.18883333,0.7856667,0.07,0.7161667,0.192,0.23916666,0.66050005,0.29083332,0.25033334,0.36266667,0.3146667,0.8071667,0.44383335,0.27899998,0.6095,0.6058333,0.15966666,0.058333334
BC2026_Train_0017_S22_20211026_233000_15,0.5656667,0.37116668,0.82366663,0.6333333,0.42083335,0.34083334,0.62833333,0.9513333,0.5323333,0.8355,0.956,0.95883334,0.55083334,0.079166666,0.14583333,0.74266666,0.44641668,0.2335,0.978,0.42866665,0.39683333,0.716,0.07216667,0.62216663,0.11933334,0.24533334,0.22833334,0.798,0.34766668,0.9943333,0.19566667,0.026500002,0.24283333,0.12083334,0.6116667,0.0195,0.09966667,0.40250003,0.40983334,0.052833334,0.45499998,0.33933333,0.088,0.023833334,0.21166667,0.213,0.31566668,0.29366666,0.5223333,0.56483334,0.08916666,0.061,0.07983333,0.25775,0.281,0.9278334,0.082333334,0.7186667,0.90733325,0.94116664,0.9681667,0.4583333,0.20466666,0.7543334,0.74716663,0.9311667,0.8996666,0.9411667,0.5121667,0.96533334,0.322,0.0715,0.05466667,0.9245,0.42033333,0.43083334,0.064833336,0.48833334,0.021833334,0.778,0.6253333,0.10616666,0.8546667,0.44483334,0.40066665,0.9751667,0.031833336,0.7456667,0.3565,0.17933333,0.23066667,0.94416666,0.288,0.7288334,0.5306667,0.7051667,0.877,0.583,0.40083334,0.29933333,0.12633333,0.6458333,0.348,0.9525,0.653,0.33600003,0.0925,0.257,0.26,0.023166668,0.09966667,0.37883335,0.09816667,0.050333336,0.43733332,0.0475,0.26316667,0.538,0.36766666,0.80583334,0.6061666,0.24016668,0.10816667,0.2665,0.944,0.38883334,0.18366666,0.46366668,0.022,0.447,0.9743333,0.17566666,0.8553333,0.92850006,0.31599998,0.17216666,0.5631667,0.9203334,0.5046667,0.9738333,0.40566668,0.07616667,0.031833336,0.041166667,0.97650003,0.35483333,0.06733333,0.816,0.544,0.28566667,0.41,0.26533335,0.3541667,0.063,0.76,0.44916666,0.33366665,0.22566667,0.07766667,0.30083334,0.046333335,0.32266667,0.6113333,0.823,0.06616667,0.86266667,0.5323333,0.312,0.2025,0.15166667,0.5406667,0.19316667,0.14466667,0.19299999,0.2975,0.5215,0.18800001,0.61183333,0.26883334,0.79433334,0.07483333,0.017666668,0.16566667,0.13966666,0.5006667,0.013833334,0.0815,0.11283333,0.07866667,0.284,0.071166664,0.9228333,0.4398333,0.5851667,0.33566666,0.3785,0.20516667,0.119666666,0.4315,0.6903333,0.023333333,0.32566667,0.54983336,0.24250002,0.16216666,0.27116665,0.9496667,0.41733336,0.1495,0.11016666,0.23083335,0.08583333,0.4105,0.55300003,0.916,0.8135,0.3825,0.7531667,0.0375,0.7581667,0.14883333,0.14633334,0.57733333,0.10133334,0.16016667,0.35099998,0.2735,0.5973333,0.39633334,0.2695,0.59816664,0.39083335,0.16916667,0.0885
BC2026_Train_0017_S22_20211026_233000_20,0.62733334,0.559,0.92,0.60550004,0.4583333,0.36016667,0.7741667,0.93233335,0.42966667,0.86750007,0.978,0.99866664,0.37983334,0.5208333,0.17633334,0.7231667,0.5326667,0.11266667,0.9026667,0.4895,0.43666667,0.4605,0.11316666,0.69666666,0.2611667,0.31866667,0.2715,0.8793334,0.6438333,0.98466665,0.32066667,0.0935,0.4515,0.1845,0.70183337,0.1315,0.147,0.44233334,0.4915,0.15533334,0.51699996,0.43083334,0.19083333,0.09883333,0.22933334,0.21733333,0.334,0.51933336,0.57033336,0.5656667,0.18016666,0.14266667,0.148,0.37516665,0.29933333,0.98183334,0.10066667,0.6465,0.7341666,0.77283335,0.9736667,0.51308334,0.25066668,0.6843333,0.55983335,0.9733333,0.9353334,0.9405,0.49866667,0.98333335,0.39483336,0.18416667,0.052666668,0.7581667,0.89933336,0.49,0.057333335,0.5071667,0.034,0.42533338,0.6203333,0.09183334,0.802,0.54183334,0.65583336,1.0,0.09266667,0.6721667,0.42741665,0.26999998,0.23816666,0.99016666,0.5498333,0.44633332,0.52433336,0.66400003,0.8546667,0.5988333,0.4755,0.206,0.1135,0.542,0.32083336,0.9778334,0.62983334,0.6308333,0.2205,0.32666665,0.2025,0.03466667,0.057333335,0.4265,0.17591667,0.027833335,0.42533335,0.10666667,0.22749999,0.52500004,0.32916668,0.7733334,0.64250004,0.33433333,0.23449999,0.14616667,0.9236667,0.25383335,0.18733335,0.7608333,0.052500002,0.3495,0.996,0.24516666,0.587,0.9918333,0.64549994,0.16633333,0.55516666,0.887,0.5761666,0.9723334,0.49833333,0.032166667,0.08483333,0.0275,0.9863334,0.24133334,0.05466667,0.83150005,0.6551667,0.22833332,0.5961667,0.20233333,0.15733334,0.0695,0.8723334,0.5308333,0.2495,0.2755,0.18366666,0.38633335,0.12266667,0.27183336,0.41933334,0.8571667,0.086166665,0.72733337,0.6306667,0.15116666,0.067666665,0.1235,0.6828333,0.13783333,0.13083333,0.1445,0.17816666,0.4931667,0.16516668,0.22166666,0.32316667,0.91150004,0.06533334,0.025833333,0.15333334,0.07016667,0.3426667,0.0915,0.19883333,0.11500001,0.18583333,0.54749995,0.050166667,0.949,0.37816668,0.64566666,0.1265,0.4215,0.34466666,0.041666668,0.57733333,0.5963333,0.036000002,0.35166666,0.88549995,0.32766667,0.13633333,0.30033332,0.97483337,0.6385,0.29483333,0.13083333,0.07766667,0.015333334,0.28383335,0.53674996,0.9098333,0.7738333,0.21350001,0.8228333,0.028833333,0.9228333,0.1385,0.13633333,0.70766664,0.37316665,0.32216668,0.49733335,0.38075,0.4975,0.4856667,0.4996667,0.6073333,0.31566668,0.331,0.11383333
BC2026_Train_0017_S22_20211026_233000_25,0.62783337,0.49166667,0.9281666,0.63516665,0.425,0.5265,0.7428333,0.9073334,0.51699996,0.85466665,0.9511666,0.9863334,0.44550002,0.4125,0.17783333,0.8178333,0.4301667,0.09966667,0.76133335,0.5288333,0.52316666,0.50699997,0.588,0.5546667,0.3445,0.3325,0.42883334,0.8561666,0.73399997,0.9861667,0.2735,0.177,0.41766667,0.15799999,0.573,0.25208333,0.21816666,0.38566667,0.47816667,0.21183333,0.2805,0.3805,0.0975,0.1905,0.24833333,0.23466668,0.2715,0.60233337,0.5413333,0.493,0.14033334,0.1055,0.11083333,0.28116667,0.34733334,0.8875,0.122499995,0.6161667,0.6753333,0.71466666,0.95416665,0.487,0.254,0.70233333,0.5973333,0.8668333,0.9306667,0.9595,0.6713333,0.99724996,0.3906667,0.2685,0.176,0.68983334,0.9663333,0.28816667,0.1695,0.42049998,0.042166665,0.42433333,0.46483335,0.08883333,0.77349997,0.6141667,0.761,0.9958334,0.10133334,0.6766666,0.2963333,0.21216667,0.24166667,0.94250005,0.3565,0.40283334,0.41583335,0.72966665,0.81216663,0.55833334,0.47833335,0.3595,0.14283334,0.5426667,0.31183335,0.98899996,0.696,0.68883336,0.25783333,0.47716668,0.25766668,0.05566667,0.022,0.39666665,0.082499996,0.0205,0.294,0.25483334,0.10683334,0.52783334,0.1295,0.5985,0.67733335,0.23033333,0.2615,0.2815,0.9878334,0.43733335,0.18383333,0.96416664,0.051333334,0.35133332,0.9918333,0.20283334,0.5505,0.9875,0.71533334,0.11133334,0.58166665,0.83,0.5251667,0.97083336,0.50383335,0.119,0.027,0.0123333335,0.96916664,0.3705,0.022166668,0.7396667,0.56633335,0.24133335,0.5873333,0.27899998,0.14216667,0.0685,0.9393333,0.35316667,0.23050001,0.25366667,0.071166664,0.30283335,0.07716667,0.35500002,0.48933333,0.71683335,0.0235,0.72216666,0.55916667,0.37516665,0.043166667,0.14766666,0.82733333,0.2705,0.056166667,0.29333335,0.23916668,0.54866666,0.25450003,0.277,0.49083334,0.9685,0.048666667,0.06283333,0.17083333,0.049833335,0.37866667,0.07041667,0.102666676,0.19666666,0.14216666,0.545,0.017666668,0.94083333,0.26983333,0.7025,0.29733333,0.38966665,0.194,0.10133334,0.6785,0.63666666,0.06533334,0.224,0.85950005,0.27033332,0.353,0.173,0.969,0.7161667,0.3325,0.33433333,0.14916667,0.037833333,0.4205,0.45099998,0.87100005,0.78300005,0.25233334,0.83683336,0.044,0.89133334,0.13116667,0.29283333,0.6666666,0.256,0.26916668,0.67050004,0.32916668,0.5725,0.5283333,0.384,0.45266667,0.37116665,0.3223333,0.067
BC2026_Train_0017_S22_20211026_233000_30,0.6088334,0.35816666,0.8538334,0.60899997,0.325,0.201,0.6156667,0.8868333,0.39249998,0.86333334,0.95833325,0.91699994,0.45916668,0.025000002,0.062333334,0.6315,0.34183332,0.061499998,0.72725,0.446,0.2365,0.46233332,0.4035,0.112166665,0.23366667,0.187,0.15816666,0.5858334,0.5995,0.97358334,0.37516665,0.061166666,0.43333334,0.19983333,0.155,0.11066667,0.082833335,0.35066667,0.5683333,0.11716667,0.32883334,0.4898333,0.026,0.06933334,0.12133334,0.12266667,0.183,0.5186667,0.5136667,0.44783336,0.07283333,0.058,0.06616666,0.356,0.29716668,0.6875,0.20366666,0.6765,0.599,0.78033334,0.9791667,0.3485,0.208,0.7493334,0.56299996,0.46916667,0.86716664,0.7773334,0.41099998,0.9875,0.334,0.07816666,0.0365,0.9306667,0.768,0.08433334,0.069,0.356,0.035833336,0.35,0.47016665,0.062333334,0.8175,0.66283333,0.4181667,0.9875,0.05333334,0.76516664,0.28533334,0.09983333,0.23300001,0.60983336,0.14050001,0.3403333,0.27233332,0.6905,0.7043333,0.59683335,0.38950002,0.16683333,0.064333335,0.42616665,0.39433336,0.98883337,0.6818333,0.3941667,0.14983334,0.36733332,0.16083333,0.0135,0.08183333,0.5186667,0.14383334,0.0365,0.078833334,0.10816667,0.10866667,0.42266667,0.181,0.57949996,0.5108333,0.25833333,0.26833332,0.17466667,0.76016665,0.26316667,0.16516666,0.6953333,0.044833336,0.5176667,0.9635,0.075833336,0.5043333,0.99300003,0.6803334,0.062,0.43883336,0.78816664,0.46733335,0.9958334,0.48066667,0.108833335,0.0735,0.018333334,0.99866664,0.05366667,0.08316667,0.86466664,0.6203333,0.23133333,0.62766665,0.1415,0.21016666,0.071666665,0.69283336,0.3633333,0.18833333,0.25583336,0.131,0.13216667,0.065,0.3205,0.20233332,0.39366668,0.014,0.7546667,0.60816664,0.20833334,0.13983333,0.071833335,0.5195,0.22066666,0.06616667,0.21333334,0.161,0.54033333,0.16116667,0.18400002,0.1935,0.86266667,0.032166667,0.0225,0.0995,0.009500001,0.428,0.0055,0.10316666,0.104,0.049000002,0.67683333,0.05066667,0.805,0.39866668,0.6845,0.23033333,0.28583333,0.1795,0.069,0.5936667,0.5021666,0.0305,0.14666668,0.55883336,0.2575,0.13266666,0.338,0.9349166,0.121,0.23466668,0.098666675,0.24249999,0.03816667,0.37633336,0.32816666,0.8725,0.7916666,0.093,0.6983334,0.015166667,0.74766666,0.102666676,0.0445,0.6855,0.26183334,0.18933335,0.485,0.39049998,0.50949997,0.42833334,0.5018334,0.477,0.2515,0.252,0.04466667
BC2026_Train_0017_S22_20211026_233000_35,0.66966665,0.34766665,0.77533334,0.5668333,0.32083333,0.122999996,0.42083332,0.8565,0.299,0.81799996,0.87783337,0.7556667,0.23116668,0.004166667,0.043166667,0.4785,0.267,0.035833336,0.75799996,0.34383333,0.2415,0.52633333,0.30516666,0.10633333,0.1365,0.061,0.23600002,0.46933332,0.30183333,0.96266663,0.40416664,0.055166665,0.53966665,0.14216666,0.10283333,0.06316666,0.089499995,0.40183333,0.58599997,0.093333334,0.4931667,0.55183333,0.024833333,0.062000003,0.15666667,0.16066667,0.28816667,0.57750005,0.57016665,0.5383333,0.067666665,0.06916667,0.07033333,0.52433336,0.2835,0.54583335,0.10233334,0.6245,0.4248333,0.7836667,0.946,0.33533332,0.18833333,0.649,0.53683335,0.36883336,0.8508333,0.646,0.33749998,0.9636667,0.32433334,0.060333334,0.016833333,0.8165,0.86183333,0.28983334,0.011166668,0.21366668,0.009666667,0.4175,0.47883335,0.10633333,0.7515,0.518,0.251,0.98766667,0.029500002,0.7065,0.28633335,0.12266667,0.348,0.19933333,0.17616667,0.3818333,0.16366667,0.77133334,0.6561667,0.5721667,0.42999998,0.14916667,0.12133334,0.3995,0.40883332,0.99866664,0.61550003,0.4625,0.18249999,0.25383335,0.20483333,0.020666666,0.016833333,0.4423333,0.010833334,0.07066667,0.29316667,0.14416666,0.20383333,0.46433333,0.41200003,0.57633334,0.538,0.1965,0.24266668,0.21783334,0.6051667,0.40316665,0.14400001,0.35750002,0.004166667,0.38233334,0.80183333,0.18083332,0.514,1.0,0.7043333,0.18283334,0.46700004,0.7005,0.49633333,0.9943333,0.53066665,0.126,0.018333334,0.0055,0.9915,0.16566665,0.025166668,0.61399996,0.6106667,0.2025,0.8171667,0.33566666,0.13783333,0.024000002,0.32533333,0.27183333,0.36249998,0.21583332,0.26999998,0.20383333,0.10033333,0.226,0.31983334,0.4186667,0.058000002,0.74516666,0.45016664,0.16666667,0.108833335,0.0365,0.5783334,0.21916667,0.03816667,0.34816667,0.32716665,0.66866666,0.09483334,0.12741666,0.228,0.5226667,0.021166667,0.018333334,0.15466668,0.0665,0.34333333,0.09200001,0.050833333,0.019000001,0.14016666,0.7775,0.004166667,0.85550004,0.107,0.93983334,0.22666667,0.21516667,0.16983333,0.106000006,0.45466667,0.55866665,0.0405,0.29016668,0.7316667,0.24216665,0.14016666,0.3101667,0.9421667,0.079166666,0.1835,0.39766666,0.16066667,0.019666668,0.235,0.30983335,0.8473333,0.72966665,0.24916668,0.60983336,0.026333334,0.694,0.09616667,0.14266667,0.5668333,0.1175,0.24433333,0.28716666,0.36383334,0.5031667,0.32716668,0.4651667,0.43983334,0.243,0.17083333,0.030833334
BC2026_Train_0017_S22_20211026_233000_40,0.6063334,0.28766665,0.7676667,0.66183335,0.39583334,0.2005,0.49650002,0.8303333,0.5248333,0.83033335,0.85333335,0.78083336,0.44316667,0.045833334,0.09716667,0.48316666,0.329,0.7823334,0.65416664,0.49833333,0.36066666,0.7495,0.17083333,0.174,0.13216667,0.123,0.1895,0.5135,0.3841667,0.943,0.35166666,0.033833332,0.38316667,0.089833334,0.1125,0.050333336,0.04616667,0.36166668,0.59683335,0.035833336,0.40499997,0.48999998,0.023,0.039166667,0.14483333,0.14750001,0.23016667,0.4258333,0.5258333,0.4795,0.05516666,0.061833337,0.053833336,0.34816667,0.2175,0.50416666,0.0845,0.65433335,0.6228334,0.9916667,0.95833325,0.427,0.22633334,0.732,0.8818334,0.33533335,0.8428333,0.905,0.48133337,0.97083336,0.32283333,0.15733334,0.075833336,0.94633335,0.85749996,0.29733333,0.007,0.088,0.008166667,0.79433334,0.52683336,0.10183333,0.7836667,0.46966666,0.21350001,0.9766667,0.04216667,0.601,0.27516666,0.193,0.25133333,0.36525002,0.14383332,0.36049998,0.17633334,0.9325,0.62333333,0.537,0.42416668,0.32250002,0.09566667,0.36733332,0.37358332,0.9971667,0.912,0.394,0.134,0.3425,0.20783332,0.020833334,0.009500001,0.44983333,0.046166666,0.009666667,0.115,0.055000003,0.10433333,0.39366665,0.19933333,0.5185,0.5895,0.10333334,0.17366666,0.032166667,0.7425,0.39233333,0.13008332,0.3618333,0.0465,0.35283333,0.76783335,0.14133334,0.96616673,0.9831667,0.6526667,0.049333334,0.5531667,0.6483333,0.4421667,0.98466665,0.5018333,0.079166666,0.013833334,0.015333334,0.99450004,0.0845,0.029500002,0.706,0.51483333,0.21483332,0.74300003,0.208,0.19133334,0.067833334,0.31133333,0.1255,0.2568333,0.08766667,0.255,0.25,0.14416666,0.30766666,0.33066666,0.28516668,0.056166667,0.7151666,0.44116667,0.3025,0.037666667,0.009666667,0.54366666,0.20516667,0.0465,0.15233333,0.23900001,0.65500003,0.17966665,0.46816665,0.15566666,0.42383334,0.014,0.015333334,0.10633333,0.116000004,0.44766665,0.06066667,0.05066667,0.020666666,0.21366666,0.75333333,0.029500002,0.8165,0.40233332,0.87783337,0.13216667,0.136,0.18833333,0.13266666,0.5311667,0.5515,0.0335,0.15283333,0.6065,0.17683333,0.13016666,0.23216668,0.9508333,0.1345,0.10108334,0.3305,0.195,0.08566667,0.33516666,0.19049999,0.8573333,0.74600005,0.052166667,0.62016666,0.010833334,0.70416665,0.083333336,0.07875,0.5873333,0.0565,0.32833332,0.32983333,0.36366665,0.83966666,0.46600002,0.4265,0.4305,0.28466666,0.19016667,0.009833334
BC2026_Train_0017_S22_20211026_233000_45,0.5646666,0.36333334,0.78533334,0.72566664,0.51666665,0.46833333,0.5053333,0.88566667,0.6626667,0.8616667,0.9295,0.70149994,0.54816663,0.36666667,0.18333334,0.6995,0.40033334,0.90933335,0.77183336,0.77349997,0.38683334,0.965,0.08733334,0.4085,0.17816667,0.16183333,0.16499999,0.4505,0.50133336,0.949,0.23366666,0.08183333,0.32466668,0.112,0.15466668,0.0635,0.11033334,0.40116668,0.5083333,0.07,0.3358333,0.3845,0.043833334,0.08066667,0.2155,0.24083334,0.28433332,0.40966666,0.5706667,0.56883335,0.068,0.057333335,0.064,0.25416666,0.20633334,0.78333336,0.0855,0.6423333,0.7428334,1.0,0.99866664,0.42916667,0.21350001,0.8328334,0.98933333,0.6045,0.9151667,0.982,0.46150005,0.9751667,0.31116664,0.14750001,0.090333335,0.9943333,0.70016664,0.23633333,0.089,0.36683333,0.030666668,0.986,0.59333336,0.10683333,0.8031667,0.5233333,0.37566668,0.8656667,0.1505,0.49683335,0.24416667,0.31916666,0.27916667,0.32999998,0.29466668,0.58416665,0.23699999,0.84816664,0.7095,0.59283334,0.38966665,0.3765,0.1435,0.5928333,0.33283335,0.98466665,0.49683335,0.41183332,0.24249999,0.5256667,0.19783334,0.018333334,0.06066667,0.411,0.046333335,0.018000001,0.255,0.06216667,0.107499994,0.45316666,0.1715,0.5916667,0.7403333,0.3035,0.067833334,0.28433332,0.551,0.4263333,0.211,0.39533335,0.011,0.511,0.68000007,0.038333334,0.996,0.97933334,0.55733335,0.09133333,0.75033337,0.8195,0.41625002,0.98483336,0.46683335,0.10216667,0.029500002,0.017833333,0.982,0.2795,0.004166667,0.7275001,0.55050004,0.3721667,0.6545,0.247,0.21383335,0.032333333,0.33183333,0.34849998,0.6875,0.18566667,0.14383334,0.39216667,0.109,0.33933333,0.76033336,0.25666666,0.041833334,0.7513333,0.55233335,0.094000004,0.050833333,0.08916666,0.39175,0.29466668,0.011,0.26983333,0.22766666,0.55733335,0.32466665,0.7063334,0.124000005,0.54116666,0.025000002,0.020833334,0.25183332,0.056333337,0.46850002,0.0585,0.14533333,0.010833334,0.025000002,0.44216666,0.039166667,0.87166667,0.5665,0.65900004,0.1925,0.19566667,0.16966666,0.059833333,0.59816664,0.6456667,0.039333336,0.261,0.44533336,0.311,0.18533334,0.28516668,0.92691666,0.22066666,0.11308333,0.2615,0.15666667,0.06283333,0.7818333,0.18433332,0.8528334,0.73566663,0.087000005,0.6356667,0.011,0.6856667,0.173,0.033666667,0.77633333,0.14033334,0.3495,0.31883332,0.41433334,0.98933333,0.39200002,0.319,0.8258334,0.4125,0.14933334,0.025333336
BC2026_Train_0017_S22_20211026_233000_50,0.684,0.5101667,0.8435,0.59816664,0.36666667,0.31916666,0.43616667,0.92108333,0.55050004,0.86233336,0.9575,0.7591667,0.34533334,0.19166666,0.19033334,0.7471667,0.3561667,0.83466667,0.7786667,0.5326667,0.3545,0.74450004,0.11366667,0.14266667,0.15033333,0.13983333,0.2045,0.46400002,0.49166664,0.9475,0.30733332,0.050000004,0.51766664,0.13616666,0.2365,0.05116667,0.124666676,0.45533335,0.54316664,0.06283333,0.4485,0.43916667,0.053833336,0.054,0.21316667,0.26133335,0.45733333,0.561,0.59716666,0.60333335,0.1145,0.08766667,0.09833333,0.29416668,0.34766668,0.87916666,0.087000005,0.67766666,0.65966666,0.99016666,0.9916667,0.388,0.1585,0.819,0.9301667,0.6091667,0.9135,0.9571667,0.5545,0.96783334,0.34916666,0.13066667,0.24566667,0.9535,0.59866667,0.27016667,0.08733334,0.3171667,0.035,0.91033334,0.5348333,0.081499994,0.8325,0.7656667,0.40816668,0.4296667,0.10566667,0.612,0.41483334,0.23616667,0.34933335,0.35183334,0.602,0.6601666,0.33283335,0.8143333,0.77833337,0.625,0.29733333,0.2305,0.0315,0.52266663,0.45016667,0.95266664,0.393,0.35316667,0.2495,0.21266666,0.15566666,0.008333334,0.029666668,0.49466667,0.0195,0.004166667,0.107499994,0.103,0.277,0.42933336,0.17083333,0.6073333,0.6691667,0.154,0.106000006,0.22999999,0.782,0.40283334,0.27699998,0.4975,0.046333335,0.459,0.7046666,0.055,0.973,0.657,0.234,0.18233334,0.54866666,0.916,0.32866666,0.96633327,0.46066666,0.044833336,0.009500001,0.050666668,0.97900003,0.29433334,0.033833332,0.66616666,0.8246666,0.31233332,0.68083334,0.16933334,0.29283333,0.026500002,0.5485,0.2645,0.37883335,0.22666669,0.21366668,0.4058333,0.14400001,0.395,0.5618334,0.53150004,0.022333335,0.8125,0.7408334,0.3498333,0.035333335,0.016833333,0.42183334,0.21516666,0.10566667,0.16816667,0.16783333,0.5251667,0.21716666,0.51383334,0.104499996,0.6393333,0.045,0.012166667,0.23366667,0.111666664,0.3695,0.11833333,0.042000003,0.025833333,0.18800001,0.655,0.018000001,0.9613333,0.16733333,0.7841667,0.26416668,0.1855,0.13149999,0.046166666,0.57850003,0.55733335,0.06066667,0.42316666,0.60066664,0.21233334,0.2985,0.22316667,0.9745,0.2035,0.082333334,0.097,0.2245,0.18,0.61633337,0.21149999,0.857,0.772,0.1325,0.68649995,0.012666668,0.64849997,0.07866667,0.04366667,0.74516666,0.19633333,0.24599999,0.3976667,0.24133334,0.8616667,0.45866668,0.22150001,0.7758333,0.33200002,0.30900002,0.023833334
BC2026_Train_0017_S22_20211026_233000_55,0.7295,0.55516666,0.90999997,0.5936667,0.40000004,0.4795,0.60983336,0.9813334,0.59283334,0.8211667,0.83883333,0.877,0.44116667,0.68333334,0.5055,0.8811667,0.6673333,0.17366666,0.92366666,0.5431667,0.45966667,0.6073333,0.5923333,0.22683333,0.29733333,0.57633334,0.31033334,0.70383334,0.7705,0.9306667,0.29016668,0.15016666,0.5528333,0.1865,0.28866667,0.21483333,0.20383334,0.5115,0.548,0.14616667,0.59916663,0.44,0.11116666,0.16766667,0.39166665,0.41983336,0.53333336,0.58433336,0.634,0.6415,0.17,0.14466667,0.15133333,0.3078333,0.3983333,0.95266664,0.2075,0.71266663,0.7583333,0.8998333,0.98466665,0.6523333,0.21833332,0.83133334,0.93700004,0.83900005,0.94650006,0.8796667,0.56866664,0.9916667,0.48766667,0.26,0.40383333,0.67233336,0.9198333,0.28516668,0.074999996,0.40883332,0.046833336,0.4805,0.689,0.2005,0.902,0.70533335,0.67300004,0.547,0.1635,0.68883336,0.62100005,0.30699998,0.35149997,0.27666667,0.5021667,0.39249998,0.389,0.6346667,0.89533335,0.6636667,0.56733334,0.21816666,0.092,0.70016664,0.6153333,0.97083336,0.60099995,0.43116668,0.27333334,0.352,0.25133333,0.037166666,0.10666668,0.52250004,0.111,0.046666667,0.33466667,0.12566666,0.22666667,0.389,0.3161667,0.69366664,0.65283334,0.40750003,0.142,0.40416667,0.9688333,0.48233336,0.40316665,0.90999997,0.06933334,0.58716667,0.77150005,0.20716667,0.6015,0.65066665,0.506,0.26416668,0.48725003,0.86983335,0.5693333,0.99733335,0.6235,0.17483333,0.09200001,0.15166667,0.96666664,0.26433334,0.072333336,0.8143333,0.6488333,0.40316665,0.56700003,0.28416666,0.49633336,0.094666675,0.9041666,0.37925,0.16583334,0.41366667,0.36866665,0.45,0.14333335,0.50783336,0.49683332,0.5761667,0.12449999,0.9086667,0.633,0.23200001,0.06266667,0.19299999,0.56866664,0.32066667,0.112166665,0.19783333,0.384,0.77516663,0.21533334,0.57149994,0.33200002,0.93883336,0.08533333,0.0725,0.23916666,0.097666666,0.4515,0.023,0.08383334,0.22633332,0.2115,0.7786667,0.067,0.9655,0.41933334,0.95066667,0.38966665,0.38083333,0.28133333,0.111833334,0.7791667,0.566,0.09616666,0.4985,0.7548333,0.20166667,0.24208333,0.32633334,0.9466667,0.1495,0.35799998,0.393,0.45716667,0.37766665,0.50516665,0.28533334,0.8806666,0.81233335,0.19516666,0.8621667,0.041833334,0.8393333,0.15116666,0.10616666,0.7761667,0.26016667,0.29933333,0.584,0.34366667,0.5245,0.72499996,0.18133333,0.7231667,0.4985,0.2825,0.05866667
BC2026_Train_0017_S22_20211026_233000_60,0.69083333,0.5995,0.93316674,0.58199996,0.4083333,0.58916664,0.48916668,0.94241667,0.63233334,0.80550003,0.8165,0.9061667,0.6548333,0.8333333,0.5805,0.9486667,0.51633334,0.25,0.91400003,0.67550004,0.44,0.54583335,0.69733334,0.2771667,0.35816666,0.8513333,0.43933332,0.7873333,0.9778334,0.9478333,0.38250002,0.29783332,0.61366665,0.311,0.251,0.40983334,0.38066667,0.5348333,0.5893333,0.27133334,0.56416667,0.51116663,0.125,0.32050002,0.36616665,0.38616666,0.53683335,0.69083333,0.6268333,0.6423334,0.19583333,0.17966667,0.17566666,0.32583335,0.36299998,0.9651667,0.16733333,0.8646667,0.7406666,0.894,0.9586667,0.5208334,0.34216666,0.79216665,0.8028333,0.50483334,0.949,0.90966666,0.50750005,0.9985833,0.53283334,0.40183333,0.42483336,0.806,0.8416667,0.06566667,0.14983332,0.46666667,0.07433333,0.40483332,0.6246667,0.1785,0.8101667,0.5241667,0.8711667,0.56416667,0.5183333,0.7698333,0.672,0.30916667,0.5625,0.39166665,0.6371667,0.43833336,0.5546667,0.691,0.712,0.61399996,0.5491667,0.38116667,0.21866667,0.492,0.6071667,0.93333334,0.7346667,0.503,0.36083335,0.52166665,0.28933334,0.1575,0.09233333,0.45666665,0.41716665,0.12183333,0.29616666,0.44466665,0.21116666,0.23183334,0.304,0.63883334,0.6386667,0.5286666,0.263,0.3365,0.9873333,0.438,0.47533333,0.986,0.042166665,0.6455,0.7463333,0.40233332,0.59666663,0.7556667,0.5388333,0.093833335,0.54733336,0.7671667,0.48916668,0.9693333,0.676,0.42683333,0.086500004,0.1735,0.95683336,0.3843333,0.1015,0.7826667,0.60983336,0.35083333,0.5973333,0.4258333,0.57708335,0.26916668,0.94616663,0.35283336,0.30116668,0.5146667,0.12933333,0.47983333,0.34816664,0.65816665,0.5681667,0.633,0.075333335,0.9466667,0.71716666,0.51566666,0.17400001,0.18616666,0.538,0.40283334,0.28116667,0.3331667,0.33233333,0.62483335,0.36233336,0.88233334,0.70566666,0.99175,0.0605,0.21266666,0.34249997,0.26283336,0.616,0.06866667,0.13716666,0.25233334,0.08816667,0.5706667,0.086333334,0.946,0.5965,0.81166667,0.46750003,0.43266666,0.31050003,0.1095,0.5568333,0.514,0.1845,0.30233333,0.6063333,0.31750003,0.43199998,0.45350003,0.9766667,0.4576667,0.325,0.26725,0.5193333,0.21566665,0.6105,0.31266665,0.8788333,0.80983335,0.51533335,0.75266665,0.06633334,0.8896667,0.24083334,0.20233333,0.76316667,0.36516666,0.4141667,0.6975,0.51266664,0.5823333,0.58,0.46366668,0.78066665,0.48233333,0.399,0.078
BC2026_Train_0018_S22_20211028_234500_5,0.38766667,0.56949997,0.71266663,0.87233335,0.42916667,0.89433336,0.88033336,0.97033334,0.7521666,0.91033334,0.852,0.8986667,0.8106667,0.9916667,0.89266664,0.5746666,0.5973333,0.60499996,0.7501667,0.8946667,0.6573334,0.5121667,0.5568333,0.9643334,0.28833333,0.8551667,0.324,0.9466666,0.63616663,0.8768333,0.13333334,0.3426667,0.5521667,0.6273333,0.52316666,0.34816667,0.30550003,0.51316667,0.66899997,0.36966667,0.6123333,0.4861667,0.4185,0.344,0.50633335,0.513,0.55266666,0.6318333,0.6383333,0.6273333,0.31916666,0.303,0.31366667,0.62666667,0.33166665,0.9763334,0.16316667,0.8355,0.5295,0.52783334,0.6875,0.48316666,0.75533336,0.7598333,0.51483333,0.802,0.952,0.9183333,0.6358333,0.95141673,0.48033333,0.4675,0.1055,0.46466666,0.47649997,0.138,0.21083333,0.5183333,0.07766667,0.758,0.86899996,0.45183334,0.93266666,0.5701667,0.9863334,0.1095,0.5125,0.8515,0.35383332,0.53783333,0.48900002,0.119,0.40933335,0.4026667,0.84300005,0.6651667,0.8115001,0.8218334,0.9483334,0.8613333,0.262,0.36150002,0.09783333,0.8835,0.7698333,0.25016665,0.292,0.26983333,0.5405,0.1825,0.5416667,0.711,0.42883337,0.27033332,0.15516666,0.339,0.4995,0.5338333,0.6063334,0.6605,0.8628333,0.14016667,0.07633334,0.5135,0.9616667,0.43083334,0.47483334,0.154,0.2135,0.6343333,0.723,0.58316666,0.704,0.50916666,0.26049998,0.18633333,0.4766667,0.68249995,0.48000002,0.8974999,0.42166668,0.52933335,0.24116667,0.35316667,0.9378333,0.2801667,0.28716666,0.8823333,0.37916666,0.39783332,0.38933334,0.51266664,0.7261667,0.38283336,0.15166667,0.435,0.14316666,0.228,0.424,0.594,0.42233333,0.6851666,0.4938333,0.17549999,0.5876667,0.87100005,0.67149997,0.78666663,0.12033333,0.39733335,0.57133335,0.499,0.27600002,0.08916666,0.39583334,0.2845,0.34433332,0.96033335,0.24466667,0.9356667,0.24933335,0.39883333,0.6138333,0.582,0.41383332,0.042166665,0.31450003,0.111499995,0.24766666,0.6013334,0.357,0.85449994,0.52883327,0.63133335,0.24683334,0.5021667,0.11016667,0.068166666,0.6745,0.41383332,0.20925,0.0985,0.408,0.5503334,0.4525,0.68616664,0.9826667,0.23233333,0.22533333,0.8243333,0.022166668,0.55916667,0.22066668,0.472,0.97650003,0.7173333,0.29966667,0.9155,0.43416667,0.6871667,0.027166666,0.3005,0.51100004,0.32883334,0.49233335,0.28616667,0.14583333,0.38216665,0.7296667,0.3475,0.49433333,0.4125,0.24683332,0.31683332
BC2026_Train_0018_S22_20211028_234500_10,0.3525,0.5503333,0.596,0.8331667,0.4375,0.84650004,0.9053333,0.87516665,0.6663334,0.8693334,0.8865,0.86583334,0.791,0.87083334,0.64166665,0.5926666,0.59999996,0.4895,0.79516673,0.88949996,0.645,0.5248333,0.40383333,0.9946667,0.26233333,0.63350004,0.38283333,0.81666666,0.70383334,0.89599997,0.104166664,0.33183336,0.61833334,0.7086667,0.44300002,0.42466664,0.3078333,0.491,0.6433333,0.38849998,0.651,0.47166666,0.44616663,0.34633332,0.46483338,0.48233333,0.51566666,0.67333335,0.64000005,0.60966665,0.287,0.28816667,0.28966665,0.67466664,0.35,0.84583336,0.16299999,0.80516666,0.49366665,0.46383333,0.75233334,0.50383335,0.71666664,0.7896667,0.506,0.6918334,0.89683336,0.88483334,0.46933335,0.9431666,0.44166666,0.24499999,0.037499998,0.50416666,0.537,0.23266667,0.16216666,0.41133332,0.0665,0.75600004,0.78700006,0.37016666,0.9478333,0.546,0.8481667,0.18566667,0.23516667,0.672,0.27133334,0.53666663,0.39699998,0.06483333,0.5096667,0.43333334,0.83783334,0.80233335,0.8096667,0.8693334,0.87433326,0.8643334,0.22299999,0.4345,0.07316667,0.8393333,0.528,0.26566666,0.21200001,0.3155,0.4735,0.1595,0.32833332,0.7701667,0.26566666,0.19683333,0.18599999,0.2025,0.21033333,0.6843333,0.4913333,0.6355,0.8585,0.032333333,0.042,0.3841667,0.8793333,0.5053333,0.26483333,0.09083333,0.15816666,0.699,0.6915,0.5365,0.7071667,0.37283334,0.30866665,0.18783334,0.31516665,0.78000003,0.453,0.90700006,0.2925,0.46933335,0.18650001,0.31083333,0.9393333,0.21066667,0.31766665,0.9083334,0.3785,0.43866667,0.523,0.3843333,0.6925,0.29433334,0.10716666,0.2745,0.17516667,0.11783333,0.24133335,0.5325,0.36016667,0.56633335,0.5438333,0.082666665,0.2515,0.92508334,0.827,0.5973333,0.0705,0.30216667,0.534,0.29916668,0.186,0.07033333,0.5574167,0.19933334,0.31233335,0.9085,0.1965,0.901,0.1275,0.37649998,0.46033332,0.46083337,0.27466667,0.111833334,0.35033333,0.07016666,0.13133334,0.59033334,0.32183334,0.9168334,0.63166666,0.54733336,0.162,0.509,0.08416667,0.031,0.64666665,0.45633334,0.13833334,0.10949999,0.33033332,0.42216668,0.1665,0.64033335,0.97716665,0.13,0.26116666,0.60333335,0.0068333335,0.333,0.40858334,0.5255,0.92866665,0.6673333,0.41266665,0.9163333,0.35333335,0.74833333,0.082499996,0.36033332,0.506,0.39183334,0.4731667,0.25566667,0.10033333,0.5795,0.60616666,0.218,0.52000004,0.33883336,0.123333335,0.19533333
BC2026_Train_0018_S22_20211028_234500_15,0.53416663,0.29783332,0.5375,0.83500004,0.35833332,0.322,0.87083334,0.7938333,0.57033336,0.88816667,0.94916666,0.8303333,0.5276667,0.59166664,0.31783333,0.4385,0.5366667,0.16033334,0.7181667,0.69083333,0.61583334,0.5043334,0.12483333,0.959,0.2395,0.28808334,0.5288333,0.47766668,0.28283334,0.85150003,0.053,0.07333334,0.47016665,0.6618333,0.6803333,0.15916666,0.09783333,0.38316667,0.565,0.2435,0.6411667,0.41799998,0.46166667,0.073,0.38433334,0.39233333,0.41766667,0.52466667,0.5541667,0.48133332,0.22083333,0.21666667,0.218,0.6798333,0.34249997,0.6638334,0.09383333,0.7436667,0.29983333,0.29483333,0.6881666,0.36699998,0.5833333,0.6953333,0.24666667,0.81883335,0.7991667,0.75783336,0.41683334,0.931,0.3818333,0.050666668,0.136,0.40583333,0.4721667,0.25383335,0.074666664,0.46166667,0.0475,0.6131667,0.80233335,0.41283333,0.96466666,0.521,0.6685,0.025666667,0.133,0.5736667,0.34699997,0.4971667,0.3815,0.1545,0.38083336,0.33600003,0.498,0.85966665,0.7493333,0.7775,0.6313333,0.683,0.11716667,0.4095,0.086500004,0.87866664,0.52783334,0.23266666,0.33566666,0.19366667,0.4615,0.12383333,0.29166666,0.6166667,0.06383333,0.14216667,0.14383332,0.061666667,0.4625,0.40466666,0.51166666,0.595,0.7403334,0.026166666,0.0605,0.45533335,0.655,0.5556667,0.29716668,0.07316667,0.18349999,0.5556667,0.6085,0.35149997,0.36550003,0.22933334,0.563,0.272,0.355,0.709,0.37033334,0.9431666,0.31866667,0.2525,0.111499995,0.197,0.9268333,0.26333332,0.431,0.95316666,0.413,0.56,0.57733333,0.1225,0.66983336,0.25333333,0.029666668,0.20616665,0.061333336,0.28333333,0.31433335,0.35066667,0.20516667,0.25516668,0.37166667,0.061666667,0.38366666,0.8228333,0.55350006,0.4806667,0.08216667,0.48000002,0.33483335,0.256,0.274,0.049833335,0.4345,0.218,0.25916666,0.76816666,0.08483333,0.402,0.21116668,0.213,0.5391667,0.5,0.19316667,0.047,0.20216666,0.13616666,0.2385,0.42000002,0.2565,0.92316663,0.2935,0.454,0.32533336,0.46666667,0.100499995,0.10083333,0.73833334,0.4705,0.10333334,0.058166668,0.21683332,0.37333333,0.0675,0.5503334,0.94733334,0.11283333,0.21516666,0.17766666,0.0225,0.15883332,0.2695,0.72416663,0.9321667,0.6845,0.19016667,0.86583334,0.14166668,0.6878333,0.097166665,0.1485,0.655,0.4735,0.373,0.24566665,0.07283333,0.40649998,0.5348333,0.389,0.36183333,0.2415,0.121999994,0.543
BC2026_Train_0018_S22_20211028_234500_20,0.5158333,0.337,0.6995,0.81383336,0.5,0.4741667,0.824,0.8706666,0.71066666,0.8603333,0.901,0.8538333,0.71300006,0.75,0.7388333,0.651,0.60616666,0.15283333,0.9056667,0.60716665,0.70750004,0.5645,0.536,0.98866665,0.38750002,0.48083335,0.5663333,0.64699996,0.31816667,0.8753333,0.14183334,0.26066667,0.41433334,0.6175,0.69949996,0.2075,0.23683333,0.43899998,0.62983334,0.256,0.6668334,0.49483335,0.5365,0.266,0.4913333,0.498,0.422,0.6311667,0.5365,0.5133333,0.303,0.29216665,0.2988333,0.73233336,0.25283334,0.9068333,0.21783334,0.829,0.36966664,0.50983334,0.723,0.44083333,0.73733336,0.7328334,0.5416667,0.847,0.68700004,0.7803333,0.47283334,0.91866666,0.489,0.2915,0.12166667,0.47983333,0.4155,0.19766667,0.22183332,0.46433336,0.226,0.50733334,0.8078333,0.542,0.94083333,0.57049996,0.85116667,0.0785,0.45466667,0.8385,0.5201667,0.48166668,0.58933336,0.48799998,0.7173334,0.39233333,0.7251667,0.619,0.72333336,0.6853334,0.9395,0.83500004,0.272,0.38099998,0.123166665,0.84683335,0.7033333,0.20633332,0.35883334,0.29583332,0.7456666,0.14583333,0.45066667,0.4536667,0.4001667,0.27866668,0.20366666,0.2685,0.5441666,0.3125,0.6295,0.54833335,0.58183336,0.09616667,0.10616666,0.46733332,0.6868333,0.51883334,0.3995,0.122,0.16583332,0.48233333,0.57850003,0.7018333,0.43550003,0.5995,0.53083336,0.19816667,0.30233333,0.66433334,0.53400004,0.93633336,0.3535,0.47533333,0.21216667,0.34133333,0.915,0.426,0.34516668,0.9241667,0.333,0.503,0.411,0.45233333,0.81333333,0.40483335,0.118,0.27766666,0.09483333,0.3195,0.39166665,0.5268333,0.3491667,0.50983334,0.38549998,0.10233334,0.43150002,0.8886666,0.3405,0.64716667,0.12983333,0.41833332,0.42633334,0.44416666,0.26716667,0.104666665,0.3905,0.32066667,0.33066666,0.88,0.2365,0.5531666,0.14066666,0.5068334,0.66083336,0.5298333,0.23683333,0.16183333,0.453,0.31683332,0.21633333,0.42916667,0.31883335,0.88983333,0.647,0.6476667,0.2685,0.564,0.21916667,0.057833336,0.7928334,0.3035,0.147,0.13816667,0.297,0.49199998,0.16600001,0.7438333,0.969,0.20466667,0.33466667,0.5843333,0.031666666,0.4513333,0.09566666,0.615,0.9525,0.61516666,0.26250002,0.91166663,0.3531667,0.7941667,0.060166664,0.48733336,0.67766666,0.3976667,0.5451667,0.24716666,0.14400001,0.43183333,0.5848333,0.46249998,0.52183336,0.37366664,0.26749998,0.26033333
BC2026_Train_0018_S22_20211028_234500_25,0.6311667,0.29266667,0.59283334,0.7971667,0.54583335,0.83933336,0.8435,0.9156667,0.6875,0.8658333,0.8715,0.78400004,0.78316665,0.8375,0.7971667,0.69500005,0.7163333,0.33983332,0.73983335,0.6433333,0.732,0.32083333,0.7161666,0.9676666,0.4568333,0.65833336,0.38033333,0.79616666,0.41016668,0.89716667,0.1925,0.208,0.37766668,0.55733335,0.6648333,0.19966666,0.26983333,0.42266667,0.6038333,0.24416667,0.5618333,0.459,0.37483335,0.22533333,0.45983335,0.47183335,0.37816668,0.52016664,0.55483335,0.5578333,0.23833333,0.21816666,0.23566666,0.5908333,0.231,0.93466663,0.29083335,0.84583336,0.4838333,0.52816665,0.8271667,0.4666667,0.724,0.7538333,0.58599997,0.8513334,0.6498333,0.80149996,0.6186667,0.917,0.58066666,0.49116665,0.15883332,0.46383333,0.33200002,0.18216667,0.28383332,0.5235,0.24783333,0.6318333,0.83116674,0.591,0.9255,0.67399997,0.93483335,0.1935,0.5428333,0.85333335,0.52099997,0.62166667,0.7388333,0.41083333,0.77666664,0.45683333,0.82,0.77883327,0.76250005,0.76600003,0.90666664,0.88933337,0.31683332,0.35716665,0.17483333,0.8436667,0.54366666,0.14766666,0.436,0.34333333,0.6951667,0.18599999,0.46066666,0.57633334,0.46033335,0.34166667,0.20533334,0.3056667,0.49833333,0.42000002,0.4825,0.61616665,0.7313333,0.23583333,0.1555,0.4005,0.77099997,0.45883334,0.5125,0.19600001,0.26716667,0.5786667,0.5976666,0.78608334,0.6338333,0.46783334,0.5133333,0.36166668,0.294,0.6595,0.46449998,0.93050003,0.53966665,0.5178333,0.404,0.5121667,0.87416667,0.64683336,0.37516665,0.9278334,0.38216668,0.662,0.422,0.47066665,0.77666664,0.4375,0.1825,0.34983334,0.19350001,0.27216667,0.49233332,0.5975,0.49316666,0.73950005,0.5301666,0.2335,0.47383332,0.94983333,0.37433335,0.7481666,0.22933334,0.36299998,0.51975,0.445,0.22716667,0.104,0.2995,0.36916667,0.3855,0.91550004,0.327,0.7895,0.2225,0.6075,0.5585,0.5525,0.368,0.27583334,0.41099998,0.2515,0.37616664,0.53083336,0.41483334,0.8378334,0.6901667,0.776,0.45783332,0.5761666,0.35333335,0.18966666,0.8476666,0.34933335,0.18816666,0.17183334,0.509,0.51233333,0.25233334,0.7523333,0.9595,0.41033334,0.3265,0.6128334,0.073,0.6308334,0.13133334,0.5196667,0.92883337,0.6166667,0.28816667,0.93083334,0.33483332,0.7385,0.078999996,0.60466665,0.5503333,0.23733333,0.5935,0.34166667,0.18233334,0.5086667,0.7685,0.40449998,0.6511667,0.46216667,0.40399998,0.254
BC2026_Train_0018_S22_20211028_234500_30,0.6353333,0.24783333,0.66650003,0.8096667,0.6166667,0.52583337,0.8738333,0.91333336,0.68416667,0.8505,0.89666665,0.76633334,0.82949996,0.8041667,0.6386666,0.6105,0.7085,0.2075,0.765,0.7525,0.8111667,0.45866668,0.65216666,0.9316667,0.57350004,0.60150003,0.28733334,0.6565,0.29316667,0.8681667,0.20083334,0.21866667,0.373,0.61583334,0.4725,0.2503333,0.31666666,0.385,0.60316664,0.28966665,0.5363333,0.472,0.3705,0.21866667,0.4698333,0.48183334,0.357,0.5545,0.4785,0.47733334,0.22049999,0.2125,0.22183333,0.627,0.19,0.82916665,0.26083332,0.8321667,0.3818333,0.496,0.6831667,0.46616665,0.7913333,0.7916666,0.50533336,0.758,0.6358333,0.7385,0.49033332,0.9091667,0.56,0.56700003,0.14066666,0.57416666,0.34149998,0.205,0.35016668,0.5001667,0.15583333,0.5743333,0.8821667,0.42183334,0.96300006,0.66683334,0.78433335,0.23949999,0.6035,0.96633327,0.5718334,0.59283334,0.79,0.13483334,0.71,0.42916667,0.7684167,0.858,0.8225,0.663,0.93516666,0.8883333,0.347,0.44849998,0.27133334,0.87266666,0.68850005,0.15266667,0.3465,0.29133332,0.65900004,0.21000001,0.548,0.71533334,0.40483338,0.30266666,0.28183335,0.43166667,0.36383334,0.3866667,0.63166666,0.6365,0.63549995,0.2435,0.16533333,0.404,0.76433337,0.5580833,0.5088333,0.231,0.23816666,0.5601667,0.58066666,0.8588333,0.45066667,0.7161667,0.5663333,0.38366666,0.273,0.76350003,0.46566668,0.91966665,0.49616668,0.47766668,0.25766668,0.40283334,0.87633336,0.60333335,0.4225,0.9325,0.32050002,0.70100003,0.44550002,0.5801667,0.7913333,0.4378333,0.19749999,0.47533333,0.07416667,0.399,0.4051667,0.512,0.416,0.9463333,0.45083332,0.22316664,0.53733337,0.9246667,0.3383333,0.66083336,0.19916666,0.3785,0.37866667,0.54183334,0.2655,0.115,0.48616666,0.3811667,0.4555,0.8873333,0.27966666,0.5363333,0.16966666,0.52166665,0.59816664,0.6013333,0.31166667,0.15016666,0.46266666,0.41266668,0.28816667,0.618,0.35983333,0.80550003,0.801,0.68866664,0.42183334,0.68883336,0.23966667,0.09166667,0.82733333,0.36900002,0.238,0.21583334,0.6026667,0.52916664,0.5438333,0.68866664,0.9145,0.2475,0.29783335,0.74016666,0.07083333,0.5388333,0.1515,0.5733333,0.9263333,0.65216666,0.14716667,0.8886666,0.39133334,0.80516666,0.12016667,0.376,0.59466666,0.4265,0.52933335,0.24016666,0.17933333,0.38016668,0.745,0.6066667,0.5191667,0.46716666,0.28133333,0.36983332
BC2026_Train_0018_S22_20211028_234500_35,0.499,0.21483332,0.51816666,0.79700005,0.57916665,0.40383333,0.8505,0.852,0.67366666,0.923,0.8991667,0.73433334,0.8416667,0.7624999,0.61516666,0.5635,0.68549997,0.17966667,0.7428333,0.7281667,0.7531666,0.45466667,0.6436667,0.9301667,0.341,0.5043334,0.27466667,0.47516665,0.24083333,0.8283334,0.13033333,0.19916667,0.28,0.60216665,0.47899997,0.19749999,0.213,0.32783335,0.62950003,0.19666666,0.53616667,0.47833332,0.36616668,0.1965,0.47533333,0.48333332,0.3376667,0.46083337,0.43483335,0.39116666,0.19350001,0.18925,0.19616666,0.62266666,0.12733333,0.7416667,0.16366667,0.8735,0.14383334,0.46316665,0.59466666,0.40483335,0.7123333,0.8065,0.53533334,0.6445,0.6483333,0.56700003,0.43316668,0.89283335,0.49333334,0.476,0.2841667,0.506,0.31383333,0.17733334,0.289,0.361,0.12900001,0.4856667,0.8411666,0.55366665,0.9741667,0.68366665,0.72216666,0.0695,0.366,0.8776667,0.44283333,0.5873333,0.7611667,0.10083334,0.71033335,0.31866667,0.7441667,0.8023333,0.7328334,0.60033333,0.83500004,0.8095,0.2745,0.39783335,0.21633333,0.85716665,0.6538333,0.14649999,0.24816668,0.2643333,0.5708333,0.13883334,0.32483333,0.8041666,0.35333335,0.283,0.29266667,0.24483334,0.37150002,0.36550003,0.58133334,0.61183333,0.466,0.19099998,0.1225,0.53866667,0.5268333,0.5183333,0.5103333,0.16499999,0.16233332,0.55116665,0.494,0.84499997,0.29216668,0.57416666,0.36116666,0.34366667,0.3383333,0.6778333,0.38616666,0.8973333,0.55550003,0.422,0.24149999,0.49566668,0.8456667,0.38366663,0.40533334,0.902,0.19983333,0.68450004,0.48499998,0.52183336,0.654,0.40466666,0.151,0.37016666,0.12433333,0.301,0.438,0.4888333,0.42616668,0.81633335,0.37533334,0.14233333,0.5555,0.8923334,0.36183333,0.579,0.16516666,0.451,0.341,0.53416663,0.19083333,0.1305,0.49483335,0.24233332,0.5208334,0.9216667,0.393,0.342,0.17033333,0.529,0.68916667,0.55233335,0.33466667,0.06983333,0.40066665,0.14666666,0.17416665,0.50983334,0.27983332,0.80866665,0.68916667,0.63683337,0.36699998,0.6528333,0.24133334,0.07666666,0.827,0.254,0.17583333,0.20883334,0.334,0.30483332,0.323,0.669,0.9076667,0.06866667,0.26933333,0.50166667,0.043333337,0.40833333,0.06716666,0.47916666,0.9268333,0.68299997,0.24383333,0.90433335,0.37066668,0.74983335,0.061166666,0.5291667,0.6331667,0.48416668,0.5085,0.19,0.15483333,0.26633334,0.6411667,0.46633336,0.5745,0.32883334,0.238,0.26416668
BC2026_Train_0018_S22_20211028_234500_40,0.34383333,0.16766666,0.5196667,0.7946667,0.47083336,0.4441667,0.82933336,0.8861667,0.64716667,0.8755,0.91733336,0.775,0.78816664,0.62916666,0.6831667,0.51666665,0.7186667,0.19983333,0.72249997,0.6479167,0.7803334,0.328,0.514,0.8781667,0.45633337,0.45866668,0.28283334,0.48666665,0.2485,0.8361666,0.147,0.17400001,0.27266666,0.52166665,0.5485,0.1725,0.15683332,0.32366666,0.5988333,0.1425,0.5223334,0.461,0.3146667,0.17400001,0.44733334,0.454,0.31633335,0.37666667,0.41566667,0.3955,0.15166667,0.1475,0.15033333,0.5908333,0.0915,0.86800003,0.1415,0.811,0.11366667,0.41616666,0.6561667,0.39999998,0.64033335,0.8055,0.46183336,0.8803333,0.6168333,0.724,0.52183336,0.8951667,0.46583334,0.4105,0.22066668,0.43150002,0.21516666,0.12733333,0.3195,0.39416668,0.13266668,0.44116667,0.814,0.348,0.9575,0.5948333,0.62633336,0.08783333,0.47066665,0.78300005,0.45700002,0.55050004,0.80583334,0.14999999,0.69816667,0.30783334,0.71250004,0.7141667,0.7863333,0.61483335,0.8255,0.74899995,0.23958333,0.34566668,0.111499995,0.8865,0.791,0.225,0.20233333,0.28216666,0.5095,0.072333336,0.3448333,0.46433336,0.2685,0.21700001,0.28316668,0.204,0.32516667,0.31833333,0.6243333,0.5911667,0.4936667,0.30466667,0.10733333,0.43366668,0.4281667,0.45166665,0.45166665,0.13433333,0.22333333,0.55116665,0.51933336,0.65033334,0.23783335,0.30116665,0.38950002,0.2815,0.3171667,0.8056667,0.43350002,0.91516674,0.4975,0.42366666,0.21083334,0.32633334,0.9011667,0.5335,0.30150002,0.8591666,0.27333334,0.54116666,0.48283333,0.40066665,0.502,0.39566666,0.154,0.4116667,0.18966666,0.19183332,0.25283334,0.45716667,0.30116668,0.49166667,0.31,0.15316667,0.335,0.83766663,0.28800002,0.59000003,0.14366667,0.324,0.29483333,0.39683333,0.112,0.11749999,0.37516665,0.15833333,0.34633332,0.85950005,0.1445,0.41616666,0.1025,0.5453333,0.6458334,0.47233334,0.278,0.07483333,0.37783334,0.12466667,0.27983332,0.49016666,0.29533333,0.821,0.61,0.5905,0.4313333,0.5571667,0.23766667,0.07716666,0.7456667,0.27616668,0.17549999,0.19633333,0.29816666,0.27833334,0.1735,0.58000004,0.9298333,0.0915,0.23449999,0.41183335,0.07683334,0.38133335,0.13133334,0.52633333,0.94733334,0.6435,0.1675,0.93516666,0.29833332,0.7421667,0.09683333,0.58150005,0.4766667,0.3845,0.43550003,0.1355,0.1505,0.2435,0.63133335,0.3465,0.48933333,0.3235,0.208,0.37283334
BC2026_Train_0018_S22_20211028_234500_45,0.4616667,0.13049999,0.34116668,0.77466667,0.24166666,0.20616667,0.7376667,0.7925,0.46800002,0.8753333,0.9648334,0.5966667,0.43649998,0.25,0.2415,0.30766666,0.549,0.064,0.635,0.44533336,0.6526667,0.20683333,0.073,0.9298333,0.25050002,0.16766666,0.18316667,0.303,0.14283332,0.79316664,0.1365,0.024833333,0.2945,0.48550004,0.32133335,0.039666668,0.032333333,0.26366666,0.5625,0.037666667,0.47216666,0.42633334,0.2155,0.0235,0.4185,0.43583333,0.2795,0.3728333,0.346,0.33200002,0.052166667,0.055000003,0.05766667,0.54033333,0.17699999,0.4541667,0.046166666,0.6956667,0.052,0.1615,0.6955,0.22183332,0.484,0.72816664,0.22366667,0.5775,0.6753333,0.4705,0.3155,0.8788333,0.40116668,0.08683333,0.15416667,0.34683332,0.28350002,0.16049999,0.27966666,0.40899998,0.1025,0.39083335,0.67866665,0.46366665,0.98366666,0.52166665,0.533,0.07033333,0.327,0.461,0.19833332,0.54,0.6341667,0.03866667,0.47116667,0.3285,0.407,0.683,0.7378334,0.65016663,0.5598333,0.5286666,0.09,0.3035,0.13616666,0.8631667,0.6573334,0.1655,0.06383333,0.13233334,0.4058333,0.1475,0.24283333,0.4035,0.16733333,0.115499996,0.16616666,0.078833334,0.45866665,0.25533333,0.615,0.6631667,0.377,0.05866667,0.034166668,0.362,0.40400004,0.5125,0.35983333,0.09183334,0.15833333,0.42616668,0.485,0.32191667,0.06533334,0.231,0.25816667,0.36033332,0.1305,0.77266663,0.3818333,0.9374167,0.40783334,0.039499998,0.222,0.25750002,0.88633335,0.34800002,0.5503334,0.9216667,0.34416667,0.457,0.6135833,0.34808332,0.46366668,0.24033335,0.08666667,0.34616667,0.11816667,0.082666665,0.351,0.26766667,0.19766666,0.17183334,0.26283336,0.1295,0.4218333,0.7391667,0.272,0.49866664,0.14933334,0.4365,0.1595,0.19216666,0.25383332,0.06483333,0.34133333,0.2305,0.22966665,0.5268333,0.10216667,0.20783333,0.22266668,0.3145,0.526,0.34066665,0.0785,0.05866667,0.2725,0.21133333,0.12533334,0.304,0.48883337,0.8708333,0.197,0.44049996,0.315,0.3495,0.054166667,0.10433333,0.57483333,0.3983333,0.17016667,0.066,0.16433334,0.29666668,0.17583333,0.38016668,0.8903333,0.018000001,0.28066665,0.14033332,0.019166667,0.29749998,0.07316667,0.61483335,0.89599997,0.6001667,0.28116667,0.82383335,0.14133334,0.4281667,0.11816667,0.2521667,0.47583333,0.38083336,0.30716667,0.15016666,0.058000002,0.3765,0.5196667,0.33083335,0.35750002,0.2548333,0.12216666,0.61866665
BC2026_Train_0018_S22_20211028_234500_50,0.23200001,0.071166664,0.38700002,0.81266665,0.15416667,0.17016666,0.744,0.748,0.3685,0.91866666,0.99733335,0.754,0.31766665,0.25833333,0.1205,0.343,0.47983336,0.04066667,0.55483335,0.473,0.67433333,0.201,0.03316667,0.7775,0.19683333,0.133,0.20616665,0.20283334,0.07216667,0.8031667,0.08433333,0.009666667,0.236,0.52633333,0.2825,0.031,0.016166667,0.19566667,0.55383337,0.058,0.4755,0.3681667,0.24983333,0.008333334,0.325,0.35166666,0.17016667,0.2265,0.24983335,0.27941668,0.063666664,0.065,0.065,0.5096667,0.0785,0.22083333,0.04366667,0.575,0.0735,0.14466667,0.54833335,0.1605,0.47516668,0.6818333,0.23366666,0.55233335,0.74950004,0.39499998,0.24966666,0.85066664,0.35066667,0.011,0.027166666,0.397,0.3448333,0.22933334,0.12883332,0.3095,0.03666667,0.3395,0.5995,0.3305,1.0,0.43866664,0.50666666,0.009500001,0.14383332,0.34966666,0.14533333,0.40350002,0.38099998,0.0055,0.22516666,0.27883333,0.311,0.6106667,0.87,0.55183333,0.48083335,0.54716665,0.07783333,0.2885,0.06283333,0.8488333,0.45333332,0.09483334,0.14683333,0.10516667,0.34733334,0.0445,0.192,0.4058333,0.036666665,0.05466667,0.094,0.0495,0.22999999,0.28966665,0.50450003,0.7535,0.32683334,0.07,0.010833334,0.249,0.32966664,0.50083333,0.177,0.08133333,0.08383334,0.4378333,0.48533335,0.13166666,0.19516666,0.08433334,0.283,0.2705,0.14,0.87216663,0.36883336,0.9181667,0.36749998,0.029000001,0.06733333,0.17083333,0.8463334,0.16283333,0.4421667,0.9546666,0.31566668,0.37899998,0.402,0.12766667,0.51850003,0.15200001,0.018333334,0.36166665,0.111666664,0.091000006,0.27116668,0.1725,0.25783333,0.18400002,0.167,0.122999996,0.28833333,0.5018333,0.21433333,0.4375,0.13333333,0.40866664,0.16933334,0.32583332,0.12416667,0.051333334,0.3345,0.13383333,0.2965,0.23050001,0.06066667,0.171,0.15783334,0.25283334,0.5385,0.36316666,0.09883333,0.025000002,0.204,0.058333334,0.16583334,0.37066668,0.282,0.84983337,0.126,0.499,0.243,0.43449998,0.020666666,0.05116667,0.53833336,0.25633332,0.07683334,0.014833334,0.12383333,0.398,0.075833336,0.3218333,0.8616667,0.009666667,0.21933334,0.052500002,0.028,0.254,0.13166666,0.22716667,0.8918333,0.62216663,0.1175,0.7608334,0.07266667,0.39683336,0.028,0.14383334,0.31766665,0.37566668,0.35633335,0.107,0.0235,0.269,0.47550002,0.25066668,0.25433332,0.26766667,0.056166667,0.3295
BC2026_Train_0018_S22_20211028_234500_55,0.38633332,0.06866667,0.38783333,0.80149996,0.20000002,0.33566666,0.7876667,0.78666663,0.5331667,0.89699996,0.9878334,0.8096667,0.50133336,0.4625,0.19016667,0.49566665,0.52566665,0.059833333,0.6015,0.50116664,0.6591667,0.25849998,0.040666666,0.948,0.29099998,0.2105,0.32516667,0.27283332,0.151,0.82799995,0.031,0.020666666,0.15666667,0.5485,0.39249998,0.053166665,0.046,0.23449999,0.532,0.11716667,0.5133333,0.32999998,0.31616664,0.0205,0.28433335,0.30166668,0.1485,0.14583333,0.28516668,0.28916666,0.10566667,0.10283334,0.108333334,0.556,0.13949999,0.26666668,0.07083333,0.72033334,0.082333334,0.19766667,0.6191667,0.20149998,0.49283332,0.71066666,0.22883333,0.7696667,0.91166663,0.6153333,0.41783333,0.8476666,0.36616668,0.019166667,0.027,0.407,0.36266667,0.34016666,0.11050001,0.25233334,0.068833336,0.38333333,0.64666665,0.31783333,0.9958334,0.5133333,0.52883327,0.024833333,0.09483333,0.47883338,0.061,0.57516664,0.35083336,0.024333334,0.146,0.30416664,0.4095,0.48166668,0.91466665,0.61366665,0.5761666,0.5665,0.078833334,0.334,0.10566667,0.88766664,0.4785,0.1895,0.22033334,0.113333344,0.45983332,0.136,0.12216666,0.44733334,0.047166668,0.07,0.08533333,0.026166666,0.42400002,0.255,0.5588333,0.7868333,0.40283337,0.042333335,0.016333334,0.33416668,0.45666668,0.4185,0.24683335,0.15216666,0.11083333,0.44416666,0.5585,0.35,0.23600002,0.08366667,0.21733333,0.22066666,0.23116668,0.92050004,0.44683337,0.9334166,0.23816666,0.08933334,0.043333337,0.061166666,0.8765,0.30966666,0.41883335,0.92333335,0.34533334,0.401,0.403,0.27633333,0.56416667,0.16583332,0.050333336,0.33883333,0.033666667,0.12883334,0.35533333,0.25883332,0.22933334,0.26166666,0.27366668,0.075166665,0.28800002,0.6705833,0.30416667,0.5021666,0.069,0.37100002,0.19683334,0.46933335,0.23016666,0.046833333,0.20316666,0.117,0.11816666,0.32216668,0.036333334,0.23416667,0.101,0.27,0.46875,0.30416667,0.08916667,0.0595,0.2515,0.050333332,0.0945,0.37116665,0.22483334,0.9,0.19333334,0.52900004,0.23850001,0.412,0.020333333,0.055333335,0.48933333,0.16250001,0.08366667,0.019000001,0.12566666,0.5346667,0.0935,0.26516667,0.87,0.053166665,0.16716667,0.12616667,0.015000001,0.16566667,0.04216667,0.38783336,0.94499993,0.5761667,0.14416666,0.77,0.0385,0.37150002,0.043500002,0.2155,0.46683332,0.391,0.40533337,0.121,0.041500002,0.27983335,0.5568333,0.14266667,0.3241667,0.18249999,0.0915,0.14883333
BC2026_Train_0018_S22_20211028_234500_60,0.33383334,0.06933334,0.366,0.7595,0.19166666,0.30983332,0.7608333,0.69766665,0.48466668,0.8681667,0.98766667,0.7135,0.44883332,0.3875,0.15416667,0.34383336,0.4218333,0.097666666,0.67216665,0.5333333,0.6775,0.39233333,0.0885,0.9693333,0.30699998,0.12183333,0.29716665,0.293,0.23766667,0.84916663,0.034166668,0.112833336,0.1215,0.46499997,0.325,0.060166664,0.088,0.2405,0.5161667,0.07383333,0.56,0.33033335,0.33099997,0.10866667,0.329,0.36499998,0.17866668,0.18916667,0.35083333,0.3565,0.14400001,0.14133334,0.14133334,0.6168333,0.042,0.24583334,0.072000004,0.83,0.056166667,0.1255,0.682,0.16,0.51500005,0.7741667,0.43950003,0.6098333,0.8364999,0.3805,0.29050002,0.8488333,0.265,0.08266667,0.029166667,0.44950002,0.24616666,0.44383332,0.128,0.16133334,0.28083333,0.35466668,0.7095,0.27233332,0.9503333,0.4945,0.43483335,0.039333336,0.07783333,0.52133334,0.09533334,0.35116667,0.45399997,0.0335,0.50983334,0.30566666,0.7235,0.5728333,0.6738334,0.62733334,0.54733336,0.716,0.1735,0.24483334,0.141,0.85333335,0.6815,0.09983333,0.04066667,0.08483334,0.34016666,0.06333333,0.116333336,0.34699997,0.118499994,0.1265,0.07283333,0.10666668,0.13633333,0.34833336,0.44966668,0.5796667,0.4181667,0.0905,0.0205,0.2315,0.455,0.41116667,0.33383334,0.07433333,0.027166666,0.50016665,0.5541667,0.49866664,0.148,0.13216667,0.17966667,0.21283334,0.22366665,0.70816666,0.21000001,0.9486667,0.16433333,0.33083332,0.050166667,0.23650001,0.896,0.1965,0.3165,0.85716665,0.22583333,0.39716667,0.28291667,0.27650002,0.5915,0.27683333,0.035833336,0.14016667,0.12833333,0.06516667,0.37216666,0.38933337,0.30633333,0.42033333,0.18333334,0.016166667,0.23333335,0.853,0.207,0.36683333,0.060166664,0.45000002,0.0675,0.23966667,0.124000005,0.048333332,0.38366666,0.19516666,0.094166666,0.51375,0.041333333,0.39933333,0.06733333,0.341,0.4855,0.2705,0.059,0.16783333,0.27933332,0.0545,0.043333337,0.3935,0.163,0.811,0.536,0.45600003,0.17716667,0.33583334,0.028166665,0.0255,0.58283335,0.22133335,0.096,0.024500001,0.1075,0.35816666,0.13183333,0.3395,0.9381666,0.049000002,0.09983333,0.47150004,0.040333334,0.3445,0.026166666,0.23966667,0.9278334,0.62783337,0.057166666,0.7595,0.08816667,0.48966667,0.004166667,0.25716668,0.5096667,0.37483335,0.47050002,0.121999994,0.020166665,0.20483333,0.45816666,0.273,0.38133335,0.23316668,0.081499994,0.30733332
BC2026_Train_0019_S22_20211104_200000_5,0.19566667,0.25916666,0.5273333,0.5746667,0.91116667,0.301,0.6878333,0.9073333,0.91983336,0.66716665,0.98300004,0.50516665,0.6745,0.46666667,0.5261667,0.8221667,0.8891667,0.0255,0.55399996,0.74516666,0.8946667,0.974,0.7941667,0.74233335,0.98066664,0.74016666,0.47516668,0.40933335,0.26666668,0.9095,0.057833336,0.042666666,0.3318333,0.33266667,0.14683333,0.049333334,0.0285,0.15366666,0.33316666,0.15633333,0.19266666,0.21283333,0.15733333,0.037333336,0.40333334,0.3993333,0.18783332,0.239,0.25433332,0.239,0.045,0.0505,0.0505,0.28841668,0.09233334,0.42083335,0.004166667,0.5795,0.1955,0.20183332,0.7495,0.7645,0.8491667,0.97875,0.44566667,0.445,0.49650002,0.31599998,0.068,0.572,0.10183333,0.07033333,0.062333334,0.28716666,0.2611667,0.014833334,0.14466667,0.42933336,0.24533334,0.27483332,0.71333337,0.31016666,0.9396667,0.38700002,0.47483334,0.064666666,0.062333334,0.33133334,0.38033333,0.8678334,0.41899997,0.27283335,0.43900004,0.24649999,0.96783334,0.7275,0.9728334,0.20666666,0.75283337,0.264,0.104499996,0.8376667,0.32950002,0.7833333,0.31466666,0.0835,0.029666668,0.34383333,0.53783333,0.08483333,0.3645,0.36633334,0.44616663,0.8661667,0.9705,0.172,0.06983333,0.13000001,0.23116666,0.85249996,0.26483333,0.28800002,0.25916666,0.15916666,0.45816666,0.8118333,0.0935,0.43583333,0.108,0.14233333,0.6436667,0.3843333,0.055666666,0.16733333,0.5218333,0.858,0.061333336,0.80183333,0.5121667,0.8181667,0.082833335,0.0295,0.661,0.5085,0.704,0.10316666,0.11266667,0.67516667,0.38233334,0.18216667,0.66066664,0.20166668,0.39233333,0.30733335,0.17683333,0.56983334,0.027166666,0.15783332,0.0675,0.6241666,0.047,0.06933333,0.11766667,0.43516666,0.199,0.16216667,0.31616667,0.32266667,0.4518333,0.25383335,0.017666668,0.6415,0.12716666,0.33900002,0.22533333,0.43916667,0.79733336,0.0295,0.30183333,0.43733335,0.37683332,0.089666665,0.55350006,0.225,0.37933332,0.5311667,0.29066667,0.0925,0.0455,0.16633333,0.7245,0.88899994,0.068833336,0.44283333,0.46866667,0.668,0.34866667,0.078666665,0.5503333,0.24533334,0.0175,0.7833333,0.5631667,0.016166667,0.081999995,0.2175,0.5453334,0.032166667,0.5240834,0.038999997,0.11816666,0.09266667,0.037666667,0.68583333,0.6701666,0.79833335,0.021499999,0.555,0.14916667,0.72366667,0.04433333,0.19616666,0.266,0.20533334,0.23483333,0.29066667,0.09783333,0.252,0.39758334,0.199,0.16466667,0.2985,0.334,0.39350003
BC2026_Train_0019_S22_20211104_200000_10,0.1625,0.204,0.59466666,0.52666664,0.9028333,0.2725,0.5936667,0.9705,0.91533333,0.5995,0.9648333,0.593,0.5811666,0.39166668,0.5025,0.8376667,0.8870001,0.045666665,0.6738333,0.6925,0.90700006,0.98933333,0.89933336,0.709,0.9681667,0.76100004,0.3545,0.36416665,0.3265,0.90700006,0.11533333,0.07016666,0.23266667,0.27216667,0.14933333,0.061499998,0.08666667,0.19116667,0.30633333,0.17466667,0.2255,0.19383332,0.15583333,0.0675,0.30083334,0.29683334,0.15450001,0.22866666,0.28616667,0.27483332,0.050166667,0.048833333,0.050166667,0.31066668,0.038999997,0.5541667,0.016333334,0.6375,0.292,0.3445,0.7866667,0.8631667,0.8998333,0.99866664,0.5076667,0.4863333,0.4365,0.3215,0.08833334,0.52699995,0.112833336,0.14266667,0.13066667,0.23449999,0.21316665,0.031166667,0.16783333,0.26366666,0.13516666,0.39666668,0.8603334,0.3031667,0.8876667,0.5311667,0.49733335,0.225,0.2035,0.54800004,0.41083336,0.9415,0.47533333,0.43858334,0.5708333,0.29116666,0.9496667,0.72333336,0.97983336,0.23166665,0.81666666,0.4615,0.11766667,0.8166666,0.1435,0.665,0.33333334,0.093,0.08116667,0.39233333,0.6128333,0.08116667,0.516,0.60466665,0.5241667,0.86983335,0.9726666,0.16600001,0.07683334,0.12633334,0.28083333,0.8466667,0.28650004,0.16783333,0.24016666,0.18733335,0.49566668,0.80266666,0.13883333,0.25,0.21466666,0.158,0.72683334,0.38766664,0.104499996,0.20966667,0.53499997,0.89050007,0.057833336,0.72933334,0.44550002,0.80516666,0.119,0.10666667,0.77383333,0.49083337,0.6436666,0.122499995,0.26366666,0.66316664,0.4519167,0.27966666,0.80550003,0.26533332,0.46316665,0.4385,0.15666667,0.6458333,0.034,0.09533334,0.10441667,0.7313333,0.0735,0.0955,0.30033332,0.40100002,0.20116667,0.2735,0.5415,0.40600002,0.5113333,0.28916666,0.032166667,0.71466666,0.299,0.37933332,0.3905,0.5183333,0.76916665,0.047166668,0.292,0.48000002,0.3765,0.12666667,0.45466667,0.30716667,0.43933332,0.58916664,0.26616666,0.15566666,0.134,0.17516667,0.79050004,0.88533336,0.08400001,0.4073333,0.48666668,0.68016666,0.37766665,0.15916666,0.4615,0.37616667,0.024333334,0.90133333,0.7673333,0.06216667,0.17633334,0.18483333,0.64966667,0.081499994,0.48966664,0.07333333,0.10266667,0.10716666,0.053499997,0.7276667,0.74633336,0.76516664,0.044666667,0.5955,0.16666667,0.81883335,0.069,0.12616667,0.28916666,0.1565,0.34633332,0.24166666,0.115666665,0.3285,0.5218333,0.275,0.30966666,0.43633336,0.32016665,0.18766665
BC2026_Train_0019_S22_20211104_200000_15,0.15783332,0.3753333,0.7515,0.529,0.90700006,0.4255,0.60649997,0.8915,0.9098333,0.65599996,0.9256667,0.8431667,0.57383335,0.50416666,0.622,0.85283333,0.88366663,0.059166662,0.57949996,0.63850003,0.8961666,0.9551667,0.8641667,0.809,0.97933334,0.7875,0.44750002,0.52716666,0.5313333,0.91116667,0.25366667,0.181,0.4505,0.40033334,0.21583334,0.17033333,0.18716666,0.26283333,0.467,0.20916668,0.30816665,0.3625,0.10766667,0.19416666,0.39416665,0.3915,0.195,0.4475,0.36766666,0.342,0.026,0.0315,0.027333334,0.4785,0.148,0.5,0.06633334,0.5786667,0.41783333,0.24000001,0.7111666,0.8435,0.9241667,0.9355,0.523,0.48250002,0.50699997,0.436,0.22483334,0.5916667,0.15133333,0.16516666,0.34433335,0.38566667,0.33266667,0.061,0.263,0.34325,0.17333335,0.4505,0.9223333,0.35966668,0.9186666,0.5076667,0.6576667,0.23033333,0.348,0.52316666,0.54583335,0.95683336,0.34083334,0.71533334,0.6798333,0.35383332,0.968,0.51566666,0.95500004,0.28266665,0.8363334,0.6345,0.20333333,0.7273333,0.36233336,0.8171667,0.35166666,0.12383333,0.2795,0.56116664,0.7148333,0.16966666,0.5568333,0.54,0.64016664,0.91966665,0.985,0.40866667,0.14583333,0.14066666,0.3385,0.8638333,0.352,0.42116666,0.45983332,0.4073333,0.53,0.78499997,0.15916666,0.44683334,0.26166666,0.285,0.93383336,0.33916667,0.14116667,0.49316666,0.57033336,0.8991667,0.13683334,0.7399167,0.668,0.8375,0.17816666,0.24383333,0.8805,0.71,0.779,0.225,0.3588333,0.7046667,0.51316667,0.20683333,0.87049997,0.25383332,0.768,0.302,0.24666667,0.765,0.08816667,0.45716667,0.13566667,0.7091667,0.15066667,0.11766667,0.28583333,0.45866668,0.34783334,0.44083336,0.41799998,0.456,0.53000003,0.42466664,0.079666674,0.69116664,0.40966666,0.5165,0.31708336,0.5635,0.7428333,0.0755,0.5426667,0.56083333,0.3215,0.19716665,0.62333333,0.41566667,0.584,0.6871667,0.41366667,0.3426667,0.133,0.08366667,0.85233337,0.851,0.13216667,0.51816666,0.6536666,0.83416665,0.51033336,0.29033333,0.5603334,0.41000003,0.09900001,0.8915,0.7308333,0.1155,0.22233334,0.38933334,0.6178333,0.08833333,0.5678333,0.17066666,0.135,0.37316668,0.09266666,0.8183333,0.6085,0.67433333,0.073,0.6771667,0.24800001,0.8746667,0.09516667,0.41950002,0.35916668,0.22866666,0.24066666,0.44766667,0.19316667,0.5795,0.701,0.55516666,0.42416668,0.57166666,0.581,0.6135
BC2026_Train_0019_S22_20211104_200000_20,0.14016666,0.42466664,0.737,0.5145,0.9375,0.37316668,0.5255,0.85,0.91966665,0.6358334,0.83,0.72650003,0.542,0.5625,0.66650003,0.89500004,0.9098333,0.064666666,0.49966666,0.61716664,0.95916665,0.9601667,0.94499993,0.7166667,0.9985833,0.82766664,0.45316666,0.6391667,0.6795,0.9275,0.1675,0.18716666,0.27066666,0.3738333,0.17283332,0.18800001,0.18133333,0.20966667,0.41416666,0.217,0.21116666,0.2866667,0.0895,0.20316666,0.4655,0.46833333,0.18,0.3485,0.28833333,0.29783332,0.014833334,0.016166667,0.0135,0.321,0.2265,0.49166667,0.041833334,0.5178333,0.40266666,0.36966667,0.738,0.8871666,0.8685,0.96225,0.5745,0.45616668,0.47483334,0.5195,0.17816666,0.87216663,0.14416666,0.052166667,0.41033334,0.47249997,0.329,0.033666667,0.18416667,0.4583333,0.14466667,0.49633336,0.8773333,0.366,0.93100005,0.48233333,0.62133336,0.25733334,0.2565,0.41566667,0.4265,0.9223333,0.35666668,0.688,0.5295,0.32333332,0.9635,0.4698333,0.937,0.238,0.7795,0.48233333,0.16749999,0.7,0.30783334,0.6458334,0.32933336,0.13033333,0.1125,0.45483333,0.639,0.15916666,0.6008333,0.5408333,0.6461667,0.8661667,0.9835,0.298,0.0865,0.16849999,0.24883333,0.87950003,0.4378333,0.377,0.28033334,0.31833333,0.5875,0.6443333,0.07416666,0.5736667,0.24066666,0.2045,0.8463334,0.28033334,0.18416667,0.26,0.5265,0.9371667,0.26516667,0.69266665,0.64183336,0.798,0.13766667,0.2175,0.79233336,0.6048333,0.81700003,0.2025,0.4295,0.7696667,0.47133332,0.20099999,0.8145,0.22883332,0.6781667,0.3535,0.292,0.63233334,0.0295,0.17066666,0.1455,0.7391667,0.09458333,0.089999996,0.33783334,0.53783333,0.42833334,0.29283333,0.3875,0.2745,0.5578333,0.44349998,0.077999994,0.7148334,0.30816665,0.3285,0.2415,0.49366668,0.69366664,0.069,0.38766667,0.68700004,0.455,0.14233333,0.6536667,0.31066668,0.464,0.64383334,0.32933334,0.37216666,0.063,0.087,0.7941667,0.8713333,0.10383333,0.5681667,0.5825,0.699,0.48033333,0.224,0.491,0.3995,0.073,0.9178333,0.6445,0.074666664,0.3225,0.349,0.6273333,0.14433333,0.576,0.11683333,0.14050001,0.30433333,0.11433333,0.8373333,0.50983334,0.6675,0.0675,0.63699996,0.116333336,0.86866665,0.11733334,0.25483334,0.35283333,0.23449999,0.2715,0.501,0.23816666,0.44333333,0.68100005,0.4256667,0.42866665,0.41466668,0.43649998,0.36083335
BC2026_Train_0019_S22_20211104_200000_25,0.14566666,0.3146667,0.6131667,0.5475,0.9625,0.431,0.65083337,0.9221667,0.9405,0.72066665,0.89599997,0.6293333,0.523,0.5,0.58033335,0.8933333,0.9281666,0.073,0.51283336,0.58716667,0.93383336,0.98883337,0.9176667,0.9738333,0.9945833,0.7625,0.57633334,0.49366668,0.551,0.929,0.12916666,0.22166666,0.294,0.31233335,0.195,0.167,0.259,0.28133333,0.44349998,0.16633333,0.48499998,0.33383334,0.32950002,0.23766667,0.4125,0.40983334,0.26183334,0.45733333,0.38516667,0.31775,0.14916667,0.14783333,0.14783333,0.50516665,0.12833333,0.49583334,0.039333332,0.5221666,0.35183334,0.34066665,0.75666666,0.87483335,0.8623333,0.9860833,0.5675,0.49783334,0.38133335,0.437,0.20516667,0.7903334,0.104166664,0.062,0.38516667,0.60300004,0.25333333,0.048666667,0.21566667,0.41283336,0.17166667,0.50666666,0.91083336,0.431,0.9483334,0.41266665,0.593,0.21200001,0.1675,0.276,0.57350004,0.96033335,0.32816666,0.5525,0.4556667,0.44199997,0.97900003,0.5495,0.9468334,0.32616666,0.74466664,0.3855,0.26866668,0.8781667,0.32250002,0.8461667,0.52666664,0.191,0.15533334,0.39699998,0.592,0.06283333,0.51566666,0.48366666,0.55950004,0.95799994,0.96533334,0.32316667,0.071666665,0.39683333,0.25933334,0.85366666,0.53416663,0.27166665,0.3215,0.22816667,0.6178334,0.825,0.06333333,0.3755,0.21883334,0.24416667,0.7991667,0.51266664,0.20983332,0.27291667,0.5288334,0.9511667,0.3775,0.5923333,0.60400003,0.826,0.14283334,0.24966666,0.8466667,0.59916663,0.7675,0.13633333,0.37366664,0.7305,0.5905,0.19966666,0.8661667,0.26466668,0.54033333,0.46033335,0.315,0.6595,0.041666664,0.161,0.14766666,0.7838333,0.14383332,0.0935,0.38133335,0.5643333,0.34316665,0.3078333,0.42966664,0.28566664,0.544,0.4085,0.05116667,0.7235,0.33433333,0.1325,0.33466667,0.57566667,0.77133334,0.078833334,0.27983332,0.6613333,0.44599998,0.13016666,0.6335,0.22066668,0.5913333,0.6335,0.2265,0.25266668,0.049833335,0.18266667,0.86066663,0.888,0.11283333,0.44349998,0.7325,0.722,0.3531667,0.16916665,0.4995,0.53933334,0.031166667,0.9861667,0.672,0.035333335,0.257,0.17133333,0.65433335,0.129,0.50366664,0.065,0.15716666,0.185,0.06983333,0.75416666,0.6921667,0.6163333,0.120000005,0.68666667,0.11733334,0.92833334,0.10233334,0.16600001,0.45283332,0.23266667,0.22766668,0.50883335,0.175,0.38866666,0.6313333,0.25716665,0.266,0.5315,0.27733335,0.35266665
BC2026_Train_0019_S22_20211104_200000_30,0.15566666,0.30816665,0.7071667,0.5798333,0.9291667,0.53716666,0.4938333,0.93450004,0.93733335,0.6355,0.8681667,0.6733333,0.48533332,0.675,0.67616665,0.91983336,0.9604167,0.07416666,0.62983334,0.4815,0.93733335,0.99300003,0.9063333,0.99450004,0.9763334,0.86149997,0.6978333,0.40350002,0.4885,0.91533333,0.17933333,0.23116666,0.38016668,0.32616666,0.30816665,0.15983333,0.22299999,0.2885,0.47133332,0.17816666,0.61016667,0.339,0.45416665,0.24983335,0.41799998,0.41,0.28466666,0.5226667,0.43400002,0.361,0.22116666,0.21433333,0.21566665,0.6073333,0.129,0.73333335,0.0785,0.54983336,0.55050004,0.29683334,0.85116667,0.86233336,0.95000005,0.9649167,0.5841667,0.5348333,0.34899998,0.5165,0.27383333,0.8145,0.17866667,0.117,0.5413334,0.8886667,0.25116667,0.12316666,0.3075,0.6695,0.23733334,0.58416665,0.8901667,0.72316664,0.95916665,0.6645,0.64383334,0.224,0.13266666,0.4325,0.6625,0.9958334,0.21333334,0.583,0.5913333,0.46833336,0.98450005,0.77783334,0.94483334,0.31616667,0.8414999,0.35366666,0.252,0.816,0.45783332,0.8588333,0.45883334,0.24016666,0.263,0.568,0.6281667,0.10683333,0.46283334,0.35766667,0.6096667,0.923,0.96099997,0.26566666,0.122999996,0.40783334,0.6565,0.84433335,0.7565,0.58383334,0.38766667,0.38216665,0.62866664,0.8603333,0.0945,0.43350002,0.26666665,0.44449997,0.76,0.75133336,0.39016667,0.314,0.76699996,0.95066667,0.32883334,0.5746666,0.74983335,0.833,0.44016668,0.319,0.8665,0.70916665,0.815,0.22349998,0.316,0.77133334,0.61866665,0.278,0.883,0.5018333,0.73683333,0.45233333,0.34583333,0.6511667,0.36983335,0.39066666,0.15766667,0.9453333,0.17233333,0.136,0.4505,0.4258333,0.45333335,0.42383334,0.563,0.41783333,0.404,0.6336667,0.10433333,0.7726667,0.38416666,0.5058333,0.6191667,0.6428333,0.88133335,0.11366667,0.34000003,0.77283335,0.4415,0.18916667,0.6026667,0.2585,0.6955,0.8123334,0.3755,0.3085,0.19433334,0.26216668,0.9585,0.918,0.31666666,0.5821667,0.6253333,0.78733337,0.38616666,0.20633334,0.69633335,0.62,0.064333335,0.9083334,0.71966666,0.027,0.38050002,0.32700002,0.6783333,0.10216667,0.6045,0.16333334,0.3728333,0.39266667,0.089,0.7841667,0.812,0.69233334,0.20533334,0.7648334,0.21441667,0.8738333,0.13216665,0.24216665,0.53816664,0.38383335,0.38416666,0.5468334,0.22666669,0.616,0.7335,0.3585,0.38933334,0.5223333,0.23933333,0.37583333
BC2026_Train_0019_S22_20211104_200000_35,0.123333335,0.31449997,0.79649997,0.5236666,0.93333334,0.80766666,0.5153333,0.9778334,0.9375,0.61149997,0.79550004,0.74458337,0.6146667,0.575,0.77900004,0.9431666,0.9293333,0.107,0.62216663,0.6456667,0.9623333,0.97766674,0.9816667,0.9271667,0.9916667,0.9565,0.6343333,0.56116664,0.701,0.94149995,0.2445,0.3215,0.50133336,0.16433334,0.19,0.31483334,0.2525,0.25533333,0.46216667,0.27283335,0.45583338,0.32983333,0.29,0.35633332,0.5,0.5026667,0.24266668,0.5096666,0.40133333,0.3,0.1215,0.11733334,0.113333344,0.44366667,0.20616665,0.875,0.1165,0.5345,0.55733335,0.53733337,0.7765,0.8641666,0.90349996,0.9508333,0.64066666,0.5765,0.38316667,0.5701667,0.353,0.85,0.21416667,0.2165,0.5153333,0.6565,0.18466666,0.338,0.41750002,0.82766664,0.1525,0.5943333,0.75483334,0.46616668,0.8431667,0.7503333,0.7696667,0.40183333,0.19749999,0.53966665,0.71566665,0.99333334,0.3223333,0.8085,0.711,0.584,0.9943333,0.8063333,0.9625,0.26616666,0.8068333,0.42216665,0.23916666,0.8098333,0.3146667,0.6473334,0.491,0.22233334,0.322,0.45633334,0.645,0.15966667,0.45100003,0.25883335,0.624,0.753,0.9971667,0.4095,0.13066667,0.36333334,0.3218333,0.8438333,0.8105,0.7328334,0.36666667,0.36833334,0.75,0.7915001,0.03883333,0.7581667,0.30299997,0.4245,0.794,0.57883334,0.548,0.32233334,0.6026667,0.95500004,0.26316667,0.688,0.7535,0.823,0.30716667,0.35516667,0.7756667,0.717,0.7288333,0.30299997,0.31016666,0.69866663,0.6671667,0.31516665,0.8433333,0.6013333,0.776,0.46883333,0.4421667,0.781,0.505,0.36833334,0.28333333,0.9711667,0.27566665,0.15716666,0.6271667,0.452,0.41283333,0.51600003,0.58633333,0.47541666,0.46350002,0.5136667,0.26466668,0.91566664,0.41283333,0.46516666,0.70033336,0.6013334,0.7753333,0.1435,0.531,0.902,0.44533336,0.22183333,0.5683333,0.38616666,0.6996666,0.8286667,0.36216664,0.47633332,0.11733333,0.32833332,0.884,0.85599995,0.41516668,0.667,0.68883336,0.80133337,0.45499998,0.28216666,0.6445,0.526,0.1265,0.9028333,0.7095,0.11799999,0.7173333,0.34466666,0.59833336,0.17333335,0.61433333,0.298,0.69483334,0.29016668,0.115,0.74516666,0.6806667,0.64250004,0.287,0.85216665,0.24966666,0.8438333,0.21233334,0.2645,0.5491667,0.42033333,0.47483334,0.53216666,0.3063333,0.43400002,0.6766667,0.421,0.55266666,0.52016664,0.412,0.447
BC2026_Train_0019_S22_20211104_200000_40,0.11583333,0.28683335,0.6113334,0.547,0.95833325,0.94949996,0.6636667,0.84416664,0.92483336,0.57449996,0.81500006,0.6396667,0.64,0.60833335,0.72333336,0.9295,0.949,0.13683333,0.69350004,0.84000003,0.98366666,0.9838333,0.8501667,0.8151667,0.97599995,0.9006666,0.63600004,0.83633333,0.6476667,0.9695834,0.15366666,0.21916667,0.36624998,0.131,0.17116666,0.15483332,0.1665,0.17033333,0.33249998,0.17116666,0.18066666,0.216,0.10316666,0.24849999,0.33716667,0.333,0.14166667,0.33483332,0.30166668,0.22749999,0.035,0.033666667,0.033666667,0.2585,0.10583333,0.9178333,0.11133333,0.54150003,0.85616666,0.5365,0.86983335,0.8536667,0.9236667,0.9874167,0.6993333,0.5413333,0.453,0.71566665,0.42266667,0.579,0.18283333,0.12583333,0.31333333,0.58183336,0.20433334,0.4425,0.40633333,0.5545,0.175,0.75549996,0.70966667,0.33916667,0.80750006,0.8028333,0.82533336,0.341,0.19566667,0.33266667,0.49600002,0.9551667,0.214,0.5651667,0.6143334,0.7011667,0.9548333,0.883,0.8958334,0.2981667,0.628,0.42966667,0.15733334,0.8385,0.32633334,0.68700004,0.45266667,0.1455,0.112,0.42783332,0.59833336,0.23366666,0.5183333,0.33983335,0.5545,0.5365,0.99733335,0.27616668,0.13783334,0.30616665,0.67333335,0.7725,0.7571667,0.52849996,0.28899997,0.42666668,0.82799995,0.65900004,0.052833334,0.47683334,0.24049999,0.365,0.93583333,0.35716668,0.72300005,0.20466667,0.478,0.9581667,0.23666668,0.542,0.5506667,0.74266666,0.23966667,0.3115,0.7161666,0.5996667,0.82616675,0.26216665,0.3193333,0.66833335,0.5341667,0.333,0.7568333,0.45516667,0.67316663,0.37083334,0.41349998,0.6171667,0.236,0.15533334,0.2445,0.90533334,0.28433335,0.0845,0.6688333,0.6613333,0.23433334,0.6051667,0.411,0.23983333,0.44533336,0.38166666,0.166,0.72650003,0.29333335,0.20533334,0.46933335,0.46933335,0.71383333,0.074499995,0.53900003,0.7983333,0.51133335,0.19466667,0.47566664,0.29683334,0.8028333,0.755,0.48950002,0.25916666,0.13016666,0.108666666,0.80583334,0.85,0.16233334,0.5395,0.583,0.74050003,0.49583334,0.20833333,0.56116664,0.45983335,0.09483333,0.76433337,0.61266667,0.20049998,0.34633332,0.32566667,0.704,0.25933334,0.611,0.173,0.24133334,0.20983332,0.12533332,0.73366666,0.7111666,0.5241667,0.1445,0.791,0.1355,0.8413334,0.114,0.214,0.45866668,0.20983332,0.41516668,0.48533332,0.214,0.50916666,0.5783333,0.38583332,0.36783332,0.5173334,0.454,0.368
BC2026_Train_0019_S22_20211104_200000_45,0.1275,0.30433333,0.6545,0.5963333,0.975,0.8713333,0.6211667,0.85616666,0.94733334,0.5855,0.84466666,0.7405833,0.41016665,0.525,0.79833335,0.93200004,0.9821667,0.09866667,0.551,0.6998334,0.9931667,0.9533333,0.7385,0.6951667,0.96916664,0.7776667,0.59583336,0.83250004,0.72033334,0.9498333,0.166,0.21316665,0.33966666,0.13216665,0.13633333,0.13766667,0.12616667,0.17000002,0.37083334,0.15433332,0.24966666,0.26783332,0.15133333,0.24650002,0.243,0.23366666,0.11799999,0.39233333,0.27816665,0.23,0.0485,0.049833335,0.049833335,0.30699998,0.06483333,0.7513333,0.0855,0.54800004,0.7423334,0.36433333,0.78433335,0.8966667,0.91650003,0.94533336,0.8976667,0.5421667,0.5203333,0.6055,0.41266668,0.76666665,0.12783334,0.091000006,0.18316667,0.435,0.185,0.07316667,0.24483334,0.31616667,0.133,0.7723333,0.70350003,0.44516665,0.85716665,0.85183334,0.7108333,0.2425,0.11799999,0.2875,0.33566666,0.9095,0.41983336,0.36516666,0.5578333,0.7423334,0.9636667,0.8218334,0.777,0.34733334,0.6105,0.565,0.1625,0.68116665,0.09616667,0.571,0.4375,0.148,0.057499997,0.44733334,0.6073333,0.21616666,0.47200003,0.32175,0.526,0.646,0.9635,0.19833332,0.14500001,0.4485,0.3145,0.7633333,0.50983334,0.20316666,0.21766666,0.27749997,0.6396667,0.68350005,0.025833333,0.44449997,0.16683333,0.27983332,0.88949996,0.285,0.71683335,0.23316666,0.4633333,0.97566664,0.5445,0.41766664,0.5613333,0.7475,0.11066667,0.38783336,0.76783335,0.6091667,0.7493334,0.302,0.27566665,0.7313333,0.43366665,0.3631667,0.7906667,0.127,0.60866666,0.32483333,0.3845,0.5261667,0.105,0.1595,0.16216666,0.8455,0.203,0.097,0.6635,0.33016667,0.27916667,0.57733333,0.3605,0.387,0.54433334,0.6021667,0.19016667,0.66400003,0.26783332,0.105333336,0.35491666,0.3415,0.8373333,0.045666665,0.3843333,0.7725,0.3491667,0.11083333,0.6506667,0.43899998,0.72866666,0.61416674,0.29966667,0.19749999,0.115833335,0.11383333,0.7985,0.8695,0.123500004,0.43833333,0.5215,0.67333335,0.42016667,0.14283332,0.36150002,0.61483335,0.0715,0.7316667,0.693,0.16216666,0.12866667,0.331,0.49083334,0.275,0.73933333,0.074999996,0.20816667,0.16866666,0.25916666,0.67116666,0.74366665,0.48766667,0.12583333,0.74733335,0.0835,0.86216664,0.13133334,0.20533334,0.4073333,0.2455,0.25800002,0.47883335,0.18533334,0.47100002,0.71,0.38283336,0.42716664,0.47266665,0.46466666,0.4425
BC2026_Train_0019_S22_20211104_200000_50,0.19733334,0.31166667,0.63883334,0.5391667,0.9958334,0.69775,0.65283334,0.97083336,0.9443333,0.56733334,0.78033334,0.74,0.5463333,0.4083333,0.8691666,0.9443333,1.0,0.13516666,0.5915,0.90349996,0.99866664,0.92083335,0.8398334,0.69883335,0.978,0.86300004,0.45916665,0.48066667,0.53499997,0.9411667,0.09183333,0.155,0.31116664,0.12766667,0.1305,0.14999999,0.14566666,0.16766667,0.3843333,0.13916667,0.24766666,0.25883335,0.16366667,0.171,0.25083333,0.25483334,0.14516667,0.39866668,0.32583332,0.23616666,0.064666666,0.071333334,0.066,0.27833334,0.12583333,0.77916664,0.056833334,0.53433335,0.7835,0.5021667,0.906,0.9468334,0.9150001,0.8973333,0.96599996,0.41583332,0.4848333,0.69533336,0.4685,0.5886667,0.15633334,0.23883334,0.36400002,0.7303333,0.20316666,0.044833332,0.22683333,0.43716666,0.13666667,0.64816666,0.76483333,0.45783332,0.8426666,0.7985,0.7288333,0.36516666,0.16383334,0.6311667,0.44183335,0.8513333,0.6878333,0.449,0.6805,0.7595,0.95266664,0.84833336,0.90033334,0.189,0.57100004,0.50266665,0.099,0.83349997,0.26033333,0.58666664,0.44516668,0.16749999,0.07283333,0.6221667,0.46316665,0.11500001,0.5945,0.45183334,0.46999997,0.44416666,0.92999995,0.25533333,0.127,0.54649997,0.44149998,0.74750006,0.49933335,0.2905,0.18033333,0.27983332,0.8345,0.6595,0.04433333,0.3275,0.18883333,0.27666664,0.9016667,0.356,0.6651666,0.31366664,0.57350004,0.97983336,0.6231667,0.54766667,0.5109167,0.7571666,0.15916666,0.16766666,0.759,0.64699996,0.6953333,0.36108333,0.31866667,0.6943333,0.4913333,0.30266666,0.864,0.1485,0.45450002,0.2905,0.31533334,0.47966665,0.0725,0.20283332,0.1895,0.90583336,0.1925,0.11316666,0.52699995,0.365,0.2866667,0.457,0.5125,0.24400002,0.40616667,0.331,0.3535,0.653,0.26749998,0.17466667,0.24683332,0.5219166,0.8715,0.062,0.24783334,0.5715,0.315,0.15316667,0.47816667,0.21016666,0.982,0.6166667,0.29549998,0.25383332,0.26466668,0.45,0.7425,0.939,0.143,0.4371667,0.519,0.65566665,0.4085,0.21016666,0.41833335,0.699,0.0515,0.97833335,0.54999995,0.16133332,0.08216667,0.29016668,0.68766665,0.21533334,0.84983337,0.12833333,0.15783332,0.1695,0.17583333,0.42283335,0.51516664,0.5025,0.20750001,0.735,0.13033333,0.921,0.16966668,0.123166665,0.482,0.47133332,0.2925,0.4346667,0.21966666,0.6446667,0.67200005,0.28533334,0.5643333,0.43483335,0.50333333,0.38599998
BC2026_Train_0019_S22_20211104_200000_55,0.17916666,0.4651667,0.6921667,0.5445,0.90666664,0.82766664,0.6181667,0.96666664,0.9136667,0.7111666,0.81583333,0.67116666,0.73733336,0.8666667,0.84566665,0.9045,0.9655,0.11749999,0.5146667,0.7925,0.9178333,0.90466666,0.747,0.9213333,0.915,0.88400006,0.5003333,0.8468333,0.865,0.9791667,0.1015,0.23466668,0.44349998,0.42949998,0.26216668,0.46483332,0.218,0.25383332,0.41383332,0.24833333,0.44199997,0.27283335,0.23716667,0.281,0.39866668,0.40116668,0.29083335,0.45133334,0.44349998,0.2985,0.1265,0.12516667,0.1265,0.42433333,0.30533332,0.668,0.06933333,0.51233333,0.64016664,0.57766664,0.9525,0.88133335,0.80116665,0.86116666,0.6601666,0.4795,0.65683335,0.779,0.47249997,0.68116665,0.21116666,0.239,0.32216668,0.5196667,0.49899998,0.10583333,0.39183334,0.3365,0.12016666,0.6563333,0.8976667,0.6168333,0.90016663,0.5503334,0.73933333,0.31766665,0.21916667,0.581,0.39900002,0.80450004,0.37633333,0.582,0.50533336,0.52466667,0.91749996,0.9733333,0.973,0.35283333,0.5578333,0.5631666,0.22116667,0.7745,0.43416667,0.8283334,0.612,0.34550002,0.16816667,0.5883333,0.47316667,0.15566666,0.34633332,0.5373333,0.5136667,0.36416668,0.8693334,0.22749999,0.25349998,0.5255,0.66999996,0.87,0.79349995,0.39866668,0.17966667,0.44383335,0.9698334,0.48733333,0.08366667,0.59866667,0.26783335,0.14316666,0.8768333,0.40533334,0.4371667,0.3255,0.63166666,0.8596667,0.5581667,0.681,0.46766666,0.8028333,0.1805,0.21249999,0.62900007,0.5286666,0.8593333,0.35416666,0.43708336,0.75733334,0.48925,0.37083334,0.9126667,0.16149999,0.6055,0.433,0.44133335,0.70916665,0.273,0.31283334,0.16516666,0.8625,0.1925,0.13533333,0.536,0.5315,0.346,0.46066666,0.74450004,0.39883333,0.26683334,0.494,0.31516665,0.7758333,0.40150002,0.3655,0.2965,0.739,0.80366665,0.09916667,0.468,0.798,0.394,0.181,0.5995,0.36233333,1.0,0.53866667,0.33666664,0.28,0.23833333,0.21683332,0.71333337,0.911,0.17383333,0.70816666,0.62533337,0.6856667,0.47433335,0.273,0.4371667,0.74133337,0.049000002,0.9271667,0.5873333,0.119833335,0.16533333,0.48916668,0.722,0.2445,0.6778333,0.1345,0.17816666,0.19316667,0.16716667,0.53466666,0.77133334,0.6185,0.24399999,0.82266665,0.10583333,0.977,0.1995,0.23266667,0.5136666,0.46816668,0.26466668,0.52533334,0.37916666,0.67749995,0.6698333,0.40466666,0.40383333,0.56799996,0.51633334,0.44766665
BC2026_Train_0019_S22_20211104_200000_60,0.25433332,0.48316664,0.716,0.5481667,0.7375,0.8796667,0.66433334,0.9861667,0.8718333,0.7221667,0.7985,0.80866665,0.62216663,0.9875,0.96633327,0.82016665,0.9141667,0.17233333,0.42383334,0.8361666,0.86899996,0.79616666,0.8436667,0.9023333,0.7691667,0.9635,0.35766667,0.9336667,0.79550004,0.9566667,0.21983333,0.31416667,0.5291667,0.6191666,0.20750001,0.6206666,0.26766667,0.38066667,0.47966665,0.32816666,0.463,0.39133334,0.214,0.32616666,0.45083332,0.45083332,0.44599998,0.48033333,0.5081667,0.4155,0.1445,0.13783333,0.15116666,0.45166665,0.32999998,0.62083334,0.09633334,0.5068333,0.6023333,0.42933333,0.92149997,0.87049997,0.7068333,0.80983335,0.37583333,0.45733333,0.94083333,0.80233335,0.46033332,0.834,0.32716665,0.285,0.43666667,0.624,0.61725,0.09483333,0.38533333,0.63483334,0.28816664,0.70883334,0.9235,0.6855,0.88766664,0.7016667,0.78616667,0.39533332,0.33316666,0.72249997,0.61216664,0.8531667,0.41966665,0.6925,0.5416667,0.4375,0.8968333,0.90599996,0.992,0.46100003,0.55266666,0.50633335,0.27166665,0.85683334,0.58783334,0.76016665,0.7036667,0.25733334,0.30816668,0.69025,0.5146667,0.28899997,0.5863334,0.7836666,0.5266667,0.41866666,0.8246667,0.24650002,0.24049999,0.43583333,0.8485,0.9291667,0.7629167,0.42116666,0.2155,0.46699998,0.92433333,0.6005,0.39,0.70383334,0.29933333,0.18433332,0.83349997,0.46283334,0.58166665,0.42866668,0.49650002,0.838,0.37666667,0.774,0.49249998,0.80700004,0.15149999,0.341,0.6448333,0.74549997,0.773,0.41783333,0.43266666,0.84716666,0.481,0.442,0.90433335,0.239,0.7785,0.59716666,0.5375,0.8178333,0.46550003,0.47466666,0.2385,0.9098333,0.23483333,0.21266668,0.63166666,0.66833335,0.4575,0.42333335,0.7916667,0.4845,0.33983332,0.634,0.42866665,0.775,0.4306667,0.22349998,0.40899998,0.5935,0.7823334,0.11666667,0.5046667,0.77033335,0.49699998,0.33316666,0.6673333,0.34883332,0.97766674,0.649,0.5226667,0.53466666,0.119,0.5006667,0.735,0.89316666,0.23183334,0.7865,0.76266664,0.73683333,0.582,0.25183332,0.48866665,0.71966666,0.10983333,0.9406667,0.71933335,0.20133334,0.29366666,0.65783334,0.77550006,0.18816666,0.61483335,0.18116668,0.242,0.2935,0.43433332,0.5563333,0.74549997,0.6946667,0.6051667,0.6901667,0.1385,0.9878334,0.35500002,0.29250002,0.5901667,0.6203333,0.28233334,0.52966666,0.26716667,0.5233333,0.7055,0.44583333,0.40666667,0.5935,0.4855,0.35266668
BC2026_Train_0020_S22_20211104_231500_5,0.7391666,0.416,0.5973334,0.73933333,0.8875,0.16566667,0.7018333,0.675,0.7978333,0.76516664,0.794,0.77316666,0.6246667,0.70416665,0.77349997,0.73649997,0.7978333,0.188,0.8096667,0.4643333,0.8831667,0.8286667,0.58033335,0.88933337,0.9245,0.6695,0.6308333,0.50383335,0.2615,0.87633336,0.2776667,0.234,0.25483334,0.48416668,0.21666667,0.21766666,0.39966667,0.4275,0.5568333,0.2265,0.60283333,0.47950003,0.31416667,0.22866666,0.4005,0.38983333,0.2801667,0.53616667,0.49616668,0.407,0.16333333,0.185,0.16483334,0.6488334,0.15616667,0.4375,0.12866667,0.73933333,0.21216667,0.43866664,0.8063333,0.7625,0.82916665,0.9121666,0.64666665,0.9021667,0.9451667,0.7981667,0.37,0.862,0.576,0.29516667,0.227,0.81700003,0.58383334,0.37350002,0.5616666,0.72066665,0.13949999,0.12866667,0.875,0.6796667,0.93316674,0.5498333,0.5746666,0.112833336,0.39416665,0.9218334,0.41099998,0.95449996,0.4785,0.26849997,0.6741667,0.25166667,0.8726667,0.705,0.8016667,0.5021667,0.9056667,0.7968334,0.4105,0.387,0.64966667,0.93883336,0.9710001,0.61366665,0.23183332,0.79550004,0.88549995,0.16783333,0.426,0.5395,0.273,0.84616673,0.959,0.43033332,0.57816666,0.45566666,0.67866665,0.91183335,0.294,0.8305,0.46033332,0.65066665,0.82233334,0.98583335,0.9085,0.39716667,0.3215,0.28816667,0.6895,0.5671667,0.2305,0.7981667,0.9421667,0.9548334,0.41083336,0.12666667,0.94650006,0.89399993,0.42516667,0.72583336,0.864,0.48966664,0.84466666,0.32983333,0.20899999,0.67983335,0.35733333,0.4906667,0.87333333,0.76633334,0.7148334,0.11749999,0.77566665,0.22016667,0.40333334,0.54849994,0.25316665,0.6793333,0.36216664,0.6561667,0.1375,0.08516666,0.8271667,0.50983334,0.3765,0.49633336,0.75783336,0.6085,0.5036667,0.92266667,0.36666667,0.47683334,0.65316665,0.747,0.92850006,0.6051667,0.23616667,0.6228334,0.3746667,0.481,0.8296667,0.53283334,0.73433334,0.5436667,0.81116664,0.41399997,0.267,0.531,1.0,0.72566664,0.35016668,0.536,0.54466665,0.70449996,0.6605,0.31716666,0.91583335,0.5218333,0.30049998,0.54816663,0.9113333,0.25233334,0.39416665,0.6411667,0.9138334,0.62416667,0.70299995,0.8,0.301,0.25166667,0.17283332,0.94966674,0.94083333,0.9148333,0.57116663,0.91933334,0.45166665,0.8316667,0.29416668,0.6211667,0.40233335,0.58966666,0.35966668,0.44983333,0.3376667,0.25966668,0.8758333,0.53966665,0.36550003,0.495,0.18966667,0.74833333
BC2026_Train_0020_S22_20211104_231500_10,0.7238333,0.4651667,0.68999994,0.6933333,0.8833333,0.36283332,0.8006667,0.8661667,0.82199997,0.7916667,0.8283334,0.9113333,0.818,0.904,0.91199994,0.807,0.82383335,0.35033333,0.78325,0.42983335,0.89016664,0.902,0.716,0.9003334,0.89666665,0.75016665,0.59466666,0.5808334,0.32533336,0.8831667,0.23499998,0.37266666,0.25916666,0.3155,0.4505,0.25433332,0.4695,0.518,0.506,0.25666666,0.5031667,0.43400002,0.35133332,0.36583334,0.40883332,0.39016667,0.328,0.6115,0.56583333,0.5426667,0.23333335,0.23333335,0.22916666,0.49466667,0.100833334,0.8333333,0.211,0.84616673,0.50333333,0.54433334,0.8816667,0.785,0.9075,0.893,0.6725,0.9601667,0.9835,0.9228333,0.573,0.8958334,0.70816666,0.44983333,0.283,0.77533334,0.5475,0.32599998,0.39933333,0.6451667,0.24783333,0.25216666,0.88516665,0.5798333,0.82016665,0.684,0.7105,0.33066666,0.75616664,0.97616667,0.28783333,0.92883337,0.6211667,0.5695,0.5185,0.31450003,0.9701667,0.62983334,0.59983337,0.5561667,0.98300004,0.918,0.44283333,0.46316665,0.7301667,0.9263333,0.8148333,0.5961667,0.403,0.76500005,0.97483337,0.2255,0.49833333,0.4315,0.6678333,0.96783334,0.91050005,0.40749997,0.412,0.54466665,0.46933335,0.79966664,0.29833332,0.6123333,0.4781667,0.5973333,0.7783333,0.95100003,0.7555,0.57016665,0.31416667,0.36533335,0.574,0.818,0.38833335,0.84416664,0.9023334,0.92616665,0.5645,0.18133333,0.86,0.92733335,0.4838333,0.6985,0.91683334,0.55966663,0.8718333,0.43516666,0.19383332,0.9275,0.266,0.53866667,0.88233334,0.7876667,0.772,0.2545,0.8986666,0.43299997,0.508,0.563,0.34133333,0.771,0.341,0.7583333,0.1265,0.23783334,0.6725,0.66433334,0.5161667,0.66583335,0.69083333,0.44483337,0.54833335,0.81533337,0.43633333,0.5916667,0.4633333,0.76233333,0.8538334,0.81116664,0.25483334,0.782,0.37333333,0.45666665,0.82966673,0.5988333,0.7608333,0.4735,0.6235,0.34,0.29983333,0.6771667,0.98483336,0.7213333,0.90716666,0.6121667,0.532,0.6181667,0.5886667,0.33683333,0.6921667,0.4795,0.319,0.55050004,0.95100003,0.36466667,0.49816668,0.69783336,0.95900005,0.68950003,0.6261667,0.885,0.28883332,0.32616666,0.16933334,0.9306667,0.96533334,0.90999997,0.59466666,0.93133336,0.47116667,0.9676666,0.32,0.5743333,0.52,0.64716667,0.5833333,0.4723333,0.41933334,0.41966668,0.94416666,0.45483333,0.37866667,0.67766666,0.29516667,0.51816666
BC2026_Train_0020_S22_20211104_231500_15,0.58716667,0.2965,0.5388333,0.6573334,0.86249995,0.4263333,0.6955,0.9256667,0.80700004,0.7891666,0.7863333,0.599,0.85933334,0.73333335,0.7778333,0.8321667,0.8003334,0.31783333,0.7656666,0.41066664,0.859,0.6831667,0.6345,0.5846666,0.684,0.65016663,0.294,0.55083334,0.17566666,0.8301667,0.19416666,0.30449998,0.14566666,0.24066666,0.5733334,0.18366666,0.4468333,0.45333335,0.442,0.16000001,0.1715,0.36949998,0.15633333,0.29516667,0.33233333,0.31083333,0.29566666,0.56483334,0.48866665,0.442,0.1635,0.14616667,0.15683332,0.22216666,0.0345,0.7375,0.23766667,0.8903333,0.63666666,0.78066665,0.85950005,0.918,0.87216663,0.88483334,0.712,0.992,0.79733336,0.97566664,0.47333333,0.84833336,0.6986667,0.5295,0.33483332,0.8888334,0.25849998,0.45766667,0.3475,0.78083336,0.30033332,0.17316666,0.78849995,0.2783333,0.71383333,0.46183333,0.60066664,0.3466667,0.5096666,0.95416665,0.275,0.76933336,0.58066666,0.70183337,0.30366665,0.32466665,0.9183333,0.65283334,0.33233333,0.46233332,0.9421667,0.8311667,0.42016667,0.2618333,0.7995,0.911,0.9433334,0.4845,0.29783332,0.8513334,0.8758333,0.27899998,0.51416665,0.6386667,0.69633335,0.909,0.88199997,0.3665,0.4935,0.5096667,0.49400002,0.549,0.27933332,0.48966667,0.41916665,0.464,0.84450006,0.7891666,0.8956666,0.46033335,0.23633334,0.41633332,0.43666667,0.76316667,0.39966667,0.79716665,0.8788333,0.8506667,0.5295,0.25133333,0.7855,0.89716667,0.42783335,0.559,0.7826667,0.494,0.87450004,0.42266667,0.09966667,0.9263333,0.31133333,0.81700003,0.59683335,0.702,0.73516667,0.44283333,0.637,0.59616673,0.47466666,0.4073333,0.36699998,0.73683333,0.2805,0.8991667,0.16733333,0.3595,0.37083334,0.7011667,0.7211667,0.60749996,0.4965,0.44633335,0.5531667,0.6536667,0.40933335,0.52783334,0.31616667,0.79083335,0.69166666,0.85950005,0.36758333,0.7975,0.42775002,0.49866667,0.74916667,0.5341667,0.48350003,0.4085,0.6601667,0.46466666,0.25416666,0.87983334,0.85950005,0.6651667,0.9693333,0.5185,0.37583333,0.55399996,0.43116665,0.31083333,0.7725,0.47100002,0.5305,0.36516666,0.92116666,0.2545,0.721,0.6345,0.88666666,0.5003333,0.58900005,0.9086667,0.22783333,0.23283333,0.12933333,0.8103334,0.9916667,0.9646667,0.6526667,0.94949996,0.5995,0.7711667,0.35366666,0.5776667,0.53966665,0.7111666,0.7223333,0.3865,0.57233334,0.20316666,0.75016665,0.2705,0.26733333,0.6738333,0.18233334,0.6725
BC2026_Train_0020_S22_20211104_231500_20,0.53983337,0.13133334,0.29983333,0.6878333,0.84583336,0.291,0.46500003,0.75750005,0.8225,0.77349997,0.74966663,0.37116665,0.87416667,0.38333333,0.50133336,0.8366667,0.6775,0.28833333,0.8186667,0.4335,0.8535,0.695,0.6473333,0.40750003,0.76666665,0.546,0.18283334,0.42783335,0.16083333,0.8183333,0.101500005,0.18383333,0.127,0.1415,0.3595,0.096666664,0.4485,0.35549998,0.34983334,0.094166666,0.08883333,0.31716666,0.053666666,0.16633333,0.16366667,0.16499999,0.14466667,0.45933333,0.37150002,0.26341665,0.0695,0.06683333,0.068166666,0.18200001,0.009500001,0.35,0.19716667,0.92766666,0.26333332,0.75333333,0.82316667,0.878,0.91583335,0.8750834,0.801,0.9558333,0.7971667,0.9555,0.22933334,0.8036667,0.5513333,0.5818333,0.25016665,0.7438333,0.1795,0.23033333,0.36766666,0.43683332,0.222,0.242,0.6803334,0.22833332,0.5743333,0.7723334,0.47966668,0.13966666,0.3075,0.8653333,0.40133333,0.7251666,0.67149997,0.62166667,0.37233332,0.39283335,0.9066667,0.6135,0.26366666,0.41916665,0.90083337,0.8103334,0.5498333,0.2235,0.6065,0.91533333,0.96333337,0.41433334,0.1995,0.81116664,0.7276667,0.32633334,0.3976667,0.508,0.71566665,0.8921666,0.8823333,0.42683333,0.48616666,0.4753333,0.5528333,0.43583333,0.2365,0.43483335,0.4565,0.366,0.904,0.7675,0.68716663,0.34166667,0.19583333,0.35583335,0.35116667,0.73216665,0.30866665,0.6896667,0.6538333,0.746,0.509,0.061333336,0.57233334,0.8736667,0.3105,0.59833336,0.616,0.4725,0.79183334,0.41583332,0.11733334,0.48366666,0.38416666,0.45883334,0.46316668,0.67050004,0.4946667,0.24166667,0.55,0.47466666,0.42716664,0.26633334,0.17616667,0.6461667,0.20816666,0.80899996,0.17916666,0.2145,0.42266667,0.66908336,0.52075,0.56233335,0.49366668,0.3681667,0.5351666,0.54183334,0.353,0.42000002,0.35733333,0.8,0.74583334,0.82199997,0.32216668,0.43033332,0.28366667,0.44833332,0.83,0.5525,0.4185,0.395,0.7403333,0.35466665,0.2745,0.7151667,0.7648334,0.4821667,0.8055,0.36233336,0.32733333,0.51350003,0.46783334,0.31233335,0.71949995,0.4920833,0.4055,0.43,0.8756667,0.2145,0.46400002,0.6451667,0.8635,0.62666667,0.64916664,0.82266665,0.17233333,0.19016667,0.12816666,0.83533335,0.97766674,0.8948333,0.54816663,0.8811667,0.5725,0.775,0.23300001,0.72183335,0.41183335,0.61899996,0.595,0.341,0.339,0.1735,0.59866667,0.25783333,0.10766667,0.60150003,0.125,0.5453333
BC2026_Train_0020_S22_20211104_231500_25,0.5135,0.16116667,0.40533334,0.7575,0.87916666,0.43899998,0.53033334,0.65966666,0.8435,0.75016665,0.71783334,0.53758335,0.78966665,0.42916667,0.48183334,0.9108333,0.6968333,0.22266668,0.8946667,0.39683333,0.8596667,0.90050006,0.6423333,0.44183335,0.9315,0.6905,0.30133334,0.39750004,0.12783334,0.83183336,0.27383333,0.26000002,0.21566667,0.21383333,0.37233335,0.15733334,0.48550004,0.39883333,0.45483333,0.16433333,0.107833326,0.396,0.07766667,0.23983333,0.18400002,0.17983334,0.14983332,0.5556667,0.375,0.31316668,0.12216667,0.11016667,0.1035,0.23983334,0.012500001,0.52916664,0.27216667,0.9125,0.19033334,0.6551666,0.84250003,0.8695,0.8616667,0.87216663,0.91183335,0.96333337,0.73866665,0.9866667,0.4538333,0.7925,0.5405,0.49650002,0.35933334,0.817,0.343,0.5248333,0.58449996,0.6771667,0.49583334,0.41866666,0.7245833,0.37983334,0.5451667,0.7535,0.42916667,0.18616666,0.6013334,0.8870001,0.39366665,0.8508333,0.60433334,0.80799997,0.47666666,0.4695,0.91400003,0.6438333,0.30666667,0.37483332,0.8831667,0.81,0.5071666,0.36383334,0.2615,0.92083335,0.79933333,0.5613333,0.272,0.78716666,0.80916667,0.30883333,0.26183334,0.49433333,0.658,0.7343334,0.8776667,0.5416667,0.5095,0.65666664,0.6346667,0.46816668,0.26616666,0.47633332,0.47883335,0.46866667,0.8386667,0.80733335,0.6955,0.48466665,0.25833333,0.42783335,0.5405,0.7255,0.33783334,0.7195,0.747,0.852,0.478,0.43883333,0.82733333,0.86249995,0.39033332,0.54999995,0.77491665,0.55149996,0.792,0.384,0.07066667,0.42633334,0.37949997,0.4285,0.57683337,0.58516663,0.5241667,0.27166665,0.693,0.58566666,0.4931667,0.5835,0.47016665,0.7235,0.24583332,0.6095,0.36683333,0.19933334,0.34233332,0.7148334,0.4123333,0.584,0.34466666,0.40899998,0.6508333,0.5945,0.35666665,0.48016667,0.5158333,0.77,0.8188333,0.8101667,0.4695,0.329,0.3145,0.4698333,0.8706667,0.5118333,0.6595,0.42966667,0.81166667,0.37616667,0.25966665,0.768,0.82766664,0.3905,0.7645,0.39116666,0.6571667,0.54766667,0.5761667,0.32316667,0.7966666,0.64566666,0.5056667,0.561,0.9331667,0.35766667,0.48283333,0.62833333,0.81733334,0.54833335,0.64100003,0.666,0.2235,0.27466667,0.3105,0.98083335,1.0,0.87049997,0.54,0.9558333,0.66216666,0.732,0.24166667,0.7906667,0.5845,0.78433335,0.5955,0.41899997,0.70166665,0.3225,0.59583336,0.41533333,0.2595,0.6486666,0.16083333,0.41533333
BC2026_Train_0020_S22_20211104_231500_30,0.47666663,0.19833332,0.485,0.71150005,0.8166666,0.47183335,0.5313333,0.62616664,0.79716665,0.7738333,0.73333335,0.5675,0.8125,0.28333333,0.48883337,0.9303334,0.64250004,0.1695,0.941,0.37616667,0.8168334,0.7513333,0.5775,0.49816665,0.6933333,0.6113333,0.22883332,0.42333332,0.145,0.8043333,0.20866667,0.298,0.20033333,0.23033333,0.3075,0.20216668,0.48333332,0.4095,0.5816667,0.17033333,0.13033333,0.43866667,0.11866667,0.29283333,0.22716668,0.22983333,0.24766666,0.5708333,0.43150002,0.40366668,0.15066667,0.15316665,0.14383332,0.23666668,0.034833334,0.8083334,0.33716667,0.918,0.3243333,0.8195,0.8823333,0.73749995,0.91333336,0.8596667,0.87833333,0.941,0.8355,0.97183335,0.63883334,0.84416664,0.51416665,0.45183334,0.36816666,0.89016664,0.27616668,0.606,0.36016667,0.6445,0.47150004,0.287,0.62700003,0.27816665,0.5388334,0.859,0.5316667,0.10783333,0.47533333,0.81733334,0.44099998,0.69733334,0.48016667,0.67700005,0.4315,0.3595,0.90716666,0.7658334,0.21283333,0.42266667,0.88633335,0.85866666,0.41033334,0.61399996,0.30283332,0.8988333,0.71625,0.72366667,0.26233333,0.9355,0.7538333,0.22216666,0.25383332,0.5765,0.69049996,0.7111667,0.85150003,0.39166665,0.37833333,0.87783337,0.703,0.41616666,0.22116667,0.52400005,0.4145,0.572,0.9396666,0.71133333,0.8378334,0.52516663,0.12783334,0.60599995,0.44633335,0.7186667,0.5261667,0.71383333,0.75,0.761,0.6328333,0.33216667,0.83366674,0.8655,0.592,0.63983333,0.57566667,0.684,0.8296667,0.61433333,0.08083333,0.6573334,0.34466666,0.6361667,0.4848333,0.655,0.37333333,0.22883332,0.7716667,0.54,0.49333334,0.29516667,0.49683335,0.6545,0.3015,0.63366663,0.32133335,0.14883333,0.16433334,0.78966665,0.697,0.4091667,0.24916667,0.26333335,0.801,0.5961667,0.38483334,0.509,0.4683333,0.8138333,0.713,0.7986667,0.287,0.387,0.38349998,0.5651667,0.7605,0.3993333,0.5265,0.4225,0.62516665,0.46316665,0.32,0.9751667,0.669,0.5306667,0.94383335,0.53933334,0.6313333,0.5125,0.51699996,0.21666667,0.71566665,0.75033337,0.65133333,0.4935,0.7885,0.14033332,0.43833333,0.79366666,0.8771666,0.49583334,0.60825,0.88949996,0.18866667,0.20400001,0.20383333,0.8095,0.9958334,0.89166665,0.72683334,0.98483336,0.7003333,0.6685,0.29433334,0.7671667,0.5696667,0.954,0.7463333,0.29733333,0.6418333,0.313,0.56233335,0.2985,0.22783333,0.61366665,0.151,0.22233333
BC2026_Train_0020_S22_20211104_231500_35,0.5736667,0.24816668,0.533,0.74466664,0.79583335,0.45333335,0.7565,0.67300004,0.8635,0.7946667,0.7653333,0.7324167,0.86300004,0.6333333,0.657,0.92483336,0.653,0.289,0.916,0.4325,0.7985,0.7355,0.7571666,0.4256667,0.61016667,0.6585,0.2435,0.45316666,0.138,0.8693334,0.18,0.25966665,0.25933334,0.23733334,0.15866667,0.21116666,0.45833334,0.44349998,0.541,0.2005,0.18616667,0.46216667,0.094333336,0.26099998,0.20083332,0.1995,0.31783333,0.6,0.52466667,0.4815,0.131,0.143,0.14166668,0.24133334,0.093166664,0.72083336,0.25583333,0.87016666,0.4065,0.84833336,0.8785,0.8046667,0.8746667,0.8666667,0.7795,0.9038334,0.87266666,0.911,0.42783332,0.9166666,0.5336667,0.47666666,0.25083333,0.767,0.2055,0.3611667,0.22983332,0.5491667,0.38141668,0.2415,0.8361666,0.35766667,0.5941667,0.83799994,0.53216666,0.30033332,0.57100004,0.8525,0.589,0.7161666,0.5848333,0.7058333,0.41516668,0.2595,0.87016666,0.8145,0.25783333,0.49983335,0.8386667,0.78816664,0.39641666,0.6623333,0.15849999,0.9071667,0.83716667,0.7488333,0.23033333,0.9313333,0.64633334,0.18533334,0.24216667,0.47116667,0.59933335,0.5041667,0.82149994,0.40766665,0.35266668,0.90866673,0.34366667,0.453,0.31116667,0.52933335,0.362,0.633,0.84666663,0.74333334,0.71066666,0.38633335,0.07216667,0.46916667,0.39316666,0.7478334,0.47033334,0.696,0.67050004,0.75049996,0.592,0.10000001,0.64,0.87600005,0.556,0.5935,0.4073333,0.4583333,0.9068333,0.56483334,0.035166666,0.91749996,0.32466668,0.6685,0.7376667,0.6853334,0.3875,0.138,0.63458335,0.41333333,0.30266666,0.37833333,0.49766666,0.653,0.2425,0.6153333,0.28316668,0.119833335,0.3286667,0.6721667,0.46183333,0.46033332,0.25483334,0.18116666,0.9306667,0.6766667,0.28316665,0.26483333,0.5606666,0.7811667,0.6465,0.80116665,0.21000001,0.331,0.2565,0.416,0.7303333,0.34683335,0.45883334,0.52666664,0.61433333,0.4135,0.34633332,0.99300003,0.64199996,0.7211667,0.888,0.44550002,0.422,0.5963334,0.60566664,0.1605,0.8653333,0.71416664,0.38,0.75049996,0.8765,0.057,0.47933334,0.69766665,0.91400003,0.43533334,0.60933334,0.6956667,0.192,0.089,0.27733335,0.7063334,0.9735,0.861,0.7443334,0.91466665,0.493,0.77716666,0.21733333,0.66616666,0.71266663,0.99450004,0.557,0.3505,0.33333334,0.232,0.7641667,0.47750002,0.2,0.6255,0.15583333,0.3516667
BC2026_Train_0020_S22_20211104_231500_40,0.6338333,0.24000001,0.53466666,0.73716664,0.8375,0.28816664,0.8148333,0.6341666,0.8216667,0.763,0.7708333,0.85349995,0.55766666,0.85,0.5596667,0.918,0.6626667,0.23133335,0.73399997,0.4145,0.84616673,0.7226667,0.39916664,0.588,0.6395,0.6336667,0.39233333,0.3,0.12866667,0.814,0.1785,0.20833333,0.21516666,0.29433334,0.31066668,0.22800002,0.40899998,0.3475,0.47266665,0.2405,0.18666667,0.38883334,0.12933333,0.199,0.21883334,0.22150001,0.27650002,0.39249998,0.42183334,0.39466667,0.136,0.1415,0.14816666,0.28000003,0.03466667,0.7708333,0.19483334,0.73583335,0.45666665,0.8021667,0.852,0.8128333,0.8215,0.8790834,0.6013334,0.9366667,0.7581667,0.9428333,0.39333335,0.836,0.58066666,0.28066665,0.28616667,0.56216663,0.255,0.24983335,0.34133333,0.6081667,0.28833333,0.12966666,0.7323333,0.36466664,0.7001667,0.6828333,0.4555,0.09166667,0.08,0.71533334,0.47183335,0.7575,0.34316668,0.76666665,0.24333334,0.18366668,0.74399996,0.69083333,0.30766666,0.41750002,0.5721667,0.61083335,0.31766665,0.7471667,0.20683333,0.9225,0.8501667,0.76049995,0.18583333,0.89849997,0.70316666,0.14400001,0.15783332,0.41616666,0.45216668,0.7431667,0.8695,0.269,0.29083335,0.9385,0.35783333,0.44666666,0.23833333,0.5533333,0.31699997,0.41616666,0.781,0.7971667,0.7158333,0.43199998,0.14333333,0.2705,0.47766668,0.67700005,0.44983333,0.72783333,0.785,0.8635,0.53183335,0.14883333,0.7793333,0.861,0.643,0.4165,0.8051666,0.36533332,0.84083337,0.35233334,0.024333334,0.9875,0.17633334,0.408,0.87,0.4705,0.3843333,0.05233333,0.467,0.3746667,0.3055,0.4125,0.54183334,0.4861667,0.23933333,0.3445,0.116333336,0.062333334,0.3465,0.4725,0.299,0.5370833,0.29016668,0.25066668,0.9681667,0.646,0.30283332,0.31766668,0.47283334,0.76166666,0.65533334,0.57949996,0.19033334,0.43316668,0.25416666,0.36933336,0.7186667,0.35216665,0.53050005,0.6051667,0.43166667,0.30883333,0.25583333,0.99450004,0.90316665,0.6933333,0.8038333,0.5015,0.296,0.5433333,0.54816663,0.15366666,0.86366665,0.5144167,0.58475,0.7938333,0.98883337,0.0405,0.3408333,0.63933337,0.8086667,0.47950003,0.7141667,0.32591668,0.10516667,0.05633333,0.2875,0.77533334,0.9875,0.83416665,0.72483337,0.8626667,0.4365,0.6115,0.23499998,0.648,0.6958333,0.99300003,0.46,0.31,0.56,0.15149999,0.8078333,0.20733333,0.1955,0.46999997,0.1695,0.23866667
BC2026_Train_0020_S22_20211104_231500_45,0.6351667,0.26650003,0.4601667,0.6865,0.85,0.14866666,0.8808333,0.57199997,0.8396667,0.7726667,0.77916664,0.828,0.49883336,0.76666665,0.39583334,0.8653333,0.724,0.094333336,0.65999997,0.34533334,0.84433335,0.8373333,0.28066668,0.88149995,0.784,0.5655,0.5058333,0.23516667,0.07016667,0.8553333,0.154,0.24216667,0.21149999,0.436,0.24166667,0.21100001,0.32999998,0.30416667,0.46283334,0.2725,0.29250002,0.36650002,0.30383334,0.2315,0.37166667,0.3796667,0.2705,0.3771667,0.39499998,0.40449998,0.19283333,0.19566667,0.1995,0.46216667,0.059666667,0.5375,0.15149999,0.68516666,0.38083333,0.58716667,0.855,0.66466665,0.8156667,0.8846666,0.605,0.90066665,0.8251667,0.8308333,0.22633332,0.799,0.55883336,0.12033333,0.241,0.51316667,0.587,0.53333336,0.20033333,0.5966667,0.30916667,0.14683333,0.7316667,0.34633332,0.87233335,0.69733334,0.45466667,0.05516666,0.048833333,0.5578333,0.39699998,0.90716666,0.1085,0.47433335,0.26950002,0.2605,0.85583335,0.86433333,0.41900003,0.374,0.72249997,0.5703333,0.22716667,0.607,0.185,0.94033337,0.55200005,0.69441664,0.14666666,0.5938333,0.691,0.155,0.21016666,0.31266665,0.26749998,0.9275,0.8915,0.35050002,0.30483332,0.992,0.35216668,0.4931667,0.3335,0.49949998,0.47833332,0.42366666,0.75133336,0.8995,0.60749996,0.36733335,0.171,0.29,0.56299996,0.61366665,0.4226667,0.6821667,0.92433333,0.82916665,0.5225,0.21766667,0.912,0.8725,0.35333332,0.30666667,0.87833333,0.25633335,0.83383334,0.22466667,0.0785,0.99450004,0.21866667,0.25766668,0.89783335,0.38783336,0.29383332,0.085999995,0.49550003,0.2981667,0.26166666,0.22933334,0.5268333,0.53900003,0.1795,0.32233334,0.15683334,0.0405,0.389,0.28816664,0.42233333,0.6333333,0.47083336,0.13749999,0.9558333,0.6791667,0.17666666,0.2755,0.49166667,0.74516666,0.8135,0.3905,0.175,0.31816667,0.21583334,0.20683333,0.74549997,0.24683332,0.684,0.64533335,0.434,0.32083333,0.131,0.996,0.99300003,0.7175,0.5821667,0.6821667,0.25866666,0.6013334,0.43983334,0.14999999,0.77783334,0.60933334,0.2866667,0.49449998,0.9766667,0.0165,0.31016666,0.47100002,0.7385,0.32716668,0.7513333,0.27833334,0.08733334,0.07416666,0.22416668,0.90316665,0.939,0.80649996,0.6511667,0.8868333,0.25033334,0.6243334,0.23383334,0.4975,0.65550005,0.98183334,0.47416663,0.2355,0.2055,0.2515,0.73100007,0.30333334,0.241,0.43683338,0.1025,0.565
BC2026_Train_0020_S22_20211104_231500_50,0.6156667,0.18083334,0.4281667,0.73433334,0.8666667,0.12016666,0.9598333,0.53733337,0.85899997,0.7781667,0.8196666,0.74841666,0.864,0.65833336,0.40133333,0.7975,0.82033336,0.17133333,0.647,0.39616668,0.89316666,0.92433333,0.4281667,0.97683334,0.87216663,0.72933334,0.5706667,0.34933335,0.08266667,0.8703333,0.08133333,0.09533334,0.11833333,0.5336667,0.32316667,0.13383332,0.17883334,0.29716665,0.47166663,0.24166666,0.52633333,0.357,0.34866667,0.071166664,0.27916667,0.27383333,0.1615,0.263,0.33883333,0.32983333,0.17216666,0.16816667,0.16816667,0.5778333,0.1265,0.5625,0.21066667,0.74266666,0.2995,0.43183333,0.822,0.63883334,0.9068333,0.89716667,0.68416667,0.91033334,0.7891666,0.8171667,0.49183333,0.8551667,0.58783334,0.17933333,0.30716667,0.6755,0.95666665,0.70433336,0.32725,0.667,0.17316666,0.25,0.7255,0.4091667,0.9831667,0.56649995,0.5528333,0.21249999,0.40033332,0.8271667,0.49666667,0.97566664,0.29650003,0.22616667,0.428,0.55550003,0.9065,0.8945,0.6063334,0.36933336,0.771,0.6738334,0.23158333,0.36083332,0.4515,0.96266663,0.6511667,0.8358333,0.17766666,0.425,0.6831666,0.15666667,0.29516667,0.5356667,0.382,0.89133334,0.8831667,0.4225,0.30033332,0.99050003,0.31116664,0.69283336,0.48791668,0.54499996,0.5235,0.622,0.83716667,0.8856667,0.58283335,0.53499997,0.32099998,0.41966665,0.5578333,0.8146666,0.37616667,0.6526667,0.9236667,0.83883333,0.53866667,0.3545,0.98099995,0.8551667,0.26466668,0.4501667,0.88549995,0.323,0.8473333,0.30516666,0.2,0.929,0.44599998,0.3345,0.9308333,0.5348333,0.47783333,0.2645,0.8411667,0.283,0.45433334,0.4185,0.32883334,0.48883334,0.099249996,0.40666667,0.3775,0.19633332,0.70350003,0.46883333,0.70350003,0.33083332,0.42116666,0.5031667,0.73516667,0.6173333,0.24849999,0.6536667,0.472,0.97950006,0.9035,0.49049997,0.29208332,0.46783334,0.46733332,0.20233333,0.8028333,0.24700001,0.70283335,0.489,0.49333334,0.33333334,0.12483333,0.9303334,0.9931667,0.74633336,0.27883333,0.647,0.42333335,0.69083333,0.43016666,0.24083333,0.68866664,0.68916667,0.19150001,0.308,0.8225,0.13616666,0.35216665,0.42650002,0.78866667,0.16716667,0.691,0.29483333,0.231,0.28383332,0.29333335,0.9463333,0.8771666,0.93700004,0.389,0.94799995,0.30816668,0.6626667,0.3305,0.39516667,0.5911667,0.8998333,0.32066667,0.28266668,0.36616665,0.14766666,0.75866663,0.32066667,0.224,0.45566666,0.1575,0.6446667
BC2026_Train_0020_S22_20211104_231500_55,0.7141667,0.27283332,0.51916665,0.68416667,0.89166665,0.27533334,0.97066665,0.68516666,0.9095,0.76266664,0.7975,0.74266666,0.91883326,0.9625,0.6956667,0.89699996,0.8021667,0.527,0.74833333,0.44833332,0.9406667,0.89683336,0.45033333,0.97083336,0.9543333,0.9636667,0.7593334,0.4723333,0.242,0.8578334,0.115666665,0.32166666,0.15933333,0.58833337,0.26099998,0.24733333,0.4123333,0.381,0.4705,0.2705,0.48133332,0.38916668,0.43383333,0.29483333,0.46166664,0.463,0.28883332,0.62766665,0.45866668,0.44116667,0.26383334,0.25166667,0.25433332,0.6433333,0.07666667,0.625,0.22866666,0.86833334,0.43566668,0.75616664,0.908,0.75883335,0.943,0.911,0.85116667,0.92183334,0.9873333,0.91566664,0.59349996,0.90700006,0.5528333,0.38733333,0.4263333,0.8613334,0.9296667,0.6153333,0.35233334,0.55916667,0.1655,0.3245,0.8508333,0.55833334,0.972,0.57683337,0.67366666,0.31583333,0.56666666,0.9448334,0.34916666,0.9136667,0.76199996,0.40666667,0.6065,0.48749998,0.9318334,0.822,0.7185,0.44716665,0.8366667,0.72650003,0.37383333,0.48333332,0.31433332,0.9571667,0.5763333,0.95533335,0.175,0.631,0.7426667,0.21166667,0.25966668,0.5601667,0.38716668,0.8416667,0.9236667,0.35933334,0.35633332,0.9698334,0.40850002,0.78725,0.5245,0.65033334,0.45200002,0.518,0.8271667,0.8625,0.8448334,0.796,0.3721667,0.385,0.49716666,0.737,0.26233333,0.73366666,0.8381667,0.893,0.55050004,0.44066665,0.94233334,0.88766664,0.487,0.7525,0.80466664,0.57158333,0.844,0.548,0.18133333,0.70316666,0.43483335,0.42866665,0.73716664,0.58416665,0.463,0.18016666,0.8906667,0.47866666,0.47149998,0.48066667,0.23383334,0.62383336,0.27133334,0.6375,0.46716666,0.13216665,0.69358337,0.598,0.5431667,0.6515,0.5823334,0.5368333,0.50616664,0.70383334,0.3685,0.58416665,0.61,0.9788333,0.8905,0.82516664,0.42650002,0.45733333,0.407,0.41783333,0.7458333,0.41166666,0.70100003,0.48833334,0.61066663,0.42166668,0.22266667,0.7953333,0.9623333,0.7213333,0.6326667,0.59866667,0.41683334,0.6175,0.41899997,0.28,0.8066667,0.53550005,0.2505,0.60866666,0.85183334,0.28866667,0.39450002,0.5383333,0.8481667,0.334,0.85275,0.49683335,0.43616664,0.26316667,0.29500002,0.9216667,0.97533333,0.86066663,0.48550004,0.9658333,0.57566667,0.78866667,0.24866666,0.6344167,0.609,0.609,0.47583333,0.4353333,0.51066667,0.3241667,0.7523333,0.5115,0.41966665,0.65433335,0.21733335,0.55266666
BC2026_Train_0020_S22_20211104_231500_60,0.56266665,0.17683333,0.49583334,0.6528333,0.9195,0.35399997,0.926,0.6633333,0.9053333,0.7503333,0.8128333,0.71349996,0.7956667,0.9958334,0.901,0.8396667,0.74016666,0.5125,0.70066667,0.5171667,0.9461667,0.8185,0.48916668,0.969,0.9433334,0.9943333,0.63374996,0.46666667,0.17,0.885,0.09325001,0.28133333,0.18516666,0.31116667,0.14116666,0.18383333,0.5043333,0.40066665,0.35616666,0.1805,0.26766667,0.30616665,0.31949997,0.272,0.24816668,0.26033333,0.19933334,0.461,0.43933332,0.38466665,0.1805,0.167,0.17233333,0.39583337,0.042333335,0.37916666,0.18133333,0.89849997,0.33883333,0.6306667,0.9063333,0.7736667,0.9418333,0.9313333,0.81850004,0.8748333,1.0,0.92733335,0.40916666,0.9295,0.44033334,0.33416665,0.38450003,0.5708333,0.7331667,0.16133334,0.5245,0.42483333,0.097333334,0.183,0.88,0.52316666,0.9293333,0.6803333,0.7368334,0.11466667,0.75016665,0.934,0.4525,0.83500004,0.8656667,0.25116667,0.4535,0.27133334,0.97,0.82799995,0.52599996,0.55733335,0.93050003,0.7573334,0.5031667,0.513,0.25733334,0.9528333,0.76549995,0.86866665,0.22516666,0.64016664,0.7443334,0.21066667,0.23033333,0.41483337,0.577,0.833,0.9791667,0.4651667,0.29516667,0.99300003,0.42216665,0.90016663,0.48483336,0.871,0.40883332,0.31566668,0.79016674,0.7748333,0.6135,0.44266668,0.2855,0.29266667,0.44666666,0.621,0.44458333,0.63233334,0.89383334,0.8711667,0.42433333,0.2715,0.63666666,0.8875,0.38166666,0.95683336,0.73833334,0.4565,0.9063333,0.745,0.20383333,0.5736667,0.42183334,0.29716665,0.8856667,0.4425,0.59466666,0.1765,0.68383336,0.34466666,0.38099998,0.3721667,0.27783334,0.5868333,0.25966668,0.65000004,0.29316667,0.26366666,0.62783337,0.5743333,0.39733332,0.686,0.63783336,0.59033334,0.5186667,0.587,0.245,0.5441667,0.49116665,1.0,0.8045,0.8485,0.47266665,0.53616667,0.35666668,0.48483336,0.8298333,0.44966668,0.5516667,0.5173333,0.6975,0.35233334,0.1805,0.75399995,0.86983335,0.66466665,0.41983333,0.6678333,0.5491667,0.5603334,0.452,0.29233333,0.84000003,0.43716666,0.2685,0.66999996,0.739,0.32416666,0.19216667,0.51416665,0.8685,0.50416666,0.7826667,0.62049997,0.66683334,0.36783335,0.43483335,0.90216666,0.95449996,0.84816664,0.40233332,0.9443334,0.46383333,0.86833334,0.23583333,0.62100005,0.52000004,0.55383337,0.3485,0.48866665,0.48366666,0.22183332,0.7101667,0.29416668,0.4328333,0.5786667,0.2225,0.60966665
