row_id,1161364,116570,1176823,1491113,1595929,209233,22930,22956,22961,22967,22973,22983,22985,23150,23154,23158,23176,23724,24279,24285,24287,24321,244024,25073,25092,25214,326272,41970,43435,47144,47158son01,47158son02,47158son03,47158son04,47158son05,47158son06,47158son07,47158son08,47158son09,47158son10,47158son11,47158son12,47158son13,47158son14,47158son15,47158son16,47158son17,47158son18,47158son19,47158son20,47158son21,47158son22,47158son23,47158son24,47158son25,476521,516975,517063,555123,555145,555146,64898,65377,65380,66971,67107,67252,70711,738183,74113,74580,760266,ashgre1,astcra1,bafcur1,baffal1,banana,barant1,batbel1,baymac,bbwduc,bcwfin2,bkcdon,bkhpar,blchaw1,blheag1,blttit1,bncfly,bobfly1,brcmar1,brnowl,bucmot4,bucpar,bufpar,bunibi1,burowl,camfli1,chacha1,chbmoc1,chobla1,chvcon1,cibspi1,coffal1,compau,compot1,crbthr1,crebec1,dwatin1,epaori4,eulfly1,fabwre1,fepowl,ficman1,flawar1,fotfly,fusfly1,gilhum1,giwrai1,glteme1,grasal3,greani1,greant1,greela,grekis,grepot1,gretho2,greyel,grfdov1,grhtan1,gycwor1,horscr1,houspa,hyamac1,larela1,lesela1,lesgrf1,limpki,linwoo1,litcuc2,litnig1,mabpar,magant1,magtan2,masgna1,nacnig1,ocecra1,oliwoo1,orbtro3,orwpar,osprey,pabspi1,palhor3,paltan1,phecuc1,picpig2,pirfly1,plasla1,platyr1,plcjay1,pluibi1,purjay1,pvttyr1,ragmac1,rebscy1,recfin1,redjun,relser1,rinkin1,rivwar1,roahaw,rubthr1,rufcac2,rufcas2,rufgna3,rufhor2,rufnig1,ruftho1,ruftof1,rumfly1,ruther1,rutjac1,sabspa1,saffin,saytan1,scadov1,schpar1,scther1,shcfly1,shshaw,shtnig1,sibtan2,smbani,smbtin1,sobcac1,sobtyr1,socfly1,sofspi1,souant1,soulap1,souscr1,spbant3,spispi1,sptnig1,squcuc1,stbwoo2,strcuc1,strher2,strowl1,swthum1,swtman1,tattin1,thlwre1,toctou1,trokin,trsowl,undtin1,varant1,watjac1,wesfie1,wfwduc1,whbant2,whbwar2,whiwoo1,whlspi1,whnjay1,whtdov,whwpic1,y00678,yebcar,yebela1,yecmac,yecpar,yehcar1,yeofly1
BC2026_Train_0001_S08_20250606_030007_5,0.87083334,0.8125,0.51875,0.25,0.825,0.56666666,0.34166667,0.56875,0.31875002,0.07083333,0.13333334,0.34375,0.4125,0.5083333,0.32291666,0.052083336,0.83125,0.5895833,0.05,0.62916666,0.5875,0.09166667,0.22708333,0.21145834,0.53333336,0.47916666,0.16874999,0.925,0.48958334,0.116666675,0.8958334,0.67083335,0.70625,0.55625,0.9666667,0.6,0.28541666,0.61041665,0.17708334,0.96666664,0.51875,0.20833334,0.94166666,0.5875,0.8375,0.83125,0.91041666,0.79375005,0.78125,0.7583333,0.9395833,0.9395833,0.94166666,0.16666667,0.95625,0.3125,0.5708333,0.3645833,0.5375,0.9041667,0.42291665,0.85833335,0.67083335,0.28958333,0.12291667,0.25208333,0.22916666,0.8541666,0.26041666,0.2125,0.31458333,0.56875,0.26041666,0.6375,0.35000002,0.28125,0.0375,0.26145834,0.62083334,0.34791666,0.41041666,0.37708333,0.36041665,0.8729167,0.31458333,0.5416667,0.40416667,0.1625,0.24166667,0.27083334,0.80833334,0.42916667,0.425,0.1375,0.075,0.26666665,0.6041667,0.40625,0.25,0.55833334,0.27916667,0.6333333,0.46250004,0.62083334,0.7729167,0.3645833,0.38125002,0.92499995,0.3020833,0.5291667,0.56041664,0.55,0.7895833,0.23958334,0.49583334,0.45416665,0.6479167,0.47500002,0.15416667,0.29791668,0.099999994,0.36041665,0.52916664,0.40625,0.7270833,0.7291667,0.79583335,0.24166667,0.19583333,0.052083332,0.125,0.19791666,0.29166666,0.39166665,0.49166667,0.66875,0.37291667,0.32708332,0.22083333,0.33958334,0.26041666,0.14583334,0.49374998,0.29375,0.31041667,0.99375,0.6041667,0.17708333,0.29166666,0.6895833,0.36875,0.8041667,0.19375001,0.6520833,0.16875,0.13958333,0.20833333,0.5625,0.39375,0.13125,0.54375,0.37916666,0.46041667,0.63958335,0.47500002,0.13125,0.5291667,0.17500001,0.37708333,0.53541666,0.33541667,0.34375,0.6875,0.52708334,0.6541667,0.8979167,0.5104166,0.26145834,0.44583333,0.40416667,0.85833335,0.27708334,0.21249999,0.14791667,0.30833334,0.34375,0.21875,0.44375,0.73333335,0.45,0.25625002,0.29791665,0.575,0.225,0.375,0.18541667,0.43958333,0.5958333,0.64375,0.38229167,0.5125,0.48125,0.39166668,0.39583334,0.33125,0.88750005,0.12291667,0.6875,0.30416667,0.25833333,0.5083333,0.18333332,0.5875,0.07083333,0.38750002,0.28541666,0.35208333,0.11666666,0.49375,0.29583332,0.6333333,0.5,0.76875,0.6479167,0.32083333,0.21458334,0.5541667,0.21458334,0.3,0.8729167,0.69375,0.27916667,0.4895833,0.41041666
BC2026_Train_0001_S08_20250606_030007_10,0.89166665,0.8354167,0.45,0.18333334,0.8,0.54583335,0.27499998,0.54791665,0.21041667,0.0625,0.10625,0.32083333,0.39166665,0.54583335,0.25416666,0.010416667,0.76666665,0.5333333,0.027083334,0.559375,0.5520834,0.075,0.22500001,0.39166665,0.51458335,0.38958335,0.15416667,0.92083335,0.44166666,0.07083333,0.90625,0.56875,0.61041665,0.60625,0.9770833,0.5520833,0.20625,0.625,0.11875,0.9875,0.5625,0.15416667,0.95416665,0.525,0.8041667,0.80833334,0.91041666,0.775,0.7854167,0.79375005,0.95625,0.9479166,0.95000005,0.13958333,0.98541665,0.33333334,0.51874995,0.33125,0.47708333,0.86249995,0.40833336,0.86875,0.61041665,0.225,0.12916666,0.28541666,0.20416668,0.77708334,0.21875,0.1375,0.28125,0.51458335,0.325,0.62083334,0.43125,0.23541667,0.052083336,0.12708333,0.65208334,0.3375,0.29583335,0.33541667,0.35000002,0.6166667,0.24166667,0.57708335,0.54791665,0.06875,0.34583333,0.22291666,0.7520833,0.45625,0.5104166,0.10625,0.0875,0.20416668,0.37916666,0.34375,0.11875,0.33541667,0.24791667,0.59375,0.53125,0.5416667,0.69375,0.16666666,0.34375,0.9083333,0.17291667,0.5833333,0.5104166,0.625,0.7708334,0.25833333,0.32083333,0.3541667,0.67083335,0.38125002,0.11666667,0.25,0.112500004,0.3375,0.42291665,0.3229167,0.7479167,0.5645833,0.6791667,0.29583335,0.25416666,0.052083336,0.1375,0.13333333,0.27291667,0.31666666,0.38333333,0.5416667,0.23124999,0.33125,0.2125,0.29791665,0.1625,0.12083334,0.45624998,0.22291666,0.2708333,0.94375,0.6895833,0.12083334,0.27708334,0.59791666,0.22916667,0.7166667,0.06875,0.70624995,0.13958333,0.19583333,0.18333334,0.5125,0.42083335,0.1,0.5416667,0.20416667,0.4,0.7104167,0.4,0.19166666,0.47708333,0.19375001,0.34583333,0.65,0.23333332,0.20833333,0.6354166,0.45625,0.5625,0.8833333,0.40833333,0.28541666,0.41875002,0.42916667,0.8,0.21041667,0.20416667,0.10208333,0.275,0.25833333,0.09166667,0.50625,0.7291667,0.45625,0.22291666,0.2625,0.5833333,0.20833334,0.32083333,0.09375,0.32291666,0.63958335,0.47708333,0.3333333,0.72291666,0.33541667,0.30208334,0.36875,0.23333333,0.8958334,0.10416667,0.6041666,0.17083332,0.25833333,0.51875,0.18125,0.46041667,0.03125,0.37291667,0.28333333,0.40625,0.16041666,0.48333335,0.2916667,0.5520834,0.4625,0.5729167,0.5020833,0.26666668,0.1375,0.64166665,0.23124999,0.16458333,0.79791665,0.6854167,0.16458333,0.51666665,0.3541667
BC2026_Train_0001_S08_20250606_030007_15,0.89166665,0.8208333,0.47291666,0.17083333,0.8208333,0.5229167,0.3541667,0.53541666,0.32708335,0.077083334,0.110416666,0.31875002,0.39583334,0.45833334,0.27916667,0.03125,0.82916665,0.54375005,0.041666668,0.60833335,0.5729167,0.079166666,0.35,0.21458334,0.52500004,0.43333334,0.18333334,0.8875,0.47291666,0.10416667,0.9270834,0.60625,0.6229167,0.47083336,0.9604167,0.58125,0.24583334,0.67083335,0.1375,0.9708333,0.5916667,0.19166666,0.97083336,0.5520833,0.79583335,0.79375005,0.87916666,0.78125,0.79583335,0.8125,0.98125005,0.9729167,0.975,0.125,0.9708333,0.3375,0.51874995,0.40625,0.44583333,0.8833333,0.5020833,0.88125,0.66041666,0.27083334,0.14791667,0.22291666,0.21666667,0.79375005,0.30625,0.1375,0.2875,0.58958334,0.24791667,0.62916666,0.32291666,0.36666667,0.075,0.20729166,0.78125,0.23541668,0.30208334,0.3645833,0.38125002,0.66875,0.25625,0.57708335,0.49583334,0.12916666,0.18333334,0.24375,0.76666665,0.41041666,0.46666664,0.108333334,0.058333334,0.20416668,0.39166665,0.31875,0.20625001,0.3375,0.28333333,0.65625,0.4583333,0.44375,0.6979166,0.25416666,0.37291664,0.9479167,0.24375,0.525,0.5958333,0.70208335,0.8125,0.2375,0.40208334,0.4354167,0.71875,0.31666666,0.15625,0.28958333,0.104166664,0.40208334,0.43541667,0.3229167,0.73333335,0.57708335,0.7479167,0.26875,0.26041666,0.0625,0.10208333,0.1875,0.15208334,0.33125,0.45625,0.70208335,0.28125,0.32083333,0.175,0.30833334,0.21458334,0.13958333,0.41875002,0.30208334,0.29166666,0.975,0.56458336,0.16458333,0.28125,0.6145834,0.23333332,0.6645833,0.06041667,0.71875,0.1625,0.15625,0.20208332,0.58125,0.43333334,0.11458333,0.575,0.26458335,0.43333334,0.6875,0.43541667,0.21458334,0.5208333,0.18333334,0.37916666,0.61875,0.33541667,0.23125,0.6979167,0.5375,0.53125,0.90208334,0.48541665,0.39166665,0.39166665,0.42499998,0.70416665,0.28541666,0.14166667,0.11666667,0.25625,0.43541667,0.099999994,0.46458334,0.7395833,0.41041666,0.19583333,0.22708333,0.63125,0.22083333,0.20416665,0.13958333,0.32083333,0.6645833,0.48541665,0.36041665,0.68125,0.40208334,0.38958335,0.42291665,0.25625002,0.9458333,0.104166664,0.5833333,0.26458335,0.32083333,0.5708333,0.17708334,0.5364584,0.083333336,0.3375,0.25833333,0.50416666,0.15833333,0.47708333,0.33125,0.5708333,0.4708333,0.5958333,0.42916667,0.33541667,0.18541667,0.60625,0.2875,0.22291666,0.8666667,0.7083334,0.23958334,0.5208334,0.26666665
BC2026_Train_0001_S08_20250606_030007_20,0.9125,0.83958334,0.54791665,0.24583334,0.8333333,0.51666665,0.43333334,0.61875,0.44375002,0.016666668,0.0875,0.41875,0.475,0.43333334,0.2875,0.0375,0.83125,0.43958333,0.047916666,0.70624995,0.61875,0.07083334,0.31875,0.24375,0.575,0.40833333,0.15625,0.92083335,0.525,0.10208333,0.92083335,0.59375,0.61875,0.4083333,0.94166666,0.5520833,0.24375,0.7791667,0.18541667,0.95624995,0.73541665,0.25833333,0.9666667,0.56666666,0.8354167,0.83125,0.9333333,0.79375005,0.81666666,0.86041665,0.96875,0.96875,0.9666667,0.13541666,0.96875,0.29583332,0.50416666,0.37291667,0.6229167,0.9,0.62083334,0.93125,0.7125,0.29375,0.22291666,0.20625001,0.19375,0.8458333,0.22291666,0.17291667,0.27291667,0.58958334,0.28541666,0.76875,0.29583332,0.2375,0.0625,0.23124999,0.6979167,0.2875,0.25208333,0.38958332,0.37708333,0.83958334,0.30624998,0.46041667,0.5958333,0.125,0.34583333,0.29375,0.7479167,0.5854167,0.46041667,0.12291667,0.09166667,0.23541667,0.3375,0.38333333,0.27291667,0.4375,0.23749998,0.6625,0.4270833,0.5375,0.73125,0.21458334,0.42916667,0.93333334,0.26666668,0.51250005,0.5729166,0.70416665,0.8833333,0.29583335,0.40208334,0.46458334,0.7208333,0.31875,0.11458333,0.25208333,0.12291667,0.41666666,0.47083333,0.425,0.76250005,0.54583335,0.7208333,0.25416666,0.18333334,0.004166667,0.18541667,0.16458334,0.31666666,0.37708333,0.46458334,0.64375,0.25,0.18125,0.19791666,0.375,0.23333333,0.15833333,0.41250002,0.30833334,0.3625,0.98541665,0.6145834,0.14999999,0.3020833,0.49166667,0.29791665,0.675,0.1625,0.775,0.18333334,0.20208333,0.22916667,0.61041665,0.425,0.13958333,0.5854167,0.41041666,0.49166667,0.6666667,0.43541664,0.17083333,0.51875,0.23958333,0.33958334,0.6041667,0.23333333,0.26666665,0.67083335,0.42083335,0.51875,0.95625,0.39166665,0.38333333,0.43125,0.43958336,0.625,0.26041666,0.19166666,0.17291667,0.25833333,0.45625,0.14583333,0.53125,0.7125,0.44583333,0.225,0.26041666,0.7270833,0.22708333,0.23541667,0.15208334,0.38125,0.6270833,0.48541665,0.31041667,0.5645833,0.50625,0.35000002,0.3125,0.23541665,0.9604167,0.0875,0.6583333,0.22916666,0.28333333,0.6541667,0.24791667,0.7604166,0.058333337,0.34583333,0.23541667,0.46875,0.13958333,0.48541665,0.29583332,0.5208333,0.3958333,0.6666666,0.47499996,0.41666666,0.19999999,0.59687495,0.2875,0.24583334,0.8875,0.7520833,0.31666666,0.51666665,0.34375
BC2026_Train_0001_S08_20250606_030007_25,0.9,0.8395833,0.6166667,0.29583335,0.80833334,0.4875,0.56875,0.63750005,0.39166665,0.0375,0.110416666,0.55625004,0.48333332,0.47083333,0.30416667,0.047916666,0.7895833,0.42083335,0.03125,0.5604167,0.6479167,0.052083336,0.37708333,0.29375,0.5604167,0.4895833,0.2,0.9375,0.47500002,0.15416667,0.92083335,0.5541667,0.5416667,0.47291666,0.9770833,0.53333336,0.21875,0.6583333,0.10208333,0.9791667,0.5916667,0.13958333,0.95416665,0.50625,0.84166664,0.8375,0.93125,0.76666665,0.7791667,0.80625,0.95416665,0.95416665,0.95416665,0.11875,0.98333335,0.30416667,0.5208333,0.37916666,0.7104167,0.8541666,0.47708333,0.92291665,0.65833336,0.25,0.118750006,0.26458335,0.104166664,0.84583336,0.23333333,0.30208334,0.325,0.5208333,0.33749998,0.65,0.35208333,0.29583335,0.05,0.20416667,0.5083333,0.2916667,0.225,0.29375,0.34375,0.70208335,0.30833334,0.5416667,0.475,0.10208333,0.34375,0.20625,0.7375,0.7270833,0.38958335,0.110416666,0.058333334,0.225,0.39375,0.34166667,0.108333334,0.39791667,0.22395834,0.6145834,0.44479167,0.62916666,0.73749995,0.24791667,0.425,0.9,0.15833333,0.48541668,0.57916665,0.6270833,0.79583335,0.225,0.375,0.45833334,0.6645833,0.3333333,0.09166666,0.25416666,0.125,0.50625,0.5208333,0.29166666,0.84375,0.56666666,0.76458335,0.31666666,0.3125,0.008333334,0.13333333,0.09166667,0.29583332,0.38333333,0.43333334,0.5729167,0.23125,0.25833333,0.21875,0.3375,0.19166668,0.12916666,0.45416665,0.23541667,0.48125,0.95624995,0.57500005,0.22083333,0.25833333,0.44166666,0.31041667,0.75,0.16041666,0.7083334,0.23125,0.29166666,0.23958334,0.5854167,0.375,0.10625,0.55625,0.33541667,0.37916666,0.6645833,0.375,0.17708334,0.42083332,0.14791666,0.35416666,0.4875,0.28958333,0.31458333,0.625,0.43333334,0.51458335,0.92083335,0.50208336,0.34166664,0.47291666,0.46666667,0.65208334,0.23125,0.12083334,0.13125001,0.22708333,0.3854167,0.09375,0.47916666,0.7,0.47708333,0.27291667,0.24374999,0.73333335,0.25625,0.20208333,0.12083334,0.26458335,0.60833335,0.5,0.34479168,0.6958333,0.45625,0.36666667,0.35208333,0.35833335,0.95208335,0.11875,0.7083334,0.15625,0.26666668,0.5395833,0.29166666,0.41666666,0.0375,0.39375,0.30833334,0.35833335,0.13541666,0.48541665,0.24583334,0.51875,0.45,0.50625,0.525,0.28333333,0.16041666,0.6125,0.21875,0.2,0.875,0.7,0.24583334,0.525,0.45416665
BC2026_Train_0001_S08_20250606_030007_30,0.8625,0.81875,0.59583336,0.32916665,0.7916667,0.53541666,0.5083333,0.58958334,0.40208334,0.056250002,0.14583334,0.44375,0.45208335,0.39583334,0.32708335,0.054166667,0.81875,0.42083335,0.014583333,0.54791665,0.57708335,0.08333333,0.15,0.29375,0.55625,0.41666666,0.20625,0.9,0.4166667,0.17083333,0.9291667,0.5291667,0.58125,0.5541667,0.9791666,0.53333336,0.23125,0.60833335,0.10208334,0.9875,0.5854167,0.12708333,0.95625,0.46875,0.8375,0.8354167,0.9145833,0.7583333,0.75625,0.7708333,0.95625,0.9583334,0.9583334,0.13333333,0.9916667,0.325,0.5645833,0.39791667,0.54583335,0.8458333,0.40208334,0.94166666,0.6333333,0.275,0.1875,0.23958334,0.24791667,0.80625,0.26666665,0.23958334,0.32708335,0.51458335,0.3875,0.68125,0.4270833,0.26979166,0.054166667,0.3125,0.6020833,0.22708334,0.3958333,0.3375,0.40208334,0.775,0.30625,0.58125,0.4625,0.2,0.25625,0.225,0.63125,0.6166667,0.42083335,0.12916666,0.075,0.20833334,0.55625,0.26041666,0.19166666,0.50416666,0.275,0.6375,0.37916666,0.56666666,0.6583333,0.3375,0.39791667,0.9270833,0.26458335,0.54583335,0.5708333,0.6541667,0.76874995,0.27291667,0.47083336,0.44791666,0.7104167,0.3333333,0.13958333,0.31666666,0.1375,0.4375,0.4791667,0.42083332,0.74583334,0.72291666,0.86875,0.36666667,0.22916667,0.01875,0.17291667,0.10625,0.18125,0.37083334,0.46458334,0.6333333,0.26458332,0.40416667,0.15208334,0.29791665,0.19166666,0.15208334,0.5104167,0.28125,0.4270833,0.9583333,0.66041666,0.20416667,0.28958333,0.7104167,0.33541667,0.7833333,0.09583333,0.69375,0.2375,0.23333333,0.20416667,0.6041666,0.41875,0.125,0.575,0.42916667,0.34166667,0.6770833,0.47291666,0.13958333,0.48125,0.22083333,0.47291666,0.6145833,0.35,0.34791666,0.67499995,0.50625,0.63125,0.85625005,0.55625,0.3125,0.49166667,0.45625,0.82916665,0.23958334,0.118750006,0.10625,0.28333333,0.44166666,0.08958334,0.46875,0.74583334,0.39375,0.30416667,0.26875,0.6479167,0.27291667,0.3875,0.14375,0.39375,0.6291667,0.56666666,0.33541667,0.70000005,0.53541666,0.39375,0.3333333,0.35,0.95208335,0.125,0.62708336,0.22708334,0.25,0.51666665,0.25208333,0.5416667,0.06458333,0.3333333,0.17083333,0.42291665,0.18541667,0.50625,0.34375,0.6895833,0.45208335,0.625,0.6479167,0.30416667,0.2375,0.6541667,0.275,0.2708333,0.9270834,0.7375,0.20416667,0.61875,0.43124998
BC2026_Train_0001_S08_20250606_030007_35,0.88125,0.82708335,0.6479167,0.35833335,0.82916665,0.54375005,0.775,0.7,0.51666665,0.075,0.12083334,0.53125,0.60625,0.5375,0.35,0.03125,0.825,0.62083334,0.016666668,0.5833334,0.65208334,0.087500006,0.22708334,0.29583335,0.52708334,0.47291666,0.20416667,0.91041666,0.4375,0.23333332,0.91875005,0.60833335,0.5416666,0.6875,0.97291666,0.62916666,0.28333333,0.6020833,0.11875,0.99583334,0.54583335,0.14375,0.9791666,0.5416666,0.8145833,0.8145833,0.92499995,0.75625,0.76666665,0.76458335,0.98541665,0.98541665,0.98333335,0.15208334,0.9791667,0.40416667,0.5708333,0.35,0.6479167,0.9333333,0.5020833,0.95624995,0.68125,0.28125,0.1875,0.35833335,0.36875,0.8104167,0.225,0.3,0.38125002,0.5291667,0.29791665,0.8166667,0.54999995,0.27499998,0.054166667,0.15,0.63958335,0.25833333,0.29375,0.32291666,0.425,0.74375,0.35208333,0.53125,0.5291667,0.20416668,0.2,0.18333334,0.76666665,0.7291666,0.45208335,0.12916666,0.06666667,0.28958333,0.5416666,0.23125,0.19583333,0.4270833,0.26666665,0.6125,0.38125,0.6145833,0.76875,0.3541667,0.41875,0.95416665,0.20416667,0.42916667,0.54375,0.73541665,0.8541666,0.30624998,0.584375,0.39791667,0.70624995,0.39166665,0.125,0.27083334,0.13333333,0.37708333,0.45416665,0.34583336,0.8125,0.5645833,0.74583334,0.36666667,0.25208333,0.07083333,0.16041666,0.18333334,0.28541666,0.40833333,0.45,0.5729167,0.31458333,0.5520833,0.24583334,0.40625,0.24375,0.14166667,0.48541665,0.25,0.67291665,0.9666667,0.55,0.19166666,0.23958334,0.68125,0.38333333,0.70416665,0.09166667,0.65208334,0.25,0.28125,0.18333334,0.6479167,0.375,0.13125,0.58125,0.36666667,0.38125002,0.6875,0.39895833,0.07291667,0.41666666,0.15833333,0.44166666,0.5583333,0.275,0.26458335,0.6229167,0.43333334,0.53333336,0.8875,0.47291666,0.37916666,0.46041667,0.41875,0.76250005,0.275,0.12708333,0.10625,0.30416667,0.2916667,0.060416665,0.39791667,0.7416667,0.5208333,0.31875002,0.28541666,0.7583333,0.26041666,0.31875,0.13541666,0.3645833,0.5916667,0.45208335,0.35833335,0.56458336,0.4625,0.42083332,0.34583333,0.1875,0.9583333,0.13541667,0.69166666,0.15208334,0.23541667,0.5104166,0.175,0.57916665,0.13125,0.37291667,0.225,0.31458333,0.19791666,0.42083335,0.31458333,0.5645833,0.48125,0.60625,0.46666667,0.35833332,0.18125,0.59375,0.3375,0.22916666,0.9041667,0.78541666,0.221875,0.6427083,0.48333335
BC2026_Train_0001_S08_20250606_030007_40,0.90208334,0.8,0.45208335,0.23541667,0.78333336,0.48541665,0.39375,0.5604167,0.28541666,0.041666668,0.047916666,0.325,0.44791666,0.44166666,0.22708333,0.0062500006,0.8354167,0.5125,0.016666668,0.59375,0.5729166,0.047916666,0.20416667,0.16874999,0.55625,0.36666667,0.16041666,0.9104167,0.47708333,0.10416667,0.9291667,0.55833334,0.5020833,0.5020833,0.9916667,0.53333336,0.18333334,0.6041666,0.087500006,0.99583334,0.5333333,0.12916666,0.975,0.5083333,0.8020834,0.79583335,0.9083333,0.75625,0.75625,0.74583334,0.975,0.9708333,0.975,0.110416666,0.99375,0.27916667,0.5291667,0.30833334,0.50625,0.875,0.525,0.9270833,0.67291665,0.25208333,0.09166667,0.21458334,0.12083334,0.81875,0.18958333,0.15208334,0.27916667,0.47708333,0.16666666,0.6270833,0.31666666,0.22708334,0.027083334,0.077083334,0.6166667,0.18333334,0.26458335,0.21666667,0.29375,0.7083334,0.26458332,0.44166666,0.34166667,0.087500006,0.125,0.11875,0.76666665,0.48333335,0.23750001,0.079166666,0.06041667,0.17083333,0.3645833,0.25625,0.13749999,0.26979166,0.19166666,0.53541666,0.32708335,0.5291667,0.76458335,0.1625,0.29583335,0.9479166,0.17500001,0.375,0.42916667,0.6166667,0.86041665,0.20625,0.37083334,0.31875,0.58125,0.25416666,0.054166667,0.13749999,0.058333334,0.25416666,0.39375,0.27083334,0.75625,0.5229167,0.67083335,0.25833333,0.108333334,0.016666668,0.08333333,0.1625,0.13333334,0.28958333,0.40208334,0.48333335,0.1875,0.225,0.10625,0.29583332,0.19375,0.081250004,0.30729166,0.22083333,0.3375,0.93125,0.5395833,0.15,0.21249999,0.5375,0.20416667,0.55625,0.09166666,0.71458334,0.19166666,0.12708333,0.108333334,0.51875,0.28541666,0.075,0.53541666,0.16250001,0.29062498,0.5916667,0.3333333,0.09375,0.35625,0.074999996,0.3229167,0.49583334,0.21666667,0.17291668,0.5125,0.375,0.47291666,0.88750005,0.32708335,0.19166666,0.38333333,0.34791666,0.66875005,0.12916666,0.079166666,0.045833334,0.19166666,0.20208333,0.04791667,0.29791665,0.71875,0.39999998,0.16041666,0.22291666,0.58958334,0.1625,0.12083334,0.029166669,0.26666665,0.5208333,0.29375,0.26875,0.49375,0.2875,0.35625002,0.24791667,0.125,0.98125005,0.06458333,0.6666666,0.1125,0.20416667,0.41458333,0.13333333,0.49374998,0.06458333,0.34166667,0.20416667,0.2708333,0.10520833,0.34166667,0.27916667,0.46666667,0.35833335,0.46666664,0.40625,0.23541667,0.07083333,0.51874995,0.1625,0.13958333,0.7416667,0.62708336,0.17083333,0.51458335,0.25625002
BC2026_Train_0001_S08_20250606_030007_45,0.8770833,0.8229166,0.39583334,0.2,0.75,0.37083334,0.19166666,0.49374998,0.16666666,0.03125,0.050000004,0.23333332,0.33541667,0.29583332,0.20104167,0.014583334,0.78541666,0.39583334,0.016666668,0.53541666,0.46458334,0.043750003,0.20416667,0.215625,0.53125,0.2708333,0.13958333,0.84791666,0.41458333,0.09791666,0.95,0.525,0.56875,0.44166666,0.95208335,0.4895833,0.18333334,0.6333333,0.09583334,0.9583333,0.54375,0.13958333,0.9458333,0.48333335,0.82708335,0.8229166,0.8666667,0.7791667,0.76458335,0.77708334,0.9375,0.95000005,0.95000005,0.110416666,0.98125,0.25416666,0.46666667,0.30833334,0.34791666,0.8354167,0.48125,0.86041665,0.6020833,0.24166666,0.20833334,0.17291667,0.077083334,0.70208335,0.16874999,0.13333333,0.21875,0.44166666,0.30208334,0.6375,0.29375,0.24166666,0.022916667,0.25833333,0.48333332,0.18333334,0.20625001,0.23541668,0.3375,0.3625,0.30416667,0.5520834,0.43958333,0.058333334,0.22083333,0.13541667,0.6541667,0.39791667,0.18541667,0.077083334,0.07083333,0.11875,0.37291667,0.29791665,0.09166667,0.41666666,0.25416666,0.5375,0.38333333,0.39583334,0.65625,0.17083333,0.32916668,0.8854166,0.23125,0.5291667,0.58958334,0.56666666,0.8625,0.19791667,0.22708333,0.38541666,0.59791666,0.23125,0.08958333,0.225,0.21041666,0.35625,0.50625,0.21875,0.7125,0.51458335,0.5854167,0.3229167,0.22708333,0.039583333,0.13125,0.110416666,0.08125,0.32291666,0.3854167,0.48958334,0.30416667,0.21041667,0.17916667,0.31458333,0.14791666,0.1,0.36458334,0.2125,0.35,0.90208334,0.6979166,0.25,0.20833333,0.42916667,0.28750002,0.69166666,0.06458333,0.71875,0.18125,0.3333333,0.16666667,0.5708333,0.3375,0.110416666,0.51666665,0.3125,0.27708334,0.6791667,0.39374998,0.09583333,0.35833335,0.13541667,0.47500002,0.5604167,0.27083334,0.19791667,0.5729167,0.4625,0.5020833,0.8375,0.4375,0.25833333,0.4583333,0.33541667,0.72291666,0.19375,0.15625,0.056250002,0.27083334,0.2375,0.06666666,0.44375002,0.68125,0.2625,0.2125,0.26875,0.67291665,0.21666667,0.20208333,0.050000004,0.28333333,0.5395833,0.26458332,0.18333334,0.61875,0.40833333,0.25,0.33749998,0.25416666,0.9666667,0.07291667,0.5520834,0.08958334,0.24583334,0.45208332,0.23541667,0.36666667,0.016666668,0.30833334,0.23958333,0.47500002,0.09166667,0.46875,0.225,0.45416665,0.42916667,0.40625,0.49166667,0.28333333,0.10625,0.5416666,0.20625001,0.16458333,0.8041667,0.5645833,0.15208334,0.5083333,0.42291665
BC2026_Train_0001_S08_20250606_030007_50,0.875,0.8541667,0.45416665,0.20416668,0.76666665,0.36875,0.23541667,0.43541667,0.18958333,0.06875,0.08333333,0.27708334,0.3229167,0.33333334,0.21458334,0.025,0.82916665,0.28541666,0.025,0.4895833,0.46875,0.06666666,0.10208334,0.18958333,0.5208334,0.28854167,0.13125,0.87916666,0.47083333,0.077083334,0.94375,0.5104166,0.6458334,0.43958333,0.9770833,0.5208333,0.17083333,0.6020833,0.058333334,0.96458334,0.51666665,0.09375,0.9770833,0.47499996,0.81666666,0.8125,0.88125,0.77708334,0.7604166,0.75625,0.96875,0.98125,0.9770833,0.092708334,0.95624995,0.25833333,0.47083333,0.25833333,0.35208333,0.78541666,0.49374998,0.8458333,0.5916667,0.27708334,0.1125,0.15,0.054166667,0.71875,0.21041667,0.110416666,0.22291666,0.3625,0.19375,0.67083335,0.32916665,0.30625,0.05625,0.110416666,0.51875,0.1875,0.22291666,0.22916667,0.33749998,0.3875,0.22083333,0.53333336,0.29583335,0.0625,0.28958333,0.13541667,0.5854167,0.39999998,0.24166667,0.077083334,0.043750003,0.1875,0.425,0.30416667,0.1125,0.46875,0.19583334,0.51875,0.42916667,0.4583333,0.6791667,0.25208333,0.28333333,0.87916666,0.17916667,0.45208335,0.5708333,0.5708333,0.7479167,0.21666667,0.35625,0.34375,0.49791664,0.25416666,0.06666667,0.25833333,0.14583333,0.35625,0.46458334,0.27083334,0.7208333,0.53125,0.6854167,0.27916667,0.19375,0.052083336,0.16666667,0.1125,0.16666667,0.31041667,0.37395832,0.41041666,0.23333333,0.27916667,0.13958333,0.30208334,0.15208334,0.1125,0.41875002,0.20416667,0.32083333,0.88750005,0.5958333,0.13333333,0.20416668,0.5708333,0.23333335,0.6583333,0.056250002,0.62083334,0.16666666,0.16458333,0.13958333,0.4895833,0.36666667,0.06458333,0.51875,0.171875,0.33958334,0.6479167,0.36770833,0.13541667,0.3958333,0.125,0.36666667,0.525,0.27499998,0.18124999,0.59583336,0.48333335,0.50208336,0.86875,0.39375,0.21875,0.4375,0.41458333,0.6625,0.23333335,0.11666667,0.054166667,0.21666667,0.35833332,0.06458333,0.32708335,0.65625,0.33958334,0.18333334,0.25625,0.6020833,0.22083333,0.24583334,0.13333333,0.34583333,0.5958333,0.34375,0.28958333,0.6020833,0.45416665,0.31875,0.31666666,0.24166667,0.9,0.07291667,0.55625,0.09166667,0.26875,0.44791666,0.24375,0.30208334,0.045833334,0.31875002,0.18124999,0.39999998,0.11875,0.36666667,0.22708333,0.5,0.35208333,0.39791667,0.41041666,0.25833333,0.10208333,0.45729166,0.14583334,0.1625,0.7625,0.6333333,0.22708334,0.47500002,0.49583334
BC2026_Train_0001_S08_20250606_030007_55,0.93125,0.934375,0.92083335,0.19999999,0.77916664,0.43958333,0.26666665,0.50416666,0.1375,0.0625,0.125,0.7583333,0.33541667,0.6625,0.26666668,0.014583334,0.8854166,0.34583336,0.043750003,0.575,0.67499995,0.058333334,0.16041666,0.14791666,0.5833334,0.45,0.23125,0.9604167,0.7895833,0.18958333,0.9291667,0.5958333,0.7,0.81875,0.9979167,0.825,0.16874999,0.62916666,0.083333336,0.9791667,0.5375,0.11666667,0.9625,0.5541667,0.8,0.8,0.8958334,0.7916667,0.7833333,0.78125,0.9604167,0.9583334,0.9583334,0.09583333,0.9916667,0.275,0.5020833,0.325,0.9041667,0.7708334,0.42291665,0.8541666,0.6770834,0.26666668,0.083333336,0.16041666,0.1,0.85,0.25416666,0.18333334,0.24583334,0.38333333,0.21458334,0.5729166,0.8145833,0.175,0.07291667,0.08541667,0.52916664,0.18958333,0.22291666,0.3,0.2708333,0.52708334,0.21458334,0.45208335,0.28854167,0.041666668,0.18125,0.16458334,0.63958335,0.5333333,0.23750001,0.07083333,0.06458333,0.2375,0.42291665,0.30416667,0.225,0.28958333,0.20833334,0.4895833,0.325,0.50625,0.71875,0.15625,0.32708335,0.925,0.21041666,0.43541667,0.55833334,0.5541667,0.725,0.25,0.44166666,0.31666666,0.57916665,0.26458335,0.10416667,0.22083333,0.041666668,0.28333333,0.45,0.30416667,0.86041665,0.56666666,0.7479167,0.24166666,0.14791666,0.014583334,0.6145833,0.17708333,0.10208333,0.36458334,0.4375,0.6333333,0.175,0.17708334,0.10208333,0.28541666,0.14375001,0.09791666,0.37083334,0.2604167,0.36874998,0.90208334,0.57500005,0.14166667,0.17916666,0.6479167,0.25625,0.57708335,0.025,0.62083334,0.12916666,0.18541667,0.108333334,0.5208333,0.30624998,0.058333334,0.50416666,0.16562499,0.28333333,0.5729167,0.38125,0.052083336,0.35833332,0.12916666,0.34583333,0.50416666,0.325,0.17291667,0.51875,0.42083335,0.47291666,0.8979167,0.43124998,0.19166666,0.40625,0.83124995,0.6145834,0.24791667,0.11875,0.07291667,0.12083334,0.28958333,0.09375,0.41041666,0.67499995,0.3125,0.22916667,0.25416666,0.54583335,0.09583333,0.14166667,0.079166666,0.35833332,0.55833334,0.36041665,0.2875,0.5541667,0.29791665,0.37916666,0.31458333,0.16458333,0.93125,0.08541667,0.62083334,0.15833333,0.22291666,0.37083334,0.14583333,0.36875,0.058333334,0.40416667,0.22500001,0.31666666,0.087500006,0.33333334,0.24583334,0.42604166,0.50416666,0.40833336,0.31041667,0.22291666,0.13333334,0.4625,0.1625,0.17708334,0.69375,0.64166665,0.15833333,0.4479167,0.44375
BC2026_Train_0001_S08_20250606_030007_60,0.9604167,0.975,0.9979167,0.29375,0.84166664,0.7604166,0.41041666,0.4895833,0.36666667,0.29166666,0.24166666,0.9895834,0.47291666,0.95624995,0.54375005,0.07291667,0.92083335,0.6520833,0.19375,0.76666665,0.7916666,0.108333334,0.37083334,0.47291666,0.70625,0.7375,0.36666667,0.99583334,0.9979167,0.54791665,0.9395833,0.8229167,0.79583335,0.9708333,0.99583334,0.99583334,0.20416667,0.6479167,0.19999999,0.98333335,0.5729167,0.23541668,0.9479167,0.73749995,0.8229166,0.82708335,0.88750005,0.825,0.8125,0.8,0.9479167,0.9458333,0.94375,0.15833333,0.95624995,0.42916667,0.60833335,0.46249998,0.9979167,0.7916666,0.5229167,0.8645833,0.75,0.4791667,0.36666667,0.3125,0.39999998,0.9708333,0.46041667,0.49791664,0.37291667,0.575,0.42916667,0.6375,0.9083333,0.18958333,0.18333334,0.37083334,0.53541666,0.31458333,0.35208333,0.48125,0.33958334,0.70000005,0.47291666,0.45,0.51666665,0.060416665,0.35625,0.31875,0.68125,0.875,0.37291664,0.112500004,0.22291666,0.32708332,0.51458335,0.30416667,0.31875,0.30624998,0.26875,0.56666666,0.33958334,0.6270833,0.78125,0.22291666,0.39583334,0.95416665,0.22916667,0.4375,0.5708333,0.5375,0.73541665,0.28333333,0.6354167,0.39375,0.66041666,0.3625,0.24791667,0.21458334,0.22708333,0.3854167,0.4895833,0.33125,0.9708333,0.73125,0.8854166,0.33125,0.29583335,0.079166666,0.9479166,0.21666667,0.29166666,0.41041666,0.47291666,0.87083334,0.35,0.24791667,0.28958333,0.41875,0.23958334,0.17916666,0.48125,0.37916666,0.71458334,0.9416667,0.5520834,0.118750006,0.18125,0.64166665,0.3625,0.7375,0.16458333,0.53020835,0.19375,0.16458333,0.22291668,0.6625,0.31458333,0.1875,0.5520833,0.29791665,0.35000002,0.53541666,0.51875,0.17083333,0.39791667,0.26666665,0.3125,0.65625,0.37916666,0.30208334,0.5375,0.4791667,0.5541667,0.88958335,0.59791666,0.22291666,0.425,0.96458334,0.6229167,0.34791666,0.27916667,0.15208334,0.26666665,0.22916666,0.23124999,0.42083335,0.71875,0.31666666,0.33229166,0.325,0.60833335,0.15416667,0.37916666,0.16666666,0.5208333,0.6145834,0.6041666,0.30624998,0.4166667,0.40416667,0.4375,0.33125,0.16041666,0.85833335,0.15208334,0.7270833,0.27083334,0.3020833,0.47916666,0.23958333,0.59791666,0.12083334,0.59791666,0.19583333,0.26458335,0.2,0.3645833,0.34166667,0.50624996,0.45,0.50416666,0.46666667,0.30625,0.24583334,0.48541665,0.3625,0.37708333,0.8125,0.6625,0.3020833,0.5291667,0.3541667
BC2026_Train_0002_S08_20250607_030007_5,0.90208334,0.7729167,0.36666667,0.41250002,0.7625,0.2875,0.09791666,0.25416666,0.10208333,0.20208335,0.045833334,0.28125,0.1375,0.5416667,0.20625,0.1,0.84375,0.17708333,0.46666664,0.3958333,0.41875,0.033333335,0.35,0.19166666,0.6333333,0.7375,0.24583334,0.59999996,0.41041666,0.104166664,0.95416665,0.70208335,0.8104167,0.23124999,0.90625,0.53125,0.3489583,0.70625,0.08541667,0.88125,0.65208334,0.13958333,0.91041666,0.6645833,0.75625,0.7604166,0.76666665,0.8208333,0.79583335,0.83125,0.91041666,0.9083333,0.9083333,0.07083333,0.90625,0.22916667,0.6333333,0.12916666,0.45833334,0.49166667,0.06666666,0.47708333,0.6145833,0.24166667,0.30625,0.11458333,0.06041667,0.32083333,0.108333334,0.20208332,0.14166667,0.13333333,0.46666667,0.32083333,0.35,0.40208334,0.38333333,0.054166667,0.30416667,0.09791667,0.08958334,0.25625,0.13125,0.25416666,0.0625,0.41041666,0.35,0.043750003,0.31875002,0.16458333,0.35625,0.22291666,0.08958333,0.075,0.043750003,0.12083334,0.15625,0.4375,0.025,0.07291667,0.4791667,0.25833333,0.40833333,0.13958333,0.42291665,0.06041667,0.60625,0.16666667,0.083333336,0.6145834,0.33958334,0.23541667,0.5291667,0.325,0.37291667,0.39375,0.50625,0.26875,0.12083334,0.2708333,0.40208334,0.45,0.64375,0.13958333,0.33125,0.15416667,0.19375,0.18333334,0.21041666,0.08125,0.16041666,0.033333335,0.25208333,0.28125,0.15208334,0.5020833,0.3,0.2604167,0.27187502,0.37291664,0.21458334,0.19999999,0.36666667,0.1375,0.2375,0.6625,0.5333333,0.058333337,0.15,0.17083335,0.16875,0.1375,0.01875,0.36041665,0.041666668,0.21041667,0.15,0.38958335,0.5625,0.23541667,0.46458334,0.259375,0.108333334,0.5416667,0.36875,0.35,0.17708333,0.075,0.63958335,0.38958335,0.1,0.18125,0.45833334,0.51875,0.19791666,0.38541666,0.54791665,0.125,0.22291666,0.33958334,0.45416665,0.575,0.13125,0.2875,0.2625,0.3875,0.41875,0.52916664,0.5625,0.22291666,0.13749999,0.09791666,0.16458333,0.24166667,0.36041665,0.15,0.20416667,0.61041665,0.039583333,0.29375,0.67499995,0.6854167,0.21875,0.2,0.09375,0.4875,0.054166667,0.65833336,0.03125,0.27083334,0.39791667,0.21666667,0.5291667,0.25,0.25625,0.09791667,0.5125,0.1625,0.4979167,0.1375,0.49583334,0.74375,0.47708333,0.21875,0.4979167,0.30208334,0.56875,0.25208333,0.054166667,0.5541667,0.33125,0.11875,0.1875,0.6979167
BC2026_Train_0002_S08_20250607_030007_10,0.94375,0.7875,0.3541667,0.34583333,0.6,0.20416668,0.025,0.12916666,0.072916664,0.31875002,0.043750003,0.28125,0.04375,0.13333334,0.09791666,0.047916666,0.8041667,0.29166666,0.4,0.23541667,0.30208334,0.004166667,0.30625,0.17916667,0.5541667,0.51666665,0.20625001,0.534375,0.5208334,0.114583336,0.9666667,0.6875,0.80833334,0.30624998,0.94166666,0.57916665,0.28958333,0.87916666,0.08125,0.9125,0.8041667,0.14375,0.9479167,0.6645833,0.76458335,0.76250005,0.8020834,0.825,0.8354167,0.884375,0.9479167,0.95208335,0.95208335,0.08125,0.925,0.1375,0.5083333,0.09583333,0.3125,0.28333333,0.09375,0.42291665,0.50416666,0.21875,0.087500006,0.07083333,0.23541668,0.14583334,0.06875,0.2,0.108333334,0.14375001,0.3854167,0.19479166,0.375,0.3375,0.29375,0.030208334,0.24374999,0.0875,0.10208333,0.1875,0.106249996,0.19791666,0.043750003,0.3854167,0.26666668,0.0062500006,0.17500001,0.0625,0.14583333,0.2,0.10208333,0.01875,0.01875,0.07083333,0.08125,0.46249998,0.039583333,0.0375,0.43958336,0.18125,0.25833333,0.1625,0.45625,0.020833334,0.5,0.22708334,0.058333334,0.5333333,0.24791667,0.13541667,0.30520833,0.225,0.175,0.27916667,0.41458333,0.13958333,0.10625,0.24583334,0.15416667,0.21458334,0.5958333,0.17083333,0.30208334,0.2375,0.14166667,0.1875,0.09791666,0.027083334,0.12083334,0.041666668,0.075,0.24166667,0.13958333,0.29791668,0.08333333,0.1875,0.0625,0.34375,0.079166666,0.12083334,0.23333333,0.13541666,0.19791667,0.57916665,0.51666665,0.01875,0.14999999,0.12291667,0.125,0.21249999,0.010416667,0.21875,0.043750003,0.035416666,0.077083334,0.39166665,0.37916666,0.06875,0.375,0.17916667,0.06666667,0.4625,0.3854167,0.37083334,0.15416667,0.039583333,0.4895833,0.35833335,0.05,0.08958334,0.39375,0.34375,0.19583333,0.37083334,0.41041666,0.083333336,0.09375,0.21041667,0.35833335,0.4583333,0.15416667,0.32291666,0.23124999,0.26875,0.5375,0.42083335,0.4791667,0.09375,0.09583333,0.079166666,0.08958334,0.13125,0.21875,0.08541667,0.125,0.53749996,0.039583333,0.171875,0.6020833,0.38958335,0.19791667,0.08125,0.025,0.3958333,0.027083334,0.49583334,0.01875,0.26041666,0.31875,0.12916666,0.43124998,0.16875,0.21041667,0.075,0.39166668,0.041666668,0.32916665,0.052083332,0.37916666,0.6854167,0.3958333,0.16875,0.22083333,0.19375,0.3958333,0.09791667,0.0375,0.43958336,0.25,0.10416667,0.14166667,0.7145833
BC2026_Train_0002_S08_20250607_030007_15,0.9145833,0.7729167,0.28541666,0.3625,0.59583336,0.16250001,0.025000002,0.041666668,0.13541666,0.40833333,0.058333334,0.22083333,0.09583333,0.1,0.10208333,0.047916666,0.81666666,0.125,0.46041667,0.25625,0.32708332,0.0125,0.25208333,0.104166664,0.53125,0.48333335,0.20416667,0.44375002,0.47708333,0.114583336,0.9604167,0.6666666,0.825,0.31041667,0.9166667,0.59375,0.36666667,0.79583335,0.099999994,0.9,0.73125,0.18333334,0.925,0.65416664,0.7729167,0.7729167,0.7916667,0.8208333,0.8125,0.8666667,0.9291667,0.9291667,0.9291667,0.08541667,0.925,0.15,0.4125,0.22708333,0.12708333,0.24166667,0.052083332,0.41041666,0.5333333,0.21041666,0.03125,0.07083333,0.06666667,0.20416665,0.083333336,0.18125,0.14791667,0.175,0.47291666,0.23958333,0.28541666,0.33958334,0.30833334,0.10416667,0.3645833,0.1,0.16041666,0.37083334,0.12708333,0.29375,0.06458333,0.40208334,0.36041668,0.11666667,0.3125,0.14375,0.12083334,0.30833334,0.18541667,0.0375,0.025,0.072916664,0.09791666,0.47708333,0.10625,0.05,0.55625,0.29791665,0.32916665,0.19791667,0.35416666,0.027083334,0.63958335,0.18958333,0.19166666,0.6458333,0.3,0.108333334,0.55,0.32083333,0.21875,0.36666664,0.38333333,0.108333334,0.18333334,0.3333333,0.12291666,0.25625,0.6375,0.20208333,0.20208333,0.34791666,0.15833333,0.125,0.19583333,0.045833334,0.07083333,0.025,0.12291667,0.31875,0.19999999,0.27291667,0.029166669,0.18958333,0.12916666,0.41041666,0.14375,0.15625,0.375,0.2125,0.22291666,0.73541665,0.6208333,0.03125,0.10416667,0.08333333,0.15416667,0.33541667,0.14166667,0.33125,0.12708333,0.0625,0.14583333,0.4791667,0.35,0.06875,0.41458333,0.39375,0.13333334,0.54375,0.44479167,0.3875,0.19999999,0.08125,0.6479167,0.4875,0.12916666,0.16041666,0.43333334,0.5520834,0.31875,0.29791665,0.52708334,0.16458334,0.25833333,0.21666667,0.45833334,0.5333333,0.2916667,0.46041667,0.40625,0.35,0.62083334,0.46041667,0.5645833,0.11666667,0.17291667,0.13125,0.14166667,0.19375,0.40208334,0.2125,0.27916667,0.5854167,0.045833334,0.17083333,0.7166667,0.45,0.21458334,0.14791667,0.06875,0.475,0.03125,0.44166666,0.110416666,0.28958333,0.4,0.15833333,0.40833336,0.17708334,0.225,0.15416667,0.54791665,0.029166667,0.3854167,0.09375,0.496875,0.7875,0.53125,0.28125,0.21249999,0.28541666,0.4625,0.07083333,0.058333334,0.6625,0.25208333,0.19166666,0.19166666,0.7791667
BC2026_Train_0002_S08_20250607_030007_20,0.95624995,0.76458335,0.29791668,0.3875,0.72083336,0.23750001,0.043750003,0.110416666,0.30833334,0.41250002,0.09375,0.25625,0.05,0.2125,0.11458333,0.08125,0.81666666,0.19375,0.47291666,0.27083334,0.48541665,0.016666668,0.19791666,0.15625,0.525,0.52916664,0.20833333,0.4395833,0.45625,0.14583333,0.98541665,0.69166666,0.83124995,0.29583332,0.9041667,0.62916666,0.3625,0.8854166,0.13125,0.82916665,0.7604166,0.23125,0.9395833,0.7083333,0.77708334,0.775,0.76666665,0.83124995,0.825,0.890625,0.9395833,0.9354167,0.9354167,0.09166667,0.9145833,0.16666667,0.4375,0.325,0.20416667,0.44375002,0.027083334,0.43333334,0.55,0.18958333,0.021875001,0.06458333,0.054166667,0.19375,0.09583333,0.30416667,0.21041667,0.24166667,0.50625,0.2916667,0.3375,0.44791666,0.43958333,0.09583333,0.284375,0.06666666,0.10208333,0.5979167,0.1875,0.19791667,0.077083334,0.525,0.41250002,0.08333333,0.25416666,0.16041666,0.19166666,0.175,0.12916666,0.06041667,0.020833334,0.079166666,0.15833333,0.47916666,0.08958334,0.045833334,0.51458335,0.41041666,0.33749998,0.17708333,0.33541667,0.03125,0.65625,0.275,0.21875,0.63958335,0.34166667,0.05,0.3854167,0.37291667,0.43541664,0.41458333,0.37291667,0.13958333,0.24166667,0.30625,0.25,0.28333333,0.66041666,0.22083333,0.22291668,0.29791665,0.15416667,0.17916667,0.30416667,0.054166667,0.12291667,0.058333334,0.14375,0.30416667,0.30416667,0.5958333,0.22291666,0.26666668,0.2875,0.46250004,0.16041666,0.17291667,0.45416665,0.20208335,0.20833333,0.61249995,0.5895833,0.056250002,0.10208334,0.06041667,0.25625,0.25,0.14583334,0.30416667,0.08958334,0.072916664,0.28333333,0.49583334,0.40416667,0.0875,0.40416664,0.325,0.19166666,0.58125,0.51875,0.51666665,0.21458334,0.175,0.7270833,0.40208334,0.12708333,0.29583332,0.525,0.6229167,0.21458334,0.25833333,0.5875,0.35625,0.19166666,0.16874999,0.38125002,0.5854167,0.3375,0.47083333,0.4791667,0.43958333,0.65625,0.49166667,0.5625,0.12291667,0.3,0.09791666,0.15208334,0.24166667,0.40625,0.19999999,0.31666666,0.6333333,0.06666667,0.20833334,0.7083333,0.73125,0.25208333,0.21041667,0.13333334,0.39375,0.03125,0.45208332,0.21666667,0.32083333,0.41875,0.15833333,0.28333333,0.29791668,0.2625,0.13541667,0.58958334,0.1,0.5520833,0.104166664,0.45625,0.8145833,0.41458333,0.29583335,0.3375,0.2875,0.49166667,0.12291667,0.04791667,0.6375,0.34791666,0.13125,0.1625,0.7625
BC2026_Train_0002_S08_20250607_030007_25,0.95,0.7729167,0.2625,0.42291665,0.7875,0.21041666,0.045833334,0.16874999,0.12916666,0.40208334,0.075,0.20625001,0.079166666,0.2,0.08125,0.077083334,0.78125,0.21041666,0.50416666,0.425,0.5020833,0.020833334,0.28125,0.26458335,0.41458333,0.42395833,0.21875,0.42291665,0.43333334,0.12083334,0.9791666,0.65625,0.8354167,0.33958334,0.9041667,0.60833335,0.31666666,0.9083333,0.16875,0.8458333,0.78125,0.28333333,0.95208335,0.70208335,0.7729167,0.77708334,0.7916667,0.83958334,0.8333333,0.90625,0.9479167,0.9479167,0.9479167,0.11458333,0.9125,0.17916666,0.45208335,0.35416666,0.28750002,0.6770834,0.05,0.30208334,0.5125,0.15208334,0.022916667,0.09583333,0.104166664,0.22708334,0.0625,0.22708334,0.14583334,0.20625,0.47500002,0.28541666,0.28541666,0.40625,0.40625,0.041666668,0.23125,0.15416667,0.052083336,0.3645833,0.17500001,0.17083333,0.06041667,0.4375,0.41041666,0.05625,0.22083333,0.06041667,0.26458335,0.14791667,0.08958334,0.04791667,0.016666668,0.09375,0.10625,0.48541665,0.04375,0.008333334,0.46666667,0.29791665,0.44166666,0.21458334,0.3,0.035416666,0.49374998,0.11666667,0.12916666,0.6020833,0.27499998,0.054166667,0.45416665,0.29166666,0.41041666,0.32708335,0.29375,0.14583334,0.17916667,0.26875,0.67291665,0.31875002,0.61041665,0.14375,0.29791668,0.17708334,0.07083333,0.17708333,0.29375,0.0625,0.052083336,0.004166667,0.14375,0.20208333,0.16458333,0.625,0.54791665,0.25833333,0.15833333,0.51875,0.11666667,0.14791666,0.25416666,0.18333334,0.396875,0.5,0.48333332,0.047916666,0.075,0.054166667,0.15625,0.077083334,0.035416666,0.27916667,0.0375,0.045833334,0.17916667,0.43333334,0.31458333,0.21458334,0.425,0.22083333,0.13541666,0.51458335,0.39375,0.5104166,0.15416667,0.375,0.6895833,0.32291666,0.08541667,0.21666667,0.40833333,0.4791667,0.26666665,0.22708333,0.40416667,0.40208334,0.15208334,0.13333334,0.31458333,0.5625,0.25208333,0.3229167,0.5125,0.43125,0.5708333,0.42708334,0.49583334,0.09583333,0.19791667,0.104166664,0.09583334,0.22916666,0.3,0.079166666,0.12083334,0.6041666,0.022916667,0.175,0.55625,0.59583336,0.175,0.17083333,0.09791667,0.2875,0.0375,0.45208335,0.09583333,0.26041666,0.425,0.17916667,0.26458335,0.24166667,0.26875,0.12291667,0.51874995,0.1375,0.49166667,0.081250004,0.41875,0.7270833,0.23750001,0.28750002,0.21875,0.25833333,0.4166667,0.17916666,0.047916666,0.5125,0.27708334,0.09791666,0.13333333,0.73541665
BC2026_Train_0002_S08_20250607_030007_30,0.9291667,0.76458335,0.25625,0.3625,0.65833336,0.108333334,0.03125,0.022916667,0.072916664,0.34791666,0.072916664,0.19583333,0.081250004,0.14583333,0.0625,0.041666668,0.79583335,0.20833333,0.5208334,0.21666667,0.46666667,0.008333334,0.20416667,0.26458335,0.49583334,0.43541667,0.14791667,0.41041666,0.36666667,0.075,0.97291666,0.6041666,0.79791665,0.27916667,0.925,0.50625,0.29166666,0.8666667,0.114583336,0.8979167,0.8041667,0.19583333,0.95,0.6375,0.7208333,0.7270833,0.775,0.81666666,0.8104167,0.875,0.9479166,0.95,0.95,0.09166667,0.9354167,0.1125,0.44375002,0.26666665,0.15208334,0.37083334,0.020833334,0.31458333,0.44166666,0.15208332,0.008333334,0.087500006,0.058333334,0.2125,0.045833334,0.17083332,0.079166666,0.16041666,0.44375,0.1625,0.26666668,0.33541667,0.32291666,0.05,0.21458334,0.06666667,0.14791666,0.22708333,0.12291667,0.21458334,0.043750003,0.34791666,0.32291666,0.016666668,0.31041667,0.14791666,0.1125,0.27916667,0.08541667,0.025,0.004166667,0.0875,0.08229166,0.475,0.09166667,0.035416666,0.45416665,0.22708333,0.34166667,0.1875,0.325,0.022916667,0.50625,0.15625,0.1625,0.6125,0.35833332,0.08333333,0.41041666,0.28125,0.27083334,0.3375,0.3645833,0.09166667,0.10000001,0.25625,0.33124998,0.24791667,0.58125,0.15833333,0.22916666,0.23333332,0.08958334,0.2,0.2,0.06041667,0.06875,0.060416665,0.079166666,0.18437499,0.26458332,0.37916666,0.30104166,0.20833333,0.12291667,0.45,0.09583334,0.18958333,0.24791667,0.22083333,0.19166666,0.5125,0.63958335,0.033333335,0.07083333,0.077083334,0.15208334,0.13333334,0.060416665,0.26875,0.079166666,0.058333337,0.104166664,0.4375,0.34375,0.047916666,0.45,0.18541667,0.12916666,0.54375,0.3875,0.39791667,0.13541667,0.11666666,0.67083335,0.375,0.14375,0.09791666,0.42083335,0.4625,0.19583334,0.38645834,0.40625,0.24166667,0.16874999,0.14375001,0.36875,0.5020833,0.175,0.28333333,0.36666667,0.36874998,0.44166666,0.32916668,0.4875,0.118750006,0.17083333,0.17708334,0.07083333,0.20625,0.34583333,0.06458333,0.13958333,0.5520834,0.01875,0.1125,0.6791667,0.45208335,0.18541665,0.13333333,0.083333336,0.37083334,0.022916667,0.43541667,0.035416666,0.2125,0.32708335,0.2625,0.2625,0.10208334,0.23333333,0.10416667,0.41875,0.045833334,0.44166666,0.09375,0.46666664,0.7166667,0.26875,0.26041666,0.2,0.20416667,0.43333334,0.12291667,0.010416667,0.5708333,0.26875,0.10416667,0.15208334,0.70000005
BC2026_Train_0002_S08_20250607_030007_35,0.98333335,0.76666665,0.25,0.15833333,0.55,0.15,0.014583333,0.0375,0.0375,0.23958333,0.0375,0.22291666,0.0062500006,0.09166667,0.05625,0.06875,0.82916665,0.16458334,0.44166666,0.118750006,0.2708333,0.025,0.25625,0.26458332,0.54375005,0.47083336,0.15416667,0.43333334,0.37291664,0.06458333,0.9875,0.60833335,0.78541666,0.20625001,0.9291667,0.48333332,0.3125,0.8875,0.04375,0.9083333,0.7833333,0.110416666,0.9395833,0.6354167,0.7,0.6979166,0.75625,0.8041667,0.8041667,0.8770833,0.9395833,0.9395833,0.9395833,0.04479167,0.9270834,0.0625,0.4583333,0.12916666,0.10208333,0.29375002,0.01875,0.3020833,0.38541666,0.14166668,0.03125,0.05625,0.004166667,0.23541668,0.08958334,0.14791666,0.074999996,0.11666667,0.3125,0.110416666,0.22500001,0.35,0.3625,0.023958335,0.22916666,0.075,0.06875,0.27499998,0.045833334,0.16875,0.0125,0.29583332,0.17916666,0.077083334,0.13958333,0.083333336,0.108333334,0.10625,0.083333336,0.014583334,0.008333334,0.06458333,0.09166667,0.47291666,0.081250004,0.01875,0.45000002,0.19583333,0.20833333,0.12916666,0.45520836,0.008333334,0.49583334,0.23124999,0.12708333,0.45625,0.23333333,0.08333333,0.18958333,0.23125,0.10416667,0.31875,0.39375,0.12708333,0.104166664,0.21875,0.24583334,0.17500001,0.59583336,0.12708333,0.22916666,0.18541667,0.10416667,0.0875,0.099999994,0.052083336,0.112500004,0.083333336,0.10416667,0.2125,0.13125,0.29375,0.29375,0.14583333,0.0625,0.30416667,0.056250002,0.11458333,0.19999999,0.108333334,0.13541667,0.5520834,0.45,0.0062500006,0.05625,0.054166667,0.18124999,0.13958333,0.010416667,0.21666667,0.029166667,0.020833334,0.13125,0.34583333,0.48541665,0.047916666,0.40833333,0.18958333,0.12916666,0.41458333,0.425,0.36875,0.11875,0.0375,0.56875,0.19583334,0.058333337,0.14583334,0.34166667,0.4583333,0.21875,0.41041666,0.425,0.10208333,0.18437499,0.18333332,0.26458332,0.44166666,0.23124999,0.38125002,0.35,0.28750002,0.4895833,0.28958333,0.40416667,0.09791666,0.14166667,0.0375,0.06458333,0.08333333,0.17395833,0.0875,0.079166666,0.5125,0.035416666,0.13333334,0.4875,0.43333334,0.12916666,0.074999996,0.025,0.31875,0.0062500006,0.44583333,0.012500001,0.24583334,0.29791665,0.18541667,0.40833333,0.07083333,0.18541667,0.05,0.43124998,0.03125,0.35000002,0.054166667,0.34375,0.7291667,0.34583333,0.1875,0.23958334,0.15416667,0.275,0.075,0.0062500006,0.5104166,0.25416666,0.043750003,0.10625,0.6927084
BC2026_Train_0002_S08_20250607_030007_40,0.9708333,0.91875,0.80833334,0.16874999,0.5125,0.15208334,0.052083336,0.08125,0.10208333,0.30208334,0.07291667,0.75416666,0.01875,0.35416666,0.075,0.09166667,0.7729167,0.325,0.4125,0.32083333,0.20208333,0.039583333,0.29999998,0.20416667,0.55,0.46458334,0.25208333,0.56875,0.56666666,0.09791666,0.9875,0.68125,0.81875,0.69375,0.95208335,0.6979167,0.32708335,0.93125,0.1,0.93333334,0.81875,0.16666667,0.95000005,0.6791667,0.73125,0.73541665,0.78125,0.8395833,0.8479167,0.91041666,0.95000005,0.95000005,0.95000005,0.08958334,0.95,0.075,0.52708334,0.09583333,0.3125,0.3854167,0.06458333,0.28125,0.3229167,0.19166668,0.05625,0.09166667,0.014583334,0.3541667,0.09583333,0.19166666,0.07083333,0.19791667,0.29791668,0.15625,0.7479167,0.37083334,0.29791665,0.047916666,0.275,0.09791666,0.15,0.36666667,0.11041667,0.075,0.10416667,0.31458333,0.37083334,0.05,0.16875,0.16041668,0.31875002,0.2708333,0.079166666,0.06041667,0.022916667,0.045833334,0.08125,0.52708334,0.0125,0.020833334,0.46875,0.22291666,0.29791668,0.1375,0.43541664,0.014583333,0.58125,0.18333334,0.12708333,0.46458334,0.29166666,0.0625,0.27083334,0.23333335,0.11458333,0.2875,0.41041666,0.12291667,0.08958334,0.15,0.3875,0.29375,0.50625,0.06458333,0.50625,0.14583334,0.08541667,0.10625,0.13125,0.05,0.53125,0.09791666,0.16250001,0.3125,0.18541667,0.24166667,0.5708333,0.15833333,0.09791666,0.32916665,0.06458333,0.13125,0.20208333,0.1125,0.19166666,0.42916667,0.49583334,0.0062500006,0.1,0.0375,0.16458333,0.16875,0.114583336,0.2625,0.0375,0.027083334,0.14375001,0.36249998,0.47291666,0.15625,0.41875,0.18541667,0.17083333,0.58125,0.47291666,0.49791667,0.15416667,0.072916664,0.59791666,0.25833333,0.06458333,0.14791666,0.39166665,0.51875,0.21458334,0.33125,0.35416666,0.16041666,0.20416667,0.2625,0.2875,0.47291666,0.24374999,0.36875,0.31875,0.25833333,0.5229167,0.3854167,0.45,0.15,0.12291667,0.10416667,0.12708333,0.10208333,0.25416666,0.079166666,0.21249999,0.525,0.025,0.15208334,0.5416667,0.41666666,0.17708333,0.17500001,0.0625,0.30833334,0.0062500006,0.48541668,0.020833334,0.2375,0.33541667,0.37291667,0.30416667,0.045833334,0.1875,0.0625,0.4375,0.035416666,0.3958333,0.09375,0.37083334,0.73333335,0.1875,0.12708333,0.25416666,0.2125,0.29791665,0.108333334,0.022916667,0.48541665,0.23125,0.045833334,0.14375,0.7
BC2026_Train_0002_S08_20250607_030007_45,0.9875,0.95208335,0.9895834,0.2604167,0.65,0.26666668,0.077083334,0.16041666,0.12291667,0.3854167,0.041666668,0.96770835,0.075,0.7375,0.12708333,0.09791666,0.7833333,0.82708335,0.41041666,0.52708334,0.28541666,0.079166666,0.37916666,0.30416667,0.58124995,0.55,0.29791668,0.75,0.79791665,0.28541666,0.9916667,0.75625,0.84375,0.9583333,0.96875,0.94375,0.3770833,0.93333334,0.15,0.9479166,0.8104167,0.23125,0.96458334,0.73541665,0.75625,0.75,0.7916667,0.85,0.85625005,0.92499995,0.96458334,0.96458334,0.96458334,0.125,0.95,0.125,0.4875,0.125,0.875,0.6541667,0.052083336,0.39791667,0.45416665,0.23541668,0.14375,0.11458333,0.052083336,0.6645833,0.1125,0.43125,0.15208334,0.19375,0.40833333,0.25,0.9916667,0.42291665,0.28541666,0.054166667,0.30208334,0.075,0.15416667,0.31875002,0.14583334,0.18958333,0.054166667,0.33333334,0.40416667,0.06041667,0.2125,0.06875,0.3020833,0.64166665,0.06666667,0.029166667,0.06458333,0.029166667,0.14583334,0.5,0.1125,0.039583333,0.5395833,0.28541666,0.29166666,0.24583334,0.6041667,0.05625,0.59375,0.15833333,0.15625,0.52708334,0.24583334,0.09583333,0.35833332,0.29791665,0.1375,0.3375,0.49583334,0.1375,0.15625,0.24375,0.47083333,0.29583335,0.64375,0.08541667,0.7875,0.17916667,0.19583333,0.16875,0.24166667,0.10625,0.8666667,0.083333336,0.06458333,0.23125,0.11458333,0.3625,0.5083333,0.22291666,0.077083334,0.41666666,0.10625,0.12916666,0.29791665,0.16041666,0.60833335,0.40208334,0.45,0.027083334,0.06666667,0.10625,0.20833334,0.1875,0.08541667,0.35000002,0.11875,0.05,0.20416667,0.40416667,0.41458333,0.07291667,0.39583334,0.1875,0.17083333,0.54791665,0.43958333,0.44583333,0.18541667,0.072916664,0.5729166,0.33124998,0.15208334,0.21458332,0.4270833,0.52708334,0.209375,0.37916666,0.37291667,0.21875,0.1375,0.50416666,0.32916668,0.4979167,0.30416667,0.52500004,0.33958334,0.30208334,0.61875,0.35208333,0.48020834,0.22083333,0.13749999,0.12916666,0.2125,0.16666667,0.28541666,0.17500001,0.19999999,0.5729167,0.083333336,0.14375001,0.6166667,0.54583335,0.1625,0.10625,0.08541667,0.3375,0.047916666,0.56458336,0.047916666,0.2625,0.36874998,0.22291666,0.48125002,0.14791667,0.24791667,0.08958334,0.41250002,0.027083334,0.34375,0.07291667,0.4270833,0.8208333,0.3375,0.15416667,0.275,0.18124999,0.34583333,0.08541667,0.033333335,0.43124998,0.25,0.052083336,0.17291667,0.7916666
BC2026_Train_0002_S08_20250607_030007_50,0.96458334,0.9125,0.80833334,0.33958334,0.6125,0.23541668,0.0625,0.125,0.11666666,0.38333333,0.029166667,0.79791665,0.08125,0.64166665,0.15208334,0.09791666,0.775,0.5083333,0.56875,0.38125002,0.31666666,0.06458333,0.48541665,0.32083336,0.6020833,0.5958333,0.27916667,0.5875,0.5625,0.14166667,0.97083336,0.7416667,0.8375,0.68958336,0.94166666,0.74583334,0.43958336,0.89374995,0.17708334,0.925,0.7583333,0.28541666,0.96458334,0.725,0.74375,0.7479167,0.7708333,0.84375,0.84166664,0.9,0.9666667,0.96458334,0.96458334,0.12916666,0.9291667,0.14583333,0.46666667,0.2,0.37083334,0.4583333,0.079166666,0.38333333,0.4583333,0.21875,0.11875,0.10416667,0.17083333,0.40208334,0.1,0.26875,0.19375,0.23125,0.4875,0.225,0.7479167,0.54583335,0.39375,0.12083334,0.36875,0.1875,0.15833333,0.39791667,0.118750006,0.37708333,0.13333333,0.484375,0.5416667,0.09375,0.35208333,0.17708334,0.36666667,0.37083334,0.18541667,0.104166664,0.099999994,0.06041667,0.13541666,0.52708334,0.09166667,0.112500004,0.625,0.32083333,0.37291667,0.19270833,0.4479167,0.06875,0.7125,0.25,0.16666667,0.66875,0.31458333,0.12708333,0.4708333,0.33541667,0.19166666,0.4375,0.40416667,0.2375,0.18541667,0.25208333,0.44375,0.3020833,0.73541665,0.09375,0.5104166,0.23333333,0.2875,0.19583333,0.27916667,0.12708333,0.5395833,0.056250002,0.15416667,0.27916667,0.2625,0.33541667,0.38958335,0.25833333,0.15625,0.43333334,0.21875,0.30833334,0.34791666,0.18541667,0.24583334,0.5375,0.51458335,0.06458333,0.21458334,0.11666666,0.09583333,0.30208334,0.175,0.4583333,0.15,0.09166667,0.32708335,0.52708334,0.5395833,0.15208334,0.5,0.24791667,0.29375,0.6291667,0.42916667,0.51458335,0.24375,0.099999994,0.6791667,0.47500002,0.30833334,0.1375,0.49375,0.6333333,0.25208333,0.40625,0.4125,0.18333334,0.225,0.39375,0.40416667,0.5854167,0.275,0.5625,0.37916666,0.40625,0.8125,0.45416665,0.5416667,0.20416667,0.21875,0.1375,0.21458334,0.19375,0.48541665,0.225,0.1875,0.6625,0.077083334,0.25,0.69375,0.6270833,0.19375,0.225,0.11666667,0.4125,0.04791667,0.52708334,0.08333333,0.38333333,0.5104166,0.3,0.55833334,0.21875,0.25833333,0.17291667,0.6125,0.045833334,0.39375,0.11875,0.55,0.93333334,0.53125,0.225,0.37916666,0.28541666,0.46458334,0.15,0.039583333,0.5708333,0.34791666,0.12291667,0.19375,0.88958335
BC2026_Train_0002_S08_20250607_030007_55,0.9458333,0.78125,0.30625,0.29791668,0.6041667,0.2,0.039583333,0.06875,0.05,0.40208334,0.043750003,0.27291667,0.09791666,0.55833334,0.125,0.08333333,0.86875,0.16250001,0.53541666,0.25625,0.5375,0.029166667,0.36041665,0.12083334,0.59375,0.6041667,0.2875,0.4354167,0.45208335,0.08541667,0.9875,0.6875,0.79583335,0.27083334,0.925,0.5916667,0.38958332,0.89374995,0.08541667,0.8958334,0.7416667,0.18124999,0.9479166,0.68125,0.7125,0.709375,0.77708334,0.80625,0.83124995,0.8833333,0.9479166,0.9479166,0.9479166,0.07291667,0.9354167,0.12083333,0.43125,0.24583334,0.15625,0.25,0.010416667,0.33958334,0.5083333,0.16666667,0.03125,0.077083334,0.0625,0.26875,0.099999994,0.15625,0.23958333,0.14375,0.45,0.19791667,0.29166666,0.42291665,0.45208335,0.079166666,0.375,0.039583333,0.06458333,0.49374998,0.09375,0.35,0.07083333,0.3875,0.32916665,0.110416666,0.36041665,0.15625,0.13541667,0.25,0.15416667,0.041666668,0.05625,0.043750003,0.1,0.48333335,0.108333334,0.08541667,0.5875,0.2,0.28333333,0.22083333,0.38541666,0.056250002,0.6625,0.30625,0.19375,0.70000005,0.33958334,0.17708333,0.50416666,0.40625,0.3,0.3854167,0.35625,0.15,0.15833333,0.20416668,0.23958334,0.37083334,0.69375,0.10208333,0.20833334,0.18958333,0.20416667,0.16458333,0.41458333,0.0875,0.12708333,0.08333333,0.054166667,0.27395833,0.17083333,0.39166665,0.19375,0.21041667,0.12708333,0.37708336,0.17708333,0.23958333,0.56666666,0.15416667,0.21875,0.43541667,0.49375,0.03125,0.12708333,0.104166664,0.09583333,0.1875,0.21249999,0.25,0.112500004,0.06458333,0.20208333,0.45833334,0.44375,0.1,0.4270833,0.21041667,0.15833333,0.6145833,0.6625,0.45416665,0.19791667,0.110416666,0.6979166,0.325,0.23541667,0.17500001,0.48125,0.6354166,0.19166666,0.3,0.50416666,0.19375,0.16041666,0.23958333,0.35625,0.72291666,0.3125,0.53541666,0.32083333,0.47708333,0.7583333,0.47083333,0.5375,0.15208334,0.5020833,0.12083334,0.10625,0.18958333,0.35625,0.125,0.13958333,0.65625,0.06875,0.20625001,0.71875,0.5854167,0.15625,0.175,0.08541667,0.43333334,0.039583333,0.51875,0.04791667,0.35416666,0.4270833,0.23958333,0.29166666,0.19375,0.27916667,0.17083333,0.6333333,0.029166669,0.3958333,0.058333337,0.49375,0.9166666,0.38333333,0.1875,0.31041667,0.3,0.44062498,0.11458333,0.06458333,0.5729166,0.2625,0.103125006,0.26250002,0.9
BC2026_Train_0002_S08_20250607_030007_60,0.9770833,0.75416666,0.42083332,0.42083332,0.73333335,0.20625001,0.08541667,0.114583336,0.10625,0.40833336,0.08541667,0.39583334,0.20625001,0.80833334,0.25208333,0.0875,0.9166667,0.1875,0.5875,0.5416666,0.725,0.0625,0.4270833,0.34791666,0.60833335,0.5541667,0.35,0.5875,0.5104166,0.2625,0.98125,0.77708334,0.8020834,0.30416667,0.9145833,0.6666666,0.37083334,0.79375,0.17708333,0.8833333,0.6958333,0.3,0.9270833,0.74583334,0.6770834,0.6666667,0.75625,0.78541666,0.775,0.8520833,0.9270833,0.9270833,0.9270833,0.1125,0.925,0.2125,0.5,0.40625,0.30625,0.25208333,0.106249996,0.43333334,0.70000005,0.21041666,0.058333334,0.10416667,0.16666667,0.39999998,0.08541667,0.20208333,0.47500002,0.20416667,0.44791666,0.24166666,0.425,0.3958333,0.8125,0.108333334,0.33333334,0.052083336,0.175,0.6229167,0.08958334,0.48541668,0.033333335,0.3375,0.5083333,0.32916665,0.14583334,0.22291666,0.18958333,0.21666667,0.25833333,0.06458333,0.12083334,0.16458333,0.118750006,0.42083335,0.30625,0.039583337,0.5333333,0.17291667,0.25416666,0.32708335,0.48541665,0.10625,0.67291665,0.6645833,0.21458334,0.60833335,0.31041667,0.16666666,0.37708333,0.45,0.5729166,0.44166666,0.53125,0.14375,0.2375,0.19166666,0.23958334,0.27291667,0.7166667,0.10625,0.28958333,0.15,0.36041665,0.14375,0.7,0.07291667,0.11666666,0.20833334,0.058333334,0.28125,0.34791666,0.7166667,0.16666666,0.16875,0.228125,0.45,0.26875,0.21666667,0.78125,0.33958334,0.15416667,0.6645833,0.434375,0.039583333,0.075,0.28333333,0.17916667,0.275,0.18437499,0.41458333,0.14791667,0.072916664,0.28750002,0.58125,0.35833332,0.09583333,0.40208334,0.1875,0.16041666,0.5291667,0.9458333,0.37916666,0.18958333,0.13125,0.71875,0.26875,0.17708334,0.23958333,0.44583333,0.58124995,0.171875,0.44375,0.7083334,0.18958333,0.21145833,0.15625,0.30833334,0.9770833,0.3125,0.49583334,0.25,0.44375,0.7145833,0.40416664,0.51666665,0.2125,0.7708334,0.08125,0.13333334,0.07083333,0.29791665,0.09791666,0.25,0.61041665,0.18333334,0.19583333,0.5833334,0.66041666,0.1875,0.09583334,0.112500004,0.50416666,0.0375,0.47708333,0.11875,0.32916665,0.3541667,0.13541667,0.3333333,0.3333333,0.42499998,0.13541666,0.5520833,0.11666666,0.42291665,0.125,0.48333335,0.82916665,0.19999999,0.17083333,0.20416668,0.22916667,0.44375002,0.20833334,0.079166666,0.51875,0.26666668,0.0875,0.20833333,0.9291667
BC2026_Train_0003_S08_20250607_070007_5,0.93333334,0.9,0.84375,0.020833334,0.029166667,0.6,0.09583333,0.16041666,0.21666667,0.033333335,0.2375,0.275,0.025,0.125,0.61875,0.16041666,0.5385417,0.23125,0.30625,0.76666665,0.07083333,0.16041666,0.32083333,0.056250002,0.48333335,0.08125,0.24375,0.020833334,0.41458333,0.32708332,0.46249998,0.31458336,0.89166665,0.125,0.41458336,0.30833334,0.5916667,0.99375,0.475,0.7229167,0.99375,0.49166667,0.35208333,0.3375,0.8645834,0.8645834,0.99375,0.91875,0.96875,0.9979167,0.48541665,0.44375,0.46041667,0.24583334,0.89374995,0.9583333,0.16458333,0.033333335,0.8166667,0.15416667,0.079166666,0.32708335,0.03125,0.17916667,0.058333334,0.14791667,0.46249998,0.5604167,0.99583334,0.5604167,0.16041666,0.29166666,0.18958333,0.17083333,0.38333336,0.112500004,0.4895833,0.38958335,0.041666668,0.68333334,0.51666665,0.375,0.5083333,0.045833334,0.59375,0.19791667,0.0062500006,0.08958334,0.043750003,0.18125,0.106249996,0.38541666,0.20833334,0.45,0.53541666,0.8354167,0.375,0.9770833,0.14791666,0.21666667,0.61875,0.29791668,0.7208333,0.03125,0.1125,0.29583332,0.022916667,0.26874998,0.21666667,0.21875,0.14166667,0.029166667,0.01875,0.23958334,0.26041666,0.40416667,0.16666667,0.51666665,0.13333333,0.39999998,0.98541665,0.38750002,0.21041667,0.44375,0.625,0.30416667,0.29166666,0.30416664,0.16875,0.24791667,0.74583334,0.18229167,0.5208333,0.46041667,0.25833333,0.47708333,0.38125,0.03125,0.125,0.058333337,0.014583334,0.8666667,0.33958334,0.37083334,0.15833333,0.054166667,0.21249999,0.34166667,0.40833333,0.3,0.23541667,0.14583333,0.25833333,0.01875,0.96875,0.014583334,0.34479168,0.24375,0.15208332,0.37083334,0.6625,0.016666668,0.34166667,0.052083336,0.40208334,0.14791667,0.40625,0.24791665,0.13125001,0.3854167,0.2375,0.36666667,0.23541667,0.24166666,0.79375,0.7208333,0.33749998,0.079166666,0.16666667,0.99583334,0.16458333,0.108333334,0.045833334,0.34375,0.6791667,0.17500001,0.058333334,0.20625,0.047916666,0.08958333,0.19583334,0.76250005,0.020833334,0.35,0.24375,0.21666667,0.23958334,0.20208333,0.09791666,0.45625,0.14166667,0.025,0.12291667,0.052083336,0.2875,0.2,0.21458334,0.98125,0.19583333,0.175,0.24583334,0.06041667,0.24583334,0.0125,0.07083333,0.05,0.29375,0.8333334,0.13125,0.6875,0.27083334,0.033333335,0.12083333,0.15,0.09791666,0.70000005,0.047916666,0.38958335,0.39166665,0.26458332,0.4479167,0.3375,0.21458334,0.0125
BC2026_Train_0003_S08_20250607_070007_10,0.8958334,0.89374995,0.7791667,0.03125,0.0125,0.73749995,0.22708334,0.43333334,0.40208334,0.16041666,0.51666665,0.25833333,0.060416665,0.15416667,0.70416665,0.13958333,0.2125,0.27708334,0.22916667,0.74375,0.05,0.15,0.28958333,0.05625,0.43333334,0.39375,0.15208334,0.041666668,0.49791664,0.34583333,0.490625,0.33749998,0.95,0.15208334,0.4625,0.39166668,0.61249995,0.98541665,0.6270833,0.86875,0.9979167,0.57708335,0.33333334,0.40416664,0.8666667,0.8666667,0.99583334,0.9479166,0.99375,0.9875,0.42708334,0.4166667,0.42708334,0.34791666,0.8854166,0.86041665,0.18124999,0.027083334,0.25208333,0.12083334,0.039583337,0.3333333,0.06666667,0.15833333,0.072916664,0.15833333,0.6666667,0.54375,0.93333334,0.76145834,0.16250001,0.2625,0.28125,0.28541666,0.43958336,0.18333334,0.31458333,0.38541666,0.25416666,0.9,0.59791666,0.5572916,0.55833334,0.09583333,0.71458334,0.57916665,0.008333334,0.2125,0.10208333,0.25833333,0.0375,0.11458333,0.46458334,0.6958333,0.37291667,0.3875,0.71458334,0.99583334,0.15208334,0.54375,0.54791665,0.5375,0.46458334,0.0375,0.077083334,0.66041666,0.03125,0.31041667,0.31875,0.22916666,0.18958333,0.19166668,0.029166667,0.27916667,0.27916667,0.39166665,0.25833333,0.6770834,0.19375,0.375,0.9583333,0.3020833,0.17708333,0.425,0.36041668,0.41041666,0.5854167,0.2375,0.1625,0.3958333,0.6229167,0.22291666,0.6625,0.81875,0.625,0.30416667,0.6979167,0.04375,0.23125,0.30625,0.10208333,0.73541665,0.25625,0.20208333,0.42083332,0.09166667,0.27708334,0.54791665,0.73541665,0.7708334,0.38333333,0.06458333,0.26875,0.01875,0.91875005,0.014583333,0.35208333,0.27708334,0.18958335,0.6,0.55833334,0.18958333,0.71875,0.12083334,0.46249998,0.11458333,0.5854167,0.15625,0.10625,0.5416667,0.5208333,0.39791664,0.32916665,0.32916665,0.7729167,0.4125,0.24791667,0.022916667,0.083333336,0.975,0.3229167,0.1125,0.03541667,0.2375,0.45416668,0.16874999,0.18541667,0.30625,0.0375,0.114583336,0.26458335,0.98541665,0.18333334,0.43333334,0.21666667,0.19166668,0.35833335,0.23125,0.125,0.91041666,0.21666667,0.23333333,0.19375,0.2916667,0.20416668,0.3166667,0.29375,0.6354167,0.20416667,0.19375,0.19583334,0.022916667,0.28958333,0.008333334,0.09375,0.016666668,0.29999998,0.74375,0.06666666,0.5833333,0.23020834,0.029166667,0.42083335,0.35208333,0.1375,0.67083335,0.058333334,0.28541666,0.5520833,0.32500002,0.67083335,0.48125,0.32083333,0.033333335
BC2026_Train_0003_S08_20250607_070007_15,0.90625,0.8375,0.82916665,0.014583334,0.075,0.9354167,0.21666667,0.6145833,0.5833333,0.3229167,0.5395833,0.4375,0.14166667,0.7708333,0.9916667,0.22916666,0.29583332,0.46041667,0.375,0.88958335,0.29791665,0.2125,0.67499995,0.09375,0.45416665,0.575,0.29583332,0.0875,0.53541666,0.45625,0.5104167,0.38125002,0.91875,0.19583334,0.55833334,0.39375,0.6166667,0.9770833,0.67291665,0.9041667,0.975,0.6979166,0.39375,0.4270833,0.85833335,0.85833335,0.97291666,0.9125,0.9875,0.98125005,0.5125,0.46458334,0.5104167,0.39166665,0.875,0.9625,0.16041666,0.054166667,0.37291667,0.16666667,0.20625001,0.4625,0.06041667,0.17708334,0.10416667,0.25208333,0.77708334,0.6770834,0.9375,0.8645834,0.28125,0.43541667,0.24166667,0.5125,0.58125,0.06458333,0.31041667,0.45208335,0.098958336,0.8833333,0.69166666,0.71875,0.7479167,0.039583333,0.91875,0.88125,0.014583334,0.28958333,0.072916664,0.40208334,0.2625,0.10208334,0.60625,0.7083333,0.6479167,0.77708334,0.9020833,0.9875,0.41875,0.77708334,0.51666665,0.76458335,0.59791666,0.2125,0.08125,0.7895833,0.027083334,0.40416667,0.5208334,0.108333334,0.23125,0.14791667,0.010416667,0.23541667,0.32916668,0.45,0.32500002,0.8666667,0.30625,0.5333333,0.9354167,0.35208333,0.13541667,0.5520833,0.58958334,0.53541666,0.71458334,0.25,0.110416666,0.44583333,0.76250005,0.3645833,0.56666666,0.9291667,0.65625,0.4270833,0.9375,0.0375,0.22291668,0.5520834,0.15625,0.7854167,0.3645833,0.17916666,0.53125,0.1375,0.19583334,0.81875,0.76666665,0.96875,0.475,0.32083333,0.41458333,0.01875,0.9166666,0.010416667,0.23958333,0.3125,0.3875,0.775,0.58125,0.15416667,0.84791666,0.17083333,0.4375,0.28541666,0.71875,0.42708334,0.075,0.575,0.85,0.65208334,0.2125,0.20208333,0.82916665,0.28125,0.41875,0.052083336,0.16458333,0.975,0.5104166,0.16875,0.15833333,0.24791667,0.6541667,0.29999998,0.19791667,0.15625,0.03125,0.0875,0.38125002,1.0,0.36458334,0.48125,0.20208332,0.3541667,0.3625,0.18958335,0.10208334,0.9895834,0.09791666,0.28333333,0.34583333,0.34583333,0.19791667,0.47083333,0.56666666,0.47083333,0.29583335,0.31041667,0.08125,0.045833334,0.33958334,0.008333334,0.112500004,0.03125,0.2875,0.47500002,0.12291667,0.76458335,0.26666665,0.029166667,0.64166665,0.7270833,0.22291666,0.67291665,0.14791667,0.43333334,0.78125,0.3875,0.875,0.41041666,0.5208334,0.01875
BC2026_Train_0003_S08_20250607_070007_20,0.98125,0.95,0.95,0.029166667,0.09583333,0.67083335,0.24583334,0.38125002,0.41458333,0.09583333,0.29791665,0.71666664,0.03125,0.82916665,0.88958335,0.20416667,0.36666667,0.5416667,0.3229167,0.93125,0.1125,0.23124999,0.48749998,0.09791667,0.6541667,0.44375,0.45833334,0.21041667,0.76666665,0.3,0.559375,0.5416667,0.91875005,0.39375,0.66041666,0.55,0.5604167,0.9916667,0.68125,0.7791667,0.9895834,0.7239584,0.4583333,0.52708334,0.88125,0.87916666,0.99375,0.9291667,0.99375,0.99375,0.5645833,0.5375,0.54791665,0.5104166,0.8875,0.67083335,0.20208333,0.23124999,0.34791666,0.1875,0.106249996,0.35208333,0.14791666,0.2125,0.14375,0.125,0.6583333,0.7520833,0.9166666,0.75625,0.40208334,0.37708333,0.35833335,0.43958333,0.8229166,0.20208333,0.4125,0.5395833,0.19999999,0.8520833,0.4375,0.6645833,0.5395833,0.10208333,0.7625,0.50208336,0.05625,0.4125,0.17916667,0.41875,0.14166667,0.8104167,0.5395833,0.7291667,0.34166667,0.31666666,0.5854167,0.9645833,0.75208336,0.77708334,0.47708333,0.5625,0.83125,0.12083334,0.13333334,0.6125,0.15833333,0.3875,0.51875,0.18541667,0.6541667,0.16458334,0.28958336,0.32916665,0.29999998,0.62083334,0.15833333,0.7375,0.19166666,0.76874995,0.9770833,0.50416666,0.32291666,0.66875,0.5958333,0.61875,0.47916666,0.43541667,0.265625,0.56666666,0.89375,0.58124995,0.5625,0.8729167,0.3875,0.3958333,0.92291665,0.029166669,0.22708333,0.23333332,0.108333334,0.825,0.46875,0.37916666,0.39374998,0.21875,0.24583334,0.5416666,0.6041667,0.8145833,0.43541667,0.5520833,0.42083335,0.1,0.98541665,0.14583333,0.33749998,0.54791665,0.38125,0.61875,0.625,0.14791667,0.6125,0.2,0.51666665,0.325,0.5625,0.41249996,0.19791666,0.33958334,0.47708333,0.7875,0.37291667,0.3229167,0.7895833,0.6270833,0.35416666,0.09166667,0.3229167,0.9458333,0.33958334,0.26458332,0.21458334,0.525,0.8166667,0.49583334,0.15,0.41875,0.09375,0.09791667,0.4083333,0.9291667,0.27083334,0.6354166,0.43958336,0.47291666,0.48333332,0.24166666,0.08958333,0.8645834,0.17500001,0.15625,0.56041664,0.18541667,0.32291666,0.44583333,0.54999995,0.9479167,0.2875,0.6479167,0.42916667,0.34166667,0.8333334,0.054166667,0.07083333,0.025000002,0.40833333,0.3,0.12291667,0.6875,0.46041667,0.0375,0.35208333,0.41666666,0.28541666,0.6145834,0.08958334,0.34583333,0.76875,0.5104167,0.6916667,0.5520833,0.41041666,0.039583333
BC2026_Train_0003_S08_20250607_070007_25,0.9875,0.9770833,0.9979167,0.06666667,0.35,0.78125,0.40208334,0.35416666,0.49375,0.16041666,0.3854167,0.9625,0.19583333,0.9125,0.9875,0.37083334,0.62083334,0.5958333,0.28958333,0.86875,0.40416667,0.275,0.43958336,0.24583332,0.6770833,0.20625,0.49166667,0.69166666,0.9916667,0.24166667,0.56875,0.8020834,0.89375,0.75416666,0.86249995,0.8354167,0.53541666,0.9708333,0.71875,0.71458334,0.9791667,0.73541665,0.54791665,0.76458335,0.89374995,0.89374995,0.98333335,0.9125,0.97083336,0.9791667,0.6645833,0.6458334,0.63958335,0.65,0.87916666,0.6333333,0.31875,0.37083334,0.71875,0.1875,0.275,0.47500002,0.30416667,0.37083334,0.23958334,0.25,0.6020833,0.8770833,0.9583334,0.79791665,0.6125,0.63125,0.6,0.86875,0.99583334,0.61249995,0.5125,0.91041666,0.25625,0.8208333,0.4979167,0.76874995,0.73541665,0.23958334,0.79791665,0.49791667,0.21666667,0.4083333,0.49166667,0.68333334,0.108333334,0.91041666,0.67499995,0.9166666,0.5666667,0.29583335,0.76666665,0.9375,0.78125,0.9395833,0.46458334,0.7270833,0.86041665,0.20208333,0.25208333,0.86875,0.50416666,0.7395833,0.67083335,0.35208333,0.90208334,0.40833333,0.14166667,0.4875,0.48541665,0.81666666,0.33541667,0.8833333,0.34583333,0.95208335,0.94166666,0.91875,0.5520834,0.79375,0.73749995,0.8541667,0.77708334,0.8833333,0.46041667,0.7270833,0.98125005,0.7791667,0.7395834,0.8645833,0.46666667,0.61041665,0.73125005,0.06875,0.55625,0.09166667,0.31041667,0.90208334,0.6958333,0.6354166,0.47083336,0.49166667,0.28750002,0.8208333,0.5916667,0.8833333,0.6229167,0.6895833,0.6125,0.18333334,0.9625,0.39166665,0.7375,0.80625,0.6166667,0.69166666,0.6666666,0.47708333,0.6,0.18333334,0.84375,0.54375,0.81875,0.46458334,0.42916667,0.35625,0.70625,0.93333334,0.71875,0.17083333,0.7583333,0.925,0.63958335,0.25625,0.6458333,0.94166666,0.34166667,0.56666666,0.5541667,0.8229167,0.8770833,0.65625,0.4895833,0.44583333,0.25625,0.3333333,0.73541665,0.7604166,0.55,0.87083334,0.6333333,0.6854167,0.74583334,0.38125,0.4583333,0.8875,0.34791666,0.23333332,0.84375,0.2875,0.61041665,0.7208333,0.53541666,0.97291666,0.5375,0.7604166,0.6958333,0.56875,0.9,0.26458332,0.11666667,0.12291667,0.75416666,0.4375,0.23541667,0.76458335,0.85,0.21041667,0.46041667,0.61875,0.50416666,0.61875,0.325,0.5,0.9479166,0.72291666,0.79791665,0.78125,0.63958335,0.10625
BC2026_Train_0003_S08_20250607_070007_30,0.9604167,0.9479166,0.96666664,0.125,0.50416666,0.88125,0.62916666,0.48541668,0.3645833,0.15625,0.41041666,0.77708334,0.3375,0.98333335,1.0,0.54791665,0.72291666,0.6875,0.39166665,0.92083335,0.57916665,0.34791666,0.6875,0.30208334,0.76458335,0.5916667,0.47916666,0.51874995,0.96458334,0.20208333,0.6166667,0.7520833,0.87916666,0.6895833,0.7395834,0.7833333,0.60833335,0.975,0.70624995,0.75416666,0.9729167,0.7083333,0.5520833,0.70625,0.89166665,0.89166665,0.95000005,0.8854167,0.9604167,0.9770833,0.6854167,0.66875,0.65208334,0.63958335,0.87083334,0.9,0.37916666,0.24791667,0.7791667,0.4875,0.41041666,0.7104167,0.61041665,0.45625,0.30416667,0.33541667,0.68125,0.8854166,0.9708333,0.86041665,0.6625,0.70416665,0.775,0.975,0.9666667,0.84791666,0.5416666,0.9895834,0.30833334,0.8875,0.6270833,0.7520833,0.93333334,0.17708334,0.775,0.48125,0.38333333,0.36874998,0.5083333,0.8145833,0.19166666,0.73333335,0.7604166,0.9604167,0.46666667,0.503125,0.93125,0.9270834,0.9625,0.95625,0.52708334,0.80625,0.8645834,0.15416667,0.3020833,0.95416665,0.5708333,0.91041666,0.6770834,0.44374996,0.80625,0.7916666,0.29583335,0.60625,0.72291666,0.74375,0.54375,0.92083335,0.65208334,0.9791667,0.9270834,1.0,0.57708335,0.80625,0.60625005,0.88750005,0.9479166,0.9625,0.4791667,0.875,0.96458334,0.8770833,0.7770833,0.8854166,0.44375,0.8208333,0.63125,0.10625,0.8333333,0.17708333,0.42083332,0.95208335,0.88958335,0.80625,0.40625,0.49791664,0.27916667,0.9604167,0.73749995,0.9104167,0.7583333,0.7729167,0.71458334,0.48958334,0.9791666,0.49791667,0.87916666,0.7916666,0.71875,0.7583333,0.7791667,0.57916665,0.7729167,0.34791666,0.94375,0.49166667,0.90208334,0.58125,0.60625,0.325,0.91041666,0.98125005,0.67083335,0.24166667,0.8333333,0.6791667,0.76875,0.25208333,0.6895833,0.9375,0.3697917,0.7125,0.55833334,0.74583334,0.95416665,0.75416666,0.6479167,0.4708333,0.17291667,0.48958334,0.94166666,0.70625,0.8541666,0.94166666,0.71875,0.8125,0.82916665,0.34791666,0.58958334,0.9166667,0.29583335,0.18958333,0.85,0.32083333,0.77708334,0.71875,0.6041666,0.9770833,0.66041666,0.6458334,0.7208333,0.51874995,0.8979167,0.38333336,0.18125,0.26666665,0.96875,0.48958334,0.22500001,0.78125,0.96458334,0.32083333,0.24791667,0.71458334,0.625,0.6770834,0.31458333,0.5833334,0.99583334,0.7875,0.8979167,0.8333334,0.68125,0.23333333
BC2026_Train_0003_S08_20250607_070007_35,0.9583334,0.92291665,0.8354167,0.06666666,0.22083333,0.9479166,0.26458335,0.21875,0.3125,0.110416666,0.28125,0.6604167,0.125,0.975,0.96458334,0.38125002,0.56666666,0.61875,0.40416667,0.9770833,0.2,0.23958334,0.25,0.16666666,0.56875,0.16041666,0.25416666,0.45208335,0.8145833,0.052083336,0.63958335,0.6145833,0.93125,0.53333336,0.50625,0.74583334,0.6020833,0.9895834,0.775,0.8333334,0.99375,0.7895833,0.49375,0.57916665,0.88125,0.8833333,0.98333335,0.93125,0.9770833,0.98541665,0.6041667,0.6,0.5729167,0.6875,0.8666667,0.75625,0.31666666,0.079166666,0.625,0.37708333,0.13541667,0.37708333,0.375,0.31666666,0.22083333,0.19166666,0.8354167,0.89166665,0.9041667,0.75625,0.44166666,0.49270833,0.6645833,0.73749995,0.725,0.5854167,0.38125,0.8354167,0.475,0.98541665,0.44375002,0.6979166,0.7166667,0.099999994,0.875,0.21875,0.17916666,0.33125,0.44583333,0.62291664,0.34166667,0.37916666,0.38333333,0.8020834,0.30208334,0.20833334,0.7291666,0.97291666,0.8854167,0.80833334,0.52708334,0.53333336,0.7416667,0.1125,0.24583334,0.8645834,0.45,0.57708335,0.4895833,0.34166667,0.6895833,0.6875,0.18541667,0.56458336,0.47916666,0.6125,0.2916667,0.7916667,0.4895833,0.95,0.9395833,0.9708333,0.45416665,0.5708333,0.78125,0.76458335,0.85833335,0.8875,0.5395833,0.9645833,0.7583333,0.525,0.7270833,0.87083334,0.31458333,0.5520833,0.57916665,0.029166667,0.5541667,0.3333333,0.17708333,0.8979167,0.8125,0.45625,0.1625,0.3697917,0.32083333,0.71875,0.5395833,0.7270833,0.5625,0.6645833,0.41666666,0.45208335,0.9166666,0.19583334,0.625,0.45000002,0.5645833,0.47708333,0.65208334,0.54583335,0.73333335,0.14791667,0.8666667,0.3125,0.86249995,0.26875,0.4625,0.20416668,0.71458334,0.89374995,0.6270833,0.40208334,0.83125,0.75,0.5708333,0.16666666,0.425,0.9479166,0.3125,0.41875,0.38541666,0.41875,0.86875,0.55,0.42916667,0.5416666,0.19166668,0.5760417,0.9791667,0.5416667,0.5375,0.91875,0.46875,0.6229167,0.6895833,0.26666668,0.325,0.7625,0.58958334,0.12083334,0.62083334,0.38958335,0.5208333,0.325,0.4,0.6583333,0.46458334,0.54583335,0.64166665,0.5104167,0.6333333,0.16041666,0.14375001,0.5395833,0.6958333,0.26875,0.13958333,0.49791667,0.8541666,0.17291667,0.31458333,0.43333334,0.37916666,0.6583333,0.12916666,0.44375002,0.8666667,0.50208336,0.81875,0.625,0.46458334,0.09791667
BC2026_Train_0003_S08_20250607_070007_40,0.96458334,0.85833335,0.8666667,0.027083334,0.28333333,0.9916667,0.29166666,0.43020833,0.40625,0.28541666,0.39791667,0.42083335,0.16666666,1.0,0.99583334,0.41458333,0.5645833,0.84791666,0.41875,0.99375,0.2708333,0.29375,0.525,0.2,0.4979167,0.6458334,0.16666666,0.62083334,0.86041665,0.12083334,0.6604167,0.6145833,0.90208334,0.45000002,0.60625,0.6625,0.61041665,0.9791667,0.77708334,0.8208333,0.9729167,0.76666665,0.4625,0.59375,0.8729167,0.8729167,0.9395833,0.88958335,0.99375,0.9666667,0.56666666,0.54791665,0.52708334,0.68333334,0.8833333,0.9395833,0.3958333,0.14791666,0.8104167,0.6479167,0.22083333,0.38125002,0.17916667,0.30416667,0.24166666,0.34375,0.9770833,0.98541665,0.8458333,0.76874995,0.51666665,0.5729167,0.7916667,0.8416667,0.5333333,0.56666666,0.42916667,0.8208333,0.44375,1.0,0.64166665,0.8041667,0.6625,0.21458334,0.99583334,0.15208334,0.1625,0.47291666,0.5625,0.7270833,0.875,0.22708333,0.71875,0.61249995,0.49166667,0.5104166,0.90208334,0.9583333,0.8833333,0.95625,0.57500005,0.71458334,0.6875,0.15208334,0.18958333,0.9583334,0.31875,0.57708335,0.65208334,0.21458334,0.95,0.5604167,0.125,0.37083334,0.54583335,0.7520833,0.28333333,0.8145833,0.36666667,0.95625,0.98125005,0.83125,0.36666667,0.69375,0.93333334,0.91875005,0.9145833,0.61875,0.5229167,0.9395833,0.69166666,0.73333335,0.7270833,0.8458333,0.55,0.70416665,0.6666666,0.05,0.43541664,0.24166667,0.36874998,0.9604167,0.63645834,0.7583333,0.3625,0.54583335,0.425,0.6791667,0.70208335,0.9291667,0.64166665,0.8020834,0.42291665,0.25,0.65208334,0.2625,0.7291666,0.47083333,0.6166667,0.70208335,0.71875,0.71458334,0.93333334,0.15833333,0.9583333,0.4166667,0.80833334,0.46875,0.584375,0.34583333,0.74375,0.92499995,0.53541666,0.3625,0.82708335,0.92083335,0.6645833,0.13541667,0.48125,0.9791666,0.36875,0.3625,0.5208334,0.49166667,0.7729167,0.65625,0.46666667,0.4625,0.14791667,0.46458334,0.83958334,0.82708335,0.6020833,0.94375,0.42916667,0.6958333,0.7875,0.3,0.39791667,0.7895833,0.31041664,0.30416667,0.5916667,0.54791665,0.28333333,0.5625,0.76666665,0.38958335,0.45833334,0.8645834,0.5645833,0.66041666,0.68333334,0.18958333,0.1375,0.5958333,0.525,0.33541667,0.17291667,0.6333333,0.5541667,0.21458334,0.43541667,0.5395833,0.5083333,0.625,0.16458333,0.59791666,0.9354167,0.69166666,0.9145833,0.6666666,0.71875,0.079166666
BC2026_Train_0003_S08_20250607_070007_45,0.9166666,0.85625005,0.8666667,0.04375,0.4625,0.98125005,0.28125,0.63958335,0.49375,0.42916667,0.5958333,0.6333333,0.18333334,0.9791667,0.95,0.40416667,0.54375,0.76458335,0.42916667,0.99375,0.3125,0.4479167,0.6583333,0.3375,0.5604167,0.3625,0.36875,0.22916666,0.7916666,0.26874998,0.61041665,0.5708333,0.9291667,0.46458334,0.67083335,0.60833335,0.66875,0.98333335,0.74375,0.89166665,0.97291666,0.73333335,0.51875,0.5520833,0.85833335,0.85833335,0.9416667,0.90208334,0.98125005,0.9770833,0.59791666,0.57916665,0.5875,0.6625,0.86041665,0.98125005,0.29583332,0.12916666,0.70416665,0.42083335,0.3020833,0.5625,0.19166666,0.38333333,0.29791668,0.38958335,0.8020834,0.95416665,0.8979167,0.75625,0.5375,0.61875,0.73125,0.7270833,0.6625,0.27916667,0.54583335,0.9291667,0.20625,0.975,0.7875,0.93333334,0.8354167,0.19791667,0.95625,0.21875,0.22291666,0.56875,0.57708335,0.80833334,0.40208334,0.06666667,0.92291665,0.75,0.7104167,0.7583333,0.9333333,0.9875,0.7770833,0.9,0.6583333,0.8854166,0.65,0.37916666,0.19375,0.95,0.46041667,0.6041666,0.78541666,0.31458333,0.88750005,0.30416667,0.0875,0.375,0.6229167,0.6229167,0.49166667,0.8229167,0.48958334,0.92291665,0.9979167,0.7583333,0.46041667,0.73541665,0.86249995,0.875,0.875,0.5229167,0.54375,0.6770834,0.70208335,0.9083333,0.87083334,0.8416667,0.90625,0.70416665,0.67083335,0.10208333,0.33125,0.4375,0.31458333,0.96458334,0.6041666,0.6041667,0.54583335,0.5875,0.51458335,0.83125,0.8020834,0.92083335,0.83958334,0.65208334,0.71458334,0.11666667,0.82500005,0.18125,0.81875,0.58958334,0.50625,0.7520833,0.70416665,0.59999996,0.8729167,0.31666666,0.9791667,0.33958334,0.72291666,0.63125,0.39791667,0.67499995,0.7916667,0.8979167,0.37916666,0.41666666,0.91875005,0.9666667,0.75,0.1625,0.53541666,0.99375,0.47500002,0.40625,0.54479164,0.60833335,0.9583333,0.62916666,0.525,0.45,0.18333334,0.15625,0.76666665,0.98541665,0.5520834,0.9125,0.50416666,0.76666665,0.8208333,0.275,0.57708335,0.84791666,0.23958333,0.6770834,0.675,0.52812505,0.46875,0.76458335,0.7,0.2875,0.46875,0.42291665,0.45,0.49791664,0.64166665,0.32083333,0.19166666,0.17916667,0.49374998,0.47708333,0.25833333,0.8354167,0.42291665,0.23333333,0.69166666,0.79791665,0.37083334,0.74583334,0.11458333,0.62083334,0.9791667,0.7270833,0.9395833,0.68125,0.70208335,0.047916666
BC2026_Train_0003_S08_20250607_070007_50,0.87916666,0.81666666,0.94166666,0.054166667,0.75416666,0.9583334,0.5104166,0.88958335,0.6541667,0.43958333,0.6291667,0.81666666,0.31666666,0.96666664,0.97291666,0.5416666,0.5416667,0.70625,0.64375,0.9895834,0.5104167,0.6979166,0.79583335,0.6145834,0.7,0.57500005,0.54791665,0.12708333,0.6979166,0.33958334,0.52708334,0.58125,0.90208334,0.46458334,0.7104167,0.5416667,0.76666665,0.9604167,0.6958333,0.9,0.9583333,0.70416665,0.63958335,0.5541667,0.8666667,0.8666667,0.89375,0.89374995,0.9645833,0.9625,0.6458334,0.63125,0.64166665,0.6375,0.84791666,0.9916667,0.32916665,0.2604167,0.7125,0.39375,0.42083335,0.63958335,0.23333333,0.45208335,0.38541666,0.66875005,0.7833333,0.84375,0.96875,0.775,0.6145833,0.70208335,0.61875,0.6375,0.875,0.30416667,0.6333333,0.86041665,0.21041666,0.9583334,0.8520833,0.9104167,0.9125,0.24791667,0.9333333,0.62916666,0.26250002,0.49166667,0.525,0.7604167,0.12916666,0.34583333,0.9104167,0.8729167,0.7895833,0.6479167,0.98541665,1.0,0.6979166,0.8375,0.70208335,0.89374995,0.6229167,0.24375,0.25625,0.8333334,0.3645833,0.6854167,0.8520833,0.35208333,0.47291666,0.2708333,0.12708333,0.30625,0.7729167,0.58124995,0.45833334,0.92291665,0.5447917,0.8625,0.9979167,0.66875005,0.41875,0.7,0.5583333,0.7916666,0.79375,0.5104167,0.5083333,0.575,0.7895833,0.8958334,0.81875,0.79583335,0.95625,0.84375,0.69166666,0.22083333,0.44375002,0.51458335,0.11458333,0.9708333,0.60833335,0.56041664,0.5208333,0.49583334,0.7520833,0.8854167,0.8520833,0.95000005,0.85,0.6895833,0.8958334,0.2875,0.9125,0.18124999,0.79375,0.6270833,0.61875,0.9583333,0.76458335,0.59375,0.9666667,0.5604167,0.9145833,0.60625,0.8020834,0.7395834,0.38958335,0.84375,0.8770833,0.9041667,0.34791666,0.3625,0.92083335,0.8,0.74375,0.20625,0.59791666,0.9770833,0.59375,0.46458334,0.47291666,0.66041666,0.94375,0.68333334,0.5375,0.39375,0.3229167,0.15833333,0.76458335,0.99583334,0.7833333,0.90208334,0.48125,0.659375,0.625,0.24791667,0.41458333,0.95625,0.22708333,0.5708333,0.5708333,0.54375,0.9166667,0.7208333,0.5875,0.35625,0.5052084,0.36041668,0.47500002,0.27291667,0.5333333,0.43124998,0.24583334,0.025,0.5645833,0.690625,0.5729166,0.925,0.5604167,0.28958333,0.73749995,0.85,0.54791665,0.925,0.23125,0.6479167,0.94166666,0.76458335,0.98333335,0.7083334,0.8208333,0.058333334
BC2026_Train_0003_S08_20250607_070007_55,0.89166665,0.86041665,0.9395833,0.056250002,0.8541667,0.8958333,0.3875,0.93125,0.56041664,0.25833333,0.47916666,0.66041666,0.25208333,0.90625,0.9375,0.5854167,0.6166667,0.5708333,0.57708335,0.96458334,0.42291665,0.5875,0.8145833,0.39999998,0.7208333,0.40416667,0.51666665,0.20625001,0.86041665,0.23333333,0.5489583,0.6895833,0.89166665,0.43333334,0.6229167,0.6666666,0.69166666,0.95416665,0.63958335,0.89375,0.95416665,0.6770833,0.4895833,0.6354167,0.8958333,0.8958333,0.9104167,0.8833333,0.95416665,0.95416665,0.5729166,0.5375,0.5541667,0.5541667,0.8625,0.91041666,0.42708334,0.30208334,0.76666665,0.50416666,0.19791667,0.51666665,0.27083334,0.48333335,0.32916665,0.39375,0.6666667,0.8354167,0.9583333,0.78125,0.58020836,0.7479167,0.79375,0.78541666,0.89166665,0.4708333,0.63125,0.95416665,0.33125,0.95,0.70416665,0.7708333,0.78125,0.2708333,0.8645833,0.9,0.31666666,0.28541666,0.46458334,0.8625,0.15,0.61875,0.7395834,0.7916667,0.8541666,0.78541666,0.9395833,0.9729167,0.79791665,0.8541666,0.66041666,0.9479166,0.80625,0.19583333,0.24583334,0.7729167,0.46875,0.7208333,0.6895833,0.62291664,0.775,0.23333332,0.22083333,0.41250002,0.8333333,0.73333335,0.40416664,0.91875,0.51875,0.96875,0.9895834,0.8416667,0.73541665,0.76875,0.61041665,0.85,0.8416667,0.64375,0.42291665,0.70416665,0.7583333,0.8854166,0.7708333,0.82916665,0.94166666,0.8375,0.75416666,0.325,0.6541667,0.33333334,0.29375,0.9583334,0.6333333,0.7833333,0.37916666,0.57916665,0.9708333,0.68125,0.6979166,0.9791667,0.78541666,0.79375005,0.60833335,0.68333334,0.9625,0.41458333,0.9125,0.85625005,0.56875,0.9875,0.79583335,0.9270833,0.8666667,0.875,0.88125,0.72291666,0.84375,0.68333334,0.48333332,0.6041666,0.7083334,0.90208334,0.5729167,0.53541666,0.9479166,0.8458333,0.71458334,0.37708333,0.59375,0.9645833,0.6166667,0.5,0.50208336,0.62083334,0.9604167,0.61041665,0.28125,0.6145834,0.49583334,0.1625,0.6854167,0.8833333,0.86875,0.87291664,0.66041666,0.7625,0.6041667,0.3625,0.60833335,0.94375,0.49166667,0.5916667,0.5541667,0.5958333,0.98125,0.78541666,0.5416667,0.71875,0.515625,0.31666666,0.73749995,0.41458333,0.5854167,0.62291664,0.16041666,0.13541666,0.6791667,0.66249996,0.79375,0.93125,0.76458335,0.34375,0.6166667,0.7125,0.6479167,0.86875,0.36666667,0.82916665,0.91875005,0.82708335,0.9125,0.86041665,0.65625,0.14791667
BC2026_Train_0003_S08_20250607_070007_60,0.91875,0.8854166,0.88958335,0.03125,0.5875,0.9354167,0.25625,0.85625005,0.38333333,0.108333334,0.22083333,0.43333334,0.09583333,0.875,0.9083333,0.36041665,0.49791664,0.8520833,0.5958333,0.99375,0.2625,0.4791667,0.4875,0.19791667,0.54583335,0.125,0.31666666,0.22708333,0.93333334,0.22083333,0.55,0.75625,0.9354167,0.33958334,0.59375,0.66041666,0.6895833,0.96458334,0.6541667,0.91041666,0.9645833,0.6979167,0.43125,0.73749995,0.89374995,0.89374995,0.98125005,0.89375,0.9791667,0.9625,0.5520833,0.5125,0.5375,0.53125,0.8979167,0.8375,0.28125,0.15416667,0.7520833,0.45625,0.15208334,0.2375,0.19166666,0.33125,0.23541668,0.40833333,0.7416667,0.93125,0.92291665,0.8416667,0.47083336,0.5,0.62083334,0.5625,0.6625,0.30625,0.55,0.8375,0.23958333,0.9770833,0.7229167,0.84375,0.63750005,0.11875,0.9395833,0.5208333,0.15625,0.31458333,0.45625,0.90625,0.48333332,0.48541665,0.76666665,0.5958333,0.79583335,0.5416667,0.91875,0.9875,0.9666667,0.9375,0.6229167,0.79791665,0.8104167,0.029166669,0.14375,0.90416664,0.37708336,0.44479167,0.7583333,0.6458334,0.8229166,0.26666665,0.32083333,0.36874998,0.70000005,0.775,0.4479167,0.7625,0.30833334,0.9895834,0.98333335,0.8625,0.7791667,0.79583335,0.8333333,0.8770833,0.83958334,0.76458335,0.425,0.575,0.7395833,0.9125,0.8229166,0.8375,0.79375,0.76666665,0.8520833,0.12708333,0.43541667,0.14375001,0.14791667,0.98333335,0.59791666,0.77708334,0.30416667,0.5625,0.75625,0.7083333,0.61875,0.95,0.7395833,0.8041667,0.5364584,0.35208333,0.98333335,0.2916667,0.6979167,0.7604166,0.4583333,0.9375,0.8,0.7520833,0.7875,0.38958335,0.93333334,0.67291665,0.8,0.5416667,0.25833333,0.3,0.7416667,0.9083333,0.50416666,0.25833333,0.875,0.7083334,0.7270833,0.17083333,0.6208333,0.9864583,0.28333333,0.46041667,0.61875,0.59375,0.88750005,0.5854167,0.15,0.56458336,0.32083333,0.32083336,0.525,0.7395834,0.7708334,0.9395833,0.525,0.72291666,0.65625,0.24583334,0.5645833,0.82916665,0.28541666,0.28541666,0.5729167,0.5270833,0.95416665,0.8,0.5333333,0.74375,0.3958333,0.48125,0.56875,0.38333333,0.62916666,0.35,0.099999994,0.27499998,0.5125,0.6145834,0.4625,0.8229167,0.5885416,0.22708333,0.5083333,0.5,0.5833334,0.8229167,0.19583333,0.68125,0.9458333,0.8520833,0.8020834,0.8729167,0.678125,0.06458333
BC2026_Train_0004_S08_20250607_070007_5,0.8333334,1.0,0.9770833,0.052083332,0.21666667,0.76666665,0.016666668,0.33125,0.39375,0.039583333,0.07083333,0.9635416,0.32291666,0.71666664,0.74583334,0.13541667,0.20833333,0.4479167,0.18541667,0.88125,0.12291667,0.21145833,0.19999999,0.18958335,0.1875,0.008333334,0.35625,0.27291667,0.9604167,0.09166667,0.73541665,0.75,0.9895834,0.5833333,0.85625,0.8385416,0.76250005,0.79791665,0.93125,0.6979166,0.9166666,0.9583334,0.45625,0.73125005,0.9166667,0.9166667,0.875,1.0,0.9354167,0.86249995,0.5375,0.54583335,0.5125,0.8875,0.76666665,0.18333334,0.2708333,0.025,0.9041667,0.15833333,0.20833333,0.1625,0.65416664,0.09583333,0.15833333,0.14583333,0.6479167,0.35416666,0.62083334,0.5875,0.23541668,0.32916665,0.8229167,0.5958333,0.7208333,0.58125,0.1375,0.8854167,0.28541666,0.7270833,0.8229166,0.71875,0.35,0.47291666,0.8020833,0.4875,0.38333333,0.5572916,0.13125,0.67291665,0.039583333,0.6666667,0.86249995,0.59375,0.21041667,0.29791668,0.54791665,0.90208334,0.7208333,0.8958333,0.56666666,0.825,0.6166667,0.16041666,0.075,0.97291666,0.32916665,0.39791667,0.90625,0.28958333,0.75208336,0.0875,0.6541667,0.44791666,0.32083333,0.66041666,0.35,0.54583335,0.15625,0.9770833,0.82708335,0.8375,0.39375,0.6791667,0.12708333,0.6770834,0.79375005,0.7833333,0.31458333,0.6479167,0.87083334,0.75625,0.52708334,0.9770833,0.9458333,0.5854167,0.5833334,0.23229167,0.6458333,0.3458333,0.23125,0.6625,0.32916668,0.6229167,0.57916665,0.5520833,0.36666667,0.98333335,0.83958334,0.67291665,0.7895833,0.66875,0.30416667,0.3625,0.8125,0.5520833,0.36666667,0.17916667,0.34583333,0.51875,0.69375,0.675,0.39895833,0.24166666,0.6541667,0.0375,0.36874998,0.58125,0.30625,0.8958334,0.86875,0.6041666,0.48541665,0.27916667,0.8125,0.24375,0.5833334,0.37291667,0.47708333,0.7083334,0.56875,0.3541667,0.5333333,0.42083335,0.8020833,0.46875,0.047916666,0.9479166,0.22916666,0.022916667,0.40833333,0.61041665,0.8666667,0.96875,0.57708335,0.35625002,0.7916666,0.24166667,0.44583333,0.45,0.2875,0.23541665,0.7479167,0.50625,0.43541664,0.9479167,0.33749998,0.077083334,0.2375,0.22708334,0.38125002,0.32083333,0.83124995,0.3375,0.0625,0.1625,0.58125,0.49375,0.19791666,0.5729167,0.5208334,0.21458334,0.7104167,0.86875,0.3875,0.88125,0.24583334,0.6166667,0.9125,0.86041665,0.77708334,0.925,0.47083333,0.08958334
BC2026_Train_0004_S08_20250607_070007_10,0.74375,0.9875,0.94375,0.079166666,0.1625,0.52708334,0.016666668,0.13541667,0.38333333,0.03125,0.033333335,0.89166665,0.15208334,0.425,0.35833332,0.12291667,0.11458333,0.48541665,0.18541667,0.8458333,0.1,0.15625,0.09166667,0.08125,0.056250002,0.008333334,0.12916666,0.15208334,0.7708334,0.029166667,0.64166665,0.54375,0.9875,0.425,0.6166667,0.59375,0.73749995,0.8479167,0.92291665,0.82708335,0.8729167,0.93125,0.4270833,0.5854167,0.94166666,0.94166666,0.9333333,0.99583334,0.93333334,0.8854167,0.5104166,0.5375,0.51666665,0.7791667,0.8104167,0.07083333,0.35,0.008333334,0.54375,0.24166667,0.09166667,0.08958334,0.42291665,0.08541667,0.06979167,0.08125,0.5104166,0.17083333,0.66875005,0.5333333,0.20416667,0.18541667,0.5520834,0.6895833,0.53125,0.19375,0.1875,0.70208335,0.3229167,0.8541667,0.8541666,0.75416666,0.30833334,0.25625,0.69166666,0.32708335,0.17291667,0.27708334,0.09583334,0.45624998,0.03125,0.59791666,0.65,0.5729166,0.20625,0.13541667,0.44583333,0.93125,0.45416665,0.80833334,0.575,0.6041666,0.55833334,0.020833334,0.020833334,0.66875005,0.25208333,0.20833333,0.56875,0.19166666,0.62083334,0.06458333,0.75416666,0.4166667,0.30625,0.57916665,0.26666665,0.5833333,0.10416667,0.8833333,0.90833336,0.6,0.20833334,0.6020833,0.033333335,0.68125,0.68333334,0.6479167,0.196875,0.609375,0.8020834,0.69375,0.5,0.94375,0.7708333,0.47083336,0.71458334,0.16666666,0.48541668,0.043750003,0.083333336,0.66041666,0.15104166,0.4875,0.45208335,0.33958334,0.5125,0.74375,0.78125,0.625,0.5875,0.5916667,0.30833334,0.4083333,0.6270833,0.22291666,0.16666666,0.19375,0.17083333,0.47500002,0.6229167,0.5854167,0.48125,0.12916666,0.5208333,0.029166669,0.4895833,0.4,0.29166666,0.7,0.5520833,0.54583335,0.49166667,0.15208334,0.8375,0.1875,0.49791664,0.35833335,0.51666665,0.6854167,0.6770833,0.12291667,0.4583333,0.2875,0.725,0.31666666,0.06458333,0.60625,0.28333333,0.008333334,0.45416665,0.52708334,0.6354166,0.7375,0.4479167,0.33958334,0.5416666,0.17291668,0.25208333,0.62916666,0.17708334,0.17083333,0.35833335,0.2375,0.37916666,0.99375,0.16041666,0.10625,0.15208334,0.12916666,0.2875,0.26875,0.55833334,0.19375,0.029166667,0.22708333,0.32083333,0.42291668,0.13125,0.40208334,0.3541667,0.14583334,0.38541666,0.68333334,0.3854167,0.9083333,0.19999999,0.37291667,0.71458334,0.6229167,0.42916667,0.68333334,0.3333333,0.08125
BC2026_Train_0004_S08_20250607_070007_15,0.70416665,0.97083336,0.8958333,0.1875,0.29166666,0.5125,0.041666668,0.22291666,0.48541665,0.08333333,0.045833334,0.88958335,0.2375,0.375,0.33333334,0.1875,0.16666666,0.5833333,0.1375,0.8354167,0.079166666,0.14375,0.12083334,0.10416667,0.043750003,0.008333334,0.16875,0.0625,0.725,0.020833334,0.6916667,0.54791665,0.9875,0.61875,0.5916667,0.65,0.76458335,0.87083334,0.975,0.7625,0.88750005,0.95416665,0.5229167,0.59791666,0.9479166,0.9479166,0.92499995,0.9875,0.925,0.90208334,0.6125,0.6354166,0.61875,0.8666667,0.7875,0.09583333,0.4125,0.016666668,0.39166668,0.55,0.14375,0.079166666,0.4,0.087500006,0.0625,0.22291666,0.46041664,0.21458334,0.7604166,0.35,0.19583333,0.19062501,0.4875,0.8229166,0.70625,0.0625,0.18125,0.6895833,0.5333333,0.75625,0.7625,0.8145833,0.35833332,0.31041664,0.6645833,0.24374999,0.09583333,0.14166667,0.16041666,0.38958332,0.020833334,0.68125,0.6333333,0.8125,0.2125,0.10208333,0.5104167,0.9291667,0.22500001,0.8145833,0.65208334,0.675,0.8083333,0.047916666,0.125,0.6270833,0.34166667,0.28125,0.28333333,0.20416667,0.6041666,0.16666667,0.7916666,0.34791666,0.20208333,0.56666666,0.29791665,0.76875,0.25,0.5104167,0.9583334,0.6375,0.175,0.57708335,0.052083336,0.7083334,0.64166665,0.6166667,0.23125,0.8229166,0.86041665,0.39374998,0.5916667,0.70416665,0.33541667,0.55,0.8791667,0.14791667,0.5416667,0.07291667,0.06666666,0.6979166,0.19166668,0.54583335,0.47708333,0.49375,0.625,0.65208334,0.8104167,0.5916667,0.7729167,0.65208334,0.28958333,0.54375005,0.6770834,0.23750001,0.42291665,0.14375,0.225,0.575,0.66875,0.55625,0.3020833,0.26458332,0.5291667,0.23541667,0.7416667,0.48125002,0.31041667,0.62083334,0.29375,0.6145833,0.50416666,0.08958334,0.79375,0.71458334,0.66041666,0.31875002,0.58958334,0.5708333,0.8104167,0.12083334,0.54375005,0.22083333,0.9666667,0.3875,0.041666668,0.5729167,0.3125,0.033333335,0.525,0.5083333,0.68333334,0.58124995,0.50625,0.41250002,0.46041667,0.22083333,0.34583333,0.6958333,0.25,0.4,0.39375,0.18541667,0.525,0.9875,0.22708333,0.056250002,0.20833333,0.08541667,0.4,0.41875,0.5104167,0.27916667,0.06458333,0.32916668,0.3,0.5364583,0.083333336,0.32916665,0.30416667,0.27083334,0.17291667,0.63125,0.36041665,0.8729167,0.24166667,0.55833334,0.57916665,0.7291666,0.36666667,0.64166665,0.4625,0.1375
BC2026_Train_0004_S08_20250607_070007_20,0.76874995,0.99583334,0.98125005,0.18958333,0.25833333,0.68125,0.07083333,0.25416666,0.5729167,0.09583334,0.09166667,0.9770833,0.3,0.30833334,0.5104166,0.25208333,0.34791666,0.49166667,0.17916666,0.79791665,0.17708333,0.1625,0.3375,0.18958333,0.08958334,0.027083334,0.34791666,0.23124999,0.9479167,0.10208333,0.71875,0.61875,0.97083336,0.8375,0.8354167,0.9104167,0.73541665,0.9375,0.9479167,0.88125,0.92083335,0.94375,0.5833333,0.6333333,0.94166666,0.94166666,0.92499995,0.98333335,0.9458333,0.9395833,0.65625,0.6625,0.6479167,0.8354167,0.79791665,0.13333334,0.42083335,0.029166669,0.70625,0.22291666,0.10625,0.26874998,0.47708333,0.10208334,0.14166667,0.18125,0.5875,0.33541667,0.73749995,0.7104167,0.28541666,0.25833333,0.6,0.7583333,0.92291665,0.31041667,0.2604167,0.7708333,0.73125,0.7875,0.95625,0.7416667,0.42083335,0.30625,0.8708333,0.46249998,0.325,0.26458332,0.13958333,0.4895833,0.06875,0.9166666,0.8458333,0.9041667,0.20416667,0.14375,0.74375,0.95416665,0.36458334,0.7875,0.6145834,0.6770834,0.63750005,0.072916664,0.06666666,0.92291665,0.24375,0.35833335,0.4270833,0.27291667,0.69166666,0.19583334,0.8979167,0.42083335,0.4354167,0.57916665,0.36874998,0.60833335,0.17500001,0.7291666,0.9395833,0.67083335,0.29583335,0.5916667,0.20833334,0.8041667,0.8354167,0.79583335,0.30625,0.57916665,0.93125,0.48125,0.70208335,0.93333334,0.31041667,0.71458334,0.6979166,0.15833333,0.5604167,0.110416666,0.12708333,0.72291666,0.34791666,0.6958333,0.55833334,0.6458334,0.7395834,0.92083335,0.775,0.825,0.7375,0.70625,0.28541666,0.77708334,0.61041665,0.24583334,0.3854167,0.27083334,0.20416667,0.6770833,0.6541667,0.54583335,0.32916668,0.22291666,0.7104167,0.16666667,0.59375,0.5645833,0.44583333,0.95208335,0.8854166,0.73333335,0.5541667,0.16666667,0.92083335,0.49166667,0.7291667,0.3375,0.75416666,0.72291666,0.9020833,0.1625,0.50208336,0.33125,0.89374995,0.6666666,0.12291667,0.6041667,0.425,0.07083333,0.46875,0.625,0.58125,0.70416665,0.6041666,0.45416665,0.5520833,0.34375,0.5875,0.64374995,0.4166667,0.3020833,0.35208333,0.47083336,0.4875,0.99375,0.36875,0.112500004,0.19791667,0.14375,0.4375,0.43958336,0.62916666,0.40833333,0.0625,0.29166666,0.35416666,0.6895833,0.16041666,0.4583333,0.36666667,0.30416667,0.46041667,0.7583333,0.26666668,0.8145833,0.23541667,0.6166667,0.7083333,0.7833333,0.5020833,0.64375,0.65833336,0.15833333
BC2026_Train_0004_S08_20250607_070007_25,0.8354167,0.98333335,0.9270834,0.14375,0.3,0.81875,0.112500004,0.35625,0.7104167,0.15416667,0.06875,0.93125,0.40625,0.4375,0.7104167,0.32083333,0.33958334,0.58125,0.3333333,0.88125,0.19999999,0.275,0.23333333,0.23124999,0.125,0.03125,0.46875,0.15208334,0.99375,0.15833333,0.75625,0.84375,0.975,0.70625,0.7541667,0.9041667,0.7791667,0.95,0.98333335,0.9291667,0.9458333,0.9875,0.56875,0.8770833,0.90416664,0.90416664,0.9,0.96666664,0.95,0.95,0.6625,0.6458333,0.6333333,0.91041666,0.8125,0.1625,0.44583333,0.052083336,0.73333335,0.21458334,0.17083333,0.65,0.38958335,0.108333334,0.21875,0.34375,0.6479167,0.56874996,0.6979167,0.85833335,0.45416665,0.22083333,0.67499995,0.6979167,0.8854166,0.27291667,0.24791667,0.7520833,0.5708333,0.9354167,0.95416665,0.8041667,0.4791667,0.58125,0.9,0.7791667,0.25416666,0.1625,0.37291667,0.62083334,0.20416668,0.6895833,0.9458333,0.85625,0.2125,0.40625,0.9,0.9666667,0.6166667,0.82708335,0.6645833,0.6770833,0.5395833,0.17291667,0.01875,0.98541665,0.3333333,0.70000005,0.5625,0.27708334,0.76458335,0.28541666,0.6666667,0.30624998,0.41666666,0.5729167,0.37291667,0.703125,0.21041666,0.925,0.95416665,0.8,0.39999998,0.6166667,0.18333334,0.8833333,0.95,0.94375,0.2625,0.5958333,0.91041666,0.62916666,0.82500005,0.9729167,0.4895833,0.7520833,0.7166667,0.083333336,0.60625,0.19999999,0.46875,0.8708333,0.35625,0.7270833,0.6645833,0.6458334,0.7229167,0.9979167,0.7875,0.8375,0.6791667,0.90625,0.25833333,0.6041667,0.59791666,0.24375,0.35625,0.30208334,0.18541667,0.6583333,0.725,0.46041667,0.4625,0.21666667,0.85833335,0.21458334,0.6958333,0.6625,0.32916665,0.9916667,0.98333335,0.8333333,0.50625,0.24791667,0.9708333,0.19791666,0.82708335,0.34166667,0.75625,0.7395834,0.73541665,0.14791667,0.61875,0.27916667,0.725,0.95416665,0.15833333,0.6,0.31041667,0.08125,0.63958335,0.68125,0.7125,0.92083335,0.525,0.40625,0.62083334,0.20833334,0.8520833,0.6541667,0.26875,0.24583334,0.7833333,0.6020833,0.44166666,0.9625,0.34166667,0.15625,0.20833333,0.14166667,0.325,0.425,0.8125,0.48541665,0.05625,0.16458334,0.47083333,0.78541666,0.13125,0.70000005,0.48541665,0.37291667,0.62083334,0.86041665,0.15833333,0.92499995,0.26666668,0.7520833,0.8645834,0.80833334,0.60625,0.9166666,0.6333333,0.11458333
BC2026_Train_0004_S08_20250607_070007_30,0.7291666,0.9666667,0.73333335,0.11666667,0.125,0.48333332,0.077083334,0.14583334,0.45,0.058333334,0.039583333,0.45416668,0.23333332,0.40416667,0.475,0.23750001,0.15833333,0.625,0.20416667,0.8416667,0.09375,0.17291667,0.2708333,0.14375,0.083333336,0.029166669,0.3541667,0.033333335,0.8625,0.072916664,0.74375,0.5729167,0.9875,0.4583333,0.5104166,0.63958335,0.73333335,0.9395833,0.96666664,0.84375,0.93333334,0.9604167,0.41041666,0.5854167,0.9104167,0.9104167,0.89375,0.9729167,0.93333334,0.9395833,0.48125,0.46249998,0.47291666,0.86041665,0.7875,0.079166666,0.46875,0.020833334,0.45833334,0.15625,0.110416666,0.16041666,0.35625,0.074999996,0.10208334,0.25416666,0.48333335,0.28541666,0.7208333,0.73125005,0.23125,0.18333334,0.6625,0.55625,0.75,0.32500002,0.116666675,0.7583333,0.8854167,0.9020833,0.8208333,0.7291667,0.475,0.35,0.72291666,0.64374995,0.34166667,0.19166666,0.2916667,0.56458336,0.054166667,0.53333336,0.78125,0.67083335,0.22916667,0.14791666,0.6770834,0.9458333,0.37291667,0.84791666,0.6583333,0.54375005,0.50416666,0.2375,0.027083334,0.9791666,0.3,0.21666667,0.49791667,0.32916668,0.6541667,0.16666666,0.87083334,0.42708334,0.27291667,0.6020833,0.375,0.7208333,0.28333333,0.9270834,0.9604167,0.82708335,0.29791665,0.55833334,0.09166667,0.76666665,0.84375,0.9604167,0.25625,0.7166667,0.76874995,0.6854167,0.7375,0.9583333,0.32083333,0.56041664,0.77708334,0.25,0.6770833,0.06458333,0.5708333,0.725,0.41875,0.62083334,0.5072917,0.6479167,0.5625,0.9791666,0.6895833,0.8229167,0.5395833,0.7083334,0.2625,0.55833334,0.63958335,0.33958334,0.35833332,0.20208333,0.2604167,0.60833335,0.67083335,0.5208334,0.35833335,0.25208333,0.6333333,0.17708334,0.5416667,0.61875,0.33333334,0.95416665,0.96875,0.7125,0.37083334,0.18333334,0.9083333,0.48125,0.7604166,0.38333333,0.73749995,0.70624995,0.71875,0.1,0.51874995,0.26875,0.7604167,0.73125,0.08958334,0.59791666,0.27708334,0.11666667,0.76875,0.54791665,0.67499995,0.88958335,0.5104166,0.375,0.6,0.20416667,0.49166667,0.6333333,0.35208333,0.125,0.46875,0.34166667,0.4895833,1.0,0.24166667,0.08541667,0.15208334,0.08958334,0.38958332,0.53541666,0.74583334,0.37916666,0.033333335,0.27291667,0.43958333,0.64166665,0.15416667,0.54791665,0.375,0.18958333,0.44583333,0.79375,0.225,0.8854166,0.33125,0.6958333,0.83125,0.6875,0.43333334,0.9395833,0.48958334,0.22708334
BC2026_Train_0004_S08_20250607_070007_35,0.6645833,0.9479166,0.66041666,0.17916666,0.12083333,0.46875,0.052083336,0.14166667,0.46875,0.0375,0.03125,0.50625,0.18333334,0.22083333,0.37708333,0.43333334,0.12291667,0.28958333,0.25625,0.7479167,0.09583333,0.14583334,0.35,0.114583336,0.114583336,0.0375,0.19791667,0.0875,0.7833333,0.047916666,0.79375,0.52708334,1.0,0.425,0.44375,0.5541667,0.70000005,0.84375,0.9791667,0.59791666,0.9375,0.9729167,0.31875,0.5416667,0.925,0.925,0.9,0.98541665,0.91875005,0.8958334,0.38333333,0.40208334,0.39166665,0.94375,0.7708333,0.104166664,0.4666667,0.012500001,0.3,0.26666665,0.114583336,0.0375,0.44375,0.079166666,0.07083333,0.15833333,0.4125,0.09791666,0.68125,0.68333334,0.15833333,0.21458334,0.59375,0.6020833,0.43333334,0.10416667,0.116666675,0.70208335,0.5916667,0.8020833,0.6770833,0.6166667,0.40625,0.27708334,0.7208333,0.46249998,0.27291667,0.13958333,0.15,0.42083335,0.039583333,0.6020833,0.53333336,0.7875,0.21875,0.110416666,0.45,0.94166666,0.21249999,0.6354166,0.57916665,0.65208334,0.55,0.14583334,0.07291667,0.88958335,0.35,0.26875,0.29375,0.27083334,0.6270833,0.118750006,0.66875005,0.50624996,0.25833333,0.61249995,0.40416664,0.6145834,0.11458333,0.73125005,0.9354167,0.76250005,0.25,0.48749998,0.1125,0.5416667,0.7125,0.9041667,0.27291667,0.7479167,0.68125,0.28958333,0.8145833,0.775,0.23333332,0.49166667,0.79791665,0.3125,0.67291665,0.05,0.45625,0.6833333,0.39375,0.62291664,0.23958333,0.5833333,0.46249998,0.7291667,0.7145833,0.33749998,0.60833335,0.5229167,0.47291666,0.4270833,0.67083335,0.44687498,0.36666667,0.20416667,0.27291667,0.66875005,0.6625,0.54999995,0.35625002,0.375,0.43124998,0.18541665,0.45,0.5208333,0.26875,0.6770834,0.79375,0.59166664,0.5604167,0.21041666,0.76250005,0.4125,0.5875,0.34583333,0.7208333,0.7270833,0.6791667,0.24375,0.43541667,0.26874998,0.73749995,0.46458334,0.07291667,0.68125,0.3875,0.38645834,0.6802083,0.48333335,0.43125,0.74583334,0.5875,0.50625,0.5520834,0.25,0.32083333,0.5854167,0.4166667,0.3,0.40416667,0.24583334,0.54583335,0.95625,0.20208333,0.10000001,0.17083333,0.09583333,0.36041665,0.61875,0.59166664,0.25833333,0.0375,0.56875,0.18958333,0.70208335,0.21041667,0.44375002,0.32083333,0.17291667,0.28541666,0.68125,0.26458335,0.7875,0.25416666,0.51875,0.6583333,0.58958334,0.35208333,0.92291665,0.46041667,0.22708334
BC2026_Train_0004_S08_20250607_070007_40,0.76666665,0.93125,0.75,0.110416666,0.275,0.63125,0.047916666,0.12916666,0.43541664,0.054166667,0.039583333,0.6041666,0.25416666,0.29166666,0.575,0.43541664,0.27708334,0.34583333,0.18125,0.7083334,0.13541667,0.13749999,0.27916667,0.15625,0.175,0.047916666,0.27083334,0.24583334,0.9395833,0.035416666,0.7395833,0.63750005,0.9645833,0.51458335,0.49583334,0.66041666,0.70000005,0.8958334,0.98333335,0.57708335,0.925,0.9708333,0.325,0.63750005,0.9145833,0.9145833,0.87083334,0.9666667,0.92083335,0.8979167,0.41458333,0.41666666,0.40208334,0.88125,0.77708334,0.2,0.51666665,0.035416666,0.4979167,0.23124999,0.12708333,0.054166667,0.49583334,0.09375,0.16458333,0.22916666,0.6125,0.15625,0.875,0.65,0.29583335,0.23749998,0.61875,0.8416667,0.4583333,0.19583333,0.20625001,0.7375,0.5229167,0.76874995,0.84791666,0.775,0.37708333,0.3875,0.82500005,0.27291667,0.32916665,0.14375,0.32916668,0.49166667,0.0375,0.64166665,0.7125,0.8645833,0.14166667,0.12708333,0.5854167,0.90625,0.33333334,0.70624995,0.5625,0.7104167,0.80625,0.19375,0.1875,0.6697917,0.425,0.3375,0.4375,0.25625,0.76250005,0.16666666,0.68333334,0.4583333,0.44166666,0.6479167,0.39791667,0.8104167,0.35208333,0.7875,0.8854166,0.7,0.29583335,0.6145834,0.15208334,0.5677084,0.6020833,0.89375,0.33749998,0.9354167,0.7291666,0.22083333,0.6666666,0.7166667,0.2708333,0.61875,0.81875,0.34583333,0.73749995,0.058333334,0.31041667,0.7458333,0.48541665,0.87916666,0.22916666,0.41875,0.50625,0.76250005,0.80625,0.33541667,0.51666665,0.65625,0.5708333,0.49791667,0.6854167,0.53541666,0.5333333,0.31041667,0.34583333,0.5416666,0.66041666,0.6166667,0.3333333,0.4479167,0.59791666,0.05,0.675,0.5,0.34791666,0.62083334,0.5625,0.75,0.6791667,0.118750006,0.72291666,0.30833334,0.6541667,0.44583333,0.6625,0.8625,0.6354166,0.33125,0.44166666,0.37291667,0.91875,0.5375,0.09791666,0.70624995,0.39375,0.73333335,0.67083335,0.50208336,0.60625,0.7916666,0.6145833,0.64166665,0.6770833,0.29375,0.67291665,0.7791667,0.33958334,0.12708333,0.41458333,0.30833334,0.6041667,0.95416665,0.4,0.09166667,0.32916665,0.16041666,0.38958335,0.52708334,0.5989584,0.26875,0.06458333,0.76666665,0.48333335,0.87916666,0.21041667,0.6333333,0.42708334,0.3625,0.26041666,0.7395834,0.30625,0.81041664,0.3125,0.62083334,0.825,0.65625,0.4791667,0.8229166,0.5291667,0.30624998
BC2026_Train_0004_S08_20250607_070007_45,0.7604166,0.94166666,0.66875,0.13958333,0.2375,0.44166666,0.047916666,0.09583334,0.32916665,0.0375,0.075,0.45729166,0.17083333,0.22916667,0.3854167,0.20833334,0.110416666,0.32708335,0.20416667,0.69166666,0.1,0.17291667,0.099999994,0.15208334,0.15208334,0.01875,0.17708333,0.048958335,0.8083333,0.0062500006,0.75,0.5229167,0.975,0.40833333,0.45208332,0.57916665,0.71458334,0.87083334,0.975,0.61875,0.93125,0.9666667,0.36666667,0.5833333,0.93333334,0.93333334,0.92291665,0.98541665,0.9354167,0.8979167,0.44375,0.44375,0.42916667,0.8833333,0.78541666,0.14166667,0.46041667,0.052083336,0.35000002,0.14166667,0.13333333,0.016666668,0.36041665,0.10208333,0.14166667,0.13125,0.40833333,0.054166667,0.75625,0.55625,0.21458334,0.25625,0.5375,0.7729167,0.4375,0.31458333,0.20208332,0.7416667,0.5,0.7916667,0.740625,0.7,0.38750002,0.35416666,0.6479167,0.32708335,0.27291667,0.24791667,0.27916667,0.3375,0.041666668,0.6,0.8020834,0.83958334,0.17083333,0.06041667,0.5395833,0.89166665,0.33541667,0.7375,0.5958333,0.6479167,0.57916665,0.26875,0.041666668,0.65208334,0.31875,0.15,0.33541667,0.28958333,0.6875,0.17291667,0.56875,0.5125,0.27499998,0.61875,0.42708334,0.70625,0.20833333,0.75625,0.9041667,0.74375,0.26458335,0.64375,0.016666668,0.62083334,0.4791667,0.88125,0.2875,0.86041665,0.6333333,0.1875,0.62916666,0.77708334,0.3125,0.5125,0.82708335,0.22708334,0.65208334,0.054166667,0.21041667,0.775,0.31458333,0.6229167,0.20208333,0.45416668,0.48333335,0.54583335,0.79791665,0.31041667,0.5604167,0.74375,0.375,0.43958333,0.6666666,0.29791665,0.49583334,0.25,0.26874998,0.4583333,0.7395834,0.60833335,0.42083335,0.32291666,0.5916667,0.1875,0.45625,0.53541666,0.24166667,0.65,0.39166665,0.67083335,0.48125,0.09791666,0.7708333,0.4375,0.70208335,0.34583333,0.6645833,0.60625005,0.6166667,0.13541667,0.45,0.23333333,0.8958334,0.61041665,0.125,0.65208334,0.28333333,0.39166665,0.5916667,0.46875,0.66041666,0.7291667,0.50625,0.52708334,0.59375,0.24166667,0.39791667,0.71458334,0.35416666,0.24375,0.25833333,0.53333336,0.6166667,0.9479166,0.36874998,0.056250002,0.23541667,0.10625,0.45208332,0.5,0.675,0.33541667,0.035416666,0.575,0.41250002,0.5625,0.1875,0.42916667,0.4166667,0.25833333,0.29375,0.6770834,0.29375,0.8625,0.25,0.5916667,0.6479167,0.65416664,0.52708334,0.73333335,0.37291667,0.16875
BC2026_Train_0004_S08_20250607_070007_50,0.7416667,0.93125,0.61249995,0.20833334,0.725,0.46458334,0.0875,0.13125,0.47291666,0.06041667,0.08541667,0.39583334,0.20416668,0.41666666,0.43541667,0.27083334,0.12916666,0.74583334,0.12916666,0.80833334,0.06458333,0.30729166,0.10208333,0.24166667,0.110416666,0.01875,0.24791667,0.010416667,0.72291666,0.020833334,0.7791667,0.46666664,0.975,0.36041665,0.50416666,0.52708334,0.75,0.775,0.96875,0.625,0.9125,0.9791666,0.44583333,0.58125,0.925,0.925,0.85833335,0.96875,0.9083333,0.85,0.52708334,0.5020833,0.5229167,0.91875,0.7583333,0.11666667,0.3875,0.11875,0.17291667,0.47708333,0.25416666,0.060416665,0.3229167,0.14375,0.20208333,0.20833333,0.52708334,0.15208334,0.6333333,0.5916667,0.26875,0.2625,0.75625,0.7895833,0.26875,0.25208333,0.21249999,0.83124995,0.47291666,0.82916665,0.88750005,0.80833334,0.45208335,0.8458333,0.76458335,0.30624998,0.39375,0.27916667,0.5604167,0.65625,0.03541667,0.47291666,0.9635416,0.86875,0.23333332,0.06666667,0.67291665,0.90208334,0.5,0.8041667,0.61041665,0.8666667,0.31041667,0.13958333,0.05,0.78541666,0.45416668,0.12708333,0.45208335,0.25416666,0.7104167,0.14166667,0.3854167,0.48125002,0.8020834,0.60833335,0.54583335,0.678125,0.28958333,0.7166667,0.9041667,0.89166665,0.27916667,0.79583335,0.0375,0.74583334,0.7791667,0.89166665,0.33125,0.76666665,0.6354166,0.35833335,0.73541665,0.6541667,0.36666667,0.5854167,0.8354167,0.24583334,0.5875,0.0375,0.34791666,0.84375,0.23333332,0.78541666,0.28750002,0.71458334,0.68333334,0.56875,0.8875,0.5604167,0.71875,0.75,0.32916668,0.425,0.6875,0.5,0.58958334,0.45,0.26458332,0.59375,0.8541666,0.8125,0.55,0.31041667,0.6270833,0.027083334,0.4875,0.5875,0.34375,0.86249995,0.40625,0.725,0.4,0.1625,0.8125,0.67499995,0.8541667,0.45208335,0.7104167,0.59375,0.6770834,0.18125,0.6145833,0.3,0.7083334,0.85,0.13541667,0.7916666,0.3125,0.20208333,0.57395834,0.58958334,0.93333334,0.7416667,0.56666666,0.50625,0.73333335,0.26666665,0.62083334,0.5645833,0.4270833,0.21666667,0.19583333,0.71875,0.6145834,0.6770833,0.5,0.029166667,0.35208333,0.27708334,0.48333335,0.5854167,0.9270834,0.69375,0.008333334,0.27291667,0.30833334,0.44375002,0.26458335,0.5291667,0.32291666,0.30625,0.69375,0.6770833,0.27708334,0.9166667,0.4041667,0.8104167,0.65208334,0.8041667,0.8229166,0.9375,0.4875,0.18333334
BC2026_Train_0004_S08_20250607_070007_55,0.7625,0.9,0.73125,0.19583334,0.8958333,0.7479167,0.12083333,0.46770835,0.65,0.04375,0.18125,0.5104166,0.3625,0.7875,0.73125005,0.53333336,0.59375,0.9604167,0.23958334,0.91041666,0.47500002,0.66875005,0.1375,0.3625,0.275,0.047916666,0.37291667,0.0875,0.77708334,0.08125,0.69375,0.6020833,0.9583333,0.425,0.59583336,0.5854167,0.775,0.89166665,0.9291667,0.7083334,0.9083333,0.93125,0.5854167,0.6625,0.92083335,0.92083335,0.8333333,0.95208335,0.9125,0.8979167,0.6666667,0.66041666,0.675,0.82500005,0.76666665,0.21666667,0.41875,0.32083333,0.4,0.90208334,0.46666664,0.49583334,0.56666666,0.38958335,0.48541668,0.37916666,0.6354167,0.53125,0.7104167,0.6770834,0.37916666,0.5083333,0.94166666,0.92291665,0.4479167,0.24583334,0.3541667,0.80625,0.35625,0.9041667,0.9333333,0.8979167,0.5958333,0.9875,0.8020834,0.6354167,0.39999998,0.4479167,0.76875,0.92083335,0.16041666,0.44791666,0.9583334,0.93125,0.31666666,0.3,0.79375,0.9166667,0.6958333,0.78541666,0.6354166,0.95416665,0.5291667,0.07291667,0.045833334,0.8645834,0.6645833,0.5104167,0.51874995,0.34375,0.61249995,0.17916667,0.309375,0.5416667,0.8208333,0.67083335,0.675,0.6895833,0.5854167,0.8395833,0.9125,0.87916666,0.40416667,0.79375005,0.058333334,0.9083333,0.975,0.90625,0.50625,0.60833335,0.5958333,0.5125,0.74583334,0.7729167,0.45416668,0.9354167,0.91041666,0.3375,0.6875,0.15,0.83958334,0.79583335,0.575,0.93125,0.29791668,0.9354167,0.82916665,0.51458335,0.96875,0.82500005,0.82708335,0.75,0.5,0.43333334,0.8645833,0.6791667,0.62916666,0.8375,0.3625,0.7125,0.7729167,0.96875,0.6958333,0.65625,0.7270833,0.24583334,0.7125,0.70416665,0.41458333,0.93125,0.73125,0.8666667,0.51666665,0.36041665,0.94375,0.45833334,0.95624995,0.55625,0.73541665,0.73541665,0.76875,0.34583333,0.7395833,0.5083333,0.83124995,0.8354167,0.23125,0.9583333,0.49583334,0.0375,0.6458334,0.65625,0.92291665,0.6333333,0.85833335,0.76458335,0.7916667,0.37708333,0.90208334,0.80625,0.5541667,0.51666665,0.3333333,0.625,0.73333335,0.9041667,0.40208334,0.07083333,0.42291665,0.30833334,0.5833334,0.53541666,0.95625,0.83958334,0.06875,0.28333333,0.41458333,0.6458334,0.31458333,0.64374995,0.4375,0.42291665,0.87916666,0.80833334,0.45,0.91041666,0.61875,0.8229167,0.8645834,0.8979167,0.8145833,0.975,0.6229167,0.275
BC2026_Train_0004_S08_20250607_070007_60,0.84166664,0.8854166,0.82708335,0.28333333,0.9145833,0.90208334,0.29375,0.81666666,0.7270833,0.108333334,0.30833334,0.6958333,0.6041667,0.9354167,0.9666667,0.6458333,0.80625,0.92083335,0.36666667,0.9666667,0.59375,0.66041666,0.8229166,0.48125,0.39791667,0.37291667,0.48333332,0.29166666,0.7708334,0.16458333,0.725,0.63958335,0.95416665,0.425,0.68333334,0.59791666,0.76250005,0.8375,0.97291666,0.6854167,0.8729167,0.9583333,0.63958335,0.6479167,0.94375,0.94375,0.84375,0.95416665,0.9020833,0.82916665,0.7083334,0.6958333,0.7125,0.8166667,0.79583335,0.4625,0.45416665,0.35625,0.8020833,0.75,0.60833335,0.85625,0.6666666,0.55833334,0.65,0.575,0.71875,0.49583334,0.63958335,0.6333333,0.61041665,0.73541665,0.9395833,0.82708335,0.41458333,0.31666666,0.56041664,0.88958335,0.51458335,0.9083333,0.93125,0.95208335,0.6770834,0.97291666,0.92291665,0.9145833,0.52708334,0.63958335,0.65625,0.88958335,0.4875,0.7895833,0.9604167,0.9083333,0.66875005,0.6229167,0.78125,0.87083334,0.5541667,0.8416667,0.68125,0.96458334,0.5645833,0.19375,0.20625001,0.91041666,0.6979166,0.875,0.64166665,0.57916665,0.73541665,0.37916666,0.57708335,0.6041666,0.7916667,0.76666665,0.7083334,0.79791665,0.75,0.7875,0.8875,0.8729167,0.54375,0.80625,0.23750001,0.94375,0.9166666,0.9,0.6229167,0.49791667,0.70208335,0.65833336,0.7875,0.8375,0.58958334,0.975,0.8208333,0.46458334,0.8541666,0.22708334,0.8229166,0.76666665,0.8354167,0.9708333,0.25,0.9083333,0.92083335,0.7166667,0.9083333,0.91041666,0.90208334,0.8833333,0.75625,0.7104167,0.91041666,0.79583335,0.63125,0.8520833,0.46249998,0.9083333,0.75625,0.95625,0.68125,0.76875,0.8520833,0.15625,0.60833335,0.93125,0.6041666,0.9166666,0.76666665,0.8770833,0.71458334,0.6645833,0.95624995,0.6875,0.9875,0.6645833,0.84791666,0.83958334,0.9666667,0.50416666,0.8333333,0.76458335,0.8333334,0.6625,0.49166667,0.98125005,0.8458333,0.054166667,0.79999995,0.65208334,0.975,0.71458334,0.9729167,0.9291667,0.80625,0.51875,0.9083333,0.8625,0.68333334,0.80625,0.76666665,0.6583333,0.8854167,0.95,0.525,0.23333335,0.6541667,0.35625,0.725,0.5625,0.9,0.84375,0.14583333,0.32291666,0.5208334,0.8833333,0.40625,0.7416667,0.5854167,0.4583333,0.85625005,0.84791666,0.53125,0.80833334,0.79583335,0.85625,0.92083335,0.92083335,0.87916666,0.9895834,0.73541665,0.3541667
BC2026_Train_0005_S08_20250607_070007_5,0.75416666,0.88958335,0.8416667,0.36875,0.8125,0.85625005,0.36666667,0.4583333,0.6333333,0.31041667,0.30416667,0.8833333,0.78125,0.8541667,0.8833333,0.48125,0.5625,0.7416667,0.118750006,0.73541665,0.61249995,0.6979166,0.7541667,0.74791664,0.33333334,0.4708333,0.6979166,0.55,0.95416665,0.43124998,0.8,0.7479167,0.8729167,0.70000005,0.87916666,0.79791665,0.6583333,0.6645833,0.90625,0.6583333,0.8375,0.9041667,0.7208333,0.76874995,0.9625,0.9625,0.81875,0.87916666,0.8625,0.6979167,0.76458335,0.76458335,0.7604166,0.8458333,0.775,0.6041667,0.5541667,0.21458334,0.9166667,0.7395834,0.41250002,0.675,0.6458333,0.35,0.46458334,0.6541667,0.60833335,0.425,0.7520833,0.5229167,0.79375005,0.6979166,0.8958334,0.6958333,0.8833333,0.72291666,0.7729167,0.95624995,0.7875,0.79791665,0.95000005,0.89166665,0.7520833,0.98541665,0.9291667,0.76666665,0.84791666,0.61875,0.9395833,0.9166667,0.27708334,0.88125,0.90208334,0.57916665,0.6,0.73125,0.7708333,0.6541667,0.7166667,0.8625,0.75416666,0.9875,0.63750005,0.33541667,0.15,0.92083335,0.7791667,0.99375,0.94375,0.7270833,0.91875005,0.425,0.8979167,0.57916665,0.80625,0.8145833,0.8020833,0.6333333,0.71458334,0.89166665,0.85833335,0.9145833,0.69375,0.9916667,0.31875,0.96875,0.70208335,0.8666667,0.77708334,0.48125,0.9354167,0.8958334,0.83124995,0.9,0.9354167,0.88750005,0.7729167,0.58124995,0.9666667,0.058333334,0.58958334,0.74375,0.92083335,0.9875,0.40416667,0.8979167,0.9583333,0.56875,0.65,0.8125,0.99583334,0.91041666,0.93125,0.8229166,0.9041667,0.89374995,0.7833333,0.8833333,0.6979166,0.83124995,0.73541665,0.89374995,0.675,0.73541665,0.9354167,0.28958333,0.56041664,0.9458333,0.85625005,0.96458334,0.825,0.95,0.78125,0.7291666,0.9583334,0.46875,0.9895834,0.6541667,0.96875,0.7583333,0.98333335,0.5395833,0.9083333,0.94375,0.90208334,0.88125,0.8041667,0.98541665,0.8375,0.110416666,0.9,0.8,0.67499995,0.85833335,0.99583334,0.9270833,0.91875,0.70208335,0.8125,0.7520833,0.5083333,0.975,0.8729167,0.7729167,0.9375,0.9,0.7166667,0.58958334,0.82708335,0.6458334,0.775,0.73541665,0.9895834,0.90625,0.09375,0.45416668,0.67499995,0.85,0.6666666,0.96875,0.7208333,0.8875,0.99375,0.98125005,0.6125,0.7083334,0.8354167,0.9083333,0.98125005,0.9625,0.88958335,0.9291667,0.9291667,0.48541665
BC2026_Train_0005_S08_20250607_070007_10,0.6770834,0.81666666,0.825,0.37916666,0.875,0.9604167,0.42916667,0.5229167,0.6166667,0.30416667,0.32708335,0.7104167,0.7291666,0.79583335,0.8958333,0.55,0.58958334,0.7166667,0.16874999,0.8083333,0.6583333,0.70625,0.825,0.81666666,0.3229167,0.5916667,0.64166665,0.525,0.9416667,0.39791667,0.79375,0.75,0.87083334,0.63958335,0.8520833,0.74583334,0.65208334,0.6458334,0.93645835,0.6375,0.85,0.93333334,0.70625,0.72083336,0.97291666,0.975,0.8020834,0.8666667,0.8520833,0.64166665,0.7583333,0.7479167,0.7479167,0.91770834,0.77708334,0.825,0.55625,0.27083334,0.84166664,0.88958335,0.38541666,0.50208336,0.61875,0.36041665,0.7583333,0.71875,0.49583334,0.5,0.75625,0.61875,0.75416666,0.8375,0.9166666,0.675,0.6958333,0.6770833,0.80833334,0.8979167,0.39999998,0.8520833,0.95416665,0.9104167,0.7708334,0.8833333,0.9125,0.8375,0.80833334,0.5916667,0.9083333,0.93541664,0.33333334,0.80625,0.7604167,0.59583336,0.6458333,0.7833333,0.740625,0.6666667,0.67083335,0.75625,0.6,0.9979167,0.79583335,0.36666667,0.18541667,0.8541666,0.88125,0.9458333,0.8541666,0.7520833,0.8729167,0.54583335,0.8125,0.5125,0.85625005,0.85625005,0.8625,0.6333333,0.9145833,0.8208333,0.8666667,0.9625,0.6270833,0.94375,0.23333333,0.97291666,0.7416667,0.91875,0.79583335,0.67291665,0.90208334,0.89166665,0.9395833,0.8541666,0.8166667,0.88958335,0.7875,0.73541665,0.97291666,0.114583336,0.51458335,0.6479167,0.92083335,0.9604167,0.44166666,0.93333334,0.9979167,0.60625,0.6,0.70416665,0.98541665,0.89374995,0.93125,0.76875,0.8625,0.8833333,0.89166665,0.9458333,0.70624995,0.825,0.65,0.9666667,0.7208333,0.9666667,0.89375,0.3958333,0.64375,0.98541665,0.87291664,0.89375,0.73541665,0.9895834,0.70416665,0.89166665,0.9791667,0.45,0.99375,0.6770833,0.9395833,0.70416665,0.9708333,0.60833335,0.85833335,0.91041666,0.9354167,0.83958334,0.6166667,0.96458334,0.89166665,0.40416664,0.82916665,0.7416667,0.72291666,0.7895833,0.975,0.9708333,0.87916666,0.61041665,0.84375,0.82708335,0.5416667,0.97083336,0.86875,0.8520833,0.98333335,0.88125,0.68125,0.41875,0.94166666,0.45416665,0.73125005,0.68333334,0.84791666,0.9604167,0.125,0.7270833,0.60833335,0.9166667,0.6958333,0.98125005,0.7229167,0.7291666,0.9416667,0.96875,0.67291665,0.6458334,0.93125,0.9375,0.9604167,0.9479166,0.79791665,0.9791667,0.9,0.5625
BC2026_Train_0005_S08_20250607_070007_15,0.61875,0.9270834,0.8375,0.30416667,0.8041667,0.6479167,0.23541667,0.21875,0.49791664,0.31041667,0.26458335,0.7916667,0.54999995,0.8,0.7583333,0.43958333,0.41875,0.49166667,0.10416667,0.5875,0.53125,0.45208332,0.51666665,0.50416666,0.19791667,0.23958333,0.6125,0.39375,0.9770833,0.25625,0.76458335,0.6020833,0.89166665,0.70000005,0.7604166,0.7520833,0.6604167,0.6583333,0.92291665,0.63958335,0.8625,0.90625,0.60833335,0.62916666,0.9604167,0.9583333,0.8145833,0.88750005,0.8625,0.65625,0.65208334,0.6666666,0.6583333,0.84375,0.7875,0.43333334,0.5104166,0.1625,0.73125005,0.7395833,0.21666667,0.26041666,0.46875,0.28958333,0.45416668,0.46249998,0.53125,0.275,0.7291666,0.5604167,0.58958334,0.67083335,0.82916665,0.8104167,0.90208334,0.59166664,0.85625005,0.8854166,0.43333334,0.76666665,0.9375,0.9791667,0.6541667,0.7604167,0.8416667,0.721875,0.66041666,0.39166665,0.8729167,0.84791666,0.079166666,0.80625,0.8333334,0.5604167,0.5854167,0.7583333,0.6041666,0.73333335,0.53333336,0.80625,0.7,0.95208335,0.90833336,0.1875,0.125,0.7375,0.77708334,0.8229166,0.81875,0.5708333,0.825,0.28125,0.68333334,0.45625,0.8375,0.8020834,0.6666666,0.6020833,0.7416667,0.8645834,0.8354167,0.89375,0.62083334,0.98541665,0.15416667,0.94375,0.40416667,0.98333335,0.77708334,0.7875,0.9,0.825,0.8354167,0.84375,0.76874995,0.9625,0.84791666,0.41875,0.9458333,0.054166667,0.47500002,0.7104167,0.9354167,0.9395833,0.4791667,0.8958334,0.9604167,0.6270833,0.57708335,0.3375,0.98125,0.8145833,0.9083333,0.75625,0.8979167,0.8416667,0.73333335,0.86249995,0.6333333,0.6625,0.6229167,0.89166665,0.53125,0.7395833,0.8375,0.08125,0.575,0.99375,0.6354166,0.9041667,0.59166664,0.95416665,0.75,0.70625,0.9583333,0.20833334,1.0,0.63958335,0.94375,0.75416666,0.9270834,0.53125,0.7895833,0.7291667,0.8770833,0.8104167,0.5875,0.92083335,0.5729166,0.66875,0.81875,0.6979166,0.65,0.7833333,0.9125,0.91875005,0.88125,0.42916667,0.71875,0.82916665,0.56875,0.9458333,0.7770833,0.9770833,0.9354167,0.82708335,0.65208334,0.5416666,0.9791667,0.2875,0.63750005,0.6666667,0.73541665,0.8666667,0.05,0.8729167,0.5395833,0.8854166,0.6229167,1.0,0.553125,0.5854167,0.9666667,0.9604167,0.57708335,0.82916665,0.75,0.9,0.9166666,0.9916667,0.85625,0.9791666,0.79791665,0.41666666
BC2026_Train_0005_S08_20250607_070007_20,0.6770834,0.975,0.92291665,0.36666667,0.62916666,0.55833334,0.09791666,0.099999994,0.48125,0.17291667,0.21875,0.9166666,0.47083336,0.6166667,0.55625,0.28541666,0.24791667,0.39375,0.045833334,0.4895833,0.28541666,0.41041666,0.25833333,0.61041665,0.10208333,0.058333334,0.55833334,0.49583334,0.9145833,0.23125,0.76458335,0.5395833,0.9083333,0.76666665,0.85625,0.7791667,0.6583333,0.7083334,0.93125,0.75625,0.87083334,0.93125,0.6958333,0.575,0.9895834,0.9895834,0.8875,0.9166666,0.8770833,0.8354167,0.7270833,0.73749995,0.73125,0.9041667,0.8416667,0.23333333,0.5083333,0.1125,0.38958332,0.40625,0.27083334,0.16458334,0.37083334,0.3,0.325,0.25208333,0.5395833,0.15833333,0.6583333,0.68125,0.50416666,0.36666667,0.7208333,0.6625,0.9604167,0.6333333,0.675,0.87083334,0.31041667,0.66875,0.88958335,0.9354167,0.5875,0.35,0.81666666,0.70416665,0.68333334,0.28541666,0.6979167,0.6625,0.052083336,0.69375,0.7395833,0.43333334,0.2875,0.39375,0.7208333,0.67499995,0.49374998,0.7520833,0.6145833,0.91041666,0.81875,0.09166667,0.05,0.70625,0.57708335,0.56875,0.6875,0.46666667,0.8125,0.14583334,0.5333333,0.44375,0.78125,0.7270833,0.5541667,0.475,0.4166667,0.87083334,0.74375,0.8541667,0.54375,0.98541665,0.110416666,0.94375,0.43124998,0.9625,0.7125,0.60625,0.9395833,0.4895833,0.61354166,0.8354167,0.66875,0.7791667,0.7729167,0.40208334,0.825,0.01875,0.375,0.63125,0.8166667,0.8875,0.33958334,0.8354167,0.76875,0.45,0.49166667,0.38125002,0.95416665,0.7583333,0.75,0.6145834,0.9375,0.76458335,0.49374998,0.61041665,0.56666666,0.5104166,0.6166667,0.7916666,0.32916665,0.5854167,0.82916665,0.027083334,0.32916665,0.95208335,0.41875,0.95000005,0.39375,0.90625,0.57916665,0.52708334,0.86249995,0.15833333,0.9791667,0.5229167,0.9583333,0.7166667,0.7395834,0.47291666,0.7791667,0.6270833,0.86875,0.63958335,0.54791665,0.79791665,0.33541667,0.36249998,0.79999995,0.74375,0.38958332,0.70416665,0.8416667,0.6979166,0.8354167,0.42291665,0.46458334,0.64375,0.5083333,0.65625,0.51458335,0.75416666,0.75416666,0.66041666,0.48541665,0.5708333,0.79583335,0.30416667,0.525,0.62916666,0.64166665,0.9104167,0.027083334,0.7416667,0.5125,0.7104167,0.50625,0.89375,0.47916666,0.5125,0.89375,0.92291665,0.3875,0.7708333,0.55833334,0.70625,0.86875,0.98125005,0.7916667,0.80625,0.7583333,0.44166666
BC2026_Train_0005_S08_20250607_070007_25,0.73333335,0.9302083,0.8,0.24583332,0.7708333,0.51875,0.15625,0.225,0.58958334,0.18541667,0.32708332,0.76250005,0.36875,0.6958333,0.78333336,0.44791666,0.36041665,0.49374998,0.09375,0.59375,0.39166665,0.7791667,0.375,0.47708333,0.26458332,0.08333333,0.6333333,0.225,0.85,0.15416667,0.7375,0.5104167,0.8875,0.62708336,0.79791665,0.66875005,0.6125,0.8020834,0.8666667,0.6458333,0.90625,0.8854166,0.63958335,0.5229167,0.9895834,0.9895834,0.85833335,0.9,0.8875,0.8979167,0.67083335,0.67291665,0.66875005,0.8416667,0.84479165,0.2375,0.4479167,0.22083333,0.34166667,0.31458333,0.49166667,0.15833335,0.38125,0.40208334,0.33333334,0.28541666,0.57708335,0.22291666,0.6458334,0.525,0.5708333,0.40833333,0.89375,0.9166667,0.85833335,0.8145833,0.73125005,0.92083335,0.40416667,0.7375,0.98333335,0.96875,0.74583334,0.36875,0.8145833,0.6666666,0.66875,0.64166665,0.6541667,0.8541667,0.11666667,0.62708336,0.79583335,0.5520834,0.71875,0.4125,0.93333334,0.6791667,0.88958335,0.9291667,0.5291667,0.925,0.6041666,0.07083333,0.025,0.92291665,0.7270833,0.76458335,0.82708335,0.51458335,0.81875,0.39791667,0.56666666,0.41250002,0.7875,0.7833333,0.4375,0.59375,0.44166666,0.97083336,0.7625,0.9395833,0.6041667,0.9395833,0.08958333,0.9770833,0.68333334,0.9041667,0.6583333,0.32916665,0.8125,0.8041667,0.5875,0.92083335,0.7479167,0.81666666,0.66041666,0.35625,0.73333335,0.010416667,0.31666666,0.79791665,0.8208333,0.91875,0.21875,0.8458333,0.81875,0.5291667,0.6354166,0.60833335,0.91041666,0.8708333,0.84375,0.5864583,0.98333335,0.8041667,0.71458334,0.8458333,0.61875,0.57916665,0.69166666,0.92083335,0.42083335,0.7291666,0.9479166,0.047916666,0.62083334,0.8416667,0.5833333,0.8,0.5333333,0.98333335,0.7104167,0.6770834,0.9625,0.25625,0.9479166,0.51666665,0.9354167,0.59791666,0.7604166,0.5395833,0.9145833,0.9,0.9666667,0.8666667,0.66875005,0.8833333,0.35833335,0.035416666,0.78125,0.68125,0.60625,0.9145833,0.9125,0.9083333,0.8333333,0.44166666,0.7833333,0.7416667,0.46041667,0.72291666,0.66875005,0.7520833,0.7916666,0.85833335,0.68125,0.21249999,0.66875005,0.55833334,0.6770834,0.70416665,0.675,0.98125005,0.01875,0.25416666,0.56875,0.6854167,0.43125,0.87083334,0.65,0.6041666,0.82500005,0.8520833,0.8,0.73541665,0.66875,0.7479167,0.9375,0.9875,0.7520833,0.9604167,0.7916667,0.34375
BC2026_Train_0005_S08_20250607_070007_30,0.82500005,0.94166666,0.88125,0.32291666,0.7416667,0.62291664,0.17291668,0.35,0.57916665,0.17916666,0.28958333,0.88750005,0.45625,0.77916664,0.8208333,0.56666666,0.34166667,0.5729167,0.11875,0.76250005,0.35833335,0.5645833,0.4395833,0.5520833,0.30833334,0.16041666,0.6479167,0.39166665,0.84375,0.2708333,0.70208335,0.5395833,0.9125,0.6895833,0.79583335,0.70625,0.6625,0.7583333,0.8770833,0.60625,0.89374995,0.9,0.6625,0.5541667,0.99375,0.99375,0.90625,0.92083335,0.8875,0.8854167,0.6854167,0.6958333,0.69375,0.86249995,0.84791666,0.2625,0.47291666,0.15,0.58958334,0.45416665,0.50416666,0.28958333,0.52916664,0.33749998,0.38125,0.33541667,0.62916666,0.29791668,0.73125,0.6041666,0.5916667,0.5083333,0.92083335,0.75104165,0.82500005,0.65,0.82708335,0.94166666,0.36875,0.75625,0.9583334,0.9125,0.76875,0.47083336,0.8645834,0.63958335,0.78125,0.74583334,0.70208335,0.94166666,0.19375,0.725,0.85625,0.56666666,0.79583335,0.43333334,0.95208335,0.7520833,0.98125005,0.9166666,0.6354167,0.92083335,0.5854167,0.125,0.10625,0.95000005,0.6854167,0.7625,0.96458334,0.68333334,0.85833335,0.31041667,0.6354167,0.44375,0.7729167,0.83958334,0.6458333,0.58124995,0.49375004,0.9979167,0.7895833,0.9375,0.7291666,0.9125,0.125,0.95,0.8354167,0.9145833,0.6770833,0.34791666,0.87916666,0.95625,0.6541667,0.9479166,0.90625,0.8208333,0.6458334,0.33958334,0.77708334,0.079166666,0.49374998,0.7833333,0.7708334,0.95624995,0.27916667,0.8333334,0.7291667,0.56458336,0.76666665,0.725,0.93333334,0.8166667,0.975,0.6229167,0.9916667,0.8395833,0.6645833,0.8229167,0.62083334,0.6166667,0.81666666,0.8958333,0.46458334,0.6979167,0.95416665,0.072916664,0.7,0.84791666,0.5625,0.82708335,0.7291666,0.9625,0.7375,0.5958333,0.9479167,0.31458333,0.9083333,0.525,0.9395833,0.66041666,0.79583335,0.54375,0.9291667,0.9770833,0.9479166,0.73333335,0.6333333,0.9604167,0.41041666,0.035416666,0.8375,0.70625,0.7875,0.98541665,0.9125,0.9145833,0.8645834,0.49375,0.75,0.7416667,0.66041666,0.7479167,0.73541665,0.9770833,0.8041667,0.89166665,0.65,0.27708334,0.6166667,0.5875,0.7479167,0.5875,0.76458335,0.8979167,0.050000004,0.38541666,0.48125,0.64374995,0.53541666,0.88125,0.63125,0.49166667,0.8125,0.8416667,0.9479166,0.77708334,0.7125,0.7520833,0.9458333,0.9875,0.8395833,0.95625,0.94166666,0.4
BC2026_Train_0005_S08_20250607_070007_35,0.7729167,0.8958334,0.80625,0.37916666,0.7,0.5833334,0.21458334,0.35208333,0.53333336,0.12916666,0.26875,0.6666666,0.4791667,0.8958333,0.85,0.64166665,0.34791666,0.5833333,0.15416667,0.68125,0.33749998,0.52708334,0.3854167,0.5416666,0.5083333,0.15625,0.76875,0.2625,0.8125,0.18124999,0.6583333,0.57916665,0.8979167,0.7375,0.7708334,0.69166666,0.69166666,0.73333335,0.8458333,0.6291667,0.86041665,0.86041665,0.67291665,0.59791666,0.99375,0.99375,0.89166665,0.9145833,0.8833333,0.83124995,0.68333334,0.6854167,0.6958333,0.8041667,0.82708335,0.2875,0.46249998,0.08541667,0.43958336,0.5208334,0.43541667,0.2,0.58125,0.32916665,0.29583332,0.37291667,0.59583336,0.3645833,0.6625,0.52708334,0.6270833,0.5645833,0.8770833,0.8375,0.9,0.7083334,0.83958334,0.9625,0.32708335,0.7791667,0.97291666,0.9666667,0.75416666,0.88125,0.9145833,0.75416666,0.87083334,0.82708335,0.8,0.8854166,0.16041666,0.725,0.88958335,0.6270833,0.6645833,0.47083336,0.9,0.7541667,0.97291666,0.975,0.70208335,0.8854166,0.49374998,0.16041668,0.0625,0.95208335,0.7104167,0.75,0.9625,0.6979166,0.9354167,0.20625,0.66875005,0.5104167,0.73125,0.88125,0.7708334,0.64375,0.57708335,0.9979167,0.8083333,0.9145833,0.66041666,0.9375,0.20625,0.94375,0.87083334,0.9458333,0.7708333,0.37083334,0.8104167,0.89374995,0.6875,0.92291665,0.92083335,0.88958335,0.6770833,0.37291667,0.82708335,0.06041667,0.43125,0.8354167,0.8395833,0.9625,0.1875,0.87083334,0.6979166,0.65208334,0.6375,0.84375,0.975,0.84375,1.0,0.6854167,0.96875,0.85,0.7083334,0.72291666,0.74583334,0.5854167,0.9354167,0.8875,0.6125,0.6479167,0.975,0.15,0.51458335,0.8541666,0.62083334,0.96875,0.85,0.9458333,0.7479167,0.54583335,0.89166665,0.18958333,0.92083335,0.5083333,0.9770833,0.5916667,0.8375,0.61875,0.95624995,0.9875,0.7791667,0.75625,0.76874995,0.9375,0.54999995,0.04791667,0.88958335,0.75416666,0.8125,0.9458333,0.91041666,0.92083335,0.92083335,0.45625,0.82916665,0.6791667,0.54583335,0.8125,0.8666667,0.7270833,0.8458333,0.9,0.76666665,0.55833334,0.7604166,0.5833334,0.71875,0.6875,0.7395834,0.8520833,0.06041667,0.44166666,0.625,0.7166667,0.49375,0.89166665,0.7125,0.475,0.8416667,0.92083335,0.7729167,0.79791665,0.7291667,0.6791667,0.9770833,0.99583334,0.84791666,0.92291665,0.94166666,0.39375
BC2026_Train_0005_S08_20250607_070007_40,0.74375,0.85833335,0.8375,0.32916665,0.7291667,0.7052083,0.45208335,0.51250005,0.54583335,0.21458334,0.29375002,0.70416665,0.6458334,0.90208334,0.9625,0.86875,0.4875,0.67083335,0.20833333,0.78125,0.4479167,0.7083333,0.62916666,0.75625,0.76458335,0.45416665,0.9875,0.4125,0.9270833,0.29791668,0.61875,0.69166666,0.8666667,0.8,0.83958334,0.76874995,0.63958335,0.6979167,0.76875,0.6166667,0.8541667,0.7729167,0.725,0.6875,0.975,0.975,0.82916665,0.8875,0.86041665,0.8041667,0.725,0.7104167,0.72291666,0.7520833,0.82916665,0.4875,0.49374998,0.09583333,0.7604167,0.65625,0.3625,0.375,0.5645833,0.33541667,0.40416667,0.5208334,0.55625,0.46875,0.8208333,0.6895833,0.8,0.6625,0.8229167,0.7166667,0.9895834,0.6645833,0.8541666,0.9583333,0.225,0.8458333,0.94375,0.85625,0.8020833,0.9604167,0.9666667,0.9395833,0.7125,0.59791666,0.9145833,0.79375,0.26458332,0.82708335,0.95416665,0.65,0.49583334,0.7708333,0.8229166,0.7583333,0.76666665,0.9270834,0.7208333,0.92291665,0.75,0.3375,0.029166669,0.92291665,0.73333335,0.8666667,0.9145833,0.70208335,0.8208333,0.39166665,0.6645833,0.45416665,0.6666666,0.8375,0.5541667,0.76250005,0.6145834,0.95000005,0.83125,0.9354167,0.7208333,0.97291666,0.49375,0.91875,0.75625,0.9666667,0.825,0.4479167,0.85833335,0.75,0.7447917,0.9291667,0.88958335,0.78541666,0.86041665,0.47083333,0.90208334,0.077083334,0.38958335,0.64375,0.9,0.9125,0.3125,0.95208335,0.7875,0.6458334,0.58125,0.70625,0.98541665,0.85,0.9875,0.7583333,0.96875,0.8770833,0.65208334,0.84375,0.81666666,0.67083335,0.8145833,0.8541666,0.6458333,0.625,0.91875,0.08541667,0.46249998,0.91041666,0.6979166,0.9916667,0.69375,0.95624995,0.64374995,0.50416666,0.89375,0.4875,0.93125,0.54791665,1.0,0.7520833,0.925,0.6895833,0.9166667,0.975,0.8833333,0.89375,0.78125,0.93125,0.78541666,0.12916666,0.7708333,0.8041667,0.65625,0.9479166,0.93125,0.9625,0.9,0.49791664,0.7760416,0.8041667,0.48958334,0.8645834,0.92291665,0.64166665,0.9020833,0.89166665,0.84375,0.9791667,0.76874995,0.48541665,0.65208334,0.5875,0.79999995,0.8125,0.06041667,0.44166666,0.6479167,0.8229166,0.61041665,0.9604167,0.7479167,0.6375,0.9583334,0.96875,0.62916666,0.76250005,0.7520833,0.79583335,0.9791667,0.9708333,0.9583334,0.8520833,0.9791666,0.3958333
BC2026_Train_0005_S08_20250607_070007_45,0.74375,0.86875,0.8645834,0.28333333,0.6625,0.8020834,0.43958336,0.40416667,0.59375,0.28125,0.24791667,0.8625,0.51458335,0.7416667,0.8645834,0.80625,0.43125,0.54375,0.19999999,0.7375,0.38125002,0.6,0.45208335,0.57708335,0.6229167,0.23333333,0.875,0.34375,0.87083334,0.25833333,0.67083335,0.59791666,0.89374995,0.71875,0.80625,0.75625,0.63958335,0.7395833,0.81666666,0.78333336,0.90625,0.81666666,0.65208334,0.6166667,0.9791667,0.9791667,0.86875,0.90625,0.8854166,0.84791666,0.67083335,0.6770834,0.6770834,0.8208333,0.83958334,0.3,0.5395833,0.043750003,0.68125,0.45,0.34583333,0.33958334,0.46458334,0.26041666,0.41875,0.43541667,0.46875,0.48749998,0.79375,0.7479167,0.6854167,0.5229167,0.70625,0.8,0.93125,0.63958335,0.8333333,0.925,0.36874998,0.86041665,0.84791666,0.94375,0.7416667,0.86249995,0.92291665,0.9354167,0.70625,0.5416667,0.75416666,0.74583334,0.14791666,0.8177083,0.90625,0.58125,0.5,0.6145834,0.80625,0.84375,0.6875,0.9145833,0.6541667,0.89375,0.675,0.28958333,0.07083333,0.8375,0.6979166,0.8375,0.75416666,0.6583333,0.73541665,0.37916666,0.59791666,0.50625,0.6791667,0.7729167,0.5,0.71458334,0.44375,0.9291667,0.8666667,0.8979167,0.7104167,0.94166666,0.32083333,0.92083335,0.79999995,0.9604167,0.7083334,0.6666666,0.875,0.75625,0.79375005,0.90625,0.7208333,0.8645834,0.7864584,0.46041667,0.8125,0.029166667,0.29791665,0.65625,0.81666666,0.89374995,0.32708335,0.8770833,0.74895835,0.5541667,0.51875,0.63125,0.95208335,0.82500005,0.8729167,0.6875,1.0,0.7916666,0.55833334,0.88958335,0.72083336,0.7145833,0.8208333,0.85625,0.6145834,0.6,0.91041666,0.104166664,0.6354167,0.8854166,0.57708335,0.9583334,0.5583333,0.9395833,0.7291667,0.6333333,0.88750005,0.41875,0.90625,0.5208333,0.96875,0.7625,0.7625,0.55625,0.9583333,0.92083335,0.95208335,0.7916667,0.8416667,0.8979167,0.625,0.3333333,0.74895835,0.67083335,0.48125,0.87083334,0.8875,0.9166667,0.87083334,0.40833333,0.78541666,0.7729167,0.37708333,0.8229166,0.8104167,0.52708334,0.85833335,0.82708335,0.7416667,0.875,0.6958333,0.27291667,0.58125,0.5625,0.82916665,0.80833334,0.047916666,0.6041666,0.49791667,0.8125,0.48333332,0.95416665,0.72291666,0.48333335,0.85625,0.9270833,0.5541667,0.76875,0.65,0.875,0.9625,0.9625,0.7947917,0.84375,0.94375,0.44375002
BC2026_Train_0005_S08_20250607_070007_50,0.575,0.84375,0.7520833,0.28125,0.43333334,0.5104167,0.15,0.18958333,0.44166666,0.34166667,0.20208332,0.5395833,0.35833335,0.725,0.79791665,0.47291666,0.25,0.5875,0.14791667,0.57916665,0.22916666,0.35833335,0.6125,0.4375,0.28125,0.09166667,0.625,0.18541667,0.9166666,0.14791666,0.725,0.6958333,0.92291665,0.76666665,0.62916666,0.88958335,0.75,0.7791667,0.9479167,0.89375,0.9125,0.92499995,0.57916665,0.8,0.96666664,0.96666664,0.85625,0.9,0.88958335,0.8666667,0.6354167,0.63750005,0.6270833,0.90625,0.8416667,0.28333333,0.57708335,0.05625,0.4375,0.31458333,0.28125,0.17916666,0.30416667,0.21041666,0.27916667,0.31041667,0.43333334,0.36666664,0.74583334,0.67291665,0.6166667,0.33333334,0.8125,0.6625,0.91041666,0.68125,0.6958333,0.96458334,0.5104166,0.86875,0.85625005,0.8625,0.6895833,0.43125,0.8125,0.98125005,0.70208335,0.5083333,0.70416665,0.8854166,0.09791667,0.8208333,0.75416666,0.6333333,0.48333335,0.3333333,0.7708334,0.89166665,0.7395833,0.875,0.77708334,0.8854167,0.79791665,0.30625,0.18958333,0.89166665,0.6583333,0.7083334,0.7604166,0.75416666,0.9458333,0.47083333,0.58125,0.7270833,0.60625,0.84791666,0.47708333,0.6666667,0.5958333,0.9583333,0.9458333,0.91875,0.8145833,0.94166666,0.12291667,0.95000005,0.8354167,0.9895834,0.7583333,0.8229166,0.75,0.7916667,0.78541666,0.9479166,0.7166667,0.7708334,0.80625,0.41458333,0.80833334,0.13125,0.27708334,0.7604167,0.8625,0.9166666,0.44791666,0.79375,0.7625,0.6666666,0.68125,0.76666665,0.9604167,0.85625,0.8458333,0.71458334,0.96458334,0.83124995,0.6958333,0.81666666,0.6270833,0.60833335,0.7416667,0.8854167,0.4895833,0.65,0.98541665,0.26458335,0.7479167,0.7895833,0.73333335,0.79583335,0.5604167,0.93125,0.71875,0.70625,0.93125,0.32083333,0.9083333,0.5708333,0.98125,0.79583335,0.84791666,0.61041665,0.99375,0.7708334,0.85833335,0.6541667,0.9145833,0.90208334,0.58125,0.56875,0.82708335,0.6645833,0.62916666,0.90208334,0.83124995,0.96458334,0.9354167,0.42083335,0.73125005,0.6875,0.59583336,0.6333333,0.7291666,0.58125,0.88958335,0.8458333,0.61041665,0.98541665,0.71875,0.39687502,0.75,0.7604166,0.79375,0.7479167,0.12083333,0.8458333,0.6145834,0.79791665,0.57708335,0.9145833,0.65,0.55,0.74583334,0.88958335,0.55833334,0.98333335,0.65,0.73333335,0.94166666,0.9458333,0.8104167,0.8645833,0.85625,0.59375
BC2026_Train_0005_S08_20250607_070007_55,0.7104167,0.8375,0.76875,0.40208334,0.6791667,0.73541665,0.17708334,0.32083333,0.43958333,0.32291666,0.25833333,0.5125,0.4,0.8125,0.9291667,0.43333334,0.31458333,0.8208333,0.13125,0.76875,0.43958333,0.51458335,0.54583335,0.5072917,0.17708333,0.23958333,0.6020833,0.17916667,0.90625,0.18124999,0.67083335,0.6270833,0.92083335,0.6875,0.6583333,0.75416666,0.7520833,0.8166667,0.9270834,0.84791666,0.8958333,0.9041667,0.6375,0.64375,0.96458334,0.96458334,0.8875,0.9125,0.90208334,0.8979167,0.7145833,0.70624995,0.69375,0.82916665,0.8260417,0.34583333,0.56875,0.09791666,0.49583334,0.62083334,0.42916667,0.26666665,0.43125,0.26874998,0.33958334,0.325,0.6520833,0.51458335,0.78125,0.7625,0.68333334,0.525,0.92083335,0.79375,0.9604167,0.6229167,0.80833334,0.9770833,0.33541667,0.9145833,0.95416665,0.9041667,0.7104167,0.53125,0.7729167,0.91875005,0.66875005,0.55833334,0.7270833,0.96875,0.17500001,0.625,0.7916667,0.6666666,0.5375,0.36875,0.9479167,0.8875,0.95416665,0.9770833,0.7479167,0.9458333,0.69166666,0.25,0.08958333,0.97291666,0.7125,0.81666666,0.94375,0.70624995,0.9770833,0.26875,0.55833334,0.5833334,0.7270833,0.8645834,0.77708334,0.62916666,0.6583333,0.9875,0.96875,0.95000005,0.81041664,0.90208334,0.114583336,0.9895834,0.96458334,0.99583334,0.8,0.7260417,0.75,0.84375,0.90625,0.93333334,0.89166665,0.9,0.8541666,0.50625,0.83958334,0.325,0.3645833,0.8958333,0.8354167,0.9458333,0.54375005,0.87083334,0.8375,0.7083334,0.70416665,0.8229167,0.95,0.925,0.8833333,0.67291665,0.9083333,0.8645834,0.775,0.7145833,0.70416665,0.6229167,0.8416667,0.9395833,0.58958334,0.6166667,0.99583334,0.39999998,0.61875,0.7875,0.8145833,0.77708334,0.8416667,0.9770833,0.7291666,0.5916667,0.94375,0.33749998,0.9583334,0.62083334,0.95,0.725,0.875,0.6479167,0.95625,0.88125,0.9166667,0.82916665,0.8125,0.8854166,0.5083333,0.30625,0.8770833,0.6958333,0.75416666,0.975,0.8666667,0.9145833,0.9166667,0.47708333,0.81875,0.67499995,0.62083334,0.65208334,0.85,0.6583333,0.9166666,0.9083333,0.6979167,0.79791665,0.73125005,0.62916666,0.8041667,0.7416667,0.80625,0.7708333,0.0875,0.70000005,0.6666667,0.7791667,0.4479167,0.9666667,0.58958334,0.6041666,0.94166666,0.8833333,0.75,0.99375,0.7270833,0.6354167,0.99583334,0.9395833,0.7291667,0.90625,0.80625,0.625
BC2026_Train_0005_S08_20250607_070007_60,0.725,0.7916667,0.7916666,0.3229167,0.87083334,0.64166665,0.25,0.42291665,0.55833334,0.30416667,0.3375,0.6875,0.625,0.9125,0.98125005,0.6458334,0.5375,0.8958333,0.18125,0.87083334,0.60833335,0.8375,0.5916667,0.78125,0.26875,0.53125,0.71458334,0.26458335,0.6875,0.23750001,0.66041666,0.50625,0.86041665,0.53333336,0.75,0.56041664,0.6770833,0.7083333,0.7729167,0.62083334,0.87083334,0.76458335,0.59375,0.51458335,0.9770833,0.9770833,0.8125,0.8645834,0.87083334,0.80833334,0.63750005,0.6270833,0.6354167,0.7708333,0.8104167,0.425,0.51875,0.2625,0.725,0.95625,0.58750004,0.38333333,0.5375,0.4375,0.79791665,0.5395833,0.69375,0.5729166,0.7520833,0.6916667,0.76874995,0.7395834,0.9604167,0.94166666,0.6875,0.7791667,0.93125,0.98333335,0.49583334,0.89375,0.96666664,0.88125,0.76874995,0.87916666,0.8625,0.49791664,0.79791665,0.5375,0.82500005,0.96875,0.3375,0.6020833,0.9083333,0.64375,0.71458334,0.5854167,0.8520833,0.7708334,0.82500005,0.9770833,0.7916667,0.9979167,0.42916667,0.23125,0.10625,0.92291665,0.8125,0.8833333,0.90625,0.63958335,0.93125,0.35833335,0.67499995,0.5833333,0.8333334,0.86041665,0.89166665,0.6020833,0.82916665,0.9583333,0.8770833,0.98333335,0.6604167,0.87916666,0.10625,0.98125005,0.90625,1.0,0.80625,0.51666665,0.75625,0.8416667,0.88125,0.8958333,0.8729167,0.84791666,0.8208333,0.42083335,0.9145833,0.175,0.40208334,0.88958335,0.8520833,0.9604167,0.4625,1.0,0.9625,0.73541665,0.6,0.85833335,0.95416665,0.8854167,0.85,0.6541667,0.9166666,0.80833334,0.92291665,0.8854166,0.71458334,0.725,0.78125,0.99375,0.625,0.7895833,0.96458334,0.14375001,0.6666667,0.9020833,0.9083333,0.72291666,0.7479167,1.0,0.6791667,0.7479167,0.975,0.35416666,0.9791667,0.7729167,0.9291667,0.64375,0.96875,0.8375,0.95416665,0.92291665,0.80833334,0.8645833,0.71875,0.95208335,0.59375,0.047916666,0.81875,0.6666666,0.88958335,0.9354167,0.92291665,0.9291667,0.875,0.6020833,0.9583333,0.7729167,0.75625,0.8104167,0.8541666,0.70416665,0.97291666,0.8645834,0.76874995,0.33125,0.91875,0.6,0.73541665,0.75,0.8520833,0.8041667,0.072916664,0.46875,0.66875,0.76458335,0.6229167,0.89375,0.6979167,0.725,0.9895834,0.9458333,0.6666666,1.0,0.9041667,0.7739583,0.9916667,0.95624995,0.875,0.9645833,0.8770833,0.55833334
BC2026_Train_0006_S09_20250828_000000_5,0.55833334,0.5833334,0.15625,0.31458333,0.40416667,0.6583333,0.32916665,0.17916666,0.16041666,0.37291667,0.34791666,0.12083334,0.15208334,0.34583333,0.38333333,0.17916666,0.06041667,0.7729167,0.17083333,0.27499998,0.15416667,0.34166667,0.31666666,0.73125,0.425,0.3,0.6666666,0.44166666,0.6270833,0.26875,0.79999995,0.79375,0.48541665,0.9916667,0.5833333,0.9770833,0.90208334,0.7895833,0.7052083,0.725,0.7166667,0.85833335,0.76458335,0.7895833,0.44166666,0.45000002,0.61041665,0.375,0.57708335,0.65625,0.73541665,0.73541665,0.7520833,0.8229166,0.63958335,0.5875,0.90208334,0.3875,0.51875,0.26041666,0.28958333,0.24375,0.12083334,0.17083332,0.5208333,0.6020833,0.31875,0.28541666,0.7625,0.32083333,0.8416667,0.78125,0.81666666,0.6145833,0.85,0.8875,0.65,0.67499995,0.79791665,0.65,0.16666667,0.7291667,0.16666666,0.4479167,0.43333334,0.61249995,0.50625,0.34375,0.775,0.5104167,0.5854167,0.56041664,0.5083333,0.72291666,0.49374998,0.62395835,0.28333333,0.7291666,0.30833334,0.40208334,0.95416665,0.8333333,0.9895834,0.32708335,0.59375,0.61041665,0.7291666,0.4625,0.56458336,0.7583333,0.51875,0.9875,0.4375,0.8979167,0.68958336,0.8208333,0.6041667,0.79999995,0.56875,0.7166667,0.52916664,0.76875,0.77708334,0.7,0.28958333,0.39375,0.6583333,0.6666667,0.6375,0.82708335,0.4125,0.51666665,0.6791667,0.5,0.57708335,0.5020833,0.75416666,0.8020833,0.65625,0.49583334,0.61875,0.7895833,0.28333333,0.775,0.5083333,0.31875,0.8802083,0.47708333,0.76666665,0.5583333,0.17708333,0.475,0.47708333,0.8354167,0.76875,0.46458334,0.9333333,0.6229167,0.91041666,0.68958336,0.8520833,0.67083335,0.68125,0.86875,0.70208335,0.64375,0.9791667,0.70416665,0.75625,0.5645833,0.76666665,0.58958334,0.64375,0.84375,0.6041667,0.32708335,0.44583333,0.5375,0.70208335,0.7916666,0.825,0.8572917,0.79375005,0.79999995,0.6875,0.6645833,0.9583333,0.6458333,0.70625,0.7625,0.44166666,0.27291667,0.6791667,0.53541666,0.775,0.74583334,0.9604167,0.87083334,0.5375,0.5708333,0.8125,0.7520833,0.6895833,0.81666666,0.6583333,0.55833334,0.42916667,0.5916667,0.7479167,0.5208333,0.7375,0.95625,0.65,0.40416667,0.37916666,0.95625,0.8958334,0.64166665,0.7375,0.17916666,0.825,0.6645833,0.23541668,0.6625,0.91875,0.80625,0.54791665,0.8229167,0.64375,0.5083333,0.6166667,0.67083335,0.53125,0.6666667
BC2026_Train_0006_S09_20250828_000000_10,0.40416667,0.5875,0.13958333,0.25,0.70416665,0.7416667,0.34791666,0.11666667,0.12291667,0.28333333,0.27916667,0.12083333,0.19791666,0.20416667,0.31875,0.24166666,0.04375,0.6895833,0.15625,0.21041666,0.14583334,0.33125,0.31875,0.77708334,0.37708333,0.18958333,0.62916666,0.46458334,0.5708333,0.37916666,0.6645833,0.6791667,0.55625,0.88958335,0.42083335,0.8729167,0.8354167,0.64166665,0.5708333,0.67291665,0.52708334,0.7520833,0.61041665,0.7083333,0.55625,0.5875,0.51458335,0.36666667,0.48333335,0.5333333,0.59791666,0.6020833,0.61041665,0.7708333,0.5708333,0.6,0.9479166,0.22291666,0.6041666,0.23125,0.2125,0.38958335,0.14583334,0.17083333,0.6645833,0.56666666,0.30416667,0.17916667,0.88125,0.28333333,0.76875,0.52708334,0.7125,0.68125,0.82916665,0.95,0.47291666,0.49166667,0.9916667,0.64374995,0.17291668,0.65625,0.1125,0.45625,0.18125,0.67291665,0.5291667,0.27708334,0.64166665,0.5125,0.425,0.56458336,0.5,0.74375,0.6791667,0.65,0.22708333,0.77708334,0.29166666,0.46249998,0.9083333,0.95625,0.96666664,0.27708334,0.37916666,0.775,0.73333335,0.5125,0.44791666,0.6979166,0.41875,0.9333333,0.36875,0.8729167,0.78541666,0.72291666,0.40833333,0.9791666,0.5104166,0.6375,0.5375,0.6458334,0.72291666,0.64166665,0.24166667,0.33125,0.46666667,0.35,0.45625,0.98541665,0.5375,0.54583335,0.7291667,0.4625,0.325,0.51875,0.82916665,0.84375,0.73125005,0.37291667,0.6229167,0.6583333,0.24166667,0.5541667,0.6125,0.31458333,0.97291666,0.58958334,0.69375,0.5020833,0.15208334,0.27291667,0.32708335,0.67499995,0.55833334,0.3125,0.95625,0.61875,0.9583334,0.9583334,0.8541667,0.39999998,0.73125005,0.7458333,0.5833334,0.8625,0.9479166,0.7291666,0.8229166,0.38958332,0.67083335,0.42083335,0.65208334,0.7791667,0.7125,0.29166666,0.57916665,0.37708336,0.5958333,0.79791665,0.7166667,0.75625,0.9270833,0.6583333,0.7625,0.69166666,0.9916667,0.5020833,0.66875,0.8416667,0.22291666,0.16250001,0.68125,0.5,0.70208335,0.675,0.9458333,0.7208333,0.5,0.87916666,0.57916665,0.69166666,0.90208334,0.91041666,0.58124995,0.29791665,0.31041667,0.6020833,0.74375,0.5208333,0.6375,0.94375,0.79583335,0.4583333,0.43541667,0.88750005,0.85833335,0.6145834,0.575,0.12083334,0.7875,0.7208333,0.17916667,0.54583335,0.9875,0.7125,0.54791665,0.92291665,0.55833334,0.27291667,0.58958334,0.5625,0.4375,0.46458334
BC2026_Train_0006_S09_20250828_000000_15,0.32083333,0.625,0.09791666,0.2916667,0.27916667,0.6895833,0.31875,0.0875,0.07291667,0.325,0.22291666,0.12291667,0.14166667,0.17083333,0.30416667,0.28125,0.029166667,0.68333334,0.3020833,0.15416667,0.077083334,0.4791667,0.17083332,0.57395834,0.44375,0.26041666,0.6020833,0.5729166,0.6333333,0.30624998,0.6354167,0.69166666,0.5875,0.8333334,0.39166665,0.84791666,0.8833333,0.65208334,0.47291666,0.73125005,0.5,0.625,0.57916665,0.7125,0.35208333,0.3645833,0.44375,0.27291667,0.43125,0.51458335,0.57708335,0.57916665,0.58125,0.5875,0.6270833,0.56666666,0.975,0.14166667,0.43333334,0.15625,0.2375,0.32083333,0.058333334,0.18958333,0.66041666,0.6333333,0.2375,0.108333334,0.87916666,0.18541667,0.70624995,0.51666665,0.69375,0.39166665,0.71458334,0.90625,0.51666665,0.43125,0.99375,0.69375,0.047916666,0.5416667,0.108333334,0.26458332,0.17291667,0.6791667,0.59375,0.27499998,0.65,0.6020833,0.33749998,0.5958333,0.40416664,0.90208334,0.6125,0.43125,0.2125,0.85833335,0.31041667,0.40833333,0.8854167,0.86249995,0.8958334,0.2125,0.48125,0.65,0.71458334,0.2125,0.4875,0.80625,0.46875,0.96458334,0.41458333,0.9083333,0.5958333,0.76458335,0.47291666,0.9375,0.5520833,0.53541666,0.4125,0.6625,0.8541666,0.60625,0.3229167,0.2875,0.37083334,0.43958333,0.5083333,0.95,0.5072917,0.39374998,0.88750005,0.49166667,0.41875,0.3875,0.81875,0.82708335,0.46875,0.33541667,0.5916667,0.73541665,0.28333333,0.5375,0.4375,0.21458334,0.9125,0.44166666,0.81666666,0.425,0.114583336,0.25625,0.39791667,0.6458334,0.6833333,0.46666664,0.8958334,0.64479166,0.9166666,0.91041666,0.88958335,0.46666664,0.7395833,0.7833333,0.7625,0.8458333,0.8875,0.5875,0.90625,0.45833334,0.65625,0.26875,0.81666666,0.8333334,0.5364584,0.3,0.18541667,0.46875,0.70208335,0.8458333,0.7729167,0.8125,0.8520833,0.6666666,0.6791667,0.75208336,0.9583334,0.6020833,0.72291666,0.71458334,0.28333333,0.14166667,0.5395833,0.36666667,0.6875,0.69166666,0.98125005,0.8375,0.40833336,0.91875,0.78125,0.54375,0.95208335,0.725,0.63125,0.28958333,0.34583333,0.825,0.6791667,0.5833334,0.67291665,0.8,0.98125005,0.32916665,0.35625,0.6020833,0.7895833,0.4270833,0.7270833,0.12083333,0.76458335,0.675,0.10416667,0.4,0.97291666,0.83958334,0.55,0.8708333,0.50625,0.35208333,0.5291667,0.47708333,0.36875,0.57708335
BC2026_Train_0006_S09_20250828_000000_20,0.3375,0.4895833,0.06666666,0.32708335,0.24583334,0.63958335,0.22708333,0.06875,0.12291667,0.35625,0.21666667,0.0625,0.05625,0.2875,0.2375,0.25625002,0.01875,0.66875,0.23541665,0.077083334,0.043750003,0.3625,0.37708333,0.7708334,0.42291665,0.19791666,0.68333334,0.54583335,0.59375,0.23541667,0.74583334,0.68125,0.62083334,0.7416667,0.40416667,0.6791667,0.9875,0.79583335,0.6145834,0.625,0.5104166,0.7791667,0.67291665,0.6854167,0.37708333,0.35729167,0.47500002,0.27708334,0.45,0.5229167,0.65625,0.6625,0.6645833,0.64374995,0.5729166,0.40833333,0.94166666,0.110416666,0.36041665,0.11458333,0.15520833,0.31041667,0.054166667,0.15,0.59375,0.61041665,0.32708332,0.07083333,0.625,0.19375,0.68333334,0.49583334,0.7125,0.33125,0.55,0.7604166,0.5,0.69375,0.9166667,0.8854166,0.03541667,0.4979167,0.13333333,0.46458334,0.1375,0.72291666,0.6645833,0.27708334,0.6854167,0.5645833,0.4895833,0.4125,0.51458335,0.9625,0.5416667,0.4625,0.19791667,0.87083334,0.23125,0.23124999,0.9479167,0.70416665,0.8458333,0.30624998,0.5958333,0.48125,0.76666665,0.20416667,0.5083333,0.8125,0.42291665,0.8104167,0.325,0.9604167,0.5697917,0.8375,0.61041665,0.7166667,0.6125,0.5125,0.5125,0.6354166,0.95624995,0.65625,0.23333335,0.35,0.29375,0.40416667,0.49374998,0.86875,0.27291667,0.409375,0.8958334,0.540625,0.59166664,0.35208333,0.93541664,0.5416666,0.40416664,0.27708334,0.67083335,0.85625005,0.26458335,0.53125,0.39375,0.38750002,0.79583335,0.42291668,0.9145833,0.52708334,0.1125,0.27708334,0.30833334,0.6854167,0.6979167,0.3,0.76458335,0.6229167,0.83125,0.71875,0.8958333,0.74375,0.91041666,0.8104167,0.6125,0.6770834,0.8729167,0.70208335,0.7833333,0.54999995,0.63958335,0.3645833,0.88750005,0.85625,0.60625,0.15416667,0.15416667,0.6385417,0.725,0.84375,0.79583335,0.7708334,0.95000005,0.5916667,0.5541667,0.69375,0.9354167,0.65625,0.7,0.6375,0.24166667,0.18125,0.57916665,0.39791667,0.6458334,0.8354167,0.9895834,0.83124995,0.17083333,0.82500005,0.85625,0.55,0.975,0.80833334,0.56666666,0.32291666,0.21458334,0.8520833,0.70729166,0.5833334,0.6854167,0.81458336,0.94375,0.31666666,0.34166667,0.79583335,0.8229166,0.12916666,0.70416665,0.1,0.7708334,0.6479167,0.18958333,0.5333333,0.84375,0.93125,0.54583335,0.86041665,0.4125,0.40625,0.51875,0.5333333,0.40833333,0.6479167
BC2026_Train_0006_S09_20250828_000000_25,0.46875,0.5416667,0.16041666,0.38125,0.7583333,0.75416666,0.28958333,0.11666667,0.15833335,0.47083333,0.2875,0.14375,0.110416666,0.6375,0.34375,0.29791665,0.047916666,0.8229166,0.15,0.12291667,0.25416666,0.40520835,0.51875,0.9,0.62083334,0.25416666,0.7770833,0.37916666,0.6229167,0.28125,0.79583335,0.79999995,0.73125,0.81666666,0.65208334,0.76666665,0.9479166,0.8125,0.7875,0.63125,0.73333335,0.88958335,0.76250005,0.81875,0.6166667,0.5958333,0.70416665,0.525,0.62083334,0.58958334,0.75416666,0.7583333,0.7583333,0.89166665,0.62916666,0.4,0.8333333,0.18958333,0.5729166,0.28333333,0.16979167,0.35833332,0.09583333,0.19791667,0.4479167,0.7520833,0.27291667,0.29375,0.775,0.4270833,0.73125,0.51458335,0.92499995,0.7125,0.56875,0.7104167,0.57708335,0.875,0.87916666,0.90208334,0.18333334,0.66875005,0.30208334,0.22291666,0.5208334,0.76666665,0.76458335,0.30416667,0.67499995,0.7916666,0.59375,0.40833336,0.75,0.9354167,0.5520833,0.8645833,0.21666667,0.78125,0.37083334,0.51458335,0.98541665,0.95,0.95416665,0.51666665,0.36666667,0.4791667,0.7583333,0.30833334,0.70416665,0.7375,0.6020833,0.775,0.43541667,0.94166666,0.775,0.8833333,0.6145834,0.87916666,0.47916666,0.70000005,0.7,0.6625,0.9479166,0.8041667,0.25,0.6270833,0.48125,0.34791666,0.5208334,0.9708333,0.34583333,0.68645835,0.88958335,0.63958335,0.6229167,0.5625,0.9916667,0.37708336,0.5291667,0.33125,0.58125,0.8833333,0.31458333,0.8333334,0.47291666,0.6645833,0.9458333,0.6479167,0.8104167,0.7583333,0.26875,0.5,0.39791667,0.7291667,0.70416665,0.48541665,0.8416667,0.83125,0.76458335,0.56041664,0.88125,0.65208334,0.91041666,0.875,0.7729167,0.5916667,0.8666667,0.92291665,0.8520833,0.44166666,0.73541665,0.59375,0.81875,0.8979167,0.8354167,0.11666667,0.44166666,0.64166665,0.7583333,0.69166666,0.825,0.6958333,0.9791666,0.7270833,0.56666666,0.76666665,0.95208335,0.5729166,0.6520833,0.8666667,0.3375,0.32708335,0.6229167,0.55,0.8104167,0.9770833,0.975,0.703125,0.22083333,0.89166665,0.6041666,0.8208333,0.9375,0.9125,0.6479167,0.45,0.37708333,0.5875,0.6770833,0.49583334,0.76250005,0.9083333,0.82916665,0.6458334,0.31458336,0.95416665,0.8833333,0.21041667,0.75416666,0.38541666,0.825,0.59375,0.047916666,0.68333334,0.6791667,0.84791666,0.6229167,0.80625,0.7104167,0.51666665,0.55833334,0.7791667,0.6333333,0.67291665
BC2026_Train_0006_S09_20250828_000000_30,0.62916666,0.6958333,0.14791666,0.42916667,0.65416664,0.66041666,0.28645834,0.17083333,0.13333334,0.4,0.25416666,0.16458333,0.12916666,0.175,0.35,0.3333333,0.027083334,0.6020833,0.21041667,0.18541667,0.19166666,0.46458334,0.36041665,0.8875,0.54375,0.23333335,0.8104167,0.51458335,0.67291665,0.31458333,0.88958335,0.87083334,0.7104167,0.81875,0.7479167,0.8854167,0.9479166,0.8541666,0.74375,0.76666665,0.7479167,0.8958333,0.8875,0.8958333,0.64166665,0.63750005,0.73541665,0.6354167,0.60833335,0.7125,0.87916666,0.8833333,0.8833333,0.875,0.7395834,0.41666666,0.8520833,0.15208334,0.5395833,0.15625,0.15416667,0.175,0.10208334,0.23125,0.57708335,0.66875005,0.30208334,0.17916667,0.67083335,0.25,0.7104167,0.5395833,0.89166665,0.32083333,0.60833335,0.825,0.7583333,0.85833335,0.8833333,0.8979167,0.18333334,0.68125,0.15208334,0.3541667,0.47291666,0.7520833,0.52708334,0.35208333,0.7208333,0.8104167,0.60833335,0.41041666,0.57916665,0.975,0.56875,0.4354167,0.31458333,0.8666667,0.43541667,0.51666665,0.94375,0.98333335,0.80833334,0.3541667,0.34166667,0.6479167,0.8041667,0.40833333,0.65208334,0.5958333,0.54583335,0.7166667,0.65208334,0.8770833,0.7833333,0.84791666,0.6208333,0.7895833,0.41875,0.80104166,0.5916667,0.59166664,0.94166666,0.7875,0.28958333,0.46041667,0.425,0.33958334,0.60833335,0.7708334,0.4791667,0.56666666,0.8729167,0.62916666,0.6354167,0.6,0.89270836,0.46041667,0.58125,0.3541667,0.51666665,0.8208333,0.39791667,0.73541665,0.49791664,0.6125,0.93541664,0.475,0.8145833,0.70416665,0.33958334,0.28125,0.49166667,0.80625,0.74375,0.6645833,0.83958334,0.86249995,0.77708334,0.65,0.85,0.65,0.86875,0.9166666,0.8416667,0.57916665,0.90208334,0.7291667,0.7125,0.6854167,0.7625,0.46145833,0.85833335,0.91041666,0.8125,0.31666666,0.49166667,0.36041665,0.87083334,0.6333333,0.73125005,0.7270833,0.9625,0.69375,0.58125,0.6666666,0.94375,0.7208333,0.8395833,0.60625,0.4583333,0.23541667,0.49791664,0.43958336,0.83958334,0.9708333,0.9666667,0.7416667,0.29791668,0.89375,0.58124995,0.94166666,0.9875,0.69375,0.51875,0.49374998,0.3375,0.64166665,0.8125,0.39791667,0.6979166,0.81666666,0.7395833,0.66875005,0.27291667,0.7729167,0.88125,0.22291666,0.6604167,0.28958333,0.9270834,0.44791666,0.09375,0.6854167,0.76458335,0.85833335,0.6145833,0.78125,0.78125,0.51666665,0.5208333,0.7395834,0.69375,0.75416666
BC2026_Train_0006_S09_20250828_000000_35,0.6270833,0.6979167,0.28958333,0.5416666,0.12916666,0.825,0.6145834,0.46666667,0.108333334,0.45416665,0.20208333,0.19166666,0.13958333,0.083333336,0.6270833,0.22708333,0.045833334,0.5229167,0.15208334,0.24791667,0.10625,0.35729167,0.57916665,0.76458335,0.47291666,0.3958333,0.6947917,0.5125,0.5958333,0.35833335,0.8770833,0.8354167,0.73541665,0.9395833,0.56041664,0.98125005,0.97291666,0.87916666,0.74375,0.8125,0.76875,0.90208334,0.8354167,0.84375,0.5833333,0.5541667,0.7104167,0.5708333,0.6583333,0.74375,0.82708335,0.82708335,0.82500005,0.8770833,0.7125,0.775,0.8645834,0.09166667,0.8666667,0.14375,0.08125,0.30833334,0.13125001,0.125,0.6791667,0.51666665,0.37291667,0.27708334,0.80625,0.28958333,0.82500005,0.66875,0.8229166,0.17500001,0.8458333,0.7916666,0.525,0.7729167,0.76458335,0.8979167,0.1,0.60833335,0.14375,0.50416666,0.625,0.95625,0.43125,0.40208334,0.6958333,0.6645833,0.53125,0.51458335,0.61875,0.9979167,0.66875,0.4479167,0.60625,0.85625005,0.43541664,0.56875,0.9270834,0.9083333,0.76458335,0.30833334,0.44791666,0.71458334,0.7895833,0.48125,0.5520833,0.7166667,0.5395833,0.95208335,0.5125,0.9895834,0.68125,0.8020833,0.5708333,0.95208335,0.41875,0.9,0.66041666,0.5708333,0.84791666,0.775,0.2125,0.39166665,0.46875,0.41875002,0.5625,0.7291666,0.62291664,0.41041666,0.91875005,0.5958333,0.6020833,0.43125,0.8104167,0.6583333,0.6979166,0.29375,0.5541667,0.8625,0.46666664,0.85833335,0.60833335,0.33125,0.92291665,0.5,0.87916666,0.6854167,0.13541666,0.34375,0.57708335,0.9354167,0.81875,0.6770834,0.8458333,0.7083334,0.86041665,0.70000005,0.91875005,0.7145833,0.8375,0.9979167,0.7625,0.471875,0.9979167,0.8958334,0.72291666,0.52708334,0.91041666,0.44375002,0.7208333,0.86249995,0.71458334,0.5125,0.19166666,0.31666666,0.85625,0.81458336,0.71875,0.85833335,0.975,0.7541667,0.6270833,0.6625,0.94375,0.7291667,0.75625,0.87083334,0.5520833,0.31458333,0.8229166,0.54375,0.7229167,0.93125,0.99583334,0.73541665,0.44583333,0.99375,0.61041665,0.7083334,0.95208335,0.775,0.625,0.39791667,0.6739583,0.8333333,0.8354167,0.44375,0.61041665,0.86041665,0.7395834,0.4375,0.3375,0.80625,0.9458333,0.42291665,0.63125,0.2875,0.9708333,0.43333334,0.13541666,0.51875,0.82708335,0.9041667,0.7791667,0.93333334,0.75,0.64375,0.6458333,0.7708334,0.67499995,0.5833333
BC2026_Train_0006_S09_20250828_000000_40,0.44375002,0.6375,0.26666665,0.4479167,0.06666667,0.7104167,0.5104167,0.42291665,0.09583334,0.29375,0.1875,0.22916666,0.18958333,0.35833332,0.57916665,0.22083333,0.09583334,0.73333335,0.30208334,0.26458335,0.12083334,0.38958335,0.79375,0.73125,0.43958336,0.4708333,0.62916666,0.575,0.6854167,0.3125,0.82916665,0.93333334,0.57708335,0.8541666,0.41458333,0.95416665,0.98333335,0.8541666,0.6958333,0.7447917,0.6770833,0.85,0.75416666,0.9458333,0.5604167,0.50625,0.5729167,0.47708333,0.5875,0.6916667,0.7520833,0.7520833,0.75416666,0.78541666,0.59791666,0.69166666,0.8375,0.12916666,0.7625,0.2375,0.10625,0.325,0.17083333,0.14166667,0.57916665,0.6,0.35833335,0.17708334,0.71875,0.28125,0.85625,0.8666667,0.89479166,0.17708333,0.775,0.7875,0.63958335,0.75208336,0.8958334,0.7395834,0.21875,0.78125,0.12291667,0.6229167,0.5645833,0.8541666,0.6895833,0.33541667,0.82708335,0.6875,0.58125,0.5833333,0.6270833,0.9604167,0.64166665,0.37291667,0.49166667,0.85625,0.45833334,0.5958333,0.96458334,0.7479167,0.8416667,0.275,0.5,0.5916667,0.76666665,0.62083334,0.5833334,0.81666666,0.57916665,0.8041667,0.61875,1.0,0.66875005,0.83958334,0.6958333,0.81041664,0.8041667,0.9020833,0.54791665,0.7104167,0.8125,0.75,0.27916667,0.39999998,0.5854167,0.54791665,0.7208333,0.61041665,0.42708334,0.5229167,0.8833333,0.6,0.6,0.52916664,0.76874995,0.5604167,0.6583333,0.38333333,0.61875,0.83124995,0.63750005,0.79375,0.5333333,0.34583333,0.8333334,0.5708333,0.8770833,0.75416666,0.27083334,0.2625,0.5520833,0.92291665,0.7416667,0.6270833,0.87083334,0.76250005,0.9270834,0.6041667,0.95208335,0.8145833,0.82500005,0.9979167,0.8125,0.5854167,0.9,0.9916667,0.9,0.5333333,0.81875,0.5229167,0.82916665,0.9458333,0.63958335,0.40416664,0.32916665,0.4791667,0.73125,0.8229166,0.7791667,0.8979167,0.99583334,0.79583335,0.69375,0.81875,0.9583334,0.76458335,0.81875,0.9270833,0.45,0.25,0.8541666,0.7125,0.7916666,0.8333334,0.98125005,0.83958334,0.49583334,0.9083333,0.8208333,0.67291665,0.8958334,0.86041665,0.6791667,0.425,0.70000005,0.8208333,0.82500005,0.5604167,0.70208335,0.9395833,0.8979167,0.44166666,0.37083334,0.93333334,0.875,0.25833333,0.7729167,0.43541664,0.91875005,0.7125,0.30208334,0.65208334,0.84791666,0.9125,0.69375,0.91041666,0.6958333,0.63958335,0.63125,0.71875,0.74583334,0.78125
BC2026_Train_0006_S09_20250828_000000_45,0.38125,0.5729166,0.18541667,0.375,0.25,0.70208335,0.41458333,0.38958332,0.108333334,0.27916667,0.23125,0.19583333,0.5020833,0.4875,0.5395833,0.29791668,0.06458333,0.83958334,0.23958334,0.36041665,0.2708333,0.4791667,0.5916667,0.725,0.47708333,0.41458333,0.61041665,0.60625,0.5729167,0.26666665,0.72291666,0.8104167,0.5208333,0.80625,0.44583333,0.8958334,0.95624995,0.7520833,0.5729167,0.7166667,0.5395833,0.73333335,0.6770834,0.81875,0.5291667,0.5125,0.55833334,0.46875,0.52500004,0.56666666,0.67083335,0.6791667,0.6770834,0.69375,0.6145833,0.6166667,0.8208333,0.225,0.67291665,0.38958335,0.18333334,0.375,0.13125001,0.20833334,0.55,0.60625,0.20416667,0.225,0.6166667,0.22083333,0.9291667,0.9666667,0.82916665,0.15625,0.7375,0.83958334,0.61875,0.7104167,0.8729167,0.7395833,0.18541667,0.8708333,0.24791667,0.41458333,0.5104167,0.85625,0.6625,0.43958333,0.82708335,0.58125,0.65,0.56875,0.6479167,0.7791667,0.51875,0.45,0.39166665,0.80833334,0.38333333,0.41250002,0.96666664,0.84375,0.9145833,0.43541664,0.36874998,0.58125,0.74583334,0.6958333,0.51875,0.85625,0.5875,0.8020834,0.58958334,0.9916667,0.7,0.8020834,0.7083334,0.62916666,0.76666665,0.82916665,0.52708334,0.73541665,0.75625,0.73125,0.24374999,0.34166667,0.51875,0.57708335,0.76875,0.6041666,0.36249998,0.59791666,0.7947917,0.65625,0.6375,0.58958334,0.76250005,0.7833333,0.61875,0.36666667,0.7375,0.74583334,0.52708334,0.6770834,0.44791666,0.40833333,0.93125,0.6166667,0.76875,0.79583335,0.16666667,0.40208334,0.60625,0.8375,0.74375,0.58125,0.9166667,0.71875,0.86875,0.57916665,0.95208335,0.75,0.8,0.92083335,0.79375,0.5604167,0.8458333,0.9291667,0.9145833,0.68125,0.72291666,0.54583335,0.7270833,0.9583334,0.6375,0.44166666,0.5541667,0.56666666,0.7291666,0.6479167,0.8333334,0.92291665,0.9875,0.75625,0.6354166,0.8416667,0.98333335,0.7520833,0.9125,0.87187505,0.45,0.23541667,0.9041667,0.67083335,0.7583333,0.75,0.95624995,0.9458333,0.6020833,0.62083334,0.86875,0.8625,0.89166665,0.8854166,0.68125,0.33124998,0.5645833,0.70625,0.9083333,0.7083334,0.7083334,0.92291665,0.9135417,0.48125002,0.29375,0.92291665,0.8875,0.14375001,0.7875,0.28125,0.8354167,0.6625,0.30833334,0.7375,0.90625,0.8416667,0.74375,0.81875,0.6895833,0.6770834,0.57916665,0.6875,0.66875,0.73749995
BC2026_Train_0006_S09_20250828_000000_50,0.40625,0.5604167,0.14166667,0.34166667,0.575,0.54791665,0.5416666,0.50416666,0.21458334,0.30416667,0.21458334,0.16666666,0.7229167,0.15833333,0.40625,0.325,0.052083336,0.83125,0.21041667,0.36666667,0.35208333,0.375,0.5229167,0.91875,0.5125,0.34791666,0.7375,0.63958335,0.55625,0.375,0.70625,0.8520833,0.72291666,0.91041666,0.52500004,0.95416665,0.9583334,0.73125005,0.62083334,0.75,0.6645833,0.796875,0.71458334,0.87083334,0.5729166,0.56875,0.57916665,0.6583333,0.5520833,0.5875,0.6958333,0.6958333,0.69375,0.8229167,0.56666666,0.47083333,0.81666666,0.20833333,0.65625,0.6958333,0.19166668,0.29375,0.18541667,0.20208333,0.48125,0.70625,0.23333333,0.1625,0.5208334,0.20833334,0.8791667,0.8854167,0.9354167,0.12291667,0.8479167,0.8416667,0.5729166,0.7583333,0.85625,0.6645833,0.15833333,0.875,0.34166667,0.21041666,0.43125,0.94166666,0.68333334,0.53125,0.80833334,0.7083334,0.46041667,0.6458333,0.5083333,0.73541665,0.6,0.30416667,0.5375,0.79375,0.459375,0.43125,0.9770833,0.97083336,0.8541666,0.475,0.58958334,0.6583333,0.81666666,0.55,0.6354166,0.85625,0.62083334,0.94375,0.6166667,0.9895834,0.7833333,0.8020834,0.73125,0.5520834,0.81875,0.8666667,0.5395833,0.7458333,0.8458333,0.7395833,0.27708334,0.4479167,0.39166665,0.625,0.8104167,0.5833333,0.3229167,0.43958333,0.7916667,0.7208333,0.53125,0.5541667,0.7270833,0.94166666,0.72291666,0.44166666,0.5333333,0.83124995,0.5958333,0.80625,0.54791665,0.62916666,0.9895834,0.675,0.79375,0.70416665,0.18958333,0.41666666,0.5604167,0.9604167,0.8625,0.61041665,0.9375,0.7791667,0.82500005,0.6791667,0.83125,0.69166666,0.77708334,0.97291666,0.80833334,0.64374995,0.94375,0.8666667,0.9458333,0.6145834,0.73541665,0.5395833,0.6895833,0.98541665,0.7583333,0.40625,0.6697917,0.75208336,0.75625,0.57708335,0.89375,0.9395833,0.98541665,0.7604166,0.70000005,0.6875,0.96875,0.8125,0.7625,0.8208333,0.45208335,0.3333333,0.9270833,0.6479167,0.8041667,0.86041665,0.9604167,0.9041667,0.4270833,0.54583335,0.91875,0.9625,0.9458333,0.9479166,0.82708335,0.40208334,0.525,0.5833333,0.925,0.79791665,0.82916665,0.87083334,0.80625,0.62083334,0.24583334,0.9875,0.9166667,0.15416667,0.8666667,0.15625,0.8854166,0.73541665,0.35208333,0.73333335,0.8625,0.88958335,0.86875,0.8458333,0.77708334,0.7208333,0.50625,0.7791667,0.64166665,0.78541666
BC2026_Train_0006_S09_20250828_000000_55,0.45,0.5416667,0.0875,0.38958335,0.18333334,0.6333333,0.3333333,0.29791668,0.06875,0.45208332,0.22708333,0.1,0.41041666,0.054166667,0.29166666,0.28541666,0.047916666,0.675,0.2,0.32083333,0.13333334,0.32708335,0.3125,0.6583333,0.6270833,0.21041667,0.7729167,0.6333333,0.6208333,0.22708333,0.73541665,0.8020834,0.73125,0.78541666,0.38125002,0.88125,0.9916667,0.8333333,0.56875,0.759375,0.6,0.76875,0.71458334,0.80833334,0.40000004,0.3854167,0.5,0.45,0.48125,0.60833335,0.7208333,0.7114583,0.7104167,0.71458334,0.63125,0.34166667,0.8354167,0.14375001,0.45625,0.22916667,0.14166667,0.25833333,0.175,0.19375,0.525,0.46875,0.26666668,0.17708333,0.65208334,0.19583333,0.7791667,0.7125,0.74375,0.2875,0.775,0.79999995,0.50625,0.6333333,0.8854166,0.7104167,0.08541667,0.7833333,0.13541666,0.27708334,0.22083333,0.8666667,0.5083333,0.46145833,0.7416667,0.53125,0.46458334,0.49791667,0.3875,0.9166667,0.4375,0.21875,0.31458333,0.8458333,0.3229167,0.2125,0.98541665,0.8458333,0.79375,0.31458333,0.55625,0.5625,0.71458334,0.28541666,0.49166667,0.7479167,0.40625,0.875,0.36666667,0.96875,0.71458334,0.8979167,0.61875,0.6541667,0.8208333,0.69166666,0.69375,0.58958334,0.85833335,0.6625,0.225,0.35625,0.32916665,0.3875,0.7791667,0.71458334,0.30208334,0.33541667,0.8833333,0.67291665,0.4583333,0.4625,0.8854166,0.9291667,0.6958333,0.34583333,0.7291667,0.92291665,0.6125,0.68125,0.53125,0.25,0.9479166,0.44791666,0.8520833,0.54583335,0.17708334,0.27916667,0.35416666,0.8104167,0.7604166,0.43333334,0.88958335,0.75416666,0.7729167,0.6875,0.90625,0.82916665,0.8041667,0.9625,0.6145833,0.72291666,0.8979167,0.8104167,0.9625,0.6145833,0.60833335,0.36874998,0.7270833,0.97291666,0.6458334,0.225,0.54375,0.54791665,0.74375,0.6625,0.8541666,0.84375,0.9875,0.6645833,0.60833335,0.7,0.91041666,0.58124995,0.82708335,0.7541667,0.39166665,0.16458333,0.51458335,0.35625,0.7520833,0.8708333,0.925,0.90625,0.24375,0.80833334,0.88750005,0.82916665,0.7916666,0.9895834,0.78125,0.38020834,0.34791666,0.7583333,0.8645834,0.64166665,0.7125,0.80833334,0.8875,0.49166667,0.35625,0.9104167,0.79583335,0.099999994,0.8,0.18541667,0.8541667,0.7104167,0.077083334,0.43958333,0.70000005,0.9291667,0.7895833,0.7604166,0.41458333,0.42916667,0.46875,0.575,0.45625,0.8208333
BC2026_Train_0006_S09_20250828_000000_60,0.6979166,0.48333335,0.087500006,0.41458333,0.1875,0.42291665,0.47708333,0.34583333,0.17291667,0.3875,0.22916666,0.19166666,0.16458333,0.12083333,0.46666667,0.35416666,0.14375001,0.70416665,0.22083333,0.077083334,0.074999996,0.28541666,0.375,0.6541667,0.70416665,0.28125,0.85833335,0.4583333,0.43333334,0.22291666,0.82916665,0.6770834,0.61875,0.74375,0.32916665,0.76874995,0.9708333,0.8666667,0.5604167,0.6354167,0.6354166,0.7479167,0.7083334,0.66041666,0.31041667,0.3020833,0.5104166,0.38958335,0.54583335,0.7,0.7291667,0.73333335,0.7229167,0.6489583,0.6125,0.5208333,0.86041665,0.12708333,0.4791667,0.09583334,0.19375,0.3625,0.06875,0.15416667,0.49583334,0.41875,0.26250002,0.15208334,0.5416666,0.175,0.6958333,0.5708333,0.6458334,0.6354166,0.6625,0.79791665,0.4166667,0.4791667,0.9645833,0.61875,0.079166666,0.6145834,0.07083333,0.34375,0.14583333,0.85625005,0.475,0.45,0.70208335,0.6145833,0.51666665,0.51666665,0.27916667,0.82708335,0.62083334,0.33541667,0.26875,0.8625,0.22083333,0.32708335,0.9375,0.42083335,0.825,0.13854167,0.39375,0.57916665,0.7395833,0.39375,0.46250004,0.75,0.42708334,0.7916667,0.3333333,0.90208334,0.5875,0.8416667,0.51875,0.67291665,0.5708333,0.5541667,0.53125,0.525,0.7895833,0.56041664,0.06875,0.34166667,0.28333333,0.31875,0.6895833,0.8833333,0.43333334,0.32083333,0.78125,0.54791665,0.3854167,0.6958333,0.821875,0.54583335,0.58958334,0.3541667,0.8885417,0.8645834,0.42708334,0.5395833,0.6145834,0.1375,0.81666666,0.4625,0.8354167,0.50416666,0.13125,0.29375002,0.32708335,0.67083335,0.53541666,0.3854167,0.82500005,0.5520834,0.825,0.65625,0.93333334,0.48125,0.65625,0.81666666,0.61249995,0.575,0.8145833,0.83124995,0.8,0.35625,0.62916666,0.49374998,0.6958333,0.9375,0.54375,0.11666666,0.26041666,0.42291668,0.6541667,0.66875,0.6666666,0.8,0.9145833,0.6541667,0.59583336,0.70208335,0.975,0.5541667,0.7395834,0.87083334,0.3625,0.14166667,0.8125,0.30416667,0.5958333,0.72291666,0.9270834,0.78541666,0.3333333,0.66875,0.65208334,0.65625,0.9604167,0.91041666,0.64166665,0.21875,0.34583333,0.65208334,0.8666667,0.43958333,0.62083334,0.7916666,0.70416665,0.24583334,0.26666668,0.95624995,0.8416667,0.21458334,0.7229167,0.0875,0.775,0.46666667,0.027083334,0.58958334,0.72291666,0.87083334,0.6479167,0.81666666,0.55833334,0.3,0.51666665,0.5958333,0.39791667,0.6791667
BC2026_Train_0007_S09_20250829_000000_5,0.64166665,0.67083335,0.25208333,0.19375,0.15,0.69375,0.20208333,0.22916666,0.14791667,0.22916666,0.24166667,0.09583333,0.10208333,0.475,0.5395833,0.38125,0.21875,0.9666667,0.47708333,0.6020833,0.19166668,0.5916667,0.525,0.6020833,0.5729166,0.3,0.9291667,0.5541667,0.7104167,0.33333334,0.69375,0.8104167,0.60625005,0.5541667,0.7083333,0.725,0.8729167,0.6854167,0.59166664,0.7166667,0.7083334,0.76666665,0.7916666,0.83125,0.6958333,0.70625,0.725,0.55833334,0.70624995,0.7083333,0.7875,0.7729167,0.78125,0.725,0.70624995,0.51666665,0.8020833,0.3125,0.5229167,0.08125,0.33125,0.15833333,0.16458333,0.23958333,0.8,0.7729167,0.64166665,0.32083333,0.6125,0.45,0.64166665,0.425,0.8520833,0.0625,0.5229167,0.98541665,0.8104167,0.89375,0.5958333,0.93333334,0.67291665,0.775,0.54791665,0.9875,0.63958335,0.85625005,0.95,0.56666666,0.9625,0.6791667,0.33541667,0.45625,1.0,0.75625,0.7416667,0.84583336,0.3625,0.82708335,0.65,0.9375,0.8416667,0.60833335,0.53125,0.30833334,0.4083333,0.9145833,0.79583335,0.54583335,0.98541665,0.9895834,0.93333334,0.62083334,0.43958333,0.62083334,0.6166667,0.92083335,0.7583333,0.6541667,0.52708334,0.7270833,0.68125,0.95,0.97291666,0.99583334,0.22291666,0.8354167,0.59791666,0.6145834,0.73333335,0.5208334,0.30416667,0.8020834,0.94375,0.86041665,0.98125,0.6895833,0.60833335,0.35833332,0.57708335,0.40000004,0.8979167,0.990625,0.6333333,0.9145833,0.41770834,0.6458333,0.70208335,0.6,0.8625,0.68333334,0.9770833,0.63958335,0.66875005,0.8541667,0.84375,0.82708335,0.875,0.775,0.87708336,0.7708333,1.0,0.7479167,0.9583333,0.60625,0.90208334,0.5541667,0.45,0.9083333,0.625,0.875,0.975,0.78541666,0.83958334,0.7604166,0.8125,0.6333333,0.89166665,0.31875,0.9270833,0.5520834,0.87083334,0.6458334,0.4625,0.90625,0.7833333,0.9916667,0.49375,0.8541666,0.6229167,0.42916667,0.56458336,0.6,0.6145834,0.7604167,0.94166666,0.8520833,0.9979167,0.89166665,0.8833333,0.42291665,0.5708333,0.65,0.37083334,0.8020833,0.6854167,0.87916666,0.53541666,0.69166666,0.5083333,0.85625005,0.93125,0.9916667,0.99583334,0.77708334,0.32083333,0.52916664,0.8375,0.41458333,0.67083335,0.7416667,0.8729167,0.7791667,0.9270833,0.9666667,0.6375,0.8958333,0.7375,0.98125005,0.875,0.96875,0.9979167,0.88750005,0.93125,0.7875
BC2026_Train_0007_S09_20250829_000000_10,0.6583333,0.6,0.18958333,0.24583334,0.26666668,0.63125,0.34375,0.14583333,0.20208333,0.21666667,0.28333333,0.1375,0.14375,0.53333336,0.50625,0.41875,0.20833334,0.97291666,0.45208335,0.44166666,0.30833334,0.54375,0.45000002,0.70625,0.72291666,0.625,0.9770833,0.70208335,0.7104167,0.2875,0.73125005,0.86041665,0.58124995,0.57916665,0.7729167,0.7875,0.90833336,0.68125,0.6270833,0.6020833,0.7270833,0.8104167,0.8416667,0.85833335,0.66041666,0.6479167,0.69166666,0.55625,0.6333333,0.69375,0.80833334,0.79999995,0.8041667,0.85,0.63125,0.5416667,0.8875,0.3854167,0.47291666,0.08333333,0.33541667,0.17291667,0.12708333,0.15208334,0.64166665,0.8208333,0.5729167,0.22708333,0.63958335,0.34166667,0.6791667,0.48541665,0.8125,0.15,0.65,0.98541665,0.6645833,0.775,0.5125,0.70625,0.53541666,0.68333334,0.48541668,0.90625,0.6354166,0.625,0.9895834,0.46249998,0.90208334,0.6354166,0.46041667,0.6458334,0.9822917,0.7729167,0.5291667,0.36666667,0.26458335,0.7895833,0.5520834,0.9791666,0.86041665,0.5541667,0.76874995,0.42083332,0.5083333,0.75,0.85833335,0.5229167,0.9979167,0.98333335,0.75625,0.6875,0.5083333,0.57916665,0.584375,0.87291664,0.7,0.7395834,0.43125,0.59375,0.6854167,0.95624995,0.9479166,0.96458334,0.37916666,0.73541665,0.54375005,0.7104167,0.70624995,0.68125,0.4375,0.6854167,0.82500005,0.85625005,0.98333335,0.675,0.6458333,0.47916666,0.67291665,0.45208335,0.8645833,1.0,0.6375,0.90208334,0.4375,0.5625,0.7270833,0.5208333,0.834375,0.87291664,0.86041665,0.5958333,0.53125,0.8145833,0.7416667,0.97291666,0.9125,0.8,0.9708333,0.7291666,0.9895834,0.66875,0.8020834,0.79375,0.7708333,0.37291667,0.37291667,0.8145833,0.7729167,0.9291667,0.80625,0.7416667,0.8979167,0.9041667,0.775,0.78125,0.7125,0.43125,0.8208333,0.44583333,0.7895833,0.6666667,0.2875,0.9,0.7625,0.9458333,0.60833335,0.7625,0.68333334,0.7479167,0.5229167,0.42499998,0.425,0.8041667,0.8854166,0.9125,0.92083335,0.9291667,0.79791665,0.44375,0.71458334,0.54375,0.57916665,0.87083334,0.7291666,0.7291666,0.4791667,0.7708334,0.47708333,0.79791665,0.90625,1.0,0.90625,0.71875,0.40833333,0.7083334,0.8208333,0.65625,0.77708334,0.73333335,0.8666667,0.47500002,0.9625,0.93333334,0.76666665,0.9145833,0.5958333,0.87916666,0.7604166,0.92291665,0.9666667,0.7729167,0.87916666,0.68333334
BC2026_Train_0007_S09_20250829_000000_15,0.4479167,0.51666665,0.34166667,0.46458334,0.62083334,0.6354167,0.37083334,0.15208334,0.40833333,0.32291666,0.33333334,0.2625,0.16041668,0.6875,0.57708335,0.6645833,0.30833334,0.97291666,0.42291665,0.37708333,0.25,0.62083334,0.41041666,0.65,0.7125,0.7583333,0.89375,0.6875,0.7833333,0.41041666,0.6270833,0.9458333,0.6666666,0.60833335,0.57708335,0.85,0.90208334,0.70000005,0.65625,0.5395833,0.62916666,0.7395834,0.67291665,0.9375,0.68333334,0.65,0.52708334,0.65208334,0.56875,0.66041666,0.65625,0.66041666,0.66041666,0.82916665,0.5020833,0.7125,0.96875,0.3958333,0.70625,0.20833333,0.48125002,0.45208332,0.20208332,0.29375,0.8833333,0.825,0.55625,0.27916667,0.8854167,0.41458333,0.89375,0.62916666,0.8979167,0.41458333,0.7875,0.99583334,0.67083335,0.925,0.8020834,0.70416665,0.75,0.75625,0.43958336,0.5708333,0.33958334,0.725,0.9020833,0.42916667,0.81666666,0.6375,0.38958335,0.7833333,0.75,0.8666667,0.7291666,0.42291665,0.35416666,0.7729167,0.51666665,0.9479166,0.8729167,0.84791666,0.9104167,0.4791667,0.37083334,0.69375,0.95624995,0.6145834,0.93333334,0.9666667,0.93125,0.70000005,0.65208334,0.79583335,0.73333335,0.84375,0.68958336,0.9708333,0.6875,0.5833334,0.78541666,0.9604167,0.95208335,0.8729167,0.28541666,0.71875,0.4791667,0.7916666,0.85625005,0.96875,0.6625,0.8145833,0.92291665,0.6895833,0.7916667,0.6,0.78541666,0.6645833,0.9708333,0.5104167,0.8,0.9947916,0.86041665,0.96458334,0.65,0.4041667,0.9354167,0.75,0.9083333,0.91875,0.6166667,0.6958333,0.8125,0.75625,0.63958335,0.9875,0.9708333,0.94166666,0.9708333,0.91041666,0.8875,0.80833334,0.8354167,0.7895833,0.85,0.73125005,0.5083333,0.7291666,0.80625,0.7479167,0.8,0.8145833,0.9270833,0.9791666,0.7479167,0.82708335,0.8458333,0.5020833,0.91041666,0.55833334,0.9270834,0.61249995,0.41875,0.9458333,0.6583333,0.86041665,0.8645833,0.76458335,0.95,0.91041666,0.64166665,0.40625,0.73125005,0.8020833,0.87916666,0.9875,0.85,0.97291666,0.8333334,0.67291665,0.7791667,0.45624998,0.8416667,0.975,0.8958333,0.69166666,0.625,0.81875,0.7166667,0.7604166,0.95,0.99583334,0.70416665,0.85625,0.57708335,0.8729167,0.9291667,0.97291666,0.7791667,0.8958334,0.8645834,0.725,0.78125,0.89166665,0.88125,0.93125,0.82916665,0.8,0.76666665,0.7791667,0.8354167,0.70208335,0.7625,0.825
BC2026_Train_0007_S09_20250829_000000_20,0.4791667,0.6166667,0.52708334,0.37083334,0.85833335,0.9,0.46249998,0.34791666,0.39791667,0.425,0.42291665,0.38333333,0.35625,0.825,0.8020834,0.6979166,0.6166667,0.98333335,0.48333335,0.68333334,0.4625,0.90625,0.6458334,0.55833334,0.8145833,0.6125,0.85,0.57916665,0.76666665,0.60520834,0.6125,0.9395833,0.7166667,0.41250002,0.59791666,0.7083333,0.8229166,0.59791666,0.6916667,0.51874995,0.5333333,0.76250005,0.625,0.925,0.7416667,0.7270833,0.55833334,0.73333335,0.56666666,0.5520834,0.64166665,0.6354166,0.6354166,0.71875,0.56666666,0.89374995,0.9708333,0.33541667,0.8541666,0.53541666,0.5875,0.67291665,0.275,0.37916666,0.9708333,0.79583335,0.59791666,0.55833334,0.9375,0.5729167,0.91041666,0.6875,0.89166665,0.68333334,0.63125,0.95416665,0.94375,0.9395833,0.87083334,0.8041667,0.89166665,0.9666667,0.38333333,0.775,0.44375002,0.80833334,0.775,0.5541667,0.8625,0.725,0.53541666,0.65416664,0.86875,0.80833334,0.825,0.8729167,0.6270833,0.7125,0.5958333,0.92083335,0.77708334,0.95416665,0.8770833,0.28125,0.24166666,0.8645834,0.94166666,0.8625,0.80625,0.875,0.69166666,0.7583333,0.5083333,0.6645833,0.85625005,0.7604167,0.875,0.9291667,0.8208333,0.7104167,0.8145833,0.99583334,0.7895833,0.8625,0.23333332,0.8666667,0.6333333,0.7604166,0.8958333,0.9875,0.91041666,0.86041665,0.9604167,0.68125,0.70416665,0.75,0.81666666,0.8052083,0.96875,0.5104167,0.90416664,0.9354167,0.85625005,0.92083335,0.71458334,0.7104167,0.9916667,0.64375,0.79583335,0.9604167,0.83125,0.70416665,0.96875,0.7833333,0.7604166,0.93125,1.0,0.9375,0.9791667,0.9875,0.8145833,0.9604167,0.91875,0.9708333,0.8541666,0.8145833,0.6979166,0.92291665,0.8541666,0.6229167,0.89374995,0.9354167,0.86875,0.9770833,0.9083333,0.5645833,0.97083336,0.6645833,0.9,0.47083333,0.9354167,0.77708334,0.51458335,0.9166666,0.74583334,0.8375,0.9,0.74375,0.9625,0.6541667,0.92083335,0.46666667,0.9666667,0.875,0.93125,0.98125005,0.88125,0.8833333,0.94375,0.5625,0.625,0.9,0.68333334,0.98333335,0.9895834,0.775,0.70624995,0.7916666,0.8208333,0.70416665,0.9395833,0.98541665,0.9166667,0.95208335,0.2875,0.53125,0.76875,0.92291665,0.84791666,0.87083334,0.97291666,0.80625,0.73125,0.88958335,0.96875,0.76458335,0.80625,0.96875,0.88958335,0.7083333,0.90625,0.8833333,0.91875005,0.85
BC2026_Train_0007_S09_20250829_000000_25,0.6666666,0.68333334,0.52708334,0.17916667,0.74583334,0.91875,0.625,0.54999995,0.40208334,0.4270833,0.31875,0.47291666,0.31666666,0.8208333,0.83958334,0.6770833,0.7583333,0.9666667,0.43541667,0.56666666,0.5,0.69166666,0.7875,0.57708335,0.7583333,0.84375,0.85625,0.71458334,0.8333334,0.6895833,0.7291666,0.9479166,0.6645833,0.49374998,0.6666667,0.76666665,0.90208334,0.64166665,0.63958335,0.61041665,0.59791666,0.74583334,0.80625,0.9291667,0.6479167,0.63750005,0.67291665,0.72291666,0.63958335,0.70624995,0.8145833,0.80625,0.8125,0.63958335,0.63958335,0.86041665,0.93333334,0.29375,0.9041667,0.31458333,0.40208334,0.7125,0.30416667,0.30833334,0.70208335,0.7729167,0.6166667,0.6166667,0.9,0.65937495,0.91875,0.7291667,0.875,0.47916666,0.75,0.9479166,0.9770833,0.9395833,0.77708334,0.76666665,0.96458334,0.9979167,0.37708333,0.87083334,0.54791665,0.95208335,0.8166667,0.64166665,0.9166666,0.77708334,0.77708334,0.65208334,0.9708333,0.71458334,0.975,0.7708333,0.83125,0.6854167,0.65625,0.8541667,0.9145833,0.9041667,0.9041667,0.30833334,0.39375,0.90208334,0.9583334,0.8770833,0.86041665,0.8229167,0.8229166,0.87083334,0.41666666,0.59375,0.8125,0.8354167,0.84791666,0.7708334,0.88125,0.8208333,0.6625,0.9604167,0.79999995,0.85625,0.3958333,0.83125,0.775,0.8208333,0.96458334,0.86041665,0.96458334,0.9041667,0.84791666,0.73333335,0.81666666,0.93125,0.675,0.80833334,0.86041665,0.425,0.9166666,0.84375,0.98125005,0.91875005,0.68125,0.68333334,0.94166666,0.8208333,0.796875,0.9979167,0.9083333,0.81041664,0.99375,0.9791666,0.7583333,0.84375,0.9875,0.9041667,0.9916667,0.99583334,0.8333333,0.8645834,0.95625,0.93125,0.92083335,0.7270833,0.8854167,0.8666667,0.8770833,0.775,0.8833333,0.8520833,0.7583333,0.79375005,0.82916665,0.58125,0.9770833,0.4583333,0.85,0.41875,0.8229166,0.7708334,0.58125,0.9458333,0.80625,0.95,0.8770833,0.76874995,0.85833335,0.6375,0.9791666,0.5875,0.9770833,1.0,0.9708333,0.8979167,0.84791666,0.7,0.9166667,0.6791667,0.65625,0.9979167,0.83958334,0.88750005,0.98125,0.85833335,0.5854167,0.7729167,0.88958335,0.69166666,0.9583334,0.94375,0.83124995,0.9791666,0.41875,0.47291666,0.875,0.6375,0.9125,0.975,0.9979167,0.77708334,0.75,0.84791666,0.92083335,0.79583335,0.825,0.8333334,0.90625,0.83958334,0.9479166,0.82916665,0.96875,0.9145833
BC2026_Train_0007_S09_20250829_000000_30,0.65,0.6020833,0.31875,0.24791667,0.22916667,0.775,0.4875,0.575,0.27916667,0.36458334,0.25416666,0.2,0.25625,0.55,0.43541667,0.4479167,0.46666667,0.90625,0.36041665,0.46249998,0.27083334,0.49583334,0.8041667,0.44375,0.5604167,0.7729167,0.7875,0.70000005,0.71458334,0.51458335,0.7791667,0.875,0.6145834,0.50625,0.5625,0.63958335,0.93333334,0.73333335,0.57500005,0.61249995,0.62916666,0.7916666,0.7791667,0.8458333,0.6,0.59375,0.5875,0.6666667,0.55625,0.6375,0.77708334,0.775,0.78125,0.5958333,0.6770833,0.5708333,0.8333334,0.3875,0.65208334,0.34583333,0.30208334,0.43958333,0.25208333,0.26666665,0.6270833,0.6041666,0.5125,0.30833334,0.72291666,0.53541666,0.72291666,0.6229167,0.6645833,0.29583335,0.73541665,0.9625,0.94166666,0.98541665,0.7395834,0.6895833,0.6166667,0.95625,0.12916666,0.56875,0.68333334,0.9583334,0.64375,0.39791664,0.7791667,0.51875,0.88750005,0.5375,0.89166665,0.79791665,0.98125,0.3645833,0.88750005,0.81875,0.55,0.65,0.82500005,0.8458333,0.81875,0.6854167,0.6583333,0.6333333,0.8645834,0.4875,0.75625,0.8125,0.6458334,0.60833335,0.32916668,0.46458334,0.73125,0.8354167,0.5854167,0.8,0.6020833,0.61249995,0.6020833,0.8416667,0.6666666,0.7208333,0.41875,0.55833334,0.57708335,0.6333333,0.79583335,0.6375,0.79791665,0.56875,0.875,0.5708333,0.76666665,0.63958335,0.7604166,0.7083333,0.72291666,0.4875,0.7125,0.93125,0.8145833,0.7875,0.48125,0.40416664,0.8979167,0.6458334,0.8875,0.9979167,0.6979166,0.7479167,0.9145833,0.99583334,0.6145833,0.5208334,0.99375,0.76666665,0.95000005,1.0,0.8520833,0.88958335,0.8729167,0.9104167,0.83958334,0.79375005,0.93125,0.9145833,0.53541666,0.66875,0.73333335,0.74583334,0.6895833,0.78125,0.6479167,0.7208333,0.92083335,0.5708333,0.6645833,0.59791666,0.7708333,0.53541666,0.29375,0.775,0.60625,0.8875,0.5958333,0.67499995,0.8833333,0.6375,0.9145833,0.3854167,0.9625,0.94375,0.875,0.5604167,0.7291667,0.7520833,0.8520833,0.55833334,0.5104167,0.8666667,0.6625,0.85,0.95208335,0.77708334,0.75,0.8625,0.72291666,0.77708334,0.98333335,0.93333334,0.87083334,0.86041665,0.4875,0.5020833,0.8770833,0.2708333,0.8729167,0.5416666,0.9791667,0.6354166,0.53125,0.7708333,0.8645833,0.88958335,0.70625,0.86041665,0.6479167,0.57708335,0.8770833,0.67083335,0.91041666,0.7895833
BC2026_Train_0007_S09_20250829_000000_35,0.53541666,0.6166667,0.23125,0.33749998,0.17083333,0.56875,0.4125,0.35625,0.26458335,0.27083334,0.22291666,0.09375,0.43541664,0.32916668,0.27291667,0.37291667,0.16041666,0.89166665,0.32083333,0.46041667,0.09791666,0.5083333,0.6333333,0.51458335,0.4395833,0.63958335,0.7729167,0.6270833,0.57916665,0.32916668,0.675,0.83125,0.7479167,0.66041666,0.49583334,0.71458334,0.95416665,0.7770833,0.55625,0.68333334,0.5916667,0.7083333,0.7104167,0.7833333,0.72291666,0.7239584,0.6041666,0.73333335,0.56666666,0.6020833,0.7166667,0.7166667,0.7166667,0.6583333,0.65208334,0.36875,0.84791666,0.24583334,0.46249998,0.8354167,0.24166667,0.22291666,0.22083333,0.2,0.5854167,0.65208334,0.34166667,0.28333333,0.725,0.39166665,0.7125,0.7833333,0.85833335,0.35833335,0.8833333,0.98125005,0.8958333,0.99583334,0.61875,0.6979166,0.725,0.74375,0.28125,0.6625,0.5208334,0.89166665,0.86249995,0.51458335,0.95625,0.50625,0.7270833,0.46666667,0.93125,0.91041666,0.9135417,0.3,0.7291666,0.8354167,0.425,0.74583334,0.9166666,0.9895834,0.63125,0.7520833,0.56875,0.725,0.94375,0.32708335,0.8645833,0.95,0.7125,0.65625,0.40833333,0.6479167,0.775,0.95000005,0.6875,0.7875,0.61875,0.75416666,0.7,0.9875,0.7520833,0.8875,0.36041665,0.62083334,0.6,0.61041665,0.76874995,0.6125,0.4895833,0.43333334,0.86875,0.70625,0.86875,0.49583334,0.9125,0.9,0.87916666,0.45,0.60833335,0.9614583,0.7729167,0.73125,0.35833332,0.46875,0.9875,0.42291665,0.87916666,0.98125005,0.65208334,0.7416667,0.86875,0.92291665,0.6375,0.54375,0.99375,0.91041666,0.95208335,0.9770833,0.9375,0.99583334,0.8041667,0.96875,0.5958333,0.5020833,0.70208335,0.9916667,0.5125,0.80833334,0.76875,0.8666667,0.7729167,0.85833335,0.73541665,0.9270833,0.9,0.7916666,0.73333335,0.6270833,0.9354167,0.64375,0.35833335,0.77708334,0.5729166,0.9479166,0.44166666,0.83125,0.9604167,0.45833334,0.5875,0.37291664,0.92083335,0.8145833,0.9729167,0.66875,0.8229167,0.79791665,0.6270833,0.35833335,0.775,0.8770833,0.27083334,0.9791666,0.9875,0.76875,0.90625,0.8458333,0.75625,0.9041667,0.88958335,0.975,0.9583333,0.6791667,0.32291666,0.65,0.85833335,0.34583333,0.87083334,0.425,0.91041666,0.7375,0.66041666,0.9,0.79791665,0.9291667,0.78541666,0.98125005,0.6666666,0.67083335,0.90208334,0.88750005,0.83124995,0.7208333
BC2026_Train_0007_S09_20250829_000000_40,0.425,0.60625,0.09166667,0.18541667,0.058333334,0.5395833,0.54999995,0.25416666,0.14583334,0.27291667,0.17291667,0.0375,0.18958333,0.15,0.19375,0.30416667,0.1125,0.89166665,0.3625,0.39374998,0.035416666,0.4875,0.66875,0.52708334,0.32916665,0.62916666,0.7375,0.54791665,0.42291665,0.15,0.7145833,0.73541665,0.81875,0.66875,0.40625,0.59375,0.98125005,0.85,0.60625,0.8729167,0.7479167,0.7895833,0.6791667,0.7125,0.6479167,0.6479167,0.60625005,0.6583333,0.63125,0.69375,0.68125,0.68333334,0.6854167,0.75416666,0.7125,0.31666666,0.8520833,0.14375,0.5729166,0.31875,0.16041666,0.1875,0.11666667,0.13333333,0.35416666,0.6229167,0.29999998,0.17083333,0.64375,0.32916665,0.66770834,0.50208336,0.7833333,0.11354166,0.8,0.9708333,0.63125,0.9041667,0.68125,0.95208335,0.30625,0.38229167,0.43958333,0.63750005,0.25,0.6979166,0.86875,0.24375,0.9770833,0.39791667,0.33020833,0.525,0.96458334,0.87083334,0.75,0.37291667,0.5229167,0.9166667,0.3875,0.62916666,0.95416665,0.88958335,0.70625,0.5729166,0.60833335,0.6979166,0.78125,0.39583334,0.9125,0.975,0.6875,0.80833334,0.3333333,0.61041665,0.5541667,0.9458333,0.6041667,0.6375,0.50416666,0.47083333,0.84375,0.92083335,0.82708335,0.94166666,0.27291667,0.47291666,0.43333334,0.5645833,0.64166665,0.6791667,0.21041667,0.32708335,0.85625005,0.5958333,0.9583334,0.41041666,0.84479165,0.60625005,0.60833335,0.48541665,0.53125,0.96770835,0.5416666,0.54375,0.33749998,0.35625,0.9125,0.46249998,0.9479167,0.47500002,0.42291665,0.5208333,0.43958333,0.6895833,0.53125,0.49583334,0.975,0.76458335,0.81875,0.9083333,0.9625,0.9083333,0.93125,0.8375,0.53541666,0.5020833,0.6583333,0.9083333,0.65625,0.95,0.67499995,0.6833333,0.8041667,0.775,0.70416665,0.7729167,0.7166667,0.61875,0.6229167,0.73333335,0.8520833,0.5625,0.14583333,0.625,0.5,0.9395833,0.38958332,0.6875,0.6645833,0.7291666,0.4083333,0.38333333,0.4375,0.6791667,0.88958335,0.48958334,0.62916666,0.8145833,0.32916665,0.325,0.74583334,0.51458335,0.20208332,0.87916666,0.85833335,0.5104167,0.75,0.86249995,0.54583335,0.88750005,0.91041666,0.95624995,0.98333335,0.42291668,0.325,0.78541666,0.8979167,0.30833334,0.75,0.34166667,0.8208333,0.6645833,0.7583333,0.875,0.5895833,0.975,0.6270833,0.9,0.525,0.7416667,0.98125,0.575,0.8541666,0.68125
BC2026_Train_0007_S09_20250829_000000_45,0.325,0.6458333,0.09583333,0.14166667,0.033333335,0.58958334,0.43333334,0.14375,0.11666667,0.18958333,0.18124999,0.1375,0.058333334,0.18333334,0.4125,0.30416667,0.099999994,0.89166665,0.39374998,0.40833333,0.0375,0.40625,0.48333335,0.5854167,0.37708333,0.45416668,0.79583335,0.59583336,0.44791666,0.20416667,0.6479167,0.6666666,0.8208333,0.66041666,0.57500005,0.646875,0.98333335,0.8854167,0.5229167,0.89374995,0.79375005,0.67291665,0.6645833,0.66041666,0.5875,0.5854167,0.64374995,0.49166667,0.6791667,0.7291666,0.66041666,0.6666667,0.6666667,0.7604166,0.725,0.36666667,0.8645834,0.15208334,0.46458334,0.083333336,0.15,0.25208333,0.029166667,0.12083334,0.31041667,0.70416665,0.43958333,0.13958333,0.7125,0.37916666,0.86041665,0.3958333,0.7229167,0.125,0.6791667,0.8666667,0.60833335,0.8854166,0.62708336,0.98333335,0.2,0.425,0.34375,0.36041668,0.48541665,0.56666666,0.9770833,0.38854167,0.9270833,0.41458333,0.18541667,0.59791666,0.9,0.8729167,0.5291667,0.375,0.44166666,0.9458333,0.7479167,0.7625,0.9479166,0.46041667,0.91041666,0.20208332,0.475,0.8666667,0.77708334,0.30416667,0.95624995,0.9395833,0.97291666,0.77708334,0.41041666,0.6854167,0.36249998,0.9604167,0.57500005,0.6875,0.42083335,0.5833334,0.8,0.8125,0.7708334,0.9083333,0.20833333,0.5708333,0.33749998,0.6458334,0.6666666,0.70208335,0.43958333,0.7291666,0.9083333,0.78125,0.96458334,0.51458335,0.87916666,0.5208333,0.5416666,0.38750002,0.61041665,0.98125005,0.5208333,0.6041666,0.28125,0.33958334,0.62916666,0.79375005,0.9604167,0.66875,0.3375,0.6520833,0.5604167,0.75416666,0.5875,0.58124995,0.93333334,0.5416667,0.86041665,0.8458333,0.9770833,0.55833334,0.9666667,0.68125,0.7895833,0.6854167,0.85625,0.88125,0.7291667,0.825,0.77916664,0.76458335,0.7583333,0.775,0.81875,0.50416666,0.365625,0.5104167,0.6166667,0.72291666,0.7791667,0.64166665,0.28958333,0.76250005,0.55833334,0.9708333,0.5604167,0.70416665,0.55,0.8979167,0.54583335,0.39791667,0.7125,0.8145833,0.81666666,0.5208333,0.6791667,0.8,0.21666667,0.58125,0.79791665,0.46041667,0.35625,0.8208333,0.6895833,0.45416665,0.45416665,0.7416667,0.44791666,0.9375,0.825,0.95625,0.93333334,0.47291666,0.32708335,0.93125,0.9729167,0.24375,0.7708334,0.35833332,0.925,0.64374995,0.37083334,0.7520833,0.6479167,0.98333335,0.6145833,0.76666665,0.6375,0.5520833,0.93333334,0.61875,0.8208333,0.7125
BC2026_Train_0007_S09_20250829_000000_50,0.46458334,0.65,0.11458333,0.09166667,0.0625,0.675,0.47083333,0.371875,0.3125,0.175,0.18125,0.13333333,0.23124999,0.26666668,0.43125,0.63958335,0.17083333,0.9375,0.30625,0.38958335,0.08958334,0.48541665,0.675,0.48854166,0.525,0.6666667,0.85,0.725,0.7479167,0.35625,0.6229167,0.84375,0.7895833,0.6791667,0.5833334,0.8458333,0.98125,0.85,0.51458335,0.875,0.65208334,0.67499995,0.6645833,0.81875,0.6145833,0.5958333,0.65625,0.56875,0.69166666,0.67083335,0.68333334,0.6770833,0.6791667,0.6145834,0.73125,0.45833334,0.8854166,0.12708333,0.43541667,0.2125,0.22916666,0.47291666,0.17708333,0.14791667,0.5333333,0.6270833,0.3645833,0.32083333,0.76458335,0.46666667,0.79791665,0.5583333,0.7208333,0.19791667,0.73541665,0.95625,0.7104167,0.8333334,0.89375,0.975,0.29999998,0.4625,0.22708333,0.58124995,0.4270833,0.8041667,0.8520833,0.39791667,0.9666667,0.42083335,0.54583335,0.56666666,0.81666666,0.8125,0.8020834,0.44791666,0.7010417,0.91041666,0.75416666,0.9145833,0.9291667,0.43541667,0.8125,0.24583334,0.70000005,0.94375,0.95,0.47708333,0.9770833,0.9083333,0.9979167,0.85625,0.4895833,0.6354166,0.41875,0.97291666,0.54583335,0.8229166,0.38958335,0.62083334,0.59375,0.75,0.86875,0.9291667,0.42291665,0.73541665,0.57708335,0.7916666,0.7583333,0.7291666,0.7885417,0.85,0.89166665,0.85625,0.99375,0.4875,0.7416667,0.75625,0.52708334,0.28333333,0.73125005,0.96875,0.53541666,0.67499995,0.34791666,0.39166665,0.71458334,0.5625,0.9666667,0.95,0.41041666,0.8645834,0.8229166,0.821875,0.7291666,0.63750005,0.9270834,0.6822916,0.975,0.9479166,0.97291666,0.7083334,0.9625,0.75625,0.93333334,0.8458333,0.9791666,0.97291666,0.83124995,0.83958334,0.7791667,0.8104167,0.83125,0.88958335,0.84375,0.6666666,0.4583333,0.57916665,0.7,0.6645833,0.8104167,0.60833335,0.23958334,0.79791665,0.6541667,0.9791667,0.50416666,0.8104167,0.6666667,0.76666665,0.48958334,0.40416667,0.9291667,0.9604167,0.8208333,0.8104167,0.76666665,0.8979167,0.58125,0.61041665,0.9583334,0.6145833,0.3645833,0.88958335,0.8145833,0.6541667,0.54583335,0.9395833,0.44375,0.9708333,0.90625,0.95000005,0.82708335,0.5729166,0.49583334,0.8375,0.9666667,0.17083333,0.8229167,0.40208334,0.9666667,0.6333333,0.36666664,0.73749995,0.8354167,0.99375,0.68958336,0.7583333,0.6583333,0.61875,0.79375005,0.65,0.98333335,0.69375
BC2026_Train_0007_S09_20250829_000000_55,0.75,0.65208334,0.35208333,0.16458333,0.34166667,0.8645833,0.7291667,0.6354167,0.5645833,0.3229167,0.22291666,0.30208334,0.31458333,0.69166666,0.75625,0.775,0.41875,0.9041667,0.37708333,0.50624996,0.37291667,0.7583333,0.95208335,0.49791664,0.7895833,0.95,0.9083333,0.91875,0.77708334,0.61875,0.76666665,0.9895834,0.75416666,0.69166666,0.6770834,0.8791667,0.9875,0.83958334,0.67291665,0.8375,0.6,0.8541667,0.81875,0.95625,0.64375,0.625,0.6625,0.5520833,0.65625,0.6958333,0.82708335,0.82500005,0.82500005,0.74583334,0.6791667,0.8208333,0.875,0.21458334,0.71458334,0.42708334,0.31666666,0.6875,0.31041667,0.26875,0.7916666,0.7791667,0.4395833,0.5916667,0.84375,0.6020833,0.7729167,0.83125,0.7791667,0.37083334,0.8125,0.92291665,0.8229166,0.70000005,0.70416665,0.74375,0.60833335,0.69375,0.15,0.8104167,0.50624996,0.62916666,0.7291666,0.4375,0.9979167,0.5541667,0.71458334,0.6458334,0.8020833,0.7,0.6479167,0.60833335,0.4979167,0.82500005,0.59791666,0.7479167,0.9479166,0.55625,0.87916666,0.29166666,0.6666666,0.7708333,0.9895834,0.70625,0.9041667,0.9145833,0.95416665,0.73125,0.56666666,0.6020833,0.55625,0.92291665,0.7416667,0.7166667,0.4791667,0.50416666,0.5125,0.71458334,0.875,0.9604167,0.58125,0.7166667,0.7104167,0.7604166,0.79583335,0.6479167,0.9770833,0.64166665,0.7833333,0.7291666,0.9354167,0.65208334,0.70624995,0.8354167,0.6895833,0.47291666,0.9270834,0.91875,0.6875,0.79999995,0.6145833,0.54583335,0.6770833,0.43333334,0.9125,0.8229167,0.63958335,0.8458333,0.975,0.89375,0.6322917,0.6895833,0.8520833,0.7625,1.0,0.88125,0.9,0.6625,0.84583336,0.7770833,0.86041665,0.79999995,0.84375,0.95625,0.73333335,0.8104167,0.8354167,0.83125,0.69375,0.8208333,0.88125,0.59791666,0.7625,0.61875,0.7916667,0.5645833,0.81666666,0.7729167,0.39791667,0.92291665,0.71666664,0.9,0.6854167,0.74375,0.81875,0.6645833,0.5958333,0.45208335,0.9625,0.99583334,0.8520833,0.9604167,0.8375,0.8958334,0.7708333,0.72291666,0.9395833,0.7166667,0.5541667,0.98333335,0.88958335,0.7916667,0.5604167,0.98125005,0.5020833,0.86875,0.8333334,0.88958335,0.8229166,0.65,0.6375,0.6625,0.8541666,0.27291667,0.7833333,0.6041666,0.9354167,0.5625,0.52708334,0.9375,0.99375,0.9604167,0.59791666,0.7916666,0.6770834,0.6125,0.7916666,0.8416667,0.9979167,0.6541667
BC2026_Train_0007_S09_20250829_000000_60,0.6479167,0.5916667,0.28125,0.13333334,0.3375,0.8166667,0.5229167,0.51875,0.3854167,0.25833333,0.20833333,0.24791667,0.33958334,0.6666667,0.6875,0.57916665,0.39375,0.8979167,0.38333333,0.4791667,0.41875,0.73125,0.92291665,0.51875,0.6645833,0.89166665,0.9166666,0.81875,0.7395833,0.49374998,0.65625,0.9458333,0.5645833,0.78125,0.64166665,0.84375,0.9083333,0.65208334,0.6145834,0.6770834,0.5645833,0.7416667,0.7208333,0.9395833,0.7291666,0.7125,0.57500005,0.41666666,0.52708334,0.54999995,0.7208333,0.7135416,0.71875,0.65625,0.6479167,0.7604166,0.8145833,0.24583334,0.72291666,0.27708334,0.27499998,0.64166665,0.26041666,0.24166667,0.66875,0.7708334,0.49791664,0.36875,0.7125,0.5395833,0.81875,0.80833334,0.93958336,0.08541667,0.71458334,0.87916666,0.8208333,0.7458333,0.6666667,0.75,0.61041665,0.78125,0.35000002,0.8416667,0.6291667,0.671875,0.91041666,0.37083334,0.9875,0.5875,0.7104167,0.70208335,0.8375,0.68125,0.6125,0.64166665,0.5541667,0.7916666,0.56666666,0.7375,0.9,0.7479167,0.79791665,0.35,0.47500002,0.8020834,0.95625,0.6770834,0.9479167,0.93125,0.90208334,0.68333334,0.54583335,0.76250005,0.61041665,0.91041666,0.79791665,0.6458334,0.7479167,0.5625,0.49791664,0.7895833,0.92291665,1.0,0.38541666,0.79375,0.65208334,0.7875,0.8645833,0.51458335,0.84375,0.7229167,0.7479167,0.79375005,0.93125,0.6770834,0.79583335,0.73333335,0.7291666,0.4583333,0.8458333,0.86875,0.725,0.85625005,0.375,0.5625,0.6854167,0.4895833,0.8645833,0.73333335,0.85625,0.8,0.92083335,0.85625,0.7125,0.7416667,0.85,0.8208333,0.9916667,0.75,0.86041665,0.62916666,0.88125,0.73749995,0.9270834,0.67291665,0.525,0.9333333,0.79583335,0.79791665,0.86875,0.7916666,0.89166665,0.9604167,0.83125,0.6,0.88958335,0.5229167,0.9041667,0.65,0.9020833,0.8145833,0.46249998,0.91875005,0.76458335,0.9458333,0.79375005,0.8375,0.8041667,0.4375,0.8416667,0.5645833,0.6645833,0.8458333,0.8729167,0.91041666,0.9666667,0.89166665,0.68125,0.63750005,0.91875005,0.73333335,0.47708333,0.8416667,0.8,0.9,0.46875,0.81875,0.58125,0.8416667,0.90208334,0.875,0.87083334,0.7,0.37708333,0.5729166,0.88750005,0.35000002,0.8541666,0.5875,0.8875,0.875,0.65,1.0,0.9145833,0.91041666,0.7583333,0.84375,0.7729167,0.79583335,0.89166665,0.7708334,0.98333335,0.7739583
BC2026_Train_0008_S09_20250831_000000_5,0.058333334,0.27083334,0.14791667,0.29583335,0.008333334,0.46458334,0.125,0.10625,0.041666668,0.36041665,0.3541667,0.043750003,0.045833334,0.020833334,0.23750001,0.23124999,0.05625,0.30625,0.099999994,0.035416666,0.05,0.34166667,0.07083333,0.28125,0.15416667,0.1125,0.78125,0.13125,0.37083334,0.35208333,0.49791667,0.49791664,0.48541668,0.5104166,0.24375,0.50416666,0.7625,0.46041667,0.45000002,0.46666667,0.3333333,0.6270833,0.425,0.5416667,0.30625,0.30416667,0.27916667,0.1875,0.20833333,0.20625001,0.47291666,0.48333335,0.49166667,0.61041665,0.45416665,0.6375,0.9125,0.35833335,0.21458334,0.027083334,0.13333334,0.16041666,0.09375,0.09583333,0.54791665,0.3645833,0.04791667,0.03125,0.675,0.2875,0.86249995,0.8125,0.6,0.087500006,0.53541666,0.89375,0.56041664,0.4375,0.6041667,0.35416666,0.058333337,0.5208333,0.079166666,0.22291666,0.26875,0.81354165,0.43125,0.18125,0.7291666,0.31458333,0.77708334,0.24791667,0.6041667,0.6354167,0.09791666,0.4895833,0.2125,0.47500002,0.25416666,0.32916668,0.7895833,0.16874999,0.5520833,0.012500001,0.12708333,0.26875,0.81875,0.26666665,0.6645833,0.8979167,0.49791667,0.2916667,0.28333333,0.6895833,0.27083334,0.7166667,0.29583332,0.20208333,0.51458335,0.275,0.14583334,0.47083333,0.9458333,0.59375,0.04375,0.23125,0.93958336,0.5229167,0.7125,0.47083333,0.43958333,0.27916667,0.51875,0.16458334,0.28958333,0.3229167,0.5,0.72291666,0.5416666,0.108333334,0.55625,0.57916665,0.5729167,0.69375,0.22708333,0.20833334,0.76666665,0.20625001,0.76666665,0.73541665,0.121875,0.07083333,0.32708335,0.425,0.5125,0.9020833,0.70208335,0.95416665,0.8416667,0.26875,0.70208335,0.3854167,0.70208335,0.74375,0.17083333,0.38333333,0.54479164,0.27083334,0.79375005,0.7583333,0.51458335,0.22083333,0.9979167,0.87083334,0.21666667,0.027083334,0.14791667,0.2375,0.9104167,0.22291668,0.64374995,0.61041665,0.079166666,0.85,0.6479167,0.67083335,0.67499995,0.42083335,0.98541665,0.28333333,0.12083334,0.13333334,0.016666668,0.20208335,0.98125,0.53125,0.5125,0.9416667,0.8770833,0.40208334,0.9041667,0.13958333,0.44166666,0.8520833,0.40208334,0.19479167,0.2,0.7708334,0.8145833,0.60625,0.5625,0.69375,0.2916667,0.3875,0.2125,0.159375,0.8333333,0.35416666,0.70416665,0.21041667,0.85833335,0.87083334,0.25625,0.50416666,0.725,0.66875005,0.5645833,0.7833333,0.22916666,0.14166667,0.39999998,0.26666665,0.9604167,0.8729167
BC2026_Train_0008_S09_20250831_000000_10,0.09375,0.36874998,0.27708334,0.38333333,0.05,0.6895833,0.21041667,0.2375,0.22083333,0.43333334,0.40208334,0.22291666,0.108333334,0.041666668,0.40416667,0.44375002,0.083333336,0.40208334,0.26666665,0.09375,0.20416667,0.5375,0.23541668,0.32916665,0.3,0.33749998,0.8354167,0.23125,0.5708333,0.3958333,0.4875,0.5875,0.61041665,0.49375,0.24583334,0.65625,0.7416667,0.50416666,0.5125,0.47083333,0.3645833,0.62187505,0.42291665,0.6645833,0.48125,0.48333332,0.35,0.27083334,0.3333333,0.31458333,0.49374998,0.4979167,0.5,0.6166667,0.50625,0.5125,0.9145833,0.47500002,0.33541667,0.039583337,0.30625,0.28958333,0.25,0.22708333,0.7083334,0.36041665,0.175,0.05625,0.8395833,0.36041668,0.9479167,0.86875,0.6770834,0.30208334,0.64166665,0.95625,0.86041665,0.70000005,0.72291666,0.4125,0.23125,0.7291666,0.20416667,0.35208333,0.81666666,0.8375,0.5083333,0.26666668,0.8520833,0.8229166,0.9041667,0.26666665,0.8395833,0.8854166,0.19583333,0.71666664,0.39791667,0.48333335,0.45208335,0.725,0.75625,0.19999999,0.5104166,0.04375,0.1375,0.5520834,0.9395833,0.5125,0.82500005,0.86041665,0.9,0.43541664,0.42291665,0.8375,0.46041667,0.7520833,0.45416668,0.43958333,0.8229166,0.5541667,0.25625,0.7104167,0.9916667,0.7104167,0.1,0.49791667,0.9875,0.6041666,0.9291667,0.58125,0.7125,0.6333333,0.61041665,0.27291667,0.30833334,0.45416665,0.5520834,0.76666665,0.59375,0.15208334,0.61249995,0.5895833,0.8229166,0.98333335,0.30833334,0.53541666,0.7833333,0.33125,0.8145833,0.97291666,0.16458333,0.22291666,0.8958334,0.49375,0.64374995,0.83958334,0.82916665,0.99583334,0.87083334,0.42083335,0.7166667,0.54583335,0.9166666,0.52708334,0.6458334,0.6145833,0.8083333,0.46458334,0.9791667,0.76458335,0.7416667,0.37916666,0.98541665,0.89166665,0.37083334,0.07083333,0.33333334,0.23750001,0.9875,0.20625,0.675,0.7895833,0.74375,0.98125005,0.7479167,0.6541667,0.9458333,0.475,0.9895834,0.26458335,0.38958332,0.30625,0.10208333,0.5875,0.9625,0.8979167,0.6,0.9125,0.9875,0.70208335,0.8625,0.15833333,0.9125,0.8020834,0.46249998,0.3854167,0.30833334,0.9666667,0.92291665,0.60625,0.46249998,0.74375,0.29583335,0.5104167,0.21770833,0.1875,0.8416667,0.62083334,0.7145833,0.4666667,0.93333334,0.925,0.24583334,0.4875,0.8020833,0.6541667,0.5229167,0.75416666,0.56875,0.33958334,0.7125,0.51666665,0.98125005,0.8875
BC2026_Train_0008_S09_20250831_000000_15,0.14999999,0.35833335,0.37708333,0.37291664,0.16666667,0.9125,0.265625,0.28541666,0.49791664,0.45625,0.42291665,0.36458334,0.3125,0.1125,0.7375,0.7270833,0.23541667,0.4875,0.37291664,0.26041666,0.41041666,0.7875,0.6229167,0.41041666,0.3645833,0.54583335,0.8458333,0.33125,0.57708335,0.51875,0.45833334,0.5375,0.42083335,0.3625,0.33541667,0.5875,0.68125,0.4270833,0.46875,0.4270833,0.31458333,0.5208333,0.43958333,0.58125,0.47500002,0.45625,0.35625,0.25416666,0.34791666,0.34375,0.51458335,0.51875,0.525,0.5125,0.5083333,0.57916665,0.94166666,0.47500002,0.6979167,0.09166667,0.45416665,0.54791665,0.41458333,0.38125002,0.8666667,0.48125,0.26041666,0.16875,0.9083333,0.50208336,0.9770833,0.9583334,0.9166666,0.3625,0.6895833,0.8625,0.95416665,0.72291666,0.6979167,0.625,0.5916667,0.89166665,0.54375,0.5375,0.95625,0.5625,0.62916666,0.45000002,0.9270833,0.9583334,0.9895834,0.28125,0.90208334,0.8145833,0.3125,0.8520833,0.3625,0.45,0.74583334,0.9895834,0.77916664,0.24166667,0.34791666,0.10416667,0.13541667,0.7604166,0.99375,0.875,0.9770833,0.78125,0.9916667,0.5364584,0.51250005,0.925,0.58124995,0.6479167,0.553125,0.6020833,0.9145833,0.72291666,0.38958332,0.68125,0.9916667,0.75,0.22291666,0.7854167,0.8729167,0.5958333,0.9708333,0.7416667,0.8854166,0.8854166,0.7125,0.30833334,0.35,0.7791667,0.54791665,0.6145833,0.5875,0.2625,0.85,0.75416666,0.9458333,0.99583334,0.43958333,0.8333334,0.96875,0.46249998,0.74375,0.91875,0.20833334,0.15833333,0.98541665,0.60625,0.60625,0.95624995,0.80833334,0.975,0.8833333,0.5729166,0.6895833,0.51666665,0.9666667,0.59375,0.77708334,0.775,0.6791667,0.6875,0.99375,0.49375,0.83958334,0.54583335,0.9791667,0.9916667,0.6041666,0.25833333,0.28750002,0.25833333,0.9875,0.23333333,0.5520834,0.9354167,0.95416665,1.0,0.8145833,0.7291666,0.9979167,0.41875,0.975,0.30833334,0.63958335,0.41041666,0.225,0.83124995,0.8958334,0.9979167,0.8666667,0.9375,0.9666667,0.86875,0.7729167,0.28958333,1.0,0.91875005,0.37083334,0.5083333,0.60625,0.8520833,0.9895834,0.7291666,0.55833334,0.68125,0.31041667,0.6625,0.25208333,0.15625,0.8041667,0.85625,0.4270833,0.7270833,0.88958335,0.9583333,0.525,0.42291665,0.83958334,0.59791666,0.51666665,0.84479165,0.9,0.44375002,0.93125,0.61875,0.9979167,0.9354167
BC2026_Train_0008_S09_20250831_000000_20,0.21458334,0.35208333,0.36875,0.31458333,0.19583334,0.6979166,0.30625,0.32395834,0.35416666,0.275,0.375,0.2708333,0.27708334,0.21666667,0.6375,0.50416666,0.26875,0.60833335,0.23541668,0.33125,0.46458334,0.76875,0.39791667,0.44166666,0.31041667,0.51875,0.86041665,0.31458333,0.525,0.5020833,0.46041667,0.6041666,0.34791666,0.46666664,0.36666667,0.6020833,0.71875,0.4166667,0.47916666,0.45,0.26666665,0.55833334,0.43958333,0.5958333,0.45625,0.44583333,0.31041667,0.23124999,0.32083333,0.27083334,0.5125,0.50416666,0.50625,0.5125,0.43958333,0.67291665,0.9416667,0.32083333,0.6125,0.106249996,0.5104167,0.7083334,0.39166665,0.37916666,0.80625,0.50625,0.18333334,0.2125,0.95416665,0.32083333,0.9375,0.9625,0.9979167,0.19999999,0.72291666,0.8645833,0.8854166,0.7416667,0.7166667,0.4708333,0.7395834,0.9145833,0.33125,0.4875,0.79375,0.62083334,0.5125,0.4895833,0.96875,0.84791666,0.94166666,0.31666666,0.80833334,0.86875,0.27291667,0.56666666,0.45416668,0.43958333,0.73125005,0.9354167,0.80833334,0.3625,0.44583333,0.06041667,0.2604167,0.5833333,0.98333335,0.85625,0.95625,0.82916665,0.9979167,0.56875,0.41041666,0.85,0.6645833,0.69375,0.5958333,0.48333332,0.875,0.57916665,0.3020833,0.5,0.9895834,0.73333335,0.19166666,0.875,0.87083334,0.45208332,0.9458333,0.61875,0.7375,0.8729167,0.62916666,0.37916666,0.70208335,0.7791667,0.5729167,0.46875,0.5291667,0.17500001,0.90625,0.6041667,0.8979167,1.0,0.42291665,0.6458334,0.9875,0.39375,0.68333334,0.9479167,0.41041666,0.14166667,0.9375,0.5541667,0.53125,0.9895834,0.80625,0.925,0.8541666,0.48125,0.6458334,0.6020833,0.87916666,0.6541667,0.76666665,0.46249998,0.46458334,0.6020833,1.0,0.6354167,0.9125,0.5125,0.9895834,1.0,0.6875,0.17291667,0.45833334,0.24375,0.98333335,0.22291666,0.625,0.92083335,0.8645834,0.99583334,0.8541666,0.8416667,0.9708333,0.56666666,0.99583334,0.3,0.5625,0.19791667,0.225,0.59791666,0.9270833,0.98541665,0.9333333,1.0,0.63750005,0.67083335,0.58958334,0.29583332,0.9916667,0.88125,0.31458333,0.525,0.31666666,0.56666666,0.96458334,0.5291667,0.57916665,0.6666666,0.39791667,0.7583333,0.31041667,0.14375,0.8229166,0.6145834,0.5208333,0.9166666,0.87083334,0.9270834,0.56666666,0.55,0.79375,0.6229167,0.5875,0.70416665,0.9145833,0.6,0.8,0.66041666,0.96458334,0.98541665
BC2026_Train_0008_S09_20250831_000000_25,0.24166667,0.40416664,0.3125,0.40833333,0.23333333,0.67291665,0.28333333,0.20625001,0.14166667,0.24166667,0.43541667,0.23333332,0.37708333,0.25416666,0.6020833,0.30416667,0.35208333,0.6,0.17083333,0.37916666,0.5083333,0.7395833,0.26875,0.45416668,0.27291667,0.48125002,0.95416665,0.34166667,0.5604167,0.6625,0.49583334,0.72291666,0.4270833,0.6895833,0.36041665,0.6666667,0.7625,0.51666665,0.5645833,0.50208336,0.35625,0.65625,0.47708333,0.7,0.49166667,0.4708333,0.28958333,0.30416667,0.31875,0.31041667,0.54375,0.54583335,0.5416666,0.6125,0.43958333,0.8833333,0.95416665,0.29583332,0.58124995,0.21666667,0.64375,0.61041665,0.5291667,0.44583333,0.8645834,0.57500005,0.20208332,0.20208333,0.99583334,0.36041665,0.90625,0.8979167,0.97291666,0.3229167,0.8333334,0.9083333,0.83125,0.84375,0.66875005,0.58958334,0.54791665,0.98333335,0.11666667,0.43541667,0.38125002,0.65625,0.5239583,0.5833334,0.9125,0.7,0.8770833,0.29583332,0.69166666,0.98541665,0.29375,0.775,0.29583335,0.5208334,0.53125,0.67083335,0.8333334,0.3229167,0.65625,0.11875,0.25208333,0.51875,0.9583333,0.79583335,0.94375,0.90208334,0.95416665,0.63125,0.5083333,0.75416666,0.80833334,0.73333335,0.4875,0.43124998,0.8229166,0.39583334,0.325,0.56458336,1.0,0.7520833,0.24583334,0.7125,0.85625,0.4,0.90208334,0.7375,0.90208334,0.67291665,0.6958333,0.5833333,0.73125,0.85833335,0.59791666,0.56666666,0.78541666,0.2625,0.7604166,0.63958335,0.92083335,0.9916667,0.73541665,0.37083334,0.93958336,0.28541666,0.75625,0.8208333,0.6,0.15208334,0.7895833,0.5020833,0.64166665,0.98541665,0.8458333,0.9583334,0.85,0.53541666,0.6833333,0.67291665,0.7270833,0.5541667,0.67291665,0.55833334,0.5833333,0.5541667,0.9916667,0.7895833,0.775,0.43958336,0.98541665,0.9479167,0.59375,0.07083333,0.7270833,0.33749998,0.84791666,0.29375,0.5958333,0.8125,0.5645833,0.95,0.98333335,0.8020834,0.9125,0.6791667,0.97291666,0.25208333,0.85,0.325,0.13958333,0.43958336,0.9625,0.9583333,0.88125,0.97291666,0.6958333,0.7791667,0.6895833,0.43125,0.88958335,0.8854166,0.39999998,0.59166664,0.34791666,0.6791667,0.9427083,0.57500005,0.56875,0.8354167,0.33124998,0.7791667,0.48541665,0.18333334,0.92291665,0.8520833,0.6791667,0.92083335,0.8145833,0.875,0.61041665,0.6541667,0.78125,0.69166666,0.57708335,0.6625,0.7708333,0.68333334,0.5958333,0.5833334,0.9083333,0.94375
BC2026_Train_0008_S09_20250831_000000_30,0.14583334,0.32083333,0.26458335,0.3020833,0.09166667,0.45625,0.16458333,0.14375,0.12708333,0.30416667,0.41250002,0.09583333,0.24791667,0.0875,0.33958334,0.23958334,0.2604167,0.5083333,0.11666667,0.19375001,0.17083333,0.47916666,0.11666667,0.5291667,0.24375,0.17291667,0.9291667,0.19583333,0.49374998,0.44583333,0.53333336,0.5833334,0.40625,0.61041665,0.30833334,0.5395833,0.7833333,0.50416666,0.5395833,0.46666667,0.36041665,0.74375,0.47708333,0.61875,0.41041666,0.38958335,0.26666668,0.275,0.26250002,0.23541668,0.48958334,0.50416666,0.49583334,0.6875,0.40416664,0.5833333,0.9083333,0.39166668,0.29375,0.2125,0.5229167,0.47291666,0.32083333,0.1625,0.8520833,0.4791667,0.114583336,0.05,0.9270834,0.275,0.8979167,0.9145833,0.80625,0.16041666,0.6125,0.8854166,0.8979167,0.6875,0.73541665,0.40625,0.20416667,0.9979167,0.08958334,0.3,0.23124999,0.85,0.59791666,0.46875,0.75,0.40625,0.91041666,0.29791665,0.5854167,0.90416664,0.15625,0.54375,0.17708333,0.47708333,0.35,0.30833334,0.84583336,0.3125,0.53541666,0.077083334,0.27916667,0.38125,0.82916665,0.46875,0.76458335,0.9083333,0.6145834,0.46875,0.35208336,0.8520833,0.71875,0.71875,0.37708333,0.20833334,0.7729167,0.225,0.175,0.53333336,0.9354167,0.58125,0.15,0.47708333,0.62083334,0.50208336,0.96875,0.5354167,0.5520834,0.53541666,0.6229167,0.3375,0.53541666,0.8229166,0.55625,0.69166666,0.775,0.2,0.73333335,0.5645833,0.9625,0.9270833,0.55833334,0.44375002,0.84791666,0.25208333,0.6770834,0.675,0.28125,0.11666667,0.90208334,0.47708333,0.50624996,0.91875,0.89375,0.86041665,0.8229166,0.41250002,0.7125,0.7625,0.63125,0.7,0.65625,0.3854167,0.31041667,0.79791665,0.97291666,0.79791665,0.55,0.3229167,0.8666667,0.9604167,0.48749998,0.045833334,0.75625,0.46875,0.7416667,0.22500001,0.71875,0.8333334,0.59375,0.87916666,0.7833333,0.73125,0.7916666,0.55,0.96458334,0.26041666,0.9583334,0.23958334,0.045833334,0.24583334,0.9125,0.75,0.66875005,0.9791667,0.41041666,0.46249998,0.8833333,0.41666666,0.38125002,0.9166666,0.48541665,0.24583334,0.27083334,0.4375,0.9895834,0.6270833,0.6020833,0.7916666,0.3375,0.5083333,0.41458333,0.225,0.9083333,0.40625,0.7875,0.44583333,0.8229167,0.9166667,0.42708334,0.56666666,0.78125,0.7,0.7833333,0.9291667,0.42291665,0.35208333,0.4875,0.4166667,0.8104167,0.9166667
BC2026_Train_0008_S09_20250831_000000_35,0.06875,0.33541667,0.16041666,0.27083334,0.07083333,0.30416667,0.13333333,0.16250001,0.11875,0.27708334,0.44583333,0.045833334,0.13541666,0.016666668,0.425,0.2375,0.0375,0.28541666,0.1375,0.12708333,0.03125,0.40208334,0.06458333,0.36666664,0.17291667,0.052083336,0.86041665,0.09791667,0.5,0.25416666,0.5208333,0.5875,0.41666666,0.5833333,0.2375,0.60833335,0.76458335,0.43124998,0.49583334,0.46666667,0.34583333,0.7520833,0.44166666,0.6666666,0.32708335,0.3125,0.24583334,0.23333333,0.21666667,0.17083333,0.40208334,0.43958333,0.42708334,0.71875,0.45625,0.38333333,0.89166665,0.35625,0.15833333,0.027083334,0.20416667,0.42916667,0.34166667,0.13541666,0.625,0.42916667,0.043750003,0.03125,0.53333336,0.24166667,0.775,0.81875,0.5916667,0.0625,0.38645834,0.8104167,0.64166665,0.46875,0.73541665,0.24791667,0.10625,0.95625,0.029166667,0.33749998,0.16875,0.80625,0.44166666,0.31041667,0.63958335,0.33958334,0.9458333,0.22083333,0.53020835,0.5875,0.25625,0.37083334,0.1125,0.48333335,0.30833334,0.29479167,0.7833333,0.12708333,0.64166665,0.08125,0.2625,0.27916667,0.68125,0.30833334,0.60625,0.74583334,0.55833334,0.21458334,0.27083334,0.88750005,0.825,0.67291665,0.32916665,0.13333334,0.6333333,0.20208333,0.081250004,0.4583333,0.63125,0.4791667,0.09375,0.325,0.43333334,0.36875,0.7625,0.34583333,0.875,0.6854167,0.38333333,0.22708333,0.41875,0.4375,0.3645833,0.61875,0.6541667,0.09166667,0.6375,0.5916667,0.8166667,0.70416665,0.5083333,0.32708335,0.84791666,0.18125,0.68125,0.6645833,0.110416666,0.04791667,0.42916667,0.43541664,0.39791667,0.54375,0.75,0.6541667,0.76458335,0.29583335,0.6791667,0.87083334,0.43124998,0.5375,0.50416666,0.225,0.1875,0.45625,0.8625,0.6458334,0.4479167,0.23541667,0.8145833,0.91041666,0.42499998,0.016666668,0.56666666,0.26875,0.70208335,0.28541666,0.6458334,0.7083334,0.80625,0.6583333,0.50416666,0.67083335,0.64166665,0.3645833,0.9395833,0.18958333,0.8125,0.16770834,0.047916666,0.125,0.7604167,0.47083333,0.73125,0.8979167,0.25625,0.6,0.7791667,0.12916666,0.39791667,0.82708335,0.32916668,0.15833333,0.23333332,0.425,0.91041666,0.59791666,0.57916665,0.70416665,0.34375,0.25416666,0.47708333,0.19375,0.86875,0.37083334,0.68333334,0.15833333,0.75625,0.84791666,0.14166667,0.45833334,0.67499995,0.65,0.63125,0.73333335,0.24166667,0.15833333,0.29791665,0.325,0.63125,0.65833336
BC2026_Train_0008_S09_20250831_000000_40,0.06875,0.41458333,0.30625,0.20833334,0.020833334,0.55833334,0.11875,0.12708333,0.075,0.27916667,0.35,0.11458333,0.08541667,0.0375,0.8770833,0.22291666,0.029166667,0.23958333,0.12291667,0.06875,0.07083333,0.4375,0.15833333,0.33958334,0.13958333,0.087500006,0.8354167,0.1375,0.47291666,0.36041668,0.5104166,0.6333333,0.44375,0.49583334,0.21875,0.59166664,0.75416666,0.43125,0.49166667,0.4875,0.39999998,0.7291667,0.37291667,0.67291665,0.28958333,0.29166666,0.26458332,0.21875,0.2125,0.19583333,0.39375,0.41041666,0.40625,0.75,0.46666664,0.65833336,0.95416665,0.31145835,0.21041667,0.022916667,0.06666667,0.25416666,0.1875,0.08541667,0.5520834,0.29583335,0.14375,0.029166667,0.74375,0.29583335,0.8354167,0.85625,0.55625,0.025,0.43333334,0.79375005,0.5729166,0.44583333,0.74375,0.4375,0.16666667,0.75625,0.03125,0.37916666,0.18541667,0.7708333,0.35625,0.33333334,0.6354166,0.328125,0.9395833,0.18333332,0.5916667,0.68125,0.6354167,0.45416668,0.13958333,0.49791664,0.33541667,0.2875,0.82916665,0.14375001,0.75416666,0.020833334,0.2625,0.30625,0.8041667,0.41458336,0.5208333,0.65625,0.49166667,0.31041667,0.26250002,0.7604166,0.64166665,0.67291665,0.30833334,0.25,0.74375,0.110416666,0.110416666,0.36458334,0.7833333,0.4708333,0.17708333,0.25833333,0.54375,0.33125,0.625,0.5291667,0.98125,0.5645833,0.49583334,0.15416667,0.33958334,0.35833335,0.57916665,0.51458335,0.46041667,0.07291667,0.6197916,0.6,0.5083333,0.6458334,0.2875,0.32916665,0.63958335,0.16874999,0.6625,0.74375,0.079166666,0.0375,0.31979167,0.38958335,0.41041666,0.59791666,0.67291665,0.725,0.8958333,0.27083334,0.6583333,0.68125,0.5083333,0.54583335,0.23958333,0.2875,0.21041666,0.38333333,0.6541667,0.65,0.44166666,0.15833333,0.9770833,0.8541666,0.30625,0.01875,0.14583334,0.21666667,0.6,0.5833334,0.5833333,0.62083334,0.48645836,0.7104167,0.56666666,0.5833333,0.65625,0.29375,0.9666667,0.17916667,0.25625,0.19999999,0.029166667,0.17708334,0.78125,0.4395833,0.6041666,0.9083333,0.54583335,0.775,0.6645833,0.08541667,0.6854167,0.6583333,0.2875,0.15416667,0.5020833,0.47708333,0.95624995,0.5583333,0.4791667,0.5833334,0.21458334,0.40833333,0.34791666,0.17916667,0.8104167,0.58124995,0.5291667,0.23125,0.74375,0.85833335,0.24791667,0.49583334,0.8041667,0.67083335,0.41041666,0.625,0.29583335,0.24583334,0.32708332,0.24166666,0.7104167,0.7416667
BC2026_Train_0008_S09_20250831_000000_45,0.09791666,0.36041665,0.25416666,0.2875,0.045833334,0.58958334,0.15416667,0.09791666,0.07083333,0.25416666,0.325,0.16666667,0.13749999,0.058333334,0.59375,0.25625,0.043750003,0.32291666,0.114583336,0.08958334,0.25416666,0.41458333,0.118750006,0.38958335,0.20833334,0.12291667,0.81875,0.09375,0.5291667,0.48541668,0.51458335,0.63958335,0.5416666,0.54583335,0.18333332,0.6583333,0.74583334,0.45,0.5833333,0.4791667,0.43333334,0.77708334,0.37916666,0.6875,0.34166667,0.34375,0.26458332,0.27291667,0.25,0.22083333,0.39166665,0.41666666,0.39999998,0.7895833,0.47083333,0.64166665,0.9875,0.24791667,0.24791667,0.04375,0.09166667,0.36666664,0.3125,0.15416667,0.5916667,0.31875,0.11666666,0.05625,0.91875,0.31666666,0.8854166,0.89375,0.61875,0.4166667,0.5333333,0.9666667,0.63958335,0.47708333,0.7520833,0.37083334,0.33125,0.88958335,0.079166666,0.39791667,0.19166666,0.64375,0.3854167,0.28541666,0.7125,0.50416666,0.875,0.19166668,0.64166665,0.7208333,0.21458334,0.79791665,0.17083333,0.4875,0.5083333,0.45208335,0.88125,0.17083333,0.5291667,0.056250002,0.08541667,0.50416666,0.95208335,0.7875,0.6854167,0.6479167,0.49583334,0.38958335,0.3375,0.6583333,0.6770834,0.69166666,0.3541667,0.5083333,0.83124995,0.27499998,0.15416667,0.50416666,0.9791667,0.60833335,0.029166669,0.38125,0.80833334,0.30625,0.725,0.8,0.94166666,0.65416664,0.54583335,0.29166666,0.31666666,0.58124995,0.6666667,0.5645833,0.79999995,0.08125,0.67499995,0.65208334,0.6791667,0.7895833,0.6875,0.30833334,0.6041666,0.27291667,0.6583333,0.8666667,0.275,0.074999996,0.51458335,0.27708334,0.54791665,0.7520833,0.675,0.92291665,0.92083335,0.3854167,0.6583333,0.5958333,0.575,0.49791667,0.22708333,0.5,0.31875002,0.36874998,0.7916666,0.59166664,0.60833335,0.29375,0.9979167,0.8458333,0.42083335,0.035416666,0.35000002,0.26458332,0.7166667,0.2875,0.6,0.5875,0.37083334,0.92083335,0.86041665,0.6145833,0.8,0.33958334,0.97083336,0.20625,0.3625,0.2125,0.06666667,0.36874998,0.92083335,0.6458333,0.77708334,0.8416667,0.9875,0.8375,0.6541667,0.1625,0.98333335,0.7208333,0.31875,0.19375,0.36041665,0.575,0.9979167,0.5104167,0.47500002,0.7375,0.23125,0.7291666,0.40625,0.21041667,0.8020834,0.99583334,0.60833335,0.45,0.74583334,0.8458333,0.45208335,0.6833333,0.90208334,0.65208334,0.42708334,0.79583335,0.53541666,0.22916666,0.38333333,0.35208333,0.8041667,0.87291664
BC2026_Train_0008_S09_20250831_000000_50,0.08125,0.34583333,0.275,0.3,0.025,0.76874995,0.19166666,0.16875,0.1375,0.3854167,0.3375,0.23125002,0.08541667,0.07083333,0.37708333,0.28958333,0.054166667,0.28333333,0.12083334,0.15625,0.14166667,0.42291665,0.23541667,0.39374998,0.17083335,0.20625,0.8375,0.08645833,0.66875005,0.6645833,0.50416666,0.73125005,0.5083333,0.48541668,0.18541667,0.7291667,0.73125,0.42291665,0.5125,0.48958334,0.375,0.6854167,0.44375,0.76250005,0.35416666,0.34583333,0.28541666,0.27083334,0.26875,0.225,0.43958333,0.45,0.44583333,0.7166667,0.45625,0.7875,0.9791666,0.3125,0.2375,0.10625,0.13333334,0.16041666,0.2875,0.09375,0.73749995,0.39791667,0.06666667,0.06875,0.87916666,0.39166665,0.8104167,0.87291664,0.5604167,0.9270833,0.43333334,0.9895834,0.48333332,0.34166667,0.62291664,0.3625,0.37083334,0.75,0.060416665,0.44583333,0.29375,0.4895833,0.3229167,0.23333335,0.5291667,0.44375,0.86041665,0.18541667,0.76875,0.65,0.10208333,0.84791666,0.21458334,0.46249998,0.39791667,0.41875,0.74375,0.12083333,0.37083334,0.079166666,0.04375,0.4125,0.7895833,0.50416666,0.53541666,0.6770834,0.42083335,0.27708334,0.225,0.43541664,0.5208334,0.61041665,0.30624998,0.31666666,0.6333333,0.16666666,0.12291667,0.3,0.76458335,0.53333336,0.0125,0.23124999,0.9,0.2625,0.5958333,0.7854167,0.71458334,0.7166667,0.59791666,0.19999999,0.32083333,0.42916667,0.68333334,0.45208335,0.82708335,0.22500001,0.73125005,0.5333333,0.5,0.64166665,0.8458333,0.2916667,0.5104167,0.25416666,0.63125,0.94375,0.12291667,0.054166667,0.33541667,0.19791667,0.45625,0.5333333,0.6645833,0.6583333,0.88750005,0.3541667,0.69375,0.39583334,0.56666666,0.43333334,0.15416667,0.30833334,0.2375,0.3541667,0.65208334,0.53125,0.5625,0.22916666,0.97083336,0.775,0.39375,0.022916667,0.18333334,0.20416667,0.5416666,0.13958333,0.52916664,0.47291666,0.28750002,0.7395834,0.70208335,0.67499995,0.6875,0.27708334,0.9395833,0.22291666,0.17291668,0.15416667,0.108333334,0.20416665,0.7583333,0.45833334,0.55833334,0.71875,0.99583334,0.5020833,0.47708333,0.16666667,0.6020833,0.69166666,0.30625,0.18125,0.47083333,0.43958333,0.95208335,0.45208335,0.53333336,0.6666667,0.29583332,0.45208335,0.51666665,0.13125,0.7125,1.0,0.45208332,0.34791666,0.6979166,0.70416665,0.42083335,0.44583333,0.86041665,0.6270833,0.35833335,0.8854166,0.36666667,0.12708333,0.44166666,0.42083335,0.74375,0.5604167
BC2026_Train_0008_S09_20250831_000000_55,0.06875,0.24791667,0.07083333,0.17291667,0.004166667,0.3541667,0.24583334,0.13541667,0.09583333,0.36875,0.41041666,0.027083334,0.083333336,0.0125,0.12708333,0.19583334,0.033333335,0.275,0.14583333,0.012500001,0.027083334,0.19375,0.060416665,0.38854167,0.058333334,0.06875,0.825,0.06666666,0.43124998,0.68125,0.5416666,0.54999995,0.45208332,0.49166667,0.19791666,0.5104166,0.75,0.46458334,0.53541666,0.46458334,0.40625,0.7520833,0.43333334,0.57708335,0.27916667,0.27083334,0.22708334,0.19583334,0.18541667,0.16041666,0.40625,0.41041666,0.43124998,0.8104167,0.44375002,0.39583334,0.95000005,0.4625,0.2125,0.012500001,0.0625,0.19999999,0.10416667,0.05625,0.50416666,0.37916666,0.022916667,0.01875,0.6354167,0.27083334,0.70208335,0.86041665,0.5020833,0.35833335,0.421875,0.95416665,0.5125,0.26666665,0.79583335,0.26875,0.110416666,0.4791667,0.010416667,0.3020833,0.12916666,0.68333334,0.37083334,0.19166666,0.57500005,0.28125,0.8854166,0.17291667,0.6145834,0.47291666,0.099999994,0.43333334,0.10416667,0.5125,0.19583334,0.23124999,0.7479167,0.099999994,0.43541667,0.16041666,0.175,0.17708333,0.5854167,0.23541667,0.42916667,0.7708334,0.3958333,0.15416667,0.21249999,0.5083333,0.159375,0.6666666,0.25208333,0.12708333,0.50208336,0.04791667,0.081250004,0.25,0.60625,0.39375,0.041666668,0.23750001,0.6166667,0.32708335,0.6166667,0.5083333,0.3,0.4375,0.6,0.10208334,0.2916667,0.31666666,0.49583334,0.38541666,0.37916666,0.15833333,0.6354166,0.60833335,0.20833333,0.54791665,0.6895833,0.33333334,0.68333334,0.15208334,0.64375,0.73541665,0.03125,0.014583333,0.18541667,0.24166666,0.40208334,0.49791664,0.68125,0.4041667,0.7916666,0.16875,0.6979166,0.39999998,0.35208333,0.5083333,0.09583334,0.14375,0.15208334,0.28333333,0.70000005,0.6,0.32708335,0.1125,0.79583335,0.8541666,0.32291666,0.0875,0.08333333,0.22708333,0.5375,0.13333333,0.5958333,0.51458335,0.104166664,0.61041665,0.43124998,0.62916666,0.5854167,0.27083334,0.88125,0.25833333,0.09166667,0.10416667,0.0375,0.09583333,0.6895833,0.26458335,0.325,0.86041665,0.93125,0.25208333,0.78125,0.047916666,0.15,0.68958336,0.21666667,0.12708333,0.24583334,0.46666664,0.9083333,0.48125,0.73125005,0.6166667,0.27916667,0.24166666,0.5,0.165625,0.75,0.8958334,0.55833334,0.16875,0.7166667,0.7291666,0.1875,0.43124998,0.64375,0.6645833,0.30833334,0.57916665,0.175,0.07083333,0.36458334,0.1625,0.6854167,0.57708335
BC2026_Train_0008_S09_20250831_000000_60,0.06875,0.27083334,0.10625,0.16458334,0.016666668,0.41458333,0.1,0.1,0.16458333,0.31875,0.43541667,0.010416667,0.18125,0.008333334,0.12916666,0.16875,0.045833334,0.2916667,0.09166667,0.004166667,0.09166667,0.27291667,0.01875,0.475,0.108333334,0.09583333,0.96458334,0.05,0.45,0.7875,0.5125,0.5833333,0.52708334,0.6333333,0.28541666,0.625,0.73333335,0.46249998,0.49791664,0.48333335,0.40833333,0.7416667,0.49374998,0.625,0.39791667,0.37708333,0.25833333,0.20625,0.2,0.16666667,0.44375,0.43541664,0.46041667,0.75625,0.48125,0.55,0.9708333,0.49583334,0.44374996,0.008333334,0.083333336,0.18333332,0.16666666,0.1,0.37083334,0.49583334,0.06666666,0.039583333,0.56666666,0.26875,0.6333333,0.6875,0.4625,0.0625,0.3958333,0.9083333,0.46875,0.33541667,0.60625005,0.2125,0.11666667,0.41666666,0.022916667,0.31458333,0.09791666,0.56666666,0.37083334,0.36458334,0.5625,0.29583335,0.8625,0.13541666,0.44583333,0.39999998,0.079166666,0.54375,0.11875,0.47083333,0.21875,0.31666666,0.70625,0.15416667,0.5,0.14375,0.1375,0.19791666,0.5333333,0.29166666,0.55833334,0.73541665,0.47500002,0.14583333,0.19583334,0.43958336,0.32083333,0.6479167,0.22708334,0.10625,0.47083336,0.10000001,0.045833334,0.22708333,0.5916667,0.42916667,0.0875,0.15,0.56666666,0.23333333,0.48958334,0.32916665,0.55833334,0.6354167,0.375,0.12708333,0.41458333,0.31458336,0.40416664,0.27916667,0.35000002,0.15833333,0.51875,0.54583335,0.21041667,0.56666666,0.76875,0.32708332,0.5208333,0.16562499,0.60833335,0.68333334,0.11666667,0.03125,0.22916666,0.15625,0.48541665,0.42708334,0.61041665,0.3875,0.76458335,0.18958333,0.6354167,0.6125,0.34375,0.38958335,0.1,0.28958333,0.13541667,0.44791666,0.5,0.43125,0.44166666,0.19166666,0.76250005,0.76666665,0.36875,0.0062500006,0.06041667,0.37916666,0.5104167,0.12916666,0.56666666,0.41458333,0.21041667,0.6583333,0.6875,0.6895833,0.45833334,0.31041667,0.8375,0.15416667,0.08958334,0.1625,0.0062500006,0.118750006,0.73333335,0.42083335,0.43124998,0.7291666,0.37916666,0.3,0.51458335,0.075,0.22916667,0.5854167,0.15625,0.077083334,0.28958333,0.60625,0.6791667,0.4583333,0.54583335,0.7083334,0.2625,0.35625,0.62916666,0.13125,0.7708334,0.49374998,0.51458335,0.20416667,0.6791667,0.65,0.26666665,0.41041666,0.60625,0.6541667,0.22916666,0.5541667,0.27708334,0.08541667,0.28333333,0.23958334,0.65625,0.49375
BC2026_Train_0009_S09_20250828_000000_5,0.6875,0.6458334,0.34583333,0.5645833,0.38333333,0.75416666,0.7166667,0.42083335,0.31458333,0.575,0.54375005,0.3645833,0.29791665,0.49166667,0.5604167,0.54791665,0.19375,0.7395833,0.19583333,0.1625,0.50416666,0.8354167,0.46458334,0.92083335,0.7395834,0.5958333,0.9625,0.59791666,0.89166665,0.5541667,0.7229167,0.8833333,0.6958333,0.81875,0.6875,0.81666666,0.7895833,0.59375,0.73541665,0.7166667,0.60625005,0.7916666,0.69375,0.9020833,0.55625,0.5541667,0.475,0.45208335,0.55,0.5333333,0.6833333,0.68333334,0.6791667,0.86041665,0.68333334,0.65416664,0.95416665,0.2125,0.6458334,0.23958334,0.3958333,0.7520833,0.23124999,0.36874998,0.9875,0.84791666,0.39166665,0.22916667,0.96458334,0.53541666,0.73541665,0.73541665,0.8145833,0.55833334,0.70416665,0.90208334,0.6354166,0.83125,0.9479167,0.9291667,0.47708333,0.6041666,0.23750001,0.9375,0.26666668,0.83958334,0.69166666,0.50416666,0.8541666,0.5958333,0.36666667,0.6979166,0.9083333,0.9791667,0.5229167,0.63125,0.3375,0.75,0.45,0.8833333,0.8020834,0.7145833,0.59375,0.38958335,0.27708334,0.8958334,0.70416665,0.70208335,0.8041667,0.77916664,0.6583333,0.85833335,0.7708333,0.5208333,0.4583333,0.75416666,0.46249998,0.92291665,0.43333334,0.75625,0.5541667,0.6166667,0.7270833,0.96875,0.27916667,0.65625,0.60625,0.4979167,0.65625,0.9291667,0.6958333,0.40833333,0.9791666,0.7083334,0.59375,0.475,0.90625,0.5375,0.8979167,0.45,0.9875,0.78125,0.5333333,0.7895833,0.8416667,0.4875,0.8333333,0.74583334,0.96875,0.57708335,0.40833333,0.59791666,0.6354166,0.5916667,0.6947917,0.94375,0.8520833,0.6666667,0.9041667,0.9604167,0.7520833,0.34583333,0.86875,0.62083334,0.7729167,0.8666667,0.86875,0.6479167,0.68125,0.8041667,0.9875,0.71458334,0.7708334,0.7479167,0.81875,0.44583333,0.6125,0.28333333,0.75625,0.53541666,0.9395833,0.8145833,0.54583335,0.8375,0.73125,0.9395833,0.73125005,0.79375,0.76666665,0.60625,0.5375,0.57916665,0.5083333,0.47083336,0.91875,0.5541667,0.75625,0.8041667,0.8833333,0.91041666,0.53125,0.38125002,0.5916667,0.9354167,0.6979167,0.75,0.51458335,0.60833335,0.54583335,0.76250005,0.6854167,0.95208335,0.7729167,0.5708333,0.34166664,0.40833336,0.76666665,0.8229166,0.69166666,0.59791666,0.76458335,0.525,0.8229167,0.7916666,0.8958334,0.8125,0.77708334,0.95625,0.6229167,0.57916665,0.8354167,0.99375,0.6875,0.6666666
BC2026_Train_0009_S09_20250828_000000_10,0.7479167,0.71875,0.3854167,0.48125,0.2625,0.79791665,0.75208336,0.6354166,0.35833335,0.60625005,0.60625,0.29375,0.44791666,0.52916664,0.5229167,0.5208334,0.16666667,0.8354167,0.3333333,0.15625,0.28958333,0.6895833,0.65208334,0.61041665,0.70416665,0.6541667,0.85625005,0.8375,0.9166667,0.62395835,0.76458335,0.9270834,0.73125005,0.78541666,0.7708333,0.8833333,0.80625,0.625,0.6041666,0.79583335,0.68125,0.6979166,0.73541665,0.92499995,0.5625,0.5645833,0.65625,0.58124995,0.68333334,0.70208335,0.7479167,0.73749995,0.73541665,0.73125,0.7395834,0.7,0.9166666,0.3125,0.86041665,0.30833334,0.40416667,0.62083334,0.20833333,0.275,0.90625,0.79791665,0.325,0.32916668,0.9333333,0.64166665,0.71979165,0.78541666,0.82708335,0.46458334,0.84791666,0.78125,0.6270833,0.7916666,0.9625,0.8458333,0.46875,0.44166666,0.5,0.63958335,0.41458333,0.93125,0.66875,0.74583334,0.80625,0.62916666,0.4375,0.69166666,0.8020833,0.9479167,0.43333334,0.3125,0.7125,0.7729167,0.3875,0.99375,0.80833334,0.5625,0.75,0.44166666,0.37083334,0.76458335,0.73333335,0.5125,0.86875,0.85625,0.73125005,0.8458333,0.87083334,0.6145834,0.40625,0.8,0.61875,0.79375,0.41458333,0.89166665,0.7166667,0.7166667,0.9479167,0.95208335,0.46458334,0.66041666,0.74375,0.6354166,0.7125,0.7708334,0.73333335,0.3,0.88958335,0.7125,0.69166666,0.425,0.91875005,0.7604167,0.74583334,0.65833336,0.92291665,0.75416666,0.6020833,0.81666666,0.83125,0.36875,0.8395833,0.9354167,0.9791666,0.75625,0.38333333,0.6875,0.76875,0.8229167,0.6583333,1.0,0.8125,0.825,0.94375,0.82916665,0.78125,0.5229167,0.85625,0.84375,0.7708334,0.7166667,0.84791666,0.7875,0.7895833,0.85,0.9979167,0.7208333,0.95,0.75,0.79583335,0.4875,0.45416665,0.46666667,0.8458333,0.66041666,0.96458334,0.8645834,0.56666666,0.88125,0.6979166,0.90625,0.89375,0.92083335,0.70208335,0.75625,0.4583333,0.95208335,0.9083333,0.7125,0.9979167,0.6458334,0.77708334,0.95625,0.84375,0.88125,0.62708336,0.4166667,0.7104167,0.8833333,0.7208333,0.86041665,0.52708334,0.7166667,0.67291665,0.6958333,0.8770833,0.9479166,0.7125,0.55833334,0.42291665,0.6458334,0.8125,0.44166666,0.73541665,0.6645833,0.76874995,0.55,0.88125,0.86041665,0.9708333,0.8104167,0.7375,0.9479166,0.56875,0.76458335,0.85,0.9375,0.8458333,0.53541666
BC2026_Train_0009_S09_20250828_000000_15,0.7729167,0.7208333,0.43124998,0.18541667,0.31666666,0.68125,0.6791667,0.5875,0.4,0.6,0.625,0.31041667,0.35625,0.48333332,0.46875,0.43958333,0.22083333,0.8979167,0.28541666,0.118750006,0.2375,0.47291666,0.46041667,0.65,0.73541665,0.61041665,0.79583335,0.675,0.8645834,0.6479167,0.85833335,0.9583333,0.69375,0.7083334,0.8041667,0.79375005,0.8541667,0.76250005,0.7416667,0.68125,0.7729167,0.8666667,0.82708335,0.97083336,0.5416666,0.53541666,0.7,0.61249995,0.7208333,0.7604166,0.82916665,0.8333333,0.83124995,0.78125,0.70625,0.8125,0.93125,0.27083334,0.90208334,0.44166666,0.49374998,0.58958334,0.08958333,0.31458336,0.6666666,0.81875,0.3854167,0.25416666,0.9,0.65625,0.8416667,0.75625,0.8354167,0.48125,0.75416666,0.74375,0.6875,0.79375005,0.9791667,0.8354167,0.28958333,0.6458334,0.5395833,0.57916665,0.35625,0.93333334,0.78125,0.7166667,0.88125,0.675,0.41250002,0.83125,0.79791665,0.9125,0.40625,0.25,0.7125,0.78541666,0.42083332,0.77708334,0.95208335,0.6854167,0.8770833,0.6166667,0.4354167,0.775,0.82916665,0.4,0.83958334,0.8375,0.7479167,0.7520833,0.85833335,0.85,0.46875,0.81875,0.6958333,0.88958335,0.46041667,0.8041667,0.7833333,0.80833334,0.89166665,0.88958335,0.46666667,0.59375,0.7875,0.62916666,0.76875,0.82916665,0.7208333,0.43333334,0.6645833,0.7916666,0.8145833,0.58958334,0.9604167,0.83958334,0.91875005,0.71875,0.76666665,0.7166667,0.6041666,0.79791665,0.87083334,0.39791664,0.7625,0.9895834,0.98333335,0.82916665,0.4166667,0.7291666,0.8208333,0.7270833,0.6875,0.98125005,0.86041665,0.7375,0.98333335,0.8666667,0.7875,0.5541667,0.93333334,0.8354167,0.8229166,0.7270833,0.8125,0.85,0.77708334,0.825,0.9979167,0.725,0.875,0.87916666,0.73541665,0.54375,0.525,0.56041664,0.75625,0.775,0.9739583,0.96458334,0.7125,0.9583334,0.6541667,0.8541666,0.98541665,0.825,0.6645833,0.9125,0.5729167,0.9708333,0.59375,0.6854167,0.91041666,0.80625,0.875,0.8833333,0.74375,0.91875,0.7708334,0.57500005,0.8333333,0.89166665,0.7625,0.8208333,0.68125,0.62083334,0.9291667,0.6895833,0.825,0.90833336,0.86249995,0.5208334,0.44583333,0.8020833,0.94375,0.45625,0.7729167,0.20208333,0.875,0.8854166,0.71875,0.92291665,0.99375,0.82916665,0.80833334,0.95625,0.7625,0.66041666,0.90625,0.8458333,0.74583334,0.64166665
BC2026_Train_0009_S09_20250828_000000_20,0.71875,0.6791667,0.32083333,0.15625,0.17916666,0.68333334,0.49374998,0.44583333,0.27291667,0.475,0.50416666,0.13958333,0.27708334,0.44583333,0.4875,0.42916667,0.18541667,0.725,0.20625,0.077083334,0.22708333,0.5729166,0.36874998,0.6,0.70208335,0.43124998,0.7729167,0.6791667,0.70625,0.45833334,0.79375,0.9145833,0.49583334,0.7270833,0.7625,0.79791665,0.9354167,0.7708334,0.5208333,0.70624995,0.6270833,0.66041666,0.83958334,0.9354167,0.46249998,0.44375,0.6333333,0.45416665,0.6875,0.7083334,0.8395833,0.8354167,0.8375,0.5833334,0.74375,0.65,0.93125,0.19583333,0.82916665,0.29375,0.37291667,0.40416667,0.12708333,0.30416667,0.6333333,0.75416666,0.26875,0.21458334,0.8458333,0.6145833,0.90625,0.7916666,0.89166665,0.7770833,0.76458335,0.83125,0.67291665,0.8770833,0.96875,0.7395834,0.27291667,0.6645833,0.5229167,0.7270833,0.29791665,0.8958333,0.7166667,0.6666667,0.9395833,0.6041666,0.54583335,0.76458335,0.9291667,0.81666666,0.3125,0.40416667,0.71458334,0.7395834,0.43958333,0.65416664,0.9895834,0.6333333,0.9354167,0.71458334,0.52708334,0.8020833,0.85,0.48333335,0.79375005,0.85625,0.6625,0.6854167,0.70625,0.8729167,0.46458334,0.85833335,0.6354166,0.89166665,0.62916666,0.7125,0.675,0.7791667,0.9479167,0.8666667,0.33541667,0.5708333,0.75416666,0.59791666,0.8041667,0.7520833,0.49791664,0.74583334,0.7270833,0.8145833,0.8458333,0.42291665,0.98541665,0.8375,0.9479167,0.6333333,0.8729167,0.7604166,0.7604167,0.73125,0.7895833,0.46249998,0.7270833,0.93125,0.9395833,0.83125,0.4875,0.7520833,0.91875,0.7729167,0.63958335,0.77708334,0.8729167,0.63125,0.95624995,0.81875,0.86041665,0.5333333,0.86041665,0.90625,0.7708334,0.6479167,0.67083335,0.85625,0.75625,0.8145833,0.9625,0.70624995,0.76875,0.9666667,0.734375,0.7395834,0.52916664,0.48333335,0.75,0.6270833,0.95624995,0.98541665,0.65625,0.9708333,0.7625,0.95,0.975,0.9041667,0.7875,0.81875,0.76250005,0.89166665,0.6125,0.6270833,0.81666666,0.93958336,0.9375,0.92083335,0.7145833,0.92499995,0.73125005,0.55625,0.9145833,0.88958335,0.8020833,0.70624995,0.57916665,0.7416667,0.94166666,0.7125,0.81875,0.87083334,0.76458335,0.6166667,0.475,0.8104167,0.9895834,0.31041667,0.8020834,0.16458333,0.9041667,0.9375,0.6625,0.91875,0.95,0.8979167,0.8416667,0.92083335,0.75625,0.7125,0.95416665,0.8729167,0.66875,0.7125
BC2026_Train_0009_S09_20250828_000000_25,0.68125,0.625,0.51458335,0.26666668,0.083333336,0.8770833,0.51666665,0.5604167,0.37083334,0.55,0.6125,0.25416666,0.27291667,0.49583334,0.47708333,0.45625,0.13541666,0.7479167,0.20416665,0.16041666,0.24583334,0.55833334,0.31458333,0.67083335,0.5916667,0.4375,0.72291666,0.75,0.9166666,0.42291665,0.7208333,0.98125005,0.64166665,0.8166667,0.71458334,0.9166667,0.84375,0.73541665,0.6333333,0.6958333,0.68125,0.6979167,0.84375,0.9895834,0.5541667,0.54791665,0.6541667,0.5729166,0.7166667,0.75625,0.83958334,0.8416667,0.8416667,0.73125,0.6958333,0.8645834,0.95416665,0.2875,0.875,0.28541666,0.39375,0.5875,0.13541667,0.35833335,0.6666667,0.8041667,0.40416667,0.36458334,0.94375,0.66041666,0.92291665,0.79583335,0.9291667,0.7875,0.8020834,0.8645833,0.5375,0.79583335,0.9791666,0.95416665,0.42083335,0.82708335,0.6541667,0.96666664,0.46249998,0.69375,0.63958335,0.7833333,0.9770833,0.6041667,0.46875,0.8104167,0.9875,0.88125,0.49583334,0.5,0.7416667,0.7125,0.425,0.775,0.9708333,0.8541666,0.8979167,0.54375,0.39166665,0.76875,0.8020834,0.5625,0.9104167,0.81875,0.80625,0.89166665,0.6875,0.8354167,0.36666667,0.8375,0.6,0.93333334,0.47083336,0.67083335,0.49166667,0.67291665,0.80625,0.8833333,0.37291667,0.5416666,0.80625,0.46875,0.8645834,0.9354167,0.5541667,0.56666666,0.93125,0.7770833,0.9458333,0.44166666,0.93125,0.9,0.9666667,0.60833335,0.92499995,0.7708334,0.7,0.86875,0.8125,0.44583333,0.8166667,0.9625,0.95000005,0.82708335,0.4875,0.69166666,0.9125,0.83125,0.6375,0.8666667,0.89375,0.54375,0.9395833,0.95625,0.8145833,0.51875,0.9895834,0.9770833,0.8458333,0.8770833,0.7520833,0.78541666,0.72291666,0.92291665,0.9583333,0.8125,0.76666665,0.8770833,0.76875,0.5020833,0.5020833,0.42916667,0.8520833,0.775,0.9822917,0.96875,0.725,0.93125,0.61875,0.9895834,0.9770833,0.9041667,0.80625,0.8208333,0.6625,0.9791667,0.7875,0.6125,0.6791667,0.8125,0.96875,0.85833335,0.85,0.94375,0.5854167,0.79375005,0.9041667,0.79791665,0.79999995,0.78541666,0.59583336,0.64375,0.9145833,0.85833335,0.7625,0.8041667,0.88958335,0.6166667,0.85833335,0.8875,0.9604167,0.96458334,0.8145833,0.4375,0.7947917,0.85833335,0.82708335,0.96875,0.8958333,0.8041667,0.8354167,0.92291665,0.8520833,0.6958333,0.99375,0.80625,0.78541666,0.7458333
BC2026_Train_0009_S09_20250828_000000_30,0.60833335,0.6041667,0.38125002,0.35625,0.11666667,0.88125,0.50625,0.49374998,0.37083334,0.51458335,0.53125,0.30625,0.26458335,0.20833333,0.41875,0.55625,0.099999994,0.58125,0.31666666,0.052083336,0.19999999,0.48333335,0.21458334,0.44375,0.57916665,0.49375,0.81666666,0.83125,0.83958334,0.5541667,0.68541664,0.8354167,0.74583334,0.625,0.61875,0.76875,0.84791666,0.65,0.54375,0.6270833,0.5729166,0.6166667,0.68125,0.84791666,0.3854167,0.37083334,0.5645833,0.46666667,0.65208334,0.66875,0.6895833,0.6895833,0.69375,0.5875,0.6583333,0.92083335,0.9458333,0.25625,0.7208333,0.1875,0.31041667,0.7520833,0.09583333,0.3125,0.79375005,0.71458334,0.38333333,0.3854167,0.9770833,0.5854167,0.7625,0.65208334,0.9354167,0.63750005,0.5729167,0.9083333,0.4791667,0.80625,0.97291666,0.9729167,0.5854167,0.45416665,0.375,0.87083334,0.32083333,0.7729167,0.65,0.5520834,0.9166667,0.75416666,0.27291667,0.8375,0.9666667,0.88125,0.51875,0.81875,0.38958335,0.775,0.5625,0.9,0.9125,0.7270833,0.79583335,0.25625002,0.40416667,0.8458333,0.725,0.75625,0.95416665,0.925,0.9166667,0.77708334,0.8145833,0.6875,0.35416666,0.88125,0.59375,0.9479167,0.4125,0.5875,0.42083332,0.65,0.75,0.9395833,0.43541667,0.54791665,0.84375,0.67291665,0.775,0.9708333,0.73749995,0.5104167,0.9583334,0.61875,0.91041666,0.33541667,0.94166666,0.7395834,0.9875,0.46041667,0.9416667,0.8145833,0.45416665,0.90625,0.77708334,0.48125,0.7270833,0.9770833,0.94166666,0.88958335,0.34166664,0.61041665,0.70624995,0.6875,0.64166665,0.9729167,0.85,0.44166666,0.9041667,0.98125005,0.7625,0.43124998,0.9895834,0.8666667,0.8645834,0.89375,0.79375,0.45,0.71458334,0.85625005,0.9708333,0.7270833,0.7,0.74375,0.81145835,0.39999998,0.45208335,0.29375,0.6354166,0.66041666,0.94166666,0.8229166,0.60625,0.86041665,0.7833333,0.9458333,0.9125,0.8854166,0.71458334,0.80625,0.46875,0.8979167,0.65625,0.47916666,0.67499995,0.5447917,0.8729167,0.9583333,0.8833333,0.9875,0.625,0.40416664,0.88125,0.81875,0.70208335,0.8979167,0.40416667,0.50625,0.63125,0.76666665,0.8208333,0.825,0.77708334,0.5833333,0.92083335,0.8,0.79791665,0.9916667,0.8520833,0.59375,0.70416665,0.5989583,0.77708334,0.8854167,0.8729167,0.925,0.79791665,0.96875,0.89166665,0.7125,0.97083336,0.86875,0.59375,0.6583333
BC2026_Train_0009_S09_20250828_000000_35,0.6645833,0.54999995,0.35625,0.30416667,0.30416667,0.70625,0.55625,0.5104167,0.38333333,0.43541667,0.4875,0.38958335,0.42291665,0.37083334,0.38958335,0.6458334,0.21041667,0.60833335,0.31666666,0.06666667,0.32083333,0.7520833,0.34166667,0.575,0.825,0.5625,0.99375,0.77708334,0.90625,0.45,0.74375,0.9375,0.73541665,0.54375,0.68125,0.81875,0.87083334,0.62083334,0.4875,0.575,0.63125,0.59791666,0.76666665,0.94166666,0.46666667,0.46666667,0.57916665,0.5875,0.58124995,0.66875,0.7708333,0.76874995,0.76458335,0.7208333,0.64375,0.7916667,0.88125,0.3333333,0.61249995,0.29166666,0.42291665,0.43958336,0.125,0.33749998,0.84375,0.74583334,0.29583335,0.25208333,0.8645833,0.35625,0.67291665,0.6666666,0.9666667,0.35833335,0.53125,0.8104167,0.6166667,0.7520833,0.91041666,0.7895833,0.4583333,0.47916666,0.17708333,0.7875,0.25625,0.8479167,0.79375,0.575,0.9166666,0.76458335,0.37083334,0.8229166,0.75625,0.7416667,0.49166667,0.8104167,0.28333333,0.7270833,0.45416665,0.96875,0.90208334,0.84791666,0.74375,0.27083334,0.48541668,0.6895833,0.7479167,0.61875,0.94166666,0.9916667,0.9770833,0.6958333,0.7708334,0.7104167,0.4895833,0.8479167,0.69166666,0.65625,0.525,0.62083334,0.35416666,0.71875,0.8458333,0.9625,0.45416665,0.83958334,0.7104167,0.7604167,0.8666667,0.76666665,0.46875,0.39166665,0.75,0.59791666,0.82916665,0.58125,0.8395833,0.81666666,0.8229166,0.46458334,0.95208335,0.8,0.50208336,0.92291665,0.6177083,0.5104166,0.90208334,0.8208333,0.94375,0.7875,0.43125,0.9395833,0.5541667,0.6791667,0.7104167,0.9375,0.75625,0.46249998,0.86041665,0.9041667,0.8,0.50416666,0.8333334,0.84375,0.8520833,0.67083335,0.67291665,0.50416666,0.8104167,0.95416665,0.91875005,0.7,0.89166665,0.88750005,0.98854166,0.55833334,0.8104167,0.4125,0.74791664,0.4375,0.98125005,0.8145833,0.42291665,0.8416667,0.80833334,0.90625,0.6041667,0.96458334,0.68333334,0.64166665,0.6020833,0.58958334,0.53333336,0.42916667,0.93125,0.59791666,0.80833334,0.9916667,0.85833335,0.7875,0.67499995,0.26666665,0.73541665,0.93125,0.77708334,0.82916665,0.36875,0.7104167,0.5291667,0.76875,0.9,0.8541667,0.7125,0.53541666,0.83125,0.57916665,0.8375,0.79999995,0.98541665,0.54375,0.7708334,0.54791665,0.9375,0.86041665,0.87083334,0.9291667,0.83124995,0.94166666,0.73541665,0.7791667,0.7604166,0.91041666,0.54999995,0.73125
BC2026_Train_0009_S09_20250828_000000_40,0.6333333,0.5583333,0.39166665,0.31041667,0.225,0.8020834,0.5854167,0.6,0.4270833,0.5208333,0.48541665,0.25208333,0.5104167,0.4,0.41875,0.68333334,0.19791666,0.66041666,0.3229167,0.1375,0.3229167,0.75416666,0.26041666,0.6770834,0.6479167,0.40625,0.90520835,0.66875005,0.8354167,0.46458334,0.70625,0.9375,0.73541665,0.52708334,0.60625,0.79375,0.8375,0.6333333,0.47083333,0.63958335,0.6145834,0.60833335,0.76874995,0.9291667,0.53541666,0.53125,0.6541667,0.61249995,0.59791666,0.6541667,0.7583333,0.7583333,0.7583333,0.6,0.70208335,0.59166664,0.79270834,0.375,0.7,0.29375002,0.6354166,0.42708334,0.15625,0.39375,0.7625,0.7270833,0.3333333,0.31458333,0.76875,0.39791667,0.83958334,0.78125,0.9458333,0.47291666,0.48541665,0.7854167,0.68333334,0.6479167,0.7166667,0.72291666,0.5104166,0.5333333,0.3,0.8958333,0.48958334,0.6583333,0.725,0.63125,0.94375,0.59375,0.6020833,0.80625,0.84791666,0.7833333,0.38333333,0.9583334,0.7479167,0.73541665,0.5083333,0.85833335,0.8520833,0.9375,0.84375,0.33958334,0.40625,0.7229167,0.6854167,0.40625,0.8208333,1.0,0.8520833,0.65625,0.95208335,0.49583334,0.40625,0.82916665,0.60625,0.64375,0.5833334,0.5020833,0.31875002,0.6645833,0.71458334,0.91041666,0.41250002,0.95416665,0.97291666,0.6958333,0.7708334,0.6645833,0.3541667,0.61041665,0.60833335,0.62083334,0.74375,0.6770834,0.81875,0.9041667,0.79583335,0.3625,0.96458334,0.6895833,0.5104167,0.81875,0.59166664,0.80833334,0.8020834,0.55,0.9166667,0.96875,0.40833333,0.9770833,0.62083334,0.61041665,0.71458334,0.9083333,0.7291667,0.51875,0.7916666,0.7479167,0.8375,0.49583334,0.8104167,0.85,0.71875,0.5916667,0.53125,0.7291666,0.7104167,0.99375,0.8333334,0.9145833,0.8208333,0.9270833,0.996875,0.57916665,0.80625,0.37916666,0.8125,0.42916667,1.0,0.84791666,0.62916666,0.79791665,0.725,0.98125005,0.65,0.99583334,0.7625,0.76875,0.65208334,0.5333333,0.3854167,0.43125,0.9895834,0.7208333,0.75416666,0.98541665,0.96875,0.65,0.76250005,0.37083334,0.6020833,0.9083333,0.9166666,0.7291666,0.24374999,0.50416666,0.72291666,0.8,0.77708334,0.84375,0.65,0.61041665,0.5291667,0.64166665,0.8041667,0.625,1.0,0.28333333,0.7791667,0.63125,0.9770833,0.92083335,0.85833335,0.8041667,0.8416667,0.8770833,0.69166666,0.8458333,0.83958334,0.96875,0.73541665,0.6625
BC2026_Train_0009_S09_20250828_000000_45,0.31041667,0.46875,0.47291666,0.31875002,0.3125,0.88125,0.34791666,0.59375,0.42083335,0.6,0.43958333,0.16041666,0.4375,0.37916666,0.45,0.63958335,0.1875,0.71875,0.29375,0.1875,0.21041667,0.82500005,0.46458334,0.54375,0.4125,0.108333334,0.7583333,0.34583333,0.48541665,0.31041667,0.5541667,0.6875,0.73333335,0.42916667,0.4895833,0.475,0.775,0.57916665,0.49166667,0.56666666,0.5229167,0.5375,0.6270833,0.6958333,0.5916667,0.57916665,0.54583335,0.58124995,0.62916666,0.49583334,0.6166667,0.6145834,0.6166667,0.67291665,0.5677084,0.44166666,0.78541666,0.40833333,0.75625,0.31666666,0.6458334,0.41458333,0.33125,0.43333334,0.7166667,0.76458335,0.37291667,0.39375,0.8020834,0.43333334,0.95416665,0.9708333,0.99375,0.525,0.42291665,0.725,0.65625,0.79583335,0.7166667,0.81666666,0.64375,0.67083335,0.45833334,0.9625,0.56666666,0.6270833,0.5729167,0.83958334,0.9791666,0.7166667,0.76666665,0.71458334,0.95416665,0.86875,0.27708334,0.9916667,0.94375,0.6791667,0.72291666,0.78541666,0.83958334,0.8729167,0.9395833,0.26458332,0.26875,0.75,0.66875,0.47291666,0.8354167,0.9916667,0.8541667,0.5604167,0.85625,0.6666666,0.54375,0.94375,0.7125,0.8041667,0.7895833,0.52500004,0.35208333,0.7583333,0.675,0.9270834,0.23333332,0.99583334,0.99583334,0.56875,0.6875,0.73541665,0.4,0.8541667,0.48749998,0.7625,0.81666666,0.63958335,0.9666667,0.52916664,0.70416665,0.20208333,0.99583334,0.61041665,0.54375,0.67291665,0.35208333,0.8833333,0.75625,0.73541665,0.9083333,0.96875,0.59791666,0.99375,0.65625,0.55,0.7916667,0.8666667,0.7458333,0.65208334,0.825,0.83125,0.9604167,0.7708334,0.8958334,0.6145833,0.6854167,0.5541667,0.75,0.9145833,0.6583333,0.95625,0.9395833,0.9895834,0.7083334,0.90208334,0.99895835,0.33333334,0.8854167,0.42916667,0.8520833,0.375,0.99375,0.7791667,0.85625,0.7916666,0.8333334,0.9875,0.7416667,0.9916667,0.8979167,0.83124995,0.5875,0.69166666,0.5854167,0.5416667,0.93125,0.9,0.76874995,0.8979167,0.9875,0.95624995,0.7854167,0.4083333,0.5395833,0.9375,0.9604167,0.7833333,0.2708333,0.35833332,0.90625,0.7604166,0.70624995,0.7166667,0.67083335,0.7395833,0.25104165,0.7708334,0.9625,0.43333334,0.99375,0.5083333,0.75416666,0.5416667,0.99375,0.9125,0.9375,0.7395834,0.78125,0.86041665,0.8,0.98125,0.9041667,0.99375,0.7229167,0.50624996
BC2026_Train_0009_S09_20250828_000000_50,0.55833334,0.47291666,0.34791666,0.26041666,0.175,0.65,0.38958332,0.4166667,0.3645833,0.52916664,0.44375,0.110416666,0.4791667,0.27083334,0.31458333,0.5395833,0.14166668,0.6041667,0.3125,0.13541667,0.3625,0.8854166,0.25208333,0.74583334,0.58125,0.14791666,0.82708335,0.54583335,0.41458333,0.30625,0.56875,0.6979166,0.7375,0.6895833,0.5291667,0.49791667,0.8333333,0.6020833,0.5291667,0.6270833,0.5020833,0.57916665,0.65416664,0.66041666,0.5645833,0.5541667,0.5,0.4875,0.54791665,0.4895833,0.6375,0.63958335,0.63125,0.7708333,0.5645833,0.44583333,0.7583333,0.44166666,0.58958334,0.32083333,0.68333334,0.2,0.25833333,0.47500002,0.6979167,0.70416665,0.20416668,0.29791665,0.7916666,0.3375,0.95625,1.0,0.9145833,0.30208334,0.5708333,0.875,0.5395833,0.6541667,0.8541666,0.65,0.59791666,0.8020834,0.42916667,0.9145833,0.4791667,0.8145833,0.60833335,0.8770833,0.9270834,0.55625,0.7729167,0.7875,0.94375,0.8208333,0.26458335,0.79791665,0.88958335,0.68125,0.7291667,0.6875,0.9,0.5625,0.8541666,0.29166666,0.37708333,0.68333334,0.8020834,0.43333334,0.7395834,0.96875,0.67083335,0.8,0.9604167,0.6958333,0.4875,0.9125,0.75625,0.6833333,0.8020834,0.41041666,0.30416667,0.7125,0.7416667,0.87916666,0.49791667,0.9770833,1.0,0.56874996,0.8833333,0.86249995,0.27708334,0.6791667,0.5645833,0.6145834,0.6666666,0.5625,0.9,0.725,0.71458334,0.25208333,0.98333335,0.7479167,0.7125,0.61249995,0.39166665,0.75,0.75625,0.51666665,0.9375,0.91875,0.39166665,0.99583334,0.75416666,0.63125,0.6645833,0.90625,0.78125,0.56875,0.82708335,0.6145834,0.9895834,0.79791665,0.8125,0.7583333,0.675,0.346875,0.73749995,0.85,0.76666665,0.97291666,0.8229167,0.9916667,0.825,0.93125,0.990625,0.51458335,0.8541666,0.54583335,0.9395833,0.325,0.97291666,0.78541666,0.68333334,0.82916665,0.7479167,0.99583334,0.8854166,0.8875,0.94166666,0.7895833,0.56666666,0.6125,0.5708333,0.42083335,0.78333336,0.9354167,0.84791666,0.95208335,0.9916667,0.65,0.81666666,0.26666665,0.6583333,0.9395833,0.9791666,0.6229167,0.57708335,0.48333335,0.98541665,0.8833333,0.8770833,0.7833333,0.72291666,0.575,0.29791665,0.7541667,0.79791665,0.22291666,0.9770833,0.46875,0.88750005,0.63958335,0.82916665,0.84375,0.95208335,0.76666665,0.8229166,0.8770833,0.6958333,0.95,0.8208333,0.9583333,0.8354167,0.70624995
BC2026_Train_0009_S09_20250828_000000_55,0.5875,0.4479167,0.14166667,0.20208333,0.079166666,0.56041664,0.3645833,0.32291666,0.28541666,0.42083335,0.39999998,0.079166666,0.44166666,0.108333334,0.21875,0.48333335,0.075,0.5958333,0.24375,0.060416665,0.1875,0.50416666,0.25208333,0.6145834,0.56875,0.22604167,0.8208333,0.575,0.5416666,0.34583333,0.70416665,0.8020834,0.525,0.75416666,0.5708333,0.7895833,0.8770833,0.6375,0.48125,0.5520834,0.51458335,0.59375,0.80833334,0.78125,0.39375,0.36666667,0.50416666,0.35208333,0.525,0.54791665,0.79583335,0.79791665,0.79375,0.6270833,0.58958334,0.35416666,0.7875,0.32916665,0.7166667,0.16666667,0.46666667,0.2625,0.09375,0.32916665,0.5520834,0.68125,0.22083333,0.108333334,0.83125,0.35,0.8520833,0.97291666,0.8,0.24375,0.725,0.8354167,0.54375,0.6354166,0.9604167,0.61875,0.4875,0.59791666,0.37291664,0.74583334,0.33958334,0.67083335,0.87083334,0.79791665,0.9041667,0.41041666,0.6020833,0.7416667,0.9166666,0.8020834,0.23125,0.4625,0.8354167,0.6583333,0.5833334,0.5333333,0.8770833,0.49374998,0.92291665,0.4,0.5416666,0.65208334,0.75416666,0.5104167,0.75416666,0.8833333,0.73333335,0.9270834,1.0,0.70729166,0.30625,0.78541666,0.70208335,0.7083333,0.74375,0.51666665,0.36666667,0.6041667,0.8208333,0.8541667,0.54999995,0.82916665,0.9625,0.54999995,0.8833333,0.99375,0.325,0.63125,0.59791666,0.55833334,0.65625,0.3333333,0.83124995,0.8041667,0.64375,0.34583333,0.92083335,0.76458335,0.6479167,0.79583335,0.5,0.41666666,0.70208335,0.76874995,0.9125,0.59791666,0.2916667,0.95416665,0.6208333,0.8520833,0.6458334,0.9708333,0.70208335,0.46875,0.8,0.32083333,0.9270834,0.43124998,0.8416667,0.8208333,0.7895833,0.5541667,0.85625005,0.7208333,0.8666667,0.89166665,0.91041666,0.8770833,0.9333333,0.9291667,0.9604167,0.51250005,0.5645833,0.36041665,0.95625,0.5520834,0.925,0.8229167,0.47291666,0.75625,0.60625,0.9166667,0.73541665,0.725,0.8,0.9270834,0.5104167,0.9166666,0.28541666,0.4895833,0.86875,0.92499995,0.8979167,0.98125,0.95625,0.63958335,0.76874995,0.44375,0.48541668,0.9291667,0.87083334,0.50625,0.43541664,0.62083334,0.9604167,0.6895833,0.85833335,0.7895833,0.59166664,0.5708333,0.42708334,0.925,0.78333336,0.18541667,0.92499995,0.64375,0.81875,0.7291666,0.5958333,0.88750005,0.7604166,0.775,0.75,0.8375,0.43541667,0.62083334,0.8333333,0.86249995,0.7833333,0.8041667
BC2026_Train_0009_S09_20250828_000000_60,0.6166667,0.45416668,0.40416667,0.26666665,0.20833333,0.62916666,0.5541667,0.2875,0.42916667,0.42916667,0.4166667,0.09166667,0.7125,0.27916667,0.37083334,0.46875,0.17291667,0.6666667,0.28958333,0.077083334,0.20625,0.41458333,0.5604167,0.8083333,0.7854167,0.3125,0.8875,0.3854167,0.6229167,0.37916666,0.8354167,0.86875,0.40833336,0.55625,0.7895833,0.70000005,0.8520833,0.6145833,0.49374998,0.525,0.55625,0.6145833,0.8958333,0.8541666,0.54375005,0.49583334,0.63125,0.4041667,0.70208335,0.64375,0.8875,0.8833333,0.8833333,0.70625,0.54583335,0.27083334,0.76458335,0.2875,0.82916665,0.19791667,0.44583333,0.43333334,0.09583333,0.34791666,0.56666666,0.7625,0.40833333,0.12083334,0.7729167,0.5291667,0.9083333,0.6979167,0.82604164,0.21666667,0.74791664,0.8625,0.62916666,0.8,0.6229167,0.78125,0.37291664,0.47083333,0.6458333,0.9895834,0.37708333,0.88750005,0.9729167,0.94375,0.94166666,0.4375,0.46041667,0.625,0.99375,0.975,0.4395833,0.9,0.80833334,0.6875,0.64166665,0.65625,0.875,0.86875,0.98541665,0.425,0.33958334,0.81875,0.7291666,0.47708333,0.90208334,0.8041667,0.48958334,0.8020833,0.9395833,0.5708333,0.325,0.82916665,0.8104167,0.8,0.7375,0.84375,0.39166665,0.6666666,0.7145833,0.9270834,0.34583333,0.61875,0.7416667,0.45416665,0.85833335,0.875,0.30625,0.44375002,0.80833334,0.7479167,0.8979167,0.32083333,0.94375,0.6791667,0.6479167,0.5416666,0.975,0.8520833,0.4625,0.7479167,0.71875,0.52708334,0.678125,0.95416665,0.99375,0.5125,0.67083335,0.875,0.56666666,0.63125,0.66875,0.8416667,0.7291666,0.525,0.80833334,0.66875,0.8729167,0.46458334,0.98333335,0.9770833,0.5395833,0.59166664,0.63958335,0.7895833,0.67083335,0.8854166,0.9875,0.825,0.80625,0.775,0.7083333,0.41458333,0.47083333,0.425,0.80625,0.76666665,0.92291665,0.8708333,0.43541664,0.8375,0.61041665,0.9270834,0.70208335,0.8875,0.7166667,0.9041667,0.47916666,0.98333335,0.34583333,0.6145834,0.8666667,0.7916666,0.7833333,0.8833333,0.8875,0.7125,0.56875,0.70000005,0.3645833,0.86875,0.76250005,0.4583333,0.54791665,0.4,0.8104167,0.8375,0.92291665,0.8229166,0.7791667,0.5958333,0.28125,0.96875,0.8666667,0.18541667,0.8229166,0.33125,0.79583335,0.6625,0.8854167,0.9791667,0.71458334,0.76458335,0.79583335,0.8979167,0.6458333,0.575,0.98541665,0.95625,0.8333334,0.72291666
BC2026_Train_0010_S09_20250828_000000_5,0.6958333,0.55833334,0.21041667,0.34166667,0.41666666,0.76458335,0.4583333,0.51875,0.20416667,0.6145833,0.30625,0.16041666,0.5,0.56666666,0.43958333,0.35208333,0.6020833,0.8125,0.31666666,0.5,0.24166667,0.69166666,0.5104166,0.56875,0.54791665,0.30833334,0.66041666,0.7125,0.60833335,0.47708333,0.7552084,0.6625,0.66875005,0.6895833,0.55833334,0.5625,0.8104167,0.6479167,0.76666665,0.54999995,0.6333333,0.85,0.7583333,0.65,0.46666667,0.45416665,0.5875,0.47708333,0.6854167,0.5979167,0.76458335,0.76666665,0.76458335,0.8333333,0.57708335,0.75625,0.975,0.43541667,0.8875,0.47083336,0.43125,0.5291667,0.37083334,0.41458333,0.70416665,0.565625,0.51458335,0.54999995,0.98125005,0.59791666,0.9770833,0.6979166,0.8666667,0.5125,0.5291667,0.9770833,0.7708334,0.9791666,0.92083335,0.6791667,0.47083333,0.45,0.24375,0.79583335,0.56666666,0.7583333,0.92291665,0.85,0.87916666,0.578125,0.86041665,0.68958336,0.67291665,0.9708333,0.49375,0.66041666,0.65208334,0.6583333,0.98541665,0.47291666,0.69375,0.50625,0.925,0.38958335,0.6041667,0.7395834,0.9354167,0.56875,0.4270833,0.8958334,0.5625,0.90208334,0.61041665,0.75416666,0.5875,0.9895834,0.6354167,0.78541666,0.7166667,0.51875,0.80833334,0.925,0.74583334,0.8354167,0.5,0.8458333,0.925,0.63125,0.625,0.95208335,0.39375,0.48749998,0.79583335,0.50416666,0.57916665,0.34375,0.95624995,0.95208335,0.91041666,0.45208335,0.87916666,0.7375,0.38541666,0.59791666,0.5604167,0.83125,0.8333334,0.60833335,0.85625,0.89166665,0.425,0.99583334,0.93333334,0.9479166,0.6145834,0.7708333,0.9729167,0.90625,0.79583335,0.7708333,0.8979167,0.8375,0.9666667,0.91041666,0.41041666,0.9770833,0.9625,0.51666665,0.6958333,0.8,0.82916665,0.92291665,0.7520833,0.8333333,0.88125,0.9083333,0.54583335,0.47083333,0.90625,0.3958333,0.72291666,0.7270833,0.43124998,0.8979167,0.93125,0.7270833,0.69375,0.80625,0.7,0.8354167,0.5104166,0.2916667,0.96875,0.74375,0.61249995,0.8375,0.5645833,0.73125005,0.81458336,0.9145833,0.91875,0.40208334,0.5895833,0.92291665,0.9666667,0.775,0.28541666,0.45624998,0.6270833,0.9770833,1.0,0.93125,0.7708334,0.8666667,0.8354167,0.8458333,0.9145833,0.69375,0.9708333,0.65,0.97291666,0.79791665,0.43125,0.75,0.7875,0.6791667,0.7083334,0.58958334,0.41250002,0.7541667,0.85833335,0.6645833,0.8520833,0.7166667
BC2026_Train_0010_S09_20250828_000000_10,0.62916666,0.6354166,0.35833335,0.3375,0.4125,0.7708334,0.5395833,0.40625,0.2,0.5625,0.26666665,0.26458335,0.49375004,0.6458333,0.5270833,0.39583334,0.5208334,0.86041665,0.33333334,0.63125,0.22291666,0.7520833,0.5541667,0.5875,0.6895833,0.65,0.7375,0.7125,0.82500005,0.47291666,0.7208333,0.8375,0.69375,0.9666667,0.57916665,0.93125,0.83125,0.6854167,0.7791667,0.7625,0.7,0.8416667,0.6979167,0.85,0.3854167,0.37291667,0.5645833,0.6,0.66041666,0.62083334,0.68333334,0.69166666,0.6875,0.82916665,0.6333333,0.76458335,0.95208335,0.4625,0.81666666,0.6229167,0.31458333,0.68333334,0.3125,0.37291667,0.71875,0.6645833,0.43333334,0.51458335,0.99583334,0.61875,0.9979167,0.6625,0.89166665,0.49791667,0.8875,0.94375,0.8708333,0.95625,0.8125,0.74375,0.69375,0.62083334,0.38750002,0.82916665,0.48125,0.87083334,0.6270833,0.69166666,0.8854167,0.5333333,0.7083334,0.6583333,0.7166667,0.99583334,0.5395833,0.60833335,0.53125,0.73333335,0.84791666,0.53541666,0.73125,0.33125,0.9458333,0.54375005,0.95416665,0.60625,1.0,0.55625,0.3958333,0.64375,0.475,0.96875,0.3333333,0.6875,0.6354167,0.95,0.41458333,0.91875,0.8541667,0.73125,0.82708335,0.8729167,0.9270834,0.8354167,0.55625,0.66041666,0.82500005,0.6791667,0.7520833,0.9875,0.6041667,0.6125,0.90208334,0.5229167,0.47708333,0.42291668,0.9354167,0.91041666,0.8666667,0.46875,0.8541666,0.6895833,0.8041667,0.8375,0.59375,0.64166665,0.87708336,0.70625,0.9291667,0.8770833,0.55,0.95416665,0.9875,0.9291667,0.6958333,0.76250005,0.975,0.99375,0.89166665,0.6770834,0.8020833,0.70416665,0.9354167,0.9770833,0.46458334,0.96458334,0.9916667,0.3958333,0.6020833,0.7395833,0.8458333,0.8208333,0.62708336,0.7208333,0.73541665,0.85833335,0.575,0.33333334,0.98333335,0.63125,0.68125,0.65833336,0.4479167,0.98333335,0.9916667,0.6458333,0.74375,0.46041667,0.8666667,0.8645834,0.65625,0.34583333,0.83125,0.6770834,0.66041666,0.8333334,0.65625,0.7625,0.8979167,0.9604167,0.61041665,0.28750002,0.8625,0.80625,0.8375,0.8125,0.5104166,0.9145833,0.6854167,0.88958335,0.9375,0.9479167,0.63125,0.98541665,0.64374995,0.87916666,0.9895834,0.53125,0.875,0.9791666,0.99375,0.775,0.23124999,0.5520833,0.85833335,0.71458334,0.88125,0.66875,0.5375,0.625,0.83124995,0.74375,0.96458334,0.8958334
BC2026_Train_0010_S09_20250828_000000_15,0.7479167,0.6645833,0.46875,0.26666665,0.56666666,0.7604166,0.5729167,0.41250002,0.125,0.51458335,0.28958333,0.25833333,0.37291667,0.85833335,0.675,0.19999999,0.6145834,0.9270834,0.27708334,0.46041667,0.37916666,0.57916665,0.59166664,0.68333334,0.6791667,0.5104167,0.82916665,0.63125,0.5541667,0.47291666,0.8354167,0.84791666,0.66041666,1.0,0.71875,0.9770833,0.86249995,0.75625,0.82708335,0.8625,0.7270833,0.8822917,0.8541666,0.81875,0.45208335,0.43333334,0.65,0.52708334,0.6854167,0.5895833,0.85833335,0.8541666,0.85625,0.89166665,0.6854167,0.79583335,0.82708335,0.43541664,0.85,0.59791666,0.325,0.68125,0.46875,0.33749998,0.5375,0.76875,0.5083333,0.58125,0.9395833,0.65208334,0.9375,0.80625,0.85,0.46458334,0.9,0.8208333,0.5916667,0.86875,0.60833335,0.6125,0.6125,0.8979167,0.6020833,0.67083335,0.55625,0.6979166,0.7520833,0.6052083,0.8145833,0.55625,0.85833335,0.46249998,0.6166667,0.9041667,0.38333333,0.88125,0.5083333,0.64374995,0.83958334,0.5208334,0.8041667,0.41041666,0.95416665,0.73125,0.90208334,0.6145833,0.9354167,0.7875,0.5625,0.7125,0.48541665,0.95416665,0.49166667,0.6958333,0.7395834,0.95625,0.44166666,0.8333334,0.61041665,0.6020833,0.7104167,0.71875,0.8020833,0.7875,0.58125,0.6895833,0.9145833,0.4125,0.575,0.7791667,0.56875,0.72291666,0.584375,0.4791667,0.7916667,0.66041666,0.87916666,0.74583334,0.78541666,0.45625,0.8416667,0.70208335,0.7104167,0.825,0.7,0.61041665,0.67291665,0.89375,0.76875,0.8333334,0.60625,0.9479166,0.85833335,0.95416665,0.6166667,0.64166665,0.8729167,0.93125,0.8375,0.5395833,0.8854166,0.5395833,0.8208333,0.8729167,0.48958334,0.8458333,0.9625,0.41041666,0.77708334,0.6625,0.92291665,0.75416666,0.5875,0.75625,0.6958333,0.46875,0.60833335,0.29375002,0.89166665,0.70000005,0.725,0.67083335,0.30416667,0.93333334,0.8979167,0.57708335,0.575,0.46249998,0.79999995,0.9916667,0.6145834,0.41041666,0.60625,0.83958334,0.70416665,0.65208334,0.70416665,0.75416666,0.8041667,0.95416665,0.5916667,0.7,0.8354167,0.6875,0.7708334,0.87083334,0.5395833,0.6,0.70416665,0.76458335,0.8354167,0.9166667,0.54791665,0.8854166,0.48333335,0.9927083,0.9604167,0.2708333,0.8979167,0.7833333,0.9895834,0.79791665,0.24375,0.7833333,0.8166667,0.76458335,0.6958333,0.775,0.5541667,0.69166666,0.70624995,0.7583333,0.84791666,0.65625
BC2026_Train_0010_S09_20250828_000000_20,0.71875,0.63958335,0.41041666,0.26666668,0.5708333,0.6645833,0.4875,0.4375,0.19166666,0.47916666,0.37708333,0.23125,0.41041666,0.74583334,0.70416665,0.28541666,0.6229167,0.86249995,0.3020833,0.40625,0.5208334,0.7416667,0.71458334,0.8625,0.6145833,0.54375,0.89166665,0.5833333,0.55833334,0.56874996,0.85833335,0.9270834,0.6666666,0.96875,0.70208335,0.92291665,0.9083333,0.79583335,0.7895833,0.8,0.725,0.8854166,0.86875,0.86875,0.5604167,0.51666665,0.67083335,0.51250005,0.69166666,0.6333333,0.8666667,0.86875,0.87083334,0.8958334,0.6645833,0.725,0.79791665,0.46875,0.80625,0.6020833,0.50416666,0.4708333,0.67291665,0.4270833,0.5208333,0.7854167,0.45,0.65208334,0.60833335,0.43541664,0.85625,0.75625,0.84375,0.8645834,0.75625,0.79999995,0.69375,0.7625,0.8375,0.5916667,0.5333333,0.76875,0.54999995,0.8770833,0.6354167,0.6020833,0.83125,0.77708334,0.90625,0.7,0.94166666,0.60833335,0.5416667,0.625,0.25208333,0.96458334,0.45,0.64166665,0.9979167,0.39375,0.8125,0.44583333,0.95416665,0.5875,0.6875,0.7729167,0.9270834,0.64166665,0.69166666,0.87916666,0.6458333,0.9479166,0.675,0.9416667,0.6770833,0.99375,0.5395833,0.6895833,0.7291667,0.49583334,0.65833336,0.8208333,0.7416667,0.7875,0.54375,0.83125,0.9375,0.4979167,0.6020833,0.84375,0.33958334,0.5520834,0.5416666,0.7104167,0.8854166,0.6145834,0.7895833,0.71875,0.6895833,0.53125,0.93333334,0.7833333,0.56041664,0.72291666,0.63958335,0.82916665,0.7229167,0.7895833,0.7916667,0.85,0.50208336,0.9791667,0.84791666,0.92083335,0.6,0.79583335,0.90208334,0.88958335,0.85,0.53333336,0.9791666,0.675,0.7833333,0.70625,0.53125,0.76666665,0.88958335,0.5833333,0.79791665,0.8666667,0.8625,0.8625,0.66041666,0.85,0.8229166,0.3854167,0.46249998,0.47708333,0.7166667,0.44166666,0.7791667,0.8354167,0.3541667,0.9,0.8458333,0.64375,0.46249998,0.8020834,0.70416665,0.9791667,0.5541667,0.23125,0.87083334,0.87916666,0.8125,0.8041667,0.7520833,0.78125,0.60833335,0.8333334,0.9354167,0.66041666,0.6791667,0.80625,0.8958334,0.7583333,0.28333333,0.49166667,0.6541667,0.9,0.96458334,0.7479167,0.61875,0.93125,0.5729167,0.9770833,0.9354167,0.16458333,0.9770833,0.49791664,0.925,0.92083335,0.225,0.6895833,0.8020834,0.7395834,0.8854166,0.5541667,0.44687498,0.80625,0.7104167,0.8,0.91875,0.59791666
BC2026_Train_0010_S09_20250828_000000_25,0.7,0.5020833,0.5104167,0.25833333,0.44583333,0.7375,0.46458334,0.18541667,0.26666665,0.5125,0.4583333,0.15416667,0.54791665,0.5708333,0.50625,0.30416667,0.59583336,0.89374995,0.29166666,0.28541666,0.6458333,0.7083333,0.43541667,0.7291666,0.64166665,0.36666667,0.8645834,0.53541666,0.54375,0.6895833,0.76666665,0.9,0.56666666,0.8145833,0.60625005,0.66875005,0.8625,0.75416666,0.725,0.58125,0.61249995,0.81875,0.8104167,0.8541666,0.45625,0.40416664,0.5604167,0.44166666,0.62083334,0.64375,0.8145833,0.80833334,0.8104167,0.80833334,0.5666667,0.5083333,0.81666666,0.47291666,0.7145833,0.75,0.46875,0.5729167,0.49583334,0.42916667,0.6,0.7166667,0.4375,0.5708333,0.7,0.47500002,0.86041665,0.75,0.8645833,0.5854167,0.56666666,0.84375,0.88125,0.7166667,0.86041665,0.55833334,0.6854167,0.72291666,0.31666666,0.9979167,0.525,0.6333333,0.7520833,0.725,0.9875,0.6958333,0.9791666,0.75312495,0.64166665,0.5583333,0.21875,1.0,0.30833334,0.65416664,0.88958335,0.35833332,0.7791667,0.25833333,0.99375,0.60625005,0.8145833,0.8416667,0.91041666,0.62916666,0.625,0.8416667,0.5958333,0.8520833,0.65625,0.8666667,0.7208333,0.975,0.5645833,0.875,0.6229167,0.49375,0.67291665,0.65208334,0.7520833,0.8166667,0.5833333,0.7875,0.7895833,0.39166668,0.6666666,0.9583334,0.36875,0.7166667,0.4479167,0.575,0.74375,0.5020833,0.86875,0.57916665,0.69166666,0.43125,0.9916667,0.6895833,0.85625,0.85,0.725,0.825,0.765625,0.62916666,0.7125,0.57708335,0.5020833,0.95416665,0.95416665,0.79791665,0.8,0.7083334,0.83125,0.86249995,0.91041666,0.39375,0.9166666,0.8375,0.7916666,0.65416664,0.5125,0.8354167,0.8416667,0.59583336,0.825,0.60625,0.85833335,0.7854167,0.61041665,0.87916666,0.7520833,0.35208333,0.75625,0.6541667,0.775,0.48541665,0.6895833,0.7625,0.59791666,0.9,0.95208335,0.6354166,0.49375,0.4979167,0.7916666,0.98333335,0.6458333,0.4166667,0.6583333,0.7166667,0.875,0.89375,0.78541666,0.76250005,0.55833334,0.93125,0.7729167,0.78541666,0.5875,0.8416667,0.74583334,0.65,0.40208334,0.8958333,0.625,0.65625,0.83125,0.7708334,0.53333336,0.9270833,0.69375,0.9125,0.9041667,0.21666667,0.9354167,0.6458334,0.8770833,0.74375,0.40416664,0.65,0.89375,0.6979166,0.70416665,0.62916666,0.40208334,0.6958333,0.609375,0.90208334,0.95000005,0.75416666
BC2026_Train_0010_S09_20250828_000000_30,0.57916665,0.6666666,0.32708332,0.17500001,0.35416666,0.8666667,0.5729166,0.22916667,0.23750001,0.51666665,0.31041667,0.17708334,0.6791667,0.7916667,0.45833334,0.21041667,0.29791665,0.97291666,0.31666666,0.74375,0.43958333,0.4875,0.41041666,0.76458335,0.55,0.28541666,0.74375,0.67291665,0.54583335,0.5541667,0.79791665,0.8541666,0.61875,0.98125,0.68333334,0.94166666,0.91041666,0.77708334,0.76666665,0.78125,0.64166665,0.85,0.83125,0.8145833,0.41250002,0.37708336,0.6875,0.44166666,0.6895833,0.61041665,0.8375,0.8416667,0.8375,0.82708335,0.6625,0.7083333,0.78333336,0.4875,0.90625,0.8979167,0.41250002,0.48958334,0.27291667,0.26041666,0.39791667,0.74583334,0.44375,0.85625,0.70624995,0.51875,0.82708335,0.75625,0.7416667,0.4375,0.9145833,0.76250005,0.6458334,0.59791666,0.875,0.5625,0.40208334,0.65,0.16874999,0.7166667,0.54583335,0.7729167,0.8125,0.72291666,0.9125,0.5208334,0.89375,0.72291666,0.5833333,0.64374995,0.15416667,0.9791667,0.49791664,0.76666665,0.6541667,0.29999998,0.8229167,0.35833335,0.9770833,0.5291667,0.675,0.9041667,0.8625,0.48333335,0.54583335,0.73541665,0.4270833,0.9895834,0.53541666,0.79375005,0.5229167,0.9166666,0.54375,0.8354167,0.75,0.37916666,0.6958333,0.6875,0.7166667,0.7833333,0.8208333,0.5854167,0.875,0.4583333,0.5291667,0.8729167,0.12708333,0.5083333,0.5708333,0.48854166,0.6625,0.48125,0.90625,0.9125,0.5416667,0.3875,0.92499995,0.8458333,0.46458334,0.6479167,0.68125,0.6125,0.675,0.69166666,0.7479167,0.5708333,0.47083333,0.9458333,0.54583335,0.9458333,0.57708335,0.6,0.9333333,0.7125,0.8145833,0.31875,0.9041667,0.55833334,0.7208333,0.8645833,0.5229167,0.76874995,0.9666667,0.7583333,0.6625,0.6458333,0.75625,0.7416667,0.6875,0.7395834,0.6958333,0.36874998,0.45416668,0.7708334,0.68333334,0.59791666,0.81875,0.64166665,0.30208334,0.8104167,0.8666667,0.575,0.70208335,0.61249995,0.61041665,0.9645833,0.41875,0.18333334,0.6270833,0.62916666,0.81875,0.7125,0.6229167,0.80833334,0.66041666,0.7604166,0.82708335,0.58958334,0.5020833,0.86875,0.81666666,0.6791667,0.33958334,0.7291666,0.4625,0.725,0.8479167,0.86041665,0.60833335,0.6270833,0.47500002,0.98125005,0.9354167,0.06041667,0.9041667,0.46875,0.93333334,0.8,0.33125,0.7208333,0.76875,0.80625,0.61041665,0.61041665,0.35625,0.58124995,0.56875,0.775,0.8770833,0.76666665
BC2026_Train_0010_S09_20250828_000000_35,0.62708336,0.7375,0.4875,0.26458335,0.5083333,0.94166666,0.875,0.5875,0.21875,0.5916667,0.31458333,0.24583334,0.76875,0.9291667,0.80833334,0.18333334,0.5395833,0.9979167,0.3854167,0.98125005,0.3958333,0.78541666,0.74583334,0.68333334,0.6229167,0.60833335,0.7729167,0.8833333,0.6541667,0.51458335,0.81666666,0.8770833,0.66041666,0.98541665,0.7791667,0.96875,0.90625,0.75416666,0.82916665,0.83125,0.70625,0.875,0.88125,0.87083334,0.5333333,0.51874995,0.74375,0.56666666,0.73333335,0.6875,0.88125,0.88125,0.87916666,0.8770833,0.69166666,0.9041667,0.7729167,0.48125,0.97291666,0.97291666,0.60625005,0.6854167,0.425,0.34166667,0.49583334,0.85833335,0.70208335,0.9791666,0.83958334,0.6145834,0.8958334,0.7395834,0.7625,0.32708332,0.95,0.72291666,0.39999998,0.4479167,0.9354167,0.5916667,0.33749998,0.58125,0.38125,0.8729167,0.8625,0.6979167,0.68958336,0.82708335,0.7708333,0.43124998,0.91041666,0.7729167,0.6,0.58958334,0.2625,0.92083335,0.7833333,0.71666664,0.87083334,0.37291667,0.7708334,0.38333333,0.9770833,0.48125,0.87083334,0.9979167,0.78541666,0.7125,0.5104166,0.7875,0.5291667,0.9979167,0.42291665,0.74375,0.5333333,0.9666667,0.61354166,0.6666666,0.6625,0.35625,0.92083335,0.78541666,0.67291665,0.7708334,0.85833335,0.81666666,0.9895834,0.51666665,0.4979167,0.9291667,0.13958333,0.5520834,0.57708335,0.54791665,0.71875,0.5125,0.9770833,0.94375,0.51666665,0.3125,0.9166666,0.86875,0.3,0.59375,0.79375,0.8208333,0.6854167,0.6458334,0.8125,0.9,0.5625,0.9791667,0.37083334,0.8927083,0.6333333,0.6458334,0.8958334,0.73749995,0.92083335,0.3645833,0.9739584,0.55833334,0.75625,0.7208333,0.56458336,0.8229167,0.9791667,0.63125,0.73333335,0.83124995,0.8645834,0.87083334,0.6645833,0.6979166,0.80833334,0.58958334,0.48125,0.80833334,0.575,0.62291664,0.79583335,0.6375,0.25,0.7583333,0.87083334,0.61041665,0.56666666,0.5729167,0.5208334,0.9270834,0.33541667,0.2708333,0.95000005,0.58958334,0.6645833,0.49166667,0.62083334,0.709375,0.95000005,0.6458333,0.7416667,0.73541665,0.7270833,0.86249995,0.93125,0.76458335,0.47500002,0.7125,0.47291666,0.8354167,0.9458333,0.85833335,0.775,0.49375,0.51875,0.96458334,0.8229166,0.03541667,0.9708333,0.5625,0.9375,0.8375,0.42291665,0.73541665,0.7708334,0.79583335,0.6770834,0.7604167,0.45208335,0.73541665,0.6770834,0.725,0.73125005,0.45625
BC2026_Train_0010_S09_20250828_000000_40,0.7416667,0.7479167,0.48541665,0.225,0.60833335,0.8145833,0.7791667,0.48333332,0.15625,0.48541668,0.2875,0.24583334,0.6145833,0.81666666,0.72291666,0.28541666,0.45416665,0.97291666,0.25,0.7791667,0.49583334,0.6583333,0.6583333,0.86249995,0.74583334,0.6875,0.95624995,0.66875,0.89166665,0.47708333,0.8958333,0.97291666,0.56666666,0.875,0.7729167,0.9604167,0.9479166,0.7833333,0.76875,0.74375,0.63750005,0.8729167,0.89166665,0.9979167,0.44791666,0.4270833,0.72291666,0.5125,0.725,0.6479167,0.8854166,0.89166665,0.88958335,0.84791666,0.6854167,0.8041667,0.7760416,0.359375,0.9270834,0.875,0.52708334,0.5729166,0.31875002,0.37916666,0.49166667,0.775,0.6145834,0.79583335,0.8020834,0.6166667,0.79791665,0.52708334,0.72291666,0.57916665,0.9791667,0.8458333,0.50208336,0.52916664,0.9479166,0.57708335,0.3541667,0.4166667,0.15833333,0.70416665,0.5854167,0.6458334,0.53125,0.66875,0.5854167,0.39583334,0.82916665,0.64166665,0.51875,0.7520833,0.33333334,0.9895834,0.60833335,0.7104167,0.88125,0.4166667,0.83124995,0.27708334,0.96458334,0.58750004,0.84791666,0.99375,0.725,0.5625,0.47291666,0.90208334,0.6145834,0.9354167,0.425,0.7458333,0.53125,0.96458334,0.45833334,0.875,0.52916664,0.275,0.87916666,0.83958334,0.65625,0.65625,0.81666666,0.77708334,0.9666667,0.51458335,0.42916667,0.8208333,0.48541665,0.6666666,0.5520834,0.42291665,0.63750005,0.42916664,0.996875,0.82916665,0.60833335,0.34375,0.7208333,0.8354167,0.30833334,0.59375,0.8229167,0.6541667,0.81875,0.7708334,0.86875,0.88958335,0.41458333,0.9729167,0.5229167,0.95416665,0.48333335,0.6145834,0.9395833,0.60833335,0.9666667,0.38125,0.9583333,0.55833334,0.775,0.8208333,0.5,0.8354167,0.95208335,0.5083333,0.76875,0.69374996,0.85,0.76666665,0.575,0.86041665,0.7375,0.50625,0.49166667,0.70416665,0.50625,0.6041666,0.6625,0.60833335,0.21875,0.66875,0.89166665,0.59375,0.5604167,0.53541666,0.6604167,0.9375,0.39166668,0.22708333,0.8833333,0.7395834,0.5833334,0.5229167,0.5416666,0.70208335,0.84375,0.8229166,0.778125,0.56875,0.76875,0.665625,0.9291667,0.7166667,0.6,0.76458335,0.48958334,0.79375,0.92499995,0.88958335,0.6666667,0.39375,0.54375,0.90208334,0.8354167,0.04375,0.9875,0.33541667,0.95,0.75625,0.18124999,0.7208333,0.93125,0.79791665,0.475,0.6041666,0.41041666,0.6166667,0.7208333,0.6208333,0.66875,0.59791666
BC2026_Train_0010_S09_20250828_000000_45,0.63958335,0.73333335,0.24583334,0.11458333,0.47916666,0.5708333,0.325,0.24583334,0.016666668,0.32708335,0.21875,0.075,0.09166667,0.17916666,0.29791665,0.13125,0.35833335,0.9375,0.10625,0.31041667,0.24166667,0.3625,0.83958334,0.82500005,0.73125,0.275,0.9760417,0.5854167,0.8395833,0.37916666,0.8354167,0.93333334,0.46875,0.8520833,0.78125,0.95208335,0.925,0.73749995,0.7604167,0.6958333,0.5416667,0.7729167,0.89166665,0.98333335,0.28333333,0.26041666,0.7104167,0.43333334,0.63125,0.5395833,0.89166665,0.8875,0.89166665,0.79583335,0.6770834,0.36041665,0.82708335,0.18958333,0.7625,0.54375,0.21666667,0.3875,0.14583334,0.21458334,0.3875,0.74791664,0.3229167,0.3958333,0.79375,0.54583335,0.75,0.40833333,0.69166666,0.2604167,0.92291665,0.8416667,0.425,0.37916666,0.7791667,0.61875,0.22083333,0.25,0.116666675,0.45208335,0.13333334,0.50625,0.42499998,0.41875,0.56666666,0.3229167,0.65,0.40833336,0.36041665,0.82708335,0.19583333,0.7302083,0.29583335,0.73333335,0.6166667,0.27916667,0.8375,0.21458334,0.9375,0.38125,0.7895833,0.5875,0.7708333,0.45208332,0.3645833,0.66875,0.33125,0.9895834,0.34583333,0.55833334,0.5625,0.8854166,0.37708333,0.61875,0.33333334,0.2625,0.7583333,0.5208334,0.62708336,0.5375,0.43958333,0.53541666,0.73125005,0.49375,0.39375,0.67291665,0.3875,0.38125,0.5375,0.3645833,0.46249998,0.3875,0.98333335,0.625,0.45,0.3375,0.72291666,0.74583334,0.15833333,0.6291667,0.71458334,0.40625,0.7791667,0.60625,0.84791666,0.5958333,0.38229167,0.9270834,0.29166666,0.95208335,0.475,0.47499996,0.7208333,0.6354166,0.93333334,0.43125,0.8375,0.30208334,0.72291666,0.7166667,0.39791664,0.69166666,0.9916667,0.43541664,0.7125,0.4875,0.6625,0.5604167,0.6270833,0.6770833,0.51666665,0.15625,0.16458333,0.36874998,0.49374998,0.6479167,0.6020833,0.63958335,0.06666667,0.6854167,0.73333335,0.46875,0.4791667,0.42291665,0.52708334,0.8375,0.17291667,0.20208333,0.43125,0.54791665,0.51874995,0.39375,0.44583333,0.68125,0.5395833,0.85625,0.55,0.44166666,0.375,0.66041666,0.73541665,0.55,0.4,0.67083335,0.46875,0.61249995,0.8041667,0.8104167,0.5020833,0.47291666,0.38125,0.9895834,0.8104167,0.12604167,0.92291665,0.2916667,0.91041666,0.62083334,0.06875,0.5520833,0.6916667,0.8458333,0.44375,0.6958333,0.26666668,0.17708333,0.54999995,0.5854167,0.48541665,0.5083333
BC2026_Train_0010_S09_20250828_000000_50,0.3854167,0.6020833,0.28958333,0.14375,0.34583333,0.46666664,0.26666665,0.21458334,0.033333335,0.39166668,0.24166666,0.104166664,0.13541667,0.14166667,0.27291667,0.110416666,0.36041665,0.89166665,0.11458333,0.15416667,0.07083333,0.25,0.6125,0.5416666,0.47083336,0.08333333,0.7791667,0.6041666,0.45,0.27708334,0.7520833,0.725,0.43124998,0.8416667,0.58125,0.8833333,0.89166665,0.6833333,0.725,0.6041666,0.54375,0.7270833,0.8458333,0.70416665,0.40625,0.36458334,0.62083334,0.29583332,0.5416667,0.5104166,0.8354167,0.84791666,0.85,0.71875,0.60625,0.37291667,0.78541666,0.4,0.83124995,0.6020833,0.24166666,0.40416667,0.099999994,0.15208334,0.33541667,0.57708335,0.38750002,0.25625,0.6895833,0.46458334,0.81666666,0.41250002,0.7395834,0.17604166,0.81666666,0.76875,0.4166667,0.67291665,0.875,0.4625,0.075,0.34375,0.32916665,0.30416667,0.15833333,0.5541667,0.6229167,0.4895833,0.46666667,0.30833334,0.725,0.5958333,0.45416668,0.6458333,0.37083334,0.35833335,0.32916665,0.6645833,0.6854167,0.33229166,0.77708334,0.27708334,0.96875,0.45625,0.64166665,0.51666665,0.7479167,0.46666667,0.4,0.7833333,0.3645833,0.94375,0.4708333,0.63125,0.42083335,0.93125,0.375,0.68333334,0.3875,0.2916667,0.53125,0.58958334,0.6354167,0.67083335,0.33749998,0.6020833,0.79791665,0.34166667,0.50416666,0.70208335,0.12708333,0.24166667,0.5,0.43333334,0.61875,0.31666666,0.84375,0.6583333,0.56666666,0.31458333,0.72291666,0.7479167,0.17708333,0.60833335,0.51875,0.32083333,0.7791667,0.725,0.7708333,0.47499996,0.38125,0.9479166,0.29375,0.95208335,0.46249998,0.40625,0.86875,0.5645833,0.76458335,0.41041666,0.8833333,0.32708335,0.6979166,0.9354167,0.45,0.6458334,0.975,0.38958335,0.696875,0.48125002,0.7854167,0.75,0.66041666,0.67291665,0.6385417,0.21458334,0.13958333,0.40416667,0.44375,0.7125,0.8541667,0.54583335,0.08333333,0.67083335,0.49791664,0.53541666,0.55833334,0.38333333,0.50625,0.9270834,0.27916667,0.09583334,0.5333333,0.59791666,0.5520834,0.4,0.43541664,0.7708334,0.35833335,0.78125,0.63750005,0.33958334,0.3625,0.6895833,0.79375005,0.52708334,0.35833335,0.53541666,0.48125,0.68125,0.88750005,0.84375,0.6583333,0.36875,0.34166667,0.99895835,0.9875,0.15416667,0.9166666,0.25625,0.9604167,0.62083334,0.029166667,0.65208334,0.69166666,0.7520833,0.5354167,0.6958333,0.2604167,0.30833334,0.67083335,0.575,0.4583333,0.67083335
BC2026_Train_0010_S09_20250828_000000_55,0.41458333,0.5520833,0.29791668,0.18125,0.32916668,0.48125,0.425,0.30833334,0.10625,0.56041664,0.36458334,0.15833333,0.25625,0.42083332,0.53125,0.15625,0.3625,0.8333334,0.35208333,0.15625,0.110416666,0.54791665,0.58125,0.5333333,0.45624998,0.12083334,0.70416665,0.58125,0.54583335,0.32291666,0.75,0.8020834,0.56875,0.69166666,0.53541666,0.8041667,0.8875,0.64166665,0.6666667,0.5354167,0.6,0.825,0.7583333,0.775,0.5395833,0.5104167,0.5541667,0.375,0.56666666,0.52708334,0.75,0.7520833,0.75,0.7875,0.54375,0.47916666,0.79375,0.43541667,0.80625,0.42083335,0.43125,0.33541667,0.2,0.31875002,0.37291667,0.525,0.575,0.30833334,0.67291665,0.41458333,0.82916665,0.59791666,0.76666665,0.22708333,0.5625,0.74583334,0.42291665,0.8125,0.975,0.5916667,0.20833334,0.46458334,0.32291666,0.54791665,0.4166667,0.8395833,0.87916666,0.84791666,0.6354167,0.49791664,0.8333333,0.75416666,0.525,0.57916665,0.5,0.56666666,0.50208336,0.63125,0.95208335,0.45416665,0.7375,0.2125,0.98333335,0.54375005,0.6791667,0.8083333,0.75,0.32916665,0.65625,0.9270833,0.55833334,0.88958335,0.5395833,0.73125005,0.55625,0.99375,0.49583334,0.94375,0.5708333,0.5375,0.55833334,0.7416667,0.6770834,0.85625005,0.5104167,0.8458333,0.9479167,0.49791664,0.48541668,0.9625,0.23541665,0.35000002,0.47708333,0.7875,0.86041665,0.47916666,0.9770833,0.51666665,0.47708333,0.3125,0.74583334,0.825,0.27291667,0.5416667,0.39166665,0.709375,0.82708335,0.75,0.8354167,0.65625,0.38541666,0.9895834,0.31875002,0.88125,0.57708335,0.6041666,0.8333333,0.61875,0.82708335,0.49375,0.984375,0.64166665,0.7875,0.76666665,0.39791667,0.853125,0.9,0.44375,0.8208333,0.8541666,0.90625,0.8854167,0.7208333,0.8145833,0.8541667,0.25625,0.22083333,0.40625,0.578125,0.6,0.775,0.71875,0.19166666,0.7604166,0.57708335,0.67291665,0.59791666,0.5375,0.51458335,0.97083336,0.33749998,0.15208334,0.86041665,0.7479167,0.625,0.575,0.5229167,0.7583333,0.49166667,0.9895834,0.8520833,0.43541664,0.5375,0.75416666,0.9625,0.43541667,0.21041667,0.5989584,0.5729166,0.9125,0.9708333,0.7625,0.79375005,0.6041667,0.30416667,0.9479166,1.0,0.09166667,0.9791667,0.28333333,0.9479166,0.8625,0.18541667,0.7479167,0.78541666,0.71666664,0.44791666,0.66041666,0.37083334,0.74375,0.72291666,0.57708335,0.60625005,0.7895833
BC2026_Train_0010_S09_20250828_000000_60,0.45625,0.6875,0.3854167,0.20208333,0.13333334,0.55833334,0.54999995,0.35833335,0.074999996,0.45625,0.26458335,0.22916666,0.27083334,0.57916665,0.45625,0.19583333,0.21041666,0.91875,0.32916665,0.09791666,0.072916664,0.48333335,0.74375,0.4791667,0.37083334,0.31875,0.7125,0.59791666,0.95625,0.42291665,0.7145833,0.9770833,0.6291667,0.75416666,0.55625,0.95208335,0.8875,0.7083334,0.67291665,0.625,0.55625,0.79791665,0.75625,0.9791667,0.45416665,0.41458333,0.57708335,0.56875,0.6166667,0.54583335,0.7479167,0.7520833,0.7479167,0.6854167,0.62916666,0.525,0.78541666,0.31666666,0.8208333,0.39999998,0.2604167,0.27291667,0.20625,0.25625,0.54375,0.49791664,0.51666665,0.30625,0.8375,0.59999996,0.85625,0.61041665,0.76666665,0.61041665,0.61249995,0.7104167,0.46249998,0.79375,0.84375,0.58750004,0.5208334,0.55625,0.12083334,0.4895833,0.31458333,0.8375,0.7270833,0.8520833,0.74375,0.4791667,0.65208334,0.75416666,0.42916664,0.6958333,0.7166667,0.7,0.29583335,0.6583333,0.90625,0.53541666,0.7708333,0.17916667,0.9354167,0.7416667,0.74583334,0.8416667,0.81666666,0.46458334,0.62916666,0.84375,0.70416665,0.8041667,0.29999998,0.725,0.49166667,0.98333335,0.43958336,0.81666666,0.56875,0.7729167,0.83958334,0.58958334,0.6583333,0.86041665,0.44375002,0.78125,0.8541666,0.59375,0.55833334,0.9708333,0.5,0.38645834,0.57916665,0.73541665,0.6927083,0.29583335,0.99895835,0.5604167,0.5645833,0.34583333,0.6541667,0.80625,0.28541666,0.54375005,0.56666666,0.59791666,0.59375,0.8125,0.8041667,0.72291666,0.34166664,0.9645833,0.5333333,0.80833334,0.69375,0.69375,0.78541666,0.56458336,0.77708334,0.54583335,0.93125,0.49166667,0.8541666,0.65,0.56666666,0.9166667,0.90208334,0.49583334,0.75,0.51458335,0.92083335,0.7729167,0.65625,0.6958333,0.7270833,0.23125,0.14166667,0.44166666,0.60625,0.64375,0.6166667,0.7125,0.25833333,0.63750005,0.67291665,0.63125,0.61041665,0.73125005,0.4979167,0.95416665,0.37916666,0.29583335,0.9,0.89375,0.66875,0.5375,0.69166666,0.8041667,0.5802083,0.98333335,0.6354167,0.34583333,0.7,0.8125,0.89166665,0.41250002,0.3125,0.68125,0.6333333,0.9395833,0.9625,0.8,0.68125,0.6333333,0.3333333,0.9270834,0.9395833,0.077083334,0.95416665,0.4,0.90625,0.775,0.15833333,0.6625,0.66875,0.76875,0.5375,0.7416667,0.49166667,0.7479167,0.65625,0.6520833,0.6375,0.59791666
BC2026_Train_0011_S03_20211114_200000_5,0.15833333,0.11875,0.41458333,0.9458333,0.525,0.25833333,0.925,0.7729167,0.81666666,0.99583334,0.9875,0.6625,0.66041666,0.1875,0.10416667,0.7166667,0.625,0.32083333,0.56666666,0.47916666,0.65625,0.70208335,0.6270833,0.53125,0.5395833,0.575,0.33541667,0.4375,0.31458333,0.8125,0.22708334,0.29791665,0.32291666,0.575,0.29583335,0.42083335,0.14791666,0.20625,0.54583335,0.39375,0.35625,0.41041666,0.24375,0.3541667,0.175,0.19791667,0.15208334,0.11666667,0.25833333,0.27916667,0.29791665,0.2916667,0.30416667,0.53541666,0.3125,0.1875,0.3125,0.7833333,0.18541667,0.5520833,0.73125,0.6875,0.6645833,0.7791667,0.15833333,0.3645833,0.78125,0.6270833,0.26875,0.60625,0.3375,0.36666667,0.42916667,0.74583334,0.31041667,0.54791665,0.26041666,0.30833334,0.35833335,0.50416666,0.8645834,0.25416666,0.77708334,0.13958333,0.475,0.2625,0.37708336,0.27291667,0.48125,0.7291667,0.69166666,0.14791667,0.35625,0.575,0.5020833,0.8458333,0.86041665,0.33958334,0.28958333,0.33958334,0.110416666,0.5208334,0.17083332,0.74583334,0.5333333,0.49374998,0.29583335,0.1875,0.32708335,0.30416667,0.16041666,0.8395833,0.0875,0.1,0.73749995,0.0625,0.28541666,0.4875,0.28125,0.38958335,0.5125,0.18541667,0.19166666,0.15208334,0.43541667,0.53125,0.44375,0.19375,0.42916667,0.68125,0.36041665,0.21666667,0.52708334,0.27083334,0.35625,0.17708333,0.047916666,0.9458333,0.32916665,0.84791666,0.65416664,0.09166667,0.39999998,0.087500006,0.73541665,0.47500002,0.13541666,0.32708335,0.6041667,0.15,0.65625,0.18541667,0.52708334,0.31041667,0.14583334,0.56666666,0.39166665,0.35625,0.23333335,0.3375,0.110416666,0.59791666,0.70208335,0.28958333,0.5916667,0.65208334,0.56666666,0.43958333,0.104166664,0.24583334,0.18124999,0.31875,0.28125,0.13958333,0.20208333,0.20833333,0.19375,0.35625,0.45833334,0.23541668,0.18125,0.13125,0.34791666,0.3645833,0.19375001,0.17708334,0.20416668,0.34791666,0.26250002,0.66875005,0.55833334,0.76666665,0.21875,0.30416667,0.16666666,0.56875,0.24583334,0.26875,0.23541667,0.19583333,0.41458333,0.3875,0.34166667,0.38333333,0.35833335,0.40416664,0.76250005,0.24166667,0.45416665,0.047916666,0.26041666,0.16666667,0.31041667,0.5645833,0.73749995,0.32916665,0.42916667,0.43333334,0.19375,0.475,0.125,0.23333335,0.6270833,0.44583333,0.16041666,0.2,0.55625,0.375,0.32708335,0.5854167,0.40208334,0.2375,0.325,0.27916667
BC2026_Train_0011_S03_20211114_200000_10,0.16874999,0.08541667,0.51666665,0.9395833,0.71666664,0.23958334,0.94375,0.79583335,0.7479167,1.0,0.9416667,0.675,0.6229167,0.3,0.1625,0.70208335,0.67291665,0.50208336,0.5,0.47500002,0.7479167,0.7520833,0.6291667,0.55625,0.61041665,0.7125,0.28958333,0.3541667,0.25833333,0.7520833,0.21458332,0.21666667,0.2708333,0.6770834,0.3020833,0.40208334,0.15833333,0.19166666,0.59375,0.39375,0.33749998,0.4,0.19375001,0.27291667,0.118750006,0.13541667,0.12083334,0.06041667,0.1875,0.23645833,0.23124999,0.24375,0.24791667,0.51666665,0.36041665,0.225,0.28541666,0.7875,0.24375,0.61041665,0.7166667,0.71875,0.6270833,0.73020834,0.32083333,0.35625,0.7604166,0.6958333,0.44166666,0.625,0.42083335,0.5229167,0.47291666,0.73541665,0.25416666,0.5729166,0.2625,0.28750002,0.20208333,0.40833333,0.7791667,0.23750001,0.81875,0.08958334,0.44375,0.30625,0.26041666,0.21458334,0.5375,0.8541666,0.66875005,0.15416667,0.375,0.6770834,0.6458334,0.87916666,0.8458333,0.26875,0.39791667,0.45,0.108333334,0.53125,0.14583333,0.6854167,0.42291665,0.63125,0.48541665,0.225,0.29583335,0.22708333,0.15208334,0.9291667,0.16041666,0.12708333,0.7625,0.11666667,0.39375,0.55833334,0.41875,0.29375,0.5395833,0.18125,0.18020833,0.21666667,0.39791667,0.6979166,0.51458335,0.18125,0.47083336,0.7520833,0.37291667,0.196875,0.52708334,0.38125002,0.27083334,0.47083336,0.035416666,0.9770833,0.31458333,0.79583335,0.64270836,0.14791666,0.51458335,0.13958333,0.7229167,0.54375,0.20416667,0.26041666,0.64166665,0.23124999,0.53125,0.2625,0.49166667,0.23333333,0.15416667,0.50625,0.43958333,0.43124998,0.12708333,0.32708332,0.09791666,0.69375,0.65,0.2625,0.5260417,0.6770834,0.58124995,0.37291667,0.13541667,0.17083333,0.19166668,0.53125,0.35833335,0.14791666,0.225,0.23333332,0.4479167,0.2625,0.4,0.16041666,0.33541667,0.125,0.45833334,0.30624998,0.34375,0.19166666,0.25208333,0.23541665,0.29583335,0.74583334,0.47291666,0.70624995,0.29791665,0.19583333,0.10625,0.61875,0.34166667,0.28125,0.36874998,0.24375,0.5416666,0.35833335,0.39791667,0.41041666,0.48333335,0.39583334,0.78541666,0.27708334,0.67083335,0.029166667,0.24583334,0.13333334,0.0875,0.525,0.70208335,0.28958333,0.33958334,0.37916666,0.18541667,0.39583334,0.18333334,0.18541667,0.43333334,0.46875,0.110416666,0.13125001,0.5958333,0.25520834,0.44375002,0.29583332,0.32708335,0.22291666,0.24375,0.43333334
BC2026_Train_0011_S03_20211114_200000_15,0.17291667,0.099999994,0.4979167,0.93333334,0.52916664,0.23750001,0.95,0.84375,0.61041665,0.98125005,0.9375,0.7916666,0.47291666,0.23333333,0.15416667,0.7291666,0.60833335,0.31875,0.5916667,0.35625,0.6,0.62083334,0.7708334,0.49166667,0.6,0.7270833,0.2875,0.44166666,0.21458334,0.7916666,0.22708333,0.20416667,0.2916667,0.81666666,0.28333333,0.41041666,0.19166668,0.2125,0.68125,0.41250002,0.34583333,0.46249998,0.1625,0.25,0.0875,0.09583333,0.13958333,0.075,0.22291666,0.28333333,0.22083333,0.24166667,0.225,0.5229167,0.3375,0.24166666,0.27916667,0.80625,0.21041667,0.6458334,0.74583334,0.73125005,0.42291665,0.7416667,0.375,0.43333334,0.74375,0.70416665,0.5083333,0.64166665,0.45,0.5125,0.15625,0.66041666,0.35833335,0.59375,0.25,0.31875,0.25208333,0.40625,0.56666666,0.17916667,0.85,0.04375,0.39166668,0.26666665,0.16041666,0.17708334,0.30833334,0.6666666,0.47291666,0.20625,0.28125,0.69375,0.44166666,0.78125,0.8666667,0.32916665,0.1875,0.375,0.112500004,0.37916666,0.14791667,0.75,0.43333334,0.5833333,0.42083332,0.23958334,0.13541667,0.225,0.15,0.9125,0.075,0.08333333,0.7125,0.125,0.19791666,0.6854167,0.38125,0.25416666,0.58125,0.125,0.14791667,0.07083333,0.33541667,0.3958333,0.30625,0.15833333,0.49166667,0.8125,0.4791667,0.06458333,0.41875,0.22500001,0.14375,0.27916667,0.09791666,0.91041666,0.28229165,0.825,0.65,0.10208333,0.30624998,0.07291667,0.73541665,0.33541667,0.15625,0.33125,0.73125,0.11666666,0.43541667,0.15416667,0.39375,0.28958333,0.12708333,0.5229167,0.5104167,0.34166667,0.10625,0.25416666,0.15208334,0.50625,0.59375,0.23333335,0.23750001,0.7125,0.63125,0.30833334,0.11875,0.043750003,0.12708333,0.25416666,0.32083333,0.19583333,0.15625,0.24791667,0.25833333,0.24583332,0.3854167,0.31875,0.26458332,0.11666667,0.26458332,0.24375,0.24791667,0.22291666,0.25833333,0.2,0.25625,0.7895833,0.2916667,0.6583333,0.26875,0.24583334,0.041666668,0.5020833,0.2,0.275,0.28958333,0.28750002,0.5291667,0.42083335,0.35625,0.44583333,0.45416665,0.3229167,0.78541666,0.31875,0.5083333,0.039583333,0.16874999,0.15833333,0.035416666,0.24583334,0.76666665,0.43333334,0.19375,0.38125002,0.1,0.36874998,0.15833333,0.128125,0.36458334,0.3875,0.09166667,0.12083334,0.58125,0.22083333,0.29583335,0.28958333,0.26041666,0.18541667,0.31875,0.17083333
BC2026_Train_0011_S03_20211114_200000_20,0.18333334,0.09791667,0.38333333,0.9270834,0.3875,0.20416667,0.96458334,0.83125,0.6354167,0.9583333,0.89375,0.67499995,0.68333334,0.1375,0.09791666,0.75625,0.58958334,0.34791666,0.68333334,0.30833334,0.47916666,0.51875,0.8229166,0.4625,0.52916664,0.7208333,0.26875,0.44166666,0.17083333,0.7833333,0.22083333,0.20416668,0.27916667,0.74375,0.27291667,0.39583334,0.15833333,0.18958333,0.6354166,0.38125002,0.32708332,0.42291668,0.17083333,0.24583334,0.099999994,0.10208333,0.12916666,0.074999996,0.20208333,0.24791667,0.19375001,0.22291666,0.21041667,0.51458335,0.25833333,0.175,0.24375,0.83958334,0.24583334,0.64166665,0.7895833,0.70416665,0.42916667,0.76666665,0.2375,0.35833335,0.7125,0.67291665,0.4375,0.5625,0.28125,0.22500001,0.22916666,0.60625,0.29166666,0.46458334,0.22916666,0.31041667,0.22916666,0.30625,0.54375,0.09791666,0.85,0.04791667,0.36041665,0.29375,0.29999998,0.18125,0.38333333,0.30833334,0.39166668,0.31666666,0.14166667,0.5875,0.40625,0.675,0.9041667,0.20625,0.083333336,0.34791666,0.08125,0.41458336,0.26458335,0.75625,0.49166667,0.48958334,0.35833335,0.15208334,0.12708333,0.375,0.13333333,0.9166666,0.23541667,0.079166666,0.39999998,0.1375,0.11458333,0.575,0.23750001,0.28541666,0.6479167,0.110416666,0.1,0.035416666,0.3958333,0.15,0.2625,0.16458333,0.42708334,0.84375,0.38333333,0.13541667,0.50625,0.13958333,0.110416666,0.3020833,0.0062500006,0.7791667,0.27708334,0.82916665,0.6333333,0.1375,0.3,0.08333333,0.70208335,0.12708333,0.21666667,0.31666666,0.6125,0.08125,0.375,0.20208333,0.27499998,0.27083334,0.11666666,0.47708333,0.45416668,0.21875,0.055208333,0.16666667,0.078125,0.22291666,0.5229167,0.29791665,0.19375,0.7520833,0.71875,0.29583332,0.12083334,0.045833334,0.15416667,0.14166667,0.24791667,0.1375,0.13333334,0.29791665,0.13125,0.35416666,0.36041665,0.16666666,0.28333333,0.09375,0.1375,0.19791667,0.13125,0.09375,0.17083333,0.26458335,0.19375,0.7447917,0.29791665,0.57708335,0.18125,0.22708333,0.07083333,0.38333333,0.2,0.24374999,0.17083333,0.13333333,0.49166667,0.45625,0.20416668,0.35833335,0.45416665,0.30833334,0.76458335,0.27916667,0.3645833,0.0375,0.22291666,0.23750001,0.16875,0.31458333,0.71875,0.41250002,0.21458334,0.43333334,0.10625,0.3,0.15416667,0.10208333,0.19166666,0.34583336,0.09583333,0.1375,0.5375,0.17291667,0.16875,0.17916667,0.18333334,0.175,0.32916665,0.2375
BC2026_Train_0011_S03_20211114_200000_25,0.22500001,0.09583333,0.22916666,0.91041666,0.15833333,0.1625,0.93125,0.6604167,0.70624995,0.9791667,0.91875,0.61875,0.6333333,0.06666667,0.043750003,0.73541665,0.35,0.5104167,0.85625,0.2125,0.35833332,0.46249998,0.53541666,0.44375002,0.40208334,0.50208336,0.20416667,0.2125,0.1625,0.7520833,0.22708334,0.17916667,0.27916667,0.46250004,0.25625,0.27708334,0.13541667,0.17291667,0.60833335,0.32708335,0.32500002,0.41250002,0.16458334,0.2125,0.104166664,0.108333334,0.13333334,0.0875,0.17291667,0.23750001,0.17708334,0.19166666,0.19583333,0.47916666,0.18541667,0.083333336,0.21875,0.9145833,0.13541666,0.57916665,0.8520833,0.5520834,0.27708334,0.76666665,0.2,0.37395835,0.75416666,0.47083333,0.40208334,0.5083333,0.20625001,0.21041667,0.075,0.76666665,0.1625,0.36666667,0.32083333,0.35,0.32291666,0.27708334,0.37916666,0.058333337,0.74583334,0.06666667,0.28958333,0.16874999,0.28958333,0.22916667,0.27916667,0.14375,0.125,0.14166667,0.32500002,0.58125,0.32291666,0.67083335,0.75,0.275,0.075,0.48125002,0.08541667,0.34791666,0.05,0.75625,0.22083333,0.48958334,0.23333332,0.110416666,0.054166667,0.28125,0.12708333,0.80833334,0.1125,0.05625,0.1375,0.06666667,0.23541667,0.38125,0.15625,0.08541667,0.6854167,0.052083336,0.09375,0.0375,0.18958333,0.1875,0.175,0.08541667,0.35,0.7833333,0.28541666,0.11875,0.43124998,0.0875,0.035416666,0.12291667,0.28333333,0.99583334,0.31666666,0.8104167,0.55833334,0.23541668,0.15833333,0.110416666,0.6875,0.08541667,0.14375,0.19791667,0.6166667,0.15,0.28541666,0.14166667,0.21875,0.10625,0.083333336,0.43958333,0.43541667,0.12083334,0.08541667,0.16875,0.09583333,0.375,0.45625,0.1625,0.08958334,0.84791666,0.6770834,0.34583333,0.1125,0.17291667,0.045833334,0.08541667,0.17708334,0.11875,0.08333333,0.29791665,0.06875,0.5395833,0.2125,0.05,0.26458335,0.23125,0.072916664,0.0625,0.079166666,0.175,0.13333334,0.08541667,0.23958334,0.7395833,0.13541666,0.49375,0.175,0.16458333,0.039583333,0.2125,0.108333334,0.27708334,0.1875,0.15833333,0.50416666,0.36666667,0.114583336,0.375,0.4375,0.30416667,0.7708334,0.15416667,0.31666666,0.06458333,0.20833333,0.28333333,0.12708333,0.31041667,0.64375,0.3,0.325,0.5520833,0.11458333,0.29375,0.08541667,0.052083336,0.29375,0.25208333,0.03541667,0.08958334,0.5125,0.1875,0.13541666,0.108333334,0.21875,0.15625,0.17708334,0.17291667
BC2026_Train_0011_S03_20211114_200000_30,0.19583334,0.06458333,0.14791667,0.9458333,0.0875,0.15833333,0.8541666,0.55833334,0.7895833,0.98333335,0.9166666,0.5020833,0.70208335,0.075,0.027083334,0.7083333,0.31666666,0.69375,0.76875,0.16458333,0.371875,0.44166666,0.5,0.425,0.37916666,0.46458334,0.17708334,0.14583333,0.05,0.73333335,0.18541667,0.110416666,0.2125,0.27708334,0.25416666,0.16875,0.110416666,0.12708333,0.525,0.25,0.26666668,0.36874998,0.1,0.11666667,0.06875,0.07083333,0.09583333,0.039583333,0.11041667,0.16666667,0.114583336,0.118750006,0.12291667,0.39791664,0.077083334,0.045833334,0.18541667,0.971875,0.020833334,0.40416667,0.6854167,0.62916666,0.28958333,0.7604166,0.21666667,0.2708333,0.8,0.325,0.38958335,0.46666667,0.16666667,0.18958333,0.19375,0.7395834,0.114583336,0.3541667,0.19375,0.25625,0.41458333,0.06666666,0.20416667,0.058333334,0.6625,0.033333335,0.29375,0.083333336,0.25208333,0.2604167,0.35208333,0.0875,0.125,0.28541666,0.104166664,0.4708333,0.39791664,0.48333335,0.62916666,0.1625,0.033333335,0.5208333,0.022916667,0.43333334,0.13541667,0.6333333,0.17291667,0.425,0.079166666,0.06458333,0.099999994,0.37083334,0.26666668,0.5229167,0.375,0.08958334,0.20625,0.06041667,0.15625,0.27083334,0.07083333,0.09791666,0.6427083,0.08333333,0.072916664,0.04791667,0.16875,0.114583336,0.07604167,0.099999994,0.26666665,0.70208335,0.29791668,0.06458333,0.3645833,0.114583336,0.029166669,0.08541667,0.27291667,1.0,0.34791666,0.78541666,0.38958335,0.4791667,0.11875,0.099999994,0.62916666,0.06666667,0.16458333,0.15833333,0.40833333,0.18541667,0.26458335,0.18125,0.25208333,0.22291666,0.06458333,0.49791664,0.35208333,0.10208333,0.022916667,0.22291666,0.0375,0.31875,0.37916666,0.16666666,0.052083336,0.83958334,0.5104166,0.46041667,0.14583334,0.3875,0.052083332,0.06875,0.13333334,0.15833333,0.06458333,0.28958333,0.06875,0.55833334,0.23958333,0.14791667,0.29791665,0.15625,0.029166669,0.05625,0.07083333,0.06458333,0.1125,0.14999999,0.12916666,0.66875005,0.12708333,0.3854167,0.15208334,0.16458333,0.027083334,0.15416667,0.10208334,0.1875,0.054166667,0.08125,0.40833333,0.11666667,0.110416666,0.3,0.35833332,0.30625,0.7625,0.18541667,0.175,0.14375,0.15208334,0.38125,0.15625,0.16458333,0.6791667,0.43333334,0.15416667,0.7104167,0.20625,0.28958333,0.079166666,0.060416665,0.26458332,0.3,0.01875,0.054166667,0.48541665,0.22500001,0.13958333,0.056250002,0.052083336,0.10416667,0.21041666,0.24166667
BC2026_Train_0011_S03_20211114_200000_35,0.112500004,0.04375,0.15833333,0.95625,0.1375,0.06666666,0.8104167,0.375,0.6770834,0.9583333,0.8958334,0.38958335,0.44375,0.24166666,0.0125,0.6354166,0.3229167,0.77708334,0.71875,0.21041667,0.34791666,0.6354166,0.29791665,0.44375002,0.32916665,0.37708333,0.18125,0.17916667,0.047916666,0.68333334,0.16666666,0.06666667,0.17708333,0.23750001,0.24791667,0.16875,0.09791667,0.08958334,0.45625,0.23125,0.25833333,0.33541667,0.108333334,0.06875,0.058333334,0.058333334,0.08958334,0.022916667,0.060416665,0.15833333,0.1125,0.1125,0.110416666,0.38541666,0.10208334,0.05,0.1875,0.9770833,0.014583334,0.36458334,0.62916666,0.40833333,0.28333333,0.7625,0.41041666,0.24375,0.72291666,0.31875,0.26875,0.40625,0.12083334,0.22083333,0.11666667,0.8666667,0.110416666,0.50416666,0.16875,0.110416666,0.48125,0.14375,0.23333333,0.054166667,0.60833335,0.020833334,0.23541667,0.047916666,0.30833334,0.37291667,0.32916665,0.19583333,0.12708333,0.1125,0.10625,0.46250004,0.4125,0.39375,0.31458333,0.12291667,0.2,0.43333334,0.025000002,0.2875,0.12916666,0.6895833,0.17500001,0.41875,0.23125,0.047916666,0.12083334,0.3020833,0.17500001,0.5395833,0.30833334,0.045833334,0.25416666,0.0625,0.08541667,0.16458333,0.15625,0.06666667,0.5291667,0.09583333,0.09166667,0.0375,0.12083333,0.11666666,0.14791667,0.052083332,0.27708334,0.7125,0.25625,0.12291667,0.24166667,0.054166667,0.027083334,0.05625,0.23333335,0.9875,0.19375,0.74375,0.46458334,0.52708334,0.29375002,0.14375,0.52708334,0.05625,0.14375,0.19791667,0.34583333,0.15625,0.08125,0.22083333,0.16875,0.17916667,0.04791667,0.4125,0.33958334,0.15208332,0.033333335,0.32916665,0.0375,0.32916665,0.25,0.19166668,0.075,0.78125,0.44583333,0.4270833,0.12083333,0.125,0.016666668,0.13125,0.17291667,0.16666666,0.075,0.27291667,0.054166667,0.42499998,0.2875,0.08958334,0.25833333,0.12083333,0.012500001,0.0375,0.07083333,0.23541668,0.20833334,0.1875,0.22291666,0.56875,0.25833333,0.23333333,0.26875,0.14583334,0.05,0.26041666,0.13333333,0.24375,0.05625,0.08541667,0.37708333,0.04791667,0.15,0.25416666,0.33125,0.28125,0.76875,0.17708334,0.3645833,0.3125,0.25,0.3541667,0.225,0.36041665,0.6375,0.44166666,0.09583333,0.54375,0.18958333,0.14791667,0.08125,0.15625,0.083333336,0.31875,0.052083332,0.05625,0.44375002,0.18541667,0.13541667,0.047916666,0.0625,0.10416667,0.23125,0.4375
BC2026_Train_0011_S03_20211114_200000_40,0.25625,0.06875,0.13125,0.9708333,0.054166667,0.10416667,0.6958333,0.35416666,0.7395833,0.96458334,0.83958334,0.34375,0.42083332,0.05,0.008333334,0.63958335,0.33958334,0.67083335,0.9125,0.14166667,0.32916665,0.61041665,0.26458335,0.38541666,0.28125,0.31875,0.14583333,0.17083333,0.08541667,0.64166665,0.16875,0.13333334,0.21458334,0.28541666,0.20625,0.24583334,0.112500004,0.09375,0.44166666,0.25833333,0.22708333,0.32708332,0.083333336,0.15208334,0.060416665,0.060416665,0.08541667,0.052083336,0.09166666,0.15625,0.08958333,0.08958333,0.08541667,0.34375,0.06458333,0.058333334,0.23958333,0.9895834,0.008333334,0.30416667,0.7520833,0.41250002,0.24375,0.7604167,0.60625,0.23333333,0.9145833,0.40208334,0.25208333,0.4166667,0.077083334,0.099999994,0.2125,0.84375,0.099999994,0.34791666,0.13541666,0.23958333,0.47708333,0.19375001,0.35208333,0.033333335,0.63958335,0.027083334,0.21666667,0.052083336,0.15208334,0.108333334,0.421875,0.13333333,0.24791667,0.20208335,0.110416666,0.4395833,0.47083336,0.46666664,0.3645833,0.13333333,0.058333337,0.37916666,0.033333335,0.33958334,0.10625,0.6583333,0.19166666,0.41875,0.054166667,0.052083336,0.08541667,0.23125,0.10625,0.625,0.20833334,0.0875,0.20833333,0.06041667,0.08958334,0.1625,0.08958334,0.025000002,0.6145833,0.06041667,0.06041667,0.027083334,0.22708334,0.12083334,0.1,0.06875,0.19791667,0.7125,0.15208334,0.0375,0.46875,0.09375,0.014583334,0.045833334,0.25,0.5625,0.27708334,0.75625,0.45208335,0.47500002,0.16979167,0.13333334,0.5520833,0.035416666,0.08541667,0.13333334,0.30625,0.14583333,0.19166666,0.14791667,0.20833333,0.19166666,0.05,0.33541667,0.36041668,0.13541667,0.020833334,0.14583334,0.0375,0.26458335,0.225,0.13541666,0.08541667,0.825,0.4375,0.16666667,0.06875,0.07083333,0.014583334,0.08541667,0.18333332,0.14375001,0.06458333,0.15833333,0.052083336,0.3625,0.3,0.09791666,0.22291666,0.114583336,0.0125,0.0625,0.06666666,0.16041666,0.1125,0.18333332,0.23541667,0.5416667,0.30208334,0.23958334,0.1625,0.06458333,0.075,0.17083333,0.14375,0.112500004,0.0875,0.09166667,0.38125,0.047916666,0.108333334,0.19375001,0.20625,0.18333334,0.70416665,0.24166666,0.17083333,0.17291668,0.077083334,0.25833333,0.22083333,0.20833334,0.7,0.47708333,0.16875,0.6875,0.08125,0.19791666,0.035416666,0.07083333,0.18333334,0.30833334,0.010416667,0.039583333,0.425,0.17708334,0.118750006,0.06041667,0.056250002,0.016666668,0.108333334,0.46041667
BC2026_Train_0011_S03_20211114_200000_45,0.18124999,0.054166667,0.11458333,0.98541665,0.0375,0.08333333,0.7395834,0.36041668,0.775,0.9625,0.87708336,0.35208333,0.46041667,0.029166667,0.004166667,0.7708334,0.24791667,0.61875,0.9666667,0.2375,0.26458332,0.6895833,0.45416668,0.375,0.28333333,0.33958334,0.16041666,0.16041666,0.14375,0.6666666,0.17291667,0.114583336,0.21041666,0.21875,0.19583334,0.225,0.0875,0.11666667,0.42916667,0.22083333,0.26041666,0.32291666,0.06041667,0.14583334,0.045833334,0.045833334,0.08958333,0.033333335,0.07916667,0.18541667,0.060416665,0.058333334,0.058333334,0.3625,0.12083334,0.033333335,0.18958333,0.9604167,0.004166667,0.44375002,0.88958335,0.29583335,0.22916666,0.7895833,0.5416666,0.26458335,0.9020833,0.36666667,0.21041667,0.42916667,0.09583333,0.114583336,0.14375001,0.95208335,0.09375,0.35625,0.153125,0.42083332,0.49166667,0.13333333,0.3625,0.029166667,0.5854167,0.020833334,0.22708334,0.07083333,0.15833333,0.043750003,0.12291667,0.06666666,0.23750001,0.23541665,0.15208334,0.46458334,0.52916664,0.49583334,0.30833334,0.1625,0.010416667,0.46249998,0.0062500006,0.3125,0.054166667,0.63125,0.20208333,0.29166666,0.035416666,0.054166667,0.029166667,0.27291667,0.11666666,0.5958333,0.21458334,0.054166667,0.17083333,0.077083334,0.083333336,0.27916667,0.11458333,0.10625,0.6875,0.12083333,0.06458333,0.014583333,0.18958333,0.175,0.072916664,0.09791666,0.25625,0.80625,0.23124999,0.016666668,0.39166665,0.0625,0.05625,0.13333333,0.22708333,0.41250002,0.2625,0.76874995,0.334375,0.39791667,0.072916664,0.06666667,0.59375,0.029166667,0.13541667,0.23124999,0.35833332,0.085416675,0.18541667,0.15208334,0.18333334,0.24583334,0.0625,0.39583334,0.47395834,0.054166667,0.07083334,0.21041667,0.06458333,0.0875,0.23958333,0.13125001,0.039583333,0.8020834,0.50625,0.225,0.14166667,0.039583333,0.052083336,0.05,0.08958334,0.12708333,0.083333336,0.23541668,0.025,0.325,0.275,0.09166667,0.26875,0.17916667,0.0062500006,0.027083334,0.10625,0.075,0.14375,0.18541667,0.19375,0.63750005,0.175,0.35,0.35625,0.06458333,0.033333335,0.18541667,0.13541667,0.1875,0.035416666,0.10625,0.28958333,0.07916667,0.09166667,0.15625,0.22500001,0.32708332,0.7625,0.22291666,0.20416667,0.15208334,0.20416667,0.38125002,0.21666665,0.0875,0.7395834,0.50416666,0.17083333,0.46875,0.10625,0.16458334,0.08541667,0.047916666,0.125,0.24166667,0.01875,0.054166667,0.42291665,0.23333333,0.108333334,0.06041667,0.09166667,0.025,0.21041667,0.175
BC2026_Train_0011_S03_20211114_200000_50,0.0875,0.043750003,0.29583332,0.9916667,0.1,0.12291667,0.8625,0.41041666,0.84375,0.9895834,0.9666667,0.56458336,0.49166667,0.033333335,0.01875,0.78541666,0.35208333,0.7,0.8770833,0.23541668,0.30625,0.77708334,0.55625,0.42291668,0.36041665,0.39375,0.18958335,0.26458335,0.19166666,0.75625,0.16458334,0.09583333,0.21249999,0.29583332,0.24166667,0.18958333,0.09375,0.12083334,0.48541665,0.23333332,0.31875,0.35,0.06875,0.13125,0.043750003,0.043750003,0.1125,0.027083334,0.10625,0.225,0.075,0.075,0.072916664,0.42708334,0.1625,0.054166667,0.22500001,0.9395833,0.04375,0.5229167,0.775,0.40729165,0.26666668,0.83124995,0.39166665,0.25833333,0.70208335,0.42916667,0.30833334,0.45833334,0.13333333,0.15625,0.0625,0.80104166,0.14583334,0.43541667,0.23125,0.21041667,0.5604167,0.20416667,0.71458334,0.07083333,0.71458334,0.025000002,0.25833333,0.041666668,0.15208334,0.21875,0.20416667,0.10208333,0.23125,0.35625,0.077083334,0.55,0.6895833,0.421875,0.43333334,0.18125,0.1,0.5708333,0.01875,0.22916666,0.1625,0.70624995,0.23750001,0.3875,0.035416666,0.06458333,0.108333334,0.36875,0.13333334,0.59791666,0.34375,0.058333334,0.10208333,0.045833334,0.09791666,0.4,0.15,0.0875,0.6875,0.09166667,0.05,0.079166666,0.14583333,0.09791666,0.054166667,0.039583333,0.25416666,0.85,0.40833333,0.1,0.4375,0.11458333,0.10208333,0.03125,0.32083333,0.45,0.099999994,0.75416666,0.43958333,0.46875,0.11875,0.083333336,0.6,0.022916667,0.21041666,0.28333333,0.38541666,0.14166667,0.38958335,0.17916667,0.32708335,0.15625,0.045833334,0.425,0.30416667,0.056250002,0.14791667,0.29791668,0.054166667,0.18333334,0.29375,0.10625,0.108333334,0.7208333,0.58125,0.26666665,0.039583333,0.09583333,0.029166669,0.13125,0.17916667,0.12083334,0.08541667,0.20833333,0.06458333,0.3375,0.31041667,0.043750003,0.28333333,0.15833333,0.025,0.077083334,0.10416667,0.25,0.18541667,0.18541667,0.18333334,0.6770834,0.23958333,0.525,0.3,0.12916666,0.025,0.15416667,0.112500004,0.18125,0.06875,0.16041666,0.3541667,0.039583333,0.13541667,0.44166666,0.27708334,0.18125,0.8125,0.16875,0.22291666,0.32708335,0.047916666,0.45,0.17500001,0.14791667,0.6666666,0.36666667,0.11875,0.3229167,0.12916666,0.4125,0.045833334,0.13125,0.29791668,0.37916666,0.029166667,0.056250002,0.36874998,0.29166666,0.15833333,0.077083334,0.1,0.05,0.15,0.35625002
BC2026_Train_0011_S03_20211114_200000_55,0.18125,0.08958334,0.23958333,0.9458333,0.29583332,0.14375,0.8979167,0.56666666,0.775,0.9791667,0.9354167,0.5354167,0.6,0.09583333,0.039583333,0.7416667,0.5,0.43333334,0.76875,0.18541667,0.45208335,0.49166667,0.5291667,0.46875,0.46875,0.55,0.20625,0.275,0.08958333,0.7479167,0.20208333,0.14583334,0.24166667,0.39791667,0.27291667,0.24583334,0.11354167,0.19583334,0.67083335,0.30416667,0.34583333,0.45833334,0.10208333,0.15416667,0.083333336,0.09166667,0.15,0.056250002,0.1875,0.29791665,0.12291667,0.13958333,0.125,0.50625,0.20416668,0.09166667,0.225,0.9458333,0.079166666,0.56666666,0.75,0.6958333,0.37291664,0.78541666,0.40625,0.35,0.8020834,0.49166667,0.42916667,0.48125,0.18541667,0.14791667,0.26666668,0.8729167,0.20416667,0.5729166,0.23124999,0.21041667,0.62083334,0.3229167,0.7125,0.079166666,0.75625,0.05625,0.2916667,0.14166667,0.23958334,0.33958334,0.20416667,0.23958334,0.18541667,0.36875,0.09166667,0.50625,0.66875,0.51458335,0.49375,0.22708333,0.13749999,0.6229167,0.0625,0.22708334,0.09791666,0.74375,0.33125,0.47708333,0.14791667,0.10208333,0.09166667,0.3125,0.28125,0.6145833,0.42083335,0.09166667,0.40833333,0.06041667,0.09375,0.36041665,0.18541667,0.17083333,0.6770834,0.11458333,0.0875,0.13958333,0.28125,0.27916667,0.0625,0.11875,0.4479167,0.86875,0.35416666,0.041666668,0.52812505,0.06875,0.09583333,0.09375,0.31666666,0.62708336,0.19166666,0.7833333,0.5333333,0.41875,0.28541666,0.07291667,0.6520833,0.10625,0.4375,0.36875,0.35625,0.14791667,0.65,0.21041667,0.33958334,0.27083334,0.06458333,0.54375005,0.41875,0.16875,0.13333333,0.25625,0.0375,0.22083333,0.37916666,0.108333334,0.475,0.79375005,0.5854167,0.284375,0.10625,0.08958334,0.07083333,0.18125,0.19375,0.17916666,0.10625,0.30625,0.110416666,0.35,0.37083334,0.08958334,0.30833334,0.14791667,0.060416665,0.10208333,0.10625,0.12291667,0.18958333,0.275,0.16875,0.70624995,0.34166667,0.46041667,0.49374998,0.24166667,0.016666668,0.26979166,0.17291668,0.27708334,0.110416666,0.12708333,0.46875,0.19166668,0.19791666,0.6020833,0.37291667,0.25625,0.78125,0.19999999,0.47291666,0.28958333,0.2604167,0.45208335,0.1875,0.26458332,0.7166667,0.3541667,0.1625,0.40625,0.087500006,0.5645833,0.110416666,0.21458334,0.21875,0.39166668,0.10208333,0.08958333,0.45000002,0.30833334,0.22083333,0.1125,0.13958333,0.07291667,0.24583334,0.32291666
BC2026_Train_0011_S03_20211114_200000_60,0.1125,0.06666667,0.29791668,0.93125,0.4875,0.12916666,0.9291667,0.70208335,0.63750005,0.97291666,0.88125,0.73541665,0.49791664,0.225,0.033333335,0.69375,0.6854167,0.29791665,0.75,0.34166667,0.6770833,0.59166664,0.75416666,0.44583333,0.49375,0.70208335,0.16875,0.275,0.15833333,0.73125,0.225,0.15833333,0.29166666,0.5916667,0.22916667,0.3645833,0.2125,0.20833334,0.74375,0.36666667,0.37708333,0.49583334,0.108333334,0.16875,0.1125,0.13541667,0.19166666,0.06041667,0.19375,0.28125,0.15416667,0.18541667,0.15208334,0.5208333,0.3020833,0.12916666,0.17708333,0.92291665,0.09791666,0.45208335,0.60625,0.71458334,0.57916665,0.79375005,0.2708333,0.325,0.9395833,0.5645833,0.24791667,0.5083333,0.17708333,0.22916667,0.28958333,0.8520833,0.21875,0.5395833,0.33333334,0.26875,0.4479167,0.25833333,0.77708334,0.18541667,0.7104167,0.035416666,0.28125,0.19583333,0.13333334,0.31458333,0.06875,0.5625,0.28333333,0.3229167,0.054166667,0.5729167,0.75,0.7291667,0.68541664,0.275,0.33333334,0.5083333,0.09166667,0.38125,0.16458334,0.6583333,0.50625,0.53333336,0.25208333,0.20416667,0.14375,0.39166668,0.28125,0.7416667,0.28333333,0.14166667,0.73749995,0.08958334,0.079166666,0.3541667,0.31875,0.22083333,0.6666667,0.25208333,0.17395833,0.1375,0.34166667,0.32083333,0.18958333,0.29999998,0.42291665,0.8458333,0.37083334,0.06458333,0.41458333,0.108333334,0.1875,0.36249998,0.16666667,0.6354167,0.39479166,0.77708334,0.59791666,0.39999998,0.375,0.09166667,0.6666667,0.14791666,0.23333335,0.2708333,0.46041667,0.14375,0.8541667,0.17083333,0.39791667,0.15,0.10625,0.42083335,0.59791666,0.16041666,0.1125,0.225,0.054166667,0.37291667,0.37708333,0.15625,0.7166667,0.60625,0.59583336,0.21875,0.1625,0.06666667,0.079166666,0.23125,0.28125,0.25833333,0.11666666,0.29999998,0.31041667,0.31875002,0.37083334,0.3,0.22083333,0.22500001,0.14375,0.09791667,0.20208332,0.06458333,0.21666667,0.25833333,0.22291666,0.7604167,0.5,0.41250002,0.38958335,0.116666675,0.05,0.40625,0.37708333,0.3020833,0.27291667,0.11875,0.46875,0.33333334,0.40416664,0.31041667,0.4583333,0.34583333,0.73125,0.25,0.55625,0.18958333,0.22291666,0.22708333,0.04791667,0.3875,0.7395833,0.553125,0.24791667,0.30416667,0.16145833,0.6166667,0.15208334,0.083333336,0.2,0.44166666,0.06458333,0.17291668,0.46875,0.14791666,0.2604167,0.15416667,0.07083333,0.1125,0.18333334,0.5916667
BC2026_Train_0012_S03_20220211_233000_5,0.275,0.12708333,0.10416667,0.8979167,0.30833334,0.039583337,0.37708333,0.47083333,0.73541665,0.62916666,0.5833334,0.09791667,0.8104167,0.24583334,0.17083333,0.2916667,0.39166665,0.114583336,0.68333334,0.29583335,0.4708333,0.15833333,0.04791667,0.30625,0.21041666,0.38125,0.06041667,0.11666667,0.17708334,0.58958334,0.22916666,0.17291667,0.13125,0.035416666,0.033333335,0.13125001,0.26458332,0.175,0.041666668,0.17291667,0.029166669,0.0625,0.15416667,0.24375,0.16041666,0.16875,0.17916666,0.46666667,0.19791667,0.15625,0.34791666,0.3375,0.3375,0.03125,0.33958334,0.016666668,0.41875,0.9020833,0.04791667,0.38541666,0.6666666,0.18333334,0.81875,0.4979167,0.37083334,0.01875,0.55625,0.09166667,0.022916667,0.10625,0.32708335,0.4583333,0.45416665,0.1625,0.06666666,0.175,0.72291666,0.31041664,0.70208335,0.06041667,0.175,0.15208334,0.26874998,0.29583335,0.08125,0.40416664,0.7166667,0.70208335,0.23124999,0.15625,0.64166665,0.27708334,0.371875,0.15625,0.41458333,0.28958333,0.1,0.16874999,0.37291667,0.11875,0.24166667,0.035416666,0.22500001,0.65625,0.85,0.5,0.40833333,0.072916664,0.2375,0.51875,0.17916666,0.052083332,0.56666666,0.43333334,0.104166664,0.26666665,0.725,0.043750003,0.52708334,0.25625,0.14791667,0.36874998,0.4125,0.2604167,0.30416667,0.31666666,0.43958333,0.22083333,0.78541666,0.15,0.020833334,0.76666665,0.12291667,0.2,0.17291667,0.035416666,0.13333333,0.14583334,0.209375,0.78541666,0.63125,0.2604167,0.40416667,0.42916667,0.12083334,0.21666667,0.30416667,0.19583333,0.15208334,0.11875,0.19375,0.4395833,0.35625,0.48541668,0.25,0.49583334,0.4125,0.39375,0.3,0.20833333,0.17083332,0.74375,0.14791667,0.38333333,0.59791666,0.7375,0.04791667,0.175,0.34166667,0.27083334,0.55833334,0.1125,0.35,0.49583334,0.19375,0.1625,0.16666666,0.8458333,0.26458335,0.2125,0.21041667,0.7416667,0.65416664,0.47708333,0.10625,0.31875,0.6770833,0.45416665,0.34375,0.42916667,0.32083333,0.077083334,0.65625,0.17083333,0.27291667,0.29375,0.53125,0.575,0.43541667,0.06875,0.37291667,0.19791666,0.08541667,0.36041668,0.46666667,0.31666666,0.39270833,0.5020833,0.3375,0.46875,0.5520833,0.39375,0.7083334,0.26875,0.7895833,0.47708333,0.35625002,0.175,0.53541666,0.10625,0.37708333,0.5697917,0.37291664,0.13333333,0.35625,0.19999999,0.26666665,0.13541667,0.1875,0.39791667,0.10625,0.36666667,0.056250002,0.7604166
BC2026_Train_0012_S03_20220211_233000_10,0.36875,0.27083334,0.12291667,0.88958335,0.375,0.08541667,0.39166668,0.3625,0.7104167,0.61041665,0.56041664,0.16041666,0.6895833,0.32083333,0.23124999,0.33541667,0.5229167,0.22708334,0.71875,0.34375,0.4979167,0.15833333,0.08958334,0.2854167,0.29375,0.525,0.08125,0.17916667,0.23750001,0.53125,0.3333333,0.24166667,0.2375,0.077083334,0.052083336,0.24166667,0.28541666,0.23125,0.06041667,0.27708334,0.06458333,0.075,0.27291667,0.325,0.19375,0.21666667,0.25416666,0.50625,0.25208333,0.225,0.46041667,0.45833334,0.46458334,0.045833334,0.425,0.041666668,0.46249998,0.9125,0.10625,0.38541666,0.6875,0.18958333,0.78541666,0.53333336,0.34583333,0.008333334,0.49374998,0.15833333,0.03125,0.10625,0.42708334,0.51666665,0.45208335,0.09375,0.12916666,0.375,0.875,0.43333334,0.80833334,0.09791666,0.41666666,0.44375002,0.28541666,0.425,0.14791667,0.45208335,0.6208333,0.5520833,0.42291668,0.19166666,0.40416664,0.23541667,0.29999998,0.1875,0.42916667,0.22916667,0.14375,0.2125,0.34791666,0.24791667,0.31041667,0.06041667,0.25,0.5375,0.6479167,0.47916666,0.57708335,0.06875,0.2625,0.5708333,0.25416666,0.058333334,0.5541667,0.4125,0.2,0.32708332,0.8229166,0.05625,0.7520833,0.32916665,0.27708334,0.3375,0.53125,0.4166667,0.26458335,0.40208334,0.49583334,0.18333332,0.9270834,0.14583333,0.054166667,0.7458333,0.25,0.24583334,0.17083333,0.1375,0.21875,0.33125,0.25208333,0.78541666,0.55833334,0.29583335,0.5541667,0.5229167,0.104166664,0.23958334,0.35,0.22291666,0.19583334,0.16875,0.23750001,0.50208336,0.45,0.48749998,0.26666665,0.56666666,0.4479167,0.48541665,0.4,0.22083333,0.22291666,0.83958334,0.13125,0.45416665,0.88958335,0.6354167,0.058333337,0.3229167,0.4625,0.34791666,0.6541667,0.28125,0.425,0.64375,0.25625,0.2,0.37083334,0.84375,0.40208334,0.22291666,0.26458335,0.92291665,0.7833333,0.50416666,0.106249996,0.54583335,0.63125,0.51875,0.37291667,0.43333334,0.49791667,0.075,0.6583333,0.21666667,0.4125,0.37708333,0.6229167,0.5916667,0.46666667,0.09375,0.46875,0.29583335,0.08125,0.49583334,0.49374998,0.39791667,0.475,0.39375,0.41041666,0.64375,0.54375,0.44166666,0.89375,0.54583335,0.65,0.46249998,0.4479167,0.22500001,0.58958334,0.18125,0.41250002,0.5416666,0.5104167,0.18958333,0.46875,0.23750001,0.42291665,0.30208334,0.29166666,0.53541666,0.116666675,0.47708333,0.06666667,0.79583335
BC2026_Train_0012_S03_20220211_233000_15,0.18541667,0.09166667,0.087500006,0.8979167,0.2125,0.039583333,0.34791666,0.26458335,0.6625,0.55625,0.5395833,0.10208334,0.5875,0.16666667,0.14583334,0.30416667,0.4791667,0.110416666,0.6875,0.23541668,0.46249998,0.11666667,0.08333333,0.31666666,0.17083333,0.5375,0.07083333,0.15833333,0.18541667,0.46666667,0.12708333,0.21041667,0.10208334,0.035416666,0.029166669,0.14791667,0.225,0.125,0.022916667,0.18125,0.016666668,0.020833334,0.15208334,0.25625,0.08541667,0.09166667,0.14166667,0.4354167,0.14583333,0.125,0.32916665,0.31666666,0.3229167,0.022916667,0.27083334,0.029166667,0.42916667,0.94166666,0.0875,0.33125,0.6145834,0.116666675,0.82500005,0.5833334,0.4083333,0.016666668,0.38958335,0.09583333,0.020833334,0.047916666,0.34375,0.3020833,0.31666666,0.083333336,0.047916666,0.53125,0.75416666,0.24375,0.7208333,0.041666668,0.20208332,0.10625,0.27708334,0.37083334,0.054166667,0.28125,0.63958335,0.37708333,0.04375,0.14375,0.28958333,0.22708333,0.28125,0.1375,0.4791667,0.25,0.083333336,0.12291667,0.34166667,0.19166666,0.25625,0.035416666,0.19791667,0.49166667,0.6145833,0.28125,0.4895833,0.06666666,0.21458332,0.48541668,0.18333334,0.04791667,0.51875,0.44583333,0.09791666,0.25625,0.70208335,0.025000002,0.48958334,0.25416666,0.13125001,0.35833335,0.40625,0.27291667,0.25625,0.1625,0.35833335,0.2375,0.76458335,0.15208334,0.027083334,0.78541666,0.16458333,0.15208334,0.1,0.052083336,0.08958334,0.125,0.12916666,0.7395833,0.46875,0.35625,0.38541666,0.4270833,0.07083333,0.20416667,0.26041666,0.15625,0.14166667,0.06666666,0.14583333,0.32083333,0.38125002,0.46249998,0.25,0.43541667,0.37708333,0.38333333,0.34375,0.099999994,0.16458334,0.5708333,0.056250002,0.36875,0.56666666,0.6645833,0.043750003,0.12291667,0.32708335,0.21666667,0.5229167,0.035416666,0.25833333,0.49791667,0.13125,0.16041666,0.13541667,0.8645834,0.28541666,0.23333333,0.18541667,0.7833333,0.77708334,0.3645833,0.054166667,0.34583333,0.6354167,0.31041667,0.30625,0.37708333,0.32083333,0.0625,0.5625,0.15416667,0.33541667,0.25208333,0.5729166,0.54583335,0.23541668,0.03125,0.3958333,0.32083333,0.058333334,0.28125,0.45625,0.27708334,0.42083335,0.37916666,0.3,0.78125,0.51458335,0.6166667,0.6020833,0.59375,0.725,0.40625,0.35208333,0.15625,0.5291667,0.14375,0.35625,0.5395833,0.26458332,0.110416666,0.35416666,0.18333334,0.27708334,0.10625,0.22916666,0.26666665,0.08541667,0.47500002,0.041666668,0.67083335
BC2026_Train_0012_S03_20220211_233000_20,0.125,0.022916667,0.079166666,0.88958335,0.104166664,0.041666668,0.33124998,0.19166666,0.67291665,0.57708335,0.5729167,0.045833334,0.58125,0.0625,0.054166667,0.22916666,0.21666667,0.25,0.6625,0.19166666,0.38333333,0.13125,0.07083333,0.32291666,0.11666667,0.4479167,0.020833334,0.13541666,0.12083334,0.35,0.01875,0.15625,0.033333335,0.020833334,0.004166667,0.08541667,0.12291667,0.033333335,0.0062500006,0.033333335,0.0062500006,0.010416667,0.0375,0.19166666,0.0375,0.041666668,0.025,0.06041667,0.014583334,0.008333334,0.110416666,0.1375,0.1375,0.008333334,0.09583333,0.0125,0.37708333,0.9666667,0.05,0.34583333,0.4125,0.05625,0.7270833,0.61249995,0.34375,0.008333334,0.51666665,0.09583333,0.008333334,0.01875,0.21041667,0.19791666,0.24375,0.06875,0.029166667,0.34166667,0.27916667,0.08958334,0.70208335,0.074999996,0.1,0.045833334,0.22708334,0.26666665,0.08541667,0.08125,0.62916666,0.31458333,0.020833334,0.0375,0.23958333,0.325,0.28541666,0.09791667,0.425,0.22083333,0.020833334,0.08958334,0.18125,0.09583333,0.12708333,0.020833334,0.112500004,0.38333333,0.65416664,0.10625,0.23958334,0.025,0.09791667,0.45,0.15625,0.01875,0.34791666,0.41250002,0.0375,0.14166667,0.32708335,0.020833334,0.22916666,0.09583334,0.15208334,0.15833333,0.3,0.1125,0.19166666,0.09791667,0.25208333,0.07291667,0.42916667,0.13125,0.01875,0.6020833,0.052083336,0.079166666,0.14583334,0.020833334,0.08125,0.077083334,0.09583334,0.6833333,0.3020833,0.3229167,0.21458334,0.34583333,0.0375,0.34166667,0.19583334,0.108333334,0.01875,0.04375,0.05,0.23541667,0.14583333,0.42291665,0.18333334,0.18125,0.1875,0.08333333,0.27291667,0.15208334,0.06666667,0.35208333,0.012500001,0.26875,0.28020835,0.73333335,0.041666668,0.014583334,0.2604167,0.0375,0.33541667,0.04375,0.23333333,0.44375,0.041666668,0.13541667,0.07291667,0.8229166,0.13958333,0.24791667,0.08541667,0.44166666,0.3125,0.22291666,0.01875,0.15208334,0.48333335,0.14166667,0.28958333,0.25833333,0.11875,0.03125,0.43541667,0.09166667,0.14791667,0.074999996,0.25416666,0.32916668,0.15416667,0.01875,0.3229167,0.14166667,0.045833334,0.12083334,0.28958333,0.22291666,0.32083333,0.45104167,0.125,0.5291667,0.5520834,0.5229167,0.68125,0.14375,0.7104167,0.33958334,0.20833334,0.175,0.42083335,0.08958334,0.32708335,0.4166667,0.12083334,0.081250004,0.29791665,0.12083334,0.1625,0.03541667,0.24791667,0.079166666,0.08958334,0.20833334,0.0062500006,0.5083333
BC2026_Train_0012_S03_20220211_233000_25,0.12916666,0.035416666,0.6375,0.84791666,0.041666668,0.01875,0.4270833,0.18541667,0.7083334,0.58958334,0.57500005,0.6666667,0.6604167,0.11666667,0.058333334,0.18333334,0.26875,0.24166667,0.5729166,0.14583334,0.35416666,0.1125,0.10208333,0.3375,0.110416666,0.54375,0.008333334,0.23125,0.08541667,0.46875,0.04375,0.13958333,0.01875,0.016666668,0.010416667,0.035416666,0.058333334,0.045833334,0.008333334,0.010416667,0.0062500006,0.01875,0.025,0.12916666,0.029166667,0.020833334,0.010416667,0.0375,0.0125,0.016666668,0.075,0.08125,0.08125,0.004166667,0.0625,0.0375,0.26041666,0.98333335,0.45208332,0.3625,0.25,0.027083334,0.5916667,0.66875005,0.39583334,0.010416667,0.525,0.11666667,0.06666666,0.022916667,0.17916666,0.18125,0.22916667,0.042708334,0.016666668,0.18958333,0.23541668,0.029166669,0.66041666,0.045833334,0.14375,0.01875,0.18124999,0.3,0.0062500006,0.06041667,0.58958334,0.28541666,0.04375,0.01875,0.08958334,0.8145833,0.29166666,0.08541667,0.28333333,0.24166666,0.004166667,0.06666667,0.108333334,0.03125,0.10208334,0.0125,0.08541667,0.39166668,0.67499995,0.1375,0.12291667,0.010416667,0.09166667,0.42083335,0.13333334,0.052083336,0.39375,0.37708333,0.004166667,0.075,0.23750001,0.020833334,0.17708333,0.025,0.104166664,0.08958334,0.23958333,0.010416667,0.34583333,0.016666668,0.15416667,0.029166669,0.38541666,0.10208333,0.16875,0.4708333,0.01875,0.029166669,0.033333335,0.0062500006,0.029166669,0.014583334,0.081250004,0.67083335,0.22916667,0.3541667,0.10416667,0.34895834,0.0375,0.1625,0.16041666,0.039583333,0.004166667,0.010416667,0.012500001,0.24166667,0.12916666,0.375,0.23541667,0.043750003,0.114583336,0.03125,0.110416666,0.058333334,0.05,0.15625,0.0125,0.20416668,0.21875,0.68125,0.0062500006,0.03125,0.24791667,0.0375,0.22083333,0.01875,0.06875,0.38958335,0.004166667,0.14166667,0.030208334,0.8020833,0.041666668,0.7104167,0.043750003,0.32708332,0.19166666,0.23541667,0.010416667,0.17708333,0.41041666,0.11458333,0.1875,0.30416667,0.043750003,0.014583333,0.35625002,0.016666668,0.05,0.0062500006,0.18541667,0.3375,0.108333334,0.0062500006,0.2875,0.09791666,0.035416666,0.15,0.17291667,0.09583333,0.21458332,0.55,0.05625,0.70000005,0.5958333,0.50416666,0.56666666,0.03125,0.70625,0.33125,0.15833333,0.20208333,0.4375,0.0375,0.29791665,0.41666666,0.054166667,0.033333335,0.20833334,0.10208333,0.08125,0.029166669,0.30625,0.012500001,0.14166667,0.12083334,0.052083336,0.3645833
BC2026_Train_0012_S03_20220211_233000_30,0.225,0.23333333,0.8541666,0.7416667,0.14583333,0.052083336,0.84166664,0.25833333,0.8041667,0.63125,0.62916666,0.9125,0.725,0.6125,0.25416666,0.2875,0.49791667,0.47083336,0.6166667,0.15833333,0.5135417,0.13125,0.48125,0.35000002,0.3020833,0.79791665,0.06041667,0.6875,0.24791667,0.7291666,0.079166666,0.23541667,0.016666668,0.035416666,0.06458333,0.12916666,0.15416667,0.12291667,0.027083334,0.04791667,0.022916667,0.045833334,0.09791667,0.19166666,0.056250002,0.06041667,0.045833334,0.054166667,0.06666666,0.07083333,0.21666667,0.20416667,0.19375,0.027083334,0.06875,0.20416667,0.28125,0.959375,0.73541665,0.53333336,0.31666666,0.14791666,0.6333333,0.71979165,0.4125,0.0375,0.5645833,0.1875,0.37083334,0.054166667,0.34583333,0.49583334,0.24583334,0.09583333,0.03541667,0.4125,0.33541667,0.05,0.75625,0.08541667,0.1625,0.039583333,0.23750001,0.22291666,0.12083333,0.16666666,0.71458334,0.48541665,0.054166667,0.027083334,0.21875,0.9583334,0.19583333,0.11458333,0.55833334,0.20416667,0.05,0.05,0.24583334,0.13541666,0.14375,0.01875,0.2625,0.35625,0.7895833,0.28750002,0.36874998,0.054166667,0.19375,0.49166667,0.29583335,0.15416667,0.46875,0.27083334,0.022916667,0.18958333,0.24374999,0.025,0.21875,0.020833334,0.1875,0.30833334,0.29583332,0.05625,0.64374995,0.01875,0.17708334,0.077083334,0.51458335,0.16666667,0.6125,0.48333332,0.041666668,0.058333334,0.08541667,0.029166669,0.1,0.025,0.12291667,0.61041665,0.22708333,0.65,0.225,0.50625,0.10208333,0.15625,0.19791667,0.19583334,0.083333336,0.039583337,0.041666668,0.47083333,0.19583334,0.6,0.5208334,0.08333333,0.28541666,0.0625,0.31666666,0.087500006,0.25625,0.1125,0.039583333,0.34583333,0.20208332,0.8645833,0.08541667,0.39166665,0.30416667,0.07083333,0.41875,0.17291667,0.12916666,0.5104166,0.022916667,0.20625001,0.045833334,0.8020833,0.072916664,0.94166666,0.13333333,0.35,0.28125,0.45625,0.012500001,0.24791667,0.5708333,0.15625,0.30833334,0.46666667,0.08958334,0.03541667,0.5395833,0.12291667,0.11875,0.033333335,0.36874998,0.43958333,0.22291666,0.050000004,0.31458333,0.20208333,0.13541666,0.3541667,0.43125,0.06458333,0.32500002,0.90625,0.19791666,0.85833335,0.91875005,0.63125,0.7604167,0.13125,0.64375,0.40625,0.225,0.32083333,0.51875,0.15416667,0.43958333,0.4125,0.10208334,0.10208333,0.35,0.16041666,0.15833333,0.1625,0.34583336,0.022916667,0.07083333,0.07083333,0.03125,0.52916664
BC2026_Train_0012_S03_20220211_233000_35,0.23333332,0.19166666,0.79791665,0.73333335,0.14166667,0.08958334,0.90208334,0.34791666,0.7520833,0.64166665,0.57916665,0.83958334,0.7416667,0.7,0.27291667,0.18958333,0.51458335,0.49791664,0.63125,0.18541667,0.54375005,0.18958333,0.7,0.32083336,0.38541666,0.828125,0.06041667,0.63125,0.27083334,0.6479167,0.077083334,0.2625,0.012500001,0.025,0.10208334,0.10625,0.19791666,0.12708333,0.01875,0.0375,0.025,0.05,0.09375,0.20729166,0.052083336,0.054166667,0.047916666,0.05625,0.110416666,0.0875,0.21666667,0.2125,0.17708334,0.025,0.045833334,0.19583334,0.24583334,0.96458334,0.6583333,0.47291666,0.27916667,0.17291667,0.63958335,0.7729167,0.25833333,0.05,0.6166667,0.31458333,0.32500002,0.08958334,0.27916667,0.51875,0.16875,0.054166667,0.03125,0.53541666,0.3375,0.0375,0.7166667,0.11666667,0.14999999,0.025000002,0.225,0.2916667,0.12708333,0.045833334,0.7083333,0.48958334,0.06666667,0.047916666,0.33958334,0.9479166,0.26041666,0.13125,0.6958333,0.30624998,0.025,0.020833334,0.3375,0.15416667,0.14166667,0.045833334,0.28958333,0.35208333,0.7229167,0.09583333,0.21875,0.050000004,0.18125,0.47708333,0.28958333,0.20833333,0.31041667,0.23125,0.012500001,0.18541667,0.25208333,0.039583333,0.19166666,0.027083334,0.27291667,0.39166668,0.27083334,0.08541667,0.58125,0.03541667,0.20208333,0.075,0.39166665,0.3875,0.45,0.48333335,0.09166667,0.06041667,0.06875,0.17708333,0.13333334,0.01875,0.13958333,0.5,0.2375,0.7395834,0.17083332,0.38541666,0.079166666,0.28333333,0.17916666,0.07291667,0.17708334,0.05,0.012500001,0.64374995,0.12708333,0.6166667,0.5125,0.05625,0.30416667,0.056250002,0.38125002,0.17708333,0.39375,0.14583334,0.029166669,0.26874998,0.23958333,0.85520834,0.07083333,0.39375,0.22916667,0.052083336,0.18333334,0.225,0.23333332,0.46249998,0.029166669,0.15208334,0.043750003,0.76458335,0.06458333,0.9270834,0.12291667,0.34375,0.21041666,0.38333333,0.025,0.41875,0.58125,0.15625,0.2375,0.4166667,0.06875,0.012500001,0.6875,0.18333334,0.08541667,0.014583334,0.32708335,0.40208334,0.2,0.03125,0.29895833,0.1625,0.16666666,0.38333333,0.51666665,0.039583337,0.46875,0.8645833,0.15208334,0.84791666,0.9770833,0.6666666,0.78541666,0.14166667,0.60625,0.4270833,0.16041666,0.20625,0.43958333,0.14999999,0.41041666,0.3625,0.0625,0.099999994,0.33541667,0.14166667,0.12083334,0.31875,0.31458333,0.029166667,0.075,0.11458333,0.033333335,0.48541665
BC2026_Train_0012_S03_20220211_233000_40,0.20416667,0.07083333,0.25833333,0.6958333,0.108333334,0.025000002,0.7395834,0.27083334,0.675,0.70625,0.6125,0.32083333,0.6333333,0.275,0.079166666,0.1625,0.2625,0.33125,0.6770833,0.057291668,0.28541666,0.1625,0.6833333,0.28333333,0.32708335,0.63125,0.027083334,0.2,0.09166667,0.39166665,0.31875,0.14375,0.035416666,0.0125,0.035416666,0.029166669,0.077083334,0.077083334,0.020833334,0.025,0.039583333,0.041666668,0.2125,0.10416667,0.0375,0.035416666,0.09791667,0.14999999,0.09166667,0.08541667,0.37083334,0.36875,0.35833335,0.016666668,0.12083334,0.025,0.22708334,0.9822917,0.24375,0.32708332,0.31875,0.08541667,0.6,0.79999995,0.21666667,0.03125,0.50625,0.15416667,0.06666667,0.047916666,0.110416666,0.25208333,0.075,0.025,0.01875,0.42916667,0.17708334,0.03125,0.6125,0.033333335,0.12916666,0.004166667,0.18541667,0.14791667,0.033333335,0.043750003,0.61875,0.38333333,0.07083333,0.014583334,0.275,0.6,0.2625,0.07291667,0.5375,0.1875,0.060416665,0.054166667,0.24374999,0.11666667,0.072916664,0.020833334,0.114583336,0.3333333,0.575,0.13125,0.11666666,0.016666668,0.08125,0.43333334,0.1625,0.15,0.3,0.225,0.010416667,0.10625,0.18333334,0.01875,0.1,0.01875,0.21666667,0.31041667,0.23750001,0.03125,0.28958333,0.0125,0.15208334,0.06875,0.23333332,0.20833334,0.075,0.43958333,0.0125,0.022916667,0.058333334,0.054166667,0.0375,0.029166667,0.09583333,0.61875,0.22291666,0.5875,0.09375,0.22083333,0.09375,0.07291667,0.13333334,0.041666668,0.060416665,0.027083334,0.004166667,0.5625,0.08333333,0.46458334,0.25208333,0.08125,0.17916667,0.016666668,0.28541666,0.054166667,0.25416666,0.075,0.029166667,0.11875,0.22083333,0.90208334,0.056250002,0.30833334,0.16666666,0.0375,0.12291667,0.0875,0.075,0.3,0.012500001,0.099999994,0.0062500006,0.65,0.027083334,0.49166667,0.05,0.24375,0.12083333,0.27291667,0.041666668,0.225,0.37291667,0.11875,0.15416667,0.325,0.06041667,0.0062500006,0.44583336,0.054166667,0.041666668,0.0125,0.31875,0.29791665,0.12916666,0.03125,0.26874998,0.09583333,0.0375,0.39999998,0.36875,0.027083334,0.28541666,0.525,0.06666667,0.7895833,0.875,0.54791665,0.48333335,0.09166667,0.5729166,0.42916667,0.083333336,0.17291667,0.34375,0.08333333,0.2916667,0.3541667,0.010416667,0.05,0.22291666,0.054166667,0.035416666,0.17083333,0.19375001,0.022916667,0.09166666,0.04375,0.016666668,0.37291667
BC2026_Train_0012_S03_20220211_233000_45,0.32708332,0.2,0.1125,0.70208335,0.25416666,0.022916667,0.39375,0.38125002,0.6635417,0.75625,0.67291665,0.12708333,0.46041667,0.31666666,0.07291667,0.22708333,0.31875002,0.27916667,0.71458334,0.108333334,0.32500002,0.12916666,0.42291665,0.19166668,0.3875,0.42083335,0.039583333,0.056250002,0.045833334,0.54791665,0.53541666,0.09375,0.12083334,0.03541667,0.043750003,0.05,0.06458333,0.110416666,0.110416666,0.047916666,0.0875,0.09791666,0.43958333,0.08541667,0.0625,0.06458333,0.21875,0.47291666,0.21875,0.21041667,0.52916664,0.52916664,0.52916664,0.058333337,0.37916666,0.06666667,0.33333334,0.99583334,0.0875,0.3,0.3541667,0.029166667,0.59791666,0.75625,0.32708332,0.039583333,0.6,0.14791666,0.07083333,0.22708333,0.045833334,0.21458334,0.033333335,0.027083334,0.029166669,0.39791667,0.23333332,0.008333334,0.5395833,0.010416667,0.20416668,0.022916667,0.14791666,0.13333333,0.047916666,0.12708333,0.35833335,0.31666666,0.3125,0.008333334,0.20833333,0.19375,0.29791665,0.014583334,0.40208334,0.17291667,0.043750003,0.12708333,0.06875,0.09375,0.07291667,0.029166669,0.08333333,0.48541665,0.28333333,0.054166667,0.33125,0.016666668,0.0625,0.38958335,0.06041667,0.06666666,0.2875,0.13749999,0.0375,0.052083332,0.09166667,0.043750003,0.045833334,0.047916666,0.1875,0.060416665,0.19999999,0.07291667,0.14166667,0.020833334,0.15,0.03125,0.16666666,0.3229167,0.0625,0.37395832,0.008333334,0.033333335,0.010416667,0.045833334,0.025,0.075,0.045833334,0.73125005,0.30833334,0.375,0.072916664,0.23541668,0.35208333,0.0375,0.10208333,0.17083333,0.035416666,0.022916667,0.016666668,0.35104167,0.09791666,0.47708333,0.08541667,0.12708333,0.104166664,0.05,0.35416666,0.033333335,0.159375,0.033333335,0.043750003,0.110416666,0.16666666,0.9270834,0.041666668,0.13541667,0.20625,0.12291667,0.08333333,0.041666668,0.08333333,0.21666667,0.01875,0.079166666,0.036458336,0.5208333,0.0625,0.125,0.022916667,0.23125,0.09166667,0.25833333,0.18124999,0.23125,0.30208334,0.07291667,0.28333333,0.19791667,0.05,0.039583333,0.31875,0.025,0.08541667,0.15,0.12708333,0.2125,0.17916667,0.043750003,0.22916666,0.17708333,0.020833334,0.225,0.06666666,0.01875,0.33125,0.3020833,0.025,0.625,0.575,0.525,0.39999998,0.19999999,0.60625,0.40833333,0.13125,0.17916666,0.3020833,0.14583334,0.25208333,0.21666667,0.0625,0.07083333,0.35625,0.0062500006,0.025000002,0.03125,0.22708333,0.022916667,0.054166667,0.07291667,0.0625,0.6020833
BC2026_Train_0012_S03_20220211_233000_50,0.15833333,0.05,0.10416667,0.7291666,0.1125,0.016666668,0.48541665,0.25416666,0.7166667,0.7583333,0.6229167,0.08958334,0.62083334,0.12916666,0.027083334,0.25416666,0.44166666,0.30625,0.8520833,0.035416666,0.26666665,0.13125,0.5854167,0.20625,0.4270833,0.43958333,0.025,0.054166667,0.016666668,0.5229167,0.45416665,0.06875,0.075,0.035416666,0.01875,0.029166667,0.041666668,0.08125,0.07291667,0.041666668,0.06875,0.08541667,0.31666666,0.047916666,0.039583333,0.0375,0.116666675,0.22916666,0.14166667,0.17291667,0.45208335,0.4625,0.46041667,0.043750003,0.19791666,0.008333334,0.24374999,0.9927083,0.035416666,0.3333333,0.33749998,0.039583333,0.63125,0.76666665,0.46249998,0.029166667,0.53125,0.12083333,0.047916666,0.1125,0.025000002,0.225,0.05,0.022916667,0.010416667,0.13958333,0.38125002,0.004166667,0.6479167,0.014583333,0.18958333,0.022916667,0.1625,0.13333334,0.05,0.07083334,0.43958333,0.42083332,0.33749998,0.014583334,0.29791668,0.09583333,0.26666665,0.025,0.43958336,0.17083333,0.022916667,0.087500006,0.039583333,0.14375,0.052083336,0.01875,0.058333334,0.5229167,0.4479167,0.19791666,0.15625,0.0062500006,0.05,0.38333333,0.054166667,0.1,0.22916666,0.14583334,0.027083334,0.045833334,0.072916664,0.0125,0.043750003,0.016666668,0.19166666,0.008333334,0.14375,0.079166666,0.108333334,0.0062500006,0.09791667,0.0062500006,0.17708334,0.18541667,0.012500001,0.28958333,0.0125,0.004166667,0.03541667,0.06458333,0.09375,0.035416666,0.022916667,0.7375,0.3625,0.38125002,0.052083332,0.19375,0.19583333,0.09166667,0.08125,0.0375,0.010416667,0.041666668,0.03125,0.275,0.0875,0.40625,0.13125,0.08125,0.14375,0.016666668,0.24375,0.13333333,0.077083334,0.016666668,0.020833334,0.09791666,0.12708333,0.9270834,0.033333335,0.039583333,0.18541667,0.06458333,0.06041667,0.0062500006,0.027083334,0.21041667,0.012500001,0.27291667,0.020833334,0.55625,0.033333335,0.0875,0.016666668,0.23333333,0.09375,0.12708333,0.033333335,0.13125,0.17708333,0.06875,0.24583334,0.3375,0.06875,0.01875,0.31666666,0.0062500006,0.033333335,0.033333335,0.027083334,0.15625,0.09791666,0.029166667,0.19166666,0.14791667,0.01875,0.13958333,0.075,0.016666668,0.27916667,0.19166666,0.016666668,0.5395833,0.61875,0.47083333,0.36041665,0.35000002,0.5833334,0.45208335,0.06875,0.23124999,0.34375,0.09583333,0.20833334,0.2125,0.054166667,0.01875,0.27291667,0.0062500006,0.025,0.108333334,0.19583333,0.012500001,0.035416666,0.09791666,0.05,0.37916666
BC2026_Train_0012_S03_20220211_233000_55,0.24583334,0.0062500006,0.14375,0.7166667,0.20416667,0.014583334,0.6333333,0.225,0.79375005,0.76458335,0.6458333,0.052083336,0.7625,0.325,0.01875,0.3229167,0.51666665,0.9,0.82916665,0.10208333,0.375,0.2604167,0.51458335,0.2770833,0.3875,0.51458335,0.041666668,0.077083334,0.0062500006,0.4479167,0.34166667,0.06666666,0.016666668,0.0062500006,0.016666668,0.004166667,0.060416665,0.033333335,0.027083334,0.008333334,0.029166669,0.06041667,0.13958333,0.0375,0.01875,0.0125,0.014583333,0.03125,0.016666668,0.058333334,0.27708334,0.25208333,0.2375,0.020833334,0.0625,0.004166667,0.20833334,0.98125005,0.13125,0.75625,0.37916666,0.022916667,0.69166666,0.75416666,0.47916666,0.029166669,0.575,0.12708333,0.0125,0.045833334,0.045833334,0.31875,0.17916666,0.054166667,0.0062500006,0.3375,0.6875,0.027083334,0.73541665,0.014583334,0.16041666,0.01875,0.10625,0.18333334,0.029166669,0.13125,0.57708335,0.62916666,0.56666666,0.039583333,0.19583333,0.17083333,0.18541667,0.029166669,0.3875,0.14166667,0.04375,0.06458333,0.20416667,0.22291668,0.12083334,0.022916667,0.058333334,0.45,0.6791667,0.25833333,0.325,0.014583334,0.1375,0.49791667,0.09166667,0.17916667,0.31875,0.16666666,0.029166669,0.08958334,0.09791667,0.0125,0.11875,0.008333334,0.28333333,0.12708333,0.23125,0.13333334,0.14583333,0.01875,0.20625,0.016666668,0.41041666,0.21666667,0.0062500006,0.43333334,0.13541667,0.022916667,0.033333335,0.0125,0.13541667,0.0375,0.039583333,0.70416665,0.35833335,0.46666667,0.06875,0.25,0.05625,0.041666668,0.16458333,0.1,0.016666668,0.029166669,0.045833334,0.58125,0.1,0.41041666,0.15625,0.18958333,0.15833333,0.008333334,0.19375,0.12291667,0.15625,0.12083334,0.06666667,0.23124999,0.22083335,0.92291665,0.04375,0.14791667,0.20208333,0.0875,0.13541667,0.029166669,0.043750003,0.25416666,0.06041667,0.5708333,0.01875,0.75625,0.0375,0.16041666,0.0875,0.24375,0.22916667,0.34791666,0.0062500006,0.17916667,0.29375002,0.13125,0.19791667,0.45625,0.17083333,0.025,0.57916665,0.0062500006,0.05,0.022916667,0.10208333,0.32916665,0.07083333,0.045833334,0.20208333,0.70416665,0.025,0.42916667,0.24583334,0.041666668,0.19166666,0.25,0.09791666,0.61875,0.9583334,0.44166666,0.3375,0.7833333,0.5020833,0.4791667,0.13333334,0.13333334,0.4270833,0.05,0.25625002,0.34166667,0.08541667,0.029166667,0.21666667,0.027083334,0.047916666,0.22500001,0.14375,0.03125,0.027083334,0.110416666,0.056250002,0.4895833
BC2026_Train_0012_S03_20220211_233000_60,0.26458335,0.010416667,0.16875,0.6229167,0.49583334,0.016666668,0.80625,0.43541664,0.82500005,0.775,0.6645833,0.125,0.76458335,0.87916666,0.08333333,0.37083334,0.33749998,0.9708333,0.68333334,0.19166666,0.5416667,0.67083335,0.5916667,0.27708334,0.30625,0.75,0.0625,0.08125,0.016666668,0.37083334,0.3229167,0.12708333,0.016666668,0.020833334,0.016666668,0.041666668,0.14375,0.06875,0.03125,0.03541667,0.06041667,0.054166667,0.20416668,0.099999994,0.029166669,0.03125,0.014583334,0.035416666,0.03125,0.07083333,0.36666667,0.34166667,0.34166667,0.043750003,0.10208333,0.020833334,0.20208333,0.9479166,0.5,0.9791667,0.6541667,0.033333335,0.7083333,0.8333334,0.5625,0.045833334,0.6854167,0.15625,0.008333334,0.058333334,0.07083333,0.48958334,0.10208334,0.033333335,0.010416667,0.29583335,0.44375002,0.020833334,0.625,0.03541667,0.12916666,0.033333335,0.099999994,0.10208333,0.075,0.22500001,0.575,0.7083334,0.5854167,0.11666667,0.24166667,0.2625,0.20833333,0.035416666,0.32291666,0.14375001,0.043750003,0.06041667,0.46249998,0.22708333,0.104166664,0.03541667,0.05,0.34166664,0.36875,0.25833333,0.52708334,0.045833334,0.225,0.48541665,0.16041666,0.1,0.18541667,0.20208333,0.06875,0.108333334,0.125,0.01875,0.17083332,0.022916667,0.70208335,0.18333334,0.23958334,0.1875,0.15625,0.09583333,0.13333334,0.058333334,0.38125,0.38541666,0.0125,0.52708334,0.31666666,0.06875,0.0875,0.03125,0.19583333,0.022916667,0.0125,0.6145833,0.35833332,0.5375,0.110416666,0.24791667,0.08541667,0.058333334,0.13125,0.15833333,0.08333333,0.072916664,0.058333337,0.6958333,0.15,0.52916664,0.18125,0.25833333,0.525,0.022916667,0.31875,0.03125,0.20625,0.11458333,0.09583333,0.23333335,0.12291667,0.9604167,0.060416665,0.375,0.26041666,0.12708333,0.225,0.3125,0.09166667,0.32916665,0.114583336,0.25208333,0.05625,0.85833335,0.10208333,0.14791666,0.099999994,0.22916667,0.38125,0.34375,0.041666668,0.38125002,0.38333333,0.10416667,0.21041667,0.57708335,0.14583333,0.03125,0.92083335,0.025000002,0.08125,0.1,0.29583332,0.29583335,0.22291668,0.020833334,0.20208333,0.9479166,0.056250002,0.41458333,0.33541667,0.09583333,0.25416666,0.17916667,0.1875,0.81666666,0.99375,0.4666667,0.3875,0.8520833,0.3875,0.48125,0.16041666,0.108333334,0.49583334,0.08541667,0.27499998,0.34166667,0.016666668,0.1,0.36666667,0.05,0.079166666,0.079166666,0.18333332,0.0375,0.072916664,0.29583335,0.06041667,0.49583334
BC2026_Train_0013_S13_20220217_233000_5,0.09791667,0.18958333,0.56041664,0.9458333,0.46666667,0.225,0.60833335,0.51875,0.82708335,0.5,0.5645833,0.37708336,0.93125,0.78333336,0.64166665,0.74375,0.31875,0.4,0.65625,0.51458335,0.7145833,0.35208333,0.89375,0.16875,0.30208334,0.7895833,0.24791667,0.65625,0.225,0.34166667,0.118750006,0.20833333,0.08958333,0.07083333,0.19583334,0.15625,0.44375,0.12916666,0.1625,0.22708333,0.08958333,0.24166667,0.275,0.17083333,0.5125,0.5083333,0.3375,0.15625,0.0625,0.01875,0.33958334,0.34166667,0.32083333,0.22083333,0.1625,0.32083333,0.51666665,0.86875,0.48958334,0.6520833,0.41041666,0.56875,0.79375,0.61875,0.7895833,0.46458334,0.42708334,0.25416666,0.32083333,0.058333334,0.35208333,0.89374995,0.38958335,0.32916665,0.09375,0.6770833,0.7,0.39166665,0.7625,0.29583335,0.25416666,0.15833333,0.3625,0.51666665,0.32083333,0.21458334,0.9625,0.9145833,0.23333333,0.12916666,0.8333334,0.7583333,0.19375,0.44583336,0.54791665,0.079166666,0.15208334,0.072916664,0.75,0.35833335,0.50625,0.16874999,0.55625,0.50416666,0.72291666,0.24166667,0.27916667,0.20833334,0.66041666,0.6541667,0.9291667,0.50625,0.75625,0.65208334,0.110416666,0.54999995,0.7854167,0.24791667,0.5229167,0.33541667,0.26666668,0.6666666,0.5395833,0.42291665,0.58958334,0.24166667,0.38541666,0.4875,0.7,0.27291667,0.31458333,0.67291665,0.40625,0.45416665,0.26666668,0.12083334,0.33124998,0.55625,0.20625001,0.3375,0.43958333,0.65416664,0.52708334,0.46875,0.09166667,0.7416667,0.36874998,0.27395833,0.116666675,0.08541667,0.30833334,0.8666667,0.63958335,0.5708333,0.32916665,0.7291666,0.40208334,0.22083333,0.64166665,0.37916666,0.54791665,0.5395833,0.29166666,0.63750005,0.43958333,0.45,0.054166667,0.92291665,0.46041667,0.62083334,0.32500002,0.6125,0.44583333,0.45208335,0.25416666,0.54791665,0.36874998,0.9583334,0.31666666,0.23124999,0.38125,0.6583333,0.46666667,0.35,0.09583333,0.3333333,0.66041666,0.33541667,0.47708333,0.34791666,0.4,0.44791666,0.55625,0.80625,0.4875,0.27291667,0.4270833,0.5833334,0.36874998,0.1875,0.73541665,0.6145834,0.28541666,0.5729166,0.8958334,0.31666666,0.8041667,0.67083335,0.25208333,0.9916667,0.7791667,0.96666664,0.5395833,0.30833334,0.51458335,0.26458335,0.31041667,0.2708333,0.9166667,0.4,0.5541667,0.68125,0.67083335,0.23333335,0.74375,0.38125,0.6166667,0.23541667,0.27499998,0.50208336,0.13333334,0.40416667,0.40208334,0.6020833
BC2026_Train_0013_S13_20220217_233000_10,0.079166666,0.13125,0.5020833,0.93125,0.33333334,0.19791667,0.59791666,0.46249998,0.7708334,0.5229167,0.53333336,0.37916666,0.90833336,0.7291667,0.75625,0.75416666,0.28125,0.375,0.67291665,0.55625,0.71458334,0.42083335,0.87083334,0.15625,0.30833334,0.7395834,0.21458334,0.60625,0.15416667,0.37083334,0.13125,0.21458334,0.08125,0.06458333,0.16458334,0.14166667,0.43541667,0.12291667,0.15416667,0.22083333,0.10208333,0.24583334,0.3229167,0.18020833,0.49791664,0.48541665,0.34791666,0.108333334,0.0375,0.022916667,0.37083334,0.35208333,0.35416666,0.23541668,0.1375,0.3875,0.5229167,0.8520833,0.51875,0.7104167,0.36041665,0.5020833,0.79583335,0.6,0.86041665,0.5208334,0.49583334,0.34583336,0.34375,0.039583337,0.28750002,0.8645834,0.30833334,0.37083334,0.075,0.70624995,0.73541665,0.29583335,0.7916667,0.17916667,0.19166666,0.19375,0.26875,0.6041667,0.28541666,0.22083333,0.7270833,0.82708335,0.22916666,0.14375001,0.73749995,0.775,0.12916666,0.42499998,0.6479167,0.14166667,0.108333334,0.06666666,0.55625004,0.32708332,0.47708333,0.12916666,0.51875,0.49166667,0.80625,0.16458333,0.23125,0.18333334,0.46458334,0.6,0.8645834,0.5541667,0.7416667,0.66875,0.09583333,0.425,0.73125,0.25625,0.53541666,0.22708333,0.24166666,0.56875,0.50625,0.42291665,0.6125,0.15,0.33749998,0.43958333,0.70208335,0.28958333,0.15416667,0.61875,0.39166665,0.34895834,0.20416668,0.110416666,0.33125,0.39791667,0.15,0.32916665,0.3875,0.58124995,0.44166666,0.43333334,0.09375,0.6145834,0.30833334,0.20416668,0.114583336,0.09166667,0.33749998,0.78125,0.6145833,0.5395833,0.30416667,0.6875,0.35000002,0.20625,0.625,0.34583333,0.47083333,0.3625,0.20208333,0.5333333,0.36666667,0.39583334,0.025,0.9270833,0.41250002,0.5958333,0.2375,0.44791666,0.44166666,0.44791666,0.18333334,0.64375,0.29583335,0.9604167,0.27083334,0.22291666,0.37083334,0.65,0.5125,0.2625,0.06875,0.26041666,0.58958334,0.35000002,0.49791667,0.42291665,0.31458333,0.28541666,0.60625,0.6020833,0.33958334,0.24166667,0.38541666,0.5333333,0.27291667,0.13333333,0.69166666,0.53541666,0.21249999,0.49374998,0.8354167,0.25,0.7270833,0.67499995,0.16666666,0.9791667,0.6166667,0.9458333,0.52708334,0.22083333,0.5416667,0.2625,0.30833334,0.325,0.85833335,0.32708332,0.51875,0.6,0.66875,0.18125,0.70208335,0.34583333,0.6875,0.25625,0.19375,0.40416667,0.12291667,0.40208334,0.38333333,0.625
BC2026_Train_0013_S13_20220217_233000_15,0.12291667,0.31458333,0.8229166,0.98541665,0.3625,0.37708333,0.56041664,0.74583334,0.76666665,0.5,0.48333335,0.7166667,0.9395833,0.84583336,0.7625,0.73749995,0.48333335,0.375,0.7833333,0.65833336,0.7708334,0.5729167,0.9375,0.25833333,0.35625,0.828125,0.32708335,0.9125,0.22708333,0.5,0.121875,0.2125,0.09583333,0.09791666,0.40416667,0.14166667,0.44583333,0.1375,0.16458333,0.28541666,0.11458333,0.26666665,0.44375,0.17916667,0.5645833,0.5645833,0.41875,0.20416668,0.08125,0.045833334,0.4479167,0.45208335,0.45416665,0.2375,0.20208335,0.70416665,0.59375,0.8041667,0.67083335,0.72291666,0.6020833,0.725,0.8479167,0.6041667,0.8875,0.82708335,0.39166665,0.55,0.42291665,0.075,0.35833332,0.8729167,0.45,0.275,0.15416667,0.6958333,0.84375,0.4,0.60833335,0.18541667,0.27291667,0.1875,0.33125,0.8395833,0.4583333,0.42708334,0.7291666,0.7583333,0.29583332,0.31875002,0.8875,0.975,0.28333333,0.38125,0.64166665,0.28958333,0.13125,0.075,0.5375,0.28333333,0.42916667,0.17291667,0.5541667,0.58958334,0.95208335,0.33124998,0.32916665,0.5541667,0.47083333,0.5395833,0.7916666,0.58125,0.8729167,0.64166665,0.1625,0.425,0.8229166,0.28958333,0.53541666,0.34583333,0.2625,0.65,0.5208333,0.53125,0.79791665,0.20416667,0.46458334,0.5208333,0.76458335,0.225,0.47708333,0.79375,0.4583333,0.29791665,0.43124998,0.16458334,0.26145834,0.5604167,0.25208333,0.5729167,0.5729167,0.525,0.325,0.43541667,0.23333333,0.7395834,0.43333334,0.29791665,0.16666667,0.17916667,0.6125,0.78541666,0.62083334,0.65,0.43125,0.79791665,0.35416666,0.28333333,0.6177083,0.64374995,0.48541665,0.4125,0.27708334,0.5291667,0.44583333,0.29166666,0.079166666,0.8833333,0.4166667,0.71875,0.33125,0.41041666,0.5229167,0.48333335,0.32604167,0.80625,0.2916667,0.95416665,0.36041665,0.29791665,0.34791666,0.7010417,0.5520833,0.41458333,0.23333333,0.284375,0.625,0.62083334,0.5645833,0.42291665,0.54791665,0.28958333,0.6354166,0.60625,0.35625,0.3375,0.48958334,0.5645833,0.3125,0.2125,0.76666665,0.6270833,0.29166666,0.56666666,0.79375,0.23333333,0.6770833,0.9,0.19791666,0.9583334,0.64375,0.8958334,0.61875,0.3229167,0.6458333,0.25416666,0.35,0.44166666,0.83958334,0.52708334,0.56875,0.5916667,0.8166667,0.23541667,0.6875,0.35625,0.68125,0.33958334,0.31666666,0.6,0.20416667,0.4979167,0.51875,0.8333334
BC2026_Train_0013_S13_20220217_233000_20,0.24583334,0.56875,0.97083336,0.9625,0.475,0.5729167,0.7291667,0.9270833,0.71875,0.5,0.53125,0.97291666,0.9291667,0.9395833,0.83124995,0.71875,0.65625,0.46666667,0.93125,0.65625,0.78125,0.6541667,0.9729167,0.38958332,0.37708333,0.95416665,0.37083334,0.95625,0.37083334,0.52708334,0.18125,0.34791666,0.16458333,0.25208333,0.575,0.275,0.5375,0.17916667,0.19791667,0.3645833,0.1375,0.3,0.47916666,0.33958334,0.6145834,0.6166667,0.55,0.36666667,0.19583333,0.13333334,0.50625,0.51875,0.5208334,0.29583335,0.37291667,0.9145833,0.6479167,0.7166667,0.9166667,0.8125,0.6666666,0.88125,0.8729167,0.56666666,0.70208335,0.95625,0.47708333,0.6354166,0.5083333,0.26458332,0.59375,0.765625,0.56666666,0.33125,0.40416667,0.67083335,0.975,0.6,0.55625,0.40625,0.17916667,0.37083334,0.47291666,0.94375,0.46458334,0.7270833,0.7083333,0.7895833,0.40833333,0.27708334,0.85,1.0,0.25625,0.4895833,0.7104167,0.3375,0.27916667,0.09166667,0.43958333,0.20416667,0.4895833,0.33125,0.71875,0.70208335,0.9791667,0.40208334,0.53333336,0.82916665,0.64166665,0.75,0.8354167,0.5916667,0.9708333,0.60833335,0.24166666,0.57916665,0.88750005,0.35,0.70625,0.42916667,0.43958333,0.7729167,0.64166665,0.50416666,0.8645834,0.30625,0.59791666,0.7708334,0.975,0.30416667,0.78541666,0.70208335,0.5916667,0.47291666,0.78541666,0.52708334,0.28020835,0.87916666,0.3958333,0.7583333,0.7208333,0.33541667,0.53333336,0.32708335,0.65208334,0.8333334,0.62291664,0.46041667,0.28333333,0.27916667,0.95416665,0.80833334,0.7541667,0.64374995,0.475,0.9291667,0.475,0.40416667,0.60625005,0.8541666,0.5375,0.28541666,0.47083333,0.58125,0.69375,0.28541666,0.17708333,0.6770834,0.46249998,0.8020834,0.43958333,0.42916667,0.5958333,0.49791664,0.275,0.8666667,0.24166667,0.8875,0.5,0.49166667,0.55833334,0.93333334,0.6625,0.56666666,0.325,0.34583333,0.7833333,0.95,0.7270833,0.51458335,0.74687505,0.35625,0.65625,0.6875,0.56875,0.35,0.6375,0.6770834,0.50416666,0.37291667,0.80625,0.8333334,0.5916667,0.50416666,0.7604166,0.25833333,0.29583335,0.95416665,0.2625,0.9333333,0.71458334,0.7166667,0.91041666,0.33125,0.6479167,0.40208334,0.4375,0.53541666,0.8020833,0.60625,0.66041666,0.80833334,0.94375,0.53125,0.61875,0.5,0.7875,0.33645833,0.58125,0.7604167,0.42291665,0.5854167,0.6020833,0.94375
BC2026_Train_0013_S13_20220217_233000_25,0.2875,0.5,0.88125,0.9979167,0.5416667,0.53541666,0.5875,0.83125,0.7916666,0.5291667,0.45625,0.78541666,0.9479166,0.9270834,0.8625,0.73333335,0.54479164,0.53125,0.89166665,0.64375,0.8020834,0.57916665,0.93541664,0.28541666,0.34791666,0.9479166,0.31875,0.96875,0.36458334,0.45,0.28020835,0.41875,0.15208334,0.21666667,0.5375,0.3333333,0.5625,0.16874999,0.21458334,0.34166667,0.13333334,0.32291666,0.48541665,0.3854167,0.60833335,0.61041665,0.5854167,0.36041665,0.19166666,0.14791667,0.5395833,0.5395833,0.5375,0.27708334,0.40416667,0.9395833,0.67083335,0.7583333,0.8458333,0.8375,0.6333333,0.8854167,0.8354167,0.51874995,0.72291666,0.9458333,0.38125,0.6541667,0.46875,0.1625,0.60833335,0.79791665,0.60833335,0.36041665,0.2625,0.65625,0.99583334,0.67291665,0.7104167,0.38333333,0.3,0.575,0.48541665,0.8458333,0.46249998,0.67291665,0.90625,0.83124995,0.39791667,0.38333333,0.8229167,0.9791667,0.22916667,0.47708333,0.68125,0.30833334,0.23333333,0.09375,0.6916667,0.43541667,0.53541666,0.23750001,0.6875,0.61249995,0.9,0.45416665,0.49583334,0.675,0.6041666,0.67083335,0.88125,0.6020833,0.95000005,0.74895835,0.29895833,0.6229167,0.96875,0.30416667,0.8666667,0.49583334,0.5104166,0.7875,0.60625,0.51875,0.7875,0.40416667,0.6229167,0.7395833,0.9895834,0.35,0.6458333,0.775,0.575,0.4895833,0.64166665,0.33125,0.34375,0.8416667,0.42083335,0.6354166,0.76875,0.46875,0.6,0.45625,0.34375,0.80833334,0.49583334,0.3625,0.23333333,0.24583334,0.65,0.7916666,0.8145833,0.7791667,0.38958335,0.93333334,0.55833334,0.53541666,0.5854167,0.7583333,0.49374998,0.5229167,0.41875002,0.61041665,0.8958334,0.20208333,0.22291666,0.7916666,0.5875,0.81666666,0.45624998,0.49374998,0.64375,0.49166667,0.3375,0.80625,0.56875,1.0,0.4895833,0.53125,0.46458334,0.9895834,0.74583334,0.525,0.35625,0.38125,0.86249995,0.85625005,0.69375,0.5708333,0.71458334,0.43333334,0.7583333,0.8041667,0.5916667,0.37916666,0.56875,0.65208334,0.6166667,0.3125,0.80625,0.55625,0.475,0.57500005,0.86041665,0.45520833,0.4,0.9270834,0.3375,0.9354167,0.7729167,0.825,0.75,0.36875,0.62083334,0.29583335,0.48958334,0.4895833,0.9145833,0.47916666,0.68125,0.85625,0.81875,0.34375,0.66041666,0.42708334,0.86875,0.32291666,0.35,0.8666667,0.29999998,0.49374998,0.59583336,0.8833333
BC2026_Train_0013_S13_20220217_233000_30,0.44791666,0.5520834,0.95416665,0.975,0.7083333,0.62291664,0.625,0.9458333,0.85625,0.5229167,0.58125,0.9145833,0.9375,0.97083336,0.94375,0.75625,0.7208333,0.5208333,0.9666667,0.70416665,0.85625,0.6625,0.97291666,0.33645833,0.47500002,0.9791666,0.42916667,0.9375,0.4583333,0.44166666,0.35625,0.46458334,0.18333334,0.22291666,0.5625,0.28541666,0.56458336,0.23750001,0.31875,0.34375,0.16874999,0.3854167,0.475,0.39791667,0.625,0.625,0.56875,0.44375002,0.225,0.17291667,0.51458335,0.525,0.51875,0.34375,0.37916666,0.99375,0.67083335,0.7916667,0.87916666,0.9125,0.6958333,0.92083335,0.83124995,0.52708334,0.82916665,0.9875,0.4125,0.7229167,0.57916665,0.28958333,0.5125,0.88958335,0.69166666,0.38333333,0.18333334,0.6479167,0.9395833,0.65208334,0.7520833,0.43541664,0.40625,0.5520834,0.55625,0.6770833,0.69166666,0.7104167,0.9708333,0.8208333,0.49791667,0.4125,0.9083333,0.96875,0.2125,0.48333332,0.78541666,0.4375,0.3,0.11666666,0.77708334,0.37916666,0.55625,0.41041666,0.72291666,0.57708335,0.98541665,0.35208333,0.5416666,0.82916665,0.55,0.6375,0.9166667,0.5729167,0.9708333,0.79791665,0.4,0.5875,0.95625,0.31458333,0.82500005,0.5375,0.6979166,0.8645833,0.57708335,0.59375,0.9604167,0.51875,0.5229167,0.7708334,0.94375,0.25208333,0.73541665,0.73125005,0.55625,0.52708334,0.47708333,0.6270833,0.325,0.8333334,0.3875,0.7395834,0.61041665,0.44583333,0.5875,0.5104167,0.6020833,0.865625,0.58958334,0.35833332,0.23125,0.4479167,0.49583334,0.80833334,0.8041667,0.85625005,0.4895833,0.9,0.5958333,0.50625,0.64374995,0.89166665,0.4895833,0.5604167,0.41458333,0.7104167,0.70208335,0.44791666,0.17708333,0.7895833,0.62083334,0.82500005,0.46458334,0.51666665,0.6458333,0.51666665,0.42916667,0.8666667,0.5854167,0.99583334,0.5208333,0.78125,0.4791667,0.9395833,0.74583334,0.6,0.27916667,0.36875,0.8666667,0.7104167,0.7052083,0.63958335,0.6354166,0.56875,0.76666665,0.8833333,0.525,0.45833334,0.4875,0.63958335,0.49166667,0.37916666,0.84375,0.5083333,0.56666666,0.53125,0.8145833,0.3229167,0.5083333,0.9604167,0.2916667,0.95,0.8166667,0.85625,0.7916666,0.42291665,0.64166665,0.27916667,0.425,0.76458335,0.9041667,0.54791665,0.63750005,0.825,0.8854166,0.30625,0.7458333,0.4875,0.89375,0.4583333,0.32916668,0.8416667,0.3375,0.41041666,0.65833336,0.85
BC2026_Train_0013_S13_20220217_233000_35,0.30833334,0.33541667,0.7791667,0.9791666,0.59166664,0.4895833,0.5541667,0.8645834,0.85,0.52916664,0.63125,0.76458335,0.9479166,0.93125,0.87083334,0.8125,0.5395833,0.48333332,0.7270833,0.64166665,0.8229166,0.52708334,0.8875,0.30208334,0.41041666,0.91041666,0.41041666,0.9166666,0.30416667,0.36041665,0.25416666,0.29375,0.15,0.15416667,0.40833333,0.2125,0.5125,0.20625,0.31458333,0.30833334,0.1625,0.38958332,0.40625,0.275,0.56666666,0.56666666,0.53333336,0.36041665,0.17708333,0.13958333,0.44375,0.4375,0.43541667,0.32708335,0.32916665,0.94375,0.64375,0.80833334,0.71875,0.8375,0.64166665,0.91041666,0.79583335,0.5375,0.9020833,0.9625,0.37083334,0.62291664,0.5104166,0.19166666,0.45208332,0.9083333,0.6666666,0.38125002,0.15625,0.65,0.8729167,0.5416667,0.71458334,0.4375,0.34791666,0.50416666,0.60625,0.75416666,0.53125,0.46458334,0.93125,0.87083334,0.525,0.31875002,0.83958334,0.9375,0.23541668,0.4270833,0.67083335,0.27708334,0.17916667,0.14375,0.77708334,0.3625,0.5375,0.41458333,0.65208334,0.49583334,0.9625,0.3333333,0.48333335,0.63958335,0.7083333,0.60833335,0.95,0.5083333,0.94166666,0.8125,0.32083333,0.52708334,0.93125,0.2875,0.7541667,0.44583333,0.4895833,0.8104167,0.5604167,0.56458336,0.9395833,0.42083335,0.45208332,0.7520833,0.8854166,0.16666667,0.4625,0.7791667,0.4875,0.49583334,0.52708334,0.3333333,0.23333333,0.79791665,0.34166667,0.625,0.62083334,0.47708333,0.61249995,0.5854167,0.25416666,0.8354167,0.5958333,0.47708333,0.22083333,0.27916667,0.72291666,0.82916665,0.8020834,0.8333333,0.38125002,0.8729167,0.5020833,0.48125,0.62395835,0.775,0.40625,0.4583333,0.44375,0.6458334,0.61041665,0.25833333,0.110416666,0.85,0.59375,0.81875,0.54791665,0.47083336,0.6020833,0.5229167,0.5229167,0.9041667,0.57500005,0.9916667,0.52708334,0.44375,0.5125,0.87083334,0.70416665,0.6291667,0.35625,0.33125,0.79791665,0.6666666,0.65625,0.53125,0.61041665,0.66041666,0.67083335,0.8145833,0.49583334,0.45416665,0.5833334,0.63958335,0.46666667,0.25208333,0.8875,0.6875,0.41458333,0.6041667,0.79375005,0.36875,0.5416666,0.83125,0.2875,0.9875,0.80625,0.86875,0.6979166,0.34791666,0.6166667,0.25833333,0.47291666,0.5875,0.93125,0.4895833,0.6333333,0.8208333,0.8104167,0.48541665,0.7791667,0.45416665,0.9,0.44583333,0.36041665,0.73333335,0.33958334,0.43333334,0.54375005,0.8458333
BC2026_Train_0013_S13_20220217_233000_40,0.24583334,0.46041667,0.8645833,0.9791667,0.45416668,0.4895833,0.53541666,0.77708334,0.86875,0.5,0.5229167,0.71875,0.95000005,0.92083335,0.92083335,0.8125,0.49375,0.41041666,0.66875005,0.58958334,0.8458333,0.5208333,0.92083335,0.36041665,0.3875,0.8854167,0.38958335,0.8854166,0.26666665,0.39583334,0.17708333,0.25208333,0.13125001,0.1625,0.4875,0.18125,0.4708333,0.18333334,0.23333333,0.30625,0.15,0.32291666,0.4375,0.25208333,0.57708335,0.57708335,0.5833333,0.38333336,0.16875,0.11875,0.46041667,0.45625,0.4583333,0.27708334,0.36041665,0.9875,0.66875,0.8,0.82916665,0.8541666,0.5625,0.85625,0.84791666,0.51874995,0.8333333,0.9458333,0.45208332,0.6020833,0.54791665,0.08958333,0.41875,0.85,0.6020833,0.315625,0.16875,0.6145834,0.8104167,0.57916665,0.70416665,0.32291666,0.32916668,0.29791668,0.52708334,0.7083333,0.58958334,0.42916667,0.88125,0.8458333,0.37291667,0.2125,0.875,0.95208335,0.15625,0.40625,0.6375,0.21875,0.20833334,0.099999994,0.8229167,0.3625,0.46666667,0.26041666,0.6229167,0.5395833,0.86041665,0.33333334,0.4395833,0.6,0.5729167,0.6333333,0.9708333,0.4895833,0.9291667,0.71875,0.19583334,0.52708334,0.8625,0.28750002,0.6770833,0.44583333,0.4041667,0.7708334,0.56458336,0.42291665,0.8,0.25625,0.43333334,0.6791667,0.8770833,0.15,0.5104167,0.6645833,0.46458334,0.43333334,0.35625,0.19791666,0.26458335,0.7520833,0.33958334,0.6166667,0.55,0.4583333,0.56875,0.5208334,0.23333333,0.65208334,0.49583334,0.37291667,0.19583333,0.26666668,0.48749998,0.73749995,0.76250005,0.75416666,0.3375,0.85625,0.47083336,0.39375,0.61041665,0.7416667,0.42291665,0.4270833,0.34791666,0.56875,0.5229167,0.2125,0.07916667,0.8104167,0.584375,0.6895833,0.46250004,0.4354167,0.64375,0.4875,0.3020833,0.81875,0.425,0.9791667,0.5291667,0.44375002,0.38333333,0.80833334,0.6479167,0.48125002,0.28541666,0.32083336,0.7083333,0.75625,0.68125,0.48229167,0.58124995,0.5395833,0.7104167,0.87083334,0.4625,0.39166665,0.48333335,0.62916666,0.36666667,0.28541666,0.85625,0.425,0.33541667,0.50625,0.7416667,0.42291668,0.51875,0.875,0.23958334,0.9895834,0.82916665,0.8041667,0.76458335,0.25625,0.68333334,0.26250002,0.4125,0.6958333,0.94166666,0.48125,0.64166665,0.765625,0.76875,0.2875,0.75625,0.38333333,0.8645834,0.35208333,0.28541666,0.65,0.24791667,0.36041665,0.4979167,0.9
BC2026_Train_0013_S13_20220217_233000_45,0.27708334,0.56875,0.96875,0.94375,0.5208333,0.5645833,0.6583333,0.90208334,0.75625,0.47708333,0.6270833,0.96875,0.93125,0.9479166,0.9145833,0.76458335,0.64375,0.3125,0.85,0.67291665,0.8208333,0.625,0.8854167,0.5604167,0.43958333,0.94375,0.5104166,0.94166666,0.37708333,0.475,0.21458334,0.36666667,0.24583334,0.30833334,0.59375,0.28958333,0.48125,0.20208333,0.27083334,0.375,0.24583334,0.33958334,0.50416666,0.32708335,0.66875,0.6791667,0.6229167,0.51875,0.27291667,0.2,0.54375,0.54583335,0.55,0.34166667,0.45416665,0.9979167,0.69166666,0.6625,0.95416665,0.76666665,0.55,0.8958334,0.85625005,0.4875,0.70208335,0.9875,0.46041667,0.725,0.59791666,0.17291667,0.43958336,0.76875,0.475,0.3375,0.3375,0.61041665,0.9708333,0.6479167,0.5333333,0.38958335,0.49583334,0.53333336,0.55,0.8791667,0.56041664,0.7104167,0.68125,0.8,0.2604167,0.26041666,0.8,0.99375,0.15625,0.48541665,0.6541667,0.35208333,0.35833335,0.14166667,0.5708333,0.18958333,0.45,0.3333333,0.73541665,0.6458334,0.94166666,0.32083333,0.32916668,0.8125,0.54583335,0.6666667,0.85625005,0.48125,0.9625,0.5958333,0.2,0.57708335,0.8958333,0.28958333,0.7083334,0.63958335,0.56666666,0.8541666,0.6354166,0.50312495,0.85833335,0.29791668,0.47500002,0.68333334,0.9625,0.23333333,0.81875,0.48333332,0.5708333,0.46458334,0.74375,0.39375,0.26041666,0.94375,0.33229166,0.6875,0.49166667,0.33958334,0.4395833,0.39791667,0.63125,0.8666667,0.53125,0.43958333,0.24583334,0.55625,0.7416667,0.66875,0.79999995,0.625,0.5260417,0.9,0.47500002,0.33124998,0.58125,0.94375,0.44166666,0.23958333,0.3854167,0.625,0.64166665,0.30624998,0.1125,0.55625,0.51458335,0.8083333,0.37083334,0.44583333,0.6125,0.4895833,0.19166666,0.82916665,0.28333333,0.8041667,0.49374998,0.66041666,0.50416666,0.9770833,0.6458334,0.43333334,0.34375,0.31041667,0.70625,0.82708335,0.7916666,0.4895833,0.69375,0.6270833,0.45208332,0.70000005,0.51666665,0.33749998,0.3697917,0.6854167,0.38541666,0.40833333,0.78125,0.37916666,0.39166668,0.5645833,0.6791667,0.29583335,0.37708333,0.95208335,0.22291666,0.9166666,0.71458334,0.63958335,0.78125,0.28125,0.6875,0.40208334,0.35208333,0.7833333,0.77708334,0.5729167,0.63958335,0.6770834,0.90416664,0.21041667,0.5645833,0.45625,0.80833334,0.40625,0.35625,0.7604166,0.28125,0.3875,0.6020833,0.96458334
BC2026_Train_0013_S13_20220217_233000_50,0.23541667,0.575,0.9270834,0.9458333,0.44166666,0.49166667,0.55,0.8104167,0.6333333,0.48333335,0.68125,0.89374995,0.9041667,0.8979167,0.8354167,0.7520833,0.5333333,0.33958334,0.69375,0.57708335,0.76874995,0.7125,0.8833333,0.625,0.5125,0.8645833,0.49583334,0.9583334,0.34166667,0.5208333,0.20416667,0.34375,0.25,0.26041666,0.5729167,0.29583332,0.4875,0.19375,0.225,0.35625,0.2625,0.31875,0.5125,0.30625,0.66875,0.6822917,0.6354166,0.5395833,0.22708334,0.17500001,0.5375,0.5416666,0.53541666,0.37083334,0.45416665,0.9583333,0.63750005,0.5104166,0.8854167,0.61875,0.58125,0.85,0.79999995,0.45,0.6145834,0.95416665,0.40416667,0.6458334,0.43125,0.13333334,0.50208336,0.575,0.58958334,0.32916665,0.37708333,0.60625,0.99583334,0.7416667,0.63958335,0.2375,0.33333334,0.6229167,0.61041665,0.74375,0.5375,0.775,0.8854166,0.87083334,0.30624998,0.33125,0.71458334,0.95624995,0.09791666,0.40833333,0.44583333,0.24375,0.32708332,0.21041667,0.82708335,0.22083333,0.48541665,0.334375,0.76250005,0.65625,0.95,0.45208335,0.3375,0.79791665,0.6979166,0.60833335,0.94166666,0.5104167,0.975,0.62083334,0.1875,0.63125,0.9791666,0.24374999,0.9083333,0.7166667,0.5125,0.8541666,0.6666667,0.5729166,0.82500005,0.38333333,0.35833335,0.6666667,0.99583334,0.20208332,0.66875005,0.57708335,0.49374998,0.64375,0.9,0.25833333,0.19791667,0.95416665,0.36041668,0.5645833,0.46666667,0.3875,0.5375,0.43125,0.43124998,0.79583335,0.6,0.5520833,0.24583334,0.4,0.8145833,0.6375,0.83958334,0.65625,0.703125,0.9479166,0.5520834,0.41875,0.5354167,0.7479167,0.46875,0.30416667,0.3333333,0.8958334,0.86041665,0.15,0.09583333,0.4875,0.578125,0.82916665,0.5125,0.50625,0.70625,0.5541667,0.23645833,0.8020833,0.30208334,0.73125,0.5395833,0.5875,0.65,1.0,0.73333335,0.5020833,0.39999998,0.32916668,0.85833335,0.8854166,0.6541667,0.45416668,0.8,0.65625,0.6,0.75416666,0.6854167,0.40833333,0.5729167,0.6958333,0.38125002,0.26666665,0.8145833,0.42916667,0.27916667,0.7583333,0.74583334,0.35208333,0.45208335,0.8729167,0.24583334,0.95208335,0.75,0.62083334,0.82916665,0.34791666,0.6333333,0.42708334,0.5104167,0.625,0.79583335,0.44583336,0.6770834,0.8229167,0.86041665,0.24166667,0.46249998,0.5291667,0.875,0.32083333,0.37291667,0.7916666,0.2625,0.40625,0.5916667,0.94375
BC2026_Train_0013_S13_20220217_233000_55,0.375,0.60625,0.95208335,0.9145833,0.6375,0.7416667,0.63125,0.8875,0.7270833,0.5020833,0.58958334,0.94375,0.91041666,0.94375,0.95416665,0.86249995,0.5729167,0.53125,0.76458335,0.64375,0.83125,0.77708334,0.9479167,0.51979166,0.7083333,0.95416665,0.62083334,0.95416665,0.58958334,0.72291666,0.32708335,0.5229167,0.35208333,0.29166666,0.5958333,0.3854167,0.53541666,0.20833334,0.4375,0.37916666,0.2625,0.4375,0.53541666,0.4583333,0.68125,0.68125,0.625,0.59791666,0.33333334,0.21041666,0.5645833,0.5645833,0.56666666,0.5208333,0.45416665,0.9625,0.61875,0.5875,0.8958334,0.73749995,0.52708334,0.8770833,0.825,0.51458335,0.7104167,0.9666667,0.47083333,0.7291667,0.65625,0.38125,0.59791666,0.79583335,0.58958334,0.41875002,0.34583333,0.6479167,0.98333335,0.7104167,0.56875,0.41875,0.48541668,0.5083333,0.6270833,0.76666665,0.7270833,0.78541666,0.8979167,0.9458333,0.4875,0.425,0.82916665,0.98541665,0.33125,0.5208333,0.80625,0.44166666,0.34375,0.22500001,0.9916667,0.54791665,0.5375,0.48541665,0.7416667,0.6458333,0.87083334,0.45625,0.53125,0.8375,0.6333333,0.7395834,0.9083333,0.64166665,0.92499995,0.5604167,0.35208333,0.65208334,0.93333334,0.37916666,0.79583335,0.6270833,0.6020833,0.8645834,0.61875,0.6145834,0.8708333,0.41250002,0.62083334,0.80833334,0.9791667,0.27916664,0.7739583,0.78125,0.59375,0.8020834,0.7791667,0.58958334,0.35,0.85,0.5125,0.6166667,0.47708333,0.5708333,0.56875,0.53125,0.71458334,0.82708335,0.5833333,0.48125,0.25208333,0.6770833,0.6583333,0.7916666,0.82708335,0.8125,0.8229167,0.93125,0.55625,0.55625,0.675,0.8979167,0.5104167,0.6791667,0.47708333,0.6458334,0.76250005,0.3854167,0.2375,0.60625,0.56041664,0.8125,0.525,0.7166667,0.64375,0.47291666,0.3375,0.8020834,0.5104166,0.84375,0.51458335,0.7166667,0.55625,0.97291666,0.7520833,0.54583335,0.55625,0.39375,0.81875,0.8541666,0.7416667,0.47083333,0.70416665,0.51458335,0.8979167,0.95208335,0.62291664,0.48125002,0.5854167,0.65625,0.39791667,0.45,0.86041665,0.54791665,0.5520833,0.7604166,0.90625,0.45208335,0.8375,0.95,0.34375,0.9979167,0.85833335,0.6958333,0.7416667,0.49791664,0.6229167,0.3958333,0.39791667,0.6895833,0.875,0.7083333,0.6979166,0.75,0.87916666,0.40208334,0.7291666,0.5229167,0.9041667,0.46666664,0.49791667,0.85833335,0.39791667,0.56875,0.7166667,0.90208334
BC2026_Train_0013_S13_20220217_233000_60,0.34166667,0.6041667,0.97291666,0.90625,0.6458333,0.6625,0.6979167,0.88125,0.82708335,0.55833334,0.6791667,0.9645833,0.9145833,0.95624995,0.9729167,0.8375,0.5875,0.525,0.88750005,0.73541665,0.8854166,0.8145833,0.8958334,0.62708336,0.65625,0.8958334,0.54375,0.95000005,0.4125,0.62083334,0.3854167,0.49375,0.5625,0.45625,0.6,0.4125,0.5916667,0.24791667,0.5541667,0.425,0.44375002,0.56875,0.5520834,0.43125,0.73541665,0.73541665,0.65,0.62083334,0.37708333,0.22916666,0.5604167,0.5604167,0.5645833,0.7104167,0.47291666,0.9041667,0.65,0.5520833,0.8041667,0.6958333,0.53333336,0.86249995,0.8354167,0.5333333,0.71875,0.92291665,0.53125,0.66041666,0.52708334,0.39166668,0.6854167,0.82500005,0.6895833,0.49375,0.36874998,0.6875,0.98333335,0.8020834,0.546875,0.5916667,0.6166667,0.61041665,0.70624995,0.70416665,0.65625,0.9083333,0.90625,0.9125,0.59791666,0.49791664,0.8083333,0.9604167,0.52708334,0.5729167,0.70416665,0.52708334,0.69375,0.32708332,0.9333333,0.6041666,0.6458333,0.58958334,0.78125,0.6895833,0.7166667,0.6041666,0.5729167,0.64375,0.6583333,0.81875,0.93125,0.6020833,0.93125,0.6229167,0.43958336,0.6895833,0.91041666,0.41041666,0.81875,0.7791667,0.6145834,0.9395833,0.6895833,0.62916666,0.8333334,0.6979166,0.78125,0.82708335,0.99583334,0.33958334,0.82916665,0.8729167,0.6145834,0.73541665,0.79791665,0.725,0.40833336,0.9458333,0.6020833,0.63958335,0.6229167,0.5104167,0.6979166,0.50416666,0.625,0.81875,0.6541667,0.6354167,0.37916666,0.7833333,0.7729167,0.8875,0.84791666,0.8666667,0.80833334,0.9479166,0.6333333,0.59375,0.69166666,0.81875,0.59166664,0.79791665,0.53541666,0.92291665,0.85833335,0.41041666,0.3,0.71458334,0.64166665,0.8729167,0.5875,0.8083333,0.6541667,0.5125,0.6322917,0.7916666,0.7291666,0.76458335,0.5729167,0.82500005,0.7270833,0.9666667,0.7833333,0.6,0.55625,0.44166666,0.8416667,0.9270833,0.69166666,0.49375,0.76458335,0.6645833,0.9583334,0.9041667,0.68333334,0.64374995,0.65,0.6791667,0.63750005,0.47708333,0.85,0.73125,0.5291667,0.7833333,0.9458333,0.65416664,0.69166666,0.9375,0.38541666,0.98333335,0.9083333,0.7229167,0.81875,0.56875,0.5208333,0.39166665,0.5625,0.7625,0.9083333,0.82500005,0.8041667,0.72291666,0.8854167,0.5875,0.79583335,0.55625,0.89374995,0.425,0.65416664,0.93333334,0.50625,0.6458334,0.70625,0.94375
BC2026_Train_0014_S13_20220228_214500_5,0.16041666,0.112500004,0.64375,0.58125,0.98333335,0.8229167,0.76458335,0.59791666,0.9625,0.17708334,0.4895833,0.6458334,0.946875,0.1625,0.9458333,1.0,0.9395833,0.48333335,0.7895833,0.86875,0.93125,0.73125,0.7875,0.26041666,0.9270834,0.68333334,0.77708334,0.16458333,0.6,0.65,0.10416667,0.52916664,0.079166666,0.09791666,0.34166667,0.33333334,0.27395833,0.022916667,0.110416666,0.077083334,0.087500006,0.06666666,0.26875,0.52708334,0.079166666,0.06666667,0.07083333,0.17708333,0.052083336,0.039583333,0.20208333,0.284375,0.275,0.21875,0.12708333,0.60833335,0.43333334,0.5875,0.4125,0.8458333,0.6270833,0.82708335,0.9666667,0.9270834,0.76666665,0.26875,0.18958333,0.6479167,0.26041666,0.61041665,0.5,0.90208334,0.47083333,0.9979167,0.1375,0.5604167,0.6770833,0.38541666,0.54583335,0.51875,0.5729167,0.7114583,0.45416665,0.51666665,0.9166666,0.29583332,0.9166666,1.0,0.81458336,0.9416667,0.9166667,0.26875,0.7104167,0.2708333,0.7208333,0.6375,0.43958333,0.022916667,0.82916665,0.32708332,0.30833334,0.63750005,0.6229167,0.2625,0.110416666,0.69375,0.4125,0.42083332,0.8770833,0.325,0.78541666,0.53125,0.8958334,0.8520833,0.94375,0.31666666,0.5229167,0.32916665,0.81875,0.31458333,0.17291667,0.39166665,0.4708333,0.615625,0.55625,0.54583335,0.38125002,0.93125,0.7,0.31458333,0.25833333,0.9791666,0.23333332,0.5958333,0.60833335,0.7208333,0.29791668,0.49375,0.95000005,0.054166667,0.95624995,0.26041666,0.95416665,0.75416666,0.027083334,0.78125,0.4375,0.24166667,0.17291667,0.5125,0.65,0.47291666,0.5833334,0.40208334,0.6,0.40833333,0.45416665,0.59166664,0.6895833,0.55625,0.26458332,0.95208335,0.8541666,0.38750002,0.6229167,0.43958336,0.15208334,0.38333333,0.73541665,0.39166665,0.34583333,0.42708334,0.38958332,0.3125,0.5104167,0.3541667,0.8708333,0.94166666,0.54583335,0.14583333,0.3645833,0.32916668,0.7916667,0.40625,0.36874998,0.67291665,0.25625,0.8729167,0.5395833,0.49583334,0.9354167,0.42708334,0.40416667,0.42083335,0.5333333,0.5645833,0.60625005,0.5229167,0.67291665,0.31458333,0.44375002,0.71458334,0.55833334,0.73541665,0.5604167,0.40416664,0.10208333,0.4375,0.875,0.5729167,0.31666666,0.41666666,0.5083333,0.98541665,0.30208334,0.16666667,0.66875005,0.6958333,0.8770833,0.15416667,0.45,0.20625,0.8708333,0.72291666,0.7583333,0.40833333,0.5708333,0.3958333,0.5645833,0.3854167,0.9458333,0.87291664,0.9,0.38541666
BC2026_Train_0014_S13_20220228_214500_10,0.14583333,0.11666667,0.6479167,0.5083333,1.0,0.8666667,0.75416666,0.67499995,0.9604167,0.12708333,0.45000002,0.7,0.9416667,0.2375,0.77708334,0.99583334,0.9875,0.5916667,0.7572917,0.95208335,0.98125005,0.80833334,0.8645833,0.18958333,0.8729167,0.82916665,0.725,0.28750002,0.81041664,0.7,0.118750006,0.56666666,0.077083334,0.110416666,0.2604167,0.4270833,0.18541667,0.01875,0.14583334,0.13541666,0.0625,0.1,0.22916666,0.6375,0.07291667,0.06041667,0.054166667,0.14166667,0.06875,0.0375,0.21458334,0.28750002,0.27916667,0.18958333,0.1375,0.6770834,0.46666667,0.61875,0.5854167,0.90208334,0.62291664,0.8854167,0.95624995,0.9604167,0.79583335,0.2875,0.22083335,0.49166667,0.25416666,0.6354166,0.6145834,0.88125,0.30833334,0.9583334,0.1375,0.46458334,0.6854167,0.3333333,0.60625,0.55833334,0.54791665,0.67083335,0.36041665,0.6166667,0.85,0.3645833,0.44166666,0.9770833,0.76458335,0.9041667,0.925,0.29583335,0.55625,0.19999999,0.7833333,0.6645833,0.47083333,0.0125,0.6208333,0.24583334,0.31041667,0.41875,0.54375,0.25625,0.14583333,0.4583333,0.39791667,0.6125,0.67291665,0.36875,0.58958334,0.48125,0.81666666,0.82500005,0.9291667,0.26666665,0.5854167,0.3875,0.9354167,0.2625,0.14166667,0.17916667,0.4583333,0.47291666,0.68125,0.52708334,0.49166667,0.95000005,0.63958335,0.32916665,0.32916668,0.9583334,0.17708334,0.46458334,0.52500004,0.79999995,0.40416667,0.33958334,0.8854167,0.15208334,0.76458335,0.20625001,0.925,0.6854167,0.025000002,0.6979166,0.40208334,0.22916667,0.10208334,0.5833334,0.6166667,0.39791667,0.47916666,0.36458334,0.5677083,0.35416666,0.36666667,0.6375,0.68125,0.6479167,0.18333334,0.96458334,0.76458335,0.33333334,0.47916666,0.25625,0.19166666,0.41875,0.7416667,0.3333333,0.24791667,0.56666666,0.37916666,0.21458334,0.39791664,0.39166665,0.8416667,0.9395833,0.48333332,0.21666667,0.3125,0.3875,0.7875,0.34791666,0.3875,0.5875,0.33958334,0.80833334,0.6333333,0.45,0.9125,0.38333333,0.48958334,0.36041665,0.4625,0.55,0.5875,0.5416667,0.6375,0.38125,0.35416666,0.64375,0.50416666,0.57500005,0.51666665,0.425,0.1625,0.5395833,0.90208334,0.4666667,0.225,0.24375,0.48541665,0.9791666,0.30416667,0.110416666,0.52708334,0.6666666,0.76666665,0.28541666,0.43333334,0.15208334,0.9375,0.5708333,0.81875,0.3375,0.60625,0.45625,0.56875,0.375,0.7166667,0.75625,0.8145833,0.33125
BC2026_Train_0014_S13_20220228_214500_15,0.16874999,0.0875,0.6541667,0.44791666,0.9875,0.64166665,0.79583335,0.675,0.984375,0.12916666,0.42083335,0.53125,0.98125005,0.19583334,0.44791666,0.96875,0.990625,0.62708336,0.78125,0.92499995,0.9583333,0.80833334,0.83125,0.15833333,0.73125005,0.8041667,0.6645833,0.16458334,0.38333333,0.47916666,0.087500006,0.4625,0.06458333,0.07083333,0.24583334,0.29583335,0.13333333,0.010416667,0.08125,0.06875,0.041666668,0.06041667,0.17916667,0.4479167,0.052083336,0.033333335,0.041666668,0.12916666,0.039583333,0.027083334,0.17916667,0.25416666,0.24791667,0.16875,0.10625,0.6125,0.45208335,0.6479167,0.39166665,0.93125,0.59791666,0.8770833,0.9791667,0.97291666,0.75,0.18333334,0.22291666,0.17291667,0.17083333,0.25208333,0.4895833,0.91041666,0.28333333,0.73125005,0.08541667,0.4375,0.575,0.3333333,0.875,0.5083333,0.5416666,0.6125,0.27291667,0.57708335,0.79791665,0.24791667,0.55833334,0.9270834,0.42916667,0.97291666,0.93333334,0.25833333,0.40833333,0.25208333,0.6541667,0.53125,0.4270833,0.014583334,0.73333335,0.19791666,0.24583334,0.41458333,0.32083333,0.27291667,0.08958333,0.3958333,0.34375,0.4791667,0.7583333,0.39791667,0.59375,0.27083334,0.9166667,0.7395834,0.95208335,0.31458333,0.40833333,0.3645833,0.85625005,0.25833333,0.110416666,0.09166667,0.44166666,0.6333333,0.40625,0.40833333,0.30416667,0.81666666,0.7395834,0.35,0.1375,0.9791666,0.16458333,0.48333332,0.5854167,0.88125,0.49374998,0.2916667,0.6229167,0.08541667,0.7104167,0.12291667,0.9625,0.55,0.010416667,0.8458333,0.38125,0.21458334,0.033333335,0.34791666,0.51875,0.37083334,0.5083333,0.21458334,0.3625,0.31041667,0.39791667,0.5541667,0.61249995,0.6770834,0.112500004,0.9479167,0.6375,0.425,0.3375,0.17916667,0.09375,0.44583333,0.77708334,0.17708333,0.15833333,0.5208333,0.35208333,0.40625,0.43541664,0.22916667,0.8729167,0.9770833,0.475,0.13541666,0.32708332,0.33541667,0.71458334,0.33749998,0.29166666,0.46666667,0.2708333,0.75,0.59791666,0.35208333,0.91041666,0.34166667,0.57916665,0.36041665,0.47083333,0.49791664,0.5083333,0.58124995,0.47291666,0.37083334,0.33125,0.5416666,0.43958333,0.53125,0.55833334,0.35625,0.083333336,0.26666668,0.88958335,0.3625,0.20625,0.34166667,0.49791664,0.9583334,0.3020833,0.08333333,0.4979167,0.553125,0.8854166,0.12708333,0.39999998,0.099999994,0.90208334,0.45416665,0.7791667,0.20833334,0.54999995,0.34166667,0.51666665,0.4166667,0.575,0.72291666,0.6854167,0.33958334
BC2026_Train_0014_S13_20220228_214500_20,0.26458335,0.14166667,0.68125,0.49166667,0.9916667,0.6895833,0.8104167,0.74375,0.99375,0.15625,0.39999998,0.5416667,1.0,0.47916666,0.7583333,0.9614583,0.9864583,0.81875,0.7270833,0.95208335,0.9625,0.72291666,0.8229166,0.38541666,0.6770834,0.85625,0.69375,0.2875,0.34583333,0.5208334,0.21041666,0.52708334,0.07291667,0.10416667,0.4166667,0.309375,0.2,0.043750003,0.16458333,0.10416667,0.08958334,0.14166667,0.35208333,0.47083333,0.08541667,0.072916664,0.08333333,0.1875,0.12708333,0.08958334,0.38958335,0.42291665,0.41875,0.21875,0.18958333,0.84166664,0.4875,0.61041665,0.39375,0.9770833,0.65625,0.9625,0.99583334,0.93125,0.8020834,0.2125,0.29583335,0.3,0.21875,0.375,0.54791665,0.9625,0.40833333,0.8979167,0.043750003,0.3333333,0.625,0.31666666,0.82916665,0.3229167,0.6666667,0.6875,0.30833334,0.42291665,0.9604167,0.21875,0.88125,0.95625,0.42916664,0.90208334,0.9708333,0.275,0.46875,0.19166666,0.75,0.38333333,0.47916666,0.025,0.86041665,0.3541667,0.34583333,0.675,0.29375,0.2708333,0.12083334,0.60833335,0.3645833,0.53125,0.8416667,0.37291667,0.69375,0.23541667,0.9625,0.5833334,0.9395833,0.43125004,0.41458333,0.41458333,0.7895833,0.38541666,0.16458333,0.13125,0.44166666,0.40208334,0.32916665,0.40208334,0.2625,0.56666666,0.7104167,0.37291667,0.16666667,0.99583334,0.08125,0.5291667,0.61249995,0.90208334,0.29166666,0.7916666,0.7520833,0.116666675,0.82916665,0.28541666,0.9375,0.67083335,0.06458333,0.8375,0.28750002,0.25208333,0.058333334,0.44166666,0.57708335,0.47708333,0.6791667,0.32083333,0.35833335,0.34166667,0.30625,0.53541666,0.675,0.6958333,0.25,0.93125,0.5104166,0.37291664,0.41875,0.14166667,0.08333333,0.5020833,0.73333335,0.18541667,0.22291666,0.49374998,0.34583336,0.5020833,0.4166667,0.21875,0.85,0.9708333,0.4166667,0.20833334,0.24374999,0.375,0.81875,0.4375,0.26458332,0.5104167,0.45,0.89166665,0.6458333,0.60625,0.8416667,0.38125,0.75,0.5520833,0.375,0.40416667,0.55625,0.5020833,0.35,0.26666665,0.4375,0.69166666,0.7895833,0.525,0.43958333,0.328125,0.16041666,0.22291666,0.91041666,0.4791667,0.36875,0.6020833,0.6645833,0.90208334,0.31875,0.07916667,0.3875,0.5229167,0.8416667,0.16666667,0.4479167,0.125,0.97291666,0.6458334,0.88125,0.20625,0.53541666,0.3229167,0.6791667,0.5375,0.5729166,0.74583334,0.7083334,0.2875
BC2026_Train_0014_S13_20220228_214500_25,0.23541667,0.15833333,0.73749995,0.6229167,0.9791667,0.86249995,0.79375,0.7,1.0,0.26458332,0.48541665,0.6958333,0.99375,0.45,0.88125,0.98125005,0.96875,0.6802083,0.6645833,0.8666667,0.95416665,0.72291666,0.75416666,0.38333333,0.76874995,0.8458333,0.7125,0.21666667,0.70208335,0.62916666,0.27916667,0.65208334,0.09375,0.125,0.46666664,0.4375,0.20625001,0.06666666,0.17291667,0.19166666,0.125,0.13333333,0.42083335,0.62083334,0.14791667,0.108333334,0.11666667,0.18541667,0.13125001,0.09791666,0.41250002,0.44791666,0.45833334,0.275,0.30416667,0.8,0.525,0.5875,0.35833335,0.9375,0.6791667,0.92291665,0.98125005,0.975,0.7479167,0.23749998,0.3125,0.525,0.24166666,0.70624995,0.72083336,0.98125005,0.5604167,0.98125,0.09583333,0.48125,0.575,0.36041665,0.65,0.50416666,0.8645834,0.75625,0.48749998,0.47083333,0.98333335,0.26041666,0.8166667,0.98125005,0.7708333,0.7895833,0.9708333,0.37083334,0.6,0.26041666,0.75625,0.48541665,0.7520833,0.03125,0.8354167,0.48333335,0.32916665,0.63750005,0.57708335,0.24583334,0.04791667,0.67499995,0.4625,0.4875,0.9020833,0.30833334,0.79791665,0.38125,0.9145833,0.65,0.9020833,0.40208334,0.41875,0.35833335,0.6770834,0.5875,0.09583333,0.27291667,0.45416665,0.51875,0.60625,0.5395833,0.35000002,0.9041667,0.73333335,0.30833334,0.225,0.99375,0.10625,0.52708334,0.56458336,0.78541666,0.24583334,0.7791667,0.8520833,0.11458333,0.875,0.22291666,0.9604167,0.8020834,0.05625,0.7208333,0.37916666,0.3,0.116666675,0.45208335,0.42916667,0.69375,0.78125,0.40208334,0.8041667,0.37708336,0.43958333,0.48958334,0.7166667,0.5625,0.31666666,0.93125,0.61041665,0.3875,0.5104167,0.34375,0.08125,0.48333335,0.73125005,0.31458333,0.31458333,0.48958334,0.28333333,0.44166666,0.55625,0.32916665,0.7625,0.92083335,0.5708333,0.21458334,0.33125,0.37291664,0.70208335,0.6375,0.32916665,0.5541667,0.44791666,0.9354167,0.74375,0.5104167,0.9166667,0.55625,0.6625,0.7291667,0.38958332,0.42291665,0.7104167,0.51666665,0.41250002,0.28750002,0.47708333,0.59375,0.59375,0.74375,0.37708333,0.26458332,0.26875,0.42291668,0.88125,0.5958333,0.26666665,0.5729166,0.45416665,0.86041665,0.35,0.09375,0.5958333,0.43541664,0.85833335,0.325,0.44166666,0.18333334,0.9145833,0.5541667,0.925,0.34166664,0.6,0.27916667,0.66041666,0.51875,0.71458334,0.8875,0.87083334,0.3541667
BC2026_Train_0014_S13_20220228_214500_30,0.23333333,0.17083333,0.6645833,0.64166665,0.97083336,0.63958335,0.7770833,0.74375,0.99375,0.20416668,0.46249998,0.46666667,0.9770833,0.3375,0.6791667,0.97083336,0.98125,0.47291666,0.625,0.9145833,0.9395833,0.7125,0.8145833,0.4166667,0.675,0.82395834,0.6020833,0.15625,0.74583334,0.56875,0.18958333,0.63125,0.125,0.12916666,0.32083333,0.42291665,0.2625,0.06458333,0.19583333,0.12916666,0.11875,0.16875,0.3125,0.68125,0.10208334,0.087500006,0.1125,0.23125,0.114583336,0.058333334,0.29166666,0.33749998,0.35416666,0.29166666,0.23125,0.53333336,0.42916667,0.6354166,0.40625,0.8041667,0.5208333,0.94375,0.9895834,0.96458334,0.71875,0.29791668,0.3479167,0.5,0.14583333,0.4270833,0.40416664,0.95000005,0.3125,0.75,0.06666666,0.5020833,0.5083333,0.3,0.5416667,0.33541667,0.95416665,0.6489583,0.31458333,0.54791665,0.9166666,0.27708334,0.87083334,0.975,0.58958334,0.76874995,0.98125,0.28333333,0.63125,0.22083333,0.71875,0.36458334,0.6958333,0.041666668,0.8458333,0.31666666,0.31041667,0.32916665,0.32708335,0.2916667,0.12916666,0.5395833,0.5291667,0.3958333,0.76874995,0.2916667,0.59166664,0.23958333,0.9666667,0.8541667,0.90208334,0.36458334,0.22500001,0.3375,0.4875,0.40416667,0.08125,0.17083333,0.325,0.47500002,0.6770833,0.46041667,0.41875,0.89375,0.53125,0.3645833,0.15208334,0.95208335,0.20208335,0.41041666,0.4125,0.90208334,0.24166667,0.38958335,0.62083334,0.20416667,0.95000005,0.17500001,0.9354167,0.59791666,0.010416667,0.875,0.35208333,0.20208333,0.08125,0.41458333,0.32083333,0.54583335,0.8229166,0.31041667,0.88125,0.29583332,0.27499998,0.325,0.69166666,0.54791665,0.275,0.9729167,0.39791667,0.20833334,0.44583336,0.22916667,0.029166669,0.4895833,0.7083333,0.22500001,0.225,0.43125,0.3020833,0.27083334,0.575,0.29166666,0.88125,0.9375,0.54375,0.1625,0.32916668,0.29791665,0.7125,0.46666667,0.17708334,0.5604167,0.25625,0.925,0.79583335,0.40208334,0.9270833,0.45416665,0.43541667,0.54791665,0.2875,0.38958335,0.8041667,0.46875,0.3854167,0.25416666,0.39166665,0.52708334,0.5125,0.6229167,0.40104166,0.21041667,0.18541667,0.26666668,0.78125,0.57916665,0.20416667,0.59791666,0.47291666,0.86875,0.37291664,0.10208333,0.41041666,0.40833336,0.6770834,0.33333334,0.37916666,0.09791667,0.9375,0.43125,0.9166666,0.25625,0.40625,0.23333333,0.6354167,0.48333335,0.50625,0.8020833,0.6854167,0.40416667
BC2026_Train_0014_S13_20220228_214500_35,0.28541666,0.19583333,0.6333333,0.6583333,0.9458333,0.7875,0.76666665,0.8458333,0.9708333,0.22083333,0.43958333,0.45,0.98125005,0.34166667,0.6458333,0.959375,0.9458333,0.575,0.62916666,0.85,0.93333334,0.7875,0.8541666,0.39375,0.72291666,0.81875,0.6166667,0.18958333,0.6041666,0.69166666,0.19166668,0.68333334,0.19375,0.13958333,0.30833334,0.4875,0.35000002,0.108333334,0.25416666,0.17708334,0.15416667,0.22708333,0.27916667,0.6979167,0.13020834,0.110416666,0.19375,0.3645833,0.2,0.08333333,0.26666665,0.3,0.30416667,0.33958334,0.19375,0.59583336,0.43541667,0.5833334,0.46041667,0.8,0.6145834,0.9791667,0.9895834,0.9375,0.68958336,0.34375,0.35,0.45208335,0.22083333,0.28125,0.31666666,0.9479166,0.3,0.7895833,0.06666667,0.41875,0.47291666,0.31458333,0.45625,0.20625001,0.9666667,0.7583333,0.24375,0.61249995,0.9395833,0.30625,0.7833333,0.93125,0.58125,0.85833335,0.9895834,0.17708334,0.725,0.275,0.75,0.46458334,0.8145833,0.06875,0.78541666,0.44166666,0.35833335,0.47083336,0.30416667,0.37916666,0.13541667,0.4895833,0.68125,0.47500002,0.78125,0.2708333,0.37708333,0.19583333,0.85833335,0.8875,0.93958336,0.31458333,0.23125,0.44583333,0.58958334,0.4,0.108333334,0.16041666,0.30833334,0.42916667,0.4375,0.60625,0.5833333,0.6854167,0.525,0.3875,0.24583334,0.9770833,0.20416667,0.3,0.32708332,0.90208334,0.36041665,0.34583333,0.86249995,0.19166666,0.9916667,0.21458334,0.98125,0.53541666,0.03541667,0.72291666,0.35625,0.15625,0.14375,0.5395833,0.49791664,0.5833334,0.9333333,0.2625,0.6541667,0.32083333,0.18125,0.41875,0.6875,0.57916665,0.42291665,0.98333335,0.43958333,0.125,0.42291665,0.25833333,0.039583333,0.49791664,0.67083335,0.23958334,0.33541667,0.41458333,0.17708334,0.43541667,0.58125,0.15625,0.88958335,0.9,0.5395833,0.21458334,0.2875,0.23958333,0.7833333,0.4375,0.20208333,0.67083335,0.24375,0.88750005,0.9354167,0.34375,0.9479167,0.45,0.41875,0.35416666,0.37083334,0.40833336,0.875,0.32083333,0.4125,0.32083333,0.34166667,0.6541667,0.50625,0.69166666,0.29375,0.24791667,0.25,0.30625,0.79375,0.46458334,0.1875,0.67499995,0.32083333,0.93333334,0.41458333,0.13541667,0.39375,0.6333333,0.6791667,0.57500005,0.3875,0.09583333,0.95,0.42083335,0.9395833,0.28125,0.375,0.24166667,0.5875,0.59791666,0.5541667,0.925,0.79583335,0.3625
BC2026_Train_0014_S13_20220228_214500_40,0.24166667,0.16041666,0.5916667,0.51875,0.95,0.8979167,0.7916666,0.7270833,0.9822917,0.18333334,0.43333334,0.44375002,0.98125005,0.3125,0.825,0.9895834,0.94895834,0.78125,0.7104167,0.9395833,0.9625,0.8125,0.81875,0.22291666,0.85833335,0.77708334,0.7375,0.22708333,0.8541666,0.7083334,0.15416667,0.67291665,0.13749999,0.13333333,0.35,0.4708333,0.2708333,0.06458333,0.20208333,0.114583336,0.13333333,0.175,0.27708334,0.64375,0.10208333,0.08958334,0.14166667,0.3333333,0.12708333,0.07291667,0.22708333,0.28541666,0.30416667,0.29166666,0.19166666,0.55833334,0.45208335,0.6020833,0.34166667,0.8875,0.6354166,0.94375,0.96770835,0.953125,0.68125,0.25208333,0.42291668,0.70208335,0.27291667,0.6229167,0.40625,0.93333334,0.33124998,0.96458334,0.06666667,0.4375,0.49791664,0.27708334,0.45,0.47916666,0.93333334,0.625,0.37291667,0.61041665,0.9395833,0.21041667,0.45,0.9291667,0.6854167,0.8354167,0.9625,0.28333333,0.6854167,0.225,0.6875,0.575,0.57500005,0.07083333,0.6958333,0.25625,0.32708335,0.5604167,0.39999998,0.3375,0.15833333,0.48958334,0.48541665,0.40416667,0.67083335,0.29583335,0.45000002,0.33958334,0.8666667,0.8645834,0.92291665,0.28958333,0.2625,0.41666666,0.57916665,0.29791665,0.11666667,0.20208333,0.34791666,0.40625,0.5229167,0.4375,0.5229167,0.9145833,0.475,0.37708333,0.22708333,0.9395833,0.22916667,0.30416667,0.32916665,0.85,0.37916666,0.6229167,0.98125005,0.1125,0.8854166,0.325,0.93125,0.6458333,0.035416666,0.8333334,0.22291666,0.15625,0.14791667,0.62083334,0.4,0.37291667,0.6791667,0.22916667,0.68333334,0.34583333,0.32291666,0.40625,0.69166666,0.5875,0.34791666,0.9,0.67083335,0.0625,0.3333333,0.225,0.104166664,0.4375,0.675,0.375,0.39374998,0.36458334,0.18333334,0.25416666,0.40625,0.19791667,0.6979166,0.9666667,0.53541666,0.3375,0.22291666,0.28958333,0.65,0.30833334,0.3020833,0.6145833,0.175,0.80833334,0.6979166,0.4270833,0.8854166,0.37604168,0.35833335,0.4625,0.36145833,0.4427083,0.8041667,0.42083335,0.6479167,0.35520834,0.39791667,0.54583335,0.49791664,0.6020833,0.3854167,0.25833333,0.15208334,0.48541665,0.80625,0.5229167,0.19999999,0.36041665,0.41458333,0.8770833,0.3958333,0.125,0.53125,0.65625,0.71875,0.325,0.3375,0.125,0.93125,0.54791665,0.81041664,0.32083333,0.4083333,0.3375,0.55833334,0.37083334,0.78125,0.76875,0.83958334,0.26458332
BC2026_Train_0014_S13_20220228_214500_45,0.31458333,0.21666667,0.67083335,0.5625,0.94166666,0.8625,0.8208333,0.8041667,0.9583333,0.15625,0.48333335,0.57708335,0.9625,0.75416666,0.90625,0.9895834,0.95,0.6625,0.7104167,0.9125,0.98541665,0.6895833,0.9083333,0.38333333,0.88125,0.95208335,0.7875,0.46875,0.9395833,0.7270833,0.175,0.7416667,0.104166664,0.13125,0.4625,0.6333333,0.28958333,0.054166667,0.20416667,0.08333333,0.116666675,0.17500001,0.37708333,0.7416667,0.118750006,0.11458333,0.13125,0.29375,0.13958333,0.054166667,0.33541667,0.33958334,0.39375,0.26666665,0.18958333,0.7479167,0.47083333,0.63958335,0.60833335,0.95416665,0.70416665,0.90208334,0.95624995,0.93333334,0.76666665,0.38333333,0.61041665,0.7,0.31041667,0.74583334,0.6333333,0.9354167,0.434375,0.9604167,0.1375,0.60833335,0.63958335,0.31875002,0.59375,0.55,0.6375,0.74583334,0.46875,0.6770833,0.98333335,0.28125,0.6895833,0.85625005,0.775,0.69375,0.9875,0.35833335,0.6645833,0.26666665,0.70416665,0.70625,0.54583335,0.041666668,0.81875,0.24374999,0.3854167,0.57708335,0.76458335,0.30624998,0.29583332,0.42291665,0.40833333,0.68333334,0.8,0.40833333,0.6041667,0.5520833,0.9479166,0.92083335,0.91041666,0.3333333,0.63125,0.40833333,0.5541667,0.35625,0.17500001,0.31666666,0.47500002,0.42291665,0.73125,0.4479167,0.4875,0.96458334,0.61041665,0.32916665,0.25208333,0.94375,0.15625,0.35,0.41666666,0.84583336,0.425,0.6333333,0.87916666,0.11458333,0.78333336,0.5729167,0.9708333,0.70625,0.06041667,0.88125,0.28958333,0.21875,0.21666667,0.58958334,0.53125,0.5125,0.7375,0.45416665,0.76875,0.55625,0.4125,0.575,0.7416667,0.675,0.32916665,0.9291667,0.7520833,0.17708334,0.5125,0.390625,0.2,0.5375,0.77708334,0.46875,0.30625,0.47708333,0.35833332,0.38541666,0.5520833,0.375,0.77708334,0.9583333,0.5916667,0.46666664,0.31041667,0.46041667,0.5729167,0.34166667,0.29791665,0.70624995,0.34375,0.7791667,0.73749995,0.36354166,0.9083333,0.4875,0.38333333,0.77708334,0.5395833,0.55625,0.6875,0.54791665,0.60833335,0.41250002,0.5083333,0.55833334,0.6458333,0.67083335,0.4375,0.35208333,0.17708334,0.7291666,0.8833333,0.79999995,0.32916665,0.6166667,0.6479167,0.8520833,0.47083333,0.18541667,0.6541667,0.61875,0.85833335,0.26458332,0.47916666,0.23125,0.87916666,0.575,0.8770833,0.37291667,0.60625,0.34166664,0.6125,0.32708335,0.73541665,0.64375,0.92083335,0.3125
BC2026_Train_0014_S13_20220228_214500_50,0.49166667,0.27916667,0.6895833,0.53541666,0.96666664,0.80833334,0.80833334,0.8729167,0.96666664,0.13125,0.43124998,0.5625,0.975,0.8854166,0.9166666,0.9729167,0.98020834,0.5520834,0.68125,0.9125,0.9625,0.69166666,0.975,0.3,0.79791665,0.98125005,0.74583334,0.42916667,0.73333335,0.6125,0.20416667,0.7375,0.12291667,0.12708333,0.44583333,0.59375,0.32916665,0.0875,0.22916666,0.18541667,0.13541667,0.2125,0.35000002,0.7375,0.2,0.18333334,0.17291667,0.32708335,0.16666666,0.09791666,0.36666667,0.375,0.39375,0.29375,0.2,0.7291667,0.41666666,0.5666667,0.6666666,0.94166666,0.7729167,0.9625,0.965625,0.95416665,0.8104167,0.46458334,0.38958332,0.63958335,0.31666666,0.41666666,0.43541664,0.8125,0.42812502,0.9479166,0.07083333,0.51875,0.6479167,0.37083334,0.5229167,0.44583333,0.725,0.63958335,0.42708334,0.7541667,0.8416667,0.34791666,0.46875,0.9875,0.5375,0.8020834,0.96875,0.35,0.6875,0.30208334,0.76666665,0.6458333,0.47291666,0.06666666,0.71458334,0.21666667,0.40625,0.61041665,0.525,0.39375,0.5229167,0.48125002,0.41041666,0.7875,0.7520833,0.41666666,0.5958333,0.4895833,0.8854166,0.8854167,0.94166666,0.46041667,0.7291666,0.4875,0.62291664,0.31458333,0.18333334,0.4125,0.39166665,0.475,0.60625,0.5625,0.6020833,0.8833333,0.63125,0.29791668,0.24375,0.95624995,0.22916667,0.44583333,0.56666666,0.9458333,0.38958335,0.43125,0.78541666,0.20416667,0.78541666,0.38125,0.96666664,0.7520833,0.077083334,0.92083335,0.30833334,0.20833333,0.15416667,0.6791667,0.57708335,0.7166667,0.59375,0.5104167,0.41041666,0.50625,0.38125,0.53541666,0.6770833,0.70208335,0.39791667,0.8333334,0.6020833,0.2,0.61041665,0.30416667,0.14791667,0.38333333,0.83958334,0.5854167,0.36666667,0.5708333,0.41250002,0.51458335,0.7208333,0.5208334,0.75416666,0.95416665,0.47916666,0.19791667,0.2875,0.44166666,0.62916666,0.36249998,0.35625,0.65208334,0.45208335,0.7583333,0.61041665,0.55833334,0.94166666,0.44583333,0.49374998,0.48749998,0.43541664,0.5645833,0.65,0.51875,0.6854167,0.42916667,0.38333333,0.65,0.67083335,0.46458334,0.35,0.36666667,0.125,0.56875,0.82500005,0.5208333,0.40625,0.32708335,0.6875,0.85833335,0.46041667,0.15416667,0.46666664,0.6875,0.7875,0.51458335,0.45,0.28958333,0.9291667,0.54791665,0.8041667,0.26458335,0.59166664,0.34166667,0.6541667,0.475,0.66875005,0.6854167,0.70208335,0.27708334
BC2026_Train_0014_S13_20220228_214500_55,0.45625,0.2625,0.6770834,0.6354167,0.95416665,0.88750005,0.81666666,0.85833335,0.96875,0.2875,0.45416665,0.6458333,0.9625,0.775,0.90625,0.98125005,0.95416665,0.6427083,0.7520833,0.9,0.94166666,0.7583333,0.9791666,0.4125,0.8104167,0.93333334,0.76250005,0.34375,0.8229167,0.7104167,0.24583334,0.75416666,0.17083333,0.16458334,0.38125,0.58958334,0.34375,0.08958334,0.25625002,0.225,0.14791667,0.24166666,0.39166665,0.75416666,0.25208333,0.21666667,0.2125,0.37708336,0.16041666,0.08958334,0.3625,0.40833333,0.41875,0.32291666,0.28958333,0.71666664,0.4270833,0.60833335,0.42916667,0.92291665,0.82916665,0.9625,0.9770833,0.9145833,0.7583333,0.5625,0.45833334,0.6583333,0.34166667,0.6333333,0.44791666,0.90625,0.4375,0.96458334,0.11666666,0.5395833,0.59375,0.43333334,0.4875,0.575,0.71875,0.71458334,0.3875,0.73125,0.9395833,0.33541667,0.70000005,0.95208335,0.68333334,0.8208333,0.95416665,0.26458335,0.6125,0.275,0.7875,0.70416665,0.51666665,0.052083336,0.7145833,0.24166666,0.40416664,0.7083334,0.6333333,0.40625,0.42916667,0.52916664,0.34375,0.77708334,0.8520833,0.3625,0.45416665,0.39374998,0.83958334,0.9375,0.93125,0.45625,0.6270833,0.44166666,0.45625,0.37291667,0.22083333,0.44583333,0.39166668,0.5729166,0.53125,0.60625,0.5395833,0.7270833,0.53541666,0.40625,0.25833333,0.9770833,0.34583333,0.46875,0.5833334,0.95208335,0.48333335,0.56666666,0.96875,0.18333334,0.8458333,0.39375,0.9895834,0.6145834,0.039583333,0.93333334,0.29166666,0.2125,0.16874999,0.76666665,0.68958336,0.7270833,0.63958335,0.43333334,0.55833334,0.46666667,0.44375,0.51458335,0.7125,0.6666666,0.43333334,0.8854167,0.73125,0.15416667,0.4583333,0.33541667,0.14791666,0.48541668,0.8958334,0.55833334,0.37083334,0.625,0.32083333,0.5,0.71458334,0.42083332,0.825,0.9125,0.49375,0.28750002,0.34375,0.40833333,0.6666666,0.35833335,0.42291665,0.6375,0.43333334,0.81875,0.6270833,0.47604167,0.9708333,0.425,0.5083333,0.42083335,0.37083334,0.59583336,0.70625,0.51666665,0.8104167,0.38333336,0.43124998,0.7916667,0.6645833,0.6604167,0.51458335,0.375,0.13541666,0.6458334,0.875,0.5,0.34583333,0.49166667,0.58958334,0.9,0.46041667,0.17708334,0.5625,0.7322917,0.69375,0.4583333,0.4166667,0.28125,0.95625,0.6145833,0.8416667,0.33958334,0.5104167,0.32708332,0.69375,0.5645833,0.8416667,0.8375,0.8541666,0.34375
BC2026_Train_0014_S13_20220228_214500_60,0.3625,0.27083334,0.5541667,0.6541667,0.925,0.68333334,0.8104167,0.67083335,0.98333335,0.325,0.44791666,0.45208335,0.953125,0.5125,0.6145834,0.95416665,0.946875,0.6875,0.6666666,0.8208333,0.9291667,0.63124996,0.8541666,0.30208334,0.69375,0.75625,0.6333333,0.3125,0.49166667,0.5645833,0.22708333,0.6854167,0.19999999,0.21041666,0.29791668,0.58125,0.30625,0.0625,0.23333333,0.24583334,0.110416666,0.22916667,0.33958334,0.6645833,0.19791667,0.17083333,0.20625,0.4479167,0.13958333,0.06041667,0.32708335,0.38958335,0.40625,0.28958333,0.32083333,0.575,0.46875,0.67083335,0.19791666,0.83958334,0.59375,0.98125,1.0,0.9104167,0.63125,0.22083333,0.25416666,0.42083335,0.20625,0.29583335,0.35208333,0.9104167,0.31041667,0.79583335,0.15208334,0.34583333,0.50416666,0.37708333,0.4479167,0.34791666,0.76874995,0.79375005,0.25,0.6020833,0.775,0.24166667,0.42291665,0.9604167,0.42291665,0.8229167,0.95625,0.20833333,0.35208333,0.20833334,0.6979166,0.45,0.54375,0.041666668,0.71875,0.13125,0.3854167,0.6145834,0.38125,0.49375,0.19791667,0.53125,0.375,0.64166665,0.7166667,0.39375,0.5,0.28333333,0.8125,0.94375,0.9041667,0.35208333,0.32083333,0.33125,0.54583335,0.31666666,0.11875,0.15625,0.425,0.45208335,0.32291666,0.4666667,0.4375,0.5208333,0.65625,0.28333333,0.13125,0.9708333,0.12291667,0.48541665,0.42083335,0.8354167,0.37916666,0.37083334,0.82708335,0.104166664,0.7729167,0.3229167,0.9583334,0.5958333,0.016666668,0.7833333,0.25208333,0.18125,0.08333333,0.55,0.6770834,0.49166667,0.70000005,0.28541666,0.31041667,0.31458333,0.2875,0.5083333,0.675,0.54375,0.24374999,0.975,0.5229167,0.2,0.5125,0.15833333,0.09791666,0.4875,0.8145833,0.33541667,0.25,0.5125,0.21041667,0.25625,0.575,0.27083334,0.9145833,0.93125,0.40833333,0.125,0.27708334,0.32916665,0.8125,0.29375,0.21666667,0.5125,0.4166667,0.88958335,0.5395833,0.3854167,0.9604167,0.35833335,0.42499998,0.29375,0.4,0.51875,0.62083334,0.50625,0.65625,0.34166667,0.3645833,0.7791667,0.66041666,0.38958335,0.46666667,0.35208333,0.12708333,0.24375,0.78125,0.4666667,0.33125,0.35625,0.46875,0.9625,0.44166666,0.21666667,0.35416666,0.51666665,0.7291666,0.37916666,0.41666666,0.21041667,0.9375,0.4895833,0.75,0.2625,0.49791667,0.27291667,0.6479167,0.5833333,0.59375,0.75,0.54583335,0.37291667
BC2026_Train_0015_S18_20211016_011500_5,0.39166668,0.47500002,0.46666664,0.78125,0.7125,0.55833334,0.42083332,0.4,0.49375,0.6770834,0.64166665,0.44583333,0.6791667,0.72083336,0.8354167,0.54791665,0.47500002,0.5729167,0.625,0.39375,0.7291666,0.8520833,0.3958333,0.4583333,0.8333333,0.76874995,0.51666665,0.84375,0.49375004,0.38125002,0.5229167,0.78541666,0.38958335,0.75,0.75,0.6333333,0.625,0.41875,0.31875002,0.6333333,0.2375,0.4791667,0.61041665,0.7291667,0.63958335,0.6354167,0.54375,0.49166667,0.31041667,0.37708336,0.63750005,0.63125,0.63958335,0.42083335,0.5083333,0.81666666,0.74583334,0.74375,0.47083333,0.6166667,0.8125,0.525,0.51458335,0.61875,0.92291665,0.6145834,0.36041665,0.6458334,0.33541667,0.29583335,0.8541666,0.96458334,0.6875,0.3333333,0.61875004,0.6875,0.8979167,0.47083336,0.5291667,0.38333333,0.25833333,0.9458333,0.37708333,0.50624996,0.60833335,0.70625,0.79791665,0.5083333,0.71458334,0.51874995,0.8395833,0.79583335,0.5229167,0.42708334,0.46250004,0.21458334,0.19791667,0.26041666,0.34375,0.4947917,0.81666666,0.48958334,0.5625,0.55625,0.70208335,0.45416668,0.88958335,0.8854167,0.49583334,0.85,0.67083335,0.41666666,0.70624995,0.7791667,0.54999995,0.60625005,0.95624995,0.23125002,0.9791667,0.35625,0.25,0.53125,0.90208334,0.5625,0.7083334,0.27916667,0.49583334,0.82708335,0.9625,0.4,0.22916666,0.41041666,0.41666666,0.43124998,0.5916667,0.7104167,0.3625,0.625,0.6583333,0.56666666,0.6791667,0.41041666,0.6645833,0.725,0.48333335,0.5104167,0.7,0.44583333,0.45000002,0.475,0.50416666,0.525,0.8520833,0.92083335,0.47291666,0.8020834,0.5625,0.90208334,0.58124995,0.46249998,0.54583335,0.70416665,0.53125,0.7375,0.825,0.49166667,0.30833334,0.6625,0.95208335,0.74375,0.5208333,0.5083333,0.89374995,0.83125,0.41875,0.8104167,0.62916666,0.72291666,0.84791666,0.28125,0.725,0.95000005,0.8958334,0.6770834,0.51458335,0.63750005,0.825,0.7458333,0.94375,0.54583335,0.5958333,0.33958334,0.6625,0.3125,0.725,0.5,0.42916667,0.96875,0.51458335,0.26666665,0.9875,0.7104167,0.38125002,0.76666665,0.6875,0.6166667,0.55625,0.66875,0.9333333,0.653125,0.8020833,0.625,0.56458336,0.47500002,0.41666666,0.46458334,0.6166667,0.34375,0.7604166,0.49583334,0.75,0.97291666,0.48125,0.59375,0.6229167,0.5833333,0.96458334,0.67083335,0.37708333,0.50416666,0.52708334,0.42916667,0.775,0.9895834
BC2026_Train_0015_S18_20211016_011500_10,0.35416666,0.5083333,0.35416666,0.83124995,0.5833333,0.33541667,0.35625,0.23750001,0.47083336,0.64375,0.61875,0.44583333,0.7895833,0.5541667,0.70416665,0.52916664,0.39583334,0.48125,0.6333333,0.2916667,0.6875,0.80833334,0.34583333,0.65625,0.82500005,0.7479167,0.6791667,0.9166666,0.4270833,0.40833333,0.51458335,0.6770834,0.38958335,0.89166665,0.76458335,0.81875,0.57500005,0.39999998,0.27499998,0.73020834,0.25833333,0.42708334,0.62916666,0.66875005,0.68333334,0.69166666,0.57916665,0.3375,0.325,0.4125,0.65625,0.65625,0.65625,0.4375,0.54791665,0.62916666,0.7395834,0.7083334,0.41458333,0.5854167,0.83124995,0.43333334,0.41250002,0.6020833,0.83125,0.69375,0.30416667,0.5333333,0.26041666,0.23958334,0.8333333,0.7916666,0.59166664,0.22916667,0.8145833,0.64166665,0.8020833,0.42916667,0.44166666,0.34375,0.18958333,0.86875,0.44375002,0.28333333,0.60833335,0.69375,0.8125,0.30208334,0.6666666,0.3,0.68333334,0.875,0.28541666,0.38333333,0.39375,0.16041666,0.10729167,0.24583334,0.1125,0.39166665,0.6854167,0.365625,0.54583335,0.66041666,0.75625,0.40416667,0.8458333,0.66875,0.37916666,0.81875,0.6166667,0.31875,0.74375,0.69375,0.45416665,0.5625,0.9,0.13333334,0.93125,0.28750002,0.29583335,0.55625,0.8645834,0.50416666,0.7833333,0.19583334,0.28541666,0.85833335,0.9479166,0.33541667,0.20625,0.24583334,0.39583334,0.32708335,0.42291665,0.525,0.23333333,0.60625,0.625,0.55625,0.64166665,0.38333333,0.7291666,0.42708334,0.36041665,0.3541667,0.81666666,0.46041667,0.39791667,0.22291666,0.39375,0.36875,0.6645833,0.9395833,0.35416666,0.79791665,0.51458335,0.9479167,0.46875,0.30625,0.4791667,0.42291668,0.4875,0.6770834,0.63958335,0.46041667,0.25833333,0.82708335,0.9083333,0.6270833,0.40416667,0.48958334,0.8479167,0.8,0.34375,0.7916667,0.6479167,0.6645833,0.78020835,0.30416667,0.6125,0.8770833,0.48125,0.5541667,0.3541667,0.6333333,0.725,0.6145834,0.75625,0.5875,0.6958333,0.28958333,0.50625,0.31041667,0.59791666,0.3645833,0.3125,0.95,0.27916667,0.20208333,0.9895834,0.5416666,0.24791667,0.7625,0.7604166,0.4895833,0.4479167,0.69375,0.8541667,0.5291667,0.70416665,0.65,0.43958333,0.47291666,0.4166667,0.5,0.55833334,0.3875,0.7166667,0.35625,0.65625,0.9479166,0.29791668,0.46666664,0.52708334,0.5729166,0.99583334,0.6458333,0.21249999,0.5104166,0.42916667,0.30416667,0.575,0.98333335
BC2026_Train_0015_S18_20211016_011500_15,0.29791665,0.47916666,0.21875,0.8145833,0.49166667,0.16874999,0.25208333,0.15416667,0.47500002,0.64375,0.6333333,0.32083333,0.74375,0.5875,0.6,0.52708334,0.24583334,0.38333333,0.65625,0.25,0.65,0.95625,0.34791666,0.53541666,0.8041667,0.62916666,0.73125005,0.88958335,0.32708335,0.36666667,0.47083333,0.55,0.4125,0.84791666,0.64166665,0.6145834,0.52708334,0.37083334,0.24166667,0.7114583,0.23124999,0.3875,0.58958334,0.58958334,0.7083334,0.7083334,0.55,0.3541667,0.3020833,0.36874998,0.6020833,0.6,0.6,0.39791667,0.51458335,0.32916668,0.73333335,0.71458334,0.27291667,0.50625,0.90625,0.49166667,0.46041667,0.6375,0.85,0.6479167,0.30624998,0.48541665,0.11875,0.1375,0.8322917,0.6375,0.48958334,0.15208334,0.70625,0.6666666,0.69166666,0.42083335,0.40625,0.33958334,0.12916666,0.6125,0.32291666,0.28125,0.45208335,0.7791667,0.7270833,0.23750001,0.63958335,0.20208333,0.6,0.8020833,0.20000002,0.35416666,0.32291666,0.1,0.047916666,0.1875,0.17291667,0.27708334,0.55833334,0.22916667,0.53749996,0.61041665,0.7270833,0.29791665,0.91875,0.59583336,0.3125,0.88125,0.50624996,0.30625,0.65208334,0.6229167,0.27916667,0.5833334,0.88958335,0.09166667,0.93125,0.2604167,0.27708334,0.5729167,0.95624995,0.45416668,0.78125,0.15625,0.225,0.85,0.91875005,0.17083333,0.11875,0.20625001,0.35833332,0.21458334,0.40625,0.21875,0.16250001,0.5625,0.5729167,0.5,0.5395833,0.34583333,0.53125,0.325,0.375,0.27083334,0.7291666,0.43124998,0.36874998,0.116666675,0.2875,0.39166665,0.59791666,0.9291667,0.37708333,0.80625,0.4791667,0.96875,0.55,0.25,0.4583333,0.35,0.47291666,0.8104167,0.30833334,0.32708335,0.23125,0.7479167,0.7604166,0.58958334,0.37291667,0.34791666,0.86875,0.76458335,0.22083333,0.7895833,0.39374998,0.63750005,0.7791667,0.22916666,0.63958335,0.86041665,0.24375,0.58124995,0.3645833,0.62291664,0.76458335,0.6625,0.72291666,0.5104166,0.5708333,0.19583333,0.40208334,0.25208333,0.39166668,0.3854167,0.20416667,0.8354167,0.23541667,0.17500001,0.975,0.4791667,0.14583333,0.6770833,0.6666666,0.36041665,0.3,0.6625,0.725,0.54375,0.70208335,0.6145833,0.45833334,0.5229167,0.42083335,0.48541665,0.56875,0.28541666,0.6041666,0.36041665,0.62083334,0.94166666,0.15833333,0.36666667,0.43124998,0.55833334,0.99375,0.5416667,0.10208333,0.375,0.25833333,0.27291667,0.53125,0.9979167
BC2026_Train_0015_S18_20211016_011500_20,0.46875,0.51666665,0.20416665,0.80625,0.6333333,0.21875,0.21041667,0.18958333,0.47916666,0.6479167,0.5958333,0.32291666,0.6625,0.7125,0.725,0.6,0.30416667,0.43541664,0.61875,0.34166667,0.6479167,0.90833336,0.38125,0.5875,0.8541666,0.64375,0.725,0.84270835,0.375,0.45,0.6166667,0.59375,0.47291666,0.8125,0.71666664,0.54999995,0.5729166,0.48125,0.35833335,0.6625,0.33541667,0.50416666,0.60833335,0.60625005,0.65,0.63958335,0.5708333,0.43958333,0.34583333,0.45625,0.61875,0.61875,0.61875,0.47291666,0.5604167,0.4125,0.74375,0.72291666,0.2625,0.4375,0.8104167,0.3,0.46666664,0.59791666,0.9770833,0.58958334,0.3375,0.5104166,0.15833333,0.26875,0.87083334,0.70625,0.5416667,0.27291667,0.7791667,0.83125,0.92083335,0.42083335,0.52916664,0.39375,0.14166667,0.6625,0.40625,0.31458333,0.625,0.8083333,0.76458335,0.24375,0.6541667,0.26666665,0.5125,0.7520833,0.40833333,0.41458333,0.32916665,0.10208333,0.087500006,0.28750002,0.14166667,0.43541667,0.71875,0.26041666,0.525,0.62916666,0.5645833,0.27083334,0.86041665,0.6270833,0.34375,0.90625,0.67083335,0.33125,0.6770834,0.6229167,0.37083334,0.5333333,0.9479167,0.12291667,0.98333335,0.2875,0.27916667,0.53125,0.8645834,0.49583334,0.7,0.16875,0.23124999,0.84791666,0.91875,0.19583333,0.19791666,0.20416667,0.41875,0.31875,0.52708334,0.36666667,0.24583334,0.53125,0.6020833,0.57708335,0.5541667,0.42291665,0.5208333,0.46875,0.41666666,0.33124998,0.75416666,0.4583333,0.44166666,0.2125,0.32708335,0.45416665,0.61875,0.91875005,0.32708332,0.79791665,0.5104166,0.9770833,0.675,0.26458332,0.6166667,0.70208335,0.54791665,0.75625,0.46249998,0.3875,0.24791667,0.8854167,0.825,0.4895833,0.46458334,0.40208334,0.89166665,0.81041664,0.34583333,0.6583333,0.44375,0.7083334,0.81875,0.21041666,0.6854167,0.9291667,0.27083334,0.6,0.4125,0.75,0.7916667,0.6354167,0.78125,0.5020833,0.5333333,0.33125,0.43541667,0.29583335,0.5708333,0.50416666,0.2875,0.91041666,0.26458332,0.20208333,0.9895834,0.50416666,0.21458332,0.76666665,0.74583334,0.55833334,0.47083336,0.60833335,0.7625,0.68333334,0.65,0.7375,0.5125,0.625,0.35208333,0.47500002,0.5875,0.30208334,0.66041666,0.34583333,0.63958335,0.95416665,0.22708333,0.47291666,0.51666665,0.5645833,0.9916667,0.6229167,0.18333334,0.49583334,0.34166667,0.29791665,0.6479167,0.9645833
BC2026_Train_0015_S18_20211016_011500_25,0.51875,0.61041665,0.24583334,0.76666665,0.69166666,0.34583333,0.26666668,0.225,0.5625,0.69375,0.6541667,0.3854167,0.73541665,0.84166664,0.8041667,0.5520833,0.41041666,0.5729166,0.6770834,0.41875,0.70208335,0.78125,0.20416667,0.64375,0.85,0.7125,0.81666666,0.75416666,0.38958335,0.49791664,0.70416665,0.64375,0.5333333,0.91875,0.79375,0.75416666,0.57500005,0.5208334,0.5229167,0.7125,0.4270833,0.61041665,0.68333334,0.64166665,0.625,0.6270833,0.6291667,0.49583334,0.425,0.4875,0.69166666,0.70416665,0.70000005,0.6458333,0.6302084,0.6458333,0.73333335,0.73125,0.3625,0.5708333,0.8770833,0.28333333,0.49583334,0.55833334,0.9375,0.7125,0.475,0.5958333,0.18125,0.34375,0.6625,0.7625,0.66041666,0.44583333,0.79375,0.75,0.91041666,0.34791666,0.5125,0.29375,0.20208333,0.79375005,0.43124998,0.35833335,0.59791666,0.72291666,0.8833333,0.33125,0.6458333,0.26875,0.6770833,0.7520833,0.47291666,0.3875,0.38125,0.1875,0.16874999,0.35,0.14166667,0.48125002,0.6770833,0.41041666,0.53541666,0.66041666,0.6041667,0.45833334,0.8020833,0.65625,0.38333333,0.86875,0.51875,0.18541667,0.65208334,0.65625,0.41458333,0.49374998,0.9583333,0.15625,0.9916667,0.31666666,0.30833334,0.54999995,0.8458333,0.51458335,0.68125,0.18125,0.38958335,0.81666666,0.95,0.21458334,0.21666667,0.16666666,0.38333333,0.47708333,0.5208334,0.5291667,0.3,0.50625,0.61041665,0.6875,0.5125,0.39999998,0.5854167,0.52916664,0.56458336,0.5104166,0.78125,0.45,0.38125002,0.2125,0.49375,0.46666664,0.6,0.91041666,0.36458334,0.8125,0.5291667,0.95208335,0.59375,0.40833333,0.52916664,0.7208333,0.5020833,0.70208335,0.45833334,0.43541667,0.26875,0.88958335,0.84583336,0.54583335,0.4895833,0.46875,0.83958334,0.83125,0.37708333,0.6666666,0.55833334,0.7520833,0.86249995,0.24791667,0.73333335,0.9395833,0.22500001,0.6270833,0.35208333,0.62916666,0.8666667,0.6625,0.7604166,0.44270834,0.5375,0.4125,0.53125,0.30624998,0.69166666,0.4625,0.3125,0.89166665,0.27916667,0.19375,0.98333335,0.7895833,0.27291667,0.7145833,0.69166666,0.61249995,0.5125,0.59166664,0.73125,0.60833335,0.6,0.6854167,0.45208332,0.47916666,0.46458334,0.5291667,0.6645833,0.39583334,0.7125,0.45416665,0.6875,0.96458334,0.23541667,0.52708334,0.44375002,0.54791665,0.975,0.6458333,0.22500001,0.6333333,0.425,0.23124999,0.67291665,0.9270833
BC2026_Train_0015_S18_20211016_011500_30,0.48541665,0.61041665,0.33124998,0.7708334,0.675,0.41458333,0.375,0.33958334,0.59791666,0.6854167,0.67499995,0.3875,0.7270833,0.8625,0.8208333,0.55833334,0.48854166,0.6354167,0.72083336,0.38958335,0.70416665,0.7604167,0.19791666,0.53125,0.8541666,0.725,0.84791666,0.82916665,0.46041667,0.49583334,0.6666667,0.63958335,0.40833336,0.8145833,0.76874995,0.6354167,0.52708334,0.45625,0.29791665,0.69166666,0.27291667,0.42916667,0.6458334,0.63125,0.5875,0.59375,0.5666667,0.36666667,0.36041665,0.43333334,0.67083335,0.68333334,0.6770834,0.40833333,0.6,0.6958333,0.6875,0.7395833,0.5395833,0.5125,0.9375,0.39166665,0.44375,0.575,0.8666667,0.62916666,0.43125,0.6229167,0.16458333,0.26875,0.65625,0.66041666,0.51666665,0.4479167,0.725,0.65,0.73333335,0.3125,0.48541665,0.23541667,0.15208334,0.81875,0.39166665,0.42916667,0.5833333,0.6041667,0.70625,0.4041667,0.6041667,0.27708334,0.5708333,0.7479167,0.38958335,0.33541667,0.40833333,0.09791666,0.16874999,0.31041667,0.110416666,0.35625,0.67291665,0.35416666,0.50416666,0.64374995,0.73541665,0.39166665,0.85,0.68125,0.39583334,0.7583333,0.5729166,0.28125,0.58958334,0.5520834,0.4895833,0.48125,0.98125005,0.1875,0.9895834,0.30833334,0.25,0.41875002,0.79583335,0.48958334,0.71875,0.17708334,0.25,0.78125,0.93125,0.22500001,0.13125,0.17291667,0.34375,0.51458335,0.65208334,0.5875,0.16874999,0.4322917,0.49166667,0.62916666,0.67291665,0.38333333,0.55833334,0.5125,0.6458333,0.43958333,0.6583333,0.425,0.36041665,0.18125,0.59791666,0.34583333,0.7479167,0.94375,0.37083334,0.6979167,0.54791665,0.95625,0.48541668,0.3125,0.46041667,0.6041666,0.3875,0.6854167,0.52708334,0.34583333,0.25625,0.71458334,0.75416666,0.62291664,0.5,0.45729166,0.79999995,0.82916665,0.4125,0.75625,0.5416667,0.7104167,0.7833333,0.24166667,0.6645833,0.9270834,0.28541666,0.66875,0.42291665,0.52916664,0.8041667,0.66041666,0.67291665,0.44375002,0.56041664,0.43333334,0.50416666,0.24375,0.64166665,0.32916665,0.3541667,0.83958334,0.34791666,0.175,0.9354167,0.7125,0.24791667,0.63125,0.4875,0.6020833,0.46666667,0.69375,0.8020833,0.63124996,0.57708335,0.5604167,0.5416666,0.49791667,0.3854167,0.41041666,0.6666666,0.32083333,0.6666666,0.33333334,0.72291666,0.98125005,0.25208333,0.47916666,0.4479167,0.56458336,0.9666667,0.7291666,0.23958333,0.46875,0.3854167,0.26875,0.55625,0.925
BC2026_Train_0015_S18_20211016_011500_35,0.39166665,0.49791664,0.16875,0.8125,0.64166665,0.24791667,0.23333333,0.19791667,0.6270833,0.62916666,0.65208334,0.32708335,0.67083335,0.65416664,0.6791667,0.58958334,0.33541667,0.33333334,0.76666665,0.3,0.60625,0.77708334,0.3020833,0.43958333,0.80833334,0.6479167,0.84791666,0.76875,0.32916665,0.34375,0.5541667,0.5541667,0.36875,0.75416666,0.63958335,0.5875,0.5104167,0.35416666,0.21666667,0.63958335,0.20416667,0.34375,0.6145834,0.575,0.57708335,0.5833333,0.45208335,0.23541667,0.275,0.36666667,0.6354166,0.64166665,0.6354166,0.33541667,0.54999995,0.48333332,0.6875,0.7479167,0.30833334,0.42083335,0.90208334,0.24166666,0.46458334,0.6375,0.86249995,0.6875,0.39375,0.54375005,0.11666666,0.16666666,0.8229167,0.57916665,0.35,0.27083334,0.54583335,0.49791664,0.71458334,0.2625,0.5104167,0.20833333,0.0875,0.6,0.25416666,0.29375,0.40416667,0.48125,0.62083334,0.27291667,0.4895833,0.24791667,0.5541667,0.70625,0.1375,0.34375,0.26041666,0.108333334,0.09375,0.20416668,0.14583334,0.40208334,0.70625,0.23958333,0.45625,0.57916665,0.7583333,0.28958333,0.91041666,0.62083334,0.325,0.74583334,0.37083334,0.175,0.58125,0.55,0.3958333,0.4625,0.9291667,0.1125,0.95,0.3125,0.15208334,0.43333334,0.8541667,0.43541667,0.7375,0.09375,0.11666667,0.6270833,0.9041667,0.13541666,0.08541667,0.18333334,0.325,0.2375,0.40833333,0.4125,0.16666666,0.35625,0.37916666,0.63958335,0.5541667,0.30416667,0.5541667,0.375,0.35833335,0.25833333,0.61875,0.3375,0.28958333,0.20416667,0.43958333,0.25833333,0.7375,0.9354167,0.31041667,0.65625,0.44583333,0.9479166,0.4895833,0.3,0.37083334,0.2916667,0.34583333,0.65625,0.27291667,0.25625,0.23541667,0.6020833,0.66875,0.44166666,0.40208334,0.35833335,0.81875,0.7416667,0.25,0.8354167,0.4875,0.51666665,0.84375,0.1625,0.54791665,0.7833333,0.26458332,0.78125,0.25416666,0.49166667,0.7083334,0.5416666,0.7291666,0.5229167,0.54583335,0.26666668,0.41458333,0.19999999,0.41875,0.30416667,0.19583334,0.775,0.19583334,0.12916666,0.92499995,0.6125,0.1875,0.6354166,0.55833334,0.48125,0.23958333,0.7916666,0.6770833,0.6125,0.50416666,0.53541666,0.37916666,0.34583333,0.42083335,0.44375,0.5625,0.31041667,0.6,0.16875,0.59375,0.9916667,0.15416667,0.43333334,0.40208334,0.5208334,0.97291666,0.625,0.13125,0.29583335,0.2125,0.19791666,0.55,0.94166666
BC2026_Train_0015_S18_20211016_011500_40,0.47291666,0.4270833,0.17083333,0.78125,0.775,0.27916667,0.18958333,0.17916667,0.5604167,0.65625,0.6375,0.21666667,0.61875,0.6791667,0.6645833,0.5625,0.39166665,0.40833336,0.67291665,0.28333333,0.75416666,0.8375,0.34375,0.5104167,0.92499995,0.675,0.8458333,0.7875,0.3020833,0.34791666,0.6291667,0.5604167,0.36041665,0.6958333,0.61249995,0.5104167,0.5208333,0.3854167,0.25833333,0.54791665,0.24791667,0.41875002,0.6354166,0.58958334,0.5604167,0.5625,0.41041666,0.25,0.27291667,0.39791667,0.6479167,0.6541667,0.6479167,0.36666667,0.49166667,0.46666667,0.6979167,0.7375,0.31875002,0.43541667,0.8541666,0.30833334,0.45208335,0.6479167,0.8979167,0.6145834,0.36666667,0.6791667,0.19166666,0.25,0.84791666,0.6541667,0.54583335,0.2916667,0.5375,0.525,0.75416666,0.375,0.56666666,0.29583335,0.14375,0.5520833,0.30416667,0.375,0.45,0.5104167,0.6875,0.40208334,0.60833335,0.3375,0.6270833,0.7104167,0.175,0.325,0.27916667,0.110416666,0.08958334,0.16666667,0.19791667,0.5125,0.5729167,0.21041667,0.48333335,0.6,0.725,0.34583333,0.9354167,0.7,0.34583333,0.78541666,0.4625,0.25833333,0.6125,0.5,0.41875,0.46249998,0.9083333,0.14375,0.9354167,0.28541666,0.17708334,0.38541666,0.8520833,0.43541667,0.7479167,0.12708333,0.3,0.66041666,0.8833333,0.18333334,0.08333333,0.16041666,0.34583336,0.39166665,0.40625,0.34791666,0.1875,0.3625,0.4,0.5854167,0.58125,0.33958334,0.54791665,0.38541666,0.4625,0.36875,0.71458334,0.38125002,0.31666666,0.18541667,0.49791667,0.28541666,0.7416667,0.94375,0.30833334,0.7166667,0.48541668,0.9875,0.5604167,0.35833335,0.36666667,0.39895833,0.35625,0.6875,0.34166667,0.27916667,0.30833334,0.52708334,0.76250005,0.39791667,0.45625,0.29375,0.84791666,0.73541665,0.23333332,0.8625,0.49166667,0.48541665,0.87916666,0.15833333,0.5729167,0.7375,0.22916667,0.75,0.2916667,0.51666665,0.82708335,0.6166667,0.8354167,0.40625,0.6229167,0.2875,0.45833334,0.19583334,0.5416666,0.49791664,0.23750001,0.80833334,0.21875,0.16041666,0.9125,0.56666666,0.16250001,0.7125,0.58125,0.40625,0.29791668,0.6770833,0.69166666,0.63125,0.6229167,0.51458335,0.40833333,0.5416667,0.4166667,0.43958336,0.61041665,0.25625,0.5666667,0.36666667,0.6583333,0.97291666,0.19375001,0.3,0.42916667,0.5083333,0.9875,0.61041665,0.18125,0.37291667,0.30625,0.30833334,0.66041666,0.95625
BC2026_Train_0015_S18_20211016_011500_45,0.4083333,0.49583334,0.17291668,0.775,0.6875,0.21666667,0.17291667,0.14583333,0.46458334,0.67083335,0.65208334,0.325,0.6229167,0.67083335,0.55625,0.4583333,0.5229167,0.3375,0.6541667,0.22916666,0.6645833,0.7583333,0.1125,0.5520833,0.8520833,0.57916665,0.82708335,0.94166666,0.34583333,0.48541668,0.70208335,0.60625,0.37291667,0.69166666,0.67083335,0.58125,0.5104167,0.44583333,0.25625,0.5375,0.27083334,0.42916667,0.6229167,0.6020833,0.66875,0.6770833,0.45208335,0.32083333,0.28333333,0.4125,0.64374995,0.65,0.6458333,0.35208333,0.50625,0.39166668,0.70416665,0.73125,0.39791667,0.47916666,0.8958334,0.2375,0.38333333,0.625,0.8875,0.6041667,0.45625,0.54583335,0.112500004,0.25416666,0.86041665,0.54375,0.41458336,0.24374999,0.65208334,0.62083334,0.7604167,0.334375,0.43333334,0.30416667,0.07083333,0.45625,0.22916667,0.29166666,0.3229167,0.5416666,0.7875,0.24375,0.57708335,0.19375,0.63958335,0.7895833,0.125,0.26875,0.2375,0.0875,0.0375,0.17291667,0.17708333,0.33749998,0.54999995,0.22083333,0.525,0.6479167,0.79375,0.22708333,0.93125,0.6479167,0.27291667,0.80833334,0.45416665,0.26666665,0.6479167,0.5395833,0.35625,0.48333335,0.8854167,0.083333336,0.9479167,0.28125,0.17916667,0.47291666,0.93125,0.40625,0.7895833,0.116666675,0.14583334,0.7604167,0.90625,0.13958333,0.10208333,0.16875,0.28125,0.27291667,0.2875,0.22708334,0.10208333,0.4166667,0.54270834,0.625,0.53333336,0.25625,0.49166667,0.34791666,0.54583335,0.26041666,0.7479167,0.39166665,0.28333333,0.14583334,0.45000002,0.2875,0.5916667,0.9666667,0.29375,0.7604166,0.43125,0.9625,0.48541665,0.22916667,0.37708333,0.38333333,0.32916668,0.8208333,0.32083333,0.2916667,0.20208333,0.64166665,0.8229166,0.4479167,0.42708334,0.40625,0.87083334,0.70624995,0.24583334,0.8208333,0.31041667,0.58124995,0.8125,0.18541667,0.625,0.79791665,0.18333334,0.70625,0.26458335,0.53125,0.75416666,0.65208334,0.81875,0.46458334,0.50625,0.15833333,0.33958334,0.19791667,0.525,0.47916666,0.17291667,0.83125,0.18541667,0.11041667,0.95416665,0.54375,0.17291667,0.6958333,0.63125,0.36666667,0.26666665,0.64374995,0.71875,0.5875,0.5125,0.6041666,0.36041665,0.64166665,0.51874995,0.5291667,0.52916664,0.20833334,0.57500005,0.175,0.61875,0.98541665,0.11875,0.32083333,0.32708332,0.5,0.96875,0.59791666,0.108333334,0.28333333,0.23124999,0.17083333,0.6145834,0.9708333
BC2026_Train_0015_S18_20211016_011500_50,0.24375,0.53333336,0.22708333,0.79375005,0.5541667,0.175,0.22708333,0.12916666,0.46041667,0.63125,0.62916666,0.39166665,0.7083333,0.59583336,0.5958333,0.5208334,0.34583333,0.29583335,0.62916666,0.21354166,0.70416665,0.8020834,0.17500001,0.38958335,0.8645834,0.62916666,0.72291666,0.9375,0.34375,0.43333334,0.54583335,0.57708335,0.29791665,0.79791665,0.6,0.7125,0.48541668,0.38333333,0.16875,0.57916665,0.20833334,0.27083334,0.5604167,0.5916667,0.6645833,0.66875,0.47083336,0.28750002,0.21666667,0.35208333,0.58124995,0.5833334,0.58124995,0.3020833,0.5,0.36458334,0.71875,0.76874995,0.6625,0.39999998,0.9041667,0.20416667,0.425,0.6166667,0.9270834,0.56875,0.50625,0.4875,0.13125,0.20208333,0.82708335,0.55,0.43333334,0.19166666,0.74791664,0.5625,0.65625,0.30833334,0.36458334,0.28333333,0.041666668,0.32083333,0.26458335,0.24166666,0.34791666,0.5333333,0.72291666,0.69375,0.5541667,0.15625,0.5625,0.82916665,0.108333334,0.31875,0.31458333,0.08958334,0.035416666,0.14791667,0.35,0.3375,0.5291667,0.175,0.51666665,0.62916666,0.6895833,0.31875,0.9395833,0.5875,0.25625,0.8125,0.5875,0.18958333,0.65,0.6541667,0.25625,0.48958334,0.9666667,0.087500006,0.9604167,0.325,0.22291668,0.5125,0.8979167,0.40416667,0.8770833,0.072916664,0.087500006,0.76666665,0.91875,0.15625,0.14166667,0.19583333,0.33958334,0.34791666,0.27916667,0.24375,0.08958333,0.46041667,0.4875,0.53541666,0.46666667,0.32291666,0.5416666,0.2625,0.39375,0.24374999,0.73749995,0.42083335,0.26666665,0.110416666,0.275,0.30416667,0.74583334,0.92083335,0.33541667,0.7916667,0.49791667,0.9291667,0.5291667,0.17291667,0.3854167,0.35208333,0.35208333,0.80833334,0.2625,0.46666667,0.16458333,0.675,0.7604166,0.4875,0.5229167,0.24791667,0.8416667,0.8104167,0.15416667,0.7791667,0.24791667,0.6791667,0.81875,0.27916667,0.65625,0.88958335,0.23124999,0.8979167,0.21458334,0.46249998,0.9,0.58958334,0.90208334,0.49166667,0.59791666,0.15833333,0.31458333,0.18541667,0.38333333,0.6020833,0.15625,0.8520833,0.2125,0.114583336,0.95416665,0.23333333,0.14791667,0.79375005,0.62083334,0.35625,0.28958333,0.5395833,0.6583333,0.625,0.52916664,0.6583333,0.37291667,0.63958335,0.46458334,0.44583333,0.575,0.25625,0.6625,0.18125,0.67083335,0.9979167,0.118750006,0.31875,0.32083333,0.5083333,0.9770833,0.51666665,0.07291667,0.25833333,0.21875,0.16041666,0.6,0.98541665
BC2026_Train_0015_S18_20211016_011500_55,0.35000002,0.5,0.25625,0.80833334,0.5375,0.27916667,0.25416666,0.19791667,0.4791667,0.7125,0.6541667,0.375,0.8729167,0.62083334,0.72083336,0.61875,0.28958333,0.35833332,0.8041667,0.27916667,0.6375,0.86249995,0.39375,0.42291665,0.87083334,0.6645833,0.71875,0.8125,0.40208334,0.42916667,0.5208333,0.5416666,0.27083334,0.7375,0.6166667,0.57916665,0.51458335,0.45833334,0.21666667,0.5291667,0.24791667,0.32291666,0.61041665,0.5645833,0.60625005,0.5958333,0.4895833,0.29375,0.29583335,0.45625,0.62916666,0.6333333,0.63125,0.33958334,0.48541665,0.45,0.7104167,0.8666667,0.4479167,0.37708333,0.8645834,0.34166667,0.48541665,0.6520833,0.9145833,0.54791665,0.39999998,0.48333335,0.14791667,0.26666665,0.85,0.81145835,0.575,0.2625,0.65625,0.5958333,0.7791667,0.3333333,0.4166667,0.27083334,0.114583336,0.5020833,0.325,0.30416667,0.58125,0.68333334,0.70625,0.88125,0.73541665,0.21875,0.63958335,0.78541666,0.325,0.38333333,0.53333336,0.1,0.125,0.2625,0.32083333,0.46875,0.5520833,0.18125,0.5604167,0.56875,0.61875,0.3541667,0.8458333,0.5875,0.32916665,0.85833335,0.5395833,0.30416667,0.68125,0.6,0.30833334,0.5291667,0.9395833,0.11458333,0.9791667,0.2875,0.24166666,0.4625,0.9145833,0.4479167,0.7604166,0.12083334,0.15625,0.78541666,0.9125,0.20000002,0.22916666,0.29583335,0.32083336,0.48125,0.34791666,0.2875,0.13333333,0.50416666,0.4635417,0.5375,0.5520834,0.39166665,0.5208334,0.43958333,0.42291665,0.28333333,0.64166665,0.37708333,0.28750002,0.27499998,0.27083334,0.4375,0.8229167,0.90208334,0.3375,0.7833333,0.60625,0.9375,0.57708335,0.275,0.39791667,0.575,0.4395833,0.63125,0.30416667,0.7166667,0.20833334,0.77708334,0.79791665,0.55833334,0.5104167,0.39999998,0.75625,0.7875,0.17916666,0.8791667,0.35416666,0.80625,0.82708335,0.27708334,0.65,0.86041665,0.29791665,0.725,0.3,0.51666665,0.8625,0.54791665,0.8208333,0.52708334,0.5229167,0.25,0.6791667,0.2125,0.48333335,0.48125,0.26458335,0.8375,0.27291667,0.17916666,0.95208335,0.26875,0.19375001,0.76875,0.6854167,0.55625,0.6770834,0.6666666,0.8625,0.73125,0.64166665,0.66041666,0.31666666,0.4895833,0.5125,0.39999998,0.61249995,0.33333334,0.59583336,0.37916666,0.5916667,0.9708333,0.2125,0.2708333,0.54791665,0.48541665,0.975,0.58958334,0.1375,0.35833332,0.26458332,0.26041666,0.62083334,0.9708333
BC2026_Train_0015_S18_20211016_011500_60,0.55625,0.6333333,0.41041666,0.8125,0.68333334,0.4375,0.35833335,0.34166667,0.4791667,0.7270833,0.69166666,0.55625,0.8354167,0.7583333,0.8479167,0.55625,0.4083333,0.5375,0.8770833,0.36666667,0.72291666,0.80833334,0.33541667,0.5541667,0.9166666,0.7708333,0.82500005,0.8104167,0.42291665,0.55625,0.65625,0.58958334,0.35833332,0.6875,0.7291666,0.5541667,0.5208333,0.5375,0.3,0.57708335,0.36666667,0.44583333,0.75,0.59791666,0.53125,0.52708334,0.6375,0.5375,0.41458333,0.55625,0.78125,0.7833333,0.7833333,0.39791667,0.6041667,0.68333334,0.70208335,0.91875005,0.43333334,0.44375,0.8645833,0.35625,0.51666665,0.6541667,0.9729167,0.56875,0.4583333,0.5916667,0.22083333,0.39166665,0.66041666,0.8302083,0.51666665,0.32916665,0.5541667,0.4791667,0.78125,0.23541668,0.40625,0.22916667,0.20833334,0.7291666,0.31041667,0.35,0.56041664,0.6270833,0.8208333,0.825,0.70000005,0.25208333,0.7604166,0.70416665,0.4479167,0.34166667,0.37708333,0.0625,0.1125,0.22083333,0.275,0.3375,0.6333333,0.24374999,0.5520834,0.5708333,0.6458334,0.40208334,0.80625,0.66041666,0.38125,0.79375005,0.5333333,0.29583335,0.64375,0.55625,0.46041667,0.55833334,0.98125005,0.14375,1.0,0.23958334,0.22291666,0.40833333,0.79999995,0.47708333,0.7375,0.14375,0.34791666,0.6625,0.9291667,0.15416667,0.30208334,0.31041667,0.28541666,0.46666667,0.3541667,0.48958334,0.20625,0.40416667,0.41250002,0.5833333,0.6270833,0.44375002,0.51875,0.42083335,0.6354166,0.4583333,0.68125,0.39375,0.28958333,0.27916667,0.25,0.43541667,0.74375,0.8958333,0.30833334,0.7583333,0.56041664,0.9041667,0.5375,0.22291666,0.42916667,0.61875,0.38333336,0.6458333,0.36666667,0.7395834,0.24791667,0.590625,0.85833335,0.5229167,0.46041667,0.38333333,0.8208333,0.7395833,0.18958333,0.88125,0.45416665,0.7708334,0.8208333,0.23750001,0.5208334,0.9166666,0.3229167,0.6,0.35833335,0.55625,0.8770833,0.55625,0.83958334,0.42916667,0.5083333,0.31666666,0.6583333,0.16458334,0.4895833,0.5229167,0.33749998,0.83125,0.36666667,0.21875,0.9270833,0.48541665,0.35416666,0.7395833,0.6458334,0.5,0.63958335,0.5875,0.90208334,0.7854167,0.58958334,0.62916666,0.33541667,0.425,0.53125,0.38125,0.5520834,0.28125,0.56041664,0.5208333,0.6625,0.9770833,0.2625,0.425,0.49583334,0.47083333,0.95624995,0.51666665,0.2125,0.37291667,0.34166667,0.23958333,0.65,0.8979167
BC2026_Train_0016_S18_20220204_221500_5,0.34375,0.25,0.22083333,0.70416665,0.55833334,0.28958333,0.9395833,0.6979166,0.64270836,0.82916665,0.7083334,0.7083334,0.8354167,0.88958335,0.5604167,0.56666666,0.9166666,0.8104167,1.0,0.6979166,0.8208333,0.45,1.0,0.55833334,0.34166664,0.98125005,0.41458333,0.5708333,0.13958333,0.6,0.43958333,0.4791667,0.31875002,0.8375,0.15625,0.56666666,0.54791665,0.4125,0.7270833,0.40208334,0.35208333,0.6166667,0.18124999,0.32708335,0.30833334,0.35625,0.3,0.25833333,0.23958334,0.325,0.275,0.25833333,0.27291667,0.5229167,0.325,0.30833334,0.5416666,0.7458333,0.26666668,0.65208334,0.5104167,0.36666667,0.8229166,0.62291664,0.4583333,0.49583334,0.7416667,0.66875005,0.48333335,0.4479167,0.33125,0.53541666,0.35833332,0.24791667,0.48749998,0.09166667,0.94166666,0.5375,0.37708336,0.40208334,0.51666665,0.15416667,0.9,0.8854167,0.43124998,0.36041665,0.71458334,0.45833334,0.3854167,0.8520833,0.6979166,0.375,0.3958333,0.51666665,0.9479167,0.79583335,0.44583333,0.475,0.67499995,0.35208333,0.46875,0.225,0.3125,0.7895833,0.9916667,0.54375005,0.41875,0.54999995,0.24374999,0.28333333,0.24166667,0.89375,0.32708335,0.23958334,0.625,0.48125,0.79791665,0.94166666,0.88125,0.21875,0.88125,0.88750005,0.28541666,0.35208333,0.75416666,0.1625,0.24375,0.40416667,0.73333335,0.7416667,0.625,0.56875,0.5958333,0.30208334,0.225,0.73541665,0.603125,0.49375,0.27708334,0.6354166,0.72291666,0.5708333,0.47708333,0.37291667,0.19375,0.6270833,0.22083333,0.34583333,0.34791666,0.525,0.65208334,0.5104167,0.26874998,0.31666666,0.375,0.45416668,0.68125,0.35208333,0.2375,0.9125,0.5208333,0.23333335,0.14375,0.54375,0.20416667,0.825,0.85833335,0.54375,0.16041666,0.39375,0.35000002,0.60833335,0.24375,0.33749998,0.38958332,0.9458333,0.50416666,0.72291666,0.1875,0.66875,0.28333333,0.69166666,0.54791665,0.22916666,0.25208333,0.5625,0.47083333,0.28541666,0.4375,0.8,0.7291667,0.58125,0.34583333,0.34791666,0.16458333,0.20833334,0.3,0.35833335,0.29375,0.85625,0.325,0.925,0.45208335,0.110416666,0.49166667,0.31458333,0.6583333,0.65208334,0.43958333,0.5541667,0.66875,0.58958334,0.34166667,0.96458334,0.76666665,0.60520834,0.39166665,0.70208335,0.36666667,0.65208334,0.3645833,0.5395833,0.51875,0.20625,0.13333333,0.28125,0.41666666,0.71875,0.2375,0.3,0.077083334,0.41041666,0.37708333,0.5416667
BC2026_Train_0016_S18_20220204_221500_10,0.36666667,0.22708333,0.108333334,0.7604166,0.37083334,0.1625,0.94166666,0.5020833,0.54375,0.9270834,0.75416666,0.64375,0.7625,0.625,0.37083334,0.6,0.8208333,0.3333333,0.99583334,0.63958335,0.71458334,0.37708333,0.975,0.58958334,0.19791666,0.70624995,0.37291664,0.32916665,0.06666666,0.5625,0.43958333,0.30624998,0.26874998,0.7833333,0.110416666,0.40833333,0.44895834,0.2625,0.76458335,0.3645833,0.43333334,0.6229167,0.25,0.2708333,0.26666665,0.325,0.25833333,0.19375,0.1875,0.22083333,0.28958333,0.30416667,0.28125,0.6958333,0.325,0.19166666,0.46458334,0.8145833,0.079166666,0.40625,0.4125,0.23958333,0.7083334,0.61875,0.40625,0.4583333,0.7270833,0.46875,0.36666667,0.425,0.29583332,0.43645835,0.27708334,0.06458333,0.39375,0.1875,0.8666667,0.45625,0.38125,0.30833334,0.3333333,0.15625,0.8854166,0.44375,0.4270833,0.35625,0.68541664,0.5229167,0.37291667,0.5020833,0.3802083,0.24166667,0.25416666,0.42916667,0.8666667,0.525,0.375,0.3625,0.484375,0.16875,0.39375,0.28125,0.13958333,0.79375,0.84375,0.30208334,0.38125,0.28333333,0.21041666,0.31666666,0.23125,0.77708334,0.3854167,0.25208333,0.32083333,0.36874998,0.83125,0.84166664,0.7947917,0.10208333,0.71875,0.6166667,0.25625,0.19166666,0.57708335,0.108333334,0.20833334,0.31666666,0.5333333,0.75625,0.48541668,0.53125,0.5291667,0.3229167,0.1375,0.5104167,0.38437498,0.29583332,0.22916666,0.70208335,0.6125,0.43541667,0.30833334,0.21875,0.13333333,0.41666666,0.17083333,0.35625,0.2875,0.44375,0.3645833,0.29791665,0.32916665,0.33124998,0.3125,0.27708334,0.5208333,0.28125,0.21041667,0.69375,0.43958333,0.6375,0.21666667,0.3541667,0.12916666,0.5958333,0.61041665,0.41458333,0.16666667,0.25625,0.26875,0.30625,0.2875,0.38541666,0.23333332,0.8104167,0.32916668,0.8958333,0.110416666,0.38333333,0.25625,0.45,0.5625,0.30624998,0.2125,0.3958333,0.4583333,0.21041667,0.3854167,0.8520833,0.54583335,0.71875,0.3541667,0.3333333,0.14375001,0.17291667,0.24791667,0.34791666,0.17083333,0.57916665,0.61041665,0.9395833,0.30625,0.17500001,0.5708333,0.14375,0.7854167,0.24583334,0.4375,0.9333333,0.33541667,0.5229167,0.4125,0.80833334,0.76250005,0.60833335,0.1875,0.5125,0.49791667,0.5208334,0.24583334,0.4791667,0.30208334,0.12708333,0.19791666,0.26875,0.2916667,0.56666666,0.15208334,0.15208334,0.06666666,0.3,0.25625,0.47708333
BC2026_Train_0016_S18_20220204_221500_15,0.35625,0.33541667,0.125,0.7875,0.45,0.15,0.9354167,0.46875,0.5125,0.92291665,0.74583334,0.55833334,0.725,0.6041667,0.46458334,0.72291666,0.55833334,0.13541666,0.95208335,0.43541667,0.68125,0.28541666,0.8041667,0.59375,0.15416667,0.41250002,0.2875,0.48333332,0.10000001,0.6270833,0.425,0.33125,0.3229167,0.79791665,0.18958333,0.4375,0.4375,0.21666667,0.78125,0.41250002,0.34583336,0.5833333,0.34583333,0.30625,0.32916665,0.37916666,0.32916665,0.14791667,0.225,0.2375,0.42291665,0.41041666,0.3958333,0.5375,0.4270833,0.17083333,0.43541667,0.8333334,0.0875,0.41875,0.32708332,0.3875,0.6604167,0.60833335,0.28125,0.4041667,0.59375,0.6,0.38541666,0.5416667,0.27291667,0.34583333,0.30833334,0.0875,0.39999998,0.22916667,0.5854167,0.3333333,0.57708335,0.52916664,0.39791667,0.108333334,0.8541667,0.56875,0.34166667,0.35000002,0.6125,0.75416666,0.38958332,0.4166667,0.30416667,0.24375,0.45625,0.49166667,0.79583335,0.47708333,0.4166667,0.28333333,0.33125,0.25,0.43125,0.22916667,0.175,0.76666665,0.8833333,0.33958334,0.37083334,0.5541667,0.175,0.3333333,0.19166666,0.93125,0.36666667,0.18125,0.325,0.28333336,0.91041666,0.8645833,0.8854167,0.079166666,0.39791667,0.29375,0.15833333,0.17083333,0.6354166,0.08125,0.30625,0.5229167,0.52708334,0.7104167,0.39375,0.60625005,0.5416667,0.16666666,0.14166667,0.17291667,0.34166667,0.33958334,0.16875,0.68333334,0.6645833,0.27499998,0.35416666,0.25416666,0.12916666,0.38333333,0.16666666,0.29791665,0.24166667,0.425,0.5541667,0.23958334,0.35625,0.34166667,0.5395833,0.40833333,0.4895833,0.15625,0.15833333,0.46458334,0.31041667,0.46875,0.38125,0.26666665,0.12083334,0.33125,0.76250005,0.39166665,0.1875,0.3,0.22083333,0.22291666,0.1625,0.35833335,0.2,0.58125,0.23125,0.9041667,0.14583333,0.3125,0.2604167,0.44166666,0.6458333,0.23125,0.24791667,0.34583333,0.39166665,0.24166667,0.33333334,0.8354167,0.36666667,0.5395833,0.34583333,0.29583335,0.3,0.225,0.12916666,0.28333333,0.2875,0.575,0.56041664,0.76458335,0.24375,0.47708333,0.6,0.16874999,0.69166666,0.3,0.3625,0.84375,0.35416666,0.3541667,0.1125,0.2875,0.80625,0.51875,0.24166667,0.49374998,0.5708333,0.5729166,0.275,0.40625,0.22083333,0.10625,0.1875,0.24375,0.31041667,0.2916667,0.17916667,0.2125,0.10625,0.27708334,0.30833334,0.30208334
BC2026_Train_0016_S18_20220204_221500_20,0.32500002,0.24166667,0.13958333,0.7625,0.39166668,0.14583334,0.9395833,0.49791667,0.3854167,0.9458333,0.75416666,0.54791665,0.7395833,0.6,0.21666667,0.8541666,0.5416667,0.2,0.9,0.3854167,0.63958335,0.30208334,0.6791667,0.63125,0.14791666,0.28333333,0.35416666,0.34791666,0.14583333,0.6854167,0.35000002,0.2875,0.22708333,0.59791666,0.15833333,0.34375,0.5125,0.26458332,0.71458334,0.36666667,0.27499998,0.5,0.29583335,0.27083334,0.34166667,0.38125,0.32916665,0.16041666,0.19375,0.22291666,0.34583333,0.34375,0.32916665,0.44166666,0.36874998,0.108333334,0.43541664,0.7916666,0.065625,0.35625,0.32708335,0.24583334,0.63125,0.60833335,0.3125,0.40208334,0.60833335,0.6666667,0.33333334,0.72291666,0.29166666,0.15208334,0.2625,0.114583336,0.28333333,0.0625,0.6,0.34166667,0.43541667,0.39166668,0.33125,0.17500001,0.8104167,0.40416667,0.39583334,0.18958333,0.65,0.7895833,0.34791666,0.41875,0.28750002,0.09791666,0.19999999,0.44375,0.5375,0.57916665,0.48749998,0.33125,0.32916665,0.11666666,0.47083333,0.35833335,0.22083333,0.7479167,0.8625,0.40625,0.33541667,0.30416667,0.11875,0.3020833,0.18333334,0.8333334,0.42916667,0.16458333,0.27083334,0.2875,0.875,0.7708334,0.9125,0.08541667,0.4322917,0.30833334,0.125,0.175,0.62916666,0.11666666,0.15,0.8770833,0.4270833,0.81666666,0.26041666,0.53541666,0.5208334,0.25625,0.112500004,0.14791667,0.41458333,0.37083334,0.112500004,0.6479167,0.61875,0.21666667,0.30208334,0.25208333,0.14583333,0.45208332,0.20625,0.14791667,0.30208334,0.36041665,0.44583333,0.25,0.19791666,0.27291667,0.88750005,0.32708332,0.47500002,0.18333334,0.074999996,0.34583333,0.27916667,0.31666666,0.15833333,0.21041667,0.12083334,0.15208334,0.6166667,0.12916666,0.079166666,0.28541666,0.16875,0.19583333,0.13958333,0.3625,0.22291666,0.525,0.29166666,0.86041665,0.15,0.4875,0.27708334,0.41458333,0.8416667,0.28958333,0.3020833,0.24166667,0.45625,0.125,0.32916665,0.77916664,0.27291667,0.52708334,0.30625,0.12291667,0.17083333,0.22916666,0.09166667,0.24166667,0.20833333,0.47916666,0.39583334,0.76666665,0.2125,0.36041665,0.5541667,0.10208334,0.50625,0.2604167,0.39583334,0.82916665,0.46666664,0.25416666,0.21458332,0.23958333,0.74583334,0.45833334,0.17291667,0.33541667,0.5125,0.3625,0.22916667,0.44791666,0.27916667,0.27291667,0.08958334,0.4270833,0.3125,0.31041667,0.13541667,0.25,0.045833334,0.32291666,0.2625,0.1625
BC2026_Train_0016_S18_20220204_221500_25,0.25833333,0.19375,0.043750003,0.75,0.27083334,0.087500006,0.9729167,0.4791667,0.40833333,0.93125,0.74583334,0.5729167,0.73749995,0.2625,0.12708333,0.7104167,0.46041667,0.15,0.84375,0.38125,0.5916667,0.25416666,0.53541666,0.5958333,0.1625,0.1875,0.31458333,0.2625,0.09583333,0.6,0.33125,0.28541666,0.23333333,0.725,0.11875,0.39583334,0.47083333,0.17916667,0.61875,0.38958332,0.23750001,0.43124998,0.2604167,0.27916667,0.26874998,0.32083333,0.23541667,0.12916666,0.12291667,0.1625,0.31458333,0.30833334,0.3020833,0.43125,0.35208333,0.1,0.42916667,0.6645833,0.054166667,0.32291666,0.34375,0.25208333,0.5729167,0.57916665,0.19791667,0.3645833,0.47083333,0.57916665,0.30833334,0.5375,0.32916668,0.13125,0.35208333,0.15833333,0.3,0.118750006,0.8,0.19166666,0.39583334,0.14791666,0.4583333,0.23958334,0.6958333,0.375,0.39374998,0.25833333,0.23333333,0.5375,0.26458335,0.5229167,0.35833335,0.125,0.13541666,0.28958333,0.28958333,0.42916667,0.525,0.25416666,0.14583334,0.10208334,0.5083333,0.425,0.10416667,0.79375005,0.87916666,0.38958335,0.49166667,0.33125,0.08958333,0.23958334,0.06875,0.8666667,0.29166666,0.13125,0.19375,0.23125,0.90625,0.70624995,0.92291665,0.06458333,0.37916666,0.18541667,0.12291667,0.23958334,0.58958334,0.10208333,0.225,0.5083333,0.48125,0.84375,0.24791667,0.6125,0.33125,0.0875,0.13541666,0.17083332,0.25,0.33958334,0.08125,0.57708335,0.6458334,0.077083334,0.15416667,0.17916667,0.14375,0.24374999,0.14583334,0.2,0.475,0.26875,0.6229167,0.16458333,0.20208333,0.175,0.5541667,0.33125,0.5541667,0.17291667,0.033333335,0.17916667,0.25416666,0.083333336,0.04375,0.17083333,0.11666667,0.118750006,0.50208336,0.110416666,0.06666667,0.18333334,0.23749998,0.118750006,0.15833333,0.34166664,0.19583333,0.7708334,0.29791665,0.5708333,0.09375,0.14791667,0.2875,0.52916664,0.9041667,0.29375,0.3541667,0.31666666,0.59791666,0.108333334,0.27916667,0.86041665,0.27083334,0.49375,0.17708334,0.04375,0.14583334,0.09375,0.1375,0.25,0.2125,0.40833336,0.30416667,0.7875,0.21875,0.0875,0.44166666,0.06458333,0.3020833,0.26666665,0.40833333,0.42083335,0.20833334,0.17708334,0.21458334,0.33749998,0.75416666,0.35625,0.118750006,0.23541668,0.32291666,0.31458333,0.2125,0.73541665,0.35416666,0.23541667,0.029166667,0.2625,0.4166667,0.28541666,0.09791666,0.17916666,0.041666668,0.425,0.23541667,0.17916667
BC2026_Train_0016_S18_20220204_221500_30,0.21458334,0.16458333,0.054166667,0.7291667,0.2875,0.13541666,0.9875,0.48333332,0.3125,0.9375,0.73333335,0.60625,0.5875,0.3625,0.16458333,0.54791665,0.53333336,0.13333333,0.796875,0.31875,0.59375,0.2875,0.5520833,0.6583333,0.1,0.17083333,0.34375,0.3375,0.041666668,0.5833333,0.30416667,0.225,0.20833334,0.87083334,0.13333333,0.42916667,0.3875,0.12708333,0.57500005,0.425,0.22916667,0.3875,0.25416666,0.23124999,0.18541667,0.22708333,0.18958333,0.08958334,0.08541667,0.1375,0.26666668,0.27083334,0.25208333,0.44375002,0.34583333,0.0875,0.37916666,0.57916665,0.06666667,0.23958333,0.29375,0.325,0.5333333,0.54583335,0.14166667,0.45624998,0.46041664,0.52708334,0.24583334,0.3229167,0.26041666,0.110416666,0.31458333,0.08541667,0.50625,0.11354167,0.7604167,0.2875,0.45625,0.2625,0.3625,0.14166667,0.70416665,0.3875,0.2875,0.26458335,0.25729167,0.17708334,0.14583333,0.47708333,0.34375,0.09375,0.14791666,0.26875,0.25208333,0.46875,0.4625,0.17708334,0.05,0.10208333,0.42291665,0.27083334,0.125,0.84166664,0.8041667,0.5104166,0.3333333,0.4375,0.05,0.20416667,0.043750003,0.91041666,0.20625001,0.1125,0.18958333,0.13749999,0.875,0.8375,0.95,0.045833334,0.35625,0.225,0.11875,0.17708334,0.53333336,0.09583333,0.110416666,0.19375001,0.425,0.8125,0.28958333,0.45625,0.33749998,0.083333336,0.1,0.12291667,0.38958335,0.32291666,0.14791667,0.49374998,0.5208333,0.022916667,0.30416667,0.08541667,0.11458333,0.20416667,0.11666667,0.20833334,0.28958333,0.27916667,0.5708333,0.12083334,0.13541667,0.14583333,0.25208333,0.24166667,0.40833333,0.114583336,0.039583337,0.108333334,0.20208333,0.08958334,0.17291667,0.06666666,0.08541667,0.041666668,0.49166667,0.06875,0.06875,0.1375,0.275,0.110416666,0.16874999,0.28125,0.13958333,0.55625,0.14791667,0.22083333,0.058333334,0.10625,0.28541666,0.37708333,0.82708335,0.2,0.12083334,0.30416667,0.5333333,0.07083333,0.3020833,0.90625,0.35,0.5729166,0.18333334,0.039583333,0.09791666,0.079166666,0.15833333,0.21041666,0.15,0.61249995,0.26666668,0.79583335,0.3333333,0.09375,0.3,0.03125,0.20208333,0.19166666,0.45729166,0.12708333,0.08541667,0.18541667,0.08958333,0.20416667,0.76458335,0.46666664,0.15625,0.23750001,0.22708333,0.34375,0.21666667,0.45208335,0.18125,0.19375,0.025,0.14791667,0.28333333,0.23541667,0.13125,0.14791667,0.039583333,0.22916667,0.20208335,0.36249998
BC2026_Train_0016_S18_20220204_221500_35,0.14583333,0.13958333,0.13125,0.72291666,0.37916666,0.12291667,0.978125,0.64166665,0.37916666,0.9145833,0.73333335,0.6479167,0.70208335,0.30416667,0.20520833,0.47083333,0.57916665,0.11666666,0.8854167,0.3875,0.6166667,0.26458335,0.6041667,0.59791666,0.0875,0.25625,0.44166666,0.33541667,0.058333334,0.58750004,0.37291667,0.22708333,0.21354166,0.79999995,0.15208334,0.38958335,0.38125,0.12291667,0.6020833,0.42916667,0.21666667,0.44375,0.25,0.2125,0.123958334,0.15,0.175,0.06041667,0.08541667,0.15833333,0.3,0.28958333,0.28125,0.41875,0.32708335,0.15833333,0.46041667,0.54583335,0.1,0.24166666,0.33333334,0.40000004,0.5958333,0.5291667,0.12916666,0.36875,0.45625,0.56666666,0.30416667,0.33958334,0.25625,0.09791666,0.09166667,0.19375,0.44895834,0.08125,0.7395833,0.17291667,0.38958335,0.24583334,0.45,0.19999999,0.6583333,0.4625,0.33541667,0.36458334,0.0625,0.13958333,0.114583336,0.39791667,0.225,0.14166667,0.325,0.24374999,0.31041667,0.49374998,0.39166665,0.22916666,0.087500006,0.0875,0.4166667,0.36875,0.0625,0.8020834,0.7833333,0.43541667,0.41250002,0.48333332,0.0375,0.1375,0.027083334,0.8208333,0.14583334,0.07083333,0.22708333,0.15416667,0.89166665,0.89166665,0.65833336,0.06875,0.3,0.06666667,0.06458333,0.10625,0.5020833,0.12916666,0.30833334,0.19166666,0.2625,0.8979167,0.32708335,0.43958333,0.23541667,0.04375,0.11458333,0.18333334,0.28333333,0.26041666,0.09166667,0.62916666,0.41250002,0.03125,0.14791667,0.0875,0.15,0.325,0.1125,0.28125,0.25416666,0.36041665,0.5833334,0.058333334,0.14583333,0.110416666,0.3125,0.22916666,0.40625,0.18958333,0.056250002,0.325,0.16458333,0.23333333,0.077083334,0.0625,0.12916666,0.08958334,0.79375005,0.027083334,0.0375,0.15625,0.34166667,0.085416675,0.10625,0.19583334,0.17291667,0.5,0.13229167,0.17291667,0.029166669,0.175,0.20625,0.36875,0.54375,0.24791667,0.15833333,0.18958333,0.39791667,0.06041667,0.31458333,0.94375,0.18125,0.5104166,0.27916667,0.050000004,0.114583336,0.052083332,0.058333334,0.13958333,0.21666667,0.5541667,0.2375,0.8104167,0.36874998,0.06666666,0.22916667,0.056250002,0.21458334,0.29791665,0.33958334,0.06458333,0.079166666,0.07083333,0.047916666,0.31666666,0.7583333,0.37083334,0.09375,0.35625,0.22708333,0.45625,0.16041666,0.3625,0.29166666,0.14999999,0.04791667,0.14583333,0.24375,0.21666667,0.12916666,0.18958333,0.04791667,0.24166667,0.2125,0.225
BC2026_Train_0016_S18_20220204_221500_40,0.36458334,0.21666667,0.17291667,0.725,0.5625,0.21875,0.95208335,0.76666665,0.29791668,0.9375,0.73333335,0.6854167,0.67083335,0.35,0.34583333,0.46458334,0.61249995,0.15,0.85625005,0.46041667,0.7416667,0.24166667,0.65625,0.6354167,0.20833334,0.34375,0.51458335,0.4166667,0.110416666,0.65625,0.41041666,0.32708335,0.30416667,0.8041667,0.17916667,0.47083333,0.40416667,0.19166666,0.7729167,0.4270833,0.29375,0.6166667,0.275,0.30624998,0.17708334,0.20625,0.23750001,0.12083334,0.19999999,0.23541668,0.36874998,0.34375,0.34375,0.48541665,0.3625,0.25,0.5125,0.5375,0.11458333,0.27291667,0.33125,0.49374998,0.6,0.48958334,0.125,0.36666667,0.43958336,0.6625,0.55,0.43958333,0.5333333,0.22916667,0.37291667,0.21666667,0.41875,0.0375,0.83958334,0.28125,0.34791666,0.33125,0.52708334,0.44583333,0.73541665,0.67083335,0.35416666,0.46458334,0.16458333,0.25625,0.34791666,0.49791667,0.2875,0.17291667,0.44583333,0.46041667,0.5854167,0.63125,0.6791667,0.27708334,0.08958333,0.09791666,0.375,0.42083335,0.108333334,0.80833334,0.775,0.43124998,0.5645833,0.5708333,0.039583337,0.19375001,0.03125,0.88750005,0.18958333,0.08541667,0.35208333,0.19999999,0.95,0.90208334,0.88750005,0.0875,0.325,0.24583334,0.11875,0.15,0.63958335,0.06458333,0.35,0.26041666,0.43958333,0.88958335,0.36041665,0.42708334,0.45833334,0.045833334,0.16666666,0.25208333,0.23958333,0.4166667,0.16041666,0.65,0.5958333,0.047916666,0.27291667,0.17708334,0.27708334,0.4708333,0.16458333,0.16666667,0.3958333,0.55,0.51875,0.058333334,0.23333333,0.16041666,0.29791668,0.34583336,0.54375,0.5854167,0.077083334,0.6041666,0.23958334,0.11458333,0.12291667,0.16458333,0.087500006,0.15,0.9083333,0.06666667,0.058333334,0.15208334,0.23541667,0.15,0.15625,0.23333333,0.13958333,0.81875,0.15729167,0.2625,0.06875,0.23124999,0.25625,0.4708333,0.6020833,0.29375,0.33749998,0.26875,0.25416666,0.12291667,0.425,0.9125,0.20625001,0.50625,0.3,0.12291667,0.14166667,0.079166666,0.06666666,0.125,0.2125,0.6833333,0.2875,0.91875,0.3333333,0.09791666,0.3,0.1625,0.25625,0.21249999,0.33958334,0.072916664,0.19375,0.17291667,0.25625,0.28333333,0.7083334,0.42916667,0.26666665,0.44375,0.23125,0.5958333,0.28125,0.20833334,0.35416666,0.15,0.10416667,0.17291667,0.44166666,0.36041665,0.21458334,0.22083333,0.13333333,0.27708334,0.45624998,0.3854167
BC2026_Train_0016_S18_20220204_221500_45,0.47291666,0.35833335,0.46458334,0.75625,0.6666667,0.49166667,0.9864583,0.74583334,0.44791666,0.92083335,0.7104167,0.71458334,0.8416667,0.65,0.6541667,0.60833335,0.6854167,0.32916665,0.86041665,0.6229167,0.82916665,0.35000002,0.8041667,0.75625,0.43541667,0.7,0.70416665,0.7104167,0.225,0.675,0.44166666,0.36041665,0.34791666,0.8020834,0.26874998,0.51666665,0.475,0.2125,0.7291667,0.44375,0.32708335,0.63958335,0.34166667,0.37708333,0.25625,0.28333333,0.28958333,0.15,0.26041666,0.24166667,0.42291665,0.41875,0.40625,0.5375,0.41875,0.475,0.61875,0.57708335,0.325,0.3854167,0.33958334,0.54791665,0.8208333,0.6270833,0.35208333,0.61249995,0.6145834,0.8041667,0.6541667,0.58124995,0.69166666,0.36458334,0.375,0.17708334,0.46458334,0.11875,0.8145833,0.44166666,0.59375,0.51875,0.55833334,0.31458333,0.6979166,0.6479167,0.56875,0.63125,0.3229167,0.20833334,0.29375,0.49583334,0.6125,0.23125002,0.42916667,0.5229167,0.7395834,0.8020834,0.54791665,0.31666666,0.106249996,0.2875,0.3625,0.44375002,0.19166666,0.87916666,0.89374995,0.67083335,0.5020833,0.82708335,0.08333333,0.29791665,0.054166667,0.96458334,0.46249998,0.14583334,0.51875,0.34583333,0.82708335,0.9875,0.77708334,0.08125,0.54375005,0.17916666,0.28958333,0.15416667,0.8354167,0.12916666,0.37291664,0.38750002,0.43541664,0.9104167,0.5708333,0.56458336,0.5833333,0.06666666,0.20416667,0.36458334,0.49791664,0.37708333,0.27916667,0.57500005,0.6583333,0.13333334,0.45624998,0.17916667,0.4354167,0.6354167,0.23958334,0.27499998,0.3854167,0.6770834,0.6666666,0.27083334,0.20416667,0.26875,0.37291667,0.34166667,0.5333333,0.6375,0.2125,0.70208335,0.26666668,0.20833334,0.28958333,0.22916667,0.23541668,0.114583336,0.9395833,0.10625,0.17083333,0.26666668,0.38125,0.22291666,0.42916667,0.26041666,0.18541667,0.96458334,0.23333332,0.26458332,0.21458334,0.35833335,0.28958333,0.5416666,0.65,0.33125,0.19791667,0.4895833,0.34583333,0.19583333,0.49375,0.90625,0.40520835,0.53541666,0.39583334,0.20208333,0.27708334,0.23958334,0.15833333,0.18958333,0.23541667,0.9145833,0.2708333,0.9770833,0.6041667,0.14166667,0.52708334,0.18541667,0.32708335,0.57916665,0.375,0.09583334,0.18958333,0.21666667,0.18333334,0.30416667,0.75416666,0.40833333,0.18125,0.46458334,0.30416667,0.67291665,0.3541667,0.20833334,0.36249998,0.27916667,0.17291667,0.25208333,0.5833333,0.36875,0.43125,0.32083333,0.21458334,0.33125,0.6041666,0.65625
BC2026_Train_0016_S18_20220204_221500_50,0.30624998,0.28333333,0.38958335,0.75625,0.6958333,0.34166664,0.9979167,0.8020834,0.62083334,0.8416667,0.7125,0.7625,0.89374995,0.7083333,0.61041665,0.6479167,0.85833335,0.45208335,0.90208334,0.92083335,0.83125,0.38958335,0.93541664,0.6666666,0.40625,0.8666667,0.5104166,0.63958335,0.24375,0.6666666,0.41875,0.46875,0.25,0.7,0.21666667,0.54791665,0.425,0.17083333,0.59791666,0.45,0.26875,0.5208333,0.32916665,0.4166667,0.28958333,0.33958334,0.29791665,0.175,0.16458333,0.20416667,0.43125,0.46458334,0.425,0.48333335,0.44583333,0.29166666,0.55833334,0.6,0.27291667,0.6020833,0.68333334,0.43958333,0.875,0.6895833,0.425,0.59791666,0.625,0.7729167,0.4375,0.42083335,0.57708335,0.33333334,0.30624998,0.19166666,0.37708333,0.18333334,0.75,0.22083333,0.6270833,0.34791666,0.5395833,0.21458334,0.66041666,0.5416667,0.50625,0.5958333,0.43958336,0.25208333,0.25416666,0.6458334,0.7125,0.3020833,0.23958333,0.39166665,0.7833333,0.63958335,0.5083333,0.20625,0.2625,0.6,0.37083334,0.45833334,0.14791667,0.8333334,0.9708333,0.79375005,0.20416668,0.7291666,0.15625,0.32916665,0.10625,0.9375,0.6979166,0.19583333,0.68854165,0.31875,0.85833335,0.9,0.6583333,0.10208333,0.47291666,0.44166666,0.225,0.13541667,0.83958334,0.09791666,0.3625,0.32291666,0.58958334,0.8458333,0.4375,0.49374998,0.45208335,0.19583333,0.22708334,0.36666667,0.3875,0.4791667,0.22083333,0.5958333,0.55833334,0.10208333,0.44583333,0.13958333,0.18541667,0.56875,0.1875,0.3125,0.4270833,0.8854166,0.70000005,0.1875,0.16250001,0.21041667,0.34166667,0.325,0.67083335,0.27708334,0.25208333,0.61041665,0.33541667,0.3854167,0.17708334,0.32708335,0.24791667,0.14166667,0.89374995,0.21875,0.23125,0.26041666,0.5708333,0.18125,0.26458335,0.27291667,0.18541667,0.9395833,0.3020833,0.2875,0.19375,0.27291667,0.225,0.8666667,0.559375,0.25,0.26875,0.41458333,0.33541667,0.21875,0.51458335,0.8541667,0.47291666,0.5,0.79375,0.20416667,0.15625,0.29166666,0.203125,0.24791667,0.29791665,0.5854167,0.32708335,0.94375,0.48333335,0.27916667,0.5416667,0.5833333,0.30416667,0.6145834,0.525,0.09375,0.17083333,0.13125,0.325,0.2125,0.7833333,0.36666667,0.11666666,0.29375,0.29583332,0.6,0.39791667,0.3625,0.41875002,0.2125,0.3,0.19375,0.41041666,0.30416667,0.27916667,0.17083332,0.09583333,0.28333333,0.41458333,0.525
BC2026_Train_0016_S18_20220204_221500_55,0.36041665,0.21458334,0.1625,0.73333335,0.67083335,0.24166666,0.9875,0.6354166,0.56875,0.9145833,0.7,0.6375,0.875,0.51666665,0.3625,0.60833335,0.83124995,0.43541667,0.85625005,0.93333334,0.8041667,0.34375,0.9083333,0.5229167,0.49583334,0.8208333,0.3333333,0.6958333,0.24583334,0.6479167,0.39999998,0.51458335,0.21458334,0.49791667,0.15833333,0.50208336,0.45208335,0.20833333,0.49375,0.39791667,0.22708333,0.44791666,0.26458332,0.46458334,0.24374999,0.28333333,0.28333333,0.12291667,0.14166667,0.25416666,0.39166665,0.40416667,0.36875,0.4041667,0.39999998,0.20833333,0.50416666,0.58958334,0.159375,0.6145833,0.91875005,0.3375,0.82916665,0.6895833,0.42916667,0.46041667,0.49791667,0.7291666,0.46041667,0.42916667,0.49166667,0.31458333,0.47083333,0.14270833,0.23125,0.25208333,0.7604167,0.16041666,0.6166667,0.42916667,0.39999998,0.2125,0.6375,0.7729167,0.39791667,0.45833334,0.28020832,0.19791667,0.26458335,0.5854167,0.72291666,0.26458335,0.3541667,0.38958335,0.57916665,0.725,0.36458334,0.26875,0.27916667,0.28333333,0.41458333,0.3375,0.18541667,0.80625,0.98333335,0.63125,0.30416667,0.5875,0.18541667,0.30208334,0.06458333,0.9083333,0.51875,0.22916667,0.6791667,0.3854167,0.95000005,0.7770833,0.85625,0.06041667,0.50416666,0.45833334,0.16666667,0.3625,0.85625,0.15208334,0.21458334,0.28750002,0.63750005,0.84791666,0.353125,0.57708335,0.4375,0.24583334,0.22916666,0.22916666,0.40833336,0.28125,0.06666666,0.55625,0.67499995,0.12083334,0.31354165,0.19999999,0.23958334,0.55625,0.2,0.17708333,0.4875,0.6166667,0.5125,0.21041667,0.14791667,0.26875,0.33958334,0.20208333,0.6354167,0.18541667,0.13958333,0.5020833,0.26666665,0.48958334,0.35208333,0.31666666,0.29791665,0.22708333,0.76458335,0.16666667,0.275,0.22291666,0.51666665,0.21666667,0.19166666,0.39583334,0.22708333,0.98333335,0.3625,0.275,0.114583336,0.12916666,0.28958333,0.9291667,0.82708335,0.4791667,0.45,0.47708333,0.39999998,0.12083334,0.46041667,0.8520833,0.30833334,0.5520833,0.41458333,0.10208334,0.1125,0.23541667,0.14375001,0.2625,0.28333333,0.4479167,0.31041667,0.9125,0.30624998,0.20208332,0.47916666,0.30833334,0.29166666,0.5854167,0.5395833,0.12083333,0.23541668,0.17916666,0.17291667,0.340625,0.79375,0.36666667,0.108333334,0.40416667,0.25,0.46666667,0.4875,0.4625,0.5520833,0.12708333,0.22083333,0.20208332,0.5541667,0.38125,0.15833333,0.22083333,0.09375,0.39166665,0.28333333,0.30833334
BC2026_Train_0016_S18_20220204_221500_60,0.26458335,0.28333333,0.12916666,0.73541665,0.48333332,0.31458333,0.9979167,0.43333334,0.2708333,0.9125,0.7291666,0.72291666,0.7125,0.5833333,0.3020833,0.5104167,0.7416667,0.725,0.9166666,0.86249995,0.68333334,0.39166665,0.8041667,0.60833335,0.2,0.5833333,0.4875,0.42083332,0.17291667,0.6166667,0.34375,0.35208333,0.18333334,0.6645833,0.21666667,0.46875,0.46458334,0.16666666,0.49583334,0.4625,0.18333334,0.37291667,0.29583335,0.36666667,0.24791667,0.30625,0.26875,0.08541667,0.13333333,0.17083333,0.4270833,0.39375,0.3875,0.37916666,0.40833333,0.15416667,0.45,0.65,0.24166667,0.7270833,0.98125,0.38541666,0.6645833,0.6333333,0.48333335,0.375,0.47708333,0.6,0.43958333,0.40833333,0.51874995,0.23541667,0.44375,0.16666667,0.3958333,0.12708333,0.7604166,0.21249999,0.825,0.63958335,0.525,0.20416667,0.63125,0.85625005,0.35208333,0.3875,0.48125,0.3229167,0.27083334,0.5395833,0.425,0.108333334,0.42916667,0.5208333,0.44583333,0.76874995,0.41041666,0.275,0.22291666,0.33958334,0.47708333,0.29583335,0.21458334,0.80833334,0.9145833,0.5395833,0.50208336,0.67083335,0.15416667,0.28750002,0.104166664,0.9395833,0.37604165,0.14791667,0.51875,0.22291666,0.90625,0.88125,0.88125,0.11458333,0.6020833,0.15625,0.21875,0.21041666,0.76874995,0.0875,0.19375,0.2125,0.6,0.8770833,0.43541667,0.57916665,0.5,0.14375,0.21875,0.1625,0.44375,0.30833334,0.08541667,0.5020833,0.62916666,0.38333333,0.3229167,0.099999994,0.23333332,0.36875,0.2125,0.2625,0.61041665,0.41250002,0.6041666,0.14166667,0.28541666,0.37291667,0.29583335,0.18541667,0.51666665,0.23750001,0.11875,0.39999998,0.46458334,0.108333334,0.40833333,0.15,0.5,0.15833333,0.83958334,0.18333334,0.20416668,0.23333332,0.39375,0.24791667,0.15416667,0.37291667,0.4166667,0.78541666,0.23958334,0.24583334,0.18958333,0.23124999,0.28541666,0.6166667,0.92083335,0.55625,0.45833334,0.58958334,0.6020833,0.11875,0.38541666,0.83958334,0.28125,0.5,0.3875,0.2125,0.14166667,0.20416667,0.2125,0.32083333,0.24375,0.5208334,0.31875,0.75625,0.30416667,0.35,0.45625,0.19791666,0.28541666,0.33749998,0.44583333,0.22708333,0.35833335,0.16250001,0.59375,0.16458333,0.64374995,0.4875,0.0875,0.47500002,0.25416666,0.5625,0.36041665,0.6770834,0.4791667,0.15833333,0.1,0.23333332,0.475,0.225,0.21041666,0.35625,0.09583334,0.5125,0.30625,0.30625
BC2026_Train_0017_S22_20211026_233000_5,0.47708333,0.31041667,0.70624995,0.67291665,0.53333336,0.33125,0.7895833,0.80625,0.5625,0.8229166,0.9020833,0.8625,0.6583333,0.45416668,0.2375,0.72291666,0.44583333,0.5625,0.98333335,0.5645833,0.48125,0.8333333,0.40208334,0.9354167,0.22916666,0.228125,0.32708335,0.73333335,0.47291666,0.99583334,0.28333333,0.13958333,0.21041667,0.1875,0.25,0.09375,0.25,0.37708333,0.42083335,0.15416667,0.39999998,0.3229167,0.3125,0.14583333,0.3,0.3625,0.31458336,0.22708333,0.5104166,0.54583335,0.23541665,0.2125,0.22083333,0.37708333,0.2,0.85625005,0.17708334,0.9125,0.9458333,0.96458334,0.98125005,0.46249998,0.2625,0.7604166,0.76458335,0.8125,0.8875,0.81875,0.5083333,0.953125,0.3375,0.13749999,0.20208333,0.9166666,0.37916666,0.275,0.17291667,0.32708335,0.060416665,0.8104167,0.5520833,0.09583333,0.9041667,0.61041665,0.48958334,0.53125,0.2,0.95624995,0.34166667,0.26875,0.23333333,0.45416665,0.6666666,0.8104167,0.7708333,0.7875,0.73541665,0.6375,0.9145833,0.5541667,0.2,0.4375,0.1625,0.9604167,0.85,0.46041667,0.18958333,0.40208334,0.44583333,0.3,0.23958334,0.44166666,0.13541667,0.09375,0.22916666,0.19166666,0.19375001,0.40208334,0.375,0.6041666,0.60625,0.20416668,0.22916666,0.40416667,0.9354167,0.35000002,0.3875,0.43541664,0.039583333,0.36666667,0.84375,0.46875,0.82708335,0.96666664,0.48333332,0.108333334,0.5208334,0.63958335,0.37083334,0.9604167,0.36874998,0.24375,0.077083334,0.13125,0.9625,0.3229167,0.09791666,0.6354166,0.6791667,0.25625002,0.525,0.18333334,0.37708333,0.075,0.8770833,0.25,0.39791667,0.40833336,0.099999994,0.35208333,0.06666667,0.725,0.69166666,0.21666667,0.11458333,0.92291665,0.64166665,0.28541666,0.08958334,0.27499998,0.60625005,0.26666668,0.15,0.17708334,0.36041665,0.91875005,0.14791667,0.8375,0.35208333,0.9083333,0.12708333,0.06041667,0.47708333,0.29791668,0.49791667,0.16666667,0.20208332,0.18333334,0.07083333,0.29791665,0.054166667,0.91041666,0.39374998,0.73125005,0.325,0.48333335,0.325,0.083333336,0.64166665,0.5729167,0.1625,0.15833333,0.39375,0.29375,0.3,0.31875,0.9666667,0.425,0.32708335,0.79375005,0.20208333,0.4479167,0.40625,0.60625,0.88958335,0.7791667,0.24166667,0.76458335,0.1625,0.725,0.21041667,0.25625,0.73333335,0.19791667,0.1625,0.36874998,0.33541667,0.6166667,0.5520833,0.44375002,0.6229167,0.5625,0.19999999,0.079166666
BC2026_Train_0017_S22_20211026_233000_10,0.4875,0.26041666,0.69375,0.6458333,0.625,0.37083334,0.70208335,0.875,0.6020833,0.8125,0.86041665,0.78125,0.8145833,0.104166664,0.27291667,0.7895833,0.40833333,0.8145833,0.9895834,0.66875,0.46041667,0.975,0.25416666,0.71458334,0.18958333,0.20833334,0.32708335,0.7083334,0.32708335,0.99583334,0.27395833,0.1625,0.29583335,0.14583334,0.27708334,0.09166667,0.28750002,0.49375,0.45208335,0.15,0.45833334,0.33125,0.18541667,0.15833333,0.24374999,0.27499998,0.38541666,0.32708335,0.5708333,0.66875,0.20416667,0.17083333,0.18958333,0.33541667,0.21458334,0.8520833,0.17916667,0.86875,0.89166665,0.9895834,0.9895834,0.56875,0.2708333,0.7875,0.90625,0.84375,0.83124995,0.95,0.49375,0.9666667,0.30624998,0.125,0.35625,0.97291666,0.47500002,0.29583332,0.14375,0.34375,0.06875,0.95625,0.6375,0.12916666,0.8229166,0.47291666,0.46041667,0.5625,0.23125,0.9,0.43958336,0.24375,0.21458334,0.5541667,0.39375,0.8,0.67291665,0.8333333,0.75,0.60833335,0.76666665,0.55833334,0.18541667,0.6333333,0.21041667,0.9770833,0.91875,0.32916665,0.26875,0.5083333,0.40625,0.12916666,0.22291666,0.41041666,0.23333333,0.079166666,0.22083333,0.17916666,0.08125,0.44583333,0.25416666,0.7416667,0.62083334,0.31666666,0.13958333,0.45625,0.925,0.42291665,0.46249998,0.37083334,0.0375,0.49791667,0.81666666,0.40416667,0.96875,0.9479166,0.475,0.13958333,0.60833335,0.8416667,0.5375,0.95416665,0.3,0.32500002,0.05,0.12708333,0.9583333,0.31666666,0.09375,0.81875,0.62916666,0.26666665,0.48541665,0.3854167,0.26666668,0.052083336,0.8666667,0.42083335,0.55625,0.22291666,0.047916666,0.42916667,0.08333333,0.46458334,0.74375,0.4583333,0.03541667,0.95208335,0.5395833,0.33541667,0.10208333,0.2,0.64375,0.32916668,0.0625,0.31041664,0.51250005,0.71875,0.14583333,0.8520833,0.21666667,0.7625,0.087500006,0.09583333,0.32708332,0.16666666,0.42083335,0.039583333,0.14166667,0.09583333,0.19791667,0.36874998,0.041666668,0.9041667,0.55833334,0.7166667,0.32083333,0.3958333,0.28958333,0.06666666,0.56875,0.67083335,0.079166666,0.34583333,0.6020833,0.19583333,0.24375,0.30416667,0.9625,0.34583333,0.32708335,0.5916667,0.1125,0.19375,0.50625,0.62083334,0.9041667,0.8125,0.18958333,0.75416666,0.08125,0.7416667,0.1875,0.25416666,0.65,0.24583334,0.20833333,0.34166667,0.26666668,0.7479167,0.43333334,0.24375,0.59375,0.6020833,0.16041666,0.058333334
BC2026_Train_0017_S22_20211026_233000_15,0.48541665,0.3854167,0.78541666,0.6333333,0.42083332,0.29583332,0.6020833,0.93333334,0.5083333,0.84375,0.95,0.95208335,0.5020833,0.079166666,0.14583333,0.69166666,0.4010417,0.26875,0.975,0.39791667,0.38333333,0.66875005,0.09166667,0.5854167,0.10208334,0.25208333,0.20208333,0.76875,0.28541666,0.99583334,0.21666667,0.025,0.28333333,0.13958333,0.66041666,0.01875,0.12291667,0.425,0.44583333,0.07083333,0.51875,0.3333333,0.11875,0.020833334,0.22291666,0.225,0.36666667,0.32291666,0.55833334,0.60833335,0.12291667,0.081250004,0.108333334,0.28437498,0.27499998,0.9270834,0.077083334,0.7291666,0.92083335,0.9291667,0.9666667,0.45833334,0.16041666,0.73333335,0.67291665,0.9416667,0.8666667,0.9479166,0.46041667,0.9645833,0.25,0.08125,0.06666667,0.9125,0.40833333,0.35208333,0.07083333,0.43958333,0.027083334,0.75625,0.62083334,0.09791666,0.84791666,0.38333333,0.37291664,0.97291666,0.033333335,0.7291666,0.2875,0.17708334,0.24791667,0.9479166,0.31875,0.6958333,0.54791665,0.6354166,0.85,0.5875,0.40833333,0.2708333,0.108333334,0.60833335,0.2625,0.95624995,0.74375,0.28125,0.08125,0.2375,0.21875,0.029166667,0.08541667,0.30833334,0.08541667,0.045833334,0.3645833,0.043750003,0.19791667,0.475,0.27916667,0.78333336,0.57916665,0.18541667,0.09166667,0.25,0.95,0.35208333,0.19791666,0.37291667,0.025000002,0.4125,0.96458334,0.16666666,0.8020833,0.9375,0.2875,0.15416667,0.51666665,0.88958335,0.44166666,0.9708333,0.31041667,0.060416665,0.033333335,0.04791667,0.975,0.28958333,0.058333337,0.80625,0.55,0.25416666,0.425,0.22708334,0.29791668,0.056250002,0.71875,0.40416664,0.27291667,0.19791667,0.06041667,0.28958333,0.039583333,0.26041666,0.5708333,0.75625,0.054166667,0.8416667,0.5083333,0.2625,0.16874999,0.12916666,0.49791667,0.17291667,0.12291667,0.15625,0.29375,0.47500002,0.1625,0.5645833,0.22083333,0.7583333,0.077083334,0.022916667,0.17916667,0.110416666,0.41666666,0.014583334,0.06875,0.108333334,0.06666667,0.25625,0.06666666,0.9145833,0.37083334,0.5416667,0.28541666,0.36875,0.17291667,0.09791666,0.38125,0.6145833,0.027083334,0.26041666,0.5333333,0.19375001,0.12916666,0.21041666,0.95416665,0.42708334,0.1375,0.104166664,0.18958333,0.07083333,0.325,0.55,0.90625,0.81875,0.31875,0.7291667,0.0375,0.7604166,0.12708333,0.13958333,0.5083333,0.083333336,0.13541667,0.31875,0.21875,0.5020833,0.37083334,0.2125,0.54791665,0.3645833,0.15416667,0.075
BC2026_Train_0017_S22_20211026_233000_20,0.55833334,0.5875,0.9125,0.60625005,0.45833334,0.3541667,0.76666665,0.9083333,0.38541666,0.875,0.975,0.9979167,0.33333334,0.5208333,0.17708333,0.67291665,0.50416666,0.110416666,0.8854166,0.44375,0.42916667,0.39374998,0.14166667,0.68541664,0.22291668,0.32916665,0.24375,0.85833335,0.57708335,0.98541665,0.3229167,0.0875,0.48749998,0.20625001,0.7520833,0.1375,0.16875,0.45208335,0.53125,0.17708333,0.55,0.4270833,0.23958333,0.09583333,0.22708333,0.20833334,0.3625,0.5395833,0.5958333,0.59791666,0.22291666,0.16666667,0.175,0.39166665,0.28958333,0.98333335,0.09166667,0.63750005,0.77916664,0.7270833,0.9729167,0.5052083,0.20416668,0.65208334,0.46458334,0.9770833,0.9270833,0.95625,0.51666665,0.98333335,0.31458336,0.21041667,0.072916664,0.7604166,0.88958335,0.41875,0.052083336,0.46666664,0.04375,0.36458334,0.60833335,0.08958334,0.79375,0.48333332,0.6333333,1.0,0.079166666,0.6354167,0.3385417,0.2625,0.26666665,0.9916667,0.5708333,0.40208334,0.5333333,0.625,0.84791666,0.5958333,0.45,0.2,0.1,0.51875,0.24583334,0.9770833,0.71458334,0.5708333,0.1875,0.30416667,0.16874999,0.03541667,0.052083336,0.35,0.14479166,0.027083334,0.40208334,0.110416666,0.175,0.50625,0.25416666,0.7583333,0.63125,0.26458335,0.19999999,0.14166667,0.92291665,0.23958334,0.22708334,0.7270833,0.056250002,0.31875,0.99375,0.21666667,0.5,0.9895834,0.575,0.15208334,0.5229167,0.85625,0.50416666,0.9708333,0.38958332,0.029166669,0.08333333,0.03125,0.98333335,0.20833334,0.04791667,0.8375,0.64166665,0.22083333,0.5916667,0.17083333,0.15208334,0.06875,0.8520833,0.47083333,0.2,0.25,0.14166667,0.38333333,0.09791667,0.22083333,0.38333333,0.81666666,0.06666666,0.6958333,0.61041665,0.13541666,0.072916664,0.125,0.67083335,0.15208334,0.12708333,0.125,0.17291667,0.41666666,0.14791667,0.17291667,0.27291667,0.90625,0.06458333,0.033333335,0.16458334,0.06041667,0.31041667,0.074999996,0.15833333,0.1375,0.15208334,0.48749998,0.047916666,0.94375,0.35416666,0.61041665,0.125,0.39375,0.26666665,0.041666668,0.5645833,0.5333333,0.0375,0.2916667,0.89375,0.25416666,0.11458333,0.23958333,0.9770833,0.60625,0.27083334,0.108333334,0.079166666,0.014583334,0.23958334,0.546875,0.9083333,0.7708333,0.18125,0.8145833,0.033333335,0.9333333,0.125,0.13333333,0.64166665,0.28541666,0.26666665,0.47708333,0.303125,0.4,0.47291666,0.41041666,0.54583335,0.29166666,0.325,0.09583333
BC2026_Train_0017_S22_20211026_233000_25,0.5708333,0.5104167,0.92291665,0.62916666,0.425,0.4875,0.7270833,0.8833333,0.47499996,0.8666667,0.95416665,0.98333335,0.35625002,0.4125,0.17708333,0.7833333,0.4166667,0.10416667,0.7395834,0.47708333,0.5104167,0.43124998,0.6,0.49166667,0.325,0.34375,0.35833335,0.82916665,0.6875,0.98541665,0.29375,0.16874999,0.46041667,0.18125,0.61875,0.26145834,0.23541667,0.39166665,0.5291667,0.22083333,0.31875002,0.38125,0.1125,0.1875,0.23333333,0.21666667,0.3,0.6270833,0.5645833,0.5125,0.17708334,0.125,0.13333334,0.31041667,0.34583333,0.8875,0.11875,0.6229167,0.7270833,0.6479167,0.95416665,0.475,0.2,0.67083335,0.5020833,0.8833333,0.91041666,0.9625,0.6645833,0.996875,0.31041667,0.2625,0.1625,0.6958333,0.95208335,0.2604167,0.15,0.3875,0.054166667,0.35833335,0.45208335,0.08958334,0.775,0.53541666,0.7625,0.99583334,0.083333336,0.65416664,0.25208333,0.21666667,0.27916667,0.95000005,0.38125,0.34583333,0.44583333,0.72291666,0.79791665,0.55833334,0.43333334,0.325,0.12708333,0.45416665,0.24583334,0.9875,0.75,0.6333333,0.20833333,0.41041666,0.21041667,0.054166667,0.025000002,0.34791666,0.075,0.025,0.3,0.22708334,0.08958334,0.5270833,0.10625,0.58125,0.6645833,0.19583333,0.23750001,0.25,0.98333335,0.38333336,0.21458334,0.9604167,0.052083336,0.31458333,0.9895834,0.18333334,0.45000002,0.9875,0.63958335,0.108333334,0.54791665,0.78125,0.42916667,0.97083336,0.3958333,0.10625,0.0375,0.014583334,0.97291666,0.31875,0.022916667,0.7479167,0.5708333,0.22708334,0.60833335,0.225,0.13541667,0.0625,0.93333334,0.31041667,0.17500001,0.26041666,0.06666666,0.30208334,0.06666666,0.2875,0.44583333,0.6583333,0.025,0.70416665,0.54791665,0.33541667,0.041666668,0.16041666,0.79583335,0.25625,0.06666666,0.23333333,0.21666667,0.47291666,0.2125,0.2125,0.42708334,0.9625,0.047916666,0.058333334,0.18958333,0.052083336,0.32916665,0.057291668,0.085416675,0.22291666,0.11666667,0.48125002,0.022916667,0.93333334,0.22708333,0.66875,0.25833333,0.37916666,0.1625,0.083333336,0.65,0.5541667,0.06458333,0.20000002,0.84375,0.22083333,0.275,0.14375,0.975,0.6666666,0.325,0.26458335,0.14166667,0.033333335,0.35000002,0.49375,0.86875,0.76875,0.20208333,0.80833334,0.050000004,0.9145833,0.12291667,0.25833333,0.62916666,0.19375001,0.21666667,0.65625,0.27291667,0.475,0.5208334,0.3375,0.39791667,0.34791666,0.33958334,0.0625
BC2026_Train_0017_S22_20211026_233000_30,0.54583335,0.36041665,0.8208333,0.6,0.325,0.1875,0.5729167,0.85833335,0.34375,0.87083334,0.9583333,0.89374995,0.35416666,0.025,0.06458333,0.5625,0.3020833,0.05625,0.696875,0.3875,0.23125,0.38958332,0.45,0.11666666,0.19166666,0.19375,0.14166667,0.49583334,0.53125,0.9739584,0.39166665,0.06041667,0.47083333,0.22083333,0.1625,0.116666675,0.108333334,0.36041665,0.62083334,0.12916666,0.37083334,0.49583334,0.03125,0.07083334,0.114583336,0.116666675,0.225,0.54791665,0.53541666,0.47708333,0.10208333,0.08125,0.09166666,0.3875,0.27916667,0.6875,0.19166666,0.675,0.65,0.7270833,0.9791667,0.35,0.15625,0.7208333,0.4625,0.45416665,0.8229166,0.7833333,0.39375,0.9875,0.25,0.072916664,0.03125,0.9291667,0.73125,0.07083333,0.056250002,0.29375,0.039583333,0.275,0.44166666,0.06458333,0.7875,0.6020833,0.37916666,0.9875,0.045833334,0.7479167,0.22083333,0.10208333,0.275,0.5708333,0.15625,0.28333333,0.25208333,0.63125,0.68333334,0.5833334,0.3625,0.16458333,0.058333337,0.33541664,0.30208334,0.9895834,0.70208335,0.34166667,0.114583336,0.32083333,0.12708333,0.01875,0.06458333,0.43541667,0.114583336,0.03125,0.08333333,0.09166667,0.08541667,0.37916666,0.1375,0.53749996,0.47708333,0.20208332,0.20833333,0.14166667,0.7729167,0.23541667,0.16666666,0.6645833,0.039583333,0.46666667,0.95000005,0.08333333,0.38958332,0.99375,0.60833335,0.06875,0.38333336,0.72291666,0.3645833,0.99583334,0.36666667,0.083333336,0.05625,0.014583333,0.9979167,0.041666668,0.06666666,0.8541666,0.60833335,0.20208333,0.6479167,0.10625,0.16666666,0.06041667,0.6583333,0.27708334,0.13958333,0.21458334,0.10625,0.12916666,0.05,0.25,0.15208332,0.31041667,0.012500001,0.7291667,0.5541667,0.17083333,0.108333334,0.058333334,0.4625,0.18541667,0.054166667,0.16458334,0.14375,0.48333332,0.12291667,0.1375,0.15,0.8416667,0.029166669,0.01875,0.10625,0.0125,0.35,0.0062500006,0.079166666,0.10625,0.04375,0.65208334,0.041666668,0.8125,0.3229167,0.66875,0.19583333,0.25208333,0.1375,0.056250002,0.52916664,0.41666666,0.03125,0.11666667,0.51458335,0.19375001,0.10416667,0.25625,0.9510417,0.11875,0.19791667,0.07916667,0.21249999,0.029166667,0.3020833,0.34166667,0.86875,0.7729167,0.075,0.6458334,0.016666668,0.7416667,0.085416675,0.043750003,0.61875,0.19583333,0.14583334,0.46249998,0.29375,0.39999998,0.40208334,0.40208334,0.39375,0.21249999,0.20625001,0.041666668
BC2026_Train_0017_S22_20211026_233000_35,0.61041665,0.34166664,0.73333335,0.5645833,0.32083333,0.1125,0.3645833,0.82500005,0.2375,0.81875,0.8770833,0.6979167,0.18541667,0.004166667,0.041666668,0.39375,0.225,0.039583333,0.725,0.29583335,0.225,0.43333334,0.34791666,0.114583336,0.1125,0.0625,0.2,0.37708333,0.23958333,0.9604167,0.42291665,0.041666668,0.5854167,0.15416667,0.10208333,0.054166667,0.099999994,0.41458333,0.64375,0.08958334,0.5291667,0.5833334,0.027083334,0.05,0.14166667,0.14791667,0.31666666,0.6,0.59791666,0.5645833,0.09166667,0.09166667,0.09583334,0.5520833,0.2625,0.54583335,0.08958334,0.63125,0.46458334,0.7416667,0.94375,0.34583333,0.13958333,0.625,0.43333334,0.32083333,0.8020834,0.64374995,0.31875002,0.9666667,0.23958333,0.052083336,0.014583334,0.78125,0.8145833,0.22083333,0.010416667,0.17916667,0.010416667,0.33125,0.46458334,0.09583333,0.75,0.44375,0.21875,0.98541665,0.025,0.69375,0.22708334,0.116666675,0.35625,0.15208334,0.17916667,0.30833334,0.14791666,0.7270833,0.62916666,0.5729166,0.39999998,0.14166667,0.09583334,0.3125,0.3083333,0.9979167,0.65,0.38750002,0.13749999,0.22083333,0.15833333,0.022916667,0.014583334,0.35833332,0.014583333,0.054166667,0.23541668,0.110416666,0.15208332,0.40208334,0.30625,0.5395833,0.49375,0.16875,0.19166668,0.16458334,0.61041665,0.34166667,0.15,0.275,0.004166667,0.32083333,0.7583333,0.15833333,0.39999998,1.0,0.6270833,0.15208334,0.38750002,0.61875004,0.37708333,0.99583334,0.39791664,0.09375,0.014583333,0.0062500006,0.99375,0.12291666,0.022916667,0.63125,0.57916665,0.1875,0.8104167,0.24791667,0.11458333,0.01875,0.24583334,0.20208333,0.26874998,0.17083332,0.24375,0.17083332,0.077083334,0.175,0.23958334,0.3166667,0.043750003,0.6979166,0.41041666,0.12916666,0.083333336,0.03125,0.49583334,0.16666667,0.029166667,0.26041666,0.26041666,0.6229167,0.07083333,0.094791666,0.16875,0.44166666,0.016666668,0.014583333,0.12916666,0.05,0.3020833,0.06875,0.039583333,0.025,0.104166664,0.78125,0.004166667,0.85625005,0.0875,0.9270833,0.18541667,0.17916667,0.12708333,0.081250004,0.41041666,0.46041667,0.0375,0.21666665,0.6791667,0.17916666,0.104166664,0.22916667,0.95416665,0.060416665,0.14375,0.29791665,0.12916666,0.016666668,0.175,0.32708335,0.8458333,0.72291666,0.18541667,0.5520833,0.027083334,0.7,0.07291667,0.110416666,0.47083333,0.0875,0.18958333,0.25416666,0.2708333,0.38541666,0.29791665,0.39166668,0.35208336,0.1875,0.13333333,0.027083334
BC2026_Train_0017_S22_20211026_233000_40,0.5395833,0.28541666,0.7166667,0.65208334,0.39583334,0.19375,0.45,0.79583335,0.4895833,0.8333333,0.8645833,0.7208333,0.34791666,0.045833334,0.09791666,0.41041666,0.29375002,0.8333334,0.6354166,0.46458334,0.34791666,0.7,0.22708333,0.16875,0.110416666,0.13125,0.1625,0.40625,0.29791668,0.94375,0.36666667,0.027083334,0.42291668,0.09583333,0.1125,0.045833334,0.06041667,0.37291667,0.6583333,0.039583333,0.45,0.49374998,0.03125,0.035416666,0.13958333,0.14375001,0.27291667,0.45208332,0.5520833,0.5125,0.079166666,0.08958334,0.077083334,0.37291667,0.20625,0.50416666,0.06875,0.65208334,0.67083335,0.9916667,0.9583333,0.41875,0.17083333,0.7125,0.82708335,0.30833334,0.8083333,0.89375,0.45208335,0.97083336,0.23958333,0.13333334,0.06458333,0.9583334,0.8125,0.22083333,0.0062500006,0.08125,0.010416667,0.8145833,0.5208334,0.09583333,0.7791667,0.41041666,0.19999999,0.97291666,0.035416666,0.55,0.21666667,0.19375,0.28958333,0.271875,0.18958333,0.3125,0.15833333,0.90625,0.58958334,0.54375,0.39791667,0.28125,0.079166666,0.3020833,0.28020832,0.9979167,0.9,0.34375,0.10625,0.29375,0.15833333,0.020833334,0.0125,0.35833335,0.041666668,0.010416667,0.11875,0.043750003,0.083333336,0.36666667,0.15208334,0.49375,0.58125,0.077083334,0.13541666,0.029166669,0.7125,0.34583333,0.15520833,0.27708334,0.0375,0.31458333,0.71458334,0.12708333,0.95416665,0.98541665,0.57916665,0.058333337,0.5104167,0.57708335,0.34166667,0.98541665,0.38333333,0.060416665,0.014583334,0.014583334,0.99375,0.06875,0.025,0.68125,0.50208336,0.22083333,0.725,0.15625,0.15833333,0.052083332,0.23333333,0.1,0.22083333,0.08541667,0.225,0.23124999,0.110416666,0.24166667,0.31041667,0.22291668,0.047916666,0.6791667,0.41041666,0.23125,0.035416666,0.010416667,0.46041667,0.17291667,0.0375,0.12083333,0.2,0.56875,0.13541666,0.41041666,0.11666667,0.3645833,0.012500001,0.014583334,0.09583333,0.087500006,0.42291665,0.04791667,0.041666668,0.022916667,0.16041666,0.74583334,0.025,0.81875,0.3333333,0.85833335,0.110416666,0.1375,0.13958333,0.10416667,0.48541665,0.45625,0.03125,0.114583336,0.55625,0.13333333,0.09791667,0.17291667,0.9583334,0.1,0.08645833,0.25625,0.16874999,0.07291667,0.29166666,0.225,0.8520833,0.725,0.041666668,0.5729166,0.014583333,0.6854167,0.06458333,0.065625,0.51458335,0.04375,0.26458332,0.28333333,0.27291664,0.7916667,0.41875,0.35,0.39375,0.24791667,0.15416667,0.008333334
BC2026_Train_0017_S22_20211026_233000_45,0.49791667,0.35208333,0.7395834,0.73541665,0.51666665,0.40833333,0.47083333,0.8541666,0.66041666,0.87291664,0.925,0.625,0.46041667,0.36666667,0.18333334,0.65,0.35833332,0.93333334,0.7395833,0.73749995,0.37708333,0.96875,0.108333334,0.35,0.13541667,0.17083333,0.13125,0.35,0.38958332,0.94375,0.24791667,0.06458333,0.34791666,0.118750006,0.16666667,0.05,0.12083334,0.40416667,0.56458336,0.0625,0.37708333,0.36874998,0.052083336,0.06041667,0.19375,0.23333333,0.30833334,0.41041666,0.5916667,0.5958333,0.0875,0.07083333,0.08125,0.27291667,0.19583333,0.78333336,0.075,0.65208334,0.7833333,1.0,0.9979167,0.4479167,0.16250001,0.8208333,0.98333335,0.54375,0.87916666,0.98125005,0.41875002,0.97291666,0.23541667,0.14375001,0.08958334,0.99583334,0.62291664,0.17708333,0.06875,0.30833334,0.029166669,0.9875,0.58958334,0.108333334,0.7791667,0.4895833,0.32916668,0.8229166,0.125,0.46458334,0.19166666,0.3229167,0.31666666,0.24374999,0.34791666,0.5541667,0.225,0.79791665,0.69375,0.5958333,0.36041665,0.39375,0.11875,0.55833334,0.24583334,0.98541665,0.5020833,0.32708335,0.21249999,0.44166666,0.15208334,0.014583333,0.04791667,0.3375,0.039583333,0.01875,0.225,0.047916666,0.099999994,0.39166665,0.14375,0.5729166,0.7395834,0.2375,0.052083332,0.23333333,0.51875,0.38958335,0.25,0.30833334,0.012500001,0.475,0.6125,0.045833334,0.99375,0.9770833,0.47708333,0.09583333,0.7270833,0.78125,0.328125,0.98333335,0.35208336,0.09166667,0.025,0.020833334,0.98125005,0.2375,0.004166667,0.69375,0.5625,0.33541667,0.65,0.19375,0.17708334,0.027083334,0.25833333,0.29375,0.66875005,0.17291667,0.114583336,0.3854167,0.08125,0.27708334,0.73333335,0.20416667,0.039583333,0.71458334,0.5208334,0.08125,0.039583333,0.06666666,0.334375,0.27291667,0.012500001,0.20833333,0.21041666,0.45833334,0.25416666,0.6958333,0.1,0.47291666,0.025,0.020833334,0.24583334,0.045833334,0.425,0.05625,0.114583336,0.014583333,0.025,0.39791667,0.035416666,0.87916666,0.49374998,0.59375,0.1625,0.17916667,0.12916666,0.058333334,0.54791665,0.5541667,0.033333335,0.20625,0.39583334,0.2375,0.13958333,0.22291668,0.93854165,0.16666667,0.10520834,0.2,0.17916666,0.058333334,0.7270833,0.20833334,0.8520833,0.72291666,0.075,0.5854167,0.012500001,0.6541667,0.14375,0.029166669,0.7395833,0.12083334,0.3,0.28958333,0.33333334,0.98333335,0.3875,0.26875,0.81458336,0.39375,0.12083334,0.020833334
BC2026_Train_0017_S22_20211026_233000_50,0.61875,0.5416667,0.81875,0.6041666,0.36666667,0.28541666,0.39791667,0.8989583,0.52500004,0.8645834,0.95000005,0.7104167,0.29583335,0.19166666,0.18958333,0.6916667,0.32916665,0.8729167,0.7479167,0.50416666,0.3125,0.70625,0.11666667,0.14791667,0.12708333,0.14583333,0.1625,0.38750002,0.43541664,0.94375,0.32083333,0.05,0.5604167,0.15416667,0.25,0.054166667,0.14791667,0.47708333,0.59791666,0.077083334,0.4875,0.43541667,0.058333334,0.05625,0.22291666,0.29583335,0.5083333,0.6,0.6354166,0.65208334,0.14375,0.10416667,0.12083334,0.31666666,0.36041665,0.87916666,0.075,0.6791667,0.7166667,0.9916667,0.9916667,0.41875,0.118750006,0.80625,0.8979167,0.57916665,0.88125,0.95416665,0.53125,0.9708333,0.26666668,0.12916666,0.19166666,0.9625,0.5416666,0.20416667,0.07083333,0.25416666,0.03125,0.90208334,0.51458335,0.0875,0.80625,0.6854167,0.37291667,0.32916668,0.08541667,0.58125,0.32708332,0.21666667,0.3958333,0.27083334,0.59375,0.59791666,0.3020833,0.7520833,0.7708334,0.625,0.27708334,0.21249999,0.0375,0.46041667,0.35416666,0.95416665,0.39375,0.27291667,0.2,0.21041667,0.11666667,0.008333334,0.022916667,0.41666666,0.01875,0.004166667,0.099999994,0.08125,0.2125,0.37083334,0.13333333,0.5645833,0.6354167,0.11875,0.081250004,0.18125,0.74375,0.34583333,0.2875,0.41875,0.039583333,0.41250002,0.64166665,0.0625,0.9625,0.61875,0.20625,0.15833333,0.5104167,0.8875,0.26041666,0.9708333,0.35416666,0.039583333,0.0125,0.06041667,0.98125005,0.22083335,0.027083334,0.6541667,0.7916666,0.27708334,0.63958335,0.13333334,0.23958333,0.025,0.49374998,0.21875,0.32708335,0.20416668,0.17916667,0.3645833,0.112500004,0.3125,0.49583334,0.425,0.020833334,0.775,0.71458334,0.25833333,0.027083334,0.014583334,0.35208333,0.19791667,0.08541667,0.12916666,0.15208334,0.4479167,0.17291667,0.45833334,0.08125,0.5958333,0.0375,0.016666668,0.21041667,0.08541667,0.35,0.09583333,0.0375,0.033333335,0.14375001,0.60625,0.01875,0.9583333,0.13958333,0.73541665,0.22291666,0.175,0.1,0.041666668,0.53125,0.47708333,0.04791667,0.33541667,0.51666665,0.15833333,0.22500001,0.17291667,0.98125,0.15625,0.077083334,0.08125,0.23125,0.15,0.52708334,0.225,0.85625005,0.75625,0.106249996,0.64374995,0.010416667,0.65,0.06666667,0.035416666,0.6791667,0.15208334,0.20625,0.35416666,0.18958333,0.81666666,0.43541667,0.17500001,0.7270833,0.3125,0.24375,0.020833334
BC2026_Train_0017_S22_20211026_233000_55,0.6875,0.59791666,0.90625,0.5854167,0.4,0.45625,0.5708333,0.9708333,0.57708335,0.81666666,0.8395833,0.85,0.41041666,0.68333334,0.50625,0.8729167,0.63958335,0.19166666,0.9041667,0.5416667,0.46041667,0.54583335,0.54583335,0.23958334,0.29583335,0.5958333,0.26458335,0.65208334,0.73749995,0.9291667,0.31041667,0.16666667,0.60833335,0.21875,0.31041667,0.23958334,0.24583334,0.54375,0.6125,0.17916667,0.6479167,0.44375002,0.12916666,0.19166666,0.41041666,0.45208335,0.58958334,0.6270833,0.68125,0.70000005,0.21875,0.17916667,0.18958333,0.3333333,0.42083332,0.95416665,0.19999999,0.7291666,0.79583335,0.8833333,0.98541665,0.6583333,0.17708333,0.8208333,0.90625,0.8,0.91875,0.89166665,0.5604167,0.9916667,0.41041666,0.275,0.35208333,0.65208334,0.8958333,0.22291668,0.09375,0.34583333,0.052083336,0.40625,0.66875005,0.19375,0.89375,0.6145834,0.68125,0.4375,0.15,0.67083335,0.5625,0.2875,0.425,0.25416666,0.5104167,0.34375,0.40625,0.6166667,0.8833333,0.6666667,0.5395833,0.21666667,0.10625,0.64166665,0.55833334,0.97083336,0.64374995,0.36666667,0.23958334,0.3625,0.21458334,0.041666668,0.09166667,0.46249998,0.1125,0.054166667,0.29791668,0.13541666,0.18541667,0.33125,0.26666665,0.6666666,0.6145834,0.3625,0.118750006,0.34791666,0.9583334,0.43958333,0.4166667,0.92499995,0.07083334,0.5541667,0.725,0.20416668,0.50624996,0.6041667,0.44375002,0.24166667,0.434375,0.82708335,0.47708333,0.99583334,0.5125,0.15833333,0.087500006,0.18541667,0.96666664,0.23958334,0.07083334,0.80833334,0.6458333,0.36041665,0.6,0.25416666,0.43333334,0.09166667,0.90416664,0.32187498,0.13958333,0.39791667,0.37916666,0.4125,0.15833333,0.42083335,0.42708334,0.5229167,0.1125,0.9041667,0.61875,0.2125,0.06041667,0.15625,0.50416666,0.3229167,0.11666666,0.17083333,0.3375,0.7166667,0.19583333,0.525,0.3125,0.9395833,0.077083334,0.0875,0.27291667,0.09166667,0.46875,0.03125,0.077083334,0.22708333,0.16875,0.76666665,0.0625,0.9625,0.3645833,0.94166666,0.36041665,0.37708333,0.23333333,0.10208333,0.7416667,0.5,0.09166667,0.4625,0.7083333,0.16041666,0.19895834,0.27083334,0.95416665,0.15625,0.325,0.31875,0.43541667,0.36041665,0.43541667,0.31458333,0.87916666,0.79583335,0.18541667,0.82916665,0.039583333,0.8520833,0.13541666,0.09791666,0.72291666,0.23541668,0.2708333,0.57500005,0.29791668,0.4375,0.70624995,0.15208334,0.67291665,0.48125,0.27499998,0.054166667
BC2026_Train_0017_S22_20211026_233000_60,0.6458333,0.625,0.9354167,0.58124995,0.40833333,0.62291664,0.50416666,0.9322916,0.6270833,0.80625,0.81875,0.8979167,0.60833335,0.8333333,0.58124995,0.9479166,0.5208334,0.25,0.9125,0.65,0.46249998,0.47083333,0.6958333,0.24791667,0.34166664,0.87083334,0.35833332,0.7708334,0.9770833,0.9395833,0.39375,0.28958333,0.6541667,0.35,0.275,0.44583333,0.39791667,0.5520834,0.63958335,0.28333333,0.6166667,0.5104166,0.125,0.325,0.35416666,0.38541666,0.5833333,0.70208335,0.6583333,0.6895833,0.23333333,0.21041666,0.20416667,0.35208333,0.39375,0.9666667,0.17708334,0.8729167,0.7916666,0.86249995,0.95416665,0.55833334,0.29791665,0.78541666,0.7270833,0.47708333,0.925,0.9291667,0.51875,0.99895835,0.46458334,0.41458333,0.38958335,0.7625,0.8229166,0.06041667,0.17083333,0.41041666,0.083333336,0.33958334,0.62916666,0.1875,0.8041667,0.49791667,0.8854167,0.44791666,0.49583334,0.74583334,0.675,0.31666666,0.61875,0.3541667,0.6604167,0.37083334,0.5291667,0.71875,0.71875,0.63125,0.5416666,0.33541667,0.21041667,0.50625,0.56666666,0.93333334,0.75416666,0.44375002,0.32708332,0.5104167,0.24583334,0.15,0.10208333,0.42291665,0.35416666,0.12708333,0.27291667,0.42291665,0.19166666,0.21458334,0.26875,0.62083334,0.6229167,0.49791664,0.23750001,0.3125,0.9895834,0.4125,0.4895833,0.9875,0.054166667,0.63125,0.70208335,0.37083334,0.5104167,0.6979167,0.48333335,0.12083334,0.4895833,0.7416667,0.42916667,0.9708333,0.5875,0.42083335,0.1,0.21249999,0.9583333,0.38958335,0.099999994,0.7729167,0.6270833,0.33958334,0.65208334,0.37708333,0.51145834,0.23541668,0.94166666,0.29583335,0.26666668,0.5229167,0.14583333,0.47083333,0.33541667,0.56666666,0.52916664,0.6,0.08958333,0.95416665,0.67291665,0.47291666,0.15,0.16666666,0.475,0.40208334,0.25416666,0.29791668,0.32708335,0.6270833,0.34583336,0.85833335,0.6666666,0.990625,0.06875,0.21041667,0.36874998,0.23958334,0.60625,0.079166666,0.12291667,0.25833333,0.09791666,0.5541667,0.083333336,0.94375,0.49374998,0.8041667,0.45625,0.44166666,0.3,0.1125,0.55833334,0.475,0.20625001,0.32708335,0.6145833,0.25,0.35625,0.40625,0.97291666,0.44791666,0.30624998,0.240625,0.5208333,0.19166666,0.5625,0.34791666,0.8833333,0.7895833,0.45833334,0.7166667,0.07083333,0.8979167,0.21458334,0.20833333,0.73541665,0.32916668,0.37291667,0.69375,0.45416665,0.48333332,0.5875,0.37291667,0.7604166,0.47708333,0.4125,0.075
BC2026_Train_0018_S22_20211028_234500_5,0.36666667,0.60625,0.7291666,0.87083334,0.42916667,0.8770833,0.8833333,0.9583334,0.72291666,0.90208334,0.84375,0.87916666,0.81666666,0.9916667,0.8979167,0.57916665,0.5958333,0.61249995,0.7291667,0.91041666,0.65208334,0.47916666,0.55833334,0.9583334,0.23958333,0.87916666,0.39374998,0.93541664,0.59791666,0.87083334,0.13333334,0.31041667,0.59791666,0.7083333,0.5854167,0.3541667,0.30625,0.5229167,0.7125,0.3854167,0.67083335,0.4479167,0.46875,0.3125,0.51458335,0.525,0.59166664,0.6333333,0.6645833,0.65208334,0.3229167,0.3,0.31666666,0.6791667,0.37291667,0.9770833,0.17291667,0.84375,0.6375,0.5833334,0.6875,0.57916665,0.7395834,0.7583333,0.46458334,0.83125,0.9625,0.93333334,0.62083334,0.9510417,0.4270833,0.49374998,0.125,0.47291666,0.5125,0.16875,0.23333332,0.49583334,0.079166666,0.78125,0.85625,0.4270833,0.92291665,0.4479167,0.98333335,0.13125,0.475,0.83124995,0.32083333,0.51458335,0.4125,0.14375001,0.3958333,0.3854167,0.80625,0.6666667,0.7875,0.82708335,0.95208335,0.8395833,0.26875,0.39375,0.12708333,0.88125,0.76458335,0.22916666,0.25,0.33958334,0.51875,0.19375,0.5416667,0.73125005,0.39583334,0.27708334,0.17916667,0.31875,0.43125,0.52708334,0.5395833,0.66875,0.85833335,0.14166667,0.09583334,0.48125,0.95416665,0.4270833,0.42083335,0.19375001,0.23750001,0.6583333,0.69375,0.56666666,0.725,0.4791667,0.30625,0.20208333,0.43541667,0.6375,0.45000002,0.89374995,0.37291667,0.54583335,0.24791667,0.32916665,0.93333334,0.30416667,0.27291667,0.8770833,0.36041665,0.38958335,0.4583333,0.5104166,0.6916667,0.33333334,0.16666666,0.43124998,0.14166667,0.225,0.38125,0.54375,0.38333333,0.64166665,0.5020833,0.20625,0.54791665,0.86875,0.7,0.7604166,0.14583334,0.32083336,0.5833334,0.49374998,0.24375,0.12291667,0.41458333,0.2875,0.32708335,0.95208335,0.2604167,0.94166666,0.23958334,0.33958334,0.5958333,0.5625,0.43333334,0.054166667,0.28750002,0.125,0.24166666,0.56458336,0.39375,0.85,0.4583333,0.6020833,0.25208333,0.5104167,0.14166667,0.085416675,0.60625,0.43333334,0.234375,0.1375,0.45,0.54583335,0.47500002,0.6854167,0.97291666,0.24583334,0.23958334,0.8145833,0.022916667,0.5104166,0.22291666,0.53125,0.975,0.7083334,0.28541666,0.89374995,0.4791667,0.69166666,0.035416666,0.29375,0.5125,0.31458333,0.42708334,0.30416667,0.18333334,0.39791667,0.7604167,0.30624998,0.47708333,0.375,0.28958333,0.29583332
BC2026_Train_0018_S22_20211028_234500_10,0.31875,0.5833334,0.6125,0.8354167,0.4375,0.8,0.9083333,0.8729167,0.6333333,0.87083334,0.88125,0.83958334,0.78125,0.87083334,0.64166665,0.59791666,0.58124995,0.48125,0.76666665,0.88125,0.61875,0.4895833,0.35208333,0.9916667,0.20833333,0.65,0.44583333,0.7791667,0.65208334,0.89374995,0.104166664,0.29583335,0.67083335,0.7791667,0.5,0.44791666,0.31458333,0.5,0.6958333,0.4125,0.7125,0.44166666,0.49791664,0.32083333,0.47083336,0.49583334,0.54791665,0.6770834,0.6625,0.62916666,0.25625,0.2604167,0.26041666,0.73541665,0.3875,0.84583336,0.175,0.8104167,0.59791666,0.5208334,0.7395833,0.6020833,0.6979166,0.7791667,0.44375002,0.74583334,0.92083335,0.90208334,0.48958334,0.94166666,0.3854167,0.25625,0.056250002,0.5229167,0.5625,0.27916667,0.18541667,0.38958335,0.06875,0.76875,0.775,0.34166664,0.9395833,0.43125,0.8354167,0.19166666,0.22916667,0.63750005,0.24583334,0.5104166,0.325,0.08958333,0.49166667,0.41458333,0.79583335,0.80833334,0.7729167,0.87083334,0.8645833,0.83958334,0.23124999,0.4375,0.09791667,0.8333334,0.5625,0.24166667,0.2,0.3875,0.45625,0.1625,0.33958334,0.79791665,0.24166667,0.20208333,0.20625,0.1875,0.20208332,0.65208334,0.4395833,0.64375,0.85625005,0.045833334,0.05625,0.37291667,0.8770833,0.47083333,0.25208333,0.12083334,0.17916666,0.7125,0.65625,0.5125,0.7416667,0.34583333,0.36041665,0.20208332,0.29791665,0.73125005,0.43125,0.90625,0.2625,0.47083333,0.18125,0.27708334,0.93333334,0.23541668,0.30416667,0.90833336,0.36875,0.44166666,0.55,0.35208333,0.64374995,0.25833333,0.12291667,0.3,0.17291667,0.13958333,0.22708334,0.4875,0.33541667,0.51458335,0.5520833,0.110416666,0.25,0.90520835,0.8375,0.55833334,0.09375,0.25416666,0.54375,0.31041667,0.16875,0.09583334,0.5510417,0.18958333,0.29583335,0.90625,0.20625,0.90625,0.13125,0.31875,0.47083333,0.44583333,0.31666666,0.10208333,0.30833334,0.09791666,0.15833333,0.5708333,0.34583333,0.9145833,0.5604167,0.5083333,0.16875,0.5,0.110416666,0.04375,0.6166667,0.44583333,0.14583334,0.14999999,0.37083334,0.42291665,0.1875,0.62083334,0.9666667,0.15625,0.26041666,0.57708335,0.008333334,0.3,0.34895834,0.575,0.9354167,0.6583333,0.37291664,0.90208334,0.38333333,0.71458334,0.075,0.3333333,0.51875,0.35208333,0.4041667,0.2916667,0.13333333,0.55625,0.59791666,0.2,0.51250005,0.30208334,0.16458334,0.18333334
BC2026_Train_0018_S22_20211028_234500_15,0.46666664,0.32708335,0.5375,0.83124995,0.35833332,0.30624998,0.87083334,0.7833333,0.5208334,0.87916666,0.94166666,0.79583335,0.54791665,0.59166664,0.32083333,0.425,0.49166667,0.15208334,0.6979166,0.68333334,0.58958334,0.48333335,0.12708333,0.96875,0.19375,0.29895836,0.60833335,0.42291665,0.27083334,0.85,0.06875,0.077083334,0.53541666,0.74583334,0.7395833,0.18541667,0.12708333,0.40416667,0.64375,0.275,0.72291666,0.41875,0.54791665,0.08125,0.42708334,0.43958333,0.46041667,0.56666666,0.5916667,0.5083333,0.18333334,0.17916667,0.18125,0.76458335,0.36874998,0.6645833,0.10208333,0.7541667,0.3770833,0.32708332,0.6791667,0.45624998,0.5645833,0.6833333,0.19791667,0.8645834,0.82916665,0.7833333,0.41458333,0.925,0.32708332,0.06041667,0.118750006,0.42083335,0.5104167,0.23958334,0.09791666,0.4166667,0.043750003,0.5854167,0.7708334,0.35208333,0.95416665,0.40625,0.625,0.035416666,0.15625,0.53541666,0.29375,0.44166666,0.3125,0.20625,0.33958334,0.3,0.46875,0.8416667,0.70208335,0.78125,0.6583333,0.6875,0.12916666,0.39375,0.1,0.8666667,0.54583335,0.18541667,0.30416667,0.24166667,0.45625,0.12083333,0.29166666,0.59791666,0.083333336,0.13541667,0.15208334,0.072916664,0.36875,0.36041665,0.4479167,0.5875,0.70208335,0.029166669,0.06875,0.40208334,0.625,0.4979167,0.2604167,0.09791667,0.2,0.5541667,0.56875,0.35,0.38125002,0.22708333,0.57500005,0.25625002,0.30625,0.64375,0.35833335,0.94166666,0.25416666,0.25625002,0.10625,0.18125,0.92083335,0.2708333,0.425,0.9479166,0.36875,0.55625,0.5833334,0.13749999,0.58958334,0.22708334,0.041666668,0.21666667,0.058333337,0.28333333,0.27083334,0.30416667,0.19166666,0.22291666,0.36041668,0.072916664,0.36041665,0.8145833,0.5625,0.44166666,0.09791666,0.375,0.29583335,0.26875,0.23124999,0.07083333,0.41875,0.2,0.24791667,0.76666665,0.08333333,0.4125,0.17291667,0.1875,0.51666665,0.44375002,0.21041666,0.05,0.19166666,0.13541667,0.225,0.375,0.28125,0.91041666,0.25,0.41875,0.26458335,0.4479167,0.1125,0.08958333,0.6895833,0.41875,0.09583333,0.079166666,0.23333333,0.35833335,0.075,0.5083333,0.9458333,0.108333334,0.21666667,0.17916667,0.01875,0.15208334,0.2125,0.75416666,0.9291667,0.66875,0.15416667,0.83958334,0.16041666,0.6458333,0.079166666,0.13125,0.60625,0.4,0.30625,0.24791667,0.08333333,0.33749998,0.51458335,0.3125,0.3333333,0.1875,0.14375,0.46875
BC2026_Train_0018_S22_20211028_234500_20,0.4895833,0.34375,0.6875,0.8145833,0.5,0.46666667,0.81875,0.8541666,0.6791667,0.8520833,0.88750005,0.83958334,0.74375,0.75,0.7395834,0.65625,0.59791666,0.17083333,0.8854166,0.6041667,0.70000005,0.5375,0.48125,0.9916667,0.33125,0.49583334,0.6458334,0.61249995,0.27916667,0.87083334,0.15833333,0.22916666,0.46458334,0.7,0.7625,0.19999999,0.24583334,0.45625,0.6958333,0.26875,0.7395834,0.4895833,0.60625,0.2375,0.51458335,0.525,0.44375,0.64166665,0.54999995,0.5208334,0.2625,0.24791667,0.25833333,0.8020834,0.28958333,0.9083333,0.22083333,0.83124995,0.46041664,0.54583335,0.7125,0.52708334,0.7208333,0.7208333,0.48541665,0.8875,0.75,0.8208333,0.48333335,0.91041666,0.43124998,0.29375,0.14791667,0.5083333,0.43124998,0.21041667,0.24583334,0.4583333,0.19375,0.5020833,0.79583335,0.48125,0.93333334,0.46249998,0.8354167,0.0875,0.46666667,0.82500005,0.47291666,0.4479167,0.54583335,0.575,0.67083335,0.38333333,0.6479167,0.625,0.68958336,0.6958333,0.93125,0.83124995,0.275,0.4125,0.14791667,0.8333334,0.6958333,0.17708333,0.3333333,0.37083334,0.7479167,0.16458333,0.46041667,0.44166666,0.36041665,0.26666668,0.22916667,0.2625,0.45416665,0.29375,0.55,0.5520834,0.54583335,0.110416666,0.13541667,0.43958333,0.6770833,0.4895833,0.3875,0.16250001,0.19583333,0.49583334,0.56875,0.6583333,0.4625,0.5875,0.5833334,0.22291666,0.28958333,0.62083334,0.525,0.93333334,0.325,0.47083333,0.23541668,0.32708335,0.9,0.46875,0.33541667,0.9166666,0.31875,0.51875,0.4875,0.42083335,0.7833333,0.35833335,0.1375,0.29791665,0.08958334,0.33749998,0.3541667,0.46458334,0.3229167,0.43333334,0.39375,0.12708333,0.4,0.89166665,0.3375,0.61041665,0.15833333,0.35833332,0.44583333,0.4479167,0.24166667,0.13541667,0.3875,0.34166667,0.34791666,0.86875,0.25,0.54791665,0.15416667,0.45208335,0.62708336,0.5020833,0.26458335,0.15208334,0.43125,0.31458333,0.23958334,0.39166665,0.36458334,0.8770833,0.55625,0.6229167,0.2625,0.54375005,0.26041666,0.083333336,0.7583333,0.3125,0.16875,0.18541667,0.33749998,0.4875,0.17500001,0.7520833,0.95625,0.21666667,0.31666666,0.5520833,0.035416666,0.43333334,0.09791666,0.65625,0.95624995,0.59791666,0.22500001,0.9041667,0.36666667,0.7791667,0.07291667,0.45208335,0.6791667,0.35416666,0.46041667,0.26666665,0.1875,0.35833335,0.5833333,0.42499998,0.4895833,0.33541667,0.3125,0.23333333
BC2026_Train_0018_S22_20211028_234500_25,0.6041666,0.31666666,0.6145834,0.79791665,0.54583335,0.79583335,0.8375,0.91041666,0.66875005,0.85833335,0.86249995,0.775,0.8041667,0.8375,0.79791665,0.70625,0.70208335,0.3645833,0.74583334,0.6583333,0.73125005,0.32083333,0.6854167,0.97291666,0.38333333,0.6770834,0.45833334,0.7916666,0.3854167,0.8979167,0.21875,0.19375,0.4354167,0.6458333,0.7270833,0.20416667,0.30208334,0.45416668,0.68333334,0.26666668,0.6458333,0.46875,0.45208335,0.22083333,0.49583334,0.51458335,0.41041666,0.54791665,0.5833334,0.5833333,0.24583334,0.21666667,0.24166666,0.6770834,0.2625,0.9354167,0.30208334,0.84583336,0.58958334,0.57916665,0.8166667,0.5604167,0.71875,0.7395833,0.53125,0.88958335,0.7270833,0.81875,0.6291667,0.9125,0.5229167,0.49791664,0.18958333,0.50208336,0.36875,0.19791666,0.31458333,0.50625,0.22083333,0.6333333,0.8229167,0.54375,0.91875,0.55625,0.9145833,0.20625,0.54583335,0.8645833,0.48125,0.5916667,0.6833333,0.43333334,0.73541665,0.47708333,0.775,0.7458333,0.725,0.775,0.91041666,0.8645834,0.35208333,0.39166665,0.21458332,0.8354167,0.5916667,0.14166667,0.4,0.43333334,0.70416665,0.20625,0.50416666,0.57708335,0.41458333,0.36041665,0.24583334,0.30416667,0.44583333,0.39375,0.45624998,0.64166665,0.7208333,0.22083333,0.19375001,0.39375,0.7875,0.45208335,0.49375,0.23125002,0.29791665,0.5854167,0.61041665,0.7677083,0.70208335,0.5083333,0.57708335,0.37291667,0.28125,0.625,0.45625,0.93125,0.49166667,0.5208333,0.40625,0.47916666,0.8666667,0.6333333,0.37291667,0.9270834,0.36041665,0.66875,0.5,0.45416665,0.7916666,0.39999998,0.19375,0.37083334,0.16875,0.29166666,0.44583333,0.55625,0.45416665,0.7125,0.53541666,0.26875,0.47083333,0.93333334,0.36458334,0.6979166,0.26458335,0.3375,0.534375,0.45625,0.21666667,0.14375,0.325,0.39166668,0.41250002,0.9125,0.3375,0.81875,0.21875,0.5625,0.55625,0.55625,0.3875,0.24583334,0.4125,0.30625,0.37916666,0.5083333,0.4583333,0.8333334,0.6166667,0.76250005,0.4270833,0.57916665,0.38333333,0.19791666,0.8229166,0.35833335,0.21666667,0.23333333,0.575,0.51458335,0.27708334,0.77708334,0.94375,0.40208334,0.325,0.60833335,0.08125,0.60833335,0.13958333,0.5729167,0.93333334,0.59791666,0.27916667,0.9270834,0.38958335,0.74375,0.1,0.5604167,0.5833334,0.23958334,0.5125,0.37916666,0.23333333,0.4479167,0.78125,0.38125,0.59791666,0.42916667,0.425,0.2375
BC2026_Train_0018_S22_20211028_234500_30,0.58958334,0.25833333,0.65,0.8104167,0.6166667,0.49583334,0.87083334,0.90208334,0.6541667,0.84375,0.8854167,0.7520833,0.84375,0.8041667,0.64166665,0.61875,0.6875,0.2375,0.75,0.73749995,0.7916667,0.43541667,0.64166665,0.9354167,0.48125,0.61875,0.3645833,0.625,0.25416666,0.8666667,0.22708334,0.19166668,0.41875,0.70208335,0.525,0.24583334,0.33541667,0.39999998,0.67291665,0.29791665,0.60833335,0.475,0.43125,0.19166668,0.5020833,0.5208333,0.375,0.56875,0.4875,0.48333335,0.20625001,0.19375,0.20833334,0.69375,0.2125,0.82916665,0.26458335,0.82916665,0.47708333,0.55,0.6854167,0.54791665,0.77708334,0.7729167,0.45208335,0.8,0.71458334,0.725,0.48958334,0.8979167,0.5,0.61875,0.17291667,0.5854167,0.38125002,0.23125,0.38541666,0.4791667,0.15208334,0.5645833,0.87916666,0.40833333,0.95625,0.5520833,0.7520833,0.25,0.575,0.9708333,0.5208334,0.57708335,0.75625,0.17083333,0.6875,0.42916667,0.7072917,0.82500005,0.78125,0.65625,0.9291667,0.85833335,0.36875,0.46875,0.3020833,0.8666667,0.69375,0.15416667,0.31875,0.37083334,0.65,0.22500001,0.59375,0.7145833,0.37708336,0.3229167,0.32083333,0.4166667,0.34583333,0.37916666,0.59791666,0.65,0.60625,0.25625,0.20208333,0.40625,0.7395834,0.54270834,0.5020833,0.2625,0.26666665,0.5729167,0.57916665,0.8333333,0.4791667,0.7416667,0.62708336,0.39791667,0.28125,0.7125,0.44166666,0.9166667,0.45416665,0.47916666,0.28541666,0.40208334,0.85833335,0.5958333,0.4375,0.92499995,0.30625,0.725,0.525,0.56666666,0.77708334,0.41458333,0.2125,0.4895833,0.08541667,0.39375,0.37291667,0.4625,0.3875,0.9395833,0.4583333,0.26666665,0.5395833,0.91041666,0.32708332,0.62708336,0.22916666,0.35000002,0.3854167,0.5395833,0.24375,0.15625,0.46666664,0.39166665,0.49375,0.88958335,0.29166666,0.5333333,0.18541667,0.49166667,0.6041666,0.5833334,0.36041665,0.14791667,0.44166666,0.4479167,0.29791665,0.58125,0.41458333,0.80625,0.73125005,0.6541667,0.40833333,0.6895833,0.28541666,0.12916666,0.8145833,0.375,0.26875,0.28333333,0.66041666,0.5104167,0.5333333,0.69166666,0.90625,0.24375,0.30833334,0.72291666,0.08958334,0.5208333,0.15,0.6145834,0.9270834,0.64166665,0.16666666,0.89166665,0.43333334,0.7916666,0.12916666,0.38125002,0.61041665,0.3875,0.45208335,0.27916667,0.23333333,0.32916665,0.75625,0.5541667,0.50416666,0.42291668,0.30833334,0.34583333
BC2026_Train_0018_S22_20211028_234500_35,0.45625,0.22083333,0.51666665,0.8,0.57916665,0.37083334,0.84375,0.84375,0.6354166,0.9125,0.89166665,0.7208333,0.84166664,0.7625,0.6166667,0.56875,0.67499995,0.21041666,0.7270833,0.72291666,0.7479167,0.4479167,0.6166667,0.9354167,0.29375,0.5208333,0.35416666,0.45416665,0.19583333,0.8208333,0.15208334,0.17291667,0.325,0.6854167,0.5375,0.19375,0.225,0.32708335,0.7,0.20416667,0.61041665,0.47083333,0.42916667,0.16875,0.5083333,0.5208333,0.3541667,0.46458334,0.43333334,0.39791667,0.16875,0.165625,0.17291667,0.69166666,0.15208334,0.7416667,0.16666666,0.875,0.17083333,0.5104166,0.5916667,0.48958334,0.6958333,0.79375,0.4708333,0.71875,0.7270833,0.58125,0.43541667,0.8770833,0.43333334,0.51875,0.27291667,0.51875,0.3333333,0.20208335,0.34375,0.3625,0.13125,0.47291666,0.82916665,0.50416666,0.9666667,0.56666666,0.6666666,0.087500006,0.375,0.87916666,0.40833333,0.5708333,0.72291666,0.12708333,0.68333334,0.2916667,0.67291665,0.7895833,0.70208335,0.5958333,0.83124995,0.775,0.28125,0.4270833,0.25833333,0.8541667,0.6770834,0.13749999,0.23541668,0.3333333,0.5520834,0.15833333,0.3645833,0.78541666,0.32708335,0.28750002,0.33541667,0.23958333,0.34375,0.34375,0.5520833,0.62083334,0.4375,0.21875,0.15625,0.50416666,0.5020833,0.51458335,0.5020833,0.20625,0.20208333,0.5729166,0.5,0.81875,0.28541666,0.56666666,0.41666666,0.37291667,0.32708332,0.63958335,0.38541666,0.8958333,0.48125,0.40625,0.2625,0.46041667,0.82916665,0.43541664,0.38958335,0.89375,0.20208333,0.6875,0.55625,0.5083333,0.6375,0.37916666,0.175,0.39791667,0.11458333,0.30624998,0.39375,0.43333334,0.39166665,0.7833333,0.38958335,0.17083333,0.5375,0.8833333,0.3333333,0.5625,0.18541667,0.4,0.35,0.5416666,0.18333334,0.16875,0.47083336,0.23333332,0.5395833,0.91041666,0.35625,0.33749998,0.17708334,0.475,0.6666667,0.5395833,0.37291667,0.08333333,0.39166665,0.19166666,0.20416667,0.47083333,0.3458333,0.8041667,0.61041665,0.58958334,0.3625,0.6520833,0.28333333,0.110416666,0.8,0.275,0.20208333,0.27708334,0.38125,0.29583335,0.33125,0.65625,0.8979167,0.079166666,0.28958333,0.49791667,0.058333334,0.38958335,0.079166666,0.53541666,0.9395833,0.66875,0.23333332,0.90208334,0.39166665,0.73333335,0.079166666,0.49166667,0.6354166,0.43541667,0.43124998,0.2125,0.20208333,0.23333332,0.6479167,0.41458333,0.54375,0.29583332,0.26875,0.24166667
BC2026_Train_0018_S22_20211028_234500_40,0.31458333,0.17291667,0.51666665,0.7916667,0.47083333,0.39166668,0.80833334,0.8666667,0.61041665,0.86875,0.9083333,0.73749995,0.79791665,0.62916666,0.6854167,0.51666665,0.69166666,0.22083333,0.7,0.6385417,0.76458335,0.325,0.49375,0.89166665,0.37083334,0.47291666,0.34583333,0.44166666,0.19375,0.8354167,0.16875,0.15,0.3229167,0.6041666,0.60625,0.16874999,0.17708333,0.32291666,0.67083335,0.15,0.59583336,0.4625,0.37916666,0.15,0.48333332,0.49375,0.33958334,0.39166665,0.41041666,0.39999998,0.12916666,0.125,0.12708333,0.65833336,0.1125,0.86875,0.14375001,0.8125,0.13541667,0.44166666,0.6479167,0.49375,0.62083334,0.7875,0.3958333,0.9020833,0.6895833,0.71875,0.4895833,0.8854167,0.40208334,0.45625,0.22291666,0.4375,0.23541665,0.17083333,0.35625,0.37916666,0.14166667,0.41041666,0.79375005,0.3375,0.95000005,0.47708333,0.5708333,0.08333333,0.45416665,0.76875,0.4,0.50625,0.78333336,0.1875,0.6666666,0.27708334,0.63750005,0.69166666,0.74583334,0.6020833,0.81875,0.70624995,0.24895833,0.36666667,0.14375,0.88125,0.78125,0.1875,0.18958333,0.3541667,0.49375,0.08958334,0.35833335,0.43958333,0.2625,0.23125,0.30416667,0.1875,0.30416667,0.29583332,0.57708335,0.59791666,0.42916667,0.27916667,0.13958333,0.41041666,0.40416667,0.4479167,0.4479167,0.17708333,0.24583334,0.5541667,0.50208336,0.6458334,0.21458334,0.32291666,0.41875,0.28750002,0.2916667,0.76666665,0.43125,0.9166667,0.41875,0.40416667,0.25208333,0.32708335,0.8854166,0.53125,0.3,0.84791666,0.25833333,0.54791665,0.54583335,0.39166665,0.5125,0.36041665,0.175,0.42291668,0.16041666,0.22708333,0.23333332,0.39791667,0.28541666,0.45416665,0.30624998,0.18541667,0.35000002,0.8354167,0.2625,0.5375,0.17291667,0.28125,0.30833334,0.40208334,0.118750006,0.1625,0.37291667,0.15833333,0.37708333,0.84375,0.1625,0.3854167,0.10625,0.49583334,0.6270833,0.47083333,0.29375,0.077083334,0.37708333,0.16666667,0.2708333,0.45416665,0.35833335,0.81875,0.54999995,0.56875,0.40208334,0.5541667,0.27291667,0.104166664,0.7104167,0.27916667,0.20625,0.26458335,0.34166667,0.25208333,0.175,0.56875,0.92083335,0.09375,0.25625,0.42083335,0.08958334,0.35208333,0.12083334,0.56458336,0.9458333,0.6375,0.17500001,0.9291667,0.3020833,0.7166667,0.10208333,0.53125,0.5104167,0.35,0.36875,0.1625,0.2,0.19999999,0.6208333,0.3,0.44583333,0.26874998,0.23124999,0.34583333
BC2026_Train_0018_S22_20211028_234500_45,0.37916666,0.15,0.31041667,0.7791667,0.24166666,0.17916666,0.6979166,0.76250005,0.39375,0.87083334,0.95208335,0.56666666,0.43124998,0.25,0.24375,0.27916667,0.50625,0.0625,0.59375,0.45208335,0.6354166,0.18958333,0.08125,0.92083335,0.1875,0.17291667,0.24166667,0.24375,0.108333334,0.7916667,0.16874999,0.027083334,0.35,0.56875,0.35208333,0.047916666,0.045833334,0.26666665,0.63750005,0.054166667,0.54791665,0.42708334,0.2875,0.025,0.46875,0.49583334,0.33125,0.42083335,0.3625,0.35000002,0.041666668,0.043750003,0.04791667,0.6145833,0.1875,0.45416668,0.041666668,0.6979166,0.0625,0.17500001,0.68125,0.3020833,0.4375,0.70416665,0.16666666,0.65625,0.7270833,0.45625,0.27499998,0.8645833,0.32916665,0.09583333,0.13541667,0.3333333,0.28125,0.14999999,0.29166666,0.3625,0.0875,0.34583333,0.6479167,0.39166665,0.9791666,0.39791667,0.44375,0.058333334,0.3,0.42499998,0.16458333,0.46875,0.5854167,0.041666668,0.39166668,0.28125,0.36874998,0.63125,0.6770834,0.62916666,0.57708335,0.49791664,0.09375,0.29375,0.13541667,0.8541666,0.6145834,0.125,0.06458333,0.16458333,0.38333333,0.125,0.22708334,0.33749998,0.15833333,0.1125,0.17291667,0.06458333,0.36041665,0.20208333,0.54375,0.6541667,0.3125,0.072916664,0.041666668,0.3125,0.33125,0.45625,0.30208334,0.108333334,0.17708334,0.41041666,0.44375002,0.32604167,0.06458333,0.20625001,0.27916667,0.31458333,0.1125,0.7104167,0.34583333,0.93854165,0.32083333,0.05,0.20625,0.23125,0.8833333,0.31875,0.5083333,0.91041666,0.29166666,0.4375,0.5989584,0.29895833,0.42916667,0.22083333,0.079166666,0.32291666,0.09791667,0.09166667,0.28125,0.21666667,0.17291667,0.15833333,0.22083333,0.14375,0.37083334,0.6979166,0.21875,0.42291665,0.15833333,0.3375,0.14375,0.20416667,0.20208333,0.08958333,0.30833334,0.19375,0.22291666,0.46458334,0.09166667,0.19583333,0.17916667,0.26875,0.5125,0.31666666,0.0875,0.054166667,0.26875,0.18958333,0.12083334,0.26875,0.5083333,0.8520833,0.1625,0.39999998,0.2625,0.3375,0.072916664,0.10208333,0.5020833,0.32708332,0.16041666,0.09375,0.17708334,0.24791667,0.14583334,0.34791666,0.88958335,0.01875,0.27916667,0.13958333,0.022916667,0.25625,0.060416665,0.6020833,0.89374995,0.57916665,0.21666667,0.8020834,0.14583334,0.40416667,0.09791667,0.22291666,0.4270833,0.32083333,0.24791667,0.14791667,0.0625,0.28125,0.47916666,0.25208333,0.29375,0.18958333,0.12291667,0.5541667
BC2026_Train_0018_S22_20211028_234500_50,0.19375001,0.08541667,0.3375,0.8104167,0.15416667,0.14166667,0.7125,0.71875,0.2875,0.91041666,0.99583334,0.70000005,0.28541666,0.25833333,0.125,0.325,0.41458336,0.035416666,0.52708334,0.4625,0.6458334,0.1875,0.035416666,0.81875,0.14583333,0.1375,0.27291667,0.16458334,0.054166667,0.79791665,0.108333334,0.010416667,0.29375002,0.62083334,0.3125,0.04375,0.022916667,0.19791666,0.6333333,0.08125,0.5625,0.34791666,0.32708335,0.008333334,0.3625,0.40416667,0.21666667,0.2625,0.27083334,0.29479167,0.04791667,0.05,0.05,0.6041667,0.0875,0.22083333,0.035416666,0.575,0.075,0.14166668,0.51458335,0.225,0.41666666,0.6645833,0.17291667,0.6333333,0.79375005,0.36874998,0.21666667,0.8229166,0.28541666,0.012500001,0.035416666,0.3625,0.35833335,0.20833334,0.15208334,0.25625,0.029166667,0.29375,0.53125,0.275,1.0,0.32916665,0.4166667,0.0125,0.15208334,0.31666666,0.114583336,0.35625,0.31875,0.0062500006,0.18541667,0.24583334,0.275,0.56041664,0.825,0.54583335,0.47708333,0.5104167,0.077083334,0.275,0.077083334,0.8458333,0.4270833,0.07083333,0.114583336,0.12916666,0.32708335,0.043750003,0.16875,0.34583333,0.047916666,0.04791667,0.1,0.0375,0.18125,0.22291666,0.44375002,0.76250005,0.26458335,0.0625,0.014583333,0.20625,0.26666665,0.43333334,0.15,0.108333334,0.114583336,0.41458333,0.45833334,0.15416667,0.16666667,0.07083333,0.28750002,0.23750001,0.10625,0.8354167,0.32083333,0.9166667,0.28125,0.03125,0.058333337,0.15208334,0.83958334,0.15833333,0.45416665,0.9479166,0.27291667,0.3625,0.39375,0.12916666,0.45625,0.14375,0.014583333,0.33541667,0.08541667,0.08125,0.22916666,0.13125001,0.22708333,0.1375,0.14375,0.15,0.25833333,0.43958336,0.17083333,0.3625,0.15208334,0.31041667,0.13333334,0.31458333,0.09791667,0.07083333,0.28125,0.108333334,0.25,0.17500001,0.04791667,0.15,0.12708333,0.21458334,0.50625,0.31666666,0.09583333,0.025,0.1875,0.058333334,0.13958333,0.31666666,0.31875,0.8333334,0.09375,0.45625,0.1875,0.38125,0.022916667,0.054166667,0.45208335,0.20833334,0.07083333,0.020833334,0.12083333,0.36874998,0.06458333,0.2708333,0.8541666,0.010416667,0.22083333,0.056250002,0.025000002,0.21875,0.09791666,0.25416666,0.88958335,0.5854167,0.0875,0.7083334,0.06666667,0.34583333,0.025000002,0.114583336,0.26666665,0.31041667,0.28958333,0.10625,0.025,0.2,0.43125,0.18541667,0.21458332,0.19791667,0.06666666,0.30625
BC2026_Train_0018_S22_20211028_234500_55,0.30833334,0.079166666,0.34583333,0.8,0.2,0.28541666,0.76666665,0.7604166,0.4791667,0.9,0.98333335,0.7729167,0.46458334,0.4625,0.19166666,0.47916666,0.46041667,0.058333334,0.58124995,0.50416666,0.6479167,0.25625,0.054166667,0.95625,0.225,0.21875,0.39791667,0.22708333,0.11875,0.825,0.04375,0.022916667,0.19791667,0.64375,0.4375,0.06666666,0.0625,0.23750001,0.60625,0.14791667,0.5958333,0.3,0.39791667,0.025,0.32708332,0.35416666,0.1875,0.16458333,0.29791665,0.30416667,0.08541667,0.083333336,0.08958334,0.64375,0.14999999,0.26666668,0.07083333,0.7270833,0.09583334,0.21041667,0.6041666,0.275,0.4395833,0.6979167,0.17708333,0.8041667,0.92291665,0.55833334,0.34583333,0.8229166,0.29791668,0.022916667,0.0375,0.3875,0.39791667,0.3229167,0.1375,0.22083333,0.058333334,0.34583333,0.6166667,0.26458332,0.99583334,0.38958335,0.4583333,0.027083334,0.108333334,0.44583333,0.0625,0.49791664,0.30208334,0.033333335,0.14375001,0.26666665,0.375,0.46666667,0.8854166,0.59791666,0.57916665,0.55,0.08333333,0.325,0.12291667,0.8854166,0.4875,0.14375001,0.17083333,0.13958333,0.42083332,0.118750006,0.12291667,0.38958335,0.06666666,0.0625,0.09583333,0.029166669,0.32500002,0.20625,0.47708333,0.79583335,0.32708335,0.052083332,0.020833334,0.28541666,0.40416667,0.39375,0.21458334,0.19791666,0.11458333,0.4479167,0.51875,0.35,0.2,0.079166666,0.24583334,0.20416667,0.18541667,0.88750005,0.39583334,0.9322916,0.19166666,0.10208334,0.039583333,0.06041667,0.85625005,0.29166666,0.4270833,0.9083333,0.31458333,0.3875,0.4,0.27708334,0.5229167,0.15833333,0.045833334,0.32083333,0.029166669,0.114583336,0.3020833,0.19583334,0.22708333,0.19791667,0.23541667,0.09166667,0.2625,0.63645834,0.24791667,0.45416665,0.09375,0.29375,0.16458333,0.47083333,0.17916666,0.07083333,0.21666667,0.1125,0.11666666,0.24791667,0.033333335,0.22291666,0.0875,0.225,0.45937502,0.28541666,0.08541667,0.0625,0.25,0.06458333,0.09375,0.32916665,0.24583334,0.88125,0.15208334,0.5125,0.1875,0.38125,0.027083334,0.058333337,0.44583333,0.14375001,0.079166666,0.025,0.13541666,0.5354167,0.0875,0.24791667,0.86249995,0.047916666,0.17916667,0.14791666,0.01875,0.16041666,0.035416666,0.38333333,0.9375,0.5604167,0.110416666,0.725,0.04375,0.34375,0.0375,0.175,0.40833333,0.325,0.33333334,0.1375,0.043750003,0.21458334,0.5020833,0.110416666,0.27916667,0.13749999,0.1125,0.14583334
BC2026_Train_0018_S22_20211028_234500_60,0.2708333,0.07083334,0.31875,0.7625,0.19166666,0.25208333,0.7270833,0.6541667,0.41041666,0.8666667,0.98541665,0.6625,0.4083333,0.3875,0.15416667,0.33333334,0.37083334,0.09166667,0.6541667,0.51458335,0.64375,0.38333333,0.075,0.9708333,0.23125,0.12708333,0.37291664,0.23750001,0.17916667,0.8416667,0.041666668,0.08958334,0.15,0.54375,0.3625,0.054166667,0.10000001,0.23750001,0.57916665,0.08958334,0.63125,0.29583335,0.39999998,0.08541667,0.35,0.40625,0.20416668,0.18541667,0.33958334,0.3625,0.112500004,0.108333334,0.108333334,0.6895833,0.05625,0.24583334,0.075,0.8375,0.06666666,0.1375,0.6625,0.23125,0.4625,0.76666665,0.375,0.68333334,0.86875,0.34375,0.25,0.82708335,0.21249999,0.07291667,0.029166667,0.4,0.2604167,0.3958333,0.14375,0.15833333,0.22083333,0.32916665,0.69375,0.23333333,0.9458333,0.38125,0.37708336,0.033333335,0.077083334,0.4583333,0.083333336,0.31666666,0.38125,0.03125,0.41458333,0.26666665,0.65,0.52708334,0.6333333,0.6145833,0.54583335,0.6875,0.15625,0.22083333,0.16875,0.8458333,0.65,0.08333333,0.035416666,0.10208334,0.3229167,0.07083333,0.12083334,0.29375,0.1125,0.106249996,0.08333333,0.09166667,0.11458333,0.27708334,0.37916666,0.5916667,0.34166667,0.06875,0.025,0.21875,0.3875,0.37291667,0.2708333,0.10208333,0.035416666,0.49791667,0.51666665,0.46041667,0.1375,0.12916666,0.21041666,0.18958333,0.18541667,0.6541667,0.1875,0.9479166,0.13958333,0.30833334,0.047916666,0.19375,0.875,0.1875,0.3,0.8354167,0.21458334,0.37916666,0.32604167,0.25625,0.5375,0.23333332,0.039583333,0.16041666,0.10208333,0.06666666,0.29791665,0.30833334,0.25833333,0.3333333,0.16458333,0.022916667,0.21458334,0.83124995,0.16875,0.32708335,0.07291667,0.35625,0.075,0.24791667,0.1,0.07083334,0.36041665,0.16666667,0.09791666,0.403125,0.045833334,0.35208333,0.058333337,0.275,0.475,0.25625,0.06875,0.13333334,0.25833333,0.06875,0.058333334,0.33125,0.19375,0.8125,0.425,0.41250002,0.14791667,0.32083333,0.041666668,0.0375,0.53333336,0.19583334,0.09375,0.03125,0.118750006,0.34166664,0.11458333,0.3125,0.9291667,0.04375,0.10208333,0.48125,0.039583333,0.2875,0.029166669,0.28541666,0.9270834,0.60833335,0.054166667,0.725,0.079166666,0.46041667,0.004166667,0.21666667,0.45416668,0.30208334,0.3625,0.14375,0.029166667,0.15833333,0.42291665,0.225,0.31458333,0.17916667,0.0875,0.26458332
BC2026_Train_0019_S22_20211104_200000_5,0.23541667,0.28541666,0.5333333,0.5979167,0.9104167,0.26874998,0.68333334,0.90208334,0.9145833,0.6791667,0.9875,0.5291667,0.6625,0.46666667,0.5291667,0.8041667,0.8854166,0.0375,0.5375,0.75416666,0.89166665,0.96875,0.7604167,0.7708334,0.9791667,0.7604166,0.49166667,0.35833335,0.21041667,0.9125,0.083333336,0.047916666,0.37083334,0.39791667,0.18958333,0.058333337,0.0375,0.16041666,0.39166668,0.18333334,0.23541667,0.20833334,0.20833333,0.039583333,0.47083336,0.46458334,0.22083333,0.275,0.2708333,0.25625,0.0375,0.04375,0.04375,0.33229166,0.12083334,0.42083332,0.004166667,0.59375,0.21875,0.23333332,0.75625,0.71875,0.86041665,0.984375,0.39166668,0.53125,0.5625,0.2875,0.06875,0.63125,0.15208332,0.09583334,0.083333336,0.27291667,0.29791668,0.020833334,0.17916667,0.37083334,0.19583334,0.27708334,0.6645833,0.30416667,0.9479167,0.31875,0.4583333,0.09166667,0.083333336,0.33958334,0.28958336,0.8333334,0.425,0.20833333,0.34375,0.21875,0.9708333,0.73125005,0.96458334,0.22916666,0.71458334,0.31875,0.099999994,0.81666666,0.26875,0.8208333,0.28541666,0.099999994,0.041666668,0.42708334,0.49583334,0.08333333,0.31875,0.33333334,0.36666664,0.8354167,0.975,0.15625,0.10208333,0.118750006,0.26041666,0.8375,0.23333332,0.3,0.22916666,0.20416668,0.42291665,0.7833333,0.125,0.42083335,0.15,0.13333333,0.59791666,0.38958335,0.072916664,0.19583334,0.5645833,0.84375,0.077083334,0.8145833,0.46041667,0.81666666,0.07083333,0.043750003,0.625,0.46875,0.76250005,0.15416665,0.110416666,0.6541667,0.35833335,0.21666667,0.70416665,0.25416666,0.3645833,0.28333333,0.17083333,0.5645833,0.035416666,0.16458333,0.09375,0.5416666,0.05,0.08958333,0.12291667,0.42916667,0.19375,0.16666666,0.3229167,0.33541667,0.4083333,0.23958334,0.022916667,0.6625,0.13541666,0.2625,0.27708334,0.43541667,0.77708334,0.043750003,0.25833333,0.40208334,0.35208333,0.11666667,0.5625,0.225,0.33958334,0.42916664,0.28541666,0.11875,0.06875,0.13333333,0.675,0.8875,0.058333334,0.40833333,0.42291665,0.63125,0.32916665,0.104166664,0.5833334,0.27083334,0.025,0.7270833,0.53541666,0.022916667,0.11875,0.225,0.62708336,0.04791667,0.5364584,0.05625,0.11666666,0.09791666,0.054166667,0.67083335,0.7166667,0.8020834,0.03125,0.50625,0.14166667,0.6666666,0.06458333,0.15416667,0.33125,0.20833334,0.27083334,0.28541666,0.12708333,0.24375,0.4114583,0.175,0.15416667,0.24375,0.2875,0.3125
BC2026_Train_0019_S22_20211104_200000_10,0.2,0.225,0.5916667,0.5416666,0.9020833,0.26875,0.6229167,0.95625,0.9145833,0.625,0.9708333,0.63125,0.5916667,0.39166668,0.50625,0.81666666,0.875,0.06666667,0.6520833,0.70000005,0.90625,0.98333335,0.88958335,0.75625,0.9666667,0.78125,0.3875,0.36041665,0.2875,0.90625,0.15208334,0.079166666,0.27916667,0.32916668,0.19583333,0.075,0.11666667,0.19791666,0.37083334,0.19791666,0.275,0.20208332,0.20833333,0.075,0.36458334,0.35833332,0.1875,0.27291667,0.30416667,0.29583332,0.047916666,0.045833334,0.047916666,0.37291667,0.05625,0.5541667,0.020833334,0.6375,0.3625,0.3625,0.7791667,0.8354167,0.90208334,0.9979167,0.44166666,0.57708335,0.525,0.3125,0.09583333,0.59375,0.16458334,0.18541667,0.16666667,0.23750001,0.24166666,0.041666668,0.20833333,0.26666665,0.12916666,0.40416667,0.8333334,0.29791665,0.9041667,0.42916664,0.51458335,0.24374999,0.25,0.55625,0.33958334,0.925,0.5083333,0.38645834,0.47708333,0.26041666,0.95416665,0.74583334,0.9708333,0.25416666,0.7791667,0.49374998,0.12291667,0.81666666,0.15625,0.725,0.33333334,0.112500004,0.110416666,0.47708333,0.5708333,0.09166667,0.45,0.6166667,0.44166666,0.8458333,0.9666667,0.17500001,0.108333334,0.14583334,0.29583335,0.8354167,0.26250002,0.20833333,0.24166667,0.22708334,0.46041667,0.78541666,0.17708333,0.28750002,0.26041666,0.1625,0.7208333,0.40416664,0.1375,0.24791667,0.60625,0.86875,0.083333336,0.74583334,0.43125,0.8104167,0.125,0.110416666,0.7520833,0.46458334,0.7104167,0.175,0.24791667,0.67291665,0.44479167,0.29166666,0.80625,0.32083333,0.47291666,0.40625,0.16041666,0.6458333,0.04375,0.12083333,0.13854167,0.6645833,0.075,0.118750006,0.31458333,0.40625,0.20416668,0.29375,0.58125,0.41875,0.4708333,0.30416667,0.04791667,0.72291666,0.29375,0.3020833,0.425,0.51458335,0.75416666,0.06666666,0.28750002,0.45000002,0.35625,0.16041666,0.48541665,0.30416667,0.3958333,0.49166667,0.25416666,0.19166666,0.14375,0.15416667,0.76874995,0.8958334,0.075,0.40208334,0.46041667,0.6666666,0.36041665,0.18541667,0.5125,0.41666666,0.033333335,0.8833333,0.7583333,0.08541667,0.21458334,0.20208333,0.7104167,0.0875,0.51666665,0.09583333,0.12291667,0.12291667,0.08125,0.7104167,0.7583333,0.78541666,0.060416665,0.5625,0.16666667,0.7895833,0.09375,0.110416666,0.36041665,0.18125,0.37708333,0.26041666,0.14791666,0.31875,0.52708334,0.25625,0.29166666,0.37708336,0.2916667,0.16666666
BC2026_Train_0019_S22_20211104_200000_15,0.20208332,0.40833333,0.75,0.53125,0.90625,0.4,0.63125,0.89374995,0.9083333,0.66875,0.9166666,0.86041665,0.58958334,0.50416666,0.625,0.8333333,0.87916666,0.08541667,0.575,0.6625,0.89166665,0.94166666,0.86041665,0.81875,0.9770833,0.80625,0.44375002,0.51666665,0.5020833,0.9104167,0.29791665,0.19375,0.5,0.47083336,0.26458335,0.19583334,0.22916666,0.27708334,0.5375,0.23541667,0.36666664,0.38125002,0.15416667,0.21666667,0.45416665,0.45,0.225,0.5,0.39166665,0.375,0.03125,0.0375,0.033333335,0.54375005,0.175,0.5,0.08958334,0.5854167,0.51458335,0.28125,0.7104167,0.81875,0.9166666,0.94375,0.47500002,0.56875,0.58125,0.4375,0.24583334,0.6666667,0.20833334,0.20416667,0.3645833,0.39166665,0.37916666,0.081250004,0.3125,0.340625,0.15833333,0.48125,0.90208334,0.36041665,0.9291667,0.42291668,0.6666666,0.2708333,0.39375,0.54791665,0.47083333,0.9395833,0.37083334,0.6770834,0.6145834,0.33958334,0.96875,0.54791665,0.94375,0.31041667,0.79583335,0.675,0.21458334,0.73333335,0.34583336,0.82916665,0.36666667,0.15833333,0.29375,0.59791666,0.68333334,0.18541667,0.5208333,0.54375005,0.5854167,0.8979167,0.98125005,0.38541666,0.18333334,0.15416667,0.3625,0.8645834,0.34375,0.4166667,0.42083332,0.42083335,0.5,0.7625,0.20416668,0.45208335,0.31041667,0.28125,0.9270834,0.37291667,0.18541667,0.47291666,0.6145834,0.8729167,0.16458333,0.7447916,0.6125,0.8375,0.19166666,0.25208333,0.8625,0.65,0.81875,0.28125,0.35208333,0.75416666,0.5229167,0.24583334,0.85625,0.31458333,0.73125,0.35,0.25416666,0.75,0.09791666,0.41666666,0.17916667,0.64166665,0.16041666,0.16041666,0.32708335,0.49166667,0.33958334,0.43333334,0.45625,0.46875,0.51875,0.41041666,0.11041667,0.7166667,0.39166665,0.425,0.36770833,0.54999995,0.7270833,0.106249996,0.5104167,0.52708334,0.33125,0.23541667,0.6270833,0.41041666,0.5375,0.59791666,0.39791667,0.36666667,0.15625,0.09791667,0.8208333,0.85625,0.14791666,0.53541666,0.6041667,0.8041667,0.48333335,0.30833334,0.60833335,0.44375002,0.112500004,0.85625,0.6895833,0.15,0.27708334,0.38333333,0.6958333,0.114583336,0.5708333,0.21041666,0.15,0.37916666,0.13541667,0.8145833,0.64375,0.70208335,0.1,0.6479167,0.23750001,0.86041665,0.12291667,0.34375,0.42291668,0.25416666,0.31041667,0.44166666,0.22916667,0.51875,0.70625,0.50416666,0.4166667,0.5416667,0.51875,0.54375
BC2026_Train_0019_S22_20211104_200000_20,0.17916666,0.46666664,0.74375,0.525,0.9375,0.36041665,0.55625,0.85,0.9166667,0.65833336,0.8375,0.76250005,0.55625,0.5625,0.66875005,0.88750005,0.9083333,0.09166667,0.50416666,0.6479167,0.9479167,0.95416665,0.9375,0.73541665,0.99895835,0.84791666,0.46666667,0.6166667,0.6375,0.93125,0.2125,0.21041667,0.32916668,0.44583333,0.22083333,0.21875,0.22708333,0.22916666,0.48541665,0.25,0.26666665,0.29791668,0.1375,0.23541665,0.5375,0.5395833,0.225,0.40625,0.31458333,0.32708335,0.020833334,0.022916667,0.01875,0.39375,0.2625,0.49166667,0.058333334,0.5208333,0.49791667,0.3854167,0.73125,0.8541666,0.88125,0.96562505,0.525,0.5416666,0.5520833,0.51874995,0.19166666,0.89166665,0.20416667,0.079166666,0.40208334,0.46875,0.3875,0.047916666,0.22916666,0.42083332,0.14166668,0.5083333,0.8645833,0.375,0.94375,0.40208334,0.6333333,0.28958333,0.29999998,0.41041666,0.36874998,0.90208334,0.36041665,0.625,0.43124998,0.30833334,0.96875,0.5020833,0.92499995,0.26875,0.7375,0.5520833,0.19375001,0.71875,0.29583335,0.70208335,0.34583336,0.15208334,0.15,0.5395833,0.6,0.16666666,0.5520833,0.51458335,0.56666666,0.8541666,0.98125005,0.30625,0.11875,0.19999999,0.28333333,0.875,0.41458333,0.36875,0.28333333,0.35208333,0.56875,0.6458333,0.104166664,0.5729166,0.2916667,0.2,0.83958334,0.30208334,0.22916666,0.29375,0.58125,0.92291665,0.30416667,0.6791667,0.5833333,0.80625,0.13541666,0.24375,0.76458335,0.57708335,0.85,0.2625,0.425,0.8041667,0.48333332,0.225,0.82500005,0.28958333,0.6354166,0.39999998,0.30625,0.6458334,0.043750003,0.19166666,0.1875,0.6791667,0.11145833,0.13125001,0.37083334,0.5520833,0.40208334,0.29583335,0.40625,0.31875,0.54583335,0.39999998,0.1125,0.7395834,0.32916665,0.28125,0.3,0.50416666,0.6854167,0.09375,0.3854167,0.6375,0.44375,0.18958333,0.64166665,0.31666666,0.44375,0.55833334,0.30833334,0.37291667,0.09375,0.09375,0.7604167,0.8645834,0.108333334,0.56666666,0.55625,0.69375,0.44583333,0.25625,0.5375,0.44375,0.08125,0.90208334,0.625,0.09791666,0.35625,0.34375,0.7083333,0.16458333,0.5625,0.15208334,0.15625,0.3020833,0.14583333,0.83958334,0.5645833,0.69375,0.09375,0.60625,0.13958333,0.86041665,0.14583333,0.20833334,0.4270833,0.27499998,0.31875,0.50625,0.26666665,0.42083332,0.69375,0.37916666,0.41666666,0.40416667,0.39375,0.30833334
BC2026_Train_0019_S22_20211104_200000_25,0.18541667,0.34166667,0.64166665,0.5625,0.9625,0.425,0.63958335,0.9041667,0.9375,0.72291666,0.89374995,0.6645833,0.49374998,0.5,0.5833333,0.88958335,0.92291665,0.1,0.5083333,0.5916667,0.9270834,0.9895834,0.9041667,0.9708333,0.9927083,0.78125,0.5958333,0.48541665,0.5375,0.93125,0.16666667,0.22916666,0.3375,0.37083334,0.24375,0.18125,0.30625,0.28958333,0.5125,0.18958333,0.55625,0.34583333,0.4,0.25416666,0.46875,0.46458334,0.28958333,0.5083333,0.39791667,0.340625,0.12291667,0.12083334,0.12083334,0.56666666,0.15833333,0.49583334,0.052083332,0.5229167,0.43958333,0.3541667,0.7416667,0.83958334,0.8833333,0.9864583,0.51874995,0.5833333,0.46458334,0.425,0.22916666,0.82708335,0.16041666,0.0875,0.39791667,0.65625,0.28333333,0.06666667,0.24791667,0.38958335,0.16041666,0.52916664,0.8958334,0.44375,0.95208335,0.37291664,0.59375,0.23750001,0.17500001,0.3,0.51875,0.95208335,0.3229167,0.5,0.36041665,0.41875,0.98125005,0.6125,0.93333334,0.34791666,0.70416665,0.43125,0.29791665,0.8729167,0.3,0.86041665,0.50416666,0.19999999,0.19583334,0.475,0.55,0.077083334,0.45416665,0.46041667,0.46875,0.94375,0.9645833,0.32916665,0.09791667,0.43958333,0.28333333,0.8416667,0.50416666,0.27916667,0.3125,0.27916667,0.5833334,0.80625,0.08958333,0.40625,0.26458335,0.24791667,0.7916666,0.52916664,0.26458332,0.30104166,0.5708333,0.9354167,0.4375,0.5645833,0.56875,0.83125,0.14583334,0.27291667,0.8354167,0.5916667,0.8125,0.18958333,0.3541667,0.75,0.5875,0.20416667,0.8729167,0.31041667,0.5395833,0.45208335,0.3375,0.6625,0.060416665,0.18125,0.17916667,0.7395834,0.15208334,0.125,0.40833333,0.55833334,0.3229167,0.31458333,0.44166666,0.31041667,0.51250005,0.3875,0.07291667,0.74375,0.33958334,0.14375,0.39166668,0.56666666,0.76458335,0.10208334,0.30833334,0.62083334,0.425,0.17291667,0.63125,0.24166667,0.5395833,0.55625,0.20625,0.2916667,0.07083333,0.17291667,0.84791666,0.88125,0.108333334,0.45625,0.725,0.725,0.34791666,0.21041666,0.5625,0.58958334,0.041666668,0.98541665,0.65625,0.045833334,0.29375,0.20208333,0.7270833,0.15,0.5104166,0.087500006,0.17291667,0.19999999,0.10208333,0.75416666,0.70416665,0.6583333,0.15,0.66041666,0.12708333,0.92083335,0.12708333,0.15625,0.52708334,0.27916667,0.28541666,0.5208334,0.2125,0.37291667,0.6583333,0.23541665,0.275,0.5,0.26458335,0.27916667
BC2026_Train_0019_S22_20211104_200000_30,0.19166666,0.32916665,0.72291666,0.58958334,0.9291667,0.5604167,0.5020833,0.9375,0.9395833,0.64375,0.8666667,0.6958333,0.49583334,0.675,0.6791667,0.9145833,0.9510417,0.104166664,0.62083334,0.50625,0.9395833,0.99375,0.9145833,0.99375,0.9770833,0.875,0.7270833,0.4125,0.475,0.9145833,0.21458334,0.24166667,0.42291668,0.3854167,0.36666664,0.17708333,0.26875,0.29375,0.5395833,0.19166666,0.6791667,0.3375,0.5291667,0.27083334,0.475,0.4625,0.30416667,0.5729166,0.44375,0.38125,0.17916666,0.17083333,0.17291667,0.6770833,0.15,0.73333335,0.10625,0.5520834,0.6,0.32083333,0.8354167,0.82708335,0.95,0.96979165,0.53541666,0.6270833,0.4375,0.5375,0.30833334,0.84375,0.24166666,0.14999999,0.54583335,0.9104167,0.27291667,0.16666666,0.375,0.6875,0.22083333,0.62916666,0.8729167,0.7291666,0.9666667,0.61875,0.6333333,0.275,0.16041666,0.4625,0.625,0.99583334,0.23958334,0.55,0.5208333,0.46458334,0.9875,0.8145833,0.9395833,0.34166667,0.80625,0.41666666,0.28125,0.84375,0.4270833,0.8708333,0.47083333,0.27916667,0.29375,0.625,0.6041667,0.12708333,0.43958333,0.32916665,0.51666665,0.9125,0.9625,0.29791665,0.15,0.45208335,0.60625,0.8458333,0.74375,0.6333333,0.3854167,0.41666666,0.59791666,0.8520833,0.13125,0.45,0.32291666,0.44375,0.75625,0.7895833,0.4479167,0.35,0.79999995,0.94166666,0.38958335,0.57916665,0.73333335,0.8375,0.40416667,0.34375,0.86875,0.6979167,0.8375,0.29999998,0.30625,0.8020833,0.6479167,0.29375,0.90625,0.5708333,0.74583334,0.4583333,0.3645833,0.67291665,0.40208334,0.3854167,0.20416668,0.9333333,0.17083333,0.175,0.5,0.45208332,0.46458334,0.45833334,0.59375,0.42083335,0.40625,0.61041665,0.13958333,0.8041667,0.39166665,0.44583333,0.66041666,0.6458333,0.8708333,0.15416667,0.38125002,0.74583334,0.44375,0.24166666,0.64166665,0.29375002,0.64375,0.7583333,0.35,0.3625,0.19583333,0.26666665,0.95624995,0.91875005,0.3541667,0.59791666,0.62083334,0.7895833,0.40416667,0.25208333,0.74583334,0.6875,0.077083334,0.90833336,0.73541665,0.0375,0.4375,0.35625,0.7270833,0.12916666,0.61875,0.20833334,0.40208334,0.39791667,0.125,0.7729167,0.79999995,0.7208333,0.26458335,0.7520833,0.22604166,0.87083334,0.16666666,0.25416666,0.6041667,0.41458333,0.4479167,0.5520834,0.27916667,0.56875,0.76875,0.3375,0.40208334,0.5208333,0.23333333,0.30833334
BC2026_Train_0019_S22_20211104_200000_35,0.14583333,0.325,0.80625,0.5416666,0.93333334,0.81666666,0.5520833,0.9770833,0.9375,0.625,0.8,0.76145834,0.6229167,0.575,0.78125,0.94166666,0.9270834,0.14375,0.6229167,0.6666667,0.96458334,0.9791667,0.98541665,0.9354167,0.9916667,0.9625,0.63958335,0.59791666,0.66875,0.94375,0.28125,0.33125,0.5395833,0.19583333,0.25,0.33958334,0.29375,0.25833333,0.5229167,0.28333333,0.52708334,0.32083333,0.36874998,0.38333333,0.55625,0.5604167,0.26666668,0.54791665,0.40208334,0.31875002,0.1125,0.108333334,0.10208334,0.5104166,0.23541667,0.875,0.15625,0.5375,0.6458333,0.55833334,0.775,0.84166664,0.9125,0.9583334,0.59791666,0.65,0.46041667,0.6166667,0.3875,0.86875,0.28541666,0.275,0.5333333,0.71875,0.20416667,0.40625,0.46249998,0.84791666,0.175,0.65208334,0.74583334,0.5104166,0.86041665,0.7083333,0.78541666,0.45208332,0.25,0.5854167,0.67291665,0.9895834,0.33958334,0.76875,0.65625,0.59375,0.99583334,0.8333334,0.9625,0.2916667,0.7708334,0.47916666,0.27291667,0.82708335,0.34166667,0.70208335,0.5,0.27708334,0.34375,0.55833334,0.61875,0.19791667,0.4375,0.27083334,0.5625,0.73125005,0.9979167,0.4125,0.18541667,0.40833336,0.38333333,0.8520833,0.79999995,0.79583335,0.36666667,0.42083335,0.75,0.79375005,0.058333334,0.7604166,0.35625,0.43124998,0.8,0.62083334,0.6125,0.35833335,0.64166665,0.94375,0.2916667,0.7375,0.725,0.8125,0.34166667,0.37916666,0.76666665,0.69375,0.7708333,0.39374998,0.30416667,0.73541665,0.6979167,0.3541667,0.85833335,0.6770833,0.76250005,0.51458335,0.47291666,0.79375,0.53125,0.38333333,0.33958334,0.9666667,0.28541666,0.21041666,0.67291665,0.5,0.40833333,0.54375,0.6208333,0.5072917,0.46875,0.53541666,0.31041667,0.9291667,0.44583333,0.41041666,0.7520833,0.6020833,0.7895833,0.19375001,0.54375,0.89375,0.45208335,0.28333333,0.6020833,0.40416667,0.6666666,0.7791667,0.36666667,0.51458335,0.16458333,0.33958334,0.875,0.86875,0.47291666,0.68125,0.6895833,0.8020834,0.46249998,0.31666666,0.70000005,0.5875,0.14375,0.9020833,0.73125005,0.15625,0.76458335,0.36041665,0.6583333,0.21458334,0.6270833,0.3625,0.7083334,0.31041667,0.15625,0.75416666,0.6979166,0.66875005,0.33125,0.8416667,0.27291667,0.8333334,0.25208333,0.275,0.6166667,0.44583333,0.5520833,0.54791665,0.35208333,0.4625,0.7104167,0.4,0.5729166,0.54791665,0.4,0.4125
BC2026_Train_0019_S22_20211104_200000_40,0.14583334,0.31458333,0.6458334,0.56875,0.9583333,0.9375,0.6666667,0.84791666,0.9270834,0.6,0.81875,0.6854167,0.60625,0.60833335,0.7270833,0.925,0.94375,0.18333334,0.66875005,0.84375,0.9791666,0.9770833,0.8666667,0.81666666,0.98125,0.91041666,0.61875,0.8333333,0.6229167,0.96770835,0.19791666,0.24166667,0.42812502,0.1625,0.22291666,0.18333332,0.20625,0.17708334,0.39999998,0.20416665,0.23541667,0.225,0.15416665,0.2875,0.39791667,0.39375,0.17916667,0.38958335,0.31666666,0.25,0.05,0.047916666,0.047916666,0.3125,0.13958333,0.92083335,0.14583333,0.54375005,0.8854166,0.56875,0.8458333,0.8229167,0.92291665,0.98854166,0.67083335,0.62083334,0.525,0.7291666,0.43541667,0.65625,0.24583332,0.17083332,0.35833332,0.5645833,0.22083333,0.45,0.43333334,0.55,0.19375,0.79375,0.67291665,0.33541667,0.81875,0.7458333,0.83958334,0.3875,0.23541667,0.36041665,0.4375,0.94166666,0.25,0.5291667,0.5520834,0.7416667,0.96458334,0.86875,0.8770833,0.3229167,0.625,0.49791667,0.18958333,0.82500005,0.30833334,0.7125,0.49166667,0.1875,0.15625,0.5208333,0.56458336,0.24791667,0.47708333,0.32708335,0.49375,0.5125,0.99583334,0.29791665,0.18958333,0.3541667,0.63958335,0.76874995,0.73541665,0.575,0.2875,0.46041667,0.825,0.65,0.052083336,0.47083336,0.29375,0.36874998,0.92083335,0.37291667,0.7875,0.23541667,0.53125,0.94166666,0.28541666,0.5375,0.5229167,0.7479167,0.24791667,0.34375,0.6854167,0.56666666,0.8479167,0.34166667,0.32083333,0.70208335,0.5604167,0.35625,0.77708334,0.51666665,0.64166665,0.40833333,0.4375,0.6291667,0.275,0.19583334,0.3,0.88958335,0.28958333,0.125,0.7145833,0.63958335,0.25833333,0.62916666,0.45,0.28333333,0.43333334,0.40416667,0.2125,0.76250005,0.32708332,0.18958333,0.54583335,0.47083333,0.7145833,0.1,0.5375,0.8208333,0.48958334,0.24791667,0.5229167,0.32083333,0.7458333,0.6875,0.4625,0.32291666,0.17291667,0.12291667,0.78333336,0.85,0.18333334,0.54999995,0.56875,0.7375,0.49583334,0.24583334,0.5604167,0.51458335,0.108333334,0.7395834,0.62916666,0.25,0.41458333,0.33541667,0.725,0.32083333,0.63125,0.21875,0.26458335,0.20833334,0.17708333,0.7291666,0.7104167,0.5729166,0.18125,0.78125,0.1625,0.82708335,0.15,0.2125,0.54791665,0.24583334,0.47291666,0.49583334,0.26874998,0.53541666,0.60833335,0.37083334,0.4083333,0.5083333,0.45625,0.33125
BC2026_Train_0019_S22_20211104_200000_45,0.16875,0.33958334,0.66875,0.6270833,0.975,0.8645834,0.6166667,0.84791666,0.9458333,0.6125,0.8416667,0.7552084,0.40416664,0.525,0.8020834,0.93125,0.9791667,0.13541667,0.5375,0.7395834,0.9916667,0.9458333,0.70625,0.7416667,0.97291666,0.79791665,0.59583336,0.82500005,0.7083334,0.95208335,0.2125,0.24166666,0.40416664,0.16666666,0.17083335,0.17291668,0.16666667,0.18125,0.44583333,0.18958333,0.31041667,0.28958333,0.20833334,0.29375,0.3,0.28541666,0.15625,0.4583333,0.31041667,0.25625002,0.05,0.052083336,0.052083336,0.38125,0.08958333,0.7520833,0.1125,0.55625,0.7895833,0.3958333,0.7708334,0.8666667,0.91875005,0.95208335,0.89166665,0.61041665,0.5833333,0.625,0.42916667,0.78541666,0.18333334,0.118750006,0.22291666,0.45,0.19999999,0.09791667,0.29583335,0.3229167,0.15625,0.80833334,0.65625,0.43541667,0.8541667,0.80833334,0.73333335,0.2875,0.15625,0.30624998,0.26666668,0.89375,0.41458333,0.34791666,0.47083333,0.7895833,0.9666667,0.82708335,0.75,0.34583333,0.6,0.60625005,0.18125,0.6916667,0.110416666,0.625,0.475,0.175,0.0875,0.5395833,0.5645833,0.22291666,0.4375,0.309375,0.45624998,0.5875,0.96875,0.22083333,0.19375001,0.4875,0.3625,0.73333335,0.48958334,0.19791667,0.22291666,0.3375,0.6666666,0.6625,0.033333335,0.425,0.22083333,0.2708333,0.88125,0.3,0.7895833,0.25416666,0.52708334,0.9666667,0.6,0.40416667,0.5208333,0.74375,0.116666675,0.36458334,0.73333335,0.57916665,0.77708334,0.36875,0.28541666,0.7583333,0.42916667,0.39166665,0.8041667,0.175,0.5854167,0.34583333,0.40625,0.5291667,0.13125,0.18124999,0.20416667,0.8125,0.19999999,0.1375,0.725,0.33541667,0.29791665,0.62083334,0.3875,0.375,0.4895833,0.53541666,0.22916667,0.6625,0.28958333,0.108333334,0.40104166,0.34375,0.8208333,0.06666667,0.38958335,0.76874995,0.36041668,0.15208334,0.64166665,0.4375,0.6791667,0.51666665,0.26666665,0.25,0.16458334,0.13333333,0.76250005,0.86875,0.10625,0.42708334,0.49374998,0.6583333,0.41041666,0.18333332,0.375,0.6770834,0.08125,0.7166667,0.675,0.20416667,0.17291667,0.325,0.55833334,0.33125,0.7520833,0.09375,0.19166666,0.16041666,0.32291666,0.6666666,0.73541665,0.5416667,0.17083332,0.7270833,0.099999994,0.84791666,0.15833333,0.18958333,0.49583334,0.26875,0.31875002,0.48333335,0.23333333,0.50625,0.725,0.35208333,0.45416665,0.44791666,0.45416665,0.375
BC2026_Train_0019_S22_20211104_200000_50,0.25208333,0.36041665,0.6770834,0.5541667,0.99583334,0.746875,0.67083335,0.97083336,0.9458333,0.5958333,0.7833333,0.78125,0.5583333,0.40833333,0.8729167,0.9458333,1.0,0.18541667,0.55625,0.9125,0.9979167,0.90208334,0.80833334,0.7520833,0.975,0.875,0.48541665,0.5541667,0.54999995,0.9479166,0.12708333,0.19999999,0.38541666,0.16666667,0.16875,0.1875,0.18541667,0.19166666,0.46458334,0.17291668,0.31666666,0.27083334,0.22291666,0.225,0.31458333,0.32083333,0.19166666,0.47291666,0.37083334,0.27291667,0.072916664,0.083333336,0.075,0.34583336,0.15208334,0.77916664,0.077083334,0.5395833,0.81875,0.5291667,0.9,0.93333334,0.91875005,0.8958333,0.95625,0.5020833,0.55833334,0.70208335,0.5,0.6666666,0.22083333,0.27708334,0.34375,0.6958333,0.23541665,0.058333334,0.27708334,0.42291665,0.16666667,0.67291665,0.73333335,0.5020833,0.84791666,0.76250005,0.7520833,0.40416664,0.20208333,0.6229167,0.3645833,0.8333334,0.70208335,0.425,0.625,0.78125,0.95416665,0.87083334,0.8770833,0.20625,0.55,0.5416666,0.13125,0.8125,0.23333333,0.6354166,0.49166667,0.19375001,0.10208333,0.6979167,0.45416665,0.1375,0.51875,0.4270833,0.40625,0.42916667,0.9375,0.27708334,0.175,0.6125,0.48125,0.725,0.47083336,0.2875,0.18333334,0.3458333,0.8375,0.6625,0.06458333,0.35,0.24583334,0.27291667,0.8979167,0.35000002,0.7416667,0.35416666,0.63125,0.9708333,0.70416665,0.50416666,0.47604167,0.75416666,0.14791666,0.17291667,0.73125,0.61249995,0.7583333,0.4552083,0.32916665,0.73333335,0.47708333,0.36041665,0.8625,0.1875,0.45,0.325,0.35208333,0.45416665,0.0875,0.25833333,0.2375,0.8833333,0.18125,0.16041666,0.59375,0.36874998,0.31666666,0.475,0.54999995,0.26875,0.39791667,0.34375,0.41875002,0.66875,0.29375,0.16041666,0.28958333,0.5072917,0.86249995,0.0875,0.27708334,0.5625,0.3375,0.20416667,0.5104167,0.26041666,0.98125005,0.5229167,0.28125,0.29583332,0.2916667,0.45,0.7125,0.9375,0.1625,0.44166666,0.4875,0.6354166,0.3875,0.24166667,0.43333334,0.76874995,0.06875,0.9708333,0.5875,0.19583333,0.11666667,0.29166666,0.72291666,0.27083334,0.8520833,0.15833333,0.16458333,0.15,0.23958333,0.47083336,0.5541667,0.54375005,0.25625,0.7125,0.13333333,0.91875005,0.20416668,0.14791667,0.55625,0.46458334,0.35625002,0.43541667,0.25416666,0.6229167,0.7125,0.25833333,0.5958333,0.3958333,0.49583334,0.35
BC2026_Train_0019_S22_20211104_200000_55,0.21666667,0.5229167,0.72291666,0.54375005,0.91041666,0.8104167,0.6541667,0.96666664,0.9166667,0.7104167,0.80833334,0.72291666,0.7208333,0.8666667,0.84791666,0.9,0.9625,0.1625,0.50416666,0.81875,0.92083335,0.87916666,0.76874995,0.9333333,0.9,0.89375,0.51458335,0.8520833,0.86875,0.9791667,0.1375,0.27291667,0.5125,0.51875,0.30416667,0.54583335,0.275,0.27708334,0.4895833,0.28958333,0.53125,0.28333333,0.31666666,0.35000002,0.47291666,0.47916666,0.35833335,0.52708334,0.49374998,0.3375,0.14375,0.14166667,0.14375,0.52708334,0.34583333,0.66875005,0.08958333,0.51458335,0.7166667,0.59791666,0.95624995,0.8708333,0.8229166,0.86041665,0.6354166,0.56875,0.71458334,0.8,0.48749998,0.7479167,0.28541666,0.29375,0.34166667,0.53541666,0.56875,0.12083333,0.4270833,0.35,0.14791666,0.6645833,0.8729167,0.6333333,0.8979167,0.54583335,0.7520833,0.36041665,0.26041666,0.63125,0.3375,0.78125,0.43333334,0.54375,0.48958334,0.5291667,0.92499995,0.9770833,0.9625,0.37083334,0.54583335,0.5916667,0.25416666,0.78125,0.38541666,0.83958334,0.65625,0.35000002,0.20416667,0.67083335,0.46041667,0.15416667,0.33958334,0.5208333,0.46041667,0.34166667,0.87083334,0.26875,0.28125,0.55625,0.68125,0.86249995,0.76874995,0.39791667,0.17291667,0.45208335,0.96458334,0.5083333,0.11666667,0.5979167,0.30833334,0.14166667,0.87083334,0.44583333,0.4979167,0.35625,0.65416664,0.86041665,0.59791666,0.6375,0.43541664,0.8020834,0.1625,0.25,0.6125,0.53541666,0.8833333,0.42916667,0.44270834,0.7708334,0.503125,0.40833333,0.91041666,0.21249999,0.56875,0.45625,0.48333335,0.6979167,0.28125,0.34583333,0.20416667,0.84375,0.21875,0.18333334,0.575,0.55625,0.3625,0.46666664,0.78125,0.3958333,0.28333333,0.48125,0.3729167,0.7833333,0.4,0.30625,0.34375,0.71875,0.7916666,0.12916666,0.46875,0.76875,0.39999998,0.23125,0.64374995,0.3645833,1.0,0.48541665,0.36666667,0.34375,0.24583334,0.25208333,0.68333334,0.9125,0.18958333,0.7104167,0.6020833,0.6541667,0.48333335,0.3,0.4791667,0.8020834,0.0625,0.9354167,0.60833335,0.15208334,0.20208333,0.48541665,0.7625,0.28125,0.6958333,0.175,0.19166666,0.17291667,0.21666667,0.5729167,0.74583334,0.65,0.30625,0.81666666,0.12083333,0.96875,0.24375,0.22291666,0.5916667,0.46666667,0.31041667,0.5395833,0.37916666,0.625,0.70208335,0.34166667,0.44583333,0.53125,0.48333335,0.42291665
BC2026_Train_0019_S22_20211104_200000_60,0.30833334,0.5416666,0.74375,0.5541667,0.7375,0.8729167,0.6770833,0.98541665,0.85833335,0.7229167,0.8,0.8041667,0.6229167,0.9875,0.9708333,0.7916666,0.91041666,0.22708333,0.43958333,0.8541666,0.85625,0.75416666,0.8729167,0.9083333,0.6979166,0.96875,0.3854167,0.9291667,0.8,0.9604167,0.2708333,0.38541666,0.6041667,0.7166667,0.25625,0.7166667,0.32916665,0.41666666,0.56666666,0.37916666,0.55,0.43333334,0.2875,0.40416667,0.5333333,0.5333333,0.51875,0.55833334,0.56666666,0.46875,0.18125,0.17083332,0.19166666,0.5604167,0.375,0.62083334,0.12708333,0.5083333,0.68333334,0.48333335,0.9125,0.85625,0.7083333,0.7895833,0.32708335,0.54583335,0.95208335,0.82708335,0.4895833,0.8625,0.41041666,0.35625,0.46666667,0.675,0.703125,0.12708333,0.47083333,0.65208334,0.33541667,0.7395833,0.90625,0.7125,0.8854166,0.7166667,0.8041667,0.43958333,0.37291664,0.73749995,0.59791666,0.82916665,0.45416665,0.64374995,0.5604167,0.45625,0.90208334,0.91875,0.9875,0.48125002,0.5729166,0.5708333,0.31666666,0.85833335,0.54583335,0.7729167,0.7291667,0.30833334,0.34791666,0.765625,0.50416666,0.2875,0.54583335,0.79791665,0.48541668,0.39166665,0.8104167,0.29375,0.29375,0.47708333,0.85,0.9291667,0.7572917,0.43541667,0.2125,0.48125,0.9145833,0.61249995,0.45,0.7270833,0.34583333,0.17083333,0.83124995,0.53333336,0.66041666,0.47291666,0.54375,0.83125,0.42916667,0.75,0.48125,0.80625,0.16875,0.3875,0.62083334,0.76874995,0.81875,0.51458335,0.44166666,0.8666667,0.49374998,0.49374998,0.90208334,0.29375,0.75,0.6354166,0.59375,0.8395833,0.5,0.49791667,0.28125,0.9083333,0.27083334,0.28541666,0.69166666,0.70208335,0.46875,0.44583333,0.82916665,0.4875,0.3645833,0.5875,0.49166667,0.79375005,0.4479167,0.225,0.47500002,0.60625,0.77708334,0.15416667,0.51666665,0.7583333,0.48125,0.39166668,0.71458334,0.38333333,0.9791667,0.625,0.5729166,0.61041665,0.1625,0.5104167,0.7125,0.89166665,0.2708333,0.81875,0.7604166,0.7270833,0.6,0.3020833,0.52916664,0.7916666,0.12708333,0.95416665,0.7208333,0.23958334,0.32291666,0.68333334,0.80625,0.23541667,0.63958335,0.22916667,0.275,0.26875,0.49583334,0.62083334,0.73125,0.7104167,0.6479167,0.67291665,0.1625,0.98333335,0.41875002,0.3,0.6666667,0.6458333,0.35208333,0.5416666,0.31666666,0.5083333,0.74375,0.40833333,0.46666667,0.56875,0.475,0.37291667
BC2026_Train_0020_S22_20211104_231500_5,0.71666664,0.425,0.6333333,0.7520833,0.8875,0.21666667,0.6583333,0.675,0.8083333,0.76666665,0.8,0.7604167,0.6666667,0.70416665,0.775,0.7125,0.8083333,0.2375,0.8104167,0.51458335,0.8854166,0.8166667,0.62083334,0.90208334,0.93125,0.6875,0.6270833,0.54583335,0.25625,0.8770833,0.27916667,0.225,0.28333333,0.52916664,0.25416666,0.20416667,0.44166666,0.45,0.6145833,0.225,0.6583333,0.49375004,0.38541666,0.21666667,0.43124998,0.41458333,0.28541666,0.5541667,0.5104167,0.425,0.15208334,0.18125,0.15208334,0.70208335,0.16666667,0.4375,0.15416667,0.7520833,0.23541668,0.47916666,0.8145833,0.74375,0.84791666,0.9166666,0.59791666,0.89166665,0.9354167,0.7479167,0.325,0.85,0.54375,0.3229167,0.29375,0.79375005,0.55833334,0.35625,0.62916666,0.72291666,0.14999999,0.17291667,0.875,0.6916667,0.9354167,0.58958334,0.5416666,0.14583333,0.43541667,0.9270834,0.4125,0.95,0.525,0.33749998,0.6479167,0.24791667,0.8854167,0.76874995,0.81666666,0.5104167,0.92291665,0.8020834,0.45625,0.375,0.6354167,0.9395833,0.96875,0.59791666,0.28958333,0.8375,0.875,0.20833333,0.50625,0.53125,0.3,0.8791667,0.96875,0.4895833,0.62916666,0.41666666,0.7416667,0.92083335,0.28125,0.83124995,0.47083333,0.6979166,0.8020834,0.9895834,0.90625,0.39791667,0.36875,0.27916667,0.68125,0.6354166,0.21249999,0.8229166,0.95416665,0.9458333,0.45208335,0.12291667,0.95625,0.9,0.42291665,0.71458334,0.9,0.5541667,0.8416667,0.41458333,0.21875,0.6895833,0.35208333,0.4666667,0.8958333,0.80833334,0.70208335,0.1625,0.7479167,0.26666668,0.43333334,0.56875,0.22916666,0.62083334,0.38541666,0.61041665,0.175,0.11666667,0.8354167,0.5645833,0.375,0.5083333,0.7270833,0.54999995,0.47291666,0.9354167,0.42291665,0.47083336,0.6666666,0.7875,0.9375,0.5729167,0.29166666,0.6333333,0.36041665,0.51250005,0.8229166,0.5958333,0.7395834,0.4791667,0.8104167,0.43124998,0.28125,0.4875,1.0,0.73541665,0.32916665,0.51875,0.59791666,0.73749995,0.6875,0.34791666,0.9270833,0.5645833,0.33125,0.59166664,0.9083333,0.25833333,0.39791667,0.6291667,0.9145833,0.6166667,0.7,0.76250005,0.325,0.26666665,0.20208333,0.9354167,0.93333334,0.92083335,0.52916664,0.92083335,0.46666667,0.8541667,0.31666666,0.5979167,0.40833336,0.5229167,0.3229167,0.45208335,0.37291667,0.27916667,0.8833333,0.56666666,0.38125002,0.50625,0.23541668,0.71458334
BC2026_Train_0020_S22_20211104_231500_10,0.70208335,0.46666667,0.75,0.6895833,0.8833333,0.43333334,0.7729167,0.8729167,0.825,0.7916667,0.8208333,0.9083333,0.8375,0.90625,0.91875,0.7875,0.83958334,0.42083335,0.784375,0.49583334,0.89166665,0.89375,0.74375,0.8958334,0.9041667,0.76666665,0.5729166,0.65208334,0.33958334,0.8854166,0.23124999,0.34791666,0.26666665,0.33125,0.51875,0.23333332,0.4875,0.51874995,0.5375,0.24166667,0.53541666,0.425,0.38958335,0.33958334,0.40208334,0.37291664,0.325,0.60625,0.57708335,0.54791665,0.21458334,0.21458334,0.21041666,0.5104167,0.108333334,0.8333333,0.23124999,0.8416667,0.5708333,0.6020833,0.8666667,0.81875,0.9,0.89374995,0.61249995,0.95416665,0.98125005,0.9145833,0.54375,0.8958333,0.69166666,0.4708333,0.34375,0.7708334,0.54375005,0.33125,0.48333332,0.67291665,0.25833333,0.27916667,0.87916666,0.60833335,0.8104167,0.67499995,0.70000005,0.36666667,0.78541666,0.9791667,0.32083333,0.93333334,0.6166667,0.6625,0.49375,0.30625,0.9604167,0.6958333,0.5833334,0.5666667,0.9875,0.91875005,0.46458334,0.45416665,0.7729167,0.9270834,0.83958334,0.5916667,0.4375,0.82500005,0.9770833,0.275,0.5958333,0.45624998,0.65208334,0.9708333,0.91875,0.45624998,0.45625,0.5229167,0.54583335,0.8229166,0.3020833,0.5958333,0.49166667,0.65208334,0.7895833,0.95625,0.775,0.5604167,0.36666667,0.36458334,0.60625,0.8375,0.33958334,0.8666667,0.9270834,0.91041666,0.59375,0.18958333,0.85625005,0.93333334,0.47708333,0.68125,0.93333334,0.6166667,0.8770833,0.5229167,0.20208332,0.93125,0.29375,0.57916665,0.8958334,0.8041667,0.79375005,0.30624998,0.8979167,0.47499996,0.5125,0.6125,0.32708335,0.73125,0.35,0.7208333,0.1625,0.27083334,0.6875,0.71458334,0.5604167,0.6770833,0.6645833,0.43958336,0.5520834,0.8333334,0.4895833,0.5541667,0.5083333,0.8020834,0.85833335,0.8104167,0.30208334,0.8,0.37708333,0.4791667,0.8416667,0.67083335,0.76458335,0.4,0.625,0.41875,0.33958334,0.6854167,0.98333335,0.73333335,0.8666667,0.6166667,0.60625,0.67291665,0.62916666,0.38333333,0.7604166,0.53125,0.34375,0.6,0.95625,0.37291667,0.5229167,0.7083334,0.95000005,0.7375,0.5916667,0.88125,0.32708335,0.31041667,0.20833333,0.9291667,0.9645833,0.92499995,0.5729166,0.92083335,0.5229167,0.97291666,0.36875,0.5645833,0.56875,0.5916667,0.54583335,0.48958334,0.4583333,0.39791667,0.9479166,0.48333335,0.40416667,0.6791667,0.36041668,0.49791667
BC2026_Train_0020_S22_20211104_231500_15,0.5729167,0.2875,0.5958333,0.65208334,0.8625,0.48333332,0.6625,0.9354167,0.825,0.78541666,0.7833333,0.63125,0.8645834,0.73333335,0.7770833,0.82916665,0.8145833,0.37708336,0.7791667,0.47291666,0.85,0.6479167,0.6375,0.5854167,0.67499995,0.6666666,0.31875,0.6145834,0.18541667,0.8354167,0.19791666,0.28125,0.16666666,0.23541667,0.65208334,0.16041666,0.48958334,0.46458334,0.475,0.1375,0.2,0.36875,0.18333334,0.26666665,0.32708335,0.29583335,0.29791665,0.5708333,0.49166667,0.4375,0.1875,0.16041666,0.17708333,0.24166666,0.0375,0.7375,0.25416666,0.88958335,0.6854167,0.81666666,0.84375,0.9375,0.8729167,0.8833333,0.6625,0.9875,0.8145833,0.9666667,0.42083335,0.8333334,0.6791667,0.5625,0.40833333,0.87083334,0.25625,0.42916667,0.41875,0.79583335,0.29583335,0.21666667,0.79375,0.28958333,0.6770833,0.5083333,0.5729166,0.37291667,0.54791665,0.95416665,0.33125,0.7520833,0.59791666,0.7708333,0.31041667,0.32916665,0.9145833,0.7083334,0.32708335,0.46458334,0.95416665,0.8416667,0.4666667,0.2708333,0.825,0.9125,0.9395833,0.4875,0.36458334,0.88958335,0.8833333,0.3375,0.6041667,0.6604167,0.7083334,0.91875,0.88125,0.42499998,0.54375,0.49166667,0.55625,0.5625,0.27708334,0.47916666,0.46041667,0.5375,0.84375,0.78541666,0.8979167,0.45208335,0.28958333,0.42083335,0.44791666,0.7916666,0.36666667,0.81666666,0.9020833,0.8041667,0.58125,0.25208333,0.7375,0.8979167,0.46458334,0.56875,0.8104167,0.51874995,0.86249995,0.5104167,0.12291667,0.9083333,0.34583333,0.83125,0.6583333,0.73125,0.7291666,0.48333335,0.68125,0.6291667,0.49791667,0.45833334,0.3625,0.6895833,0.3,0.8729167,0.19583334,0.39999998,0.40833333,0.7604167,0.7541667,0.65625,0.4875,0.43958333,0.56666666,0.64166665,0.47083333,0.54583335,0.36041665,0.8208333,0.69166666,0.8625,0.39270833,0.8125,0.446875,0.49791667,0.7791667,0.57916665,0.5,0.35,0.6541667,0.54791665,0.31041667,0.87083334,0.84375,0.6854167,0.95208335,0.5125,0.43958333,0.61249995,0.4791667,0.37083334,0.80625,0.50625,0.53125,0.44166666,0.9166666,0.2875,0.7375,0.65625,0.87916666,0.5333333,0.55,0.9041667,0.24583334,0.23958333,0.16458333,0.8208333,0.9916667,0.97291666,0.6354166,0.9375,0.64374995,0.8041667,0.39791667,0.5604167,0.5854167,0.67291665,0.70208335,0.41875,0.58958334,0.23541665,0.76666665,0.29375,0.25833333,0.6895833,0.23333333,0.63125
BC2026_Train_0020_S22_20211104_231500_20,0.4895833,0.12083334,0.32083333,0.68333334,0.84583336,0.31875,0.41250002,0.76875,0.8375,0.775,0.75416666,0.36666667,0.8666667,0.38333333,0.5020833,0.82916665,0.68125,0.31458333,0.84791666,0.46875,0.84375,0.65,0.6458333,0.3625,0.76666665,0.5625,0.20833334,0.46458334,0.14583333,0.8145833,0.118750006,0.17708334,0.15625,0.14375001,0.41875,0.08541667,0.50625,0.375,0.37083334,0.079166666,0.108333334,0.32916665,0.06041667,0.15208334,0.16666666,0.16874999,0.16041666,0.48333335,0.3625,0.26979166,0.087500006,0.08333333,0.085416675,0.2,0.0125,0.35,0.21666667,0.9291667,0.30833334,0.76458335,0.82916665,0.89375,0.9083333,0.87395835,0.76875,0.95208335,0.79791665,0.9375,0.20833334,0.7729167,0.51458335,0.62083334,0.32291666,0.71458334,0.175,0.25208333,0.4479167,0.48333335,0.24375,0.275,0.68333334,0.23958334,0.54583335,0.7520833,0.43541667,0.18541667,0.35625,0.8645834,0.42083335,0.70416665,0.68125,0.70416665,0.35208333,0.3958333,0.89166665,0.65625,0.24791667,0.42291665,0.9083333,0.7833333,0.58958334,0.20625,0.6125,0.9145833,0.95208335,0.42708334,0.2625,0.84791666,0.7104167,0.38333333,0.4666667,0.53125,0.67291665,0.8854166,0.8770833,0.45833334,0.5416666,0.45208332,0.6270833,0.42083335,0.23125,0.43333334,0.48125,0.43125,0.86875,0.73749995,0.7104167,0.34166667,0.23333333,0.35208333,0.3541667,0.7479167,0.30416667,0.6979167,0.6958333,0.70625,0.5375,0.077083334,0.5520834,0.8729167,0.35625,0.5833334,0.64375,0.50625,0.7708333,0.48333335,0.12708333,0.4791667,0.41041666,0.4895833,0.54791665,0.69375,0.54791665,0.27916667,0.55,0.51666665,0.45416665,0.32708335,0.19791666,0.6041667,0.24791667,0.7625,0.21666667,0.2625,0.43541667,0.74895835,0.559375,0.6020833,0.4666667,0.3854167,0.54791665,0.5208333,0.40625,0.46875,0.38958335,0.81875,0.7270833,0.825,0.36041665,0.45208335,0.31666666,0.47083336,0.8375,0.575,0.43125,0.33125,0.7395834,0.42291668,0.31875,0.7166667,0.7520833,0.4979167,0.73125,0.34583336,0.38958335,0.55625,0.5083333,0.35208333,0.75625,0.5239583,0.44375002,0.5125,0.84791666,0.24374999,0.5,0.6541667,0.85,0.6041667,0.6041667,0.81666666,0.18958333,0.19166666,0.16041666,0.8458333,0.9791667,0.9083333,0.53541666,0.8541666,0.5875,0.775,0.275,0.6895833,0.4583333,0.55,0.56875,0.3875,0.39375,0.21249999,0.57916665,0.28333333,0.11666667,0.61875,0.16250001,0.5333333
BC2026_Train_0020_S22_20211104_231500_25,0.48125,0.14166667,0.42708334,0.75,0.87916666,0.475,0.47708333,0.6791667,0.85625,0.7479167,0.7208333,0.51770836,0.79791665,0.42916667,0.48333335,0.9145833,0.70208335,0.27291667,0.91041666,0.4583333,0.86041665,0.89375,0.65208334,0.38333333,0.9375,0.70625,0.32083333,0.45000002,0.12708333,0.8333333,0.28958333,0.23750001,0.24791667,0.21458334,0.4270833,0.13333334,0.53125,0.41458333,0.5020833,0.13958333,0.13333333,0.41250002,0.079166666,0.20833333,0.17500001,0.17083333,0.15208334,0.5729166,0.35625,0.30416667,0.14166667,0.12291667,0.1125,0.26458335,0.0125,0.52916664,0.29166666,0.9125,0.20833333,0.6979166,0.85,0.86875,0.87291664,0.8729167,0.8833333,0.95208335,0.7604166,0.9791666,0.42083335,0.76250005,0.5,0.525,0.42083332,0.775,0.30625,0.4895833,0.64375,0.6854167,0.4583333,0.4666667,0.73020834,0.40833336,0.51666665,0.78125,0.41041666,0.22291666,0.56458336,0.875,0.44166666,0.83958334,0.62083334,0.85,0.47291666,0.4875,0.9125,0.7083333,0.27291667,0.37708333,0.8854166,0.7875,0.56041664,0.36458334,0.29375,0.92083335,0.82708335,0.55833334,0.33125,0.82916665,0.79791665,0.35833335,0.30833334,0.49583334,0.625,0.77708334,0.87916666,0.5604167,0.5875,0.64166665,0.7104167,0.46666667,0.27291667,0.47708333,0.5020833,0.53541666,0.8229166,0.8020834,0.7,0.46666664,0.27708334,0.44583333,0.5375,0.75625,0.35208333,0.71875,0.75,0.825,0.5125,0.3645833,0.77708334,0.8625,0.4270833,0.53125,0.7947917,0.625,0.76874995,0.46875,0.09166667,0.40833333,0.39375,0.45625,0.6458333,0.59791666,0.5729166,0.27916667,0.69375,0.61041665,0.5104167,0.6,0.44166666,0.70625,0.28333333,0.575,0.40208334,0.22708334,0.37083334,0.77708334,0.43333334,0.57500005,0.36041665,0.4375,0.6583333,0.575,0.41666666,0.5229167,0.52708334,0.79999995,0.8083333,0.8041667,0.4875,0.36874998,0.34375,0.5208334,0.8729167,0.57708335,0.625,0.36666667,0.8041667,0.45416668,0.31666666,0.7875,0.82916665,0.40625,0.71875,0.37916666,0.6916667,0.59791666,0.5979167,0.36666667,0.8229166,0.70416665,0.5229167,0.63750005,0.9166666,0.32916665,0.47083333,0.6583333,0.7895833,0.5520834,0.6125,0.65625,0.24375,0.2604167,0.31875,0.9770833,1.0,0.875,0.54375005,0.95208335,0.6666666,0.76875,0.27916667,0.78541666,0.60625005,0.7708334,0.5625,0.44375,0.6791667,0.35625,0.59583336,0.43333334,0.24375,0.6854167,0.20208333,0.41458333
BC2026_Train_0020_S22_20211104_231500_30,0.41666666,0.16458333,0.5,0.70625,0.81666666,0.5333333,0.48333335,0.6479167,0.81666666,0.7708333,0.73333335,0.55625,0.8125,0.28333333,0.48958334,0.93333334,0.65,0.20625,0.95000005,0.4354167,0.8145833,0.71458334,0.5625,0.44791666,0.7083334,0.6270833,0.23333333,0.48333332,0.15625,0.8020834,0.20416667,0.26875,0.21458334,0.21458334,0.35625,0.17291667,0.5208333,0.4125,0.6229167,0.13958333,0.15208334,0.40416667,0.110416666,0.25833333,0.19791667,0.20208333,0.24166666,0.5708333,0.41875,0.39166665,0.16041666,0.16666666,0.15208334,0.24791667,0.033333335,0.80833334,0.36041665,0.91875005,0.31458333,0.8375,0.8770833,0.75625,0.90208334,0.86041665,0.8333333,0.93125,0.84375,0.9583334,0.5833334,0.82916665,0.47291666,0.46458334,0.42291665,0.8541666,0.24166667,0.5625,0.41041666,0.6625,0.4625,0.35,0.63750005,0.27291667,0.50208336,0.85,0.4791667,0.15208334,0.47083333,0.82708335,0.50625,0.6958333,0.48541665,0.74375,0.45624998,0.3625,0.8854166,0.8145833,0.20833334,0.4166667,0.90208334,0.8541666,0.47708333,0.575,0.32083333,0.8958333,0.759375,0.7416667,0.32083333,0.94375,0.7770833,0.27916667,0.31458333,0.59375,0.65,0.69166666,0.85,0.4479167,0.4270833,0.85833335,0.71875,0.40416667,0.21666667,0.51875,0.44375,0.63125,0.91041666,0.6895833,0.8333334,0.50416666,0.14583334,0.61875,0.43958333,0.7479167,0.47291666,0.7520833,0.76874995,0.725,0.6583333,0.31041667,0.7916667,0.8625,0.56875,0.60833335,0.56666666,0.7125,0.8229166,0.6458334,0.09583333,0.6333333,0.36041665,0.6541667,0.55833334,0.6625,0.41458333,0.23333333,0.7604167,0.58125,0.5083333,0.34166667,0.5020833,0.63125,0.31875002,0.59166664,0.37083334,0.18333334,0.19583333,0.8354167,0.7,0.4166667,0.26041666,0.28958333,0.80625,0.5729166,0.4395833,0.5375,0.48333332,0.8333333,0.6875,0.79791665,0.3125,0.4125,0.39999998,0.54791665,0.76875,0.46458334,0.50625,0.38125002,0.6229167,0.52916664,0.36875,0.97291666,0.65625,0.54791665,0.9145833,0.51458335,0.6583333,0.56875,0.53125,0.27291667,0.76666665,0.8020834,0.6145833,0.58125,0.8125,0.15833333,0.44583333,0.8041667,0.8666667,0.51458335,0.571875,0.88125,0.21041667,0.20625001,0.22708333,0.83124995,0.99583334,0.89166665,0.68333334,0.98333335,0.6958333,0.71875,0.31458333,0.7416667,0.62291664,0.95624995,0.70208335,0.33333334,0.63958335,0.34375,0.5645833,0.31875,0.22708333,0.6354166,0.19375,0.25833333
BC2026_Train_0020_S22_20211104_231500_35,0.53541666,0.21666667,0.55625,0.7416667,0.79583335,0.48333335,0.725,0.68125,0.86875,0.7916667,0.76458335,0.70729166,0.85625,0.6333333,0.65625,0.9270834,0.65,0.34375,0.92499995,0.48125,0.8,0.6875,0.75416666,0.39791667,0.5854167,0.675,0.2375,0.48541665,0.15,0.87083334,0.16875,0.24166666,0.26458335,0.22083333,0.19166666,0.19166666,0.49583334,0.45625,0.56875,0.175,0.20416667,0.4479167,0.09583333,0.24375,0.18958333,0.1875,0.32083333,0.6,0.5291667,0.4875,0.14375,0.1625,0.16041666,0.24583334,0.09166667,0.72083336,0.27083334,0.86041665,0.41250002,0.87083334,0.86875,0.8166667,0.86041665,0.8666667,0.71875,0.88958335,0.8666667,0.89375,0.37083334,0.9166667,0.49166667,0.49166667,0.31458333,0.74375,0.1875,0.37916666,0.27708334,0.57916665,0.38854167,0.28125,0.8354167,0.3854167,0.57916665,0.85,0.47291666,0.35208333,0.5125,0.85625005,0.625,0.72291666,0.5833333,0.7583333,0.43541667,0.2625,0.8416667,0.84375,0.26458335,0.5020833,0.8416667,0.79791665,0.46354166,0.60833335,0.175,0.9041667,0.8416667,0.8020833,0.28958333,0.9395833,0.6583333,0.23333333,0.2916667,0.46666667,0.5520833,0.48541668,0.8125,0.43541664,0.39166665,0.8854166,0.41041666,0.45,0.31041667,0.54583335,0.3875,0.675,0.81666666,0.72083336,0.75416666,0.38333333,0.09166667,0.47291666,0.39166665,0.77708334,0.42083335,0.75,0.7125,0.725,0.625,0.1,0.60625,0.88125,0.53125,0.5875,0.40208334,0.51458335,0.9083333,0.60833335,0.04791667,0.92499995,0.34791666,0.71875,0.7729167,0.6958333,0.40625,0.15,0.63645834,0.4583333,0.34166667,0.38958332,0.49166667,0.6125,0.26875,0.57708335,0.30416667,0.15208334,0.3541667,0.7479167,0.45208335,0.47083333,0.24583334,0.19166666,0.9291667,0.67291665,0.34166667,0.30833334,0.5854167,0.7916666,0.63750005,0.8041667,0.24375,0.3625,0.29999998,0.40625,0.7520833,0.40833333,0.47083333,0.50416666,0.60833335,0.45625,0.37708333,0.99375,0.59999996,0.73541665,0.84375,0.43125,0.44375,0.6458334,0.6229167,0.20625001,0.8833333,0.7291666,0.3875,0.8,0.89375,0.075,0.47708333,0.7291666,0.9125,0.46458334,0.57708335,0.66041666,0.20625001,0.10625,0.28333336,0.73333335,0.975,0.8625,0.7083334,0.92291665,0.5125,0.8229166,0.24583334,0.6354167,0.7291666,0.99375,0.53749996,0.38125,0.37083334,0.26875,0.7791667,0.46249998,0.21875,0.63750005,0.18958333,0.32916668
BC2026_Train_0020_S22_20211104_231500_40,0.58958334,0.20625001,0.5541667,0.7416667,0.8375,0.33541667,0.8020833,0.62291664,0.82916665,0.75625,0.7708333,0.825,0.5854167,0.85,0.5604167,0.91875005,0.66041666,0.27708334,0.7625,0.48125,0.8416667,0.6979166,0.46666664,0.5625,0.6125,0.6479167,0.38333333,0.3375,0.116666675,0.8125,0.16875,0.18958333,0.21666667,0.29583335,0.35416666,0.20625001,0.4375,0.34375,0.50416666,0.21875,0.19791667,0.37083334,0.14583333,0.175,0.20833333,0.2125,0.275,0.38125,0.40833333,0.39166665,0.15625,0.1625,0.17291667,0.28750002,0.03541667,0.7708333,0.20833334,0.7395834,0.46041667,0.82916665,0.84375,0.80833334,0.83125,0.8802084,0.54583335,0.9291667,0.7791667,0.9270834,0.33333334,0.81875,0.5416666,0.29791665,0.3229167,0.54791665,0.24375,0.27083334,0.36458334,0.62916666,0.31458333,0.17916666,0.7270833,0.39166665,0.6791667,0.7083333,0.4,0.12916666,0.106249996,0.73333335,0.5333333,0.75,0.34166667,0.8041667,0.25833333,0.17916667,0.76874995,0.7395834,0.29791665,0.40625,0.5916667,0.6145834,0.36041665,0.7104167,0.18958333,0.91875005,0.84791666,0.7875,0.24583334,0.9,0.6791667,0.1875,0.20208332,0.3854167,0.42291665,0.70416665,0.86875,0.3125,0.32083333,0.92499995,0.40208334,0.43541667,0.24583334,0.54583335,0.35,0.47916666,0.75625,0.7791667,0.7270833,0.39375,0.17708334,0.23750001,0.44166666,0.70625,0.37708333,0.74583334,0.78125,0.83125,0.5708333,0.12708333,0.7208333,0.8625,0.5875,0.41875,0.82916665,0.42083335,0.8333334,0.43333334,0.033333335,0.9875,0.19583333,0.43125,0.88125,0.47500002,0.40833333,0.077083334,0.44375,0.4166667,0.325,0.39375,0.5395833,0.48541665,0.25208333,0.325,0.13958333,0.083333336,0.35625,0.5625,0.29375,0.5239583,0.29166666,0.24166667,0.9666667,0.6625,0.33958334,0.3229167,0.48333335,0.7916666,0.6770834,0.575,0.22708334,0.4166667,0.2916667,0.35208333,0.7291666,0.39791667,0.49375004,0.5916667,0.45416665,0.35833335,0.30833334,0.99375,0.9166666,0.7083334,0.7708334,0.48125002,0.33125,0.57708335,0.5729166,0.19791666,0.8666667,0.5447917,0.528125,0.8395833,0.9895834,0.0375,0.3333333,0.65208334,0.7854167,0.47500002,0.67291665,0.33229166,0.12916666,0.083333336,0.2875,0.7708334,0.9875,0.8416667,0.6895833,0.86041665,0.45,0.64375,0.25,0.6,0.6958333,0.99375,0.4375,0.325,0.51875,0.1875,0.79583335,0.22083333,0.2,0.48125,0.1875,0.26041666
BC2026_Train_0020_S22_20211104_231500_45,0.5729167,0.23125002,0.45416665,0.70000005,0.85,0.16666667,0.8770833,0.5375,0.82916665,0.76666665,0.77916664,0.7875,0.49583334,0.76666665,0.39583334,0.8645834,0.71875,0.114583336,0.67499995,0.40833333,0.8458333,0.8208333,0.33541667,0.86875,0.75625,0.58125,0.5020833,0.26666665,0.06041667,0.85833335,0.1375,0.19791666,0.20625,0.4375,0.27916667,0.17500001,0.33749998,0.28541666,0.47708333,0.25,0.31875002,0.33125,0.34583333,0.18124999,0.36041668,0.37291667,0.25625,0.34791666,0.36874998,0.38125,0.17708334,0.17916667,0.1875,0.46666667,0.06041667,0.5375,0.16875,0.6791667,0.37708333,0.62916666,0.84375,0.67291665,0.82916665,0.8854166,0.5375,0.89166665,0.8229166,0.7895833,0.20833333,0.775,0.51458335,0.12708333,0.2875,0.50416666,0.57500005,0.5520834,0.25208333,0.5854167,0.27916667,0.18958333,0.7166667,0.35833335,0.87083334,0.6583333,0.41041666,0.079166666,0.06458333,0.54583335,0.41875,0.8854166,0.125,0.5020833,0.25,0.25,0.87083334,0.8770833,0.3875,0.35,0.7,0.5583333,0.23541667,0.55,0.21875,0.9395833,0.61875,0.67604166,0.19166666,0.63958335,0.64374995,0.18125,0.22291666,0.29166666,0.25625,0.9125,0.89374995,0.3625,0.31458333,0.9875,0.37916666,0.49166667,0.33125,0.4875,0.47083333,0.46041667,0.73333335,0.88750005,0.58124995,0.35833335,0.225,0.25625,0.51875,0.6166667,0.36041668,0.6791667,0.9145833,0.8104167,0.5375,0.18541667,0.9,0.86875,0.34583333,0.2916667,0.9083333,0.30208334,0.80833334,0.28541666,0.0875,0.99375,0.22916666,0.24791667,0.9083333,0.40208334,0.32083333,0.125,0.4625,0.3229167,0.29166666,0.24583334,0.5020833,0.5,0.175,0.28333333,0.19583334,0.056250002,0.40625,0.33541667,0.42083335,0.5958333,0.47083333,0.15625,0.95208335,0.6791667,0.22916667,0.2875,0.49166667,0.75416666,0.81875,0.36875,0.2125,0.31666666,0.24583334,0.20833334,0.73125,0.28958333,0.6375,0.59583336,0.40625,0.33958334,0.1625,0.99375,0.99375,0.725,0.5229167,0.64166665,0.29166666,0.63958335,0.44583333,0.1875,0.79583335,0.6333333,0.27916667,0.56875,0.97291666,0.01875,0.32291666,0.46875,0.70625,0.31666666,0.71458334,0.25208333,0.108333334,0.104166664,0.21666667,0.87916666,0.9375,0.83124995,0.59791666,0.8770833,0.26458335,0.6333333,0.24583334,0.45625,0.6,0.98333335,0.41041666,0.24375,0.225,0.25,0.6875,0.29583335,0.2125,0.42708334,0.125,0.49374998
BC2026_Train_0020_S22_20211104_231500_50,0.5916667,0.17708334,0.44166666,0.7208333,0.8666667,0.14791666,0.9583333,0.5395833,0.86875,0.7729167,0.81666666,0.7322917,0.8625,0.65833336,0.40208334,0.79375005,0.82708335,0.22083333,0.65,0.44791666,0.89166665,0.9145833,0.42291665,0.9708333,0.8729167,0.74583334,0.61041665,0.3958333,0.07291667,0.8770833,0.108333334,0.10208333,0.15208334,0.5854167,0.36666667,0.12708333,0.22083333,0.29791665,0.53541666,0.24166666,0.5833334,0.35625,0.42291665,0.06666666,0.31666666,0.30833334,0.17500001,0.29375,0.33958334,0.33958334,0.15416667,0.14791667,0.14791667,0.65208334,0.125,0.5625,0.23541668,0.7479167,0.3625,0.4895833,0.80625,0.6583333,0.9083333,0.8979167,0.6166667,0.90208334,0.8041667,0.7729167,0.45208335,0.8416667,0.54583335,0.17708334,0.37916666,0.66875,0.94166666,0.7583333,0.390625,0.6625,0.16041666,0.30625,0.75625,0.4166667,0.98541665,0.56875,0.5333333,0.25,0.3958333,0.8541666,0.46666667,0.9666667,0.30625,0.26666665,0.40625,0.55625,0.9125,0.9125,0.5958333,0.35208333,0.76874995,0.67083335,0.23645833,0.3645833,0.50625,0.9604167,0.7104167,0.8208333,0.21666667,0.48125,0.62916666,0.19791667,0.30416667,0.5229167,0.34375,0.8958334,0.8854166,0.41875,0.31458333,0.9875,0.34791666,0.6770834,0.4635417,0.51874995,0.54375005,0.64374995,0.8229167,0.8729167,0.5708333,0.53125,0.35625,0.4166667,0.54583335,0.8041667,0.36041665,0.6541667,0.92291665,0.8208333,0.5604167,0.33125,0.975,0.86041665,0.2916667,0.42916667,0.9125,0.35000002,0.82708335,0.34791666,0.21875,0.93125,0.46249998,0.31875002,0.9458333,0.5520834,0.4583333,0.33124998,0.84791666,0.325,0.4895833,0.43125,0.31458333,0.45208335,0.128125,0.35416666,0.4375,0.22708333,0.69375,0.5333333,0.7125,0.38333333,0.43541667,0.4791667,0.7479167,0.60833335,0.30625,0.6229167,0.49375,0.975,0.89375,0.46875,0.32395834,0.45208335,0.43958333,0.20833333,0.7833333,0.30625,0.68333334,0.43124998,0.43333334,0.37083334,0.14583333,0.93333334,0.9916667,0.7395834,0.24583334,0.63125,0.4270833,0.7395834,0.43541664,0.2708333,0.7479167,0.70416665,0.2125,0.38750002,0.81875,0.15416667,0.39791667,0.425,0.7729167,0.21666667,0.6625,0.27083334,0.24375,0.29583335,0.27083334,0.9395833,0.8854167,0.94375,0.3875,0.9375,0.31041667,0.6979167,0.35,0.38541666,0.56041664,0.90208334,0.28541666,0.2916667,0.37291667,0.17916667,0.7166667,0.34166667,0.21875,0.47291666,0.1875,0.5854167
BC2026_Train_0020_S22_20211104_231500_55,0.67291665,0.24583334,0.5229167,0.67291665,0.89166665,0.30833334,0.97291666,0.6791667,0.9125,0.7604166,0.79375005,0.7291666,0.9270833,0.9625,0.6979166,0.9,0.8104167,0.6125,0.73333335,0.5083333,0.95416665,0.8833333,0.42708334,0.97083336,0.95208335,0.9666667,0.7833333,0.54583335,0.21875,0.8645834,0.110416666,0.29166666,0.18333334,0.6333333,0.3,0.22708333,0.43333334,0.375,0.5125,0.25625,0.52708334,0.3854167,0.48333335,0.25208333,0.47291666,0.475,0.28958333,0.62916666,0.45416665,0.42916667,0.22708334,0.21041666,0.21458332,0.6958333,0.09166667,0.625,0.25416666,0.8645834,0.4791667,0.78541666,0.89375,0.7708334,0.94375,0.9125,0.79791665,0.9083333,0.9895834,0.89166665,0.53125,0.90625,0.51458335,0.38958335,0.5020833,0.85833335,0.9041667,0.6333333,0.43333334,0.56666666,0.1625,0.36875,0.8770833,0.57708335,0.975,0.6270833,0.6541667,0.36458334,0.56666666,0.9583334,0.37916666,0.8979167,0.80625,0.42916667,0.57500005,0.46875,0.93333334,0.8625,0.7125,0.44791666,0.82916665,0.74375,0.38958335,0.5020833,0.3645833,0.95416665,0.65208334,0.9583333,0.23124999,0.6625,0.7104167,0.2604167,0.29791665,0.5729167,0.37291667,0.84166664,0.92291665,0.38333333,0.38333333,0.96458334,0.4625,0.809375,0.53125,0.6458334,0.48125,0.575,0.8354167,0.84375,0.8020834,0.8125,0.41041666,0.38125002,0.49791667,0.7625,0.28333333,0.7479167,0.8666667,0.875,0.5625,0.41666666,0.93333334,0.8854166,0.49374998,0.73749995,0.8354167,0.5989584,0.83125,0.6125,0.20833334,0.66041666,0.45208335,0.43541667,0.79791665,0.5916667,0.49374998,0.22291666,0.9041667,0.50416666,0.51874995,0.53541666,0.24583334,0.56458336,0.28333333,0.5625,0.47916666,0.16666666,0.7239584,0.66249996,0.5416667,0.65,0.5395833,0.5083333,0.49791664,0.6895833,0.41875,0.5541667,0.625,0.98333335,0.8875,0.8041667,0.4625,0.45208335,0.425,0.42083335,0.76458335,0.4791667,0.725,0.42083335,0.59791666,0.48541668,0.25416666,0.7833333,0.96458334,0.71458334,0.54791665,0.5979167,0.47083333,0.68125,0.48125,0.325,0.84791666,0.5625,0.28125,0.6979166,0.8458333,0.31041667,0.43125004,0.5645833,0.8354167,0.38125,0.81562495,0.46458334,0.49166667,0.31041667,0.28750002,0.91041666,0.9708333,0.8666667,0.45625,0.9583334,0.54791665,0.82916665,0.28541666,0.6010417,0.6375,0.54375005,0.4270833,0.44583333,0.51666665,0.33541667,0.7583333,0.54375,0.43541667,0.7083334,0.26458335,0.51666665
BC2026_Train_0020_S22_20211104_231500_60,0.5416667,0.15208334,0.49583334,0.6520833,0.91875005,0.375,0.93125,0.65208334,0.9083333,0.74583334,0.80833334,0.68125,0.81666666,0.99583334,0.90625,0.82916665,0.7416667,0.56875,0.69166666,0.5854167,0.9604167,0.79375005,0.4479167,0.95625,0.9395833,0.99583334,0.646875,0.5229167,0.1625,0.88125,0.090625,0.25208333,0.21666667,0.32916665,0.16666666,0.15833333,0.5395833,0.41041666,0.36666667,0.1625,0.31041667,0.29791665,0.375,0.23750001,0.23541668,0.25208333,0.20833334,0.4625,0.43333334,0.38541666,0.1625,0.14375,0.15208334,0.43333334,0.052083332,0.37916666,0.20833334,0.9,0.39583334,0.6666666,0.8958334,0.7729167,0.9395833,0.9395833,0.75625,0.85833335,1.0,0.9145833,0.36041665,0.925,0.40208334,0.32291666,0.44375002,0.5708333,0.6791667,0.21458334,0.5875,0.44583333,0.11458333,0.225,0.88750005,0.5291667,0.9270834,0.6645833,0.7083334,0.14166667,0.7104167,0.94375,0.45625,0.8125,0.8979167,0.29166666,0.3875,0.26458335,0.9625,0.86249995,0.49374998,0.5708333,0.93125,0.73333335,0.53541666,0.4875,0.27083334,0.95208335,0.79999995,0.8979167,0.26041666,0.6791667,0.7083334,0.25416666,0.2708333,0.42083335,0.53125,0.8375,0.9791667,0.46666667,0.34166667,0.99375,0.47916666,0.9166666,0.48333335,0.8875,0.42083335,0.38541666,0.7916667,0.7395833,0.6,0.4479167,0.33125,0.27916667,0.4166667,0.6375,0.38645834,0.6458334,0.90208334,0.8479167,0.43333334,0.2625,0.61041665,0.8875,0.40416667,0.9583333,0.76458335,0.51875,0.8958334,0.79375005,0.22708333,0.5729166,0.44583333,0.31666666,0.89166665,0.41250002,0.61041665,0.2125,0.73333335,0.39791667,0.43124998,0.41041666,0.29583335,0.5208333,0.27916667,0.57500005,0.31041664,0.28541666,0.6270833,0.62083334,0.37708333,0.70624995,0.57708335,0.5333333,0.5104167,0.57500005,0.29375,0.5291667,0.49791664,1.0,0.8,0.85,0.48541665,0.51666665,0.36041665,0.50208336,0.8020834,0.49166667,0.56666666,0.43333334,0.675,0.3958333,0.19999999,0.75625,0.8458333,0.6541667,0.37708333,0.7083334,0.57916665,0.60833335,0.51875,0.33958334,0.8625,0.46041667,0.3,0.71875,0.71875,0.3541667,0.22291666,0.5104166,0.8625,0.50416666,0.75416666,0.56875,0.7208333,0.38958335,0.37708336,0.8729167,0.95,0.8541666,0.38958335,0.9270834,0.44583333,0.8833333,0.25833333,0.6,0.51250005,0.48333335,0.33125,0.5104166,0.4791667,0.24583334,0.6854167,0.29791665,0.47708333,0.5854167,0.25625,0.5541667
