row_id,site,file,class,taxon,v616,candidate,delta,raw_sidecar
BC2026_Train_0018_S22_20211028_234500_50,S22,BC2026_Train_0018_S22_20211028_234500,22973,Amphibia,0.9932500123977661,0.9614166021347046,-0.03183341026306152,0.9766104221343994
BC2026_Train_0017_S22_20211026_233000_60,S22,BC2026_Train_0017_S22_20211026_233000,517063,Amphibia,0.8482500314712524,0.8189166784286499,-0.02933335304260254,0.6670999526977539
BC2026_Train_0003_S08_20250607_070007_25,S08,BC2026_Train_0003_S08_20250607_070007,116570,Reptilia,0.9804166555404663,0.9522500038146973,-0.028166651725769043,0.3898046314716339
BC2026_Train_0020_S22_20211104_231500_15,S22,BC2026_Train_0020_S22_20211104_231500,517063,Amphibia,0.8920000195503235,0.8643332719802856,-0.027666747570037842,0.7837205529212952
BC2026_Train_0018_S22_20211028_234500_45,S22,BC2026_Train_0018_S22_20211028_234500,22973,Amphibia,0.9909167289733887,0.963416576385498,-0.027500152587890625,0.9855824708938599
BC2026_Train_0018_S22_20211028_234500_15,S22,BC2026_Train_0018_S22_20211028_234500,22973,Amphibia,0.9599167108535767,0.9340833425521851,-0.0258333683013916,0.9777483940124512
BC2026_Train_0017_S22_20211026_233000_5,S22,BC2026_Train_0017_S22_20211026_233000,517063,Amphibia,0.8981666564941406,0.8733333349227905,-0.024833321571350098,0.8182304501533508
BC2026_Train_0018_S22_20211028_234500_55,S22,BC2026_Train_0018_S22_20211028_234500,22973,Amphibia,0.9920833110809326,0.9674165844917297,-0.02466672658920288,0.9903592467308044
BC2026_Train_0017_S22_20211026_233000_10,S22,BC2026_Train_0017_S22_20211026_233000,517063,Amphibia,0.8603333830833435,0.8358333110809326,-0.02450007200241089,0.7344334721565247
BC2026_Train_0018_S22_20211028_234500_50,S22,BC2026_Train_0018_S22_20211028_234500,22967,Amphibia,0.9322500228881836,0.9109165668487549,-0.02133345603942871,0.9547924399375916
BC2026_Train_0008_S09_20250831_000000_25,S09,BC2026_Train_0008_S09_20250831_000000,516975,Mammalia,0.981166660785675,0.9601666331291199,-0.021000027656555176,0.8998633623123169
BC2026_Train_0018_S22_20211028_234500_35,S22,BC2026_Train_0018_S22_20211028_234500,22967,Amphibia,0.9415000081062317,0.9209999442100525,-0.0205000638961792,0.9697644710540771
BC2026_Train_0013_S13_20220217_233000_30,S13,BC2026_Train_0013_S13_20220217_233000,517063,Amphibia,0.7896667718887329,0.7694999575614929,-0.02016681432723999,0.7027479410171509
BC2026_Train_0012_S03_20220211_233000_15,S03,BC2026_Train_0012_S03_20220211_233000,517063,Amphibia,0.971083402633667,0.9512499570846558,-0.01983344554901123,0.9321408867835999
BC2026_Train_0008_S09_20250831_000000_20,S09,BC2026_Train_0008_S09_20250831_000000,516975,Mammalia,0.9760000109672546,0.9561666250228882,-0.019833385944366455,0.8764868974685669
BC2026_Train_0020_S22_20211104_231500_60,S22,BC2026_Train_0020_S22_20211104_231500,517063,Amphibia,0.8948333263397217,0.8751665949821472,-0.019666731357574463,0.8649053573608398
BC2026_Train_0020_S22_20211104_231500_35,S22,BC2026_Train_0020_S22_20211104_231500,517063,Amphibia,0.8849999904632568,0.8661666512489319,-0.01883333921432495,0.854907751083374
BC2026_Train_0003_S08_20250607_070007_5,S08,BC2026_Train_0003_S08_20250607_070007,47158son17,Insecta,0.9846667647361755,0.965999960899353,-0.01866680383682251,0.9364352226257324
BC2026_Train_0010_S09_20250828_000000_10,S09,BC2026_Train_0010_S09_20250828_000000,516975,Mammalia,0.9470000267028809,0.9284999966621399,-0.018500030040740967,0.911109983921051
BC2026_Train_0018_S22_20211028_234500_40,S22,BC2026_Train_0018_S22_20211028_234500,22973,Amphibia,0.9312500357627869,0.9129166007041931,-0.01833343505859375,0.988235592842102
BC2026_Train_0020_S22_20211104_231500_25,S22,BC2026_Train_0020_S22_20211104_231500,517063,Amphibia,0.9114999771118164,0.8931666612625122,-0.0183333158493042,0.8869315385818481
BC2026_Train_0018_S22_20211028_234500_60,S22,BC2026_Train_0018_S22_20211028_234500,22973,Amphibia,0.9917500615119934,0.9747499227523804,-0.017000138759613037,0.994633674621582
BC2026_Train_0012_S03_20220211_233000_20,S03,BC2026_Train_0012_S03_20220211_233000,517063,Amphibia,0.9727500677108765,0.9559166431427002,-0.01683342456817627,0.9606114625930786
BC2026_Train_0001_S08_20250606_030007_30,S08,BC2026_Train_0001_S08_20250606_030007,47158son25,Insecta,0.9841667413711548,0.9673333168029785,-0.01683342456817627,0.9842043519020081
BC2026_Train_0004_S08_20250607_070007_45,S08,BC2026_Train_0004_S08_20250607_070007,47158son17,Insecta,0.9518333077430725,0.9356666207313538,-0.01616668701171875,0.8122854232788086
BC2026_Train_0001_S08_20250606_030007_5,S08,BC2026_Train_0001_S08_20250606_030007,47158son25,Insecta,0.9720833897590637,0.9565832614898682,-0.015500128269195557,0.9786738753318787
BC2026_Train_0007_S09_20250829_000000_45,S09,BC2026_Train_0007_S09_20250829_000000,chacha1,Aves,0.9446666836738586,0.9291666746139526,-0.015500009059906006,0.5375214219093323
BC2026_Train_0014_S13_20220228_214500_50,S13,BC2026_Train_0014_S13_20220228_214500,65380,Amphibia,0.971916675567627,0.9565832614898682,-0.015333414077758789,0.9598530530929565
BC2026_Train_0016_S18_20220204_221500_45,S18,BC2026_Train_0016_S18_20220204_221500,22967,Amphibia,0.9289166331291199,0.9135832786560059,-0.015333354473114014,0.9793420433998108
BC2026_Train_0018_S22_20211028_234500_15,S22,BC2026_Train_0018_S22_20211028_234500,22967,Amphibia,0.9051666855812073,0.8901666402816772,-0.01500004529953003,0.9711129665374756
BC2026_Train_0008_S09_20250831_000000_45,S09,BC2026_Train_0008_S09_20250831_000000,516975,Mammalia,0.987500011920929,0.9728332757949829,-0.014666736125946045,0.9383635520935059
BC2026_Train_0019_S22_20211104_200000_40,S22,BC2026_Train_0019_S22_20211104_200000,65380,Amphibia,0.9725833535194397,0.9579166173934937,-0.014666736125946045,0.9660032391548157
BC2026_Train_0004_S08_20250607_070007_15,S08,BC2026_Train_0004_S08_20250607_070007,47158son17,Insecta,0.9486666917800903,0.9341666102409363,-0.014500081539154053,0.8563864231109619
BC2026_Train_0018_S22_20211028_234500_45,S22,BC2026_Train_0018_S22_20211028_234500,22967,Amphibia,0.8858333230018616,0.8713333010673523,-0.014500021934509277,0.958634614944458
BC2026_Train_0004_S08_20250607_070007_25,S08,BC2026_Train_0004_S08_20250607_070007,116570,Reptilia,0.9815833568572998,0.9675832986831665,-0.0140000581741333,0.6109998822212219
BC2026_Train_0012_S03_20220211_233000_5,S03,BC2026_Train_0012_S03_20220211_233000,517063,Amphibia,0.9053333401679993,0.8914999961853027,-0.013833343982696533,0.9241697788238525
BC2026_Train_0018_S22_20211028_234500_20,S22,BC2026_Train_0018_S22_20211028_234500,22973,Amphibia,0.9248332977294922,0.9110000133514404,-0.013833284378051758,0.9909582138061523
BC2026_Train_0020_S22_20211104_231500_55,S22,BC2026_Train_0020_S22_20211104_231500,517063,Amphibia,0.8722500205039978,0.8585833311080933,-0.013666689395904541,0.8759639859199524
BC2026_Train_0007_S09_20250829_000000_10,S09,BC2026_Train_0007_S09_20250829_000000,thlwre1,Aves,0.9865833520889282,0.9730833172798157,-0.013500034809112549,0.5936334133148193
BC2026_Train_0020_S22_20211104_231500_15,S22,BC2026_Train_0020_S22_20211104_231500,trsowl,Aves,0.9916666746139526,0.9789999723434448,-0.012666702270507812,0.9232662916183472
BC2026_Train_0019_S22_20211104_200000_35,S22,BC2026_Train_0019_S22_20211104_200000,65380,Amphibia,0.9388333559036255,0.9261666536331177,-0.012666702270507812,0.9596455097198486
BC2026_Train_0004_S08_20250607_070007_30,S08,BC2026_Train_0004_S08_20250607_070007,47158son17,Insecta,0.921500027179718,0.909000039100647,-0.012499988079071045,0.8539307713508606
BC2026_Train_0012_S03_20220211_233000_35,S03,BC2026_Train_0012_S03_20220211_233000,517063,Amphibia,0.9729166626930237,0.9605832695960999,-0.012333393096923828,0.972348153591156
BC2026_Train_0014_S13_20220228_214500_30,S13,BC2026_Train_0014_S13_20220228_214500,65380,Amphibia,0.972083330154419,0.9599165916442871,-0.012166738510131836,0.9762478470802307
BC2026_Train_0015_S18_20211016_011500_60,S18,BC2026_Train_0015_S18_20211016_011500,517063,Amphibia,0.9065000414848328,0.8943333625793457,-0.01216667890548706,0.9239144325256348
BC2026_Train_0007_S09_20250829_000000_40,S09,BC2026_Train_0007_S09_20250829_000000,chacha1,Aves,0.9229999780654907,0.9110000133514404,-0.011999964714050293,0.44872552156448364
BC2026_Train_0001_S08_20250606_030007_40,S08,BC2026_Train_0001_S08_20250606_030007,47158son25,Insecta,0.9956666231155396,0.9838333129882812,-0.0118333101272583,0.986717700958252
BC2026_Train_0001_S08_20250606_030007_10,S08,BC2026_Train_0001_S08_20250606_030007,47158son25,Insecta,0.9906667470932007,0.9789999723434448,-0.01166677474975586,0.9861429333686829
BC2026_Train_0004_S08_20250607_070007_20,S08,BC2026_Train_0004_S08_20250607_070007,47158son17,Insecta,0.9475000500679016,0.9359999895095825,-0.011500060558319092,0.9221768975257874
BC2026_Train_0013_S13_20220217_233000_15,S13,BC2026_Train_0013_S13_20220217_233000,1491113,Amphibia,0.9798333644866943,0.968500018119812,-0.011333346366882324,0.9954043626785278
BC2026_Train_0001_S08_20250606_030007_25,S08,BC2026_Train_0001_S08_20250606_030007,47158son25,Insecta,0.9790000319480896,0.9678333401679993,-0.011166691780090332,0.9858520030975342
BC2026_Train_0019_S22_20211104_200000_15,S22,BC2026_Train_0019_S22_20211104_200000,65380,Amphibia,0.9225000739097595,0.9114999771118164,-0.011000096797943115,0.9531657695770264
BC2026_Train_0001_S08_20250606_030007_35,S08,BC2026_Train_0001_S08_20250606_030007,47158son22,Insecta,0.987583339214325,0.9765833020210266,-0.01100003719329834,0.9878550171852112
BC2026_Train_0018_S22_20211028_234500_40,S22,BC2026_Train_0018_S22_20211028_234500,22967,Amphibia,0.8898333311080933,0.8788332939147949,-0.01100003719329834,0.9804120063781738
BC2026_Train_0018_S22_20211028_234500_35,S22,BC2026_Train_0018_S22_20211028_234500,517063,Amphibia,0.8715832829475403,0.8605833053588867,-0.010999977588653564,0.8873732089996338
BC2026_Train_0004_S08_20250607_070007_35,S08,BC2026_Train_0004_S08_20250607_070007,47158son17,Insecta,0.9155000448226929,0.9046666622161865,-0.010833382606506348,0.8621275424957275
BC2026_Train_0019_S22_20211104_200000_10,S22,BC2026_Train_0019_S22_20211104_200000,22973,Amphibia,0.9516666531562805,0.940833330154419,-0.010833323001861572,0.9941399097442627
BC2026_Train_0014_S13_20220228_214500_25,S13,BC2026_Train_0014_S13_20220228_214500,65380,Amphibia,0.9725834131240845,0.9619166254997253,-0.01066678762435913,0.9795565605163574
BC2026_Train_0020_S22_20211104_231500_30,S22,BC2026_Train_0020_S22_20211104_231500,517063,Amphibia,0.9160000681877136,0.9053332805633545,-0.01066678762435913,0.9360184073448181
BC2026_Train_0012_S03_20220211_233000_40,S03,BC2026_Train_0012_S03_20220211_233000,517063,Amphibia,0.9739166498184204,0.963249921798706,-0.010666728019714355,0.977257490158081
BC2026_Train_0019_S22_20211104_200000_55,S22,BC2026_Train_0019_S22_20211104_200000,22973,Amphibia,0.8303333520889282,0.8198332786560059,-0.010500073432922363,0.968058705329895
BC2026_Train_0019_S22_20211104_200000_15,S22,BC2026_Train_0019_S22_20211104_200000,22973,Amphibia,0.9381666779518127,0.9276666045188904,-0.010500073432922363,0.9927869439125061
BC2026_Train_0019_S22_20211104_200000_5,S22,BC2026_Train_0019_S22_20211104_200000,22973,Amphibia,0.9721667170524597,0.9616667032241821,-0.010500013828277588,0.9949116110801697
BC2026_Train_0020_S22_20211104_231500_10,S22,BC2026_Train_0020_S22_20211104_231500,22973,Amphibia,0.8428332805633545,0.8323333263397217,-0.010499954223632812,0.9745751619338989
BC2026_Train_0014_S13_20220228_214500_15,S13,BC2026_Train_0014_S13_20220228_214500,65380,Amphibia,0.9729166626930237,0.9625833034515381,-0.010333359241485596,0.9808558821678162
BC2026_Train_0004_S08_20250607_070007_10,S08,BC2026_Train_0004_S08_20250607_070007,47158son17,Insecta,0.9581666588783264,0.9478332996368408,-0.010333359241485596,0.9297406077384949
BC2026_Train_0018_S22_20211028_234500_55,S22,BC2026_Train_0018_S22_20211028_234500,22967,Amphibia,0.8950000405311584,0.8849999904632568,-0.010000050067901611,0.9844120144844055
BC2026_Train_0002_S08_20250607_030007_30,S08,BC2026_Train_0002_S08_20250607_030007,47158son25,Insecta,0.9444999694824219,0.934499979019165,-0.009999990463256836,0.9789943695068359
BC2026_Train_0004_S08_20250607_070007_5,S08,BC2026_Train_0004_S08_20250607_070007,chacha1,Aves,0.9046666622161865,0.8948333263397217,-0.009833335876464844,0.5868285298347473
BC2026_Train_0014_S13_20220228_214500_35,S13,BC2026_Train_0014_S13_20220228_214500,65380,Amphibia,0.9420000314712524,0.9323332905769348,-0.009666740894317627,0.9734331369400024
BC2026_Train_0013_S13_20220217_233000_40,S13,BC2026_Train_0013_S13_20220217_233000,1491113,Amphibia,0.9788333773612976,0.96916663646698,-0.009666740894317627,0.9965180158615112
BC2026_Train_0001_S08_20250606_030007_40,S08,BC2026_Train_0001_S08_20250606_030007,47158son23,Insecta,0.9539166688919067,0.9444166421890259,-0.00950002670288086,0.9891397953033447
BC2026_Train_0001_S08_20250606_030007_40,S08,BC2026_Train_0001_S08_20250606_030007,47158son22,Insecta,0.9535833597183228,0.9444166421890259,-0.009166717529296875,0.9876388311386108
BC2026_Train_0016_S18_20220204_221500_30,S18,BC2026_Train_0016_S18_20220204_221500,22967,Amphibia,0.9353333711624146,0.9261666536331177,-0.009166717529296875,0.987368643283844
BC2026_Train_0004_S08_20250607_070007_20,S08,BC2026_Train_0004_S08_20250607_070007,116570,Reptilia,0.9820833206176758,0.9729166626930237,-0.0091666579246521,0.6759061813354492
BC2026_Train_0013_S13_20220217_233000_40,S13,BC2026_Train_0013_S13_20220217_233000,517063,Amphibia,0.8058333992958069,0.7968332767486572,-0.009000122547149658,0.8556323051452637
BC2026_Train_0001_S08_20250606_030007_40,S08,BC2026_Train_0001_S08_20250606_030007,47158son21,Insecta,0.9534167051315308,0.9444166421890259,-0.009000062942504883,0.9814863801002502
BC2026_Train_0012_S03_20220211_233000_55,S03,BC2026_Train_0012_S03_20220211_233000,517063,Amphibia,0.9737500548362732,0.9652499556541443,-0.008500099182128906,0.9780585765838623
BC2026_Train_0019_S22_20211104_200000_60,S22,BC2026_Train_0019_S22_20211104_200000,22973,Amphibia,0.7983333468437195,0.7898333072662354,-0.00850003957748413,0.9598793387413025
BC2026_Train_0020_S22_20211104_231500_55,S22,BC2026_Train_0020_S22_20211104_231500,trsowl,Aves,0.9823334217071533,0.9739999771118164,-0.008333444595336914,0.9259568452835083
BC2026_Train_0018_S22_20211028_234500_5,S22,BC2026_Train_0018_S22_20211028_234500,517063,Amphibia,0.8218333125114441,0.8134999871253967,-0.008333325386047363,0.8703049421310425
BC2026_Train_0012_S03_20220211_233000_50,S03,BC2026_Train_0012_S03_20220211_233000,517063,Amphibia,0.9739166498184204,0.965916633605957,-0.008000016212463379,0.9786168932914734
BC2026_Train_0017_S22_20211026_233000_40,S22,BC2026_Train_0017_S22_20211026_233000,compau,Aves,0.9958333373069763,0.9878333210945129,-0.008000016212463379,0.9700137376785278
BC2026_Train_0013_S13_20220217_233000_25,S13,BC2026_Train_0013_S13_20220217_233000,1491113,Amphibia,0.9798333644866943,0.971833348274231,-0.008000016212463379,0.9970608353614807
BC2026_Train_0018_S22_20211028_234500_35,S22,BC2026_Train_0018_S22_20211028_234500,22973,Amphibia,0.9131666421890259,0.9051666259765625,-0.008000016212463379,0.9937112331390381
BC2026_Train_0001_S08_20250606_030007_15,S08,BC2026_Train_0001_S08_20250606_030007,47158son13,Insecta,0.9688333868980408,0.9608333706855774,-0.008000016212463379,0.97802734375
BC2026_Train_0019_S22_20211104_200000_30,S22,BC2026_Train_0019_S22_20211104_200000,65380,Amphibia,0.971750020980835,0.9639165997505188,-0.007833421230316162,0.9830021262168884
BC2026_Train_0019_S22_20211104_200000_30,S22,BC2026_Train_0019_S22_20211104_200000,22973,Amphibia,0.8726667165756226,0.8648332953453064,-0.007833421230316162,0.9906308054924011
BC2026_Train_0001_S08_20250606_030007_40,S08,BC2026_Train_0001_S08_20250606_030007,47158son13,Insecta,0.9535833597183228,0.9457499980926514,-0.007833361625671387,0.9781213998794556
BC2026_Train_0001_S08_20250606_030007_35,S08,BC2026_Train_0001_S08_20250606_030007,47158son21,Insecta,0.9877499938011169,0.9799166321754456,-0.007833361625671387,0.9867798686027527
BC2026_Train_0011_S03_20211114_200000_50,S03,BC2026_Train_0011_S03_20211114_200000,22973,Amphibia,0.9465000033378601,0.9386666417121887,-0.007833361625671387,0.9946640729904175
BC2026_Train_0004_S08_20250607_070007_20,S08,BC2026_Train_0004_S08_20250607_070007,chacha1,Aves,0.953999936580658,0.9461666345596313,-0.007833302021026611,0.7352896332740784
BC2026_Train_0001_S08_20250606_030007_15,S08,BC2026_Train_0001_S08_20250606_030007,47158son21,Insecta,0.9698333740234375,0.9621666669845581,-0.0076667070388793945,0.9843593239784241
BC2026_Train_0001_S08_20250606_030007_35,S08,BC2026_Train_0001_S08_20250606_030007,47158son13,Insecta,0.9867500066757202,0.9792499542236328,-0.007500052452087402,0.9800405502319336
BC2026_Train_0004_S08_20250607_070007_40,S08,BC2026_Train_0004_S08_20250607_070007,47158son17,Insecta,0.8668333888053894,0.859333336353302,-0.007500052452087402,0.8128278851509094
BC2026_Train_0004_S08_20250607_070007_25,S08,BC2026_Train_0004_S08_20250607_070007,47158son17,Insecta,0.9106666445732117,0.903166651725769,-0.007499992847442627,0.9001176953315735
BC2026_Train_0012_S03_20220211_233000_25,S03,BC2026_Train_0012_S03_20220211_233000,517063,Amphibia,0.9739167094230652,0.966583251953125,-0.0073334574699401855,0.9789866805076599
BC2026_Train_0014_S13_20220228_214500_40,S13,BC2026_Train_0014_S13_20220228_214500,65380,Amphibia,0.9719167351722717,0.9645832777023315,-0.0073334574699401855,0.9831599593162537
BC2026_Train_0020_S22_20211104_231500_25,S22,BC2026_Train_0020_S22_20211104_231500,trsowl,Aves,1.0,0.9926666021347046,-0.00733339786529541,0.9410260319709778
BC2026_Train_0001_S08_20250606_030007_35,S08,BC2026_Train_0001_S08_20250606_030007,47158son25,Insecta,0.987333357334137,0.9801666140556335,-0.007166743278503418,0.988038182258606
BC2026_Train_0013_S13_20220217_233000_35,S13,BC2026_Train_0013_S13_20220217_233000,1491113,Amphibia,0.9769999980926514,0.9698333144187927,-0.007166683673858643,0.9967570900917053
BC2026_Train_0012_S03_20220211_233000_60,S03,BC2026_Train_0012_S03_20220211_233000,517063,Amphibia,0.971583366394043,0.9645832777023315,-0.007000088691711426,0.9776336550712585
BC2026_Train_0011_S03_20211114_200000_30,S03,BC2026_Train_0011_S03_20211114_200000,22973,Amphibia,0.8906667232513428,0.8836666345596313,-0.007000088691711426,0.9915750622749329
BC2026_Train_0002_S08_20250607_030007_50,S08,BC2026_Train_0002_S08_20250607_030007,47158son25,Insecta,0.9300000071525574,0.9231666326522827,-0.006833374500274658,0.9845075607299805
BC2026_Train_0018_S22_20211028_234500_40,S22,BC2026_Train_0018_S22_20211028_234500,517063,Amphibia,0.8090000748634338,0.8023332953453064,-0.006666779518127441,0.868528425693512
BC2026_Train_0001_S08_20250606_030007_50,S08,BC2026_Train_0001_S08_20250606_030007,47158son21,Insecta,0.965999960899353,0.9593333005905151,-0.006666660308837891,0.9844282269477844
BC2026_Train_0016_S18_20220204_221500_15,S18,BC2026_Train_0016_S18_20220204_221500,22967,Amphibia,0.8963333368301392,0.8898332715034485,-0.006500065326690674,0.9854093194007874
BC2026_Train_0013_S13_20220217_233000_5,S13,BC2026_Train_0013_S13_20220217_233000,1491113,Amphibia,0.9338333606719971,0.9273332953453064,-0.006500065326690674,0.99220871925354
BC2026_Train_0004_S08_20250607_070007_10,S08,BC2026_Train_0004_S08_20250607_070007,chacha1,Aves,0.937166690826416,0.9308332800865173,-0.006333410739898682,0.7278875112533569
BC2026_Train_0004_S08_20250607_070007_60,S08,BC2026_Train_0004_S08_20250607_070007,47158son17,Insecta,0.8398333191871643,0.8334999680519104,-0.006333351135253906,0.8017997145652771
BC2026_Train_0017_S22_20211026_233000_40,S22,BC2026_Train_0017_S22_20211026_233000,nacnig1,Aves,0.9954999685287476,0.9891666173934937,-0.006333351135253906,0.9896571040153503
BC2026_Train_0001_S08_20250606_030007_50,S08,BC2026_Train_0001_S08_20250606_030007,47158son23,Insecta,0.9663333296775818,0.9599999785423279,-0.006333351135253906,0.9916225075721741
BC2026_Train_0014_S13_20220228_214500_45,S13,BC2026_Train_0014_S13_20220228_214500,65380,Amphibia,0.971416711807251,0.9652499556541443,-0.0061667561531066895,0.9834172129631042
BC2026_Train_0003_S08_20250607_070007_5,S08,BC2026_Train_0003_S08_20250607_070007,47158son25,Insecta,0.8865833878517151,0.8804166316986084,-0.0061667561531066895,0.9592416882514954
BC2026_Train_0003_S08_20250607_070007_5,S08,BC2026_Train_0003_S08_20250607_070007,47158son20,Insecta,0.9953333735466003,0.9891666173934937,-0.0061667561531066895,0.9563956260681152
BC2026_Train_0003_S08_20250607_070007_15,S08,BC2026_Train_0003_S08_20250607_070007,chacha1,Aves,0.983500063419342,0.9773333072662354,-0.0061667561531066895,0.8609837889671326
BC2026_Train_0020_S22_20211104_231500_10,S22,BC2026_Train_0020_S22_20211104_231500,517063,Amphibia,0.8543333411216736,0.8481666445732117,-0.006166696548461914,0.9185383319854736
BC2026_Train_0001_S08_20250606_030007_35,S08,BC2026_Train_0001_S08_20250606_030007,47158son23,Insecta,0.9874166250228882,0.9812499284744263,-0.006166696548461914,0.9922274947166443
BC2026_Train_0018_S22_20211028_234500_5,S22,BC2026_Train_0018_S22_20211028_234500,trsowl,Aves,0.9786666631698608,0.9724999666213989,-0.006166696548461914,0.9363830089569092
BC2026_Train_0001_S08_20250606_030007_20,S08,BC2026_Train_0001_S08_20250606_030007,47158son23,Insecta,0.9758333563804626,0.9698333144187927,-0.006000041961669922,0.9913415312767029
BC2026_Train_0016_S18_20220204_221500_10,S18,BC2026_Train_0016_S18_20220204_221500,22967,Amphibia,0.9188333749771118,0.9128333330154419,-0.006000041961669922,0.9874684810638428
BC2026_Train_0001_S08_20250606_030007_50,S08,BC2026_Train_0001_S08_20250606_030007,47158son22,Insecta,0.9666666388511658,0.9606666564941406,-0.0059999823570251465,0.9908855557441711
BC2026_Train_0003_S08_20250607_070007_5,S08,BC2026_Train_0003_S08_20250607_070007,47158son11,Insecta,0.9880000352859497,0.9821666479110718,-0.00583338737487793,0.9642428159713745
BC2026_Train_0007_S09_20250829_000000_60,S09,BC2026_Train_0007_S09_20250829_000000,grekis,Aves,0.9827500581741333,0.9769166707992554,-0.00583338737487793,0.7322430610656738
BC2026_Train_0001_S08_20250606_030007_15,S08,BC2026_Train_0001_S08_20250606_030007,47158son25,Insecta,0.9722500443458557,0.966583251953125,-0.005666792392730713,0.9872069954872131
BC2026_Train_0020_S22_20211104_231500_50,S22,BC2026_Train_0020_S22_20211104_231500,22973,Amphibia,0.8266666531562805,0.8209999799728394,-0.005666673183441162,0.9844879508018494
BC2026_Train_0017_S22_20211026_233000_50,S22,BC2026_Train_0017_S22_20211026_233000,555146,Amphibia,0.9819166660308838,0.9762499928474426,-0.005666673183441162,0.440695583820343
BC2026_Train_0001_S08_20250606_030007_15,S08,BC2026_Train_0001_S08_20250606_030007,47158son22,Insecta,0.9691666960716248,0.9635000228881836,-0.005666673183441162,0.9900115132331848
BC2026_Train_0004_S08_20250607_070007_25,S08,BC2026_Train_0004_S08_20250607_070007,chacha1,Aves,0.9626666903495789,0.9571666121482849,-0.005500078201293945,0.7944126129150391
BC2026_Train_0004_S08_20250607_070007_45,S08,BC2026_Train_0004_S08_20250607_070007,47158son18,Insecta,0.9911667108535767,0.9856666326522827,-0.005500078201293945,0.8939199447631836
BC2026_Train_0003_S08_20250607_070007_5,S08,BC2026_Train_0003_S08_20250607_070007,47158son08,Insecta,0.9894166588783264,0.9839166402816772,-0.00550001859664917,0.9557338356971741
BC2026_Train_0001_S08_20250606_030007_50,S08,BC2026_Train_0001_S08_20250606_030007,47158son13,Insecta,0.966166615486145,0.9606666564941406,-0.0054999589920043945,0.9814929366111755
BC2026_Train_0001_S08_20250606_030007_25,S08,BC2026_Train_0001_S08_20250606_030007,47158son23,Insecta,0.9459999799728394,0.940500020980835,-0.0054999589920043945,0.9894444346427917
BC2026_Train_0003_S08_20250607_070007_5,S08,BC2026_Train_0003_S08_20250607_070007,chacha1,Aves,0.9750000238418579,0.9696666598320007,-0.005333364009857178,0.8276685476303101
BC2026_Train_0005_S08_20250607_070007_30,S08,BC2026_Train_0005_S08_20250607_070007,47158son17,Insecta,0.9300000071525574,0.9246666431427002,-0.005333364009857178,0.9374799132347107
BC2026_Train_0020_S22_20211104_231500_20,S22,BC2026_Train_0020_S22_20211104_231500,517063,Amphibia,0.925000011920929,0.9196666479110718,-0.005333364009857178,0.9685646891593933
BC2026_Train_0001_S08_20250606_030007_30,S08,BC2026_Train_0001_S08_20250606_030007,47158son21,Insecta,0.9170000553131104,0.9118333458900452,-0.0051667094230651855,0.9820482730865479
BC2026_Train_0017_S22_20211026_233000_55,S22,BC2026_Train_0017_S22_20211026_233000,litnig1,Aves,0.999666690826416,0.9946666359901428,-0.005000054836273193,0.9970088601112366
BC2026_Train_0002_S08_20250607_030007_35,S08,BC2026_Train_0002_S08_20250607_030007,47158son25,Insecta,0.9235832691192627,0.9185832738876343,-0.004999995231628418,0.9846324920654297
BC2026_Train_0018_S22_20211028_234500_55,S22,BC2026_Train_0018_S22_20211028_234500,litnig1,Aves,0.9354166388511658,0.9304166436195374,-0.004999995231628418,0.9121052026748657
BC2026_Train_0002_S08_20250607_030007_10,S08,BC2026_Train_0002_S08_20250607_030007,47158son25,Insecta,0.9328333735466003,0.9279999732971191,-0.004833400249481201,0.9852929711341858
BC2026_Train_0016_S18_20220204_221500_20,S18,BC2026_Train_0016_S18_20220204_221500,22967,Amphibia,0.9475000500679016,0.9426666498184204,-0.004833400249481201,0.9910082221031189
BC2026_Train_0017_S22_20211026_233000_20,S22,BC2026_Train_0017_S22_20211026_233000,nacnig1,Aves,0.9911666512489319,0.9863333106040955,-0.004833340644836426,0.9911826848983765
BC2026_Train_0007_S09_20250829_000000_5,S09,BC2026_Train_0007_S09_20250829_000000,grekis,Aves,0.9824166297912598,0.9775832891464233,-0.004833340644836426,0.7537897229194641
BC2026_Train_0002_S08_20250607_030007_60,S08,BC2026_Train_0002_S08_20250607_030007,47158son25,Insecta,0.9131667017936707,0.9084999561309814,-0.004666745662689209,0.9844956398010254
BC2026_Train_0017_S22_20211026_233000_30,S22,BC2026_Train_0017_S22_20211026_233000,22967,Amphibia,0.8513333797454834,0.8466666340827942,-0.004666745662689209,0.9798953533172607
BC2026_Train_0014_S13_20220228_214500_55,S13,BC2026_Train_0014_S13_20220228_214500,65380,Amphibia,0.9256666898727417,0.9210000038146973,-0.004666686058044434,0.9786450862884521
BC2026_Train_0004_S08_20250607_070007_5,S08,BC2026_Train_0004_S08_20250607_070007,47158son18,Insecta,0.99916672706604,0.9946666359901428,-0.004500091075897217,0.9128344655036926
BC2026_Train_0014_S13_20220228_214500_10,S13,BC2026_Train_0014_S13_20220228_214500,65380,Amphibia,0.9724166989326477,0.9679166078567505,-0.004500091075897217,0.9866341352462769
BC2026_Train_0002_S08_20250607_030007_5,S08,BC2026_Train_0002_S08_20250607_030007,47158son25,Insecta,0.9081667065620422,0.9036666750907898,-0.004500031471252441,0.9832051396369934
BC2026_Train_0005_S08_20250607_070007_45,S08,BC2026_Train_0005_S08_20250607_070007,47158son17,Insecta,0.8838333487510681,0.8793333172798157,-0.004500031471252441,0.9220430850982666
BC2026_Train_0017_S22_20211026_233000_30,S22,BC2026_Train_0017_S22_20211026_233000,nacnig1,Aves,0.999833345413208,0.9953333139419556,-0.004500031471252441,0.9949186444282532
BC2026_Train_0013_S13_20220217_233000_20,S13,BC2026_Train_0013_S13_20220217_233000,1491113,Amphibia,0.9783333539962769,0.9738333225250244,-0.004500031471252441,0.9973325729370117
BC2026_Train_0017_S22_20211026_233000_35,S22,BC2026_Train_0017_S22_20211026_233000,compau,Aves,0.999833345413208,0.9953333139419556,-0.004500031471252441,0.9823609590530396
BC2026_Train_0018_S22_20211028_234500_60,S22,BC2026_Train_0018_S22_20211028_234500,litnig1,Aves,0.949833333492279,0.9453333020210266,-0.004500031471252441,0.954904317855835
BC2026_Train_0001_S08_20250606_030007_25,S08,BC2026_Train_0001_S08_20250606_030007,47158son13,Insecta,0.9456666707992554,0.9411666393280029,-0.004500031471252441,0.9783777594566345
BC2026_Train_0001_S08_20250606_030007_15,S08,BC2026_Train_0001_S08_20250606_030007,47158son23,Insecta,0.9693334102630615,0.9648333787918091,-0.004500031471252441,0.9917771816253662
BC2026_Train_0003_S08_20250607_070007_10,S08,BC2026_Train_0003_S08_20250607_070007,chacha1,Aves,0.9956666231155396,0.9911666512489319,-0.004499971866607666,0.8995925784111023
BC2026_Train_0014_S13_20220228_214500_20,S13,BC2026_Train_0014_S13_20220228_214500,65380,Amphibia,0.971583366394043,0.9672499299049377,-0.004333436489105225,0.9859492182731628
BC2026_Train_0020_S22_20211104_231500_5,S22,BC2026_Train_0020_S22_20211104_231500,22973,Amphibia,0.7850000858306885,0.7806666493415833,-0.004333436489105225,0.9680072069168091
BC2026_Train_0004_S08_20250607_070007_5,S08,BC2026_Train_0004_S08_20250607_070007,47158son03,Insecta,0.9906666874885559,0.9863333106040955,-0.004333376884460449,0.8590517640113831
BC2026_Train_0001_S08_20250606_030007_5,S08,BC2026_Train_0001_S08_20250606_030007,47158son13,Insecta,0.9260000586509705,0.92166668176651,-0.004333376884460449,0.9774954915046692
BC2026_Train_0013_S13_20220217_233000_50,S13,BC2026_Train_0013_S13_20220217_233000,1491113,Amphibia,0.9754999876022339,0.9711666703224182,-0.004333317279815674,0.9970235228538513
BC2026_Train_0013_S13_20220217_233000_5,S13,BC2026_Train_0013_S13_20220217_233000,517063,Amphibia,0.8669999837875366,0.862666666507721,-0.004333317279815674,0.9335339069366455
BC2026_Train_0017_S22_20211026_233000_15,S22,BC2026_Train_0017_S22_20211026_233000,22973,Amphibia,0.9643332958221436,0.9599999785423279,-0.004333317279815674,0.9963757395744324
BC2026_Train_0001_S08_20250606_030007_30,S08,BC2026_Train_0001_S08_20250606_030007,47158son10,Insecta,0.9765000343322754,0.9723333120346069,-0.004166722297668457,0.8359269499778748
BC2026_Train_0001_S08_20250606_030007_30,S08,BC2026_Train_0001_S08_20250606_030007,47158son22,Insecta,0.9173333644866943,0.9131666421890259,-0.004166722297668457,0.9888096451759338
BC2026_Train_0008_S09_20250831_000000_50,S09,BC2026_Train_0008_S09_20250831_000000,516975,Mammalia,0.984333336353302,0.9801666140556335,-0.004166722297668457,0.9553157091140747
BC2026_Train_0001_S08_20250606_030007_30,S08,BC2026_Train_0001_S08_20250606_030007,47158son23,Insecta,0.9173333644866943,0.9131666421890259,-0.004166722297668457,0.9909052848815918
BC2026_Train_0001_S08_20250606_030007_25,S08,BC2026_Train_0001_S08_20250606_030007,47158son22,Insecta,0.9459999799728394,0.9418333172798157,-0.004166662693023682,0.9888665080070496
BC2026_Train_0001_S08_20250606_030007_20,S08,BC2026_Train_0001_S08_20250606_030007,47158son21,Insecta,0.9758334159851074,0.971833348274231,-0.004000067710876465,0.9869734644889832
BC2026_Train_0017_S22_20211026_233000_15,S22,BC2026_Train_0017_S22_20211026_233000,litnig1,Aves,0.9809166789054871,0.9769166707992554,-0.0040000081062316895,0.9961926937103271
BC2026_Train_0003_S08_20250607_070007_50,S08,BC2026_Train_0003_S08_20250607_070007,chacha1,Aves,1.0,0.9959999918937683,-0.0040000081062316895,0.9028288125991821
BC2026_Train_0004_S08_20250607_070007_35,S08,BC2026_Train_0004_S08_20250607_070007,47158son03,Insecta,1.0,0.9959999918937683,-0.0040000081062316895,0.8854535222053528
BC2026_Train_0005_S08_20250607_070007_60,S08,BC2026_Train_0005_S08_20250607_070007,47158son16,Insecta,0.9831666946411133,0.9793332815170288,-0.0038334131240844727,0.9163131713867188
BC2026_Train_0001_S08_20250606_030007_30,S08,BC2026_Train_0001_S08_20250606_030007,47158son13,Insecta,0.9176666736602783,0.9138333201408386,-0.0038333535194396973,0.9784489870071411
BC2026_Train_0003_S08_20250607_070007_20,S08,BC2026_Train_0003_S08_20250607_070007,47158son25,Insecta,0.8913333415985107,0.8876665830612183,-0.0036667585372924805,0.9771884679794312
BC2026_Train_0001_S08_20250606_030007_5,S08,BC2026_Train_0001_S08_20250606_030007,47158son23,Insecta,0.9260000586509705,0.9223333597183228,-0.003666698932647705,0.9891417026519775
BC2026_Train_0001_S08_20250606_030007_35,S08,BC2026_Train_0001_S08_20250606_030007,47158son10,Insecta,0.999666690826416,0.9959999918937683,-0.003666698932647705,0.8638218641281128
BC2026_Train_0002_S08_20250607_030007_50,S08,BC2026_Train_0002_S08_20250607_030007,47158son22,Insecta,0.9934999942779541,0.9898332953453064,-0.003666698932647705,0.997940719127655
BC2026_Train_0014_S13_20220228_214500_20,S13,BC2026_Train_0014_S13_20220228_214500,22961,Amphibia,0.9784166216850281,0.9747499227523804,-0.003666698932647705,0.9876365065574646
BC2026_Train_0001_S08_20250606_030007_20,S08,BC2026_Train_0001_S08_20250606_030007,47158son13,Insecta,0.9754999876022339,0.971833348274231,-0.0036666393280029297,0.9842602610588074
BC2026_Train_0003_S08_20250607_070007_35,S08,BC2026_Train_0003_S08_20250607_070007,47158son11,Insecta,0.9954999685287476,0.9918333292007446,-0.0036666393280029297,0.9893963932991028
BC2026_Train_0004_S08_20250607_070007_45,S08,BC2026_Train_0004_S08_20250607_070007,47158son03,Insecta,0.9753333330154419,0.971666693687439,-0.0036666393280029297,0.8367705345153809
BC2026_Train_0001_S08_20250606_030007_20,S08,BC2026_Train_0001_S08_20250606_030007,47158son22,Insecta,0.9760000705718994,0.9724999666213989,-0.0035001039505004883,0.9933806657791138
BC2026_Train_0013_S13_20220217_233000_45,S13,BC2026_Train_0013_S13_20220217_233000,1491113,Amphibia,0.9760000109672546,0.9724999666213989,-0.003500044345855713,0.9971960783004761
BC2026_Train_0003_S08_20250607_070007_35,S08,BC2026_Train_0003_S08_20250607_070007,chacha1,Aves,0.9793333411216736,0.9758332967758179,-0.003500044345855713,0.8848527669906616
BC2026_Train_0002_S08_20250607_030007_15,S08,BC2026_Train_0002_S08_20250607_030007,47158son25,Insecta,0.9391666650772095,0.9356666207313538,-0.003500044345855713,0.9857534170150757
BC2026_Train_0018_S22_20211028_234500_30,S22,BC2026_Train_0018_S22_20211028_234500,517063,Amphibia,0.8363333344459534,0.8328332901000977,-0.003500044345855713,0.9022846221923828
BC2026_Train_0011_S03_20211114_200000_10,S03,BC2026_Train_0011_S03_20211114_200000,22967,Amphibia,0.9894166588783264,0.9859166145324707,-0.003500044345855713,0.9960915446281433
BC2026_Train_0003_S08_20250607_070007_15,S08,BC2026_Train_0003_S08_20250607_070007,47158son19,Insecta,0.9765000343322754,0.9729999899864197,-0.003500044345855713,0.9159373044967651
BC2026_Train_0003_S08_20250607_070007_10,S08,BC2026_Train_0003_S08_20250607_070007,47158son25,Insecta,0.8845833539962769,0.8810833096504211,-0.003500044345855713,0.9678450226783752
BC2026_Train_0011_S03_20211114_200000_60,S03,BC2026_Train_0011_S03_20211114_200000,22967,Amphibia,0.9653333425521851,0.9619999527931213,-0.0033333897590637207,0.9950553178787231
BC2026_Train_0005_S08_20250607_070007_55,S08,BC2026_Train_0005_S08_20250607_070007,47158son25,Insecta,0.8239166736602783,0.8205832839012146,-0.0033333897590637207,0.7994025945663452
BC2026_Train_0001_S08_20250606_030007_25,S08,BC2026_Train_0001_S08_20250606_030007,47158son21,Insecta,0.9458333253860474,0.9424999952316284,-0.0033333301544189453,0.9846788644790649
BC2026_Train_0020_S22_20211104_231500_60,S22,BC2026_Train_0020_S22_20211104_231500,compau,Aves,0.9541666507720947,0.9508333206176758,-0.0033333301544189453,0.9584927558898926
BC2026_Train_0002_S08_20250607_030007_10,S08,BC2026_Train_0002_S08_20250607_030007,47158son01,Insecta,0.9765833616256714,0.9734165668487549,-0.003166794776916504,0.9781965613365173
BC2026_Train_0005_S08_20250607_070007_20,S08,BC2026_Train_0005_S08_20250607_070007,47158son25,Insecta,0.849166750907898,0.8459999561309814,-0.003166794776916504,0.8748151659965515
BC2026_Train_0019_S22_20211104_200000_20,S22,BC2026_Train_0019_S22_20211104_200000,65380,Amphibia,0.971750020980835,0.9685832858085632,-0.0031667351722717285,0.9867352247238159
BC2026_Train_0016_S18_20220204_221500_35,S18,BC2026_Train_0016_S18_20220204_221500,22967,Amphibia,0.9075000882148743,0.9043333530426025,-0.0031667351722717285,0.9881943464279175
BC2026_Train_0004_S08_20250607_070007_5,S08,BC2026_Train_0004_S08_20250607_070007,116570,Reptilia,0.9827500581741333,0.9795833230018616,-0.0031667351722717285,0.7370573878288269
BC2026_Train_0011_S03_20211114_200000_35,S03,BC2026_Train_0011_S03_20211114_200000,22967,Amphibia,0.9526666402816772,0.9494999647140503,-0.003166675567626953,0.9934341907501221
BC2026_Train_0013_S13_20220217_233000_35,S13,BC2026_Train_0013_S13_20220217_233000,517063,Amphibia,0.8136666417121887,0.8105000257492065,-0.0031666159629821777,0.8957648873329163
BC2026_Train_0012_S03_20220211_233000_30,S03,BC2026_Train_0012_S03_20220211_233000,517063,Amphibia,0.9722500443458557,0.969249963760376,-0.0030000805854797363,0.980791449546814
BC2026_Train_0003_S08_20250607_070007_35,S08,BC2026_Train_0003_S08_20250607_070007,47158son20,Insecta,0.9895833730697632,0.9865832924842834,-0.0030000805854797363,0.9939574003219604
BC2026_Train_0013_S13_20220217_233000_10,S13,BC2026_Train_0013_S13_20220217_233000,1491113,Amphibia,0.9141666889190674,0.9111666679382324,-0.003000020980834961,0.9923444390296936
BC2026_Train_0002_S08_20250607_030007_45,S08,BC2026_Train_0002_S08_20250607_030007,47158son22,Insecta,0.996999979019165,0.9939999580383301,-0.003000020980834961,0.9980607628822327
BC2026_Train_0004_S08_20250607_070007_10,S08,BC2026_Train_0004_S08_20250607_070007,116570,Reptilia,0.9819166660308838,0.9789166450500488,-0.003000020980834961,0.730769157409668
BC2026_Train_0017_S22_20211026_233000_20,S22,BC2026_Train_0017_S22_20211026_233000,22967,Amphibia,0.8556666970252991,0.8528332710266113,-0.002833425998687744,0.982915997505188
BC2026_Train_0014_S13_20220228_214500_10,S13,BC2026_Train_0014_S13_20220228_214500,22961,Amphibia,0.9762499928474426,0.9734165668487549,-0.002833425998687744,0.9829743504524231
BC2026_Train_0001_S08_20250606_030007_5,S08,BC2026_Train_0001_S08_20250606_030007,47158son22,Insecta,0.9258333444595337,0.9229999780654907,-0.0028333663940429688,0.9879624247550964
BC2026_Train_0002_S08_20250607_030007_60,S08,BC2026_Train_0002_S08_20250607_030007,47158son01,Insecta,0.9645000100135803,0.9618332386016846,-0.002666771411895752,0.9789051413536072
BC2026_Train_0018_S22_20211028_234500_15,S22,BC2026_Train_0018_S22_20211028_234500,litnig1,Aves,0.9451667070388794,0.9424999952316284,-0.0026667118072509766,0.958113431930542
BC2026_Train_0004_S08_20250607_070007_35,S08,BC2026_Train_0004_S08_20250607_070007,47158son18,Insecta,0.9805000424385071,0.9778333306312561,-0.0026667118072509766,0.9137066006660461
BC2026_Train_0002_S08_20250607_030007_45,S08,BC2026_Train_0002_S08_20250607_030007,47158son01,Insecta,0.9938333034515381,0.9911666512489319,-0.002666652202606201,0.98123699426651
BC2026_Train_0014_S13_20220228_214500_30,S13,BC2026_Train_0014_S13_20220228_214500,22961,Amphibia,0.9785833358764648,0.9760832786560059,-0.0025000572204589844,0.9917499423027039
BC2026_Train_0014_S13_20220228_214500_25,S13,BC2026_Train_0014_S13_20220228_214500,65377,Amphibia,0.9755000472068787,0.9729999899864197,-0.0025000572204589844,0.9726983308792114
BC2026_Train_0019_S22_20211104_200000_10,S22,BC2026_Train_0019_S22_20211104_200000,65380,Amphibia,0.9730833172798157,0.9705832600593567,-0.0025000572204589844,0.9872627854347229
BC2026_Train_0017_S22_20211026_233000_15,S22,BC2026_Train_0017_S22_20211026_233000,nacnig1,Aves,0.9790000319480896,0.9764999747276306,-0.0025000572204589844,0.9915425777435303
BC2026_Train_0004_S08_20250607_070007_50,S08,BC2026_Train_0004_S08_20250607_070007,47158son03,Insecta,0.9860000014305115,0.9834999442100525,-0.0025000572204589844,0.8690416812896729
BC2026_Train_0005_S08_20250607_070007_60,S08,BC2026_Train_0005_S08_20250607_070007,47158son15,Insecta,0.9831666946411133,0.9806666374206543,-0.0025000572204589844,0.952518105506897
BC2026_Train_0020_S22_20211104_231500_60,S22,BC2026_Train_0020_S22_20211104_231500,22973,Amphibia,0.8220000267028809,0.8194999694824219,-0.0025000572204589844,0.9870337247848511
BC2026_Train_0014_S13_20220228_214500_10,S13,BC2026_Train_0014_S13_20220228_214500,23158,Amphibia,0.9785832762718201,0.9760832786560059,-0.002499997615814209,0.9452274441719055
BC2026_Train_0018_S22_20211028_234500_20,S22,BC2026_Train_0018_S22_20211028_234500,22967,Amphibia,0.875499963760376,0.8729999661445618,-0.002499997615814209,0.9869272112846375
BC2026_Train_0003_S08_20250607_070007_45,S08,BC2026_Train_0003_S08_20250607_070007,47158son08,Insecta,0.9936666488647461,0.9911666512489319,-0.002499997615814209,0.989722728729248
BC2026_Train_0003_S08_20250607_070007_25,S08,BC2026_Train_0003_S08_20250607_070007,47158son08,Insecta,0.9676666259765625,0.9653332829475403,-0.002333343029022217,0.9885826110839844
BC2026_Train_0014_S13_20220228_214500_15,S13,BC2026_Train_0014_S13_20220228_214500,22961,Amphibia,0.9775833487510681,0.9754166007041931,-0.002166748046875,0.9883943796157837
BC2026_Train_0020_S22_20211104_231500_45,S22,BC2026_Train_0020_S22_20211104_231500,compau,Aves,0.9418333768844604,0.9396666288375854,-0.002166748046875,0.9532312154769897
BC2026_Train_0014_S13_20220228_214500_50,S13,BC2026_Train_0014_S13_20220228_214500,22961,Amphibia,0.9762499928474426,0.9740832448005676,-0.002166748046875,0.9866783618927002
BC2026_Train_0005_S08_20250607_070007_35,S08,BC2026_Train_0005_S08_20250607_070007,47158son17,Insecta,0.9360833764076233,0.9339166879653931,-0.0021666884422302246,0.9480055570602417
BC2026_Train_0017_S22_20211026_233000_30,S22,BC2026_Train_0017_S22_20211026_233000,compau,Aves,0.987666666507721,0.9854999780654907,-0.0021666884422302246,0.9827768802642822
BC2026_Train_0004_S08_20250607_070007_50,S08,BC2026_Train_0004_S08_20250607_070007,47158son18,Insecta,0.9745000004768372,0.9723333120346069,-0.0021666884422302246,0.8972519636154175
BC2026_Train_0005_S08_20250607_070007_50,S08,BC2026_Train_0005_S08_20250607_070007,47158son15,Insecta,0.9690833687782288,0.9670832753181458,-0.002000093460083008,0.9343015551567078
BC2026_Train_0005_S08_20250607_070007_5,S08,BC2026_Train_0005_S08_20250607_070007,47158son17,Insecta,0.8318333625793457,0.8298332691192627,-0.002000093460083008,0.8616734147071838
BC2026_Train_0020_S22_20211104_231500_40,S22,BC2026_Train_0020_S22_20211104_231500,trsowl,Aves,0.987500011920929,0.9854999780654907,-0.0020000338554382324,0.9560184478759766
BC2026_Train_0005_S08_20250607_070007_25,S08,BC2026_Train_0005_S08_20250607_070007,47158son25,Insecta,0.8239166736602783,0.8219166398048401,-0.0020000338554382324,0.8234992623329163
BC2026_Train_0016_S18_20220204_221500_25,S18,BC2026_Train_0016_S18_20220204_221500,22967,Amphibia,0.9160000085830688,0.9139999747276306,-0.0020000338554382324,0.9903298616409302
BC2026_Train_0003_S08_20250607_070007_10,S08,BC2026_Train_0003_S08_20250607_070007,47158son11,Insecta,0.9979999661445618,0.9959999918937683,-0.001999974250793457,0.9907116293907166
BC2026_Train_0017_S22_20211026_233000_45,S22,BC2026_Train_0017_S22_20211026_233000,22967,Amphibia,0.8436666131019592,0.8416666388511658,-0.001999974250793457,0.9825063943862915
BC2026_Train_0001_S08_20250606_030007_40,S08,BC2026_Train_0001_S08_20250606_030007,47158son10,Insecta,0.9958332777023315,0.9938333034515381,-0.001999974250793457,0.8674003481864929
BC2026_Train_0002_S08_20250607_030007_10,S08,BC2026_Train_0002_S08_20250607_030007,47158son13,Insecta,0.9811667203903198,0.9793332815170288,-0.0018334388732910156,0.9956573247909546
BC2026_Train_0003_S08_20250607_070007_10,S08,BC2026_Train_0003_S08_20250607_070007,47158son20,Insecta,0.9790000319480896,0.9771666526794434,-0.0018333792686462402,0.9924565553665161
BC2026_Train_0001_S08_20250606_030007_55,S08,BC2026_Train_0001_S08_20250606_030007,47158son21,Insecta,0.9365000128746033,0.934666633605957,-0.0018333792686462402,0.9906283020973206
BC2026_Train_0002_S08_20250607_030007_45,S08,BC2026_Train_0002_S08_20250607_030007,47158son13,Insecta,0.9965000152587891,0.9946666359901428,-0.0018333792686462402,0.9959827661514282
BC2026_Train_0018_S22_20211028_234500_25,S22,BC2026_Train_0018_S22_20211028_234500,22973,Amphibia,0.8886666893959045,0.8868333101272583,-0.0018333792686462402,0.994669497013092
BC2026_Train_0018_S22_20211028_234500_25,S22,BC2026_Train_0018_S22_20211028_234500,517063,Amphibia,0.846750020980835,0.8449166417121887,-0.0018333792686462402,0.9246624708175659
BC2026_Train_0002_S08_20250607_030007_50,S08,BC2026_Train_0002_S08_20250607_030007,47158son21,Insecta,0.9936667084693909,0.9918333292007446,-0.0018333792686462402,0.9981928467750549
BC2026_Train_0002_S08_20250607_030007_55,S08,BC2026_Train_0002_S08_20250607_030007,47158son25,Insecta,0.9237499833106995,0.9219166040420532,-0.0018333792686462402,0.9861916303634644
BC2026_Train_0002_S08_20250607_030007_10,S08,BC2026_Train_0002_S08_20250607_030007,47158son23,Insecta,0.9810000658035278,0.9793332815170288,-0.0016667842864990234,0.9962085485458374
BC2026_Train_0011_S03_20211114_200000_15,S03,BC2026_Train_0011_S03_20211114_200000,22973,Amphibia,0.9279166460037231,0.9262499213218689,-0.001666724681854248,0.9951613545417786
BC2026_Train_0011_S03_20211114_200000_30,S03,BC2026_Train_0011_S03_20211114_200000,22967,Amphibia,0.9869166612625122,0.985249936580658,-0.001666724681854248,0.9959350824356079
BC2026_Train_0017_S22_20211026_233000_10,S22,BC2026_Train_0017_S22_20211026_233000,compau,Aves,0.9753333926200867,0.9736666679382324,-0.001666724681854248,0.9822379946708679
BC2026_Train_0001_S08_20250606_030007_55,S08,BC2026_Train_0001_S08_20250606_030007,47158son22,Insecta,0.9363333582878113,0.934666633605957,-0.001666724681854248,0.9935429096221924
BC2026_Train_0003_S08_20250607_070007_20,S08,BC2026_Train_0003_S08_20250607_070007,47158son20,Insecta,0.9990000128746033,0.997333288192749,-0.001666724681854248,0.9959675073623657
BC2026_Train_0017_S22_20211026_233000_25,S22,BC2026_Train_0017_S22_20211026_233000,litnig1,Aves,0.9705000519752502,0.968833327293396,-0.001666724681854248,0.9969301819801331
BC2026_Train_0003_S08_20250607_070007_60,S08,BC2026_Train_0003_S08_20250607_070007,47158son17,Insecta,0.9788333773612976,0.9771666526794434,-0.001666724681854248,0.984584391117096
BC2026_Train_0001_S08_20250606_030007_10,S08,BC2026_Train_0001_S08_20250606_030007,47158son23,Insecta,0.9308333396911621,0.9291666746139526,-0.0016666650772094727,0.9916477203369141
BC2026_Train_0002_S08_20250607_030007_45,S08,BC2026_Train_0002_S08_20250607_030007,47158son23,Insecta,0.996999979019165,0.9953333139419556,-0.0016666650772094727,0.9968435764312744
BC2026_Train_0005_S08_20250607_070007_55,S08,BC2026_Train_0005_S08_20250607_070007,47158son15,Insecta,0.9558332562446594,0.9541666507720947,-0.0016666054725646973,0.8639106750488281
BC2026_Train_0005_S08_20250607_070007_55,S08,BC2026_Train_0005_S08_20250607_070007,47158son16,Insecta,0.9558332562446594,0.9541666507720947,-0.0016666054725646973,0.8547413945198059
BC2026_Train_0017_S22_20211026_233000_35,S22,BC2026_Train_0017_S22_20211026_233000,nacnig1,Aves,0.9876667261123657,0.9861665964126587,-0.0015001296997070312,0.9960514903068542
BC2026_Train_0003_S08_20250607_070007_35,S08,BC2026_Train_0003_S08_20250607_070007,47158son25,Insecta,0.8605000972747803,0.859000027179718,-0.0015000700950622559,0.9731243252754211
BC2026_Train_0001_S08_20250606_030007_25,S08,BC2026_Train_0001_S08_20250606_030007,47158son17,Insecta,0.8959999680519104,0.8944998979568481,-0.0015000700950622559,0.9391428232192993
BC2026_Train_0017_S22_20211026_233000_25,S22,BC2026_Train_0017_S22_20211026_233000,22967,Amphibia,0.8355000019073486,0.8339999914169312,-0.0015000104904174805,0.9814465045928955
BC2026_Train_0011_S03_20211114_200000_60,S03,BC2026_Train_0011_S03_20211114_200000,22973,Amphibia,0.8578333854675293,0.8563333749771118,-0.0015000104904174805,0.9917125701904297
BC2026_Train_0014_S13_20220228_214500_20,S13,BC2026_Train_0014_S13_20220228_214500,65377,Amphibia,0.9764999747276306,0.9750000238418579,-0.001499950885772705,0.9755411148071289
BC2026_Train_0005_S08_20250607_070007_50,S08,BC2026_Train_0005_S08_20250607_070007,47158son16,Insecta,0.9690833687782288,0.9677499532699585,-0.0013334155082702637,0.9170293807983398
BC2026_Train_0011_S03_20211114_200000_50,S03,BC2026_Train_0011_S03_20211114_200000,1491113,Amphibia,0.9798333644866943,0.9785000085830688,-0.0013333559036254883,0.9984397292137146
BC2026_Train_0005_S08_20250607_070007_15,S08,BC2026_Train_0005_S08_20250607_070007,47158son15,Insecta,0.9601666927337646,0.9589999318122864,-0.0011667609214782715,0.942345917224884
BC2026_Train_0019_S22_20211104_200000_45,S22,BC2026_Train_0019_S22_20211104_200000,65380,Amphibia,0.934499979019165,0.9333332777023315,-0.001166701316833496,0.9850686192512512
BC2026_Train_0005_S08_20250607_070007_25,S08,BC2026_Train_0005_S08_20250607_070007,47158son15,Insecta,0.9796667098999023,0.9785000085830688,-0.001166701316833496,0.9660961627960205
BC2026_Train_0003_S08_20250607_070007_50,S08,BC2026_Train_0003_S08_20250607_070007,47158son11,Insecta,0.9593333601951599,0.9583332538604736,-0.0010001063346862793,0.9833354949951172
BC2026_Train_0001_S08_20250606_030007_55,S08,BC2026_Train_0001_S08_20250606_030007,47158son23,Insecta,0.9363333582878113,0.9353333115577698,-0.001000046730041504,0.9941704869270325
BC2026_Train_0001_S08_20250606_030007_55,S08,BC2026_Train_0001_S08_20250606_030007,47158son25,Insecta,0.9990000128746033,0.9979999661445618,-0.001000046730041504,0.9926390647888184
BC2026_Train_0019_S22_20211104_200000_40,S22,BC2026_Train_0019_S22_20211104_200000,47144,Mammalia,0.9764166474342346,0.9754166007041931,-0.001000046730041504,0.9400149583816528
BC2026_Train_0017_S22_20211026_233000_35,S22,BC2026_Train_0017_S22_20211026_233000,litnig1,Aves,0.9913333654403687,0.9903333187103271,-0.001000046730041504,0.9979193806648254
BC2026_Train_0003_S08_20250607_070007_15,S08,BC2026_Train_0003_S08_20250607_070007,47158son17,Insecta,0.9670000076293945,0.965999960899353,-0.001000046730041504,0.9835816621780396
BC2026_Train_0003_S08_20250607_070007_20,S08,BC2026_Train_0003_S08_20250607_070007,47158son17,Insecta,0.9990000128746033,0.9979999661445618,-0.001000046730041504,0.9876698851585388
BC2026_Train_0002_S08_20250607_030007_50,S08,BC2026_Train_0002_S08_20250607_030007,47158son23,Insecta,0.9934999942779541,0.9925000071525574,-0.0009999871253967285,0.997005045413971
BC2026_Train_0020_S22_20211104_231500_5,S22,BC2026_Train_0020_S22_20211104_231500,trsowl,Aves,0.9531666040420532,0.9521666169166565,-0.0009999871253967285,0.9367656707763672
BC2026_Train_0017_S22_20211026_233000_60,S22,BC2026_Train_0017_S22_20211026_233000,litnig1,Aves,0.9669999480247498,0.965999960899353,-0.0009999871253967285,0.9969912767410278
BC2026_Train_0002_S08_20250607_030007_45,S08,BC2026_Train_0002_S08_20250607_030007,47158son21,Insecta,0.996999979019165,0.9959999918937683,-0.0009999871253967285,0.9982636570930481
BC2026_Train_0002_S08_20250607_030007_30,S08,BC2026_Train_0002_S08_20250607_030007,47158son01,Insecta,0.9683333039283752,0.9673333168029785,-0.0009999871253967285,0.9818394184112549
BC2026_Train_0001_S08_20250606_030007_55,S08,BC2026_Train_0001_S08_20250606_030007,47158son13,Insecta,0.9363332986831665,0.9353333115577698,-0.0009999871253967285,0.9868600964546204
BC2026_Train_0003_S08_20250607_070007_10,S08,BC2026_Train_0003_S08_20250607_070007,47158son17,Insecta,0.9941666126251221,0.9931666851043701,-0.0009999275207519531,0.9858192205429077
BC2026_Train_0004_S08_20250607_070007_20,S08,BC2026_Train_0004_S08_20250607_070007,47158son18,Insecta,0.983500063419342,0.9826666116714478,-0.0008334517478942871,0.9155161380767822
BC2026_Train_0003_S08_20250607_070007_25,S08,BC2026_Train_0003_S08_20250607_070007,47158son11,Insecta,0.9800000786781311,0.9791666269302368,-0.0008334517478942871,0.9908900856971741
BC2026_Train_0017_S22_20211026_233000_20,S22,BC2026_Train_0017_S22_20211026_233000,47144,Mammalia,0.9775833487510681,0.9767499566078186,-0.0008333921432495117,0.9720912575721741
BC2026_Train_0004_S08_20250607_070007_30,S08,BC2026_Train_0004_S08_20250607_070007,47158son03,Insecta,0.98416668176651,0.9833332896232605,-0.0008333921432495117,0.9103906750679016
BC2026_Train_0011_S03_20211114_200000_15,S03,BC2026_Train_0011_S03_20211114_200000,22967,Amphibia,0.9887499809265137,0.9879165887832642,-0.0008333921432495117,0.997246503829956
BC2026_Train_0020_S22_20211104_231500_55,S22,BC2026_Train_0020_S22_20211104_231500,compau,Aves,0.9620000123977661,0.9611666202545166,-0.0008333921432495117,0.9784279465675354
BC2026_Train_0001_S08_20250606_030007_10,S08,BC2026_Train_0001_S08_20250606_030007,47158son22,Insecta,0.9306666851043701,0.9298332929611206,-0.0008333921432495117,0.9926450252532959
BC2026_Train_0003_S08_20250607_070007_35,S08,BC2026_Train_0003_S08_20250607_070007,47158son17,Insecta,0.9911666512489319,0.9903333187103271,-0.0008333325386047363,0.9858556389808655
BC2026_Train_0017_S22_20211026_233000_40,S22,BC2026_Train_0017_S22_20211026_233000,litnig1,Aves,0.981083333492279,0.9802500009536743,-0.0008333325386047363,0.9974814057350159
BC2026_Train_0003_S08_20250607_070007_10,S08,BC2026_Train_0003_S08_20250607_070007,47158son08,Insecta,0.9751666784286499,0.9743333458900452,-0.0008333325386047363,0.9915425777435303
BC2026_Train_0005_S08_20250607_070007_35,S08,BC2026_Train_0005_S08_20250607_070007,47158son16,Insecta,0.9962499737739563,0.9955832362174988,-0.0006667375564575195,0.9547720551490784
BC2026_Train_0019_S22_20211104_200000_45,S22,BC2026_Train_0019_S22_20211104_200000,47144,Mammalia,0.9471666812896729,0.9465000033378601,-0.0006666779518127441,0.8914502263069153
BC2026_Train_0014_S13_20220228_214500_30,S13,BC2026_Train_0014_S13_20220228_214500,65377,Amphibia,0.9763333201408386,0.9756666421890259,-0.0006666779518127441,0.9775646924972534
BC2026_Train_0005_S08_20250607_070007_20,S08,BC2026_Train_0005_S08_20250607_070007,47158son17,Insecta,0.9404999613761902,0.9398333430290222,-0.0006666183471679688,0.9480120539665222
BC2026_Train_0005_S08_20250607_070007_25,S08,BC2026_Train_0005_S08_20250607_070007,47158son16,Insecta,0.9796667098999023,0.9791666269302368,-0.0005000829696655273,0.9515888690948486
BC2026_Train_0013_S13_20220217_233000_55,S13,BC2026_Train_0013_S13_20220217_233000,1491113,Amphibia,0.9220000505447388,0.9214999675750732,-0.0005000829696655273,0.9969013929367065
BC2026_Train_0001_S08_20250606_030007_10,S08,BC2026_Train_0001_S08_20250606_030007,47158son21,Insecta,0.9310000538825989,0.9304999709129333,-0.0005000829696655273,0.987636148929596
BC2026_Train_0005_S08_20250607_070007_60,S08,BC2026_Train_0005_S08_20250607_070007,47158son25,Insecta,0.8178333640098572,0.8173333406448364,-0.000500023365020752,0.866507351398468
BC2026_Train_0011_S03_20211114_200000_10,S03,BC2026_Train_0011_S03_20211114_200000,1491113,Amphibia,0.9505000114440918,0.949999988079071,-0.000500023365020752,0.9981729984283447
BC2026_Train_0004_S08_20250607_070007_25,S08,BC2026_Train_0004_S08_20250607_070007,47158son19,Insecta,0.9505000114440918,0.949999988079071,-0.000500023365020752,0.29403507709503174
BC2026_Train_0003_S08_20250607_070007_50,S08,BC2026_Train_0003_S08_20250607_070007,47158son20,Insecta,0.965833306312561,0.9653332829475403,-0.000500023365020752,0.9783066511154175
BC2026_Train_0002_S08_20250607_030007_25,S08,BC2026_Train_0002_S08_20250607_030007,47158son01,Insecta,0.9901667237281799,0.9896667003631592,-0.000500023365020752,0.9846100807189941
BC2026_Train_0002_S08_20250607_030007_10,S08,BC2026_Train_0002_S08_20250607_030007,47158son21,Insecta,0.9803333878517151,0.9799999594688416,-0.00033342838287353516,0.9979605674743652
BC2026_Train_0005_S08_20250607_070007_15,S08,BC2026_Train_0005_S08_20250607_070007,47158son16,Insecta,0.9600000381469727,0.9596666097640991,-0.00033342838287353516,0.9296852946281433
BC2026_Train_0003_S08_20250607_070007_60,S08,BC2026_Train_0003_S08_20250607_070007,47158son19,Insecta,0.983666718006134,0.9833332896232605,-0.00033342838287353516,0.9498589634895325
BC2026_Train_0019_S22_20211104_200000_25,S22,BC2026_Train_0019_S22_20211104_200000,22973,Amphibia,0.9010000228881836,0.9006666541099548,-0.00033336877822875977,0.995322048664093
BC2026_Train_0005_S08_20250607_070007_45,S08,BC2026_Train_0005_S08_20250607_070007,47158son16,Insecta,0.9746667146682739,0.9743333458900452,-0.00033336877822875977,0.9378923773765564
BC2026_Train_0005_S08_20250607_070007_45,S08,BC2026_Train_0005_S08_20250607_070007,47158son15,Insecta,0.9746667146682739,0.9743333458900452,-0.00033336877822875977,0.959324300289154
BC2026_Train_0002_S08_20250607_030007_35,S08,BC2026_Train_0002_S08_20250607_030007,47158son01,Insecta,0.9770833253860474,0.9767499566078186,-0.00033336877822875977,0.9831536412239075
BC2026_Train_0001_S08_20250606_030007_25,S08,BC2026_Train_0001_S08_20250606_030007,47158son10,Insecta,0.9828333854675293,0.9826666116714478,-0.00016677379608154297,0.8658324480056763
BC2026_Train_0002_S08_20250607_030007_30,S08,BC2026_Train_0002_S08_20250607_030007,47158son21,Insecta,0.9602500200271606,0.9600833058357239,-0.00016671419143676758,0.9979467988014221
BC2026_Train_0012_S03_20220211_233000_45,S03,BC2026_Train_0012_S03_20220211_233000,517063,Amphibia,0.9740833640098572,0.9739166498184204,-0.00016671419143676758,0.9853391647338867
BC2026_Train_0016_S18_20220204_221500_10,S18,BC2026_Train_0016_S18_20220204_221500,24279,Amphibia,0.997749924659729,0.997583270072937,-0.0001666545867919922,0.9177794456481934
BC2026_Train_0017_S22_20211026_233000_55,S22,BC2026_Train_0017_S22_20211026_233000,22967,Amphibia,0.8285000324249268,0.8284999132156372,-1.1920928955078125e-07,0.9795946478843689
BC2026_Train_0003_S08_20250607_070007_35,S08,BC2026_Train_0003_S08_20250607_070007,47158son08,Insecta,0.9899166822433472,0.9899166226387024,-5.960464477539063e-08,0.9942938685417175
BC2026_Train_0003_S08_20250607_070007_45,S08,BC2026_Train_0003_S08_20250607_070007,47158son20,Insecta,0.9879166483879089,0.9879165887832642,-5.960464477539063e-08,0.9957395792007446
BC2026_Train_0005_S08_20250607_070007_35,S08,BC2026_Train_0005_S08_20250607_070007,47158son15,Insecta,0.9962499737739563,0.9962499141693115,-5.960464477539063e-08,0.9720922708511353
BC2026_Train_0001_S08_20250606_030007_10,S08,BC2026_Train_0001_S08_20250606_030007,47158son13,Insecta,0.9311667084693909,0.9311666488647461,-5.960464477539063e-08,0.9850580096244812
BC2026_Train_0003_S08_20250607_070007_40,S08,BC2026_Train_0003_S08_20250607_070007,47158son19,Insecta,0.9993333220481873,0.9993333220481873,0.0,0.9580530524253845
BC2026_Train_0011_S03_20211114_200000_45,S03,BC2026_Train_0011_S03_20211114_200000,1491113,Amphibia,0.9778333306312561,0.9778333306312561,0.0,0.9984045624732971
BC2026_Train_0020_S22_20211104_231500_30,S22,BC2026_Train_0020_S22_20211104_231500,trsowl,Aves,0.9958332777023315,0.9958333373069763,5.960464477539063e-08,0.9647690653800964
BC2026_Train_0016_S18_20220204_221500_5,S18,BC2026_Train_0016_S18_20220204_221500,24279,Amphibia,0.9980833530426025,0.998249888420105,0.0001665353775024414,0.9404219388961792
BC2026_Train_0004_S08_20250607_070007_15,S08,BC2026_Train_0004_S08_20250607_070007,47158son18,Insecta,0.987333357334137,0.9874999523162842,0.0001665949821472168,0.9236810207366943
BC2026_Train_0017_S22_20211026_233000_5,S22,BC2026_Train_0017_S22_20211026_233000,47144,Mammalia,0.9785833358764648,0.9787499308586121,0.0001665949821472168,0.978452742099762
BC2026_Train_0005_S08_20250607_070007_40,S08,BC2026_Train_0005_S08_20250607_070007,47158son25,Insecta,0.8366667032241821,0.8368332982063293,0.0001665949821472168,0.8960381746292114
BC2026_Train_0017_S22_20211026_233000_20,S22,BC2026_Train_0017_S22_20211026_233000,22973,Amphibia,0.9805000424385071,0.9806666374206543,0.0001665949821472168,0.9983658194541931
BC2026_Train_0002_S08_20250607_030007_45,S08,BC2026_Train_0002_S08_20250607_030007,116570,Reptilia,0.921166718006134,0.9213333129882812,0.0001665949821472168,0.699396014213562
BC2026_Train_0003_S08_20250607_070007_55,S08,BC2026_Train_0003_S08_20250607_070007,chacha1,Aves,0.968916654586792,0.969083309173584,0.0001666545867919922,0.9023772478103638
BC2026_Train_0011_S03_20211114_200000_45,S03,BC2026_Train_0011_S03_20211114_200000,22967,Amphibia,0.9568333029747009,0.9569999575614929,0.0001666545867919922,0.995521068572998
BC2026_Train_0003_S08_20250607_070007_20,S08,BC2026_Train_0003_S08_20250607_070007,47158son08,Insecta,0.9991666674613953,0.9993333220481873,0.0001666545867919922,0.9943660497665405
BC2026_Train_0003_S08_20250607_070007_15,S08,BC2026_Train_0003_S08_20250607_070007,47158son20,Insecta,0.971333384513855,0.971500039100647,0.0001666545867919922,0.9940622448921204
BC2026_Train_0002_S08_20250607_030007_10,S08,BC2026_Train_0002_S08_20250607_030007,47158son22,Insecta,0.9810000658035278,0.981333315372467,0.000333249568939209,0.9981258511543274
BC2026_Train_0002_S08_20250607_030007_30,S08,BC2026_Train_0002_S08_20250607_030007,47158son23,Insecta,0.9604167342185974,0.9607499837875366,0.000333249568939209,0.9962383508682251
BC2026_Train_0011_S03_20211114_200000_5,S03,BC2026_Train_0011_S03_20211114_200000,22973,Amphibia,0.9748333692550659,0.9751666784286499,0.0003333091735839844,0.9974220991134644
BC2026_Train_0001_S08_20250606_030007_30,S08,BC2026_Train_0001_S08_20250606_030007,47158son17,Insecta,0.862000048160553,0.862333357334137,0.0003333091735839844,0.9391182661056519
BC2026_Train_0002_S08_20250607_030007_40,S08,BC2026_Train_0002_S08_20250607_030007,47158son01,Insecta,0.9990000128746033,0.9993333220481873,0.0003333091735839844,0.9876905679702759
BC2026_Train_0003_S08_20250607_070007_55,S08,BC2026_Train_0003_S08_20250607_070007,47158son11,Insecta,0.9551666378974915,0.9554999470710754,0.0003333091735839844,0.9854167103767395
BC2026_Train_0005_S08_20250607_070007_15,S08,BC2026_Train_0005_S08_20250607_070007,47158son25,Insecta,0.8038333058357239,0.8041666746139526,0.00033336877822875977,0.7611631751060486
BC2026_Train_0003_S08_20250607_070007_60,S08,BC2026_Train_0003_S08_20250607_070007,47158son08,Insecta,0.971000075340271,0.971500039100647,0.0004999637603759766,0.9921395182609558
BC2026_Train_0005_S08_20250607_070007_25,S08,BC2026_Train_0005_S08_20250607_070007,47158son17,Insecta,0.8486666679382324,0.8491666316986084,0.0004999637603759766,0.9239089488983154
BC2026_Train_0003_S08_20250607_070007_55,S08,BC2026_Train_0003_S08_20250607_070007,47158son20,Insecta,0.9549999237060547,0.9554999470710754,0.000500023365020752,0.9890947937965393
BC2026_Train_0014_S13_20220228_214500_45,S13,BC2026_Train_0014_S13_20220228_214500,65377,Amphibia,0.9738333225250244,0.9743333458900452,0.000500023365020752,0.9754928350448608
BC2026_Train_0005_S08_20250607_070007_55,S08,BC2026_Train_0005_S08_20250607_070007,47158son17,Insecta,0.937416672706604,0.9379166960716248,0.000500023365020752,0.9553508162498474
BC2026_Train_0005_S08_20250607_070007_5,S08,BC2026_Train_0005_S08_20250607_070007,47158son16,Insecta,0.969249963760376,0.9697499871253967,0.000500023365020752,0.9509027004241943
BC2026_Train_0005_S08_20250607_070007_40,S08,BC2026_Train_0005_S08_20250607_070007,47158son15,Insecta,0.9645000100135803,0.9651665687561035,0.0006665587425231934,0.9679102301597595
BC2026_Train_0014_S13_20220228_214500_25,S13,BC2026_Train_0014_S13_20220228_214500,23158,Amphibia,0.9774166941642761,0.9780832529067993,0.0006665587425231934,0.9571990370750427
BC2026_Train_0019_S22_20211104_200000_5,S22,BC2026_Train_0019_S22_20211104_200000,65380,Amphibia,0.9719167351722717,0.9725832939147949,0.0006665587425231934,0.9896270036697388
BC2026_Train_0003_S08_20250607_070007_60,S08,BC2026_Train_0003_S08_20250607_070007,47158son11,Insecta,0.9625000357627869,0.9631665945053101,0.0006665587425231934,0.9872674345970154
BC2026_Train_0019_S22_20211104_200000_25,S22,BC2026_Train_0019_S22_20211104_200000,65380,Amphibia,0.9725833535194397,0.9732499718666077,0.0006666183471679688,0.9907594919204712
BC2026_Train_0014_S13_20220228_214500_25,S13,BC2026_Train_0014_S13_20220228_214500,22961,Amphibia,0.9787499904632568,0.9794166088104248,0.0006666183471679688,0.9942597150802612
BC2026_Train_0004_S08_20250607_070007_15,S08,BC2026_Train_0004_S08_20250607_070007,chacha1,Aves,0.9291666746139526,0.9298332929611206,0.0006666183471679688,0.7974938154220581
BC2026_Train_0003_S08_20250607_070007_50,S08,BC2026_Train_0003_S08_20250607_070007,47158son08,Insecta,0.9583333134651184,0.9589999318122864,0.0006666183471679688,0.9889306426048279
BC2026_Train_0001_S08_20250606_030007_60,S08,BC2026_Train_0001_S08_20250606_030007,47158son05,Insecta,0.9923334121704102,0.9930000305175781,0.0006666183471679688,0.40907660126686096
BC2026_Train_0001_S08_20250606_030007_50,S08,BC2026_Train_0001_S08_20250606_030007,47158son10,Insecta,0.9701667428016663,0.9708333611488342,0.0006666183471679688,0.8617403507232666
BC2026_Train_0002_S08_20250607_030007_5,S08,BC2026_Train_0002_S08_20250607_030007,47158son01,Insecta,0.9548332691192627,0.9554999470710754,0.0006666779518127441,0.9790062308311462
BC2026_Train_0017_S22_20211026_233000_30,S22,BC2026_Train_0017_S22_20211026_233000,litnig1,Aves,0.9958332777023315,0.9965000152587891,0.0006667375564575195,0.9988054037094116
BC2026_Train_0017_S22_20211026_233000_5,S22,BC2026_Train_0017_S22_20211026_233000,litnig1,Aves,0.9630000591278076,0.9638332724571228,0.0008332133293151855,0.9971154928207397
BC2026_Train_0005_S08_20250607_070007_50,S08,BC2026_Train_0005_S08_20250607_070007,47158son25,Insecta,0.8443334102630615,0.8451666831970215,0.0008332729339599609,0.9149768352508545
BC2026_Train_0014_S13_20220228_214500_60,S13,BC2026_Train_0014_S13_20220228_214500,22961,Amphibia,0.9772499799728394,0.9780832529067993,0.0008332729339599609,0.9932467937469482
BC2026_Train_0002_S08_20250607_030007_55,S08,BC2026_Train_0002_S08_20250607_030007,47158son01,Insecta,0.983833372592926,0.984666645526886,0.0008332729339599609,0.9872713685035706
BC2026_Train_0004_S08_20250607_070007_40,S08,BC2026_Train_0004_S08_20250607_070007,47158son03,Insecta,0.9623333215713501,0.9631665945053101,0.0008332729339599609,0.8706488013267517
BC2026_Train_0014_S13_20220228_214500_55,S13,BC2026_Train_0014_S13_20220228_214500,65377,Amphibia,0.9754999876022339,0.9763333201408386,0.0008333325386047363,0.9788528084754944
BC2026_Train_0017_S22_20211026_233000_45,S22,BC2026_Train_0017_S22_20211026_233000,litnig1,Aves,0.987166702747345,0.9881666302680969,0.0009999275207519531,0.9982147216796875
BC2026_Train_0005_S08_20250607_070007_20,S08,BC2026_Train_0005_S08_20250607_070007,47158son15,Insecta,0.9965833425521851,0.997583270072937,0.0009999275207519531,0.9758095145225525
BC2026_Train_0017_S22_20211026_233000_25,S22,BC2026_Train_0017_S22_20211026_233000,74113,Mammalia,0.9749166965484619,0.9759166240692139,0.0009999275207519531,0.854160726070404
BC2026_Train_0002_S08_20250607_030007_30,S08,BC2026_Train_0002_S08_20250607_030007,47158son22,Insecta,0.9604167342185974,0.9614166617393494,0.0009999275207519531,0.9980820417404175
BC2026_Train_0017_S22_20211026_233000_15,S22,BC2026_Train_0017_S22_20211026_233000,47144,Mammalia,0.9784166812896729,0.9794166088104248,0.0009999275207519531,0.9792678356170654
BC2026_Train_0011_S03_20211114_200000_35,S03,BC2026_Train_0011_S03_20211114_200000,1491113,Amphibia,0.9321666955947876,0.9331666231155396,0.0009999275207519531,0.9981978535652161
BC2026_Train_0001_S08_20250606_030007_20,S08,BC2026_Train_0001_S08_20250606_030007,47158son25,Insecta,0.9634999632835388,0.9644999504089355,0.0009999871253967285,0.9902594685554504
BC2026_Train_0004_S08_20250607_070007_60,S08,BC2026_Train_0004_S08_20250607_070007,47158son18,Insecta,0.9544999599456787,0.9554999470710754,0.0009999871253967285,0.9114564061164856
BC2026_Train_0005_S08_20250607_070007_45,S08,BC2026_Train_0005_S08_20250607_070007,47158son25,Insecta,0.8330000042915344,0.8339999914169312,0.0009999871253967285,0.8991435170173645
BC2026_Train_0018_S22_20211028_234500_10,S22,BC2026_Train_0018_S22_20211028_234500,litnig1,Aves,0.9080000519752502,0.909000039100647,0.0009999871253967285,0.9439178109169006
BC2026_Train_0003_S08_20250607_070007_20,S08,BC2026_Train_0003_S08_20250607_070007,47158son19,Insecta,0.9954999685287476,0.9965000152587891,0.001000046730041504,0.9695632457733154
BC2026_Train_0004_S08_20250607_070007_10,S08,BC2026_Train_0004_S08_20250607_070007,47158son18,Insecta,0.9948332905769348,0.9958333373069763,0.001000046730041504,0.9310311079025269
BC2026_Train_0014_S13_20220228_214500_5,S13,BC2026_Train_0014_S13_20220228_214500,23158,Amphibia,0.9789167046546936,0.9800832867622375,0.0011665821075439453,0.9693031311035156
BC2026_Train_0003_S08_20250607_070007_30,S08,BC2026_Train_0003_S08_20250607_070007,47158son08,Insecta,0.9821667075157166,0.9833332896232605,0.0011665821075439453,0.9933085441589355
BC2026_Train_0014_S13_20220228_214500_55,S13,BC2026_Train_0014_S13_20220228_214500,23158,Amphibia,0.9775833487510681,0.9787499308586121,0.0011665821075439453,0.963190495967865
BC2026_Train_0020_S22_20211104_231500_15,S22,BC2026_Train_0020_S22_20211104_231500,65380,Amphibia,0.8876667022705078,0.8888332843780518,0.0011665821075439453,0.9772756695747375
BC2026_Train_0004_S08_20250607_070007_10,S08,BC2026_Train_0004_S08_20250607_070007,47158son03,Insecta,0.9793333411216736,0.9804999828338623,0.0011666417121887207,0.9178687334060669
BC2026_Train_0003_S08_20250607_070007_45,S08,BC2026_Train_0003_S08_20250607_070007,chacha1,Aves,0.9911667108535767,0.9923333525657654,0.0011666417121887207,0.9262638688087463
BC2026_Train_0002_S08_20250607_030007_50,S08,BC2026_Train_0002_S08_20250607_030007,47158son01,Insecta,0.971666693687439,0.9728333353996277,0.0011666417121887207,0.985519289970398
BC2026_Train_0014_S13_20220228_214500_35,S13,BC2026_Train_0014_S13_20220228_214500,22961,Amphibia,0.9762499928474426,0.9774166345596313,0.0011666417121887207,0.9929021000862122
BC2026_Train_0014_S13_20220228_214500_45,S13,BC2026_Train_0014_S13_20220228_214500,22961,Amphibia,0.9755833148956299,0.9767499566078186,0.0011666417121887207,0.9923964142799377
BC2026_Train_0002_S08_20250607_030007_25,S08,BC2026_Train_0002_S08_20250607_030007,47158son25,Insecta,0.906333327293396,0.9074999690055847,0.0011666417121887207,0.9867204427719116
BC2026_Train_0001_S08_20250606_030007_45,S08,BC2026_Train_0001_S08_20250606_030007,47158son25,Insecta,0.9674999713897705,0.968666672706604,0.001166701316833496,0.9903064966201782
BC2026_Train_0017_S22_20211026_233000_55,S22,BC2026_Train_0017_S22_20211026_233000,nacnig1,Aves,0.9668332934379578,0.9679999947547913,0.001166701316833496,0.9957102537155151
BC2026_Train_0005_S08_20250607_070007_10,S08,BC2026_Train_0005_S08_20250607_070007,47158son15,Insecta,0.9855000376701355,0.9868332743644714,0.0013332366943359375,0.9720054268836975
BC2026_Train_0018_S22_20211028_234500_20,S22,BC2026_Train_0018_S22_20211028_234500,trsowl,Aves,0.9471666812896729,0.9484999775886536,0.0013332962989807129,0.9455892443656921
BC2026_Train_0014_S13_20220228_214500_40,S13,BC2026_Train_0014_S13_20220228_214500,23158,Amphibia,0.9780833125114441,0.9794166088104248,0.0013332962989807129,0.963892936706543
BC2026_Train_0011_S03_20211114_200000_25,S03,BC2026_Train_0011_S03_20211114_200000,22967,Amphibia,0.9872499704360962,0.9885832667350769,0.0013332962989807129,0.9974300265312195
BC2026_Train_0014_S13_20220228_214500_60,S13,BC2026_Train_0014_S13_20220228_214500,65377,Amphibia,0.9770000576972961,0.9783333539962769,0.0013332962989807129,0.9814864993095398
BC2026_Train_0017_S22_20211026_233000_55,S22,BC2026_Train_0017_S22_20211026_233000,compau,Aves,0.9708333611488342,0.9721666574478149,0.0013332962989807129,0.986362099647522
BC2026_Train_0005_S08_20250607_070007_50,S08,BC2026_Train_0005_S08_20250607_070007,chacha1,Aves,0.8833333253860474,0.8846666812896729,0.0013333559036254883,0.7262368202209473
BC2026_Train_0017_S22_20211026_233000_45,S22,BC2026_Train_0017_S22_20211026_233000,555146,Amphibia,0.9822499752044678,0.9835833311080933,0.0013333559036254883,0.68918377161026
BC2026_Train_0017_S22_20211026_233000_5,S22,BC2026_Train_0017_S22_20211026_233000,555146,Amphibia,0.981583297252655,0.9829166531562805,0.0013333559036254883,0.6845371723175049
BC2026_Train_0003_S08_20250607_070007_15,S08,BC2026_Train_0003_S08_20250607_070007,47158son08,Insecta,0.9636666774749756,0.9651665687561035,0.0014998912811279297,0.9926664233207703
BC2026_Train_0011_S03_20211114_200000_55,S03,BC2026_Train_0011_S03_20211114_200000,1491113,Amphibia,0.9539999961853027,0.9554999470710754,0.001499950885772705,0.9983154535293579
BC2026_Train_0018_S22_20211028_234500_25,S22,BC2026_Train_0018_S22_20211028_234500,litnig1,Aves,0.9290000200271606,0.9304999709129333,0.001499950885772705,0.9665936231613159
BC2026_Train_0018_S22_20211028_234500_30,S22,BC2026_Train_0018_S22_20211028_234500,22973,Amphibia,0.9171667098999023,0.918666660785675,0.001499950885772705,0.9966388940811157
BC2026_Train_0011_S03_20211114_200000_55,S03,BC2026_Train_0011_S03_20211114_200000,22967,Amphibia,0.9735000133514404,0.9750000238418579,0.0015000104904174805,0.9968801736831665
BC2026_Train_0004_S08_20250607_070007_15,S08,BC2026_Train_0004_S08_20250607_070007,47158son03,Insecta,0.9950000047683716,0.9965000152587891,0.0015000104904174805,0.9520151019096375
BC2026_Train_0015_S18_20211016_011500_55,S18,BC2026_Train_0015_S18_20211016_011500,517063,Amphibia,0.8804999589920044,0.8819999694824219,0.0015000104904174805,0.9627453088760376
BC2026_Train_0017_S22_20211026_233000_25,S22,BC2026_Train_0017_S22_20211026_233000,compau,Aves,0.9915000200271606,0.9930000305175781,0.0015000104904174805,0.9916514754295349
BC2026_Train_0020_S22_20211104_231500_35,S22,BC2026_Train_0020_S22_20211104_231500,22973,Amphibia,0.7664999961853027,0.7680000066757202,0.0015000104904174805,0.9701175093650818
BC2026_Train_0005_S08_20250607_070007_30,S08,BC2026_Train_0005_S08_20250607_070007,47158son25,Insecta,0.840833306312561,0.8423333168029785,0.0015000104904174805,0.9238840937614441
BC2026_Train_0007_S09_20250829_000000_15,S09,BC2026_Train_0007_S09_20250829_000000,thlwre1,Aves,0.9862499237060547,0.9877499341964722,0.0015000104904174805,0.751611590385437
BC2026_Train_0005_S08_20250607_070007_20,S08,BC2026_Train_0005_S08_20250607_070007,47158son16,Insecta,0.9965833425521851,0.998249888420105,0.0016665458679199219,0.963172435760498
BC2026_Train_0001_S08_20250606_030007_45,S08,BC2026_Train_0001_S08_20250606_030007,47158son13,Insecta,0.9113333821296692,0.9129999876022339,0.0016666054725646973,0.984416663646698
BC2026_Train_0005_S08_20250607_070007_20,S08,BC2026_Train_0005_S08_20250607_070007,116570,Reptilia,0.9805833697319031,0.9822499752044678,0.0016666054725646973,0.7994020581245422
BC2026_Train_0020_S22_20211104_231500_20,S22,BC2026_Train_0020_S22_20211104_231500,65380,Amphibia,0.8770833611488342,0.8787499666213989,0.0016666054725646973,0.9749592542648315
BC2026_Train_0014_S13_20220228_214500_15,S13,BC2026_Train_0014_S13_20220228_214500,65377,Amphibia,0.9753333330154419,0.9769999980926514,0.0016666650772094727,0.9797057509422302
BC2026_Train_0018_S22_20211028_234500_45,S22,BC2026_Train_0018_S22_20211028_234500,litnig1,Aves,0.9354166388511658,0.9370833039283752,0.0016666650772094727,0.9735543727874756
BC2026_Train_0018_S22_20211028_234500_30,S22,BC2026_Train_0018_S22_20211028_234500,litnig1,Aves,0.9246666431427002,0.9263333082199097,0.0016666650772094727,0.9664938449859619
BC2026_Train_0020_S22_20211104_231500_55,S22,BC2026_Train_0020_S22_20211104_231500,22973,Amphibia,0.8058333396911621,0.8075000047683716,0.0016666650772094727,0.9899625182151794
BC2026_Train_0001_S08_20250606_030007_50,S08,BC2026_Train_0001_S08_20250606_030007,47158son25,Insecta,0.9586666226387024,0.9603332877159119,0.0016666650772094727,0.9896831512451172
BC2026_Train_0011_S03_20211114_200000_50,S03,BC2026_Train_0011_S03_20211114_200000,22967,Amphibia,0.9882499575614929,0.9899166226387024,0.0016666650772094727,0.9979216456413269
BC2026_Train_0011_S03_20211114_200000_5,S03,BC2026_Train_0011_S03_20211114_200000,22967,Amphibia,0.9889166355133057,0.9905833005905151,0.0016666650772094727,0.9979484677314758
BC2026_Train_0001_S08_20250606_030007_55,S08,BC2026_Train_0001_S08_20250606_030007,47158son10,Insecta,0.9889166355133057,0.9905833005905151,0.0016666650772094727,0.8898448348045349
BC2026_Train_0019_S22_20211104_200000_15,S22,BC2026_Train_0019_S22_20211104_200000,517063,Amphibia,0.5709999799728394,0.5726666450500488,0.0016666650772094727,0.567070722579956
BC2026_Train_0002_S08_20250607_030007_25,S08,BC2026_Train_0002_S08_20250607_030007,47158son13,Insecta,0.9854167103767395,0.9872499704360962,0.0018332600593566895,0.9962989687919617
BC2026_Train_0017_S22_20211026_233000_45,S22,BC2026_Train_0017_S22_20211026_233000,compau,Aves,0.983500063419342,0.9853333234786987,0.0018332600593566895,0.988024890422821
BC2026_Train_0004_S08_20250607_070007_40,S08,BC2026_Train_0004_S08_20250607_070007,47158son18,Insecta,0.9626666903495789,0.9644999504089355,0.0018332600593566895,0.9143704175949097
BC2026_Train_0018_S22_20211028_234500_20,S22,BC2026_Train_0018_S22_20211028_234500,litnig1,Aves,0.9411666989326477,0.9429999589920044,0.0018332600593566895,0.9741623997688293
BC2026_Train_0003_S08_20250607_070007_30,S08,BC2026_Train_0003_S08_20250607_070007,47158son20,Insecta,0.9821667075157166,0.9839999675750732,0.0018332600593566895,0.9959914088249207
BC2026_Train_0014_S13_20220228_214500_35,S13,BC2026_Train_0014_S13_20220228_214500,65377,Amphibia,0.9758333563804626,0.9776666760444641,0.0018333196640014648,0.980215847492218
BC2026_Train_0020_S22_20211104_231500_15,S22,BC2026_Train_0020_S22_20211104_231500,undtin1,Aves,0.9528332948684692,0.9546666145324707,0.0018333196640014648,0.9164776802062988
BC2026_Train_0014_S13_20220228_214500_60,S13,BC2026_Train_0014_S13_20220228_214500,65380,Amphibia,0.9133333563804626,0.9151666760444641,0.0018333196640014648,0.9850460886955261
BC2026_Train_0018_S22_20211028_234500_5,S22,BC2026_Train_0018_S22_20211028_234500,22967,Amphibia,0.9258333444595337,0.9276666641235352,0.0018333196640014648,0.9951156377792358
BC2026_Train_0002_S08_20250607_030007_50,S08,BC2026_Train_0002_S08_20250607_030007,47158son13,Insecta,0.9933332800865173,0.9951666593551636,0.0018333792686462402,0.997222900390625
BC2026_Train_0018_S22_20211028_234500_25,S22,BC2026_Train_0018_S22_20211028_234500,22967,Amphibia,0.8785000443458557,0.8804999589920044,0.0019999146461486816,0.9883473515510559
BC2026_Train_0017_S22_20211026_233000_45,S22,BC2026_Train_0017_S22_20211026_233000,nacnig1,Aves,0.98333340883255,0.9853333234786987,0.0019999146461486816,0.997565746307373
BC2026_Train_0012_S03_20220211_233000_10,S03,BC2026_Train_0012_S03_20220211_233000,1491113,Amphibia,0.8910000324249268,0.8929999470710754,0.0019999146461486816,0.9923214316368103
BC2026_Train_0005_S08_20250607_070007_40,S08,BC2026_Train_0005_S08_20250607_070007,47158son16,Insecta,0.9645000100135803,0.966499924659729,0.0019999146461486816,0.9554848074913025
BC2026_Train_0001_S08_20250606_030007_45,S08,BC2026_Train_0001_S08_20250606_030007,47158son23,Insecta,0.9116666913032532,0.9136666655540466,0.001999974250793457,0.9939845204353333
BC2026_Train_0017_S22_20211026_233000_20,S22,BC2026_Train_0017_S22_20211026_233000,litnig1,Aves,0.9750000238418579,0.9769999980926514,0.001999974250793457,0.9981673955917358
BC2026_Train_0005_S08_20250607_070007_30,S08,BC2026_Train_0005_S08_20250607_070007,47158son16,Insecta,0.9903333187103271,0.9923333525657654,0.0020000338554382324,0.9577733278274536
BC2026_Train_0003_S08_20250607_070007_60,S08,BC2026_Train_0003_S08_20250607_070007,chacha1,Aves,0.987333357334137,0.9894999265670776,0.002166569232940674,0.9342399835586548
BC2026_Train_0017_S22_20211026_233000_10,S22,BC2026_Train_0017_S22_20211026_233000,555146,Amphibia,0.9820833802223206,0.9842499494552612,0.002166569232940674,0.8622234463691711
BC2026_Train_0002_S08_20250607_030007_20,S08,BC2026_Train_0002_S08_20250607_030007,47158son25,Insecta,0.9165000319480896,0.918666660785675,0.0021666288375854492,0.9871777296066284
BC2026_Train_0017_S22_20211026_233000_25,S22,BC2026_Train_0017_S22_20211026_233000,47144,Mammalia,0.9779166579246521,0.9800832867622375,0.0021666288375854492,0.9797695875167847
BC2026_Train_0003_S08_20250607_070007_15,S08,BC2026_Train_0003_S08_20250607_070007,47158son11,Insecta,0.9671666622161865,0.969333291053772,0.0021666288375854492,0.991575300693512
BC2026_Train_0001_S08_20250606_030007_20,S08,BC2026_Train_0001_S08_20250606_030007,47158son17,Insecta,0.903333306312561,0.9054999351501465,0.0021666288375854492,0.9482500553131104
BC2026_Train_0016_S18_20220204_221500_55,S18,BC2026_Train_0016_S18_20220204_221500,22967,Amphibia,0.9116666913032532,0.9138333201408386,0.0021666288375854492,0.992743730545044
BC2026_Train_0018_S22_20211028_234500_10,S22,BC2026_Train_0018_S22_20211028_234500,22973,Amphibia,0.8969999551773071,0.8991665840148926,0.0021666288375854492,0.9955867528915405
BC2026_Train_0003_S08_20250607_070007_40,S08,BC2026_Train_0003_S08_20250607_070007,47158son11,Insecta,0.972000002861023,0.9741666913032532,0.0021666884422302246,0.9921397566795349
BC2026_Train_0004_S08_20250607_070007_30,S08,BC2026_Train_0004_S08_20250607_070007,47158son18,Insecta,0.972000002861023,0.9741666913032532,0.0021666884422302246,0.9289836287498474
BC2026_Train_0017_S22_20211026_233000_10,S22,BC2026_Train_0017_S22_20211026_233000,47144,Mammalia,0.9785832762718201,0.9807499647140503,0.0021666884422302246,0.9860680103302002
BC2026_Train_0011_S03_20211114_200000_55,S03,BC2026_Train_0011_S03_20211114_200000,517063,Amphibia,0.9420000314712524,0.9443332552909851,0.002333223819732666,0.9813482761383057
BC2026_Train_0013_S13_20220217_233000_30,S13,BC2026_Train_0013_S13_20220217_233000,1491113,Amphibia,0.9775000810623169,0.9798333048820496,0.002333223819732666,0.9984891414642334
BC2026_Train_0017_S22_20211026_233000_60,S22,BC2026_Train_0017_S22_20211026_233000,74113,Mammalia,0.9749166965484619,0.9772499799728394,0.0023332834243774414,0.8760454058647156
BC2026_Train_0017_S22_20211026_233000_20,S22,BC2026_Train_0017_S22_20211026_233000,compau,Aves,0.9788333177566528,0.981166660785675,0.002333343029022217,0.9874817132949829
BC2026_Train_0003_S08_20250607_070007_20,S08,BC2026_Train_0003_S08_20250607_070007,47158son11,Insecta,0.9906666874885559,0.9930000305175781,0.002333343029022217,0.9924805164337158
BC2026_Train_0004_S08_20250607_070007_60,S08,BC2026_Train_0004_S08_20250607_070007,47158son03,Insecta,0.9544999599456787,0.9568333029747009,0.002333343029022217,0.8850836753845215
BC2026_Train_0014_S13_20220228_214500_55,S13,BC2026_Train_0014_S13_20220228_214500,22961,Amphibia,0.9762499928474426,0.9787499308586121,0.0024999380111694336,0.9934292435646057
BC2026_Train_0005_S08_20250607_070007_10,S08,BC2026_Train_0005_S08_20250607_070007,47158son16,Insecta,0.9856666922569275,0.9881666302680969,0.0024999380111694336,0.9561294913291931
BC2026_Train_0014_S13_20220228_214500_40,S13,BC2026_Train_0014_S13_20220228_214500,22961,Amphibia,0.9775833487510681,0.9800832867622375,0.0024999380111694336,0.9943529367446899
BC2026_Train_0002_S08_20250607_030007_30,S08,BC2026_Train_0002_S08_20250607_030007,47158son13,Insecta,0.9595834016799927,0.9620833396911621,0.0024999380111694336,0.996080219745636
BC2026_Train_0003_S08_20250607_070007_30,S08,BC2026_Train_0003_S08_20250607_070007,47158son11,Insecta,0.9745000004768372,0.9769999980926514,0.002499997615814209,0.9917083382606506
BC2026_Train_0017_S22_20211026_233000_50,S22,BC2026_Train_0017_S22_20211026_233000,nacnig1,Aves,0.9751666784286499,0.9776666760444641,0.002499997615814209,0.9965949654579163
BC2026_Train_0003_S08_20250607_070007_45,S08,BC2026_Train_0003_S08_20250607_070007,47158son17,Insecta,0.9690000414848328,0.971500039100647,0.002499997615814209,0.9853677153587341
BC2026_Train_0007_S09_20250829_000000_55,S09,BC2026_Train_0007_S09_20250829_000000,plcjay1,Aves,0.98333340883255,0.9859999418258667,0.0026665329933166504,0.5216758251190186
BC2026_Train_0001_S08_20250606_030007_5,S08,BC2026_Train_0001_S08_20250606_030007,47158son17,Insecta,0.877416729927063,0.8800833225250244,0.0026665925979614258,0.9460338354110718
BC2026_Train_0014_S13_20220228_214500_5,S13,BC2026_Train_0014_S13_20220228_214500,65380,Amphibia,0.9305000305175781,0.9331666231155396,0.0026665925979614258,0.9871186017990112
BC2026_Train_0002_S08_20250607_030007_25,S08,BC2026_Train_0002_S08_20250607_030007,47158son22,Insecta,0.9852499961853027,0.9879165887832642,0.0026665925979614258,0.9986264705657959
BC2026_Train_0002_S08_20250607_030007_25,S08,BC2026_Train_0002_S08_20250607_030007,47158son23,Insecta,0.9852499961853027,0.9879165887832642,0.0026665925979614258,0.9970355033874512
BC2026_Train_0011_S03_20211114_200000_10,S03,BC2026_Train_0011_S03_20211114_200000,22973,Amphibia,0.9076666831970215,0.9103333353996277,0.002666652202606201,0.9963249564170837
BC2026_Train_0002_S08_20250607_030007_40,S08,BC2026_Train_0002_S08_20250607_030007,47158son21,Insecta,0.9729999899864197,0.9756666421890259,0.002666652202606201,0.9983590245246887
BC2026_Train_0001_S08_20250606_030007_45,S08,BC2026_Train_0001_S08_20250606_030007,47158son22,Insecta,0.9116666913032532,0.9143333435058594,0.002666652202606201,0.994138240814209
BC2026_Train_0013_S13_20220217_233000_15,S13,BC2026_Train_0013_S13_20220217_233000,517063,Amphibia,0.8026666641235352,0.8053333163261414,0.002666652202606201,0.9292269945144653
BC2026_Train_0004_S08_20250607_070007_20,S08,BC2026_Train_0004_S08_20250607_070007,47158son03,Insecta,0.971500039100647,0.9741666913032532,0.002666652202606201,0.9376688003540039
BC2026_Train_0005_S08_20250607_070007_30,S08,BC2026_Train_0005_S08_20250607_070007,47158son15,Insecta,0.9903333187103271,0.9930000305175781,0.0026667118072509766,0.9763725399971008
BC2026_Train_0011_S03_20211114_200000_45,S03,BC2026_Train_0011_S03_20211114_200000,517063,Amphibia,0.971750020980835,0.9745832681655884,0.002833247184753418,0.9873372912406921
BC2026_Train_0018_S22_20211028_234500_55,S22,BC2026_Train_0018_S22_20211028_234500,trsowl,Aves,0.9575000405311584,0.9603332877159119,0.002833247184753418,0.9501453638076782
BC2026_Train_0003_S08_20250607_070007_40,S08,BC2026_Train_0003_S08_20250607_070007,47158son08,Insecta,0.9796667098999023,0.9824999570846558,0.002833247184753418,0.9946105480194092
BC2026_Train_0005_S08_20250607_070007_5,S08,BC2026_Train_0005_S08_20250607_070007,47158son25,Insecta,0.7921667098999023,0.7950000166893005,0.0028333067893981934,0.8208028078079224
BC2026_Train_0014_S13_20220228_214500_45,S13,BC2026_Train_0014_S13_20220228_214500,23158,Amphibia,0.9779166579246521,0.9807499647140503,0.0028333067893981934,0.9744865298271179
BC2026_Train_0011_S03_20211114_200000_45,S03,BC2026_Train_0011_S03_20211114_200000,22973,Amphibia,0.8456667065620422,0.8485000133514404,0.0028333067893981934,0.9933903217315674
BC2026_Train_0013_S13_20220217_233000_10,S13,BC2026_Train_0013_S13_20220217_233000,517063,Amphibia,0.8434999585151672,0.8463332653045654,0.0028333067893981934,0.9609795808792114
BC2026_Train_0012_S03_20220211_233000_15,S03,BC2026_Train_0012_S03_20220211_233000,1491113,Amphibia,0.8949999809265137,0.8978332877159119,0.0028333067893981934,0.9926316738128662
BC2026_Train_0003_S08_20250607_070007_25,S08,BC2026_Train_0003_S08_20250607_070007,47158son17,Insecta,0.9754999876022339,0.9783333539962769,0.0028333663940429688,0.990393340587616
BC2026_Train_0011_S03_20211114_200000_30,S03,BC2026_Train_0011_S03_20211114_200000,517063,Amphibia,0.9722500443458557,0.9752499461174011,0.00299990177154541,0.9902114272117615
BC2026_Train_0003_S08_20250607_070007_20,S08,BC2026_Train_0003_S08_20250607_070007,chacha1,Aves,0.96875,0.9717499613761902,0.0029999613761901855,0.9236775636672974
BC2026_Train_0002_S08_20250607_030007_20,S08,BC2026_Train_0002_S08_20250607_030007,47158son01,Insecta,0.9863333702087402,0.9894999265670776,0.0031665563583374023,0.988072395324707
BC2026_Train_0011_S03_20211114_200000_40,S03,BC2026_Train_0011_S03_20211114_200000,517063,Amphibia,0.9734167456626892,0.9765833020210266,0.0031665563583374023,0.9951509237289429
BC2026_Train_0003_S08_20250607_070007_45,S08,BC2026_Train_0003_S08_20250607_070007,47158son11,Insecta,0.9821667075157166,0.9853333234786987,0.0031666159629821777,0.9923378825187683
BC2026_Train_0019_S22_20211104_200000_10,S22,BC2026_Train_0019_S22_20211104_200000,517063,Amphibia,0.6335000395774841,0.6366666555404663,0.0031666159629821777,0.656118631362915
BC2026_Train_0001_S08_20250606_030007_60,S08,BC2026_Train_0001_S08_20250606_030007,47158son13,Insecta,0.9223333597183228,0.9254999756813049,0.0031666159629821777,0.9878040552139282
BC2026_Train_0011_S03_20211114_200000_35,S03,BC2026_Train_0011_S03_20211114_200000,517063,Amphibia,0.9727500081062317,0.9759166240692139,0.0031666159629821777,0.9945407509803772
BC2026_Train_0001_S08_20250606_030007_60,S08,BC2026_Train_0001_S08_20250606_030007,47158son21,Insecta,0.9223333597183228,0.9254999756813049,0.0031666159629821777,0.9936100840568542
BC2026_Train_0003_S08_20250607_070007_40,S08,BC2026_Train_0003_S08_20250607_070007,47158son20,Insecta,0.9604999423027039,0.9636666178703308,0.003166675567626953,0.9960139989852905
BC2026_Train_0005_S08_20250607_070007_5,S08,BC2026_Train_0005_S08_20250607_070007,47158son15,Insecta,0.969249963760376,0.9724166393280029,0.003166675567626953,0.975730299949646
BC2026_Train_0017_S22_20211026_233000_5,S22,BC2026_Train_0017_S22_20211026_233000,nacnig1,Aves,0.9703333377838135,0.9735000133514404,0.003166675567626953,0.9965357780456543
BC2026_Train_0004_S08_20250607_070007_55,S08,BC2026_Train_0004_S08_20250607_070007,47158son03,Insecta,0.9583333730697632,0.9616665840148926,0.0033332109451293945,0.8930085301399231
BC2026_Train_0003_S08_20250607_070007_25,S08,BC2026_Train_0003_S08_20250607_070007,47158son20,Insecta,0.9756667017936707,0.9789999723434448,0.00333327054977417,0.9970961809158325
BC2026_Train_0001_S08_20250606_030007_60,S08,BC2026_Train_0001_S08_20250606_030007,47158son22,Insecta,0.9221667051315308,0.9254999756813049,0.00333327054977417,0.9954791069030762
BC2026_Train_0020_S22_20211104_231500_45,S22,BC2026_Train_0020_S22_20211104_231500,22973,Amphibia,0.7804999351501465,0.7838332653045654,0.0033333301544189453,0.9859942197799683
BC2026_Train_0020_S22_20211104_231500_50,S22,BC2026_Train_0020_S22_20211104_231500,compau,Aves,0.965999960899353,0.969333291053772,0.0033333301544189453,0.9871106147766113
BC2026_Train_0001_S08_20250606_030007_60,S08,BC2026_Train_0001_S08_20250606_030007,47158son23,Insecta,0.9220000505447388,0.9254999756813049,0.003499925136566162,0.994857907295227
BC2026_Train_0004_S08_20250607_070007_25,S08,BC2026_Train_0004_S08_20250607_070007,47158son03,Insecta,0.9678333401679993,0.9713333249092102,0.0034999847412109375,0.94526606798172
BC2026_Train_0001_S08_20250606_030007_45,S08,BC2026_Train_0001_S08_20250606_030007,47158son21,Insecta,0.9108333587646484,0.9143333435058594,0.0034999847412109375,0.9907512664794922
BC2026_Train_0011_S03_20211114_200000_20,S03,BC2026_Train_0011_S03_20211114_200000,1491113,Amphibia,0.940666675567627,0.9443332552909851,0.0036665797233581543,0.9982728958129883
BC2026_Train_0002_S08_20250607_030007_40,S08,BC2026_Train_0002_S08_20250607_030007,47158son13,Insecta,0.9726666808128357,0.9763333201408386,0.0036666393280029297,0.9969434142112732
BC2026_Train_0003_S08_20250607_070007_40,S08,BC2026_Train_0003_S08_20250607_070007,chacha1,Aves,0.9585000276565552,0.9623332619667053,0.0038332343101501465,0.923315167427063
BC2026_Train_0017_S22_20211026_233000_10,S22,BC2026_Train_0017_S22_20211026_233000,litnig1,Aves,0.9543333053588867,0.9581665992736816,0.003833293914794922,0.9976266026496887
BC2026_Train_0005_S08_20250607_070007_35,S08,BC2026_Train_0005_S08_20250607_070007,47158son25,Insecta,0.8286666870117188,0.8324999809265137,0.003833293914794922,0.9320493340492249
BC2026_Train_0016_S18_20220204_221500_40,S18,BC2026_Train_0016_S18_20220204_221500,22967,Amphibia,0.9433333277702332,0.9471666812896729,0.0038333535194396973,0.9957530498504639
BC2026_Train_0001_S08_20250606_030007_60,S08,BC2026_Train_0001_S08_20250606_030007,47158son10,Insecta,0.9785000085830688,0.9824999570846558,0.003999948501586914,0.9289729595184326
BC2026_Train_0002_S08_20250607_030007_25,S08,BC2026_Train_0002_S08_20250607_030007,47158son21,Insecta,0.9852499961853027,0.9892499446868896,0.003999948501586914,0.9984959363937378
BC2026_Train_0017_S22_20211026_233000_40,S22,BC2026_Train_0017_S22_20211026_233000,22967,Amphibia,0.8256666660308838,0.8296666145324707,0.003999948501586914,0.985030472278595
BC2026_Train_0002_S08_20250607_030007_15,S08,BC2026_Train_0002_S08_20250607_030007,47158son01,Insecta,0.9588333368301392,0.9629999399185181,0.004166603088378906,0.9863531589508057
BC2026_Train_0003_S08_20250607_070007_60,S08,BC2026_Train_0003_S08_20250607_070007,47158son20,Insecta,0.9636666774749756,0.9678332805633545,0.004166603088378906,0.9960395097732544
BC2026_Train_0003_S08_20250607_070007_50,S08,BC2026_Train_0003_S08_20250607_070007,47158son17,Insecta,0.9275000691413879,0.9318333268165588,0.0043332576751708984,0.9655296206474304
BC2026_Train_0011_S03_20211114_200000_40,S03,BC2026_Train_0011_S03_20211114_200000,1491113,Amphibia,0.9781666994094849,0.9824999570846558,0.0043332576751708984,0.9989486336708069
BC2026_Train_0017_S22_20211026_233000_60,S22,BC2026_Train_0017_S22_20211026_233000,nacnig1,Aves,0.9544999599456787,0.9588332772254944,0.004333317279815674,0.9961948394775391
BC2026_Train_0011_S03_20211114_200000_5,S03,BC2026_Train_0011_S03_20211114_200000,1491113,Amphibia,0.9273333549499512,0.9316666722297668,0.004333317279815674,0.998380184173584
BC2026_Train_0003_S08_20250607_070007_55,S08,BC2026_Train_0003_S08_20250607_070007,47158son08,Insecta,0.9551666378974915,0.9594999551773071,0.004333317279815674,0.9938389658927917
BC2026_Train_0002_S08_20250607_030007_5,S08,BC2026_Train_0002_S08_20250607_030007,47158son13,Insecta,0.9183333516120911,0.9226666688919067,0.004333317279815674,0.9942477941513062
BC2026_Train_0018_S22_20211028_234500_60,S22,BC2026_Train_0018_S22_20211028_234500,22967,Amphibia,0.8723334074020386,0.8768333196640015,0.004499912261962891,0.9913030862808228
BC2026_Train_0011_S03_20211114_200000_40,S03,BC2026_Train_0011_S03_20211114_200000,22967,Amphibia,0.9690001010894775,0.9735000133514404,0.004499912261962891,0.9976894855499268
BC2026_Train_0019_S22_20211104_200000_35,S22,BC2026_Train_0019_S22_20211104_200000,bunibi1,Aves,0.9878333806991577,0.9923333525657654,0.004499971866607666,0.9639483094215393
BC2026_Train_0014_S13_20220228_214500_5,S13,BC2026_Train_0014_S13_20220228_214500,22961,Amphibia,0.9762499928474426,0.9807499647140503,0.004499971866607666,0.9954379200935364
BC2026_Train_0014_S13_20220228_214500_5,S13,BC2026_Train_0014_S13_20220228_214500,65377,Amphibia,0.9743333458900452,0.9789999723434448,0.004666626453399658,0.982914388179779
BC2026_Train_0010_S09_20250828_000000_5,S09,BC2026_Train_0010_S09_20250828_000000,516975,Mammalia,0.9568333029747009,0.9614999294281006,0.004666626453399658,0.9804992079734802
BC2026_Train_0018_S22_20211028_234500_5,S22,BC2026_Train_0018_S22_20211028_234500,22973,Amphibia,0.8686667084693909,0.8733333349227905,0.004666626453399658,0.9953274726867676
BC2026_Train_0017_S22_20211026_233000_25,S22,BC2026_Train_0017_S22_20211026_233000,22973,Amphibia,0.9431666731834412,0.9478332996368408,0.004666626453399658,0.9976415634155273
BC2026_Train_0001_S08_20250606_030007_60,S08,BC2026_Train_0001_S08_20250606_030007,116570,Reptilia,0.9568333029747009,0.9614999294281006,0.004666626453399658,0.8958778977394104
BC2026_Train_0017_S22_20211026_233000_5,S22,BC2026_Train_0017_S22_20211026_233000,compau,Aves,0.9583333134651184,0.9629999399185181,0.004666626453399658,0.9871944785118103
BC2026_Train_0004_S08_20250607_070007_55,S08,BC2026_Train_0004_S08_20250607_070007,47158son18,Insecta,0.9576666355133057,0.9623332619667053,0.004666626453399658,0.915967583656311
BC2026_Train_0002_S08_20250607_030007_55,S08,BC2026_Train_0002_S08_20250607_030007,47158son13,Insecta,0.9529167413711548,0.9577499628067017,0.004833221435546875,0.9972113966941833
BC2026_Train_0018_S22_20211028_234500_50,S22,BC2026_Train_0018_S22_20211028_234500,trsowl,Aves,0.893500030040741,0.8983333110809326,0.00483328104019165,0.9358465075492859
BC2026_Train_0018_S22_20211028_234500_40,S22,BC2026_Train_0018_S22_20211028_234500,trsowl,Aves,0.9503333568572998,0.9553332924842834,0.004999935626983643,0.9612007141113281
BC2026_Train_0016_S18_20220204_221500_15,S18,BC2026_Train_0016_S18_20220204_221500,517063,Amphibia,0.7816666960716248,0.7866666316986084,0.004999935626983643,0.8993809819221497
BC2026_Train_0002_S08_20250607_030007_40,S08,BC2026_Train_0002_S08_20250607_030007,47158son22,Insecta,0.9726666808128357,0.9776666760444641,0.004999995231628418,0.9987900853157043
BC2026_Train_0003_S08_20250607_070007_30,S08,BC2026_Train_0003_S08_20250607_070007,47158son17,Insecta,0.9843333959579468,0.9894999265670776,0.005166530609130859,0.9913153648376465
BC2026_Train_0017_S22_20211026_233000_50,S22,BC2026_Train_0017_S22_20211026_233000,litnig1,Aves,0.9591666460037231,0.9643332958221436,0.00516664981842041,0.9984458088874817
BC2026_Train_0001_S08_20250606_030007_45,S08,BC2026_Train_0001_S08_20250606_030007,47158son10,Insecta,0.9548333287239075,0.9601666331291199,0.005333304405212402,0.8846040368080139
BC2026_Train_0007_S09_20250829_000000_20,S09,BC2026_Train_0007_S09_20250829_000000,516975,Mammalia,0.9543333053588867,0.9596666097640991,0.005333304405212402,0.9646881818771362
BC2026_Train_0004_S08_20250607_070007_25,S08,BC2026_Train_0004_S08_20250607_070007,47158son18,Insecta,0.9666666388511658,0.972000002861023,0.005333364009857178,0.9338779449462891
BC2026_Train_0005_S08_20250607_070007_55,S08,BC2026_Train_0005_S08_20250607_070007,chacha1,Aves,0.889750063419342,0.8952499628067017,0.005499899387359619,0.7883895039558411
BC2026_Train_0011_S03_20211114_200000_55,S03,BC2026_Train_0011_S03_20211114_200000,22973,Amphibia,0.9186667203903198,0.9241666197776794,0.005499899387359619,0.9971075654029846
BC2026_Train_0013_S13_20220217_233000_60,S13,BC2026_Train_0013_S13_20220217_233000,1491113,Amphibia,0.9081667065620422,0.9136666655540466,0.0054999589920043945,0.9972381591796875
BC2026_Train_0005_S08_20250607_070007_10,S08,BC2026_Train_0005_S08_20250607_070007,47158son25,Insecta,0.7991666793823242,0.8046666383743286,0.0054999589920043945,0.8811426758766174
BC2026_Train_0002_S08_20250607_030007_5,S08,BC2026_Train_0002_S08_20250607_030007,47158son23,Insecta,0.9171667098999023,0.9226666688919067,0.0054999589920043945,0.995489776134491
BC2026_Train_0002_S08_20250607_030007_5,S08,BC2026_Train_0002_S08_20250607_030007,47158son22,Insecta,0.9171667098999023,0.9226666688919067,0.0054999589920043945,0.9971532821655273
BC2026_Train_0002_S08_20250607_030007_15,S08,BC2026_Train_0002_S08_20250607_030007,47158son13,Insecta,0.9421666860580444,0.9476666450500488,0.0054999589920043945,0.996569037437439
BC2026_Train_0011_S03_20211114_200000_25,S03,BC2026_Train_0011_S03_20211114_200000,517063,Amphibia,0.9206666946411133,0.9261666536331177,0.0054999589920043945,0.9813210368156433
BC2026_Train_0002_S08_20250607_030007_35,S08,BC2026_Train_0002_S08_20250607_030007,47158son23,Insecta,0.9398333430290222,0.9454999566078186,0.005666613578796387,0.9971650242805481
BC2026_Train_0002_S08_20250607_030007_55,S08,BC2026_Train_0002_S08_20250607_030007,47158son23,Insecta,0.952750027179718,0.9584166407585144,0.005666613578796387,0.9976213574409485
BC2026_Train_0016_S18_20220204_221500_20,S18,BC2026_Train_0016_S18_20220204_221500,517063,Amphibia,0.7678333520889282,0.7734999656677246,0.005666613578796387,0.8832768201828003
BC2026_Train_0002_S08_20250607_030007_35,S08,BC2026_Train_0002_S08_20250607_030007,47158son22,Insecta,0.9398333430290222,0.9454999566078186,0.005666613578796387,0.9987479448318481
BC2026_Train_0016_S18_20220204_221500_60,S18,BC2026_Train_0016_S18_20220204_221500,22967,Amphibia,0.8996666669845581,0.9053332805633545,0.005666613578796387,0.9942634701728821
BC2026_Train_0002_S08_20250607_030007_40,S08,BC2026_Train_0002_S08_20250607_030007,47158son23,Insecta,0.9726666808128357,0.9783333539962769,0.005666673183441162,0.9977492690086365
BC2026_Train_0011_S03_20211114_200000_25,S03,BC2026_Train_0011_S03_20211114_200000,22973,Amphibia,0.8823332786560059,0.8880000114440918,0.0056667327880859375,0.9955064058303833
BC2026_Train_0017_S22_20211026_233000_30,S22,BC2026_Train_0017_S22_20211026_233000,22973,Amphibia,0.9582500457763672,0.9640833139419556,0.005833268165588379,0.9987460374832153
BC2026_Train_0011_S03_20211114_200000_15,S03,BC2026_Train_0011_S03_20211114_200000,1491113,Amphibia,0.9466666579246521,0.9524999856948853,0.005833327770233154,0.9985559582710266
BC2026_Train_0001_S08_20250606_030007_40,S08,BC2026_Train_0001_S08_20250606_030007,47158son17,Insecta,0.8728333711624146,0.8788332939147949,0.005999922752380371,0.9516178965568542
BC2026_Train_0011_S03_20211114_200000_60,S03,BC2026_Train_0011_S03_20211114_200000,517063,Amphibia,0.9285000562667847,0.934499979019165,0.005999922752380371,0.9819558262825012
BC2026_Train_0018_S22_20211028_234500_30,S22,BC2026_Train_0018_S22_20211028_234500,22967,Amphibia,0.8669166564941406,0.872916579246521,0.005999922752380371,0.9919455647468567
BC2026_Train_0001_S08_20250606_030007_35,S08,BC2026_Train_0001_S08_20250606_030007,47158son17,Insecta,0.8999999761581421,0.9059999585151672,0.0059999823570251465,0.9590681195259094
BC2026_Train_0002_S08_20250607_030007_20,S08,BC2026_Train_0002_S08_20250607_030007,47158son21,Insecta,0.9600833654403687,0.9660833477973938,0.0059999823570251465,0.9988682270050049
BC2026_Train_0017_S22_20211026_233000_50,S22,BC2026_Train_0017_S22_20211026_233000,22967,Amphibia,0.8583333492279053,0.8643333315849304,0.0059999823570251465,0.989636242389679
BC2026_Train_0002_S08_20250607_030007_15,S08,BC2026_Train_0002_S08_20250607_030007,47158son22,Insecta,0.9421667456626892,0.9483332633972168,0.006166517734527588,0.998666524887085
BC2026_Train_0002_S08_20250607_030007_15,S08,BC2026_Train_0002_S08_20250607_030007,47158son23,Insecta,0.9421667456626892,0.9483332633972168,0.006166517734527588,0.9971428513526917
BC2026_Train_0002_S08_20250607_030007_60,S08,BC2026_Train_0002_S08_20250607_030007,47158son13,Insecta,0.9073333144187927,0.9134999513626099,0.006166636943817139,0.9958329796791077
BC2026_Train_0002_S08_20250607_030007_55,S08,BC2026_Train_0002_S08_20250607_030007,47158son22,Insecta,0.952750027179718,0.9590833187103271,0.006333291530609131,0.9989175796508789
BC2026_Train_0002_S08_20250607_030007_40,S08,BC2026_Train_0002_S08_20250607_030007,47158son25,Insecta,0.9490000009536743,0.9553332924842834,0.006333291530609131,0.990450918674469
BC2026_Train_0011_S03_20211114_200000_35,S03,BC2026_Train_0011_S03_20211114_200000,22973,Amphibia,0.8543334007263184,0.8608332872390747,0.006499886512756348,0.9951542615890503
BC2026_Train_0002_S08_20250607_030007_35,S08,BC2026_Train_0002_S08_20250607_030007,47158son21,Insecta,0.9396666884422302,0.9461666345596313,0.006499946117401123,0.9985873699188232
BC2026_Train_0011_S03_20211114_200000_30,S03,BC2026_Train_0011_S03_20211114_200000,1491113,Amphibia,0.937666654586792,0.9441666603088379,0.0065000057220458984,0.9984691739082336
BC2026_Train_0017_S22_20211026_233000_10,S22,BC2026_Train_0017_S22_20211026_233000,nacnig1,Aves,0.9583333730697632,0.9649999141693115,0.00666654109954834,0.9985405206680298
BC2026_Train_0002_S08_20250607_030007_15,S08,BC2026_Train_0002_S08_20250607_030007,47158son21,Insecta,0.9416667222976685,0.9483332633972168,0.00666654109954834,0.9984299540519714
BC2026_Train_0011_S03_20211114_200000_20,S03,BC2026_Train_0011_S03_20211114_200000,22967,Amphibia,0.9616666436195374,0.9684998989105225,0.006833255290985107,0.9986826777458191
BC2026_Train_0001_S08_20250606_030007_15,S08,BC2026_Train_0001_S08_20250606_030007,47158son17,Insecta,0.828833281993866,0.8356666564941406,0.006833374500274658,0.9411243200302124
BC2026_Train_0017_S22_20211026_233000_50,S22,BC2026_Train_0017_S22_20211026_233000,strher2,Aves,0.9601666927337646,0.9671666026115417,0.0069999098777771,0.9041606187820435
BC2026_Train_0002_S08_20250607_030007_35,S08,BC2026_Train_0002_S08_20250607_030007,47158son13,Insecta,0.9398333430290222,0.9468333125114441,0.006999969482421875,0.9972975850105286
BC2026_Train_0017_S22_20211026_233000_50,S22,BC2026_Train_0017_S22_20211026_233000,22973,Amphibia,0.9671667218208313,0.9741666913032532,0.006999969482421875,0.998856782913208
BC2026_Train_0005_S08_20250607_070007_30,S08,BC2026_Train_0005_S08_20250607_070007,116570,Reptilia,0.950333297252655,0.9573333263397217,0.00700002908706665,0.816381573677063
BC2026_Train_0002_S08_20250607_030007_60,S08,BC2026_Train_0002_S08_20250607_030007,47158son21,Insecta,0.907166600227356,0.9141666293144226,0.00700002908706665,0.9980807304382324
BC2026_Train_0002_S08_20250607_030007_55,S08,BC2026_Train_0002_S08_20250607_030007,47158son21,Insecta,0.952583372592926,0.9597499370574951,0.007166564464569092,0.9988699555397034
BC2026_Train_0008_S09_20250831_000000_15,S09,BC2026_Train_0008_S09_20250831_000000,516975,Mammalia,0.9790000319480896,0.9861665964126587,0.007166564464569092,0.9698088765144348
BC2026_Train_0001_S08_20250606_030007_60,S08,BC2026_Train_0001_S08_20250606_030007,47158son25,Insecta,0.9543333053588867,0.9614999294281006,0.007166624069213867,0.9962329268455505
BC2026_Train_0019_S22_20211104_200000_30,S22,BC2026_Train_0019_S22_20211104_200000,bunibi1,Aves,0.9753333330154419,0.9824999570846558,0.007166624069213867,0.9661352038383484
BC2026_Train_0001_S08_20250606_030007_10,S08,BC2026_Train_0001_S08_20250606_030007,47158son17,Insecta,0.8651667237281799,0.8725000023841858,0.007333278656005859,0.9547802805900574
BC2026_Train_0002_S08_20250607_030007_20,S08,BC2026_Train_0002_S08_20250607_030007,47158son13,Insecta,0.9594166874885559,0.9667500257492065,0.007333338260650635,0.997595489025116
BC2026_Train_0003_S08_20250607_070007_55,S08,BC2026_Train_0003_S08_20250607_070007,47158son17,Insecta,0.9110000133514404,0.9183333516120911,0.007333338260650635,0.9850940704345703
BC2026_Train_0006_S09_20250828_000000_15,S09,BC2026_Train_0006_S09_20250828_000000,516975,Mammalia,0.9491667151451111,0.9566666483879089,0.0074999332427978516,0.9745727777481079
BC2026_Train_0005_S08_20250607_070007_40,S08,BC2026_Train_0005_S08_20250607_070007,47158son17,Insecta,0.8259999752044678,0.8334999680519104,0.007499992847442627,0.9473556876182556
BC2026_Train_0017_S22_20211026_233000_15,S22,BC2026_Train_0017_S22_20211026_233000,22967,Amphibia,0.8223333358764648,0.8301666378974915,0.007833302021026611,0.987984299659729
BC2026_Train_0002_S08_20250607_030007_20,S08,BC2026_Train_0002_S08_20250607_030007,47158son22,Insecta,0.9589166641235352,0.9667500257492065,0.007833361625671387,0.9991067051887512
BC2026_Train_0002_S08_20250607_030007_20,S08,BC2026_Train_0002_S08_20250607_030007,47158son23,Insecta,0.9589166641235352,0.9667500257492065,0.007833361625671387,0.9979706406593323
BC2026_Train_0002_S08_20250607_030007_60,S08,BC2026_Train_0002_S08_20250607_030007,47158son23,Insecta,0.9063332676887512,0.9141666293144226,0.007833361625671387,0.9966885447502136
BC2026_Train_0002_S08_20250607_030007_45,S08,BC2026_Train_0002_S08_20250607_030007,47158son25,Insecta,0.9388333559036255,0.9468333125114441,0.007999956607818604,0.9940840601921082
BC2026_Train_0017_S22_20211026_233000_45,S22,BC2026_Train_0017_S22_20211026_233000,22973,Amphibia,0.9348333477973938,0.9428333044052124,0.007999956607818604,0.9983900785446167
BC2026_Train_0009_S09_20250828_000000_5,S09,BC2026_Train_0009_S09_20250828_000000,516975,Mammalia,0.9190000295639038,0.9273332953453064,0.008333265781402588,0.9714952707290649
BC2026_Train_0020_S22_20211104_231500_50,S22,BC2026_Train_0020_S22_20211104_231500,undtin1,Aves,0.9238333702087402,0.9321666359901428,0.008333265781402588,0.9441279768943787
BC2026_Train_0001_S08_20250606_030007_55,S08,BC2026_Train_0001_S08_20250606_030007,116570,Reptilia,0.9238333702087402,0.9321666359901428,0.008333265781402588,0.8110854029655457
BC2026_Train_0003_S08_20250607_070007_60,S08,BC2026_Train_0003_S08_20250607_070007,47158son25,Insecta,0.8986666798591614,0.9073333144187927,0.008666634559631348,0.9881640672683716
BC2026_Train_0018_S22_20211028_234500_20,S22,BC2026_Train_0018_S22_20211028_234500,517063,Amphibia,0.824999988079071,0.8336666226387024,0.008666634559631348,0.9631548523902893
BC2026_Train_0007_S09_20250829_000000_15,S09,BC2026_Train_0007_S09_20250829_000000,516975,Mammalia,0.9591666460037231,0.9679999947547913,0.008833348751068115,0.9681965708732605
BC2026_Train_0019_S22_20211104_200000_35,S22,BC2026_Train_0019_S22_20211104_200000,22973,Amphibia,0.7898334264755249,0.7988333106040955,0.008999884128570557,0.9931574463844299
BC2026_Train_0003_S08_20250607_070007_40,S08,BC2026_Train_0003_S08_20250607_070007,47158son17,Insecta,0.9230000376701355,0.9321666359901428,0.009166598320007324,0.987845242023468
BC2026_Train_0011_S03_20211114_200000_60,S03,BC2026_Train_0011_S03_20211114_200000,1491113,Amphibia,0.9195000529289246,0.9286666512489319,0.009166598320007324,0.9986599683761597
BC2026_Train_0002_S08_20250607_030007_60,S08,BC2026_Train_0002_S08_20250607_030007,47158son22,Insecta,0.9063332676887512,0.9154999852180481,0.009166717529296875,0.9984579086303711
BC2026_Train_0018_S22_20211028_234500_10,S22,BC2026_Train_0018_S22_20211028_234500,22967,Amphibia,0.8680833578109741,0.8775832653045654,0.009499907493591309,0.9953278303146362
BC2026_Train_0018_S22_20211028_234500_60,S22,BC2026_Train_0018_S22_20211028_234500,517063,Amphibia,0.8178333640098572,0.8273333311080933,0.009499967098236084,0.968001127243042
BC2026_Train_0019_S22_20211104_200000_50,S22,BC2026_Train_0019_S22_20211104_200000,22973,Amphibia,0.7769999504089355,0.7869999408721924,0.009999990463256836,0.9921585321426392
BC2026_Train_0011_S03_20211114_200000_50,S03,BC2026_Train_0011_S03_20211114_200000,517063,Amphibia,0.9375,0.9474999904632568,0.009999990463256836,0.995263934135437
BC2026_Train_0001_S08_20250606_030007_50,S08,BC2026_Train_0001_S08_20250606_030007,47158son17,Insecta,0.8364999890327454,0.8466666340827942,0.010166645050048828,0.9485312104225159
BC2026_Train_0019_S22_20211104_200000_50,S22,BC2026_Train_0019_S22_20211104_200000,65380,Amphibia,0.9020832777023315,0.9124166369438171,0.010333359241485596,0.9891664385795593
BC2026_Train_0005_S08_20250607_070007_50,S08,BC2026_Train_0005_S08_20250607_070007,47158son17,Insecta,0.8891667127609253,0.8996666073799133,0.010499894618988037,0.9604796171188354
BC2026_Train_0018_S22_20211028_234500_35,S22,BC2026_Train_0018_S22_20211028_234500,trsowl,Aves,0.9076666235923767,0.9181666374206543,0.010500013828277588,0.9642485976219177
BC2026_Train_0014_S13_20220228_214500_45,S13,BC2026_Train_0014_S13_20220228_214500,517063,Amphibia,0.6701667308807373,0.6809999942779541,0.010833263397216797,0.7739558815956116
BC2026_Train_0018_S22_20211028_234500_10,S22,BC2026_Train_0018_S22_20211028_234500,trsowl,Aves,0.9190000295639038,0.9299999475479126,0.010999917984008789,0.9673873782157898
BC2026_Train_0003_S08_20250607_070007_15,S08,BC2026_Train_0003_S08_20250607_070007,47158son25,Insecta,0.8703333735466003,0.8814999461174011,0.011166572570800781,0.9875742793083191
BC2026_Train_0017_S22_20211026_233000_60,S22,BC2026_Train_0017_S22_20211026_233000,22967,Amphibia,0.8043333292007446,0.8154999613761902,0.011166632175445557,0.9879748821258545
BC2026_Train_0020_S22_20211104_231500_60,S22,BC2026_Train_0020_S22_20211104_231500,65380,Amphibia,0.9180000424385071,0.9293333292007446,0.011333286762237549,0.9979541301727295
BC2026_Train_0011_S03_20211114_200000_20,S03,BC2026_Train_0011_S03_20211114_200000,22973,Amphibia,0.862333357334137,0.8738332986831665,0.011499941349029541,0.9966884255409241
BC2026_Train_0011_S03_20211114_200000_40,S03,BC2026_Train_0011_S03_20211114_200000,22973,Amphibia,0.8025000095367432,0.8140000104904175,0.011500000953674316,0.9948806762695312
BC2026_Train_0014_S13_20220228_214500_60,S13,BC2026_Train_0014_S13_20220228_214500,517063,Amphibia,0.6855833530426025,0.6972500085830688,0.011666655540466309,0.8259986042976379
BC2026_Train_0020_S22_20211104_231500_40,S22,BC2026_Train_0020_S22_20211104_231500,65380,Amphibia,0.8770833611488342,0.8887500166893005,0.011666655540466309,0.9870942234992981
BC2026_Train_0009_S09_20250828_000000_30,S09,BC2026_Train_0009_S09_20250828_000000,516975,Mammalia,0.9126666784286499,0.9244999885559082,0.0118333101272583,0.9716030359268188
BC2026_Train_0003_S08_20250607_070007_30,S08,BC2026_Train_0003_S08_20250607_070007,47158son25,Insecta,0.8785000443458557,0.890500009059906,0.011999964714050293,0.9883811473846436
BC2026_Train_0017_S22_20211026_233000_55,S22,BC2026_Train_0017_S22_20211026_233000,strher2,Aves,0.9308332800865173,0.9433333277702332,0.01250004768371582,0.9152793884277344
BC2026_Train_0020_S22_20211104_231500_5,S22,BC2026_Train_0020_S22_20211104_231500,undtin1,Aves,0.9033333659172058,0.9160000085830688,0.012666642665863037,0.9622728824615479
BC2026_Train_0016_S18_20220204_221500_50,S18,BC2026_Train_0016_S18_20220204_221500,22967,Amphibia,0.8395000100135803,0.8521666526794434,0.012666642665863037,0.99403977394104
BC2026_Train_0016_S18_20220204_221500_10,S18,BC2026_Train_0016_S18_20220204_221500,517063,Amphibia,0.7883333563804626,0.8009999990463257,0.012666642665863037,0.9373394846916199
BC2026_Train_0020_S22_20211104_231500_30,S22,BC2026_Train_0020_S22_20211104_231500,22973,Amphibia,0.7345000505447388,0.7473333477973938,0.01283329725265503,0.9884491562843323
BC2026_Train_0020_S22_20211104_231500_55,S22,BC2026_Train_0020_S22_20211104_231500,65380,Amphibia,0.908666729927063,0.92166668176651,0.012999951839447021,0.9978975057601929
BC2026_Train_0017_S22_20211026_233000_5,S22,BC2026_Train_0017_S22_20211026_233000,22973,Amphibia,0.9058333039283752,0.918833315372467,0.013000011444091797,0.9991022348403931
BC2026_Train_0020_S22_20211104_231500_10,S22,BC2026_Train_0020_S22_20211104_231500,undtin1,Aves,0.8846666812896729,0.8978333473205566,0.013166666030883789,0.9500632286071777
BC2026_Train_0020_S22_20211104_231500_30,S22,BC2026_Train_0020_S22_20211104_231500,undtin1,Aves,0.8877500295639038,0.9010832905769348,0.013333261013031006,0.9209911227226257
BC2026_Train_0003_S08_20250607_070007_40,S08,BC2026_Train_0003_S08_20250607_070007,47158son25,Insecta,0.8931666612625122,0.9064999222755432,0.013333261013031006,0.9888368844985962
BC2026_Train_0003_S08_20250607_070007_55,S08,BC2026_Train_0003_S08_20250607_070007,47158son25,Insecta,0.8743333220481873,0.8876665830612183,0.013333261013031006,0.9884912967681885
BC2026_Train_0001_S08_20250606_030007_55,S08,BC2026_Train_0001_S08_20250606_030007,47158son17,Insecta,0.8550833463668823,0.8684166669845581,0.013333320617675781,0.967653751373291
BC2026_Train_0006_S09_20250828_000000_10,S09,BC2026_Train_0006_S09_20250828_000000,516975,Mammalia,0.9020000100135803,0.9153333306312561,0.013333320617675781,0.9798032641410828
BC2026_Train_0017_S22_20211026_233000_35,S22,BC2026_Train_0017_S22_20211026_233000,22973,Amphibia,0.8811666965484619,0.8951666355133057,0.01399993896484375,0.9986600875854492
BC2026_Train_0017_S22_20211026_233000_55,S22,BC2026_Train_0017_S22_20211026_233000,22973,Amphibia,0.8408333659172058,0.8548333048820496,0.01399993896484375,0.9971718192100525
BC2026_Train_0020_S22_20211104_231500_50,S22,BC2026_Train_0020_S22_20211104_231500,65380,Amphibia,0.8956666588783264,0.9098332524299622,0.014166593551635742,0.9954785704612732
BC2026_Train_0011_S03_20211114_200000_25,S03,BC2026_Train_0011_S03_20211114_200000,1491113,Amphibia,0.9046666622161865,0.918833315372467,0.014166653156280518,0.9988344311714172
BC2026_Train_0020_S22_20211104_231500_25,S22,BC2026_Train_0020_S22_20211104_231500,65380,Amphibia,0.8711667656898499,0.8854999542236328,0.014333188533782959,0.9880958795547485
BC2026_Train_0003_S08_20250607_070007_45,S08,BC2026_Train_0003_S08_20250607_070007,47158son25,Insecta,0.8633333444595337,0.8778333067893982,0.014499962329864502,0.9885127544403076
BC2026_Train_0017_S22_20211026_233000_35,S22,BC2026_Train_0017_S22_20211026_233000,22967,Amphibia,0.8174999952316284,0.8320000171661377,0.014500021934509277,0.9917872548103333
BC2026_Train_0020_S22_20211104_231500_10,S22,BC2026_Train_0020_S22_20211104_231500,65380,Amphibia,0.8920000791549683,0.906999945640564,0.014999866485595703,0.9964673519134521
BC2026_Train_0020_S22_20211104_231500_5,S22,BC2026_Train_0020_S22_20211104_231500,65380,Amphibia,0.9027499556541443,0.9177500009536743,0.01500004529953003,0.9983223080635071
BC2026_Train_0018_S22_20211028_234500_10,S22,BC2026_Train_0018_S22_20211028_234500,chacha1,Aves,0.8660000562667847,0.8811666965484619,0.015166640281677246,0.9147824645042419
BC2026_Train_0020_S22_20211104_231500_45,S22,BC2026_Train_0020_S22_20211104_231500,65380,Amphibia,0.8833333253860474,0.8986666202545166,0.015333294868469238,0.99124675989151
BC2026_Train_0001_S08_20250606_030007_60,S08,BC2026_Train_0001_S08_20250606_030007,47158son17,Insecta,0.8530833125114441,0.8690832853317261,0.015999972820281982,0.975496768951416
BC2026_Train_0005_S08_20250607_070007_10,S08,BC2026_Train_0005_S08_20250607_070007,47158son17,Insecta,0.8081666827201843,0.8248332738876343,0.01666659116744995,0.9572087526321411
BC2026_Train_0019_S22_20211104_200000_20,S22,BC2026_Train_0019_S22_20211104_200000,22973,Amphibia,0.8193333745002747,0.8359999656677246,0.01666659116744995,0.9966887831687927
BC2026_Train_0011_S03_20211114_200000_20,S03,BC2026_Train_0011_S03_20211114_200000,517063,Amphibia,0.8771666884422302,0.893833339214325,0.016666650772094727,0.9850542545318604
BC2026_Train_0003_S08_20250607_070007_50,S08,BC2026_Train_0003_S08_20250607_070007,47158son25,Insecta,0.8545000553131104,0.872166633605957,0.01766657829284668,0.9895687699317932
BC2026_Train_0001_S08_20250606_030007_45,S08,BC2026_Train_0001_S08_20250606_030007,47158son17,Insecta,0.8166666626930237,0.8345000147819519,0.017833352088928223,0.9669471383094788
BC2026_Train_0017_S22_20211026_233000_10,S22,BC2026_Train_0017_S22_20211026_233000,22973,Amphibia,0.8766666650772095,0.8949999809265137,0.0183333158493042,0.9992409944534302
BC2026_Train_0019_S22_20211104_200000_45,S22,BC2026_Train_0019_S22_20211104_200000,22973,Amphibia,0.8510000705718994,0.8700000047683716,0.018999934196472168,0.9984838366508484
BC2026_Train_0003_S08_20250607_070007_25,S08,BC2026_Train_0003_S08_20250607_070007,47158son25,Insecta,0.8676666617393494,0.8866666555404663,0.018999993801116943,0.993412435054779
BC2026_Train_0019_S22_20211104_200000_40,S22,BC2026_Train_0019_S22_20211104_200000,22973,Amphibia,0.8106666803359985,0.8309999704360962,0.020333290100097656,0.9973805546760559
BC2026_Train_0017_S22_20211026_233000_60,S22,BC2026_Train_0017_S22_20211026_233000,22973,Amphibia,0.8159999847412109,0.8364999890327454,0.020500004291534424,0.9977173805236816
BC2026_Train_0017_S22_20211026_233000_40,S22,BC2026_Train_0017_S22_20211026_233000,22973,Amphibia,0.8373333215713501,0.8579999804496765,0.020666658878326416,0.9988300204277039
BC2026_Train_0011_S03_20211114_200000_15,S03,BC2026_Train_0011_S03_20211114_200000,517063,Amphibia,0.8563333749771118,0.8770000338554382,0.020666658878326416,0.9851155877113342
BC2026_Train_0011_S03_20211114_200000_10,S03,BC2026_Train_0011_S03_20211114_200000,517063,Amphibia,0.8331666588783264,0.8546666502952576,0.021499991416931152,0.9820873141288757
BC2026_Train_0017_S22_20211026_233000_10,S22,BC2026_Train_0017_S22_20211026_233000,22967,Amphibia,0.8090000748634338,0.8323332667350769,0.023333191871643066,0.9958903193473816
BC2026_Train_0018_S22_20211028_234500_5,S22,BC2026_Train_0018_S22_20211028_234500,chacha1,Aves,0.8100000023841858,0.8341666460037231,0.024166643619537354,0.9261569976806641
BC2026_Train_0017_S22_20211026_233000_5,S22,BC2026_Train_0017_S22_20211026_233000,22967,Amphibia,0.813166618347168,0.8378333449363708,0.02466672658920288,0.9967767596244812
BC2026_Train_0018_S22_20211028_234500_25,S22,BC2026_Train_0018_S22_20211028_234500,chacha1,Aves,0.7471666932106018,0.7756665945053101,0.028499901294708252,0.8804014921188354
BC2026_Train_0015_S18_20211016_011500_20,S18,BC2026_Train_0015_S18_20211016_011500,555146,Amphibia,0.7353333234786987,0.7705000042915344,0.03516668081283569,0.6829266548156738
