row_id,1161364,116570,1176823,1491113,1595929,209233,22930,22956,22961,22967,22973,22983,22985,23150,23154,23158,23176,23724,24279,24285,24287,24321,244024,25073,25092,25214,326272,41970,43435,47144,47158son01,47158son02,47158son03,47158son04,47158son05,47158son06,47158son07,47158son08,47158son09,47158son10,47158son11,47158son12,47158son13,47158son14,47158son15,47158son16,47158son17,47158son18,47158son19,47158son20,47158son21,47158son22,47158son23,47158son24,47158son25,476521,516975,517063,555123,555145,555146,64898,65377,65380,66971,67107,67252,70711,738183,74113,74580,760266,ashgre1,astcra1,bafcur1,baffal1,banana,barant1,batbel1,baymac,bbwduc,bcwfin2,bkcdon,bkhpar,blchaw1,blheag1,blttit1,bncfly,bobfly1,brcmar1,brnowl,bucmot4,bucpar,bufpar,bunibi1,burowl,camfli1,chacha1,chbmoc1,chobla1,chvcon1,cibspi1,coffal1,compau,compot1,crbthr1,crebec1,dwatin1,epaori4,eulfly1,fabwre1,fepowl,ficman1,flawar1,fotfly,fusfly1,gilhum1,giwrai1,glteme1,grasal3,greani1,greant1,greela,grekis,grepot1,gretho2,greyel,grfdov1,grhtan1,gycwor1,horscr1,houspa,hyamac1,larela1,lesela1,lesgrf1,limpki,linwoo1,litcuc2,litnig1,mabpar,magant1,magtan2,masgna1,nacnig1,ocecra1,oliwoo1,orbtro3,orwpar,osprey,pabspi1,palhor3,paltan1,phecuc1,picpig2,pirfly1,plasla1,platyr1,plcjay1,pluibi1,purjay1,pvttyr1,ragmac1,rebscy1,recfin1,redjun,relser1,rinkin1,rivwar1,roahaw,rubthr1,rufcac2,rufcas2,rufgna3,rufhor2,rufnig1,ruftho1,ruftof1,rumfly1,ruther1,rutjac1,sabspa1,saffin,saytan1,scadov1,schpar1,scther1,shcfly1,shshaw,shtnig1,sibtan2,smbani,smbtin1,sobcac1,sobtyr1,socfly1,sofspi1,souant1,soulap1,souscr1,spbant3,spispi1,sptnig1,squcuc1,stbwoo2,strcuc1,strher2,strowl1,swthum1,swtman1,tattin1,thlwre1,toctou1,trokin,trsowl,undtin1,varant1,watjac1,wesfie1,wfwduc1,whbant2,whbwar2,whiwoo1,whlspi1,whnjay1,whtdov,whwpic1,y00678,yebcar,yebela1,yecmac,yecpar,yehcar1,yeofly1
BC2026_Train_0001_S08_20250606_030007_5,0.84595966,0.8491667,0.66883665,0.15508851,0.55947185,0.6579539,0.27861226,0.46090537,0.34159726,0.18050101,0.18352915,0.4100329,0.37066728,0.42975017,0.40249702,0.088177636,0.82072186,0.60855514,0.1185818,0.6676819,0.42502806,0.17974992,0.4445847,0.33535102,0.6600135,0.45291355,0.21111952,0.9340477,0.74503726,0.19277057,0.88783604,0.85032094,0.75089747,0.63313705,0.933729,0.79006124,0.52412456,0.7475329,0.4406829,0.92450994,0.6142953,0.4406829,0.91239744,0.85032094,0.82155377,0.82155377,0.8451058,0.78858083,0.7852162,0.7771413,0.91239744,0.91239744,0.91239744,0.28120166,0.9420058,0.40128583,0.42005804,0.23203851,0.45200118,0.8404423,0.41142425,0.78351355,0.57600385,0.45831072,0.18145101,0.31753853,0.34461352,0.7889523,0.36590803,0.20132057,0.42219552,0.7034596,0.3494315,0.56238985,0.4586815,0.18896067,0.090556495,0.41415027,0.57663983,0.42954814,0.30395025,0.19901483,0.34072316,0.6233482,0.3185565,0.6280982,0.5703065,0.29747835,0.2829315,0.38426483,0.8006815,0.60830647,0.45313984,0.24218045,0.14068879,0.23622318,0.54418147,0.34151483,0.3248898,0.58376485,0.44443148,0.3708461,0.5146523,0.72357327,0.8595795,0.4354065,0.5505148,0.8925544,0.38204816,0.5584315,0.7945461,0.6098898,0.79038984,0.28882942,0.53008986,0.5425982,0.54655653,0.33822942,0.07551482,0.3541815,0.2838815,0.47926486,0.67084813,0.41830647,0.83084595,0.549644,0.8505565,0.26153672,0.3153898,0.06771691,0.3153898,0.16734816,0.4531398,0.53309816,0.73968357,0.7705982,0.4745148,0.4673898,0.28213984,0.21722317,0.14993149,0.091348164,0.59959817,0.33834815,0.36051485,0.9645565,0.6098898,0.20439816,0.35455754,0.73813987,0.36546275,0.8254507,0.39631796,0.7104315,0.13647316,0.3233065,0.14363773,0.5742648,0.2959544,0.13463254,0.51397943,0.3351815,0.5748982,0.8245503,0.53309816,0.36288983,0.3890148,0.16497315,0.44158152,0.5861398,0.4677065,0.17605649,0.7555565,0.49668148,0.6171831,0.90395445,0.39621902,0.27659816,0.5424398,0.7009315,0.87782943,0.3090565,0.15468149,0.18300337,0.3779315,0.30113983,0.14201483,0.54309297,0.86409396,0.3652648,0.40563983,0.4023148,0.39673358,0.23305649,0.43968147,0.20867316,0.565319,0.62176484,0.59959817,0.4745148,0.42938983,0.5787774,0.67718154,0.28926483,0.36922315,0.8927998,0.11984816,0.85631984,0.41909817,0.31301484,0.42297736,0.13884816,0.48797315,0.1371065,0.67395157,0.3940419,0.31792313,0.11034816,0.5536815,0.51524603,0.5956398,0.5189669,0.40247318,0.53571063,0.16473566,0.35103464,0.5695149,0.11984816,0.3731815,0.8244711,0.61147314,0.18001483,0.4317648,0.5489315
BC2026_Train_0001_S08_20250606_030007_10,0.8683001,0.8491667,0.60684896,0.13815126,0.55417216,0.67284423,0.22907351,0.47253478,0.3084104,0.1800179,0.19758101,0.3689729,0.3707898,0.43274868,0.3903549,0.06634551,0.65075547,0.65708876,0.095864385,0.621345,0.40776125,0.17338438,0.43921673,0.45378873,0.6452138,0.43740126,0.17535801,0.9450193,0.73063594,0.18478176,0.87853676,0.81390303,0.71686846,0.64352053,0.9342206,0.736383,0.49480596,0.7390747,0.41069138,0.9348935,0.6051643,0.41069138,0.9019205,0.81390303,0.7922352,0.7922352,0.83395594,0.7740664,0.77608514,0.7747393,0.9019205,0.9019205,0.9019205,0.25188303,0.9396039,0.4018618,0.40138173,0.24431373,0.45245484,0.8373631,0.44458166,0.84946376,0.55488664,0.41942847,0.17662625,0.31698874,0.34976372,0.7304302,0.38356924,0.18264428,0.41420674,0.76538336,0.4781025,0.58735245,0.48206085,0.1783775,0.14718583,0.22310667,0.69106084,0.47172955,0.26059207,0.17726916,0.35539418,0.54064417,0.20418581,0.6783942,0.7543941,0.19363686,0.47256085,0.36251917,0.7559775,0.6285192,0.6150608,0.2401671,0.22987543,0.3023525,0.31106085,0.27781084,0.121852495,0.36251917,0.39814416,0.31238294,0.57674414,0.6887808,0.8424968,0.15684417,0.5034358,0.90176296,0.20303792,0.60635245,0.7306441,0.7076858,0.7789358,0.37546295,0.30825043,0.47810254,0.7488525,0.34646815,0.08543583,0.31581083,0.29231817,0.40764415,0.47731084,0.3451025,0.88455415,0.4786369,0.7108525,0.34872437,0.35935253,0.09277853,0.34193584,0.11076916,0.47335252,0.4854254,0.63885045,0.64672744,0.41872752,0.37439418,0.24376915,0.18676916,0.08385249,0.10681083,0.5517275,0.19231082,0.32926917,0.904415,0.6578108,0.14516707,0.3787879,0.6396025,0.19866,0.7594648,0.16879833,0.8224775,0.13056083,0.36251917,0.16389,0.5604358,0.33675042,0.12624624,0.49488583,0.18676916,0.5161421,0.8813775,0.47414416,0.50422746,0.36014417,0.16064416,0.40574422,0.6649358,0.2752775,0.097310826,0.75756085,0.4163525,0.51546526,0.87544,0.32319316,0.34114417,0.5398525,0.73127747,0.83490664,0.22635248,0.29681084,0.090739995,0.36489418,0.19943582,0.06564416,0.6303598,0.89729,0.44326916,0.3807275,0.3670119,0.46488172,0.19468582,0.42981085,0.1361025,0.43821833,0.7084775,0.45039415,0.5295608,0.76389414,0.41937667,0.58972746,0.18914416,0.30631083,0.9214358,0.12581082,0.8394509,0.23901914,0.29443583,0.45142335,0.094144166,0.36964417,0.096954584,0.7003074,0.42854416,0.40210253,0.14876916,0.55251914,0.52302957,0.48126918,0.4979338,0.2619775,0.45504126,0.18467124,0.3090223,0.7116442,0.16776915,0.19943582,0.7121984,0.6213941,0.14164415,0.5564775,0.51214415
BC2026_Train_0001_S08_20250606_030007_15,0.85989976,0.84000003,0.6414686,0.14244941,0.5588661,0.6256656,0.25736776,0.43421024,0.33549336,0.2173965,0.161679,0.38273212,0.3427609,0.42365178,0.39760992,0.096008666,0.8098244,0.63486606,0.11573364,0.66045976,0.43732047,0.17811301,0.5717331,0.35192442,0.6530744,0.44526193,0.24317555,0.92214483,0.731749,0.2307823,0.8984809,0.8148036,0.7143708,0.61006874,0.915943,0.75339997,0.51316875,0.7513813,0.40617496,0.92095625,0.61276037,0.40617496,0.9122083,0.8148036,0.77627915,0.77627915,0.82203746,0.77022296,0.78098965,0.7816626,0.9122083,0.9122083,0.9122083,0.2426562,0.9323958,0.40608862,0.40035728,0.2621494,0.46323276,0.85695636,0.5688134,0.8201161,0.5763184,0.4421388,0.1880494,0.2771119,0.39182436,0.7528363,0.5876656,0.17520732,0.41959476,0.8250664,0.2949702,0.61005354,0.44380355,0.34169835,0.12951191,0.30249107,0.7343452,0.37910464,0.2442838,0.17780356,0.40580356,0.51822025,0.22530358,0.68130356,0.6480536,0.24165149,0.25380355,0.35355356,0.6979286,0.6108452,0.49842855,0.26971608,0.103604615,0.2743869,0.34247023,0.25855356,0.2245119,0.38442856,0.44459522,0.37639317,0.49445048,0.6245252,0.86557394,0.2708244,0.5237619,0.8999224,0.26955774,0.5285119,0.84984946,0.7066369,0.7327619,0.32426187,0.39493796,0.53167856,0.67655355,0.2898838,0.15009524,0.40580356,0.31494004,0.4667619,0.50080353,0.34167856,0.88677084,0.5181608,0.7953035,0.3358598,0.42163688,0.14251503,0.29022023,0.14930357,0.30367857,0.49359939,0.68941814,0.82617855,0.49209523,0.40184522,0.22609524,0.22292857,0.117636904,0.114470236,0.5388036,0.3100119,0.34247023,0.93202436,0.5657202,0.19688272,0.36930773,0.60688686,0.17653692,0.74344945,0.12038794,0.7541369,0.15405357,0.3052619,0.13829939,0.59817857,0.36974317,0.08812753,0.53258896,0.26330355,0.57896084,0.8719765,0.5063453,0.5205952,0.46042857,0.14059523,0.49518278,0.6282619,0.44578275,0.13584523,0.81984526,0.6409285,0.51465774,0.85816187,0.38290462,0.45488688,0.49039316,0.75100976,0.81113684,0.29417855,0.12159524,0.115677536,0.41688687,0.46438688,0.0653869,0.55253893,0.8530161,0.4121369,0.34642854,0.34387544,0.40465567,0.20947024,0.2268869,0.13913065,0.38783276,0.71930355,0.4469702,0.5878869,0.64409524,0.4692557,0.70663685,0.29655355,0.3163452,0.9228885,0.13980356,0.8291552,0.33217853,0.4635952,0.45243272,0.08597024,0.4762619,0.16412754,0.6835519,0.418114,0.5272452,0.1841369,0.5332619,0.60294837,0.5340535,0.5301744,0.29338688,0.3339994,0.21295358,0.32374734,0.6615119,0.18255357,0.27992857,0.7943931,0.6338036,0.17859523,0.5015952,0.2838869
BC2026_Train_0001_S08_20250606_030007_20,0.8870184,0.87916666,0.69390494,0.13471976,0.5620614,0.680188,0.3017291,0.5424987,0.38893914,0.16546349,0.17878725,0.46464226,0.3931785,0.41902152,0.3978247,0.08108277,0.83439475,0.29218227,0.13389444,0.7930836,0.56429195,0.18840069,0.51414335,0.42114472,0.72989476,0.4410948,0.21310902,0.94864225,0.7836588,0.27200472,0.90960515,0.85270995,0.74026567,0.62586987,0.8953729,0.8001553,0.5269511,0.78804284,0.4603323,0.9273365,0.68643236,0.4603323,0.9226261,0.85270995,0.82774484,0.82774484,0.8533156,0.80553865,0.81159484,0.8095761,0.9226261,0.9226261,0.9226261,0.2820094,0.92800933,0.3990359,0.3931297,0.23803225,0.47859406,0.8526347,0.5119034,0.82093644,0.6262121,0.48294818,0.20596977,0.32994476,0.38338226,0.836395,0.3867172,0.20360468,0.40880466,0.71364343,0.27368617,0.86585283,0.48585284,0.18278307,0.092394516,0.29236948,0.6560612,0.42056012,0.22418723,0.21035284,0.4304362,0.5958945,0.3322695,0.5832278,0.7273112,0.17466846,0.38135287,0.45260283,0.6077695,0.7415612,0.5254362,0.2921716,0.18100183,0.28556117,0.27843618,0.36314452,0.26418617,0.43281117,0.3916445,0.37584287,0.44454765,0.7051445,0.8773578,0.15780598,0.5832279,0.92681116,0.2878768,0.48189452,0.7519716,0.66397786,0.8611028,0.36120495,0.4130591,0.5341445,0.59510285,0.2902518,0.08051951,0.29268616,0.351507,0.42726952,0.5325612,0.44468617,0.9036689,0.46311224,0.73997784,0.26800597,0.30139452,0.047328882,0.43597782,0.0971445,0.49139452,0.5106321,0.67751545,0.7581862,0.46289453,0.25468618,0.30535284,0.31960285,0.124852836,0.13751951,0.56106114,0.37976953,0.4304362,0.9587154,0.6473529,0.17953724,0.3850341,0.52226955,0.26077408,0.7277269,0.30879664,0.7977695,0.15414451,0.3544362,0.12212159,0.6101445,0.3745841,0.15341222,0.55357987,0.35522783,0.6136872,0.85187995,0.53097785,0.43676952,0.38372785,0.21985283,0.4681987,0.6616029,0.2890247,0.14068617,0.7193945,0.4391445,0.51710385,0.9460091,0.36688516,0.3892695,0.5513238,0.7576716,0.73601955,0.25231117,0.12326951,0.18632576,0.35206118,0.4343945,0.082102835,0.4969955,0.8425779,0.4613112,0.41460285,0.38111532,0.4762341,0.20164451,0.26735282,0.14488201,0.44044286,0.6370612,0.49139452,0.47239453,0.46368617,0.61472833,0.6346862,0.18660285,0.24518618,0.9398579,0.11297783,0.8581895,0.27051952,0.2990195,0.54823625,0.103477836,0.7328528,0.1263966,0.6700895,0.4156716,0.40340078,0.17076951,0.48981118,0.5693935,0.44785285,0.38273826,0.3488945,0.36776784,0.26893616,0.3292414,0.56106114,0.121686175,0.30297786,0.79191124,0.64497787,0.24201952,0.5206862,0.38689452
BC2026_Train_0001_S08_20250606_030007_25,0.896188,0.8516667,0.6720447,0.13947791,0.55636966,0.6144893,0.30416107,0.53678846,0.36593482,0.17819108,0.16305046,0.4053005,0.39379355,0.42367992,0.39945492,0.083318666,0.7629946,0.5484529,0.1193112,0.6331504,0.5443254,0.1768456,0.63177145,0.4023904,0.66245294,0.45511544,0.20444368,0.94679147,0.7451143,0.21572681,0.89193726,0.7969551,0.71129274,0.5975698,0.9362489,0.726097,0.49932405,0.7462845,0.3930032,0.93604696,0.60362613,0.3930032,0.90980315,0.7969551,0.806847,0.806847,0.84049284,0.7772387,0.77185524,0.7752199,0.90980315,0.90980315,0.90980315,0.23890528,0.9326824,0.39945492,0.4095268,0.2449279,0.4890542,0.8298192,0.41032293,0.8128696,0.58570087,0.43362167,0.16655292,0.29694042,0.22854044,0.8131889,0.41665184,0.29623932,0.43375182,0.7030213,0.47315416,0.5420292,0.45811248,0.24366978,0.13352916,0.3084479,0.48423746,0.4532635,0.15921873,0.13827914,0.3678625,0.5713209,0.36865413,0.7011542,0.6845292,0.15244998,0.50402915,0.3654875,0.6726542,0.7621125,0.6037792,0.21144894,0.0920854,0.24515414,0.28552914,0.34252915,0.07969581,0.44386247,0.3741958,0.34021747,0.5229302,0.72195923,0.895126,0.19882184,0.62357086,0.8685125,0.19339894,0.5594458,0.8222792,0.6489042,0.85109586,0.32578537,0.39804476,0.5293625,0.6457375,0.32491457,0.078112476,0.30927914,0.32798228,0.5238209,0.6679042,0.30927914,0.9236307,0.43000832,0.7747792,0.39804476,0.5159042,0.06247706,0.2823625,0.06307081,0.46682084,0.5389021,0.69905627,0.6971958,0.4201125,0.42090413,0.33777913,0.21111248,0.08840414,0.06465414,0.59744585,0.2823625,0.38686246,0.9102729,0.62594587,0.29770103,0.331901,0.5151125,0.27696332,0.7850827,0.32717085,0.7945708,0.20161247,0.4786958,0.17453748,0.7011542,0.31205,0.10688956,0.50585,0.30215415,0.5508365,0.8791209,0.47473747,0.48186246,0.31798747,0.10977914,0.48122916,0.5673625,0.40944472,0.12244581,0.6861125,0.49215412,0.47298396,0.9285605,0.41654998,0.38448748,0.61771256,0.7690001,0.7454875,0.22694582,0.124820806,0.17105414,0.3069041,0.3718208,0.09077914,0.564275,0.859725,0.4224875,0.43752915,0.35153437,0.51384586,0.25148746,0.24752913,0.19242917,0.36309662,0.68215424,0.5008625,0.5657792,0.6710708,0.5245967,0.64890426,0.26573747,0.4240708,0.9319092,0.13432081,0.88377583,0.17311248,0.36627916,0.4680875,0.17786247,0.31561247,0.16588852,0.6988109,0.4573208,0.34747708,0.15332082,0.5665708,0.37858957,0.4818625,0.5182396,0.22219582,0.4223133,0.16535415,0.32738853,0.6069458,0.10977914,0.21744582,0.7966292,0.6283208,0.18577915,0.5713209,0.5911125
BC2026_Train_0001_S08_20250606_030007_30,0.85279244,0.8341667,0.69012266,0.18866119,0.5525113,0.6211191,0.32930472,0.4722322,0.34141722,0.20394038,0.20394038,0.388656,0.34747347,0.4124931,0.40219745,0.09635681,0.7852613,0.28199866,0.08541697,0.64999413,0.41729945,0.17565511,0.38016742,0.31192368,0.6791779,0.4408862,0.20718619,0.9342628,0.6963274,0.211669,0.88206625,0.7713042,0.7002106,0.59052515,0.92022073,0.7089585,0.48689598,0.72174394,0.35163972,0.9168897,0.5898522,0.35163972,0.88728136,0.7713042,0.78163356,0.78163356,0.8206626,0.7547168,0.74866056,0.75269806,0.88728136,0.88728136,0.88728136,0.21571055,0.9276564,0.40219745,0.4161565,0.25349867,0.46307665,0.8112438,0.3710216,0.8359279,0.5589673,0.43474683,0.19792369,0.23711118,0.3639362,0.76407623,0.4418065,0.24800651,0.429694,0.7150424,0.5032055,0.66391385,0.51903886,0.21691906,0.1287472,0.54460967,0.60849714,0.31856906,0.2671899,0.16674718,0.40108052,0.6995388,0.3211222,0.7153722,0.63937217,0.30283472,0.41691384,0.39633054,0.62116385,0.6797472,0.5586222,0.27017844,0.11750553,0.25066385,0.46678886,0.26016384,0.23403886,0.53091383,0.41928884,0.39470762,0.4625337,0.66632056,0.8693735,0.3542337,0.54912215,0.9060055,0.34427842,0.61878884,0.8198722,0.69320554,0.7604972,0.39791387,0.4851358,0.5047889,0.71378887,0.28142014,0.12399719,0.4034555,0.3608243,0.49766392,0.5855388,0.47391385,0.8762642,0.63088155,0.8380805,0.44147533,0.3322055,0.06474094,0.3638722,0.07728886,0.2807472,0.5138198,0.7076198,0.74308056,0.4596639,0.55387217,0.22453886,0.16120553,0.10658052,0.10262219,0.68528885,0.2451222,0.3377472,0.9140805,0.71458054,0.20296595,0.41956595,0.6947888,0.31059304,0.82608086,0.23152533,0.75495553,0.22295552,0.36228886,0.20478678,0.66866386,0.3472868,0.13365553,0.52695554,0.3947472,0.53188366,0.86274093,0.61641383,0.3963305,0.34803885,0.22058052,0.54460967,0.7145806,0.46930245,0.15328887,0.8000805,0.5475388,0.64432603,0.87113255,0.48082116,0.31083053,0.62442946,0.75673676,0.9133681,0.29183054,0.13745552,0.10434407,0.40583053,0.46283054,0.09945553,0.6069931,0.8733097,0.37178886,0.4509555,0.36217013,0.41414306,0.26887217,0.48262218,0.1769399,0.5387118,0.73278886,0.5419972,0.5095388,0.6789555,0.63090134,0.6797472,0.19603887,0.3971222,0.9227255,0.14299719,0.8486096,0.29658052,0.33299717,0.44307846,0.1429972,0.5910805,0.12781698,0.6482704,0.3246451,0.48472014,0.15012217,0.57603884,0.5800961,0.74703884,0.54730135,0.39237222,0.6134055,0.16829094,0.3788941,0.6963722,0.16595551,0.3567472,0.8638374,0.6552054,0.12795553,0.6654972,0.5982055
BC2026_Train_0001_S08_20250606_030007_35,0.85371727,0.8831333,0.7013941,0.1668897,0.56208974,0.57838285,0.68255234,0.63410234,0.4214607,0.21918194,0.22160444,0.48505127,0.41601008,0.43707687,0.40982372,0.091264956,0.8011731,0.62858975,0.103824556,0.6299782,0.5398073,0.18316144,0.51805055,0.3578397,0.6380897,0.45331472,0.22813621,0.9224412,0.7129662,0.26290366,0.875422,0.7958495,0.6942392,0.6424245,0.9120959,0.75749326,0.51389754,0.72653913,0.36652875,0.94860166,0.5805162,0.36652875,0.91966623,0.7958495,0.7945038,0.7945038,0.8476641,0.76220375,0.7615308,0.75749326,0.91966623,0.91966623,0.91966623,0.227235,0.9398537,0.41769683,0.40967864,0.2552397,0.49093276,0.87244284,0.43400395,0.877173,0.56457955,0.44924158,0.20393969,0.32221472,0.46257716,0.7128337,0.34982863,0.19806616,0.44031617,0.65025896,0.3484299,0.89151317,0.5479299,0.21196638,0.11963823,0.29277578,0.67459655,0.3658664,0.19749863,0.13467988,0.43788823,0.57009655,0.27955487,0.6223466,0.68726325,0.23173825,0.33576325,0.26292992,0.6904299,0.77909654,0.59938824,0.22677052,0.08812991,0.28588822,0.4481799,0.24313822,0.2771799,0.46242988,0.40067986,0.36507076,0.4508518,0.6875166,0.90422285,0.28707573,0.5313049,0.9384195,0.29133093,0.44184655,0.77893823,0.7688049,0.82105494,0.36180907,0.64928305,0.4671799,0.7640549,0.34995386,0.06738823,0.3698049,0.3204841,0.5028049,0.5408049,0.4244299,0.8925073,0.48204345,0.7054715,0.37510908,0.30884656,0.1339476,0.3278466,0.23047157,0.3888049,0.57639027,0.7150112,0.67855495,0.48934656,0.6793466,0.28034657,0.27084658,0.12201324,0.10459657,0.67459655,0.22651324,0.58592993,0.90908825,0.58513826,0.17357054,0.32838094,0.66588825,0.37449157,0.75212055,0.23836844,0.66905487,0.22888824,0.40384653,0.15146324,0.6912216,0.28489864,0.098896556,0.5399341,0.3698049,0.51861846,0.86978203,0.47034654,0.2668882,0.3341799,0.14972156,0.48158824,0.5336799,0.32745075,0.116471566,0.7149716,0.4244299,0.53611434,0.90196323,0.39927468,0.37138823,0.5830799,0.7023049,0.8115549,0.3270549,0.14022155,0.16636635,0.34763825,0.2716382,0.046804894,0.50628823,0.8352257,0.46797156,0.48063824,0.37162575,0.50288403,0.22809657,0.36188823,0.20086323,0.4471666,0.6540132,0.46163824,0.5661382,0.5218049,0.52186036,0.71101326,0.17742988,0.2225549,0.9197599,0.1560549,0.87726325,0.17742988,0.29538822,0.41540495,0.10459657,0.5550549,0.20986846,0.6937549,0.38983405,0.30892572,0.13863823,0.4505549,0.45186117,0.45688823,0.60405904,0.3484299,0.34151867,0.18799865,0.31858408,0.63026327,0.24392991,0.25580487,0.8273882,0.7870133,0.13705489,0.6650966,0.6199716
BC2026_Train_0001_S08_20250606_030007_40,0.87362015,0.8308334,0.6201285,0.1451984,0.55092764,0.70916563,0.24390076,0.42922205,0.28144947,0.18394388,0.15305701,0.36018074,0.3256601,0.41669655,0.38520402,0.066039644,0.81613594,0.66730255,0.1044909,0.6520433,0.47149962,0.17292655,0.5023285,0.28413588,0.7076776,0.43233588,0.17747465,0.9338407,0.7471656,0.20756564,0.8833863,0.79644537,0.6983678,0.6216552,0.9455301,0.7407615,0.486399,0.728649,0.41170526,0.93052405,0.60214067,0.41170526,0.9009157,0.79644537,0.78651994,0.78651994,0.8390074,0.7670052,0.7643136,0.7575844,0.9009157,0.9009157,0.9009157,0.24280316,0.9379261,0.39307716,0.4191781,0.2271359,0.449426,0.8289847,0.42096162,0.8408359,0.58766484,0.4567153,0.1615859,0.27701086,0.2869859,0.7796097,0.36859062,0.21397813,0.42701563,0.70895356,0.30036548,0.59961545,0.43732378,0.19426231,0.12303212,0.1950342,0.7183655,0.31944466,0.23578525,0.14757378,0.3613238,0.6843237,0.27028212,0.6075321,0.56082374,0.16799879,0.29640713,0.22753212,0.6518654,0.6043654,0.46899047,0.22242586,0.13878629,0.21724045,0.3138238,0.26553214,0.21169879,0.29324046,0.35974047,0.32382253,0.4183436,0.68283546,0.8660678,0.16218002,0.47849047,0.93935925,0.24676964,0.39378217,0.63999045,0.67165715,0.7959488,0.28381965,0.41796756,0.45394877,0.6439488,0.26198944,0.047823787,0.24653213,0.26165298,0.37240714,0.43336546,0.37636545,0.86150557,0.48670402,0.7365738,0.34364986,0.21882378,0.051366497,0.24811545,0.20061545,0.33599046,0.48244882,0.68163204,0.66769874,0.4135738,0.27028212,0.18715711,0.16419879,0.13807379,0.058115453,0.47611547,0.27978215,0.32886544,0.88418,0.58299047,0.19562796,0.35297173,0.6391988,0.1973142,0.65099466,0.25280607,0.8500592,0.19190712,0.3312405,0.08602171,0.5505321,0.19301544,0.09302795,0.51534253,0.13015713,0.49978635,0.8087342,0.48324046,0.3565738,0.32569882,0.11986545,0.41436544,0.5853654,0.32771754,0.092157125,0.60832375,0.43890712,0.52448636,0.84372586,0.3285686,0.24969877,0.55173945,0.6811571,0.78169876,0.17369877,0.10640712,0.09063317,0.2892821,0.24178211,0.04307379,0.3725655,0.8578966,0.3898238,0.3454905,0.36124465,0.37331754,0.15549044,0.16578211,0.15269984,0.40793714,0.61544883,0.37319884,0.48086548,0.48324046,0.4018809,0.6811571,0.14915712,0.16340712,0.9463021,0.08740713,0.85953546,0.26711544,0.26949048,0.28314674,0.06761545,0.4792821,0.22551337,0.6767554,0.3578405,0.27645716,0.12303212,0.38665715,0.54465395,0.4349488,0.4237863,0.24653213,0.36958092,0.13178004,0.26895607,0.56319875,0.10086545,0.15628213,0.6331821,0.6233654,0.15074043,0.5426154,0.2726571
BC2026_Train_0001_S08_20250606_030007_45,0.88177013,0.8627084,0.65873176,0.13079304,0.49203056,0.47363305,0.236342,0.52414846,0.32536888,0.16427262,0.14247012,0.3641289,0.37079072,0.39495957,0.38103014,0.07882328,0.7969805,0.61489725,0.099324286,0.65744144,0.38941866,0.16897118,0.5480035,0.38800555,0.70910555,0.41294307,0.18117392,0.90010387,0.7352394,0.26914555,0.9059488,0.8241558,0.7217716,0.63294655,0.9093472,0.7601278,0.49836326,0.74666953,0.4236695,0.9297028,0.6201611,0.4236695,0.89403826,0.8241558,0.8146341,0.8146341,0.815307,0.7850258,0.77762365,0.77627784,0.89403826,0.89403826,0.89403826,0.26822573,0.92431945,0.38890332,0.38742056,0.2554806,0.42323077,0.85066736,0.37659758,0.83723676,0.5652261,0.42398083,0.22626804,0.30108052,0.26403052,0.6540214,0.34467056,0.23209557,0.39098307,0.7292952,0.4721425,0.72072583,0.4634341,0.16956748,0.048600815,0.44973832,0.43493414,0.28750598,0.14805394,0.13647582,0.43414247,0.26947582,0.40880913,0.71993417,0.6882675,0.17421852,0.34389248,0.27580914,0.6732258,0.62018424,0.3811008,0.2526925,0.15135914,0.17843415,0.32489246,0.27105913,0.115100816,0.41830915,0.47055915,0.3288429,0.4818008,0.63782257,0.8622173,0.1949206,0.58930916,0.87110287,0.30496225,0.5972258,0.8568529,0.61068416,0.8841259,0.29674876,0.28687268,0.5362675,0.71518415,0.25514668,0.11430915,0.30589247,0.5053727,0.48243415,0.68747586,0.27422583,0.8730378,0.4412477,0.56318414,0.41102585,0.4096008,0.07480498,0.36289245,0.15705913,0.29560083,0.53844464,0.69388837,0.7595175,0.6075175,0.36130914,0.26868415,0.22276747,0.12143415,0.08580915,0.53785086,0.25839248,0.52676755,0.88376963,0.7476425,0.3931144,0.34959248,0.54260087,0.3375908,0.77887374,0.18631123,0.8681738,0.21801747,0.6193925,0.2061425,0.7737675,0.21196122,0.16750914,0.48314664,0.3771425,0.4469873,0.8828592,0.5584342,0.3383508,0.2979758,0.25997582,0.64464664,0.6368092,0.44457272,0.12776747,0.66530925,0.52676755,0.5137446,0.8310446,0.503829,0.35497582,0.6744331,0.67005914,0.8212675,0.25997585,0.24097581,0.0961404,0.44601747,0.26314247,0.095309146,0.6109415,0.8436717,0.31143415,0.38426745,0.4602873,0.48124665,0.22435081,0.3098508,0.16772684,0.42843455,0.5980175,0.40801743,0.3312258,0.62255913,0.56301796,0.5457675,0.22355914,0.37080914,0.9475225,0.120642476,0.82443416,0.18160081,0.26155913,0.3702154,0.15864249,0.32014248,0.10720394,0.65036255,0.42404875,0.47396332,0.14518414,0.5885175,0.46768934,0.46501747,0.53361547,0.1911008,0.47957623,0.1742779,0.2925925,0.6360175,0.20693414,0.24651746,0.7564696,0.5798092,0.13489248,0.58930916,0.54418415
BC2026_Train_0001_S08_20250606_030007_50,0.8624773,0.88016665,0.59703225,0.1539944,0.546582,0.6139122,0.32127094,0.42483282,0.3352003,0.20620218,0.17289281,0.36548153,0.3491297,0.39923692,0.3816738,0.071593784,0.8165403,0.2573069,0.09586628,0.58810484,0.3774819,0.1685413,0.3625398,0.3021944,0.65583193,0.41548193,0.1739444,0.9138748,0.72890186,0.18870805,0.8945355,0.7781209,0.70457107,0.5800815,0.9342713,0.71130025,0.46164817,0.71802944,0.33581278,0.931344,0.5639315,0.33581278,0.9037544,0.7781209,0.76580656,0.76580656,0.818967,0.7557128,0.7516753,0.7469648,0.9037544,0.9037544,0.9037544,0.20257527,0.9172127,0.38833568,0.39747053,0.2195444,0.42766964,0.80443573,0.36710712,0.85026526,0.5423663,0.46767253,0.14686939,0.24875687,0.2003069,0.6925864,0.4060206,0.19155806,0.41884556,0.6332899,0.3664263,0.83271796,0.47963464,0.27461272,0.19542626,0.22847837,0.48359296,0.30162835,0.20882523,0.11784295,0.40205127,0.4535096,0.26509294,0.69338465,0.52792627,0.1985336,0.46300963,0.25559294,0.5983846,0.649843,0.46063465,0.23362419,0.088729404,0.3157596,0.38859296,0.26746795,0.13605127,0.50100964,0.36721796,0.32612255,0.5619482,0.6228946,0.8754575,0.277344,0.5025929,0.88734293,0.22265962,0.49309292,0.8298283,0.6886346,0.74527836,0.32822835,0.4529357,0.48200962,0.55721796,0.27892733,0.08142628,0.3569263,0.3965096,0.46617627,0.61421794,0.34584296,0.89005303,0.47413254,0.78521794,0.38354608,0.33792627,0.112716906,0.39809293,0.14950961,0.34821796,0.50354296,0.67513674,0.62213457,0.49705127,0.57700956,0.24767628,0.20255128,0.11150961,0.07746795,0.5991763,0.25084296,0.43292627,0.87839717,0.6268846,0.19035962,0.30764505,0.671218,0.27834544,0.77290756,0.18153253,0.711593,0.20730129,0.38542625,0.14705545,0.66725963,0.32917833,0.09074815,0.47116378,0.1993846,0.54522425,0.86711586,0.52000964,0.4083846,0.34505126,0.14555126,0.47425124,0.61342627,0.40721688,0.08538461,0.7266347,0.5873013,0.5077784,0.89233047,0.37588668,0.32367626,0.5881523,0.72992,0.74959296,0.3086346,0.14238462,0.10482003,0.3901763,0.38067627,0.06875962,0.413194,0.8300263,0.41630125,0.2943846,0.39650962,0.45628044,0.27696794,0.3395096,0.2119919,0.46205172,0.6728013,0.4036346,0.52317625,0.58255124,0.5811579,0.66646796,0.22867629,0.33080125,0.898458,0.11546795,0.830248,0.17009294,0.32050964,0.347268,0.1574263,0.25796795,0.19520858,0.67755127,0.3566888,0.37382838,0.1883013,0.44796792,0.45040232,0.5611763,0.38071585,0.21442628,0.3887038,0.1730617,0.2994315,0.5366346,0.107551284,0.24134293,0.7383909,0.66725963,0.20492628,0.5627596,0.7005096
BC2026_Train_0001_S08_20250606_030007_55,0.907129,0.91583335,0.74912447,0.1303063,0.5502063,0.6651901,0.25745788,0.540352,0.2610916,0.16479725,0.17327598,0.46942657,0.3501185,0.45211408,0.3945797,0.08692218,0.80828965,0.48798132,0.097656,0.60806334,0.53000504,0.17517601,0.40414354,0.2300563,0.68874794,0.4473688,0.21773718,0.94476724,0.8272838,0.2300901,0.89068496,0.79809165,0.74116284,0.67185247,0.9452922,0.80599844,0.47065035,0.7351066,0.37038577,0.94303787,0.59379417,0.37038577,0.8999712,0.79809165,0.7849025,0.7849025,0.82729626,0.7667337,0.7680796,0.7640421,0.8999712,0.8999712,0.8999712,0.23041908,0.9477483,0.39579096,0.41391504,0.2286313,0.57667375,0.8036148,0.3690116,0.8581646,0.5464122,0.4226629,0.1288813,0.2571313,0.2001313,0.7489562,0.45595255,0.24576512,0.4274526,0.6938936,0.41379678,0.6465468,0.56025505,0.14330404,0.16838007,0.21651341,0.6117134,0.33215612,0.1856384,0.16363007,0.36708844,0.5737134,0.20875508,0.66079676,0.5460051,0.18902278,0.40192175,0.27446342,0.60775506,0.7027551,0.45654678,0.21261446,0.077773824,0.38292176,0.40429676,0.2649634,0.32513005,0.38133842,0.40746337,0.3026309,0.4602478,0.6702651,0.8442966,0.20323321,0.6014218,0.9449656,0.31863838,0.5103801,0.83381546,0.7027551,0.83258843,0.3828426,0.43841755,0.46525502,0.6853384,0.28368634,0.09475507,0.35363007,0.25231653,0.40271342,0.5483801,0.4296301,0.88762563,0.5314186,0.7858801,0.39077902,0.2530884,0.056240488,0.46288007,0.20321341,0.2863384,0.5758114,0.7305822,0.70908844,0.35679674,0.33225507,0.21983841,0.17550507,0.0844634,0.09000508,0.55392176,0.30058843,0.32829678,0.90360093,0.6291301,0.25403842,0.3101874,0.66079676,0.27773297,0.70681244,0.1345759,0.8025051,0.16046341,0.4335884,0.10548215,0.64971346,0.2561759,0.073736325,0.47083628,0.20638007,0.51047903,0.83254886,0.5507551,0.21113005,0.32275504,0.15413007,0.5463614,0.61329675,0.49056864,0.0963384,0.64575505,0.5317551,0.52848953,0.92208636,0.4378832,0.32275504,0.58798325,0.82973844,0.7637134,0.30613005,0.118505076,0.11035091,0.29425508,0.35996342,0.1177134,0.5934458,0.8254239,0.39083838,0.38925505,0.40506864,0.4323218,0.15729675,0.21113007,0.17548528,0.43856007,0.66633844,0.4430884,0.5127551,0.58875513,0.39414757,0.69958836,0.27525508,0.27367175,0.9457335,0.12879673,0.85760516,0.2617967,0.25863007,0.333403,0.09396341,0.38371342,0.2419259,0.66979015,0.40204048,0.3383113,0.1272134,0.3718384,0.44403845,0.4359634,0.6486447,0.28079677,0.29253715,0.13437799,0.33627278,0.57608837,0.122463405,0.21983841,0.7258718,0.6940468,0.14779672,0.47317177,0.63704675
BC2026_Train_0001_S08_20250606_030007_60,0.90700305,0.955,0.9036034,0.15106545,0.5671655,0.8676857,0.34030482,0.4699085,0.38330418,0.30457294,0.24401043,0.88405514,0.41721916,0.5926586,0.44942155,0.1193559,0.83079046,0.7025405,0.17752,0.71080655,0.5654564,0.19508313,0.5102594,0.68908215,0.8189154,0.5560822,0.2846915,0.9801419,0.98148775,0.49318776,0.91421264,0.90109086,0.79833645,0.7828862,0.94264346,0.94684917,0.51840305,0.761326,0.4450552,0.9517614,0.6502948,0.4450552,0.9093677,0.90109086,0.81986976,0.81986976,0.8393844,0.8272719,0.8030469,0.79429895,0.9093677,0.9093677,0.9093677,0.30374265,0.9174426,0.43246403,0.41196275,0.32776543,0.64197564,0.82791597,0.46433905,0.87385714,0.59048,0.6214342,0.24796544,0.35555297,0.37906545,0.84539604,0.4675378,0.41338775,0.42265025,0.8232448,0.49552637,0.624568,0.695438,0.14303678,0.08940136,0.4986139,0.6332764,0.35827115,0.1855097,0.18677635,0.41319305,0.50977635,0.30552635,0.52481806,0.759943,0.15051803,0.432193,0.26040137,0.6261513,0.8883118,0.38627633,0.24900137,0.15894929,0.22635968,0.45040137,0.24456804,0.17015135,0.3189847,0.44723466,0.31039512,0.3650993,0.7016764,0.90831643,0.22228262,0.55727637,0.8931014,0.16288781,0.40290135,0.6974014,0.5905263,0.74806803,0.25014928,0.46510658,0.48919305,0.71006805,0.29660034,0.149568,0.27544302,0.42926386,0.453568,0.50265133,0.3664847,0.9490414,0.6907316,0.82565135,0.39237222,0.37202638,0.123660736,0.8612763,0.16460969,0.417943,0.47177634,0.57809716,0.8066514,0.49156803,0.282568,0.31265137,0.25169304,0.11552637,0.12819302,0.546193,0.21290134,0.58656806,0.927618,0.61190134,0.14337324,0.3351347,0.531943,0.23906593,0.77825034,0.31506592,0.65306795,0.17727634,0.337193,0.16215552,0.61190134,0.19944301,0.18452011,0.5318639,0.3047347,0.43565658,0.75170976,0.55490136,0.38785967,0.34748468,0.15035969,0.42376176,0.65702635,0.43627012,0.13215135,0.5644013,0.51135975,0.5460941,0.9410369,0.4895295,0.32373467,0.47761494,0.9468952,0.68235976,0.263568,0.1883597,0.13607012,0.34985968,0.13769302,0.12740135,0.51120144,0.8250972,0.37915137,0.37915137,0.43195555,0.53039926,0.16144302,0.42269298,0.15797947,0.4967931,0.67444307,0.505818,0.41240135,0.35777637,0.4025847,0.657818,0.19152634,0.15748468,0.88040304,0.1574847,0.8785981,0.24298468,0.31819302,0.43619093,0.1194847,0.5145264,0.12932116,0.6857481,0.30228055,0.2415597,0.1242347,0.30394304,0.44929305,0.543818,0.4405847,0.2999847,0.37566805,0.17656386,0.36276388,0.5145264,0.21052635,0.32452634,0.75574726,0.60952634,0.261193,0.4116097,0.37281802
BC2026_Train_0002_S08_20250607_030007_5,0.88113886,0.7658334,0.5779885,0.21665339,0.4902534,0.37105313,0.08023207,0.25222957,0.12868208,0.1656252,0.1365552,0.44845203,0.17531522,0.4307953,0.38173965,0.11102527,0.8559638,0.2259159,0.31035605,0.23586418,0.34003168,0.15349919,0.56831175,0.3392034,0.79076993,0.44465345,0.23033342,0.78746974,0.65217394,0.2898281,0.9206083,0.8450397,0.7941,0.49936244,0.87602764,0.80012256,0.5565603,0.7766041,0.30287078,0.877037,0.71334994,0.30287078,0.91791666,0.8450397,0.7584353,0.7584353,0.7564166,0.7981375,0.7866979,0.80419374,0.91791666,0.91791666,0.91791666,0.20327912,0.882925,0.38537344,0.37960312,0.110490896,0.4205907,0.6153328,0.14382006,0.6743159,0.40395185,0.39486748,0.14041589,0.14682838,0.24800341,0.30249646,0.18437812,0.42805314,0.30194062,0.35535342,0.5250045,0.24871284,0.5970462,0.2034691,0.52342117,0.12521282,0.17667115,0.17297013,0.16097638,0.31679618,0.2922545,0.38092113,0.098296165,0.6564212,0.6587962,0.25275034,0.25742117,0.32471287,0.39992118,0.4458378,0.2138795,0.093031585,0.073655546,0.14342116,0.11492116,0.41417116,0.11096283,0.26929617,0.80636287,0.36647332,0.36362326,0.26932782,0.5415187,0.06233471,0.6667129,0.4078378,0.12659824,0.5542962,0.5590462,0.3730045,0.49254614,0.31033814,0.43691182,0.5384629,0.6017962,0.23529407,0.13233784,0.35479617,0.5862202,0.34767115,0.8204942,0.1853795,0.54744035,0.24562533,0.27404618,0.21955971,0.19092116,0.08321491,0.26929617,0.0998795,0.2898795,0.4027316,0.40946078,0.47037947,0.40783787,0.20596284,0.26771283,0.24000448,0.096712835,0.25742117,0.45375448,0.10621284,0.46483785,0.46721286,0.61921287,0.07949409,0.29356074,0.0785045,0.31062114,0.35628057,0.13916597,0.2637545,0.098296165,0.18854617,0.092239924,0.63187957,0.33939826,0.30581176,0.41140032,0.32708782,0.27458054,0.71025455,0.63346285,0.6144629,0.19171283,0.21467116,0.739659,0.56933784,0.15721595,0.40071285,0.5883378,0.5234212,0.48077017,0.4561295,0.6413004,0.28829616,0.3457712,0.5915045,0.70787954,0.76012945,0.37142116,0.5395514,0.6089212,0.3199628,0.5218379,0.6753421,0.6081295,0.2764212,0.24237949,0.28408056,0.11595033,0.30967116,0.40467113,0.2165712,0.39002532,0.5764628,0.095921166,0.4244628,0.6825462,0.5912274,0.50204617,0.21783784,0.17192116,0.7252962,0.05554617,0.8373962,0.038921166,0.21308784,0.33195662,0.10542116,0.4054628,0.4254722,0.35660112,0.20006491,0.29276907,0.1473795,0.6057545,0.31507432,0.6025878,0.82098097,0.44662946,0.25813365,0.3017149,0.40057427,0.7070879,0.1307545,0.094337836,0.5379878,0.38646287,0.1592545,0.21308784,0.86609405
BC2026_Train_0002_S08_20250607_030007_10,0.91575813,0.79416674,0.6748748,0.1773466,0.4637716,0.40995342,0.08156417,0.2468998,0.16937982,0.23963231,0.16635169,0.649304,0.1718023,0.37016335,0.36410713,0.10429399,0.83850706,0.710455,0.2514733,0.25692394,0.39561206,0.1509396,0.6382789,0.35903406,0.7809133,0.3882466,0.2502496,0.8081221,0.77752423,0.32445338,0.94437194,0.87597,0.8178636,0.5709032,0.9194067,0.84370357,0.556099,0.82391983,0.37037396,0.9019446,0.8030594,0.37037396,0.9383157,0.87597,0.7781615,0.7781615,0.790274,0.814499,0.822574,0.8340136,0.9383157,0.9383157,0.9383157,0.26943648,0.90534276,0.370769,0.3764659,0.10253411,0.38352433,0.5933398,0.23877996,0.71045494,0.3232488,0.39410692,0.0989716,0.109659106,0.5909133,0.24447732,0.18551587,0.47122836,0.33727837,0.4158206,0.54289657,0.17397988,0.7677299,0.2153247,0.42968822,0.079534054,0.14706323,0.23307782,0.18819033,0.23968823,0.3188549,0.30935487,0.17081323,0.74698824,0.6165216,0.18771532,0.17872989,0.22622989,0.21910487,0.4961882,0.25631323,0.11798926,0.05974239,0.14627156,0.06631322,0.4328549,0.11777155,0.21435487,0.8033549,0.31428698,0.29809344,0.30229324,0.65185845,0.03812989,0.65293825,0.5207299,0.076644465,0.54843825,0.48668823,0.35764652,0.3014382,0.28982845,0.32778096,0.4985632,0.5761466,0.18716116,0.17635489,0.34102154,0.45179552,0.2238549,0.821484,0.32993823,0.5757381,0.3014382,0.29352155,0.4048101,0.19693822,0.06738197,0.28085488,0.12172988,0.31331322,0.4057799,0.41587362,0.4645216,0.22385488,0.19614655,0.09956322,0.18268822,0.108271554,0.21514654,0.42652154,0.18347989,0.4819382,0.46610487,0.6450216,0.0860653,0.34476218,0.11618822,0.32303488,0.4471445,0.15064552,0.21989657,0.122521564,0.06947988,0.08828197,0.7186466,0.24511115,0.19163404,0.319132,0.2761049,0.27479866,0.70597994,0.66322994,0.69172996,0.14389655,0.1763549,0.6659888,0.6101883,0.14041322,0.28243822,0.6062299,0.34656325,0.4565653,0.4700632,0.57060486,0.27847984,0.2559174,0.5381466,0.71785486,0.72260493,0.27689657,0.55910593,0.4756049,0.31885487,0.7265632,0.63049453,0.5975216,0.17239654,0.16764654,0.26270595,0.09315073,0.23177154,0.27293822,0.18862572,0.3028474,0.6062299,0.11222988,0.34735492,0.66243833,0.395037,0.52072996,0.13677156,0.088479884,0.7083549,0.058396555,0.768482,0.054438226,0.2737299,0.28022158,0.14389654,0.5713965,0.4199705,0.33674654,0.16044241,0.22824864,0.09402156,0.45897987,0.25951946,0.45106322,0.75259334,0.3046049,0.26381823,0.15561323,0.39202467,0.6347299,0.13756321,0.122521564,0.47374448,0.32202154,0.2214799,0.20406322,0.8426612
BC2026_Train_0002_S08_20250607_030007_15,0.912974,0.7741667,0.51710045,0.15472296,0.46109802,0.38602734,0.074994236,0.15372548,0.1494861,0.23003422,0.15130298,0.41717234,0.22337234,0.36256638,0.36196074,0.09851386,0.84066254,0.21457297,0.2906858,0.37910706,0.44451457,0.15865953,0.6098844,0.22454797,0.8230084,0.379873,0.23054011,0.72648364,0.6886024,0.2770148,0.92061883,0.85682636,0.8062231,0.5330188,0.89467794,0.82156557,0.5585897,0.79478353,0.37017304,0.8861656,0.7544085,0.37017304,0.9239835,0.85682636,0.77997935,0.77997935,0.7779606,0.80420434,0.80420434,0.81833553,0.9239835,0.9239835,0.9239835,0.24097304,0.9091793,0.3698339,0.35253984,0.13121048,0.3631609,0.556288,0.14029089,0.6467438,0.32953486,0.38888612,0.054972976,0.09487298,0.30791047,0.3239061,0.19365235,0.44160235,0.33045232,0.44759268,0.5325093,0.19050929,0.53013426,0.21020201,0.3401343,0.16549262,0.22375928,0.24414472,0.23587178,0.3805093,0.28075927,0.42167595,0.22059262,0.71138644,0.63384265,0.3244395,0.31559262,0.3068843,0.18496762,0.6346343,0.30846763,0.11518221,0.07098742,0.17071763,0.08600929,0.44780093,0.1833843,0.15884262,0.8537281,0.30595803,0.44235826,0.33763266,0.54581326,0.054124914,0.773176,0.43275928,0.15850616,0.7011343,0.5040093,0.3345926,0.5815926,0.37070253,0.34361762,0.552301,0.4818426,0.18126658,0.1263843,0.39317596,0.41922182,0.2039676,0.80840516,0.2950093,0.484847,0.33118844,0.30055097,0.25394157,0.19921762,0.09446033,0.1833843,0.058300957,0.39238426,0.4541343,0.4864343,0.3678426,0.15884262,0.18180095,0.17705095,0.16992596,0.10184263,0.2665093,0.41059262,0.17230096,0.48105094,0.6037593,0.704301,0.09188742,0.27533635,0.07809262,0.30192053,0.6271926,0.27290198,0.3274676,0.18259262,0.10184262,0.10829471,0.77456146,0.27545515,0.2237395,0.35755095,0.49055097,0.3047072,0.7153843,0.690051,0.59900934,0.19446762,0.22375928,0.7522464,0.64650935,0.20418534,0.3211343,0.5681343,0.52063435,0.55182594,0.48580095,0.5707468,0.34171763,0.42262596,0.55071765,0.75180095,0.76605093,0.3781343,0.6504083,0.723301,0.29105094,0.6607593,0.6400375,0.7288426,0.21663427,0.16280095,0.31963015,0.12919472,0.29342598,0.45888427,0.2718926,0.36181012,0.599801,0.085217625,0.36071762,0.747051,0.37190387,0.52221763,0.21346761,0.13667595,0.7343843,0.05275929,0.78283435,0.12084263,0.20238428,0.31559262,0.14855096,0.53725934,0.25748432,0.31644762,0.19244887,0.32228222,0.05275929,0.47234264,0.29239678,0.58634263,0.81836045,0.36230096,0.29653722,0.18393844,0.452452,0.7335926,0.10817596,0.112134285,0.63716763,0.24750929,0.30055097,0.27363428,0.87150097
BC2026_Train_0002_S08_20250607_030007_20,0.9262908,0.76666665,0.5252866,0.1322109,0.4827609,0.4234219,0.06716492,0.12772742,0.22402179,0.21735995,0.16769867,0.43841302,0.13983992,0.38063833,0.36610332,0.114163265,0.8283234,0.4856109,0.2520059,0.2277809,0.52063423,0.15510589,0.4864011,0.3324234,0.7427047,0.38871092,0.23771077,0.75608027,0.66583025,0.31939685,0.9436705,0.86961615,0.81379765,0.527808,0.9021179,0.8405124,0.57827675,0.8306205,0.35150382,0.86699176,0.7740956,0.35150382,0.92819345,0.86961615,0.7983206,0.7983206,0.76871216,0.8097601,0.8131247,0.8286018,0.92819345,0.92819345,0.92819345,0.22634132,0.89723927,0.37397644,0.36784688,0.15073588,0.3820847,0.65279907,0.11984901,0.6786984,0.29882902,0.37029272,0.057398394,0.08019839,0.24692336,0.28518993,0.19969687,0.5922052,0.35502183,0.42860943,0.5669665,0.21625814,0.6896748,0.31468213,0.53292483,0.15043107,0.16163313,0.1859373,0.18421543,0.5178832,0.32867482,0.31363314,0.19884147,0.758154,0.59704983,0.25186336,0.25188315,0.33817485,0.3357998,0.42050815,0.25109148,0.10431647,0.039835222,0.15846647,0.13392481,0.4402998,0.16796647,0.17984149,0.85473734,0.3910582,0.33554256,0.28136486,0.4273561,0.049691472,0.7830915,0.5590498,0.15126233,0.6374248,0.54321647,0.21784148,0.3342165,0.39997435,0.4835842,0.5954665,0.44979984,0.18748108,0.17746647,0.36113316,0.42897898,0.22496647,0.8410415,0.34054983,0.44216022,0.316503,0.28592482,0.2885571,0.26217481,0.06770189,0.26534146,0.19250813,0.4046748,0.42086437,0.57698107,0.61050814,0.31996647,0.2534665,0.27879983,0.22734147,0.11650814,0.25821647,0.4402998,0.15213314,0.42288315,0.47275814,0.65800816,0.10550398,0.24428314,0.046049807,0.44354567,0.41346234,0.2568113,0.2217998,0.10542481,0.102258146,0.2527144,0.7537603,0.30112484,0.1757644,0.33678943,0.34450814,0.2909123,0.6777999,0.66354984,0.69284153,0.18696646,0.2677165,0.81045353,0.61050814,0.18965815,0.5139248,0.6849248,0.5835915,0.48613733,0.46167484,0.63613844,0.4505915,0.3050436,0.46404982,0.6065498,0.74034154,0.49413314,0.6894967,0.74809986,0.43000814,0.6762165,0.6374447,0.7142165,0.16479981,0.23288313,0.26478732,0.12782899,0.3737998,0.44900814,0.25255606,0.42066652,0.5954665,0.10146648,0.41654983,0.67225814,0.6925248,0.5265914,0.2479248,0.16163313,0.66196656,0.034966473,0.73563105,0.12284148,0.22021647,0.33912483,0.14184147,0.26059148,0.5165571,0.30235985,0.18973732,0.35567066,0.084049806,0.6485082,0.29659253,0.4949248,0.85166967,0.3144248,0.31703734,0.2681519,0.4170842,0.7157998,0.1196748,0.08404982,0.74184567,0.3342165,0.2265498,0.21784146,0.87840813
BC2026_Train_0002_S08_20250607_030007_25,0.94174,0.7925,0.43148494,0.18555368,0.5478996,0.4002474,0.083856195,0.23344557,0.23465681,0.21164307,0.14926371,0.39272496,0.16924933,0.3802942,0.36212546,0.1186642,0.7972746,0.2311537,0.31353647,0.35169086,0.4231546,0.15970775,0.6725733,0.49121618,0.67773294,0.37365368,0.26583105,0.72261405,0.6956974,0.30548492,0.95501137,0.8895367,0.8325406,0.62595516,0.8912526,0.8655808,0.58086973,0.8466718,0.45234266,0.89549196,0.8143718,0.45234266,0.9469364,0.8895367,0.8204281,0.8204281,0.79485726,0.8338864,0.8332135,0.8493635,0.9469364,0.9469364,0.9469364,0.30362806,0.8883926,0.37726608,0.3525099,0.22402869,0.3964656,0.7279443,0.1499762,0.55264956,0.3390262,0.3341812,0.070841186,0.18199119,0.35940367,0.3842462,0.1672599,0.41022244,0.33754742,0.4366567,0.5666688,0.36558548,0.6569188,0.2966709,0.5793355,0.08976883,0.13521048,0.32875323,0.15603133,0.26108548,0.35529384,0.3647938,0.18983549,0.75421464,0.6751272,0.2555834,0.23100215,0.19854382,0.37191883,0.3980438,0.24366882,0.14403757,0.06738445,0.16371049,0.13046049,0.46771047,0.13996048,0.15262714,0.81814176,0.34064803,0.52950007,0.35424882,0.3844866,0.06140736,0.59041876,0.3584605,0.115834445,0.5690438,0.4795855,0.24762714,0.4962105,0.3209592,0.3313459,0.48275214,0.44237715,0.21423861,0.1724188,0.38221046,0.7416668,0.30541882,0.79743963,0.29512715,0.5089761,0.24634069,0.13046049,0.2954438,0.29354385,0.08705737,0.16529383,0.060002152,0.45108548,0.3543834,0.3974501,0.62683547,0.50650215,0.23812716,0.13758549,0.28800216,0.12729383,0.23021048,0.25237715,0.20725216,0.66641885,0.32996047,0.45187712,0.0936282,0.2530501,0.083752155,0.3769855,0.2771365,0.14781776,0.2721688,0.08929382,0.05921049,0.120722994,0.68066883,0.2088355,0.4112449,0.38715842,0.20962715,0.32404283,0.64900213,0.6038771,0.78200215,0.1945855,0.69175214,0.75832146,0.54133546,0.14013863,0.42733544,0.53341883,0.3766688,0.55774283,0.4075438,0.4650386,0.46771047,0.30276677,0.38854378,0.6046688,0.7598354,0.4582105,0.5239782,0.840348,0.4083355,0.6007105,0.614921,0.6680021,0.14708549,0.19379382,0.32042092,0.13354799,0.35529384,0.3299605,0.15607092,0.29354385,0.58962715,0.080585495,0.3861688,0.5389605,0.52906466,0.4051688,0.18904382,0.15737715,0.6046688,0.041002154,0.76387304,0.07108548,0.16529381,0.40204176,0.1842938,0.25475216,0.4726584,0.36463553,0.21362506,0.282223,0.10750215,0.5825021,0.26638967,0.44475216,0.79378414,0.2088355,0.33122715,0.19201258,0.39772716,0.6418772,0.19141881,0.09721048,0.5650063,0.2959188,0.24287716,0.22229382,0.8686501
BC2026_Train_0002_S08_20250607_030007_30,0.91388875,0.775,0.45030895,0.18388143,0.47244394,0.28929842,0.08269456,0.14144018,0.20563641,0.22743896,0.17232707,0.4054927,0.20381954,0.3703356,0.35701182,0.10688869,0.8112773,0.5492356,0.31344068,0.20140001,0.5629582,0.1571894,0.5779845,0.43183142,0.75665224,0.37198144,0.24194309,0.7142651,0.6651819,0.27362344,0.9339621,0.8666367,0.8121641,0.563185,0.9106454,0.83295727,0.5517454,0.8188934,0.41379744,0.893688,0.8007245,0.41379744,0.9245412,0.8666367,0.7913037,0.7913037,0.7744808,0.81822044,0.81351,0.8303329,0.9245412,0.9245412,0.9245412,0.27719536,0.9117558,0.36549062,0.36339843,0.13828143,0.37120962,0.577324,0.103523314,0.6086106,0.33835143,0.35288647,0.047081433,0.13186893,0.31783143,0.38066208,0.16746093,0.4125609,0.3099609,0.44102615,0.64933395,0.20045891,0.6287506,0.21316515,0.45537558,0.13799642,0.16404225,0.22478288,0.2578548,0.30575055,0.29941723,0.41816726,0.18383391,0.7053444,0.6208339,0.21197768,0.3287089,0.35879222,0.18937558,0.61925054,0.22816724,0.123429745,0.04091829,0.18541725,0.08012558,0.4498339,0.26537558,0.22104223,0.82674646,0.35477057,0.43791935,0.35204726,0.49669746,0.069774546,0.6659589,0.48387557,0.21617351,0.677834,0.65012556,0.3144589,0.5060423,0.38923976,0.41292247,0.54879224,0.5115839,0.15717453,0.11733392,0.37541723,0.54831725,0.30891722,0.777861,0.3437506,0.5045571,0.41017145,0.19412558,0.39627767,0.32633394,0.09728495,0.21629223,0.22025056,0.35325056,0.37597144,0.597361,0.44112557,0.4237089,0.2432089,0.22579224,0.27487558,0.11733392,0.33108392,0.37541723,0.37304226,0.4173756,0.46329224,0.7609589,0.107161,0.2553214,0.11337559,0.3863977,0.3695391,0.23913184,0.3049589,0.18304224,0.18066725,0.13866933,0.77611935,0.2954589,0.17079122,0.3829381,0.28279224,0.34792662,0.77362555,0.6240006,0.67308396,0.19333391,0.30179226,0.8268038,0.63983387,0.31135166,0.3010006,0.65250057,0.506834,0.49133703,0.59391725,0.55282974,0.41658393,0.36003911,0.4411256,0.7538339,0.7649172,0.3485006,0.560786,0.751261,0.37145892,0.48387557,0.55785686,0.6477506,0.23766723,0.22579224,0.38143393,0.13910474,0.36591724,0.47833392,0.18575372,0.3386206,0.6295423,0.11179224,0.3002089,0.7855006,0.4287914,0.4997089,0.19887559,0.20441723,0.74227554,0.045292243,0.712311,0.12129225,0.18620892,0.26426724,0.2669589,0.28595895,0.2817037,0.33732226,0.20908809,0.25979435,0.06587558,0.60975057,0.29822978,0.62875056,0.8326582,0.22183391,0.375631,0.18106309,0.40839013,0.74591726,0.16325058,0.057167247,0.6888777,0.36987558,0.2289589,0.24400057,0.87282145
BC2026_Train_0002_S08_20250607_030007_35,0.9477924,0.76166666,0.42669857,0.08035232,0.45227736,0.38597915,0.061506696,0.1777867,0.12146357,0.15295608,0.1244917,0.44728982,0.08754857,0.35872608,0.35266984,0.104969196,0.82467735,0.4366023,0.21261016,0.18414576,0.39732575,0.14720264,0.5963321,0.4095273,0.75322944,0.37390232,0.19278483,0.761625,0.64105415,0.24989167,0.9252373,0.85151935,0.7919998,0.49658936,0.89159155,0.78466505,0.5342727,0.81016856,0.3088456,0.88028646,0.7731582,0.3088456,0.9137977,0.85151935,0.73816645,0.73816645,0.7570081,0.78190607,0.7946915,0.8121873,0.9137977,0.9137977,0.9137977,0.2072352,0.8909185,0.3544867,0.37529168,0.10813982,0.3602342,0.6135874,0.10466045,0.614094,0.28920388,0.32251322,0.066814825,0.07821482,0.17796482,0.3909667,0.21711667,0.41804168,0.33966666,0.38099873,0.508614,0.14207229,0.51098895,0.22387126,0.50861394,0.09290979,0.16265562,0.23170877,0.13759936,0.33761397,0.2489473,0.36848897,0.092197284,0.63448894,0.50386393,0.29522023,0.19115561,0.2624056,0.23073894,0.40015563,0.2608223,0.07450354,0.04287646,0.16186395,0.107238956,0.43736395,0.24657229,0.17294729,0.79879934,0.3537719,0.24473166,0.26861227,0.67189366,0.04157021,0.65032226,0.54819727,0.17949834,0.4793223,0.46032232,0.31544733,0.25765562,0.31009364,0.2368348,0.5347389,0.584614,0.21276814,0.09457228,0.35978064,0.51961815,0.12307229,0.83529514,0.32811397,0.52912766,0.3406619,0.23548898,0.20734522,0.17928064,0.10779313,0.23390564,0.24340561,0.37086397,0.37727648,0.41024938,0.44607228,0.34632233,0.21253061,0.11673896,0.16186395,0.053405624,0.17294729,0.3510723,0.11832229,0.39461395,0.61073893,0.5022806,0.08327126,0.22389105,0.07794729,0.4271198,0.3937629,0.17001814,0.24657229,0.10407228,0.0969473,0.17096812,0.6431973,0.3524577,0.17476812,0.310064,0.3296973,0.3413942,0.65348893,0.6946556,0.61469734,0.14603063,0.23628062,0.7236346,0.470614,0.1586577,0.38907227,0.56878066,0.48723897,0.5007567,0.5561139,0.55464935,0.3106973,0.4099525,0.5101973,0.5561139,0.7112806,0.34078062,0.71104306,0.74338263,0.29803064,0.5798639,0.5415077,0.5561139,0.18244728,0.12069729,0.23160979,0.085507706,0.20144731,0.24340564,0.27873376,0.25552607,0.5759056,0.12148896,0.34711397,0.5291973,0.45403647,0.41994727,0.08744729,0.076363966,0.6709056,0.033613957,0.73487234,0.029655624,0.20778063,0.23624104,0.1325723,0.61390567,0.23414314,0.30493397,0.1575098,0.28267226,0.081905626,0.52761394,0.25737855,0.42311397,0.80145746,0.40490562,0.3100323,0.21652853,0.34596604,0.5561139,0.15473896,0.07478063,0.6013577,0.38273895,0.14761394,0.18482229,0.83323693
BC2026_Train_0002_S08_20250607_030007_40,0.930688,0.82000005,0.6526965,0.17501536,0.44790292,0.35554424,0.09605981,0.21900167,0.22748043,0.2147623,0.16570668,0.567236,0.14027043,0.40274465,0.36095652,0.123551495,0.810882,0.5504237,0.30652508,0.27745506,0.36466506,0.15754132,0.6286672,0.37309036,0.8143653,0.3780779,0.25194398,0.7908026,0.7164651,0.27574426,0.9521209,0.87769634,0.82426673,0.6701688,0.9290735,0.87540853,0.5517355,0.8424355,0.40436673,0.902527,0.814173,0.40436673,0.9359709,0.87769634,0.78792924,0.78792924,0.78321886,0.822921,0.8296501,0.8444543,0.9359709,0.9359709,0.9359709,0.281223,0.9104001,0.36216778,0.3719318,0.100202866,0.39622292,0.62656224,0.15942349,0.5694237,0.3296813,0.35451192,0.10519035,0.11730286,0.22061534,0.36859107,0.17171927,0.42251927,0.31635675,0.49329218,0.50314164,0.19122499,0.66939163,0.18481252,0.43743333,0.10497292,0.214975,0.19395626,0.27324167,0.62585,0.3392667,0.21655832,0.3361,0.6820583,0.76518327,0.25350937,0.17935,0.38518333,0.63930833,0.47147503,0.26880834,0.09925313,0.067903124,0.14768332,0.086725004,0.49443334,0.09780833,0.16668333,0.7997396,0.40015376,0.24672084,0.28635168,0.5232572,0.034851044,0.6480167,0.48018336,0.14871252,0.43347502,0.5546,0.28543335,0.35826668,0.2830722,0.28001043,0.4698917,0.5981417,0.19322395,0.09464167,0.28226668,0.43622604,0.1936,0.71012294,0.20784998,0.5782479,0.25455835,0.20230833,0.24741355,0.195975,0.06335104,0.29730836,0.24980833,0.4770167,0.5396375,0.48243958,0.35668334,0.37568334,0.15401666,0.19993334,0.19201666,0.07880833,0.21101665,0.34164166,0.15322499,0.35668334,0.452475,0.5981416,0.07065417,0.26815522,0.049516663,0.45466,0.42211455,0.33831668,0.29810002,0.124725,0.1176,0.15544167,0.65989166,0.27423128,0.3660052,0.39064586,0.32818335,0.30566043,0.76043326,0.71926665,0.81976867,0.19993334,0.26485,0.74805754,0.53559995,0.1378073,0.36143333,0.57439166,0.48018336,0.49075213,0.42951667,0.49680838,0.35272503,0.3748917,0.49443334,0.62347496,0.73826665,0.44139168,0.59671664,0.60605836,0.25535,0.6480167,0.63639903,0.62584996,0.21180832,0.14768335,0.323849,0.12571459,0.16193333,0.37172502,0.21339168,0.43043503,0.5577666,0.05189167,0.32185003,0.6155584,0.46542665,0.48493335,0.21339168,0.15401666,0.675725,0.028933331,0.77009165,0.0416,0.17143333,0.2959625,0.21260001,0.32264167,0.20060623,0.27640834,0.1741646,0.24359375,0.11680833,0.58626664,0.3055417,0.466725,0.8276973,0.21101665,0.24807458,0.20963125,0.3907448,0.5743916,0.23634999,0.10889166,0.61163956,0.30284998,0.18093334,0.229225,0.82230204
BC2026_Train_0002_S08_20250607_030007_45,0.94385666,0.86083335,0.8496851,0.17148602,0.4742985,0.45028073,0.111630075,0.2424451,0.25455758,0.30058506,0.17158695,0.8631772,0.22427633,0.4652355,0.3749974,0.13819802,0.8303902,0.7908069,0.28069445,0.28251132,0.32308823,0.1601751,0.5940191,0.55964017,0.8475694,0.3973485,0.2908155,0.8743766,0.8997098,0.45170572,0.95068055,0.90226424,0.84032226,0.7995435,0.9566022,0.9463066,0.6095118,0.85714513,0.4083097,0.92251897,0.8302285,0.4083097,0.94933474,0.90226424,0.81542426,0.81542426,0.79994726,0.84234095,0.84435976,0.85781807,0.94933474,0.94933474,0.94933474,0.34101808,0.90088475,0.37620866,0.38473076,0.10949851,0.53531635,0.69008714,0.15545477,0.6641403,0.35611257,0.38942194,0.14441103,0.15011102,0.26411098,0.56638724,0.21800572,0.6817641,0.36834323,0.4309358,0.55257607,0.19711773,0.9576719,0.27157402,0.43224275,0.108728155,0.1979094,0.1639469,0.11638753,0.38949275,0.36495107,0.29370105,0.0767844,0.65074277,0.72211146,0.25696775,0.25015938,0.20582607,0.27311772,0.82570106,0.1195344,0.08816461,0.06684898,0.08549273,0.1337844,0.46311772,0.26124275,0.19474272,0.8532115,0.41146153,0.3348282,0.39576274,0.5512057,0.09451774,0.68161774,0.36732608,0.13586253,0.5177427,0.43540937,0.30715942,0.3966177,0.34713662,0.2957198,0.5193261,0.6293677,0.18654898,0.1575344,0.36257607,0.6386896,0.28340942,0.8498073,0.22561774,0.6928681,0.23721565,0.2865761,0.32020217,0.3237844,0.14751983,0.7291177,0.10211774,0.3380344,0.35762817,0.30917817,0.50507605,0.4472844,0.19870107,0.13536774,0.27311772,0.12745108,0.18524274,0.41165942,0.23749274,0.6847844,0.2842011,0.5272427,0.07866461,0.22611254,0.063326076,0.4686594,0.37278855,0.23725821,0.3483261,0.21374275,0.15674274,0.25744274,0.6871594,0.26278648,0.17855315,0.35699487,0.2572844,0.2635386,0.7291177,0.6539094,0.7217156,0.15199274,0.17020106,0.6452387,0.51378435,0.19680107,0.4021594,0.59295106,0.43303442,0.4346969,0.5217011,0.5211865,0.3784094,0.28475523,0.6855761,0.64124274,0.72753435,0.30161774,0.7729335,0.5977011,0.2477844,0.6396594,0.58535117,0.59453434,0.39345104,0.21374273,0.34058756,0.22854692,0.24699274,0.2913261,0.2551469,0.3825261,0.58503443,0.15595107,0.27470106,0.6800344,0.55815727,0.4069094,0.08945107,0.1765344,0.6396594,0.061742734,0.8001302,0.09182607,0.16070107,0.31804484,0.12745106,0.41799277,0.34551567,0.33540606,0.18884484,0.247349,0.068076074,0.47420102,0.21530628,0.5169511,0.8228551,0.25411773,0.2533261,0.20828025,0.36932504,0.5414927,0.12507607,0.092617735,0.47000527,0.28261775,0.08786774,0.1955344,0.8441073
BC2026_Train_0002_S08_20250607_030007_50,0.9416141,0.8216667,0.63644236,0.12858547,0.4663105,0.39634946,0.075969994,0.1849825,0.16802497,0.21647498,0.13047624,0.60212356,0.20496811,0.44831988,0.37564486,0.13339487,0.8276272,0.7441063,0.4449978,0.3311403,0.32447845,0.16398783,0.80061823,0.5533147,0.78242296,0.41287297,0.25694236,0.75164944,0.6952036,0.28021196,0.9401259,0.8863599,0.82101965,0.6393322,0.90560526,0.8737763,0.5969384,0.8378426,0.38429672,0.903822,0.79544884,0.38429672,0.9401259,0.8863599,0.7665134,0.7665134,0.7826634,0.8284217,0.8304405,0.84389883,0.9401259,0.9401259,0.9401259,0.2672092,0.9010967,0.37625054,0.35787448,0.12573548,0.41277006,0.6296512,0.20625193,0.60952306,0.3199808,0.38962767,0.12787297,0.13214798,0.40076047,0.3594025,0.19542447,0.5527036,0.33649945,0.51482654,0.49796972,0.18446976,0.67767817,0.3530354,0.4702614,0.13582185,0.22009476,0.30957288,0.20857602,0.2644281,0.26601142,0.58901143,0.30796975,0.70063645,0.8144385,0.2668031,0.2573031,0.36892807,0.5035114,0.52330315,0.24701141,0.1594729,0.10261142,0.12746975,0.11321975,0.48134476,0.14726143,0.2929281,0.86494684,0.40836895,0.46002913,0.24767643,0.46095935,0.076743715,0.7639698,0.49955305,0.11292289,0.65551144,0.51617813,0.3063864,0.4940114,0.31575578,0.31711355,0.5605114,0.48055306,0.2368781,0.1433031,0.29609472,0.7029521,0.1908031,0.84836143,0.13301142,0.5080635,0.3231302,0.34992808,0.24192497,0.17892808,0.16689476,0.30876142,0.06176142,0.3451781,0.3786656,0.54083854,0.4473031,0.4829281,0.23671977,0.15596975,0.22246976,0.12984475,0.3855531,0.35626143,0.16230309,0.44967806,0.48292807,0.5898031,0.1095583,0.3068416,0.103719756,0.26436478,0.48641145,0.305951,0.36496976,0.1741781,0.14409477,0.25829268,0.75684476,0.43796143,0.26949477,0.433251,0.31192806,0.3546583,0.7061781,0.65946984,0.76080304,0.2121781,0.17021975,0.7147955,0.61276144,0.26448748,0.29134476,0.5723864,0.52963644,0.4810281,0.44413638,0.5128927,0.2755114,0.3259802,0.5921781,0.61434484,0.7534406,0.39030305,0.65990514,0.63255316,0.24859476,0.7877198,0.5898031,0.6380947,0.24463642,0.14330308,0.3254458,0.1839156,0.21376143,0.47184473,0.25195935,0.31819808,0.63096976,0.08471975,0.42830306,0.6198864,0.51872724,0.4378031,0.17259476,0.12430309,0.70459485,0.050678086,0.7022198,0.05938642,0.2216781,0.38780934,0.11955309,0.63492805,0.28615934,0.3351714,0.19939268,0.3841281,0.07126142,0.43305308,0.26644683,0.5874281,0.84312063,0.49559474,0.25898144,0.31078017,0.39063954,0.62146974,0.13696975,0.07205309,0.5166135,0.37605307,0.17259476,0.19476143,0.8802657
BC2026_Train_0002_S08_20250607_030007_55,0.90652615,0.7733334,0.44370738,0.1287059,0.46215588,0.38991925,0.06155804,0.18147181,0.122120544,0.1960068,0.11909242,0.49969408,0.21175306,0.4321312,0.36854056,0.123868026,0.859058,0.43009338,0.37251452,0.18961574,0.38886634,0.15448949,0.6315804,0.23843089,0.79521006,0.4094309,0.23893678,0.68829846,0.6471318,0.20680675,0.9343962,0.85405,0.80048573,0.507767,0.8891089,0.8077196,0.55823576,0.8247108,0.32877117,0.87386745,0.7715504,0.32877117,0.9216108,0.85405,0.75203574,0.75203574,0.76616704,0.7937566,0.80385035,0.82269204,0.9216108,0.9216108,0.9216108,0.21841286,0.8893108,0.36854056,0.35429427,0.1329809,0.3625642,0.537859,0.09306111,0.6289601,0.22735152,0.32788524,0.053180892,0.0788309,0.24555588,0.30865306,0.20324425,0.40203178,0.32935676,0.38537198,0.5551212,0.23053782,0.57016283,0.24874614,0.51316285,0.15180656,0.2748711,0.14323677,0.12793781,0.5147461,0.27645445,0.53928787,0.2590378,0.7253295,0.60895455,0.31233677,0.3271211,0.3168295,0.22262114,0.5337461,0.2661628,0.07347115,0.054015934,0.08724615,0.08882948,0.4458711,0.17670448,0.30099615,0.84783995,0.30694154,0.38332945,0.27439615,0.38679302,0.09609302,0.76174617,0.52345455,0.25135866,0.75937116,0.6271628,0.3817461,0.6406212,0.4845025,0.37529406,0.55353785,0.50287116,0.17494301,0.1284128,0.30178782,0.5362993,0.36195448,0.88251495,0.19332947,0.39015764,0.33962947,0.28674614,0.29596907,0.31999612,0.09217427,0.24399614,0.15770446,0.25745448,0.41068155,0.39924198,0.4419128,0.27803782,0.23053782,0.18699615,0.14978781,0.12999615,0.27724615,0.50920445,0.10466281,0.45853785,0.37857947,0.6327045,0.09255032,0.26727116,0.07457948,0.26925823,0.36818886,0.39657012,0.19570448,0.16007946,0.14820448,0.13229197,0.7320983,0.33923364,0.206768,0.35000032,0.3231628,0.26638052,0.7641212,0.722915,0.71028787,0.18620448,0.24478781,0.78933376,0.5947045,0.25019094,0.3754128,0.63903785,0.61766285,0.46576178,0.41262114,0.6249462,0.35562116,0.30831906,0.5329545,0.6675378,0.84138787,0.43557948,0.73504716,0.66912115,0.4656628,0.7664962,0.65619725,0.6746628,0.15532947,0.37462112,0.32298467,0.13395448,0.30099615,0.40074614,0.27467325,0.28540823,0.6707045,0.077746145,0.40787113,0.7870795,0.49737704,0.3991628,0.25428784,0.122079484,0.7430233,0.057954475,0.7752045,0.060329482,0.23132947,0.37553155,0.18382949,0.29149616,0.3201149,0.27810115,0.22883573,0.4613482,0.055579476,0.51870453,0.23022115,0.5725378,0.8767794,0.35403782,0.25445405,0.2921295,0.44535658,0.66041285,0.1854128,0.13712114,0.6583149,0.32949615,0.21549614,0.4110378,0.93575454
BC2026_Train_0002_S08_20250607_030007_60,0.9359915,0.7541667,0.6582281,0.19170025,0.4866753,0.3085742,0.090219125,0.22345662,0.14411974,0.20468225,0.13442975,0.642751,0.25555477,0.5191495,0.39190093,0.110890865,0.8443502,0.4653002,0.39501214,0.36654773,0.42650464,0.17153649,0.6414521,0.64485025,0.69789183,0.46387526,0.22717087,0.8087097,0.69918257,0.23162422,0.92009187,0.8684455,0.7848357,0.53922105,0.8746027,0.8484936,0.54931486,0.7868545,0.35416898,0.86773896,0.71148777,0.35416898,0.8797169,0.8684455,0.72898364,0.72898364,0.75186276,0.7585919,0.7606107,0.80435026,0.8797169,0.8797169,0.8797169,0.25457734,0.87769806,0.3870559,0.3555992,0.16676274,0.38029903,0.5189871,0.21375212,0.66939193,0.37132153,0.339829,0.10833773,0.10050024,0.18600023,0.29613164,0.16179922,0.41758674,0.3327992,0.41661867,0.55545235,0.12320237,0.82533157,0.24610862,0.81195235,0.10495446,0.20553572,0.15247424,0.16690238,0.4430357,0.23007737,0.37257734,0.036119036,0.54911906,0.8085483,0.38876694,0.1509107,0.22374405,0.22374403,0.50399405,0.18811904,0.100521125,0.084925294,0.12320237,0.11370238,0.4145357,0.19999404,0.14457737,0.83388156,0.24231653,0.18554613,0.3277057,0.33329087,0.18930654,0.7644524,0.665494,0.15374091,0.6077024,0.492119,0.34882736,0.37099406,0.46610287,0.3717659,0.6274941,0.7359524,0.15912426,0.18336904,0.27599403,0.55565035,0.20949402,0.8891796,0.1485357,0.36357218,0.2100284,0.335369,0.2264555,0.42007735,0.08173883,0.2245357,0.29657733,0.21661903,0.39882112,0.54618984,0.64807737,0.2245357,0.22374403,0.2055357,0.18495238,0.1651607,0.20236905,0.5760357,0.18495238,0.31399405,0.4881607,0.44699404,0.08712217,0.22030032,0.10182737,0.27865404,0.49114925,0.26756278,0.40345237,0.20791069,0.09311903,0.15609613,0.791844,0.19556071,0.12664612,0.30390027,0.23561904,0.29580548,0.56336904,0.90786284,0.52774405,0.18891071,0.30845237,0.748728,0.437494,0.22968154,0.39711902,0.5103274,0.47945237,0.43529713,0.52220243,0.6467513,0.33378568,0.31648776,0.416119,0.55466074,0.9618545,0.43274403,0.60267526,0.45649406,0.35516068,0.76524407,0.58122116,0.5689108,0.22295237,0.49607736,0.22592114,0.1124753,0.15170237,0.30449402,0.21016695,0.27596235,0.5847441,0.1651607,0.3361607,0.5507024,0.5316707,0.34249404,0.11924405,0.13507737,0.783017,0.032160703,0.6496607,0.111327365,0.18336904,0.34866902,0.100244045,0.27916068,0.4074305,0.2562657,0.13804613,0.32230657,0.07095237,0.51191074,0.23150237,0.506369,0.8447868,0.17228569,0.20732488,0.1464378,0.37382427,0.6322441,0.31636903,0.09232737,0.64376277,0.31557736,0.1105357,0.22532737,0.9324837
BC2026_Train_0003_S08_20250607_070007_5,0.9610128,0.8308334,0.7389705,0.16087303,0.366073,0.7295394,0.26005566,0.2194788,0.13287441,0.12924068,0.31516758,0.28730878,0.15770504,0.38643396,0.45729208,0.27923828,0.42806053,0.6177439,0.61068076,0.77147424,0.23633717,0.19757718,0.562844,0.047585532,0.4024105,0.37391052,0.36765954,0.11726434,0.45997685,0.13151431,0.6599099,0.31941402,0.82881194,0.26894525,0.7130703,0.34700358,0.6289557,0.9203286,0.40622026,0.6175161,0.91494524,0.40622026,0.6807703,0.31941402,0.8187182,0.8187182,0.8826453,0.83688694,0.903001,0.92302024,0.6807703,0.6807703,0.6807703,0.25346816,0.83150357,0.5541248,0.16500182,0.08677304,0.5251743,0.43520534,0.21233532,0.68661886,0.049936786,0.27038428,0.106723025,0.12311053,0.78834814,0.5794893,0.93169135,0.4884768,0.4628268,0.7369711,0.51917213,0.4455472,0.55717224,0.38262948,0.8124055,0.67757684,0.22467217,0.8127994,0.66319615,0.5080889,0.5350055,0.25792217,0.7313389,0.4122972,0.073463835,0.35313988,0.3291722,0.45108885,0.36400548,0.4305055,0.48433885,0.6068295,0.569641,0.90427846,0.5714222,0.94825554,0.37033883,0.44158882,0.5270889,0.58237886,0.7641732,0.13917217,0.2549247,0.58133775,0.21279718,0.63000554,0.5804076,0.5943805,0.3545055,0.2547555,0.24683884,0.4348993,0.51758885,0.6996722,0.50967216,0.4505149,0.49067217,0.6315889,0.946274,0.8211138,0.53421384,0.5832972,0.79517585,0.53088886,0.57775545,0.702542,0.43525553,0.4619545,0.70204717,0.3695472,0.5682555,0.6228013,0.5561826,0.64346385,0.5745889,0.16133884,0.38775548,0.0813805,0.17558885,0.82000554,0.6941305,0.45979717,0.1312555,0.07267217,0.50967216,0.4579368,0.5684732,0.6205055,0.59449136,0.32109717,0.57961595,0.10671385,0.93024504,0.09642217,0.7326213,0.47088054,0.38823047,0.44178677,0.6742201,0.1977555,0.71812004,0.24367218,0.7718326,0.1882555,0.5999222,0.6442555,0.35213053,0.49383888,0.55913156,0.66958886,0.6102138,0.5856722,0.7679138,0.85713464,0.46628886,0.33788052,0.30934092,0.96969384,0.47008884,0.25079718,0.086922176,0.6186451,0.7170889,0.44475552,0.21200551,0.4991628,0.2238805,0.3450055,0.51125544,0.7422188,0.124803424,0.56667215,0.48829716,0.48833677,0.4996101,0.46929717,0.29354715,0.6244638,0.56033885,0.28158513,0.2982972,0.2215055,0.6252555,0.51838046,0.41704717,0.9256139,0.50967216,0.5286722,0.47673884,0.1265055,0.5199638,0.1407555,0.13283885,0.20151593,0.6506601,0.50989383,0.3331305,0.74327326,0.6521722,0.18861178,0.40833884,0.43433717,0.3391076,0.75301075,0.26346382,0.4914638,0.6585055,0.55349094,0.6292138,0.63633883,0.41467217,0.031505503
BC2026_Train_0003_S08_20250607_070007_10,0.94763184,0.8958333,0.78307503,0.1586981,0.3646106,0.863925,0.5825459,0.4464148,0.22899546,0.24534734,0.5704334,0.43369675,0.2253617,0.3861471,0.46487835,0.18084024,0.3218606,0.6389231,0.42973015,0.81544596,0.22018388,0.19535325,0.52191305,0.0710606,0.47291058,0.36959812,0.2892471,0.191325,0.64685,0.125775,0.7346693,0.42647353,0.8860756,0.35918185,0.7577168,0.4298381,0.66401315,0.9203943,0.5644214,0.7844652,0.9446193,0.5644214,0.70640695,0.42647353,0.8376256,0.8376256,0.9284694,0.8712714,0.9335499,0.9230859,0.70640695,0.70640695,0.70640695,0.4258006,0.8436818,0.5334486,0.18918748,0.088873096,0.38249433,0.3915787,0.120258726,0.6697981,0.15680997,0.21616122,0.1038356,0.28694808,0.73867315,0.7494292,0.8075584,0.65001667,0.46136245,0.70557964,0.5996104,0.541027,0.8281646,0.48727292,0.74943334,0.6735699,0.61702704,0.947538,0.6703458,0.5489437,0.6613604,0.37002707,0.7729854,0.8078187,0.09769375,0.50112706,0.41594374,0.6336521,0.21248539,0.36369374,0.6518604,0.7960031,0.4997615,0.49669376,0.72865206,0.97011036,0.38823542,0.64711034,0.5323187,0.68378043,0.66761464,0.111943744,0.24476562,0.8704267,0.25602707,0.64869374,0.67287916,0.62177706,0.45077714,0.47690207,0.26315206,0.5589187,0.5337635,0.6597771,0.6439437,0.5547031,0.5861521,0.60356873,0.9500874,0.7329271,0.48086044,0.5924854,0.6464969,0.5828271,0.8054437,0.6195367,0.44998544,0.5661427,0.6011937,0.44602707,0.86945,0.79665625,0.71859795,0.5323188,0.76031876,0.20931873,0.57111037,0.20852706,0.43969378,0.79040205,0.60831875,0.4143604,0.24019374,0.27344373,0.60356873,0.5880916,0.82359266,0.75319374,0.73357624,0.24943645,0.58353955,0.17290208,0.8691333,0.113527074,0.7727914,0.6360271,0.42833334,0.7319177,0.5999271,0.49194375,0.90077037,0.3581521,0.82159376,0.1768604,0.6661104,0.4689854,0.28840622,0.7088604,0.8222795,0.6740271,0.78094167,0.7413187,0.65924275,0.76348543,0.46439376,0.12461041,0.17529687,0.9649488,0.58456874,0.28056872,0.12223541,0.5539312,0.581402,0.4096104,0.4745271,0.6141771,0.21881874,0.40248543,0.583777,0.961103,0.16850832,0.78327703,0.44998547,0.43571565,0.6689762,0.56636035,0.29323542,0.9346438,0.6843187,0.5747678,0.3249021,0.5703187,0.51490206,0.60040206,0.29244375,0.76103127,0.52598536,0.5544854,0.41816044,0.09531874,0.5719021,0.11049895,0.15311041,0.16716248,0.6877011,0.38823542,0.20377707,0.76320827,0.6051521,0.1780479,0.62336046,0.45095125,0.3462375,0.6838675,0.3193604,0.43573543,0.7436937,0.6311188,0.7405271,0.8086104,0.588527,0.09848541
BC2026_Train_0003_S08_20250607_070007_15,0.9369506,0.81750005,0.7835501,0.15080701,0.3766695,0.94310343,0.44140553,0.42747617,0.28636557,0.30998492,0.5890167,0.4819824,0.22943678,0.5361298,0.6097468,0.2235599,0.394482,0.64821124,0.5896467,0.83923155,0.29686064,0.22055186,0.5558819,0.15080701,0.383082,0.41158202,0.36103678,0.14189714,0.64959294,0.22739714,0.7024541,0.48510203,0.85655195,0.36532286,0.78101707,0.46491456,0.6634249,0.9164415,0.5322062,0.7320624,0.91509575,0.5322062,0.7226416,0.48510203,0.84040195,0.84040195,0.87404776,0.8578978,0.92286795,0.9164415,0.7226416,0.7226416,0.7226416,0.3828187,0.8444395,0.6007836,0.14403462,0.095232025,0.39747453,0.3538695,0.21336453,0.68304455,0.14204326,0.26074576,0.11803201,0.375957,0.7115446,0.5999448,0.818218,0.7248013,0.47249714,0.72925687,0.53323346,0.6084418,0.8279314,0.32603452,0.70233345,0.66734177,0.28306678,0.9172918,0.69111156,0.5641085,0.7723168,0.24110848,0.8111085,0.8815668,0.072483465,0.5554397,0.34402514,0.7509418,0.6472335,0.21815014,0.6511918,0.78804624,0.6851544,0.65119183,0.8443585,0.9599418,0.6725669,0.67810845,0.49523348,0.761756,0.6604742,0.24190015,0.22414704,0.86512387,0.17698348,0.70344186,0.79933244,0.31077516,0.2806918,0.39152512,0.2070668,0.409021,0.5864533,0.63060844,0.7153168,0.73696893,0.6844418,0.76994175,0.9336041,0.64565015,0.39548346,0.6258585,0.6958617,0.57420224,0.7707335,0.60723454,0.26327515,0.5606647,0.67256683,0.5356085,0.75015014,0.8421022,0.690696,0.5696501,0.9028231,0.13977514,0.53085846,0.4311085,0.52294177,0.78613144,0.61160845,0.37648347,0.30127516,0.1073168,0.41448346,0.8632596,0.84070194,0.92115015,0.7462789,0.3657564,0.65772307,0.14610846,0.8236565,0.08119181,0.60812515,0.48415014,0.5094043,0.85472935,0.5995751,0.38123348,0.9134899,0.44456682,0.7769877,0.46990016,0.70740014,0.6337752,0.1674439,0.72085845,0.92999303,0.7968585,0.5300668,0.53323346,0.69279397,0.56015015,0.39251474,0.22290015,0.15740952,0.95269805,0.6662335,0.2403168,0.26802513,0.5433272,0.7271918,0.49523348,0.4572335,0.34952724,0.15877514,0.31235847,0.60052514,0.97381085,0.27198347,0.6868168,0.31710845,0.4918491,0.61977065,0.42635846,0.15085846,0.9707085,0.43348345,0.5269081,0.39231682,0.50710845,0.49602515,0.5609418,0.3717335,0.5561918,0.6796918,0.5831084,0.18854181,0.09940013,0.5197751,0.10397201,0.15560848,0.16700847,0.62427515,0.34244183,0.29177514,0.784647,0.5680668,0.11361055,0.64565015,0.697829,0.33713764,0.6832741,0.47702512,0.61635846,0.8293168,0.63215226,0.8649418,0.67098355,0.5957751,0.0550668
BC2026_Train_0003_S08_20250607_070007_20,0.9762718,0.8925,0.82212704,0.17466903,0.3791566,0.7496422,0.46107358,0.33328673,0.18975359,0.16128922,0.31451237,0.4223136,0.13282485,0.54202694,0.5467374,0.24850066,0.41905653,0.798344,0.5526825,0.8556632,0.25599352,0.21783914,0.5129884,0.05924405,0.56084406,0.37274405,0.4350332,0.25825468,0.65147555,0.15779218,0.7296423,0.42750263,0.86018807,0.38309014,0.7842495,0.45307347,0.6361068,0.9362277,0.5344964,0.6690798,0.9369006,0.5344964,0.71214646,0.42750263,0.8420193,0.8420193,0.9342089,0.8622068,0.93478096,0.93959224,0.71214646,0.71214646,0.71214646,0.3891464,0.8500943,0.47197634,0.15636718,0.13833155,0.39956975,0.46134347,0.11553156,0.71521896,0.11301998,0.2541306,0.10911904,0.13833156,0.6748441,0.6937009,0.8422672,0.6308922,0.59605885,0.6990301,0.57340413,0.52511245,0.7818895,0.41762388,0.71748745,0.71200114,0.41586244,0.9317728,0.5107635,0.51482075,0.54173744,0.32719576,0.6913624,0.44436246,0.1055291,0.6827927,0.4625708,0.68265414,0.39765406,0.5639041,0.6058624,0.8141638,0.37946558,0.38419574,0.5536124,0.9510291,0.8489041,0.7349041,0.45148742,0.65744746,0.796476,0.17757078,0.26643535,0.6038437,0.2337791,0.64861244,0.6637135,0.38419574,0.53857076,0.33748746,0.6209041,0.4646687,0.5261812,0.7784458,0.44040412,0.512327,0.54094577,0.74361247,0.95396876,0.70719576,0.6296124,0.6319874,0.6096229,0.68160516,0.62407076,0.6627904,0.3311541,0.61864793,0.8101125,0.57419574,0.64940405,0.7986729,0.54632914,0.5472791,0.93666035,0.110279106,0.49186242,0.16569576,0.43407077,0.897354,0.7064041,0.4966125,0.25119576,0.14432077,0.40873742,0.52980304,0.79592776,0.75548744,0.7119537,0.403077,0.7141822,0.24407075,0.94623953,0.17123744,0.68602663,0.63357073,0.4217208,0.72063434,0.6283062,0.2551541,0.8741375,0.47127908,0.79039997,0.45782077,0.6185291,0.5646957,0.26548538,0.61298746,0.66171455,0.7942791,0.6858208,0.6715708,0.6708979,0.6652374,0.41849476,0.22427909,0.23466973,0.9565391,0.55282074,0.20132077,0.11582077,0.7215843,0.78082085,0.5243208,0.31452912,0.67539066,0.26861244,0.3208624,0.6304041,0.8505482,0.2437937,0.6343624,0.54094577,0.59468013,0.6641766,0.4269458,0.13244577,0.8885666,0.5243207,0.41250575,0.69452906,0.27098745,0.5164041,0.6098208,0.45861244,0.89125824,0.5781541,0.76577914,0.46787494,0.18548743,0.82673746,0.18837702,0.08811243,0.2034187,0.61779284,0.28048742,0.2219041,0.76983637,0.66998744,0.12080827,0.49819577,0.48585367,0.435852,0.6440295,0.35094577,0.3501541,0.8244416,0.6815854,0.6905707,0.7444041,0.42852908,0.0627791
BC2026_Train_0003_S08_20250607_070007_25,0.9617927,0.94166666,0.8932622,0.19540752,0.42340752,0.76687974,0.41518858,0.3479642,0.22805044,0.23531793,0.33040106,0.7277852,0.21472669,0.55964273,0.6107305,0.27338398,0.46544504,0.65029913,0.3599624,0.7999153,0.30969548,0.22793612,0.45338428,0.09779501,0.4633075,0.40132,0.4883809,0.6267547,0.8523797,0.14882551,0.717733,0.56554615,0.8523164,0.5165309,0.8588437,0.61168134,0.6302538,0.9297017,0.5515226,0.7150414,0.9303746,0.5515226,0.7278267,0.56554615,0.85837257,0.85837257,0.88394344,0.85837257,0.9278512,0.92835593,0.7278267,0.7278267,0.7278267,0.4303976,0.8408768,0.47324026,0.18943802,0.17189501,0.52240944,0.37591544,0.13669355,0.67563254,0.12533313,0.25978187,0.14482002,0.2353075,0.4918075,0.7605967,0.85792136,0.68375474,0.6481297,0.7922176,0.63899565,0.7110373,0.9780664,0.5172769,0.7640789,0.84408087,0.38407895,0.86051184,0.56980395,0.55666226,0.6144539,0.2661206,0.8155373,0.5653706,0.16082896,0.53142786,0.6255373,0.62157893,0.25107896,0.7403289,0.47116232,0.81216484,0.5415018,0.37062064,0.702329,0.9144956,0.6271206,0.87728727,0.4711623,0.6311977,0.8066311,0.24629728,0.2996873,0.72584146,0.2692873,0.7719956,0.7781112,0.5154956,0.7450789,0.44424564,0.2954123,0.4972478,0.49778214,0.8838581,0.46720397,0.6811614,0.54082894,0.9351423,0.8935966,0.8295498,0.64137065,0.68253726,0.72497064,0.73868626,0.7157873,0.7904637,0.41020396,0.71006984,0.90705395,0.5859539,0.6508706,0.77516234,0.60154974,0.52895397,0.7553706,0.13787062,0.6405789,0.084037304,0.61287063,0.9138227,0.77041227,0.4426623,0.23762064,0.26057896,0.5012456,0.71283835,0.6501265,0.9399477,0.68906856,0.52012694,0.7855133,0.18062063,0.91817695,0.27166232,0.84758,0.65562063,0.5437185,0.67473936,0.6332164,0.45374563,0.76818776,0.24632896,0.8694498,0.47670397,0.76724565,0.595454,0.36199147,0.5899123,0.66931635,0.8711123,0.78387064,0.30095395,0.65336436,0.86541224,0.49576336,0.31520396,0.40812582,0.9256185,0.50520396,0.28907898,0.34212062,0.81310296,0.65676063,0.5804123,0.4996623,0.5415216,0.4426623,0.5020373,0.75695395,0.7585759,0.28622898,0.72212064,0.5756623,0.59990704,0.68503106,0.5044123,0.3239123,0.91568315,0.6374123,0.39298525,0.6366206,0.38012064,0.6081206,0.61366224,0.40070397,0.93191224,0.6698706,0.77120394,0.5190581,0.3302456,0.7113223,0.19833419,0.106995635,0.38178313,0.8278636,0.3500373,0.28987065,0.7097707,0.7909956,0.14733104,0.6223706,0.491904,0.44951022,0.6498509,0.42049563,0.43791232,0.90412486,0.63923305,0.62316227,0.79178727,0.64532894,0.0911623
BC2026_Train_0003_S08_20250607_070007_30,0.9573306,0.9241667,0.8346773,0.20881861,0.45178115,0.695321,0.46137682,0.39475808,0.1706768,0.17854993,0.45168683,0.44986993,0.15553617,0.6188489,0.6228326,0.38000387,0.60560197,0.695852,0.48482037,0.8733624,0.3957935,0.2558941,0.51225555,0.13685612,0.44536862,0.47315612,0.46176326,0.2679002,0.71530265,0.11257521,0.7288517,0.47432768,0.8425746,0.46170375,0.8082558,0.5384162,0.65684956,0.9394746,0.5101538,0.7631704,0.93207246,0.5101538,0.7396183,0.47432768,0.86229104,0.86229104,0.9233246,0.8466121,0.92022914,0.93476415,0.7396183,0.7396183,0.7396183,0.3748975,0.8526683,0.56875706,0.2158877,0.14825614,0.5525009,0.5632675,0.2984749,0.7797686,0.25721517,0.42618456,0.20881861,0.2159436,0.6372686,0.63620055,0.8750294,0.6707794,0.6652377,0.77429724,0.70662606,0.9449176,0.8706593,0.76479375,0.76995933,0.9729653,0.40420935,0.8578176,0.69688857,0.5506677,0.868126,0.12158433,0.72641766,0.50791764,0.34879267,0.44806767,0.46833435,0.81112605,0.314751,0.42083433,0.53879267,0.9420668,0.50205934,0.65358436,0.83250105,0.8839593,0.91352814,0.8404177,0.51266766,0.7104736,0.8677499,0.16037601,0.2368708,0.8295719,0.26804265,0.853876,0.7900479,0.663876,0.66783434,0.747001,0.36145934,0.46267393,0.7237261,0.8631385,0.67258435,0.76808065,0.7889593,0.9640444,0.9148077,0.9813343,0.64566773,0.69712603,0.5295896,0.78587186,0.9311427,0.8999843,0.39470935,0.83615303,0.91166764,0.7097927,0.6820844,0.79628235,0.55066776,0.7818344,0.647251,0.12791768,0.85387594,0.14770934,0.58787596,0.9554865,0.9026031,0.69633436,0.18808433,0.19995934,0.35670936,0.92799586,0.8348374,0.88055515,0.715184,0.6369396,0.7083479,0.33850104,0.92480934,0.3131677,0.9401337,0.6432927,0.64954686,0.72277606,0.7531761,0.56333435,0.79527,0.30445933,0.94159263,0.45804265,0.82220936,0.7818343,0.44786975,0.419251,0.8860969,0.94646144,0.66229266,0.30050102,0.72643745,0.5601677,0.67013025,0.262501,0.4544208,0.92777807,0.445376,0.41370934,0.28070936,0.67402923,0.79624265,0.62191767,0.55541766,0.44268435,0.20233434,0.43587604,0.9318156,0.8297174,0.5582724,0.8831676,0.59737605,0.6556229,0.7353715,0.42558432,0.22054264,0.82775104,0.48970932,0.3296027,0.62429273,0.31870934,0.82062596,0.66150105,0.47545934,0.920099,0.7224594,0.635376,0.5415572,0.28783432,0.8095427,0.271526,0.16829267,0.35650513,0.9679588,0.393126,0.18966767,0.6672802,0.9594448,0.19283435,0.46437597,0.4978319,0.5580302,0.7496278,0.279126,0.47466767,0.9701323,0.6280531,0.7566593,0.7541261,0.70662606,0.11920934
BC2026_Train_0003_S08_20250607_070007_35,0.96637857,0.9055833,0.79193497,0.19804645,0.40182143,0.87151456,0.42233554,0.20976113,0.19643736,0.22792988,0.395688,0.5923815,0.16070549,0.6078439,0.60286427,0.33041376,0.43388394,0.79330057,0.61259973,0.8384306,0.24962847,0.22479787,0.2862577,0.17809643,0.42105892,0.39255896,0.36372313,0.40506458,0.7092229,0.043114588,0.777517,0.52382743,0.8838379,0.49623784,0.745217,0.5803524,0.69542116,0.94372743,0.63755035,0.7997233,0.9497837,0.63755035,0.76002115,0.52382743,0.8651981,0.8651981,0.9497837,0.8791274,0.9446695,0.94507325,0.76002115,0.76002115,0.76002115,0.5211358,0.8448087,0.48969314,0.18133958,0.10185894,0.46710628,0.5286108,0.19518061,0.6048839,0.20985612,0.31947425,0.19234644,0.24435894,0.75688404,0.68726283,0.7757229,0.68151456,0.49483958,0.79537857,0.74981153,0.5590198,0.81757814,0.5002584,0.7378177,0.7950553,0.6611448,0.9508068,0.50619584,0.5313115,0.6453115,0.3175615,0.72922814,0.3769365,0.17031148,0.51391464,0.66906154,0.79176974,0.30014482,0.26847816,0.3935615,0.71385,0.45772612,0.38089484,0.68647814,0.96910316,0.8708177,0.6777698,0.5408115,0.57039607,0.7943229,0.23405649,0.29108024,0.7524043,0.35001984,0.6738115,0.6856073,0.6738115,0.55268645,0.6255198,0.3175615,0.64606357,0.56014794,0.7379365,0.5051865,0.63662,0.68251985,0.94256645,0.90385306,0.9551303,0.71735317,0.49726984,0.6100427,0.6106365,0.8976157,0.8205358,0.5518948,0.8970051,0.6888532,0.4933115,0.82818645,0.80467397,0.54627407,0.6088948,0.6682698,0.05393649,0.52339476,0.40068647,0.2961865,0.8223282,0.8083948,0.4410615,0.1703115,0.22414483,0.44501984,0.6667656,0.6203146,0.7395198,0.7177648,0.542375,0.5616917,0.21781148,0.8202698,0.17743649,0.6954636,0.52181154,0.52042603,0.4671469,0.62741977,0.6880615,0.8228516,0.24868648,0.913449,0.37139484,0.82501984,0.47589487,0.4078511,0.4505615,0.7100104,0.8321448,0.82343644,0.65797824,0.7395396,0.6666864,0.40606982,0.29856148,0.28555837,0.9144386,0.48776984,0.2676865,0.3009365,0.56505626,0.67460316,0.44976985,0.58276975,0.6128333,0.3674365,0.5305198,0.9449969,0.7121054,0.37606567,0.9203365,0.5400198,0.5688563,0.72180235,0.43235317,0.3175615,0.79572815,0.866899,0.39812943,0.64372814,0.4877698,0.61997813,0.43947816,0.2605615,0.6920198,0.55743647,0.63739485,0.5887073,0.20356148,0.71022815,0.19610003,0.14893648,0.55236983,0.6947907,0.2835198,0.24235314,0.65221876,0.81314486,0.15685315,0.66272813,0.42975652,0.37642193,0.7158838,0.32072815,0.3587282,0.85993236,0.5153199,0.82976985,0.7363532,0.53289485,0.085603155
BC2026_Train_0003_S08_20250607_070007_40,0.9622737,0.8283334,0.7848963,0.16457398,0.412524,0.7991477,0.42512137,0.29612327,0.21012452,0.304602,0.3506295,0.3694039,0.22526515,0.611991,0.6109951,0.2577272,0.4830615,0.8004407,0.48162165,0.8749414,0.32839853,0.24118853,0.4321341,0.09973649,0.35552397,0.426774,0.2898253,0.37448186,0.71228606,0.06953187,0.73834825,0.40458152,0.8507253,0.44630235,0.7652648,0.46312526,0.5889607,0.92138153,0.57281065,0.772667,0.92609197,0.57281065,0.68249613,0.40458152,0.8318836,0.8318836,0.85005236,0.83659405,0.9418718,0.9153252,0.68249613,0.68249613,0.68249613,0.42746067,0.85812736,0.5626258,0.25691935,0.11897399,0.54437613,0.5921532,0.28866774,0.48947397,0.09271836,0.26350462,0.18096147,0.31134897,0.7920174,0.8119812,0.79699445,0.76295274,0.62678605,0.83984244,0.73918223,0.8365572,0.73704475,0.6858239,0.74777186,0.8238332,0.46843222,0.95709944,0.61439574,0.6045989,0.6204322,0.5016822,0.9632239,0.25784886,0.12801553,0.55741554,0.7154322,0.7193906,0.8642655,0.3045572,0.53572387,0.6474083,0.51476455,0.5618489,0.8698072,0.94343215,0.90693647,0.9149322,0.48426557,0.6726506,0.7450406,0.15334886,0.29169816,0.9388396,0.20084886,0.64893216,0.73702496,0.38926554,0.87534887,0.6742656,0.2847655,0.29204887,0.6460822,0.8238905,0.4541822,0.71790785,0.5270155,0.9527739,0.94367003,0.8230989,0.5871822,0.57293224,0.7471013,0.86596763,0.8880552,0.6638077,0.47951555,0.9254085,0.7391822,0.7098905,0.7193906,0.7341156,0.5981864,0.67189056,0.6900989,0.12880719,0.49930722,0.13989052,0.61805725,0.9461635,0.7423489,0.6734739,0.18897387,0.27843222,0.6449739,0.64079785,0.7019145,0.87059885,0.7406151,0.68742704,0.576752,0.16839053,0.72018224,0.23884885,0.8840929,0.5618489,0.6252218,0.6809749,0.6918405,0.76055723,0.92267966,0.27051553,0.90329474,0.4027239,0.7621406,0.65051556,0.49055928,0.48822385,0.84910613,0.934803,0.7090989,0.5586822,0.7378958,0.7969739,0.5173968,0.20084886,0.30586347,0.93108225,0.5396822,0.20639053,0.3401822,0.61107075,0.6275572,0.50959885,0.34176555,0.55203223,0.1976822,0.5950989,0.78509885,0.81465167,0.33040673,0.9406218,0.49534887,0.5090842,0.6894735,0.43755722,0.33939052,0.8428905,0.5452239,0.5010568,0.4217239,0.47951552,0.46368217,0.6053905,0.61330724,0.5119739,0.5768905,0.8183489,0.3855859,0.2950572,0.63309884,0.15619886,0.10347386,0.66083574,0.76259774,0.32989052,0.3188072,0.69851035,0.7352239,0.17698011,0.49930722,0.4445318,0.46506765,0.60809016,0.38926554,0.42014056,0.93876135,0.58203644,0.8484322,0.7645156,0.7027656,0.09397386
BC2026_Train_0003_S08_20250607_070007_45,0.9387431,0.84833336,0.7869265,0.17131194,0.44348696,0.8397849,0.40841085,0.4635227,0.22975147,0.32604584,0.57879335,0.41022775,0.18190709,0.60915136,0.56678444,0.25017715,0.41498697,0.8142244,0.46208322,0.880772,0.25011444,0.27312824,0.4545994,0.16846196,0.42781198,0.432087,0.36100653,0.17755574,0.6909516,0.10701823,0.70162016,0.45667842,0.8604284,0.38938674,0.7857347,0.47955757,0.6545159,0.9405055,0.53339094,0.766893,0.9310847,0.53339094,0.70969516,0.45667842,0.8341847,0.8341847,0.904168,0.84966177,0.9299744,0.9398326,0.70969516,0.70969516,0.70969516,0.41495758,0.84427845,0.60815537,0.18895572,0.11787445,0.47769886,0.52937883,0.2203082,0.6131411,0.11958445,0.30853945,0.15848695,0.27177444,0.6281828,0.7178179,0.80178493,0.48820573,0.6046599,0.7791035,0.8216432,0.73535156,0.82975787,0.4601484,0.85778284,0.9175279,0.30468488,0.91747254,0.61923385,0.7915599,0.75751823,0.36643487,0.85647655,0.33872652,0.20255987,0.5047589,0.77414316,0.78205997,0.29439318,0.1447682,0.74846154,0.7302255,0.60674536,0.7432682,0.80419487,0.96810156,0.77968496,0.8176849,0.5295182,0.9171377,0.78651303,0.2864765,0.27854007,0.89195806,0.3735599,0.5722682,0.78445476,0.65301824,0.72505987,0.43451816,0.21997653,0.44627446,0.65834224,0.7401016,0.71160156,0.6168985,0.67993486,0.9439083,0.97618556,0.8881036,0.7527682,0.65222657,0.7179547,0.82694745,0.77335155,0.7158568,0.5239765,0.701013,0.66647655,0.7717682,0.8161016,0.7615953,0.7252579,0.53189325,0.73614323,0.15347654,0.5033932,0.3126015,0.58018494,0.9142287,0.7258516,0.41630983,0.29201818,0.40997654,0.77730983,0.74879014,0.8156859,0.8271849,0.9073468,0.47140986,0.8012776,0.12101821,0.8335182,0.16535152,0.9024546,0.7432682,0.46931195,0.71037453,0.6166807,0.7725598,0.8631682,0.5659349,0.9320016,0.17405987,0.65539324,0.74089324,0.3931141,0.6063099,0.82887214,0.90136415,0.6150182,0.65539324,0.79979324,0.8873515,0.6627558,0.3442682,0.3243578,0.95119953,0.63718486,0.30310154,0.32685155,0.7050505,0.87785155,0.5081432,0.39176822,0.60098594,0.26430988,0.40443486,0.77018493,0.9614823,0.30579323,0.9332286,0.61818486,0.7536787,0.7791225,0.45589316,0.28647655,0.8210891,0.55168486,0.7845058,0.44797653,0.56672657,0.6134349,0.73535156,0.48597658,0.5714766,0.5698932,0.39730984,0.33338284,0.3363515,0.6569766,0.21623592,0.18355986,0.2566703,0.70202637,0.3339765,0.5184348,0.6939277,0.64430994,0.18787445,0.71397656,0.7158683,0.3347286,0.74613804,0.29755986,0.3632682,0.936039,0.5711599,0.81724155,0.8018515,0.6807265,0.061643198
BC2026_Train_0003_S08_20250607_070007_50,0.9149886,0.82000005,0.8305888,0.1919671,0.4962046,0.8975425,0.58645463,0.54809844,0.38935733,0.32092172,0.6126984,0.57501507,0.26459858,0.6219248,0.6219248,0.35012028,0.3893296,0.6880254,0.710016,0.90334505,0.29206744,0.32053182,0.61142397,0.34729216,0.4620046,0.47269213,0.62022907,0.14427161,0.68141747,0.19485909,0.6855705,0.592708,0.8692767,0.44264752,0.8181351,0.55502456,0.73334754,0.92378294,0.5247434,0.84774333,0.9204184,0.5247434,0.76093715,0.592708,0.8514444,0.8514444,0.8908101,0.8659121,0.92946917,0.931185,0.76093715,0.76093715,0.76093715,0.44466627,0.8315934,0.6259085,0.22620912,0.14921711,0.47219336,0.4201096,0.3098859,0.56531715,0.15238775,0.34982154,0.19695461,0.4484671,0.75294214,0.6133713,0.92069876,0.5824591,0.6260008,0.78321564,0.65769714,0.6299888,0.8859742,0.4862152,0.86416376,0.8551804,0.34894714,0.94840115,0.7626128,0.7796138,0.80925375,0.35686383,0.8168854,0.6941138,0.16211379,0.6390929,0.7020305,0.74953043,0.28403047,0.32440546,0.71729374,0.90582526,0.6970034,0.5262804,0.9308221,0.9806971,0.70757216,0.84769714,0.5975305,0.78742445,0.7140312,0.1716138,0.24686173,0.9234637,0.30144712,0.5302388,0.86044294,0.60148877,0.33153045,0.42415544,0.2721555,0.3214763,0.6709378,0.6703638,0.6830305,0.80361474,0.76061374,0.8951971,0.9797779,0.78357214,0.5824888,0.65057206,0.60619926,0.6778253,0.73211384,0.7127378,0.53419715,0.60332775,0.62048876,0.75428045,0.89349496,0.7549645,0.78677994,0.7487388,0.7851555,0.2357388,0.4993638,0.38694713,0.28482214,0.90438044,0.63869715,0.4209888,0.3259888,0.25632215,0.58090544,0.7985347,0.89169395,0.87461376,0.8273283,0.46959716,0.88929725,0.18903045,0.84263045,0.13044713,0.8739884,0.5334055,0.67186797,0.8733075,0.7061867,0.58328044,0.9506891,0.5634888,0.8938513,0.4827388,0.7463638,0.7297388,0.35915968,0.7835722,0.9270974,0.89682,0.56428045,0.48986378,0.78721386,0.69253045,0.58294404,0.31332213,0.34938255,0.9415492,0.6323638,0.28482214,0.27294713,0.7084846,0.7709688,0.6173221,0.4859055,0.46413463,0.26107213,0.42415544,0.7146971,0.9769853,0.44382206,0.94510376,0.47165546,0.53376174,0.63958454,0.37032214,0.25315547,0.94693255,0.4558221,0.48010334,0.37269714,0.6671971,0.75073373,0.62365544,0.4122805,0.54528046,0.7344888,0.6212805,0.54820484,0.14786379,0.65294707,0.22883151,0.19694713,0.19088612,0.76305807,0.43048882,0.53023875,0.8211565,0.7123222,0.16670546,0.6782804,0.71293247,0.52853674,0.82511485,0.35923883,0.45978048,0.8560888,0.6809436,0.9221138,0.79465544,0.7257804,0.0552388
BC2026_Train_0003_S08_20250607_070007_55,0.9364368,0.82500005,0.83903044,0.18689811,0.56618565,0.8774946,0.47952464,0.6529756,0.21789464,0.23727465,0.35234338,0.41472277,0.16278276,0.5709887,0.57704496,0.3993276,0.5931023,0.60101897,0.5915932,0.8583374,0.34537297,0.30358484,0.63105136,0.2275106,0.4868606,0.44054815,0.6477012,0.16780494,0.64035076,0.10795495,0.6543378,0.42958367,0.8333337,0.36431077,0.7727711,0.4659212,0.63886076,0.903317,0.5022587,0.6408795,0.903317,0.5022587,0.6826004,0.42958367,0.8582316,0.8582316,0.8447733,0.83467954,0.90382165,0.903317,0.6826004,0.6826004,0.6826004,0.3696941,0.84611905,0.57166165,0.23121744,0.15768561,0.532805,0.6270133,0.1402927,0.55826896,0.123218425,0.33821532,0.1954481,0.2460356,0.64376897,0.73038805,0.87705904,0.65460074,0.60630906,0.8012597,0.7937077,0.82062435,0.8063744,0.5453143,0.7789035,0.95425624,0.5965827,0.923735,0.59740204,0.5253327,0.6852493,0.25854102,0.74620765,0.8942494,0.23795769,0.28894103,0.71849936,0.8134994,0.19204102,0.45170766,0.44537434,0.7664942,0.74591476,0.816666,0.7902877,0.952041,0.6725827,0.759666,0.52612436,0.90023434,0.8973844,0.17858268,0.28278577,0.68649626,0.30524933,0.77233267,0.70320046,0.7968743,0.6844577,0.35670766,0.38520768,0.43698266,0.7459504,0.87235975,0.52137434,0.7798701,0.7018744,0.95223105,0.95055985,0.82616603,0.8459973,0.64645773,0.6562546,0.73926085,0.84674937,0.75899315,0.41687438,0.75475687,0.6844577,0.691741,0.78579104,0.794064,0.8176161,0.74304104,0.773916,0.2925827,0.66308266,0.26329103,0.49129102,0.82422644,0.79212433,0.5878743,0.19045769,0.31237435,0.923541,0.60159004,0.6554629,0.92274934,0.8008109,0.6249243,0.6283483,0.47862437,0.9352181,0.20787436,0.90559083,0.7794577,0.6005015,0.93998396,0.7021119,0.899791,0.84473467,0.8776244,0.94586605,0.393916,0.8087494,0.8039993,0.4531327,0.581541,0.6737108,0.9093702,0.7042493,0.66229105,0.85640764,0.8063744,0.55286294,0.39470765,0.38374308,0.94289726,0.712166,0.334541,0.22291604,0.6922754,0.86970764,0.47862437,0.3685827,0.6065577,0.40420768,0.41924936,0.709791,0.7923706,0.5372267,0.7707494,0.65754104,0.6542557,0.6682463,0.41845766,0.3305827,0.9358118,0.71374935,0.61845046,0.46674934,0.6638743,0.92512435,0.79133266,0.38758266,0.7842077,0.78104097,0.5823327,0.6332115,0.24508268,0.6852494,0.32133996,0.11287436,0.31559485,0.83708787,0.372541,0.57995766,0.7681883,0.826166,0.264716,0.58866596,0.5222234,0.5520514,0.76033896,0.48337433,0.6401243,0.8843535,0.6823598,0.76419437,0.79608274,0.645666,0.08595769
BC2026_Train_0003_S08_20250607_070007_60,0.9651864,0.8833333,0.7901682,0.17575532,0.4650303,0.901368,0.43295032,0.4113658,0.20705222,0.22219282,0.28638905,0.34210658,0.19009471,0.5557166,0.55840826,0.3341251,0.40161777,0.89605325,0.73421925,0.9051738,0.3088013,0.2839707,0.3060051,0.11804282,0.38950533,0.38736784,0.40498316,0.25960338,0.7493284,0.12850338,0.7075468,0.5009613,0.8683738,0.41617385,0.75936127,0.5238405,0.6954342,0.92960924,0.527878,0.8374196,0.92018837,0.527878,0.7142759,0.5009613,0.8576071,0.8576071,0.90403837,0.8555884,0.9408806,0.9248988,0.7142759,0.7142759,0.7142759,0.38454676,0.86299044,0.5496604,0.1855034,0.12018033,0.5473202,0.6731556,0.26866534,0.44721782,0.10429158,0.29566908,0.19285533,0.2961678,0.7447262,0.75897855,0.8284951,0.75803673,0.5617034,0.7540884,0.6695796,0.57853794,0.6592879,0.49693093,0.8276359,0.8479798,0.49620458,0.9592525,0.6481254,0.6893712,0.58328795,0.098787926,0.95141304,0.49541292,0.16766292,0.36567855,0.60307956,0.84295464,0.6466212,0.43366292,0.51757956,0.71264637,0.6811775,0.56587124,0.78668284,0.96566296,0.8888712,0.8080896,0.5349963,0.588125,0.81919074,0.12649626,0.26663905,0.8220942,0.31095457,0.5912045,0.81358373,0.7313297,0.6497879,0.4479129,0.5991212,0.37013167,0.57210577,0.8875253,0.6933296,0.62457335,0.6220796,0.9712838,0.94771194,0.8389963,0.86622965,0.67353797,0.8590077,0.8083192,0.78991294,0.8149098,0.56270456,0.6797526,0.74637127,0.7017529,0.82949626,0.7822734,0.7318046,0.728163,0.84928787,0.18903792,0.48591295,0.23416293,0.28324625,0.9451587,0.8055483,0.6078296,0.1890379,0.26503792,0.6529546,0.74090874,0.76109636,0.8880795,0.74895215,0.70279,0.74823165,0.30145457,0.96091294,0.17478792,0.767297,0.675913,0.48737752,0.8574817,0.73030055,0.59832966,0.86013174,0.39012128,0.9591713,0.41070458,0.811288,0.6751213,0.26784834,0.49224627,0.8099817,0.91190875,0.6545379,0.48116294,0.7202859,0.6727463,0.66700673,0.3030379,0.4273296,0.97706294,0.43287125,0.30145457,0.4154546,0.7065109,0.7202463,0.5270796,0.32916296,0.5911056,0.4099129,0.67432964,0.7408296,0.75323904,0.4381691,0.81762123,0.56349623,0.61574626,0.6971376,0.38537124,0.30937126,0.8184129,0.5793296,0.40105417,0.5587462,0.48274624,0.85957956,0.6933296,0.46453792,0.8136629,0.595163,0.5698296,0.5195112,0.25474626,0.8033712,0.23901188,0.107496254,0.5933168,0.64869547,0.4407879,0.37191293,0.79078376,0.723413,0.26717544,0.48037124,0.53025424,0.44431087,0.74829113,0.36478794,0.5516213,0.9239421,0.6624942,0.63870454,0.8255379,0.6648296,0.087704584
BC2026_Train_0004_S08_20250607_070007_5,0.8091378,1.0,0.8361171,0.07692386,0.39826137,0.89274406,0.10004713,0.305354,0.22904526,0.104286514,0.17393339,0.8472875,0.3659165,0.4680935,0.47293854,0.15983038,0.26716137,0.8170531,0.30472797,0.8516074,0.31562918,0.21085608,0.43309605,0.14817387,0.20161138,0.3633489,0.4051085,0.26400235,0.95500857,0.13290234,0.83673716,0.7685707,0.959679,0.55929357,0.78472066,0.6878207,0.7759728,0.8398998,0.908571,0.6312956,0.9132208,0.908571,0.7981117,0.7685707,0.89709777,0.89709777,0.8856582,0.96438944,0.9083355,0.8808805,0.7981117,0.7981117,0.7981117,0.7921228,0.7719352,0.3905735,0.13646483,0.09117387,0.5392296,0.42927492,0.36205053,0.30278635,0.43336976,0.10451543,0.11397387,0.22654885,0.86213845,0.17151089,0.46492732,0.5805107,0.28181484,0.42201275,0.901737,0.7945453,0.726462,0.566387,0.25542036,0.85947794,0.60929537,0.7374069,0.6326891,0.643337,0.5190454,0.7399203,0.8800057,0.4707537,0.45096204,0.49748138,0.3211287,0.669462,0.05512871,0.8294579,0.852337,0.7307312,0.18989018,0.272837,0.41692036,0.8895454,0.5823786,0.74039537,0.5665453,0.70877624,0.7171204,0.23319039,0.15074226,0.9271693,0.5562537,0.30133703,0.739077,0.53171206,0.62117034,0.27204537,0.51192033,0.5627849,0.35000476,0.7019204,0.6037537,0.587386,0.40108705,0.9309891,0.79889166,0.84521204,0.43275368,0.5736704,0.17564017,0.5766391,0.59187865,0.8302238,0.47075367,0.60824645,0.79375374,0.36315036,0.747837,0.9380595,0.76149964,0.7975536,0.62117034,0.32429537,0.8363454,0.5950453,0.55467033,0.64808697,0.4810454,0.7130037,0.5261703,0.66867036,0.63858706,0.9419817,0.88678044,0.41217038,0.7148325,0.6846224,0.48621103,0.28154537,0.84996194,0.38921204,0.6382229,0.34883705,0.3266308,0.6494922,0.71423084,0.80325365,0.47564226,0.5855453,0.726462,0.2118787,0.43829533,0.69162863,0.4423329,0.8961004,0.7434631,0.7280454,0.738337,0.58792037,0.73980165,0.56179535,0.77178496,0.44462872,0.5636954,0.73279536,0.619587,0.24592036,0.631462,0.5178381,0.6164203,0.564962,0.108962044,0.8811448,0.50875366,0.12162871,0.47471204,0.5628324,0.67539954,0.9492766,0.724087,0.6121454,0.76260954,0.45967042,0.47867036,0.4216704,0.602962,0.47594708,0.5047954,0.45808703,0.70508707,0.8999161,0.32033706,0.085212044,0.37100372,0.3876287,0.64713705,0.34408706,0.92988074,0.31837767,0.12242037,0.40084958,0.66648537,0.6591704,0.14379537,0.4940683,0.51429534,0.32322663,0.5728787,0.8292283,0.35556623,0.8119878,0.36387873,0.728837,0.8230454,0.86673033,0.7272537,0.90142035,0.59979534,0.14775372
BC2026_Train_0004_S08_20250607_070007_10,0.76219004,0.99333334,0.8395733,0.05370554,0.38715556,0.7784657,0.09536107,0.24797855,0.24737293,0.09838919,0.10747357,0.8118155,0.25766858,0.41579807,0.40610805,0.15053427,0.24679303,0.8181389,0.32932726,0.7782973,0.31963727,0.19427288,0.35606495,0.13136804,0.095743045,0.36008057,0.2819549,0.29986352,0.9123365,0.10677604,0.815255,0.7500157,0.9444886,0.53939277,0.7580906,0.65648025,0.7755865,0.8812008,0.8956685,0.6961823,0.8944236,0.8956685,0.7976582,0.7500157,0.90882397,0.90882397,0.9243011,0.9579469,0.91740376,0.9009509,0.7976582,0.7976582,0.7976582,0.73723024,0.80384904,0.3643199,0.16733855,0.08648054,0.399371,0.5283018,0.17528969,0.31376803,0.26690337,0.07492022,0.059405543,0.25106806,0.83405143,0.13169856,0.6288802,0.70725524,0.37325102,0.4423566,0.828821,0.77985644,0.6611064,0.38342938,0.44498143,0.8136685,0.6421064,0.79972726,0.76069814,0.80677307,0.4885231,0.6326064,0.8166689,0.61360645,0.43706474,0.4122064,0.3523564,0.6523981,0.09189808,0.81081057,0.74977314,0.6894709,0.32969496,0.24310642,0.4671481,0.9223564,0.4006481,0.6405231,0.5953981,0.5752581,0.5920335,0.12514809,0.10971059,0.6314585,0.5296897,0.22331476,0.58635324,0.46002308,0.5977731,0.25023144,0.79331475,0.6222752,0.47417414,0.6864398,0.5193981,0.6228293,0.38718975,0.7782731,0.8681867,0.7363148,0.4243981,0.64923143,0.15008558,0.61967653,0.7070231,0.78415525,0.35948142,0.6107168,0.7592731,0.40381476,0.7496147,0.87885827,0.77273935,0.8249814,0.75214803,0.37848142,0.71018976,0.17977308,0.36343974,0.69039804,0.40381473,0.7093981,0.5273148,0.54235643,0.72206473,0.6543179,0.85840666,0.43152308,0.55237895,0.6036908,0.6104398,0.5803564,0.7703564,0.28506476,0.39854622,0.42281473,0.23423974,0.5483929,0.62991476,0.7576897,0.5763189,0.28743973,0.7030648,0.19085641,0.5083147,0.71018976,0.57718974,0.8241502,0.65433764,0.69277304,0.7830231,0.42202306,0.7335638,0.37373143,0.76024884,0.5059398,0.5812866,0.8297314,0.67614806,0.18531476,0.64368975,0.5566064,0.5613564,0.50989807,0.17818975,0.7136731,0.69039804,0.09664808,0.66743976,0.61315113,0.5722814,0.69435644,0.6690231,0.62771785,0.6593727,0.37214807,0.48377308,0.6571481,0.5566064,0.48643312,0.41093975,0.34602308,0.6428981,0.9641248,0.17423141,0.2977314,0.3270231,0.3286064,0.53123355,0.2961481,0.8385585,0.35641372,0.108523086,0.46259603,0.49948373,0.61756474,0.19323142,0.66918147,0.5352314,0.43789598,0.53918976,0.705131,0.38766477,0.85440767,0.4164814,0.44102308,0.7727314,0.81479657,0.51148146,0.76085645,0.54473144,0.16473141
BC2026_Train_0004_S08_20250607_070007_15,0.7130642,0.9675,0.73032784,0.104002625,0.40966514,0.80377656,0.121068984,0.34333336,0.36453024,0.11016773,0.08594273,0.7770618,0.30215088,0.4102779,0.40422162,0.16681662,0.24864012,0.71049845,0.22762436,0.7885005,0.26032808,0.19128686,0.34731418,0.18237762,0.10186511,0.3612151,0.3139835,0.10683282,0.8773224,0.05197031,0.83718735,0.7799558,0.96433496,0.6305683,0.729487,0.67767245,0.7934141,0.892703,0.9467382,0.713337,0.9137047,0.9467382,0.8178073,0.7799558,0.92194116,0.92194116,0.9293433,0.9576058,0.91315967,0.9045127,0.8178073,0.8178073,0.8178073,0.80485374,0.78197455,0.36970103,0.16169532,0.08832763,0.39183283,0.629507,0.2143847,0.25362763,0.32291827,0.098837,0.05056512,0.4574026,0.7197214,0.14287148,0.59378695,0.4132078,0.29065782,0.4098558,0.79947877,0.63972044,0.62784547,0.28101626,0.3610538,0.80086416,0.81756836,0.75613505,0.65129864,0.8661371,0.5178038,0.7078037,0.77034545,0.5122621,0.24784546,0.32645795,0.43705377,0.60726213,0.07526212,0.82461417,0.82140803,0.77145386,0.23610902,0.15759547,0.4560538,0.9017621,0.31988713,0.6903871,0.6903871,0.64781123,0.74667466,0.16313712,0.18019755,0.6503684,0.51384544,0.42280376,0.48025998,0.46872044,0.6310121,0.36738712,0.7822205,0.44437668,0.28901213,0.68009543,0.57005376,0.7906716,0.5850954,0.57955384,0.88635236,0.7909288,0.39905375,0.57005376,0.14924338,0.6915459,0.5890538,0.82567906,0.3729288,0.8505611,0.79330385,0.14572047,0.8316996,0.80378157,0.6134134,0.853708,0.89859545,0.35709545,0.7450121,0.26209545,0.2985121,0.8020121,0.42438713,0.74342877,0.50197047,0.5930121,0.77588713,0.77254134,0.87373716,0.44892877,0.7696092,0.72219235,0.4956569,0.5043455,0.79647046,0.3491788,0.62523293,0.34759548,0.2688642,0.5247903,0.6658851,0.73472047,0.4963892,0.5502621,0.7180955,0.52730376,0.71017873,0.782458,0.5500246,0.79658926,0.5736559,0.6642621,0.7598955,0.29059544,0.74170697,0.7497622,0.8213179,0.41013712,0.5158642,0.6199288,0.7497622,0.1710538,0.64526206,0.40615895,0.9514392,0.59063715,0.12038712,0.705983,0.6444704,0.1853038,0.5605538,0.6022469,0.7351005,0.6777205,0.68959546,0.59257674,0.6343529,0.3658038,0.56926215,0.6143871,0.6191371,0.634353,0.6080538,0.31751212,0.7727204,0.9666788,0.26209545,0.15205379,0.3373038,0.27872044,0.6772297,0.30959547,0.83688504,0.36976212,0.15126212,0.6110146,0.5532308,0.6436788,0.07447046,0.5941007,0.47347048,0.61126006,0.34759545,0.67001754,0.3772038,0.83012027,0.49247044,0.7363038,0.6705955,0.8236999,0.4481371,0.6959288,0.6745538,0.26763713
BC2026_Train_0004_S08_20250607_070007_20,0.75909317,0.9891667,0.8460133,0.09956393,0.40451393,0.8601128,0.1546923,0.31942227,0.32547858,0.118960425,0.12138292,0.87107944,0.31881666,0.40468493,0.4343606,0.19150494,0.31331393,0.76654315,0.2853676,0.7396201,0.3023251,0.19815762,0.53030145,0.15585142,0.10027644,0.3653264,0.37622055,0.24874815,0.941694,0.13118568,0.8243401,0.7258587,0.9479213,0.6080983,0.7965151,0.71851057,0.76757956,0.90404713,0.89102614,0.7211484,0.9085422,0.89102614,0.8134053,0.7258587,0.90889215,0.90889215,0.9203316,0.95263165,0.9200624,0.9142754,0.8134053,0.8134053,0.8134053,0.7285504,0.7904588,0.37924868,0.18106067,0.09101394,0.43440333,0.38231954,0.17095643,0.3097514,0.3695658,0.11883706,0.06393893,0.2898014,0.7969431,0.21949416,0.6472731,0.64014816,0.3534857,0.52792645,0.8313791,0.7153208,0.70870245,0.46099788,0.4611958,0.7923104,0.8518042,0.85694605,0.82077485,0.6551541,0.5696541,0.62586254,0.8558813,0.6044874,0.47227913,0.4193364,0.31473747,0.69632083,0.11919581,0.91422707,0.9065875,0.8943657,0.2787958,0.085154146,0.5609458,0.9330291,0.3464041,0.64565414,0.57994586,0.6084221,0.6561438,0.19915415,0.13376248,0.77160037,0.47069582,0.32582083,0.58778334,0.5886541,0.62902915,0.38836247,0.7366958,0.5564729,0.6028052,0.72482085,0.6599042,0.56049067,0.47544584,0.68682086,0.8885326,0.8237791,0.4374458,0.6044875,0.2629625,0.7394578,0.69394577,0.88844544,0.4611958,0.54635936,0.8301125,0.19677916,0.85770214,0.859612,0.5481861,0.83189374,0.6979041,0.3313625,0.70977914,0.26486248,0.41290414,0.7430291,0.53244585,0.7826125,0.40577915,0.6013208,0.8396125,0.8381083,0.89581925,0.6314041,0.73291165,0.68866146,0.4980677,0.67177916,0.7834041,0.38836247,0.50362915,0.4255708,0.2752729,0.68792915,0.6420125,0.69473743,0.565304,0.34561247,0.80002916,0.3527375,0.58073753,0.7991979,0.58271664,0.91786087,0.75625795,0.7549041,0.80105835,0.36936247,0.7902719,0.61082083,0.8335652,0.43427914,0.6036761,0.8071541,0.85702914,0.19915415,0.62902915,0.5391156,0.9107833,0.62665415,0.24032082,0.7255136,0.7153208,0.23240414,0.4968208,0.61078614,0.54998124,0.70423746,0.7026542,0.63934064,0.6514887,0.48019582,0.62190413,0.59973747,0.71769583,0.5660283,0.37490416,0.65357083,0.75252914,0.9782808,0.2925708,0.17540416,0.32502913,0.29890415,0.6812,0.37252915,0.857227,0.4850448,0.10732081,0.5149896,0.51910627,0.71452916,0.15323748,0.6198419,0.5466958,0.4811062,0.49523747,0.68446165,0.2873854,0.8268399,0.4445708,0.62190413,0.7295708,0.840804,0.61240417,0.77073747,0.7422375,0.17698748
BC2026_Train_0004_S08_20250607_070007_25,0.7282219,0.9891667,0.82846695,0.07169494,0.41298243,0.92137975,0.14283215,0.309379,0.40627903,0.1325365,0.13435338,0.8534658,0.33057585,0.42946258,0.47003946,0.22294444,0.27760744,0.8441637,0.4645021,0.8191292,0.28523713,0.22951962,0.33001354,0.16716993,0.10945745,0.36738244,0.4361244,0.19688593,0.96072555,0.15912344,0.8312577,0.80972445,0.94430774,0.5977557,0.79020983,0.73255426,0.8009765,0.92586976,0.9068936,0.86153895,0.9083202,0.9068936,0.82250977,0.80972445,0.893839,0.893839,0.89720356,0.94430774,0.9281577,0.9253651,0.82250977,0.82250977,0.82250977,0.73704934,0.79895777,0.38949132,0.23892343,0.09449495,0.44016436,0.35658804,0.25908247,0.43221995,0.31665245,0.11316245,0.095207445,0.4208199,0.8312595,0.28575963,0.47404847,0.7486777,0.44198593,0.35455522,0.8532054,0.71098244,0.8218158,0.46330953,0.4362741,0.78460747,0.6816908,0.9019097,0.813964,0.7030658,0.54473245,0.8291387,0.9297595,0.67614913,0.37452412,0.31049806,0.33335742,0.7173158,0.18373245,0.7173158,0.9458304,0.87223387,0.27421996,0.24548244,0.78539914,0.9437324,0.6935658,0.6769408,0.6373574,0.56729496,0.5454054,0.23281576,0.09674807,0.9216925,0.5273158,0.5985658,0.6901705,0.5360241,0.7062324,0.4600241,0.46556577,0.38659707,0.45373034,0.73710746,0.6231075,0.6388814,0.5083158,0.89544076,0.91816163,0.80756575,0.52652407,0.65952414,0.21450849,0.7967487,0.91681576,0.9190285,0.42360744,0.58437514,0.8313158,0.31831577,0.8799241,0.9284842,0.7227332,0.85839075,0.77194077,0.23835744,0.8182533,0.28585744,0.62548244,0.8835658,0.42519075,0.75214916,0.5344408,0.6238991,0.7838158,0.9567465,0.9142777,0.68644077,0.6655408,0.8935596,0.45093971,0.49248245,0.7458158,0.35710743,0.5679283,0.4663574,0.21951577,0.6806617,0.758522,0.6484408,0.6428031,0.42835745,0.7553158,0.49169078,0.74502414,0.8277533,0.5009929,0.9561458,0.94107246,0.79252416,0.76877415,0.48931578,0.8690991,0.37452412,0.87154335,0.41094077,0.54995745,0.7624408,0.78619075,0.23598243,0.7568991,0.40181682,0.74106574,0.8352741,0.23123245,0.7243418,0.58985746,0.2423158,0.5835241,0.70013654,0.6043053,0.9073158,0.6666491,0.5284242,0.6742887,0.39273244,0.7861908,0.6611075,0.5779824,0.48990953,0.64289916,0.6460658,0.69435745,0.9178845,0.23598243,0.17344077,0.27002412,0.26210746,0.48654494,0.39589912,0.9212095,0.4631512,0.11406577,0.41588867,0.6379116,0.7838158,0.111690775,0.6851409,0.67931575,0.54473245,0.5653158,0.8095449,0.19461785,0.8777114,0.47664914,0.8170658,0.8059825,0.8109526,0.7173158,0.91919076,0.6935658,0.17581578
BC2026_Train_0004_S08_20250607_070007_30,0.6745546,0.9716667,0.68579906,0.05838732,0.37972486,0.772957,0.104870036,0.23144567,0.2029813,0.09820816,0.089123785,0.6548449,0.2665719,0.4163901,0.42729136,0.18746382,0.18307483,0.7005082,0.30127263,0.7737274,0.2685689,0.19892202,0.47584623,0.13034981,0.080474816,0.36262485,0.36794007,0.10285077,0.89760494,0.06437578,0.81122005,0.64904714,0.941093,0.5164825,0.72239506,0.61809295,0.75334924,0.8865195,0.87733406,0.7143201,0.8916471,0.87733406,0.74527425,0.64904714,0.88725966,0.88725966,0.9047555,0.93301797,0.8921719,0.8916,0.74527425,0.74527425,0.74527425,0.7156659,0.7896868,0.36915135,0.2189883,0.08759982,0.37345487,0.32015985,0.18692234,0.23651233,0.26349825,0.060613878,0.04627482,0.3925498,0.75889355,0.18117878,0.6889216,0.46408823,0.36433822,0.3697629,0.8861696,0.65543836,0.83277166,0.6170821,0.3031467,0.8521279,0.9485134,0.8508197,0.6604654,0.67443836,0.58972996,0.66889673,0.7975821,0.64593834,0.53035504,0.3878155,0.4005217,0.6720634,0.0893967,0.672855,0.8643987,0.7080753,0.41475192,0.1463967,0.55173004,0.92697996,0.4052717,0.7480634,0.6364383,0.5169838,0.61304456,0.23743837,0.11890607,0.8960664,0.5643967,0.3150217,0.66751915,0.69898,0.68473,0.3245217,0.80268836,0.61316335,0.43826443,0.8098134,0.66652167,0.7439071,0.66414666,0.9075446,0.9162331,0.8859321,0.48918837,0.5984384,0.184179,0.7228933,0.67443836,0.93486696,0.47335505,0.7775529,0.8161467,0.47573006,0.76354045,0.91505355,0.6169515,0.84231126,0.8929383,0.5406466,0.86713,0.17252171,0.6095217,0.6926467,0.58023006,0.79793835,0.37835503,0.70848,0.7433133,0.9479909,0.856016,0.73618835,0.6071546,0.7233238,0.47331548,0.63723004,0.78448004,0.3672717,0.53619355,0.40210503,0.22873004,0.63883317,0.6546863,0.77644455,0.5825279,0.48364672,0.76389664,0.41952172,0.6902717,0.8126633,0.5667321,0.94009,0.9225457,0.7543967,0.6411884,0.40131336,0.75696963,0.57627165,0.83241045,0.506605,0.6096404,0.824855,0.7591467,0.1511467,0.66493833,0.43697798,0.73223,0.6570217,0.18518837,0.72831124,0.6142717,0.3031467,0.74410504,0.63293517,0.69656545,0.92171544,0.682355,0.53023624,0.66367966,0.41398004,0.63564664,0.65068835,0.7314383,0.39787754,0.39973003,0.46543837,0.76864666,0.97758335,0.25643834,0.10760504,0.28018838,0.25723004,0.6238905,0.47018838,0.89836127,0.44432068,0.098896705,0.49940088,0.6559728,0.7425217,0.14085503,0.7264113,0.60556334,0.39850298,0.615855,0.76057965,0.27381542,0.90761393,0.60873,0.7425217,0.9042987,0.83544755,0.48760504,0.83827376,0.715605,0.4456467
BC2026_Train_0004_S08_20250607_070007_35,0.71402425,0.97066677,0.579048,0.10439696,0.37942198,0.790455,0.14023903,0.26802588,0.22744903,0.09360589,0.11419714,0.6687815,0.24925151,0.38844222,0.4120616,0.24672598,0.19915947,0.5980012,0.38320416,0.7874925,0.302656,0.19364354,0.5509409,0.10297197,0.09513447,0.36517197,0.29457033,0.12300078,0.8837528,0.064575784,0.83183813,0.623234,0.9489257,0.50009024,0.7033111,0.5889152,0.73695695,0.8560295,0.862725,0.63669235,0.89767635,0.862725,0.7450319,0.623234,0.89441943,0.89441943,0.8924007,0.93950486,0.88843054,0.8713383,0.7450319,0.7450319,0.7450319,0.738222,0.77060276,0.37148473,0.18498828,0.08658446,0.38693488,0.5618933,0.23068362,0.24048445,0.3297251,0.10564383,0.048821963,0.30104694,0.709072,0.16809776,0.44077575,0.5958633,0.29471326,0.44010755,0.8658157,0.6743116,0.48035324,0.32467195,0.28956157,0.7918979,0.81146777,0.8860824,0.64672196,0.5785199,0.57139486,0.65135324,0.82579696,0.73368657,0.48985323,0.34980738,0.34576988,0.6861866,0.104311556,0.76456153,0.80695534,0.74261504,0.4811845,0.24997823,0.5729782,0.93239486,0.3790199,0.6101866,0.5721865,0.7442237,0.57903445,0.19535322,0.1709501,0.8222345,0.61335325,0.5262699,0.49604806,0.59751993,0.72814494,0.32122824,0.70676994,0.6984574,0.43736574,0.7503116,0.70518655,0.5930272,0.35368654,0.7067699,0.89762694,0.8563949,0.42097822,0.5595199,0.21738133,0.62703127,0.7194366,0.87367105,0.45976987,0.667721,0.5824782,0.12331155,0.9076949,0.80838823,0.5802359,0.8088949,0.79939497,0.5967282,0.8353366,0.21435322,0.6885616,0.6893532,0.5888116,0.7708948,0.2887699,0.7257699,0.6996449,0.7187835,0.8617482,0.41068655,0.71528834,0.7310543,0.7173387,0.48351988,0.8104782,0.45026988,0.5666726,0.36872822,0.2547678,0.7328554,0.7029304,0.79349697,0.6842074,0.63710326,0.71547824,0.49143657,0.57693654,0.8007407,0.52888244,0.8609232,0.68630534,0.68776995,0.82607406,0.4692699,0.7909439,0.6592699,0.79102105,0.49460322,0.6884428,0.7637699,0.76614493,0.30618656,0.6656032,0.51411784,0.6537282,0.6497699,0.16606155,0.77239907,0.7384365,0.31806156,0.7162699,0.5942087,0.5561949,0.8451136,0.79385316,0.6601804,0.6910633,0.4653116,0.5539782,0.5088532,0.8038678,0.6271362,0.5341866,0.5041032,0.7654324,0.908645,0.22860323,0.16922823,0.25789487,0.29510322,0.61541164,0.5413115,0.8512491,0.38084075,0.10826989,0.5750366,0.38229343,0.7257699,0.25789487,0.5942345,0.48510325,0.47101158,0.49222824,0.72605497,0.3186949,0.8119646,0.4637282,0.5856449,0.7701032,0.7850044,0.4360199,0.9387283,0.6861866,0.3813949
BC2026_Train_0004_S08_20250607_070007_40,0.7573011,0.9411667,0.64878494,0.06357161,0.4055716,0.8126533,0.100492306,0.22525106,0.21495545,0.09322481,0.091407925,0.61513907,0.2500817,0.4023084,0.44409654,0.23757835,0.28872162,0.70941323,0.2287113,0.69968575,0.2959357,0.1875288,0.38996783,0.10988411,0.1234216,0.36638412,0.36536524,0.1397763,0.9430805,0.0393138,0.808321,0.6750835,0.9274273,0.54588354,0.70401895,0.63672733,0.743721,0.8789437,0.89051783,0.6178856,0.8916012,0.89051783,0.7235335,0.6750835,0.88234174,0.88234174,0.86417305,0.9254085,0.8851007,0.86972463,0.7235335,0.7235335,0.7235335,0.72218764,0.7740023,0.38898462,0.2110263,0.09064661,0.40218726,0.36039913,0.21686599,0.19752161,0.2708735,0.06859474,0.06428411,0.3407341,0.8318445,0.18467417,0.7575138,0.55168045,0.3271638,0.3662178,0.84395856,0.796142,0.5420169,0.3770336,0.38843355,0.86510015,0.8056815,0.79208565,0.75744927,0.70272523,0.5190585,0.63147527,0.90594614,0.4557252,0.48501694,0.33319503,0.47472525,0.74468356,0.079683565,0.6591836,0.8056024,0.835164,0.1814919,0.23722522,0.5356836,0.8666002,0.4676002,0.68372524,0.57685024,0.65706193,0.7323336,0.17310022,0.19770126,0.7215096,0.6045586,0.39397523,0.62340915,0.5697252,0.8127669,0.34568357,0.7043086,0.56271905,0.5333482,0.7985169,0.64810026,0.8418805,0.58397526,0.8573378,0.86089236,0.8386149,0.42405853,0.6631419,0.17145751,0.58976436,0.70668364,0.9084141,0.41297522,0.8667784,0.6370169,0.14143357,0.8112627,0.83655643,0.5826314,0.7807045,0.7723919,0.6172253,0.880969,0.23564187,0.53251696,0.8284815,0.5428086,0.91940445,0.25860023,0.54597527,0.6900586,0.85499346,0.8916082,0.4303919,0.5635265,0.7372617,0.6549086,0.4778919,0.82226694,0.5538919,0.7440087,0.45018354,0.25313774,0.48295859,0.6541962,0.862642,0.56083786,0.67264193,0.7621003,0.17547522,0.73597527,0.8166856,0.62126285,0.8216336,0.80878687,0.80880857,0.8510836,0.29660022,0.7069804,0.57605857,0.7899571,0.54914194,0.65482944,0.8602669,0.71222526,0.30372524,0.60772526,0.52570856,0.89114195,0.6045586,0.13905855,0.76588047,0.672642,0.5594336,0.62989193,0.57369155,0.68380445,0.854646,0.77397525,0.6682878,0.770112,0.38843355,0.7304336,0.72489196,0.65997535,0.43365353,0.3559752,0.54122525,0.8213565,0.9255952,0.31955856,0.08522523,0.34568357,0.34251693,0.6023815,0.39555857,0.84217733,0.35435233,0.12639189,0.7396565,0.6921942,0.9125169,0.26572523,0.71370965,0.6021836,0.6676941,0.40664187,0.75598073,0.27063358,0.8632614,0.4929336,0.71460027,0.8483919,0.8038191,0.49055856,0.83342946,0.6979753,0.37022522
BC2026_Train_0004_S08_20250607_070007_45,0.7891586,0.97270834,0.58903474,0.07634869,0.39839873,0.77516466,0.093700714,0.24086757,0.20089634,0.09127821,0.10823572,0.62806386,0.26690948,0.38626486,0.40988424,0.16278918,0.20958617,0.6516529,0.30276933,0.7102877,0.30519184,0.19617933,0.2516169,0.1504487,0.14546119,0.3606362,0.29542106,0.118991666,0.88362294,0.04061667,0.82841367,0.7160366,0.9461741,0.5208908,0.70594287,0.62721163,0.75439286,0.874946,0.89489794,0.639997,0.90954053,0.89489794,0.76246786,0.7160366,0.9071449,0.9071449,0.9239679,0.954922,0.9099376,0.89240813,0.76246786,0.76246786,0.76246786,0.73824286,0.7900575,0.37354672,0.19879167,0.0941612,0.36330813,0.32939303,0.18828243,0.22027369,0.30299497,0.07770245,0.06851119,0.2858237,0.67785704,0.09067259,0.61505,0.56755006,0.3348792,0.5049502,0.81901973,0.82796556,0.69575727,0.50276875,0.3965073,0.8664643,0.8356844,0.7337375,0.7037927,0.6632989,0.5572156,0.7133718,0.79934686,0.58017397,0.4954656,0.43224213,0.4503406,0.6332156,0.09409061,0.76938224,0.83350724,0.79508877,0.24207292,0.1320906,0.5912573,0.8509239,0.42659062,0.7107989,0.63796556,0.634126,0.6124542,0.35511896,0.122887485,0.7481458,0.5572156,0.28329894,0.59612805,0.6601323,0.6791322,0.30229893,0.7654239,0.69203645,0.35670623,0.79550725,0.74531555,0.7946166,0.47804895,0.8026322,0.8793438,0.864501,0.4859656,0.6593406,0.12625207,0.6617176,0.5318823,0.89471996,0.42579892,0.7845229,0.5936323,0.090132274,0.76198024,0.8803898,0.64513814,0.8156156,0.88516355,0.48754895,0.87008226,0.23975728,0.50971556,0.87162596,0.5144656,0.74959064,0.2935906,0.66250724,0.68150723,0.7231074,0.8710947,0.35929894,0.6677719,0.80241454,0.55533534,0.5017989,0.8208406,0.32763228,0.74352247,0.40284058,0.28500104,0.48365,0.69076973,0.8511614,0.5271521,0.5928406,0.7815739,0.47963226,0.51763225,0.818901,0.47468436,0.8225506,0.713827,0.7115906,0.7604364,0.26904893,0.76405835,0.7614656,0.81426775,0.47250727,0.6788552,0.6743823,0.6925906,0.17879894,0.6435073,0.4173875,0.8960489,0.5944239,0.21046561,0.7834036,0.6118406,0.2912156,0.64192396,0.5702395,0.7289677,0.8643822,0.7020906,0.6667426,0.7384281,0.40363228,0.5429656,0.7472156,0.7080677,0.55606765,0.3458406,0.6197573,0.84961766,0.9360122,0.27538225,0.12654893,0.25479892,0.20571561,0.73704267,0.45350727,0.84348226,0.4260167,0.102798946,0.61255306,0.6520058,0.6807156,0.22154894,0.6243885,0.6545906,0.56350935,0.5508822,0.77947605,0.35229275,0.85229254,0.5089239,0.61421555,0.75829893,0.8279023,0.50654894,0.8113406,0.58413225,0.20650728
BC2026_Train_0004_S08_20250607_070007_50,0.7722245,0.96020836,0.5712894,0.09489216,0.4832047,0.7684818,0.12104088,0.2415603,0.24882779,0.09863277,0.089548394,0.64463735,0.2875878,0.41795394,0.4215877,0.18842202,0.20461714,0.8098463,0.17736106,0.80270255,0.20885356,0.22702229,0.3953911,0.20532966,0.15830465,0.36279216,0.33256075,0.074427605,0.8504193,0.08155261,0.8457755,0.7471594,0.95105326,0.508274,0.7088032,0.61997813,0.7949366,0.8373303,0.9221177,0.6758303,0.90645224,0.9221177,0.78955317,0.7471594,0.91000533,0.91000533,0.88847196,0.94297814,0.8946292,0.8712452,0.78955317,0.78955317,0.78955317,0.7592719,0.7653282,0.37434894,0.1642026,0.11199215,0.36727697,0.52588344,0.28491196,0.27372962,0.291934,0.09450027,0.111992136,0.29652962,0.81174636,0.11982964,0.4157151,0.57365257,0.31596512,0.46426606,0.90293205,0.57708204,0.479707,0.35214972,0.40687367,0.8590579,0.8193715,0.79370385,0.76860595,0.72749865,0.5525403,0.8910966,0.9182508,0.45358202,0.536707,0.3788813,0.54304034,0.72354037,0.04666532,0.7472903,0.95826954,0.83338577,0.22732365,0.12424865,0.5549153,0.8874153,0.4329987,0.83595693,0.7536237,0.73447335,0.36897266,0.24242865,0.15583614,0.73201126,0.61587363,0.22795697,0.61832786,0.5897486,0.78529036,0.263582,0.5826237,0.6706174,0.7123779,0.75441533,0.7768987,0.660306,0.49949867,0.71324867,0.8760797,0.938755,0.4504153,0.71641535,0.16391115,0.692321,0.53354037,0.90507054,0.415582,0.67039967,0.6586237,0.28891534,0.83116746,0.81143117,0.652421,0.8325924,0.9037237,0.41162366,0.77551323,0.20024864,0.36412364,0.9142529,0.41479033,0.81537366,0.33641532,0.7156237,0.8470008,0.8255862,0.92985505,0.60162365,0.7573525,0.7941174,0.5600216,0.53749865,0.783707,0.498707,0.73207843,0.48049867,0.29358616,0.61492366,0.84403205,0.8916508,0.6171977,0.5097903,0.76154035,0.11949865,0.5279987,0.79728407,0.6551404,0.9325403,0.7024029,0.70137364,0.74174863,0.3522487,0.7685466,0.7385821,0.8768348,0.527207,0.6746351,0.73224866,0.8034986,0.22399865,0.733832,0.4563924,0.650707,0.74808204,0.17095698,0.8422181,0.67366534,0.32454032,0.5786653,0.61078227,0.7782841,0.783707,0.78370696,0.64973724,0.7647546,0.39974865,0.693457,0.49474865,0.7791549,0.4505024,0.3126653,0.807457,0.81335485,0.862272,0.2865403,0.099706985,0.43141535,0.47654036,0.71368414,0.5572903,0.94944245,0.47820288,0.08862365,0.5219028,0.49453887,0.6087487,0.30554035,0.687183,0.45991534,0.5939049,0.64437366,0.7142858,0.30704448,0.9234747,0.5826237,0.83754027,0.6562487,0.8724647,0.7829154,0.90831536,0.6855403,0.22716533
BC2026_Train_0004_S08_20250607_070007_55,0.74775577,0.9434584,0.6462874,0.08011773,0.57134694,0.8864186,0.13453427,0.33681303,0.29623616,0.10667552,0.14785802,0.6429228,0.33802423,0.528764,0.47573817,0.25468498,0.37865523,0.9128719,0.31659353,0.85553247,0.37533915,0.31477663,0.28779742,0.33946773,0.19269273,0.37153023,0.3606694,0.16093515,0.8821039,0.11034766,0.81093,0.77930295,0.9300363,0.5148467,0.71941334,0.64673835,0.8122758,0.89840925,0.85466963,0.7611342,0.8862967,0.85466963,0.8280221,0.77930295,0.9145592,0.9145592,0.87351125,0.9307092,0.90083176,0.8934633,0.8280221,0.8280221,0.8280221,0.70393634,0.78334045,0.40064064,0.18658516,0.16490524,0.4125861,0.76169527,0.34960106,0.38649273,0.38697368,0.17439932,0.17203024,0.39789274,0.85674274,0.24657488,0.56492263,0.6393393,0.31697264,0.44929743,0.95522445,0.82689524,0.66460353,0.3262452,0.41443688,0.8477319,0.61472857,0.9178528,0.8060633,0.74060357,0.5830619,0.91049516,0.8934744,0.6836036,0.4144369,0.43197632,0.67331195,0.8363952,0.12706189,0.5529786,0.88290566,0.89524996,0.2752817,0.20385356,0.65827024,0.88943684,0.6788535,0.6931036,0.6408535,0.8948266,0.5738785,0.16902022,0.11166397,0.76605564,0.6250202,0.3028119,0.5402129,0.65272856,0.5260619,0.28697854,0.41760352,0.6926682,0.6832845,0.80235356,0.82178897,0.6159952,0.6416452,0.89181185,0.89619577,0.92617023,0.5316036,0.6258119,0.18837649,0.88335884,0.90289515,0.9234697,0.55693686,0.5944619,0.56485355,0.19118689,0.8839348,0.84262764,0.60239637,0.94714946,0.9224494,0.36060357,0.8304577,0.2909369,0.56247854,0.8540098,0.6479785,0.83218354,0.30439523,0.94881195,0.8502494,0.61086917,0.95081264,0.64006186,0.7628676,0.7243942,0.60657436,0.38672853,0.8743952,0.42789522,0.7122738,0.68281186,0.39084518,0.54646707,0.7777723,0.9693557,0.73969805,0.73981196,0.7817702,0.5450618,0.6519369,0.81280357,0.57558066,0.8971635,0.82123476,0.8435202,0.7002285,0.38672853,0.83677125,0.5688119,0.9400857,0.6028535,0.6573796,0.8158119,0.8094785,0.2568952,0.72239524,0.52313274,0.73981196,0.7128952,0.14764522,0.8730059,0.65510356,0.112020224,0.6511452,0.6273655,0.74555147,0.72872853,0.82372856,0.70111924,0.760176,0.45481187,0.8221452,0.75406194,0.8415015,0.49437383,0.33447853,0.6281869,0.8339014,0.8848848,0.2529369,0.09618688,0.36693686,0.34714523,0.69575566,0.49281186,0.9653182,0.5540576,0.12389521,0.51608694,0.52587587,0.6962702,0.25214523,0.60478044,0.47381186,0.56010354,0.68756187,0.7702697,0.38344315,0.8681896,0.65510356,0.7841453,0.75722855,0.838893,0.60206187,0.9102973,0.7026036,0.2553119
BC2026_Train_0004_S08_20250607_070007_60,0.76295435,0.9222917,0.74403465,0.11277542,0.5758213,0.8514362,0.20772003,0.6256013,0.3367181,0.12898876,0.15805876,0.6242554,0.37729502,0.5603213,0.602715,0.27540827,0.4818504,0.804613,0.32937986,0.825084,0.36390048,0.3160561,0.78828776,0.36856294,0.18046291,0.43696293,0.36746326,0.19941953,0.8449841,0.13600703,0.80740947,0.70445323,0.923824,0.5025782,0.7333886,0.6270678,0.7703991,0.8403824,0.8403824,0.7105094,0.8731534,0.8403824,0.81572,0.70445323,0.9184407,0.9184407,0.8585511,0.9211324,0.8788732,0.84643865,0.81572,0.81572,0.81572,0.69906986,0.7959699,0.44437766,0.17804453,0.17405044,0.46781418,0.45812413,0.3357879,0.6771546,0.36289853,0.22602732,0.22178791,0.4640379,0.765663,0.20226939,0.4060445,0.5540071,0.35118198,0.5183293,0.96273243,0.67325944,0.5133428,0.28670838,0.3605511,0.82252824,0.6795928,0.8430611,0.78793395,0.82525945,0.66534275,0.95976365,0.92619693,0.81417614,0.50463444,0.5036182,0.6851344,0.81180114,0.22438443,0.8141761,0.9492344,0.89869547,0.5574188,0.6257594,0.6368427,0.81971776,0.43575943,0.64080113,0.6194261,0.9262634,0.46368545,0.23309276,0.2221084,0.756523,0.67246777,0.55929106,0.56541467,0.79438436,0.5885511,0.38113442,0.5529261,0.655249,0.6166553,0.86547613,0.7104678,0.7538511,0.64871776,0.73817617,0.85937434,0.83171153,0.602801,0.64396775,0.31295216,0.8974634,0.79865944,0.86072016,0.44367608,0.55466783,0.8030928,0.30830112,0.8407365,0.85229284,0.55284494,0.97551775,0.84006363,0.4832594,0.82288444,0.30592608,0.7587594,0.8014303,0.7753844,0.9256428,0.2560511,0.93898237,0.9358553,0.6710626,0.94993806,0.7336794,0.8167126,0.8349574,0.6130136,0.6257594,0.8917594,0.53392607,0.5822969,0.7215511,0.36458862,0.8595584,0.7124865,0.9714803,0.6244641,0.82367605,0.7817178,0.2758428,0.54184276,0.9193491,0.59468657,0.8929865,0.66837096,0.7540094,0.7571761,0.6352594,0.85514486,0.7278844,0.96569717,0.5988428,0.68533236,0.7856762,0.94333655,0.28771773,0.72550946,0.62108856,0.70492613,0.65505105,0.2655511,0.9137945,0.8710177,0.13334274,0.6962178,0.59014046,0.8462782,0.7247178,0.9434157,0.8939365,0.78104806,0.49671775,0.8640511,0.76588446,0.89476776,0.71981263,0.5363011,0.52125937,0.87117606,0.90593034,0.32413444,0.2172594,0.43259278,0.3843011,0.72313446,0.45159277,0.9394178,0.603197,0.117509425,0.46540734,0.5049115,0.8450511,0.22517607,0.6265416,0.5861761,0.36925945,0.75875944,0.7770105,0.38141155,0.80412793,0.64792615,0.82525945,0.78589773,0.85764253,0.7967595,0.9310261,0.71363443,0.26634276
BC2026_Train_0005_S08_20250607_070007_5,0.6027528,0.9172084,0.69966584,0.23694846,0.5555944,0.612912,0.27680492,0.25197428,0.21927054,0.17021489,0.1726374,0.7420596,0.7097596,0.55514866,0.56053203,0.3254148,0.3438234,0.8002193,0.13968329,0.44855204,0.32015952,0.2880614,0.5275444,0.36519843,0.13648595,0.45212346,0.62513196,0.33939114,0.8691745,0.22610365,0.79417235,0.6360369,0.88538617,0.5122202,0.81301403,0.63940144,0.7100577,0.8273808,0.71307236,0.6959265,0.8459869,0.71307236,0.7988827,0.6360369,0.9401952,0.9401952,0.85473484,0.8881788,0.8540619,0.8170514,0.7988827,0.7988827,0.7988827,0.67256284,0.79820985,0.4725817,0.24177863,0.13648595,0.54887307,0.6242398,0.22466178,0.34952345,0.27818435,0.17220001,0.26616096,0.42932343,0.6197193,0.22774929,0.46550363,0.38000366,0.43771613,0.48875275,0.8929975,0.53722256,0.83409756,0.79631525,0.61559755,0.9037761,0.7105975,0.70182985,0.9574581,0.7009075,0.6520142,0.8982225,0.79198086,0.849535,0.8562641,0.54651576,0.92221,0.88080585,0.1287225,0.81826425,0.88318086,0.51264125,0.4063996,0.4651808,0.7850142,0.70993257,0.7169308,0.8926809,0.80084753,0.9724615,0.53858817,0.14693084,0.10736731,0.9101777,0.8040142,0.90206206,0.93584645,0.7873892,0.84597254,0.26647252,0.9349559,0.41609752,0.7673403,0.92783093,0.6504309,0.46355793,0.5340559,0.90815794,0.8631122,0.88492256,0.77947253,0.97897255,0.15245272,0.9785955,0.6425142,0.89341325,0.7501809,0.42722043,0.9205475,0.7430559,0.86311215,0.91946495,0.9407964,0.73593086,0.9137787,0.5269308,0.88951415,0.06776418,0.52693087,0.8396391,0.9633372,0.9750142,0.22134753,0.9393496,0.94540584,0.56372356,0.6647205,0.59897256,0.9519039,0.87429243,0.9418394,0.82063925,0.9213788,0.85072255,0.6865249,0.7905559,0.6833642,0.6822955,0.73585176,0.8682184,0.4589069,0.6520142,0.93594545,0.2664725,0.4445975,0.9661871,0.80302465,0.9727342,0.8424487,0.9389934,0.6789309,0.7485975,0.9350568,0.30209753,0.9837434,0.5213892,0.9492673,0.56018084,0.9788934,0.42005584,0.9003997,0.927439,0.87368083,0.7953059,0.76047254,0.92997736,0.6266809,0.116055846,0.8333059,0.79716635,0.5226971,0.84359753,0.95910174,0.8521654,0.9303706,0.69951415,0.61005586,0.5000142,0.6084725,0.96388185,0.83488923,0.902735,0.9088704,0.8150976,0.7240559,0.6591392,0.76759756,0.6805142,0.7797512,0.5831392,0.9539559,0.82722986,0.09309751,0.61087614,0.6387479,0.5973892,0.8103475,0.9626059,0.6567642,0.70208716,0.9794871,0.9736055,0.49091005,0.871207,0.79768085,0.73551923,0.96642464,0.9672084,0.77313924,0.9297309,0.9411704,0.27043083
BC2026_Train_0005_S08_20250607_070007_10,0.53631055,0.8307501,0.7302353,0.21900855,0.56805444,0.7763838,0.2986265,0.29075342,0.22837399,0.16296649,0.17205086,0.5196123,0.6118018,0.54650056,0.5626505,0.31286383,0.3657836,0.6298044,0.124709204,0.60719043,0.3778605,0.3039742,0.64635223,0.6290127,0.14562106,0.4719461,0.574763,0.3566422,0.8992505,0.23765469,0.8068846,0.68104917,0.8812083,0.51282007,0.81630546,0.63529086,0.6931617,0.80419296,0.79286104,0.72546166,0.85398877,0.79286104,0.8068846,0.68104917,0.95223457,0.95223457,0.8344742,0.8801989,0.85264295,0.80419296,0.8068846,0.8068846,0.8068846,0.71507186,0.8028471,0.55121094,0.21556719,0.14775857,0.55878794,0.79296297,0.27474985,0.21544607,0.27771857,0.17597356,0.40283355,0.56092936,0.46054605,0.28166905,0.4471297,0.43216717,0.3459547,0.59603393,0.8805834,0.4432272,0.5706855,0.6974512,0.6039355,0.8253212,0.33318552,0.66819906,0.90062547,0.7070105,0.70289385,0.6122638,0.78601885,0.84958965,0.77572715,0.5928205,0.9043335,0.8510543,0.2500605,0.7765189,0.5366438,0.42864075,0.42765117,0.47175884,0.7226855,0.7272138,0.7274355,0.64906055,0.74010223,0.9728036,0.5460449,0.18514386,0.14603552,0.7406366,0.8675605,0.78855217,0.8390022,0.81610215,0.8548938,0.33476886,0.8785647,0.3573314,0.8389635,0.9379793,0.7068522,0.44154495,0.82006055,0.79995215,0.8272845,0.947875,0.63085216,0.8403272,0.15141886,0.9683041,0.6878522,0.8730888,0.7630605,0.51220113,0.9179105,0.76701885,0.9134772,0.8621278,0.8570136,0.6898472,0.8708459,0.6910188,0.83225214,0.10914385,0.42026886,0.68231046,0.91292304,0.8924188,0.22076884,0.9640647,0.9815605,0.5095085,0.60427195,0.57781047,0.9269779,0.8345965,0.92779154,0.6696438,0.8474126,0.79710215,0.7354531,0.91426885,0.6596292,0.6100115,0.6730876,0.96430224,0.41854697,0.9332688,0.8839876,0.37593552,0.52951884,0.9787897,0.69513553,0.88557094,0.6390261,0.9795418,0.62056047,0.83668554,0.95447665,0.39810216,0.9705921,0.5841438,0.88778657,0.6031439,0.9221459,0.47093555,0.8255626,0.8966691,0.85885215,0.7994772,0.5311021,0.89751714,0.68148714,0.20493552,0.7203105,0.7027949,0.44184175,0.7211022,0.93659383,0.9164865,0.8612003,0.55089384,0.6379771,0.5738521,0.6276855,0.9065548,0.88814384,0.8072355,0.9709522,0.79235214,0.5627688,0.42501885,0.8731021,0.5445605,0.673998,0.5390188,0.8252064,0.9275867,0.10281052,0.7110084,0.49925938,0.7667022,0.7868105,0.90570605,0.66726875,0.5511313,0.866373,0.92929935,0.50283974,0.702464,0.89606047,0.7507104,0.9098354,0.92090696,0.5683105,0.96564806,0.88675845,0.42581052
BC2026_Train_0005_S08_20250607_070007_15,0.5767378,0.896375,0.6707915,0.20549333,0.5517684,0.44919944,0.29476562,0.17727439,0.17969687,0.15547188,0.1409369,0.58802277,0.63849145,0.5412867,0.4898759,0.32393458,0.29099336,0.6507267,0.101851314,0.39800197,0.4113257,0.24780694,0.36061287,0.34870583,0.09078084,0.40499336,0.63414925,0.32593697,0.8953829,0.15208697,0.78186274,0.57056683,0.88414603,0.5221169,0.75898355,0.61430645,0.6782335,0.8094523,0.7162668,0.63045645,0.84377104,0.7162668,0.7502357,0.57056683,0.9258669,0.9258669,0.84511685,0.883204,0.844444,0.7899377,0.7502357,0.7502357,0.7502357,0.66827434,0.7926294,0.44263715,0.18414946,0.12426834,0.45578274,0.6057758,0.13964647,0.16345583,0.15410428,0.12079491,0.25536835,0.32519335,0.63330996,0.21785127,0.489812,0.33733696,0.29601195,0.4659046,0.8660004,0.77274215,0.7735338,0.7448667,0.8439921,0.8477011,0.61124206,0.68245256,0.94493747,0.88832533,0.6650754,0.6033255,0.7838254,0.84795046,0.7355337,0.51204926,0.9031296,0.8750254,0.118033744,0.8368671,0.82815874,0.403865,0.5015962,0.47111708,0.6935755,0.7757821,0.6326171,0.8218255,0.77986705,0.90090704,0.75194585,0.13149208,0.15203583,0.8349651,0.86299205,0.8999629,0.9043211,0.592242,0.8622004,0.27874207,0.8964796,0.4554025,0.80929446,0.87019634,0.69278383,0.53306496,0.79490876,0.91495705,0.84523904,0.9144504,0.7616588,0.9556171,0.11569834,0.96747243,0.4354921,0.9690112,0.80520046,0.63400245,0.89473796,0.79253376,0.7869922,0.89801157,0.86325526,0.8661587,0.9363401,0.46557543,0.83845043,0.06340875,0.43945044,0.7735338,0.9624255,0.89549005,0.2565754,0.92537546,0.9610796,0.5957215,0.5478692,0.45449206,0.91365886,0.78343165,0.92863405,0.7687838,0.93143165,0.85349214,0.62015426,0.83290875,0.66281915,0.46122128,0.6513796,0.9166275,0.37694836,0.7109921,0.9231192,0.12911707,0.59065866,0.98447335,0.6821755,0.9538121,0.74432325,0.95914006,0.7759087,0.7355337,0.9225235,0.27003375,0.9789119,0.5574088,0.9133431,0.74265873,0.9167067,0.46953374,0.8736005,0.882573,0.81715465,0.8186588,0.72286713,0.91314125,0.5043671,0.41253376,0.8162838,0.69787025,0.47741085,0.8368671,0.88025045,0.8832973,0.8769175,0.4259921,0.7687838,0.7133671,0.7442421,0.9274199,0.81470037,0.96923375,0.91967547,0.82736707,0.65953374,0.6674504,0.9279088,0.5194087,0.6792859,0.5795754,0.84391296,0.88260865,0.06974208,0.8401129,0.50373966,0.69889534,0.7584921,0.9710467,0.558992,0.71514845,0.9436233,0.9359323,0.5282358,0.9207294,0.7268255,0.7561171,0.9177754,0.9729408,0.7608671,0.97453797,0.89802337,0.3112004
BC2026_Train_0005_S08_20250607_070007_20,0.66454035,0.9633333,0.84613866,0.24876143,0.46892393,0.735918,0.23768732,0.20801172,0.18681483,0.13897046,0.14502671,0.8232594,0.6960782,0.46605736,0.45636734,0.3721854,0.28153643,0.7446614,0.07223065,0.34779003,0.28722754,0.23151003,0.38033202,0.6947864,0.07491143,0.37059894,0.60467815,0.719293,0.93759507,0.21626796,0.8102756,0.63800895,0.9058297,0.5478381,0.83113605,0.6548318,0.7241423,0.83503896,0.7822015,0.70799226,0.8638398,0.7822015,0.8237339,0.63800895,0.9542798,0.9542798,0.9300548,0.91360193,0.8641089,0.8641089,0.8237339,0.8237339,0.8237339,0.71176064,0.8338277,0.41033983,0.26044294,0.11338643,0.38965437,0.5785421,0.13710873,0.19959892,0.20606486,0.15822048,0.26443645,0.26301143,0.6314531,0.18196984,0.5989596,0.66466796,0.37373048,0.37874866,0.80680573,0.58276415,0.85193086,0.7351402,0.71655583,0.8879913,0.55505586,0.68991625,0.9341197,0.8535141,0.60730577,0.5336808,0.7648475,0.84975374,0.87579954,0.4399247,0.8761163,0.86408293,0.082430795,0.8123474,0.78859746,0.38908285,0.39535686,0.3626808,0.8353058,0.73995745,0.5811808,0.7593057,0.8131391,0.9058449,0.6496798,0.11409747,0.092049554,0.86938703,0.7854308,0.7819079,0.8589668,0.68093085,0.8804308,0.2344308,0.74446213,0.49437457,0.7489054,0.8678433,0.7015141,0.44198602,0.5249725,0.90477455,0.8235297,0.9173621,0.71655583,0.9690975,0.14722872,0.9483509,0.61997247,0.9590709,0.7703892,0.4884173,0.92345786,0.50834745,0.79413915,0.90167916,0.8549788,0.6437224,0.9147496,0.56455576,0.79888916,0.061847463,0.52259743,0.6650975,0.92737675,0.91007876,0.21859746,0.85814536,0.8885058,0.49458236,0.5626955,0.6286808,0.93430924,0.7244675,0.90683186,0.7070558,0.93030584,0.8004725,0.49904537,0.5883057,0.6646621,0.56829643,0.65726006,0.86364746,0.3251954,0.6904309,0.9129683,0.1750558,0.34684744,0.94748497,0.5926204,0.9574442,0.7711413,0.9032308,0.69834745,0.6975558,0.867967,0.30568078,0.94784606,0.5273475,0.9400058,0.78147244,0.8688725,0.42759746,0.88442874,0.8655484,0.909762,0.66351414,0.7244725,0.8846891,0.49330583,0.19563912,0.83134747,0.77979016,0.38852236,0.8036392,0.8718412,0.81262255,0.899755,0.5273475,0.58988905,0.5788058,0.72368085,0.8399664,0.70388913,0.91324544,0.8868829,0.77197254,0.56218076,0.7719724,0.77830577,0.54555583,0.71152246,0.57484746,0.8382349,0.8373939,0.06897247,0.7470794,0.5575892,0.58276415,0.6801392,0.9105004,0.5558475,0.64308906,0.89836204,0.9314494,0.47624537,0.914073,0.6999308,0.77197254,0.92112243,0.9670867,0.6270975,0.86511195,0.8955517,0.49805582
BC2026_Train_0005_S08_20250607_070007_25,0.6263618,0.88416666,0.66611934,0.16771765,0.5439968,0.4523906,0.21190056,0.20160493,0.18161932,0.13074683,0.16890119,0.6338194,0.40993994,0.47527778,0.5330814,0.2869284,0.24894264,0.66908014,0.082767695,0.39648148,0.32380643,0.347983,0.4094451,0.24823014,0.098605156,0.37434268,0.58489597,0.29706562,0.88503647,0.09970313,0.7647835,0.48552307,0.8670668,0.47812098,0.7762231,0.54743135,0.64231265,0.83601177,0.6803729,0.57434803,0.85000837,0.6803729,0.7351752,0.48552307,0.9229189,0.9229189,0.8374585,0.87887657,0.8421689,0.85115236,0.7351752,0.7351752,0.7351752,0.65143734,0.80179393,0.40865904,0.20800312,0.13993016,0.38560015,0.45524704,0.18029326,0.13708016,0.12455797,0.13606483,0.19123016,0.22115515,0.59070516,0.21129493,0.64603233,0.34694064,0.36332813,0.23923674,0.8653522,0.85517925,0.8148043,0.8302814,0.6659709,0.8874397,0.68259597,0.710047,0.96607894,0.91059595,0.72376263,0.45459595,0.72930425,0.7190126,0.81464595,0.6950498,0.79402304,0.9066376,0.1189293,0.68101263,0.6319293,0.43680325,0.5856366,0.3255543,0.82509595,0.6358876,0.86099803,0.8892209,0.644596,0.9152098,0.53016055,0.08805429,0.09735638,0.8720418,0.84172094,0.80767924,0.8420485,0.73722094,0.6723043,0.407096,0.8173772,0.40717512,0.69586134,0.8678459,0.47517928,0.4967522,0.44826263,0.94761425,0.78145534,0.96557724,0.7902626,0.8377626,0.13100222,0.9465376,0.6794293,0.9316594,0.663596,0.40927303,0.83360636,0.6343043,0.6928876,0.8975988,0.8394251,0.7308876,0.68022096,0.45380428,0.7388043,0.041345958,0.39997095,0.86072093,0.8836793,0.86428344,0.20126262,0.8338043,0.91364384,0.53038716,0.6299303,0.62797093,0.8653803,0.7576331,0.91396844,0.6216376,0.9776897,0.8504293,0.79491365,0.7388043,0.6873855,0.5365137,0.71699387,0.8957522,0.39310327,0.8559709,0.9359293,0.0928043,0.65884596,0.91871053,0.7348855,0.86147296,0.7132335,0.9750772,0.8140126,0.86784595,0.8992485,0.26538762,0.95326686,0.5036793,0.89379483,0.63747096,0.87845427,0.4823043,0.90905225,0.905086,0.9664085,0.7760126,0.63272095,0.89002746,0.51792926,0.099929295,0.70476264,0.63677824,0.45966265,0.85988975,0.87738556,0.93127626,0.81854534,0.4918043,0.6699292,0.6699292,0.67072093,0.7612129,0.77799183,0.82620436,0.8710522,0.8623043,0.64934593,0.26538762,0.7380126,0.61134595,0.65615433,0.6208459,0.7892335,0.90900767,0.06351262,0.48388764,0.606497,0.6010543,0.54959595,0.9165859,0.6873459,0.71335226,0.81401265,0.8338878,0.65845007,0.884165,0.7641376,0.80134594,0.91851264,0.9501536,0.5084293,0.94998133,0.85858345,0.30576262
BC2026_Train_0005_S08_20250607_070007_30,0.7696358,0.94666666,0.7779557,0.21490653,0.48850662,0.63605756,0.20792803,0.20550552,0.22004053,0.13343614,0.14009802,0.783339,0.44472742,0.5436351,0.5503643,0.40413946,0.21561904,0.72600657,0.12845951,0.6514504,0.30530202,0.2792602,0.28513572,0.40158156,0.11871904,0.39303157,0.67619973,0.5838076,0.92750967,0.19818673,0.7797053,0.61013025,0.8981386,0.5273615,0.806622,0.63031775,0.70231986,0.8616329,0.7480782,0.6269532,0.8672517,0.7480782,0.7723032,0.61013025,0.9418782,0.9418782,0.9015032,0.89948446,0.8651657,0.8801381,0.7723032,0.7723032,0.7723032,0.7030735,0.82209903,0.42351943,0.2708617,0.12299405,0.43022016,0.5440103,0.28244758,0.15933155,0.20274061,0.12945999,0.24126905,0.27689403,0.7188816,0.23760363,0.7421409,0.48389918,0.3934117,0.39676073,0.9157427,0.5624614,0.88098854,0.67369056,0.77066976,0.8622735,0.55216974,0.69393736,0.96659535,0.7350447,0.68596137,0.37483636,0.78254473,0.6313364,0.92195725,0.77260536,0.7675031,0.93889886,0.1674197,0.72316974,0.7081281,0.44163325,0.538553,0.35979468,0.8384048,0.7445447,0.9555634,0.82509685,0.62183636,0.9375381,0.57948226,0.1127947,0.15275408,0.9171182,0.72950304,0.7223781,0.89768475,0.81737804,0.7247531,0.3004197,0.79956555,0.38006136,0.70195305,0.9153468,0.6352947,0.4697572,0.4690447,0.9812531,0.7774583,0.9103593,0.8923093,0.86582804,0.121126994,0.9094884,0.77937806,0.92367524,0.6954614,0.3970822,0.9181177,0.83488977,0.7421698,0.9191349,0.94611895,0.69783634,0.7057531,0.368503,0.76987815,0.21412803,0.5244613,0.8277885,0.8587822,0.901928,0.25450304,0.7777947,0.85458636,0.4907047,0.71416456,0.69862807,0.90301746,0.6908796,0.9626094,0.5624614,0.9778093,0.87991977,0.6170627,0.6709197,0.6368036,0.47395307,0.81310785,0.8556552,0.34469363,0.7675031,0.95599896,0.12546137,0.6234197,0.91055727,0.6478823,0.8930614,0.8138255,0.9554052,0.8157947,0.7334614,0.926064,0.29171136,0.9014135,0.468253,0.9347605,0.75721145,0.89733636,0.40491968,0.890726,0.9639552,0.90169054,0.6756697,0.4096697,0.9291258,0.54662806,0.09775303,0.8395447,0.71083957,0.5266037,0.9687051,0.9085781,0.9268874,0.8790616,0.54425305,0.5838364,0.6788364,0.85616964,0.7730436,0.8363781,0.9292801,0.8419198,0.83479476,0.5458364,0.382753,0.67250305,0.589378,0.750685,0.4809197,0.8543885,0.76655316,0.0795447,0.594649,0.4387397,0.5070447,0.6139197,0.93012327,0.5751281,0.48369053,0.8545863,0.8435652,0.7822344,0.8816852,0.8023364,0.7065447,0.9263906,0.96664286,0.655878,0.9032739,0.9362864,0.34316966
BC2026_Train_0005_S08_20250607_070007_35,0.6802754,0.9289167,0.7106833,0.21914928,0.47992432,0.5695112,0.21561845,0.19018221,0.20108345,0.118112825,0.1320422,0.51553744,0.39912283,0.56093717,0.55218923,0.35468817,0.19349928,0.6596327,0.10187179,0.44344425,0.26841867,0.26236242,0.2717753,0.2982368,0.1735493,0.3908618,0.67264134,0.19616121,0.8850299,0.11422369,0.7742969,0.6148156,0.89340305,0.5407948,0.79111975,0.63298434,0.71844476,0.86436677,0.7413239,0.6666302,0.8678995,0.7413239,0.7850635,0.6148156,0.9445448,0.9445448,0.91830105,0.8967676,0.8724754,0.88610196,0.7850635,0.7850635,0.7850635,0.6666302,0.82341975,0.4249407,0.2289362,0.10586178,0.4261741,0.5704474,0.1675722,0.14576177,0.22192805,0.15652053,0.1942118,0.28968674,0.68338263,0.25922346,0.5758445,0.4027862,0.3692987,0.460192,0.86932117,0.85348785,0.91440666,0.8414486,0.8210296,0.9173912,0.48615453,0.70404106,0.97528875,0.87723786,0.6563629,0.6357795,0.8566545,0.6484462,0.8525775,0.8518373,0.8729629,0.8677379,0.110112876,0.6650712,0.76165456,0.5068566,0.448016,0.34523785,0.80757123,0.7228629,0.96254,0.95925456,0.6935712,0.882649,0.32727298,0.09665454,0.12085976,0.96653795,0.7624462,0.6793212,0.9208746,0.72998786,0.8408212,0.22332121,0.8292232,0.4996129,0.7692149,0.93443584,0.81548786,0.52712333,0.5265295,0.97936285,0.8008817,0.8344879,0.66823786,0.8781483,0.134991,0.9209874,0.8004463,0.9474103,0.7094045,0.39926913,0.87541705,0.7125712,0.7735296,0.8959806,0.93958557,0.8004463,0.73236287,0.3610712,0.7474046,0.13623787,0.41727954,0.9000774,0.8992462,0.93752325,0.14811288,0.85772336,0.826215,0.5774179,0.5889525,0.76165456,0.93210834,0.7045704,0.9850015,0.6270712,0.96843785,0.81707126,0.6897435,0.5977796,0.7336295,0.40158474,0.9099337,0.9193545,0.4638098,0.66902953,0.96582544,0.2731962,0.5059462,0.8923587,0.6490004,0.9428829,0.90193796,0.9486462,0.8218212,0.6349879,0.8561449,0.1829462,0.9071926,0.4560712,0.94993466,0.58352953,0.786315,0.52732116,0.9290129,0.97712845,0.6025295,0.66032124,0.64448786,0.8869635,0.58669627,0.11169621,0.86377954,0.76992744,0.5716799,0.8829775,0.8939025,0.9053203,0.9581166,0.5233629,0.73236287,0.5130712,0.6793212,0.852435,0.94741917,0.7529462,0.8519046,0.8598212,0.7798629,0.33494622,0.8780295,0.7307795,0.6948236,0.6001546,0.8155671,0.89976084,0.08002953,0.63738346,0.6123581,0.6341962,0.5083212,0.95648086,0.72444624,0.45789203,0.8205546,0.89863074,0.5788587,0.8665593,0.7727379,0.6270712,0.97964,0.96912664,0.6278629,0.89069617,0.9270337,0.2898212
BC2026_Train_0005_S08_20250607_070007_40,0.6630063,0.87045836,0.6803856,0.20136654,0.48707902,0.55286694,0.3692962,0.34446552,0.18579182,0.14400369,0.17610182,0.5343626,0.61107516,0.5835514,0.62699497,0.6400764,0.2925665,0.66654986,0.11802481,0.5870478,0.2627692,0.29607856,0.39779788,0.3310415,0.26400954,0.44789153,0.8870368,0.2456211,0.8912649,0.1601211,0.7391592,0.50633,0.8596113,0.5367727,0.8158717,0.5938091,0.6314925,0.8012357,0.60390294,0.58236957,0.83067584,0.60390294,0.7465613,0.50633,0.91748214,0.91748214,0.83673215,0.8688302,0.83336747,0.8199092,0.7465613,0.7465613,0.7465613,0.55208826,0.82058203,0.4752791,0.24562109,0.11087905,0.467418,0.62494785,0.1694505,0.18355404,0.17715935,0.14506125,0.23770402,0.2925665,0.424379,0.23060806,0.7230753,0.5489086,0.47789606,0.49517292,0.8205549,0.53238815,0.95953196,0.6846455,0.7651382,0.8726386,0.24659652,0.7022205,0.9633973,0.6574715,0.7271382,0.7341365,0.8807215,0.87676316,0.7223882,0.48722163,0.92762774,0.79522157,0.13338818,0.6360965,0.8815132,0.42592883,0.3511559,0.5118048,0.7865132,0.7619715,0.7826341,0.85926735,0.7128882,0.94703513,0.5440059,0.15080485,0.098614216,0.91516405,0.7635549,0.8601382,0.9258608,0.73980486,0.6313465,0.29488817,0.8107382,0.36910698,0.5901402,0.87300277,0.4943882,0.55360484,0.54663813,0.89338815,0.82961154,0.8830965,0.7888882,0.9535548,0.26078713,0.9224216,0.6677632,0.9492186,0.79522157,0.43517157,0.86508614,0.60284656,0.6923049,0.916018,0.9399402,0.5862215,0.93514866,0.48013818,0.84192985,0.06609651,0.32180485,0.5949299,0.95046735,0.8728048,0.16980483,0.95929444,0.91040903,0.56210893,0.5383059,0.5767215,0.9546054,0.73381,0.9753871,0.69388825,0.9618278,0.8506382,0.60374117,0.69705486,0.750532,0.43257883,0.72563404,0.80567163,0.3839309,0.5775132,0.9140112,0.10251318,0.4223465,0.9126653,0.70825696,0.9823082,0.7649354,0.9377215,0.63292986,0.46430483,0.89914566,0.40651318,0.9423735,0.46192986,0.98068637,0.6891382,0.9638465,0.52763814,0.88475907,0.9698019,0.7960132,0.7390132,0.71051323,0.8635839,0.58938813,0.14684652,0.61392987,0.82638156,0.4735674,0.8910528,0.9100132,0.9665214,0.9115388,0.5102215,0.5925548,0.6638049,0.59097147,0.8146388,0.93178403,0.71842986,0.85617983,0.87961316,0.7508882,0.9013048,0.82926315,0.6186799,0.65727365,0.4555965,0.83943605,0.7960528,0.05738817,0.5549903,0.60575986,0.6938882,0.6930966,0.9735583,0.6962632,0.67259234,0.97049654,0.9506689,0.55404025,0.85790366,0.7144715,0.7120965,0.9490424,0.95380235,0.8340132,0.7659299,0.97983825,0.2988465
BC2026_Train_0005_S08_20250607_070007_45,0.7153728,0.9052501,0.7701863,0.21899894,0.47549894,0.78838915,0.57638633,0.29281923,0.21893297,0.16442671,0.13656797,0.7358676,0.5595634,0.5017095,0.5656366,0.5710198,0.25106144,0.62599474,0.15738846,0.59754324,0.29728782,0.28033033,0.29103947,0.24821143,0.18693642,0.40567395,0.7917365,0.2952599,0.86779326,0.13993488,0.75666714,0.5090338,0.87510043,0.46933174,0.8024255,0.5635399,0.64429,0.8144033,0.6490004,0.5924754,0.846165,0.6490004,0.73849833,0.5090338,0.9235504,0.9235504,0.86500674,0.8798445,0.84555936,0.8409836,0.73849833,0.73849833,0.73849833,0.6512076,0.80982757,0.4375132,0.24680988,0.09644893,0.4534352,0.5888933,0.2820433,0.18408644,0.14165707,0.12106582,0.23894891,0.22826143,0.45554888,0.2928192,0.6941808,0.59680575,0.4064099,0.4050395,0.7487745,0.62764955,0.77489954,0.67736626,0.74085796,0.86803126,0.4859412,0.7628464,0.9336357,0.8611912,0.7028579,0.71156627,0.8912745,0.7853812,0.83031625,0.624849,0.81527454,0.81733286,0.09644121,0.58173287,0.87702453,0.39846206,0.4381444,0.5278995,0.7915246,0.8105246,0.6593162,0.8588162,0.6157746,0.9319061,0.45126626,0.124149546,0.1019433,0.79057956,0.8485246,0.85406613,0.8785288,0.70444125,0.5888578,0.24606621,0.8003516,0.41991624,0.66440266,0.83352244,0.51602453,0.5357964,0.4297329,0.90976,0.87275654,0.86562455,0.82271624,0.9098945,0.17327248,0.9453227,0.80973285,0.9239516,0.7091912,0.49071103,0.8927392,0.6838579,0.80894125,0.8657295,0.8737372,0.7725246,0.8392621,0.5152329,0.7741079,0.06319121,0.29356623,0.59994125,0.8622203,0.8263579,0.18114954,0.87963706,0.8498704,0.48285374,0.4926704,0.6054828,0.9295172,0.73591197,0.94070727,0.67039955,0.9846912,0.80339956,0.5187202,0.8564412,0.6905079,0.6231964,0.8661391,0.84646624,0.49166107,0.61973286,0.9172808,0.13839956,0.58964956,0.9412683,0.63794124,0.9364628,0.6161258,0.93711203,0.7780662,0.6743579,0.8951913,0.36481622,0.9580745,0.48277453,0.9200615,0.73927456,0.7977788,0.42577454,0.91478705,0.9504982,0.92214954,0.7076079,0.6822745,0.88022095,0.6466496,0.20410788,0.6870246,0.67589474,0.32657877,0.83269125,0.8643579,0.90492094,0.8754484,0.43052456,0.81448287,0.67277455,0.5112746,0.8435521,0.8777371,0.5888579,0.8397371,0.8311079,0.66485786,0.65953785,0.79864955,0.4384412,0.5573892,0.46614957,0.89293706,0.838688,0.059232883,0.46856415,0.4844014,0.6664412,0.54452455,0.96152806,0.6743579,0.4925912,0.8647537,0.9450617,0.560635,0.8124831,0.6917746,0.8216079,0.96339536,0.94833,0.5643162,0.8263579,0.91878504,0.36877453
BC2026_Train_0005_S08_20250607_070007_50,0.5603716,0.9024334,0.59670806,0.19546106,0.43272358,0.45328408,0.22492161,0.16254225,0.17344353,0.14982413,0.09955725,0.37875035,0.41932723,0.48205948,0.53696954,0.30945632,0.22253606,0.6865319,0.13561107,0.42933923,0.28822857,0.22221546,0.43687162,0.32941103,0.11352357,0.37572357,0.6486737,0.1704216,0.8669695,0.09988411,0.7913121,0.67893505,0.90638083,0.5605017,0.7650684,0.69675386,0.7287308,0.87074995,0.8067084,0.74084336,0.875494,0.8067084,0.7751621,0.67893505,0.93800795,0.93800795,0.8875392,0.9027135,0.8719275,0.8780175,0.7751621,0.7751621,0.7751621,0.7200637,0.8310142,0.41786322,0.27587163,0.095711075,0.40773067,0.5551667,0.13822754,0.13988608,0.13115795,0.0887642,0.18762358,0.26671103,0.43771103,0.1589085,0.48249662,0.3863091,0.36422163,0.23578827,0.82142097,0.54512924,0.7683793,0.8054095,0.67100424,0.9269462,0.6242959,0.80814075,0.899987,0.7042542,0.6686292,0.6488376,0.85783756,0.93383753,0.8365022,0.63016117,0.79133755,0.89742094,0.09387924,0.7177126,0.5997543,0.49042508,0.27750632,0.34325424,0.7596709,0.84675425,0.7010876,0.7675876,0.7683793,0.90694714,0.695724,0.14375424,0.12594174,0.85589707,0.75729597,0.74225426,0.89703107,0.85546255,0.8617959,0.37887922,0.79529583,0.5874834,0.620773,0.9241397,0.46279588,0.5339668,0.51346254,0.94900596,0.93062496,0.9212501,0.8942542,0.9381759,0.085566744,0.9614737,0.7842126,0.9766579,0.7588793,0.62279177,0.74779594,0.6694209,0.7952959,0.93365955,0.8663679,0.7153376,0.8660709,0.4841709,0.7913376,0.10575424,0.29496258,0.6155876,0.9307897,0.9061688,0.24508756,0.8887126,0.89536256,0.63331497,0.6869167,0.7390876,0.9270673,0.77305704,0.9278516,0.65912926,0.9575481,0.80321264,0.6156886,0.75254595,0.6816522,0.34883553,0.7112605,0.89761883,0.43332613,0.6480459,0.97219384,0.42400423,0.6939626,0.9117897,0.81291044,0.91062593,0.6154303,0.9227938,0.76362926,0.69475424,0.89784944,0.34087923,0.9314953,0.5506709,0.94387394,0.7541293,0.9392209,0.4730876,0.9565189,0.88199234,0.7501709,0.6322126,0.83883756,0.9029953,0.6211292,0.3297959,0.7588793,0.72697353,0.50099385,0.88621885,0.83883756,0.95713043,0.94705296,0.4675459,0.73750424,0.50871253,0.7778792,0.7873025,0.895798,0.7952959,0.9276626,0.8103376,0.5720459,0.89267087,0.75412923,0.55225426,0.75064594,0.6147959,0.84738755,0.7513188,0.0827959,0.83341473,0.62914693,0.7351293,0.71217096,0.8720945,0.6084625,0.65141046,0.8617563,0.9267308,0.5504334,0.9671361,0.68050426,0.7216709,0.9541043,0.95149183,0.7604626,0.8887126,0.8894251,0.48496255
BC2026_Train_0005_S08_20250607_070007_55,0.7186088,0.92843336,0.6390004,0.24791439,0.47733942,0.7770641,0.26943454,0.19130893,0.18828079,0.15618266,0.16829517,0.46384016,0.38874266,0.54659605,0.5654377,0.3459995,0.2051644,0.79677695,0.1440705,0.63994277,0.30516678,0.26640677,0.26181713,0.4338769,0.0997144,0.40608943,0.63945854,0.21719739,0.8894807,0.1245724,0.79392695,0.70375603,0.9123602,0.5449477,0.7710477,0.65126854,0.7555706,0.8902212,0.80940396,0.7582624,0.88436687,0.80940396,0.7986373,0.70375603,0.9278373,0.9278373,0.9291832,0.9085918,0.89412415,0.9085246,0.7986373,0.7986373,0.7986373,0.69500816,0.82622683,0.43320954,0.28132236,0.106126904,0.43625194,0.63408947,0.2061144,0.15742691,0.18254252,0.12803629,0.2244019,0.2985019,0.68515193,0.3669402,0.587064,0.46942237,0.3974599,0.41698378,0.8622809,0.6065725,0.86940587,0.6759028,0.79103094,0.93499166,0.43161422,0.8527216,0.949972,0.71898925,0.62636423,0.5543226,0.696031,0.71841925,0.7015726,0.70553786,0.7846976,0.9108101,0.122864254,0.62082255,0.56461424,0.5331851,0.38607365,0.19728093,0.9604476,0.8812809,0.9359059,0.91476846,0.741156,0.88286704,0.60928404,0.15928093,0.08151946,0.9634045,0.7736143,0.73244756,0.9114147,0.81873924,0.9311559,0.24240592,0.6722809,0.42615175,0.6987028,0.93503517,0.8029059,0.5096528,0.54798925,0.9830893,0.93201584,0.9432684,0.8812809,0.78865594,0.10641738,0.97728735,0.94485176,0.98057574,0.7807393,0.5507007,0.71107256,0.61575586,0.9417643,0.92110384,0.9146774,0.7775726,0.89371014,0.6414059,0.75303096,0.22340593,0.39440596,0.8781142,0.8563039,0.9184892,0.31207258,0.8748289,0.88456637,0.5876408,0.7242934,0.6611976,0.9040303,0.85096216,0.9470437,0.6200309,0.9123934,0.8084476,0.7095308,0.58282256,0.69076633,0.3275299,0.88725805,0.9330955,0.502132,0.61765593,0.984435,0.48386425,0.5400726,0.8787476,0.76597464,0.8862526,0.90539896,0.97038305,0.76728094,0.4664476,0.8393206,0.3540309,0.9563933,0.5020726,0.9020275,0.72136426,0.84613097,0.44190592,0.89058304,0.8960703,0.8321976,0.7316559,0.6239893,0.84917194,0.57332253,0.16086425,0.8187393,0.7188022,0.46682602,0.9600122,0.85040593,0.8702322,0.9096155,0.5084059,0.6461559,0.4070726,0.7696559,0.73876196,0.83061427,0.77598923,0.9101372,0.8416976,0.6833642,0.50061595,0.70157254,0.77203095,0.8086677,0.45140594,0.8938684,0.7289841,0.072989255,0.6966675,0.6731933,0.69207263,0.4640726,0.93442756,0.5384893,0.666383,0.919083,0.86362165,0.6470268,0.96644443,0.6619892,0.55511427,0.97853714,0.93900335,0.5337392,0.893908,0.88753515,0.4157809
BC2026_Train_0005_S08_20250607_070007_60,0.53829867,0.7850001,0.70981354,0.15579991,0.5674666,0.40269583,0.35390788,0.2255154,0.19705102,0.16616416,0.14436164,0.56715524,0.463526,0.57276666,0.619171,0.44127873,0.3638499,0.8358416,0.118652426,0.7390816,0.33728305,0.37558278,0.29050702,0.57300824,0.1280124,0.46288744,0.658227,0.29867083,0.7207875,0.12410833,0.6734174,0.46481317,0.8315528,0.353109,0.7346528,0.47423404,0.6310236,0.7864674,0.579209,0.5536382,0.8248237,0.579209,0.7023528,0.46481317,0.9291257,0.9291257,0.78310287,0.85611427,0.82549655,0.8127111,0.7023528,0.7023528,0.7023528,0.5705957,0.78108406,0.45339122,0.19892083,0.15437491,0.47930858,0.85476243,0.2618892,0.19427493,0.17737088,0.18766649,0.44721237,0.3118374,0.6759249,0.323021,0.63924587,0.34355828,0.37134582,0.5240486,0.9370024,0.81211704,0.52917534,0.82110345,0.8379254,0.9444568,0.7183837,0.76396394,0.91108143,0.6560637,0.6669254,0.602832,0.77380043,0.46109205,0.908265,0.53821427,0.8616754,0.9087795,0.19588372,0.62496704,0.7521404,0.44292334,0.5655326,0.23784205,0.7643004,0.7080921,0.78409207,0.9535087,0.76113373,0.97237694,0.33751193,0.10721704,0.115964964,0.8408031,0.80625874,0.71125877,0.885177,0.6526754,0.80787367,0.26634204,0.810217,0.43215662,0.79392856,0.91835874,0.69146705,0.47328377,0.50780034,0.93735874,0.799972,0.96051496,0.6455504,0.7445087,0.12538579,0.9661003,0.81892544,0.9844629,0.76825875,0.5217337,0.83950865,0.63842535,0.8940151,0.85391116,0.76845074,0.6693004,0.9124608,0.41359204,0.78171706,0.10405038,0.3360087,0.874342,0.8453275,0.8884733,0.21171705,0.9851754,0.96601707,0.56968,0.56001085,0.7373837,0.9208315,0.76584613,0.9060187,0.5117587,0.953865,0.6970087,0.85345155,0.7967587,0.62742126,0.43027642,0.7209567,0.9733004,0.42817852,0.76588374,0.9404066,0.12621705,0.66771704,0.93593377,0.8022609,0.8030129,0.68320596,0.9851754,0.60596704,0.8371337,0.9358922,0.23784205,0.9683881,0.6756337,0.89011604,0.76113373,0.9285712,0.5687587,0.9586546,0.8693447,0.6178421,0.71996707,0.5070087,0.87393236,0.5212587,0.09771705,0.6875087,0.6071477,0.6146358,0.8747775,0.8331754,0.8625264,0.867301,0.5165087,0.88700867,0.5378837,0.75084203,0.8498051,0.75242543,0.7967587,0.96186084,0.72313374,0.68275875,0.34946707,0.9544587,0.6368421,0.6334775,0.5054254,0.8973796,0.5913806,0.06367538,0.5547462,0.58226615,0.6123004,0.72313374,0.8909611,0.58380044,0.56606704,0.941792,0.90801245,0.45448163,0.9763879,0.81100875,0.6233837,0.95679414,0.928504,0.65137696,0.9396941,0.9089775,0.34946704
BC2026_Train_0006_S09_20250828_000000_5,0.33063513,0.6308333,0.09040485,0.4104955,0.4275955,0.6682547,0.20607921,0.12431985,0.14854486,0.31630298,0.21879736,0.083742976,0.12008047,0.41255465,0.41739962,0.19937459,0.062795475,0.35135797,0.1549425,0.5026385,0.12526688,0.31058815,0.2126768,0.7069747,0.27440798,0.41619548,0.44223022,0.32918388,0.46384636,0.42180884,0.70685005,0.76472086,0.64561456,0.91262794,0.4511417,0.82662916,0.84547085,0.7115604,0.8138438,0.7936563,0.7115604,0.8138438,0.650325,0.76472086,0.6382125,0.6382125,0.63619375,0.57832295,0.6570542,0.6604187,0.650325,0.650325,0.650325,0.8024041,0.6092771,0.4476809,0.80996305,0.28010798,0.4070043,0.28466797,0.20351425,0.32000798,0.12679578,0.13345768,0.31074548,0.6555164,0.47960797,0.36838672,0.615213,0.35768387,0.781463,0.7787185,0.72799736,0.8412453,0.6662158,0.8236238,0.6923724,0.7276688,0.55937237,0.6681276,0.10649944,0.83538693,0.24508066,0.28703904,0.39549738,0.4287474,0.26803905,0.19221716,0.68683076,0.48653904,0.37728903,0.28387237,0.26645568,0.7338557,0.32808694,0.60291404,0.19203903,0.6662473,0.13266401,0.23716402,0.9013724,0.71316355,0.93838966,0.43476406,0.77150345,0.43112236,0.49128905,0.49603903,0.4484203,0.6274557,0.47703904,0.91929567,0.24428901,0.8648014,0.69229317,0.74066406,0.36541405,0.72126824,0.36541405,0.804789,0.38195986,0.790539,0.7303724,0.7272057,0.22738296,0.32585055,0.5474974,0.49685052,0.52533066,0.7078099,0.25062233,0.62428904,0.5949974,0.3749932,0.5317828,0.3329557,0.79449743,0.7557057,0.41687238,0.69791406,0.33612236,0.7588724,0.17145568,0.63220567,0.5831223,0.5467057,0.790539,0.5816578,0.70155567,0.61637235,0.29864684,0.3691151,0.41724843,0.7857891,0.66466403,0.2688307,0.9239587,0.6306223,0.8007081,0.32674113,0.79667056,0.51662236,0.5369088,0.8071641,0.60212237,0.68762237,0.94910985,0.52453905,0.682811,0.4469557,0.6195391,0.5308724,0.38283068,0.85893905,0.6712547,0.20391402,0.3171026,0.47228903,0.71459454,0.7240391,0.6702057,0.7675807,0.9065578,0.62787133,0.53562236,0.35353902,0.9320099,0.43648592,0.6242891,0.576789,0.5490807,0.22853486,0.767937,0.34799737,0.714539,0.8408337,0.9148703,0.7747057,0.3068307,0.517414,0.62983066,0.81611973,0.72324735,0.7454141,0.6037057,0.42399737,0.33691403,0.38916403,0.617164,0.37966403,0.6205682,0.8633723,0.5237473,0.3773682,0.4837207,0.92136204,0.80841887,0.34562236,0.71612245,0.17782861,0.8119141,0.39211103,0.29574737,0.6270302,0.8026595,0.7034359,0.32662237,0.51016235,0.7287891,0.36759114,0.32978904,0.6282473,0.3590807,0.47703904
BC2026_Train_0006_S09_20250828_000000_10,0.288671,0.62166667,0.09654131,0.3745113,0.47924882,0.7981865,0.22130005,0.08987942,0.1764838,0.2988201,0.23704632,0.11349881,0.2322013,0.3970833,0.41343522,0.33894333,0.058873806,0.3338988,0.1628899,0.39121056,0.0877924,0.3324649,0.3496293,0.7991613,0.2640738,0.3958863,0.47581458,0.40654895,0.46639895,0.6232282,0.6663637,0.7101033,0.67511153,0.8634609,0.404599,0.75855327,0.8063303,0.66703653,0.7720115,0.7901803,0.6582886,0.7720115,0.607147,0.7101033,0.66770935,0.66770935,0.6058011,0.55398655,0.6199324,0.6199324,0.607147,0.607147,0.607147,0.77672195,0.58628654,0.4546177,0.8314365,0.2512488,0.42549074,0.13903005,0.16143818,0.43649885,0.19585192,0.14134568,0.41441134,0.5988697,0.56403637,0.23401819,0.6913115,0.40441144,0.74831146,0.5966294,0.7223019,0.60830194,0.7254686,0.899754,0.6518436,0.49920034,0.94448316,0.75774884,0.11113528,0.8216957,0.19663529,0.41196865,0.17367695,0.5972186,0.36921862,0.13888319,0.6098853,0.54101026,0.34467694,0.33596858,0.3446769,0.7916321,0.47795403,0.8125519,0.18159363,0.81730187,0.22751029,0.3415103,0.81017697,0.91615266,0.9280165,0.3624103,0.64856535,0.73259366,0.5228019,0.5964269,0.32312384,0.54338527,0.39534363,0.8452478,0.22671862,0.81142783,0.75426555,0.5568436,0.35576028,0.9041092,0.39851028,0.62176025,0.33155507,0.6850936,0.5964269,0.686677,0.2769269,0.3217384,0.25205195,0.19861445,0.3240936,0.9278968,0.5212186,0.74526024,0.65896857,0.35484985,0.2875582,0.37396863,0.8450103,0.748427,0.58930194,0.53151023,0.47134364,0.6336353,0.121426955,0.28213528,0.80621856,0.5283436,0.9585353,0.7517716,0.59043,0.61384356,0.32314482,0.23906861,0.20229569,0.6969686,0.54338527,0.16971862,0.9048009,0.70409364,0.9314147,0.83998317,0.8827629,0.23542695,0.75573015,0.7302186,0.50063527,0.92188114,0.9048207,0.7563436,0.81331193,0.18159361,0.54417694,0.2908436,0.44917694,0.8393894,0.78278524,0.2765936,0.50140715,0.32013527,0.52497905,0.6344269,0.63759357,0.6288852,0.9286894,0.44589156,0.7919686,0.5695102,0.9418707,0.33672073,0.5956353,0.8117603,0.29401028,0.12900715,0.5998271,0.49430194,0.67163527,0.77395815,0.8667269,0.6494686,0.32251027,0.8671769,0.3818853,0.7713073,0.80542696,0.93146026,0.5164686,0.2987603,0.2504686,0.4127603,0.6114686,0.50142694,0.5002355,0.87984353,0.5932602,0.4077134,0.49553698,0.87834734,0.7959567,0.4982603,0.47767693,0.084218614,0.74684364,0.42436615,0.3003436,0.46109274,0.9510303,0.6158228,0.4483853,0.7832602,0.60276026,0.17787279,0.5133019,0.54655194,0.3320103,0.2742186
BC2026_Train_0006_S09_20250828_000000_15,0.22020112,0.6066667,0.09378211,0.42209023,0.40570274,0.8610766,0.20218901,0.08288086,0.11437337,0.32028586,0.22035772,0.081063986,0.13375334,0.39126036,0.41003475,0.39852783,0.05586524,0.33587772,0.3694068,0.33973116,0.08657993,0.5213514,0.09828445,0.39074022,0.23612773,0.40784025,0.42335847,0.6386183,0.38425574,0.5832016,0.63407725,0.58024395,0.65695643,0.8017345,0.41672516,0.6892564,0.8157648,0.6111981,0.7074252,0.7700064,0.54592526,0.7074252,0.59033775,0.58024395,0.5398689,0.5398689,0.55467314,0.4934377,0.5486169,0.5647669,0.59033775,0.59033775,0.59033775,0.7033877,0.66906893,0.44879472,0.88482654,0.22259024,0.40655777,0.14916712,0.21820837,0.4342027,0.08327868,0.17593929,0.43562773,0.48692772,0.48906523,0.18462585,0.8389099,0.31086823,0.7771599,0.6587845,0.6723785,0.45783678,0.5156284,0.8938027,0.72067016,0.41866118,0.9503326,0.8091586,0.0571545,0.81772846,0.14592011,0.21954514,0.21400346,0.62883675,0.34146178,0.17394513,0.5251285,0.6296284,0.33275345,0.33037844,0.33592013,0.88959,0.5865223,0.7309618,0.19658679,0.89167017,0.34542012,0.4380451,0.77292013,0.83328795,0.9000272,0.29757178,0.5962677,0.6119743,0.48554513,0.21321179,0.34973472,0.6858368,0.41825345,0.8960718,0.26229513,0.8517464,0.5835535,0.64704514,0.37550342,0.9259166,0.39371178,0.6589201,0.24774827,0.7119618,0.7214618,0.68979514,0.30610597,0.32477742,0.22192013,0.25152844,0.34462842,0.9282382,0.42379513,0.61537844,0.80933684,0.39687848,0.41908473,0.43329513,0.82517016,0.7895452,0.2717951,0.40242013,0.3818368,0.7404618,0.12375346,0.39371178,0.6335868,0.48237848,0.87263054,0.51527226,0.74309605,0.62567014,0.23540145,0.23545763,0.27537742,0.62487847,0.73254514,0.36046177,0.8407818,0.7689618,0.94951767,0.7978181,0.8829863,0.33908677,0.80713993,0.7713368,0.7855868,0.9322826,0.8077535,0.61775345,0.83034766,0.3287951,0.582366,0.2440868,0.61142015,0.90338683,0.6042159,0.19500345,0.21643785,0.38342014,0.55796283,0.88692015,0.6715868,0.6779201,0.9044952,0.46850452,0.60667014,0.65179515,0.9141139,0.38389513,0.77529514,0.57025343,0.3367118,0.16363367,0.539616,0.33196178,0.6589201,0.71475244,0.89539814,0.78796184,0.2979201,0.9131243,0.4997951,0.74143475,0.84179515,0.7869722,0.5773785,0.31612846,0.41904512,0.69454515,0.63121176,0.52196175,0.5503826,0.8152348,0.8465451,0.4112868,0.35805514,0.55980355,0.5956382,0.49504513,0.70562845,0.12781075,0.7341285,0.39900807,0.2575451,0.37873268,0.9642411,0.7575619,0.42617014,0.70879513,0.6042951,0.26700553,0.48792014,0.37787846,0.28208676,0.4047951
BC2026_Train_0006_S09_20250828_000000_20,0.26185,0.5858333,0.069626614,0.44423535,0.40148538,0.7344183,0.24101849,0.1035416,0.19135724,0.31611598,0.23496224,0.07265474,0.14835787,0.41244838,0.40457526,0.369449,0.054497857,0.57968956,0.3275813,0.25430068,0.08472568,0.42205882,0.33864167,0.7657312,0.23404786,0.39792287,0.5545011,0.7011682,0.46374738,0.4252724,0.729251,0.68349266,0.6707073,0.814846,0.42105517,0.7178114,0.92506975,0.68483853,0.817403,0.70637184,0.6444635,0.817403,0.6525385,0.68349266,0.5966865,0.5966865,0.59534055,0.52670306,0.57380724,0.58995724,0.6525385,0.6525385,0.6525385,0.7689531,0.6437906,0.4300115,0.86820984,0.21552287,0.37540787,0.1876641,0.18039662,0.59631455,0.14313287,0.16251287,0.41502288,0.58206457,0.7134811,0.1295835,0.5578766,0.27422237,0.7486683,0.6505583,0.697438,0.50031304,0.47577137,0.8130689,0.70297974,0.5693463,0.8011464,0.8807683,0.062838025,0.7989693,0.2208547,0.6705214,0.11160469,0.7101047,0.47022972,0.22257659,0.692688,0.6277714,0.47577137,0.20581302,0.3609797,0.9427526,0.43466407,0.55968803,0.20185469,0.83993804,0.25647968,0.274688,0.8628963,0.78366244,0.81360734,0.40955636,0.6837098,0.416337,0.57552135,0.338813,0.4037891,0.79718804,0.35068804,0.619063,0.19156303,0.910052,0.65316415,0.7077297,0.47181302,0.7368433,0.45993808,0.64597964,0.2849599,0.638063,0.8296464,0.7132714,0.22055465,0.37802032,0.16781303,0.29487553,0.360188,0.7348245,0.1994797,0.6341047,0.75918806,0.40614432,0.63628185,0.5422714,0.7935464,0.478938,0.27627137,0.46706307,0.53831303,0.83439636,0.15277137,0.42906305,0.62697977,0.6586464,0.83922553,0.485212,0.8231618,0.66577137,0.2867471,0.25614324,0.24377346,0.6744797,0.70297974,0.27310467,0.6554798,0.68160474,0.8905157,0.596837,0.8870165,0.78689635,0.8141495,0.8177714,0.5889797,0.8644797,0.8391464,0.7789797,0.76426464,0.49477136,0.5502475,0.3467297,0.68239635,0.9231027,0.7278579,0.11872969,0.27506405,0.6079797,0.63644016,0.7496881,0.6871464,0.6507297,0.95651096,0.47660264,0.46231303,0.5984797,0.8810255,0.5112578,0.75443804,0.45122972,0.33960468,0.2398745,0.60718805,0.3443547,0.6681464,0.81543595,0.92150944,0.8391464,0.09102136,0.8828463,0.6538964,0.7564429,0.9143547,0.870813,0.49556303,0.31664637,0.22481304,0.72118807,0.61272967,0.5636464,0.5479714,0.85205054,0.88902134,0.38467035,0.42298302,0.7471547,0.6474048,0.20027137,0.6721047,0.16512136,0.7900631,0.44368714,0.5018963,0.50746375,0.88711745,0.79283386,0.44727138,0.768688,0.4773547,0.39201304,0.37839636,0.4559797,0.31268802,0.48210472
BC2026_Train_0006_S09_20250828_000000_25,0.31694227,0.61083335,0.12870787,0.28712037,0.4887579,0.641979,0.23772037,0.0935816,0.18139724,0.330381,0.21349536,0.13113037,0.18745348,0.46142405,0.41842467,0.23855399,0.061970357,0.6323662,0.13700552,0.23148301,0.13337177,0.30960867,0.40481725,0.8223662,0.30137035,0.4075329,0.57279164,0.3370289,0.4289414,0.4659914,0.7056358,0.7540858,0.7137108,0.86077666,0.45463777,0.7810024,0.8675731,0.7379358,0.8540139,0.7581233,0.7318795,0.8540139,0.65045655,0.7540858,0.69150454,0.69150454,0.68612117,0.61681074,0.6706441,0.6558399,0.65045655,0.65045655,0.65045655,0.83820033,0.5831649,0.4269034,0.8245769,0.24508286,0.39695227,0.20920847,0.13835037,0.5508245,0.1623438,0.15325943,0.28569537,0.64424115,0.44315785,0.296466,0.7900206,0.42894137,0.7591456,0.63281727,0.886122,0.7111637,0.49662206,0.70944184,0.6312054,0.7166389,0.8663303,0.72180766,0.24113142,0.820572,0.2630804,0.19737205,0.45703873,0.59478873,0.44278872,0.17083143,0.729372,0.8109137,0.41666374,0.20687203,0.515622,0.842233,0.5207283,0.69058037,0.18312205,0.70087206,0.26862204,0.38341373,0.9144241,0.89218783,0.90526056,0.53151864,0.47387117,0.2438231,0.50612205,0.3438304,0.5621522,0.7610387,0.62645537,0.8156637,0.32087207,0.8971163,0.772518,0.76895535,0.38737205,0.76772827,0.32087207,0.62566376,0.38883665,0.5670803,0.8227887,0.7934971,0.26052964,0.70063466,0.26149705,0.23020642,0.45387205,0.8794324,0.2385387,0.8156637,0.68754035,0.47457418,0.5358095,0.53699696,0.97162205,0.3604554,0.37708038,0.5029554,0.4744554,0.76895535,0.15858038,0.68108034,0.55520535,0.6185387,0.9208366,0.6678002,0.7319756,0.7087887,0.41344127,0.37230465,0.32890746,0.6731637,0.6288304,0.32483038,0.8127045,0.7816221,0.798829,0.36326578,0.9217709,0.5654971,0.6963714,0.90975326,0.67078865,0.8132491,0.8449554,0.92649704,0.8944247,0.28762206,0.51904607,0.5591637,0.57658035,0.9467242,0.86548525,0.111872055,0.42877623,0.51720536,0.672276,0.54649705,0.7087887,0.665247,0.9259824,0.62633663,0.46891373,0.60508037,0.9044887,0.5160377,0.631997,0.8148721,0.38103873,0.25290745,0.5585304,0.36362207,0.86553866,0.904466,0.9081696,0.6612886,0.17124705,0.793497,0.3929137,0.8299766,0.82437205,0.848122,0.60508037,0.3311637,0.3580804,0.37074706,0.55283034,0.47287205,0.601597,0.9308037,0.5900387,0.48989293,0.41143873,0.8949887,0.79117113,0.26545537,0.7634137,0.4409877,0.76499707,0.54501265,0.22349705,0.5695579,0.6992372,0.709996,0.49424705,0.560747,0.7349137,0.44227418,0.29474708,0.7087887,0.44991374,0.4617887
BC2026_Train_0006_S09_20250828_000000_30,0.35715052,0.7058333,0.116781816,0.45330745,0.47183245,0.6758597,0.2663712,0.13010557,0.18097809,0.35297558,0.24093495,0.1622037,0.20701994,0.4002452,0.42507586,0.4165971,0.056444936,0.32149494,0.23775838,0.26622275,0.155999,0.5248246,0.3001505,0.84957623,0.30011994,0.40556997,0.6171936,0.43954712,0.44310963,0.58323467,0.7740666,0.7969458,0.73099995,0.86147845,0.5425833,0.8063666,0.9086163,0.7276354,0.89223075,0.8144416,0.7767583,0.89223075,0.74984163,0.7969458,0.71215826,0.71215826,0.7283083,0.6832229,0.66370827,0.69331664,0.74984163,0.74984163,0.74984163,0.86295897,0.70946664,0.4353715,0.87611175,0.22815743,0.41550937,0.17386493,0.12359808,0.36495742,0.19021681,0.22049807,0.42409495,0.6174199,0.5738783,0.2542587,0.62360966,0.33908463,0.7969847,0.71102554,0.7776108,0.47519407,0.5432774,0.798491,0.8441107,0.74392533,0.81086075,0.77234614,0.17790344,0.89117527,0.16961074,0.31686074,0.34931907,0.48944408,0.30894408,0.22071283,0.71269405,0.75544405,0.6438191,0.19336073,0.34694406,0.91569626,0.3796399,0.35169405,0.2226524,0.8599441,0.3350691,0.37861073,0.8941045,0.91359854,0.7211056,0.47053903,0.391317,0.47618368,0.52031904,0.56940234,0.45704517,0.47123575,0.36911073,0.6066108,0.41344404,0.7401649,0.7955618,0.648569,0.4292774,0.6222857,0.37386072,0.67469406,0.27407116,0.4625274,0.78768075,0.7594024,0.15848781,0.45500654,0.26381904,0.18142635,0.51636076,0.55768573,0.37386075,0.817194,0.6897358,0.38280657,0.57660663,0.65806913,0.71611404,0.3659441,0.2844024,0.5828607,0.29073572,0.6612357,0.15377739,0.45381907,0.646194,0.77998567,0.82906914,0.5115514,0.7458856,0.6636107,0.53545296,0.25348783,0.41936177,0.5955274,0.63986075,0.40552738,0.7849734,0.82669413,0.77299535,0.43616492,0.8553604,0.4554024,0.6498753,0.70803905,0.8346107,0.8010045,0.7649441,0.67548573,0.69306076,0.51398575,0.5232878,0.4221524,0.6279857,0.90459406,0.8362336,0.1775274,0.5761316,0.3152774,0.69321907,0.5242773,0.6105691,0.6865691,0.9329357,0.54923475,0.45777744,0.5076524,0.8793795,0.566592,0.8251107,0.4245274,0.42531908,0.18390033,0.501042,0.2669857,0.7617774,0.8762523,0.872988,0.73327744,0.12369406,0.74831903,0.34931907,0.86114466,0.92794824,0.5860274,0.4245274,0.36040238,0.2859857,0.5163607,0.75544405,0.26777738,0.5044066,0.76811075,0.6184857,0.45170137,0.3688574,0.6948421,0.73585033,0.22344407,0.51952744,0.30777636,0.8203924,0.3391066,0.32398573,0.55093,0.7736683,0.7460034,0.40156907,0.46173573,0.7649441,0.42183578,0.32794404,0.6232357,0.6137357,0.6066108
BC2026_Train_0006_S09_20250828_000000_35,0.4213618,0.7116667,0.14555669,0.5708915,0.38223734,0.74701804,0.43746793,0.20187983,0.21641482,0.43807358,0.25093544,0.15766919,0.13647231,0.38678077,0.46551198,0.33893636,0.061612323,0.3102748,0.21783684,0.3020187,0.12880997,0.37227124,0.3659451,0.7865811,0.2981623,0.43638733,0.5612007,0.45441794,0.41665548,0.47508043,0.78924024,0.7858757,0.7461736,0.90989417,0.4722965,0.8625545,0.9278611,0.75694025,0.9079764,0.84704375,0.80202574,0.9079764,0.6970507,0.7858757,0.6795548,0.6795548,0.7145465,0.65802145,0.68897563,0.7253132,0.6970507,0.6970507,0.6970507,0.8754073,0.7118548,0.53226537,0.8826701,0.20482482,0.5148336,0.17164609,0.16074485,0.47272483,0.13829513,0.135267,0.40503728,0.59147483,0.47628734,0.2999911,0.6765596,0.28983048,0.820643,0.69211173,0.7193195,0.3424862,0.72723615,0.7842164,0.6005695,0.62851536,0.57523614,0.8642736,0.10328409,0.81202364,0.24273615,0.24748614,0.39790285,0.83015287,0.2751945,0.2904737,0.73198617,0.5966112,0.5150695,0.24036117,0.31636116,0.9556352,0.42135596,0.56969446,0.3511945,0.82302785,0.29181948,0.29261115,0.8879841,0.7982424,0.739131,0.62827784,0.62307346,0.5027322,0.5467362,0.5388195,0.44019762,0.67656946,0.5016112,0.9450395,0.29023615,0.92139244,0.71055186,0.6662778,0.4200695,0.82776755,0.3179445,0.8380695,0.34784973,0.5031945,0.6781528,0.7327779,0.23283559,0.39620078,0.2696528,0.2450787,0.3796945,0.7644865,0.5459445,0.5594028,0.75621116,0.44041535,0.57836324,0.5166529,0.72486115,0.61481947,0.43748617,0.45648614,0.3931528,0.7343612,0.2538195,0.6670695,0.6694445,0.5649445,0.8436112,0.64139974,0.7986572,0.5981945,0.24850306,0.40550283,0.4114601,0.7915512,0.69952786,0.34565282,0.72003204,0.68211114,0.78387994,0.44490802,0.81954455,0.5467362,0.6408654,0.91715705,0.7193195,0.6433195,0.9717424,0.7604862,0.74643415,0.34961116,0.7038535,0.35911116,0.5285278,0.8849758,0.7069695,0.27440283,0.26027158,0.2823195,0.7325079,0.65202785,0.6947778,0.7304028,0.9530591,0.6099705,0.51348615,0.44619447,0.9353654,0.5084987,0.68606955,0.78423613,0.5799862,0.23816429,0.69877577,0.41927782,0.6829029,0.8281428,0.9074231,0.72327787,0.17623615,0.96188617,0.4501528,0.74780726,0.8966924,0.80561113,0.5665278,0.28865284,0.45648617,0.6171945,0.83173615,0.43590283,0.41076744,0.81748617,0.5221945,0.3061289,0.4342245,0.78558207,0.8102029,0.28548616,0.6005695,0.2096049,0.88081944,0.31913203,0.31319448,0.40865725,0.7421591,0.77407193,0.52694446,0.7158678,0.71615285,0.41955492,0.32665282,0.6694445,0.57919455,0.42006952
BC2026_Train_0006_S09_20250828_000000_40,0.3000423,0.7008334,0.11649747,0.4726406,0.37004063,0.5914969,0.35148,0.18008809,0.16979246,0.2939456,0.19643997,0.14253935,0.10438497,0.41996786,0.45146042,0.22859034,0.0707906,0.3415406,0.38049653,0.26058283,0.09827529,0.35748282,0.6214589,0.79184055,0.25176558,0.44841564,0.5328833,0.4682344,0.47250932,0.48177192,0.78993076,0.83097863,0.7334057,0.917583,0.4379953,0.89971703,0.9455427,0.7670515,0.9059079,0.84376407,0.7818557,0.9059079,0.7253307,0.83097863,0.690339,0.690339,0.6977411,0.6640953,0.69908696,0.7212932,0.7253307,0.7253307,0.7253307,0.87243026,0.6385244,0.46841785,0.8210802,0.19334057,0.4399725,0.14806122,0.103850596,0.3793031,0.19423121,0.13972497,0.3151781,0.6263823,0.45767814,0.15283497,0.65720516,0.30649686,0.7807052,0.7497089,0.86389315,0.33268487,0.6928932,0.7761192,0.73564327,0.69293284,0.72060156,0.67367554,0.27459636,0.87058276,0.17593487,0.40235153,0.21868487,0.5939349,0.4173932,0.22208904,0.8187682,0.79660153,0.40314317,0.34139317,0.30655986,0.8694992,0.4024505,0.47122654,0.2891432,0.84805983,0.3152682,0.48864317,0.9570328,0.7957703,0.85801315,0.43636152,0.60196,0.43201923,0.6097682,0.53297657,0.47906405,0.78710157,0.52030987,0.7213932,0.35247654,0.9517267,0.7241443,0.77443486,0.46726823,0.72180885,0.69764316,0.84805983,0.2817807,0.6398515,0.78789324,0.7728515,0.2439414,0.4365515,0.3152682,0.3140617,0.58443487,0.6457692,0.29943484,0.5678098,0.7451432,0.5729557,0.5433473,0.46885154,0.6833932,0.42530987,0.31368488,0.5575182,0.37068486,0.79818493,0.4720182,0.6453932,0.6778515,0.5060598,0.89785576,0.7024724,0.8141519,0.6984349,0.39471197,0.23095569,0.45008907,0.8208582,0.69526815,0.3532682,0.7420557,0.8108515,0.8770744,0.30487758,0.85486823,0.79897654,0.60840255,0.930314,0.77522653,0.7768098,0.77205986,0.94226813,0.87807596,0.35643485,0.61572546,0.39285153,0.6287682,0.92611814,0.7019974,0.19255985,0.33965153,0.40868488,0.6276797,0.7008099,0.72614324,0.77443486,0.9729453,0.6411974,0.5654349,0.6469765,0.9406057,0.57469743,0.71110153,0.81689984,0.4712265,0.22525571,0.7296662,0.61530983,0.79818493,0.8396484,0.9175682,0.82035154,0.27330986,0.8433099,0.62718487,0.7560682,0.90268487,0.85439324,0.6050182,0.22185154,0.40393487,0.57335156,0.6533099,0.45460153,0.56951195,0.8955598,0.6766799,0.3426005,0.44820485,0.9093349,0.71177447,0.25430983,0.7736432,0.2981484,0.79327655,0.58592916,0.27885154,0.62013906,0.759987,0.784888,0.38968486,0.6458682,0.7340599,0.46125153,0.30180988,0.6873516,0.5488099,0.66518486
BC2026_Train_0006_S09_20250828_000000_45,0.25275552,0.66083336,0.094581194,0.46531868,0.40119374,0.6868219,0.32471874,0.16786182,0.15877743,0.31078932,0.20541056,0.120623074,0.25264934,0.43569297,0.4435661,0.25461107,0.06489369,0.36984372,0.17614166,0.3275479,0.16221228,0.36388543,0.2955055,0.6538937,0.25156868,0.43824372,0.41691858,0.56728023,0.43150938,0.43720937,0.7164269,0.76756865,0.6720144,0.87698483,0.42639983,0.8511785,0.91581213,0.7191186,0.81060165,0.81897944,0.6989311,0.81060165,0.6545186,0.76756865,0.651154,0.651154,0.6551915,0.60606855,0.6450978,0.6450978,0.6545186,0.6545186,0.6545186,0.8007098,0.63904154,0.45446736,0.8198219,0.22591868,0.4256681,0.21491058,0.13193995,0.41473117,0.11161588,0.14855899,0.3413437,0.5905604,0.37126866,0.22115682,0.62982184,0.27404684,0.7849885,0.87104714,0.69904625,0.2897545,0.6254212,0.81497896,0.6752962,0.69639415,0.66500455,0.6657962,0.15635872,0.84332746,0.21137953,0.2786712,0.23275453,0.68875456,0.3736712,0.25502017,0.7520879,0.5296295,0.5375462,0.30162954,0.3752545,0.70563686,0.23550558,0.7140879,0.2382962,0.7489213,0.22167121,0.23354621,0.89672536,0.6032189,0.91763234,0.55797124,0.38075665,0.4045264,0.44729617,0.5795046,0.39092952,0.8154212,0.44412953,0.65946287,0.25808787,0.9138511,0.6717535,0.66975456,0.40058786,0.7276453,0.41585115,0.6958796,0.27940348,0.4781712,0.6499629,0.7259629,0.18291913,0.2974535,0.2311712,0.33321705,0.44967118,0.737739,0.21771285,0.74417126,0.55337954,0.5321629,0.6008004,0.4393795,0.7061712,0.4829212,0.27233785,0.48054618,0.45283782,0.68162954,0.20029621,0.4235462,0.6277962,0.51537955,0.85639,0.64932954,0.64574724,0.69112957,0.19946893,0.3263889,0.36045036,0.66975456,0.6531295,0.25808787,0.83703375,0.65471286,0.82448584,0.39229512,0.86889833,0.57712954,0.5850462,0.81039417,0.6444212,0.72437954,0.82044834,0.73615944,0.8137885,0.52883786,0.5747743,0.30875453,0.47896287,0.9387233,0.6877452,0.2359212,0.31293058,0.35308784,0.5819785,0.54387957,0.7022129,0.7744445,0.9642546,0.52464205,0.4354212,0.6277962,0.92708576,0.4535306,0.77425456,0.74971294,0.38792118,0.19798058,0.7811421,0.52092123,0.7220046,0.7266556,0.8673388,0.89617115,0.3095462,0.7687128,0.6262129,0.7842335,0.7394212,0.90412754,0.4876712,0.18050453,0.3024212,0.45679617,0.7189962,0.6024629,0.5018816,0.8367962,0.6755812,0.3534639,0.35834453,0.86794835,0.7663775,0.1409212,0.68162954,0.22365038,0.74179626,0.41747415,0.3499212,0.5608252,0.8534213,0.71812546,0.42196286,0.47655615,0.63650453,0.4393004,0.31033787,0.6095879,0.36179617,0.51300454
BC2026_Train_0006_S09_20250828_000000_50,0.25415197,0.68166673,0.092096545,0.43115154,0.45822656,0.5732021,0.38521904,0.26893902,0.24108027,0.30406532,0.20595405,0.12540592,0.42519027,0.3917147,0.4280522,0.26453343,0.06065155,0.36346403,0.15267983,0.41249302,0.14117296,0.21384795,0.3285686,0.8540599,0.30575153,0.42687657,0.5713835,0.62703544,0.49815202,0.6452437,0.77766955,0.8294841,0.77094036,0.9315656,0.44928616,0.93348336,0.9311282,0.74536955,0.8964393,0.8451629,0.78372574,0.8964393,0.7083591,0.8294841,0.69624656,0.69624656,0.6955737,0.7023029,0.68951744,0.6989383,0.7083591,0.7083591,0.7083591,0.8947234,0.6101132,0.43713656,0.8019938,0.22595154,0.43688717,0.41508466,0.1080328,0.34565154,0.21350059,0.145065,0.31501406,0.6854349,0.44255152,0.23926342,0.5613271,0.2103021,0.7750771,0.68842864,0.8508146,0.26814795,0.7534396,0.8350071,0.641023,0.7428313,0.69406456,0.6235667,0.14492504,0.85635626,0.2475646,0.16681463,0.25231463,0.92364794,0.455773,0.24554585,0.75739795,0.69089794,0.32356462,0.3457313,0.3006063,0.6911553,0.4165063,0.4359813,0.29506463,0.7186063,0.3386063,0.29664797,0.91600835,0.903764,0.8801598,0.5173646,0.74332297,0.43325007,0.58481455,0.45814797,0.5102,0.8436896,0.5373146,0.90433127,0.28793964,0.9432398,0.7724396,0.70989794,0.4787313,0.5895844,0.47724295,0.79223126,0.30385214,0.68693966,0.793023,0.72018963,0.311768,0.44221568,0.22618961,0.45154867,0.58956456,0.6885032,0.2721063,0.61648124,0.6370646,0.46946883,0.49638548,0.3378146,0.6228146,0.7322863,0.38768962,0.6220229,0.2839813,0.8041063,0.2689396,0.59273124,0.6623979,0.66398126,0.9620834,0.70534587,0.7120157,0.6441896,0.40227294,0.3347073,0.2989636,0.89752287,0.75977296,0.33227295,0.8706854,0.64418966,0.7913209,0.51878965,0.8020876,0.38610628,0.5603125,0.91466254,0.7241479,0.7561709,0.92436045,0.65289795,0.878808,0.4146063,0.5637958,0.4787313,0.55473125,0.9502083,0.8198802,0.19768962,0.5128719,0.56818956,0.5529698,0.56898123,0.71702296,0.8288063,0.9551166,0.513624,0.54364794,0.420148,0.91541463,0.51875,0.60302293,0.7613563,0.43677297,0.24194379,0.7113229,0.49614796,0.76768965,0.79320115,0.9104259,0.8782854,0.2000646,0.5452313,0.7328563,0.84458107,0.9141479,0.8985125,0.7138563,0.36552298,0.37739795,0.47952294,0.7633829,0.62993956,0.6521063,0.8769396,0.52939796,0.42252296,0.34424296,0.9428063,0.8383854,0.21985628,0.8397313,0.15703754,0.85398126,0.5426524,0.4526063,0.5523333,0.7785355,0.7715339,0.5903563,0.5652446,0.74314797,0.47350633,0.30614796,0.690898,0.57373124,0.60223126
BC2026_Train_0006_S09_20250828_000000_55,0.2847046,0.65166664,0.09355879,0.4022969,0.39089692,0.8528109,0.1977263,0.18621942,0.14079754,0.34913254,0.24072567,0.08023504,0.19833194,0.3771599,0.41168055,0.33052677,0.058159404,0.33104688,0.24744394,0.5924484,0.18627581,0.41035706,0.22295463,0.64074695,0.3246344,0.40015942,0.5840818,0.72218597,0.5646443,0.4394026,0.71093565,0.78159195,0.7095898,0.8583044,0.42158142,0.8591792,0.93097943,0.70689815,0.79720354,0.83047926,0.6853648,0.79720354,0.6799815,0.78159195,0.5925023,0.5925023,0.62009186,0.58644605,0.61740017,0.63826066,0.6799815,0.6799815,0.6799815,0.79582405,0.6719065,0.41894805,0.793436,0.2099219,0.39321256,0.23029941,0.11099129,0.4443344,0.26241535,0.195191,0.4051469,0.56158024,0.59008026,0.28857005,0.6707276,0.28906512,0.7641443,0.68449634,0.6759247,0.65613306,0.7170914,0.82130337,0.57379967,0.5219059,0.7257997,0.77605075,0.07669239,0.793883,0.24288301,0.28721637,0.17796634,0.7257997,0.30938303,0.29058093,0.727383,0.55084133,0.33629966,0.273758,0.24367468,0.86910087,0.24343719,0.34500802,0.25871634,0.8041747,0.33550805,0.17400801,0.89881843,0.6719133,0.8987897,0.47465128,0.75874805,0.49781948,0.5223413,0.40834135,0.4153278,0.5547997,0.337883,0.9003464,0.18271632,0.9040198,0.7518258,0.74321634,0.42100805,0.6221705,0.58250797,0.6078414,0.39737678,0.6901747,0.7598414,0.6901747,0.29343963,0.29738927,0.128883,0.3070128,0.60309136,0.7486789,0.21279968,0.5619247,0.727383,0.5061914,0.5068643,0.42971635,0.89996636,0.75879633,0.3101747,0.56034136,0.43921632,0.8587997,0.259508,0.6260497,0.6339663,0.47484136,0.8880913,0.58422995,0.76154184,0.59834135,0.39803624,0.26993823,0.2725705,0.69096637,0.67038304,0.25396633,0.78636223,0.8136747,0.8055601,0.37532884,0.82911223,0.63554966,0.6905903,0.85246634,0.60071635,0.89387053,0.9382831,0.7162997,0.87824696,0.4977997,0.43523824,0.33154964,0.639508,0.89968926,0.6932028,0.20884134,0.34987676,0.37113303,0.6251393,0.62209135,0.67038304,0.72025806,0.97169137,0.5282788,0.46296638,0.6022997,0.79309136,0.4722684,0.7954664,0.64584136,0.37034136,0.21030593,0.4278559,0.27059132,0.7139247,0.86604345,0.84549224,0.90103513,0.13442469,0.7503414,0.591153,0.7850644,0.73450804,0.9441413,0.5476747,0.356883,0.299883,0.727383,0.71234137,0.551633,0.5765705,0.8643413,0.86354965,0.5263986,0.50204307,0.85313934,0.68071425,0.16213301,0.69650805,0.265782,0.815258,0.6582033,0.21992467,0.41082168,0.6844351,0.7915666,0.46692467,0.492258,0.444758,0.3386351,0.41704965,0.43525803,0.39250797,0.613383
BC2026_Train_0006_S09_20250828_000000_60,0.43070114,0.60583335,0.09061792,0.35445666,0.3907942,0.6167203,0.28926295,0.15299729,0.20932041,0.3437692,0.21477105,0.20447542,0.14209603,0.386695,0.43696183,0.28131616,0.08441917,0.598765,0.21581307,0.2521506,0.07409683,0.3278537,0.21140945,0.7515567,0.30671918,0.4135942,0.59052145,0.5882203,0.34193277,0.4260078,0.7331328,0.71227235,0.6927578,0.84786505,0.39465567,0.75533897,0.9053994,0.73245984,0.83854514,0.7183286,0.72303903,0.83854514,0.6510369,0.71227235,0.5998952,0.5998952,0.63354105,0.58105356,0.64363486,0.66314936,0.6510369,0.6510369,0.6510369,0.7966224,0.5945119,0.44483495,0.86451197,0.21908167,0.39172047,0.12463981,0.21427228,0.39293167,0.07640355,0.13090979,0.32310668,0.47629416,0.5599733,0.24747479,0.5549703,0.27495778,0.76792866,0.67611784,0.6532467,0.71341336,0.552705,0.80704284,0.5827883,0.357005,0.87491333,0.64974356,0.10212791,0.7229133,0.07374665,0.3326217,0.14737165,0.72528833,0.32074666,0.22432166,0.68808,0.6081217,0.50362164,0.24633,0.31837165,0.7297724,0.38936442,0.600205,0.21466333,0.80128837,0.2882883,0.23682998,0.83137167,0.6546282,0.88123184,0.342565,0.62949514,0.53507066,0.53528833,0.39120495,0.40369356,0.6508717,0.40862167,0.72608006,0.20516331,0.79475325,0.60948735,0.62553835,0.381705,0.7416462,0.4157467,0.628705,0.29768938,0.50362164,0.6484967,0.6508717,0.17045824,0.33036542,0.16557999,0.20473899,0.66116333,0.87320143,0.25187165,0.63424665,0.49016333,0.4161029,0.42821544,0.66591334,0.8004967,0.41337162,0.31757998,0.5368717,0.59786165,0.737955,0.15687165,0.4189133,0.66116333,0.42603832,0.7442884,0.59009147,0.7267577,0.5756634,0.31009477,0.23841333,0.2750873,0.5796217,0.53370494,0.220205,0.6948092,0.6801633,0.84526545,0.368504,0.83315295,0.258205,0.52929145,0.6532467,0.5202466,0.7476925,0.7419134,0.8337467,0.72271746,0.27799666,0.5505477,0.3144133,0.4830383,0.85440916,0.61524665,0.13628832,0.27787787,0.25662166,0.6264626,0.61762166,0.5701217,0.7324134,0.90966755,0.5112811,0.48382998,0.6207884,0.9301717,0.504255,0.69837165,0.799705,0.31678832,0.17992896,0.60772586,0.20595498,0.6746217,0.8074099,0.8700624,0.81791335,0.14499664,0.7529967,0.38328832,0.85404706,0.9313592,0.8194967,0.495705,0.16003834,0.27562165,0.41337168,0.71895504,0.43078834,0.42200083,0.7656633,0.6437466,0.3557977,0.389305,0.88093,0.70288414,0.23049666,0.58041334,0.073865406,0.7252884,0.3243507,0.19487165,0.57858855,0.75711334,0.70237434,0.36508,0.5376633,0.6326633,0.22162999,0.40862167,0.614455,0.3524133,0.40624666
BC2026_Train_0007_S09_20250829_000000_5,0.37191913,0.67083335,0.25949013,0.22949387,0.3905189,0.7129305,0.2667576,0.2946164,0.24011014,0.3412495,0.2927995,0.10505574,0.16077326,0.46485168,0.4733304,0.6509805,0.34135637,0.92984176,0.6370904,0.79798466,0.21167247,0.7339904,0.8521837,0.26725638,0.37270635,0.4204439,0.79565746,0.73826385,0.47685546,0.46189296,0.5970913,0.7585913,0.5721934,0.7168704,0.50893927,0.74580586,0.8433788,0.65630794,0.6953372,0.68860805,0.56950176,0.6953372,0.68524337,0.7585913,0.67313087,0.67313087,0.65630794,0.60987675,0.6388122,0.6347747,0.68524337,0.68524337,0.68524337,0.67716837,0.6589997,0.47090793,0.874391,0.3256814,0.4111814,0.19860703,0.42995578,0.34278136,0.18745637,0.2843564,0.7632355,0.78065217,0.832348,0.3055176,0.6931389,0.66938883,0.76201385,0.5342108,0.8814991,0.104874045,0.636874,0.94035757,0.8126241,0.91071355,0.5307907,0.90121156,0.8797604,0.841124,0.35583243,0.9256345,0.51495737,0.8749678,0.85537404,0.3344772,0.9734116,0.48329076,0.57195747,0.3344574,0.9867907,0.65518135,0.83681834,0.9121366,0.4975407,0.8588179,0.6123324,0.83412576,0.79283243,0.66263056,0.66802824,0.45475906,0.6196142,0.802662,0.8733845,0.64399904,0.940023,0.98409915,0.890999,0.6099574,0.19908239,0.6050095,0.6989952,0.9649407,0.6439991,0.7681711,0.47299907,0.67329067,0.6302439,0.91494703,0.9675929,0.9828324,0.30592734,0.9032363,0.38512406,0.66133857,0.82370734,0.5303959,0.31704074,0.929672,0.88387406,0.8895859,0.9739361,0.68358237,0.65033245,0.34474906,0.5814574,0.5877908,0.66296744,0.96684074,0.7762074,0.8957491,0.5212908,0.7690824,0.82608235,0.7240168,0.79985845,0.84310323,0.9624149,0.68742204,0.80399495,0.9104345,0.7579991,0.91288865,0.9228597,0.81974906,0.9065553,0.91363186,0.95742786,0.62974906,0.9092866,0.45479074,0.7263324,0.6044158,0.4389574,0.8846657,0.5060907,0.84349906,0.94097996,0.7944157,0.74691576,0.8165824,0.8206595,0.5402908,0.9046495,0.25529072,0.95129544,0.43262407,0.8427074,0.57354075,0.45004073,0.84975326,0.63212407,0.89574903,0.5759157,0.837146,0.6693324,0.37562406,0.7801657,0.78837925,0.6042115,0.8094574,0.9634762,0.86169654,0.96863955,0.8149991,0.72316575,0.4579574,0.40491575,0.86591864,0.3463324,0.90287405,0.7073324,0.8640824,0.6590407,0.7587908,0.5007073,0.89072204,0.7947007,0.9654157,0.92436785,0.89161766,0.54155743,0.6390416,0.8568802,0.40412408,0.7674991,0.8569149,0.9256741,0.633272,0.9535408,0.9646356,0.6006474,0.92963046,0.6044158,0.8986782,0.9099199,0.94271266,0.97297615,0.7166424,0.94934493,0.86606157
BC2026_Train_0007_S09_20250829_000000_10,0.3709832,0.6483334,0.15396272,0.24218209,0.40961963,0.7730381,0.41377586,0.18908896,0.30294648,0.35200208,0.31929836,0.09582271,0.15275146,0.4736532,0.4682026,0.6331345,0.29704458,0.8896071,0.48734742,0.6944712,0.23540741,0.6466941,0.7224833,0.3932321,0.39964458,0.4302821,0.84069556,0.79441303,0.47188798,0.38068795,0.6530384,0.7963697,0.5749801,0.77483624,0.62073845,0.7997342,0.8500011,0.66380507,0.75532174,0.6994697,0.65774876,0.75532174,0.74657387,0.7963697,0.6503467,0.6503467,0.6664967,0.6288134,0.63823426,0.6597675,0.74657387,0.74657387,0.74657387,0.78762174,0.6375613,0.47486445,0.89732975,0.3675821,0.42775276,0.16127773,0.38475335,0.3212696,0.11510771,0.17688146,0.5613029,0.8560009,0.80010927,0.24844022,0.7421631,0.60441303,0.84215057,0.53723323,0.77638954,0.23647285,0.8033062,0.9247291,0.8175562,0.7654606,0.29426453,0.7559646,0.8461631,0.8238104,0.26497287,0.8325979,0.63388956,0.6418062,0.9680916,0.31065202,0.92359996,0.5183062,0.5135562,0.3805562,0.9558208,0.6216979,0.6221126,0.45734784,0.37343118,0.8175562,0.4866395,0.9021458,0.7716396,0.5726996,0.7338563,0.5938312,0.7297026,0.59262395,0.7478895,0.6734729,0.9150579,0.96314377,0.61805624,0.7090979,0.20718119,0.42916453,0.6694136,0.83192503,0.57768124,0.8232166,0.48347282,0.5238478,0.5148625,0.8949812,0.901275,0.93472284,0.42632478,0.7776364,0.48347285,0.67188454,0.79222286,0.5553958,0.4367645,0.8183479,0.55709785,0.8330333,0.94944793,0.57372284,0.62122285,0.47318116,0.57451457,0.65051454,0.77876455,0.98459786,0.7114729,0.89347714,0.61805624,0.5848062,0.80936253,0.57375455,0.76166457,0.887302,0.9144404,0.51341766,0.66280526,0.84736246,0.7185979,0.95352495,0.8999767,0.7201812,0.94404864,0.8116395,0.9512827,0.4969312,0.76673126,0.6845562,0.59193116,0.32672283,0.4161812,0.7185979,0.51597077,0.9398212,0.6632801,0.72572297,0.77638954,0.81280625,0.8169031,0.7597645,0.76485103,0.30059785,0.87216944,0.28793117,0.68851453,0.54601455,0.32355618,0.802099,0.61488956,0.81521285,0.5800562,0.7655437,0.73838955,0.4747645,0.60222286,0.5834999,0.52139366,0.7945979,0.85603124,0.83973485,0.8705662,0.8468479,0.87633747,0.49772286,0.4138062,0.66488916,0.4423062,0.90159166,0.75263953,0.66397285,0.63468117,0.80488956,0.36630616,0.79436046,0.75355,0.98459786,0.7803479,0.77593637,0.6826246,0.6916417,0.6604856,0.6069729,0.75105625,0.8850577,0.8976334,0.28044996,0.9056687,0.9110085,0.75687695,0.89613414,0.43438953,0.7930145,0.9023833,0.83168757,0.953525,0.70355624,0.9293791,0.59668124
BC2026_Train_0007_S09_20250829_000000_15,0.33619374,0.63666666,0.2829105,0.37313676,0.47146177,0.7529339,0.36466986,0.202968,0.35074052,0.36588112,0.30229047,0.22779864,0.103039876,0.50071466,0.48315153,0.6896023,0.30046174,0.92488885,0.4267999,0.6467091,0.18031052,0.4746443,0.71476877,0.42799926,0.39736173,0.45934927,0.83158773,0.7640172,0.6104339,0.45265466,0.62703943,0.87803733,0.63713324,0.77911854,0.56109357,0.871981,0.8706353,0.67212486,0.7421082,0.7474916,0.60685194,0.7421082,0.703079,0.87803733,0.67750823,0.67750823,0.6283852,0.6727978,0.63780606,0.6714519,0.703079,0.703079,0.703079,0.7818103,0.56445813,0.5043484,0.9183922,0.36031178,0.4591355,0.21809675,0.38161555,0.5902909,0.18827863,0.18464488,0.68427753,0.89274716,0.809543,0.25020674,0.91047555,0.63418394,0.9196589,0.5697355,0.8495588,0.35635045,0.84560037,0.9710004,0.7632671,0.8692633,0.6112671,0.77209425,0.85696083,0.8629379,0.27085045,0.6563921,0.40622547,0.59622544,0.7870171,0.21127754,0.9009379,0.50993377,0.34447542,0.5067671,0.806215,0.72105145,0.6967077,0.5408088,0.40385047,0.7743504,0.5123088,0.9312192,0.8511421,0.7072199,0.8848671,0.61000043,0.660558,0.5288744,0.92132336,0.62630874,0.88895607,0.9202942,0.9295171,0.61760044,0.37060046,0.6611817,0.67619264,0.8622254,0.5471421,0.97302413,0.77197546,0.5566421,0.5559692,0.87429833,0.8606421,0.8864187,0.39338306,0.7496702,0.36664212,0.7113536,0.8495588,0.94122887,0.72210044,0.7688088,0.725457,0.71418184,0.7935524,0.5518921,0.75376713,0.5898921,0.9223921,0.7252671,0.7403088,0.9792733,0.90418375,0.9152671,0.74585044,0.5764337,0.9179984,0.8796698,0.83477443,0.94139206,0.7908634,0.67125964,0.7701744,0.71497536,0.5993921,0.96150047,0.92632675,0.93632543,0.9584427,0.91136813,0.8888967,0.59147537,0.82727337,0.57247543,0.6943921,0.74268377,0.5883088,0.5574338,0.60667545,0.7965171,0.6627848,0.7711838,0.77137375,0.90260035,0.7859246,0.78780884,0.81090564,0.26847544,0.88953304,0.44976714,0.8107671,0.46322542,0.34447545,0.8933181,0.5123088,0.70389205,0.7363504,0.70250666,0.8820171,0.7933504,0.44026712,0.53039837,0.609565,0.7664338,0.80760044,0.94420743,0.8720172,0.94139206,0.91716707,0.75614214,0.48038873,0.5988803,0.64451706,0.9423816,0.7674154,0.6722254,0.6017671,0.8044338,0.6017671,0.8028504,0.87402123,0.9825587,0.54160047,0.83779365,0.7714054,0.8814234,0.89146954,0.96355873,0.62393373,0.9350192,0.88344204,0.7298192,0.66272545,0.8857111,0.8885266,0.91255563,0.5819754,0.5859338,0.80562127,0.7020694,0.9191858,0.5036004,0.8401379,0.7680171
BC2026_Train_0007_S09_20250829_000000_20,0.26791042,0.6141667,0.255742,0.2986701,0.56831187,0.85694796,0.31509325,0.20486951,0.3084314,0.40412015,0.38474014,0.19639075,0.14551826,0.5745185,0.5698082,0.7252519,0.39628264,0.9438389,0.60154396,0.7804726,0.27080542,0.75295025,0.8290833,0.26874515,0.39058262,0.47964513,0.7723561,0.6359938,0.48272708,0.6454938,0.5851073,0.78461367,0.62750113,0.6631657,0.49964696,0.7163261,0.7957303,0.60260314,0.69748443,0.6301927,0.5171427,0.69748443,0.6288469,0.78461367,0.7109428,0.7109428,0.6012574,0.6322115,0.5911636,0.5884719,0.6288469,0.6288469,0.6288469,0.6860448,0.6349032,0.5859581,0.9043687,0.34142014,0.54494584,0.29314035,0.4802785,0.61264515,0.16352671,0.30342612,0.79295516,0.7393118,0.7895826,0.29571325,0.8442021,0.6716187,0.8309813,0.54657704,0.8637821,0.54236543,0.6714071,0.9354191,0.88753206,0.83369285,0.7212821,0.8475728,0.8235625,0.89101547,0.19482377,0.6460738,0.4370738,0.6088654,0.6421154,0.25028002,0.93245924,0.50674045,0.45290712,0.34840712,0.82150716,0.65634567,0.77416354,0.8542821,0.5613654,0.8394621,0.6151988,0.96099883,0.7481988,0.91936463,0.81284726,0.27950042,0.28473732,0.7144738,0.88646334,0.7220738,0.7336916,0.91939676,0.5146571,0.5835321,0.21857378,0.48338628,0.84559363,0.7212821,0.8905801,0.9350853,0.74344885,0.60886544,0.5489957,0.9792467,0.7410738,0.8899388,0.24503526,0.8621058,0.3650321,0.66038716,0.88096124,0.9783068,0.8178655,0.8131155,0.7927538,0.7138028,0.8026615,0.54236543,0.9104904,0.6151988,0.85111547,0.6816988,0.7719488,0.92058426,0.75057375,0.8313238,0.70782375,0.7616571,0.9844717,0.63208115,0.7458436,0.87929875,0.9177161,0.56517035,0.91597575,0.7884947,0.6397404,0.83389676,0.9607732,0.86037797,0.9382701,0.96076334,0.8564098,0.9089071,0.9061165,0.92711544,0.58698374,0.82182384,0.67536545,0.91524047,0.62469876,0.5795738,0.81675714,0.8859487,0.6447754,0.9430279,0.9223209,0.48932377,0.9328293,0.44261545,0.8508958,0.3460321,0.8154905,0.5439487,0.33336544,0.84400725,0.53128207,0.7054488,0.8701154,0.63653415,0.8304371,0.37136543,0.7207437,0.4985269,0.7517217,0.72220045,0.8412988,0.9560727,0.89446676,0.8661571,0.9244238,0.46636546,0.43549046,0.8906311,0.37690708,0.94108844,0.95886123,0.5589904,0.61361545,0.65636545,0.6832821,0.8162821,0.82574254,0.95039046,0.7972821,0.8637623,0.29261044,0.44150713,0.7065116,0.83528215,0.7640321,0.8612122,0.95838624,0.671803,0.6175738,0.8896217,0.90627277,0.8584938,0.52178216,0.87169874,0.82103217,0.5650883,0.9340425,0.7545321,0.8961217,0.7466154
BC2026_Train_0007_S09_20250829_000000_25,0.3509115,0.7083334,0.26849097,0.24816884,0.49469388,0.87830305,0.5593928,0.3587291,0.28787097,0.4725866,0.36175725,0.23760407,0.15039407,0.5763068,0.57765263,0.74319017,0.45906886,0.938898,0.4668678,0.7563565,0.3021378,0.6480842,0.89007604,0.32369387,0.37713137,0.4868564,0.82730466,0.7696469,0.5946885,0.64614683,0.6741352,0.8241957,0.63712484,0.7575769,0.58194566,0.8517852,0.89986515,0.67009777,0.75152063,0.76296026,0.5974227,0.75152063,0.7387353,0.8241957,0.6976874,0.6976874,0.6956686,0.7044165,0.65058315,0.6714435,0.7387353,0.7387353,0.7387353,0.7562311,0.7057623,0.583036,0.9382718,0.3016064,0.53644645,0.22259806,0.33403304,0.6000647,0.18445355,0.24562165,0.59373134,0.8146063,0.80720425,0.4653191,0.84881353,0.75935525,0.92160726,0.7039948,0.88227934,0.44290432,0.85773766,0.9238379,0.9225752,0.89506084,0.5703627,0.81259686,0.93983555,0.97850645,0.253696,0.7009877,0.43736267,0.9454148,0.8411127,0.40328142,0.95831895,0.6020294,0.64794606,0.45952934,0.9265336,0.63678354,0.95197177,0.84823763,0.71444607,0.71159595,0.735821,0.8298315,0.873571,0.85704505,0.8529125,0.42130765,0.4115148,0.8026773,0.9585565,0.7611544,0.8332158,0.91572726,0.78965443,0.85457104,0.21173765,0.5570231,0.7565429,0.87436265,0.8831107,0.8413008,0.78807104,0.6962377,0.44506162,0.93167937,0.82211274,0.9093227,0.34287724,0.75121105,0.576696,0.75102305,0.9612481,0.8497123,0.8537794,0.8727793,0.68357104,0.7585102,0.8494885,0.83794606,0.6843627,0.76986265,0.716821,0.49990433,0.80944604,0.89510435,0.944821,0.87198764,0.6685294,0.71602935,0.931046,0.8244679,0.7794419,0.97522104,0.9342622,0.7627971,0.9610641,0.9790211,0.6875294,0.91588557,0.9703602,0.873571,0.9400425,0.98232037,0.8532363,0.7516544,0.9111119,0.8134044,0.6957627,0.60044605,0.8751543,0.83557105,0.68218565,0.797571,0.86054814,0.84982103,0.6519044,0.79282105,0.8442201,0.48961264,0.9256311,0.31465432,0.91421616,0.30832097,0.7532377,0.59886265,0.42865434,0.9199489,0.583821,0.83557105,0.7706544,0.7706939,0.7017793,0.52682096,0.913946,0.67587215,0.8188827,0.98836267,0.94402933,0.917278,0.8550263,0.64557105,0.8565898,0.60677934,0.5513627,0.9665286,0.5751127,0.89383775,0.9449793,0.78252935,0.567196,0.66457105,0.7651127,0.80627936,0.8367823,0.95441604,0.7366127,0.9106408,0.5747643,0.6599397,0.8755462,0.47061265,0.809446,0.9578024,0.98768973,0.52808774,0.73898774,0.8994725,0.7571976,0.8874232,0.5379044,0.655071,0.84665436,0.77062273,0.9386856,0.70336264,0.9684919,0.8292377
BC2026_Train_0007_S09_20250829_000000_30,0.37174934,0.61,0.23403673,0.32939562,0.40563312,0.9254532,0.56531364,0.30731732,0.3018667,0.53974277,0.34789422,0.13289735,0.16075608,0.47629178,0.45933425,0.662286,0.31942058,0.9474498,0.6132715,0.80323595,0.29599124,0.73305064,0.93122023,0.2289331,0.35219556,0.4626331,0.75178397,0.84779066,0.58099896,0.6007906,0.6756885,0.7853739,0.582826,0.72750306,0.5626385,0.73355937,0.8518917,0.66223013,0.7618219,0.65280926,0.5915739,0.7618219,0.6938572,0.7853739,0.6003218,0.6003218,0.61781764,0.6090697,0.6083968,0.6279114,0.6938572,0.6938572,0.6938572,0.73557806,0.68578225,0.47931987,0.9070469,0.3992206,0.44332442,0.24286245,0.44877496,0.5938123,0.21585873,0.27763247,0.73868734,0.65397894,0.8320248,0.35818985,0.7417073,0.7345823,0.8547969,0.5775827,0.75817204,0.34979084,0.8160825,0.931367,0.89964294,0.95629656,0.47962415,0.8123072,0.62905127,0.8550721,0.21837416,0.46299914,0.7535409,0.9490033,0.60154086,0.22068979,0.83797204,0.48199916,0.7772908,0.41549915,0.8327076,0.6299419,0.97910553,0.5849158,0.73406583,0.8168742,0.72266585,0.6704158,0.69574916,0.6213298,0.7781439,0.6948308,0.79730654,0.55954295,0.80872005,0.5002075,0.8182586,0.865522,0.72504085,0.6814991,0.18829083,0.312345,0.6634294,0.84042627,0.60787416,0.8379523,0.5382075,0.5168325,0.65066373,0.7638325,0.6149992,0.81442,0.46464345,0.584332,0.31179082,0.6166023,0.8287887,0.6461711,0.5508741,0.67833257,0.8398325,0.6755617,0.8619597,0.53266585,0.75037414,0.4930825,0.6577491,0.65616584,0.6118325,0.92291796,0.6807075,0.77333254,0.5405825,0.58174914,0.83029294,0.77697515,0.80826485,0.9807492,0.8079632,0.6462106,0.83268285,0.9833616,0.6371658,0.6656658,0.97140354,0.63795745,0.83400345,0.9842533,0.81856006,0.69388074,0.88615996,0.7772908,0.5619575,0.68704087,0.8825825,0.8191304,0.42270336,0.7218742,0.73853874,0.7630408,0.6284575,0.8382491,0.7397461,0.56749916,0.82893723,0.33316582,0.711345,0.4740825,0.72108245,0.42499915,0.2603325,0.73595107,0.44004083,0.7574992,0.58254087,0.70451695,0.8334992,0.53266585,0.78907084,0.5255012,0.7469747,0.87624913,0.76066583,0.62790334,0.72024846,0.7519575,0.8176659,0.61024916,0.3497908,0.772736,0.65616584,0.89425963,0.85447836,0.78520757,0.58174914,0.8580408,0.66091585,0.75433254,0.870899,0.93711245,0.8422075,0.763694,0.7194992,0.580872,0.90905786,0.5002075,0.7638325,0.55503035,0.9713284,0.42674085,0.6371658,0.8347789,0.6971928,0.8501044,0.44558248,0.7836242,0.68308246,0.617018,0.9206616,0.58333254,0.88887626,0.6593325
BC2026_Train_0007_S09_20250829_000000_35,0.37428042,0.67583334,0.17293859,0.26664424,0.39346924,0.78253126,0.41700548,0.25712046,0.3061761,0.34614733,0.28255674,0.11419297,0.20079735,0.436927,0.427237,0.592438,0.30369422,0.8702109,0.4916948,0.74225533,0.23733225,0.6224424,0.83376384,0.3457317,0.34430674,0.42766926,0.7492276,0.7737438,0.6003688,0.5782021,0.6397915,0.8086936,0.6619978,0.76966447,0.55231225,0.7965811,0.890823,0.6848769,0.7366915,0.74207485,0.59874356,0.7366915,0.7346727,0.8086936,0.7306352,0.7306352,0.69026023,0.71919566,0.6384456,0.6539228,0.7346727,0.7346727,0.7346727,0.7535144,0.6613248,0.44298324,0.9117709,0.29443172,0.39742362,0.46404237,0.28901675,0.39845672,0.23905268,0.20089829,0.62487334,0.77370673,0.72359425,0.38551295,0.73574376,0.6478688,0.8421042,0.69807214,0.94030374,0.45140997,0.79340994,0.94932675,0.92874545,0.9805968,0.33028495,0.7870599,0.8215141,0.72849333,0.27565995,0.6493266,0.5962849,0.86050373,0.6976183,0.34710792,0.9593829,0.57095164,0.65328497,0.29228494,0.91782045,0.7542661,0.7975652,0.42290995,0.48070166,0.7942017,0.53216,0.9062225,0.85357666,0.9550461,0.70929736,0.703445,0.67880523,0.67788595,0.93175375,0.51474327,0.85874325,0.92838913,0.6659516,0.63507664,0.21390995,0.5095974,0.80831313,0.9672204,0.7562017,0.8032069,0.54720163,0.7087016,0.50080997,0.94303495,0.7522433,0.910545,0.36581814,0.75826496,0.47515997,0.61886734,0.8187433,0.64507145,0.47436827,0.662785,0.80291003,0.8298345,0.8918775,0.6358683,0.8892016,0.72849333,0.72216,0.5614516,0.4981183,0.9679725,0.74432665,0.743535,0.4973266,0.7356183,0.97720337,0.5884663,0.780779,0.94675577,0.8867114,0.7048166,0.8813038,0.8798599,0.577285,0.71740997,0.98069096,0.83616,0.9187546,0.91643596,0.9007877,0.95174325,0.8227582,0.8804933,0.5163266,0.50682664,0.553535,0.96880376,0.41135165,0.7854934,0.7323924,0.909785,0.7150349,0.8984246,0.88509095,0.7937267,0.9162321,0.5400766,0.76884854,0.46645167,0.9177016,0.56303495,0.572535,0.85145986,0.39124328,0.8630766,0.5812433,0.79796207,0.8884099,0.3698683,0.6802017,0.4954266,0.7533326,0.887935,0.94901204,0.7775965,0.87883836,0.78153497,0.4862433,0.36670166,0.63190997,0.936541,0.2859516,0.9652808,0.96745795,0.72057664,0.76807666,0.79182667,0.662785,0.7942016,0.71282303,0.9735616,0.8607016,0.7349652,0.50841,0.7181526,0.90360844,0.58995163,0.83141,0.7003892,0.94980377,0.64148915,0.8021183,0.9144693,0.7029502,0.8658277,0.5662016,0.9248266,0.791035,0.70063454,0.94256,0.78707665,0.8833829,0.786285
BC2026_Train_0007_S09_20250829_000000_40,0.35927814,0.6741667,0.13990498,0.26156434,0.37342685,0.8007854,0.40516874,0.31250814,0.275565,0.3876056,0.26284686,0.13021497,0.20955184,0.4086149,0.41467115,0.5894949,0.28436437,0.8861102,0.6689956,0.70755374,0.19438748,0.68783736,0.87049687,0.31072685,0.28578934,0.4240144,0.7503219,0.7516625,0.43547082,0.38132083,0.7092098,0.80005354,0.7105557,0.8080275,0.51069933,0.81304085,0.9265619,0.7105556,0.7865952,0.82898897,0.69642437,0.7865952,0.7495848,0.80005354,0.6560494,0.6560494,0.6796015,0.6903681,0.6560494,0.6930598,0.7495848,0.7495848,0.7495848,0.78794104,0.70046186,0.4328399,0.8982397,0.28365186,0.40092936,0.22590372,0.28041,0.42187685,0.25397623,0.19220248,0.45322683,0.781729,0.6858185,0.2349881,0.67487085,0.6162875,0.8206959,0.6806948,0.84288317,0.23076653,0.8450998,0.954634,0.81537277,0.91645485,0.5260582,0.9225912,0.49941865,0.6329332,0.2909332,0.6788499,0.39780816,0.81343323,0.8173916,0.25683215,0.9404956,0.55139154,0.5228915,0.4548082,0.97184575,0.71538526,0.8776156,0.61314154,0.44134986,0.90764153,0.55376655,0.8376978,0.8815165,0.7134694,0.73758465,0.5524049,0.7887435,0.6628978,0.80844575,0.7041832,0.8958417,0.9699853,0.8134332,0.71447486,0.20384988,0.51968527,0.69666237,0.91171867,0.7556415,0.7517228,0.60839146,0.56959987,0.72359884,0.8910165,0.87993324,0.9412715,0.3836746,0.7515051,0.32022485,0.6601072,0.75089157,0.68039364,0.29172486,0.5545582,0.8720165,0.76150984,0.9474031,0.6479749,0.72001654,0.60522485,0.5292249,0.6052248,0.4738082,0.9665416,0.61630815,0.72001654,0.56247485,0.6566832,0.86936444,0.58804965,0.8243978,0.75912493,0.7707683,0.4565103,0.64302695,0.83441234,0.5632665,0.72714156,0.9513455,0.7398082,0.8637298,0.9181925,0.8994953,0.73825645,0.9296232,0.73109984,0.5466415,0.7936415,0.62105817,0.7633365,0.5883228,0.91188484,0.7692187,0.7263499,0.8189749,0.8134332,0.7539395,0.7136831,0.80331963,0.36218318,0.7128718,0.5252665,0.7770165,0.54822487,0.36218318,0.7305062,0.45164153,0.7979482,0.6701416,0.7675759,0.7018082,0.5125999,0.58147484,0.59372586,0.52791864,0.8627144,0.9163499,0.69470304,0.7726861,0.90605813,0.49280816,0.43976653,0.62897485,0.7394777,0.27747485,0.9529249,0.7556416,0.65351653,0.69230825,0.8798936,0.5529749,0.8847624,0.8374603,0.9416832,0.91555816,0.60245407,0.6199182,0.7614207,0.90824527,0.58305824,0.7398082,0.67303115,0.91025406,0.58495826,0.7991832,0.90134776,0.51886,0.9501342,0.5656416,0.8530165,0.75009984,0.79650146,0.9765562,0.46351653,0.9390312,0.77622485
BC2026_Train_0007_S09_20250829_000000_45,0.28045923,0.6916667,0.14062884,0.27112317,0.3687357,0.8498213,0.43980762,0.1636426,0.27204946,0.32473883,0.2629651,0.23328947,0.07037634,0.41552323,0.44883263,0.5861749,0.2739732,0.898717,0.6872133,0.7362017,0.18266043,0.5916592,0.7966655,0.36659822,0.29178572,0.38227323,0.7850217,0.8243693,0.43981716,0.45406717,0.64970785,0.8017871,0.71430796,0.8144043,0.5931829,0.8204941,0.91752875,0.76679546,0.7492996,0.8623495,0.70556,0.7492996,0.7284392,0.8017871,0.66249335,0.66249335,0.6981579,0.66383916,0.7149809,0.7291121,0.7284392,0.7284392,0.7284392,0.78227246,0.6470162,0.44095945,0.9070589,0.2867982,0.39627385,0.19944571,0.2739376,0.45281067,0.14105634,0.1689151,0.3779982,0.8660211,0.74081904,0.18847321,0.77833384,0.68966717,0.9036152,0.5694176,0.7227519,0.13929352,0.8137935,0.9072538,0.81217057,0.9417071,0.39737684,0.92948776,0.48279768,0.6681268,0.20500185,0.5952935,0.5755018,0.60321015,0.92383516,0.3544883,0.8942268,0.3823352,0.38154352,0.4923768,0.92395395,0.7189519,0.6728512,0.66971016,0.43696016,0.9175018,0.83121014,0.7886581,0.8470435,0.5768132,0.9418417,0.3928802,0.69152534,0.7364081,0.85092264,0.5161268,0.92407763,0.9162748,0.90926844,0.6934602,0.19629352,0.59505606,0.5587581,0.895731,0.6214185,0.8243424,0.49000186,0.7362102,0.7474717,0.8145852,0.7187935,0.8776018,0.36884832,0.7217227,0.2746685,0.6590622,0.7670852,0.7913696,0.38787687,0.7108769,0.8470435,0.7775075,0.89950734,0.57946014,0.79558516,0.5889602,0.54937685,0.62458515,0.5192935,0.97719353,0.7108769,0.7021685,0.5319602,0.63250184,0.6958352,0.870749,0.8373852,0.77025187,0.7352851,0.6022998,0.7965599,0.82705396,0.5422518,0.7536268,0.9318825,0.62696016,0.8526228,0.8430318,0.9144975,0.50900185,0.89934105,0.5952935,0.54225177,0.80666846,0.6625852,0.8479144,0.554681,0.77896017,0.8104289,0.8486268,0.6277518,0.8019185,0.78937066,0.6103351,0.719031,0.36016852,0.69239146,0.44962686,0.72037685,0.6016269,0.44962686,0.7694751,0.49000186,0.81246346,0.7678768,0.711807,0.72750187,0.8193352,0.7267102,0.5341571,0.6148081,0.86608315,0.8621248,0.70719564,0.8197362,0.8042936,0.45912683,0.6016269,0.49000186,0.70332164,0.45912683,0.9336519,0.73146015,0.5533352,0.6237935,0.82008725,0.5224602,0.9240727,0.6935394,0.96345013,0.8692101,0.6381622,0.59874517,0.8947414,0.9343723,0.5327518,0.6934602,0.67928934,0.9191247,0.5237268,0.6467519,0.84870523,0.6433457,0.92419136,0.5208768,0.72512686,0.8336247,0.6173534,0.9573623,0.6230018,0.9024206,0.7409602
BC2026_Train_0007_S09_20250829_000000_50,0.31013224,0.6716667,0.16990198,0.21147636,0.3746389,0.8926824,0.36249074,0.29466075,0.2383376,0.31646326,0.25590074,0.14567699,0.22501385,0.43824974,0.46186912,0.7825138,0.29982638,0.8452451,0.40740794,0.73215747,0.22632606,0.5866056,0.8331863,0.22501387,0.33473885,0.43448892,0.8556262,0.86940736,0.5897907,0.42274898,0.5692945,0.7233925,0.59621114,0.765618,0.5928466,0.77211165,0.87681746,0.68301743,0.6534091,0.767805,0.573332,0.6534091,0.6648487,0.7233925,0.62581956,0.62581956,0.6419695,0.589482,0.6291841,0.6338945,0.6648487,0.6648487,0.6648487,0.6614841,0.72271955,0.4661085,0.9183323,0.24211386,0.4053833,0.31090575,0.2836526,0.6443597,0.2931467,0.16899356,0.44588888,0.7789034,0.72431797,0.38005388,0.75762403,0.729124,0.90012395,0.6236322,0.76511556,0.2267822,0.79836553,0.9549691,0.85869056,0.8541049,0.7738239,0.97115475,0.55841136,0.6566572,0.30119884,0.7841155,0.5608655,0.8189489,0.71128225,0.26699886,0.9514343,0.3732405,0.62024057,0.37640718,0.93310726,0.68533534,0.7614165,0.6732822,0.72790724,0.8799072,0.6946572,0.9533739,0.7248355,0.62247425,0.8205204,0.44186217,0.8405646,0.82380265,0.8803822,0.6930739,0.92695004,0.93290925,0.9802114,0.8442822,0.31624052,0.5697322,0.59662914,0.9708697,0.5640322,0.83929473,0.42786554,0.7231572,0.46596447,0.8181572,0.8450739,0.95888394,0.4693299,0.8443713,0.41124052,0.8358708,0.83557385,0.83660305,0.49648717,0.8972052,0.88465726,0.79982424,0.95987743,0.5616572,0.66299057,0.77303225,0.49594885,0.43024048,0.5949072,0.9434385,0.6400322,0.7746156,0.49594882,0.6954489,0.8134072,0.68221027,0.82193744,0.9103863,0.76482975,0.86801237,0.8268596,0.83054686,0.75640726,0.8134072,0.9058186,0.7635322,0.9118917,0.9079105,0.9315072,0.6416155,0.9743848,0.6891156,0.77148056,0.8371572,0.8886155,0.9701968,0.65048224,0.9276605,0.83825684,0.8442822,0.86565715,0.8843801,0.8498436,0.5719489,0.75117236,0.38194886,0.7595146,0.43815717,0.7722406,0.56799054,0.29090717,0.781034,0.55136555,0.8601155,0.5553239,0.79456556,0.8126155,0.5632405,0.63211554,0.6375583,0.71825844,0.9680197,0.8686656,0.75884163,0.7907034,0.8775322,0.8046989,0.40094882,0.7638489,0.6924576,0.36057383,0.95388854,0.8894072,0.6875322,0.59411556,0.90559685,0.4706155,0.9308509,0.8247946,0.96075225,0.77540725,0.6430604,0.6868672,0.8288321,0.94245875,0.37719885,0.77540725,0.7010697,0.95705515,0.55896556,0.72315717,0.8435274,0.6285131,0.9738187,0.57274055,0.7263239,0.8356135,0.8529846,0.93429476,0.5481989,0.9687718,0.77540725
BC2026_Train_0007_S09_20250829_000000_55,0.4951478,0.71583337,0.24316996,0.29054597,0.42592096,0.9241276,0.5977298,0.42606875,0.42425182,0.42364627,0.31584498,0.17231184,0.15777685,0.5096967,0.51756984,0.75652266,0.35182095,0.87823975,0.41273674,0.7580103,0.25406298,0.70249474,0.950554,0.41594598,0.48007092,0.5766543,0.8684286,0.89261925,0.65907764,0.667786,0.76479924,0.9603489,0.71634924,0.85769546,0.61002845,0.9328939,0.95859927,0.7695097,0.8670826,0.8711201,0.68674093,0.8670826,0.8616993,0.9603489,0.72913474,0.72913474,0.7365368,0.70423675,0.7257701,0.7419201,0.8616993,0.8616993,0.8616993,0.82805336,0.73384506,0.5741622,0.9257901,0.28128347,0.46867093,0.30878597,0.32574344,0.6265293,0.274105,0.24927439,0.73419595,0.8867897,0.6969877,0.4636175,0.8308693,0.73191106,0.89356923,0.72235614,0.8244114,0.33832803,0.8829947,0.9399819,0.9203614,0.75679713,0.461828,0.83110595,0.8077666,0.7872031,0.17207803,0.8307447,0.487953,0.5544531,0.62332803,0.30810615,0.9792614,0.48241135,0.56632805,0.32566136,0.9034593,0.64911497,0.6508355,0.6526197,0.46657804,0.77532804,0.5370364,0.6977447,0.9146614,0.65107363,0.881068,0.42740637,0.5955065,0.5799645,0.97007805,0.7674114,0.8458092,0.9557885,0.8480823,0.62570304,0.33911967,0.496028,0.57842076,0.87317806,0.6011614,0.791102,0.40403637,0.5378281,0.38899472,0.746828,0.86823016,0.9241614,0.4377479,0.795849,0.5457447,0.7187041,0.88497394,0.68276244,0.86557806,0.77560514,0.82678634,0.7021405,0.9154887,0.6581614,0.7001197,0.7341614,0.6739947,0.65420306,0.7808697,0.9360759,0.8141197,0.8621739,0.72624475,0.66766137,0.7959114,0.55043244,0.8157561,0.8151094,0.8532514,0.8344458,0.9341799,0.9255468,0.61145306,0.82361966,0.8509046,0.76661974,0.9590502,0.8728645,0.92500055,0.61145306,0.8598731,0.706453,0.6225364,0.7357447,0.6509414,0.82385725,0.5592822,0.84321356,0.7973166,0.8236197,0.54732805,0.80739063,0.86741865,0.45786968,0.8126383,0.39928633,0.8600948,0.29003635,0.81649476,0.56157804,0.4206614,0.9149345,0.573453,0.7452447,0.704078,0.6923416,0.65578634,0.5196197,0.6177864,0.57741135,0.8802318,0.981953,0.89027804,0.9204218,0.80446506,0.84974474,0.80145305,0.70328635,0.7452447,0.7479736,0.37870303,0.9633489,0.90832806,0.7325781,0.6597447,0.9328697,0.49586967,0.7626614,0.71536726,0.9345797,0.80620307,0.67061037,0.7535731,0.7962519,0.77833045,0.31616136,0.6130364,0.7895978,0.93077177,0.32779884,0.6795364,0.8950059,0.9132918,0.929327,0.36128634,0.746828,0.8177218,0.6711863,0.9200448,0.74999475,0.98254687,0.70011973
BC2026_Train_0007_S09_20250829_000000_60,0.42043784,0.6466667,0.21020146,0.21845458,0.42294207,0.8535029,0.41974768,0.3549458,0.2574402,0.33193207,0.26834142,0.15266709,0.270764,0.49909526,0.5009122,0.7192736,0.40726703,0.89105463,0.44630614,0.70309114,0.32033613,0.6351266,0.9544566,0.23199208,0.43719205,0.55301297,0.82603186,0.7965821,0.5669987,0.578082,0.5547869,0.7757997,0.5420015,0.7613724,0.56353486,0.7833432,0.8274192,0.6382286,0.65572447,0.7028286,0.5285432,0.65572447,0.6664911,0.7757997,0.7021557,0.7021557,0.6321724,0.56488067,0.5897786,0.603237,0.6664911,0.6664911,0.6664911,0.63957447,0.6631265,0.5130246,0.89142376,0.29896706,0.4460627,0.17110896,0.32675457,0.6329713,0.14519176,0.2354299,0.5989296,0.7461796,0.77547127,0.29498893,0.79895705,0.7332487,0.88766336,0.75214624,0.9366431,0.100920185,0.71446186,0.930486,0.8693118,0.80146605,0.39542016,0.9134781,0.8395848,0.79521185,0.30596185,0.80392027,0.6938786,0.6416285,0.84033686,0.32630768,0.9839452,0.41917017,0.76750356,0.4832952,0.9371974,0.6911275,0.7438545,0.7912535,0.6376702,0.84243476,0.6194619,0.90109736,0.8395452,0.7626309,0.79745036,0.45783517,0.4067806,0.8288973,0.88605565,0.78175354,0.9320258,0.95156604,0.9337931,0.6701285,0.27429518,0.649664,0.69977653,0.96209526,0.74929523,0.8278504,0.81896186,0.63450354,0.45782334,0.7904619,0.9390973,0.98758686,0.28430977,0.9031556,0.3716702,0.72280115,0.8923495,0.60289425,0.6015702,0.91222024,0.83796185,0.85592085,0.95430136,0.6780452,0.74533695,0.6827952,0.69625354,0.5775035,0.7025869,0.9349807,0.8334493,0.9197411,0.49279517,0.6281702,0.7770035,0.67826885,0.83042127,0.915664,0.94324166,0.8270171,0.9041136,0.89337856,0.6471702,0.85878277,0.8559723,0.89001393,0.9457568,0.8795818,0.87173593,0.5268368,0.9402938,0.5965035,0.7843185,0.6851702,0.4666702,0.81658685,0.60861605,0.8636514,0.8517765,0.8213369,0.80392027,0.9544952,0.87344843,0.50862855,0.9125765,0.30833685,0.9467152,0.5110035,0.87358683,0.6234202,0.48646182,0.8885019,0.7112952,0.8939327,0.83796185,0.83503276,0.83796185,0.24975352,0.8807119,0.7074754,0.7180561,0.75008684,0.91055775,0.9011587,0.960031,0.81817025,0.62658685,0.7239619,0.6556885,0.8890719,0.34317017,0.8600098,0.7635452,0.86725354,0.6827952,0.60679513,0.5490035,0.88613474,0.83177894,0.9415752,0.8656702,0.81148064,0.42477518,0.6519757,0.81290567,0.5450452,0.7857119,0.8315098,0.9423036,0.746564,0.7477119,0.97248,0.76355785,0.924979,0.55137855,0.90121603,0.9270244,0.874426,0.95208067,0.75800353,0.9681515,0.81421185
BC2026_Train_0008_S09_20250831_000000_5,0.06797159,0.41025004,0.2827722,0.37033847,0.35965097,0.4153937,0.1907172,0.25067407,0.23432219,0.39239034,0.3627147,0.1543797,0.08715533,0.38055336,0.4108346,0.45201707,0.18295093,0.2720135,0.23710689,0.18684001,0.11355939,0.5241059,0.06638825,0.21002594,0.14233845,0.3803135,0.7208474,0.12469375,0.26363122,0.5754688,0.5399855,0.5305646,0.48615208,0.67187715,0.49691877,0.63688546,0.7304208,0.5070125,0.6597646,0.53392917,0.45452502,0.6597646,0.5272,0.5305646,0.4895167,0.4895167,0.46125418,0.43164587,0.42424375,0.43568337,0.5272,0.5272,0.5272,0.64563334,0.6005479,0.47018588,0.92855203,0.36535096,0.3589385,0.071266584,0.14999783,0.40097597,0.18024343,0.14148346,0.5808427,0.38102594,0.27700096,0.08473282,0.8434875,0.6118854,0.91188747,0.9078508,0.7440519,0.24134351,0.47646847,0.8566645,0.67517686,0.46941477,0.55721855,0.41697472,0.23409975,0.8365977,0.07826015,0.14713517,0.32684347,0.78442687,0.16613516,0.13262787,0.69021845,0.5065518,0.8304623,0.13367683,0.46459353,0.6223727,0.14476015,0.66251016,0.31101015,0.59730846,0.46142685,0.64113516,0.77334356,0.35726726,0.37707672,0.14476015,0.18747057,0.32977268,0.7678018,0.60313517,0.6998571,0.8854831,0.6355935,0.19542682,0.13446848,0.6334619,0.36027163,0.65459347,0.27221847,0.3531466,0.53109354,0.29438516,0.105058074,0.47409347,0.836281,0.7519685,0.07038307,0.48014978,0.8401206,0.47993204,0.80501014,0.48974872,0.728179,0.50021845,0.3672185,0.16938101,0.38875183,0.6435101,0.4503435,0.40917683,0.30467683,0.2460935,0.4242185,0.7092185,0.6656769,0.88346434,0.51446843,0.56038517,0.79392684,0.3425383,0.73273104,0.78126013,0.4043714,0.12639348,0.373059,0.3498018,0.66251016,0.939079,0.62014806,0.89973307,0.8423966,0.1985935,0.65381175,0.23896849,0.60404557,0.79709345,0.12813516,0.55801016,0.4289685,0.2880518,0.85872084,0.64905185,0.650081,0.43688515,0.9706269,0.93318105,0.43862686,0.1392185,0.30653727,0.22788516,0.8615559,0.1202185,0.5873018,0.64905185,0.3434685,0.82505715,0.6482602,0.7488019,0.8324019,0.38093415,0.96658933,0.12576015,0.33317685,0.26521224,0.07509349,0.15267682,0.9669535,0.59935397,0.5981714,0.9553081,0.75592685,0.56988513,0.86596847,0.36870688,0.71586853,0.77967685,0.2548018,0.2413435,0.29201016,0.42865184,0.88346434,0.53980184,0.50979763,0.7654268,0.24767683,0.63145703,0.24881683,0.17872265,0.87168443,0.5120935,0.5770102,0.4211706,0.89672476,0.8430082,0.40442678,0.5833672,0.6807284,0.69863,0.37276015,0.69496846,0.46142685,0.24743932,0.5516768,0.31813514,0.902306,0.8496998
BC2026_Train_0008_S09_20250831_000000_10,0.07116414,0.42299998,0.386273,0.35198992,0.3683774,0.642032,0.28695053,0.35720304,0.2627255,0.3850618,0.3487243,0.29906303,0.10950239,0.38917056,0.44125432,0.57637596,0.20022738,0.29000238,0.28983617,0.09845863,0.13237363,0.5703078,0.13528915,0.20165236,0.19951487,0.4253774,0.71095926,0.15001121,0.3530737,0.5739487,0.47771668,0.48175418,0.47637084,0.6479646,0.4508,0.6506563,0.69304997,0.5174187,0.5974958,0.5113625,0.44003335,0.5974958,0.49319375,0.48175418,0.53087705,0.53087705,0.47098753,0.4218646,0.4380146,0.4501271,0.49319375,0.49319375,0.49319375,0.5927854,0.5806729,0.45760623,0.94365704,0.40328988,0.37468305,0.057941135,0.205108,0.43820238,0.23373267,0.17740957,0.68852735,0.34130237,0.3220649,0.100418,0.9296842,0.6436154,0.9557696,0.9192767,0.79178226,0.59438014,0.4795885,0.9201272,0.8057552,0.7680323,0.6173385,0.24431944,0.3992541,0.880251,0.10038016,0.20804684,0.52873516,0.76142186,0.20408852,0.1630208,0.84454685,0.61179686,0.8601822,0.13917184,0.7463802,0.8792813,0.2506187,0.88666356,0.32204682,0.5976102,0.44871348,0.6838385,0.7186719,0.3308739,0.37344977,0.1518385,0.16596977,0.63291454,0.8271935,0.6759218,0.7697146,0.8555114,0.8751447,0.21992184,0.28167185,0.6299628,0.45162287,0.6988802,0.32600516,0.42706144,0.81003016,0.33946347,0.16313957,0.7653802,0.9613573,0.8259585,0.08387393,0.61904055,0.95150095,0.4600937,0.82792187,0.576449,0.87241346,0.7851718,0.3703385,0.27921766,0.36333224,0.70046353,0.4629635,0.4510885,0.38142183,0.25238016,0.38617182,0.62525517,0.7440052,0.95850724,0.5468802,0.6980885,0.71392184,0.38817078,0.81535417,0.94089264,0.3295281,0.22128747,0.743926,0.27454683,0.7471719,0.9241094,0.8703156,0.9653156,0.8523052,0.22168331,0.6941698,0.3592552,0.7182143,0.38063017,0.22388017,0.5714218,0.6402968,0.31096348,0.90470797,0.5555885,0.7466376,0.54054683,0.96456355,0.879776,0.45209786,0.1708385,0.51271975,0.15421352,0.9569062,0.1138385,0.60942185,0.7170885,0.6395052,0.9404177,0.84454685,0.6806718,0.9449697,0.4422812,0.9547073,0.13600518,0.5096718,0.3629958,0.115540594,0.2500052,0.9689335,0.8100084,0.6034052,0.90297186,0.95739895,0.6695885,0.7123385,0.26223642,0.86968225,0.6022968,0.31729683,0.30225515,0.31492183,0.76734346,0.9408531,0.47088018,0.2770406,0.8524635,0.2135885,0.7268458,0.24265853,0.15793435,0.9261677,0.67354685,0.68700516,0.7000479,0.95902187,0.87183595,0.38854682,0.46814892,0.72512394,0.7057083,0.30304685,0.55875516,0.62683856,0.39563227,0.7455885,0.5460885,0.9216156,0.8168385
BC2026_Train_0008_S09_20250831_000000_15,0.13652708,0.4185,0.36193117,0.37956557,0.3909656,0.7795677,0.30379122,0.34860745,0.35466373,0.42612746,0.37828308,0.33165,0.29773495,0.41148087,0.5011133,0.7270115,0.25844058,0.31544057,0.33581215,0.19409592,0.18380028,0.7521457,0.29723543,0.1950281,0.19930309,0.46577808,0.7821907,0.18138437,0.32245937,0.6251927,0.4398795,0.41834617,0.39613992,0.5838837,0.51995665,0.59801495,0.57379,0.48092747,0.5159191,0.49034828,0.40757954,0.5159191,0.4789087,0.41834617,0.49909618,0.49909618,0.46208578,0.3624941,0.42978576,0.43382326,0.4789087,0.4789087,0.4789087,0.5509108,0.6269504,0.4793109,0.96640104,0.4301531,0.43731374,0.10179748,0.31316057,0.60091555,0.19324684,0.27803433,0.8099156,0.38882807,0.26414058,0.13663872,0.9571782,0.72810936,0.9772073,0.9291438,0.84544057,0.64024055,0.51753217,0.810058,0.91178215,0.6134426,0.4985322,0.4248605,0.6534019,0.91593844,0.25469887,0.46053222,0.8106705,0.36949053,0.24282387,0.1713166,0.8674488,0.8329638,0.97729266,0.13594887,0.83419883,0.69836867,0.22867286,0.9237759,0.33861554,0.60258883,0.7439489,0.9659322,0.72099054,0.35873973,0.22916268,0.13911554,0.09632595,0.76625407,0.9438447,0.8539905,0.8763551,0.81919676,0.967951,0.22303222,0.25707388,0.7690625,0.43872178,0.5452405,0.37899053,0.55056447,0.9256759,0.46924052,0.1850718,0.63074046,0.9593613,0.82694715,0.16765513,0.7787426,0.7339738,0.42311093,0.88565713,0.75445825,0.8959489,0.94380516,0.36394885,0.21000929,0.34391972,0.8270738,0.45894888,0.39244887,0.4557822,0.28161556,0.5966988,0.8199488,0.9094072,0.9766989,0.6077822,0.90742797,0.9133655,0.46587598,0.6573208,0.8641634,0.25443763,0.1330197,0.92060924,0.2444072,0.65607387,0.9351363,0.84021556,0.9325634,0.8226802,0.26568323,0.66992795,0.24440722,0.7921922,0.53653216,0.3719922,0.7376155,0.51753217,0.38294888,0.9265923,0.23649053,0.758852,0.5856155,0.9555614,0.97535306,0.5394613,0.34099054,0.31173846,0.1470322,0.9536683,0.15099053,0.46449053,0.8120005,0.9006988,0.9757884,0.8492405,0.77066755,0.9799842,0.28503948,0.91997594,0.1351572,0.7035739,0.38290933,0.13250512,0.5644305,0.92361766,0.9748316,0.72346056,0.8562864,0.90932804,0.7961989,0.6394489,0.23559596,0.98065716,0.78207546,0.1446572,0.27607384,0.58007383,0.5479955,0.97729266,0.5887822,0.29467803,0.7004072,0.19769888,0.6850093,0.24323556,0.12712179,0.88664675,0.87932384,0.2444072,0.8115374,0.89646345,0.93887305,0.5563238,0.43276057,0.6988634,0.6001418,0.2871572,0.58599555,0.85557383,0.41995928,0.91019887,0.46449056,0.97408634,0.8272718
BC2026_Train_0008_S09_20250831_000000_20,0.10673267,0.4215,0.2906148,0.29709858,0.39471108,0.46473566,0.32755795,0.40326107,0.30393857,0.37661356,0.35844484,0.2052217,0.24277045,0.4197412,0.4796981,0.6218853,0.30066106,0.33486107,0.26184762,0.18796138,0.22308764,0.73827267,0.26664937,0.19164859,0.14248607,0.4595486,0.6992707,0.16477317,0.25668567,0.46331066,0.47098488,0.48040572,0.41378698,0.64863485,0.52414525,0.664112,0.6412328,0.48646197,0.5712494,0.5773056,0.41445985,0.5712494,0.48915362,0.48040572,0.50261194,0.50261194,0.45819944,0.39830986,0.4205161,0.42253488,0.48915362,0.48915362,0.48915362,0.56923074,0.6210453,0.48635998,0.9595273,0.37974858,0.41255924,0.084916085,0.23208296,0.66696525,0.2271667,0.29863045,0.693882,0.31419855,0.26147354,0.1398142,0.9613482,0.58665234,0.9606753,0.93746805,0.978664,0.3167119,0.63100356,0.8174372,0.7568786,0.621181,0.56687856,0.24647127,0.7992239,0.92783904,0.1647119,0.27712855,0.4855269,0.41567025,0.18450357,0.21207336,0.8922536,0.60139525,0.91366816,0.1813369,0.5716286,0.6589946,0.23984107,0.50829524,0.5716286,0.5281186,0.729962,0.96116817,0.7505453,0.46178484,0.2620117,0.11483691,0.22137545,0.542713,0.9431182,0.810712,0.813087,0.89625144,0.978664,0.25021192,0.18292023,0.64244676,0.5760026,0.67296195,0.43704525,0.44383377,0.90963066,0.43862855,0.14127856,0.40617025,0.9733599,0.8394969,0.10092337,0.81947964,0.8732536,0.38186926,0.87167025,0.5117984,0.65712863,0.87804323,0.33492026,0.3015119,0.69987863,0.7795994,0.52175355,0.1813369,0.26525357,0.25417024,0.6959202,0.5977536,0.8400036,0.9793369,0.4972119,0.7616286,0.94450355,0.46317023,0.5954444,0.9435536,0.5533015,0.18571086,0.7968459,0.26842025,0.4212119,0.97664535,0.77326024,0.8997745,0.8526307,0.2209994,0.62922233,0.36025357,0.63474417,0.6373369,0.36994356,0.25654525,0.39033693,0.36658692,0.9559721,0.32225356,0.88791925,0.67612857,0.9687286,0.9793369,0.64800465,0.21379524,0.33565256,0.13937858,0.9732194,0.11246191,0.61517024,0.813087,0.76083696,0.96090305,0.75371194,0.9329057,0.9679765,0.5155588,0.9747057,0.1504619,0.48375356,0.18972859,0.20176192,0.26604524,0.9399515,0.9572712,0.8002619,0.9793369,0.596962,0.5589619,0.4647536,0.250489,0.96864945,0.7647953,0.13937856,0.37450358,0.31275356,0.23912857,0.9445036,0.33887854,0.34913066,0.7085869,0.27950358,0.82296294,0.24647523,0.13245149,0.8673675,0.5439203,0.3998369,0.920248,0.88544524,0.8722949,0.4710869,0.630014,0.6716161,0.6447913,0.40933686,0.40379524,0.79367524,0.6272037,0.7624203,0.53996193,0.89846814,0.92677027
BC2026_Train_0008_S09_20250831_000000_25,0.1395131,0.47849995,0.3096595,0.4111789,0.40262893,0.49261096,0.31087083,0.30542016,0.3284339,0.37082765,0.3793064,0.23032267,0.21457642,0.4313356,0.48099685,0.58159786,0.2993164,0.32211643,0.32253504,0.22926876,0.27045125,0.7034732,0.3010131,0.3541789,0.16322893,0.45392895,0.8056791,0.15203594,0.44059846,0.6940902,0.5304476,0.68118095,0.49276426,0.7504914,0.5432331,0.7679872,0.73366845,0.5681309,0.68521845,0.69060177,0.49074548,0.68521845,0.57082266,0.68118095,0.61927265,0.61927265,0.50151217,0.50151217,0.50151217,0.5089143,0.57082266,0.57082266,0.57082266,0.66233927,0.648208,0.56948537,0.9624651,0.3655789,0.4380402,0.14370641,0.31691518,0.5861373,0.371653,0.30321735,0.73972064,0.47815385,0.3805414,0.13826767,0.98170257,0.61334014,0.9509068,0.9167715,0.9509799,0.5446965,0.6634465,0.8564935,0.7046132,0.7567366,0.58427984,0.47314963,0.6030562,0.9647153,0.17102984,0.25177982,0.37052983,0.42277986,0.20586316,0.3315007,0.83286315,0.69669646,0.86496526,0.16469648,0.46077988,0.91955066,0.23612462,0.8027798,0.39348817,0.6062882,0.4971965,0.82011735,0.8067382,0.40305942,0.51105165,0.19952983,0.20141004,0.50366837,0.9227569,0.82573813,0.8428381,0.9046674,0.9533549,0.27711314,0.26761314,0.5909714,0.7890642,0.67848814,0.3451965,0.40215692,0.7339049,0.35152984,0.19796628,0.58427984,0.98011315,0.83536476,0.17785797,0.6634069,0.8534465,0.34628507,0.84552985,0.68881947,0.8787798,0.6769048,0.42040482,0.5184527,0.6570736,0.88701314,0.59140486,0.35152984,0.4663215,0.3143215,0.4948215,0.72598815,0.82627654,0.9721965,0.7378632,0.5993215,0.8257382,0.33680484,0.7445924,0.7932799,0.6742449,0.19584858,0.5555305,0.3166965,0.6840298,0.97017777,0.77557826,0.92283607,0.8527736,0.23814337,0.6609923,0.47582152,0.5236184,0.3903215,0.29294646,0.48057148,0.49244648,0.46473816,0.9290111,0.48452985,0.7654331,0.69827986,0.9734632,0.89010066,0.55787784,0.13065483,0.57323605,0.20586316,0.8602025,0.14173816,0.5106548,0.7323215,0.6222798,0.9026209,0.95897573,0.8940986,0.8996006,0.5441423,0.9486444,0.110863164,0.64919645,0.3238017,0.10397565,0.28027984,0.95493823,0.9224135,0.74355525,0.932059,0.73865485,0.63890487,0.5494465,0.3539365,0.9306341,0.73944646,0.27236316,0.5130298,0.3736965,0.3467798,0.89219856,0.49561316,0.37785274,0.8138632,0.22961317,0.8489538,0.32242814,0.18405274,0.9241583,0.7821965,0.47265482,0.88763267,0.8209882,0.8646466,0.53044647,0.6500198,0.696657,0.6995663,0.3618215,0.3879465,0.5795298,0.63352144,0.65869653,0.48611313,0.80939025,0.83286315
BC2026_Train_0008_S09_20250831_000000_30,0.09383921,0.4395,0.36774766,0.35692948,0.37687954,0.40258178,0.24904513,0.28538266,0.3271708,0.41256392,0.33141017,0.20241202,0.1363989,0.39448547,0.4308229,0.45565352,0.17096704,0.30491704,0.2651833,0.18645203,0.10590389,0.5715622,0.11204755,0.46166697,0.21371704,0.39611703,0.7439311,0.12256926,0.30924425,0.5777776,0.5745218,0.61355096,0.48771557,0.7198718,0.51194054,0.68622595,0.74746144,0.5502968,0.7064135,0.5832697,0.48300517,0.7064135,0.56375515,0.61355096,0.5778864,0.5778864,0.48098645,0.48300517,0.47493014,0.47089264,0.56375515,0.56375515,0.56375515,0.70506763,0.59740096,0.4665548,0.9364027,0.396117,0.38966894,0.29095203,0.28186768,0.70177954,0.2588539,0.17285517,0.8466545,0.43815452,0.359067,0.09582203,0.9264276,0.58965254,0.9264276,0.9400914,0.81833893,0.35703474,0.48290974,0.8436931,0.78611803,0.6450193,0.68161803,0.36156702,0.35760874,0.9778201,0.12111806,0.27311805,0.2834097,0.73386806,0.22957638,0.25556284,0.6578681,0.5858264,0.92418474,0.14249305,0.3982014,0.7170657,0.25552326,0.7307014,0.2968681,0.5090347,0.3934514,0.588993,0.8328264,0.5018781,0.3419327,0.19157639,0.2355337,0.3333243,0.78136814,0.7093264,0.6719201,0.864493,0.77820146,0.24145138,0.14882639,0.66861683,0.57436705,0.65232635,0.34674305,0.37577748,0.6159097,0.17970139,0.10995556,0.6198681,0.8489764,0.7699364,0.13257743,0.5933274,0.7022014,0.5161795,0.94682634,0.5433337,0.42036808,0.6895347,0.6016597,0.26456806,0.5283514,0.9195139,0.52249306,0.34436804,0.44522637,0.31982642,0.4916181,0.64361805,0.8700347,0.93641603,0.6824097,0.76632637,0.721993,0.32873267,0.6081071,0.7623681,0.50389683,0.21289204,0.81068647,0.23115973,0.5858264,0.91698056,0.8691006,0.814341,0.8142222,0.3342545,0.67021805,0.55811805,0.5116275,0.5779097,0.2572847,0.5731597,0.34832639,0.719618,0.91190994,0.5802847,0.6657451,0.53911805,0.92169106,0.9545847,0.6698024,0.108451396,0.61553365,0.29449308,0.77777,0.12824307,0.6467847,0.7964098,0.5953264,0.86482257,0.68082637,0.7914619,0.8566555,0.39754832,0.9565243,0.10765973,0.8264931,0.27953058,0.07801181,0.1773264,0.9359806,0.8177412,0.6055072,0.95137846,0.721993,0.5145764,0.74020135,0.518701,0.57474303,0.777853,0.36415976,0.30082643,0.37524307,0.2295764,0.96004725,0.5375347,0.49454725,0.81461805,0.26915973,0.68674415,0.28758973,0.20721182,0.91580105,0.39740974,0.6737014,0.61533576,0.8534097,0.8637627,0.567618,0.60281557,0.7899972,0.72276497,0.58820134,0.881118,0.46549308,0.4206847,0.5921597,0.3847431,0.8122431,0.8462847
BC2026_Train_0008_S09_20250831_000000_35,0.0547567,0.4215,0.2664374,0.43559676,0.37218428,0.34152633,0.24947992,0.34335178,0.32821113,0.4269281,0.35970372,0.17741054,0.21435367,0.38170803,0.44105935,0.4664955,0.10642178,0.25960928,0.29226553,0.11723992,0.082719296,0.5449458,0.110173374,0.25462177,0.13135928,0.3707593,0.7165514,0.1341888,0.2595888,0.4989888,0.54745203,0.54879785,0.45997292,0.68809164,0.4794875,0.6584833,0.69818544,0.4990021,0.69145626,0.5259188,0.46670204,0.69145626,0.5239,0.54879785,0.4990021,0.4990021,0.4613187,0.44247705,0.4283458,0.4323833,0.5239,0.5239,0.5239,0.67934376,0.5723499,0.43500304,0.9297346,0.39498425,0.34778118,0.07888367,0.18971305,0.73943853,0.37954086,0.20451523,0.7465635,0.40424675,0.3030718,0.089594916,0.7989908,0.6194013,0.90178883,0.9251942,0.7218301,0.24762177,0.41070512,0.8085127,0.67749673,0.41624284,0.7796218,0.24706763,0.2946072,0.9490781,0.05287177,0.54291344,0.34499678,0.7574551,0.17399678,0.17932074,0.6276217,0.5009551,0.95648015,0.11699677,0.45266345,0.57206655,0.300802,0.56983006,0.21595511,0.52391344,0.44712177,0.6197051,0.7170801,0.3438647,0.44732463,0.19537178,0.23265928,0.2773489,0.68858004,0.63158005,0.62243634,0.6482051,0.74977595,0.14153844,0.1280801,0.6793992,0.7485687,0.51520514,0.33391345,0.3222364,0.59041345,0.15974677,0.082717605,0.54291344,0.5302468,0.7361117,0.090000935,0.41317907,0.5064968,0.37426868,0.73608005,0.42317387,0.7126467,0.76378846,0.36478844,0.17577803,0.44696346,0.7753072,0.28483012,0.3069968,0.4035801,0.25791344,0.48274678,0.6751218,0.61970514,0.86326134,0.63474673,0.7028301,0.7550801,0.35730723,0.6063853,0.7344968,0.373473,0.15788636,0.34404382,0.27058008,0.41703847,0.74554056,0.64234275,0.67908007,0.74415517,0.34723324,0.6452363,0.6371218,0.4112593,0.41703844,0.18349677,0.41466343,0.3402468,0.4487051,0.8338874,0.4344551,0.6501447,0.45978844,0.89571965,0.93720305,0.5495239,0.07741343,0.4501895,0.22466345,0.79525715,0.14074677,0.6078301,0.7075801,0.57141346,0.7369936,0.58645505,0.74874675,0.84085715,0.32938114,0.9498301,0.1067051,0.56112176,0.29535928,0.086834274,0.117788434,0.7838968,0.7212364,0.6096667,0.90454674,0.57933,0.7004551,0.61812174,0.24629177,0.7407509,0.6482051,0.2302051,0.1304551,0.37824678,0.27770513,0.90747595,0.5429134,0.47981763,0.80020505,0.4107051,0.42354992,0.33822015,0.19046347,0.8899089,0.4542468,0.5342051,0.36055303,0.8461217,0.8274947,0.32678846,0.49527097,0.69772387,0.62526655,0.37587178,0.64187175,0.38141343,0.2309572,0.49462178,0.5294551,0.7574551,0.44158012
BC2026_Train_0008_S09_20250831_000000_40,0.060760416,0.45525002,0.24430978,0.33408475,0.36258477,0.5701393,0.20857787,0.28306976,0.27640787,0.39692727,0.32364666,0.17769101,0.12984663,0.39005402,0.55902344,0.47908083,0.09753475,0.25214726,0.28326866,0.11551054,0.10158116,0.6275329,0.08371875,0.27779725,0.10537226,0.3775473,0.73936516,0.13860181,0.2212518,0.608931,0.5427239,0.5851177,0.4767781,0.68740106,0.5043677,0.6618302,0.6860552,0.5198448,0.68538225,0.55685514,0.48687184,0.68538225,0.5164802,0.5851177,0.51109684,0.51109684,0.4734136,0.4498614,0.4626469,0.45726353,0.5164802,0.5164802,0.5164802,0.6948031,0.5918468,0.48029214,0.953306,0.38965973,0.3536429,0.09564664,0.12047726,0.48157218,0.22343352,0.14833602,0.6726807,0.35830975,0.36543474,0.08563602,0.8889435,0.6595977,0.9215207,0.93634385,0.65671384,0.19438049,0.45721382,0.8233745,0.6472139,0.35914022,0.85779715,0.38206488,0.30782634,0.874818,0.082755506,0.3748805,0.34558883,0.7200472,0.1397555,0.20077322,0.6511722,0.4437555,0.9082264,0.11758883,0.5458805,0.59866494,0.5341639,0.5537972,0.27433884,0.5300472,0.3701305,0.58863056,0.78338057,0.3622376,0.50727195,0.13183884,0.22691801,0.32415447,0.7002556,0.6788806,0.575667,0.5300472,0.6535472,0.15717217,0.13896383,0.53198683,0.40401387,0.5553805,0.25771382,0.3596805,0.7414222,0.1017555,0.12892947,0.35033885,0.6519639,0.7089639,0.2457597,0.38915026,0.4912555,0.34982425,0.6377139,0.48349717,0.8752138,0.7010472,0.47700548,0.13369925,0.40421173,0.70263046,0.4738388,0.21179718,0.31392217,0.24346386,0.47621384,0.67571384,0.43267217,0.86167634,0.5316305,0.6495889,0.59971386,0.33005238,0.5778045,0.78733885,0.34945217,0.11410551,0.2304805,0.24188049,0.47621384,0.8076451,0.54486525,0.67254716,0.87295765,0.2219305,0.64012843,0.33767217,0.46348777,0.4271305,0.10571384,0.4595888,0.30442217,0.5165888,0.7069451,0.43821383,0.45806485,0.3883388,0.95370764,0.8751742,0.4694055,0.11046384,0.2727357,0.13896383,0.7227587,0.21892217,0.53638047,0.6060472,0.54746383,0.74728054,0.6179222,0.6875889,0.8663868,0.25527945,0.9404868,0.0922555,0.3542972,0.31128988,0.07325551,0.11996385,0.7751472,0.6547941,0.56747717,0.9270284,0.7209576,0.5419222,0.45958886,0.22563551,0.8267638,0.45483884,0.16192217,0.10254717,0.5720055,0.20704718,0.9225555,0.48729718,0.43057424,0.6519639,0.25771382,0.47399718,0.25400883,0.13314508,0.80753833,0.6012972,0.3907138,0.391268,0.8190055,0.82066804,0.40496382,0.5089335,0.82518053,0.6580201,0.2347555,0.4912555,0.43425548,0.35239717,0.5902139,0.35192215,0.7810055,0.5894222
BC2026_Train_0008_S09_20250831_000000_45,0.08880521,0.42975,0.290879,0.41080463,0.36734214,0.4360794,0.25514713,0.22486588,0.2587809,0.3514415,0.32661092,0.21517588,0.19034527,0.38945815,0.46637252,0.47848496,0.14789213,0.26402962,0.25152823,0.10254449,0.15644512,0.5675299,0.09197188,0.24764214,0.15287963,0.38444215,0.70478696,0.095504425,0.26579192,0.59829193,0.5345595,0.53657824,0.4955303,0.67116153,0.45986572,0.65904903,0.67452615,0.51437205,0.6987512,0.52581155,0.4726511,0.6987512,0.4908199,0.53657824,0.5399428,0.5399428,0.46188447,0.45851985,0.44909903,0.44909903,0.4908199,0.4908199,0.4908199,0.667797,0.5870469,0.47424567,0.96641695,0.36591712,0.36196277,0.096093394,0.14878277,0.642288,0.27747804,0.19571869,0.7167047,0.34454215,0.33314213,0.093445264,0.94935656,0.65608364,0.93918365,0.93200946,0.740379,0.44033724,0.55196226,0.8805375,0.72612894,0.4431635,0.7775873,0.285606,0.45359766,0.92776644,0.07379557,0.29229558,0.31367055,0.6018373,0.16879559,0.13370496,0.72296226,0.55196226,0.8522414,0.13158724,0.50129557,0.7259706,0.20986329,0.790254,0.2060039,0.5586755,0.53692055,0.7150456,0.8432956,0.38072476,0.27888277,0.1877956,0.11640704,0.51910806,0.8931705,0.8968915,0.6599852,0.5630456,0.5931289,0.19096226,0.20758724,0.50367063,0.5164758,0.6160872,0.22500391,0.60314345,0.73562896,0.28833723,0.114032045,0.47833723,0.9351289,0.745129,0.096892454,0.42654246,0.7973789,0.22070913,0.74512887,0.75253105,0.85358727,0.8472539,0.45775393,0.20386642,0.2926914,0.6968373,0.6137122,0.35721225,0.5986706,0.2083789,0.62242055,0.7997539,0.5329622,0.9095186,0.65804553,0.58442056,0.6034206,0.3679393,0.60753727,0.88921225,0.5677955,0.096793495,0.49892357,0.21471225,0.65804553,0.90666854,0.5515032,0.92483723,0.84375477,0.22668621,0.64847434,0.2780456,0.52381855,0.36671224,0.12129558,0.6335039,0.43717057,0.33346224,0.8280164,0.36592057,0.5863998,0.44350392,0.9764143,0.84408724,0.42921433,0.20996223,0.41375703,0.19254558,0.8432164,0.15137891,0.5282123,0.63271224,0.6445873,0.8757905,0.8882623,0.6786289,0.9193748,0.19359455,0.9269748,0.11733724,0.4221289,0.2829341,0.093706,0.1822539,0.9509623,0.79745805,0.73804355,0.8704101,0.9435601,0.8100456,0.4506289,0.3443873,0.96647894,0.6556705,0.16483726,0.11971223,0.39362893,0.19808723,0.9639456,0.45221224,0.3716206,0.7918372,0.18700391,0.7244071,0.29223225,0.1946435,0.82699513,0.9731289,0.46883726,0.6487435,0.83854556,0.8118664,0.5305873,0.6061518,0.8422743,0.63859046,0.26854557,0.7174206,0.6192539,0.29403722,0.5955039,0.3580039,0.8432956,0.8456706
BC2026_Train_0008_S09_20250831_000000_50,0.060489066,0.43500003,0.33346888,0.366042,0.36461705,0.67809564,0.27714577,0.24383639,0.33528575,0.4212846,0.3358914,0.25473765,0.09303577,0.39925638,0.4428614,0.6118308,0.16155452,0.2712795,0.29141653,0.13879906,0.13092594,0.5926141,0.12540573,0.28410453,0.15941702,0.40024203,0.75314337,0.1063539,0.4034664,0.7287622,0.50702703,0.62949795,0.46328744,0.66718125,0.38993955,0.6846771,0.6557417,0.50837296,0.6665083,0.55009377,0.45992288,0.6665083,0.51577497,0.62949795,0.54471046,0.54471046,0.47338125,0.47068954,0.4720354,0.45857704,0.51577497,0.51577497,0.51577497,0.6517042,0.5332709,0.54857665,0.93855387,0.39667952,0.38193083,0.15118764,0.25293264,0.358917,0.3320023,0.1884692,0.75791705,0.4337295,0.27769202,0.09909202,0.92980593,0.7026372,0.9009497,0.93421197,0.7057888,0.8767887,0.43583038,0.89259636,0.57437205,0.32483873,0.61712205,0.42615226,0.45162416,0.8819345,0.056622073,0.29649705,0.43741372,0.3281637,0.13499707,0.11720437,0.43978876,0.4690804,0.85850126,0.098580405,0.66066366,0.6236929,0.13511582,0.8538304,0.23237208,0.4952054,0.41762206,0.6479971,0.65987206,0.3027829,0.23643531,0.1864554,0.07130749,0.39339706,0.66778874,0.73191375,0.5840304,0.645622,0.56170535,0.15716374,0.1057054,0.30583873,0.36612415,0.48808038,0.24266373,0.4261523,0.5490387,0.17062207,0.120034575,0.32499704,0.6250387,0.7168721,0.04035332,0.30336475,0.86095536,0.21669708,0.6590804,0.72021693,0.7366637,0.80118465,0.36299706,0.17370957,0.36347204,0.59812206,0.5268721,0.18170542,0.6329554,0.29966372,0.77703875,0.59020543,0.5403304,0.83229715,0.85541373,0.54428875,0.522122,0.35254705,0.54563457,0.9167283,0.34315792,0.08785332,0.39361474,0.14053874,0.5387471,0.7750596,0.5590138,0.59020543,0.91981786,0.16337833,0.69395334,0.19041374,0.6125502,0.3028304,0.093038745,0.5086637,0.2838304,0.35270542,0.7291033,0.3835804,0.5495137,0.37328872,0.93180954,0.8594116,0.38797414,0.1033304,0.28250435,0.15241374,0.68455225,0.090663746,0.5142054,0.53399706,0.49203876,0.77650434,0.8764721,0.7730804,0.84096587,0.14883146,0.90932626,0.11520541,0.39387205,0.19270958,0.15645124,0.15320541,0.80237204,0.5964002,0.6042496,0.7619179,0.9511658,0.59099704,0.3123304,0.3465225,0.6377054,0.69787204,0.25453874,0.10728874,0.50549704,0.19991374,0.89594704,0.4690804,0.3092033,0.74220544,0.19120541,0.4374533,0.3738904,0.12617,0.68013877,0.9741637,0.27274704,0.52295333,0.77703875,0.7546742,0.3954554,0.3868975,0.9128867,0.5773804,0.20783041,0.8577887,0.4595804,0.1710179,0.70737207,0.49045536,0.80949706,0.37962204
BC2026_Train_0008_S09_20250831_000000_55,0.07376481,0.39075,0.21458021,0.32495832,0.35987085,0.35720932,0.4477458,0.30057895,0.31753644,0.43987268,0.37325394,0.15038395,0.18127084,0.3802816,0.39723912,0.47778723,0.12759581,0.2608333,0.34969097,0.05717411,0.06928661,0.49806908,0.05397314,0.25299582,0.07700832,0.37340838,0.7480306,0.12279686,0.26672187,0.6905011,0.57729656,0.5517256,0.484434,0.68900067,0.47434026,0.63584024,0.6748694,0.50798607,0.7199548,0.5382673,0.49520063,0.7199548,0.5153882,0.5517256,0.48174235,0.48174235,0.45415273,0.43127358,0.43060067,0.4366569,0.5153882,0.5153882,0.5153882,0.7246652,0.5288465,0.43599913,0.937501,0.42898333,0.35862398,0.06368458,0.19631647,0.54377496,0.21345209,0.1528896,0.67202497,0.4140208,0.2636833,0.09042708,0.82512397,0.631126,0.8825198,0.92872524,0.6227032,0.36857826,0.4904949,0.8387966,0.57599485,0.2723116,0.7897449,0.34904388,0.30900532,0.81131786,0.032119907,0.21578656,0.2862449,0.5981616,0.16907823,0.13466054,0.54591155,0.43428656,0.9403991,0.08991157,0.6108282,0.5233491,0.16088447,0.63378656,0.19678657,0.58045995,0.34561992,0.51582825,0.6725782,0.2964099,0.29830992,0.25337493,0.21883449,0.22495013,0.64961994,0.6092449,0.52136993,0.6939533,0.6108282,0.13820325,0.11445325,0.5400136,0.26386055,0.5894533,0.23399492,0.28834283,0.49841157,0.08753659,0.08219283,0.37728655,0.54274493,0.6678283,0.08290533,0.479748,0.71928656,0.3772074,0.69474494,0.46464702,0.37807825,0.7161595,0.61557823,0.12296366,0.39684075,0.68761986,0.3369116,0.17620324,0.20628656,0.28228655,0.60370326,0.6543699,0.34957826,0.8254491,0.64566153,0.69553655,0.6662449,0.2791199,0.53680736,0.7818282,0.2506516,0.10703137,0.25731248,0.17620324,0.4643699,0.78198653,0.59463865,0.5862866,0.8253699,0.121855326,0.6763189,0.27832824,0.42373762,0.42320326,0.06378658,0.2743699,0.24745324,0.25220326,0.7937032,0.48495322,0.42749807,0.3337449,0.8865261,0.89499706,0.5074168,0.26170325,0.2233668,0.1888699,0.7053533,0.081203245,0.5403699,0.57520324,0.37807822,0.74588364,0.6052866,0.7026616,0.8271512,0.2470376,0.9245658,0.13107824,0.3297866,0.18313034,0.08231158,0.09307825,0.7097866,0.5653866,0.45589116,0.92911786,0.80656785,0.42795324,0.64407825,0.17663075,0.43428656,0.62824494,0.101786576,0.13424492,0.3812449,0.27357823,0.92480326,0.39470324,0.48471576,0.6757449,0.24507825,0.38700426,0.32285157,0.14287408,0.7494095,0.7601049,0.42003658,0.36956784,0.7921199,0.7916845,0.30920324,0.45589116,0.7254418,0.6006158,0.25220326,0.46832827,0.37016156,0.20909698,0.67020327,0.2791199,0.7739116,0.3931199
BC2026_Train_0008_S09_20250831_000000_60,0.07632732,0.41175002,0.24603951,0.3163395,0.36193952,0.4407578,0.22242016,0.25936326,0.33627763,0.3974458,0.34233388,0.1049289,0.15701264,0.3827374,0.39969492,0.48508802,0.16813952,0.257202,0.25724357,0.054359213,0.15489295,0.5472708,0.07395231,0.2821395,0.13892704,0.37903953,0.8143462,0.09163281,0.25764528,0.7563162,0.53120625,0.5446646,0.48881257,0.70078146,0.50967306,0.655696,0.6657897,0.52178556,0.6967439,0.53389806,0.48275635,0.6967439,0.5204397,0.5446646,0.54264593,0.54264593,0.46593344,0.4444001,0.44709173,0.4417084,0.5204397,0.5204397,0.5204397,0.6940522,0.5608147,0.4614687,0.95502454,0.4246395,0.3851314,0.055065773,0.11623391,0.4844895,0.27266324,0.22179079,0.6331645,0.43176448,0.325602,0.087971404,0.852385,0.63360786,0.8698808,0.86874604,0.6474781,0.21681143,0.4147281,0.86984247,0.6387697,0.37086976,0.6759781,0.25364372,0.33823332,0.7889093,0.039478086,0.3474364,0.24926977,0.58731145,0.14951976,0.22973539,0.6435197,0.43135306,0.9200094,0.07510308,0.49151975,0.51117295,0.11229163,0.7503947,0.27222806,0.5264165,0.35693642,0.62610304,0.6577697,0.41348517,0.39997834,0.17960308,0.19149789,0.3020541,0.58572805,0.6530198,0.6094385,0.7211031,0.77731144,0.115478076,0.10201975,0.4555385,0.40859267,0.5778114,0.1938531,0.27066454,0.56910306,0.11468642,0.05879475,0.3806864,0.5429781,0.6926031,0.07508329,0.32811978,0.7187281,0.22739998,0.6245197,0.3695833,0.7123948,0.8615448,0.3529781,0.16056351,0.52663016,0.70922804,0.26272807,0.16851977,0.2484781,0.28014475,0.53664476,0.5991864,0.4329364,0.8223968,0.72822815,0.67360306,0.5516864,0.30393434,0.51857495,0.8145197,0.382531,0.10593851,0.38699695,0.16297808,0.53664476,0.71081144,0.52025723,0.49468642,0.7923531,0.17487289,0.6221051,0.46222812,0.4736875,0.37751973,0.06797809,0.51526976,0.23818642,0.2928114,0.6688531,0.2484781,0.6311104,0.3981031,0.87809056,0.8698176,0.50026774,0.07826975,0.1720031,0.3284364,0.72173643,0.07431142,0.5469364,0.5334781,0.43610308,0.8263779,0.7519781,0.76701975,0.8331239,0.30442914,0.910074,0.08539475,0.34426975,0.24182811,0.05511351,0.11072809,0.77256143,0.6840532,0.5722935,0.8092156,0.67993647,0.5311031,0.3854364,0.20622684,0.5627697,0.40918642,0.09093642,0.13210309,0.42660308,0.27222806,0.7881969,0.4661864,0.37474892,0.7218948,0.2714364,0.40186352,0.3766014,0.14932184,0.7948072,0.46697807,0.42106143,0.47618124,0.7733531,0.74758434,0.3719781,0.48010394,0.65305936,0.6075979,0.19464476,0.3783114,0.51922804,0.25140724,0.51051974,0.36564475,0.75118643,0.44401976
BC2026_Train_0009_S09_20250828_000000_5,0.5115475,0.5741667,0.27923852,0.5752279,0.4332029,0.83542925,0.63339454,0.47667226,0.38522288,0.5943654,0.5980799,0.22654913,0.36765975,0.47372994,0.4828143,0.6863715,0.22159038,0.37691537,0.29761416,0.23705165,0.53946036,0.7574854,0.37854755,0.8087696,0.3890279,0.47809038,0.8517745,0.46611676,0.63336426,0.65017927,0.6053568,0.7661839,0.65380687,0.758109,0.47144648,0.7042756,0.7682028,0.59257144,0.7163881,0.61679643,0.56363595,0.7163881,0.620161,0.7661839,0.59526306,0.59526306,0.55959857,0.55556107,0.58382356,0.5811318,0.620161,0.620161,0.620161,0.75676316,0.6793777,0.4973493,0.8182976,0.2814404,0.4625698,0.19488351,0.5875303,0.5736445,0.27335352,0.40780228,0.85072786,0.8143112,0.6251029,0.22049287,0.97302103,0.46967924,0.76259595,0.829758,0.78918904,0.82560563,0.5983974,0.8236661,0.5342724,0.7674578,0.96632445,0.87154216,0.39210883,0.6007724,0.276189,0.85014737,0.19939734,0.5746473,0.5999807,0.41468418,0.853314,0.54852235,0.32923067,0.6031473,0.94190156,0.94835067,0.44668633,0.854739,0.30389732,0.85559404,0.59760565,0.73614734,0.7947307,0.7689382,0.63121194,0.5707207,0.37451404,0.8849193,0.53189737,0.627689,0.8026573,0.8274265,0.56198066,0.658564,0.60473067,0.52960145,0.29483274,0.6973557,0.4036473,0.9504915,0.40048066,0.66648066,0.36839837,0.7100224,0.644314,0.957062,0.22378068,0.7758297,0.8460703,0.32829353,0.5097307,0.9581224,0.56989735,0.4954807,0.8311474,0.71774113,0.6316078,0.45035565,0.8997057,0.428189,0.9331536,0.47410566,0.9384181,0.81848073,0.49310565,0.7163556,0.8556889,0.64431405,0.7614807,0.8251999,0.9119795,0.7670223,0.64377576,0.83862966,0.5352619,0.33160567,0.5247723,0.85184944,0.82129115,0.444814,0.9388913,0.9165168,0.81931394,0.14635567,0.8627942,0.3791057,0.60473067,0.92440575,0.73060566,0.61264735,0.6090057,0.8787106,0.9470295,0.8358182,0.53031397,0.7598973,0.9149048,0.330814,0.78592336,0.17802234,0.71354526,0.2841057,0.95437026,0.86055773,0.7567307,0.7707828,0.812939,0.83193904,0.80027235,0.7999626,0.76306397,0.49548066,0.508939,0.6597714,0.42981192,0.37752235,0.8512161,0.6637494,0.76355493,0.7968682,0.9364391,0.86439735,0.318939,0.37864655,0.516064,0.8849806,0.7567307,0.589689,0.49548066,0.297564,0.48202232,0.8406473,0.53074944,0.8963411,0.64431405,0.5330453,0.41618732,0.558339,0.7075682,0.869939,0.8296827,0.45872757,0.6546057,0.33041817,0.8042307,0.7608632,0.94269323,0.83806163,0.64668906,0.9598328,0.47331402,0.55825984,0.8804286,0.9686599,0.4954807,0.5128973
BC2026_Train_0009_S09_20250828_000000_10,0.52941185,0.60833335,0.26783785,0.33372506,0.40996262,0.8292498,0.5940006,0.74877137,0.39562473,0.6061131,0.6156955,0.1551916,0.5724672,0.47363877,0.47242752,0.6068089,0.09646261,0.3800376,0.3773004,0.19924667,0.24224603,0.66066563,0.6394535,0.3543876,0.35510013,0.4862001,0.829006,0.7382082,0.67718655,0.6305415,0.65644455,0.74225485,0.65779024,0.7829528,0.6133778,0.7392132,0.7701674,0.5696382,0.6813424,0.74257785,0.5837695,0.6813424,0.64365906,0.74225485,0.5447403,0.5447403,0.59386325,0.56761944,0.5985736,0.6012653,0.64365906,0.64365906,0.64365906,0.7445966,0.7297924,0.49846932,0.8387498,0.3038001,0.52610016,0.17800033,0.39239156,0.39215007,0.22157761,0.2748726,0.6667317,0.80785435,0.44202513,0.2181766,0.9166103,0.45217898,0.8039165,0.8687993,0.7366983,0.7168671,0.77390665,0.7656931,0.58549005,0.80003166,0.88109833,0.77606404,0.45537958,0.50474,0.4635733,0.5419483,0.29099,0.8499067,0.56728166,0.7187423,0.81428164,0.6622817,0.37490666,0.48415667,0.7620317,0.85369086,0.28879312,0.42557332,0.6464484,0.80003166,0.37965667,0.9544066,0.76599,0.49801877,0.7892452,0.4913767,0.3497119,0.63360256,0.59894836,0.535615,0.9185026,0.9317255,0.72007334,0.7929067,0.6391017,0.64391506,0.31731287,0.7873651,0.61399,0.7522546,0.34640667,0.8150734,0.49262193,0.76282334,0.92590666,0.95418507,0.34230977,0.8266713,0.90092963,0.5169951,0.68999,0.7132255,0.54353166,0.36540666,0.6656383,0.77818173,0.78356504,0.40815666,0.8183984,0.5656983,0.77913165,0.5229484,0.8071567,0.7343233,0.7129483,0.81349003,0.6891983,0.61319834,0.7667817,0.8641982,0.89702666,0.83882326,0.62520003,0.8571436,0.7950818,0.71769834,0.5633233,0.9812046,0.70245874,0.62903166,0.9033719,0.7214786,0.79472953,0.34165666,0.7646244,0.7097817,0.7074067,0.668615,0.6646567,0.68049,0.72870255,0.8707275,0.9456004,0.85814,0.80234337,0.75649,0.88577616,0.40103167,0.73380876,0.25853166,0.8869369,0.32265666,0.9544462,0.8196255,0.749365,0.86459404,0.7026566,0.7913233,0.80794835,0.9100189,0.67178166,0.58628166,0.5609483,0.9025897,0.7496579,0.62111497,0.9706754,0.7772515,0.8008313,0.95729625,0.8924192,0.76994836,0.42478168,0.47917706,0.597365,0.830115,0.78182334,0.820615,0.40340668,0.38044834,0.606865,0.5957817,0.7348538,0.90793586,0.42874,0.5528337,0.5152534,0.70215,0.789938,0.47940665,0.8780108,0.52401704,0.71690667,0.35456082,0.84674,0.8385146,0.8920332,0.8443017,0.635365,0.9099942,0.50078166,0.81855667,0.865265,0.89348793,0.72799,0.4208233
BC2026_Train_0009_S09_20250828_000000_15,0.5132903,0.62250006,0.27984294,0.23725362,0.41894114,0.63729346,0.63595045,0.6218192,0.4185311,0.62922126,0.65285414,0.17688666,0.4124748,0.46425498,0.46122685,0.49574748,0.14391614,0.43820712,0.26532617,0.14722927,0.21081989,0.4282393,0.22274859,0.6341161,0.41181612,0.47807866,0.81878114,0.4671643,0.6729185,0.48996434,0.73925096,0.8173093,0.70493215,0.7984676,0.62956554,0.75270927,0.8570114,0.6638843,0.83884263,0.64100516,0.7385781,0.83884263,0.71098846,0.8173093,0.6356218,0.6356218,0.64302385,0.6672489,0.665903,0.6726322,0.71098846,0.71098846,0.71098846,0.83480513,0.64369684,0.5576558,0.85104346,0.27644116,0.53415245,0.20206803,0.458853,0.39970365,0.14028239,0.2686749,0.5517828,0.9092599,0.60324115,0.17264731,0.90824145,0.4244143,0.8692518,0.85295486,0.78484863,0.5964319,0.66372365,0.6949065,0.7333903,0.7782462,0.93542355,0.7950018,0.2455653,0.6645153,0.40959865,0.601182,0.29480696,0.8996403,0.71993196,0.76465815,0.8676965,0.7096403,0.35814032,0.7072653,0.74684864,0.8569062,0.38899848,0.349432,0.5782236,0.7848487,0.40089032,0.5893069,0.9448444,0.639252,0.8778388,0.6711653,0.39495286,0.67758673,0.65580696,0.45472363,0.8689276,0.9100903,0.8553069,0.71201533,0.72230697,0.9104703,0.37585387,0.7777236,0.67243195,0.844382,0.3058903,0.80226535,0.53027534,0.7191403,0.851982,0.9220919,0.40841118,0.70643413,0.8864591,0.53159446,0.7674319,0.828232,0.5259736,0.46422362,0.487182,0.7880946,0.7975154,0.60830694,0.8836882,0.7048903,0.9584216,0.70014024,0.77930695,0.6827236,0.5465569,0.78801537,0.83789027,0.6518486,0.731807,0.9492739,0.9198911,0.8663903,0.65136456,0.87719756,0.85266674,0.56239027,0.62651527,0.9317028,0.64581615,0.603557,0.96328837,0.8553634,0.82089925,0.34547362,0.8562372,0.6502653,0.8600569,0.80543196,0.665307,0.8117653,0.7459422,0.84422356,0.96031266,0.7903903,0.6692653,0.83709866,0.86195594,0.33755696,0.72392994,0.31934866,0.79368365,0.57901525,0.9667341,0.96732783,0.8810757,0.94835556,0.62493193,0.71201533,0.96875274,0.8588329,0.6090986,0.83789027,0.7080569,0.9289448,0.40757993,0.55684865,0.8380882,0.8399803,0.90031004,0.9163841,0.879809,0.87826526,0.5829736,0.55177283,0.90486526,0.83868194,0.7832653,0.7927653,0.58059865,0.32489032,0.8980569,0.6447236,0.6868403,0.8519028,0.5780653,0.45996848,0.58170694,0.80729234,0.85226697,0.691432,0.91693825,0.20788199,0.774557,0.7005876,0.70014024,0.8592958,0.9683689,0.81960285,0.7658486,0.9146028,0.7967236,0.7800195,0.87739444,0.8190883,0.65580696,0.55526525
BC2026_Train_0009_S09_20250828_000000_20,0.45177692,0.6075,0.1940854,0.23723386,0.3932714,0.6852664,0.44057477,0.45692667,0.34306914,0.43512416,0.5347158,0.12080477,0.2928023,0.45524347,0.46069407,0.5500574,0.097583875,0.37332138,0.17714635,0.12869637,0.31583452,0.6144749,0.17548527,0.56150055,0.36477137,0.4438589,0.7891783,0.56809974,0.50603306,0.4340706,0.65412533,0.78736293,0.59760034,0.7880358,0.54376704,0.74295044,0.8701316,0.65210664,0.72141707,0.6608545,0.6117316,0.72141707,0.6837337,0.78736293,0.592217,0.592217,0.61038584,0.57943165,0.6305733,0.6359566,0.6837337,0.6837337,0.6837337,0.75035244,0.71603376,0.48491907,0.8610164,0.25005886,0.46616018,0.19423449,0.390457,0.39255884,0.17636856,0.28598666,0.61691725,0.8505381,0.41322136,0.14381853,0.88266855,0.46043307,0.8717039,0.8635228,0.7824436,0.90954566,0.71673524,0.7724914,0.71436024,0.81130147,0.88995194,0.6952415,0.30847275,0.5196102,0.39056855,0.57581854,0.19581856,0.79669356,0.5148602,0.6220559,0.8975123,0.6771519,0.54573524,0.5449436,0.81851184,0.7116339,0.20636752,0.6154019,0.56948525,0.7547353,0.48161024,0.6090685,0.94560605,0.55061823,0.91989374,0.77712363,0.60267985,0.7197327,0.6676519,0.58927685,0.8199933,0.89501864,0.77531856,0.50219357,0.68111026,0.8756109,0.3905092,0.7816519,0.4800269,0.80162174,0.43331856,0.8434019,0.42346132,0.71673524,0.95261234,0.8975203,0.36339062,0.72811544,0.89422685,0.39013314,0.70802695,0.6690572,0.30269355,0.7713603,0.5900685,0.76075196,0.8078561,0.3121935,0.9384019,0.6478602,0.933454,0.6019436,0.83152694,0.7499853,0.74206865,0.70169353,0.7412769,0.66606855,0.6684435,0.84808767,0.887097,0.8180686,0.69260377,0.89204687,0.9125036,0.5481102,0.4966519,0.84419364,0.68953043,0.5219852,0.8941675,0.71172804,0.89235073,0.29002684,0.666979,0.71911025,0.7523602,0.65102684,0.48952693,0.8156936,0.6787491,0.7903603,0.9062316,0.7871936,0.5679019,0.91781855,0.88932157,0.49190187,0.7045633,0.2354019,0.8255716,0.42144352,0.8903477,0.94232064,0.76423526,0.9132774,0.80619353,0.8301019,0.9370165,0.89485633,0.7159436,0.70248526,0.88219357,0.7872738,0.43632692,0.51090187,0.8434019,0.9464948,0.89420944,0.906379,0.8492206,0.79783356,0.41906857,0.44362444,0.94976234,0.88860613,0.7966936,0.73494357,0.42856854,0.5354436,0.9499207,0.64469355,0.7068394,0.8736435,0.41511017,0.6051696,0.54690695,0.7956644,0.92569715,0.38265187,0.8787498,0.2304144,0.8220269,0.7512894,0.69298524,0.8487204,0.8747875,0.8248373,0.7681936,0.9109311,0.8259852,0.7755561,0.8794623,0.9083186,0.48556858,0.5235685
BC2026_Train_0009_S09_20250828_000000_25,0.47694808,0.60333335,0.34160838,0.31888434,0.37944692,0.84236085,0.47121215,0.5595661,0.424579,0.58580995,0.6647026,0.21927217,0.31617212,0.46882528,0.46519154,0.5631009,0.12935938,0.36662188,0.19348142,0.14139767,0.35578892,0.56769043,0.24894805,0.7208136,0.44855934,0.4478469,0.8116763,0.6426233,0.7511766,0.46806082,0.6642295,0.8936941,0.68105245,0.81563574,0.6265462,0.81092536,0.8284212,0.66355664,0.76516706,0.71335244,0.6992212,0.76516706,0.71671706,0.8936941,0.64471495,0.64471495,0.63865864,0.6716316,0.684417,0.70527744,0.71671706,0.71671706,0.71671706,0.80217737,0.6480795,0.5691572,0.8761649,0.3103344,0.5325869,0.18657313,0.55883074,0.37517187,0.21432501,0.32939377,0.62343854,0.8938324,0.4706469,0.21442716,0.9380733,0.49157327,0.90969205,0.8578189,0.8051334,0.7656768,0.7918018,0.79427576,0.6461351,0.75403935,0.9738456,0.9123331,0.36250076,0.82742673,0.5384684,0.8978851,0.19171841,0.46405175,0.4608851,0.8366408,0.955558,0.6025935,0.46880177,0.6540518,0.93988305,0.8455536,0.4436822,0.48780176,0.6318851,0.80440515,0.3809268,0.5843851,0.8983205,0.87428284,0.8582028,0.7077585,0.5760948,0.7490053,0.6318851,0.5360934,0.8783735,0.852206,0.7791351,0.81476015,0.6659268,0.7431524,0.31828618,0.7609268,0.6136768,0.90775824,0.30571845,0.74826014,0.3866911,0.62001014,0.78309345,0.8861368,0.42148548,0.6950799,0.90299135,0.33930492,0.82030183,0.9339683,0.3611351,0.63821846,0.8215684,0.7585162,0.92681265,0.50759345,0.7813834,0.7387601,0.976458,0.6271351,0.93881434,0.81713516,0.63584346,0.7047184,0.8305934,0.6089268,0.7229268,0.9160905,0.9343516,0.8836351,0.6811557,0.8495895,0.8490789,0.63663507,0.58201015,0.82180595,0.77288103,0.4703851,0.9627266,0.9036881,0.8943583,0.28592676,0.9325205,0.89155173,0.8028852,0.91280806,0.58280176,0.8218851,0.62471896,0.8709684,0.9458671,0.86226004,0.6049684,0.82584345,0.8742183,0.3595518,0.70248204,0.25584343,0.8790831,0.48859346,0.9601893,0.92211014,0.7799268,0.8342747,0.5725101,0.91609347,0.961456,0.87826073,0.7063018,0.72371846,0.73321843,0.9275479,0.58505803,0.5265934,0.7173851,0.791604,0.930505,0.8776976,0.93766636,0.8318284,0.41971844,0.72018486,0.7712185,0.8626956,0.7767601,0.7664684,0.53926015,0.4331768,0.9335101,0.87017673,0.64629346,0.90413934,0.6666868,0.6042757,0.81951016,0.8582622,0.87381846,0.9081767,0.9275726,0.35106114,0.5764684,0.6132525,0.7490518,0.9227328,0.9409914,0.782757,0.7997185,0.9577747,0.73559344,0.71073914,0.94384134,0.85446227,0.56696844,0.59546846
BC2026_Train_0009_S09_20250828_000000_30,0.48081005,0.56416667,0.23939021,0.31280407,0.3833416,0.9462281,0.57315695,0.5684465,0.37262768,0.4761896,0.5684465,0.20365834,0.29147398,0.42420468,0.45448598,0.6019892,0.1133041,0.33417907,0.335046,0.10611974,0.22482222,0.5161952,0.25518504,0.2764666,0.32705408,0.45601663,0.77960557,0.78749895,0.5848322,0.6457905,0.6076889,0.6891117,0.68372846,0.70660764,0.48925555,0.6729618,0.7940868,0.5915389,0.6823827,0.6056701,0.5538556,0.6823827,0.59288466,0.6891117,0.50675136,0.50675136,0.56327635,0.54376185,0.5861556,0.5888472,0.59288466,0.59288466,0.59288466,0.7140098,0.6171097,0.5743997,0.82587886,0.2707666,0.44002098,0.12691286,0.347966,0.5654249,0.109314114,0.2740441,0.712675,0.8084666,0.56700826,0.24060145,0.96269476,0.490228,0.8033322,0.8143788,0.80032074,0.7601357,0.55113566,0.8385305,0.6089273,0.80803156,0.96830446,0.9434422,0.38971487,0.462469,0.28830233,0.8783712,0.1568857,0.55905235,0.66592735,0.48457438,0.9096816,0.66988564,0.31205234,0.73559403,0.94538575,0.8112062,0.36957785,0.6223857,0.37301072,0.881894,0.6310941,0.69398403,0.85347325,0.63565403,0.7490327,0.30727068,0.49270993,0.9099596,0.6160524,0.65088564,0.84946144,0.899944,0.8012074,0.7110524,0.6746357,0.67107326,0.32262114,0.85592735,0.62792736,0.9554087,0.40230238,0.61209404,0.35412312,0.7387607,0.77121913,0.92602944,0.42199984,0.6489264,0.93473786,0.5830399,0.6722607,0.9514653,0.6295107,0.50521904,0.8286307,0.6638672,0.8024543,0.31917736,0.8440524,0.61446905,0.9710753,0.44267738,0.9438815,0.81001073,0.4418857,0.6976574,0.75380236,0.75696903,0.59784406,0.9376808,0.8696154,0.86408156,0.51520205,0.8517484,0.5972701,0.4878024,0.6540524,0.9342628,0.7777503,0.44030237,0.95347655,0.9138665,0.8085303,0.28196904,0.9357709,0.67621905,0.8685149,0.9192607,0.638219,0.51313573,0.68924195,0.8163441,0.9660473,0.8547399,0.58042735,0.7823024,0.86315435,0.26455238,0.65363675,0.19092736,0.66572946,0.4062607,0.8987961,0.78071904,0.7553857,0.77020967,0.8915523,0.86938566,0.86875236,0.8966013,0.7055107,0.7245107,0.5796357,0.7770916,0.50228995,0.514719,0.75538576,0.64554197,0.7904249,0.92963153,0.9408732,0.94142735,0.50284404,0.38061866,0.701774,0.84167737,0.7838857,0.84167737,0.43317738,0.2447607,0.6018024,0.83217734,0.7707837,0.84405243,0.6105107,0.60390025,0.8646357,0.7761671,0.7508337,0.97071904,0.8837545,0.5162232,0.6176357,0.45775867,0.728469,0.78369576,0.93450034,0.8818149,0.8393023,0.94008154,0.733219,0.7190463,0.93097734,0.8636065,0.49730235,0.56142735
BC2026_Train_0009_S09_20250828_000000_35,0.4601646,0.555,0.26631716,0.2741687,0.4173812,0.65817386,0.59496963,0.65149474,0.40439972,0.46193412,0.5952658,0.25723282,0.357161,0.4563894,0.4588119,0.68659425,0.2485187,0.35111865,0.30383834,0.17665713,0.26023337,0.69493765,0.44828957,0.4615562,0.45371866,0.4701062,0.899606,0.61938214,0.6843621,0.5750488,0.67073524,0.7918603,0.65054774,0.7272603,0.5489373,0.7326436,0.8416561,0.60075194,0.70438117,0.5664332,0.6061353,0.70438117,0.6754457,0.7918603,0.55432075,0.55432075,0.5879665,0.5933498,0.5866207,0.6115186,0.6754457,0.6754457,0.6754457,0.762252,0.6525665,0.5627776,0.78721553,0.2934062,0.44548938,0.30558994,0.45760185,0.32190618,0.19891088,0.32306403,0.693277,0.86934364,0.46226865,0.22452907,0.91459465,0.37269887,0.75634056,0.8414313,0.94987154,0.5065383,0.5334549,0.6833373,0.6189549,0.76719457,0.8454904,0.7504508,0.56694245,0.63003826,0.2777466,0.8218987,0.124163255,0.85566324,0.7780799,0.4838115,0.93629456,0.86516327,0.46299657,0.6173716,0.7891633,0.67606086,0.35974348,0.55641323,0.3537466,0.76680666,0.5461216,0.89603823,0.9183632,0.6563849,0.7311143,0.41923326,0.4965134,0.6566016,0.7282049,0.75353825,0.897107,0.97021747,0.97603625,0.7242466,0.5627466,0.8080841,0.56834763,0.8200383,0.7107883,0.6785872,0.53187156,0.6854549,0.2779445,0.74799657,0.86674654,0.9608758,0.33767813,0.91421497,0.85514873,0.63813305,0.7764966,0.69944763,0.30070496,0.50495493,0.4819966,0.7345779,0.8678154,0.5532466,0.8429966,0.58095497,0.6712049,0.6126216,0.88258,0.81449664,0.51524657,0.84932995,0.60866326,0.7171216,0.7978716,0.69388616,0.9105386,0.80373,0.6940683,0.94155127,0.50659764,0.5255382,0.57699656,0.9108424,0.6050216,0.37749657,0.8937009,0.8045414,0.8415162,0.36482996,0.66162574,0.6791216,0.8588299,0.63874656,0.5484966,0.5287049,0.8033737,0.8667466,0.8679312,0.84707373,0.7274133,0.89207995,0.9733129,0.34503824,0.88514495,0.23420493,0.85009295,0.2777466,0.95070285,0.79787165,0.66407996,0.80335397,0.80895495,0.84695494,0.7820382,0.9171026,0.7107883,0.45191327,0.68862164,0.6211321,0.527557,0.51049656,0.90870494,0.85873985,0.82932454,0.95379037,0.9029258,0.7361216,0.43845493,0.3515537,0.65457994,0.83365494,0.83998823,0.78282994,0.3458299,0.49941325,0.5310799,0.6387466,0.80749035,0.87236744,0.5532466,0.62285393,0.63003826,0.61840075,0.7846904,0.5211049,0.95398825,0.59655076,0.6870383,0.4480737,0.83232486,0.801735,0.8799061,0.8824018,0.7519549,0.9001549,0.6379549,0.87117994,0.82269037,0.9183237,0.48991328,0.7115799
BC2026_Train_0009_S09_20250828_000000_40,0.49171057,0.5725,0.29410228,0.39131895,0.40414396,0.7339547,0.6331177,0.6869511,0.43400165,0.5321802,0.55438644,0.14451289,0.40553728,0.45820847,0.4612366,0.7090718,0.10560643,0.35640645,0.34486988,0.12623924,0.31034923,0.70797575,0.28033555,0.64686894,0.36495647,0.44333148,0.86041075,0.48505464,0.67537135,0.56849635,0.6748626,0.8289606,0.6614043,0.744846,0.4857731,0.7677251,0.8134835,0.6129543,0.72398555,0.6654418,0.58200014,0.72398555,0.68899393,0.8289606,0.61295426,0.61295426,0.61362725,0.6439085,0.6055522,0.61901057,0.68899393,0.68899393,0.68899393,0.74619186,0.6984147,0.4860672,0.79491305,0.34785643,0.47200167,0.20128727,0.68504703,0.35355642,0.14705612,0.33419427,0.6729939,0.8316439,0.48180646,0.18145601,0.8557921,0.4123797,0.806788,0.8728981,0.83143115,0.7768061,0.6010561,0.7810615,0.60976446,0.61261445,0.60976446,0.66256857,0.5169416,0.5234728,0.29943117,0.7095145,0.40630615,0.66597277,0.6841811,0.6442791,0.8999103,0.5440561,0.69209784,0.62638944,0.7894728,0.7640398,0.3344822,0.77047276,0.61293113,0.7427644,0.43480614,0.8409311,0.8328957,0.80592364,0.784426,0.49880448,0.43128327,0.75578743,0.56938946,0.47993115,0.75339264,0.98014575,0.8703019,0.62322277,0.93988943,0.45115408,0.30208322,0.7886811,0.42688948,0.67869884,0.44905615,0.5519728,0.23865092,0.6248061,0.67388946,0.8502332,0.34649578,0.91965055,0.97013116,0.50554156,0.67943114,0.6524551,0.23213947,0.50763947,0.45697284,0.7284353,0.77957696,0.5123894,0.6406395,0.7633478,0.7300978,0.5250562,0.90909356,0.67784786,0.43084782,0.7752228,0.70793116,0.830877,0.6335144,0.60467803,0.9244092,0.9746832,0.57107574,0.9756681,0.59587073,0.45143113,0.53693116,0.9316561,0.5789686,0.3382228,0.8425322,0.7227551,0.87648094,0.3192228,0.68679357,0.7300978,0.6517227,0.6730978,0.4648895,0.7031811,0.5803541,0.93909776,0.73290825,0.8889853,0.5741394,0.8330145,0.9820742,0.3928478,0.75128675,0.24480614,0.88715655,0.32318115,0.9834311,0.8274728,0.7411812,0.7075749,0.56938946,0.88684773,0.65330607,0.9546956,0.80213946,0.6430145,0.68813944,0.617503,0.3371509,0.41263947,0.96237284,0.8798891,0.7736236,0.94333315,0.9694582,0.6168895,0.5100145,0.31940493,0.7000145,0.9132895,0.95667285,0.5614728,0.28201446,0.3334728,0.82984775,0.7997645,0.65073,0.87022275,0.40709782,0.529529,0.6299361,0.6648074,0.64087695,0.55355614,0.9834311,0.2275874,0.67388946,0.5056603,0.9169311,0.83687776,0.8028302,0.78682077,0.7174311,0.86151445,0.55988944,0.6759478,0.8519353,0.9753561,0.67705613,0.5923478
BC2026_Train_0009_S09_20250828_000000_45,0.31598088,0.45749998,0.3384121,0.27447447,0.417687,0.7383948,0.44560772,0.74169105,0.38020024,0.6077807,0.5398161,0.22152646,0.39715773,0.4478293,0.45873058,0.6041479,0.09848697,0.35783696,0.2789276,0.16749258,0.22563258,0.67379516,0.3935642,0.32862446,0.28231195,0.3856245,0.8025574,0.2521531,0.41246563,0.33622816,0.5225315,0.66586274,0.57838356,0.67797524,0.4660065,0.61875856,0.7217149,0.558869,0.63154405,0.55954194,0.51243776,0.63154405,0.5945336,0.66586274,0.55819607,0.55819607,0.5602148,0.566271,0.5817481,0.54944813,0.5945336,0.5945336,0.5945336,0.6900878,0.5938607,0.45691368,0.85081136,0.35071197,0.46266946,0.16470195,0.61690205,0.4483245,0.1478632,0.3198607,0.6256578,0.8156578,0.49178696,0.19972397,0.8551656,0.42030314,0.9109781,0.90589136,0.94058084,0.5835392,0.60016423,0.6455465,0.4742892,0.7275038,0.61362255,0.71436214,0.53174436,0.5938309,0.34208086,0.9194038,0.41174755,0.57878923,0.4339142,0.8862706,0.96480596,0.58195585,0.6532059,0.6104559,0.9253017,0.86738575,0.23975797,0.9279142,0.7870925,0.7046959,0.64212257,0.6801225,0.8067892,0.6625871,0.8817403,0.24312255,0.18449962,0.6145745,0.45370588,0.43074754,0.74321836,0.9569683,0.88437253,0.53999746,0.7007058,0.6429934,0.34314963,0.81438917,0.48458087,0.8009112,0.52891415,0.45370588,0.25117773,0.69674754,0.6452892,0.9023909,0.14816211,0.9490369,0.9793725,0.41002566,0.5977892,0.7342924,0.41016424,0.6832892,0.33099753,0.77321273,0.7590815,0.40937254,0.90574753,0.39195585,0.6104559,0.32308087,0.9728017,0.57799757,0.42758086,0.6785392,0.55424756,0.9353559,0.77987254,0.7674434,0.926091,0.9617976,0.65854967,0.9810722,0.5519517,0.56770587,0.6239142,0.9129517,0.5808079,0.4529142,0.9004334,0.7579039,0.94286084,0.57166415,0.7614663,0.43708086,0.6627059,0.6365809,0.70466423,0.86853915,0.52254134,0.8337059,0.88555807,0.96623087,0.4267892,0.7901642,0.98023784,0.19008088,0.79140615,0.2629142,0.8330667,0.20987254,0.95546424,0.8123309,0.8455809,0.67846006,0.71812254,0.8558725,0.72049755,0.9705871,0.87241834,0.6761642,0.52178925,0.620609,0.53979963,0.45845586,0.85270584,0.8989452,0.7224767,0.8446705,0.9764592,0.9017891,0.54949754,0.36986837,0.5138725,0.9112892,0.97054553,0.6017475,0.25262254,0.14574753,0.8099559,0.72524756,0.6185309,0.7331642,0.37770587,0.6244288,0.23267256,0.7672455,0.89909756,0.3412892,0.9786996,0.49204233,0.5297058,0.36104128,0.9688434,0.8287975,0.9042691,0.74042785,0.6286642,0.8728538,0.6167892,0.9163757,0.9006413,0.9726434,0.5566225,0.3222892
BC2026_Train_0009_S09_20250828_000000_50,0.4511062,0.48375002,0.34621105,0.35874838,0.3950859,0.6257399,0.5405494,0.535166,0.4013229,0.55198896,0.55064315,0.21902978,0.38012606,0.43140683,0.43746307,0.5994341,0.19558589,0.35946092,0.32503527,0.13729152,0.44434342,0.79210675,0.1922312,0.68831927,0.36444843,0.3950859,0.7966659,0.62811494,0.4037565,0.3595815,0.5559007,0.73085904,0.6285757,0.7422987,0.47582358,0.6474174,0.78065497,0.58416325,0.6662591,0.60165906,0.5303298,0.6662591,0.61780906,0.73085904,0.5908924,0.5908924,0.5666674,0.5727236,0.5754153,0.5592653,0.61780906,0.61780906,0.61780906,0.73624235,0.6171362,0.45684308,0.76744825,0.36729842,0.4529924,0.24162923,0.60709023,0.24474838,0.19366215,0.34143466,0.712861,0.75335467,0.37442338,0.22326916,0.83097947,0.4051815,0.8442399,0.94459164,0.784314,0.5595756,0.62765896,0.75491935,0.423409,0.6759507,0.736909,0.6538631,0.4773611,0.7400757,0.4099507,0.9465424,0.26428398,0.679909,0.46536735,0.88414115,0.90224856,0.5358256,0.644284,0.8160756,0.9205756,0.9171238,0.31734544,0.61420065,0.71081567,0.71996737,0.70999235,0.58728397,0.8655944,0.4940019,0.76164854,0.32068235,0.35095167,0.62972724,0.708409,0.52553403,0.6899632,0.9263152,0.5453256,0.64824235,0.809584,0.68608403,0.28490692,0.7954923,0.5627423,0.7061923,0.47961733,0.4812007,0.24294856,0.80736727,0.71236724,0.87130225,0.40007463,0.9257977,0.98390895,0.43607566,0.8073673,0.716959,0.29595065,0.6237006,0.5872839,0.6757924,0.7175132,0.470909,0.77807564,0.42895064,0.6355756,0.3719507,0.9568736,0.78045064,0.672784,0.59282565,0.5841173,0.84516937,0.69099236,0.6065215,0.9538179,0.9446028,0.5841727,0.9763773,0.645808,0.4788257,0.57936734,0.9062861,0.69142777,0.42499232,0.8637577,0.6046809,0.9605232,0.68861735,0.7803715,0.5508673,0.6197423,0.378284,0.6561589,0.71315897,0.6107173,0.89365894,0.7787783,0.9727069,0.653784,0.829534,0.9731136,0.30703402,0.8409766,0.35532564,0.93076444,0.214409,0.9162215,0.7788673,0.784409,0.806635,0.6197423,0.88574225,0.84932566,0.9377727,0.8596173,0.53265893,0.6244923,0.5753694,0.616734,0.316534,0.7495757,0.9641411,0.7974873,0.96783817,0.98099566,0.580159,0.496844,0.32913733,0.8263673,0.80996394,0.9771798,0.5548256,0.5009923,0.32524234,0.9175277,0.8675339,0.8468715,0.77807564,0.6031173,0.48274443,0.32118902,0.68537146,0.72776526,0.288034,0.97128195,0.5056236,0.80895066,0.34155068,0.76620066,0.7624957,0.92889607,0.7859923,0.66170067,0.9003882,0.6719923,0.8736298,0.87750894,0.9439298,0.7171173,0.530284
BC2026_Train_0009_S09_20250828_000000_55,0.37681654,0.55333334,0.17636855,0.2544229,0.37483543,0.70608884,0.3840979,0.37683043,0.34897166,0.40771732,0.43133667,0.16304478,0.26115602,0.40322623,0.41897246,0.57737696,0.06703542,0.3384979,0.18276028,0.09676152,0.19245028,0.52426547,0.17177486,0.60608125,0.35702288,0.40333545,0.84068936,0.59367216,0.5928804,0.44555134,0.6814956,0.8133872,0.62900805,0.826711,0.50317264,0.85598284,0.8738488,0.6236247,0.7312914,0.71514136,0.5872872,0.7312914,0.70168304,0.8133872,0.5670997,0.5670997,0.5879601,0.5684455,0.6081476,0.60209143,0.70168304,0.70168304,0.70168304,0.7622456,0.678131,0.4389581,0.7630888,0.29218543,0.4299117,0.11740918,0.3826729,0.28434792,0.14407448,0.25005886,0.5767896,0.83768344,0.3890854,0.1806079,0.8592367,0.29735127,0.79633886,0.9284103,0.82159877,0.5746779,0.776553,0.7287056,0.6166363,0.70320505,0.9602196,0.7336842,0.587681,0.6198029,0.31976122,0.5770529,0.23505288,0.5121362,0.8359279,0.6013443,0.8996967,0.54538625,0.45355287,0.5873446,0.83561134,0.69595927,0.16766226,0.5081779,0.61863124,0.68627125,0.54380286,0.5675529,0.8687821,0.49001706,0.8593523,0.4942129,0.55342567,0.6012176,0.6696779,0.6063445,0.71747476,0.9110572,0.7820946,0.8525529,0.9675425,0.82623005,0.3048383,0.7155946,0.6989696,0.66152376,0.52876127,0.6324696,0.35530806,0.693428,0.81771964,0.8472012,0.47765523,0.7308342,0.9276821,0.5048925,0.8509696,0.9279987,0.3633029,0.7939696,0.57705295,0.6582779,0.7403738,0.3601362,0.6894696,0.7045113,0.6506779,0.47176123,0.80156964,0.8026779,0.68471956,0.8264279,0.6269279,0.6419696,0.6348446,0.7208394,0.85025907,0.74761754,0.4637733,0.9319017,0.6443446,0.72667795,0.6696779,0.95752794,0.56794876,0.50501126,0.82514745,0.34598517,0.86259526,0.28809455,0.75925505,0.57546955,0.7781363,0.6680946,0.7678446,0.5968446,0.8269029,0.70941955,0.8122779,0.86335915,0.76442456,0.8644279,0.9066,0.31738624,0.724105,0.20971957,0.9534796,0.3601362,0.8297529,0.9024279,0.6997613,0.80584455,0.5794279,0.73611456,0.73538625,0.8587012,0.80426127,0.8280113,0.6293029,0.82994986,0.3117654,0.5271779,0.89846957,0.93810344,0.8109984,0.96781963,0.9478696,0.7250946,0.49234456,0.3742754,0.58338624,0.8715529,0.8432113,0.66255295,0.3743862,0.49867788,0.93646955,0.59130293,0.69600093,0.78842795,0.4226779,0.7368508,0.5495346,0.86826754,0.74896336,0.2920529,0.91295713,0.6542998,0.72746956,0.5126509,0.5849696,0.7834088,0.7524724,0.79963005,0.6601779,0.84752584,0.4765112,0.7053821,0.87329453,0.86035085,0.6570113,0.77259463
BC2026_Train_0009_S09_20250828_000000_60,0.32467872,0.5675,0.3037515,0.24931648,0.40036651,0.7261505,0.63792187,0.47150964,0.47150964,0.5342927,0.5470781,0.19049959,0.5410219,0.4294603,0.44217837,0.4748821,0.18162899,0.3447915,0.24687618,0.21356678,0.28684744,0.45945057,0.56376207,0.82169145,0.4359915,0.423879,0.8536669,0.35248384,0.67152554,0.5599005,0.7299624,0.9091937,0.64382905,0.81162083,0.6054728,0.8721497,0.8903521,0.6431561,0.8019645,0.7232332,0.7104478,0.8019645,0.7972541,0.9091937,0.65863323,0.65863323,0.64786655,0.65123117,0.6990082,0.6828582,0.7972541,0.7972541,0.7972541,0.850751,0.6000895,0.42824903,0.77919227,0.289929,0.4733344,0.12994504,0.54311585,0.4359915,0.24089116,0.30690432,0.4958415,0.89567274,0.57864976,0.14083835,0.8333422,0.32042137,0.8544005,0.86768293,0.9092517,0.44624543,0.8827309,0.7525601,0.66157883,0.7544414,0.5135371,0.79212475,0.2936715,0.4383288,0.53174543,0.9523184,0.24832878,0.87057877,0.8903704,0.84050375,0.9520809,0.5855788,0.26732877,0.5459954,0.96680593,0.95656675,0.32446733,0.7660788,0.6900788,0.7776371,0.49295378,0.5744955,0.90046424,0.8626874,0.9313204,0.5796254,0.43722042,0.84743154,0.65207875,0.7399538,0.8984851,0.8380017,0.5428288,0.6766205,0.76487553,0.66735804,0.30653605,0.81041217,0.85237044,0.83263814,0.58716214,0.8357455,0.34730887,0.68849546,0.7241205,0.9312521,0.3349371,0.7226164,0.85787255,0.38190275,0.7914121,0.7525611,0.20874545,0.50087047,0.82703716,0.7348476,0.8721226,0.2712871,0.8357455,0.6338705,0.64099544,0.70037043,0.9253621,0.85157883,0.3884538,0.6837455,0.78903717,0.72491217,0.6473288,0.8917559,0.9683764,0.7241205,0.74963754,0.9017428,0.5521903,0.5570788,0.5586621,0.8664622,0.6063997,0.4383288,0.81834865,0.7208153,0.8826122,0.37895378,0.90786636,0.8745371,0.5024538,0.6663288,0.4684121,0.62753713,0.6518809,0.8492038,0.96192825,0.8566059,0.65841216,0.8017038,0.84938985,0.41774547,0.7145414,0.23170379,0.8229512,0.44624543,0.9250455,0.86820376,0.6449538,0.77492577,0.5182871,0.8127872,0.7914121,0.93965137,0.81781423,0.80328715,0.6069538,0.92177796,0.3713712,0.39637044,0.84049547,0.7972794,0.75367504,0.93957263,0.9105184,0.76291215,0.43120378,0.5713146,0.48820376,0.8262455,0.7747871,0.5032455,0.45257878,0.17628713,0.8245434,0.7146205,0.7390799,0.83178717,0.60299546,0.55349654,0.42189378,0.897592,0.8123122,0.31007877,0.9223934,0.2781944,0.7280788,0.48499754,0.9038288,0.9282296,0.74096316,0.77421325,0.7937871,0.93660384,0.67187047,0.7126413,0.9483601,0.9554455,0.58716214,0.60299546
BC2026_Train_0010_S09_20250828_000000_5,0.436064,0.56416667,0.25021768,0.43265465,0.43621716,0.7195474,0.5316314,0.26838645,0.20297897,0.64266276,0.3858777,0.20661272,0.26233017,0.46534416,0.44656977,0.42234477,0.40486714,0.90599215,0.299429,0.38966715,0.19647278,0.5869663,0.18748066,0.4917922,0.31081712,0.42196715,0.59777415,0.47318074,0.592089,0.69263077,0.6328834,0.69479173,0.5803959,0.76410216,0.44379383,0.6349022,0.78765434,0.62548137,0.77554184,0.60462093,0.58174175,0.77554184,0.6598001,0.69479173,0.5184876,0.5184876,0.59991056,0.5568439,0.63961256,0.6194251,0.6598001,0.6598001,0.6598001,0.7627564,0.55213344,0.49320292,0.89292234,0.3820671,0.53603846,0.2817432,0.34472817,0.47611713,0.28507808,0.27599373,0.55591714,0.58441716,0.75145876,0.55316484,0.9292599,0.74804735,0.893239,0.5825224,0.66937184,0.4699034,0.58627844,0.9285773,0.70977837,0.8899677,0.6976817,0.60084516,0.4801753,0.5474868,0.17698675,0.74936175,0.24665344,0.50315344,0.63738847,0.83244723,0.81269515,0.29573673,0.8055701,0.4588201,0.29494503,0.9545024,0.44589695,0.8838264,0.37727842,0.66861176,0.97130555,0.2070701,0.58707005,0.3597984,0.9122255,0.4034984,0.3816722,0.80929095,0.8424222,0.43586174,0.25041384,0.7849868,0.23952842,0.8253618,0.45882007,0.7527264,0.5306638,0.9326326,0.32898673,0.7048919,0.46911177,0.38123673,0.57046485,0.8958201,0.5055284,0.78340346,0.32380134,0.57107687,0.8530701,0.5566107,0.40736175,0.8917609,0.25536174,0.4034034,0.60448676,0.44290757,0.43752426,0.15165341,0.9017576,0.8332784,0.9496931,0.5364035,0.7176951,0.73194516,0.3131534,0.6203201,0.70186174,0.7746951,0.7287784,0.68780977,0.80309623,0.8554451,0.6363672,0.95556724,0.880425,0.8934451,0.6646534,0.8229867,0.9226042,0.73536503,0.7885097,0.41607326,0.78850967,0.6029034,0.86462843,0.6988534,0.17777841,0.973918,0.9718993,0.18648675,0.40819302,0.4380784,0.77968264,0.8147217,0.45644504,0.7074035,0.8126398,0.70236844,0.58577335,0.2751534,0.8475888,0.21498676,0.6836534,0.6448618,0.26090342,0.7750327,0.92574507,0.3393734,0.39469504,0.6615264,0.5815285,0.7770701,0.5791534,0.29255027,0.87376034,0.5767784,0.6337784,0.70785767,0.556963,0.6353618,0.8612638,0.9577681,0.86177844,0.42170677,0.5031534,0.9348492,0.952266,0.6963201,0.32819507,0.1825284,0.6092368,0.93920344,0.94350815,0.80709004,0.40581003,0.72580975,0.7715284,0.87312114,0.91934055,0.33294505,0.89107007,0.5965899,0.9200848,0.7776243,0.3060284,0.6074318,0.56577426,0.6689878,0.37727842,0.34165338,0.36461172,0.48732007,0.65673673,0.65990347,0.7952785,0.40498674
BC2026_Train_0010_S09_20250828_000000_10,0.37544742,0.5925,0.32248157,0.43489558,0.43632063,0.6579641,0.39879033,0.2510178,0.16925845,0.6096151,0.2891722,0.24920096,0.2334547,0.48128888,0.46372575,0.40195194,0.41708308,0.8559039,0.31973186,0.69279695,0.18043809,0.62483233,0.20444739,0.45555806,0.3821706,0.4348956,0.65941,0.4198307,0.6429224,0.64213073,0.58304757,0.749931,0.5817018,0.8467301,0.46865186,0.75585264,0.7829039,0.66043305,0.7398372,0.7384914,0.58910394,0.7398372,0.6274602,0.749931,0.51575595,0.51575595,0.59583306,0.57564557,0.6335164,0.6335164,0.6274602,0.6274602,0.6274602,0.7371456,0.58102894,0.5436683,0.89308906,0.3529581,0.5388376,0.5973813,0.2971931,0.7118998,0.264804,0.25087467,0.4562706,0.6224414,0.71744144,0.53290266,0.9569371,0.7236724,0.9043703,0.5361557,0.7155353,0.5162253,0.84318364,0.874221,0.72522527,0.8636858,0.6539753,0.62530273,0.78598577,0.56214195,0.2043086,0.6753503,0.25814193,0.609357,0.29218358,0.48313358,0.806767,0.28822523,0.60489196,0.38797528,0.34760025,0.96877265,0.3506482,0.7815128,0.3183086,0.68326694,0.8527628,0.2684336,0.62151694,0.2511911,0.94245476,0.57433367,0.8558954,0.6280284,0.9817253,0.41726694,0.27706277,0.43785027,0.19005859,0.908797,0.20905858,0.5882274,0.6611399,0.81952864,0.19876692,0.8308479,0.7529337,0.5589753,0.67913055,0.8503086,0.7812436,0.8202253,0.35898682,0.3314107,0.740267,0.46830964,0.5684753,0.9602094,0.48535028,0.50435024,0.81072533,0.36097944,0.37847525,0.20905858,0.91763985,0.8463503,0.9302274,0.46635026,0.7774753,0.6484336,0.7418503,0.79172534,0.661892,0.657142,0.752142,0.68888783,0.8744634,0.8606003,0.71348494,0.88940316,0.9497162,0.77801365,0.6682253,0.8693086,0.9317177,0.9620128,0.8509024,0.26855236,0.77957326,0.44893357,0.7758746,0.88910025,0.22251695,0.9649816,0.9764212,0.2280586,0.32242525,0.42122525,0.63004714,0.747392,0.3088086,0.47664195,0.64251,0.68326694,0.54270655,0.21855858,0.94978356,0.42280862,0.6444753,0.4592253,0.35076693,0.9449385,0.9540961,0.24943358,0.6658503,0.30548358,0.68089193,0.7016019,0.71968365,0.32719505,0.6938499,0.4647669,0.716517,0.7376129,0.6670537,0.69910026,0.92136073,0.94950444,0.47743362,0.29694945,0.90176696,0.87302953,0.70385027,0.742642,0.50039196,0.7466003,0.5637253,0.8319024,0.8071422,0.832132,0.23043358,0.9128107,0.5490953,0.854677,0.95577455,0.33493358,0.80755866,0.92729825,0.97380865,0.73223156,0.24151695,0.38644737,0.74390864,0.67893255,0.60489196,0.39826694,0.44655862,0.28830442,0.64051694,0.75847524,0.93501693,0.7489753
BC2026_Train_0010_S09_20250828_000000_15,0.48422077,0.65,0.32891348,0.3622506,0.46271312,0.6168227,0.39795482,0.20415477,0.22232352,0.60198313,0.31740665,0.16902852,0.22777414,0.56112206,0.48696664,0.29558912,0.4734006,0.9430173,0.24039531,0.43298405,0.19255091,0.62819725,0.23801243,0.59872144,0.47055063,0.46057564,0.74280953,0.32477683,0.49862683,0.6595727,0.6910042,0.7939605,0.6048709,0.92514557,0.5059522,0.8144172,0.8114563,0.7192668,0.8276063,0.7912688,0.7031167,0.8276063,0.7300334,0.7939605,0.56584173,0.56584173,0.67014384,0.62775004,0.70580846,0.684948,0.7300334,0.7300334,0.7300334,0.830298,0.59006673,0.5510284,0.7862394,0.3765006,0.48305497,0.40916875,0.3576906,0.5646798,0.38677844,0.2771603,0.3551256,0.7847631,0.73330474,0.57102895,0.874233,0.75457275,0.8234477,0.6575958,0.629129,0.37057066,0.7967723,0.77721226,0.45686236,0.77089876,0.362654,0.4810082,0.65561026,0.90257066,0.38402897,0.60332066,0.36898732,0.42519563,0.36996898,0.47479355,0.652404,0.38877898,0.78619564,0.24786231,0.262904,0.80381817,0.28418005,0.94041234,0.33732063,0.56294566,0.702279,0.336529,0.7252373,0.28790724,0.94456667,0.775429,0.8415253,0.5892361,0.8160019,0.562154,0.40435505,0.42440397,0.20511232,0.854279,0.22332066,0.55598056,0.78884065,0.776379,0.23598732,0.6709488,0.39194563,0.54948735,0.56773525,0.6555707,0.619154,0.7790707,0.43858272,0.44938108,0.87248737,0.25983626,0.34840396,0.65681756,0.46794567,0.71811235,0.48615396,0.28697067,0.5568102,0.42519566,0.851904,0.6793207,0.85194355,0.49407065,0.64844567,0.61994565,0.70386237,0.75294566,0.79094565,0.50436234,0.5613623,0.7872446,0.69668984,0.7917374,0.8330371,0.89358926,0.67369115,0.859029,0.5724457,0.607279,0.80683255,0.776379,0.76644367,0.19333628,0.7859582,0.22173733,0.5752165,0.647179,0.24390398,0.8632644,0.8974248,0.15365398,0.49409917,0.30723733,0.7346669,0.6468623,0.27477902,0.41015399,0.6697771,0.405404,0.5260935,0.16948733,0.80190337,0.45052898,0.652404,0.49011233,0.27557063,0.8072785,0.8217811,0.22332066,0.5463207,0.24734774,0.5969873,0.95719564,0.8297373,0.3887394,0.51152694,0.640529,0.65002894,0.54521924,0.6586843,0.6896124,0.78829366,0.8774352,0.34048733,0.69434893,0.6175707,0.536029,0.692779,0.7933207,0.538404,0.35869566,0.5091123,0.82186025,0.6662978,0.79838735,0.22490399,0.7201224,0.6537973,0.9361373,0.8921246,0.11882065,0.8321123,0.7457811,0.9477748,0.7147889,0.17344566,0.7057885,0.6399353,0.6467634,0.34761232,0.6508207,0.44657066,0.33205608,0.5304873,0.8811956,0.7513624,0.3333623
BC2026_Train_0010_S09_20250828_000000_20,0.4646907,0.6825,0.27134123,0.44378865,0.46373868,0.41213694,0.4306206,0.29193246,0.28648186,0.5996573,0.39064935,0.25620055,0.1913987,0.49775577,0.49109393,0.3548283,0.43595114,0.84425324,0.22782099,0.33743912,0.20783535,0.73392165,0.33723238,0.8333678,0.35686362,0.46730116,0.7663169,0.34373698,0.6286578,0.7094078,0.7643262,0.9254561,0.67886573,0.9357517,0.51601994,0.8908345,0.92939264,0.75625116,0.9163717,0.82354283,0.7676908,0.9163717,0.8497866,0.9254561,0.6317616,0.6317616,0.7300074,0.6896324,0.7367366,0.7232783,0.8497866,0.8497866,0.8497866,0.90785927,0.6391637,0.49472767,0.8241995,0.4031761,0.47627866,0.4187443,0.45629302,0.38251364,0.47736523,0.31687456,0.37396365,0.81436783,0.6465345,0.449395,0.69119954,0.49621198,0.84636617,0.632524,0.55354136,0.82235974,0.81681806,0.75003314,0.44552636,0.77329624,0.600693,0.5021108,0.44099408,0.79781806,0.30856803,0.655318,0.3117347,0.37981802,0.481088,0.7702087,0.7522814,0.34340134,0.8303081,0.36319304,0.23256803,0.7390368,0.20879823,0.873066,0.396443,0.59831804,0.9759431,0.16606803,0.7724847,0.30071393,0.90830314,0.6891064,0.6769773,0.7420649,0.8587764,0.5500264,0.3847066,0.6424297,0.36715138,0.87619305,0.33152634,0.9116661,0.6284101,0.93240136,0.2143597,0.63803995,0.5231097,0.45977634,0.45379928,0.72023475,0.48431805,0.759818,0.4264638,0.55992216,0.9368743,0.3106264,0.45344302,0.73830456,0.22781803,0.35290137,0.66006804,0.59589237,0.6470341,0.2594847,0.69173473,0.63473475,0.63315135,0.64106804,0.6988914,0.7447764,0.2974847,0.5539847,0.7447764,0.72894305,0.59673476,0.83488786,0.79959935,0.90809727,0.73561996,0.9439613,0.7461619,0.82710975,0.4708597,0.70123476,0.83049417,0.8096931,0.7878648,0.24446283,0.9342579,0.339443,0.57815033,0.41702637,0.33390135,0.8375992,0.7953243,0.28481802,0.5477258,0.585968,0.70236284,0.7503181,0.31331804,0.5971147,0.7892982,0.27690136,0.2772972,0.310943,0.71368366,0.21752635,0.54448473,0.6418597,0.2571097,0.7798077,0.7930681,0.2642347,0.38852635,0.6188025,0.4898597,0.95270765,0.5349847,0.18867011,0.7346827,0.88331807,0.69173473,0.59457743,0.582666,0.72419304,0.77010965,0.8017764,0.6610497,0.60554516,0.48352638,0.60306805,0.9007347,0.5144014,0.35290137,0.2594847,0.5563597,0.8992306,0.86388266,0.6949014,0.23256803,0.798981,0.6607647,0.9453056,0.8913931,0.120151356,0.90073466,0.5601003,0.8803889,0.88273066,0.16369303,0.60419935,0.6068502,0.6390097,0.6276098,0.334693,0.39485967,0.449681,0.5856514,0.72023475,0.84056807,0.31410968
BC2026_Train_0010_S09_20250828_000000_25,0.49737203,0.5958333,0.3696333,0.44058242,0.44343245,0.47862864,0.40839323,0.2103539,0.31754953,0.624736,0.39628077,0.24245204,0.34238014,0.4697617,0.4594661,0.33955234,0.7133117,0.8458762,0.23460463,0.37329277,0.34180027,0.66554046,0.18862203,0.7410199,0.40923244,0.43701997,0.7597215,0.26416615,0.6081453,0.7126453,0.6745423,0.848996,0.5850444,0.8516204,0.4962194,0.75260067,0.83970976,0.71155274,0.8291449,0.68261737,0.6705048,0.8291449,0.73914236,0.848996,0.5736048,0.5736048,0.6462799,0.6133068,0.6758881,0.6839631,0.73914236,0.73914236,0.73914236,0.81746984,0.57629645,0.46067736,0.848812,0.38144496,0.45479685,0.4808387,0.37969932,0.7323116,0.39334372,0.34247118,0.41564494,0.7544783,0.681645,0.5756131,0.8385203,0.58518696,0.8804787,0.7546637,0.67532086,0.5782942,0.62816924,0.8023469,0.68991923,0.75104576,0.6835859,0.3567067,0.5622432,0.76671094,0.23629424,0.9608672,0.37404424,0.40254423,0.36745757,0.61853075,0.9274192,0.39779422,0.91158587,0.58541924,0.35821092,0.65146405,0.24615051,0.98125255,0.35187757,0.56958586,0.8177338,0.19829425,0.69546086,0.3101801,0.954998,0.70910925,0.77697104,0.8349328,0.8514192,0.7310859,0.3717682,0.62025255,0.4912109,0.7065443,0.43341923,0.7755855,0.7828808,0.85062754,0.3012109,0.8147651,0.47458592,0.39937758,0.5345942,0.4959609,0.6028359,0.82291925,0.4249009,0.6586682,0.7010026,0.2549974,0.6289609,0.8659067,0.2790442,0.76433593,0.44687757,0.50138384,0.5680026,0.21016924,0.8640859,0.54583585,0.5743359,0.44291922,0.93058586,0.6440026,0.7429609,0.7128776,0.79362756,0.8727943,0.5759192,0.6241119,0.6642494,0.78333586,0.7803134,0.9253738,0.9095474,0.6376692,0.6827942,0.69783586,0.74633545,0.8640859,0.7968715,0.169438,0.8809524,0.7041693,0.5639651,0.43183592,0.3518776,0.8834422,0.7967943,0.21096091,0.5832659,0.28458586,0.7198641,0.7437526,0.32179424,0.77541924,0.76357096,0.34079424,0.69029534,0.33208588,0.8608797,0.35425258,0.5545442,0.67329425,0.6186692,0.84158283,0.88775676,0.38512757,0.4698359,0.30293274,0.59412754,0.96803176,0.5965026,0.3084942,0.573188,0.6028359,0.7429609,0.7976255,0.68163013,0.80708593,0.77146083,0.9076276,0.5078359,0.756324,0.3859192,0.7762109,0.74771094,0.53079426,0.44846088,0.7540443,0.48804423,0.66854423,0.678163,0.7508776,0.25371093,0.82258284,0.7336826,0.8793651,0.83936614,0.16108592,0.8545859,0.71230364,0.857238,0.795773,0.47616923,0.62241346,0.76793605,0.6015495,0.4199609,0.5102109,0.38671088,0.36545467,0.6392526,0.8886275,0.8625026,0.5553359
BC2026_Train_0010_S09_20250828_000000_30,0.39954054,0.66333336,0.24363987,0.2615553,0.4261428,0.6176026,0.40594736,0.18368301,0.26907614,0.5800309,0.33387798,0.25454113,0.36355364,0.54610646,0.45243645,0.29073456,0.33921778,0.8491303,0.26280513,0.429352,0.25311515,0.5541781,0.2039989,0.8256969,0.3791178,0.41901782,0.72442937,0.42024013,0.5922693,0.6943943,0.73277485,0.8463968,0.6304915,0.9330349,0.5174415,0.83505815,0.88579607,0.7146061,0.8752986,0.7899728,0.70451236,0.8752986,0.7825707,0.8463968,0.5423394,0.5423394,0.6870165,0.62847275,0.7045123,0.6816332,0.7825707,0.7825707,0.7825707,0.84646416,0.58540606,0.48877394,0.8028527,0.3869553,0.55442613,0.60640216,0.33209437,0.48813027,0.34402716,0.20473343,0.31641778,0.7584054,0.66498864,0.7159601,0.74901927,0.6302693,0.8297693,0.6702905,0.54790926,0.75215924,0.8827842,0.8116166,0.52178425,0.7140801,0.6278676,0.49300718,0.40337074,0.7719509,0.16711758,0.44974256,0.24549258,0.74978423,0.53920084,0.61072797,0.78563094,0.40461758,0.74661756,0.47190925,0.30011755,0.752476,0.13638113,0.9313134,0.38878423,0.6603259,0.68486756,0.15920092,0.72286755,0.3496442,0.9561053,0.60199594,0.6505267,0.7171201,0.8622009,0.4845759,0.3323582,0.50278425,0.25499257,0.9416526,0.34999254,0.7522385,0.5605957,0.77590925,0.27953425,0.8316426,0.6983259,0.37532592,0.40916967,0.69595087,0.58353424,0.73790926,0.52439517,0.31984988,0.72125256,0.34375823,0.3943259,0.772426,0.14178425,0.53840923,0.6294509,0.29303214,0.52115095,0.3254509,0.82095516,0.8946592,0.54078424,0.46636754,0.73312753,0.7925343,0.29695094,0.6247009,0.74107593,0.67061764,0.5843259,0.7246686,0.7201759,0.71178424,0.7244588,0.8996299,0.5252874,0.8439926,0.48140925,0.6342009,0.8318405,0.68803424,0.7946026,0.12897903,0.833127,0.23678426,0.5885613,0.79570097,0.29061756,0.8759363,0.9404571,0.36088592,0.55170923,0.36978424,0.60891515,0.70070094,0.40461758,0.6611175,0.678274,0.3135759,0.34609362,0.3990759,0.7845978,0.40065923,0.6539926,0.49565923,0.23836757,0.7264895,0.82174677,0.25895092,0.6809092,0.5420905,0.5740343,0.9340525,0.5122843,0.17364885,0.59592384,0.5779926,0.71178424,0.6587624,0.569688,0.85903424,0.5779926,0.8234092,0.64449257,0.51720047,0.4449926,0.8574509,0.7687842,0.65240926,0.35315922,0.52970093,0.3397009,0.8099509,0.7729009,0.80757594,0.24549258,0.5787645,0.5215626,0.93911135,0.9314322,0.057867575,0.8574509,0.6045728,0.9231989,0.8060718,0.32861757,0.63159627,0.6297379,0.676852,0.4829926,0.38799256,0.37453425,0.29437798,0.49486756,0.7402842,0.7790759,0.6999092
BC2026_Train_0010_S09_20250828_000000_35,0.33088964,0.7416667,0.29526344,0.33845675,0.45744428,0.6547917,0.70318556,0.41396594,0.31524906,0.65338975,0.42971215,0.21047589,0.4533315,0.58505225,0.56150013,0.311377,0.48095673,0.9161359,0.42712736,0.8049701,0.2587636,0.8063159,0.4575563,0.6928859,0.42253175,0.48238176,0.7721231,0.4980291,0.64120674,0.67762345,0.76282704,0.8993282,0.6881333,0.93603575,0.53941876,0.8926327,0.9049807,0.7439854,0.9042741,0.8617458,0.7661916,0.9042741,0.8577083,0.8993282,0.6107479,0.6107479,0.7493687,0.6962083,0.7460041,0.73187286,0.8577083,0.8577083,0.8577083,0.88745123,0.6450666,0.57832307,0.81854016,0.40543172,0.6002752,0.7848966,0.60431266,0.6335109,0.3922683,0.2753827,0.40115672,0.82588595,0.87655264,0.7953751,0.7464984,0.6665401,0.8631901,0.664973,0.37553003,0.30665502,0.8981487,0.7667964,0.4214467,0.5078702,0.8544884,0.6429551,0.4335592,0.6066967,0.22986336,0.76107174,0.55527,0.6003634,0.34386337,0.79244155,0.70328003,0.21719669,0.8932801,0.48953003,0.23144668,0.7137499,0.3956977,0.8871842,0.54969674,0.6557801,0.907253,0.16969669,0.7088217,0.28234294,0.92139906,0.48237336,0.82282495,0.93854564,0.75869673,0.629655,0.2713467,0.51169676,0.24569668,0.94671756,0.21482167,0.6837085,0.42303002,0.8568634,0.33753002,0.5438582,0.46023837,0.36286333,0.8138957,0.7088217,0.51644665,0.7602801,0.6211652,0.55029047,0.9611259,0.38720712,0.339905,0.86349356,0.14198835,0.34782168,0.69853,0.2936321,0.6139405,0.17761335,0.906778,0.8257351,0.57186335,0.46182168,0.8180717,0.7230717,0.22511335,0.5734467,0.84178215,0.82678,0.52753,0.6427967,0.7965187,0.90875715,0.7493471,0.9413738,0.48832276,0.7602801,0.5093217,0.68428004,0.6916303,0.71832174,0.81263894,0.2294873,0.9450353,0.32090503,0.7129385,0.4974467,0.24648836,0.88876754,0.9650051,0.21165502,0.42972276,0.50365335,0.7580021,0.8370717,0.39136335,0.41353005,0.73276967,0.38265502,0.3147696,0.45786336,0.69463116,0.3003217,0.5433634,0.51328003,0.13723835,0.67202914,0.84613633,0.2646967,0.41115505,0.46607694,0.43253002,0.86003006,0.44203,0.2910394,0.89917797,0.47923836,0.62015504,0.45305404,0.58852005,0.65419674,0.9287071,0.7871967,0.49586335,0.62620336,0.6225301,0.7982801,0.933655,0.6288634,0.45548832,0.54969674,0.40640503,0.80382174,0.8628405,0.75236344,0.44044667,0.47686338,0.64409506,0.9415717,0.7973926,0.045405023,0.8774467,0.6515843,0.8893613,0.7664773,0.387405,0.60736173,0.61480135,0.743853,0.57819676,0.6858634,0.36523837,0.39793417,0.54969674,0.74603003,0.74048835,0.28923836
BC2026_Train_0010_S09_20250828_000000_40,0.46802053,0.74333334,0.31315783,0.39008272,0.47202027,0.4665026,0.616576,0.40036783,0.2998341,0.61455727,0.36463597,0.22897597,0.34949535,0.56350297,0.50273854,0.43309167,0.38723275,0.824977,0.26804635,0.46184632,0.26259574,0.6888885,0.27564552,0.84394526,0.42570776,0.49482033,0.81853837,0.3232901,0.7686818,0.7409735,0.78801924,0.9444724,0.668913,0.9185988,0.5262546,0.9204155,0.94776964,0.765813,0.91049004,0.82839423,0.7671588,0.91049004,0.8748254,0.9444724,0.6305567,0.6305567,0.7483171,0.6904463,0.75100875,0.73284006,0.8748254,0.8748254,0.8748254,0.90349174,0.63257545,0.5614842,0.7987652,0.37227026,0.5584936,0.46145087,0.4594402,0.47130772,0.37554777,0.25926775,0.45848274,0.76636195,0.8525745,0.5768739,0.7750151,0.69664013,0.8725484,0.5574789,0.30763692,0.7723452,0.9509056,0.88987714,0.56967854,0.6305123,0.8974286,0.41017753,0.36360776,0.56097025,0.14376193,0.7644286,0.23876193,0.5942203,0.30288696,0.65814734,0.4976369,0.20313694,0.8293453,0.40026194,0.28151196,0.842289,0.47123486,0.96800566,0.44538695,0.61401194,0.91943693,0.2443036,0.7810536,0.26777655,0.8765197,0.76240194,0.77545416,0.9591411,0.7414702,0.5483036,0.34561712,0.7517619,0.5601786,0.8272078,0.28230363,0.7973935,0.43212658,0.84992856,0.26726192,0.8595474,0.4628036,0.26647025,0.7813505,0.92038697,0.4976369,0.737512,0.5264481,0.49235255,0.9258098,0.42068696,0.32267857,0.78014326,0.4026369,0.50713694,0.6274703,0.32089734,0.6358224,0.15722024,0.9797619,0.8435952,0.69951195,0.5245536,0.5799703,0.68922025,0.33534527,0.5506786,0.897389,0.751762,0.628262,0.81194836,0.8544015,0.924741,0.6903682,0.9325568,0.76935667,0.8618036,0.46597022,0.7193036,0.8539205,0.69080365,0.9187343,0.18995568,0.9464922,0.41847026,0.6033046,0.5965952,0.28784525,0.9131432,0.90221816,0.22926193,0.4850257,0.37017858,0.7765787,0.7010953,0.32347023,0.74859524,0.7322296,0.5403869,0.5132129,0.33613694,0.67556393,0.33059525,0.54434526,0.5023869,0.21501194,0.6906255,0.946987,0.2743869,0.5855119,0.55720985,0.62509525,0.87922025,0.60372025,0.30021507,0.8155703,0.75809526,0.5910536,0.49387652,0.55645776,0.6852619,0.8705911,0.8613286,0.54434526,0.45955777,0.6923869,0.5205953,0.84992856,0.5823453,0.64647025,0.6765536,0.49447024,0.7897619,0.86873066,0.8633869,0.25063694,0.37156403,0.7166753,0.89160985,0.80873424,0.051928595,0.91088694,0.41474944,0.8989327,0.7819165,0.37334526,0.61298275,0.83596563,0.7060036,0.37651193,0.43509525,0.36542857,0.39289945,0.78897023,0.6551786,0.72088695,0.4501369
BC2026_Train_0010_S09_20250828_000000_45,0.39605647,0.68000007,0.18827184,0.22500649,0.445169,0.4241104,0.31545305,0.21249683,0.18948308,0.52560496,0.28517184,0.15496247,0.11559683,0.40477976,0.42173725,0.2830491,0.41453147,0.85026485,0.146489,0.38995025,0.17919274,0.513094,0.5860565,0.7893066,0.39671895,0.41524398,0.7920433,0.3998854,0.74378544,0.6788688,0.7159213,0.8754698,0.5719171,0.90642405,0.5719171,0.84781295,0.8764119,0.70044416,0.83011526,0.774465,0.6795837,0.83011526,0.8007088,0.8754698,0.5349066,0.5349066,0.7118837,0.62642336,0.6876588,0.67218167,0.8007088,0.8007088,0.8007088,0.8362051,0.6001796,0.4314272,0.8364104,0.28414398,0.46087962,0.4318096,0.27253023,0.41453147,0.32878208,0.19675587,0.33116895,0.7734732,0.72617114,0.5592508,0.79286873,0.6733271,0.83641034,0.62959814,0.54389745,0.3372724,0.86709535,0.8474749,0.49798074,0.46670994,0.62227243,0.6005808,0.33756933,0.37448075,0.20348078,0.7006475,0.1053141,0.40139744,0.20189744,0.5003756,0.5937725,0.19952244,0.6705641,0.22802244,0.22485578,0.8821173,0.23987766,0.5842724,0.33727244,0.63177246,0.6974808,0.21535577,0.7386474,0.22190286,0.86063045,0.5072275,0.7254726,0.6559381,0.8083141,0.55735576,0.33074117,0.4465224,0.20902243,0.96281576,0.17973079,0.5209787,0.59066516,0.72123075,0.24702245,0.5168621,0.3333141,0.28027242,0.64362764,0.5747725,0.46077245,0.6586891,0.42039904,0.29020783,0.7172725,0.5418194,0.32935575,0.73084956,0.25177243,0.3348974,0.58743906,0.33240366,0.44814536,0.18923078,0.9635204,0.7117308,0.46948075,0.43068907,0.6792724,0.6270224,0.16152243,0.7141058,0.83693284,0.6650225,0.57160574,0.66047037,0.803386,0.7085641,0.70169246,0.86197233,0.4129162,0.82731414,0.5882307,0.6135641,0.57774115,0.78773075,0.8173253,0.16787559,0.78277105,0.15439744,0.6597975,0.43464744,0.21456411,0.86456203,0.959562,0.25177243,0.41465783,0.42277244,0.5260651,0.58189744,0.41406408,0.4401891,0.6002413,0.2668141,0.25925368,0.27235577,0.6408568,0.3182724,0.5209391,0.5803141,0.11639743,0.65112865,0.87821835,0.20823078,0.42277244,0.46471098,0.52331406,0.73152244,0.39427245,0.32937554,0.41968495,0.5494391,0.5921891,0.3938964,0.5200049,0.6286057,0.6230641,0.85826826,0.3823974,0.40560913,0.39189744,0.6966891,0.73389745,0.49798074,0.4781891,0.59218913,0.48848078,0.6903558,0.67875785,0.7726891,0.18448077,0.5375048,0.6358258,0.9156245,0.7123246,0.12193911,0.8209808,0.42168388,0.8556558,0.6683475,0.32223076,0.47761118,0.560944,0.7336006,0.39743906,0.47502244,0.33964744,0.22810161,0.4987724,0.7774391,0.69589746,0.24227245
BC2026_Train_0010_S09_20250828_000000_50,0.313079,0.6433334,0.26005846,0.2573232,0.42119822,0.36519268,0.30184656,0.17829905,0.20312966,0.5497491,0.2951847,0.21948156,0.10077905,0.39284074,0.41161513,0.2105476,0.35636073,0.79446906,0.18284915,0.32941043,0.18042666,0.4178317,0.30278736,0.58546907,0.31503573,0.37844825,0.70816946,0.4115052,0.4934427,0.6130636,0.6911796,0.79279,0.5639983,0.8999857,0.47046286,0.83249205,0.8458495,0.69992745,0.79279,0.7732754,0.66426295,0.79279,0.75981706,0.79279,0.54111916,0.54111916,0.6730108,0.5862045,0.6615712,0.6582066,0.75981706,0.75981706,0.75981706,0.8048688,0.5653441,0.4267558,0.76823026,0.36989823,0.475182,0.53655195,0.27774823,0.41977322,0.2689192,0.15808977,0.32358572,0.7129274,0.65355235,0.3714934,0.74448025,0.5734802,0.7674386,0.5284124,0.5671481,0.2884814,0.7983148,0.8182276,0.47768977,0.7373664,0.60635144,0.45061475,0.24606791,0.6186065,0.24573144,0.30510643,0.12223143,0.40406471,0.30668977,0.40406474,0.43256477,0.21010645,0.7080648,0.41435644,0.20614812,0.7537044,0.32169184,0.5877315,0.3153981,0.59593314,0.69935644,0.24414812,0.70093983,0.24802728,0.9541837,0.5585981,0.6666742,0.55970645,0.78960645,0.47056475,0.22956164,0.5426065,0.21010643,0.8553148,0.32410643,0.56192315,0.41928458,0.7377681,0.22356477,0.5587565,0.25048143,0.2884814,0.38516372,0.6091065,0.47768977,0.6866898,0.35333714,0.26180226,0.8020356,0.2213877,0.4642314,0.63412315,0.14043976,0.3058981,0.5030231,0.27937725,0.426746,0.12856476,0.70648146,0.76585644,0.67006487,0.37318975,0.6985648,0.64235646,0.13410643,0.67639816,0.7154273,0.4650231,0.6621481,0.728193,0.71467525,0.6732314,0.64437526,0.87369835,0.4236387,0.8295698,0.39377308,0.47056478,0.789181,0.6296898,0.7653024,0.17768767,0.7646294,0.13964811,0.6013481,0.78168976,0.31381476,0.7720315,0.9492065,0.1538981,0.4771356,0.29085645,0.61892307,0.6732314,0.3288564,0.45235643,0.5701792,0.28927308,0.18374392,0.24493979,0.5802304,0.38585642,0.7753565,0.44206476,0.1277731,0.65444916,0.71530855,0.22118978,0.4483981,0.3233148,0.54023147,0.84343976,0.48798144,0.17992415,0.5299794,0.5544815,0.5940648,0.39652413,0.5030627,0.78089815,0.57427317,0.80631065,0.49035642,0.3617502,0.42227307,0.7436898,0.7373565,0.53310645,0.48956478,0.44127312,0.46264806,0.78778565,0.7607898,0.80227315,0.31381476,0.44821995,0.4868414,0.93238354,0.92796993,0.0850231,0.84648776,0.4203533,0.93210644,0.6655523,0.1230231,0.51248354,0.6354294,0.6184086,0.50143975,0.39298144,0.3486481,0.19257103,0.4634398,0.72548145,0.64710647,0.43731475
BC2026_Train_0010_S09_20250828_000000_55,0.39823058,0.6191667,0.243726,0.29270902,0.42024654,0.40134946,0.4060335,0.28066912,0.24493727,0.6186752,0.3818085,0.24796538,0.156516,0.43966696,0.4554132,0.26161316,0.40670902,0.8098257,0.3716689,0.28748703,0.1924039,0.64837223,0.26760557,0.62061733,0.35897154,0.38747156,0.69961464,0.431987,0.5698953,0.63085365,0.70948833,0.8070613,0.59509254,0.83068067,0.46993002,0.753228,0.87892884,0.6866092,0.8514738,0.67382383,0.6933384,0.8514738,0.75390095,0.8070613,0.54664254,0.54664254,0.6596926,0.6092238,0.6778613,0.67516965,0.75390095,0.75390095,0.75390095,0.8373762,0.5796155,0.44814572,0.83193696,0.39459652,0.47072718,0.3211378,0.40047464,0.44660902,0.29379565,0.24958499,0.32192153,0.6673257,0.7409507,0.38544226,0.7448537,0.60235363,0.83668697,0.65393895,0.39954567,0.2831707,0.633879,0.77398425,0.4169624,0.67760676,0.8302124,0.54066026,0.36069468,0.57846236,0.15887904,0.62437904,0.37896237,0.59033734,0.55870235,0.8357343,0.5349207,0.26337904,0.8848374,0.524629,0.31167072,0.6793801,0.28655505,0.8127561,0.54917073,0.6010091,0.9576707,0.19846237,0.63229567,0.23966864,0.9442323,0.53048736,0.64382076,0.7243072,0.77083737,0.44546238,0.33217487,0.781794,0.2689207,0.84050405,0.2815874,0.6840375,0.47762385,0.9474582,0.24675405,0.8595269,0.39637902,0.5182957,0.39059988,0.75262904,0.46367073,0.78904575,0.45718065,0.5767603,0.9465478,0.3123238,0.3124624,0.9046459,0.306129,0.35442072,0.48821235,0.6468988,0.5714783,0.339379,0.8905373,0.5847957,0.4802957,0.48504573,0.598254,0.77400404,0.22854571,0.5642124,0.68771243,0.7589624,0.7763791,0.6632499,0.8361697,0.8332603,0.67033535,0.9568682,0.45219156,0.69721234,0.4517957,0.6924624,0.68568176,0.65604573,0.7995413,0.190328,0.95441306,0.40350404,0.5608478,0.550754,0.17787904,0.8994437,0.9020166,0.17787904,0.5737868,0.5919207,0.7263259,0.8009207,0.3805457,0.5657957,0.83247954,0.2974207,0.36008114,0.22062904,0.7304624,0.3124624,0.6283374,0.5871707,0.12562904,0.6540665,0.5737124,0.33621237,0.5087957,0.44073218,0.5325457,0.95462286,0.48742074,0.22640821,0.758812,0.5428374,0.61250407,0.48821238,0.5128728,0.68217075,0.80654156,0.9664978,0.5784624,0.5747811,0.391629,0.7660874,0.9578291,0.46921235,0.34571236,0.5539207,0.48108736,0.9056186,0.90093195,0.7724207,0.42655736,0.6357593,0.46002904,0.9236766,0.9418611,0.1572957,0.9513374,0.46768844,0.9196707,0.77218956,0.31008735,0.6373624,0.7019684,0.61580926,0.3449207,0.45892072,0.3924207,0.41878003,0.512754,0.67742074,0.72967076,0.66950405
BC2026_Train_0010_S09_20250828_000000_60,0.4037571,0.63,0.29344192,0.28948888,0.38710138,0.45202553,0.59066916,0.24862567,0.23045692,0.5987442,0.32735696,0.29525882,0.16989441,0.46807468,0.4493003,0.35966778,0.32796386,0.90148675,0.33175796,0.28875858,0.14643669,0.6460773,0.43225712,0.57425135,0.28663886,0.4241514,0.7373086,0.33588803,0.80281305,0.6592047,0.6795109,0.8537964,0.59135896,0.82711524,0.4399526,0.7940953,0.8639911,0.7104652,0.81678605,0.61962146,0.63509846,0.81678605,0.7239235,0.8537964,0.5704985,0.5704985,0.6687443,0.6667256,0.6828755,0.67076313,0.7239235,0.7239235,0.7239235,0.77708393,0.5792464,0.46020156,0.7842881,0.37641388,0.4653339,0.35208198,0.3218008,0.35931388,0.32477546,0.23211478,0.40847638,0.6716263,0.81689715,0.4515101,0.84366304,0.7019547,0.8262464,0.64679885,0.40708798,0.73879635,0.6881297,0.7437126,0.41262963,0.6790235,0.5710897,0.37033167,0.48762026,0.71029633,0.09912965,0.592338,0.17117131,0.55452794,0.4371713,0.86072993,0.7411713,0.3516713,0.6010463,0.46962965,0.17829631,0.70174634,0.51643693,0.87500256,0.30021298,0.61041963,0.95377344,0.23292132,0.6627963,0.21096049,0.8532635,0.71096134,0.66905767,0.8611682,0.85596293,0.68021303,0.37352133,0.7047547,0.46962965,0.611338,0.14821297,0.646963,0.4719453,0.93849427,0.22658798,0.60581124,0.43558797,0.62637967,0.7327599,0.66675466,0.49496296,0.7665047,0.36067337,0.5376734,0.8462651,0.3566192,0.3469213,0.84822947,0.49575463,0.35325462,0.4989213,0.5883401,0.49816924,0.13158797,0.97550464,0.57650465,0.60817134,0.41183797,0.5242546,0.6770463,0.24558799,0.61925465,0.7767963,0.718213,0.4917963,0.7557381,0.7663464,0.8686692,0.64499176,0.93125254,0.7640307,0.656463,0.5480047,0.732463,0.6554715,0.611338,0.7513146,0.23044737,0.8880849,0.23371297,0.60873264,0.3469213,0.27171296,0.94391716,0.8655817,0.20283797,0.49622965,0.29942128,0.7676328,0.67546296,0.36117128,0.45458797,0.6962027,0.24242131,0.20525256,0.2115463,0.7319484,0.2804213,0.4870463,0.5606713,0.20046298,0.6462703,0.73167133,0.31525463,0.654088,0.62719405,0.48229632,0.87575465,0.5131713,0.27854112,0.73198414,0.70294964,0.6437963,0.5556443,0.60730845,0.75146306,0.72375464,0.91502136,0.43083796,0.45590213,0.706338,0.73087966,0.8671255,0.38808796,0.44983798,0.38887963,0.73562974,0.93303174,0.8597709,0.79421306,0.33979627,0.5251057,0.5697913,0.91905487,0.80347943,0.081712976,0.915338,0.5300141,0.87710047,0.743863,0.30100462,0.57702714,0.51781243,0.64597344,0.43637964,0.52346295,0.44667128,0.43558797,0.56304634,0.64062965,0.7023797,0.38650462
BC2026_Train_0011_S03_20211114_200000_5,0.43980464,0.22725,0.4606646,0.9033626,0.46572933,0.29694688,0.87370086,0.8529078,0.8490385,0.9391084,0.89604175,0.67465216,0.7345417,0.4155171,0.4040102,0.43247455,0.750571,0.5859043,0.65061516,0.675513,0.7044485,0.4954405,0.6115963,0.8567731,0.8587127,0.48211682,0.62257355,0.47934687,0.32544684,0.7085344,0.47086027,0.43990606,0.54084367,0.66062284,0.5886207,0.42039156,0.39347485,0.3928019,0.8065785,0.41164365,0.61419165,0.8065785,0.45740193,0.43990606,0.40626025,0.40626025,0.3699228,0.37665197,0.39145613,0.4116436,0.45740193,0.45740193,0.45740193,0.7951389,0.27234986,0.4155171,0.39384687,0.8408209,0.43090788,0.50600535,0.6238331,0.69673765,0.70861274,0.7355294,0.24912928,0.72919595,0.44506678,0.8047269,0.31689686,0.24849688,0.39598435,0.2434713,0.4393338,0.5834172,0.36729217,0.45912552,0.3095005,0.36404634,0.5422505,0.606229,0.610603,0.29920882,0.7884588,0.15512548,0.51216716,0.3190005,0.4860421,0.17705466,0.44804212,0.46941715,0.8257859,0.28416714,0.41479212,0.81217426,0.59461915,0.8367505,0.89363176,0.3609588,0.15829216,0.6024172,0.24616715,0.7689269,0.29762548,0.6645472,0.5458747,0.6563495,0.24141715,0.2849588,0.40980464,0.5818338,0.21687548,0.8713622,0.24854216,0.0752859,0.72714424,0.12820882,0.38312548,0.6343372,0.2659588,0.4464588,0.6987037,0.16383381,0.14404213,0.13612548,0.48143625,0.4199776,0.3736255,0.21519321,0.46387547,0.8076805,0.45754215,0.2920838,0.67050046,0.31314218,0.35553592,0.15433381,0.24616714,0.93218595,0.34750047,0.8272505,0.79004216,0.19233382,0.3348338,0.09416714,0.5921255,0.41083384,0.20975049,0.38019633,0.77364975,0.23191716,0.6265377,0.113701515,0.53904426,0.43616715,0.087042145,0.6079588,0.45017964,0.42429215,0.36681715,0.51521504,0.21877548,0.48604214,0.8109303,0.5319588,0.4630838,0.6182505,0.7993838,0.68316716,0.14257756,0.24458382,0.3703599,0.14166714,0.4322088,0.15591714,0.14667444,0.4923755,0.14677341,0.53354216,0.4284682,0.46783385,0.38391712,0.24062549,0.13137548,0.36812344,0.33800048,0.3047505,0.11000047,0.55119634,0.38787547,0.7370005,0.52325046,0.74917245,0.2833755,0.43062544,0.29841715,0.5475744,0.20932932,0.3300838,0.12266714,0.2754588,0.5755004,0.5827981,0.24695882,0.3261255,0.41479212,0.6237922,0.5992505,0.5216671,0.3704588,0.08387547,0.33047968,0.3190005,0.53829217,0.6154401,0.65099376,0.384313,0.5591922,0.4068755,0.16066715,0.26553127,0.14879215,0.15805466,0.50820875,0.6191356,0.25107548,0.23201609,0.822263,0.62220883,0.28891715,0.4806984,0.49079219,0.35620883,0.38391715,0.4535838
BC2026_Train_0011_S03_20211114_200000_10,0.4588166,0.17099999,0.6037445,0.9392957,0.49722904,0.22913437,0.88394696,0.81369454,0.7813945,0.93078196,0.8325362,0.6172029,0.79418,0.42448282,0.40510282,0.3590753,0.65667075,0.6194624,0.43452904,0.58829045,0.71681756,0.33762905,0.48652494,0.85288537,0.8014665,0.50435406,0.4777778,0.42863435,0.2562094,0.4735219,0.44452268,0.36444557,0.49566436,0.6625477,0.58718103,0.37050188,0.36646438,0.3476227,0.8006303,0.38665187,0.58852684,0.8006303,0.4276998,0.36444557,0.3630998,0.3630998,0.34291226,0.2870602,0.33079976,0.37521225,0.4276998,0.4276998,0.4276998,0.7805437,0.30993938,0.41358158,0.39300936,0.85300404,0.44801906,0.5909466,0.55864656,0.71287906,0.669476,0.6351572,0.27564156,0.6257958,0.38465402,0.83748215,0.48207188,0.23198436,0.42293435,0.27198327,0.5766679,0.48245963,0.2687096,0.49097005,0.34233463,0.38650966,0.29641795,0.45117298,0.5864648,0.18875131,0.7682513,0.13254297,0.4943346,0.38191798,0.24654298,0.18879089,0.688293,0.5338546,0.83641386,0.23704296,0.4666263,0.85430056,0.61769605,0.8282993,0.81685966,0.2924596,0.18795964,0.6542513,0.22120965,0.68892324,0.2823659,0.5435763,0.35219088,0.72611487,0.47533464,0.21883462,0.36917216,0.35183463,0.2125013,0.9440646,0.40170962,0.09173254,0.6171222,0.20775129,0.59329295,0.62327737,0.46820962,0.2687096,0.67788255,0.21645965,0.13570963,0.23466796,0.46389505,0.46983254,0.33995965,0.14641693,0.5497513,0.82851696,0.39695966,0.3431263,0.61704296,0.36501586,0.29435965,0.3621263,0.15629297,0.89689714,0.35262626,0.7468763,0.7563763,0.27266794,0.43020964,0.16658464,0.5465846,0.3850846,0.30195963,0.26958045,0.7932334,0.3233346,0.46739897,0.16921692,0.553195,0.36925128,0.075542964,0.49829295,0.47869924,0.49433464,0.19916172,0.46359816,0.17157213,0.47691795,0.7784797,0.47770962,0.43416798,0.6083346,0.7943367,0.61862636,0.17652005,0.2813763,0.40109608,0.22754297,0.50225127,0.11116796,0.13624401,0.5489596,0.2370034,0.45316795,0.39767215,0.2695013,0.51570964,0.26870963,0.29245964,0.32305753,0.519668,0.31066796,0.18320964,0.35971168,0.44129294,0.8165429,0.5070013,0.7572868,0.3376638,0.2623763,0.2148763,0.48649713,0.29849687,0.33600128,0.1650013,0.3122513,0.7009596,0.51652193,0.21883464,0.35341796,0.50700134,0.5996263,0.633668,0.5608346,0.56558466,0.0818763,0.36323464,0.27425128,0.17766798,0.6090471,0.56909966,0.3134388,0.49350336,0.35420963,0.14916795,0.2129961,0.26791796,0.14758462,0.37875128,0.63428235,0.1614784,0.09729401,0.85988677,0.25683463,0.40566796,0.2694617,0.39141795,0.29800126,0.31779298,0.6582096
BC2026_Train_0011_S03_20211114_200000_15,0.4716444,0.19874999,0.6396789,0.9415071,0.4657946,0.26948383,0.8928975,0.848956,0.7594581,0.94451016,0.8516477,0.7749352,0.6625581,0.41937283,0.4084716,0.4012041,0.7047988,0.5670488,0.60866773,0.5001935,0.66048235,0.31668913,0.6568944,0.84543836,0.8506238,0.5607155,0.5652612,0.6192422,0.28943384,0.64695054,0.46425688,0.38687143,0.5127068,0.7004506,0.58605474,0.37139437,0.37879643,0.3734131,0.82120556,0.3962923,0.61162555,0.82120556,0.43128392,0.38687143,0.36735684,0.36735684,0.3491881,0.33169228,0.36601102,0.4003298,0.43128392,0.43128392,0.43128392,0.7846661,0.29064435,0.42058408,0.37707135,0.8686738,0.44740418,0.5777481,0.63427323,0.7079655,0.5950738,0.6704405,0.31403208,0.69371545,0.37103206,0.8256058,0.5717422,0.24597132,0.42552137,0.2721444,0.27076215,0.4853038,0.3855538,0.61650276,0.41642877,0.4791288,0.35863715,0.58127356,0.45181632,0.25176212,0.85779876,0.07997046,0.5043038,0.31113714,0.29767877,0.15832567,0.29451212,0.45997047,0.62542874,0.3166788,0.48213714,0.87545395,0.54598504,0.8483621,0.8257204,0.37130383,0.08234546,0.67926216,0.2121788,0.596533,0.33589652,0.6663104,0.4096799,0.7614391,0.2660121,0.28580382,0.2449142,0.37605378,0.3071788,0.9246788,0.2755121,0.061999626,0.6441319,0.27947044,0.3903038,0.77624846,0.4140538,0.28501213,0.7278309,0.2240538,0.1599288,0.059387125,0.4318861,0.34515902,0.26284546,0.17026006,0.5834704,0.8974542,0.5921787,0.07759546,0.47184548,0.36813712,0.28133085,0.26917878,0.3214288,0.8695788,0.33013713,0.8059288,0.7457621,0.21297047,0.25572047,0.09501213,0.5430954,0.38159546,0.2454288,0.31086007,0.8384099,0.23355378,0.51847464,0.12440276,0.37211528,0.48451212,0.09580379,0.6547204,0.6197683,0.47263715,0.16867672,0.39928922,0.24135172,0.6056371,0.7717089,0.34676212,0.36972046,0.66817874,0.8351017,0.64284545,0.1615913,0.11242879,0.30836433,0.14488713,0.5478454,0.18447046,0.10757984,0.53359544,0.1385736,0.51538706,0.5107955,0.5605121,0.4488871,0.26997048,0.120345466,0.309534,0.37051213,0.36576214,0.16151214,0.35549027,0.33884546,0.8575138,0.40376213,0.63227665,0.29878715,0.3713038,0.14172046,0.5484788,0.3098705,0.3048038,0.27155378,0.49242878,0.7006371,0.5521204,0.29055378,0.5810954,0.5019288,0.6293871,0.59297043,0.6460121,0.42592883,0.0886788,0.25908506,0.31034547,0.17101213,0.37160072,0.67182046,0.46499753,0.38155589,0.4663038,0.10688713,0.20687462,0.2501788,0.1414038,0.43147045,0.5682705,0.15050796,0.12584755,0.8360913,0.36576214,0.38397047,0.3876517,0.3736788,0.25176212,0.5272621,0.38555378
BC2026_Train_0011_S03_20211114_200000_20,0.49796072,0.2295,0.54379,0.92787564,0.44218808,0.2715854,0.9265449,0.87722015,0.8160857,0.9202868,0.8106015,0.6517931,0.79781604,0.4064301,0.40158513,0.4306551,0.6792923,0.6151674,0.691108,0.49703872,0.6769767,0.41346246,0.7362524,0.83350897,0.85278606,0.5597507,0.5797062,0.60440207,0.27586043,0.63290215,0.47018084,0.4008704,0.52199537,0.68686,0.5765017,0.4028892,0.38539332,0.3598225,0.8165311,0.40423504,0.5946705,0.8165311,0.43317038,0.4008704,0.37529957,0.37529957,0.35376626,0.35174754,0.35780376,0.388085,0.43317038,0.43317038,0.43317038,0.7879321,0.29656833,0.41188076,0.36278543,0.87166727,0.46428353,0.64738417,0.70525503,0.7948756,0.6510694,0.71701527,0.29398808,0.6927507,0.3239131,0.8246653,0.3613604,0.21316043,0.3756104,0.21058571,0.46845797,0.4953746,0.33149958,0.5200351,0.38374957,0.5260517,0.34495792,0.4214923,0.5717704,0.17395793,0.8112496,0.11141627,0.50566626,0.45974958,0.58879125,0.1830819,0.46924958,0.24204127,0.6932913,0.5523746,0.31329125,0.8272392,0.5513059,0.6647913,0.88487464,0.22383294,0.14308293,0.61570793,0.2198746,0.7418569,0.5482975,0.6780279,0.6013028,0.77053523,0.36554128,0.20483294,0.3204361,0.68537456,0.30854127,0.93243796,0.52466625,0.1027871,0.429785,0.35604125,0.29587463,0.69912505,0.2958746,0.35287458,0.7149039,0.2665829,0.16841626,0.111416265,0.53960973,0.27915066,0.34020796,0.22232877,0.6236246,0.8908526,0.43679127,0.33545795,0.6679579,0.33830798,0.29389542,0.48191628,0.13595793,0.887693,0.38454124,0.8246129,0.77958286,0.2887496,0.42333293,0.21354127,0.5048746,0.20641628,0.39720792,0.36552152,0.6881475,0.2103746,0.5341275,0.16956419,0.2465142,0.4581663,0.13912459,0.62916625,0.63842875,0.39008296,0.13453293,0.29694337,0.16010375,0.40749958,0.61596525,0.56187457,0.38691625,0.58562464,0.82154125,0.6228329,0.24073502,0.12408293,0.3983786,0.0939996,0.44233292,0.19295794,0.14668502,0.61016625,0.1075569,0.6062079,0.54629856,0.32358295,0.48270795,0.23254126,0.1011246,0.34206837,0.26104125,0.16920793,0.15416627,0.537709,0.27449957,0.82496125,0.4977496,0.63684547,0.2690371,0.3433746,0.25945792,0.48640898,0.37868375,0.31091627,0.2531246,0.22779126,0.7590788,0.62160665,0.22462462,0.4359996,0.56504124,0.5682079,0.6434162,0.62362456,0.39166626,0.0868746,0.40496626,0.41858295,0.44233295,0.5387975,0.6292613,0.3901621,0.45068502,0.43520793,0.16920793,0.23531212,0.28162462,0.1546017,0.3267496,0.6175691,0.20586209,0.1873371,0.8354746,0.33308294,0.3006246,0.3638788,0.2887496,0.27291626,0.61570793,0.5499996
BC2026_Train_0011_S03_20211114_200000_25,0.5469021,0.23924997,0.44949412,0.9073928,0.40072614,0.2578255,0.89970905,0.7329939,0.81707484,0.9315043,0.81778145,0.6959835,0.716171,0.39119527,0.38816717,0.41663152,0.5653928,0.61764276,0.6993408,0.48010457,0.67242414,0.28509334,0.5017772,0.83309495,0.77280945,0.46698865,0.5404482,0.3704005,0.339763,0.6146297,0.49974218,0.40620676,0.5407901,0.6376901,0.5730901,0.37929013,0.39476722,0.40015054,0.81823367,0.3907297,0.6329797,0.81823367,0.43648803,0.40620676,0.3833276,0.3833276,0.37188804,0.36448595,0.37256095,0.3994776,0.43648803,0.43648803,0.43648803,0.79020673,0.27162343,0.39361784,0.3618505,0.90580946,0.42789617,0.614765,0.7392547,0.43920115,0.4945386,0.66949695,0.24183862,0.7007678,0.30667612,0.7262648,0.3376255,0.18016303,0.3718255,0.1922355,0.21435808,0.6766915,0.20010808,0.403131,0.49302474,0.5508956,0.45581642,0.4425362,0.32014453,0.14627475,0.7590248,0.23652476,0.44473305,0.3568581,0.51519144,0.28855705,0.3204414,0.17239974,0.31648308,0.3156914,0.59514976,0.8594744,0.61173517,0.8414372,0.77644145,0.31727475,0.15339975,0.81428313,0.2563164,0.6101043,0.19183517,0.74638975,0.3031237,0.7600065,0.34181643,0.29352477,0.16786747,0.35764977,0.25789973,0.88955474,0.34894145,0.084762245,0.33746225,0.20169142,0.46214977,0.6108644,0.2879831,0.17160808,0.78075606,0.17635809,0.121733084,0.03544141,0.3670508,0.4043185,0.32835808,0.11488517,0.6671914,0.85176855,0.4288997,0.23652476,0.62681645,0.16052476,0.13899142,0.2895664,0.51360804,0.9130435,0.4059414,0.80335814,0.73448306,0.36952475,0.32914975,0.19931641,0.52469146,0.25789973,0.28164974,0.20622373,0.8086356,0.2903581,0.4506231,0.13467683,0.16555184,0.28402478,0.06869142,0.4843164,0.67000186,0.3204414,0.23866226,0.36006433,0.20703517,0.6545248,0.68680495,0.36398306,0.2666081,0.64106643,0.7645664,0.51123303,0.224056,0.10985808,0.23459308,0.11619142,0.36081642,0.10985808,0.066039324,0.6260247,0.07189766,0.6632331,0.3408862,0.18110809,0.42256638,0.53102475,0.07264975,0.17766434,0.2428581,0.3798164,0.124108076,0.22328411,0.4130664,0.83591145,0.3568581,0.6502102,0.32329142,0.31489974,0.100358084,0.29445496,0.265571,0.35052475,0.36952475,0.3497331,0.8265936,0.54886895,0.08848308,0.49381644,0.63552475,0.51835805,0.72023314,0.43681642,0.5041081,0.100358084,0.45585603,0.4011914,0.38614973,0.48550394,0.45629144,0.30646852,0.5946352,0.46135807,0.17794141,0.18219663,0.14864975,0.070631,0.45344138,0.54483145,0.18550184,0.100081,0.8337581,0.48748308,0.26581642,0.27626643,0.45502478,0.2974831,0.39327475,0.41464975
BC2026_Train_0011_S03_20211114_200000_30,0.5211513,0.17774999,0.40003285,0.9266765,0.38810575,0.2917698,0.8446626,0.7241095,0.7974574,0.91723657,0.8263928,0.71468866,0.7483345,0.38904622,0.38238433,0.40903184,0.6005098,0.7232182,0.6025237,0.37945178,0.6738529,0.27952367,0.62406796,0.80943066,0.75357866,0.45935574,0.46717182,0.38510728,0.16921979,0.6032906,0.41339776,0.32659152,0.4564644,0.56951445,0.55874777,0.26670194,0.32726443,0.3117873,0.77249974,0.33533943,0.500204,0.77249974,0.39590192,0.32659152,0.32322693,0.32322693,0.31649777,0.27343106,0.29631025,0.33601233,0.39590192,0.39590192,0.39590192,0.74676067,0.18595192,0.38480684,0.37014478,0.93538487,0.39358407,0.49290657,0.56908077,0.69471824,0.5869328,0.666337,0.2470307,0.5981349,0.34678072,0.6702762,0.42286974,0.1827573,0.3680073,0.19023468,0.391512,0.62347037,0.19438702,0.43291616,0.30205366,0.47036204,0.66622037,0.20905265,0.256137,0.15559536,0.6923454,0.15717867,0.51976204,0.23317869,0.44059533,0.32817864,0.34638703,0.15559536,0.37567866,0.53401196,0.31234533,0.74184227,0.73717344,0.73984534,0.7113454,0.23951201,0.10888702,0.8456516,0.14609534,0.6986787,0.35485783,0.5762237,0.3755599,0.6871521,0.19280368,0.21655369,0.24230266,0.5300537,0.44692865,0.7691686,0.69155365,0.10306826,0.42885894,0.117595345,0.35905367,0.49395862,0.15559535,0.215762,0.7533037,0.206262,0.07247035,0.047137015,0.42804745,0.2853099,0.19913702,0.22348078,0.5189703,0.82957584,0.55222034,0.15955369,0.5538037,0.2376516,0.1286391,0.22367868,0.41288698,0.95878077,0.365387,0.77942866,0.61476207,0.5039287,0.24109533,0.23476203,0.46672034,0.20547034,0.29572034,0.2200964,0.5428608,0.32263702,0.5089162,0.13477452,0.20865682,0.43901202,0.048720345,0.5617203,0.59417874,0.33213702,0.112132855,0.4646422,0.09194536,0.6044703,0.61751306,0.37092867,0.17459536,0.62188697,0.70897037,0.5664703,0.25110996,0.19834535,0.25325537,0.09622035,0.32580367,0.15242869,0.078249514,0.59734535,0.09554744,0.712137,0.35513493,0.36301202,0.393887,0.35430366,0.039220348,0.1999089,0.256137,0.13738702,0.09859535,0.38201198,0.20309536,0.8142303,0.32817867,0.6187203,0.39420366,0.33134535,0.112845354,0.31072244,0.21283284,0.19517869,0.07642868,0.2308037,0.67073286,0.35481828,0.17301202,0.3448037,0.54667866,0.5189703,0.7556787,0.453262,0.26167867,0.10413702,0.35315573,0.403387,0.37013698,0.36762348,0.53315705,0.4271766,0.39499533,0.6852203,0.272762,0.256137,0.125512,0.07144118,0.38597032,0.5741891,0.14712451,0.09562661,0.8247912,0.531637,0.29572034,0.15353702,0.13659534,0.23872036,0.46197033,0.4564287
BC2026_Train_0011_S03_20211114_200000_35,0.4098619,0.1455,0.40123156,0.9056578,0.39542866,0.20835471,0.824227,0.62786996,0.724097,0.8633907,0.7786032,0.594897,0.51993406,0.41078305,0.37747368,0.3889805,0.49090365,0.90098697,0.61009604,0.36764413,0.6006752,0.4251785,0.3560286,0.80642235,0.6634078,0.44316617,0.42410678,0.45345467,0.11216717,0.45559216,0.37955785,0.27929327,0.41387662,0.5511515,0.54576826,0.24968493,0.3122662,0.25775996,0.7514453,0.3163037,0.47645786,0.7514453,0.3660995,0.27929327,0.28871414,0.28871414,0.29073286,0.22276828,0.24026412,0.29477036,0.3660995,0.3660995,0.3660995,0.7199864,0.19517869,0.3829243,0.3643922,0.9286161,0.39177513,0.4880695,0.584633,0.5937412,0.5952058,0.6746099,0.31206614,0.5001661,0.30280364,0.6440199,0.35299218,0.15705469,0.3387422,0.18027857,0.33211288,0.8403628,0.23790452,0.5597763,0.3210295,0.25512323,0.7461544,0.30141595,0.36983576,0.12232116,0.7113212,0.07402949,0.44848788,0.21098784,0.5767378,0.51144516,0.39386284,0.31786284,0.3851545,0.29569617,0.33211285,0.70811397,0.64557326,0.65352947,0.49519616,0.17377949,0.38277948,0.7344774,0.13657117,0.57551867,0.4124076,0.6620161,0.32063368,0.7134171,0.44690454,0.15636283,0.29593366,0.4089045,0.27986285,0.80296445,0.6281962,0.069239914,0.51870865,0.12390449,0.25373784,0.4016861,0.26640448,0.18882117,0.6431784,0.24423784,0.15557116,0.16427949,0.36100864,0.24447533,0.30757117,0.21245241,0.58069617,0.8402663,0.47223786,0.3067795,0.26640448,0.13910449,0.10343992,0.16269615,0.4128628,0.8983524,0.38594618,0.7263629,0.7564462,0.5268628,0.5260711,0.3677378,0.42948782,0.15161282,0.2964878,0.32554203,0.5430138,0.25769615,0.24107909,0.24441594,0.18037012,0.38990447,0.05107116,0.5941545,0.5653379,0.39465448,0.15315658,0.60923576,0.13633367,0.5751544,0.54568464,0.5141961,0.1975295,0.5616961,0.6756962,0.60365444,0.20315033,0.17932117,0.20152938,0.19832116,0.34398785,0.20782116,0.13876803,0.60840446,0.058750328,0.64798784,0.4357816,0.2616545,0.38119617,0.30757117,0.025737828,0.14739722,0.26482114,0.44690448,0.23394614,0.48923892,0.38436282,0.82858276,0.5379461,0.4271722,0.516017,0.32498786,0.2094045,0.5071107,0.21416241,0.28857115,0.05186283,0.21573782,0.6598629,0.2572291,0.22998783,0.32894614,0.58227944,0.48569617,0.69073784,0.46273783,0.5165711,0.17140448,0.4615108,0.5561545,0.37407115,0.7313503,0.46245286,0.42651913,0.29146072,0.60127944,0.30757117,0.16930658,0.13973784,0.13653158,0.23473784,0.56811655,0.23659825,0.15727323,0.809567,0.44136286,0.2861962,0.17746076,0.19594616,0.2806545,0.57040447,0.73902947
BC2026_Train_0011_S03_20211114_200000_40,0.59830195,0.20325,0.36567318,0.9185448,0.38219067,0.2530172,0.81131226,0.6308697,0.79842585,0.89465296,0.77150923,0.4989107,0.69816136,0.38258967,0.37653342,0.36563212,0.6493782,0.89075744,0.6790241,0.3693478,0.68508035,0.30878535,0.28005192,0.805099,0.69925314,0.43135318,0.43588468,0.42971718,0.11479218,0.45322967,0.40321422,0.34870797,0.46243086,0.5700976,0.53914344,0.30227673,0.33390382,0.28747258,0.760533,0.3581288,0.48867464,0.760533,0.3985038,0.34870797,0.33659548,0.33659548,0.32515588,0.3090059,0.3009309,0.3298663,0.3985038,0.3985038,0.3985038,0.7274928,0.14548713,0.38380092,0.36487967,0.9351698,0.3930444,0.43664944,0.66719073,0.64383656,0.56708443,0.6572553,0.3308907,0.60187817,0.42818964,0.7582528,0.31999218,0.17464218,0.2964797,0.16842693,0.4846728,0.7300895,0.18225615,0.4784978,0.28913116,0.30888325,0.7277144,0.4016468,0.42361555,0.08963114,0.6944645,0.14900613,0.42688116,0.22183949,0.44588116,0.2721301,0.57096446,0.26063114,0.6050061,0.39204782,0.34771448,0.71054924,0.5745072,0.62796444,0.5883811,0.1877978,0.14821447,0.6010478,0.15692279,0.67775244,0.35468113,0.6000344,0.28121448,0.732793,0.23767282,0.20838112,0.254278,0.33663115,0.20758945,0.82660943,0.5084228,0.14041655,0.46248636,0.08963114,0.2804228,0.40455812,0.1497978,0.10388114,0.73768944,0.1949228,0.08488115,0.13713114,0.49654782,0.32160926,0.25825614,0.1987228,0.45775616,0.8155083,0.26854783,0.13317281,0.61608946,0.26011655,0.11880405,0.15217282,0.47833946,0.83181864,0.4989228,0.7348395,0.74988115,0.49021447,0.3857145,0.3611728,0.45617282,0.12525614,0.21392281,0.20919259,0.524084,0.29546446,0.43281075,0.17821865,0.25958222,0.40946448,0.08092281,0.4989228,0.51008534,0.36038113,0.13158947,0.24679674,0.13899156,0.5511728,0.5463238,0.34375614,0.3017978,0.6113395,0.7142561,0.36750615,0.15656656,0.24875613,0.1999776,0.15375613,0.36433947,0.15692279,0.051710308,0.46250615,0.07061135,0.64538115,0.42846447,0.2471728,0.3714645,0.3382145,0.03975614,0.2118051,0.2566728,0.3358395,0.073006146,0.46525723,0.4735895,0.8008961,0.61688113,0.42007282,0.37538326,0.2091728,0.2859645,0.37463114,0.2625628,0.12921448,0.18858947,0.26696447,0.73958945,0.28409615,0.20917279,0.37383947,0.43083948,0.37383947,0.6976311,0.6050061,0.27567282,0.10704781,0.27579156,0.44350618,0.5464228,0.4712343,0.53296447,0.44738534,0.40309158,0.71267277,0.14900613,0.1443551,0.10388114,0.12628531,0.4094645,0.5626837,0.15110405,0.080289476,0.7939769,0.39204782,0.24954781,0.19080615,0.20442279,0.15771446,0.3469228,0.6342978
BC2026_Train_0011_S03_20211114_200000_45,0.51435727,0.17999999,0.36505777,0.9480107,0.38030654,0.24658595,0.8284282,0.6776276,0.75972337,0.87479216,0.78462136,0.5982234,0.7341525,0.38443905,0.3808053,0.48436716,0.49644402,0.7620878,0.7753408,0.6007592,0.61354464,0.43791333,0.50248235,0.7954566,0.6772607,0.43588153,0.44500154,0.4147359,0.13329843,0.47957343,0.38885802,0.29734138,0.44471008,0.5530496,0.53622675,0.2636955,0.3047434,0.2986872,0.7445282,0.31820175,0.5093101,0.7445282,0.3612684,0.29734138,0.26436844,0.26436844,0.29936007,0.23610595,0.28119135,0.33300596,0.3612684,0.3612684,0.3612684,0.71993303,0.2300497,0.38504466,0.34847346,0.9361357,0.40985948,0.63212395,0.78689474,0.59017736,0.50177586,0.69140387,0.37104404,0.6321357,0.4145065,0.73697877,0.29788592,0.16821095,0.3149859,0.1652323,0.41223222,0.84448224,0.21273223,0.43625936,0.34335726,0.5210468,0.7225656,0.278876,0.302626,0.10348223,0.6639823,0.14544055,0.4438989,0.2396489,0.46448225,0.18140203,0.28873223,0.16206557,0.5887739,0.40431556,0.47556558,0.7372312,0.63789684,0.7478989,0.5666073,0.22460723,0.056773905,0.8035135,0.089232236,0.63674104,0.28687185,0.54801893,0.30905828,0.61928976,0.18898223,0.22302389,0.17447495,0.34889895,0.26023224,0.8229489,0.52623224,0.099325985,0.41104475,0.2135239,0.31485724,0.54502445,0.24044058,0.2681489,0.7220709,0.3607739,0.11773223,0.0330239,0.47661456,0.40469164,0.2230239,0.23996559,0.56898224,0.86566925,0.40748224,0.08844057,0.5103989,0.22539891,0.23010932,0.39402393,0.41698226,0.79080725,0.36077392,0.74869055,0.6315239,0.48189893,0.24360724,0.22144055,0.42727393,0.21748222,0.28160724,0.3151146,0.6073583,0.2158989,0.37295768,0.18900202,0.15998743,0.48823225,0.08606556,0.5689823,0.65024686,0.27764893,0.23541349,0.35123432,0.14389682,0.34494057,0.54400516,0.33227393,0.17552392,0.5626489,0.79852605,0.45102394,0.31936976,0.13435724,0.25588107,0.071815565,0.28556558,0.19848225,0.09950411,0.56660724,0.0769812,0.6022323,0.44186038,0.29269058,0.46210727,0.42569056,0.026690569,0.10951869,0.3093156,0.12644057,0.18898223,0.46335414,0.3868989,0.821049,0.44864896,0.4562687,0.59091145,0.20164889,0.18106556,0.40081242,0.25587016,0.27764893,0.08052391,0.30614892,0.6338989,0.36151809,0.18739891,0.29427394,0.43044057,0.56898224,0.7281072,0.58719057,0.37423223,0.17473222,0.54784477,0.6386489,0.5943156,0.28991973,0.5498556,0.49535725,0.43827808,0.49060723,0.19531557,0.110171825,0.20481557,0.10470931,0.37660724,0.515616,0.16071974,0.12691557,0.8036323,0.49456558,0.23331556,0.19377182,0.27527392,0.16523223,0.5396906,0.37819058
BC2026_Train_0011_S03_20211114_200000_50,0.40103012,0.11999999,0.6533371,0.97577435,0.39184102,0.22916041,0.91789436,0.6943851,0.8491559,0.94538295,0.87136215,0.7852287,0.7219746,0.38631913,0.3845023,0.48503602,0.6353577,0.7564827,0.7033827,0.50884247,0.6421473,0.49127927,0.60923845,0.81229514,0.72473687,0.44884104,0.45293787,0.6261813,0.24198543,0.66259795,0.37628382,0.245738,0.41060257,0.5431672,0.5552797,0.24506508,0.28476715,0.27400047,0.7440664,0.2962067,0.5135588,0.7440664,0.34061927,0.245738,0.22420466,0.22420466,0.2834213,0.19123173,0.24910258,0.3150484,0.34061927,0.34061927,0.34061927,0.71889937,0.21882133,0.38934726,0.3695229,0.91639936,0.41109437,0.59257996,0.66592795,0.5672744,0.4825779,0.7357292,0.276416,0.5672744,0.2757035,0.80238825,0.3623979,0.18641041,0.35741037,0.17065513,0.21295196,0.50783193,0.2192853,0.4030312,0.462327,0.27208948,0.78497064,0.37094888,0.5978405,0.17495199,0.756827,0.11320196,0.41561863,0.17732698,0.37761864,0.33775824,0.36416033,0.14566028,0.53436863,0.62224364,0.300827,0.75231445,0.7780634,0.6919103,0.6800353,0.22245197,0.22878529,0.76236856,0.11478529,0.5225728,0.42187282,0.6168287,0.37185928,0.6681356,0.1622853,0.21453531,0.25649366,0.52407694,0.1765353,0.8345686,0.6887436,0.047137383,0.28283638,0.079951964,0.33803532,0.51987624,0.23828529,0.102118626,0.6222238,0.17099363,0.076785296,0.16149363,0.38733634,0.20262071,0.18207698,0.07601342,0.53674364,0.84910077,0.63332695,0.2430353,0.497952,0.23820613,0.16082072,0.06411863,0.4425353,0.75468946,0.23116028,0.6800353,0.7409937,0.5161603,0.28974366,0.23828529,0.37999365,0.17732696,0.27945197,0.33724368,0.5396728,0.28974363,0.593902,0.2076478,0.37296763,0.34674367,0.0411603,0.5597019,0.46656242,0.25332698,0.2707041,0.4893822,0.0950728,0.448077,0.60041344,0.27945197,0.2525353,0.44174364,0.835004,0.34516034,0.100970715,0.2834103,0.19457045,0.13536863,0.36178532,0.12586863,0.075756125,0.49795195,0.112449884,0.56920195,0.40160614,0.18286864,0.37524366,0.35861862,0.052243635,0.24847803,0.29528528,0.40136865,0.18682697,0.46022907,0.348327,0.82494193,0.43145198,0.6309717,0.32239985,0.2667853,0.1314103,0.35046452,0.14170197,0.23353529,0.15832697,0.33724368,0.616702,0.21370406,0.16782697,0.5209103,0.46153533,0.33011866,0.7156603,0.44411865,0.31111863,0.23353532,0.16695613,0.43461865,0.39978528,0.32119262,0.470307,0.33316657,0.28891242,0.43936867,0.20424362,0.2674384,0.09261863,0.121831134,0.50349367,0.5824624,0.17649572,0.09418218,0.7478415,0.4472853,0.31666034,0.17966238,0.24224363,0.19474363,0.35149363,0.63570195
BC2026_Train_0011_S03_20211114_200000_55,0.4895037,0.18825,0.4504499,0.95013213,0.4250196,0.24475469,0.88458216,0.6976122,0.81816524,0.91227263,0.83959764,0.6296477,0.76423097,0.39530835,0.38743523,0.45223707,0.69284046,0.6168404,0.5848205,0.4272907,0.6561497,0.28618005,0.3430454,0.82983845,0.79690504,0.4763196,0.47403955,0.5589672,0.09940468,0.6040922,0.40534082,0.33333877,0.4551367,0.60115963,0.5601117,0.28825334,0.32593668,0.31382418,0.8048516,0.35487208,0.53252214,0.8048516,0.39255542,0.33333877,0.3360304,0.3360304,0.31988043,0.2949825,0.32526374,0.37640542,0.39255542,0.39255542,0.39255542,0.7660916,0.22096169,0.39470273,0.3544797,0.92084044,0.42644462,0.71714467,0.6808072,0.7245071,0.5067434,0.69812095,0.3266946,0.64375716,0.40934455,0.8079369,0.42430472,0.16851717,0.3402297,0.1767954,0.4441107,0.72831905,0.298444,0.59359723,0.35227734,0.29143777,0.8170253,0.5246232,0.48444608,0.12348569,0.7789857,0.2161107,0.43381903,0.24856903,0.45994404,0.43243363,0.34594402,0.17098568,0.4464857,0.5209024,0.30240235,0.7069401,0.7164243,0.782944,0.65627736,0.2564857,0.23431902,0.75060445,0.19156903,0.4968357,0.27799922,0.6941507,0.36391488,0.77837324,0.25965238,0.21848568,0.23239924,0.44252738,0.32140234,0.8519774,0.754444,0.07539195,0.38420135,0.095777355,0.28736073,0.48786214,0.1852357,0.20977737,0.6815711,0.22402737,0.07202736,0.16623569,0.46888986,0.440093,0.17969404,0.17674507,0.6325274,0.83118427,0.51219404,0.052235693,0.7196107,0.16089195,0.12186278,0.15040235,0.46944404,0.8126316,0.291319,0.7694857,0.7552357,0.47419402,0.31190234,0.16465236,0.5058607,0.24381903,0.4726107,0.40803048,0.54180634,0.24381903,0.48674196,0.21872318,0.21925758,0.44094402,0.044319026,0.67052734,0.61443776,0.37206903,0.23843572,0.40217215,0.112600274,0.44252735,0.6834315,0.267569,0.3942357,0.6182774,0.82379407,0.52327734,0.12855236,0.15990235,0.26315454,0.17256904,0.3229857,0.12586069,0.11374819,0.59769404,0.116420075,0.61669403,0.3918409,0.2446107,0.4037357,0.3324857,0.05381903,0.20108882,0.288944,0.19156903,0.096569024,0.58720446,0.23194402,0.8509957,0.40769404,0.6452337,0.5781399,0.45202738,0.10369403,0.2929222,0.14355445,0.27390236,0.18840237,0.24777736,0.70931906,0.45309615,0.16465236,0.6388607,0.48923573,0.45598572,0.71406907,0.4844857,0.6032357,0.2422357,0.46778154,0.557319,0.4061107,0.40506172,0.54221404,0.38299403,0.34728986,0.5779024,0.11952736,0.25969195,0.11715236,0.2678461,0.26044402,0.5809503,0.27275446,0.10743465,0.7891982,0.604819,0.31427735,0.18982737,0.30319405,0.19315235,0.48369402,0.39106905
BC2026_Train_0011_S03_20211114_200000_60,0.40238824,0.15900001,0.48907968,0.9239818,0.4585609,0.18759844,0.9124116,0.7597941,0.79922706,0.889667,0.80757123,0.7873837,0.6810628,0.41311768,0.3852589,0.41977957,0.72131515,0.6484818,0.69686157,0.6221678,0.749349,0.433953,0.63038826,0.8418068,0.8413714,0.5027359,0.43249768,0.3963609,0.24602343,0.47331095,0.42139256,0.33324045,0.47993627,0.6474926,0.5553029,0.3265113,0.3547738,0.32045504,0.8114823,0.3877467,0.5425176,0.8114823,0.39111125,0.33324045,0.33996964,0.33996964,0.3359321,0.26191127,0.2908467,0.35410088,0.39111125,0.39111125,0.39111125,0.75886023,0.30026755,0.39918834,0.34221095,0.90577346,0.41071656,0.45492718,0.55848914,0.7355651,0.65085685,0.73160684,0.2847109,0.6358151,0.47956538,0.77675164,0.28592345,0.19116093,0.3051609,0.18942992,0.46187446,0.62004936,0.2631661,0.6013067,0.58616614,0.34763697,0.7286661,0.38110468,0.5560828,0.17212445,0.6851244,0.08504112,0.45395774,0.3747911,0.29562446,0.33580154,0.22754112,0.2964161,0.53945774,0.46899942,0.25129113,0.8050808,0.67887026,0.68037444,0.87765783,0.33758277,0.21170779,0.81234527,0.18083279,0.63122785,0.39606714,0.5229911,0.36645883,0.8016796,0.30670777,0.36212444,0.27775258,0.6281245,0.41674942,0.89697444,0.5758744,0.10435779,0.58721507,0.24574946,0.2425828,0.5364288,0.25208277,0.25841612,0.7554641,0.35341612,0.1420411,0.10245779,0.4694151,0.29035985,0.3296661,0.39392966,0.5932911,0.8879067,0.55212444,0.15233278,0.4911661,0.25627863,0.26502654,0.22279112,0.38429108,0.79789734,0.39062443,0.73341614,0.7516244,0.42070776,0.32333276,0.14599946,0.4959161,0.19904111,0.27979112,0.29053798,0.68102854,0.3082911,0.5302903,0.14027967,0.320364,0.30908278,0.08820778,0.48483273,0.73860145,0.29958278,0.25382444,0.4016286,0.13135362,0.6012078,0.605186,0.29087445,0.35183278,0.4143744,0.8228744,0.47216612,0.2180807,0.1357078,0.28064018,0.15233278,0.30908278,0.16974945,0.08442758,0.5687494,0.19480571,0.5885411,0.40978277,0.5980411,0.38508275,0.4634578,0.10720778,0.17905153,0.31937444,0.118291125,0.11433279,0.55786407,0.28770778,0.86195105,0.3676661,0.5926182,0.4774307,0.21645778,0.15787446,0.42054945,0.32841527,0.34074944,0.22516611,0.28849944,0.6843328,0.5033736,0.2750411,0.31224942,0.49512443,0.61862445,0.68670774,0.57112443,0.4183328,0.13808277,0.37043697,0.32016608,0.25524944,0.5273255,0.5426244,0.48550573,0.46405154,0.33124945,0.21249945,0.23308277,0.22595778,0.14405988,0.29483277,0.6002736,0.21748695,0.19811092,0.7797682,0.3185828,0.31858277,0.19773488,0.16499946,0.19349945,0.43812445,0.70333284
BC2026_Train_0012_S03_20220211_233000_5,0.42224255,0.054,0.33771604,0.87703824,0.41897997,0.06614791,0.6397884,0.7853739,0.5866279,0.47277042,0.49275607,0.25292853,0.7306321,0.39125663,0.38035536,0.25014594,0.4510425,0.23159243,0.31749323,0.28600073,0.5857851,0.18667822,0.24965923,0.5754133,0.40116742,0.43821746,0.0938947,0.18157288,0.08039792,0.3404604,0.11596098,0.11259641,0.07895056,0.03319223,0.111250564,0.07827765,0.16037348,0.075585976,0.05674431,0.08298807,0.044631816,0.05674431,0.20882347,0.11259641,0.08298807,0.08298807,0.08231515,0.15499014,0.07827765,0.06414639,0.20882347,0.20882347,0.20882347,0.047323477,0.25189015,0.35794723,0.5560313,0.92216325,0.39873308,0.676513,0.47928122,0.24940495,0.7477394,0.5922956,0.45175496,0.03992994,0.5801633,0.30137852,0.07469792,0.1466604,0.24569792,0.2338259,0.46380606,0.13605602,0.08855602,0.1556102,0.501806,0.25868517,0.8252019,0.121726856,0.1303758,0.09963935,0.4384727,0.28251436,0.16218102,0.30151436,0.877254,0.62287164,0.3767227,0.12655602,0.4321394,0.4313477,0.5295144,0.13532373,0.6939633,0.63718104,0.17801437,0.13209769,0.16059768,0.19226435,0.11784769,0.123603106,0.12600186,0.46687773,0.6951065,0.5383019,0.33555603,0.05530602,0.12697163,0.39888936,0.1439727,0.098056026,0.630056,0.42149144,0.16629767,0.13130602,0.36563936,0.076265395,0.2674727,0.23976436,0.34394768,0.28884768,0.28963935,0.2983477,0.44109395,0.23121437,0.42659768,0.32136542,0.68705606,0.25997165,0.08776435,0.83569145,0.17405602,0.10565603,0.15747061,0.052931022,0.25243104,0.21918103,0.29597268,0.7155561,0.6593477,0.3458477,0.33713937,0.60551435,0.18434769,0.2508477,0.13209769,0.21243209,0.10907998,0.2080977,0.09870519,0.51207787,0.19099769,0.73930603,0.25955603,0.4004727,0.32530394,0.3648477,0.4593727,0.46719044,0.13166228,0.646681,0.12980187,0.25955603,0.6403477,0.4740977,0.06718102,0.23263934,0.35689145,0.14793101,0.3687269,0.1772227,0.42105603,0.3672227,0.22474247,0.23105603,0.10739769,0.8255977,0.11814457,0.52001435,0.15505603,0.6482643,0.37197268,0.45478106,0.14713937,0.37276435,0.30151436,0.4337821,0.14080602,0.6561811,0.15030602,0.08016435,0.8130498,0.27855602,0.22076437,0.20225915,0.28510314,0.42026436,0.4479727,0.09013935,0.27380604,0.20906353,0.11705602,0.1890977,0.466181,0.37038937,0.6474727,0.582556,0.18038934,0.34268102,0.7816246,0.558806,0.668056,0.15014768,0.6942127,0.26374793,0.19072062,0.39097267,0.6815143,0.08394457,0.42263934,0.42620185,0.23263934,0.17676353,0.48292476,0.13362165,0.21363935,0.2698477,0.39413935,0.29070812,0.20572266,0.2104727,0.09409768,0.627681
BC2026_Train_0012_S03_20220211_233000_10,0.41923958,0.093,0.33064523,0.8697108,0.43096918,0.15160728,0.6578173,0.6784758,0.5669735,0.48084018,0.46267146,0.29067397,0.5588985,0.40484184,0.3927293,0.27947742,0.63300246,0.46231914,0.32421592,0.35631403,0.5908255,0.18976715,0.29257292,0.58708584,0.4345317,0.4644567,0.105057426,0.24423228,0.1031573,0.3283073,0.16402683,0.16335392,0.118268505,0.06443517,0.1297081,0.112212256,0.2023831,0.10077268,0.06443517,0.12701643,0.062416423,0.06443517,0.24544978,0.16335392,0.1054831,0.1054831,0.120287254,0.17277476,0.113558084,0.10009974,0.24544978,0.24544978,0.24544978,0.05434142,0.3194706,0.36426494,0.57404065,0.9180025,0.40394965,0.6301841,0.5662571,0.30058166,0.70757747,0.6106774,0.4445067,0.036956668,0.48511916,0.37303895,0.07109479,0.17155729,0.2691698,0.3622396,0.4354962,0.10457958,0.102996245,0.28274414,0.65633965,0.34492958,0.87510866,0.16822958,0.39229107,0.19245458,0.45212126,0.43707955,0.33416292,0.3887879,0.7373192,0.51452434,0.56295455,0.13149625,0.25182956,0.3230796,0.50832963,0.15554312,0.6049327,0.5431629,0.26449624,0.16474624,0.13466291,0.33178788,0.15762125,0.165245,0.13066499,0.35113624,0.43798998,0.4363275,0.5621629,0.04203791,0.13838376,0.4663712,0.24707958,0.12278791,0.56532955,0.36119834,0.17335564,0.14970458,0.41931456,0.09013166,0.37532955,0.2557879,0.49146706,0.16553791,0.3769129,0.44262123,0.35858583,0.27375874,0.6254962,0.16268791,0.7840829,0.23144417,0.06578791,0.7851358,0.22174625,0.138265,0.18806084,0.3151629,0.3602879,0.3911629,0.23520459,0.6389546,0.48695457,0.35474625,0.30012125,0.71970457,0.15999626,0.24153793,0.15999626,0.24335875,0.15890771,0.25103793,0.14236584,0.5900494,0.21327543,0.65874624,0.2771629,0.41174623,0.29715252,0.48932958,0.5760171,0.43468478,0.17024834,0.7141629,0.13592958,0.32545456,0.85112125,0.3911629,0.08003791,0.3721629,0.40022752,0.17582959,0.4995817,0.37532955,0.49487123,0.54553795,0.24215148,0.17741293,0.1903171,0.8004546,0.17392959,0.5004129,0.1750379,0.75137126,0.4647879,0.48513377,0.13149624,0.5843296,0.21620457,0.49500978,0.16632958,0.6429129,0.25024623,0.111942075,0.80383897,0.33257958,0.27795458,0.2600629,0.38932624,0.42282957,0.44182956,0.10062125,0.29457957,0.29780957,0.11170458,0.40382954,0.4006629,0.36662123,0.6619129,0.41412124,0.22332957,0.44974625,0.75972927,0.47349626,0.80837125,0.40551186,0.5285646,0.27361426,0.18544833,0.47824624,0.6603296,0.2166598,0.39195457,0.39147958,0.41887125,0.1820679,0.6520567,0.15730458,0.41887125,0.48062125,0.5154546,0.37849623,0.23045458,0.32624623,0.04678791,0.6642879
BC2026_Train_0012_S03_20220211_233000_15,0.36345088,0.03075,0.2808251,0.8733915,0.40132076,0.08550365,0.6075935,0.595481,0.5369372,0.42254135,0.42678073,0.24327633,0.4788645,0.3766184,0.3741959,0.20946585,0.6129332,0.2353082,0.30037135,0.2555551,0.58326554,0.18045758,0.2629092,0.57414156,0.3393332,0.46473324,0.08834085,0.24296615,0.07267864,0.2764536,0.069907226,0.11903014,0.056448895,0.03693431,0.094805144,0.078655146,0.121721804,0.056448895,0.027513478,0.08538431,0.02482181,0.027513478,0.18228433,0.11903014,0.052411396,0.052411396,0.07730932,0.13585307,0.06721556,0.061159313,0.18228433,0.18228433,0.18228433,0.03087806,0.20718223,0.35663274,0.56485784,0.9438499,0.39472216,0.62411946,0.46497464,0.21535818,0.78244895,0.604126,0.47827074,0.027970716,0.42483324,0.31171197,0.07909114,0.12825365,0.26077864,0.18770088,0.37698147,0.16006477,0.07298144,0.52777416,0.52264804,0.22193353,0.7617315,0.11919499,0.29834914,0.09356477,0.45773146,0.34610647,0.16639811,0.26298144,0.7672731,0.47334713,0.14502311,0.1378981,0.22735645,0.3730231,0.5685648,0.08305541,0.67532104,0.59785646,0.16006477,0.10860644,0.2495231,0.3310648,0.124439776,0.15443602,0.11931373,0.33321813,0.44498563,0.24881062,0.5139398,0.05002311,0.11353458,0.35798144,0.11256478,0.13156478,0.5685648,0.4593148,0.22260647,0.11414812,0.3556064,0.054773115,0.23527312,0.26298144,0.3162804,0.2661481,0.26852313,0.35481477,0.3723106,0.15863977,0.6184398,0.3312627,0.6540648,0.24318977,0.07614811,0.87264395,0.19410643,0.12119395,0.15080228,0.11968978,0.21468976,0.10385645,0.24556476,0.59073144,0.4015231,0.41735643,0.27168977,0.62239814,0.11177311,0.33898145,0.10781478,0.19630332,0.09853248,0.14660643,0.1167527,0.39004397,0.24156688,0.71898144,0.29860646,0.3706481,0.32085228,0.4680231,0.49984813,0.29714185,0.12570645,0.5836065,0.0956429,0.22498143,0.65406483,0.42131478,0.098314784,0.20756477,0.22110227,0.13473144,0.3484023,0.1426481,0.25110644,0.31523144,0.1343356,0.16006477,0.11557311,0.84303564,0.18080643,0.5060231,0.09435644,0.7308565,0.60418975,0.312896,0.14818977,0.4418981,0.26773143,0.3004075,0.11810645,0.5685648,0.13948144,0.09489082,0.76475954,0.2772314,0.29306477,0.21848977,0.48416516,0.3563981,0.39281476,0.04606477,0.25031477,0.36102146,0.097523116,0.18856478,0.38568977,0.32948145,0.6857315,0.4181481,0.18223144,0.6033981,0.7572229,0.6556481,0.48702312,0.65327317,0.65004313,0.26794517,0.1519502,0.38964808,0.55431473,0.2505721,0.35323143,0.4149023,0.1402731,0.16924019,0.49984813,0.109200194,0.28673145,0.2518981,0.52264804,0.25173977,0.22973146,0.39756477,0.033398107,0.40785646
BC2026_Train_0012_S03_20220211_233000_20,0.36965623,0.012750001,0.28260148,0.8564107,0.38323158,0.1661531,0.6148878,0.4582327,0.55230653,0.44369775,0.46186644,0.20326462,0.5798961,0.36054558,0.35993996,0.22125182,0.36826903,0.46873152,0.30491593,0.32126784,0.6060462,0.1825797,0.31819794,0.6220774,0.32908154,0.4494941,0.066817425,0.29796565,0.053578127,0.20320313,0.032873336,0.07661291,0.031527504,0.022106666,0.073921256,0.04565875,0.07728583,0.028835837,0.023452502,0.024798337,0.023452502,0.023452502,0.111604586,0.07661291,0.030854587,0.030854587,0.028162919,0.034219168,0.022779584,0.021433752,0.111604586,0.111604586,0.111604586,0.023452502,0.13784835,0.3532781,0.5594532,0.9522024,0.38821113,0.6648472,0.390028,0.22719406,0.65443677,0.6443431,0.55795246,0.029119048,0.71786904,0.31893897,0.05500312,0.16045313,0.2366906,0.16303125,0.4860516,0.18125992,0.030051576,0.43328702,0.45280156,0.18878074,0.8402828,0.21991305,0.24999638,0.03638491,0.43934324,0.3609683,0.32059327,0.20580158,0.7750099,0.5192621,0.22480159,0.10288491,0.31030157,0.51930165,0.61509323,0.061738037,0.7523197,0.5960933,0.10525991,0.12109324,0.25013494,0.2905099,0.07755158,0.14024366,0.09548283,0.28987655,0.6265503,0.19448076,0.32771823,0.04588491,0.0770172,0.37442657,0.09892658,0.10367657,0.47496828,0.44345993,0.15163179,0.075176574,0.2786349,0.064113036,0.16067658,0.22242658,0.39079425,0.18521824,0.2675516,0.2786349,0.40432626,0.20221929,0.5129682,0.1770245,0.52167654,0.2437818,0.10130157,0.81031823,0.117926575,0.11444326,0.3640953,0.093384914,0.25409323,0.22875993,0.31742656,0.48921824,0.34434327,0.37284327,0.22955158,0.59450996,0.14246824,0.5960933,0.08546825,0.2055443,0.05299012,0.13059324,0.07900825,0.33810887,0.13300782,0.7441349,0.24538493,0.2675516,0.28097034,0.2168849,0.45668077,0.41306883,0.11214742,0.47021827,0.14656511,0.27230158,0.5478016,0.4575516,0.12109324,0.1290099,0.2806141,0.06092658,0.3263724,0.20184323,0.3601766,0.31821826,0.07903596,0.17730159,0.116758876,0.810635,0.12036095,0.57155156,0.056968246,0.5905516,0.24142659,0.27701202,0.07438491,0.30080158,0.22005157,0.21375783,0.16067658,0.51375985,0.058551576,0.07385054,0.74403393,0.2430099,0.2168849,0.0941172,0.22839575,0.22559324,0.38788489,0.07992658,0.27705157,0.26809785,0.19471824,0.1385099,0.39580154,0.37205157,0.68792653,0.63250995,0.13296825,0.39342657,0.7951757,0.6135099,0.7069266,0.16576304,0.6307366,0.22619095,0.13023698,0.49792656,0.5383016,0.25739846,0.40609324,0.32637244,0.1812599,0.16917908,0.5037849,0.084162,0.22796825,0.1931349,0.5905516,0.20932451,0.29525992,0.23984323,0.054593243,0.39659324
BC2026_Train_0012_S03_20220211_233000_25,0.38045833,0.0225,0.46040863,0.8413995,0.3733662,0.1420677,0.6793757,0.4585917,0.5770924,0.4670705,0.47130984,0.38652235,0.6679362,0.36981797,0.36194482,0.22265108,0.4161162,0.24654117,0.25426587,0.30756092,0.58036137,0.17916839,0.30604166,0.70127445,0.3142287,0.46670368,0.07245608,0.40284273,0.04944271,0.25108021,0.032376755,0.059966333,0.019591333,0.02901217,0.07611633,0.030358002,0.056601755,0.03506842,0.021610085,0.016899668,0.01891842,0.021610085,0.10572466,0.059966333,0.020937167,0.020937167,0.028339252,0.02901217,0.025647584,0.024301752,0.10572466,0.10572466,0.10572466,0.016226752,0.1151455,0.35831106,0.5515968,0.9609412,0.4919302,0.6797412,0.3938189,0.19951618,0.5945579,0.6860745,0.6331912,0.032078695,0.7202745,0.34473422,0.0665427,0.1648677,0.24039271,0.16195834,0.49169552,0.17027886,0.023820527,0.29520383,0.45369554,0.12836011,0.79502267,0.2015101,0.34699866,0.031737193,0.4180705,0.5289039,0.05865386,0.18927886,0.7502539,0.47560492,0.28744552,0.10932053,0.16157052,0.5542372,0.6824872,0.07335907,0.56110495,0.64844555,0.03015386,0.13069552,0.20590386,0.19561218,0.057862196,0.1408051,0.06910386,0.3585372,0.66046625,0.30713823,0.22411218,0.023028862,0.0782674,0.39432052,0.06340386,0.15048718,0.5455289,0.4069476,0.097603865,0.05232053,0.20273718,0.061167408,0.14969552,0.12515385,0.31863722,0.10694553,0.18769552,0.16315387,0.49810487,0.08693615,0.3903622,0.13043822,0.47665384,0.16143198,0.09982053,0.7157372,0.10061219,0.047253862,0.15222885,0.061820526,0.17265385,0.091903865,0.3191122,0.5035705,0.4323205,0.38719553,0.12119553,0.62627894,0.12040386,0.4251955,0.07686219,0.13008198,0.033656985,0.10298719,0.0674572,0.38264346,0.16843824,0.6729873,0.2755705,0.15761219,0.21112886,0.07844553,0.27830178,0.27107784,0.064314276,0.3286122,0.15171428,0.21857052,0.4940705,0.32386217,0.07765386,0.053112194,0.34167472,0.089528866,0.27012783,0.1520705,0.15444551,0.29852885,0.05291428,0.21065384,0.07549658,0.8067789,0.05374553,0.67615384,0.04044553,0.49486217,0.22490385,0.30907783,0.061820526,0.36740386,0.1647372,0.2932445,0.10140387,0.5558205,0.051528864,0.07100386,0.73034745,0.11090386,0.07765386,0.06989553,0.2054051,0.3024872,0.38640386,0.07132053,0.2541955,0.17310509,0.119612195,0.26686218,0.25894555,0.3119872,0.5859039,0.5455289,0.060237195,0.4734872,0.78791547,0.5455289,0.6682372,0.108370535,0.6808406,0.22872166,0.113555945,0.5399872,0.59461224,0.24135076,0.31436217,0.37733927,0.13782053,0.15695511,0.35030386,0.055744488,0.15207052,0.20115384,0.72048724,0.11185386,0.40065384,0.24469553,0.23915385,0.2541955
BC2026_Train_0012_S03_20220211_233000_30,0.4223036,0.09975,0.6392819,0.7694629,0.3936587,0.14361718,0.863666,0.5881402,0.6574507,0.57804644,0.59621525,0.6259582,0.6567778,0.4514211,0.39994296,0.28063482,0.42287117,0.49839616,0.264429,0.20083839,0.56764525,0.18024714,0.55847025,0.67208785,0.41360867,0.5675879,0.10863732,0.48775467,0.113692194,0.5497422,0.07734433,0.13857974,0.04167974,0.05177349,0.121083915,0.093494326,0.14598182,0.093494326,0.059175577,0.07801725,0.052446406,0.059175577,0.19241308,0.13857974,0.06523183,0.06523183,0.08340058,0.06994225,0.07532558,0.073979735,0.19241308,0.19241308,0.19241308,0.049754743,0.12041099,0.39206982,0.5521172,0.95787954,0.58904403,0.7445215,0.47532108,0.23548368,0.59400976,0.67812437,0.6111295,0.055221193,0.6087546,0.36876938,0.17282969,0.16641718,0.2725797,0.23547024,0.34800297,0.22687797,0.050336294,0.49511445,0.49129462,0.16204046,0.83325505,0.23920818,0.38469672,0.043211296,0.435878,0.25537795,0.25537795,0.29654464,0.86116123,0.5748155,0.10179463,0.055086292,0.31237796,0.82426965,0.5110862,0.10846443,0.6942384,0.5752113,0.13187796,0.09941963,0.23716962,0.29337797,0.07408629,0.13263796,0.15259984,0.33758464,0.68019426,0.4994488,0.32900295,0.070919625,0.10670297,0.37887797,0.19441964,0.17462796,0.60133624,0.21943632,0.14581129,0.10021129,0.19283628,0.04999984,0.1287113,0.07804463,0.36371756,0.1975863,0.19996129,0.20471129,0.612095,0.06913838,0.4224196,0.13860714,0.5570029,0.17179777,0.40579465,0.61637795,0.120002955,0.06355713,0.15103629,0.075669624,0.23241961,0.076461285,0.3392946,0.5300863,0.26091963,0.58075297,0.23558629,0.7454196,0.16750295,0.34246132,0.12475297,0.332803,0.09433317,0.13504463,0.07409421,0.54150605,0.16152589,0.8108113,0.47229463,0.23479465,0.31479257,0.115252964,0.42234048,0.22185089,0.16192171,0.20946129,0.22642276,0.23400298,0.43825296,0.6551696,0.14612795,0.3424613,0.33315924,0.05666963,0.42139047,0.2379613,0.15483628,0.35591963,0.069791496,0.2094613,0.04895088,0.8032112,0.049920667,0.9245738,0.13821128,0.43271127,0.23083632,0.43473005,0.04400296,0.24587795,0.22766963,0.23835716,0.1690863,0.6725863,0.047961295,0.09320504,0.78041136,0.14691964,0.13741961,0.099043585,0.31096086,0.27041963,0.49921128,0.16116963,0.2735863,0.30221295,0.09625296,0.24587797,0.3448363,0.13504463,0.64487803,0.709003,0.12237796,0.6042813,0.89685965,0.54354465,0.7865863,0.23194462,0.6535547,0.30260685,0.14521754,0.5847112,0.5767946,0.34297588,0.37808627,0.3291217,0.18412797,0.20127547,0.45262176,0.09823213,0.1595863,0.28783628,0.62429464,0.12008214,0.22212796,0.116044626,0.16750297,0.40341964
BC2026_Train_0012_S03_20220211_233000_35,0.42929763,0.07875001,0.63887125,0.772773,0.39229807,0.18572344,0.82328403,0.5863837,0.63887125,0.49823162,0.46673912,0.6099357,0.6711712,0.46107566,0.40051317,0.20550193,0.48207304,0.31107304,0.3148493,0.22703366,0.60635674,0.19675241,0.67471427,0.58752304,0.46426055,0.5724814,0.09406692,0.4365234,0.11518593,0.40802345,0.0692302,0.14257812,0.03827604,0.04433229,0.116334364,0.08134271,0.123063534,0.07394062,0.053080205,0.059809368,0.045005206,0.053080205,0.18429896,0.14257812,0.056444786,0.056444786,0.06855729,0.064519785,0.075959384,0.0692302,0.18429896,0.18429896,0.18429896,0.04433229,0.09614688,0.38779506,0.48426095,0.962773,0.5731029,0.6834611,0.45985097,0.27402303,0.6138855,0.72424394,0.395148,0.06454804,0.6453147,0.44735909,0.14582343,0.22206093,0.24414845,0.2511726,0.25499183,0.15207517,0.041241832,0.4693356,0.49645016,0.104496,0.8012418,0.26947936,0.36851686,0.0372835,0.42361683,0.31595016,0.22332516,0.14653349,0.8179856,0.5628117,0.16395016,0.07607516,0.36978352,0.89149183,0.5740335,0.11795433,0.75987726,0.74186677,0.077658504,0.0586585,0.28665853,0.31595019,0.063408494,0.19005932,0.15306474,0.33637518,0.63300234,0.20578973,0.26765853,0.056283504,0.094996,0.37215853,0.15920016,0.17028348,0.40461683,0.27252728,0.10115121,0.09586684,0.23124182,0.055194963,0.1109085,0.1132835,0.42834708,0.1774085,0.2130335,0.21382515,0.55626297,0.10225955,0.47586685,0.17257933,0.4133252,0.29408038,0.28507516,0.6951585,0.16553348,0.079321004,0.135846,0.43549186,0.23678349,0.10061683,0.36820018,0.42045018,0.25261682,0.5669085,0.13782516,0.6215335,0.13861683,0.49486682,0.106158495,0.12998767,0.12602934,0.15761682,0.058840584,0.67028046,0.13240226,0.7513273,0.4014502,0.22095014,0.26532313,0.12120017,0.39947104,0.36285645,0.16798767,0.2914085,0.19142099,0.23282516,0.49882516,0.63321847,0.13624182,0.2969502,0.23484391,0.04520017,0.20444393,0.26845017,0.30407518,0.2819085,0.09224497,0.18849182,0.07601579,0.78303355,0.050326206,0.89070016,0.0847835,0.5170335,0.1322835,0.3759981,0.041241832,0.3460335,0.2874502,0.3010471,0.13861683,0.55978346,0.05707517,0.06026163,0.8172513,0.17820016,0.08557517,0.09944912,0.281576,0.3104085,0.49407515,0.1346585,0.17028348,0.27148226,0.13149182,0.16949183,0.4133252,0.11961683,0.6999085,0.67220014,0.106158495,0.5779918,0.8877057,0.6175751,0.7054502,0.21487412,0.6297352,0.28884348,0.090364754,0.4909085,0.48220018,0.33621687,0.32782516,0.28531268,0.1702835,0.192751,0.3819752,0.07298767,0.1156585,0.4600335,0.5993668,0.1318085,0.20828348,0.18770018,0.13307516,0.37215853
BC2026_Train_0012_S03_20220211_233000_40,0.43993604,0.039,0.34997484,0.7504513,0.38485968,0.15077291,0.7601176,0.58919674,0.59659886,0.59861755,0.49229676,0.2833561,0.69417185,0.39269003,0.3648313,0.18980564,0.40908462,0.46893463,0.29599306,0.21847306,0.4595118,0.1821356,0.70751935,0.5644096,0.43259716,0.48175964,0.07413127,0.31322291,0.041047916,0.27546042,0.10919985,0.09237693,0.034506097,0.03316026,0.10247068,0.04594568,0.078918606,0.05671234,0.03988943,0.03787068,0.039216515,0.03988943,0.19600609,0.09237693,0.045945678,0.045945678,0.0668061,0.08093735,0.06007693,0.05603943,0.19600609,0.19600609,0.19600609,0.03383318,0.10650818,0.35635254,0.53758126,0.9681596,0.43453673,0.67584467,0.4563392,0.31432214,0.63348264,0.7344201,0.41620967,0.047134645,0.58024293,0.38570672,0.068122916,0.1828354,0.2106229,0.18739434,0.26628426,0.1253676,0.029575918,0.45998538,0.30903426,0.13585718,0.7404925,0.17910196,0.33252695,0.020867584,0.40878424,0.25915924,0.14436756,0.15228425,0.7887842,0.46519056,0.22907591,0.058867585,0.30507594,0.5987842,0.6043259,0.108782165,0.65619993,0.57820094,0.13565925,0.07153425,0.2749926,0.31932595,0.044617582,0.16814134,0.11612488,0.3238543,0.5949486,0.29213217,0.2821176,0.053325918,0.06343946,0.3509926,0.115867585,0.19978426,0.51090926,0.34366968,0.10421029,0.08024259,0.21799259,0.054335296,0.06599258,0.10399258,0.4185614,0.22670092,0.2251176,0.21403426,0.43842822,0.059481125,0.40086758,0.21023425,0.39215925,0.2272749,0.073117584,0.70090926,0.09370092,0.037967585,0.1765884,0.21007591,0.18949257,0.10478424,0.35020092,0.47053424,0.26945093,0.5291176,0.17128424,0.48399264,0.10636758,0.2837009,0.077075906,0.14217071,0.06436967,0.116659254,0.047016338,0.5685426,0.13090925,0.7497155,0.2749926,0.24411759,0.29668427,0.113492586,0.4104072,0.2571603,0.1250905,0.24015926,0.16900823,0.20453423,0.5022009,0.6664559,0.13328426,0.28845096,0.22590925,0.03670092,0.22618634,0.25045094,0.1910759,0.25361758,0.07327592,0.17445092,0.030545712,0.7199093,0.043964457,0.61699253,0.05728425,0.4222426,0.17445092,0.37315926,0.07470092,0.32565925,0.22274257,0.32387802,0.11270092,0.5631592,0.074700914,0.053840503,0.7418028,0.17682593,0.096867576,0.06347904,0.36396012,0.25124258,0.42699262,0.16099258,0.2053259,0.21659134,0.07707591,0.21878424,0.38582593,0.17445092,0.5995759,0.59165925,0.10399259,0.5473259,0.8746366,0.57503426,0.6328259,0.14256655,0.6318126,0.29074678,0.072603,0.48795092,0.39215925,0.2847499,0.32407594,0.41769052,0.11111758,0.18025385,0.3330218,0.05950092,0.09765925,0.3961176,0.54099256,0.13621342,0.2837009,0.14278425,0.058867585,0.30270094
BC2026_Train_0012_S03_20220211_233000_45,0.5142783,0.08624999,0.34121087,0.7455111,0.4103986,0.12471041,0.664682,0.7037111,0.61286736,0.6741028,0.5859507,0.3109296,0.55903393,0.40462735,0.37010673,0.31983986,0.35981107,0.5563027,0.33163765,0.28076512,0.6154066,0.18689327,0.583945,0.34912357,0.4474486,0.44602358,0.0939417,0.1688854,0.04134792,0.38121042,0.1980407,0.12671153,0.087009445,0.066149026,0.12469278,0.07556987,0.13007611,0.089028195,0.104505286,0.05941986,0.07489695,0.104505286,0.26735112,0.12671153,0.0775886,0.0775886,0.11527194,0.18525529,0.12603861,0.12200111,0.26735112,0.26735112,0.26735112,0.068167776,0.23303236,0.36828986,0.5663812,0.94659436,0.39468005,0.6561754,0.4352569,0.18809856,0.63574654,0.70169234,0.58480275,0.05842357,0.7225528,0.3951115,0.08409792,0.2515354,0.20949793,0.16594495,0.20071028,0.047126964,0.042376965,0.41950718,0.35587698,0.078991555,0.7334624,0.066404045,0.3503749,0.044751965,0.3614186,0.23871028,0.11441863,0.18804364,0.567252,0.44828427,0.3075853,0.05900196,0.2315853,0.47700197,0.59179366,0.06907592,0.6308426,0.47225198,0.09541863,0.1579603,0.0819603,0.29254362,0.047126964,0.16278154,0.09987176,0.39216697,0.37875617,0.12987593,0.45721033,0.025751963,0.06687904,0.30283532,0.042376958,0.10491863,0.4690853,0.13935612,0.123166546,0.036835298,0.085126966,0.07853634,0.044751965,0.0985853,0.3605676,0.07641863,0.15954362,0.25216863,0.33299783,0.10394884,0.38358527,0.046078004,0.3622103,0.27300927,0.05900196,0.645627,0.11204363,0.036360294,0.08682905,0.045543633,0.1975436,0.13025196,0.19437695,0.6092103,0.2331686,0.44137695,0.048710294,0.5118353,0.22050196,0.23158531,0.05266863,0.3266249,0.057636343,0.042376958,0.058479466,0.40466347,0.123404056,0.7977061,0.16112696,0.16983528,0.29499784,0.24900195,0.46144575,0.22103633,0.11623947,0.040001962,0.10543321,0.23158531,0.46116862,0.737017,0.11362696,0.12866862,0.2672103,0.09779363,0.18841967,0.20704362,0.21258529,0.23396029,0.078298844,0.13896029,0.07501343,0.66225195,0.10533425,0.42633533,0.044751965,0.32975197,0.24425195,0.43159992,0.13737696,0.3408353,0.27908534,0.22151133,0.16429362,0.46987697,0.044751965,0.06381134,0.69050854,0.07641863,0.10016863,0.163878,0.256317,0.18091863,0.412877,0.13975194,0.15479362,0.2664107,0.03525196,0.0985853,0.117585294,0.14608529,0.472252,0.48254365,0.025751963,0.4690853,0.81220555,0.5165853,0.6543354,0.26717073,0.5319753,0.2685898,0.10859988,0.3289603,0.39150196,0.25212908,0.35350198,0.2470228,0.14450195,0.20652111,0.50182074,0.025217587,0.11996031,0.20150195,0.5537936,0.058566548,0.18171029,0.09541863,0.1104603,0.6250437
BC2026_Train_0012_S03_20220211_233000_50,0.42164436,0.05025,0.3426258,0.7762889,0.38607645,0.15405364,0.73372495,0.5910666,0.63615197,0.6435541,0.49645457,0.29175332,0.6590313,0.3763152,0.36117458,0.33392143,0.4922389,0.49295142,0.38480923,0.19566043,0.4566848,0.17749168,0.68606097,0.39320144,0.49437642,0.44877645,0.094093926,0.18540363,0.035066143,0.3350286,0.16430835,0.1145125,0.067408346,0.06404376,0.107110426,0.071445845,0.113166675,0.077502094,0.090287514,0.069427095,0.06404376,0.090287514,0.25313336,0.1145125,0.06000626,0.06000626,0.09163335,0.12460626,0.09230626,0.1057646,0.25313336,0.25313336,0.25313336,0.056641676,0.16834585,0.35875204,0.5436328,0.95045555,0.39461854,0.6736771,0.4424629,0.2222014,0.6574796,0.7106399,0.68762225,0.054051418,0.61795557,0.36140016,0.08351615,0.20179114,0.19609112,0.16989434,0.23147745,0.07868576,0.030394096,0.20091909,0.5378524,0.06403993,0.83251077,0.14940141,0.38444725,0.05810243,0.37951908,0.19901912,0.20297743,0.18001911,0.6890608,0.5749025,0.37160245,0.08026909,0.3882274,0.34468573,0.5877274,0.0883441,0.7275378,0.48401907,0.0826441,0.116685756,0.038310762,0.33914408,0.053352434,0.14484535,0.06095243,0.3660924,0.36796078,0.41451082,0.2861024,0.025644097,0.039913893,0.32885242,0.04385243,0.117477424,0.41672742,0.1598712,0.14285037,0.03197743,0.064435765,0.037835762,0.058102433,0.054935765,0.34660554,0.020894095,0.115102425,0.29322743,0.28182745,0.073995136,0.3248941,0.04395139,0.41118577,0.24778575,0.03435243,0.5584358,0.15547743,0.03067118,0.16525452,0.16418578,0.2773941,0.093727425,0.1325191,0.62018573,0.39931077,0.43572742,0.0541441,0.49668574,0.20931077,0.34389406,0.04306076,0.111915976,0.0721941,0.10956076,0.05602035,0.30955556,0.10572117,0.7175607,0.2013941,0.16418576,0.3332066,0.15943576,0.43394622,0.3982796,0.08537535,0.10876909,0.11642847,0.21168576,0.3961441,0.74967074,0.09847743,0.057310767,0.25609824,0.059685767,0.18302745,0.10797743,0.12460243,0.24018577,0.06394097,0.2013941,0.04775139,0.6985608,0.07306493,0.40564406,0.024060763,0.40643576,0.1918941,0.29548365,0.05572743,0.2623524,0.15310243,0.26805243,0.14281076,0.60118574,0.045435764,0.06330764,0.69521594,0.061269097,0.06522743,0.13497327,0.099087015,0.17606077,0.32331076,0.14756076,0.16101912,0.20069744,0.10164409,0.06997743,0.13726911,0.1277691,0.5283524,0.24731077,0.020894095,0.4547274,0.8161727,0.42543575,0.67639405,0.3137712,0.4839241,0.2583248,0.070769094,0.50460243,0.5410191,0.25188264,0.30035242,0.29983786,0.18476911,0.16907035,0.44269413,0.027128473,0.09610243,0.34231076,0.5521024,0.08921493,0.14756076,0.19031076,0.15310244,0.3913941
BC2026_Train_0012_S03_20220211_233000_55,0.5213735,0.010500001,0.38781253,0.7789196,0.4020071,0.13645314,0.7527352,0.57172066,0.63228315,0.63632065,0.5508602,0.25942004,0.72043526,0.40332523,0.358509,0.27129897,0.46755704,0.6475029,0.34139392,0.26154825,0.5216979,0.21007016,0.5989568,0.4077071,0.44689462,0.46256962,0.07871022,0.21411562,0.016753126,0.29320312,0.11359076,0.053701177,0.021401178,0.023419928,0.09205742,0.030822013,0.05639285,0.02678451,0.04360743,0.018709512,0.026111595,0.04360743,0.17078868,0.053701177,0.024765763,0.024765763,0.023419928,0.03687826,0.021401178,0.032840766,0.17078868,0.17078868,0.17078868,0.021401178,0.1230116,0.35669214,0.46277815,0.95071125,0.41648278,0.7873272,0.44918647,0.09990709,0.63638,0.68079257,0.6039613,0.04646959,0.60712796,0.36237624,0.047390625,0.19487813,0.17492813,0.19995685,0.34707618,0.16420116,0.018534493,0.5051324,0.8284095,0.106686585,0.871397,0.13595846,0.34240532,0.042284496,0.3201595,0.29720116,0.16578451,0.21407618,0.7207428,0.75120217,0.54103446,0.06049283,0.15074283,0.3937845,0.5172845,0.05419908,0.7031678,0.43415952,0.11511782,0.15786783,0.09928449,0.43178448,0.08978449,0.1505845,0.089269914,0.33083114,0.5106543,0.49331677,0.36686787,0.03832616,0.07608866,0.3937845,0.05970116,0.17211783,0.50065947,0.19329493,0.12525116,0.058909494,0.05574283,0.05085429,0.06524283,0.05099283,0.349946,0.092159495,0.17370118,0.31778452,0.31887308,0.079354286,0.4436595,0.07436678,0.67324287,0.30050638,0.024867827,0.5616178,0.22674285,0.059503246,0.09718658,0.030409496,0.25128448,0.12461783,0.23545116,0.5885345,0.3676595,0.44365948,0.074742824,0.56557614,0.10957615,0.22278449,0.10324282,0.20798032,0.06361991,0.09928449,0.05839492,0.51878864,0.119076155,0.67957616,0.18874285,0.34390953,0.28231785,0.12857616,0.36381993,0.3694012,0.1330095,0.35420114,0.18373553,0.21170117,0.52045107,0.7090261,0.10482615,0.20061785,0.24578245,0.06286783,0.23962721,0.12936783,0.096117824,0.23861784,0.15003033,0.3130345,0.032923035,0.7389511,0.046737622,0.49670115,0.14915949,0.46899286,0.17845118,0.4420762,0.037534494,0.22595116,0.19270118,0.36965847,0.10165949,0.68195117,0.08186782,0.05049804,0.81184393,0.08107615,0.0802845,0.09720636,0.14923866,0.31540948,0.28770116,0.17211783,0.19349283,0.40360123,0.1230345,0.3146178,0.2821595,0.08899282,0.5188678,0.34707618,0.07870116,0.33045116,0.88640296,0.38507617,0.65107614,0.5451512,0.40781286,0.27667326,0.13764074,0.33995116,0.5584511,0.17283034,0.3201595,0.42006785,0.25128448,0.1660616,0.34094074,0.052160535,0.14757617,0.5568678,0.42149282,0.126122,0.12778449,0.1396595,0.18082617,0.48799282
BC2026_Train_0012_S03_20220211_233000_60,0.5458973,0.042749997,0.4128219,0.69529784,0.45455202,0.12414842,0.75755715,0.6431613,0.66536754,0.6949759,0.5590467,0.3280344,0.70776135,0.54350054,0.38179865,0.38482672,0.39541447,0.78171617,0.31140178,0.28233182,0.59120053,0.41738617,0.625064,0.45668945,0.48447698,0.56071454,0.143788,0.18898593,0.038648438,0.29657346,0.16800793,0.14782043,0.05966833,0.067743324,0.08994958,0.105426654,0.1868496,0.090622485,0.09667875,0.08389333,0.07110791,0.09667875,0.26019746,0.14782043,0.085239165,0.085239165,0.08994958,0.090622485,0.0832204,0.093987085,0.26019746,0.26019746,0.26019746,0.065724574,0.21847667,0.37210864,0.4583109,0.9375478,0.5104951,0.88591534,0.6863955,0.10685198,0.6568426,0.7503781,0.7420061,0.06837698,0.68738115,0.37951252,0.058598436,0.17259844,0.17188592,0.242689,0.1975335,0.056616824,0.036825154,0.3454762,0.5474502,0.105264746,0.69311684,0.14425431,0.31058347,0.027325157,0.2679918,0.16032515,0.22603351,0.1975335,0.6464085,0.6294273,0.36378348,0.10411682,0.18407516,0.4587835,0.5419085,0.117456414,0.5542784,0.42632517,0.09936682,0.16349185,0.25136682,0.38832515,0.09461682,0.16892552,0.06621578,0.28968346,0.30658558,0.22298561,0.49915847,0.07324183,0.106313705,0.3606168,0.08590849,0.10728348,0.29095012,0.16206685,0.18350121,0.05820016,0.1429085,0.050560575,0.09857515,0.09065849,0.66055954,0.077200145,0.16586682,0.30678347,0.34023145,0.20824079,0.33370015,0.046740785,0.5181585,0.33183974,0.038408488,0.63770014,0.41207513,0.06049599,0.15537725,0.10728349,0.28857514,0.028116822,0.1191585,0.54349184,0.2711585,0.5529918,0.063741826,0.4983668,0.17457516,0.25295016,0.065325156,0.13121162,0.11611057,0.21099181,0.07673592,0.63419706,0.11561578,0.6970752,0.17536683,0.3115335,0.41749808,0.17220016,0.44469178,0.120247036,0.19234808,0.3914918,0.14156266,0.21020018,0.35111684,0.78273356,0.12945016,0.34636682,0.26838765,0.13578348,0.19741476,0.46036685,0.108866826,0.32340845,0.13691162,0.15636683,0.07836786,0.78020024,0.09843662,0.43582517,0.08274182,0.4009918,0.4207835,0.36257622,0.09936682,0.29807514,0.20861682,0.3023897,0.14607516,0.5878252,0.058991823,0.08521578,0.7921484,0.08036682,0.11757515,0.1058387,0.2577505,0.1809085,0.54032516,0.112825155,0.17932516,0.69657296,0.06770016,0.1904085,0.42790848,0.20228349,0.6060335,0.33686683,0.16111682,0.5268668,0.88951945,0.3843668,0.7049918,0.7332742,0.39709684,0.29429096,0.09517099,0.30520016,0.4769918,0.21906683,0.28382513,0.35452098,0.09857515,0.15748593,0.47093555,0.0514512,0.24107517,0.24978349,0.4263251,0.08539391,0.22761683,0.2141585,0.13499184,0.48332515
BC2026_Train_0013_S13_20220217_233000_5,0.08913989,0.09900001,0.6743617,0.899455,0.44709668,0.122847915,0.6151451,0.43917736,0.7584764,0.37619236,0.5626576,0.3858824,0.86560464,0.53747576,0.47240466,0.5724674,0.20057166,0.32454666,0.58790845,0.33906382,0.6114605,0.3729789,0.7612649,0.07873416,0.19059667,0.5653717,0.20350718,0.6345021,0.2054979,0.1905354,0.094798714,0.13046329,0.09076123,0.089415394,0.08874247,0.12844455,0.21861537,0.08066747,0.11902373,0.15536122,0.089415394,0.11902373,0.21861538,0.13046329,0.21121329,0.21121329,0.18093204,0.12709872,0.07259247,0.057788298,0.21861538,0.21861538,0.21861538,0.13046329,0.2192883,0.42516592,0.57275206,0.8416633,0.47438544,0.44168168,0.38959792,0.22123417,0.75229996,0.5111266,0.657205,0.41289666,0.21339667,0.28837675,0.19481042,0.06299792,0.2297229,0.6710149,0.34030056,0.3893839,0.07746724,0.6428162,0.8088881,0.4006652,0.64271724,0.3447735,0.34631723,0.19305058,0.39730057,0.5073422,0.17088391,0.3490089,0.91516936,0.86358035,0.116258904,0.2065089,0.7986756,0.89217144,0.21996725,0.15900892,0.77376384,0.12338391,0.30784222,0.07430057,0.80975884,0.41788387,0.37988392,0.14930308,0.49140996,0.33608893,0.5455552,0.20965578,0.20492558,0.18988392,0.48452243,0.58334225,0.7719489,0.30546722,0.8679068,0.7196277,0.09078704,0.5081339,0.7974486,0.14598599,0.6910089,0.39571723,0.25028807,0.58809227,0.3751339,0.35217556,0.5526343,0.21660267,0.5271339,0.53538704,0.82361305,0.2226985,0.45430055,0.84645265,0.18750891,0.5300235,0.22922975,0.15505059,0.12734224,0.7060506,0.13130057,0.47646725,0.34030056,0.33713385,0.3561339,0.48596722,0.21442556,0.58334225,0.33080053,0.2079537,0.07825891,0.15109225,0.16208848,0.7286329,0.4478287,0.6553839,0.33555055,0.7060506,0.30847558,0.109133914,0.5854639,0.50129986,0.4858722,0.5659256,0.19807766,0.6783422,0.5960089,0.16613391,0.05530057,0.70624053,0.33135477,0.5508839,0.19148704,0.45509225,0.36325887,0.2278839,0.32959327,0.4250089,0.49249846,0.9563756,0.12567973,0.1993839,0.2563839,0.8353297,0.68546724,0.2668141,0.1423839,0.1471339,0.5793839,0.42201245,0.24292558,0.3300089,0.24609224,0.3068131,0.6734378,0.77096725,0.39255053,0.18758808,0.21995933,0.45746723,0.6593423,0.14792557,0.75988394,0.29398015,0.18355057,0.45430055,0.7614672,0.19859223,0.7852172,0.7345506,0.17721723,0.96065056,0.80674267,0.91030055,0.41234222,0.12510577,0.4496772,0.308717,0.18667766,0.38938388,0.84855056,0.21711725,0.5841339,0.652336,0.5105089,0.1620885,0.82879055,0.3597558,0.58967555,0.17880057,0.21917558,0.5165652,0.14396723,0.24371725,0.15663391,0.6276756
BC2026_Train_0013_S13_20220217_233000_10,0.09755357,0.11924999,0.5798951,0.90057945,0.42383775,0.08556302,0.5866243,0.41469398,0.73130137,0.3813846,0.48434088,0.34383586,0.8159543,0.4833481,0.4881931,0.5787005,0.12672524,0.31767523,0.59406394,0.33896115,0.54897845,0.38862243,0.75067854,0.09466275,0.18230022,0.5562045,0.20112686,0.5425922,0.096963026,0.202413,0.15201707,0.16951291,0.12442749,0.12981082,0.086071245,0.19171917,0.26304832,0.11366083,0.16682126,0.22267334,0.12106291,0.16682126,0.289965,0.16951291,0.2583379,0.2583379,0.23276709,0.14663374,0.11231499,0.10356707,0.289965,0.289965,0.289965,0.21056084,0.22738376,0.43368688,0.5750505,0.83645445,0.48696527,0.47182462,0.36402336,0.20937523,0.76756173,0.49819306,0.6979128,0.48938772,0.2991502,0.27237213,0.20170051,0.03925052,0.2045505,0.6715119,0.25536674,0.3796584,0.07724175,0.6244219,0.8785272,0.27769175,0.73828346,0.18455218,0.316622,0.33453342,0.3677834,0.4319084,0.2047001,0.3796584,0.7454084,0.7841051,0.11920009,0.21340841,0.5514501,0.8573897,0.13820007,0.14756155,0.7358135,0.16511676,0.21499175,0.06536675,0.71453345,0.49920005,0.39470008,0.13500968,0.45551988,0.39093176,0.642958,0.11700321,0.17620008,0.16986676,0.40594175,0.5213668,0.7422418,0.33770004,0.8615855,0.7376897,0.065525085,0.4057834,0.8477709,0.18530425,0.7058251,0.31949174,0.27311987,0.51582503,0.3772834,0.41290843,0.5326805,0.21621886,0.40420008,0.48128864,0.85358965,0.22567925,0.19440842,0.7699501,0.17778343,0.5239001,0.23118135,0.18174176,0.16511676,0.41924176,0.09465842,0.4619917,0.24903342,0.43745005,0.36936674,0.5261167,0.23478344,0.4010334,0.28703344,0.17445843,0.074213624,0.07724175,0.18884303,0.72353876,0.50719595,0.6504084,0.28624174,0.7026584,0.2716355,0.09465842,0.5535321,0.4063534,0.4700905,0.3131584,0.12668134,0.5641167,0.61478347,0.15561676,0.060616754,0.74791,0.3319209,0.59261674,0.14593862,0.40103343,0.47070006,0.2656584,0.29623654,0.46436676,0.48134804,0.92597175,0.13913031,0.23636675,0.31157508,0.8408043,0.7438251,0.25687093,0.10257509,0.13107508,0.53086674,0.48156175,0.29178342,0.35274172,0.2142001,0.20515531,0.73219347,0.63774174,0.2807001,0.21247824,0.21710551,0.5269084,0.5189917,0.100991756,0.7652001,0.2743034,0.091491744,0.44220006,0.6686167,0.23557511,0.7921167,0.7050334,0.09228342,0.93960416,0.77266955,0.9134001,0.4327001,0.10320843,0.47491175,0.31902266,0.178773,0.46753338,0.8016168,0.21231988,0.5554084,0.5950313,0.43903342,0.1282805,0.7800359,0.3231532,0.72165847,0.23874176,0.19836675,0.42901883,0.15403344,0.28228337,0.16986676,0.6417001
BC2026_Train_0013_S13_20220217_233000_15,0.102294646,0.14775,0.7190655,0.96124417,0.43090665,0.12423959,0.34209746,0.5986134,0.7291593,0.38085753,0.48381376,0.4335469,0.88729465,0.55759,0.5454775,0.58921707,0.25634414,0.32118165,0.64707625,0.40280747,0.6390012,0.39977932,0.8369613,0.12809417,0.24779415,0.57570255,0.31587833,0.7681021,0.13350208,0.24750207,0.13066164,0.15488663,0.11047415,0.12527831,0.15421373,0.16969082,0.24774918,0.105763726,0.15152207,0.2013179,0.1084554,0.15152207,0.27668458,0.15488663,0.25313246,0.25313246,0.232945,0.15959707,0.10912832,0.09432415,0.27668458,0.27668458,0.27668458,0.17305538,0.2450575,0.49090397,0.59076875,0.7965775,0.5583017,0.47008234,0.41799855,0.25420666,0.8117043,0.50761324,0.7007859,0.6453692,0.19293165,0.4068994,0.29595208,0.050852083,0.22541457,0.768878,0.38351506,0.21647337,0.09851505,0.65018797,0.8869754,0.36958176,0.4959317,0.15521817,0.36079422,0.2916817,0.3637234,0.583015,0.28297338,0.4959317,0.8094317,0.7164901,0.13097337,0.33364007,0.81180674,0.944688,0.24339005,0.13607964,0.8032172,0.31068173,0.2085567,0.07080671,0.7761817,0.4199317,0.33839005,0.14778046,0.4604255,0.42395338,0.820219,0.22245046,0.17214003,0.32730672,0.42054528,0.41676506,0.7405567,0.28376505,0.89520884,0.73881507,0.091192126,0.39064008,0.84620464,0.18233274,0.72547555,0.36689007,0.20449942,0.5632234,0.35184842,0.51889,0.6829979,0.22140151,0.44922337,0.5420265,0.8638588,0.17223899,0.2774317,0.82605666,0.20459837,0.41161925,0.38739425,0.16343172,0.12226504,0.4698067,0.11751504,0.6344734,0.3043484,0.4325984,0.27109838,0.53551507,0.30039003,0.5228484,0.33364007,0.25702652,0.0862838,0.16343172,0.2695784,0.78415775,0.43631923,0.7168067,0.4919734,0.74530673,0.3157484,0.12226504,0.6130984,0.58922964,0.44756094,0.41993174,0.15185358,0.46189004,0.6249734,0.1420567,0.058140047,0.668515,0.31084007,0.65664005,0.1914963,0.46347338,0.44526508,0.29405674,0.38108072,0.55530673,0.49258697,0.88660336,0.18514316,0.20222339,0.2140984,0.8448984,0.7001817,0.3259609,0.27268174,0.12464005,0.5260151,0.50654006,0.28930676,0.2782234,0.3463067,0.19440567,0.70740575,0.6313067,0.2544734,0.2517619,0.22583881,0.4872234,0.5703484,0.14364004,0.8046422,0.3200471,0.13018171,0.63764006,0.69384843,0.13334839,0.7809317,0.7706401,0.14284837,0.9458755,0.8261755,0.89896923,0.40726504,0.23250465,0.5679734,0.29423487,0.2672984,0.4919734,0.7785567,0.30965257,0.6154734,0.5315567,0.68039006,0.13970548,0.8055526,0.3017953,0.6898901,0.30751505,0.24339005,0.5367817,0.16659838,0.22676504,0.2228067,0.7080984
BC2026_Train_0013_S13_20220217_233000_20,0.17008927,0.2775,0.86600953,0.9675657,0.45329905,0.16732489,0.4640091,0.7328528,0.72335124,0.3798272,0.62007195,0.7885703,0.8833372,0.5810139,0.5648639,0.61802423,0.3556865,0.34642398,0.8117786,0.41953546,0.62067026,0.6273994,0.86200595,0.192524,0.2616365,0.63744074,0.35477924,0.72867984,0.25781238,0.27348742,0.18416038,0.23462911,0.20434788,0.26625618,0.21578746,0.28778955,0.3355666,0.16666454,0.18012287,0.34094995,0.15589787,0.18012287,0.38267082,0.23462911,0.30663127,0.30663127,0.3416229,0.23866664,0.18617913,0.15791662,0.38267082,0.38267082,0.38267082,0.25952706,0.3947833,0.57832223,0.59419155,0.696024,0.6312261,0.5699907,0.5868137,0.34212047,0.8386131,0.5166225,0.44902402,0.90898234,0.23883651,0.42706597,0.22859989,0.09749989,0.25638738,0.6150059,0.44000188,0.32046017,0.23575187,0.52502686,0.93910813,0.51885194,0.36558518,0.38492164,0.1439581,0.41783518,0.4867102,0.7883352,0.16371018,0.67987686,0.7186685,0.74143296,0.18983519,0.17162685,0.75429356,0.9710915,0.16925186,0.24711229,0.6102696,0.15896018,0.40833515,0.11304352,0.51441854,0.27612686,0.41308516,0.2276433,0.60039353,0.6043519,0.8620789,0.37350187,0.35925186,0.47249186,0.48536432,0.7669602,0.8580018,0.40754354,0.9472623,0.69495815,0.14761958,0.4977935,0.9172978,0.25593936,0.8373394,0.44475183,0.26310396,0.65929353,0.56191856,0.4835435,0.7288415,0.3563029,0.60783523,0.7089113,0.96832067,0.26939768,0.55241853,0.5255019,0.30146018,0.540029,0.4781206,0.60308516,0.11621018,0.70916855,0.14787684,0.79466856,0.34737685,0.15183519,0.3814185,0.34500185,0.6252518,0.71154356,0.5951685,0.2727227,0.17847478,0.25950184,0.74909985,0.7816654,0.44502896,0.57458526,0.57933515,0.86750185,0.40243727,0.15025185,0.5891519,0.6647758,0.49628934,0.1660852,0.26312375,0.46850187,0.7527102,0.1922102,0.089293525,0.4051685,0.28649768,0.6988769,0.23891854,0.46533516,0.4882935,0.2785018,0.33821332,0.6632519,0.36774248,0.75043017,0.26086748,0.32600182,0.42812684,0.9306769,0.80575186,0.26872477,0.22704352,0.14787686,0.70441854,0.81101245,0.42100185,0.28246018,0.4479185,0.25906643,0.57664555,0.65929353,0.43841854,0.19559458,0.29897246,0.65612686,0.75271016,0.3054185,0.90217686,0.52911,0.25871018,0.3362935,0.7060018,0.15341853,0.45108518,0.8746268,0.1542102,0.9516561,0.8175833,0.6521686,0.73450184,0.15367582,0.58646023,0.4245664,0.23959143,0.39725184,0.74321026,0.20721228,0.6545436,0.6734248,0.85641855,0.27003706,0.60664773,0.5265508,0.82871014,0.20250185,0.2864185,0.6873978,0.39091852,0.27850184,0.27375185,0.88175184
BC2026_Train_0013_S13_20220217_233000_25,0.1880456,0.2295,0.69143087,0.96945953,0.46184292,0.19412553,0.31527045,0.55482876,0.7688163,0.38612857,0.44547978,0.44426852,0.8642695,0.5734006,0.5639798,0.5935881,0.18895538,0.35568038,0.7084144,0.3734365,0.6195894,0.43702713,0.81396896,0.15546788,0.21816787,0.6322412,0.2843829,0.78969634,0.23545054,0.25183803,0.25656435,0.28953725,0.21888103,0.19667478,0.19600187,0.2989581,0.36557686,0.16437477,0.21484351,0.29222894,0.16033727,0.21484351,0.4072977,0.28953725,0.31107062,0.31107062,0.35952058,0.2585831,0.19936644,0.17043103,0.4072977,0.4072977,0.4072977,0.2875185,0.3514456,0.5760923,0.6191713,0.7351262,0.6117458,0.43723157,0.4378372,0.4100869,0.83734334,0.4602071,0.5688762,0.7817712,0.18040538,0.4121704,0.21193801,0.091525525,0.28033802,0.6202956,0.40786684,0.24795014,0.18303345,0.59388864,0.97256255,0.5668335,0.5891585,0.26410013,0.24525848,0.43478346,0.44270012,0.6279501,0.17115846,0.53928345,0.8925251,0.81458557,0.16720013,0.33978346,0.73957515,0.9372147,0.21390848,0.18796161,0.71164906,0.12049179,0.26457512,0.09515846,0.8432834,0.46011677,0.5163251,0.12423639,0.54880327,0.45885018,0.6668281,0.39240953,0.3057418,0.3239501,0.49625644,0.52345014,0.83932513,0.37540847,0.9358688,0.7778522,0.15443452,0.5147418,0.9434293,0.18370637,0.8844106,0.5115751,0.31017515,0.61211675,0.46249184,0.38807514,0.5307105,0.3527866,0.6232001,0.5855564,0.96203345,0.26311052,0.42607513,0.8877355,0.24161682,0.5802126,0.4792752,0.23290846,0.15136679,0.62557507,0.1869918,0.6319084,0.4981168,0.39915848,0.44982514,0.5250335,0.37382513,0.5115751,0.36432514,0.24189389,0.13614702,0.14582512,0.30390513,0.71812093,0.5770262,0.7403668,0.33582512,0.84090847,0.42888555,0.1846168,0.5473981,0.5387095,0.4161793,0.47040847,0.20488347,0.5384918,0.88445014,0.12840846,0.10782513,0.57490844,0.44273973,0.65803343,0.25311577,0.5772834,0.56065845,0.25507513,0.34936264,0.5258251,0.55398864,0.9739084,0.19979702,0.28040844,0.2717001,0.964646,0.7815334,0.34083244,0.20599179,0.15770014,0.86149174,0.6867314,0.48465848,0.34453347,0.3643251,0.2886418,0.7045775,0.7815334,0.4134085,0.24622826,0.29179263,0.58678347,0.70315844,0.19253348,0.84906256,0.2574739,0.18382514,0.5107835,0.7403668,0.30495012,0.64378345,0.77440846,0.20203346,0.9347605,0.8289662,0.885598,0.50286674,0.14434075,0.57411677,0.3351463,0.27142307,0.34690848,0.8559501,0.1698918,0.6707001,0.7408418,0.6018251,0.17605099,0.73581475,0.37426054,0.83002305,0.13870013,0.20757513,0.67711264,0.18303347,0.2582418,0.21628347,0.7601585
BC2026_Train_0013_S13_20220217_233000_30,0.23478869,0.28724998,0.84527,0.96253616,0.49371114,0.19479738,0.3219427,0.72339135,0.80893254,0.3879558,0.5969638,0.6473518,0.8487019,0.62622225,0.5865202,0.61007226,0.35619864,0.35762364,0.7803258,0.41724688,0.6958344,0.49718934,0.8380387,0.17522365,0.28494865,0.6449828,0.34373182,0.6044057,0.3152099,0.2881349,0.2551773,0.30699188,0.21076478,0.26325226,0.21345645,0.31506687,0.36149812,0.19192313,0.2309523,0.32314187,0.17240854,0.2309523,0.39783564,0.30699188,0.3359273,0.3359273,0.3554419,0.28276685,0.2228773,0.18182938,0.39783564,0.39783564,0.39783564,0.31304812,0.35947937,0.6321978,0.6215057,0.7844112,0.63940006,0.6725075,0.57113934,0.5695211,0.8203271,0.4737077,0.67753613,0.9495132,0.20657365,0.40309644,0.27459738,0.1121474,0.2567849,0.687622,0.49351993,0.20535326,0.15231158,0.6230564,0.82736576,0.6395428,0.6067283,0.2850345,0.3570564,0.44522825,0.5148949,0.36922827,0.37239492,0.700145,0.9595345,0.7352159,0.17526992,0.31460327,0.85531163,0.9603816,0.13964492,0.23840533,0.7749574,0.22039494,0.36210328,0.10956159,0.81493664,0.28610325,0.4515616,0.17979826,0.5927751,0.452195,0.87686396,0.2589293,0.3066866,0.48382992,0.45403555,0.5117282,0.8410616,0.33914492,0.96610534,0.77527416,0.21687202,0.47293657,0.93344915,0.18951993,0.88278246,0.54260325,0.397372,0.7508116,0.4278116,0.4167283,0.8243227,0.52296984,0.5180616,0.63489187,0.9001199,0.24335326,0.5766449,0.8245158,0.24414493,0.60882616,0.3309116,0.5845616,0.17289492,0.56214166,0.17210326,0.7824782,0.3248949,0.31460327,0.39772823,0.4476033,0.60277,0.6368116,0.47610328,0.22187932,0.16438453,0.29876992,0.22353786,0.751722,0.58000946,0.7500199,0.55843663,0.7808316,0.4874637,0.18318659,0.6246002,0.7076658,0.4731939,0.5813949,0.21908869,0.7080616,0.6851033,0.33281156,0.124603264,0.49747828,0.37690744,0.62335324,0.21115221,0.5386449,0.5418116,0.25126994,0.4031512,0.5895649,0.58756995,0.9655117,0.22300741,0.45789492,0.31539494,0.93839705,0.79910326,0.41178036,0.18951994,0.1641866,0.77931166,0.5494907,0.44601992,0.42939493,0.38031158,0.31258455,0.7245263,0.8204783,0.42939496,0.25261575,0.26795036,0.49351993,0.65818655,0.27185327,0.86152613,0.27602535,0.19110326,0.38743657,0.72389495,0.23464492,0.6716449,0.8529366,0.15943658,0.92703664,0.8462906,0.84007204,0.6716449,0.15900116,0.59089494,0.33087003,0.2458866,0.5038116,0.8339366,0.24602516,0.57427,0.6608783,0.70647824,0.16970453,0.78374493,0.43368974,0.8355199,0.26947826,0.22672826,0.65323865,0.1998116,0.19347827,0.24651992,0.69618666
BC2026_Train_0013_S13_20220217_233000_35,0.1810119,0.14475,0.69284624,0.9248592,0.47170925,0.19046167,0.3372097,0.6437233,0.76282954,0.39837784,0.65448993,0.46257412,0.8699915,0.5800948,0.570674,0.67093855,0.26365924,0.34630924,0.6267335,0.37553364,0.6866231,0.3949136,0.7193453,0.12757175,0.23729675,0.5876093,0.350361,0.6146683,0.14842416,0.18048666,0.15204798,0.16752507,0.121093825,0.1486834,0.15810423,0.17223549,0.25904176,0.12378549,0.17425424,0.21059175,0.1204209,0.17425424,0.2617334,0.16752507,0.24356465,0.24356465,0.2415459,0.19242299,0.1284959,0.11436465,0.2617334,0.2617334,0.2617334,0.19444175,0.30210844,0.5827865,0.6239783,0.81006765,0.579752,0.59522915,0.48453426,0.4701417,0.7520108,0.47086614,0.73960924,0.8821092,0.17103425,0.40140593,0.33723664,0.081449166,0.25316164,0.7359702,0.48114023,0.2895569,0.10905688,0.57418084,0.90286106,0.39963815,0.5080569,0.28013605,0.3605298,0.46530688,0.5207235,0.55872357,0.24522355,0.43918192,0.9184569,0.7826663,0.17634857,0.26818186,0.73843193,0.92902565,0.14864022,0.15909022,0.77710485,0.2365152,0.20168188,0.15576524,0.8112652,0.38376522,0.4130569,0.23562065,0.47122464,0.31723353,0.8177768,0.18929231,0.2064319,0.3584319,0.59658504,0.4613486,0.8548069,0.30064023,0.9473132,0.78462565,0.17803085,0.4304736,0.95142984,0.15998083,0.90895694,0.38851523,0.29971,0.6988486,0.3608069,0.33468187,0.79395545,0.3705642,0.50251526,0.60913295,0.8755882,0.12700793,0.3172652,0.8690569,0.20564023,0.54451317,0.3850319,0.3014319,0.10905688,0.5713903,0.13834855,0.65847355,0.33784857,0.28639022,0.39722353,0.5895986,0.3441819,0.6545152,0.49222356,0.3079038,0.11602355,0.21593189,0.5646769,0.7740372,0.507661,0.76297355,0.34576523,0.7265569,0.37743193,0.18980688,0.60376155,0.7219257,0.37227815,0.44789022,0.21822774,0.5531819,0.6893486,0.12884855,0.080556884,0.5951402,0.34251943,0.7637652,0.25523815,0.53497356,0.4914319,0.26580688,0.5674517,0.65955025,0.57984126,0.95756525,0.20892563,0.30618188,0.4106819,0.89755696,0.81443185,0.41345274,0.26897353,0.13359855,0.6537236,0.4764892,0.38376522,0.36714023,0.3679319,0.41477877,0.7041864,0.68776524,0.27768186,0.21027145,0.34867066,0.50647354,0.6545152,0.1636819,0.87143195,0.40788734,0.18189022,0.5690152,0.67193186,0.20564023,0.7083486,0.68222356,0.18109855,0.9518257,0.82790214,0.88489026,0.5508069,0.13429126,0.4867452,0.29438016,0.24755898,0.49064022,0.8413485,0.21383396,0.5650569,0.6258173,0.64976525,0.24638733,0.84722275,0.3729392,0.7954319,0.36555687,0.28797355,0.5162506,0.18822357,0.18109855,0.1850569,0.7368486
BC2026_Train_0013_S13_20220217_233000_40,0.18377084,0.17025,0.7325234,0.95438004,0.44684255,0.20252916,0.2913592,0.42823046,0.7473276,0.37978047,0.46275106,0.4179348,0.8481305,0.5753776,0.57672346,0.62651926,0.18250503,0.32714254,0.5934672,0.3403831,0.69911504,0.38398814,0.8155208,0.14189252,0.196755,0.58150506,0.29921252,0.60889167,0.118454166,0.20324168,0.12317509,0.1601855,0.10635218,0.13125008,0.16624175,0.14538132,0.24631882,0.10769801,0.156148,0.18508342,0.11038968,0.156148,0.2617959,0.1601855,0.24026258,0.24026258,0.24901047,0.19046676,0.12048342,0.09222092,0.2617959,0.2617959,0.2617959,0.15143758,0.3028438,0.62544256,0.6271,0.8039634,0.6216639,0.6875559,0.41643777,0.32973602,0.82324445,0.46754062,0.6638384,0.73553175,0.242355,0.37735793,0.35785416,0.06572916,0.23886667,0.6769791,0.5140172,0.18310061,0.10789227,0.52444744,0.8966693,0.45464227,0.6509756,0.20206103,0.28849125,0.29710063,0.47839224,0.56626725,0.3422256,0.34301728,0.93411523,0.71892047,0.15460059,0.16568393,0.86076725,0.9360151,0.10551727,0.14882144,0.77469325,0.18864226,0.25989226,0.10551727,0.83305895,0.46097562,0.38339227,0.13835561,0.49012876,0.35242227,0.6819408,0.19883499,0.22268394,0.32718396,0.44405377,0.55439234,0.9334818,0.27651724,0.9502652,0.74957776,0.105081856,0.44751728,0.9333632,0.17433292,0.8783423,0.47839227,0.2659881,0.67314225,0.4071423,0.29947558,0.630207,0.2350933,0.45147562,0.55498606,0.9137298,0.119826645,0.26860058,0.7673506,0.19260061,0.5261298,0.27042142,0.20130894,0.13480893,0.5836839,0.16805893,0.61139226,0.33430895,0.29947558,0.41268393,0.62564224,0.29314226,0.35885063,0.37943393,0.2522725,0.09229643,0.15776727,0.2863973,0.57891417,0.5168673,0.71905893,0.29551727,0.7166839,0.37523815,0.1593506,0.62684566,0.5438829,0.3886331,0.4831423,0.16572353,0.44830897,0.6082256,0.11264227,0.050892267,0.5480589,0.4750277,0.5140173,0.24257457,0.5353923,0.586059,0.26860058,0.34541208,0.5448922,0.5641496,0.96083397,0.2664433,0.32480893,0.25039226,0.8881589,0.7863506,0.3069173,0.2519756,0.12768394,0.58130896,0.6724892,0.4063506,0.3113506,0.34776726,0.26329643,0.7830573,0.7934756,0.29551727,0.25096625,0.30120146,0.55280894,0.5591423,0.20526728,0.77605903,0.25544313,0.17755893,0.35568392,0.66760063,0.2812673,0.6873923,0.77685064,0.1569756,0.9362527,0.8535789,0.8741465,0.71589226,0.10911935,0.5226623,0.30663228,0.2648798,0.6185173,0.8512673,0.1909183,0.6185173,0.60086316,0.58922565,0.19218895,0.8316814,0.3463819,0.83246523,0.23851725,0.25593394,0.5167089,0.16172561,0.1664756,0.17518395,0.76022565
BC2026_Train_0013_S13_20220217_233000_45,0.17313178,0.25875002,0.8120131,0.94186664,0.46077082,0.18399301,0.47165185,0.65883046,0.7258798,0.38141373,0.6585343,0.75793755,0.8702541,0.58595216,0.5812417,0.62767303,0.25129578,0.3097208,0.74526024,0.41135895,0.6557623,0.5703019,0.6129501,0.2028458,0.27195826,0.63356,0.3989486,0.6518364,0.19468053,0.25524303,0.19861871,0.22889997,0.21207705,0.26254576,0.22217079,0.25648955,0.30763125,0.17506662,0.19458121,0.3237812,0.19188955,0.19458121,0.3708854,0.22889997,0.32445416,0.32445416,0.34935206,0.2578354,0.20332913,0.17641246,0.3708854,0.3708854,0.3708854,0.26456454,0.4004937,0.6332986,0.60880136,0.65369993,0.6272132,0.57006913,0.43703347,0.46168277,0.8100363,0.4733761,0.46718326,0.9212833,0.24132079,0.51707375,0.31224304,0.10276802,0.22531801,0.7193818,0.38258883,0.28996384,0.25829718,0.565642,0.9578931,0.5247326,0.4403805,0.4314149,0.3019576,0.68817216,0.48154718,0.6303805,0.20208885,0.7625889,0.68025553,0.68332326,0.14271384,0.19496386,0.6359222,0.9725072,0.19100551,0.24697636,0.60817426,0.26779717,0.5092555,0.12925552,0.5242972,0.23613052,0.40158883,0.17058843,0.6214941,0.5381989,0.7767455,0.23223157,0.22900552,0.56546384,0.5178253,0.61533886,0.7546722,0.31846383,0.94392014,0.69490135,0.1395076,0.49500552,0.935766,0.21897116,0.83732224,0.5551722,0.32986385,0.7420056,0.5274639,0.46254715,0.68237567,0.31515864,0.74438053,0.6352691,0.95207435,0.26674825,0.6097972,0.48471382,0.2487972,0.59574515,0.5082659,0.3548805,0.1490472,0.7778839,0.14667219,0.63750553,0.2741305,0.18783885,0.26542217,0.39367217,0.6303806,0.6960889,0.41346383,0.30989406,0.16353469,0.3905055,0.5104114,0.60067326,0.7074889,0.61850554,0.6739222,0.7855472,0.42648676,0.16092218,0.6034639,0.8140868,0.4446555,0.18546386,0.2759711,0.5654639,0.72696394,0.21475552,0.07700552,0.47521383,0.33690968,0.6145472,0.20598781,0.53300554,0.5029222,0.2860055,0.3267961,0.5686305,0.43022737,0.61850554,0.24687739,0.2907555,0.36913052,0.9652952,0.783766,0.32527217,0.30104718,0.13242218,0.6675889,0.7001462,0.5686305,0.2487972,0.4451305,0.45906386,0.47582144,0.62800556,0.43563053,0.26100865,0.18606552,0.6762972,0.66283894,0.30738053,0.81384933,0.23855302,0.16013053,0.45146385,0.68025553,0.24721387,0.5290472,0.8275055,0.13163052,0.822241,0.77819663,0.65808886,0.56546384,0.13008676,0.62094384,0.43948394,0.24008885,0.4665055,0.70400554,0.22255345,0.66125554,0.5616639,0.8544222,0.15578426,0.62768894,0.46636698,0.8245368,0.2670055,0.3097555,0.7269639,0.21158886,0.2535472,0.28996387,0.8789638
BC2026_Train_0013_S13_20220217_233000_50,0.20913841,0.25425,0.7525522,0.9283921,0.44484216,0.14601822,0.36851862,0.58230424,0.67180216,0.36972988,0.68256885,0.5937976,0.8398968,0.5700753,0.56334615,0.596319,0.25246713,0.31516713,0.649391,0.3293518,0.5598931,0.58479106,0.71105504,0.23821712,0.3094671,0.57768387,0.35379985,0.7560766,0.1403182,0.2450557,0.23190516,0.2016239,0.21171765,0.19556765,0.21911973,0.23998016,0.3153468,0.1693239,0.19354892,0.289776,0.20835306,0.19354892,0.37389058,0.2016239,0.32342184,0.32342184,0.3631239,0.26622388,0.18681975,0.16192183,0.37389058,0.37389058,0.37389058,0.28102806,0.394751,0.61855215,0.5944182,0.48260465,0.62006724,0.49707156,0.47466344,0.32881862,0.7114478,0.45991153,0.43629214,0.75473213,0.19261712,0.41333488,0.2001682,0.05980573,0.24505574,0.4695967,0.57594806,0.21890637,0.28857303,0.5889314,0.97158355,0.6827834,0.5894064,0.1511595,0.25724283,0.56882304,0.53873974,0.5450731,0.2062397,0.7889064,0.84277934,0.8115857,0.15794805,0.23394802,0.5316147,0.9337023,0.06453137,0.14654803,0.4432449,0.10965637,0.514198,0.1753647,0.71765643,0.2489897,0.49203137,0.19976386,0.74504805,0.57971644,0.82413405,0.3882043,0.23394802,0.5719897,0.6486627,0.49757302,0.9187794,0.38119805,0.95836264,0.7765168,0.1452022,0.5062814,0.9682189,0.22112307,0.93960017,0.6448231,0.35224283,0.7611981,0.54111475,0.4983647,0.67463887,0.41114286,0.45403138,0.5753544,0.9677043,0.26418975,0.3701147,0.6234481,0.20465636,0.6787745,0.6415757,0.23315638,0.10569804,0.8292814,0.14765638,0.5624897,0.2798647,0.2371147,0.40969807,0.44373968,0.43978137,0.5719897,0.48094803,0.5127335,0.1250147,0.25294805,0.54564303,0.60179603,0.71595436,0.642448,0.516573,0.89657307,0.48831055,0.17061472,0.4504293,0.47352618,0.452448,0.23078138,0.16394493,0.86015636,0.84669805,0.08353138,0.0637397,0.49282303,0.4891814,0.7588231,0.30610847,0.5561564,0.6764897,0.32736468,0.34743348,0.5838647,0.47237825,0.6772814,0.24083555,0.34478137,0.4255314,0.96240014,0.90361893,0.3646918,0.23473969,0.14211471,0.8292814,0.81111467,0.5054897,0.2703647,0.5862397,0.5265283,0.57531667,0.5838647,0.5901981,0.2919772,0.28253266,0.69707304,0.6210731,0.22207305,0.892971,0.28589723,0.22128138,0.7809897,0.67411476,0.22365639,0.47540635,0.7216147,0.19753137,0.9105856,0.8263483,0.66461474,0.6495731,0.15327719,0.6220547,0.5154271,0.36516678,0.43107304,0.7857398,0.16236159,0.7516981,0.7859377,0.77623975,0.21927845,0.5083002,0.5417085,0.89075434,0.22523972,0.2869897,0.67406404,0.18961471,0.22048971,0.24423972,0.858573
BC2026_Train_0013_S13_20220217_233000_55,0.18775216,0.28125,0.79961205,0.91891396,0.47993478,0.29233575,0.3336845,0.6492287,0.7262642,0.3839514,0.5634183,0.67714125,0.84614426,0.5889179,0.6279739,0.69860333,0.19707228,0.35239723,0.66243476,0.36682245,0.67925775,0.6186952,0.80322546,0.18994728,0.30537224,0.6351173,0.42620656,0.69265306,0.36099225,0.42297977,0.2692843,0.33119264,0.25784475,0.22890931,0.22554472,0.35676348,0.37022182,0.17709473,0.2551531,0.30091143,0.18988016,0.2551531,0.41934475,0.33119264,0.33590308,0.33590308,0.37762392,0.30898643,0.2282364,0.18920726,0.41934475,0.41934475,0.41934475,0.34465098,0.393101,0.6289699,0.6007881,0.6845807,0.6163501,0.45965463,0.39424714,0.41469824,0.7982284,0.48020792,0.48990977,0.9197056,0.22200976,0.41241577,0.35814226,0.16077977,0.26409227,0.65008545,0.4122918,0.2246668,0.24287513,0.56344086,0.95917517,0.5427189,0.5001668,0.25403765,0.34697932,0.44000018,0.53183347,0.49145848,0.33787513,0.6965002,0.89896894,0.88339585,0.19775014,0.23258348,0.70600015,0.9553752,0.18508346,0.21536471,0.76931375,0.24208347,0.25633347,0.16450013,0.95410854,0.41941682,0.5405418,0.22080345,0.6166012,0.50282675,0.6487999,0.30056784,0.32441682,0.51125014,0.43313247,0.7622085,0.76141685,0.42812514,0.9214523,0.6317814,0.18193659,0.5817085,0.9197106,0.20107514,0.8588314,0.5627085,0.31841993,0.7424168,0.47800016,0.48195848,0.6931855,0.27760953,0.58250016,0.6869408,0.95707726,0.26567513,0.48275015,0.6988752,0.24525014,0.7253169,0.47768345,0.48275015,0.15104179,0.58915013,0.19537513,0.7321252,0.26979178,0.45900014,0.4051668,0.44791684,0.59041685,0.5619168,0.46929184,0.26557618,0.12788555,0.41704184,0.3183764,0.6902262,0.59283143,0.6988752,0.61258346,0.85325015,0.4538939,0.20250012,0.6489606,0.7780616,0.40267307,0.7091668,0.21904598,0.4906668,0.80575013,0.21754181,0.13600014,0.44237512,0.39693347,0.54845846,0.26355743,0.5999168,0.5730002,0.2294168,0.3140658,0.5167918,0.50976574,0.8413752,0.19189182,0.3719168,0.36400014,0.9257668,0.8176251,0.36000222,0.30779183,0.17320846,0.7938752,0.70510656,0.4795835,0.23020846,0.41625017,0.25045532,0.8165029,0.8263335,0.40516677,0.2241918,0.29818892,0.58566684,0.51125014,0.24762513,0.86472934,0.28271183,0.22625013,0.6822502,0.8073335,0.1914168,0.7820002,0.79507846,0.21120846,0.9712085,0.884905,0.7962501,0.51916677,0.227022,0.6047618,0.40602383,0.251346,0.41704184,0.80179185,0.36043763,0.6474168,0.62774384,0.7044168,0.25579515,0.78690845,0.47093454,0.8481835,0.32758346,0.27058345,0.7091668,0.24525012,0.23970847,0.3386668,0.80416685
BC2026_Train_0013_S13_20220217_233000_60,0.16055536,0.28875,0.9014155,0.8992952,0.48153272,0.21579197,0.43871808,0.7228908,0.76326585,0.40177494,0.6757866,0.8076783,0.8098316,0.6203315,0.6253111,0.58932346,0.28702024,0.35328272,0.6957686,0.4425501,0.65472066,0.61165404,0.6982554,0.22574522,0.29770774,0.5865869,0.36726108,0.70548534,0.291317,0.38679197,0.3406073,0.3406073,0.36886978,0.3291677,0.24370725,0.37761772,0.41193646,0.21342602,0.34397188,0.34599063,0.29888645,0.34397188,0.44490936,0.3406073,0.41193646,0.41193646,0.40116978,0.35473856,0.24236144,0.21006143,0.44490936,0.44490936,0.44490936,0.48999476,0.41126353,0.57519233,0.604342,0.61983687,0.5669971,0.41034213,0.36370897,0.39771423,0.8044259,0.45598963,0.41455773,0.86208683,0.25282022,0.3860287,0.21222949,0.14097948,0.2777795,0.6830554,0.4201957,0.21990404,0.21119569,0.6484727,0.9280895,0.6618124,0.30698738,0.41797903,0.38519612,0.47877905,0.5856541,0.35527906,0.21911237,0.9078624,0.8949979,0.9316164,0.21198736,0.28086233,0.5935707,0.95924157,0.25077903,0.25837904,0.6421791,0.21911237,0.61811244,0.21990404,0.9280895,0.3798207,0.59911233,0.25817323,0.606752,0.60202575,0.48770505,0.41156656,0.35052902,0.28323737,0.5175311,0.8120708,0.93624365,0.2848207,0.8776603,0.6095228,0.20783111,0.5634874,0.90738744,0.23460925,0.8533166,0.7487374,0.37740615,0.8092524,0.47957072,0.3331124,0.633728,0.44835922,0.62998736,0.6560926,0.97269994,0.32949048,0.73844576,0.7804041,0.24365403,0.76156247,0.5758374,0.6149457,0.15340403,0.7741974,0.2064457,0.7455708,0.30698738,0.37665403,0.4914457,0.24523735,0.5777374,0.50490403,0.47798738,0.4273603,0.18301235,0.583279,0.47619823,0.7525968,0.5800332,0.8579874,0.6347374,0.84927905,0.45455405,0.21040404,0.6696024,0.6367957,0.54107535,0.6181124,0.24032903,0.9322062,0.7495291,0.35765404,0.11461237,0.6260291,0.3484311,0.6238757,0.32274157,0.7028208,0.5215291,0.27611235,0.419503,0.4769107,0.59707385,0.7598207,0.21735092,0.60544574,0.42573738,0.953502,0.8533166,0.42660823,0.31173736,0.2064457,0.78911245,0.8275835,0.37665403,0.27690402,0.42177904,0.44873533,0.8227128,0.78198737,0.3774457,0.32299882,0.3503628,0.5991124,0.5983207,0.21832071,0.88902074,0.43313155,0.21752903,0.70361245,0.9213208,0.31727904,0.6125707,0.83502907,0.23415403,0.972027,0.91682017,0.72815406,0.597529,0.26839367,0.4681707,0.43847728,0.34688738,0.59198743,0.87112904,0.35639527,0.816029,0.5092582,0.6675758,0.29652947,0.83904284,0.47642386,0.7020291,0.3022374,0.35052902,0.82885414,0.295904,0.35527906,0.3251957,0.8556124
BC2026_Train_0014_S13_20220228_214500_5,0.29978073,0.066,0.6191103,0.67016757,0.6443909,0.35124055,0.62651235,0.47140506,0.9017353,0.30122444,0.34906882,0.77522695,0.90092784,0.44392818,0.6048226,0.9278226,0.9106758,0.31565917,0.84053916,0.64603263,0.8890228,0.86375475,0.85129535,0.22374664,0.7295425,0.4994842,0.8855634,0.06806456,0.29250205,0.41220206,0.15113741,0.16257699,0.123547815,0.13364157,0.477502,0.1269124,0.12018324,0.081826985,0.17536241,0.09595823,0.15248324,0.17536241,0.25409365,0.16257699,0.08115407,0.08115407,0.06029365,0.09797698,0.06904157,0.06769574,0.25409365,0.25409365,0.25409365,0.33080614,0.19824158,0.50873005,0.44497707,0.59258413,0.49301627,0.7657494,0.7522911,0.8580696,0.9508332,0.9286269,0.8118758,0.19595915,0.11544666,0.44536322,0.22053955,0.45281452,0.32598957,0.76765573,0.17021388,0.96532434,0.12588054,0.48003265,0.41800556,0.25211182,0.33488053,0.59329337,0.5205264,0.4623389,0.24542221,0.31746387,0.9189326,0.18050553,0.6800472,0.9539243,0.52646387,0.83996385,0.8641097,0.22088055,0.66025555,0.24934097,0.50012124,0.5264639,0.4567972,0.031672217,0.73942226,0.1456722,0.19158888,0.42807552,0.6536452,0.14013055,0.08061701,0.47170034,0.15042222,0.24938054,0.6326264,0.22800554,0.56208885,0.19633888,0.8019639,0.8319186,0.93104416,0.1836722,0.22246388,0.28779617,0.68638057,0.14013055,0.20558159,0.30400553,0.29371387,0.30954722,0.3033524,0.2691675,0.42038053,0.8379442,0.51696384,0.26558992,0.31350553,0.89830965,0.28025556,0.32874516,0.2352097,0.40138057,0.2390889,0.5525889,0.7927489,0.09183889,0.9232076,0.3554639,0.92649305,0.52804714,0.04592222,0.40233052,0.31113055,0.16696805,0.23992011,0.4195889,0.43749636,0.3219566,0.3636972,0.14250554,0.72992224,0.17575555,0.44322014,0.34121385,0.69061595,0.56943166,0.43154305,0.81972885,0.89311147,0.15833889,0.26521388,0.21138054,0.15517223,0.15596387,0.8266699,0.16467221,0.18301909,0.20821388,0.16150555,0.31033888,0.2741795,0.13696389,0.61903024,0.9252422,0.4725514,0.17100555,0.18050553,0.14567222,0.49400556,0.16989721,0.3190472,0.83082014,0.2857972,0.7560868,0.3435889,0.4947972,0.87242216,0.21163784,0.18307847,0.5438805,0.20188056,0.21145973,0.5512193,0.33646387,0.37763053,0.2026722,0.4496722,0.31973597,0.67371386,0.7797972,0.26838055,0.15358888,0.10767222,0.6277972,0.7972139,0.7623805,0.1198243,0.46867222,0.55575556,0.9637816,0.24133724,0.08819722,0.6726847,0.52092224,0.90353477,0.15715139,0.29371387,0.27713242,0.8618535,0.35270888,0.7525244,0.36330235,0.20663053,0.1717972,0.32063055,0.16993679,0.88706803,0.7885056,0.8581722,0.2359222
BC2026_Train_0014_S13_20220228_214500_10,0.21817455,0.0765,0.58724666,0.59809047,0.6490422,0.42491317,0.50138247,0.48442492,0.907555,0.2585268,0.31908932,0.6922217,0.90005195,0.45396638,0.57569706,0.93166995,0.96756136,0.33913627,0.8540976,0.77979416,0.93679905,0.8973325,0.8897454,0.2429488,0.68200713,0.57909054,0.8636045,0.12663215,0.41733217,0.5715488,0.18019038,0.20105082,0.13577789,0.17144248,0.47223622,0.16404039,0.09876748,0.0960758,0.2246029,0.14116122,0.17144248,0.2246029,0.25488415,0.20105082,0.10347789,0.10347789,0.07656123,0.102804966,0.088000804,0.08059872,0.25488415,0.25488415,0.25488415,0.35380292,0.20845287,0.51816267,0.4558072,0.58542377,0.5171881,0.7734348,0.780534,0.8927884,0.9463446,0.95441973,0.82925713,0.20376131,0.10757379,0.32393432,0.17793217,0.63092387,0.3560571,0.74067456,0.13055387,0.9376581,0.1226372,0.3760101,0.39813718,0.16542679,0.3696372,0.5997975,0.5099799,0.40605384,0.17884552,0.31580386,0.87638307,0.26672053,0.31897053,0.9385226,0.5430122,0.7517906,0.9095935,0.31976217,0.5691373,0.2174195,0.5393706,0.39892885,0.45038718,0.030012202,0.47255388,0.13767886,0.2580122,0.28084388,0.52001435,0.11867887,0.08782366,0.2385966,0.14797054,0.39417887,0.40971532,0.32847053,0.48997054,0.18597054,0.5374705,0.7826319,0.89073604,0.1297622,0.25247052,0.2722028,0.85097057,0.100470535,0.13957888,0.11234553,0.26830384,0.21288721,0.3482424,0.28470087,0.5002622,0.8366018,0.40209553,0.21769659,0.4503872,0.94909763,0.21605389,0.20607887,0.20069556,0.52166885,0.35934553,0.36013716,0.83830386,0.12580387,0.8400456,0.20576221,0.8776893,0.54142886,0.0323872,0.30155388,0.22159554,0.13718408,0.17906325,0.49313718,0.33131263,0.34695596,0.23331219,0.14480388,0.64988726,0.14559555,0.2952997,0.3292622,0.6845226,0.5878205,0.3399893,0.8612622,0.85755825,0.13530387,0.1986372,0.15034553,0.15351221,0.1867622,0.8247229,0.18676221,0.1262195,0.22397055,0.15192887,0.2595955,0.22448511,0.16617887,0.5782002,0.8916939,0.36213616,0.25009555,0.13134554,0.19151221,0.5240122,0.14179553,0.2413872,0.8227872,0.27384552,0.6958419,0.4788872,0.52797055,0.8375122,0.18802889,0.19467887,0.34826222,0.1701372,0.20534658,0.5426085,0.39655387,0.39892885,0.22238721,0.29917887,0.26334804,0.5477622,0.58972055,0.1938872,0.15034553,0.11788721,0.69263726,0.7915955,0.5913038,0.095760114,0.2437622,0.43059552,0.9448385,0.2295122,0.07826429,0.49381015,0.52797055,0.87056434,0.25225282,0.2904705,0.18440899,0.92720807,0.20682305,0.7430665,0.32383928,0.22872053,0.28572056,0.33480388,0.14955388,0.7449268,0.71242887,0.8185122,0.21922055
BC2026_Train_0014_S13_20220228_214500_15,0.2801503,0.052500002,0.60236526,0.5659374,0.64504075,0.25983748,0.693209,0.4877002,0.88768196,0.28663275,0.32781526,0.50102407,0.8974056,0.44236255,0.47870007,0.9079536,0.9735666,0.34221235,0.8537907,0.7287022,0.914656,0.8992463,0.89527535,0.19258735,0.63797903,0.57464576,0.8400227,0.0760125,0.13800001,0.2213625,0.12553148,0.14168146,0.108708546,0.12082105,0.44583982,0.10130646,0.07169814,0.05622105,0.14571896,0.0622773,0.13024189,0.14571896,0.19282314,0.14168146,0.054875217,0.054875217,0.041416883,0.066987716,0.054202303,0.056893967,0.19282314,0.19282314,0.19282314,0.25675023,0.17330855,0.5029251,0.43439996,0.6015624,0.48406917,0.7870835,0.81208235,0.9053645,0.9542499,0.9677082,0.84796864,0.13772486,0.11777486,0.29390025,0.12374999,0.34034997,0.30828747,0.760692,0.1178443,0.7131777,0.09567764,0.51448905,0.292011,0.17282556,0.8374693,0.6620162,0.59215164,0.3078443,0.11942762,0.35217765,0.8288797,0.15742764,0.39334428,0.8992401,0.2840943,0.9269276,0.9097881,0.3125943,0.645886,0.28114533,0.41505578,0.3925526,0.53267765,0.037885964,0.5785943,0.09567763,0.109927624,0.3034268,0.23657452,0.11151096,0.06947346,0.16817452,0.13051097,0.38226098,0.465386,0.3149693,0.47092766,0.109927624,0.68040264,0.6132773,0.9515358,0.1510943,0.20651098,0.32720056,0.857736,0.103594296,0.1387245,0.060844302,0.22709431,0.51763594,0.18521515,0.19360681,0.465386,0.6917235,0.46221933,0.22357139,0.11467764,0.9515485,0.20809428,0.2330318,0.20947973,0.64974934,0.5002193,0.24055265,0.51921934,0.0774693,0.8077819,0.06638597,0.93124217,0.4622193,0.029969297,0.550886,0.21363598,0.14238596,0.10416826,0.26905262,0.23546223,0.30091724,0.30584535,0.10913597,0.41155267,0.14555264,0.37470055,0.20651098,0.6399406,0.7239246,0.24763015,0.816886,0.8537975,0.16059431,0.15980265,0.1225943,0.0798443,0.17246932,0.83883893,0.15901096,0.10155576,0.20967764,0.13288596,0.5880943,0.26727137,0.099635966,0.6484985,0.9130734,0.34184635,0.18513598,0.15505263,0.15980265,0.44401094,0.16655159,0.2080943,0.78197354,0.29438597,0.58858806,0.49467763,0.43688595,0.896211,0.16900577,0.34865472,0.35613596,0.17405264,0.19784223,0.4568518,0.43767765,0.30071932,0.2460943,0.1724693,0.20787264,0.3909693,0.6878443,0.19067764,0.22392763,0.0964693,0.42105263,0.8065943,0.5184276,0.108423464,0.25401098,0.49863595,0.93183273,0.2009693,0.07141305,0.60954845,0.5500943,0.8840985,0.19849534,0.22788596,0.12945014,0.8830693,0.18835805,0.7562207,0.16146515,0.18513596,0.16059431,0.2674693,0.1556464,0.819261,0.7282193,0.74880266,0.2080943
BC2026_Train_0014_S13_20220228_214500_20,0.36032462,0.09525,0.57833195,0.61987984,0.6471132,0.25261876,0.5864068,0.49011245,0.9067152,0.279355,0.31569245,0.4664931,0.91546315,0.48875058,0.5287218,0.9044112,0.9758132,0.38586316,0.88233846,0.782989,0.91076916,0.89451826,0.8948184,0.41721314,0.66500485,0.58346325,0.81060666,0.115106255,0.14004375,0.33028126,0.23965721,0.19188014,0.19457181,0.20937596,0.49401975,0.17371139,0.13602805,0.11180305,0.2632093,0.16832805,0.23225515,0.2632093,0.3069489,0.19188014,0.11920513,0.11920513,0.107092634,0.13199054,0.13064472,0.1178593,0.3069489,0.3069489,0.3069489,0.4051947,0.26657388,0.5874675,0.43858126,0.60879654,0.49010193,0.87083817,0.7670745,0.93555695,0.96876746,0.9660757,0.87210494,0.20773819,0.13007568,0.28359434,0.16498125,0.35664377,0.31674376,0.8511579,0.16207816,0.87928855,0.091619834,0.307824,0.39799482,0.14268234,0.6394532,0.34621784,0.5559917,0.42016152,0.16445316,0.16761982,0.949549,0.1209115,0.6007248,0.93028224,0.18820316,0.7440165,0.9476094,0.27845317,0.5666198,0.20823234,0.56113756,0.1589115,0.4716198,0.044119835,0.69195646,0.14386983,0.27924484,0.54838777,0.19208233,0.12961984,0.118061505,0.42972088,0.13832816,0.3109115,0.5132655,0.3124948,0.47399485,0.110619836,0.8183698,0.55042434,0.9222405,0.22145316,0.16049483,0.36086565,0.8062573,0.13674483,0.23908755,0.089244835,0.20561983,0.16603649,0.22034483,0.21161671,0.41224483,0.60873646,0.48507816,0.27204064,0.15178649,0.942899,0.13911983,0.23799899,0.21108231,0.66906154,0.23332815,0.6655782,0.59986985,0.16207816,0.8748553,0.20482816,0.92385936,0.54049486,0.049661502,0.48089814,0.18661983,0.14544922,0.130174,0.34099483,0.37073776,0.27710733,0.41311568,0.14624482,0.38928652,0.15099484,0.23150733,0.2135365,0.65088683,0.7233105,0.4187306,0.87378645,0.68355095,0.15178649,0.21511984,0.07736983,0.10586984,0.3061615,0.8228547,0.08053649,0.18814379,0.23807815,0.1351615,0.4454948,0.25288236,0.12011983,0.6564146,0.90802604,0.31196046,0.32436982,0.12407816,0.18661983,0.65370315,0.18970735,0.20007816,0.78088444,0.45420316,0.7634258,0.51991147,0.7091199,0.8102157,0.16977713,0.38174188,0.45420316,0.1446615,0.17132089,0.5268544,0.34099483,0.25074485,0.1351615,0.24995317,0.31757733,0.5674115,0.4296615,0.18266149,0.14307816,0.12249483,0.32516152,0.90078235,0.56820315,0.18202025,0.66082823,0.64499485,0.9204909,0.22699483,0.092522345,0.37012818,0.52545315,0.89112395,0.22020628,0.2562865,0.1372535,0.9621761,0.3720836,0.87554014,0.16191983,0.18899482,0.1802865,0.34099483,0.19627815,0.66636986,0.7035782,0.60224485,0.18107817
BC2026_Train_0014_S13_20220228_214500_25,0.3656055,0.09150001,0.6435308,0.7042814,0.6440831,0.42041105,0.51460004,0.51883936,0.92481005,0.30202565,0.34139127,0.74783295,0.9208735,0.48938742,0.59772706,0.9261103,0.94395846,0.36853552,0.8455182,0.64142257,0.9286907,0.878592,0.8856514,0.34858552,0.7129897,0.58236474,0.8699218,0.100042574,0.32376757,0.4776675,0.22571325,0.21225493,0.16044034,0.19274034,0.51977783,0.17389867,0.11199035,0.111317426,0.23984452,0.1752445,0.19206743,0.23984452,0.31050074,0.21225493,0.12679452,0.12679452,0.103915356,0.124102846,0.11266327,0.10458826,0.31050074,0.31050074,0.31050074,0.37913826,0.251957,0.5856145,0.4684051,0.57286465,0.48905373,0.7549365,0.7821426,0.93453765,0.9601678,0.96218663,0.8222397,0.22318551,0.13626051,0.44434753,0.1940926,0.6371092,0.38931754,0.8651471,0.22210169,0.96563506,0.12076835,0.42912257,0.28306,0.19340377,0.45881003,0.5185472,0.6796454,0.4833517,0.26247668,0.22289334,0.9596579,0.17460167,0.54906,0.9431739,0.44060168,0.56885165,0.9548684,0.30681002,0.55460167,0.2759944,0.5168788,0.34401837,0.74856,0.042393345,0.70501834,0.18568502,0.17776833,0.41236293,0.63099754,0.12631002,0.07269439,0.39858398,0.16510168,0.31868502,0.68337095,0.24506001,0.54906,0.16114335,0.68092,0.5783874,0.8864135,0.20864335,0.20547667,0.2866423,0.7137267,0.21022667,0.16130169,0.20864335,0.3004767,0.21339336,0.35330066,0.27797356,0.3836017,0.83732563,0.51264334,0.21060273,0.29335168,0.9460017,0.19914335,0.20428918,0.19352251,0.49275666,0.22051835,0.59022665,0.66860163,0.12156001,0.93804544,0.16114333,0.9412121,0.59656,0.059810013,0.34243503,0.19835167,0.16420233,0.19591731,0.51976836,0.2771067,0.68853194,0.450283,0.17222667,0.7192683,0.13897668,0.38787672,0.261685,0.7179225,0.5559079,0.46221417,0.8451434,0.8187353,0.13739334,0.19756001,0.21101834,0.115226686,0.24664335,0.83537424,0.13976835,0.18257773,0.24822669,0.12710167,0.3907267,0.3850465,0.13897668,0.5074381,0.86125374,0.44068086,0.2886017,0.18568502,0.17776833,0.44851834,0.23987539,0.28543502,0.79740584,0.35272667,0.7869495,0.598935,0.58230996,0.89185166,0.2259017,0.3403767,0.589435,0.16035168,0.19035584,0.5947234,0.37806,0.28701836,0.17460167,0.3622267,0.26432127,0.4287267,0.82614326,0.17381002,0.11126834,0.35668504,0.6852267,0.8562266,0.6551433,0.12773502,0.59260166,0.4026017,0.84954447,0.25513002,0.08736001,0.5742746,0.33451837,0.9044392,0.23955792,0.27039337,0.20088106,0.8920892,0.25153586,0.88346004,0.33600274,0.21972667,0.14372668,0.31631002,0.18141001,0.788935,0.93947047,0.8475183,0.17381002
BC2026_Train_0014_S13_20220228_214500_30,0.37857476,0.115499996,0.59133035,0.73575544,0.6415471,0.2565703,0.58056366,0.6478554,0.9096199,0.25897676,0.35405985,0.4370305,0.9082068,0.46461347,0.5130635,0.90759456,0.9262304,0.32488033,0.8764984,0.8021411,0.9500818,0.9002524,0.8746727,0.44030535,0.6542137,0.5790054,0.8151358,0.08129531,0.34705782,0.33850777,0.2709588,0.23664005,0.22923796,0.25077128,0.47754422,0.2036671,0.15589003,0.12628171,0.28710878,0.17338587,0.27634212,0.28710878,0.3153713,0.23664005,0.13502963,0.13502963,0.13031921,0.1538713,0.1377213,0.12426295,0.3153713,0.3153713,0.3153713,0.43245882,0.27432337,0.49307787,0.42828277,0.6233387,0.48972714,0.7257864,0.7789131,0.9488325,0.9750762,0.95085126,0.8280241,0.24864285,0.15174285,0.49577615,0.13758281,0.32782027,0.2601328,0.8192165,0.15088508,0.6290518,0.09942675,0.38363507,0.32821837,0.13532883,0.3915517,0.3823704,0.7641259,0.40501007,0.18730174,0.2997184,0.89509135,0.13980174,0.58712506,0.9298517,0.2617184,0.5918434,0.952131,0.29259342,0.67813516,0.24756739,0.5196236,0.17305176,0.6528017,0.06538508,0.7604684,0.14455174,0.23796842,0.28930008,0.2221351,0.15405175,0.17010279,0.37134448,0.18651009,0.28626007,0.4985059,0.27913508,0.41292673,0.11446841,0.83646846,0.85260266,0.89147305,0.21976009,0.09863508,0.33168194,0.61796844,0.15167674,0.15759446,0.18096842,0.16117676,0.21738508,0.3968757,0.23836426,0.46517673,0.7612008,0.40105173,0.28121322,0.14534342,0.9117164,0.23876008,0.23131843,0.162008,0.6721818,0.19442675,0.32109338,0.42401007,0.24192674,0.9399393,0.123176746,0.906531,0.5490934,0.025801744,0.63538504,0.21976009,0.14051424,0.14999446,0.47309342,0.1890355,0.49991113,0.5472132,0.1287184,0.78105175,0.14534341,0.24030384,0.18492675,0.6328459,0.59835494,0.37982917,0.90629345,0.66412073,0.10892675,0.19917676,0.10180175,0.081218414,0.27438504,0.8444267,0.09546842,0.12438404,0.24509342,0.1334684,0.28151006,0.3821507,0.123176746,0.6824893,0.9175984,0.40993822,0.21184343,0.18888508,0.14455174,0.5103017,0.22084863,0.16830175,0.8446227,0.23242675,0.8025157,0.5633434,0.60767674,0.90253305,0.20671737,0.23321842,0.42955172,0.11367675,0.16970696,0.5880751,0.4042184,0.3298017,0.18967675,0.31555173,0.2166251,0.6330101,0.5673018,0.29813507,0.12001008,0.11526008,0.39630175,0.70346844,0.7723434,0.11276633,0.59105176,0.5443434,0.8361997,0.24588509,0.08450383,0.35806426,0.3400934,0.84078306,0.21879424,0.23717675,0.14923644,0.91911846,0.24959801,0.80231994,0.19527778,0.14771841,0.09942675,0.37096843,0.18757884,0.6005517,0.81228304,0.5498851,0.24192676
BC2026_Train_0014_S13_20220228_214500_35,0.40452954,0.17175001,0.5958487,0.80980325,0.59383655,0.4154854,0.5716237,0.62613,0.8939508,0.3130891,0.35548288,0.4887204,0.8993341,0.4650692,0.50806856,0.90273416,0.90278435,0.3367824,0.86054075,0.7283126,0.91043746,0.91397023,0.8354733,0.4842699,0.66350317,0.5780033,0.8165672,0.07847291,0.32571042,0.68544376,0.3035398,0.32238147,0.30421272,0.32372734,0.49330232,0.3270919,0.27729607,0.20260233,0.40515023,0.2772961,0.3351669,0.40515023,0.33382106,0.32238147,0.2100044,0.2100044,0.22548151,0.23692109,0.2382669,0.18174191,0.33382106,0.33382106,0.33382106,0.48455444,0.32776484,0.5020124,0.42546043,0.61837816,0.49294856,0.71305966,0.82008696,0.9243574,0.97751784,0.9384886,0.8242116,0.27123237,0.16293238,0.3173285,0.1839229,0.2822479,0.2409229,0.75723284,0.17790247,0.78800046,0.15415248,0.3088046,0.2768608,0.14623581,0.35286084,0.21034104,0.7810345,0.61331916,0.16286081,0.2032358,0.9172004,0.19611083,0.41356584,0.89229757,0.2950692,0.6853608,0.93984205,0.13198581,0.5460275,0.2871921,0.54206914,0.27923584,0.7162358,0.09319414,0.6228191,0.1581108,0.26261082,0.36207584,0.18633373,0.21669415,0.094124354,0.26217538,0.23173581,0.3631525,0.54248476,0.22698581,0.3061525,0.09240248,0.6402358,0.8692749,0.94780076,0.15652749,0.15177749,0.38917854,0.75027746,0.16919415,0.14443476,0.18819416,0.15177748,0.17077748,0.24822226,0.30496502,0.5563192,0.6220077,0.4130275,0.27141812,0.25231916,0.9120546,0.25706914,0.14599831,0.12782955,0.6674375,0.26577747,0.24440247,0.6877358,0.23094416,0.9635921,0.17948581,0.96351296,0.5365275,0.058360815,0.3473192,0.27052748,0.11652852,0.18894623,0.4130275,0.44753623,0.5653838,0.7527412,0.10665247,0.52544415,0.18423581,0.19939622,0.20798582,0.60940045,0.6228192,0.52528584,0.92365247,0.6497557,0.07023581,0.26656917,0.13831915,0.07181914,0.2127358,0.7920241,0.10981915,0.13162956,0.21352747,0.085277475,0.4059025,0.35408792,0.08765248,0.69525665,0.8707692,0.34274733,0.2887358,0.14148581,0.11931915,0.5911525,0.21505383,0.15336081,0.81000876,0.30536082,0.64146787,0.72595745,0.48823586,0.944315,0.18682852,0.26439208,0.24440248,0.16048582,0.18326601,0.6628696,0.22302748,0.31723583,0.18581915,0.28081912,0.30218625,0.46369416,0.69169414,0.13515249,0.15652749,0.24361081,0.29823583,0.7138608,0.64973587,0.096835814,0.70911086,0.29427752,0.8826893,0.32629248,0.09885456,0.3891588,0.61886084,0.87381715,0.3497488,0.25073582,0.1573627,0.877815,0.22951123,0.84222955,0.22700563,0.16523582,0.103485815,0.3892775,0.20050457,0.62123585,0.90093166,0.63469416,0.19373581
BC2026_Train_0014_S13_20220228_214500_40,0.39119017,0.11399999,0.46974987,0.6491356,0.59530234,0.4790317,0.6664435,0.48367926,0.9093664,0.25354183,0.32924494,0.4600599,0.89176965,0.46590957,0.58481395,0.9286744,0.9514732,0.6736773,0.9016155,0.8573712,0.9509403,0.9175636,0.8858631,0.31821898,0.73463565,0.57076067,0.863637,0.088980705,0.5801307,0.7360891,0.25669235,0.26476735,0.24727154,0.27687985,0.5043257,0.2533278,0.20622362,0.15037154,0.29302987,0.19814862,0.3051424,0.29302987,0.3192736,0.26476735,0.15440902,0.15440902,0.15306321,0.19343822,0.15239029,0.13489445,0.3192736,0.3192736,0.3192736,0.44376323,0.25198194,0.50164145,0.45164323,0.62301064,0.48716664,0.811647,0.8303204,0.9257044,0.94719815,0.9606565,0.8019273,0.2391315,0.21846898,0.47883424,0.26853073,0.5959641,0.3205432,0.7767002,0.16291869,0.94512504,0.12571035,0.29821452,0.30383536,0.16747078,0.39725202,0.57972133,0.7298193,0.38933536,0.25237703,0.25000203,0.88123745,0.109085366,0.29987705,0.8987758,0.45346037,0.73529375,0.9027708,0.23021035,0.58250207,0.26041242,0.44481143,0.37033537,0.43287703,0.07900202,0.51204365,0.114627026,0.28325206,0.34956998,0.30628955,0.17321035,0.18257181,0.3210541,0.174002,0.2389187,0.43764684,0.2848354,0.35846037,0.14550202,0.627627,0.7801436,0.8986098,0.19221036,0.12333536,0.3506031,0.7257937,0.13046035,0.213427,0.18508536,0.2531687,0.17954369,0.32455721,0.19791034,0.55796033,0.8265926,0.3315437,0.29744267,0.26187703,0.89358747,0.3252104,0.15757494,0.15421034,0.6123637,0.37112704,0.55400205,0.89204365,0.17875202,0.80844384,0.20012702,0.89271665,0.52708536,0.056043692,0.4765454,0.13046037,0.1058989,0.20792495,0.62921035,0.26007202,0.32521036,0.40641558,0.10433536,0.71708536,0.13521037,0.39558953,0.18033536,0.67397916,0.6608177,0.51382494,0.70270866,0.8263453,0.05446036,0.17004368,0.11700203,0.10275202,0.18508536,0.7932992,0.24208534,0.2201166,0.15975203,0.089293696,0.26583534,0.24446036,0.10512703,0.3163437,0.9325454,0.56494683,0.4906687,0.09641869,0.1391687,0.4479187,0.15138015,0.30621037,0.8332228,0.26504368,0.59868866,0.4360437,0.5999187,0.9091041,0.1757437,0.22977495,0.447127,0.13046035,0.19551556,0.6173908,0.35687706,0.40358537,0.23258534,0.41229373,0.20825744,0.4502937,0.5437104,0.2626687,0.113043696,0.109877035,0.67671037,0.73766875,0.64266866,0.10057494,0.23891868,0.48512703,0.816191,0.2925937,0.095864534,0.54161245,0.637127,0.8361125,0.1994264,0.18350202,0.1768738,0.9108458,0.21767828,0.6934938,0.33603644,0.16925202,0.17241868,0.37033537,0.15084577,0.81683534,0.7194604,0.82396036,0.12571035
BC2026_Train_0014_S13_20220228_214500_45,0.35957268,0.107250005,0.59359795,0.65589285,0.59414285,0.42277396,0.6333,0.63935626,0.8896812,0.29589954,0.3461664,0.6467584,0.8689554,0.534718,0.6035574,0.9258844,0.93091786,0.3642428,0.87621224,0.7108228,0.94471526,0.87257856,0.8817165,0.3663803,0.70418453,0.6377478,0.8881339,0.17872845,0.47860542,0.6838118,0.23263976,0.33602667,0.17275016,0.190246,0.5105544,0.23735018,0.18149807,0.12699182,0.2669585,0.13102934,0.2232189,0.2669585,0.32617515,0.33602667,0.13708559,0.13708559,0.13237517,0.16871268,0.14045016,0.11891683,0.32617515,0.32617515,0.32617515,0.41163555,0.23936893,0.5341124,0.45232847,0.6843928,0.53420377,0.8224813,0.8338873,0.9003595,0.9593387,0.96203035,0.8428845,0.2374178,0.2737553,0.4412495,0.22361594,0.7376451,0.33904094,0.82348937,0.15247913,0.9496083,0.14772911,0.5245625,0.3432708,0.17690204,0.45964584,0.5844332,0.50049585,0.5198124,0.23718747,0.30922914,0.9105791,0.10735412,0.54118747,0.72253853,0.51902074,0.5633541,0.93753535,0.19522913,0.49922913,0.2454406,0.46607807,0.45489576,0.49210414,0.041645795,0.6773541,0.10735413,0.29418746,0.3723962,0.63222915,0.15089579,0.14240518,0.20546141,0.15722913,0.37810412,0.57321036,0.32585412,0.31081247,0.1888958,0.7944891,0.8664081,0.88540494,0.21660413,0.25460413,0.3055083,0.6029374,0.14060412,0.24405517,0.18335412,0.3551458,0.18256247,0.4499281,0.24621247,0.38602078,0.8495614,0.36622915,0.22744998,0.25143746,0.87970406,0.21581247,0.14745204,0.16427496,0.5950208,0.35118747,0.35435414,0.65756243,0.19206247,0.8698875,0.49289578,0.93737704,0.4469791,0.07331246,0.5184508,0.16197914,0.14658123,0.25822598,0.4786458,0.32461914,0.38233957,0.45820102,0.18810412,0.80797905,0.18018746,0.33974788,0.21818747,0.7161854,0.66458845,0.41875628,0.8728957,0.85921884,0.09706246,0.24510412,0.19206247,0.24272914,0.23481247,0.8387512,0.2126458,0.1240385,0.2316458,0.15960412,0.2831041,0.3406187,0.15406246,0.50999576,0.9095974,0.55494267,0.59264576,0.17068747,0.19918746,0.3598958,0.1547156,0.3195208,0.8598333,0.33693743,0.48096144,0.55543745,0.42322913,0.91869366,0.30394477,0.20785622,0.66706246,0.18097913,0.23530726,0.6011879,0.43510416,0.40343747,0.2411458,0.4643958,0.24790666,0.49368745,0.79689574,0.21106246,0.1485208,0.16277081,0.77789575,0.87523127,0.87863535,0.13989164,0.67022914,0.63618743,0.84844834,0.30327582,0.11364788,0.6042041,0.5419791,0.8517583,0.15596247,0.29814577,0.19429894,0.85290617,0.24386914,0.8124125,0.36977184,0.21106246,0.14297912,0.3123958,0.13937706,0.73752075,0.70506245,0.8182708,0.20393746
BC2026_Train_0014_S13_20220228_214500_50,0.3969614,0.1365,0.60058194,0.5972227,0.6403843,0.33698848,0.59654444,0.6537424,0.890609,0.229603,0.32226366,0.5045568,0.8889268,0.5999385,0.60195726,0.9061156,0.9472185,0.34555185,0.87790173,0.7490381,0.9223478,0.89129275,0.8959489,0.25292683,0.6565977,0.6462427,0.8422221,0.1339545,0.27146697,0.30851698,0.25979927,0.31018728,0.2288451,0.23961179,0.512143,0.23422846,0.16357219,0.1312722,0.2907534,0.18981594,0.28671595,0.2907534,0.3075764,0.31018728,0.14203887,0.14203887,0.14002009,0.16626386,0.14540344,0.12992635,0.3075764,0.3075764,0.3075764,0.4293743,0.26854718,0.530157,0.42465448,0.58772266,0.53790504,0.81655985,0.8402801,0.9273477,0.94248825,0.95258206,0.84267884,0.22157682,0.16671433,0.40523428,0.16459198,0.26077947,0.26576698,0.63366973,0.15464474,0.9108843,0.08972807,0.36051765,0.39214474,0.14850932,0.4071864,0.34126037,0.66808015,0.33197805,0.1791864,0.4076931,0.66526973,0.20214473,0.31614473,0.9333851,0.21956141,0.69139475,0.93693006,0.28685308,0.6723947,0.2747406,0.5206124,0.23301972,0.51801974,0.08497807,0.54256135,0.13168639,0.25439474,0.37766516,0.2622718,0.1886864,0.26118326,0.3126812,0.16493641,0.39537472,0.50565,0.2765614,0.49981138,0.17126973,0.6410447,0.7358983,0.88290864,0.29793638,0.2994564,0.37053224,0.6233114,0.12297807,0.15298223,0.26072806,0.18235308,0.16097806,0.3022312,0.23941247,0.58451974,0.70978117,0.559978,0.20634058,0.1364364,0.90114677,0.22272807,0.20376766,0.19838433,0.7212564,0.21956141,0.36997807,0.48635307,0.24014473,0.7808531,0.14276972,0.92236346,0.53622806,0.07389474,0.6564347,0.16810307,0.13218118,0.1912989,0.57106143,0.25250265,0.69944996,0.26296452,0.20689474,0.40164477,0.17206141,0.25819474,0.2005614,0.6035197,0.63971865,0.43327183,0.6700197,0.65282077,0.11743641,0.33751974,0.1150614,0.09922807,0.17364472,0.8605898,0.2916031,0.20164996,0.28051972,0.16810307,0.33831143,0.5036312,0.19501974,0.4015854,0.8804447,0.367326,0.17285307,0.1103114,0.19660306,0.41510308,0.21653327,0.27497807,0.8698364,0.43251973,0.6411777,0.3121864,0.6613114,0.86583847,0.1879739,0.22138222,0.45785305,0.16097806,0.1937135,0.57684845,0.40164477,0.35889474,0.2219364,0.26547807,0.23837142,0.5615614,0.32089472,0.1316864,0.17285307,0.0960614,0.45626977,0.74760306,0.59956133,0.18033433,0.2266864,0.64547807,0.80029476,0.26468638,0.09150932,0.33827183,0.4721031,0.8781093,0.36795935,0.23539473,0.1834337,0.9412447,0.21212766,0.77376765,0.20038329,0.1981864,0.16651973,0.31772807,0.2098239,0.6343947,0.67397803,0.4831864,0.11189473
BC2026_Train_0014_S13_20220228_214500_55,0.40702036,0.141,0.6174817,0.7273169,0.63871354,0.45821163,0.61209846,0.7298588,0.91154635,0.31480378,0.35780323,0.7009234,0.89771783,0.58527416,0.6068074,0.9399012,0.93702936,0.35737103,0.8791665,0.745929,0.9036607,0.8947782,0.95081615,0.45640856,0.74869186,0.5966919,0.88112193,0.13066119,0.45698616,0.74444044,0.28151628,0.37026054,0.24854338,0.29161006,0.5109809,0.30237672,0.23912255,0.1691392,0.32054543,0.2344121,0.30372253,0.32054543,0.34678918,0.37026054,0.20345795,0.20345795,0.17519546,0.21422462,0.17048503,0.14827879,0.34678918,0.34678918,0.34678918,0.4517642,0.28555378,0.5318445,0.44344863,0.6608169,0.5226869,0.80214924,0.8733438,0.90813357,0.9679242,0.94033456,0.8700544,0.36022103,0.32174605,0.4256332,0.29809865,0.61460704,0.31733617,0.80760366,0.1673769,0.95900404,0.1460019,0.47820505,0.29641858,0.20141858,0.31858522,0.55022687,0.5461696,0.4468352,0.16816856,0.37875187,0.9516019,0.1626269,0.6217935,0.91570675,0.39379355,0.6566269,0.92769355,0.24971023,0.5766685,0.28557274,0.57466954,0.36766857,0.48404354,0.056543566,0.49512687,0.16104357,0.3360019,0.45376107,0.58250713,0.1911269,0.23751858,0.26360396,0.15946025,0.45554355,0.6103342,0.22041857,0.36291853,0.1626269,0.58221024,0.82760906,0.90216076,0.36766857,0.22991857,0.33396336,0.52046025,0.15471025,0.21260086,0.37321022,0.21566857,0.2576269,0.37748525,0.34051436,0.5355019,0.7889144,0.37241855,0.29291543,0.25446022,0.900579,0.29404357,0.2065644,0.21127482,0.7675552,0.35341856,0.5196685,0.8252519,0.27029356,0.91752064,0.3716269,0.95259154,0.35341856,0.0486269,0.7385169,0.19904356,0.1305446,0.23443106,0.7144186,0.43020898,0.69460714,0.33703107,0.17846024,0.69541854,0.17054357,0.41136855,0.29483524,0.7006832,0.62379247,0.52101445,0.7278769,0.8247769,0.0795019,0.18241857,0.19746023,0.12779357,0.25208524,0.87575626,0.28454357,0.1788165,0.3779602,0.13412689,0.37796023,0.4880217,0.14600189,0.553156,0.8307936,0.43442583,0.40566856,0.17291856,0.16896023,0.4143769,0.15130606,0.3304602,0.8536727,0.38904357,0.6798158,0.4286269,0.5837935,0.9426561,0.19577795,0.25097692,0.5600435,0.14125189,0.21303628,0.6314111,0.41358525,0.4547202,0.21171024,0.39696023,0.3745453,0.5600436,0.7405436,0.39458522,0.15233523,0.12858523,0.7152102,0.93351233,0.6780019,0.1500394,0.58062685,0.5378769,0.84821975,0.28704524,0.11773941,0.57017696,0.4832519,0.839304,0.21845919,0.22279356,0.21390909,0.9376289,0.28351313,0.82180816,0.35017276,0.19033524,0.13333523,0.39379355,0.20858316,0.79596025,0.82208526,0.83633524,0.17529356
BC2026_Train_0014_S13_20220228_214500_60,0.3982657,0.1605,0.477724,0.74085754,0.58885753,0.2581359,0.61264384,0.45168218,0.89190423,0.3154165,0.3396415,0.44683713,0.8829208,0.48929244,0.50322175,0.89607054,0.94582,0.35856166,0.82316756,0.6573945,0.9062055,0.86320615,0.8238262,0.46401167,0.68227416,0.5651076,0.8161617,0.108510934,0.25457346,0.43768594,0.30243763,0.29638138,0.2943626,0.31791472,0.48008767,0.32127926,0.25129595,0.17121889,0.3589626,0.24725848,0.32060638,0.3589626,0.34012097,0.29638138,0.19409804,0.19409804,0.1961168,0.24120222,0.19207929,0.16247095,0.34012097,0.34012097,0.34012097,0.4699939,0.30378345,0.4983768,0.42984843,0.68781585,0.4467613,0.7021332,0.7702324,0.9426137,0.9705596,0.9180721,0.7796492,0.21891168,0.123436674,0.28937465,0.17477342,0.29589844,0.24032345,0.7885574,0.19483678,0.80853677,0.14337844,0.2508868,0.35712847,0.15291804,0.3539618,0.3032951,0.7053826,0.5202118,0.14100346,0.24154511,0.71971184,0.12358679,0.32150343,0.9295946,0.19800344,0.8123368,0.9429223,0.18058679,0.4671701,0.23780449,0.490267,0.15129511,0.4837951,0.05392012,0.60887843,0.07133678,0.33100346,0.39631754,0.29395345,0.27083677,0.111098245,0.32789615,0.1568368,0.42996177,0.50105345,0.28192008,0.3824618,0.118045114,0.57642007,0.8307411,0.9080143,0.2914201,0.22492011,0.34584722,0.7811451,0.12517011,0.14763366,0.14179513,0.23521177,0.16792011,0.193867,0.29316178,0.55187845,0.61301494,0.46400347,0.19107635,0.15367012,0.9419722,0.22650345,0.34141386,0.16578262,0.6445035,0.2367951,0.2320451,0.5597951,0.17346177,0.8773722,0.28904513,0.8939576,0.43946177,0.046003453,0.46083674,0.13387845,0.113453455,0.16849408,0.5590034,0.4319821,0.3948514,0.4161274,0.14971177,0.3697951,0.13862845,0.22895761,0.25025347,0.63440967,0.5905316,0.4399368,0.938093,0.6532118,0.09825345,0.2534201,0.087961785,0.10537846,0.20671178,0.86960196,0.15762843,0.16706908,0.26212844,0.11646179,0.3420868,0.32890555,0.13150345,0.7076785,0.9125301,0.28221697,0.21146178,0.1655451,0.15287845,0.75533676,0.15167117,0.18612845,0.8015701,0.3302118,0.79783744,0.35950345,0.5099201,0.94391185,0.15099826,0.19752845,0.32150346,0.16396178,0.1779149,0.5403217,0.4220451,0.36662844,0.19483678,0.23362844,0.3689971,0.57721174,0.3864201,0.18058679,0.29696175,0.09825345,0.27637842,0.881568,0.64212847,0.14504094,0.33654508,0.50200343,0.9512223,0.28901342,0.12081596,0.30634305,0.46400344,0.8808951,0.28279096,0.25262845,0.16536105,0.92617846,0.30009046,0.7380389,0.21128365,0.19800344,0.15208678,0.39196175,0.22298053,0.7189201,0.7402952,0.5597951,0.16712844
BC2026_Train_0015_S18_20211016_011500_5,0.27087054,0.41625,0.2096239,0.81534654,0.48815072,0.20570773,0.22960955,0.17207517,0.44642326,0.59305185,0.55133104,0.21386327,0.4512683,0.48340073,0.5456456,0.4416126,0.32000068,0.3577632,0.47260037,0.2569979,0.58551586,0.6265638,0.27957886,0.22951321,0.76547164,0.56201327,0.2284326,0.4800202,0.24845774,0.26983273,0.44478074,0.6022432,0.37345156,0.61637443,0.628487,0.57599944,0.4918849,0.4151724,0.28597236,0.5026515,0.2994307,0.28597236,0.51543695,0.6022432,0.38018072,0.38018072,0.47506195,0.28933695,0.23281196,0.3027953,0.51543695,0.51543695,0.51543695,0.35460988,0.4817911,0.5429539,0.6994703,0.7496382,0.46518055,0.33799928,0.63791823,0.3321132,0.4096154,0.43202353,0.65067995,0.4340007,0.3620382,0.62131435,0.11165775,0.18005775,0.28003573,0.84720385,0.31382927,0.15787092,0.33282927,0.38660324,0.76507926,0.26917928,0.20141259,0.1439376,0.13550635,0.9504481,0.27424592,0.17845426,0.46662092,0.47532928,0.5149126,0.56551987,0.36053762,0.2085376,0.76745427,0.7714127,0.18795426,0.25718552,0.4432272,0.24732925,0.085037604,0.33757928,0.32570425,0.47453758,0.8898459,0.19496845,0.35901368,0.49090928,0.68721956,0.35741055,0.89554596,0.93346685,0.37900323,0.6225792,0.48087093,0.26395425,0.34074593,0.7175979,0.21109071,0.37162092,0.9007313,0.15023135,0.92380846,0.26949593,0.14356156,0.18399593,0.7785376,0.58774596,0.5412506,0.13528864,0.24812093,0.7197564,0.936198,0.24309386,0.093745925,0.5109543,0.15549593,0.34090427,0.46741262,0.55370426,0.21012093,0.20378758,0.2623709,0.44682926,0.29799592,0.3724126,0.3035376,0.4777043,0.37320426,0.2916626,0.5283709,0.3191136,0.23430637,0.20774591,0.34772053,0.4680855,0.7630408,0.9016022,0.3842876,0.55370426,0.27187094,0.8972481,0.3981022,0.36651468,0.30793136,0.5212459,0.1923876,0.5236209,0.51649594,0.26632926,0.22199593,0.47532928,0.82103866,0.5022459,0.42066473,0.32807925,0.89016265,0.6447459,0.43982303,0.8070376,0.3189949,0.6122876,0.7039626,0.18320426,0.41674593,0.9413439,0.7634959,0.47974285,0.18637092,0.48007926,0.7334126,0.484097,0.8125793,0.3312459,0.32887092,0.27747196,0.6061205,0.13649593,0.4650376,0.45094594,0.17679968,0.93231887,0.26474592,0.11670427,0.95381266,0.54353935,0.1420376,0.57666254,0.3747876,0.3082876,0.53153753,0.4555376,0.79753757,0.36053762,0.8188968,0.5980376,0.33362094,0.53610945,0.3459076,0.3827122,0.30147928,0.27582923,0.5774542,0.35756883,0.54420424,0.9374734,0.21882927,0.22457677,0.4135793,0.5919022,0.911023,0.5703293,0.17053759,0.24400426,0.2251626,0.15470426,0.52203757,0.9448667
BC2026_Train_0015_S18_20211016_011500_10,0.29189137,0.438,0.20567846,0.83929414,0.46626085,0.12759219,0.20265034,0.14208783,0.455196,0.6022956,0.5632664,0.31953597,0.6285394,0.45642126,0.47882932,0.4437031,0.19907333,0.3201983,0.54821616,0.22965741,0.58724535,0.6181995,0.2673497,0.4648358,0.7989192,0.5582526,0.2983531,0.6869838,0.2936047,0.30500472,0.4642768,0.6500018,0.3990039,0.6863393,0.64461845,0.6338518,0.5026331,0.46360388,0.31219763,0.5456997,0.36939555,0.31219763,0.5322414,0.6500018,0.43332264,0.43332264,0.5026331,0.31488928,0.2785518,0.36401218,0.5322414,0.5322414,0.5322414,0.44139764,0.4965768,0.46732247,0.6933172,0.7316275,0.4500238,0.34282815,0.6566765,0.2667608,0.4169202,0.44720143,0.55983585,0.46911082,0.29383582,0.631231,0.085554704,0.1525297,0.28616616,0.582433,0.27380326,0.114678234,0.49863663,0.3079241,0.80580324,0.26830116,0.16296989,0.14060533,0.17771468,0.87329286,0.36484492,0.11546989,0.47013655,0.51684487,0.5081366,0.41226578,0.29755324,0.1297199,0.7717616,0.8778845,0.1439699,0.25211158,0.3915439,0.21759489,0.0632199,0.34267825,0.12338656,0.4202616,0.6625116,0.17699032,0.2998491,0.6498133,0.7725343,0.41186994,0.8692553,0.83010745,0.33155537,0.52476156,0.48992825,0.25005323,0.3656366,0.6925019,0.22218658,0.31101158,0.9076908,0.107315734,0.9314408,0.21680324,0.17357823,0.22076157,0.70367825,0.60155326,0.64742565,0.13233238,0.21442822,0.7215304,0.9092741,0.1584574,0.13605323,0.3197199,0.1582199,0.34485534,0.40945536,0.3149699,0.16692823,0.21917823,0.21838655,0.49626157,0.32051158,0.36167824,0.40601158,0.19701156,0.39492825,0.2603449,0.6514283,0.32213452,0.23057823,0.20651154,0.39972576,0.25084493,0.604522,0.9321137,0.3442616,0.5999699,0.2218699,0.95190537,0.32700324,0.24552093,0.27047822,0.2199699,0.17425115,0.42501158,0.37513658,0.42817825,0.22155324,0.6110532,0.71739984,0.4582616,0.43340322,0.5097199,0.817322,0.62451154,0.41234493,0.80896986,0.48494074,0.46380326,0.59086573,0.18513656,0.29517826,0.81874704,0.54059494,0.5035845,0.13842824,0.45905328,0.7242616,0.42034078,0.6640949,0.36326158,0.42580324,0.30277824,0.61746573,0.13051157,0.49230325,0.38899076,0.22274865,0.90076363,0.17801157,0.08855322,0.947947,0.5396924,0.18513657,0.6197616,0.47805324,0.35930327,0.42026162,0.5413866,0.69892824,0.24530323,0.7184033,0.54930323,0.19859488,0.6690033,0.3797916,0.4505824,0.261572,0.28251156,0.45667827,0.28201678,0.46617827,0.9082726,0.14713657,0.18977574,0.38621992,0.58290946,0.9502033,0.49942824,0.10121989,0.29034907,0.19621989,0.12813656,0.3585116,0.927997
BC2026_Train_0015_S18_20211016_011500_15,0.3028155,0.43725,0.20019491,0.8031784,0.4500951,0.09548866,0.1971668,0.14326617,0.45031807,0.58294994,0.56814575,0.3067849,0.5849687,0.45844558,0.4608681,0.4257418,0.18005754,0.30688256,0.46773952,0.1570539,0.5468746,0.67933136,0.3645655,0.39238253,0.8055534,0.48287007,0.29856056,0.55845535,0.18882616,0.28145117,0.44658217,0.64307386,0.399478,0.68614054,0.61615723,0.61077386,0.48628426,0.4526384,0.30123216,0.5414634,0.35910296,0.30123216,0.52935094,0.64307386,0.4600405,0.4600405,0.49906966,0.32276547,0.27700716,0.35977593,0.52935094,0.52935094,0.52935094,0.43043217,0.49099466,0.42089683,0.70380545,0.7335117,0.41621965,0.3059959,0.6773113,0.34393257,0.44902635,0.43691382,0.57755333,0.56172,0.31329504,0.630727,0.05558867,0.13253866,0.26603267,0.50785714,0.22495787,0.08799954,0.40070787,0.305886,0.6730412,0.2137954,0.15687455,0.14585058,0.16215892,0.7423517,0.2859162,0.19408287,0.4094162,0.6920412,0.44187453,0.37107974,0.27324954,0.08879121,0.69283295,0.80794126,0.22574955,0.23546727,0.3382652,0.094332874,0.039707877,0.29858285,0.1980412,0.3049162,0.6002079,0.14655913,0.33482137,0.5638546,0.60150623,0.29963186,0.9241183,0.8517204,0.26521412,0.66116625,0.40466622,0.3009579,0.29224953,0.6674798,0.16736017,0.37379122,0.9180621,0.0771735,0.925385,0.15291622,0.19730893,0.19091621,0.89391625,0.54954123,0.5552096,0.105020374,0.2740412,0.7480517,0.8847725,0.12495059,0.10145788,0.21862455,0.14420788,0.18434538,0.3700704,0.11333288,0.13391621,0.30016622,0.23366623,0.45137453,0.25424954,0.3191662,0.22179121,0.25583288,0.56695795,0.1624162,0.5044162,0.34461832,0.21999018,0.14974955,0.2979654,0.27889016,0.6140423,0.92546415,0.3761662,0.6231662,0.21581413,0.95325166,0.4216079,0.24069227,0.2728933,0.18695787,0.17344016,0.6603746,0.20358287,0.3832912,0.23445787,0.5788329,0.57596314,0.4972912,0.34740895,0.31599954,0.8534621,0.6469163,0.31590056,0.78704125,0.22614537,0.48699954,0.57410264,0.15766622,0.33262455,0.8358079,0.5424162,0.5554986,0.17112453,0.36587456,0.74429125,0.49287766,0.7482496,0.3167912,0.25187454,0.2248985,0.5483538,0.11333288,0.21783288,0.4038548,0.116950795,0.7593329,0.30966622,0.099874556,0.9533308,0.4561008,0.12204121,0.48462453,0.36033288,0.23287453,0.3555829,0.44504124,0.65404123,0.2629579,0.7455183,0.53845793,0.24158289,0.7706974,0.3527012,0.42521,0.29118082,0.26058286,0.3919995,0.41046515,0.4450412,0.87978506,0.12204121,0.1855883,0.3334558,0.56636417,0.92958087,0.41495788,0.06583288,0.18299955,0.17112453,0.11808288,0.40624952,0.96595794
BC2026_Train_0015_S18_20211016_011500_20,0.35589138,0.42749998,0.17282018,0.81961715,0.47334212,0.08995122,0.18129893,0.15041204,0.4277883,0.5727346,0.53034085,0.25215706,0.46594268,0.477154,0.47897092,0.44142213,0.1812171,0.3201546,0.44580814,0.21385379,0.4809344,0.59993297,0.3986414,0.40351713,0.8251587,0.4833171,0.2791146,0.54793036,0.20893869,0.30370122,0.47640207,0.5739749,0.40170828,0.6224249,0.63453746,0.5726292,0.4784208,0.4380458,0.31153744,0.5147583,0.35460413,0.31153744,0.51610416,0.5739749,0.3949791,0.3949791,0.4864958,0.29202285,0.25904995,0.33239788,0.51610416,0.51610416,0.51610416,0.39699787,0.48851454,0.43354905,0.71576375,0.74757546,0.4119088,0.25747442,0.599989,0.16910462,0.40232366,0.42109802,0.6866488,0.41206712,0.3230046,0.5902304,0.082826205,0.1804387,0.29264325,0.5268914,0.2401528,0.10398611,0.5180277,0.543559,0.7935278,0.23009863,0.18236113,0.20779341,0.10323403,0.74602777,0.37236112,0.12615278,0.5069444,0.60748607,0.45865276,0.33022466,0.25994444,0.11665278,0.42381945,0.78458196,0.15227778,0.25099862,0.36612678,0.07627778,0.06836112,0.28923613,0.07073612,0.4515278,0.6811111,0.14624529,0.34841317,0.63357943,0.58894694,0.18406323,0.88342154,0.84146315,0.23508613,0.7250644,0.5900694,0.3185278,0.34465277,0.6478809,0.21909842,0.29636115,0.9403028,0.08892466,0.9595798,0.2092778,0.15136738,0.19265279,0.7294028,0.5425694,0.554332,0.091359034,0.13802779,0.7551913,0.87107146,0.17842259,0.14356944,0.20136112,0.17602779,0.2686132,0.47250697,0.17286113,0.1665278,0.18156946,0.26231945,0.43806943,0.25519446,0.4016528,0.21086112,0.3019028,0.39373612,0.19502778,0.5204027,0.32121947,0.24830697,0.19740279,0.2276682,0.33250073,0.51044756,0.93222785,0.32011113,0.5607777,0.2489403,0.9615195,0.5680611,0.24163716,0.34599862,0.5283194,0.21788718,0.56473607,0.38344443,0.3731528,0.23461111,0.83706945,0.6458621,0.35019448,0.4007424,0.3589028,0.82123613,0.7001111,0.42805487,0.7452361,0.26227987,0.61540276,0.6188267,0.13881944,0.34148613,0.92842776,0.5663194,0.5501496,0.16969445,0.6003611,0.7499861,0.46278927,0.6882361,0.3248611,0.24173613,0.28460488,0.5439944,0.11031944,0.28290278,0.5320205,0.16037653,0.84577775,0.24331947,0.12615278,0.93634444,0.3306245,0.15544444,0.6526111,0.5180277,0.35336113,0.4586528,0.45627782,0.7270278,0.35256943,0.6711758,0.6969445,0.27181944,0.8148988,0.29718447,0.38720486,0.28258616,0.2164028,0.43411112,0.24723822,0.42936113,0.9059444,0.11506945,0.23372446,0.3621486,0.55398923,0.9458445,0.5409861,0.09527778,0.22554657,0.15227778,0.12931944,0.50061107,0.9143757
BC2026_Train_0015_S18_20211016_011500_25,0.3273125,0.46275,0.17785846,0.79406273,0.48467943,0.17603593,0.20511161,0.14394349,0.46795288,0.6039493,0.5709764,0.26749095,0.558191,0.55003834,0.544655,0.43133578,0.18756692,0.33291695,0.47229975,0.26275355,0.47411665,0.57707286,0.16106251,0.44121695,0.7536878,0.5510211,0.33945033,0.44037342,0.24087341,0.36199844,0.5200105,0.63507926,0.43858764,0.67410845,0.6566126,0.61960214,0.4897293,0.4459897,0.379371,0.5327959,0.3941751,0.379371,0.5415439,0.63507926,0.4325314,0.4325314,0.5139542,0.3538001,0.3006397,0.35245427,0.5415439,0.5415439,0.5415439,0.50116885,0.5193376,0.47554642,0.715636,0.7497294,0.43437696,0.34050506,0.6542188,0.16690443,0.41318008,0.4022788,0.65590113,0.57477117,0.40844193,0.6174077,0.07984844,0.19313593,0.19384843,0.63685423,0.32727763,0.17765261,0.45869428,0.4928547,0.7175375,0.2111797,0.17290261,0.1394547,0.14105782,0.74211097,0.37398595,0.16894427,0.49669427,0.5141109,0.6188326,0.41311407,0.29561096,0.1277776,0.6423609,0.8178339,0.17686093,0.2707922,0.49073696,0.21486095,0.11511094,0.38111097,0.09769428,0.47373596,0.64631927,0.21277885,0.41345054,0.64274096,0.65447664,0.534536,0.8888068,0.8524692,0.2857151,0.6355525,0.4460276,0.1800276,0.30511096,0.72722363,0.18921094,0.26236093,0.91588175,0.15382344,0.950636,0.21802762,0.17953283,0.24019426,0.7436943,0.5695276,0.5524086,0.12916303,0.18952762,0.7110975,0.9221755,0.21573178,0.09848595,0.19348595,0.16498594,0.42861095,0.40909636,0.22911096,0.20140262,0.22356927,0.27186096,0.5299443,0.2655276,0.3446943,0.2750276,0.2109026,0.4515693,0.26394427,0.6281109,0.2991734,0.23176302,0.1681526,0.25719136,0.34499118,0.57071507,0.92910266,0.42940262,0.66215265,0.29260263,0.92565894,0.4736172,0.48602653,0.289238,0.35340258,0.20001718,0.5172776,0.2805693,0.3898193,0.25286096,0.7009443,0.6572403,0.41990262,0.46993595,0.45077762,0.8524693,0.7254859,0.42910573,0.8133609,0.3781422,0.61702764,0.8024558,0.15865262,0.46502763,0.88932145,0.51331925,0.61109006,0.13331929,0.33440262,0.82523596,0.4797328,0.7943609,0.24890262,0.24494429,0.2905641,0.6340879,0.116694264,0.4151526,0.5622245,0.16365594,0.8474026,0.16656928,0.11194427,0.91350675,0.5155914,0.1966526,0.5932776,0.4270276,0.3914026,0.5069859,0.47531927,0.7056943,0.29640263,0.65427554,0.64948595,0.21248592,0.5714276,0.3854176,0.40596926,0.34980056,0.24019429,0.5117359,0.3005391,0.4911526,0.9209565,0.107194275,0.23700388,0.2791443,0.55699944,0.92688596,0.580611,0.11036094,0.30008388,0.16656928,0.09848594,0.5972359,0.90693593
BC2026_Train_0015_S18_20211016_011500_30,0.33533484,0.43949997,0.19061884,0.78741807,0.48230973,0.26018542,0.3232507,0.18335134,0.45951632,0.6348784,0.6503555,0.32264513,0.57431597,0.5556129,0.5495566,0.42143327,0.24290973,0.32555974,0.61485654,0.23802316,0.48996317,0.59668773,0.24666815,0.30988473,0.75020975,0.55308473,0.38945624,0.5888063,0.3663479,0.3941354,0.47919652,0.5337028,0.38229653,0.60032153,0.65011734,0.5653299,0.45026106,0.3937361,0.2685736,0.5047674,0.31971523,0.2685736,0.5094778,0.5337028,0.3170236,0.3170236,0.46910274,0.23627359,0.2207965,0.281359,0.5094778,0.5094778,0.5094778,0.37556735,0.5094778,0.4850239,0.70122296,0.7707931,0.44990686,0.2548956,0.7239185,0.18020976,0.3926238,0.40170816,0.583168,0.49228477,0.38968474,0.65170133,0.10343542,0.1504604,0.19107291,0.48733482,0.2553019,0.3170519,0.45717692,0.4236696,0.53159356,0.24944359,0.16030188,0.10468732,0.11678003,0.77146864,0.45163524,0.20067689,0.57671857,0.5110102,0.4191769,0.6032394,0.30438524,0.15713523,0.45638523,0.88475615,0.17376024,0.22763315,0.51140606,0.06846856,0.102510236,0.3780102,0.104093574,0.40967688,0.64876026,0.16018315,0.37589252,0.68178856,0.7769374,0.51544356,0.8955228,0.8698728,0.43245712,0.45796856,0.58226025,0.3170519,0.24976023,0.58313704,0.26461485,0.26796857,0.93748105,0.19788629,0.92897063,0.25134358,0.19604565,0.1769269,0.6804269,0.61709356,0.57549304,0.12594357,0.13813522,0.6928561,0.8952061,0.30084252,0.12071857,0.19751023,0.13813522,0.6102457,0.6277415,0.37326023,0.1151769,0.17771856,0.19276023,0.43659356,0.34159356,0.3510936,0.20701022,0.3170519,0.67805195,0.25926024,0.5165519,0.40352172,0.21013732,0.1294269,0.4111811,0.27610296,0.7739623,0.91713524,0.4381769,0.5783019,0.28174353,0.9366498,0.39301234,0.30953106,0.250354,0.38909355,0.13833314,0.49596855,0.40888524,0.36613524,0.2410519,0.5450519,0.5494911,0.5426769,0.49391025,0.41759357,0.80072063,0.7010102,0.4759592,0.7929624,0.2928269,0.6479686,0.6292655,0.17613521,0.45876026,0.8553852,0.6495519,0.5599748,0.19038524,0.26242688,0.73188525,0.5628644,0.6155102,0.27430192,0.31071857,0.46655816,0.5650019,0.12388524,0.48963523,0.4172967,0.24631648,0.79046863,0.20463522,0.11596856,0.8028582,0.49462277,0.19909355,0.52051026,0.2173019,0.4381769,0.59334356,0.5276352,0.7136769,0.36613524,0.64978945,0.56326026,0.44530192,0.74699515,0.3014086,0.34832275,0.38671857,0.23709355,0.5545519,0.24261543,0.5973019,0.914313,0.12863523,0.22545607,0.29274774,0.5824977,0.9056561,0.75801027,0.18009354,0.2610019,0.16980189,0.13496856,0.42471856,0.8898228
BC2026_Train_0015_S18_20211016_011500_35,0.3687426,0.43199998,0.12783344,0.8154065,0.47530654,0.13803658,0.21080406,0.15932594,0.46819472,0.57673615,0.585484,0.30407032,0.5760632,0.47047237,0.47471175,0.40021986,0.1404315,0.299319,0.580135,0.1902471,0.42522964,0.56533086,0.41149256,0.31499398,0.7671148,0.485994,0.36378542,0.47219902,0.20786159,0.27198654,0.4803565,0.6257065,0.40633568,0.6485857,0.62368774,0.5853315,0.47766486,0.41104612,0.3222211,0.5160211,0.36057734,0.3222211,0.5301523,0.6257065,0.37941903,0.37941903,0.46487942,0.28319192,0.25627524,0.3262586,0.5301523,0.5301523,0.5301523,0.43930858,0.5039085,0.44564173,0.6798532,0.75761485,0.42355132,0.23883566,0.64897835,0.15753148,0.41143087,0.42233214,0.5604898,0.6950732,0.3826815,0.5881757,0.07319908,0.14444908,0.2622681,0.4202009,0.1569429,0.11815123,0.3588179,0.21693143,0.7530679,0.1770908,0.1688179,0.104633525,0.1448304,0.63035953,0.3398179,0.14427622,0.44115126,0.40631792,0.4229429,0.4491273,0.27331787,0.1189429,0.52823454,0.81731164,0.090442896,0.2471929,0.33568147,0.11735956,0.065901235,0.32873458,0.17673457,0.42373458,0.7269429,0.14593081,0.32257938,0.5816562,0.79281753,0.42331892,0.92664087,0.83900326,0.31018978,0.49815124,0.3184429,0.2234429,0.29231793,0.6214295,0.19425018,0.3041929,0.9327762,0.15818977,0.9066512,0.3041929,0.14192103,0.2733179,0.77127624,0.5725679,0.59551835,0.1082554,0.08965123,0.6425908,0.89192617,0.17232104,0.069859564,0.24560955,0.15298456,0.25942415,0.37247416,0.37702623,0.15219289,0.15615124,0.1806929,0.5591095,0.29390126,0.31290123,0.29231793,0.35565126,0.40315124,0.14031789,0.4680679,0.2704877,0.19335957,0.24006788,0.30743083,0.23907833,0.72296476,0.9412867,0.34060958,0.5939428,0.16228664,0.9305991,0.4108304,0.30674607,0.2170304,0.15456788,0.13087727,0.51556784,0.2044429,0.32794288,0.2281929,0.62640125,0.55481076,0.40473458,0.3916919,0.41344288,0.8623971,0.5345679,0.3803908,0.8480679,0.3908804,0.47756788,0.70469713,0.13002622,0.3065679,0.8274845,0.6216512,0.624046,0.11102623,0.26223457,0.6501512,0.53055024,0.69606787,0.41027626,0.2970679,0.29467314,0.5661554,0.1141929,0.31290123,0.38977212,0.119687065,0.7855262,0.19494289,0.08648457,0.9090262,0.5927475,0.19810955,0.5519846,0.38177624,0.3184429,0.41106793,0.6390679,0.6469845,0.3334846,0.64825124,0.58602625,0.21552624,0.608094,0.3363029,0.38850543,0.2921596,0.27727625,0.54644287,0.19597208,0.47202626,0.9130717,0.08015123,0.2387933,0.33142626,0.53896165,0.9020992,0.58365124,0.094401225,0.16588873,0.1236929,0.116567895,0.40235958,0.9190408
BC2026_Train_0015_S18_20211016_011500_40,0.37850446,0.41925,0.13111335,0.8024639,0.5507139,0.11043655,0.17411272,0.12626834,0.4375596,0.5856686,0.5426019,0.14807084,0.44058773,0.47186702,0.46944454,0.37738952,0.2840805,0.313293,0.4805791,0.16262595,0.6486065,0.5786231,0.28825447,0.3738555,0.8206722,0.49070555,0.32833388,0.42322406,0.16173655,0.21161154,0.48824373,0.59187293,0.389325,0.62551874,0.6194625,0.5676479,0.4720937,0.43037286,0.30790207,0.49699163,0.35231456,0.30790207,0.5225625,0.59187293,0.37182915,0.37182915,0.4505604,0.25945204,0.2527229,0.324725,0.5225625,0.5225625,0.5225625,0.41624165,0.4868979,0.44098014,0.71178657,0.7312138,0.4268378,0.24151653,0.6044204,0.16865548,0.40253365,0.4207024,0.5547672,0.5515055,0.32113054,0.71284986,0.09333656,0.18168654,0.27203155,0.5297128,0.3180019,0.11691856,0.36391857,0.23952793,0.74391854,0.23792481,0.20241857,0.13987689,0.13991646,0.6291269,0.33146024,0.1683769,0.44308522,0.41616857,0.4723769,0.54853517,0.36154357,0.15096022,0.4660436,0.7817998,0.12008523,0.2253571,0.36686754,0.0805019,0.05516856,0.3156269,0.16521023,0.42171022,0.5974602,0.1471919,0.28326753,0.5946102,0.7095381,0.43047795,0.9383519,0.8889123,0.2862561,0.53729355,0.41616857,0.25941855,0.3108769,0.55603033,0.21083003,0.2800019,0.91072273,0.16055919,0.9233498,0.23250191,0.12275711,0.15808524,0.7470852,0.52066857,0.55998904,0.098076895,0.22854356,0.6542227,0.8975019,0.19756962,0.08762689,0.1327519,0.15016858,0.45009148,0.39154774,0.26416853,0.14700189,0.15016857,0.1636269,0.41458523,0.2633769,0.28950188,0.29821023,0.3275019,0.3655019,0.23329356,0.5705436,0.32124776,0.18027169,0.117710225,0.36790857,0.231354,0.7228404,0.92885184,0.33383524,0.68296015,0.24061649,0.96629775,0.50736856,0.3015946,0.20724772,0.2301269,0.13987689,0.5950852,0.23566855,0.22537689,0.27604356,0.4961269,0.655622,0.3370019,0.43115088,0.31483522,0.86619145,0.6220018,0.36189982,0.89591855,0.37801024,0.43279356,0.76909363,0.12008523,0.37500188,0.77479357,0.4272519,0.59162164,0.14779356,0.2823769,0.85554355,0.55930185,0.8215019,0.24754357,0.4320019,0.31453836,0.5635769,0.08683523,0.5064185,0.5699102,0.1350794,0.8571269,0.15729357,0.09950189,0.9063685,0.4782669,0.10108523,0.72016853,0.35758525,0.2942519,0.36866856,0.41933525,0.7233352,0.32829356,0.7048894,0.5159185,0.16758522,0.7188821,0.3266469,0.37112272,0.3274227,0.18896024,0.48583522,0.337754,0.5452102,0.92300546,0.1090019,0.1512294,0.2987644,0.5438644,0.93478936,0.5167102,0.08050189,0.2239915,0.1968769,0.13433522,0.5626269,0.9444081
BC2026_Train_0015_S18_20211016_011500_45,0.25322023,0.4155,0.15679862,0.7981106,0.48326477,0.14225852,0.15316486,0.12651737,0.42630175,0.59735715,0.55832803,0.21554424,0.4547661,0.47044295,0.4540911,0.39534545,0.3578648,0.30228975,0.5734802,0.1774687,0.542526,0.5923219,0.15742858,0.40773976,0.7719857,0.47471482,0.319933,0.776146,0.14938352,0.3061335,0.4749819,0.54227364,0.37606317,0.5671715,0.619659,0.5590965,0.44671938,0.39826941,0.26503193,0.4736361,0.29329437,0.26503193,0.5045902,0.54227364,0.3578944,0.3578944,0.44335482,0.24080692,0.21523607,0.28320065,0.5045902,0.5045902,0.5045902,0.3336694,0.46825275,0.4298661,0.71281266,0.7442773,0.452184,0.36436835,0.66570044,0.15551479,0.39699885,0.42061827,0.6271106,0.4875398,0.43481475,0.6047593,0.05319602,0.14938352,0.29404953,0.5105119,0.19741249,0.09924583,0.36445418,0.3358354,0.78957915,0.21597707,0.15466249,0.15262397,0.06645104,0.64787084,0.24649584,0.13407916,0.34228754,0.4277875,0.64787084,0.37288547,0.30191252,0.10082917,0.6605375,0.8159416,0.07787083,0.20594272,0.3481063,0.068370834,0.060454167,0.29399583,0.12220417,0.39137083,0.5599958,0.12905209,0.38832295,0.6289341,0.78159285,0.21635312,0.94533956,0.81863326,0.22369584,0.59007907,0.4515375,0.2757875,0.32962084,0.6157252,0.25490728,0.2710375,0.8769791,0.098236464,0.9316833,0.22512083,0.12679584,0.22987083,0.8481625,0.5117042,0.6368888,0.1226,0.09212083,0.72046673,0.924875,0.1406302,0.0905375,0.16970417,0.12774584,0.32831457,0.26438752,0.14357916,0.1000375,0.1760375,0.26628748,0.4444125,0.26074582,0.21245417,0.2718292,0.2544125,0.41749585,0.15149583,0.61303747,0.34212917,0.1770073,0.13012083,0.33631042,0.27169064,0.6385291,0.9540875,0.3327875,0.6763708,0.18973334,0.94609165,0.41840625,0.27946877,0.20643753,0.24332918,0.13849272,0.7777041,0.25678748,0.25045416,0.21562085,0.7476208,0.706569,0.38424584,0.40409687,0.56316245,0.8339125,0.4642042,0.41367605,0.8120625,0.243725,0.55841243,0.64895934,0.12457916,0.4119542,0.85726666,0.43966255,0.6223792,0.11587083,0.33357915,0.72782916,0.57610625,0.74287087,0.33437085,0.24491249,0.22369583,0.48565832,0.10637084,0.50695413,0.5177406,0.13174374,0.8424229,0.18791251,0.06995417,0.95139587,0.5079042,0.2092875,0.64312077,0.41432917,0.26391247,0.36445418,0.48874584,0.8339125,0.31774583,0.600727,0.62491244,0.17762084,0.76295936,0.42943418,0.41231042,0.24827708,0.10082917,0.44282922,0.21516563,0.4642042,0.93394756,0.065204166,0.18288542,0.29593542,0.556275,0.89495,0.6067041,0.06362083,0.19507708,0.12537083,0.08420417,0.55999583,0.94987583
BC2026_Train_0015_S18_20211016_011500_50,0.29578874,0.426,0.16766758,0.815181,0.4601185,0.11562788,0.21006133,0.13799195,0.4353538,0.56879324,0.5344745,0.22701883,0.5553349,0.45873624,0.45934185,0.44965184,0.23995598,0.28199348,0.47902048,0.16227864,0.5985978,0.5878312,0.28312203,0.22926848,0.815181,0.48149347,0.2594856,0.6938454,0.15766536,0.24174039,0.43786278,0.5502399,0.34769195,0.5859045,0.5919607,0.58052117,0.44391906,0.38402945,0.23935238,0.4789107,0.26761487,0.23935238,0.49169612,0.5502399,0.3524024,0.3524024,0.44862944,0.2359878,0.20503362,0.2729982,0.49169612,0.49169612,0.49169612,0.3241399,0.46948987,0.42542684,0.7039154,0.74155605,0.48923996,0.3002849,0.68875974,0.15445597,0.40922815,0.4219463,0.64047605,0.41309345,0.43446845,0.61791617,0.07002787,0.16336538,0.28027236,0.4572887,0.2888775,0.08937747,0.40129414,0.24632542,0.70529413,0.22688998,0.15271081,0.14893061,0.06475664,0.55883574,0.30866915,0.15904415,0.34983584,0.3783358,0.6174191,0.54175556,0.2912525,0.07908581,0.5200441,0.85313785,0.06641914,0.23282745,0.42411393,0.1337108,0.06562748,0.28016916,0.2833358,0.46146077,0.55012745,0.1229679,0.37417957,0.62175745,0.71947294,0.41791913,0.95039415,0.822817,0.26372227,0.5786274,0.6079191,0.22237748,0.36962748,0.6357403,0.1812702,0.31500247,0.95055246,0.14705041,0.9433087,0.2698775,0.14022228,0.28729418,0.78050244,0.5295441,0.73481536,0.065053515,0.12183581,0.72490764,0.9102962,0.14570455,0.07037748,0.30787748,0.13133581,0.39104205,0.28472126,0.33162746,0.07591914,0.20100248,0.22237748,0.41633582,0.24216914,0.32846078,0.34904417,0.15666915,0.3894192,0.21841915,0.5382525,0.4003244,0.1897608,0.16616915,0.15392205,0.29639834,0.8546509,0.9040025,0.36329415,0.7084608,0.2403483,0.9280691,0.4605504,0.18926603,0.24454415,0.19308582,0.15094936,0.7211275,0.22712748,0.25166914,0.22554414,0.6878775,0.64045066,0.41633582,0.49866915,0.28491914,0.6973775,0.65937746,0.3367733,0.79871076,0.18415977,0.52875245,0.6847702,0.15904415,0.39416915,0.9074462,0.5675441,0.81706864,0.12104414,0.23900247,0.8588774,0.5276243,0.87534416,0.3474608,0.36804414,0.24990772,0.51280034,0.09491914,0.3213358,0.6046931,0.092013724,0.83908576,0.2698775,0.080669135,0.90511084,0.31003875,0.1669608,0.75279415,0.36171082,0.24058582,0.43533581,0.36012748,0.6831274,0.31500247,0.6292149,0.6475025,0.20891915,0.7202764,0.35661244,0.38090873,0.31706083,0.22000249,0.51608574,0.23433164,0.5319191,0.9290311,0.11550248,0.19227833,0.2842462,0.5613889,0.8787087,0.47254416,0.049002476,0.20195249,0.14637747,0.10441914,0.6079191,0.96613246
BC2026_Train_0015_S18_20211016_011500_55,0.3286994,0.42824998,0.16200362,0.8136904,0.45736128,0.10962967,0.19228485,0.13535611,0.4726892,0.6460999,0.556602,0.19652422,0.8001978,0.46370253,0.4782375,0.44129437,0.18661124,0.30702373,0.48425516,0.16206264,0.44428393,0.64851415,0.44824106,0.30203623,0.81052375,0.48799872,0.272325,0.43167964,0.32195464,0.30556715,0.45968544,0.6541583,0.36682296,0.6252229,0.6009979,0.59225,0.4940042,0.46439588,0.28338128,0.48794794,0.32577503,0.28338128,0.54514587,0.6541583,0.40316045,0.40316045,0.4825646,0.29818544,0.2517542,0.3600938,0.54514587,0.54514587,0.54514587,0.4058521,0.4657417,0.4388719,0.69332546,0.84535706,0.4467529,0.23417853,0.62433565,0.17236124,0.4475822,0.43365282,0.59553874,0.36473623,0.32554874,0.5660228,0.07756716,0.15522967,0.28379315,0.6247827,0.36813673,0.1583451,0.39426172,0.30240864,0.74655336,0.2540576,0.17338675,0.16343156,0.10354196,0.6325534,0.31826174,0.1345951,0.54230344,0.55813676,0.50509506,0.82395864,0.4512618,0.099761754,0.5676368,0.8347846,0.2406784,0.24940655,0.68189406,0.11401175,0.15042841,0.36022007,0.3214284,0.6507618,0.64205337,0.1024455,0.39190653,0.5589918,0.5820103,0.33417428,0.90769714,0.8151909,0.2811524,0.7204284,0.4473034,0.2818451,0.42117843,0.593267,0.1787701,0.3459701,0.89938474,0.1153378,0.9258659,0.24147007,0.1614128,0.16467842,0.84234506,0.49797007,0.5338832,0.09568468,0.09817842,0.72120035,0.8824825,0.14831072,0.102928415,0.32697007,0.12747008,0.5525159,0.30286384,0.18130341,0.10767842,0.16705343,0.19713676,0.41247007,0.26680344,0.4290951,0.30242842,0.45601174,0.44334507,0.22405341,0.4639284,0.26432946,0.18682528,0.3198451,0.18454134,0.3743909,0.7725795,0.8923388,0.36338675,0.64680344,0.3893138,0.93425757,0.47667426,0.3528378,0.22096592,0.3855534,0.17621696,0.4544284,0.21376175,0.4045534,0.23434508,0.52805334,0.65652114,0.4710534,0.40684927,0.36338675,0.7148867,0.60722005,0.27479926,0.8415534,0.22892216,0.7315118,0.6634284,0.16151175,0.41088673,0.80865973,0.5161784,0.6279024,0.15359509,0.2937201,0.8226326,0.47202325,0.7520951,0.36259508,0.2818451,0.28590238,0.83130926,0.10292842,0.40851173,0.47501177,0.13138092,0.8162201,0.16151175,0.080761746,0.90884507,0.3123955,0.096595086,0.6903451,0.46313676,0.34517837,0.7734701,0.5565534,0.8700534,0.4235534,0.70688695,0.6103867,0.1654701,0.6525035,0.36924508,0.41955155,0.3597055,0.23434508,0.4124701,0.28993988,0.4354284,0.88497627,0.10609508,0.12667051,0.45110342,0.5146149,0.91739506,0.5589284,0.077595085,0.23557216,0.14251176,0.10767842,0.5296367,0.9529568
BC2026_Train_0015_S18_20211016_011500_60,0.3856622,0.47475,0.22560383,0.8445011,0.4845303,0.20432031,0.23166008,0.19290008,0.46845946,0.6525022,0.63029593,0.38791135,0.7130647,0.49136737,0.55085325,0.43141046,0.25866777,0.33633026,0.5998281,0.18629381,0.5518894,0.60908735,0.34607887,0.45175526,0.8531303,0.56258863,0.3330812,0.46010774,0.33755782,0.41878277,0.5075377,0.6811502,0.40188983,0.62126064,0.6293356,0.601746,0.49609813,0.4907148,0.33594397,0.5109024,0.39448774,0.33594397,0.58626896,0.6811502,0.4375544,0.4375544,0.5243607,0.3743002,0.29422313,0.39516065,0.58626896,0.58626896,0.58626896,0.46110645,0.50080854,0.4804661,0.69547033,0.8594636,0.4437001,0.25232255,0.63137656,0.18171777,0.46331558,0.4409075,0.70249194,0.43180528,0.3862053,0.6572126,0.087470315,0.19505782,0.1964828,0.62078726,0.29135084,0.123517536,0.40297586,0.23254986,0.64839256,0.16230921,0.16626754,0.15605505,0.1563915,0.71885085,0.30085087,0.14489254,0.4663092,0.5058925,0.7038092,0.75750405,0.35310084,0.1100592,0.68322587,0.84718,0.3024342,0.24741338,0.5927186,0.07522587,0.080767535,0.29451755,0.32064253,0.47422588,0.68639255,0.15288839,0.46336028,0.59807414,0.6589566,0.28992587,0.9135217,0.8110404,0.3368915,0.6974759,0.47739252,0.22564255,0.3831842,0.61562157,0.22969982,0.4045592,0.9200925,0.13992484,0.96870095,0.20189254,0.1687811,0.15043421,0.7172675,0.52330923,0.5321252,0.090485245,0.1908092,0.68819356,0.9191029,0.18231858,0.17260087,0.39426753,0.13935088,0.44806132,0.26839253,0.22722587,0.16626754,0.16389254,0.19239254,0.4473092,0.29135084,0.49876752,0.25414252,0.32776755,0.5058925,0.3230175,0.56764257,0.2608519,0.20703837,0.13697587,0.18518838,0.3744957,0.67123216,0.93133426,0.3135175,0.5605175,0.3123696,0.9056446,0.45130712,0.24885818,0.24068423,0.45680922,0.14798005,0.5233092,0.1718092,0.38793418,0.25255919,0.4940175,0.72194237,0.33410084,0.38144252,0.41643417,0.86970294,0.6135592,0.3388311,0.84963423,0.2903415,0.7386425,0.73636657,0.13222587,0.31510085,0.88557583,0.5613092,0.6160529,0.1314342,0.37843418,0.9253572,0.522656,0.7718926,0.2668092,0.30085087,0.322879,0.7737569,0.08710086,0.37922585,0.5580436,0.15625297,0.8431425,0.13776754,0.09660086,0.90489256,0.42676544,0.16626754,0.76397586,0.5035175,0.2074342,0.74418426,0.46472588,0.8051426,0.4766009,0.70212495,0.64839256,0.1480592,0.6704603,0.33172587,0.3730687,0.26795712,0.19160087,0.44414255,0.43026856,0.5280592,0.9077347,0.1171842,0.15961754,0.3934363,0.51121646,0.88371545,0.44335088,0.11243419,0.2098488,0.17101754,0.110059194,0.4924342,0.866655
BC2026_Train_0016_S18_20220204_221500_5,0.43458572,0.24225001,0.32364833,0.4550676,0.46931764,0.22115156,0.90693253,0.7132671,0.6405921,0.81016713,0.7125942,0.6917337,0.7408567,0.5704452,0.47697702,0.6289889,0.8220843,0.37099263,0.9404148,0.6001881,0.7852402,0.5900943,0.9670608,0.7985322,0.3481926,0.64506763,0.42610452,0.46838903,0.09931406,0.37932655,0.37656128,0.32138214,0.37050506,0.54008013,0.38934672,0.44116133,0.37790713,0.2843717,0.5925676,0.39742175,0.4001134,0.5925676,0.34291548,0.32138214,0.26754883,0.26754883,0.3509905,0.26822174,0.26553005,0.25207174,0.34291548,0.34291548,0.34291548,0.56094044,0.37117797,0.43882263,0.47765157,0.6692926,0.46894556,0.7164443,0.6753964,0.25984257,0.8712004,0.6791163,0.36386764,0.49995512,0.48214263,0.6998088,0.30166405,0.33800158,0.15275155,0.2786274,0.3947265,0.1675182,0.31714317,0.23534425,0.6995499,0.43917865,0.38205987,0.49588177,0.40994635,0.18018486,0.8660453,0.7406849,0.6171849,0.40343487,0.88045365,0.43795153,0.18730988,0.72960156,0.7161432,0.46518484,0.30051816,0.49392232,0.84687585,0.5871015,0.6116432,0.39710152,0.4928932,0.2118515,0.4113515,0.4460404,0.29523385,0.7986982,0.8738234,0.5055796,0.3353515,0.5206015,0.21133696,0.18493485,0.2878515,0.89224154,0.43351817,0.19732445,0.6529287,0.47389317,0.59185153,0.8773186,0.7897683,0.2150182,0.73631096,0.6837166,0.26726818,0.27201816,0.75875473,0.16716194,0.21185152,0.47294325,0.7826432,0.7677678,0.6227265,0.2221432,0.39472649,0.41784316,0.25297862,0.53010154,0.45172653,0.7422682,0.38839316,0.5451431,0.63143486,0.3670182,0.5981849,0.3931432,0.2458932,0.48418486,0.25855985,0.38494945,0.28128067,0.3424765,0.5207342,0.39910048,0.11317028,0.3947265,0.38443485,0.5221849,0.62153906,0.20155986,0.1513682,0.7314573,0.35055152,0.23718488,0.251613,0.3614765,0.3021015,0.6955599,0.8995724,0.4216432,0.1145557,0.3765182,0.33533174,0.33614317,0.1722682,0.17780985,0.21539424,0.78637993,0.24387446,0.63697654,0.16324319,0.5958099,0.26805985,0.78422654,0.4430182,0.20603277,0.25697652,0.5237682,0.35593486,0.30875152,0.44301817,0.8151015,0.5245599,0.54318386,0.4024057,0.3598932,0.21343488,0.24937652,0.27310082,0.2712265,0.40818483,0.81589323,0.35830986,0.79881704,0.4422265,0.19285153,0.5111015,0.2815182,0.6219349,0.5973932,0.39155987,0.34247652,0.6540765,0.56968486,0.5617682,0.8157745,0.73327494,0.49661404,0.4741703,0.5340598,0.41689318,0.41196507,0.38443485,0.65221614,0.7003099,0.34442997,0.18905154,0.21992654,0.4311432,0.8376245,0.11843486,0.37006608,0.09943486,0.3472265,0.34247652,0.56255984
BC2026_Train_0016_S18_20220204_221500_10,0.57277393,0.2745,0.26096165,0.5959085,0.4367044,0.21767344,0.8884901,0.677497,0.6633657,0.83563244,0.7299846,0.67009497,0.7636304,0.48135674,0.44501927,0.629533,0.71228355,0.2820919,0.94280875,0.71127164,0.79740494,0.49627474,0.9417301,0.813894,0.42815438,0.5036794,0.46621612,0.34592345,0.13359843,0.39793596,0.40073207,0.44177997,0.39736748,0.5406987,0.39534873,0.449855,0.42024666,0.27220497,0.6423091,0.40073207,0.42024666,0.6423091,0.40678832,0.44177997,0.320655,0.320655,0.36843207,0.36102998,0.2977758,0.26682162,0.40678832,0.40678832,0.40678832,0.63154244,0.37179667,0.41837177,0.46419847,0.7566169,0.41506422,0.49137297,0.72184694,0.16595437,0.80776453,0.6974735,0.47589186,0.61411685,0.45950434,0.6505804,0.29319844,0.33951092,0.14571093,0.2473989,0.4242007,0.113867395,0.38382575,0.29872158,0.60679066,0.45764866,0.48832572,0.38825908,0.2922695,0.24290906,0.860409,0.44240907,0.77570075,0.6031174,0.8494049,0.6421664,0.20095073,0.43132576,0.48040906,0.4083674,0.24607573,0.4568372,0.76546854,0.47170073,0.4819924,0.30940908,0.32682574,0.20570073,0.39570078,0.54114217,0.15067992,0.7997991,0.66199356,0.2585643,0.4036174,0.38620076,0.2041174,0.22707573,0.21678407,0.83409405,0.49782574,0.2250174,0.38974348,0.40757573,0.6189507,0.86043185,0.58965904,0.14553407,0.59029245,0.4922841,0.24845073,0.18432572,0.6617245,0.17965491,0.24290906,0.45935076,0.5738257,0.75347173,0.6553674,0.4534924,0.60311735,0.48662364,0.14881949,0.64349234,0.38145074,0.53820074,0.3276174,0.6339924,0.5144508,0.38303408,0.501784,0.23499238,0.22153406,0.41628408,0.2112424,0.39253405,0.29735595,0.4392424,0.3305193,0.30287784,0.15760699,0.501784,0.38620076,0.3086174,0.5377257,0.25557575,0.22022782,0.6046414,0.46382368,0.63082576,0.20522574,0.21282575,0.2824924,0.45824245,0.7107841,0.3679924,0.15839866,0.23974241,0.31037885,0.25636742,0.3450341,0.23578405,0.228857,0.7226591,0.19849657,0.87405735,0.12914658,0.44795072,0.2444924,0.575409,0.46457574,0.33929452,0.25240907,0.42340907,0.41470075,0.28619346,0.39095077,0.83507574,0.4139091,0.6333591,0.5803174,0.31415907,0.14711739,0.2664216,0.27937758,0.29911742,0.3497841,0.61815906,0.56828403,0.86404127,0.33395076,0.23024239,0.5548257,0.16057572,0.78282577,0.2373674,0.4558674,0.7723757,0.45851952,0.5619507,0.67674243,0.62728304,0.62547404,0.52984864,0.21943615,0.5500757,0.5722424,0.43896535,0.3133674,0.4988945,0.5690757,0.30292967,0.3312591,0.2924674,0.2809091,0.8358674,0.13920073,0.31099242,0.061617397,0.27774242,0.2634924,0.57303405
BC2026_Train_0016_S18_20220204_221500_15,0.5353456,0.33900002,0.26995653,0.62331235,0.448354,0.15651563,0.87285626,0.6213536,0.6819161,0.80707866,0.69739324,0.61260575,0.6852807,0.47614154,0.45736718,0.6152334,0.67477065,0.258829,0.906261,0.47704104,0.7945568,0.41284478,0.84350187,0.82051647,0.368554,0.449779,0.459184,0.47999063,0.18145314,0.45220312,0.40545216,0.47476253,0.41958335,0.59857917,0.40477917,0.48822087,0.42698547,0.26885003,0.6423188,0.43640628,0.41756463,0.6423188,0.43909794,0.47476253,0.32806668,0.32806668,0.39805004,0.35767508,0.31057087,0.28701878,0.43909794,0.43909794,0.43909794,0.63357085,0.41285422,0.41315654,0.45291564,0.7468124,0.40594444,0.4883094,0.54739153,0.19185399,0.74416035,0.6512978,0.324379,0.6114374,0.24101648,0.7283474,0.30756563,0.40589064,0.14796562,0.22184563,0.4607561,0.13696444,0.3705061,0.36593425,0.35308945,0.35213947,0.7584228,0.5434061,0.33048737,0.12429779,0.8296728,0.6404644,0.5921728,0.5035062,0.7338021,0.79317695,0.24542278,0.4187978,0.40533945,0.4662978,0.41721445,0.47936028,0.7278051,0.4940061,0.5058812,0.2501728,0.3047978,0.3641728,0.47421446,0.45734844,0.23336968,0.7564911,0.8396061,0.38493428,0.44888112,0.5280478,0.19546863,0.28421444,0.2287978,0.9502595,0.42671442,0.20192072,0.43979675,0.36338112,0.79642284,0.8433261,0.8573811,0.11004779,0.45978633,0.39188108,0.18050611,0.24938112,0.8147283,0.12991862,0.36338112,0.5605061,0.6277978,0.6925591,0.54546446,0.4401728,0.63413113,0.3043624,0.12065611,0.18604779,0.35704777,0.60879785,0.29767278,0.65788114,0.6570895,0.29529777,0.55338115,0.3063811,0.23513111,0.4346311,0.20425612,0.3919603,0.27748528,0.50192285,0.6020255,0.26695612,0.14881966,0.52329785,0.38871443,0.48846447,0.57487494,0.13300613,0.20136654,0.5333322,0.40795198,0.6697561,0.34960613,0.21296445,0.24304777,0.21375614,0.83679783,0.43779778,0.14876029,0.38238114,0.33311966,0.23275611,0.17021447,0.17258945,0.2508061,0.72042286,0.2295103,0.8813845,0.15287697,0.3990061,0.2216728,0.5684228,0.5122144,0.2114009,0.23988113,0.4631311,0.33092275,0.34366864,0.23513114,0.89069444,0.25808945,0.48468426,0.55203533,0.3475478,0.37683946,0.30630195,0.19558379,0.2707561,0.5019228,0.54546446,0.6776728,0.72574127,0.27867278,0.5612978,0.7188395,0.25096446,0.76238114,0.43146443,0.3499228,0.64917284,0.5513624,0.5763395,0.2636311,0.47142383,0.72678787,0.54328746,0.27475405,0.59850615,0.64363116,0.5767749,0.3119228,0.3230457,0.46788114,0.29921296,0.29557484,0.21058944,0.28658944,0.5217145,0.1876311,0.3191665,0.072047785,0.24858946,0.26996443,0.39663112
BC2026_Train_0016_S18_20220204_221500_20,0.59028554,0.31425,0.32430822,0.57195866,0.43927538,0.21322028,0.8911732,0.71116805,0.65262425,0.85382634,0.73135555,0.6613722,0.77173054,0.4836665,0.42855462,0.7626578,0.675667,0.26400036,0.8695774,0.45580092,0.7880536,0.40735087,0.8269148,0.8261233,0.41718784,0.42645034,0.5796244,0.49038282,0.30798286,0.57517034,0.3744867,0.4538909,0.39332837,0.5104159,0.40880546,0.45052633,0.44043258,0.28566173,0.63827014,0.4141888,0.39938462,0.63827014,0.42024505,0.4538909,0.38256174,0.38256174,0.41149715,0.36304715,0.31325132,0.2775867,0.42024505,0.42024505,0.42024505,0.59453046,0.3744867,0.41220278,0.4718578,0.7405837,0.389436,0.45363224,0.48330787,0.16353785,0.8152934,0.6804408,0.38512534,0.59016705,0.3088878,0.7966284,0.27164534,0.61792034,0.1590703,0.18732724,0.40719494,0.10081995,0.34544495,0.16470745,0.48873663,0.44986585,0.6692366,0.5377804,0.23033662,0.25202832,0.801445,0.4182783,0.7555283,0.28131998,0.8141116,0.62591267,0.20136163,0.27181998,0.39056996,0.25915328,0.14515327,0.49966168,0.6538585,0.65973663,0.6296533,0.30111164,0.31536162,0.25123665,0.5109033,0.5819752,0.32351583,0.6426049,0.8432511,0.4504595,0.36048663,0.4016533,0.16059078,0.26469493,0.20136163,0.8406325,0.6336117,0.22241996,0.35735956,0.35890332,0.8259866,0.87340647,0.8711116,0.18869495,0.5180877,0.4269866,0.19027828,0.2298616,0.8300418,0.2118314,0.17048661,0.76906586,0.54969496,0.8334689,0.45707,0.29794496,0.64786166,0.42077205,0.13007204,0.20769495,0.43648663,0.6985283,0.3042783,0.6201533,0.62886167,0.24331994,0.52356994,0.3660283,0.23065327,0.5204033,0.26231998,0.2817158,0.30047828,0.4325283,0.43662518,0.30368456,0.11695017,0.4729033,0.7769033,0.46102828,0.6254971,0.20531994,0.11942412,0.45265642,0.31322414,0.57106996,0.3399429,0.21165328,0.2654866,0.17127827,0.7927366,0.17365327,0.08447204,0.3351533,0.3306804,0.21006994,0.15069494,0.24252829,0.24312204,0.6423199,0.26768348,0.84656996,0.20468663,0.66686165,0.2773616,0.6074866,0.7721534,0.3087314,0.2607366,0.3707783,0.43015328,0.15285225,0.3707783,0.8309741,0.27181998,0.51876056,0.60147,0.21165326,0.1681116,0.32311997,0.1923564,0.23936161,0.3517783,0.6312366,0.46973664,0.80975753,0.29952827,0.35811162,0.5465283,0.11902829,0.68032,0.43806994,0.41986164,0.5671117,0.5375429,0.49744496,0.4871533,0.44753042,0.6708517,0.4689054,0.32672206,0.483195,0.5116949,0.31647,0.31061164,0.3415262,0.5916533,0.48036477,0.24189496,0.30340746,0.34307,0.6486533,0.12852828,0.36357415,0.04065328,0.29319498,0.30823663,0.23856995
BC2026_Train_0016_S18_20220204_221500_25,0.5160104,0.31575,0.20985107,0.582885,0.41766423,0.13020469,0.9142267,0.6705299,0.6422674,0.8266465,0.71292365,0.75262564,0.7721403,0.42925423,0.41047984,0.6873178,0.5884267,0.2502267,0.87436205,0.50674754,0.7270605,0.40379125,0.7630104,0.8322601,0.45186424,0.40697676,0.58234274,0.44584215,0.21142967,0.44441718,0.3907767,0.48363918,0.4244225,0.57717466,0.4075996,0.47421834,0.43586206,0.26494128,0.6417746,0.43249747,0.4089454,0.6417746,0.41836622,0.48363918,0.36049542,0.36049542,0.40558085,0.35511214,0.32550377,0.27638084,0.41836622,0.41836622,0.41836622,0.62764335,0.41769335,0.40563488,0.4743422,0.58130175,0.3895284,0.44827408,0.55499864,0.24737671,0.78327566,0.6049528,0.3428517,0.60505176,0.20890173,0.72369033,0.25560468,0.45866716,0.17224218,0.17717709,0.41977906,0.21552907,0.34140408,0.31161758,0.57573736,0.29049993,0.5361541,0.28078222,0.3563468,0.25669575,0.6374874,0.41186243,0.74119574,0.40157074,0.41186243,0.48946553,0.1862374,0.41265407,0.6256124,0.3414041,0.13794574,0.42197594,0.49478948,0.4261124,0.59948736,0.31052908,0.10073741,0.20286241,0.46569577,0.62034273,0.20731553,0.7768208,0.88600945,0.3855989,0.4094874,0.34694573,0.1352145,0.1933624,0.14269574,0.7744457,0.38177907,0.1793895,0.2760322,0.3501124,0.59549737,0.85091585,0.6953741,0.15852907,0.5265551,0.30657074,0.18623741,0.3920707,0.81891966,0.20438635,0.32477906,0.5675832,0.5448624,0.8315695,0.47677907,0.4023624,0.5092374,0.26465198,0.1563124,0.2717374,0.24244574,0.6129458,0.2551124,0.54882073,0.6889458,0.15219574,0.38177904,0.25432077,0.2456124,0.26777905,0.20602907,0.34651032,0.44687387,0.4284874,0.6008281,0.20893846,0.12294366,0.3667374,0.46886238,0.54882073,0.6686791,0.19257073,0.10865408,0.34001866,0.33609992,0.3041957,0.15898427,0.19652906,0.21315406,0.26382074,0.67469573,0.3097374,0.09662075,0.26223743,0.33916762,0.1363624,0.18544573,0.17832072,0.18807805,0.8520291,0.20371346,0.6319457,0.2121249,0.31607074,0.3342791,0.65252906,0.74119574,0.26694784,0.2796541,0.44827905,0.3279457,0.18463427,0.32715404,0.9137158,0.30657074,0.48954472,0.2937853,0.103904076,0.16486241,0.26326656,0.30676353,0.25669575,0.3619874,0.60502905,0.4403624,0.8178101,0.3501124,0.16565406,0.5139874,0.17594574,0.5551541,0.5060708,0.26619574,0.26857075,0.28974783,0.39919573,0.47123742,0.5579843,0.7433807,0.34963742,0.31203324,0.34852907,0.3651541,0.34625304,0.2606541,0.60332704,0.63669574,0.49450728,0.13691658,0.26880825,0.44907075,0.6596541,0.11973741,0.23908116,0.063529074,0.47519574,0.34852907,0.2479874
BC2026_Train_0016_S18_20220204_221500_30,0.49679762,0.26625,0.2095045,0.45924824,0.4193483,0.23392917,0.9253196,0.62960637,0.59259593,0.8368647,0.69689804,0.7090106,0.61076474,0.43686867,0.40779865,0.5868617,0.6838441,0.25119823,0.84559155,0.4374339,0.7700902,0.42956078,0.70183927,0.83402324,0.3901357,0.40296078,0.4889524,0.59936255,0.103541665,0.42559165,0.3527634,0.39583,0.38573632,0.58222795,0.4012134,0.46850505,0.39448428,0.25182587,0.58962995,0.42341962,0.39784878,0.58962995,0.3870821,0.39583,0.28883627,0.28883627,0.37496963,0.30498627,0.2726863,0.24644254,0.3870821,0.3870821,0.3870821,0.5929946,0.40054047,0.39689744,0.45765412,0.5785524,0.38208455,0.39480263,0.45052016,0.24977326,0.6872681,0.5735451,0.29323578,0.6806775,0.19206077,0.79864305,0.22466667,0.35719165,0.14272918,0.17379762,0.48588866,0.14151368,0.42968035,0.28179702,0.51834697,0.3969053,0.584847,0.42443556,0.2423324,0.19851367,0.7067637,0.40751368,0.62522197,0.361597,0.5698053,0.39898345,0.22859699,0.46847197,0.47718036,0.33626366,0.12884699,0.39015633,0.4503824,0.41226366,0.66797197,0.257097,0.06393033,0.24205534,0.406722,0.5014113,0.26564702,0.815222,0.8786614,0.5511022,0.34338865,0.5381387,0.13684283,0.23888865,0.14705533,0.863387,0.34180534,0.19791992,0.27665117,0.23968032,0.5577087,0.8690851,0.862722,0.12409699,0.5452835,0.40751368,0.23968033,0.3845553,0.8091626,0.217672,0.16684699,0.4317387,0.52309704,0.7482965,0.5286386,0.252347,0.48351368,0.28179702,0.12096992,0.19693033,0.40434697,0.63630533,0.35763866,0.38218033,0.5603053,0.101138666,0.61176366,0.164472,0.17951366,0.32676363,0.20722198,0.2633512,0.25624597,0.43601364,0.6144613,0.2207595,0.109273046,0.323597,0.363972,0.46055534,0.53014284,0.14151366,0.096665755,0.18256159,0.2433616,0.323597,0.34705016,0.15418032,0.19218032,0.11459699,0.71863866,0.26501366,0.09361784,0.25630534,0.3122168,0.171597,0.254722,0.18109699,0.15885118,0.7313053,0.14768866,0.51359695,0.22024491,0.34893033,0.34655535,0.50013864,0.63630533,0.20146264,0.18663865,0.44076365,0.45580533,0.18566887,0.3718887,0.87912536,0.47243038,0.53653556,0.32719907,0.113805324,0.14705533,0.3050324,0.41191334,0.328347,0.30618033,0.79384696,0.49063864,0.8407295,0.48826367,0.23809701,0.513597,0.14626364,0.49776363,0.41384697,0.49618033,0.216722,0.22491574,0.43205535,0.33230534,0.43545952,0.69536364,0.4907179,0.31211782,0.3750553,0.25788867,0.30827826,0.28243032,0.39979494,0.506472,0.4213342,0.11618033,0.19487199,0.36951366,0.596722,0.22780532,0.2972741,0.04493033,0.31963864,0.33626366,0.591972
BC2026_Train_0016_S18_20220204_221500_35,0.4146235,0.22799999,0.309725,0.4701839,0.43598393,0.17669064,0.91864735,0.6953063,0.593023,0.8285438,0.7302979,0.7437563,0.73097086,0.43263045,0.41870108,0.6119628,0.67530483,0.25073394,0.89301676,0.510154,0.7728607,0.43142274,0.7304985,0.8116694,0.36117142,0.41817144,0.5567836,0.48021564,0.084065616,0.40896565,0.3525363,0.3296571,0.3619571,0.51538205,0.41713628,0.3848363,0.36128423,0.20449461,0.52211136,0.40435088,0.36128423,0.52211136,0.35051754,0.3296571,0.2118967,0.2118967,0.3242738,0.20584045,0.21997169,0.20314877,0.35051754,0.35051754,0.35051754,0.52816755,0.39156544,0.41143358,0.47522816,0.5676381,0.40048167,0.4277348,0.5812271,0.18874644,0.8086947,0.6148274,0.33409643,0.5700131,0.18090895,0.7181855,0.25791565,0.34911564,0.16030312,0.16841517,0.18131669,0.23831668,0.3570667,0.20744169,0.4101084,0.24595627,0.41723338,0.38758546,0.2720615,0.2858167,0.717275,0.5066917,0.6856083,0.49481675,0.25415003,0.38146985,0.09977503,0.35627502,0.32302502,0.38160834,0.2121917,0.339274,0.5078,0.44890004,0.5074834,0.30165002,0.087108366,0.13856669,0.39902505,0.6557823,0.15360837,0.7806084,0.82882184,0.4240021,0.46473336,0.45365,0.11000733,0.12748337,0.1171917,0.75052506,0.30640003,0.13524169,0.27661353,0.27869168,0.5670484,0.89203846,0.32302502,0.13698336,0.5145886,0.26285836,0.14885835,0.22485836,0.79204696,0.2784344,0.3285667,0.45000836,0.4330667,0.82747215,0.5621084,0.2169417,0.37527502,0.2214938,0.12459378,0.27077502,0.3673584,0.5423166,0.31273335,0.4734417,0.44969168,0.092650026,0.39110836,0.12035836,0.23831668,0.43860835,0.22090003,0.3515844,0.23631775,0.32540002,0.57705104,0.17906044,0.09071045,0.29373336,0.5059,0.40694168,0.5622271,0.2098167,0.08683129,0.4216667,0.18305835,0.5241083,0.24896462,0.16469169,0.2905667,0.16231668,0.7853584,0.14806667,0.063912526,0.28265002,0.39304796,0.1314417,0.19635837,0.14252502,0.20732296,0.6927334,0.1499073,0.48135835,0.1518469,0.41090003,0.24306668,0.57477504,0.30165002,0.27508962,0.25335836,0.26760837,0.45998335,0.1466219,0.29294172,0.9252617,0.23515002,0.49641982,0.3064792,0.12194169,0.19160837,0.23057815,0.29913646,0.25652504,0.39506668,0.66265005,0.46394172,0.8593396,0.43227503,0.18923336,0.47502503,0.12985836,0.5066917,0.570025,0.26285836,0.09660836,0.21294379,0.2929417,0.1836917,0.46839482,0.6559684,0.30715212,0.24797502,0.55102503,0.31115,0.3763636,0.22406669,0.49996254,0.60248333,0.40141985,0.14739378,0.20237504,0.34677505,0.53677505,0.14331669,0.2611959,0.039608363,0.3238167,0.28819168,0.29848337
BC2026_Train_0016_S18_20220204_221500_40,0.57738096,0.2955,0.24069053,0.48614213,0.46690464,0.22650938,0.8836961,0.73891807,0.5794368,0.8546597,0.71603894,0.6857576,0.6460555,0.44036403,0.44096968,0.58880943,0.6851672,0.26027963,0.8535661,0.51821804,0.7718403,0.4140505,0.75154763,0.8311109,0.4127546,0.43555462,0.58342606,0.4773094,0.14457189,0.47018436,0.39882377,0.4513112,0.4169925,0.5771466,0.4270862,0.48630288,0.40689874,0.26356748,0.64982164,0.42439455,0.40891746,0.64982164,0.4183383,0.4513112,0.30394247,0.30394247,0.38267368,0.3301862,0.29048416,0.26289454,0.4183383,0.4183383,0.4183383,0.6235779,0.3988237,0.42582908,0.48799688,0.48329213,0.41170967,0.4389628,0.6089415,0.21824214,0.75584024,0.5694087,0.26170462,0.56800044,0.17335466,0.65480345,0.35618436,0.34905934,0.21368438,0.20213094,0.45523036,0.2644387,0.39585537,0.13567409,0.5296153,0.3370741,0.35627204,0.4394168,0.31397724,0.37923035,0.80989695,0.638897,0.641272,0.51698035,0.41960537,0.47931683,0.19160536,0.48610535,0.42831367,0.37606367,0.22881368,0.52503556,0.57362413,0.44098037,0.634147,0.28185534,0.05306368,0.12906368,0.41643867,0.6996392,0.25545326,0.79248035,0.8478755,0.31922206,0.4188137,0.38398033,0.09993036,0.15914702,0.12589702,0.786147,0.37843868,0.13741578,0.29679805,0.30560535,0.78671694,0.87759644,0.6136586,0.16706368,0.4482241,0.513022,0.13223034,0.282647,0.8307632,0.1687262,0.19793868,0.4873918,0.5779386,0.821206,0.494022,0.28739703,0.56843865,0.20906161,0.12696576,0.28502202,0.31193867,0.69589704,0.3451887,0.50906366,0.59693867,0.12431368,0.45443866,0.13539702,0.29373038,0.3950637,0.23831367,0.29911372,0.43688345,0.477397,0.49776426,0.16716264,0.11196369,0.31827205,0.38635537,0.44652203,0.7381324,0.40298036,0.10214701,0.46192,0.38208035,0.29373038,0.24225223,0.22327201,0.15835536,0.27552202,0.80673033,0.2454387,0.086947024,0.20031367,0.24923868,0.1599387,0.15756367,0.18527202,0.20417307,0.8416428,0.13373452,0.581897,0.15136892,0.3499387,0.27789703,0.5597303,0.38398033,0.29499704,0.32935536,0.266022,0.25810534,0.22293557,0.42198035,0.8915337,0.26839703,0.44956994,0.3836241,0.18289703,0.12035535,0.25163347,0.29656217,0.17023034,0.31748036,0.6658136,0.49243867,0.836174,0.31273034,0.26998034,0.52331364,0.23356369,0.4900637,0.24939701,0.22327203,0.125897,0.38631576,0.39268866,0.59456366,0.34053764,0.6448503,0.46908453,0.43060952,0.53835535,0.29135534,0.4088585,0.389522,0.2760366,0.629397,0.354433,0.19904704,0.21486056,0.42198035,0.6871887,0.13698034,0.23799703,0.083147004,0.33648032,0.35310534,0.4069387
BC2026_Train_0016_S18_20220204_221500_45,0.53087944,0.33525,0.34211907,0.59113055,0.48726392,0.32223907,0.90834486,0.7200964,0.60704637,0.85535264,0.68645054,0.65145886,0.82116854,0.49680194,0.49801317,0.6628778,0.6267556,0.3027264,0.8792948,0.5240958,0.824082,0.44536445,0.8040045,0.8545181,0.48156393,0.5022264,0.7059445,0.7072266,0.20253906,0.48753905,0.39346358,0.43787608,0.42172605,0.5650572,0.45335317,0.47623232,0.41634274,0.27704898,0.63234895,0.42643648,0.4197073,0.63234895,0.42845523,0.43787608,0.29723647,0.29723647,0.3948094,0.333574,0.3308823,0.27637607,0.42845523,0.42845523,0.42845523,0.61687183,0.4183615,0.47136572,0.56947654,0.56738055,0.46585727,0.48402599,0.5682752,0.22292645,0.8664525,0.6221838,0.38323888,0.6560473,0.30058894,0.80421096,0.36855158,0.43695152,0.24172655,0.22529614,0.41729888,0.16634057,0.36188224,0.25290933,0.52575725,0.39529055,0.66904896,0.500325,0.351076,0.28034058,0.7276323,0.4529239,0.78146553,0.5875073,0.5051739,0.36954162,0.1465489,0.44896558,0.7268406,0.38721555,0.29300722,0.46824265,0.5652812,0.6603406,0.47350723,0.36584058,0.07054891,0.1607989,0.3697989,0.63191146,0.34577185,0.83767396,0.92251414,0.43014368,0.40938222,0.6825073,0.12509474,0.24946557,0.1489239,0.9117106,0.4529239,0.14884473,0.43776348,0.3895906,0.5241739,0.9427638,0.4932989,0.12359057,0.52482706,0.3436739,0.2518406,0.26450726,0.8981681,0.267001,0.30963224,0.5603136,0.5542573,0.8651092,0.64292395,0.44421563,0.52892387,0.2265864,0.15054683,0.34525725,0.43709058,0.633424,0.34525725,0.42125726,0.66192394,0.15684058,0.5178406,0.2272989,0.32309055,0.47192392,0.27559057,0.29466975,0.29193848,0.4560906,0.6043219,0.3985166,0.13439684,0.37138224,0.5146739,0.40146556,0.53054684,0.2922156,0.15632598,0.34927493,0.34070516,0.3507989,0.2479812,0.24471556,0.2557989,0.1512989,0.8962573,0.1916739,0.13269474,0.3246739,0.35141245,0.21304892,0.30884057,0.1607989,0.19462286,0.92907184,0.18759683,0.57484055,0.24714994,0.4291739,0.30250725,0.5985906,0.6183823,0.33761767,0.21463224,0.4980489,0.46954888,0.2679312,0.39988223,0.9031923,0.33971557,0.45147914,0.39168853,0.1916739,0.3056739,0.4093229,0.36543643,0.23996556,0.32467392,0.79571563,0.39196557,0.8544114,0.3674239,0.2819239,0.6524239,0.1584239,0.5027989,0.6041323,0.27084056,0.12200725,0.30824682,0.4742989,0.3460489,0.46333432,0.7219323,0.4704197,0.20889267,0.5265489,0.36663225,0.44393852,0.36188224,0.1636489,0.58671564,0.41388643,0.15161557,0.27903432,0.4149239,0.614424,0.27638224,0.3712635,0.110923916,0.39988223,0.4133406,0.59542394
BC2026_Train_0016_S18_20220204_221500_50,0.42532426,0.31125003,0.339613,0.61985505,0.49405923,0.27672657,0.9398547,0.775192,0.68098366,0.81018364,0.7092461,0.74894816,0.8825222,0.50297976,0.489656,0.6612497,0.7861051,0.3109467,0.8770023,0.8276102,0.8060769,0.48442265,0.90024513,0.84734046,0.4334967,0.58977175,0.610781,0.48050156,0.16985157,0.44701403,0.39102772,0.43611312,0.41525272,0.5626214,0.43678603,0.49600267,0.40179437,0.2524069,0.5976131,0.4394777,0.41525272,0.5976131,0.42938396,0.43611312,0.3116235,0.3116235,0.38429853,0.3143152,0.28672564,0.26115477,0.42938396,0.42938396,0.42938396,0.62318397,0.43611312,0.44241726,0.48050156,0.5802717,0.47406968,0.6355697,0.80850923,0.20905924,0.89564407,0.7033245,0.4406217,0.67843837,0.28102174,0.77586496,0.25535157,0.34655157,0.20975156,0.23136592,0.31867066,0.12867066,0.37883732,0.21741651,0.47779566,0.25711858,0.7160873,0.41980606,0.38101444,0.28304565,0.68204564,0.40892068,0.75250393,0.5973373,0.59100395,0.4095738,0.189629,0.59100395,0.60762894,0.48967066,0.32342067,0.4706311,0.7080519,0.49679565,0.5712123,0.26879567,0.17142065,0.46117064,0.386754,0.69672596,0.20934151,0.81979567,0.91416925,0.6078269,0.25692064,0.522129,0.13609254,0.30758733,0.22842066,0.8639707,0.48333734,0.20728315,0.5867092,0.389129,0.5585456,0.8833982,0.358254,0.18487899,0.45519358,0.5252957,0.21179567,0.15796232,0.8532367,0.20546234,0.38358733,0.49996236,0.6662124,0.80749315,0.6107956,0.39862898,0.48333734,0.40516025,0.18377067,0.382004,0.39625403,0.70104563,0.3859623,0.5284623,0.47383732,0.15637898,0.60367066,0.14371231,0.21654567,0.44692066,0.22842066,0.3009571,0.4342936,0.7659623,0.66509885,0.27164567,0.091699824,0.3455873,0.4405873,0.38754568,0.7268143,0.189629,0.15289566,0.38370612,0.42475396,0.43187898,0.2112019,0.34796232,0.26879564,0.20546235,0.90862066,0.36142066,0.15883316,0.32737902,0.41268107,0.218129,0.22762899,0.14292064,0.22319567,0.8937769,0.28621235,0.5751706,0.22479878,0.377254,0.20229565,0.7817957,0.34796235,0.1751415,0.23871234,0.48967066,0.32658732,0.28239256,0.374879,0.85779566,0.5474623,0.45923108,0.733504,0.268004,0.23158732,0.42600086,0.3272947,0.24504565,0.37092066,0.5593373,0.43108732,0.8571829,0.43187898,0.2577123,0.576754,0.42792067,0.53954566,0.62346226,0.44058734,0.14846233,0.27457485,0.32262897,0.576754,0.43934047,0.7155807,0.39839152,0.19453733,0.34004566,0.32104564,0.57616025,0.40100402,0.39435396,0.6084206,0.36632383,0.25248733,0.23079567,0.37092066,0.5735873,0.256129,0.30691445,0.11679566,0.289379,0.327379,0.55300397
BC2026_Train_0016_S18_20220204_221500_55,0.52272177,0.27899998,0.23484847,0.5772693,0.4883652,0.24583018,0.9290966,0.67170596,0.6844914,0.8224393,0.67574346,0.6508455,0.8305143,0.46896863,0.44656044,0.6315453,0.69047767,0.32306516,0.8667235,0.8132266,0.8118807,0.4748841,0.86630505,0.8216964,0.4983402,0.5788527,0.57098275,0.66533434,0.1931052,0.4431927,0.39012074,0.48365617,0.4002145,0.5024978,0.41972905,0.4728895,0.42242074,0.27572492,0.58055615,0.4116541,0.4089624,0.58055615,0.42174783,0.48365617,0.31609994,0.31609994,0.39483115,0.31542704,0.2979312,0.28985617,0.42174783,0.42174783,0.42174783,0.6121833,0.42040202,0.42415234,0.47383022,0.5622277,0.4387515,0.5657981,0.7400836,0.18484019,0.86005074,0.7209588,0.41854018,0.677811,0.2040777,0.7995601,0.33204272,0.4139802,0.19951771,0.22268006,0.43355608,0.12322275,0.24118109,0.35217276,0.47234777,0.21125612,0.7296395,0.48523217,0.26999778,0.23484775,0.6488895,0.7122228,0.6655145,0.39080608,0.41059774,0.3869863,0.16676442,0.54280615,0.62118113,0.4739311,0.4018894,0.4496467,0.6060999,0.5364728,0.45809776,0.30372274,0.23484778,0.23959778,0.4121811,0.5386843,0.28218943,0.7960444,0.93209213,0.50589466,0.30213943,0.4778894,0.21727279,0.27759776,0.15647276,0.8226603,0.5024311,0.19684777,0.55242485,0.47709772,0.8202694,0.82503235,0.6417644,0.09076443,0.53665096,0.51588947,0.18813944,0.46443108,0.8944963,0.26267484,0.26572275,0.48988315,0.72409785,0.80211955,0.53488946,0.45888945,0.5451811,0.45303112,0.17511652,0.18418111,0.51193106,0.40030608,0.1699311,0.42484775,0.6544311,0.20238942,0.47630608,0.28788942,0.28630608,0.54597276,0.20951444,0.23342277,0.36284047,0.47947276,0.4538968,0.28893837,0.11407901,0.4264311,0.4573061,0.2902644,0.59078115,0.14618109,0.14107485,0.32751238,0.33622068,0.51668113,0.3620884,0.24909776,0.30372277,0.24988943,0.7772582,0.2831394,0.15445402,0.28076443,0.32084256,0.26572278,0.21426442,0.24038944,0.17521548,0.9362644,0.23710401,0.57051444,0.17194986,0.2031811,0.3409311,0.8278061,0.5451811,0.4680332,0.26413944,0.51113945,0.26888943,0.16425088,0.40980607,0.8545961,0.32905605,0.48483634,0.43422902,0.15647276,0.12876444,0.30249566,0.21703012,0.2221811,0.3551811,0.5396395,0.4066394,0.8492018,0.36705607,0.21188943,0.55626446,0.3448894,0.5570561,0.5950561,0.29897276,0.21584776,0.35146025,0.3900144,0.32509774,0.58068734,0.72311616,0.39385405,0.22471444,0.40347278,0.25147277,0.47994775,0.3623061,0.41419983,0.69718117,0.31594887,0.2897894,0.24897902,0.5451811,0.6750145,0.11213942,0.33527067,0.09868109,0.32826442,0.27443105,0.2855144
BC2026_Train_0016_S18_20220204_221500_60,0.4933735,0.30300003,0.23101078,0.5656081,0.45493305,0.3079125,0.9277151,0.58038914,0.5005139,0.81119955,0.6658495,0.77082455,0.6436433,0.47693267,0.43696144,0.632511,0.6883164,0.375133,0.88791794,0.8187084,0.7615105,0.47841436,0.8076651,0.8116185,0.3288205,0.48200807,0.5625277,0.3691875,0.1305,0.4076625,0.35828352,0.3798169,0.36972314,0.51372725,0.4060606,0.4410523,0.39865854,0.2438877,0.54468143,0.43365017,0.3650127,0.54468143,0.40606067,0.3798169,0.28695437,0.28695437,0.36635858,0.27551478,0.265421,0.2243731,0.40606067,0.40606067,0.40606067,0.5332418,0.42826688,0.41455328,0.45255002,0.61310804,0.45306474,0.5801787,0.8877016,0.19914554,0.798853,0.6339883,0.42287055,0.470608,0.18917054,0.64431626,0.3186,0.354225,0.18536249,0.20441519,0.43351832,0.24272664,0.33693498,0.26235998,0.50951827,0.23762041,0.9001663,0.6319298,0.31848916,0.19918498,0.65043503,0.7414767,0.6140183,0.34801832,0.5688933,0.5075391,0.16039333,0.36385167,0.40581,0.24589333,0.29656,0.5600069,0.53938395,0.58156,0.47231,0.32505998,0.21501832,0.20393498,0.5023933,0.5084179,0.33234334,0.79451835,0.80887264,0.49412042,0.62668496,0.7161433,0.1335954,0.19997665,0.17147665,0.887555,0.36780998,0.15366416,0.38841313,0.28310165,0.78185165,0.9039079,0.83251834,0.15880999,0.57297045,0.26885164,0.25301832,0.27281,0.80503035,0.115129784,0.15564331,0.41928813,0.60768497,0.8368518,0.62193495,0.31160167,0.5609766,0.30855373,0.18204542,0.11130998,0.50635165,0.6330183,0.24589333,0.39235166,0.56255996,0.40580997,0.41214332,0.11130999,0.23481,0.33297664,0.24114332,0.40410793,0.5041548,0.40581,0.5306242,0.16781521,0.15584125,0.6227267,0.34485164,0.31001833,0.53235793,0.20472665,0.15093292,0.3933611,0.49075586,0.16672665,0.41323188,0.18335167,0.42164332,0.22293499,0.91152674,0.22135165,0.14828083,0.24668498,0.35549957,0.24668498,0.19047666,0.19522665,0.19809645,0.70901835,0.14944853,0.53801835,0.26623917,0.30131,0.26093498,0.69081,0.78185165,0.4990288,0.39551833,0.5712683,0.62826836,0.19799748,0.3456433,0.8491434,0.26647663,0.43973294,0.44677877,0.27201834,0.18097666,0.3173808,0.29173875,0.241935,0.37414333,0.54197663,0.43905997,0.7607617,0.31001833,0.32585165,0.53247666,0.3005183,0.53801835,0.32664335,0.26172668,0.27122667,0.5026308,0.37018496,0.7137683,0.40658188,0.53595996,0.52214545,0.20599334,0.42481,0.2601433,0.5042141,0.37176833,0.63681835,0.59185165,0.3745075,0.17515792,0.27595687,0.47468498,0.38126832,0.16118498,0.36978918,0.06143499,0.40501836,0.31160167,0.2672683
BC2026_Train_0017_S22_20211026_233000_5,0.67968005,0.34875,0.83794737,0.6562426,0.46861768,0.50009036,0.7545057,0.89033395,0.69192445,0.8096849,0.90658486,0.9062148,0.73431814,0.46667492,0.43578804,0.7809943,0.48785514,0.36174262,0.8116819,0.722857,0.47152257,0.83412373,0.27038842,0.8446593,0.3945176,0.42016768,0.40671802,0.81477785,0.8008841,0.97865283,0.29591173,0.38069922,0.30735132,0.2629388,0.2864909,0.25620964,0.310043,0.4129992,0.47692633,0.2582284,0.33763257,0.47692633,0.29120132,0.38069922,0.4237659,0.4237659,0.2743784,0.39012006,0.4412617,0.4533742,0.29120132,0.29120132,0.29120132,0.44529924,0.31071588,0.57171726,0.27280286,0.843076,0.68294877,0.9489797,0.96028465,0.30545515,0.47402078,0.7775062,0.9087844,0.6807843,0.7971594,0.7484494,0.43952784,0.9398612,0.5978612,0.27355507,0.2612284,0.8985597,0.64835346,0.50866383,0.24222842,0.41081384,0.08864508,0.86506337,0.6222285,0.14643677,0.9015285,0.6760618,0.5240618,0.8195118,0.49477008,0.8759488,0.51218677,0.22797842,0.1978951,0.6641868,0.5129784,0.8205211,0.6312139,0.7702701,0.81222844,0.6430968,0.8399368,0.55493677,0.3403951,0.52671385,0.450793,0.9341451,0.61501086,0.7021868,0.40214506,0.6040201,0.574768,0.27785343,0.30477008,0.7061451,0.33643675,0.099293,0.29808047,0.3823534,0.45677012,0.52944505,0.59768677,0.72593683,0.6428702,0.33960342,0.33564505,0.3340617,0.8260644,0.3583857,0.3403951,0.69874305,0.16622843,0.4917618,0.9081785,0.53356177,0.92025137,0.906322,0.5907577,0.14802007,0.5375201,0.85074306,0.69110346,0.9460201,0.6784368,0.47260344,0.23114508,0.10289509,0.9515618,0.46943673,0.18206176,0.5841889,0.73506075,0.3871034,0.3847284,0.32264197,0.65171814,0.20027009,0.88482434,0.44093674,0.66450346,0.48131174,0.14002426,0.42799303,0.2510555,0.8995493,0.81651235,0.45518678,0.29843676,0.84745765,0.6689368,0.4623117,0.18138885,0.41164505,0.6483535,0.35781175,0.27785343,0.40847838,0.36368987,0.93679726,0.29311278,0.91270685,0.51412636,0.8628951,0.24935342,0.14089508,0.41718674,0.5104055,0.56047845,0.39977005,0.38868672,0.24196026,0.20581175,0.5090201,0.11081175,0.8768097,0.7583239,0.8462701,0.41006175,0.49124715,0.36790553,0.17493676,0.58185345,0.83407843,0.14247842,0.35377425,0.4092701,0.50268674,0.49318674,0.5034784,0.92610174,0.3562284,0.32614505,0.9084556,0.42260572,0.41243675,0.7483014,0.34787637,0.87318677,0.6904266,0.41215965,0.81777006,0.1812701,0.59531176,0.2921034,0.2655034,0.75839514,0.42510343,0.3102722,0.4982139,0.6752701,0.8519305,0.7116868,0.6553577,0.7291035,0.56443673,0.3063534,0.16781177
BC2026_Train_0017_S22_20211026_233000_10,0.7003304,0.33824998,0.8050443,0.64037913,0.48505414,0.6681175,0.649365,0.9126437,0.66551507,0.81490254,0.9003629,0.84366965,0.8162484,0.42104793,0.44587857,0.808446,0.42662913,0.39242917,0.86916494,0.8072565,0.4919951,0.87744176,0.27045536,0.7852542,0.4102416,0.41736668,0.5635044,0.78607583,0.6507008,0.98399246,0.31152073,0.4279353,0.32901654,0.29806238,0.29335198,0.29133323,0.30681032,0.47032905,0.50195616,0.26441655,0.3781395,0.50195616,0.31084782,0.4279353,0.42591655,0.42591655,0.30075404,0.4185145,0.47638533,0.5046478,0.31084782,0.31084782,0.31084782,0.45216033,0.29335198,0.57628983,0.2763216,0.83750415,0.68267,0.96542966,0.96542966,0.38245416,0.51636255,0.78236663,0.9518605,0.72192085,0.87233746,0.8234351,0.6538675,0.9550571,0.59132576,0.1604137,0.43949008,0.88373387,0.7640734,0.57442963,0.23603174,0.4280505,0.1473651,0.87233377,0.64191926,0.21386507,0.8129194,0.6880734,0.5455735,0.83940053,0.54636514,0.8464118,0.5194484,0.23999009,0.09669841,0.6025734,0.25740674,0.69731617,0.6579703,0.8698796,0.8128005,0.5447817,0.7791152,0.57882345,0.32153174,0.54421186,0.5246338,0.9524901,0.66345894,0.58891726,0.4798651,0.65957344,0.5350839,0.108573414,0.32074007,0.6809485,0.5012401,0.10311092,0.31893906,0.3706151,0.30015674,0.4665849,0.49332342,0.802865,0.5740061,0.5566567,0.2653234,0.48382342,0.75163794,0.50256616,0.2756151,0.6385349,0.15211508,0.441687,0.90079427,0.46878177,0.9627422,0.8891251,0.6741955,0.23999009,0.7585318,0.9234201,0.7957401,0.9319067,0.627115,0.5123234,0.11174008,0.08719841,0.9390317,0.37299007,0.1473651,0.703313,0.6495391,0.3721984,0.340318,0.6543683,0.4011338,0.20753174,0.82760465,0.5400318,0.62050474,0.28036508,0.131888,0.5321349,0.25974217,0.72397554,0.6906464,0.7701297,0.09828175,0.90875053,0.60890675,0.44661507,0.158963,0.23128174,0.73022974,0.4648234,0.13390675,0.59386504,0.5056536,0.7379484,0.32020572,0.8566984,0.3997484,0.7529901,0.09828175,0.2447401,0.24949008,0.343263,0.51707345,0.110156745,0.36190674,0.17130806,0.42999005,0.5495317,0.07136508,0.878299,0.7433318,0.81474006,0.45690674,0.3889818,0.37463677,0.11332341,0.5621984,0.84612966,0.087990075,0.57651174,0.7062818,0.2795734,0.4584901,0.49174008,0.9100251,0.27640674,0.4363234,0.8508401,0.2844026,0.27244842,0.8010838,0.44208285,0.88044834,0.7150693,0.33720678,0.836115,0.07849008,0.5315609,0.25503173,0.23702133,0.62157345,0.46548054,0.3734651,0.43598697,0.53844833,0.90487134,0.4695734,0.49250805,0.6429484,0.5621984,0.2558234,0.106198415
BC2026_Train_0017_S22_20211026_233000_15,0.69839287,0.2595,0.89690447,0.6436873,0.4479082,0.46720338,0.6743036,0.9388944,0.53622115,0.8149432,0.8903099,0.91503954,0.7288099,0.40747383,0.41716385,0.77717423,0.5724373,0.29329568,0.8172563,0.5170682,0.46619567,0.7371792,0.10939287,0.6056873,0.33818316,0.4222582,0.36750257,0.78774923,0.6404992,0.9737909,0.18616237,0.17472279,0.21106029,0.14578737,0.3456436,0.112141535,0.17741446,0.30930611,0.36448526,0.12627278,0.28104362,0.36448526,0.13636652,0.17472279,0.277679,0.277679,0.19423737,0.26623943,0.32343736,0.33487692,0.13636652,0.13636652,0.13636652,0.26691234,0.31267068,0.57778907,0.26057836,0.699104,0.66903377,0.92234653,0.9467398,0.39589566,0.40738475,0.7394691,0.8772686,0.664999,0.84793735,0.79061055,0.6571242,0.9521388,0.5874575,0.14976786,0.18290475,0.8882798,0.43465474,0.62247765,0.13619642,0.5897027,0.098988086,0.7866495,0.6493944,0.20348808,0.8439464,0.68561316,0.51461303,0.9414006,0.1868631,0.7320602,0.5304464,0.2501964,0.23594643,0.83365476,0.2881964,0.7133412,0.50093704,0.81212145,0.8856672,0.54707146,0.3816131,0.41248807,0.19082142,0.63489103,0.6157485,0.9239047,0.5149353,0.56045055,0.30007142,0.4615714,0.45963183,0.07127976,0.2201131,0.5874464,0.3317381,0.11668184,0.6068621,0.14490475,0.52807146,0.6780923,0.67057145,0.84236306,0.6278056,0.4172381,0.24861309,0.3673631,0.7827292,0.49335685,0.22169642,0.67955685,0.11640475,0.58388394,0.951336,0.23832142,0.90886307,0.8232444,0.5332173,0.3198631,0.6935298,0.9241898,0.6800715,0.9611131,0.6856131,0.23040476,0.09502976,0.053071417,0.9563631,0.56132144,0.17657141,0.75167775,0.54309326,0.4172381,0.41888478,0.39026207,0.56011415,0.2438631,0.7989006,0.5494464,0.5493277,0.3768631,0.21991518,0.38183084,0.197036,0.5573631,0.67561835,0.8986902,0.2691964,0.80357146,0.640488,0.5043214,0.33336103,0.3222381,0.6492756,0.34123808,0.29927975,0.40852976,0.36267248,0.6507798,0.38703603,0.67057145,0.44714335,0.77475476,0.14807142,0.12036309,0.18923809,0.36698705,0.7592381,0.11640475,0.19873807,0.24998267,0.23990476,0.44811308,0.14569642,0.8878206,0.6656632,0.7251964,0.47977978,0.41820788,0.38927642,0.27236307,0.5518214,0.8652027,0.07286308,0.53395355,0.56686306,0.40298805,0.38002974,0.51065475,0.88285685,0.47502974,0.26602975,0.2818631,0.45504016,0.21694642,0.6776964,0.5039058,0.8959194,0.75246936,0.5338506,0.77744645,0.079196416,0.64266515,0.27473807,0.2277131,0.7212381,0.3435181,0.29326308,0.44941935,0.55340475,0.81437767,0.49640477,0.519086,0.73232144,0.46315476,0.29927978,0.20269641
BC2026_Train_0017_S22_20211026_233000_20,0.7509806,0.36600003,0.91521233,0.63299197,0.4547087,0.36926588,0.72575265,0.9311941,0.54197913,0.8657193,0.9040756,0.93788964,0.6113569,0.47679552,0.42713425,0.7700862,0.56015867,0.24879618,0.8452854,0.64650583,0.46468365,0.61285996,0.17227232,0.6290337,0.45470867,0.43760866,0.4023036,0.87775344,0.7273367,0.9672117,0.27667892,0.27533308,0.3399331,0.22082683,0.38636434,0.21342476,0.23361224,0.37088725,0.49403095,0.1918914,0.37021434,0.49403095,0.23293933,0.27533308,0.3399331,0.3399331,0.25447267,0.40587893,0.4280852,0.4206831,0.23293933,0.23293933,0.23293933,0.4287581,0.33320394,0.63063765,0.26880336,0.65595037,0.62000084,0.8775933,0.93559873,0.45185867,0.4226224,0.7534283,0.82413995,0.834867,0.7810337,0.7515119,0.38565338,0.96701384,0.5975034,0.18731399,0.14415438,0.6927794,0.7806544,0.6662586,0.17423771,0.5665481,0.09190438,0.59958047,0.6805046,0.16077937,0.80757105,0.69673777,0.6365711,0.9746127,0.28269607,0.68802947,0.63419604,0.32069606,0.21698773,0.9443711,0.41015437,0.55403984,0.5114085,0.70544606,0.8186544,0.5601277,0.5684877,0.3127794,0.2074877,0.5518073,0.5720502,0.9540294,0.44971794,0.7653752,0.37532106,0.5075294,0.39006588,0.11090439,0.18057106,0.6302377,0.40302935,0.08600647,0.43008456,0.19957104,0.47982106,0.5548908,0.60648775,0.77511275,0.61048967,0.5257377,0.39273775,0.25498775,0.7814659,0.34397107,0.15207104,0.7748307,0.16711271,0.45462626,0.9501899,0.3769044,0.796844,0.94883615,0.78087604,0.2993211,0.562946,0.88080025,0.74107105,0.95244604,0.76640433,0.17740439,0.21382104,0.04519605,0.9698627,0.4426127,0.15365437,0.7097013,0.641519,0.27161273,0.5666115,0.3458315,0.24337001,0.22727938,0.88907313,0.6777378,0.45215234,0.37848774,0.36447522,0.41181692,0.30593148,0.52732104,0.55718666,0.8551106,0.33098775,0.7260294,0.6840711,0.33336273,0.1284002,0.22648771,0.6819335,0.20669603,0.2621127,0.33257103,0.325644,0.7315711,0.33858776,0.48140436,0.46398777,0.89318985,0.14732105,0.11723771,0.18848772,0.23731376,0.44023773,0.29298773,0.39432105,0.20352937,0.3048627,0.6397377,0.10536272,0.8980942,0.5569689,0.7204878,0.24707103,0.49090442,0.529601,0.14969605,0.5684877,0.7364794,0.08002938,0.5444052,0.7656127,0.5439461,0.3389044,0.51940435,0.9038694,0.6611127,0.35790437,0.37215436,0.22522105,0.12515438,0.51227933,0.42268252,0.883571,0.71981484,0.4057211,0.7893628,0.03965438,0.73877925,0.2407377,0.19905648,0.85269606,0.58747196,0.4674315,0.5226551,0.6429044,0.76525646,0.50040436,0.72435105,0.7608627,0.39669603,0.38086274,0.2644877
BC2026_Train_0017_S22_20211026_233000_25,0.6993988,0.35625,0.9171311,0.6594321,0.4493238,0.6751823,0.72104317,0.9111422,0.6201056,0.8179432,0.8630286,0.9224808,0.73901004,0.4666649,0.43214422,0.8403019,0.4372113,0.25124878,0.7890576,0.67668056,0.5239284,0.7311868,0.44685715,0.64439046,0.4272363,0.4407738,0.56363213,0.8710406,0.76622397,0.9768073,0.22898099,0.30367473,0.29290804,0.18793309,0.35750806,0.24042058,0.2585893,0.35952684,0.42883724,0.23099974,0.27608517,0.42883724,0.21484974,0.30367473,0.37029347,0.37029347,0.23638308,0.41403306,0.39788306,0.37702265,0.21484974,0.21484974,0.21484974,0.33261016,0.3514518,0.5824738,0.27428228,0.6238071,0.6129237,0.8621048,0.9189325,0.45359877,0.44661626,0.7389313,0.83708215,0.67209876,0.8446821,0.81829315,0.6561822,0.9855156,0.6039323,0.3130655,0.33349591,0.62562084,0.9310459,0.42511153,0.3247876,0.48620844,0.09203757,0.6107376,0.49499992,0.14666258,0.75228757,0.7530792,0.67707926,0.9680959,0.30341256,0.6552886,0.44828758,0.24878755,0.1862459,0.80770427,0.3604126,0.5482157,0.40219277,0.66203755,0.8211626,0.53616256,0.6184959,0.4451209,0.22424589,0.7096088,0.54825526,0.9652459,0.5358261,0.8131074,0.4403709,0.6469959,0.46115223,0.1482459,0.1007459,0.5622875,0.3073709,0.07786673,0.29504073,0.4047459,0.35566258,0.5177761,0.3619959,0.64541256,0.6416838,0.3857459,0.38653758,0.4007876,0.87295735,0.59397405,0.17357923,0.91831666,0.17753758,0.48884073,0.94755214,0.33745426,0.8112668,0.9342938,0.8342983,0.21474588,0.6588709,0.8855647,0.73012084,0.94387084,0.7313479,0.2883709,0.065912575,0.03503757,0.9399125,0.5266626,0.1054959,0.6428396,0.55023444,0.3073709,0.50100464,0.42463654,0.254448,0.2551209,0.9350042,0.48866257,0.4525626,0.3152876,0.19843759,0.34634072,0.22804591,0.6105792,0.59458756,0.8171251,0.1411209,0.7000376,0.61691254,0.51716256,0.13977507,0.21078758,0.82050943,0.3572459,0.1696209,0.4997459,0.38089696,0.77445424,0.47755948,0.5345792,0.6453334,0.9523576,0.12528756,0.19495423,0.18149589,0.20196049,0.5519959,0.26303756,0.22503757,0.2468282,0.28678757,0.6525376,0.06353757,0.895508,0.54692924,0.77682924,0.42374593,0.46499175,0.38660884,0.26541257,0.6493709,0.81645215,0.09995423,0.449863,0.8417459,0.4174126,0.5646625,0.3881209,0.89082915,0.7776209,0.3263709,0.61137086,0.27170634,0.1743709,0.6525376,0.30782613,0.85785633,0.73601884,0.4646751,0.8751543,0.0627459,0.5847669,0.22741255,0.4210542,0.7039959,0.49360257,0.41646254,0.6681801,0.58524585,0.7969376,0.5155792,0.5841415,0.6414542,0.42374593,0.32003757,0.12607923
BC2026_Train_0017_S22_20211026_233000_30,0.70818305,0.30300003,0.90487343,0.64036244,0.42977905,0.33093625,0.70087874,0.9122419,0.51999867,0.85766834,0.87381834,0.9213936,0.77984554,0.3916983,0.39836013,0.7268781,0.45685405,0.23597905,0.7717672,0.636511,0.3240084,0.6546797,0.2695997,0.23811656,0.44260406,0.4105416,0.3281077,0.8007508,0.7077696,0.94526947,0.2758444,0.2038423,0.29266727,0.23412356,0.26440477,0.17019646,0.14260687,0.2893027,0.48242977,0.1964402,0.2812277,0.48242977,0.1560652,0.2038423,0.28593814,0.28593814,0.17961729,0.37409022,0.3660152,0.33573398,0.1560652,0.1560652,0.1560652,0.35995895,0.3283319,0.48799264,0.29246122,0.6965707,0.6001913,0.8921362,0.94425356,0.34784156,0.41247123,0.7411911,0.8324604,0.4604165,0.8699457,0.70289755,0.42427367,0.9698112,0.59851956,0.14214137,0.22325885,0.85500884,0.761988,0.2974578,0.21138385,0.51114845,0.102925524,0.583012,0.5915619,0.13538386,0.88328713,0.74575883,0.5375505,0.96366507,0.24700886,0.7514786,0.49400887,0.19000885,0.17417553,0.66263384,0.25492552,0.52820885,0.43879008,0.76159215,0.7821755,0.60044044,0.46471718,0.30400887,0.15200886,0.6445126,0.6359349,0.9626755,0.5939758,0.591661,0.35625884,0.5700089,0.36437345,0.06492553,0.21692552,0.76035714,0.35625884,0.10747761,0.21518385,0.2604672,0.37288386,0.57681715,0.49875885,0.70221716,0.556788,0.43146718,0.48134217,0.35625884,0.68543863,0.3986526,0.24938385,0.7250766,0.19317552,0.6898672,0.95305675,0.11638386,0.783363,0.94086516,0.80385923,0.11321719,0.5359672,0.8936422,0.73004425,0.9698005,0.729213,0.28263387,0.2343422,0.056217194,0.9698005,0.2818422,0.19555052,0.8152276,0.59280884,0.3443839,0.52136886,0.33058912,0.37735677,0.25413385,0.7686381,0.6072172,0.42232344,0.40375885,0.25722137,0.27056095,0.2309776,0.6072172,0.4612141,0.70071304,0.14567551,0.71884215,0.75921714,0.41642553,0.26157552,0.22721718,0.68452346,0.3697172,0.24938385,0.4599672,0.34472036,0.6998422,0.39461508,0.46867552,0.41921616,0.84463805,0.122717194,0.16467553,0.16150887,0.12299428,0.6665922,0.08867553,0.23513387,0.24208073,0.21613386,0.6855922,0.121925525,0.7478964,0.676488,0.7061755,0.38792554,0.4239266,0.40831885,0.22088385,0.7140922,0.73479426,0.08075886,0.42917928,0.63967544,0.44492555,0.34834218,0.5676338,0.8463005,0.25730053,0.34913388,0.3166755,0.4207797,0.1892172,0.6341338,0.31208384,0.85817546,0.79088384,0.31263804,0.79642546,0.04038386,0.647414,0.22088386,0.13843179,0.81542546,0.50387305,0.3628693,0.4996495,0.6935088,0.7856192,0.51380056,0.76900214,0.7449672,0.40138385,0.43780053,0.11242552
BC2026_Train_0017_S22_20211026_233000_35,0.7431056,0.3015,0.85420686,0.60708284,0.4274537,0.26342422,0.63486975,0.88250303,0.48898137,0.8199218,0.88250303,0.85249096,0.42720762,0.38680324,0.3916482,0.6851072,0.4238912,0.23579119,0.7925916,0.5658187,0.35862768,0.74141634,0.2593973,0.27212867,0.37615368,0.3839912,0.38740882,0.7181971,0.61555755,0.94603884,0.2834339,0.26391932,0.32717347,0.23161934,0.26593807,0.19528183,0.19528183,0.34937978,0.47925267,0.2141235,0.33524853,0.47925267,0.19595474,0.26391932,0.3460152,0.3460152,0.23296517,0.40523186,0.41801724,0.40119436,0.19595474,0.19595474,0.19595474,0.4186902,0.339286,0.46553448,0.27553672,0.61816615,0.5150714,0.86461794,0.9161633,0.3241412,0.40094277,0.6980355,0.81552863,0.46592864,0.8113328,0.64227176,0.3973742,0.93923044,0.6005159,0.13827232,0.19681485,0.86066693,0.90785027,0.5341439,0.07964819,0.3763649,0.089939855,0.6462045,0.5332336,0.21106486,0.7327732,0.7248565,0.4382732,0.9675815,0.20710652,0.64014816,0.47943985,0.23323151,0.3052732,0.5000232,0.3005232,0.5983284,0.3246295,0.78419197,0.76285654,0.5607915,0.5372315,0.3100232,0.24748152,0.6228266,0.6875689,0.9734398,0.5287013,0.6968029,0.39393985,0.50477314,0.4233107,0.08043986,0.11131485,0.6813148,0.14614818,0.14741485,0.43969825,0.34406486,0.47864822,0.63933676,0.72643983,0.68685645,0.60727423,0.3361482,0.4453982,0.42639816,0.5845534,0.57586485,0.22056486,0.61212325,0.066189855,0.62116796,0.9064253,0.32743987,0.8130482,0.9465371,0.8257821,0.35989818,0.61323154,0.85497487,0.78399396,0.96156484,0.80101484,0.30368987,0.09468986,0.028981522,0.9552315,0.43985656,0.12239819,0.5767356,0.6716764,0.2672732,0.68271613,0.5877201,0.29108256,0.20552318,0.65914816,0.5198148,0.6388024,0.40660653,0.35316905,0.3825003,0.2683815,0.49606484,0.6071753,0.76226276,0.2688565,0.82223153,0.61956483,0.41214818,0.22076277,0.12556484,0.7915832,0.41452318,0.23085654,0.5942315,0.5049513,0.7478545,0.32284823,0.43668988,0.4447253,0.74286693,0.09785652,0.14852318,0.32348153,0.2648388,0.46202317,0.30685654,0.16198152,0.10181486,0.3005232,0.7129815,0.06302319,0.81789714,0.3589593,0.91881484,0.4113565,0.39223778,0.40547445,0.2767732,0.55702317,0.81344396,0.086773194,0.546114,0.80639815,0.43985656,0.3860232,0.55702317,0.8641898,0.26964816,0.33139822,0.71852314,0.32262176,0.13981485,0.5134815,0.32126486,0.83014816,0.70233524,0.5015273,0.75098145,0.045606524,0.5776461,0.23798153,0.31093362,0.76356894,0.38865152,0.417769,0.42908987,0.66943985,0.7970565,0.48973152,0.6880025,0.7288148,0.4327315,0.3432732,0.090731524
BC2026_Train_0017_S22_20211026_233000_40,0.7143289,0.28125,0.89436734,0.65361226,0.44247478,0.30981538,0.65151167,0.89756376,0.6091179,0.84329295,0.8520408,0.8892195,0.7315887,0.3932885,0.40116167,0.6693862,0.4467497,0.45242125,0.7243957,0.6254769,0.41397917,0.764266,0.12453721,0.35127473,0.37621224,0.40114975,0.3448385,0.79522574,0.685857,0.93436116,0.2620877,0.20287105,0.27420023,0.18739396,0.26276067,0.15845855,0.15845855,0.30448148,0.4673273,0.15845855,0.29977107,0.4673273,0.16653354,0.20287105,0.28227523,0.28227523,0.18402939,0.34014606,0.35898772,0.33947316,0.16653354,0.16653354,0.16653354,0.3643711,0.29977107,0.4599073,0.27561533,0.6575706,0.60452104,0.94370466,0.9246612,0.41254973,0.43145472,0.7345364,0.9163268,0.4047122,0.75257057,0.8816492,0.56156534,0.94766116,0.600357,0.31137055,0.28269887,0.8213489,0.89295506,0.5375562,0.07132385,0.23290303,0.06736552,0.7025198,0.55821866,0.19957386,0.78303224,0.6777406,0.38324052,0.95114267,0.23836553,0.6801749,0.4734905,0.24390718,0.19324052,0.65557384,0.16869886,0.5060082,0.34617078,0.90997595,0.7474072,0.5130738,0.5312821,0.44419885,0.18136552,0.5654584,0.64454997,0.9698655,0.8307927,0.5896855,0.33574054,0.5787822,0.43426347,0.08715719,0.058657184,0.7260005,0.24390718,0.047573857,0.22320512,0.1679072,0.36028218,0.472303,0.50832385,0.6357822,0.52779883,0.29615718,0.36740717,0.15999052,0.8007268,0.5301145,0.15444885,0.6202854,0.20274052,0.48576137,0.90035725,0.22965719,0.8986551,0.93075335,0.79990464,0.073698856,0.59144884,0.8210718,0.7134843,0.9516572,0.7518801,0.2241155,0.076865524,0.05074052,0.96511555,0.31911552,0.13940719,0.7074676,0.5335979,0.22965719,0.6388064,0.4055853,0.34694263,0.26844883,0.6246989,0.34524053,0.40651554,0.25024053,0.36681348,0.36568534,0.3681593,0.5692822,0.46296138,0.6056989,0.2526155,0.72840726,0.58511555,0.55819887,0.12832387,0.07290719,0.7581165,0.3650322,0.23757386,0.37769884,0.40760407,0.8449801,0.42715824,0.58036554,0.37659052,0.62153226,0.075282186,0.12990719,0.22569886,0.32137176,0.5494905,0.2502405,0.15919885,0.14251448,0.38324052,0.72761554,0.082407184,0.7754323,0.64945745,0.87090725,0.32069886,0.2743072,0.4147251,0.28744885,0.61994886,0.78837603,0.08161552,0.44500637,0.6785322,0.34524053,0.3476155,0.49961552,0.88040715,0.41015717,0.22490719,0.61519885,0.37019703,0.21382384,0.5621572,0.16802596,0.8471572,0.7305305,0.24905303,0.7307822,0.030948853,0.65713745,0.21857385,0.18215719,0.7347405,0.31849802,0.47649887,0.44465408,0.66349053,0.9032072,0.58749056,0.6705701,0.5629488,0.4149072,0.36265716,0.07132385
BC2026_Train_0017_S22_20211026_233000_45,0.6638006,0.34575,0.8982752,0.653697,0.465597,0.68837035,0.64037985,0.9217264,0.6370152,0.8361986,0.86984444,0.87590075,0.7987508,0.45081735,0.4241699,0.74824655,0.49979696,0.46120793,0.8217456,0.80818623,0.46701753,0.86921984,0.1389256,0.5792804,0.44137195,0.41073447,0.3823817,0.73222864,0.72716194,0.9500162,0.2348091,0.3148862,0.3115216,0.2267341,0.2664362,0.20923828,0.22336951,0.3788133,0.45283407,0.23279035,0.30546534,0.45283407,0.2146216,0.3148862,0.36535493,0.36535493,0.24624869,0.3922716,0.44408616,0.43668413,0.2146216,0.2146216,0.2146216,0.33507368,0.30950284,0.5564653,0.27029115,0.63786364,0.62494373,0.96113294,0.9573645,0.35302195,0.42368415,0.79654735,0.97843874,0.62123865,0.8955908,0.9075278,0.591787,0.95935786,0.5933703,0.15792559,0.26879105,0.9511681,0.87532645,0.47118065,0.26720768,0.52164936,0.11758269,0.9279249,0.63032544,0.15954101,0.85608107,0.63454103,0.5434994,0.91324735,0.35112435,0.51856184,0.46037436,0.309166,0.21495768,0.6076244,0.22287437,0.660389,0.3975556,0.8747723,0.7619994,0.56905437,0.47620767,0.332916,0.280666,0.6127386,0.59365153,0.9591244,0.54104125,0.67784524,0.37170768,0.7097494,0.42344308,0.1009577,0.20704103,0.6163327,0.27512434,0.07182436,0.3463744,0.2125827,0.3147077,0.629138,0.44216603,0.6456244,0.63883585,0.48412433,0.21891603,0.45008272,0.65314925,0.5279629,0.1650827,0.65421396,0.10966602,0.6217359,0.8813036,0.08433269,0.9721473,0.92649823,0.73786616,0.16191602,0.82454103,0.8236702,0.7113327,0.9607077,0.72843266,0.24187437,0.11204102,0.03920769,0.9607077,0.48412436,0.08512436,0.73163897,0.54060984,0.51183265,0.576401,0.4124785,0.36303896,0.21337435,0.6424577,0.513416,0.62998897,0.33212435,0.29729104,0.4123598,0.3006556,0.5854577,0.7914573,0.5545827,0.19833267,0.7738744,0.6574994,0.28304103,0.15593895,0.26562434,0.5674869,0.3622077,0.13499936,0.50312436,0.3721035,0.838989,0.55824417,0.64799935,0.34304935,0.70816606,0.08274936,0.12945771,0.3463744,0.23787645,0.5917911,0.18249938,0.32737437,0.07443686,0.18724936,0.5419161,0.0985827,0.81312126,0.71849096,0.817139,0.3622077,0.33228272,0.39269477,0.18012437,0.6622494,0.8545453,0.09383269,0.50372607,0.59891605,0.5213327,0.40970767,0.5213327,0.8546244,0.499166,0.21099934,0.57754105,0.21784094,0.18804103,0.83982027,0.21179104,0.82533276,0.72174793,0.32448477,0.748541,0.036832694,0.69021505,0.3147077,0.13844311,0.801187,0.36039478,0.46888477,0.43753475,0.66541606,0.9687828,0.4405827,0.55617875,0.7936661,0.45008266,0.32024935,0.08591603
BC2026_Train_0017_S22_20211026_233000_50,0.7720312,0.33225,0.8698193,0.61836153,0.43786156,0.44405234,0.60448825,0.9011436,0.540763,0.86221534,0.89047784,0.8353659,0.5964133,0.42475992,0.42415425,0.78756297,0.43429902,0.45385006,0.8017284,0.62838507,0.49158108,0.7293226,0.25665626,0.31032404,0.37587404,0.40294906,0.39266175,0.7178107,0.65210235,0.94189197,0.25138375,0.20966291,0.33819005,0.1807275,0.28839418,0.14439,0.19822334,0.3395359,0.4788296,0.15852126,0.3328067,0.4788296,0.15986708,0.20966291,0.25945875,0.25945875,0.2446546,0.3778921,0.40750048,0.39336923,0.15986708,0.15986708,0.15986708,0.37049007,0.32204005,0.5713212,0.27020234,0.66190326,0.61779755,0.94332105,0.9421434,0.30034906,0.3920953,0.7455112,0.9187991,0.5692782,0.8859054,0.85279447,0.5895607,0.94090235,0.5998524,0.15532292,0.47258073,0.8442683,0.5849974,0.51105577,0.23824744,0.4957766,0.14562243,0.8819725,0.62958807,0.1392891,0.88266414,0.82198286,0.52958083,0.7705641,0.30870575,0.5949329,0.62299746,0.32453907,0.22874744,0.6095391,0.50662243,0.7931662,0.5077308,0.88682044,0.79083085,0.5988675,0.35778907,0.3435391,0.09495576,0.6395433,0.70485574,0.92858076,0.4798245,0.64765793,0.44487244,0.40845576,0.37150472,0.07991409,0.1582891,0.73066413,0.22083077,0.049593266,0.2566141,0.26912242,0.5184974,0.6210579,0.47020575,0.7425391,0.6711799,0.33562243,0.28020576,0.41637242,0.80417037,0.5662548,0.27149743,0.6875183,0.19945575,0.61702037,0.86983913,0.097330764,0.9392287,0.7429469,0.48565713,0.3364141,0.5857891,0.8975475,0.57312244,0.93966407,0.7121391,0.17491409,0.06645577,0.06012243,0.9499558,0.5691641,0.15274744,0.6615318,0.8375787,0.46070573,0.6644412,0.34152037,0.49615264,0.1867891,0.7290808,0.45041412,0.5314412,0.36808077,0.3538704,0.52926415,0.32560787,0.64199746,0.72474545,0.8075745,0.14483076,0.8264558,0.75124747,0.65228915,0.1438016,0.10524744,0.6759204,0.33799744,0.28970575,0.40528908,0.3455579,0.72781414,0.4525318,0.5952891,0.31529638,0.6847475,0.1321641,0.10603911,0.38153908,0.33263388,0.42270574,0.30633077,0.14958076,0.10639535,0.3387891,0.7472892,0.07912244,0.9121917,0.42137736,0.89347047,0.42824742,0.30924016,0.37710577,0.17887244,0.6483308,0.75124747,0.13770576,0.61329955,0.78133076,0.3902474,0.52245575,0.46783075,0.8956474,0.4662474,0.19787243,0.30712244,0.2659336,0.28733075,0.8153724,0.2404641,0.84545577,0.7157381,0.35648286,0.7607475,0.044289097,0.54278183,0.1891641,0.15322243,0.87007666,0.45247245,0.3828058,0.48564324,0.51453906,0.9133413,0.5256225,0.49104044,0.855985,0.39024743,0.55887246,0.08387243
BC2026_Train_0017_S22_20211026_233000_55,0.7425536,0.34199998,0.8864324,0.63741887,0.44520223,0.58389217,0.6920268,0.9318207,0.609258,0.8414143,0.8690039,0.8787275,0.6321372,0.5070332,0.481597,0.8470917,0.6754189,0.27277723,0.85653645,0.52822036,0.46160161,0.74321723,0.6435953,0.3796522,0.36825222,0.48795223,0.44828764,0.7992255,0.7398505,0.9385984,0.24072717,0.2696626,0.32887924,0.20708133,0.30600008,0.225923,0.23197925,0.36454386,0.468173,0.17141674,0.38338554,0.468173,0.20371675,0.2696626,0.34973967,0.34973967,0.27773762,0.40424594,0.4230876,0.41770425,0.20371675,0.20371675,0.20371675,0.3948251,0.34570217,0.6302847,0.28741303,0.66512716,0.62094235,0.90366834,0.9329065,0.4708522,0.41240942,0.7755826,0.9239627,0.8582939,0.954521,0.73442054,0.5609338,0.9771526,0.62901723,0.19392857,0.51196426,0.702756,0.90558094,0.5114101,0.11375594,0.54046434,0.11454761,0.6801935,0.75393724,0.27763095,0.8919326,0.8105018,0.55233926,0.7982705,0.3354226,0.6643206,0.7320476,0.37738094,0.16758929,0.45179757,0.42804763,0.5329633,0.42961118,0.64338094,0.8587143,0.6219109,0.63942266,0.2974226,0.14225595,0.7493297,0.70251846,0.9481726,0.54071856,0.6654487,0.40825593,0.42963094,0.4257716,0.09950594,0.23804763,0.702756,0.3045476,0.07904136,0.42955178,0.18658929,0.4636726,0.5802456,0.56658924,0.7494643,0.68188995,0.49850592,0.3021726,0.515131,0.85762864,0.5591278,0.33383924,0.82392156,0.18579762,0.68118304,0.894181,0.26892263,0.81905174,0.76028246,0.6540625,0.3734226,0.5618393,0.9024934,0.7866726,0.9742976,0.84078306,0.3164226,0.21746428,0.11375594,0.9442142,0.43200594,0.15571429,0.7319487,0.59150696,0.56896424,0.46872348,0.37997365,0.6418768,0.25071427,0.871381,0.5380893,0.36483303,0.4320059,0.31792676,0.54602575,0.23313929,0.71898514,0.6667352,0.76260597,0.32275593,0.762131,0.6774226,0.38213092,0.1456601,0.42883924,0.7630215,0.32592258,0.23725596,0.3829226,0.47216326,0.89730805,0.3848424,0.6235893,0.40758303,0.9401767,0.2388393,0.14542261,0.19054763,0.28388512,0.40271428,0.09633927,0.18579763,0.31844136,0.3678809,0.7827143,0.12404761,0.9209369,0.6454393,0.91314137,0.4589226,0.40892887,0.45391926,0.24596429,0.7803393,0.7542142,0.16125594,0.5474547,0.81992257,0.37025592,0.42725593,0.5135476,0.87565595,0.28396428,0.4533809,0.6425893,0.5613247,0.39242262,0.676631,0.27612677,0.8666309,0.77800393,0.35272053,0.9104893,0.101880945,0.6879914,0.26496428,0.1893997,0.85796225,0.42431092,0.38791007,0.58527166,0.56500596,0.75571847,0.70433927,0.44680417,0.80171424,0.529381,0.3528393,0.1192976
BC2026_Train_0017_S22_20211026_233000_60,0.71980363,0.41925,0.84036905,0.60198593,0.44602764,0.44040677,0.47531176,0.83545685,0.62570864,0.7892274,0.8134524,0.851304,0.7549087,0.5839032,0.5016727,0.89152694,0.4317776,0.27360258,0.81184596,0.6786757,0.38528404,0.7109757,0.6002619,0.48022762,0.4367651,0.59011096,0.61754894,0.7564401,0.85460675,0.9521401,0.30701116,0.37834036,0.40256533,0.25856116,0.29086116,0.31037575,0.34536743,0.42948204,0.5176341,0.267982,0.33998406,0.5176341,0.28345907,0.37834036,0.43755698,0.43755698,0.3319091,0.49139032,0.4664924,0.4570716,0.28345907,0.28345907,0.28345907,0.40121952,0.2969174,0.6424469,0.25016928,0.8268193,0.6272006,0.92035675,0.93765074,0.3455651,0.46762824,0.7285853,0.89486307,0.5030276,0.9285089,0.6939962,0.40335676,0.9796901,0.6202734,0.22184524,0.48079005,0.88236296,0.7713317,0.284338,0.17441504,0.5641922,0.1704567,0.6061307,0.64080566,0.20924838,0.81895053,0.63279,0.7341234,0.8153484,0.52987343,0.79240984,0.5393734,0.29633173,0.3256234,0.54887336,0.45229006,0.6226964,0.6270703,0.5607484,0.68899834,0.5449151,0.56549835,0.4871234,0.31216505,0.44383508,0.6329088,0.91304004,0.64444894,0.68715787,0.4348734,0.53541505,0.48472863,0.25041503,0.16174836,0.563915,0.55441505,0.13269421,0.3558453,0.47208175,0.40716505,0.3766463,0.5338317,0.6921651,0.6254098,0.5765817,0.39054003,0.4087484,0.8497962,0.49880055,0.37074837,0.9342835,0.11266504,0.6498505,0.8615025,0.5393734,0.80901504,0.8710976,0.67541337,0.095248386,0.7127484,0.78399837,0.65891504,0.94312334,0.82374007,0.48316506,0.14749837,0.1158317,0.93441504,0.41983172,0.18074836,0.7088099,0.5621338,0.4016234,0.41288093,0.5291411,0.7179932,0.37945673,0.9287942,0.52749836,0.45652547,0.43408176,0.19381088,0.4904682,0.44548175,0.8489151,0.62699115,0.7151234,0.17758171,0.81329,0.7832067,0.5908317,0.28746507,0.3612484,0.7201307,0.3493734,0.37391505,0.45070672,0.39523068,0.60270673,0.45169634,0.9270368,0.70194215,0.9579276,0.11029005,0.28683174,0.34145674,0.41854525,0.611415,0.15779004,0.2322067,0.33146194,0.19895673,0.5504567,0.15462337,0.8916829,0.795343,0.7610401,0.45545673,0.444888,0.3725059,0.20449837,0.5132483,0.6438734,0.17204005,0.36308506,0.5306651,0.5100817,0.6082484,0.5726234,0.9245984,0.5306651,0.3659984,0.47287342,0.5539678,0.29079005,0.70324844,0.26769316,0.85841507,0.802947,0.5958193,0.80660045,0.11820671,0.7316494,0.35095674,0.25112757,0.7911234,0.4546017,0.50066084,0.65869045,0.64545673,0.81566507,0.52512336,0.70636755,0.78716505,0.45624837,0.3683734,0.1277067
BC2026_Train_0018_S22_20211028_234500_5,0.45153424,0.40049997,0.6183181,0.8211305,0.449443,0.8427354,0.8040431,0.89276713,0.812118,0.933916,0.9029618,0.8739591,0.6923389,0.6314407,0.5807028,0.5571507,0.48435545,0.33900553,0.77437806,0.6772627,0.6182614,0.4523874,0.47449258,0.87820965,0.56858885,0.5939222,0.31066132,0.9257417,0.72477716,0.8869104,0.28055644,0.59346277,0.40302724,0.46897307,0.34650224,0.43465433,0.37072727,0.46089807,0.58740646,0.34179184,0.42321476,0.58740646,0.39495227,0.59346277,0.4891606,0.4891606,0.42590642,0.534246,0.53693765,0.53962934,0.39495227,0.39495227,0.39495227,0.56721896,0.22470433,0.628453,0.2554771,0.7989639,0.5888832,0.37536678,0.7436541,0.24709302,0.8181618,0.7575993,0.6833805,0.6335055,0.5762206,0.72275466,0.6559021,0.9615251,0.51126456,0.36761758,0.20702033,0.4445203,0.43185365,0.17470053,0.23235366,0.4886953,0.19831198,0.63826096,0.8161287,0.57672864,0.933327,0.8202849,0.94710994,0.14289531,0.5791036,0.8233576,0.44135362,0.58781195,0.7334786,0.18485366,0.47222862,0.46943802,0.8777154,0.585437,0.85020983,0.773062,0.8751869,0.8561869,0.32260364,0.31551033,0.113465115,0.85222864,0.71052986,0.37582344,0.42631197,0.21097866,0.59159225,0.20939532,0.52606195,0.59810364,0.5126037,0.2849203,0.20393282,0.4160203,0.64322865,0.5323953,0.6677703,0.60522866,0.8060112,0.238687,0.08747865,0.535562,0.85383415,0.44944847,0.59493697,0.14115366,0.18327034,0.5323953,0.75485367,0.604437,0.5624786,0.5012037,0.25962657,0.21018699,0.5031037,0.77702034,0.53397864,0.89616615,0.5822703,0.48806196,0.31231198,0.46035364,0.91655153,0.31310365,0.3281453,0.83182347,0.41089427,0.43264532,0.2509103,0.46726093,0.71608174,0.466687,0.12072866,0.39860365,0.26326826,0.3186453,0.48358905,0.7022523,0.5232912,0.7311037,0.46532136,0.17139532,0.6297703,0.799187,0.5680203,0.756437,0.12140157,0.6147286,0.5124255,0.4350203,0.3732703,0.09064532,0.34815466,0.33368698,0.42455053,0.9423837,0.2915109,0.8203087,0.35585362,0.61789536,0.590187,0.5996672,0.30677032,0.11043699,0.4350203,0.23371434,0.269562,0.6218537,0.27035367,0.84746283,0.68823016,0.680437,0.31547865,0.44157135,0.14257075,0.11914533,0.78414524,0.38910362,0.21810365,0.13180406,0.29647863,0.52131194,0.35427034,0.540312,0.942067,0.283812,0.22285366,0.7596037,0.15729892,0.59572864,0.32418695,0.2766078,0.9496037,0.6787286,0.3749724,0.92213285,0.32260364,0.595412,0.079561986,0.37307245,0.46431196,0.37876448,0.6773891,0.23805366,0.16110365,0.38672864,0.5585203,0.46823075,0.5268537,0.5062703,0.17772867,0.423937
BC2026_Train_0018_S22_20211028_234500_10,0.46710706,0.40350002,0.5137453,0.7839827,0.4501369,0.8962776,0.7983891,0.8495307,0.7835849,0.8804849,0.90336406,0.8588506,0.7236952,0.56699246,0.48718455,0.5562257,0.59794104,0.30834934,0.8099038,0.8213434,0.66589963,0.4712922,0.53677374,0.9003576,0.57181597,0.49431187,0.32306013,0.8453339,0.786236,0.8811568,0.27801576,0.59159493,0.41192618,0.5135097,0.324447,0.45431986,0.3580928,0.46441367,0.574772,0.35203654,0.4146178,0.574772,0.3742428,0.59159493,0.47921783,0.47921783,0.41798237,0.5391074,0.54247195,0.5438178,0.3742428,0.3742428,0.3742428,0.574099,0.251772,0.56295496,0.2493276,0.771316,0.5811142,0.35023642,0.79510164,0.25134933,0.770188,0.7843192,0.697691,0.48718682,0.43731183,0.72033066,0.3668901,0.9412047,0.4979901,0.1939821,0.06869795,0.45503128,0.45344797,0.17078337,0.17794795,0.43163753,0.18269795,0.66884077,0.8006928,0.5381563,0.9323746,0.7956854,0.79046047,0.20803128,0.3766563,0.6718688,0.3948646,0.5999062,0.63869786,0.12886462,0.5120313,0.4764261,0.8766829,0.638698,0.8604834,0.8223647,0.8564062,0.86907303,0.27690628,0.40240923,0.10752921,0.8416022,0.49772194,0.40881777,0.31728128,0.22307296,0.5614501,0.21990627,0.35923964,0.59436464,0.42653129,0.21911463,0.2227563,0.3069896,0.38298962,0.7408824,0.6204896,0.595948,0.80226135,0.086114615,0.05048962,0.40436462,0.7662158,0.56701255,0.34261462,0.09329899,0.17557295,0.6338886,0.74953127,0.5919895,0.5524063,0.41493338,0.26958337,0.2175313,0.37744796,0.82537293,0.47957295,0.8841146,0.49382296,0.46769795,0.31728128,0.45344794,0.9166126,0.2642396,0.33944795,0.8344188,0.38692817,0.41861463,0.4098113,0.41590318,0.72975945,0.40436462,0.08928129,0.28007296,0.3084938,0.20011462,0.36703753,0.63544226,0.47133964,0.66957295,0.48109692,0.12490629,0.36082298,0.88094795,0.70678127,0.6497812,0.09664378,0.54607296,0.4592865,0.2935313,0.31173962,0.07661462,0.43003443,0.3101563,0.43646672,0.87180424,0.29040423,0.7329062,0.23653129,0.5975313,0.45978126,0.5056782,0.19061461,0.28403124,0.49619794,0.11469379,0.16211462,0.53578126,0.29432294,0.8794786,0.736122,0.6687813,0.26740628,0.4882417,0.15275712,0.08532295,0.64978135,0.48828128,0.18428129,0.14670086,0.27611458,0.36953127,0.23415628,0.57378125,0.9424764,0.1454896,0.2618646,0.6125729,0.1331887,0.4043646,0.5927813,0.3088896,0.90073967,0.61313987,0.46662924,0.9015709,0.26661462,0.7704115,0.16607295,0.44925216,0.43523964,0.46364462,0.66446674,0.2016386,0.12886462,0.6070312,0.5880313,0.3765771,0.51519793,0.45028126,0.09482295,0.32994798
BC2026_Train_0018_S22_20211028_234500_15,0.63807046,0.20850001,0.5093154,0.79872763,0.43313593,0.39100885,0.79066193,0.8041202,0.6473306,0.8983286,0.92255354,0.8492729,0.49235788,0.4652341,0.42707974,0.45857224,0.61426926,0.24859843,0.7486587,0.63897324,0.64233786,0.45782408,0.27469543,0.70695764,0.45023593,0.42814845,0.27809596,0.6800464,0.39528385,0.8310172,0.13428695,0.25944945,0.24800986,0.40700665,0.35634944,0.20898071,0.17937237,0.3092453,0.44113696,0.19081196,0.3072265,0.44113696,0.22176611,0.25944945,0.2702161,0.2702161,0.2823286,0.37990156,0.41422027,0.39335987,0.22176611,0.22176611,0.22176611,0.45462224,0.26012236,0.47613534,0.22499636,0.702936,0.47837973,0.3112272,0.736376,0.21867342,0.60229534,0.72678494,0.4580734,0.40480694,0.44952345,0.62916183,0.38174638,0.91612136,0.4871964,0.14882043,0.32725626,0.3763396,0.37713125,0.34006152,0.0818396,0.5185625,0.16813128,0.6603698,0.8435219,0.63679796,0.9496646,0.77727914,0.7325896,0.1008396,0.20692295,0.5790656,0.48717293,0.65975624,0.60275626,0.1269646,0.52754796,0.45180523,0.6103365,0.7713813,0.8670146,0.73021466,0.5196312,0.6367979,0.15467295,0.44816753,0.1711594,0.8699833,0.52240294,0.4514688,0.4214646,0.16654794,0.5366481,0.21800627,0.35971463,0.64550626,0.1815896,0.19021878,0.24557605,0.09925627,0.69221455,0.53936356,0.64075625,0.60513127,0.8068092,0.11508959,0.10004792,0.5647562,0.7250047,0.68883026,0.40404794,0.10493648,0.18950626,0.5386906,0.7017146,0.3953396,0.3217146,0.32535625,0.47137916,0.3605063,0.4602563,0.8196729,0.42621458,0.91625625,0.5782145,0.24413127,0.23304793,0.3335896,0.88617295,0.34704792,0.49588126,0.89100605,0.4726657,0.56633955,0.49123418,0.19799688,0.7844537,0.35575628,0.0557146,0.28133962,0.2184417,0.32013127,0.43468544,0.5168011,0.32500005,0.4404646,0.44301772,0.1530896,0.46500626,0.73654795,0.55525625,0.5702979,0.11619793,0.6906312,0.45954373,0.27025625,0.43650627,0.07550626,0.4018907,0.33279794,0.408224,0.7025062,0.24231043,0.3977146,0.40563127,0.3296313,0.5869229,0.63203806,0.2172146,0.15388127,0.30667293,0.25673857,0.2860896,0.52279794,0.27263126,0.91224176,0.55869836,0.5964229,0.49350628,0.48186883,0.20524462,0.22038127,0.79275626,0.61938125,0.20138127,0.1285321,0.26550627,0.36129794,0.18317294,0.5972146,0.8963854,0.22750627,0.24492294,0.25679794,0.1488922,0.25679794,0.4665896,0.49522817,0.9130896,0.6232715,0.39676458,0.88997287,0.11667293,0.74594903,0.21483961,0.26289377,0.710423,0.5578529,0.55379164,0.28595108,0.17367293,0.62333953,0.5940479,0.5777001,0.45392296,0.43808964,0.15942293,0.72150624
BC2026_Train_0018_S22_20211028_234500_20,0.5203808,0.29024997,0.67587745,0.7464255,0.4596838,0.5022299,0.76470244,0.870485,0.7707587,0.8710233,0.9120712,0.8232462,0.6018566,0.49884048,0.49762923,0.4909673,0.5675088,0.2665963,0.8339155,0.5970488,0.6562655,0.45015112,0.62408906,0.8350921,0.59600884,0.46609634,0.33532166,0.7106758,0.5784675,0.86825705,0.24392389,0.48684683,0.29775724,0.4336864,0.37043223,0.32601973,0.29506558,0.39465722,0.54942805,0.27622387,0.36841348,0.54942805,0.35091767,0.48684683,0.44781765,0.44781765,0.3435156,0.48348224,0.4727156,0.46531352,0.35091767,0.35091767,0.35091767,0.57020766,0.17461346,0.5696313,0.25997996,0.8105505,0.50471777,0.39933902,0.75793636,0.23168382,0.7806453,0.7557474,0.7044672,0.57669216,0.33713382,0.51505035,0.37967992,0.9097008,0.5658008,0.1942141,0.19217235,0.3885057,0.40829736,0.24859838,0.228589,0.40176612,0.37583902,0.479013,0.80804944,0.703589,0.92918235,0.79554117,0.80753493,0.16208899,0.444714,0.80727756,0.563464,0.5975057,0.7091307,0.22938068,0.7471307,0.42537755,0.8553189,0.55713075,0.8183411,0.66163075,0.905464,0.7843391,0.31804734,0.3282599,0.1523713,0.86172444,0.6473268,0.3785109,0.39958903,0.20008901,0.67897516,0.16921401,0.44550568,0.47796404,0.51438063,0.34298488,0.23347756,0.34575573,0.727339,0.40422025,0.7574223,0.551589,0.6676869,0.15654735,0.08054734,0.47242236,0.7055745,0.5471359,0.3980057,0.08959213,0.15258901,0.42979112,0.5856307,0.784339,0.36633903,0.5535681,0.38264737,0.192964,0.3536724,0.76138073,0.49538067,0.9181307,0.504089,0.487464,0.26104733,0.42650568,0.9013869,0.34100568,0.3671307,0.88451755,0.33184212,0.44392237,0.24481817,0.50458384,0.79609525,0.48825568,0.08213067,0.28717235,0.22949941,0.29350567,0.46208718,0.69479465,0.47016215,0.69883907,0.39220676,0.13358901,0.50725573,0.786714,0.41225567,0.69963074,0.1310161,0.6172974,0.35495883,0.35129735,0.35683903,0.10667233,0.39355254,0.29588068,0.36208385,0.88054234,0.29857233,0.50488067,0.20563066,0.663214,0.65371406,0.5794161,0.21513069,0.29746404,0.49617234,0.38535884,0.20167233,0.499339,0.24363068,0.87090784,0.76258326,0.6766724,0.34575573,0.5354391,0.19502233,0.08450567,0.78592235,0.31567234,0.14625567,0.15599318,0.24204732,0.43679735,0.2578807,0.563464,0.94355905,0.28954735,0.3908807,0.6180891,0.14575416,0.4478807,0.25550568,0.38757548,0.91654736,0.59706587,0.4091682,0.8680578,0.33783904,0.77171195,0.116964005,0.54822445,0.56821406,0.46822652,0.74935526,0.2100442,0.13913068,0.6640057,0.56742233,0.5158849,0.60938066,0.48508903,0.18900567,0.41779733
BC2026_Train_0018_S22_20211028_234500_25,0.57453275,0.23699999,0.4981416,0.75598675,0.46758258,0.87756354,0.77161497,0.8630307,0.7332587,0.87928164,0.90081495,0.74133366,0.6491441,0.5617197,0.55566347,0.5819072,0.6696951,0.30299506,0.7127885,0.51024055,0.64818853,0.37760866,0.7146577,0.7794517,0.6443618,0.49893257,0.25352386,0.7358553,0.62264687,0.8759802,0.2011685,0.40237057,0.24221641,0.33844352,0.350556,0.26442266,0.2738435,0.34382683,0.47773725,0.23952475,0.2906664,0.47773725,0.2751893,0.40237057,0.374781,0.374781,0.30210596,0.4299602,0.4387081,0.43736225,0.2751893,0.2751893,0.2751893,0.399006,0.16213933,0.5778697,0.28444687,0.8311951,0.5811036,0.38118005,0.7957641,0.24100758,0.7076357,0.7607962,0.74886173,0.57000834,0.32579508,0.6955753,0.4939219,0.89339685,0.59968853,0.4613244,0.20943387,0.35826722,0.27830884,0.21956721,0.2585172,0.47214848,0.38122553,0.5763912,0.79293185,0.69789225,0.92440385,0.84640896,0.9315923,0.19360054,0.49047554,0.731162,0.5474755,0.65276724,0.8554339,0.36539218,0.8293088,0.37861308,0.8962522,0.76597553,0.84724015,0.72718394,0.83247554,0.8886443,0.24901721,0.30345222,0.15496719,0.83845264,0.46462765,0.26318806,0.48018384,0.18885055,0.6064518,0.19439219,0.3392672,0.53005886,0.5474755,0.31385472,0.19377865,0.35985056,0.60685056,0.49134636,0.5530172,0.54905885,0.67550784,0.3178922,0.100183874,0.4089339,0.66515684,0.47026828,0.5229339,0.15534325,0.19518387,0.5371047,0.53005886,0.73351717,0.38043386,0.308511,0.3461943,0.34480888,0.3558922,0.73589224,0.47068387,0.90135056,0.6306005,0.49522555,0.39705887,0.5886422,0.86204433,0.54272556,0.39151725,0.8621264,0.37592137,0.61080885,0.23548763,0.4614808,0.6214964,0.51739216,0.1492672,0.3083922,0.3604443,0.28305888,0.5951339,0.68414885,0.57023597,0.6963089,0.47343493,0.17935053,0.45722553,0.8799755,0.4366422,0.80793387,0.17119639,0.5213505,0.4058464,0.33847556,0.3131422,0.081975535,0.30334532,0.35430887,0.35789117,0.8831422,0.33837658,0.54351723,0.31076717,0.6994755,0.5245172,0.5003714,0.2791005,0.42872554,0.4200172,0.21099743,0.3796422,0.5205589,0.28305888,0.82556826,0.74996805,0.7382672,0.4944339,0.48978284,0.25702095,0.22764221,0.81980884,0.34718388,0.16905887,0.13118555,0.28543386,0.4271422,0.26405886,0.5268922,0.95347387,0.43505886,0.3036422,0.5553922,0.18727511,0.6092255,0.27989218,0.30346408,0.89422554,0.6071751,0.3665006,0.87859005,0.16510054,0.6408526,0.1017672,0.6570422,0.41210055,0.31556475,0.7976818,0.21523283,0.14610055,0.6757256,0.6258505,0.46126306,0.75251716,0.5474755,0.32818386,0.40893388
BC2026_Train_0018_S22_20211028_234500_30,0.66480213,0.25575,0.651675,0.7402084,0.48054168,0.63829166,0.80644584,0.8872631,0.7620334,0.87844795,0.9154584,0.7526125,0.6833021,0.55047363,0.48264354,0.4971785,0.6990417,0.28460416,0.775963,0.6958859,0.7887484,0.45141527,0.5793021,0.81304175,0.76475006,0.48909166,0.22646418,0.70637506,0.5622917,0.8504583,0.2482936,0.47170192,0.28799567,0.41921443,0.32971647,0.33711857,0.31894982,0.3707644,0.5389936,0.28395814,0.33038944,0.5389936,0.31827694,0.47170192,0.438729,0.438729,0.3223144,0.46766442,0.446804,0.4474769,0.31827694,0.31827694,0.31827694,0.50063735,0.16350608,0.55451113,0.28615835,0.833625,0.5060809,0.35346335,0.7294892,0.23401666,0.8463708,0.8113792,0.681625,0.48196664,0.31096664,0.7458833,0.42509586,0.90041256,0.60425,0.2816354,0.19773224,0.5373572,0.2919406,0.2090531,0.28719056,0.45830935,0.27610725,0.53628856,0.818874,0.5318156,0.94405234,0.84456354,0.80030936,0.23573226,0.618899,0.8697949,0.6188989,0.59119064,0.8377156,0.16131558,0.6339406,0.4155,0.8587918,0.8445239,0.88109887,0.6816622,0.88806564,0.90188015,0.32756558,0.36140144,0.21174476,0.85402393,0.6301209,0.25095206,0.40594056,0.19377391,0.6548614,0.21435726,0.4083156,0.6473989,0.48669064,0.2759489,0.2337531,0.44077393,0.44473225,0.4286614,0.6173156,0.58564895,0.66339064,0.26344058,0.12331559,0.37189892,0.7842187,0.5372781,0.4550239,0.17127079,0.17873223,0.50671977,0.5642739,0.7993989,0.39010727,0.58608437,0.38420936,0.37348226,0.28798229,0.81681556,0.5199406,0.9069864,0.5888156,0.4645239,0.28323227,0.44552395,0.88426566,0.5167739,0.40673226,0.89196366,0.3354229,0.5737739,0.24902435,0.5995031,0.7061605,0.43602392,0.14231558,0.3940656,0.17770308,0.38139892,0.44861344,0.64635193,0.50648427,0.89914894,0.44342604,0.16131559,0.48273227,0.8746468,0.42573225,0.7083573,0.14405726,0.53498226,0.36063746,0.4866906,0.34735727,0.08848225,0.45146143,0.38298228,0.35693642,0.85624063,0.33310726,0.49460727,0.2293989,0.59594053,0.5318156,0.60051244,0.18506558,0.26344058,0.50252396,0.34825087,0.25394058,0.63156563,0.24919058,0.781824,0.8165093,0.7479406,0.4368156,0.54844064,0.19519101,0.07819059,0.7360656,0.3584406,0.24048226,0.1669285,0.37981558,0.56427395,0.4938156,0.5341906,0.941044,0.33785725,0.24681559,0.69094056,0.1636791,0.5318156,0.31173226,0.35487813,0.9070656,0.6142372,0.242976,0.825524,0.27135727,0.77042395,0.1391489,0.39169064,0.46214893,0.46974102,0.7124304,0.18540204,0.14152391,0.56031567,0.62364894,0.6607781,0.5523989,0.5721906,0.24285725,0.4795656
BC2026_Train_0018_S22_20211028_234500_35,0.5635967,0.22874999,0.5146936,0.7247393,0.47211856,0.48920232,0.7981935,0.8481576,0.7773331,0.9260477,0.9024956,0.721481,0.73628515,0.4922894,0.47169816,0.47472626,0.6368643,0.2783185,0.7523972,0.65145963,0.69318056,0.42690742,0.6340551,0.80548936,0.49634352,0.46998104,0.21673003,0.60058975,0.4735273,0.84204817,0.2069319,0.4390882,0.23721316,0.40140486,0.3152715,0.3045048,0.278934,0.32469234,0.5137819,0.238559,0.3018132,0.5137819,0.29979444,0.4390882,0.42159235,0.42159235,0.30181316,0.432359,0.41419026,0.40947986,0.29979444,0.29979444,0.29979444,0.45792985,0.1302194,0.4892613,0.25763983,0.839531,0.4245711,0.34765667,0.6621779,0.22345603,0.73681223,0.7839165,0.727906,0.41013098,0.3196435,0.5062149,0.38303986,0.8954462,0.57288146,0.25643006,0.38556117,0.47976953,0.32776952,0.21224558,0.1931862,0.3653737,0.2359362,0.47450498,0.8180883,0.6784778,0.9602795,0.850507,0.8106862,0.12826952,0.40614456,0.77925706,0.4591862,0.59772784,0.8322195,0.16864453,0.6515612,0.3685008,0.86003476,0.7046028,0.813932,0.62236446,0.7932695,0.84559864,0.2953112,0.33710328,0.15908517,0.8360195,0.5428527,0.26928514,0.33014452,0.16389452,0.6229207,0.16151951,0.2588945,0.77031124,0.46076953,0.31474665,0.22269559,0.31272784,0.4631445,0.4494487,0.6001028,0.57951945,0.5433404,0.18685286,0.083144516,0.5438945,0.6092831,0.5077747,0.46235287,0.12967473,0.1361862,0.4736737,0.4663112,0.79801947,0.37131122,0.5106445,0.2993487,0.27393618,0.3736862,0.7513112,0.4093112,0.88320285,0.6832279,0.46551955,0.28660288,0.60485286,0.86570704,0.30085284,0.48768616,0.85460585,0.26487163,0.64601946,0.2852887,0.54745704,0.63685596,0.42989454,0.10056119,0.30322787,0.27452993,0.30876952,0.5065675,0.64591265,0.510605,0.81939447,0.3789508,0.14647786,0.5462695,0.83522785,0.49560288,0.5739779,0.16266744,0.6072278,0.30629557,0.40851954,0.2881862,0.11006118,0.4532487,0.3348945,0.4303893,0.92601615,0.48176855,0.4108945,0.2501862,0.67056113,0.64760286,0.5419748,0.21851954,0.14093618,0.43147787,0.16286537,0.16943619,0.5510195,0.16785286,0.78828204,0.76725775,0.73706114,0.38081118,0.5403122,0.19848245,0.07760286,0.8035612,0.27314454,0.16072786,0.15810744,0.26285285,0.32460287,0.3372695,0.56843615,0.94070953,0.13222785,0.2216862,0.4924362,0.13131784,0.41643617,0.17101952,0.2879685,0.8890611,0.6373243,0.35527998,0.8512987,0.31747785,0.7225342,0.101352856,0.58189446,0.5058945,0.49994913,0.7427612,0.18148932,0.13381119,0.46156123,0.5708112,0.5738987,0.63889444,0.4322695,0.19793619,0.41485286
BC2026_Train_0018_S22_20211028_234500_40,0.4543958,0.22875002,0.52183145,0.74332064,0.45475817,0.65423596,0.8210102,0.88537467,0.765831,0.89637685,0.91521853,0.8129352,0.6743144,0.47689077,0.48597515,0.46175012,0.7528207,0.2766331,0.75378054,0.6232347,0.74032223,0.39915344,0.4995208,0.7773623,0.66415393,0.4618832,0.26128826,0.661361,0.50001925,0.832361,0.21879268,0.44018227,0.24032602,0.37289062,0.3405906,0.29348642,0.26522392,0.32780516,0.5000718,0.23359685,0.31636557,0.5000718,0.2881031,0.44018227,0.38702184,0.38702184,0.29550514,0.42134058,0.41259268,0.417976,0.2881031,0.2881031,0.2881031,0.45565933,0.12323851,0.55851555,0.25919425,0.79398733,0.42306378,0.3782475,0.7285006,0.22960813,0.67466336,0.7937696,0.69186234,0.6637423,0.3143956,0.69786644,0.6106943,0.8926068,0.580611,0.24539584,0.3031541,0.42507076,0.21686246,0.120793685,0.26436242,0.3805791,0.2247791,0.50097185,0.8153228,0.4765291,0.9435808,0.8142146,0.7187791,0.20023744,0.51452917,0.7395802,0.5493624,0.6617791,0.8019041,0.17569578,0.66098744,0.37816453,0.84057796,0.65782076,0.8629812,0.6541158,0.7947791,0.8494041,0.27386242,0.32950076,0.10868119,0.86444575,0.7060571,0.39841142,0.3079041,0.20340411,0.563658,0.10523744,0.36015412,0.5137375,0.36965412,0.21595204,0.25608954,0.31819576,0.4361541,0.43205726,0.6388207,0.58261245,0.6616406,0.3435291,0.068820775,0.4456541,0.5206013,0.459627,0.40290412,0.09126453,0.18519579,0.5202093,0.5580708,0.6332791,0.38627908,0.29021034,0.36288533,0.31423742,0.40607074,0.82015204,0.43219575,0.89057076,0.68077916,0.47177908,0.18361245,0.39182076,0.8841187,0.48602906,0.31898743,0.81539613,0.30414367,0.49711242,0.3019112,0.39142495,0.4815562,0.4361541,0.104445785,0.37123743,0.3630833,0.21369578,0.36347914,0.6180781,0.4435562,0.56994575,0.3832114,0.14402911,0.35619578,0.7686541,0.43536243,0.69186246,0.12712702,0.5406541,0.2846885,0.31661242,0.22240412,0.07990411,0.37796658,0.26436242,0.31293118,0.88870245,0.22754996,0.5066124,0.18677913,0.66969573,0.6221957,0.46675202,0.24457079,0.18994579,0.4131958,0.15885308,0.30948743,0.53273743,0.17727911,0.803626,0.70084786,0.6538624,0.48207074,0.48325828,0.2211612,0.094154105,0.7338208,0.32057077,0.14719579,0.13771953,0.23032078,0.35382077,0.27465412,0.5232374,0.9474441,0.17411244,0.2057791,0.42982078,0.17193536,0.42190412,0.32136247,0.33280203,0.9325291,0.60192907,0.28771663,0.8988437,0.2873208,0.7520687,0.13611244,0.6257583,0.37757075,0.4391862,0.6090938,0.1302937,0.12740411,0.4583208,0.6095291,0.46853325,0.6285291,0.49394575,0.20182078,0.49473745
BC2026_Train_0018_S22_20211028_234500_45,0.6394123,0.13875,0.42665988,0.71520394,0.41120395,0.36615938,0.77980655,0.8522125,0.6156149,0.87199616,0.91910034,0.6903087,0.47389865,0.4063447,0.4063447,0.41724592,0.63841224,0.23450392,0.7321624,0.42820594,0.6204582,0.36582658,0.20320386,0.7381622,0.4646414,0.40194142,0.18771406,0.6018385,0.36758438,0.7680885,0.16337195,0.20778446,0.19499905,0.32352614,0.27844068,0.1492407,0.11357614,0.23066364,0.44128653,0.10550112,0.26296362,0.44128653,0.15193237,0.20778446,0.26363653,0.26363653,0.23604697,0.29728237,0.3060303,0.31545112,0.15193237,0.15193237,0.15193237,0.37264904,0.17279279,0.4360203,0.22793438,0.67007893,0.39807415,0.2714985,0.73749334,0.18605392,0.58491534,0.7592009,0.4724789,0.3214289,0.3577664,0.52477115,0.4302844,0.8754385,0.57017183,0.15253721,0.33289352,0.42393517,0.34397686,0.28968832,0.3123102,0.4986289,0.27193516,0.505556,0.7573456,0.68914354,0.9667335,0.78932893,0.75326854,0.20147683,0.47697687,0.50561535,0.39068517,0.7231852,0.73506016,0.18089351,0.64085186,0.45174247,0.5824467,0.7295186,0.88658524,0.6811319,0.50547683,0.56643516,0.1405185,0.38965604,0.2217237,0.85460186,0.7107814,0.35274458,0.2473935,0.11835183,0.5318651,0.2782685,0.3613935,0.58068514,0.32972687,0.14637683,0.27110395,0.22997685,0.70101845,0.4585508,0.7057685,0.65510184,0.5917547,0.12310183,0.07243517,0.47697687,0.68289566,0.6087696,0.4928102,0.15720287,0.18010184,0.47402793,0.6076018,0.36218518,0.21493517,0.36467895,0.3269956,0.5268519,0.30043516,0.8650123,0.48726854,0.9076435,0.67093515,0.0977685,0.36376852,0.41047683,0.84811026,0.46985182,0.6954769,0.8757928,0.4349196,0.52289355,0.5444269,0.45597792,0.568731,0.32972687,0.14131017,0.41997686,0.31694144,0.20622683,0.47804558,0.47679874,0.3326956,0.37168518,0.4436477,0.1713935,0.5664352,0.7540602,0.5015185,0.69626856,0.15377891,0.6741018,0.29958415,0.24185184,0.4231435,0.0716435,0.4243508,0.39464352,0.36180913,0.6258102,0.27126226,0.34793517,0.41997683,0.50231016,0.55297685,0.44222265,0.17693515,0.19831017,0.33447686,0.36363,0.22681016,0.46351853,0.37010184,0.86973655,0.4269831,0.5965185,0.47856018,0.40719143,0.12452684,0.20543516,0.72872686,0.62343514,0.31072685,0.11039558,0.24343516,0.42393517,0.36693516,0.46747684,0.9012152,0.09618518,0.27431017,0.2355185,0.114749745,0.4041435,0.30597687,0.5577665,0.8910185,0.56223935,0.48315185,0.8340186,0.16347684,0.51644146,0.23947684,0.40006644,0.56881016,0.5033789,0.49352267,0.2386258,0.19197683,0.69706017,0.63372684,0.5524227,0.5925602,0.48014352,0.22047684,0.74931014
BC2026_Train_0018_S22_20211028_234500_50,0.43843457,0.10949999,0.50782293,0.7548467,0.39550918,0.35115206,0.7643388,0.7949228,0.5217523,0.89824927,0.92314714,0.82332,0.46118978,0.40421593,0.3866528,0.4005822,0.64005506,0.22735916,0.6899538,0.48108044,0.6711122,0.32604042,0.14155953,0.48172164,0.43398416,0.3947967,0.17286716,0.41313958,0.24427706,0.78728133,0.10976778,0.14812404,0.16561987,0.28607196,0.25848237,0.1104407,0.08285111,0.19791989,0.41325325,0.07544903,0.23291156,0.41325325,0.13668446,0.14812404,0.22685531,0.22685531,0.1750407,0.21810739,0.24502404,0.24636987,0.13668446,0.13668446,0.13668446,0.31837195,0.123899035,0.3987653,0.23145208,0.5909717,0.39288086,0.29295272,0.6661523,0.16465917,0.5942373,0.7119977,0.45108417,0.29504666,0.39337167,0.49752727,0.39033955,0.8837855,0.5569063,0.13047619,0.11363333,0.50471663,0.34242502,0.31416252,0.14054999,0.46038336,0.17063335,0.46396565,0.77896976,0.5815083,0.9637567,0.75029165,0.72321665,0.055841666,0.25930002,0.428875,0.37409168,0.5728,0.5894249,0.056633335,0.4809667,0.3334792,0.52739793,0.6860083,0.92176664,0.581065,0.51738334,0.5917999,0.1263,0.38406664,0.1284375,0.82534164,0.5520496,0.28536564,0.3448,0.111258335,0.47919536,0.15163332,0.33767503,0.5545917,0.19042501,0.113435425,0.1932948,0.157175,0.48809168,0.5124948,0.6361333,0.6575083,0.5660352,0.21813333,0.0313,0.41050836,0.5332886,0.66546464,0.32896665,0.09215938,0.10255001,0.5198969,0.5648833,0.14688331,0.27117503,0.25886458,0.35038128,0.41209167,0.313925,0.8784625,0.518175,0.89275205,0.6551333,0.10650834,0.21338332,0.3147167,0.8268459,0.33292502,0.4168417,0.8987589,0.3577042,0.43188334,0.4325167,0.24774167,0.68662184,0.28384167,0.081175,0.43109167,0.3264729,0.271175,0.41023123,0.4076188,0.4095584,0.44613335,0.36100942,0.1453,0.43346667,0.6757167,0.44138336,0.64800835,0.120164596,0.6575083,0.33852604,0.34638333,0.3163,0.07563333,0.4576917,0.31234166,0.4864688,0.49284166,0.25682607,0.34480003,0.33213335,0.38279998,0.5965499,0.5231031,0.23317498,0.13896666,0.33213335,0.19739169,0.27671665,0.51421666,0.242675,0.8482565,0.40394068,0.6385083,0.44455,0.5428157,0.1270125,0.13975833,0.7382583,0.43346667,0.12867498,0.07990834,0.25375834,0.45800835,0.23871666,0.5007583,0.8764834,0.089091666,0.2498,0.12788334,0.14486775,0.35350835,0.35034168,0.21684688,0.8859438,0.6051966,0.35204378,0.8601354,0.15005001,0.60333854,0.14054999,0.30521667,0.49996665,0.50653744,0.5407771,0.18973231,0.13659167,0.54746664,0.5759666,0.4560292,0.42950833,0.49917498,0.13975835,0.43346667
BC2026_Train_0018_S22_20211028_234500_55,0.57392406,0.1245,0.49651375,0.730413,0.40582964,0.498114,0.7832436,0.84733886,0.6493331,0.8882186,0.9386873,0.84505093,0.6654832,0.4418893,0.40312928,0.4582412,0.692413,0.23554213,0.68827355,0.45349294,0.6088694,0.35235357,0.079924114,0.724333,0.4770796,0.4129547,0.24263863,0.56057656,0.38696402,0.81707656,0.114424944,0.22209162,0.15479995,0.299477,0.29476658,0.15614578,0.13259369,0.2220916,0.41589165,0.1043312,0.26448536,0.41589165,0.1971937,0.22209162,0.2335312,0.2335312,0.20055829,0.25506455,0.2954395,0.30014992,0.1971937,0.1971937,0.1971937,0.36609575,0.14941661,0.41342494,0.22878908,0.6860796,0.40577027,0.3022084,0.7021228,0.17996714,0.61100984,0.7381912,0.45570463,0.5665379,0.47784913,0.76305604,0.63895154,0.8764516,0.5653266,0.13534077,0.09273857,0.46640524,0.30094692,0.36556673,0.10461356,0.34718028,0.21544689,0.4771521,0.74301356,0.5740718,0.9562569,0.78952396,0.66828024,0.12440522,0.19644691,0.4853261,0.2700719,0.75457186,0.5392386,0.04365523,0.30886358,0.3618261,0.5708657,0.5629885,0.9349928,0.6432636,0.5526969,0.5526969,0.1489469,0.39682567,0.17378545,0.8519469,0.51167035,0.40136984,0.41573855,0.12044689,0.6082284,0.25503024,0.2083219,0.5859469,0.1536969,0.12005107,0.19425002,0.09353022,0.6849052,0.43218544,0.70073855,0.6793636,0.62032825,0.098280236,0.04840523,0.4632386,0.64030516,0.48158544,0.36348858,0.10528648,0.1988219,0.43016672,0.6548219,0.3872386,0.34290525,0.21952397,0.23971148,0.34132192,0.4173219,0.9277569,0.57169694,0.9089469,0.50361353,0.13153023,0.13311356,0.15765524,0.8817532,0.44265524,0.4315719,0.8966405,0.3699011,0.44423857,0.4250882,0.29892817,0.6381573,0.2771969,0.11490522,0.40386358,0.19106357,0.30015525,0.46145737,0.50761145,0.28919068,0.5020302,0.43745002,0.14103022,0.4236552,0.6991552,0.5344885,0.59386355,0.080348976,0.61761355,0.3461907,0.37615523,0.40386358,0.052363563,0.276049,0.26373854,0.20501669,0.55982184,0.1833646,0.36665523,0.26690522,0.4315719,0.5012385,0.41340318,0.23365521,0.16953023,0.31044692,0.11656773,0.21148856,0.49094692,0.2581969,0.893344,0.4396865,0.5835719,0.44028026,0.47473755,0.11352773,0.14340523,0.5946552,0.31282192,0.12440522,0.09939647,0.20911355,0.4766969,0.23603024,0.39673856,0.88731855,0.18457189,0.21228024,0.15765522,0.10726564,0.2534469,0.21307188,0.35776877,0.93823856,0.5197636,0.3606386,0.8440698,0.05948856,0.4684636,0.14736354,0.38181567,0.58278024,0.50314647,0.58998436,0.15777399,0.17823857,0.5392386,0.6912386,0.36285526,0.47353026,0.37378025,0.13786356,0.30253026
BC2026_Train_0018_S22_20211028_234500_60,0.52103126,0.1845,0.4982612,0.7193051,0.40438014,0.49896663,0.80208313,0.7805498,0.68701446,0.86331856,0.9063852,0.778531,0.6399102,0.427971,0.39405602,0.40253475,0.57205516,0.23908012,0.7190499,0.5992706,0.69953525,0.42188978,0.2819479,0.8123101,0.58630514,0.39583015,0.22750913,0.59412503,0.4804417,0.85141665,0.18667085,0.37710625,0.20282084,0.35624585,0.27886036,0.22570002,0.23041043,0.26742083,0.46525833,0.17657709,0.30510417,0.46525833,0.27213123,0.37710625,0.31990835,0.31990835,0.24521458,0.3582646,0.36903128,0.3777792,0.27213123,0.27213123,0.27213123,0.45247293,0.09784584,0.4073798,0.21539167,0.80243015,0.39883453,0.2389495,0.7430314,0.17139262,0.6624833,0.7452521,0.6828885,0.3794426,0.39862314,0.5182469,0.40420413,0.8673292,0.45479164,0.14103127,0.18786609,0.6470328,0.28049114,0.52844113,0.16728276,0.25761196,0.51878273,0.42479217,0.7433985,0.49107444,0.9236411,0.77856815,0.5908244,0.1664911,0.24407445,0.61049736,0.31215778,0.49344942,0.6850328,0.1997411,0.72382444,0.41036403,0.85749835,0.66682446,0.80793905,0.65824276,0.5512411,0.76340777,0.26624107,0.38728696,0.1892911,0.85116404,0.7001576,0.25432652,0.24328277,0.0809911,0.46052504,0.1332411,0.19815777,0.48553276,0.31769946,0.22345152,0.14590779,0.2519911,0.37944943,0.5718442,0.6351578,0.55757445,0.6298773,0.24407443,0.05644943,0.35332444,0.6957164,0.4988724,0.48553276,0.07604318,0.09840776,0.509263,0.6501995,0.59794945,0.3137411,0.24815151,0.20373902,0.35490778,0.39053276,0.7861683,0.35490778,0.92253274,0.42378274,0.43169942,0.1427411,0.4404078,0.8886494,0.35253277,0.3477828,0.832076,0.28520155,0.46653277,0.2513578,0.36118174,0.6876651,0.40003276,0.07782443,0.2234911,0.3242307,0.23378275,0.5668191,0.6619151,0.4726108,0.6589078,0.35548174,0.07307443,0.3778661,0.8354494,0.3841994,0.53382444,0.122514024,0.6660328,0.16415568,0.27178276,0.31215778,0.061991103,0.41434214,0.3477828,0.17452653,0.7675561,0.14786713,0.54728276,0.19815776,0.5860745,0.5140328,0.41244215,0.11819944,0.37944943,0.39449108,0.15156819,0.1284911,0.5385744,0.13403277,0.7943382,0.76069635,0.61457443,0.3628244,0.3854067,0.09793277,0.040616095,0.6533661,0.3612411,0.14194945,0.106680684,0.1854911,0.36519945,0.3058244,0.4459494,0.9540728,0.17519943,0.17757443,0.45940775,0.18081036,0.4570328,0.15144941,0.17282446,0.9090744,0.5845604,0.23271403,0.79859734,0.1641161,0.57045877,0.07228277,0.4313828,0.5971578,0.507739,0.7643538,0.13660568,0.084949434,0.44119945,0.54490775,0.42916614,0.6121994,0.43169945,0.17994943,0.48869944
BC2026_Train_0019_S22_20211104_200000_5,0.20264883,0.1875,0.47567582,0.4083835,0.58421266,0.41440365,0.6208913,0.8377387,0.8686592,0.47022521,0.84901,0.4435777,0.65722877,0.46110138,0.47139707,0.76956636,0.8974356,0.24023351,0.53007704,0.63639784,0.89870083,0.89166886,0.79560715,0.60321265,0.9613627,0.566796,0.37086326,0.59846616,0.48707864,0.8752328,0.11503981,0.202519,0.242894,0.18906066,0.12917107,0.13320856,0.09485232,0.17829399,0.29807317,0.14801274,0.18502316,0.29807317,0.12513356,0.202519,0.2153044,0.2153044,0.20521067,0.21530442,0.24895021,0.2146315,0.12513356,0.12513356,0.12513356,0.28192315,0.0820669,0.45443952,0.036778644,0.571546,0.42555082,0.24568018,0.66712785,0.89438766,0.8276107,0.91239816,0.59846264,0.21885851,0.2829835,0.41874713,0.13082863,0.32320365,0.16859114,0.15910715,0.15445536,0.34603873,0.2320387,0.08496682,0.1132887,0.51513875,0.4394554,0.27112722,0.8430668,0.37849706,0.8788303,0.658747,0.50991374,0.0705387,0.12595537,0.29586685,0.58749706,0.9077658,0.37612203,0.5479137,0.67141366,0.31864706,0.83431,0.60728866,0.9359491,0.18295537,0.8325178,0.18849705,0.1631637,0.7851956,0.49073556,0.613622,0.46708372,0.084511615,0.14495537,0.21462205,0.6566887,0.17108037,0.5407887,0.44578868,0.630247,0.8782644,0.90972024,0.30091372,0.078455366,0.22726893,0.24628872,0.8619283,0.45384395,0.27953872,0.40224704,0.11408038,0.555182,0.81779283,0.09824704,0.45548666,0.08637204,0.23601684,0.7553304,0.40699705,0.14416371,0.19395955,0.36757204,0.7869971,0.14416371,0.66903865,0.6310387,0.7727471,0.24549705,0.048372034,0.7244554,0.632622,0.42678872,0.079247035,0.1821637,0.70513874,0.42093042,0.11724704,0.4971873,0.12601475,0.5141689,0.36187205,0.19166371,0.49170536,0.100622036,0.27637205,0.07683246,0.77835697,0.08894495,0.1109137,0.24757516,0.46874705,0.34208038,0.25658038,0.3602887,0.3341637,0.62144566,0.42203867,0.07239912,0.5336637,0.23995537,0.5550387,0.18052098,0.4362887,0.7720346,0.048372034,0.45041996,0.54316366,0.46637204,0.11645536,0.49249703,0.32911685,0.57958037,0.8124887,0.3436637,0.13100225,0.054705366,0.37295538,0.81989074,0.82327515,0.20417206,0.58274704,0.57324696,0.6913241,0.41374564,0.0942887,0.42678872,0.23362206,0.034913704,0.8324008,0.56928873,0.030955367,0.09033037,0.30724704,0.30249706,0.049955368,0.45449704,0.06499704,0.23108871,0.1679137,0.10220537,0.687826,0.51941365,0.68598044,0.062938705,0.67933035,0.19166371,0.82624394,0.04599703,0.45725402,0.1584137,0.3370331,0.17171371,0.34109083,0.14495537,0.33099702,0.40303874,0.36891788,0.26845536,0.47745538,0.509122,0.64449704
BC2026_Train_0019_S22_20211104_200000_10,0.15899703,0.15900001,0.56373084,0.38649774,0.5828311,0.32893205,0.46393728,0.8710855,0.8621357,0.43850103,0.82549536,0.48816228,0.5751704,0.44905528,0.46722406,0.7744778,0.92510813,0.24969773,0.6662213,0.6170984,0.92865884,0.9075292,0.82558036,0.4670102,0.94102067,0.5709561,0.32005712,0.41585702,0.45504457,0.87910086,0.10848236,0.17442821,0.18452196,0.15962403,0.12261361,0.11251987,0.08089278,0.18317612,0.25046778,0.16366154,0.16904487,0.25046778,0.113865696,0.17442821,0.18721361,0.18721361,0.17173652,0.18519488,0.24037403,0.21076569,0.113865696,0.113865696,0.113865696,0.25248653,0.05464903,0.47267467,0.053907037,0.66437274,0.47512883,0.35097566,0.7009597,0.91493523,0.8218155,0.9463051,0.6809978,0.21763526,0.20196025,0.3839948,0.12515703,0.27549452,0.16363204,0.18433036,0.16233063,0.23120563,0.18845564,0.06248167,0.1156223,0.26912645,0.2597056,0.34395874,0.86588883,0.34283063,0.795664,0.7530327,0.43703896,0.18687229,0.17420562,0.39122126,0.5407473,0.94045985,0.3333306,0.5660807,0.74499726,0.3683223,0.8197188,0.56291395,0.9386786,0.19716395,0.88836807,0.31749728,0.12828895,0.66840637,0.21388793,0.5090806,0.4278754,0.11851188,0.14808062,0.25653896,0.6832671,0.1441223,0.681664,0.5169973,0.6998723,0.85762775,0.9355238,0.21933064,0.08870564,0.1660119,0.37528893,0.8405119,0.45130876,0.15045562,0.30403894,0.14728896,0.60216093,0.78937024,0.11483063,0.19944002,0.12828895,0.2077327,0.6951223,0.36816394,0.1678723,0.19130562,0.3231973,0.8600265,0.09978897,0.6167473,0.47741395,0.7560807,0.21774729,0.11245563,0.7687473,0.5977473,0.3832056,0.099788964,0.3024556,0.6206859,0.45983896,0.24624729,0.65091056,0.15237543,0.44552958,0.45999727,0.1631223,0.5890389,0.11502855,0.1892473,0.089259796,0.84111756,0.102045216,0.1369973,0.30291086,0.40695563,0.3167056,0.2794973,0.42041397,0.3784556,0.6521863,0.35787228,0.05256605,0.6618723,0.30403894,0.593789,0.2728275,0.49562228,0.74495775,0.052288964,0.37899002,0.5454973,0.43149728,0.12195563,0.37845564,0.35334,0.64208066,0.83053696,0.35312226,0.15906501,0.19478896,0.342039,0.83247644,0.79247755,0.20052856,0.45445558,0.5336223,0.62729627,0.42279172,0.15441395,0.3309556,0.26287228,0.04041396,0.83491963,0.6753307,0.0704973,0.17578895,0.28583062,0.39903894,0.16312228,0.39824727,0.07841396,0.15678898,0.16233063,0.06258063,0.7189793,0.591034,0.57063276,0.11233688,0.66345567,0.17499729,0.8547183,0.072872296,0.29554042,0.1607473,0.29964796,0.23393689,0.24317959,0.1536223,0.42991394,0.4615806,0.3770306,0.38874727,0.5827057,0.45287225,0.40141395
BC2026_Train_0019_S22_20211104_200000_15,0.13108334,0.22799999,0.6906298,0.45348075,0.58434325,0.48706147,0.47704604,0.8285105,0.8600702,0.4921867,0.84876525,0.6818819,0.52065104,0.47104988,0.48982424,0.81602055,0.88893706,0.25611827,0.5266293,0.50482684,0.9004009,0.89599323,0.7881667,0.68884325,0.9565454,0.57563496,0.4038255,0.5626656,0.5974989,0.8898614,0.19668084,0.27339333,0.29896417,0.21484959,0.17716625,0.19331625,0.16841835,0.20677458,0.3601996,0.17582041,0.24109334,0.3601996,0.15832458,0.27339333,0.24243918,0.24243918,0.22427043,0.30300167,0.27810377,0.2525329,0.15832458,0.15832458,0.15832458,0.37769544,0.104491256,0.47044423,0.058136463,0.63342655,0.55224514,0.27036038,0.67875344,0.89337033,0.90447354,0.90783805,0.6120516,0.24329327,0.27678078,0.42253986,0.18638645,0.29254895,0.18567397,0.188875,0.3214485,0.3950735,0.2620735,0.0963183,0.18132348,0.34678182,0.2984902,0.3053381,0.90967864,0.44019848,0.8574068,0.6951152,0.53124017,0.14649017,0.29294848,0.37148184,0.6935319,0.95220894,0.26761514,0.7267819,0.7861568,0.379161,0.8501354,0.46078184,0.9292902,0.2169485,0.90870684,0.40694854,0.19953184,0.59406406,0.41595373,0.7093652,0.38323808,0.11161725,0.2763235,0.4188235,0.7237934,0.19953184,0.6191152,0.49878183,0.7418235,0.89667755,0.93975765,0.44178182,0.20111516,0.18672661,0.37686518,0.82447356,0.4553985,0.37844852,0.5763651,0.32540682,0.60799223,0.793836,0.12036517,0.43485478,0.13936517,0.3017954,0.87957346,0.27315682,0.19874017,0.48769853,0.41300476,0.8684111,0.1765735,0.6515735,0.7560735,0.8027819,0.26603183,0.20190684,0.89671314,0.80832356,0.5351985,0.18528183,0.3618235,0.56431204,0.46798602,0.1219485,0.7367224,0.1444714,0.75100684,0.20349017,0.23990683,0.72440684,0.17047767,0.5209485,0.08782767,0.81258667,0.13156725,0.1076985,0.23939225,0.39665684,0.41249016,0.49403185,0.33886516,0.41961518,0.6053382,0.49561515,0.102196425,0.60328186,0.5185735,0.70778185,0.22925891,0.56686515,0.737311,0.06574017,0.6412027,0.58349013,0.33174014,0.1670735,0.5272819,0.4333902,0.72440684,0.84949017,0.4544485,0.3014985,0.16628183,0.15678184,0.9200673,0.7891652,0.17582142,0.48532352,0.77032346,0.89152765,0.56041825,0.23040684,0.3950735,0.29611516,0.0863235,0.8837884,0.73390687,0.08553184,0.16469851,0.4219902,0.3325318,0.093448505,0.5605318,0.11561516,0.18120477,0.31353185,0.077615164,0.7673295,0.52085346,0.48065272,0.10587767,0.71015686,0.2747402,0.88390595,0.092656836,0.67195696,0.20665684,0.31547657,0.123492256,0.40120894,0.22486517,0.7038235,0.5969485,0.6027673,0.42436516,0.6104068,0.70303184,0.7608235
BC2026_Train_0019_S22_20211104_200000_20,0.11208483,0.222,0.63737196,0.36995876,0.5898046,0.41165364,0.4322669,0.8127677,0.87158054,0.45346376,0.7928157,0.5808469,0.49585754,0.4791506,0.49550247,0.84720236,0.91442746,0.25667128,0.4653818,0.4847618,0.9219222,0.876534,0.85229313,0.5723879,0.94272953,0.58347124,0.37256056,0.653587,0.66942036,0.9040704,0.11393733,0.20881857,0.17921025,0.19064982,0.14085399,0.173154,0.11124566,0.18324773,0.27207273,0.15498523,0.15969566,0.27207273,0.09509567,0.20881857,0.24044567,0.24044567,0.17517273,0.22631443,0.24313731,0.2142019,0.09509567,0.09509567,0.09509567,0.25794154,0.109899834,0.468855,0.046141148,0.47968373,0.5067231,0.38196442,0.6793262,0.9318837,0.78016084,0.91878164,0.67372125,0.25168374,0.24384624,0.5013081,0.15301615,0.6140037,0.16869114,0.15641814,0.40677983,0.4946548,0.23973817,0.06608607,0.120196484,0.4652048,0.2619048,0.3982892,0.8501063,0.40440485,0.8489652,0.73611313,0.48990482,0.16927981,0.22469649,0.35652882,0.5199882,0.93976945,0.3576965,0.8129048,0.7416548,0.34431735,0.8698474,0.43448818,0.8912799,0.17402981,0.84754026,0.23577982,0.12573816,0.5566257,0.35005692,0.5009881,0.3702444,0.15940379,0.17086317,0.28248814,0.70448613,0.21202983,0.6862381,0.5864881,0.7933111,0.82605046,0.9336728,0.31811315,0.111488156,0.15210065,0.25161317,0.8374465,0.51763296,0.35294646,0.3268215,0.22944649,0.6111486,0.60075796,0.072696485,0.5001173,0.13207148,0.262459,0.8326965,0.2579465,0.21519649,0.25660068,0.3474444,0.9162569,0.19144648,0.68782145,0.7313631,0.7329465,0.28961316,0.12890482,0.79378605,0.67040485,0.55798817,0.15344648,0.4637798,0.6062403,0.41699234,0.16215481,0.6373757,0.116772525,0.68647575,0.22944649,0.27694649,0.49623814,0.08029649,0.24607147,0.09533816,0.8333081,0.087936066,0.08694648,0.27514544,0.5073215,0.48911318,0.35136315,0.37115481,0.24765483,0.621181,0.5841132,0.083364196,0.6086548,0.25636315,0.5184048,0.1766621,0.42657152,0.67276007,0.07744648,0.39458814,0.7305715,0.4637798,0.09486315,0.6054881,0.36616734,0.5951965,0.8325777,0.4170715,0.3612392,0.05844648,0.18511315,0.8600486,0.831885,0.17569233,0.5651131,0.6324048,0.6153048,0.53711116,0.18194649,0.35373816,0.28090483,0.07902982,0.8488734,0.6141965,0.08694648,0.2619048,0.40044647,0.32207146,0.17086315,0.6213215,0.071904816,0.17232774,0.28961316,0.14473815,0.74049187,0.35646152,0.42265275,0.10721316,0.68702984,0.11069649,0.84643894,0.08932148,0.50813097,0.18907148,0.27669236,0.16464858,0.42744234,0.28644648,0.5199882,0.5651132,0.4927944,0.4329048,0.42815483,0.56748813,0.57777977
BC2026_Train_0019_S22_20211104_200000_25,0.13887501,0.219,0.4758956,0.4024052,0.63764095,0.41722524,0.6230625,0.8804195,0.8851299,0.59412706,0.87540627,0.5158669,0.6479604,0.47115317,0.48447692,0.825612,0.922451,0.25919268,0.4943845,0.5270882,0.89352506,0.88770425,0.8585,0.75886095,0.9791739,0.57110935,0.4166469,0.48063773,0.5516503,0.9069899,0.1588155,0.28734264,0.21601342,0.20659259,0.162853,0.20457384,0.19380717,0.22745301,0.34184882,0.1668905,0.28801554,0.34184882,0.23283635,0.28734264,0.25100508,0.25100508,0.24427593,0.29810923,0.29810923,0.28263214,0.23283635,0.23283635,0.23283635,0.38491556,0.09758008,0.47054756,0.05456276,0.4886177,0.49676397,0.38048398,0.7030802,0.9367802,0.77799165,0.9334354,0.6581927,0.2570552,0.20433016,0.49830377,0.15003777,0.42078775,0.16215025,0.16025,0.3634714,0.43076304,0.24630472,0.0855766,0.20592973,0.41884848,0.29617974,0.38235265,0.8761696,0.4766797,0.90677637,0.6033464,0.5146798,0.17188805,0.2613464,0.25786307,0.64213806,0.9355297,0.3587214,0.6460964,0.6793464,0.49381927,0.8497042,0.40226308,0.9217943,0.23522139,0.83708596,0.24788806,0.19801307,0.77988416,0.41732448,0.74980474,0.58439314,0.22663182,0.1877214,0.27322137,0.67837656,0.11013805,0.66430473,0.5273464,0.76369846,0.90643996,0.9178154,0.35001305,0.11409638,0.28762972,0.3318047,0.84638804,0.59570676,0.2811381,0.37059638,0.13626306,0.7080214,0.807161,0.074513055,0.33633703,0.13388807,0.2714797,0.77909636,0.46638805,0.21147138,0.27500263,0.3840151,0.93097764,0.2090964,0.6809298,0.6365964,0.77117974,0.27559635,0.18692973,0.8234297,0.60492975,0.5320964,0.12359639,0.4489714,0.6225245,0.5624568,0.21463805,0.6856758,0.17531201,0.51137453,0.3848464,0.28113806,0.59226304,0.08306305,0.24076307,0.12442765,0.8267241,0.13654014,0.10301305,0.32717347,0.5772214,0.42363805,0.3634714,0.40938807,0.28351304,0.65446633,0.50834644,0.09339432,0.62630475,0.31359637,0.24788806,0.22308913,0.5645547,0.73044854,0.08163805,0.29627866,0.6627214,0.49013805,0.10222139,0.56455475,0.2765266,0.74584633,0.81436515,0.3444714,0.20941305,0.09034639,0.2961797,0.84108394,0.8500693,0.22904637,0.4505547,0.687263,0.6024558,0.39362988,0.12755471,0.31992972,0.3563464,0.053929724,0.8744289,0.6128464,0.076888055,0.22017974,0.21542972,0.3753464,0.15922138,0.47984636,0.072138056,0.20011097,0.18772137,0.08005472,0.6768574,0.6058164,0.40871516,0.1617943,0.7030964,0.1330964,0.9126753,0.09351306,0.31598923,0.23680475,0.26846743,0.13990474,0.40564746,0.18930474,0.47351304,0.5028047,0.3981464,0.27480468,0.5938463,0.40384635,0.61838806
BC2026_Train_0019_S22_20211104_200000_30,0.15478869,0.23174998,0.5916331,0.49323478,0.58965987,0.43403694,0.45853013,0.79552686,0.86783177,0.5203039,0.86281854,0.59836227,0.47064263,0.5022634,0.5040803,0.8539633,0.9694224,0.26167238,0.60805815,0.42663988,0.88412225,0.8945524,0.7968304,0.8092048,0.9509765,0.5864932,0.47682714,0.41337448,0.47892448,0.89399534,0.18823187,0.29320687,0.29522562,0.20505479,0.19361518,0.2064006,0.18823186,0.23331727,0.36049855,0.19630685,0.3268527,0.36049855,0.25148603,0.29320687,0.2588881,0.2588881,0.26830894,0.31743184,0.34300274,0.31070268,0.25148603,0.25148603,0.25148603,0.412986,0.12295894,0.5107422,0.064961985,0.5841182,0.50643593,0.33322713,0.77082485,0.93122447,0.93379736,0.93110573,0.68386817,0.25098485,0.19968484,0.46155828,0.20532447,0.43118697,0.176112,0.17695536,0.40758932,0.736131,0.2856726,0.118057,0.15504763,0.5158497,0.33158928,0.37212265,0.8637259,0.626881,0.9060543,0.69258934,0.58096427,0.117839284,0.19463095,0.29849762,0.6854643,0.9575206,0.20571429,0.6165893,0.686256,0.46209553,0.9159531,0.5611726,0.8833414,0.24054763,0.90273726,0.19225594,0.1677143,0.56941736,0.50632995,0.7899644,0.51484114,0.17871848,0.2342143,0.3838393,0.647781,0.14317262,0.5310893,0.43767262,0.8037789,0.8470831,0.92215365,0.21679762,0.22075596,0.3013476,0.6498393,0.8113393,0.73021334,0.3434643,0.4052143,0.24688095,0.6992742,0.8209383,0.07983929,0.38587782,0.12654762,0.4251643,0.7250477,0.5667143,0.27458927,0.28175387,0.49843302,0.9157602,0.16375595,0.5215893,0.70129764,0.7891727,0.54613096,0.19938096,0.8034227,0.6751726,0.6118393,0.13288096,0.31021428,0.615481,0.5145831,0.23263094,0.6451071,0.21855909,0.5985988,0.36642262,0.31100595,0.49783927,0.30388096,0.38463095,0.10351012,0.9262151,0.16541845,0.1558393,0.3021393,0.37275594,0.4115476,0.37196428,0.4717143,0.41154763,0.4887549,0.59204763,0.10604345,0.6355893,0.3735476,0.6110476,0.32824445,0.56513095,0.83103204,0.092505954,0.30863094,0.7329643,0.4218393,0.115464285,0.4408393,0.26012158,0.82638097,0.8603039,0.4622143,0.20159763,0.23183927,0.33554763,0.90234137,0.8695071,0.30815595,0.53108925,0.5975893,0.6854643,0.34870067,0.12338095,0.45667258,0.36642262,0.06004762,0.790807,0.56038094,0.045005955,0.22471428,0.31179762,0.42104763,0.12496429,0.5659227,0.10517263,0.32565176,0.33871427,0.09725595,0.7432117,0.7317926,0.5382935,0.15920389,0.74167264,0.18592262,0.84104866,0.08221428,0.3124507,0.3054643,0.3453361,0.17483929,0.45384243,0.19542262,0.68863094,0.5358393,0.42912263,0.35929763,0.4946726,0.33000594,0.61579764
BC2026_Train_0019_S22_20211104_200000_35,0.1773244,0.25575003,0.7005931,0.38647628,0.59056795,0.67109114,0.40834537,0.8257556,0.8850059,0.45073918,0.7699036,0.63464725,0.5949452,0.4934653,0.5695049,0.88059425,0.9186346,0.27176374,0.5995197,0.5143284,0.89604044,0.87820816,0.8494494,0.6689746,0.94745123,0.6427863,0.5086059,0.40825778,0.6718828,0.91674536,0.21669874,0.3230196,0.34522584,0.17632374,0.1547904,0.24765292,0.2180446,0.23823208,0.3876196,0.23217583,0.2853363,0.3876196,0.20122166,0.3230196,0.31427166,0.31427166,0.25707376,0.35464668,0.35733834,0.2900467,0.20122166,0.20122166,0.20122166,0.3694508,0.13594875,0.58363616,0.07195781,0.48123872,0.5812342,0.4326542,0.7057238,0.9101242,0.8214487,0.915556,0.70852625,0.33446378,0.21547626,0.42893663,0.26005778,0.5752995,0.1859578,0.21453275,0.38059628,0.46451288,0.18901293,0.17624731,0.3085546,0.6879213,0.20088793,0.3322057,0.774213,0.40592963,0.7653463,0.73051304,0.6204713,0.24917962,0.17397128,0.33503586,0.742388,0.96939844,0.2768879,0.82867956,0.7645546,0.5164661,0.92142636,0.588013,0.8911421,0.22147128,0.8703213,0.2325546,0.15576296,0.591623,0.27382022,0.52072126,0.5375442,0.13917753,0.27372128,0.24601296,0.65241504,0.10588794,0.516763,0.31805462,0.7463463,0.73462975,0.92936885,0.39088798,0.10588794,0.26659626,0.28005463,0.77801293,0.76669216,0.4852546,0.38059628,0.2159296,0.7192317,0.71652025,0.050471272,0.64275664,0.14388794,0.374263,0.7320963,0.43522125,0.34417963,0.27807546,0.42477125,0.923363,0.2135546,0.49617958,0.7534713,0.81442964,0.3370546,0.25947127,0.7526796,0.7154713,0.4922213,0.1518046,0.30222124,0.58377755,0.5400182,0.19297127,0.6521855,0.26093584,0.66807026,0.27767956,0.34417963,0.66480464,0.40260464,0.31251293,0.14931086,0.9497226,0.22467753,0.12884627,0.40286195,0.3299296,0.4304713,0.43522125,0.46926296,0.3639713,0.4980994,0.4653046,0.17551503,0.81012297,0.30538797,0.58167964,0.3672567,0.542888,0.68354744,0.124096274,0.471915,0.8753879,0.41938794,0.11222127,0.44947124,0.355164,0.7540651,0.8539338,0.37030458,0.36599004,0.1138046,0.34655464,0.8583275,0.79091716,0.35831088,0.59988797,0.6323463,0.7262776,0.3991688,0.18980461,0.41305465,0.33151293,0.09084628,0.78676885,0.5373463,0.07897127,0.44947124,0.34338796,0.36951292,0.11380461,0.56980467,0.13834628,0.6052713,0.2349296,0.11222128,0.6542468,0.5762647,0.48616505,0.2626379,0.8453046,0.1850546,0.8118963,0.12963796,0.32112235,0.29588795,0.36148548,0.19305046,0.45568585,0.27530462,0.38851297,0.50488794,0.46110874,0.44313794,0.3885129,0.47242963,0.58009624
BC2026_Train_0019_S22_20211104_200000_40,0.1258125,0.1815,0.46773916,0.3770768,0.638216,0.8973974,0.5946513,0.8046013,0.87327236,0.440486,0.8025825,0.49741477,0.7056825,0.5009794,0.51975375,0.87475103,0.952381,0.2844518,0.7186998,0.75974774,0.94520366,0.9217188,0.7148125,0.67656434,0.9243164,0.5926477,0.5977448,0.72718906,0.6218974,0.9496474,0.11501417,0.22671835,0.19239959,0.1277996,0.13856627,0.16211835,0.119724594,0.18634334,0.2603642,0.14058502,0.15000585,0.2603642,0.10290167,0.22671835,0.20047459,0.20047459,0.1681746,0.22335377,0.24757874,0.20787668,0.10290167,0.10290167,0.10290167,0.21595168,0.07934959,0.5950532,0.09559739,0.4889393,0.6392515,0.43164325,0.8246265,0.9187352,0.8518195,0.9359341,0.72802263,0.2965643,0.24526432,0.6309887,0.34853488,0.29438487,0.18893489,0.1828125,0.2334679,0.62296796,0.20496792,0.3610648,0.34271792,0.45347208,0.22950958,0.5698075,0.8049494,0.4250512,0.75913465,0.77892625,0.6728429,0.22396791,0.19150957,0.2617502,0.58338463,0.9426826,0.1859679,0.61584294,0.66967624,0.53012526,0.8188145,0.7836763,0.87075967,0.22238457,0.6229679,0.2120929,0.115509585,0.7129092,0.43441275,0.6071979,0.39932206,0.11327313,0.12184291,0.25167626,0.6574451,0.2247596,0.6031763,0.38388458,0.6625513,0.6489346,0.93861437,0.2572179,0.11946792,0.21609083,0.6095096,0.7322179,0.74824923,0.3165929,0.34430125,0.26275957,0.7357805,0.6389992,0.1479679,0.45883563,0.12738457,0.33317834,0.89593464,0.33480126,0.42967457,0.21272625,0.34596375,0.93864506,0.16775957,0.54855126,0.58100957,0.66967624,0.36409292,0.20813458,0.755968,0.675218,0.59921795,0.14400959,0.29521793,0.5726575,0.43793562,0.25642624,0.56150293,0.21555647,0.6711013,0.2548429,0.35142624,0.5018429,0.21324082,0.17805123,0.12449501,0.88058823,0.21870333,0.06959291,0.4338783,0.6570096,0.27938455,0.47017625,0.33005124,0.19942625,0.52309924,0.42663458,0.105871044,0.5778429,0.24059293,0.39100957,0.21892105,0.44088456,0.6591867,0.075926244,0.5112044,0.5913012,0.52717626,0.11234292,0.35142627,0.3104179,0.8915409,0.85140336,0.5414263,0.14264396,0.12738457,0.16617624,0.8446741,0.82227004,0.19724917,0.5240096,0.5841763,0.68010646,0.4181717,0.16063458,0.5042179,0.27463457,0.071176246,0.7182926,0.50105125,0.1265929,0.19309291,0.34984294,0.51846796,0.1717179,0.55409294,0.10284291,0.20868875,0.25325957,0.08542624,0.69511944,0.58762795,0.35067418,0.1674825,0.75675964,0.10125958,0.8392345,0.07513458,0.314495,0.20417625,0.27013,0.20995541,0.3841419,0.16775957,0.44405127,0.43455124,0.41325542,0.2785929,0.50580126,0.46067625,0.5430096
BC2026_Train_0019_S22_20211104_200000_45,0.10355357,0.17475,0.58687097,0.36944225,0.6409681,0.77922684,0.58350635,0.83988756,0.88853943,0.43082154,0.84123343,0.64406884,0.4550465,0.48154587,0.5688905,0.85040516,0.9664382,0.2696923,0.5088147,0.49185723,0.919664,0.8676812,0.74322027,0.43926728,0.89316934,0.5748798,0.48336276,0.73647684,0.5884352,0.92422056,0.09858982,0.19548982,0.16722731,0.11541274,0.12416066,0.13021691,0.08849608,0.16924606,0.21904188,0.122141905,0.15578774,0.21904188,0.10262732,0.19548982,0.16318983,0.16318983,0.13694608,0.21433148,0.22644399,0.19077942,0.10262732,0.10262732,0.10262732,0.21635024,0.058214825,0.51485527,0.08406432,0.47204226,0.5806907,0.3450352,0.69979686,0.934059,0.8196038,0.91044754,0.7292548,0.29605478,0.30317977,0.5022853,0.3384268,0.58447677,0.18096432,0.16292857,0.2012255,0.39280885,0.1869755,0.07067968,0.17351717,0.28878388,0.17351717,0.60915154,0.8277328,0.53214216,0.8306005,0.80051714,0.5266005,0.14026718,0.1276005,0.26651824,0.51314217,0.89599216,0.42605886,0.47355884,0.7229338,0.510787,0.84494853,0.6524755,0.8196359,0.23764218,0.6326839,0.33818385,0.122058846,0.5545622,0.17027135,0.43720555,0.38222033,0.16257238,0.116517186,0.26376718,0.6880807,0.2344755,0.5859755,0.37697554,0.6691005,0.7664755,0.90403944,0.19805883,0.16876717,0.31514636,0.2986005,0.8123921,0.55090475,0.28355885,0.2685172,0.17351717,0.5403557,0.69758075,0.08485051,0.4682943,0.097517185,0.3232214,0.8648005,0.2946422,0.39990216,0.26008594,0.32064843,0.95473385,0.28118387,0.5083922,0.6303088,0.7015588,0.21389216,0.41655883,0.79735047,0.6722672,0.5123505,0.21151717,0.23526718,0.6160786,0.42128906,0.25901717,0.5821518,0.09923905,0.6099037,0.27485052,0.33105883,0.45218387,0.14545259,0.2344755,0.115923434,0.87297547,0.183888,0.09355885,0.40525782,0.3183922,0.3152255,0.3516422,0.33343384,0.41814217,0.68774426,0.69205886,0.15517032,0.6334755,0.25189218,0.2582255,0.25333697,0.3848922,0.7870787,0.04764218,0.3821412,0.6524754,0.34530887,0.08089218,0.5812255,0.42350578,0.81836927,0.8456422,0.43397552,0.12722448,0.08405884,0.15768385,0.866938,0.8173797,0.28613177,0.5044339,0.5717255,0.6291016,0.41930598,0.102267176,0.38093388,0.37539217,0.06664218,0.6709768,0.6429755,0.11018384,0.09910051,0.38647553,0.3112672,0.20518383,0.65801716,0.08326718,0.30564636,0.24951719,0.18539219,0.62558657,0.63623047,0.33727345,0.1171901,0.7530172,0.105433844,0.85848504,0.09355885,0.36070675,0.18064217,0.30625597,0.14553177,0.3996568,0.16005884,0.39518386,0.57805884,0.45994222,0.32710055,0.5266005,0.49730885,0.6326839
BC2026_Train_0019_S22_20211104_200000_50,0.12892559,0.15525001,0.4567115,0.3727295,0.64726365,0.468038,0.50092214,0.80972356,0.87314606,0.4240078,0.75656325,0.5715111,0.5681465,0.46317428,0.57891595,0.8678664,0.96501493,0.28509203,0.664,0.7494604,0.95547384,0.8796025,0.86359227,0.33924198,0.93006283,0.58560866,0.36748552,0.278513,0.383963,0.89490473,0.0701111,0.13740277,0.15624443,0.107794434,0.110486105,0.1024111,0.07885901,0.12932777,0.18517984,0.103756934,0.1427861,0.18517984,0.09635485,0.13740277,0.14749652,0.14749652,0.09635485,0.18921736,0.17845067,0.15624443,0.09635485,0.09635485,0.09635485,0.1468236,0.08356943,0.562093,0.049088016,0.47960448,0.5883835,0.4242591,0.77276266,0.9646191,0.79280764,0.88903475,0.8381503,0.19816701,0.25302953,0.6347653,0.31770048,0.282788,0.16308801,0.19780059,0.4300621,0.7681038,0.15852045,0.08990272,0.1664371,0.42234334,0.16010375,0.45949233,0.8285941,0.38335374,0.78947884,0.7388121,0.5432704,0.25747877,0.17435376,0.5060818,0.6034371,0.876008,0.5796871,0.5163538,0.72772884,0.59055275,0.85092694,0.61927044,0.8962746,0.17356211,0.6461871,0.3279371,0.08172876,0.7820688,0.3799298,0.4268321,0.36946,0.16912876,0.13477042,0.34852046,0.5326028,0.1284371,0.7728538,0.49735382,0.5994788,0.5573621,0.8413242,0.24322878,0.12685376,0.31083712,0.3706871,0.7704788,0.55914336,0.31764543,0.24085376,0.14347875,0.7234142,0.6230705,0.06272876,0.33597255,0.100728765,0.3054538,0.8591059,0.4134371,0.35038874,0.2635746,0.36451212,0.9587372,0.2543121,0.6699371,0.6058121,0.70081204,0.3501038,0.14506209,0.7815621,0.7079371,0.3659371,0.1664371,0.26935375,0.5642298,0.49836314,0.13556209,0.70737505,0.13645273,0.4742569,0.24006212,0.22106211,0.50843716,0.16327043,0.16247877,0.11854127,0.9103118,0.18516001,0.0856871,0.3175069,0.39681214,0.29627043,0.3516871,0.4173954,0.2653954,0.47459334,0.40314546,0.16374545,0.56464547,0.24560377,0.36039543,0.2003798,0.5211038,0.80072045,0.06668709,0.28595898,0.5630621,0.31210378,0.0928121,0.38810378,0.18557565,0.94199336,0.84180796,0.3801871,0.22816733,0.18860377,0.4229371,0.77364546,0.86464757,0.15764959,0.46172875,0.5812704,0.6177069,0.44964793,0.16564544,0.39602044,0.43911877,0.046103764,0.89444584,0.4023538,0.1331871,0.099145435,0.35247877,0.4775621,0.11102043,0.74118716,0.10785376,0.2087913,0.2638121,0.10943709,0.33537167,0.37236542,0.3339538,0.18682252,0.7396038,0.14902043,0.8847489,0.096770436,0.16639751,0.24797878,0.4631063,0.13940169,0.36423504,0.25510377,0.6216454,0.49102044,0.41430798,0.4387704,0.52822876,0.51318705,0.5432704
BC2026_Train_0019_S22_20211104_200000_55,0.18758184,0.216,0.52138937,0.46865508,0.5877218,0.77517605,0.46991125,0.799304,0.85878986,0.61384815,0.83120024,0.4959531,0.6999815,0.5776926,0.5756739,0.8495846,0.93435305,0.2784176,0.5191016,0.5118341,0.86713415,0.8695903,0.5818319,0.4890041,0.80768645,0.5877218,0.3901507,0.7189677,0.67067605,0.9303427,0.07766843,0.16447468,0.20417675,0.1819705,0.20417675,0.16649343,0.11198717,0.18331634,0.20888717,0.12881011,0.21090592,0.20888717,0.12611845,0.16447468,0.19206426,0.19206426,0.16783926,0.22840177,0.23849551,0.20821427,0.12611845,0.12611845,0.12611845,0.2055226,0.16178301,0.502797,0.0846052,0.4707926,0.59676665,0.45242593,0.86795205,0.8850718,0.7369906,0.84061974,0.66451347,0.21358013,0.3518051,0.6380731,0.3639052,0.34751767,0.18364272,0.21133184,0.3033986,0.46806526,0.29073194,0.21502882,0.31844026,0.30680278,0.15060693,0.5686267,0.90548486,0.53773195,0.87590027,0.5860236,0.59948194,0.22106528,0.20760694,0.3323736,0.5195236,0.8390402,0.2202736,0.63431525,0.5092319,0.40932363,0.8164828,0.8239353,0.94306535,0.26381525,0.5978986,0.36198193,0.11973195,0.6050236,0.54139346,0.70081526,0.53343713,0.3610913,0.20998195,0.3358569,0.5625903,0.23452361,0.4189819,0.54644024,0.58839864,0.5299736,0.8046621,0.17119028,0.29627362,0.37498507,0.5282319,0.8452153,0.8027028,0.35089862,0.2764819,0.35960692,0.84365165,0.44886738,0.07144028,0.522532,0.15298194,0.2262705,0.85681313,0.2867736,0.25669026,0.2931069,0.4774861,0.7530653,0.31527358,0.7601903,0.55356526,0.7665236,0.39206526,0.09598194,0.6145236,0.5266486,0.63669026,0.21314861,0.4197736,0.637957,0.39855695,0.2273986,0.7698882,0.10989548,0.6449039,0.32714862,0.31685692,0.6588569,0.30680278,0.27014858,0.12816319,0.853325,0.12210694,0.111023605,0.39837882,0.4736069,0.34694025,0.37385693,0.5796902,0.41264862,0.27695692,0.53456527,0.18949758,0.7103153,0.44906527,0.54327357,0.2316934,0.7182319,0.72476315,0.11656527,0.4580309,0.7451486,0.38969028,0.114981934,0.43085694,0.37910175,0.9723569,0.70845485,0.26619026,0.17625694,0.21869029,0.17119028,0.7665236,0.85384446,0.24608195,0.6461902,0.65331525,0.72114134,0.40718612,0.19810694,0.3445653,0.4792753,0.054023605,0.80016947,0.47519028,0.093606934,0.15931529,0.44510692,0.46094024,0.23135693,0.62323195,0.08331527,0.21310905,0.27569026,0.14981526,0.39351007,0.72820693,0.4217132,0.17625694,0.7760237,0.11656527,0.95285827,0.10469028,0.3280986,0.2772736,0.4428507,0.16988403,0.45793194,0.43956524,0.75939864,0.5052736,0.5393945,0.27806526,0.6358986,0.5876069,0.5614819
BC2026_Train_0019_S22_20211104_200000_60,0.21149386,0.21075,0.5289236,0.44489008,0.5004651,0.77343905,0.5228673,0.84728044,0.85007316,0.6225263,0.7914284,0.72750133,0.6144513,0.63485986,0.633864,0.8014605,0.89578384,0.29384005,0.42069775,0.60736483,0.84625036,0.8266685,0.6493489,0.5803443,0.85089636,0.6432343,0.33809018,0.80431414,0.49485156,0.9159391,0.1065765,0.16983068,0.21424319,0.29935372,0.1947286,0.2770398,0.12070775,0.2068411,0.2189536,0.13214733,0.22433694,0.2189536,0.11936192,0.16983068,0.19809316,0.19809316,0.20213069,0.22164527,0.26807654,0.23375776,0.11936192,0.11936192,0.11936192,0.21424316,0.16915774,0.49555266,0.084451556,0.4634151,0.58112806,0.33537883,0.759451,0.8939631,0.6521128,0.8105174,0.4912026,0.20335259,0.5055096,0.63396585,0.32812658,0.44283906,0.20628907,0.23286888,0.336144,0.47864398,0.312394,0.13286377,0.16039398,0.4890544,0.20631064,0.53928566,0.9069902,0.5491023,0.871271,0.587894,0.63143563,0.26568565,0.30447733,0.5538128,0.5435607,0.8915773,0.29181063,0.7335607,0.44935232,0.35282835,0.7593492,0.7173156,0.95605856,0.3496023,0.53168565,0.25064397,0.13506064,0.6949511,0.5924659,0.60056067,0.59372455,0.167994,0.22372732,0.380414,0.5683596,0.3234773,0.6718106,0.64093566,0.57760227,0.5702002,0.78583044,0.16672732,0.23639397,0.30990025,0.685269,0.8775648,0.720043,0.321894,0.28943565,0.343269,0.8320717,0.5410273,0.18731065,0.52764815,0.18572731,0.28163776,0.815894,0.25301898,0.27518564,0.28282523,0.36828566,0.76918566,0.22056065,0.76047736,0.507144,0.77076906,0.22847731,0.13981065,0.6631023,0.6274773,0.46518564,0.19681066,0.39947733,0.66997004,0.38041794,0.28626898,0.7649345,0.14830129,0.7340753,0.42322734,0.34247732,0.6528107,0.36187318,0.34801897,0.12920232,0.85423046,0.11103357,0.13743564,0.383169,0.5348523,0.41531068,0.28072733,0.6179773,0.47468564,0.35755858,0.6607274,0.200294,0.661519,0.42085233,0.33851895,0.2176117,0.5150606,0.71867734,0.112893976,0.443019,0.68289405,0.52060235,0.17543566,0.45568562,0.31821272,0.92779607,0.69872737,0.33851895,0.3021419,0.117643975,0.419269,0.754144,0.85395336,0.2349294,0.62589395,0.7074356,0.685269,0.477599,0.14139397,0.36939397,0.44362062,0.08439398,0.7938699,0.59106064,0.15485232,0.26093563,0.466769,0.5340606,0.111310646,0.53722733,0.10101898,0.20599398,0.35514396,0.26014397,0.34641588,0.62804735,0.5485086,0.3625461,0.6860606,0.10735231,0.94349587,0.15168566,0.34746486,0.30051896,0.43453234,0.1285294,0.4549732,0.24193566,0.5609773,0.507144,0.4887378,0.24747732,0.62747735,0.519019,0.39868566
BC2026_Train_0020_S22_20211104_231500_5,0.6809136,0.345,0.4529769,0.7015207,0.5827707,0.123972654,0.76130736,0.6300885,0.707474,0.7451573,0.7740928,0.74852186,0.4990044,0.5070565,0.5629758,0.7096717,0.7205207,0.2947623,0.74601334,0.36292183,0.78571546,0.6982363,0.36662203,0.650854,0.710229,0.5020998,0.5892196,0.34983513,0.34912264,0.8421726,0.31976646,0.3816748,0.3002519,0.44425607,0.24036229,0.33053315,0.31842065,0.37561855,0.53106225,0.25853103,0.41330191,0.53106225,0.27400815,0.3816748,0.38436645,0.38436645,0.3009248,0.44694772,0.42204982,0.40724567,0.27400815,0.27400815,0.27400815,0.5324081,0.18181853,0.46829644,0.18667266,0.72368735,0.44020733,0.36753234,0.7325223,0.69597894,0.75885713,0.8793092,0.760104,0.87786436,0.7783123,0.86776274,0.46454766,0.85179144,0.47951016,0.21145536,0.15849976,0.83933306,0.5812498,0.44902167,0.32079142,0.680406,0.23449977,0.11258309,0.7989186,0.57570815,0.8950348,0.4601248,0.6057914,0.118916415,0.36195812,0.82386494,0.3714581,0.91691643,0.29941645,0.19333309,0.6105414,0.34865814,0.68097997,0.4593331,0.7372081,0.46012476,0.7841698,0.71029145,0.27012473,0.46477184,0.59235287,0.9177081,0.84475917,0.62360394,0.18779144,0.50638974,0.86056364,0.10624976,0.2123331,0.5155414,0.30020812,0.69660515,0.8985448,0.25191644,0.36591643,0.62204045,0.4031248,0.8266665,0.39623728,0.7799582,0.3999581,0.3738331,0.8194037,0.93444204,0.8559581,0.4018185,0.21629143,0.35758415,0.6707081,0.37937477,0.3896664,0.67714757,0.75700927,0.9207956,0.27012473,0.28199977,0.8322714,0.8622914,0.46645808,0.64695805,0.6641848,0.2859581,0.7831248,0.1909581,0.2028331,0.68755674,0.3325081,0.5614581,0.63973016,0.5974987,0.62358415,0.109416425,0.75541645,0.19966643,0.36615396,0.4237081,0.3639769,0.7704779,0.31619978,0.6976248,0.16641644,0.11258309,0.6612081,0.43162477,0.42924976,0.4522081,0.76747674,0.6667498,0.63706225,0.84724975,0.1933331,0.43874976,0.5214591,0.5899581,0.8324951,0.6089581,0.17710392,0.46883312,0.43874976,0.39362478,0.74908316,0.32279038,0.63508314,0.7577914,0.7372081,0.39868253,0.20441642,0.6374581,0.97300607,0.61426234,0.5804977,0.5939164,0.31049976,0.45972893,0.5165865,0.2099581,0.77508146,0.38095808,0.33345813,0.36585307,0.8654581,0.2527081,0.3793748,0.56066644,0.8830727,0.5859997,0.70237476,0.8353747,0.30931228,0.23370811,0.24479143,0.9424527,0.93749976,0.8388977,0.60773104,0.8739289,0.46487474,0.6010811,0.24716644,0.65308094,0.4173748,0.69289064,0.45953104,0.38701436,0.33424973,0.25112477,0.7870831,0.4375892,0.33504143,0.42608315,0.14899977,0.7775831
BC2026_Train_0020_S22_20211104_231500_10,0.67908484,0.40275,0.46514088,0.6963583,0.58473337,0.19863383,0.82030624,0.81963336,0.77252924,0.7684917,0.86942923,0.8371292,0.67159164,0.597875,0.6019125,0.78023547,0.75415003,0.33884168,0.7593938,0.3026853,0.806498,0.7674688,0.5009598,0.83015,0.7557333,0.57127506,0.6395958,0.33329636,0.38958386,0.859913,0.332414,0.5578411,0.34587234,0.43537027,0.30347854,0.43806192,0.39701402,0.4885307,0.5780287,0.3317411,0.43267858,0.5780287,0.3741348,0.5578411,0.4690161,0.4690161,0.38826612,0.5322703,0.5322704,0.5248682,0.3741348,0.3741348,0.3741348,0.5289057,0.18302651,0.5850896,0.22570884,0.84835833,0.51986027,0.3884396,0.8458211,0.4906042,0.91248333,0.88556665,0.8230249,0.93397707,0.78043324,0.89685065,0.63270473,0.85753804,0.582038,0.23970981,0.1903898,0.7310982,0.54584813,0.35935128,0.16901478,0.4664044,0.27430645,0.18971689,0.8269801,0.5086398,0.8259002,0.6218481,0.65430653,0.24184814,0.5490148,0.8732121,0.2853898,0.8608128,0.57830644,0.2806398,0.52843153,0.42668253,0.89519083,0.43105647,0.6226398,0.5197232,0.9195148,0.83480644,0.3985981,0.47868314,0.47980335,0.90288985,0.6168504,0.57696056,0.2830148,0.46421143,0.90785265,0.13655648,0.21968146,0.3352648,0.6044315,0.87252927,0.8772725,0.27826482,0.32655644,0.618919,0.2972648,0.6574731,0.37459084,0.63134813,0.4183898,0.2901398,0.71237767,0.88346136,0.6843898,0.52461165,0.18088979,0.37936068,0.4468898,0.66143143,0.5751399,0.70649946,0.6866888,0.8719357,0.34793147,0.28855646,0.7762232,0.8910148,0.5094315,0.71684813,0.8062432,0.37009814,0.81976485,0.23868147,0.2022648,0.86764586,0.26047212,0.41126484,0.6596978,0.65668154,0.584244,0.17534813,0.8712231,0.30676478,0.4677502,0.3590148,0.378094,0.7989638,0.4003002,0.75920236,0.16414605,0.18405648,0.53555644,0.59097314,0.4096815,0.55059814,0.7265065,0.4872648,0.5796523,0.70418143,0.22997314,0.6091814,0.3336815,0.5988897,0.7660037,0.7912649,0.22383772,0.54268146,0.40097317,0.4049315,0.6930982,0.32853565,0.66143143,0.72872317,0.6052232,0.20937991,0.1785148,0.5664315,0.96657944,0.5959804,0.88742065,0.6052232,0.24738981,0.37860858,0.3918769,0.18088979,0.42234814,0.32893145,0.37405646,0.35890394,0.88100016,0.31705648,0.38909814,0.5213065,0.9311048,0.47063982,0.7477232,0.82213986,0.2620119,0.34001482,0.2165148,0.8749509,0.9345565,0.8407202,0.56801486,0.9121127,0.3685148,0.8280029,0.17930646,0.6100919,0.35347313,0.68728733,0.6667752,0.3557096,0.37484813,0.49597317,0.8894315,0.40234116,0.30359814,0.6218481,0.13893147,0.56326485
BC2026_Train_0020_S22_20211104_231500_15,0.5291652,0.33825,0.34328547,0.66698265,0.57831603,0.25676197,0.72745365,0.7504404,0.7092849,0.76042646,0.7846516,0.53224045,0.72072446,0.50582945,0.5568366,0.72977614,0.7049827,0.32355765,0.72401935,0.2973228,0.80342346,0.65941936,0.5188736,0.5941493,0.6250243,0.49812016,0.34776127,0.33656198,0.26887447,0.79715365,0.3028356,0.4495314,0.30014393,0.38560432,0.31292936,0.35734186,0.33782727,0.4327085,0.5275898,0.28399393,0.28735852,0.5275898,0.31831267,0.4495314,0.4327085,0.4327085,0.32638767,0.47442934,0.47106475,0.45087728,0.31831267,0.31831267,0.31831267,0.39771682,0.16354185,0.50643504,0.22968696,0.8791493,0.5795352,0.48115474,0.8332248,0.71856767,0.8333712,0.87980247,0.8437223,0.97553474,0.6147327,0.9110926,0.627737,0.8335703,0.5675703,0.4001235,0.1796014,0.87729734,0.37989306,0.51338786,0.18039307,0.689989,0.34505975,0.13746494,0.73216504,0.29201812,0.8266464,0.3680181,0.59443474,0.2809347,0.41235137,0.8746145,0.22868474,0.7796848,0.45193475,0.39620143,0.38226807,0.35566807,0.8785144,0.46143472,0.38860142,0.46618474,0.83985144,0.72268474,0.29993474,0.35434598,0.5907733,0.8897264,0.7995421,0.5106368,0.17089307,0.5560547,0.7948244,0.13289307,0.23818474,0.52635145,0.51764303,0.8130931,0.85805744,0.20651805,0.32922637,0.5812535,0.35060143,0.5255597,0.36427748,0.46539307,0.3023097,0.21364307,0.7791124,0.7309181,0.8335181,0.4473629,0.1273514,0.4049493,0.41076803,0.5960181,0.51130974,0.6820755,0.6585772,0.8931702,0.29280978,0.31418473,0.83985144,0.87424934,0.39255977,0.5659347,0.6213514,0.4155181,0.8446014,0.2318514,0.0988514,0.9305181,0.24261808,0.70368475,0.38664603,0.58396494,0.61387014,0.25876808,0.55168474,0.40601808,0.4275514,0.24372642,0.3699181,0.7738759,0.30060762,0.91992855,0.2161962,0.22393474,0.3126014,0.57780975,0.5849347,0.40997642,0.5681514,0.4883514,0.565816,0.6791431,0.19780974,0.3949347,0.28586286,0.63401806,0.67170143,0.82718474,0.30684203,0.5833514,0.3925597,0.50893474,0.5691014,0.36758268,0.45510143,0.6055181,0.6593514,0.2650529,0.13289307,0.8382681,0.8753973,0.537217,0.91498864,0.5691014,0.19939306,0.34923577,0.281671,0.14001808,0.55089307,0.37435138,0.53505975,0.2587918,0.8734181,0.20810139,0.55405974,0.45905977,0.9213931,0.3941431,0.7583097,0.8406431,0.28116828,0.2484764,0.1701014,0.7212938,0.9673098,0.889485,0.61193055,0.927489,0.44639307,0.5794129,0.21918473,0.6300598,0.3791014,0.6860939,0.7003202,0.2878816,0.49785137,0.19780974,0.6197681,0.338215,0.34505975,0.5603931,0.121809736,0.68072647
BC2026_Train_0020_S22_20211104_231500_20,0.5944792,0.2235,0.31535032,0.69434416,0.5740109,0.2581708,0.64649266,0.6734093,0.715803,0.7454114,0.7353176,0.42557406,0.8315447,0.44543475,0.46299788,0.72631013,0.5938026,0.29605675,0.6640927,0.36329895,0.78050727,0.7011031,0.53272915,0.56767756,0.6397192,0.47916925,0.28615537,0.34438333,0.29094583,0.80212504,0.20451526,0.32429445,0.18365484,0.31756526,0.24489027,0.2455632,0.29334027,0.3061257,0.38956738,0.23210487,0.14731734,0.38956738,0.22672151,0.32429445,0.3303507,0.3303507,0.24017985,0.38754863,0.3639965,0.32900482,0.22672151,0.22672151,0.22672151,0.2502736,0.10021318,0.4405898,0.22539584,0.9057192,0.46682322,0.49407637,0.7384124,0.7481775,0.88075894,0.8665941,0.8453546,0.9065109,0.63338584,0.91347235,0.33868334,0.8331583,0.48047084,0.41952085,0.1514428,0.7719908,0.30423447,0.27525946,0.16648448,0.31044906,0.24565114,0.17374802,0.6908053,0.25198448,0.66285956,0.6684012,0.57973444,0.095234476,0.28127614,0.78216666,0.32877612,0.7222345,0.5852762,0.30502614,0.44990113,0.3844501,0.891862,0.4744428,0.3818178,0.4221928,0.8172345,0.8481095,0.41269282,0.3898532,0.48520947,0.8900678,0.876239,0.43420637,0.15065113,0.5171928,0.70606476,0.14827615,0.22427614,0.39290112,0.75231785,0.858797,0.87649953,0.31690112,0.31690112,0.58818555,0.3366928,0.47523448,0.3307949,0.40873447,0.36835948,0.19973448,0.8860367,0.80779386,0.63910943,0.36602405,0.14748447,0.37890843,0.3675678,0.6201095,0.35727614,0.6182887,0.4742845,0.7665678,0.32719278,0.1063178,0.6019012,0.8549574,0.32085946,0.6296095,0.4293178,0.38102612,0.76023453,0.2678178,0.1443178,0.558696,0.2707272,0.36994278,0.25123242,0.58082306,0.3568407,0.19735947,0.60269284,0.3176928,0.3562074,0.18706782,0.19724075,0.72871333,0.1837824,0.88440746,0.1932626,0.14906782,0.39765114,0.4076578,0.42852613,0.42140114,0.6313511,0.41269282,0.5075543,0.57973444,0.19815114,0.2899845,0.31502092,0.66365117,0.7546335,0.7831929,0.26841155,0.36756778,0.24960949,0.38735947,0.7024428,0.41471156,0.3651928,0.6003179,0.6984845,0.22367942,0.16727614,0.66681784,0.7641928,0.4075074,0.844262,0.45385948,0.18390115,0.35589072,0.30573863,0.18706782,0.5061095,0.3770678,0.38419282,0.25796157,0.90332824,0.19894281,0.32719278,0.5005678,0.90488786,0.62644285,0.78240114,0.7420262,0.24428947,0.23773448,0.17202616,0.7485646,0.93835944,0.805502,0.47800532,0.9103345,0.4910678,0.66658026,0.13877614,0.75651366,0.31531778,0.68055326,0.61243033,0.2139449,0.27890113,0.1823178,0.61377615,0.31413034,0.17360947,0.47285947,0.10235948,0.5615261
BC2026_Train_0020_S22_20211104_231500_25,0.5353363,0.27375,0.3519304,0.753481,0.5808976,0.31522393,0.6714986,0.5860382,0.740809,0.73542565,0.70918185,0.66342354,0.6728444,0.45700333,0.46548206,0.7715919,0.6086059,0.30088502,0.7068741,0.2659387,0.7506407,0.7122844,0.5012946,0.65056425,0.7492376,0.5039476,0.3437514,0.28173643,0.25537395,0.80605733,0.29704463,0.3925988,0.28964257,0.367028,0.2667634,0.34011132,0.33607382,0.38183212,0.46661967,0.2842592,0.23580924,0.46661967,0.29368007,0.3925988,0.3724113,0.3724113,0.26339883,0.44845086,0.41076756,0.38788843,0.29368007,0.29368007,0.29368007,0.3562613,0.13218006,0.4715383,0.24468645,0.8801476,0.43747136,0.43020383,0.74391764,0.8524392,0.81665593,0.8597226,0.8780497,0.9635101,0.5745642,0.9302351,0.48408642,0.82030725,0.48836145,0.3762113,0.21039596,0.88054186,0.5136043,0.5453898,0.381396,0.5897231,0.63710433,0.25354183,0.70158565,0.326771,0.6276043,0.5492293,0.5175627,0.14389598,0.6291877,0.8360503,0.28956264,0.8437293,0.5064793,0.536626,0.46135432,0.43516997,0.8556351,0.44393763,0.46768767,0.38931262,0.8247294,0.8310627,0.33706263,0.4171556,0.25065222,0.896771,0.59765977,0.54671586,0.18585432,0.4993543,0.7585065,0.16685432,0.1716043,0.45581263,0.6743127,0.57772934,0.86660856,0.4138543,0.27610433,0.69491583,0.36477098,0.46768764,0.31256056,0.42968765,0.38931265,0.23810433,0.79231435,0.7726773,0.673521,0.4880533,0.23968767,0.39008453,0.5341877,0.5682293,0.362396,0.6748668,0.5954627,0.8263127,0.31806263,0.6442293,0.9034606,0.84768766,0.36318764,0.6228544,0.633146,0.3188543,0.78593767,0.21593764,0.07897932,0.52836895,0.2999137,0.338646,0.3532285,0.5288439,0.3879668,0.300646,0.67985433,0.41385433,0.43360642,0.46135432,0.45882097,0.7021091,0.22868347,0.63868773,0.2939168,0.19060431,0.31964597,0.5603127,0.38456264,0.55397934,0.43103352,0.39881265,0.6079512,0.64660436,0.18981265,0.32756263,0.3875314,0.62047935,0.7659481,0.80177104,0.35012516,0.28402096,0.29906264,0.32202098,0.76535434,0.28299183,0.68618774,0.63789606,0.7503127,0.21965851,0.13122931,0.68222934,0.82314605,0.3219814,0.7589854,0.4708543,0.478771,0.3635835,0.43195972,0.18110432,0.569021,0.4114793,0.4756043,0.30679724,0.9247169,0.40514597,0.478771,0.4352293,0.876441,0.521521,0.7408127,0.61018765,0.25466797,0.2951043,0.32756263,0.9285168,0.975146,0.7990576,0.46523347,0.9095168,0.59435433,0.51720643,0.16131265,0.7109669,0.4558127,0.737464,0.6458918,0.3151137,0.63631266,0.25631267,0.5816876,0.38685846,0.36081266,0.469271,0.14231265,0.44552097
BC2026_Train_0020_S22_20211104_231500_30,0.60013545,0.32474998,0.40566108,0.7431525,0.5689859,0.2589833,0.66930985,0.5122511,0.7130495,0.74938697,0.73660153,0.64643073,0.6982453,0.439698,0.4699793,0.81585836,0.5003483,0.28303584,0.77313256,0.27829656,0.7304966,0.70963615,0.52492714,0.68298584,0.61490256,0.49037337,0.35309365,0.2753708,0.25613335,0.7837792,0.31864408,0.49831286,0.33142954,0.41756284,0.26750243,0.3993941,0.37247744,0.44447953,0.5709878,0.3260462,0.311242,0.5709878,0.3583462,0.49831286,0.41285247,0.41285247,0.3509441,0.5063878,0.47610658,0.46130243,0.3583462,0.3583462,0.3583462,0.44044203,0.21165033,0.56149596,0.26539582,0.8975275,0.45475632,0.59546316,0.822909,0.47826084,0.9101219,0.85053515,0.88315874,0.9667588,0.63706917,0.9221247,0.7774458,0.82652915,0.48769584,0.39746878,0.24542592,0.9257843,0.49321762,0.6797541,0.25967595,0.5274572,0.5011343,0.13633427,0.6172322,0.34042597,0.63650924,0.67609257,0.6111759,0.08392594,0.50825924,0.71706134,0.24463427,0.6412592,0.4053426,0.38238427,0.36892593,0.39077598,0.9088298,0.5035093,0.27471763,0.46867594,0.77188426,0.80592597,0.23038426,0.62813777,0.32647282,0.8762259,0.5758009,0.5912458,0.1868426,0.79040927,0.6568155,0.11163427,0.1203426,0.4765926,0.7164676,0.7074822,0.82328326,0.24463429,0.31905094,0.86099625,0.5090509,0.45363426,0.32265303,0.4726343,0.32459262,0.2778843,0.89948064,0.7292728,0.808301,0.5130687,0.17338426,0.5565015,0.45680097,0.5755509,0.6570926,0.52531976,0.5677134,0.7964259,0.41721764,0.4560093,0.88343006,0.8558009,0.5708009,0.72596765,0.4987593,0.53675926,0.7829676,0.4180093,0.114800945,0.7254531,0.28849262,0.5771343,0.3125399,0.615253,0.2616551,0.28738427,0.73071766,0.3507176,0.45545512,0.22563428,0.39010304,0.6614992,0.31742802,0.6760926,0.22785093,0.13855094,0.25017592,0.66662425,0.64759254,0.39663428,0.34208846,0.26838428,0.7063145,0.6634259,0.19792594,0.3610093,0.37434888,0.6721342,0.74878746,0.7718843,0.28283218,0.3578426,0.37921762,0.57950926,0.6254259,0.22128011,0.56684256,0.56684256,0.6048426,0.29312387,0.15913427,0.95659596,0.6784676,0.45319888,0.90611136,0.6325509,0.47817597,0.32993636,0.3784857,0.11005094,0.47025928,0.50905097,0.670551,0.27956697,0.59138423,0.1820926,0.38317594,0.6080093,0.9210976,0.43067598,0.74496764,0.8375926,0.25136346,0.2462176,0.27392593,0.68802696,0.9713842,0.84151137,0.8046989,0.9621218,0.69034255,0.47053635,0.25096762,0.75862384,0.38080093,0.8561556,0.79587173,0.2714916,0.57950926,0.26205093,0.5138009,0.34228638,0.2865926,0.49005094,0.11955094,0.25492594
BC2026_Train_0020_S22_20211104_231500_35,0.5865863,0.33824998,0.43207046,0.73958945,0.56621444,0.3441359,0.787707,0.6127486,0.76280904,0.7816508,0.75675285,0.755407,0.8065486,0.4923654,0.4953935,0.8028492,0.6081728,0.31628522,0.76715136,0.35424963,0.72475755,0.7705159,0.6499197,0.60104775,0.6445894,0.50011027,0.37063476,0.36266094,0.23013593,0.837186,0.31947955,0.42849204,0.34235874,0.43320248,0.23805666,0.35985458,0.35110667,0.42781916,0.6142171,0.31678793,0.36254624,0.6142171,0.332265,0.42849204,0.40090248,0.40090248,0.3450504,0.5072233,0.49241915,0.46213788,0.332265,0.332265,0.332265,0.4681942,0.20642957,0.5050835,0.24367341,0.875756,0.47278985,0.5012542,0.8277534,0.6382561,0.88637733,0.8591578,0.86475194,0.9385749,0.67625606,0.90028596,0.606811,0.8799359,0.48521096,0.4195447,0.17158522,0.7766561,0.4051269,0.31816232,0.18741855,0.39103526,0.39958528,0.1714071,0.76462275,0.29271024,0.64896023,0.60066855,0.64341855,0.14071022,0.6608352,0.76426655,0.3552519,0.6244185,0.5207102,0.43046024,0.37741858,0.321329,0.89202964,0.58641857,0.29983523,0.49141857,0.7780019,0.7067519,0.22066855,0.7020221,0.21184148,0.89837486,0.74406105,0.5515238,0.18346022,0.7770835,0.6149037,0.10033523,0.14071022,0.45896024,0.6457935,0.59801644,0.79904044,0.32121024,0.33150193,0.88564384,0.2673769,0.45341858,0.38011026,0.42808524,0.30775192,0.3742519,0.83923155,0.7471863,0.58325183,0.39218318,0.13121022,0.49282873,0.41146025,0.5895852,0.6070019,0.45737687,0.48362064,0.76929355,0.36950192,0.25233522,0.68854356,0.84687686,0.55237687,0.64896023,0.4336269,0.29429358,0.82787687,0.39721024,0.07183523,0.8300688,0.26884148,0.48191857,0.53446585,0.6127216,0.3414571,0.20800191,0.6339185,0.28083524,0.28404152,0.3196269,0.40789777,0.72904927,0.27331442,0.67112684,0.27705503,0.12408523,0.3267519,0.45265853,0.51991856,0.43283525,0.41565606,0.2721269,0.8558841,0.6632102,0.16762689,0.24521023,0.3724905,0.67112684,0.6671092,0.75821024,0.21712586,0.29983523,0.20246021,0.47637692,0.5808768,0.22100502,0.4431269,0.5864185,0.6085852,0.32148734,0.22304356,0.9672102,0.7526685,0.5900602,0.8845286,0.5262519,0.34179357,0.3833363,0.51562417,0.10666857,0.66716856,0.59196025,0.45341858,0.4429492,0.7257519,0.10191856,0.43996024,0.4835019,0.91955185,0.39087692,0.7376269,0.72337687,0.25474587,0.14862688,0.33150193,0.59783834,0.93237686,0.8099021,0.76988727,0.8382478,0.44866857,0.5412144,0.16841856,0.6814582,0.5674185,0.91187114,0.57612693,0.272404,0.32358524,0.19929355,0.6331269,0.47150818,0.21196023,0.51912683,0.15100189,0.45500192
BC2026_Train_0020_S22_20211104_231500_40,0.6495476,0.34124997,0.4352428,0.698245,0.5731617,0.20847654,0.77695,0.6248708,0.74464995,0.7668562,0.75608957,0.8531915,0.49156594,0.57504034,0.48709008,0.79508406,0.60641164,0.29964083,0.67188257,0.28562835,0.7559972,0.6456388,0.23867261,0.65787005,0.66024506,0.4934408,0.44166818,0.22700156,0.27972656,0.7974766,0.3132635,0.43438846,0.33412388,0.46803436,0.28096345,0.3919947,0.3549843,0.42496765,0.5824301,0.34287181,0.36238638,0.5824301,0.32941344,0.43438846,0.39603218,0.39603218,0.33681557,0.4518843,0.45794058,0.4438093,0.32941344,0.32941344,0.32941344,0.48553014,0.16993222,0.5622549,0.23626405,0.7227867,0.4749198,0.495511,0.7693209,0.712495,0.7757096,0.85511374,0.78410125,0.95779294,0.5969117,0.9139558,0.5837266,0.8251849,0.55839324,0.20225595,0.2469351,0.63643515,0.3838934,0.275059,0.31106007,0.44766217,0.24931009,0.10148612,0.71724445,0.2960184,0.7401435,0.5422268,0.58656013,0.07751842,0.15589342,0.5702716,0.25881007,0.7100602,0.35697672,0.5192684,0.30551842,0.31889758,0.60146326,0.47493508,0.3823101,0.45593506,0.49156007,0.5351017,0.23189342,0.74186176,0.3336028,0.9036226,0.77170485,0.6395315,0.15272675,0.73064345,0.7257658,0.091768414,0.104435086,0.47018507,0.5224351,0.78372467,0.8415164,0.17885174,0.32531005,0.8876389,0.33560175,0.46781006,0.3171559,0.5161017,0.25643507,0.22714342,0.8096304,0.77826226,0.66493505,0.49672568,0.13847674,0.413098,0.57943505,0.5279768,0.6491018,0.62871635,0.66505384,0.8581017,0.30472675,0.34035173,0.85307467,0.84385175,0.6760184,0.4337684,0.6340601,0.22793509,0.7987268,0.20260176,0.06326841,0.9396523,0.21930592,0.3458934,0.67793465,0.37269133,0.32918924,0.08622675,0.6055601,0.26435176,0.32788298,0.4432684,0.41567883,0.50119865,0.2736934,0.45514342,0.19367571,0.12976842,0.36568508,0.2350601,0.39972675,0.52481014,0.42573303,0.4068517,0.9168741,0.56993514,0.22476842,0.35381007,0.37134552,0.61110175,0.6181081,0.5168934,0.19432883,0.4456434,0.21289343,0.45831007,0.6142684,0.25651425,0.62693506,0.6546434,0.38785172,0.23314029,0.13847674,0.96964765,0.81622267,0.5567143,0.74590284,0.5857684,0.22556008,0.37870798,0.43232006,0.10681008,0.72826844,0.40922672,0.67997676,0.5203376,0.9526268,0.14956008,0.38389343,0.48997673,0.80759346,0.51056004,0.81424344,0.37518507,0.19091478,0.07276842,0.3411434,0.7432706,0.95864344,0.76962316,0.7632601,0.8282164,0.4361434,0.4756674,0.2184351,0.7251809,0.5992268,0.9144985,0.49239138,0.28610277,0.6198101,0.17964342,0.7702268,0.3400351,0.2540601,0.4028934,0.18597674,0.29364341
BC2026_Train_0020_S22_20211104_231500_45,0.7244405,0.363,0.45251167,0.6602087,0.57550037,0.18884635,0.8228177,0.6578185,0.80451435,0.7668311,0.7849998,0.85797757,0.53729916,0.55735856,0.4586417,0.75721484,0.64120865,0.25970453,0.67059535,0.25419453,0.7378871,0.6988579,0.21223214,0.839917,0.75045866,0.48271704,0.46893728,0.18100885,0.26294634,0.8345297,0.32455066,0.51027566,0.34608397,0.5748756,0.26937148,0.43221736,0.36492562,0.44432983,0.6515882,0.37232774,0.4053007,0.6515882,0.3824215,0.51027566,0.46115276,0.46115276,0.3824215,0.49277982,0.49210688,0.49277982,0.3824215,0.3824215,0.3824215,0.5432486,0.19064026,0.47923297,0.21734636,0.70295864,0.45573902,0.41031715,0.79350954,0.4791545,0.78669727,0.86542845,0.77313995,0.9136608,0.6530837,0.88082314,0.32992133,0.80444634,0.49237132,0.16631548,0.21766476,0.61270636,0.6024148,0.40517107,0.10920643,0.55475646,0.44170642,0.12284289,0.7415107,0.34908146,0.85258144,0.6958315,0.5699564,0.08070643,0.15591475,0.51543045,0.32770643,0.9166669,0.14878975,0.3973731,0.42587307,0.38563666,0.6592763,0.69503975,0.5374981,0.4551648,0.7821231,0.54224813,0.28258145,0.676892,0.18849184,0.9214564,0.4539971,0.70722353,0.17966475,0.4139981,0.79449296,0.15512308,0.2287481,0.38866475,0.3902481,0.8801433,0.87391025,0.33087313,0.3807481,0.9270041,0.3736231,0.5287898,0.39687833,0.48762313,0.50266474,0.25170645,0.75479084,0.87668383,0.7005815,0.39088145,0.1052481,0.43449637,0.67603976,0.5644148,0.6206232,0.67465436,0.82269603,0.7765815,0.36887312,0.3910398,0.85942936,0.85891473,0.47258142,0.39816478,0.68512815,0.16303976,0.8581231,0.18362309,0.12503976,0.9526283,0.2705679,0.31028974,0.6869858,0.3116356,0.2444429,0.081498094,0.6522898,0.27941477,0.29164603,0.28258145,0.5084836,0.612845,0.30324394,0.49474812,0.17869498,0.08466476,0.3736231,0.26516476,0.46783143,0.6657482,0.54715055,0.19708143,0.92605615,0.66020644,0.14008144,0.32295644,0.38969395,0.66020644,0.74250424,0.4852481,0.18886788,0.36887312,0.21370643,0.2643731,0.7037481,0.19801164,0.77658147,0.7670814,0.5082065,0.31019083,0.15433143,0.97247934,0.9553003,0.61557627,0.69440645,0.78053975,0.23666476,0.40083668,0.39763162,0.13058142,0.5905398,0.48683146,0.44091478,0.321592,0.9520148,0.07358143,0.31741476,0.4258731,0.8034981,0.4211231,0.8139085,0.45120642,0.17356893,0.094956435,0.33720645,0.92040217,0.9206647,0.73343563,0.7209669,0.86928564,0.24378976,0.5234856,0.22953977,0.63395673,0.72670645,0.89932466,0.6511419,0.2724481,0.3055398,0.3055398,0.80666476,0.42231065,0.38233143,0.44883144,0.12978977,0.7172065
BC2026_Train_0020_S22_20211104_231500_50,0.5611905,0.258,0.38838524,0.7706343,0.57905096,0.14097786,0.90754044,0.53858024,0.71508634,0.77093846,0.8436134,0.74604046,0.7574801,0.4910358,0.45409265,0.70636916,0.78250927,0.29215088,0.6903692,0.3142087,0.83504623,0.7892879,0.41235715,0.8138592,0.6930509,0.564801,0.3898964,0.24642786,0.19584036,0.8230779,0.16373739,0.2774603,0.17921449,0.43223116,0.26131034,0.2592916,0.18863532,0.29832074,0.3891645,0.2592916,0.3534999,0.3891645,0.2572728,0.2774603,0.296302,0.296302,0.2572728,0.2976478,0.3534999,0.3656124,0.2572728,0.2572728,0.2572728,0.40194988,0.20209365,0.4771064,0.21721536,0.73184264,0.47826186,0.32624996,0.80237216,0.4367884,0.78383535,0.8706415,0.8284655,0.8906509,0.61784256,0.88254166,0.60378623,0.8448883,0.5602445,0.16456549,0.18292081,0.6682125,0.9198041,0.415275,0.19637914,0.6196437,0.30562916,0.1394979,0.63145936,0.46950415,0.93193245,0.56529576,0.5534208,0.15283746,0.46237913,0.67725724,0.49404582,0.9429604,0.30087918,0.23675415,0.4869208,0.49887496,0.70817184,0.6833808,0.61121243,0.4251708,0.7687541,0.6420874,0.21537913,0.42074978,0.29415,0.93817073,0.4953521,0.778551,0.20746246,0.35550418,0.81124586,0.10058747,0.34125414,0.53283745,0.5233375,0.79693747,0.86453396,0.41329584,0.37450415,0.925606,0.33887917,0.70621246,0.49590623,0.5692541,0.45604584,0.43150416,0.779323,0.881536,0.63100415,0.47664893,0.23833747,0.46065435,0.55975413,0.72996247,0.41487914,0.5996937,0.7712875,0.77350414,0.36500415,0.4655458,0.94236654,0.8312958,0.34837916,0.48217082,0.7043441,0.2834625,0.82417077,0.28821248,0.16550414,0.86215204,0.35621667,0.4132958,0.7070084,0.4121677,0.51724166,0.14887914,0.72521245,0.22962914,0.3673,0.34837916,0.34453958,0.59579474,0.123822905,0.57162917,0.22159372,0.1829208,0.62704575,0.31592083,0.63417083,0.2525875,0.47393748,0.5439208,0.6742489,0.6397125,0.15521248,0.6911708,0.345549,0.9334208,0.86010355,0.51779586,0.26946977,0.5019625,0.54075414,0.25812915,0.76558745,0.19693331,0.68008745,0.68167084,0.69037914,0.28629273,0.17183746,0.85389787,0.97336036,0.6695187,0.57796246,0.66583747,0.37767082,0.42491356,0.3924873,0.19083747,0.44892085,0.56292075,0.21617082,0.24579142,0.7236291,0.1686708,0.25179583,0.41567084,0.78142077,0.1306708,0.770575,0.46950418,0.26976666,0.2494208,0.41646248,0.9101577,0.8502958,0.84578323,0.42315212,0.921427,0.33254582,0.48409066,0.2636708,0.4820125,0.57479584,0.8180734,0.41923332,0.30640107,0.44179583,0.19321248,0.8265458,0.3668646,0.29533747,0.3586708,0.16550414,0.7703374
BC2026_Train_0020_S22_20211104_231500_55,0.71905357,0.33975,0.5100302,0.744194,0.587444,0.2421177,0.9062435,0.6786631,0.8684256,0.7715256,0.83814436,0.7398985,0.848911,0.6398651,0.51864594,0.8201799,0.7362773,0.37986892,0.7720131,0.3449802,0.8554548,0.81306106,0.47917858,0.8277623,0.91598564,0.64640725,0.6277257,0.26776773,0.39958018,0.8330177,0.27407834,0.4833554,0.29897627,0.4833554,0.26263875,0.40193248,0.3622304,0.44028872,0.52171165,0.30705124,0.39385748,0.52171165,0.36694086,0.4833554,0.46182206,0.46182206,0.33262205,0.5116179,0.46451378,0.45980334,0.36694086,0.36694086,0.36694086,0.5533387,0.1482429,0.507139,0.21789272,0.8637356,0.5029355,0.48718923,0.8666134,0.59140223,0.8621325,0.89779705,0.8872085,0.9524419,0.77627224,0.9241768,0.758601,0.87521356,0.48864272,0.3556786,0.21866196,0.824287,0.93025166,0.4589922,0.17353696,0.45410365,0.27724528,0.21286301,0.70644736,0.51632863,0.9249236,0.4411203,0.6501203,0.18462029,0.5202869,0.82032865,0.30416197,0.90313697,0.54482865,0.36353695,0.59074533,0.5191787,0.78733593,0.5568303,0.73799527,0.4601203,0.80370367,0.648537,0.36828697,0.4254507,0.23087342,0.9406619,0.45475677,0.8393682,0.16007863,0.46645364,0.76639634,0.1299953,0.18541196,0.48070362,0.43478698,0.77073073,0.90438706,0.32078695,0.35087028,0.91613424,0.33266196,0.66041195,0.44937345,0.6406203,0.35482863,0.26378694,0.7259422,0.8621049,0.91200364,0.6359495,0.28278697,0.43089393,0.49178696,0.59628695,0.33503693,0.6336933,0.6135058,0.84487027,0.40866196,0.5266203,0.8957744,0.87463695,0.46882862,0.73799527,0.612912,0.46803698,0.8424953,0.3413703,0.14662029,0.7832193,0.36306196,0.41341197,0.4588004,0.5441755,0.37222552,0.1608703,0.78153694,0.35720363,0.34576404,0.2582453,0.25507864,0.75436294,0.30150992,0.79974526,0.40733594,0.13316195,0.5155369,0.5092036,0.5780786,0.5764953,0.71353287,0.57016194,0.5796224,0.7229536,0.2083703,0.58124524,0.42910677,0.9017911,0.8295358,0.8801787,0.29515678,0.4450786,0.3793703,0.42766196,0.5994536,0.24639009,0.563037,0.7229536,0.636662,0.2819953,0.17670362,0.814787,0.9004057,0.6505755,0.79044324,0.608162,0.24241196,0.37254217,0.24510899,0.17195363,0.55052865,0.4355786,0.28278697,0.2975965,0.798162,0.23607863,0.30495363,0.4007453,0.879957,0.28832862,0.9265703,0.56937027,0.33285987,0.16403696,0.37145364,0.9052753,0.9588703,0.79380786,0.5005349,0.94885576,0.6160787,0.5193765,0.16641197,0.69805574,0.4411203,0.68250483,0.55856407,0.38562447,0.4981203,0.33662027,0.64537024,0.4149953,0.37382862,0.41103697,0.15216197,0.5962869
BC2026_Train_0020_S22_20211104_231500_60,0.5411592,0.31500003,0.46954224,0.6753934,0.59147674,0.30676588,0.84765416,0.6740417,0.8402521,0.7675772,0.82612085,0.7743063,0.6612562,0.64563894,0.59525096,0.77895725,0.6397684,0.3577767,0.7383527,0.35438645,0.8514027,0.78545696,0.55065924,0.87944555,0.82343507,0.6527201,0.5716988,0.3231534,0.30819088,0.8749054,0.27170599,0.4607956,0.27776223,0.40292478,0.22931224,0.35851228,0.3612039,0.39888728,0.47290808,0.27910805,0.29794973,0.47290808,0.30871636,0.4607956,0.4002331,0.4002331,0.28247264,0.45473933,0.44128102,0.4204206,0.30871636,0.30871636,0.30871636,0.4715623,0.14452472,0.46921363,0.2127159,0.8788517,0.49179208,0.4536377,0.8338693,0.6571851,0.8830673,0.9039277,0.87901,0.8896976,0.9627288,0.9038091,0.5613659,0.8914909,0.45995337,0.36224258,0.22735047,0.59705883,0.84014016,0.14179112,0.31997547,0.35686716,0.17747547,0.14857966,0.7830214,0.5384755,0.91074884,0.63189214,0.72530884,0.13710049,0.7071005,0.82776237,0.37776715,0.8606047,0.71080554,0.24872549,0.60972553,0.36470467,0.87748694,0.56884384,0.61289215,0.50601715,0.86226714,0.77043384,0.40785047,0.5207976,0.27570155,0.9351005,0.6140877,0.67972314,0.23051715,0.45455885,0.774412,0.13868381,0.15926714,0.3722255,0.62555885,0.7471589,0.9489681,0.41339216,0.2803921,0.90816313,0.32789212,0.7929488,0.45940778,0.7546005,0.37539214,0.18697548,0.7424802,0.8147821,0.6556422,0.41303593,0.16085047,0.38439834,0.54243386,0.5202671,0.61051714,0.5351505,0.7114547,0.8306005,0.36035046,0.35955882,0.6698922,0.87117344,0.39993382,0.8931421,0.5717255,0.28118378,0.8606442,0.4403088,0.16401714,0.6579974,0.297413,0.25505883,0.67556846,0.48858073,0.49839735,0.18064213,0.5495588,0.23764215,0.2815005,0.27326715,0.253238,0.7449224,0.2781359,0.75460047,0.2966213,0.21547545,0.5376838,0.5139338,0.5178922,0.53530884,0.77272964,0.65801716,0.6066713,0.6136838,0.18064213,0.5020588,0.38966194,0.9670047,0.7543878,0.8218922,0.37497652,0.5194755,0.39122546,0.4411005,0.8353505,0.31334528,0.49335048,0.76493174,0.7443089,0.2949469,0.1885588,0.7284756,0.9155068,0.6040849,0.64780474,0.54005885,0.37697548,0.3702661,0.2630705,0.16955881,0.62635046,0.38885045,0.3025588,0.39765382,0.71580887,0.24239214,0.22101714,0.4664338,0.8782588,0.5052255,0.8137776,0.7118505,0.49370676,0.26376715,0.62476724,0.93709797,0.9390588,0.78979015,0.4403088,0.9513693,0.53214216,0.656513,0.2075588,0.648913,0.49335048,0.6722039,0.3858026,0.35516506,0.5044338,0.23447548,0.71660054,0.39652964,0.30493382,0.49572548,0.18460046,0.7007672
