row_id,1161364,116570,1176823,1491113,1595929,209233,22930,22956,22961,22967,22973,22983,22985,23150,23154,23158,23176,23724,24279,24285,24287,24321,244024,25073,25092,25214,326272,41970,43435,47144,47158son01,47158son02,47158son03,47158son04,47158son05,47158son06,47158son07,47158son08,47158son09,47158son10,47158son11,47158son12,47158son13,47158son14,47158son15,47158son16,47158son17,47158son18,47158son19,47158son20,47158son21,47158son22,47158son23,47158son24,47158son25,476521,516975,517063,555123,555145,555146,64898,65377,65380,66971,67107,67252,70711,738183,74113,74580,760266,ashgre1,astcra1,bafcur1,baffal1,banana,barant1,batbel1,baymac,bbwduc,bcwfin2,bkcdon,bkhpar,blchaw1,blheag1,blttit1,bncfly,bobfly1,brcmar1,brnowl,bucmot4,bucpar,bufpar,bunibi1,burowl,camfli1,chacha1,chbmoc1,chobla1,chvcon1,cibspi1,coffal1,compau,compot1,crbthr1,crebec1,dwatin1,epaori4,eulfly1,fabwre1,fepowl,ficman1,flawar1,fotfly,fusfly1,gilhum1,giwrai1,glteme1,grasal3,greani1,greant1,greela,grekis,grepot1,gretho2,greyel,grfdov1,grhtan1,gycwor1,horscr1,houspa,hyamac1,larela1,lesela1,lesgrf1,limpki,linwoo1,litcuc2,litnig1,mabpar,magant1,magtan2,masgna1,nacnig1,ocecra1,oliwoo1,orbtro3,orwpar,osprey,pabspi1,palhor3,paltan1,phecuc1,picpig2,pirfly1,plasla1,platyr1,plcjay1,pluibi1,purjay1,pvttyr1,ragmac1,rebscy1,recfin1,redjun,relser1,rinkin1,rivwar1,roahaw,rubthr1,rufcac2,rufcas2,rufgna3,rufhor2,rufnig1,ruftho1,ruftof1,rumfly1,ruther1,rutjac1,sabspa1,saffin,saytan1,scadov1,schpar1,scther1,shcfly1,shshaw,shtnig1,sibtan2,smbani,smbtin1,sobcac1,sobtyr1,socfly1,sofspi1,souant1,soulap1,souscr1,spbant3,spispi1,sptnig1,squcuc1,stbwoo2,strcuc1,strher2,strowl1,swthum1,swtman1,tattin1,thlwre1,toctou1,trokin,trsowl,undtin1,varant1,watjac1,wesfie1,wfwduc1,whbant2,whbwar2,whiwoo1,whlspi1,whnjay1,whtdov,whwpic1,y00678,yebcar,yebela1,yecmac,yecpar,yehcar1,yeofly1
BC2026_Train_0001_S08_20250606_030007_5,0.84972167,0.8445834,0.62918645,0.17370033,0.5898795,0.6373931,0.28912798,0.4671817,0.33212736,0.17224234,0.18132672,0.3939011,0.3727042,0.42929903,0.38841933,0.090300426,0.8164941,0.5972024,0.11613107,0.6442024,0.43802074,0.17381684,0.40995082,0.32475033,0.62688994,0.45389092,0.21566479,0.92486715,0.69083065,0.18701394,0.88283587,0.8181517,0.7363082,0.6202301,0.93073064,0.7541742,0.49203944,0.72621447,0.42407486,0.9227061,0.588603,0.42407486,0.91126657,0.8181517,0.8187404,0.8187404,0.8507041,0.786104,0.7810572,0.77062696,0.91126657,0.91126657,0.91126657,0.2824259,0.9354916,0.38660243,0.42819518,0.24993783,0.4424979,0.83581775,0.40055835,0.79234827,0.58311963,0.4190289,0.1704941,0.3069378,0.32261285,0.7819385,0.34340766,0.20696393,0.39755762,0.67555505,0.3364673,0.5787173,0.4429465,0.21802408,0.08867565,0.38782668,0.58227986,0.41344702,0.3191595,0.23750898,0.3412173,0.65630066,0.3257798,0.60998815,0.539134,0.2825845,0.28619647,0.36298814,0.7936548,0.56842566,0.44650897,0.23160115,0.13398866,0.24977982,0.55140483,0.35230067,0.3115298,0.5711965,0.41563395,0.41626734,0.49963963,0.697784,0.83403677,0.423323,0.5114256,0.88990176,0.36688712,0.5490298,0.74882674,0.5945506,0.7782173,0.28702772,0.5116632,0.51934236,0.55496734,0.35820845,0.09777982,0.33963394,0.26035845,0.45205063,0.6384881,0.41009232,0.80809575,0.5760256,0.83086324,0.26172408,0.2972798,0.075247005,0.2854048,0.18011314,0.42671728,0.5040038,0.6843455,0.74457145,0.45086312,0.4401756,0.27907148,0.24700898,0.18169647,0.109654814,0.5692173,0.33369645,0.35507146,0.964259,0.6084048,0.20471418,0.33960432,0.72161317,0.37454647,0.8115341,0.3603361,0.69390476,0.14567564,0.29925895,0.16542774,0.56882143,0.3170121,0.14509179,0.51451313,0.346759,0.54567516,0.7869059,0.5169673,0.3289465,0.41761312,0.1785298,0.43540585,0.5688215,0.44317406,0.21494648,0.7319048,0.49598813,0.62051,0.89591837,0.419909,0.28461313,0.5169772,0.63611317,0.8697934,0.30361313,0.17298815,0.18672356,0.36338398,0.313509,0.16190481,0.51978767,0.83385175,0.3839673,0.3792173,0.37576365,0.43394125,0.2331548,0.42434227,0.21651992,0.53806525,0.61434233,0.5989048,0.4568006,0.4504673,0.5515236,0.61632144,0.30955064,0.36417562,0.8863115,0.12469648,0.81377894,0.39742562,0.30559233,0.43797874,0.15517566,0.5046965,0.13752148,0.61939317,0.37775272,0.32591832,0.11836316,0.53992563,0.47292092,0.5969257,0.5094267,0.4635298,0.5441215,0.20598087,0.3253147,0.5597173,0.15042564,0.36417562,0.81657356,0.62265486,0.20307148,0.4421548,0.51894647
BC2026_Train_0001_S08_20250606_030007_10,0.8716661,0.84875005,0.5696868,0.15020204,0.58205616,0.6456974,0.24056318,0.4710035,0.2914357,0.1684938,0.1872682,0.35654038,0.36835006,0.434885,0.37129435,0.06621075,0.66458744,0.62262905,0.09433831,0.59656966,0.4183477,0.16595347,0.40616608,0.43128327,0.6127332,0.4307489,0.18279357,0.9332308,0.6710307,0.17307241,0.8765214,0.77671117,0.6936564,0.63578546,0.9322054,0.6960115,0.4581355,0.72191876,0.39420843,0.93321466,0.58666253,0.39420843,0.9039428,0.77671117,0.7898833,0.7898833,0.84237087,0.7710418,0.77406985,0.7737334,0.9039428,0.9039428,0.9039428,0.25356886,0.93691576,0.38855466,0.40890986,0.254227,0.44176593,0.82785183,0.42465705,0.84785825,0.5548703,0.3791045,0.16516452,0.31158328,0.32333952,0.7225902,0.35190988,0.18055363,0.3871786,0.7153119,0.44283253,0.59285337,0.47449923,0.2032841,0.13645753,0.21629712,0.6751867,0.4433669,0.26846793,0.21127003,0.3498117,0.55445755,0.22195753,0.65222836,0.70289505,0.18599609,0.4424367,0.33674917,0.7488117,0.58929086,0.5849367,0.22358045,0.2099242,0.29004085,0.3268534,0.2868742,0.12616587,0.35852003,0.3723742,0.36032504,0.5569018,0.6559333,0.807687,0.16984609,0.46697834,0.8942607,0.20143358,0.5956242,0.68983257,0.68231165,0.7654367,0.35685754,0.3080909,0.4527284,0.71833247,0.3493862,0.0992492,0.30033252,0.2676169,0.39058253,0.46539503,0.3403117,0.85226774,0.48910543,0.7009159,0.34163773,0.34189504,0.093341395,0.30785337,0.12141587,0.43768668,0.4550044,0.587569,0.62452,0.38543668,0.36841583,0.24966587,0.2156242,0.11072837,0.11745754,0.5235826,0.20414503,0.32052004,0.9056607,0.65697837,0.14827316,0.3541263,0.62966585,0.22002192,0.74569064,0.15838669,0.7911659,0.13527003,0.33674917,0.1762586,0.54654086,0.35143465,0.13186586,0.497794,0.20177004,0.48979813,0.84191173,0.4566867,0.44837418,0.38464504,0.17841588,0.40059713,0.64985335,0.2701106,0.1289367,0.7234784,0.41947836,0.518312,0.86962,0.3451013,0.3343742,0.50888723,0.67297006,0.82168466,0.22947836,0.28370753,0.1018617,0.3462492,0.22077005,0.07945754,0.59041905,0.859843,0.44402006,0.35614505,0.34096485,0.48613673,0.19979087,0.40799916,0.14046535,0.41281253,0.68943673,0.4566867,0.4923117,0.740895,0.4064198,0.53110343,0.22710337,0.29993668,0.911895,0.12616587,0.78693837,0.23264503,0.29004082,0.46090233,0.120228365,0.3889992,0.095449194,0.63759834,0.39966688,0.39562944,0.15664503,0.536645,0.47707212,0.49508253,0.4867305,0.3244784,0.45318756,0.21247734,0.2804023,0.68231165,0.19108254,0.1989992,0.7110492,0.6280826,0.15585336,0.5445617,0.4839992
BC2026_Train_0001_S08_20250606_030007_15,0.86488575,0.83916664,0.60273886,0.15267996,0.5886904,0.6036176,0.27506205,0.44039768,0.3271458,0.20147863,0.16029613,0.36772272,0.34713143,0.41890916,0.37984636,0.09323431,0.8077841,0.60867995,0.11284009,0.63620096,0.4453282,0.17082869,0.52763575,0.3368612,0.62015915,0.44213307,0.24282366,0.9089041,0.67565924,0.21435505,0.8955323,0.7815402,0.69338804,0.59076834,0.9149964,0.7132392,0.4790641,0.7371277,0.3959589,0.9208339,0.5964881,0.3959589,0.9144412,0.7815402,0.77615684,0.77615684,0.82965374,0.7687547,0.7798578,0.7825496,0.9144412,0.9144412,0.9144412,0.24488911,0.9295818,0.39256445,0.40815505,0.27879244,0.45107102,0.84390295,0.50088364,0.82717997,0.5803175,0.402432,0.17832996,0.270955,0.35752368,0.74430364,0.4818988,0.17552382,0.3906988,0.7750315,0.29259342,0.6108435,0.42480174,0.3466049,0.12753095,0.29180178,0.72998923,0.3554122,0.25792834,0.21778096,0.39353094,0.5443434,0.24153094,0.6543851,0.61242676,0.23324816,0.25459343,0.33296844,0.70307255,0.56848925,0.48694757,0.2482799,0.1007924,0.26765594,0.3539476,0.2696351,0.22451012,0.3753226,0.41411427,0.41955698,0.48320696,0.5909884,0.8272578,0.2741377,0.48734343,0.8991882,0.26763615,0.5261351,0.8003289,0.6963434,0.7375101,0.3145622,0.3896023,0.5071351,0.6690309,0.2942658,0.15840594,0.3776976,0.2843502,0.4493434,0.4885309,0.33890593,0.85207176,0.5219887,0.77986425,0.32913873,0.39155173,0.13377522,0.26171842,0.16315596,0.28784344,0.46515694,0.6377601,0.7925309,0.4457809,0.38957262,0.22886428,0.2458851,0.14732262,0.12673928,0.509906,0.31317675,0.3361351,0.9322997,0.5680934,0.19563407,0.34719864,0.6080726,0.2038872,0.7217262,0.11899085,0.7398851,0.15840594,0.28823927,0.16159241,0.59105176,0.37783617,0.10281115,0.5346257,0.2728018,0.54248303,0.83154035,0.48892677,0.46478093,0.47348928,0.15998927,0.47505283,0.6163851,0.42386165,0.16473928,0.7830309,0.6116351,0.5114398,0.85911006,0.40321895,0.43746844,0.46588925,0.6893767,0.7818434,0.2933851,0.13346843,0.12538356,0.3844267,0.4576559,0.08082261,0.5296679,0.8253653,0.41292676,0.3242601,0.32102415,0.4477205,0.2138226,0.23203094,0.15096428,0.3761539,0.7014892,0.45528093,0.5419684,0.6401351,0.45118403,0.63894755,0.3187184,0.31080177,0.9217625,0.13703094,0.77522516,0.31871843,0.4406351,0.47228196,0.11367679,0.48536426,0.16114709,0.6201534,0.3888403,0.5094904,0.1817601,0.52138513,0.54694605,0.5384059,0.51408195,0.3515726,0.35260177,0.24358928,0.29919395,0.6405309,0.21105178,0.2759684,0.7901757,0.6425101,0.19521844,0.5015934,0.28784344
BC2026_Train_0001_S08_20250606_030007_20,0.8911369,0.8729167,0.6559892,0.15693209,0.59329873,0.64827687,0.3244431,0.54832256,0.3886394,0.15486813,0.17485376,0.45222998,0.4010547,0.41274095,0.38094565,0.08222112,0.8266425,0.30317268,0.12917946,0.7598033,0.5629752,0.17990057,0.47828272,0.39419454,0.68968415,0.4356977,0.21515583,0.93616647,0.7361914,0.24994972,0.9041423,0.8120705,0.71406025,0.5929352,0.8959159,0.7500613,0.48997894,0.78236127,0.44388416,0.92401016,0.683779,0.44388416,0.9203091,0.8120705,0.8234092,0.8234092,0.86008316,0.8001935,0.80927795,0.8146612,0.9203091,0.9203091,0.9203091,0.27733728,0.9267019,0.38276252,0.40135595,0.25668207,0.4822952,0.85039747,0.56114423,0.83020496,0.63126814,0.44026065,0.19968209,0.31083208,0.34823832,0.8226203,0.35433096,0.20256847,0.38211846,0.68847024,0.28051475,0.8402231,0.4523064,0.2051184,0.095660575,0.28716475,0.6561606,0.39632568,0.23481579,0.24884808,0.41272306,0.6292439,0.33474392,0.5627439,0.6898064,0.18260537,0.3727439,0.42222306,0.6292439,0.7012856,0.50574386,0.27058923,0.17003767,0.2824939,0.29357722,0.36522305,0.2682439,0.42816058,0.36641058,0.42179558,0.43626526,0.6684314,0.8427134,0.17769703,0.5469106,0.91978556,0.28522515,0.4879314,0.7160106,0.6640772,0.8548689,0.35103244,0.4021444,0.51484805,0.6062856,0.29398295,0.095660575,0.28526473,0.31535795,0.42182726,0.52038974,0.43409806,0.8718339,0.4756408,0.73057723,0.26907519,0.2824939,0.047359012,0.39134806,0.11663975,0.46061888,0.4863085,0.6306492,0.73018146,0.41984805,0.25201476,0.29238972,0.3315772,0.15622307,0.1494939,0.5255356,0.3703689,0.41866055,0.957746,0.6351814,0.181596,0.3644611,0.5168272,0.28115597,0.7123986,0.2857793,0.7855981,0.16255642,0.3323689,0.15291789,0.6050981,0.38129386,0.16061683,0.5538971,0.36720222,0.5783497,0.81322724,0.50811887,0.3945147,0.4119314,0.23341058,0.44927827,0.63874394,0.2819991,0.17403558,0.7016814,0.43172306,0.5108601,0.94066584,0.376722,0.38857722,0.5208747,0.6971491,0.70880646,0.25834808,0.14395224,0.19291681,0.3347439,0.43845224,0.10199391,0.4995491,0.81401896,0.4550772,0.38105637,0.35135898,0.5153627,0.20807724,0.2670564,0.15850902,0.4261695,0.6316189,0.48634806,0.4439939,0.4843689,0.58161336,0.57659805,0.21718143,0.25161892,0.93737644,0.112681404,0.8109156,0.26388973,0.29872304,0.5628033,0.13801475,0.72780645,0.12523924,0.6118906,0.38919076,0.40660745,0.16770224,0.48991057,0.51542205,0.46259803,0.38837934,0.40718138,0.38613102,0.30020744,0.30541262,0.56116056,0.16532725,0.2967439,0.7921492,0.6573481,0.26072308,0.51643145,0.3810564
BC2026_Train_0001_S08_20250606_030007_25,0.8955469,0.85041666,0.65139747,0.16817503,0.5853042,0.58936936,0.34619612,0.54776835,0.36315364,0.16783956,0.16481143,0.4252302,0.40342766,0.4205924,0.38425493,0.08492475,0.76362705,0.47276878,0.11358491,0.60710204,0.5495676,0.16733414,0.5780885,0.3862,0.63260627,0.4572719,0.21362007,0.9374059,0.68634856,0.21012148,0.8889214,0.75990635,0.6801994,0.58027136,0.9335189,0.68558276,0.46318382,0.73100466,0.3777234,0.9332161,0.58935565,0.3777234,0.90899104,0.75990635,0.80670774,0.80670774,0.84876496,0.77238905,0.7693609,0.77609,0.90899104,0.90899104,0.90899104,0.24078485,0.93153375,0.38425493,0.41532147,0.26222503,0.498967,0.8224549,0.4119084,0.82260627,0.5876941,0.39271644,0.15891251,0.29215002,0.21626876,0.80372906,0.3796965,0.29704648,0.4071277,0.667151,0.44302174,0.5641468,0.4402509,0.26301655,0.12556343,0.2928426,0.48735505,0.42214158,0.17631918,0.17425095,0.3583134,0.58829266,0.36345923,0.6623134,0.6373759,0.15874416,0.46558422,0.3369384,0.6769593,0.74583423,0.5558343,0.2008806,0.09140302,0.24945927,0.31002176,0.3401051,0.09231344,0.4307509,0.35000092,0.38724488,0.501902,0.6974793,0.85995346,0.21652593,0.57958424,0.86436653,0.19374572,0.5427718,0.77473015,0.6393551,0.83180934,0.31380197,0.38612068,0.5095217,0.6365843,0.3251129,0.08993844,0.2961676,0.29621705,0.51308423,0.63618845,0.3080426,0.899346,0.45336288,0.76681346,0.38176656,0.47350094,0.06099312,0.26173007,0.0752926,0.43550092,0.5059197,0.6418489,0.6682509,0.38523006,0.39433423,0.31912592,0.24193843,0.11923011,0.083605096,0.5601884,0.27954257,0.40066755,0.9111739,0.61481345,0.28458947,0.31426707,0.5020009,0.29572824,0.76889956,0.29900768,0.7687926,0.20789675,0.4414384,0.19459677,0.6722092,0.3253603,0.116973855,0.50839365,0.31516758,0.51298535,0.8342635,0.4533134,0.43035507,0.3428759,0.12952176,0.4611707,0.5467301,0.38610092,0.16831343,0.6674593,0.47548008,0.47671908,0.91970414,0.4314931,0.3773134,0.58089054,0.7103478,0.7208968,0.23402175,0.1322926,0.17418167,0.29458424,0.3761259,0.099042594,0.5392786,0.82496136,0.43035507,0.4054176,0.3281806,0.5440385,0.25104257,0.24708425,0.1919447,0.35090736,0.6615218,0.49645925,0.52456343,0.6646884,0.50399595,0.58987594,0.2823134,0.40898007,0.92927927,0.13466759,0.8392668,0.17702177,0.35000092,0.48044783,0.20393842,0.33931342,0.15396446,0.6390067,0.42728737,0.34802175,0.15525094,0.5475218,0.35228685,0.48973006,0.4998634,0.28429258,0.43300322,0.2012072,0.29765195,0.60016763,0.14337592,0.21977177,0.79325515,0.63618845,0.20195927,0.55662596,0.55860513
BC2026_Train_0001_S08_20250606_030007_30,0.8531265,0.8345833,0.6603709,0.20670637,0.57989806,0.6035861,0.3570201,0.47905353,0.34187952,0.19017042,0.20076889,0.39305478,0.36004823,0.40387294,0.3884295,0.096972466,0.7875126,0.28882197,0.084225394,0.61717534,0.42912886,0.16886148,0.34804317,0.31144387,0.6442209,0.4363095,0.2162806,0.9209059,0.63921106,0.20791107,0.8820056,0.728059,0.67651355,0.5860063,0.9207319,0.67113024,0.4541146,0.7054489,0.342074,0.9191,0.5765854,0.342074,0.89319277,0.728059,0.7851896,0.7851896,0.8319573,0.75322604,0.74750626,0.7518803,0.89319277,0.89319277,0.89319277,0.22397712,0.9285209,0.3884295,0.42379856,0.27190012,0.46176258,0.8046809,0.36985898,0.8437209,0.5627545,0.39762077,0.19031887,0.24019386,0.34136885,0.7564972,0.40527353,0.2481673,0.40491724,0.67420983,0.47337666,0.66298085,0.4971267,0.23553038,0.123460025,0.495009,0.6036058,0.3035939,0.2893142,0.20421003,0.39341834,0.6986058,0.3269184,0.6788141,0.6004392,0.29181784,0.38748085,0.36452252,0.61864746,0.65704334,0.524835,0.25267982,0.11481108,0.25091836,0.48010585,0.2631892,0.2299392,0.51889753,0.3930225,0.4346444,0.44245222,0.64284086,0.8255952,0.35530955,0.5125642,0.90143085,0.3299366,0.5992517,0.7722308,0.67723083,0.75045997,0.37807983,0.47125897,0.4876267,0.69821,0.28997725,0.13414754,0.38114753,0.32615644,0.48089755,0.56125164,0.45516837,0.8459408,0.6402007,0.83516836,0.42382827,0.31583503,0.064213686,0.33166838,0.08981421,0.27427253,0.48870438,0.6549148,0.7164183,0.42191836,0.5236475,0.22360587,0.19589755,0.1337517,0.11989753,0.643585,0.2584392,0.35383502,0.9152256,0.69741833,0.2071293,0.38928193,0.69346,0.32697776,0.80841106,0.21256211,0.73621,0.22716838,0.34116837,0.21406628,0.65031415,0.35923815,0.14240067,0.52948606,0.3997517,0.49234703,0.8231746,0.581835,0.35462666,0.3771892,0.23152253,0.5291496,0.6835642,0.4437981,0.1978767,0.7643142,0.53195995,0.63839865,0.8621839,0.49417776,0.31741837,0.5896033,0.6990017,0.89466214,0.28496,0.14246003,0.11431629,0.3807517,0.458335,0.10525171,0.5714147,0.84249127,0.37916836,0.42073086,0.33995122,0.45516837,0.268335,0.46031418,0.18417098,0.5093382,0.70691836,0.54146004,0.47693917,0.66971,0.60051835,0.61745995,0.22637671,0.38748085,0.9225526,0.14285587,0.80366004,0.28416836,0.3190017,0.45483193,0.1705642,0.5755017,0.12874441,0.59201574,0.30746317,0.46405482,0.16146004,0.5568975,0.53156424,0.7302725,0.5247756,0.43181422,0.6062382,0.20682254,0.34677932,0.6740642,0.19510588,0.34473088,0.85896,0.66179335,0.15196005,0.6475433,0.56046
BC2026_Train_0001_S08_20250606_030007_35,0.85795295,0.87470007,0.6819421,0.19604081,0.59310126,0.5719206,0.68564314,0.63652015,0.42757958,0.20743488,0.21409675,0.48814207,0.44211453,0.4392634,0.39838368,0.090877585,0.80229914,0.6166533,0.10115734,0.6092768,0.54804134,0.17701185,0.46726546,0.3506533,0.60913247,0.45378768,0.2341079,0.9138414,0.6570247,0.26059765,0.87509966,0.7574233,0.66725254,0.6467285,0.9132035,0.7217587,0.48421913,0.7089733,0.35737437,0.9461764,0.56395984,0.35737437,0.9195962,0.7574233,0.792415,0.792415,0.85365045,0.7591057,0.7597785,0.7554046,0.9195962,0.9195962,0.9195962,0.2359129,0.9364191,0.41019338,0.42019767,0.26622206,0.49948764,0.8689526,0.43453437,0.8826533,0.5766633,0.41055375,0.19995956,0.32571578,0.43650955,0.71760666,0.32686016,0.2203414,0.4198414,0.6279738,0.34296343,0.86863005,0.54325503,0.2333176,0.11654674,0.27254465,0.662005,0.34739673,0.21958217,0.1767134,0.42767173,0.5962967,0.30298427,0.6054009,0.64735925,0.2384832,0.31802592,0.25231758,0.69763005,0.75938,0.5630467,0.2166332,0.089818105,0.29269257,0.46290088,0.24440092,0.2657759,0.4486509,0.37779674,0.4072507,0.43519258,0.6675309,0.87132174,0.30248946,0.5024842,0.93305194,0.27829415,0.4415259,0.73420507,0.7518592,0.8163801,0.3551155,0.6257665,0.45181757,0.73879665,0.35400712,0.08765091,0.34731758,0.2950082,0.4735884,0.52267164,0.4055051,0.8700668,0.49380562,0.7083175,0.37199777,0.3014009,0.129253,0.30219257,0.22540092,0.3758176,0.54141444,0.658502,0.6540884,0.44944257,0.65131754,0.28240094,0.29783842,0.15573427,0.117734246,0.6303384,0.23727591,0.58838,0.9128051,0.5812551,0.18240353,0.31016862,0.6647759,0.38100693,0.7352441,0.2164155,0.6616092,0.2349009,0.38254675,0.1665603,0.67506754,0.3062499,0.11437956,0.5407613,0.37106758,0.48736346,0.8300957,0.4545884,0.24044259,0.35523424,0.16365093,0.47590408,0.53177583,0.3193124,0.15533844,0.68892175,0.42331758,0.5289952,0.8922217,0.41339207,0.37542176,0.5522405,0.64023423,0.79609364,0.3168384,0.14544258,0.163928,0.33781755,0.28319257,0.056775913,0.48544362,0.8126988,0.47279674,0.44825506,0.3481686,0.53842586,0.23569258,0.35325506,0.20097803,0.42777467,0.6390467,0.46131757,0.5270259,0.5297967,0.50448716,0.64933836,0.21510924,0.22738008,0.9208959,0.15533842,0.83142173,0.17948426,0.28715092,0.43412384,0.12763008,0.55394256,0.21057697,0.6333467,0.36548635,0.3119103,0.15494259,0.4486509,0.422803,0.4779426,0.5754956,0.3964009,0.36519343,0.22819154,0.29730403,0.6152967,0.26735923,0.2574634,0.823703,0.7791717,0.16048425,0.6517134,0.58600503
BC2026_Train_0001_S08_20250606_030007_40,0.8776326,0.8275,0.5812702,0.16272192,0.57735735,0.6640023,0.26910412,0.4395876,0.27697724,0.17008445,0.14646506,0.35116634,0.34026507,0.4108679,0.36362916,0.06429897,0.8138678,0.6282219,0.100772284,0.6287091,0.51902366,0.16481714,0.45132017,0.2749407,0.6670136,0.42331883,0.18451554,0.92184824,0.6873565,0.19600858,0.882845,0.7524338,0.66419756,0.6012798,0.94241494,0.6975069,0.44886416,0.7096194,0.3906569,0.92999965,0.57873714,0.3906569,0.9040923,0.7524338,0.7829673,0.7829673,0.8448757,0.7621069,0.7597517,0.7513403,0.9040923,0.9040923,0.9040923,0.24160586,0.93605596,0.37543887,0.42258358,0.23753442,0.4396222,0.823824,0.42342177,0.84458447,0.59135103,0.4112449,0.14989692,0.26781565,0.26496568,0.7666587,0.3360148,0.20740859,0.39515233,0.6622993,0.2840036,0.6022536,0.41819108,0.21089317,0.11300358,0.18270984,0.6893369,0.2970364,0.24334162,0.16564941,0.3437744,0.6758786,0.27648276,0.57652444,0.52031606,0.16625308,0.27608693,0.21433692,0.6647953,0.57375354,0.42808688,0.20380773,0.1281739,0.21473277,0.32596192,0.26144108,0.20246191,0.29310775,0.33150357,0.35944548,0.40065566,0.6498961,0.8381215,0.17167598,0.43837857,0.931765,0.23611765,0.39246193,0.59750354,0.65292025,0.79581606,0.27452338,0.40142754,0.42729524,0.6192744,0.26152027,0.055607755,0.23096192,0.23489058,0.34852442,0.4241286,0.3544619,0.8364931,0.4878083,0.7186286,0.3310682,0.20523274,0.05157026,0.22344106,0.19573276,0.30973274,0.44679004,0.6210755,0.62917024,0.37267026,0.27054524,0.18544109,0.19850358,0.1593161,0.07104525,0.44273275,0.27292022,0.3326911,0.8860067,0.5773161,0.1913687,0.32224113,0.61808693,0.21342255,0.6298432,0.22612284,0.8195859,0.19058692,0.3006286,0.09994109,0.5385244,0.21708795,0.09822911,0.5104796,0.14744109,0.45819995,0.7658119,0.45144105,0.31487858,0.33585775,0.12210776,0.40136817,0.5610869,0.30726865,0.11814943,0.58760774,0.4245244,0.5073723,0.8435338,0.33471972,0.25154525,0.5110437,0.6117536,0.75069106,0.17514941,0.10785775,0.09053016,0.27529526,0.24362858,0.05046192,0.35702497,0.8254046,0.3924619,0.31804526,0.32876247,0.4155984,0.16169108,0.16525358,0.14127599,0.38131526,0.5943369,0.3635661,0.44194108,0.48904526,0.38568923,0.6117536,0.1759411,0.16564941,0.94613785,0.08727442,0.8120295,0.24402441,0.26144108,0.3106234,0.08925359,0.48112857,0.20695461,0.6150469,0.33518484,0.27960983,0.124878585,0.37979525,0.49131137,0.44035777,0.41045254,0.29429528,0.37424964,0.16560984,0.24089733,0.5476286,0.12527442,0.15892026,0.637562,0.61808693,0.16248275,0.5325869,0.2760869
BC2026_Train_0001_S08_20250606_030007_45,0.87958795,0.8591667,0.59986836,0.14605068,0.56721735,0.446417,0.23259039,0.46666446,0.29648384,0.1502254,0.1356904,0.33645508,0.35704637,0.3773745,0.35648042,0.075016215,0.7906652,0.5670194,0.09327745,0.6187244,0.39063933,0.15762508,0.4858129,0.3626507,0.66281104,0.39382255,0.1831203,0.8837536,0.68356085,0.24299829,0.9037257,0.7810361,0.6913868,0.60188884,0.90798193,0.7085462,0.45721182,0.7270513,0.40068677,0.92589825,0.59616905,0.40068677,0.89763576,0.7810361,0.810493,0.810493,0.82159615,0.77953887,0.7718003,0.7714639,0.89763576,0.89763576,0.89763576,0.2617295,0.9245524,0.36829013,0.3919108,0.25826943,0.40010047,0.8334083,0.38238594,0.8367996,0.56071967,0.38165662,0.20554441,0.2803569,0.23903191,0.64327145,0.3135358,0.21770453,0.3598483,0.6726462,0.4352823,0.6993031,0.43409476,0.19487293,0.049344797,0.41374895,0.4447823,0.27059582,0.1647797,0.16136564,0.40796977,0.29555315,0.38976145,0.6763448,0.63280314,0.16770886,0.32603228,0.25557396,0.66169894,0.57224065,0.35017812,0.22802396,0.14014897,0.1728448,0.33513644,0.2741781,0.117428124,0.4139073,0.42696977,0.36605898,0.45798331,0.59473985,0.81879413,0.19886094,0.53186566,0.8642073,0.29381147,0.5793657,0.80453545,0.59757394,0.871174,0.28530106,0.27820575,0.5017823,0.6791156,0.25253597,0.11624062,0.28882396,0.44866145,0.45269895,0.64744896,0.26903227,0.83813703,0.45301563,0.5639281,0.3916021,0.37709475,0.07454949,0.3228656,0.1526573,0.27140728,0.4966365,0.6305469,0.702074,0.53938645,0.33632395,0.26269895,0.24726148,0.13682395,0.097240634,0.50019896,0.25517812,0.4875323,0.8802386,0.72978234,0.36379474,0.31954062,0.5211781,0.3371235,0.75238436,0.17036095,0.83537084,0.21044897,0.5552198,0.20817295,0.72542816,0.24045314,0.16437396,0.48236668,0.36601147,0.4139271,0.8376073,0.5211781,0.29990727,0.3145531,0.24567813,0.60695523,0.6110323,0.40847445,0.15028231,0.64190733,0.5073239,0.5060969,0.8254948,0.4880073,0.3406781,0.6223433,0.6015323,0.7927198,0.25161564,0.22905314,0.097349495,0.40994895,0.26626146,0.09763646,0.5670849,0.8085136,0.30901146,0.3549281,0.41636145,0.50900626,0.2239073,0.29476145,0.1583672,0.40105066,0.5845115,0.38659477,0.30901143,0.61340725,0.52554023,0.48832396,0.2464698,0.35057396,0.9444981,0.11584479,0.7714437,0.1716573,0.26190728,0.38619897,0.1787823,0.33196977,0.09954636,0.5897998,0.39124584,0.4618625,0.13880312,0.5603656,0.41880575,0.46219894,0.5093823,0.24132396,0.47103396,0.20579794,0.26442084,0.6098448,0.2155948,0.23538646,0.7462886,0.5730323,0.1490948,0.56749064,0.5176156
BC2026_Train_0001_S08_20250606_030007_50,0.86357325,0.87733334,0.5610169,0.16555426,0.57116467,0.56710476,0.3070244,0.41694534,0.30672163,0.18892755,0.16470256,0.34608725,0.33972818,0.38484395,0.35849926,0.0712816,0.8128209,0.25194487,0.09252672,0.5596991,0.38171262,0.1599025,0.327516,0.28810424,0.61925846,0.39836362,0.17635752,0.90047556,0.680511,0.17530885,0.8934171,0.7355341,0.68779063,0.5616187,0.93115103,0.6709677,0.42602605,0.70124894,0.3230698,0.92701244,0.5458052,0.3230698,0.9058156,0.7355341,0.76955,0.76955,0.8257385,0.7560916,0.75003535,0.7446521,0.9058156,0.9058156,0.9058156,0.20564584,0.914227,0.36849207,0.3993901,0.22291051,0.40935197,0.78919667,0.37982774,0.84500223,0.54150194,0.42290038,0.142398,0.236448,0.185148,0.67911375,0.3659026,0.18314634,0.38157758,0.5852035,0.33831814,0.79233897,0.452714,0.28491038,0.17681819,0.21650046,0.488339,0.283327,0.21542184,0.14554736,0.38383898,0.44519314,0.26350567,0.65656817,0.48754734,0.18721871,0.42579734,0.23935984,0.59125566,0.59521395,0.4222348,0.21303694,0.08465828,0.295964,0.39729732,0.27300566,0.13525566,0.48675567,0.3375265,0.36071047,0.5274968,0.5904165,0.8325499,0.2759942,0.45350567,0.8764536,0.2171734,0.48477647,0.7789005,0.65735984,0.73708063,0.31338066,0.4249859,0.45231816,0.5394015,0.2755489,0.08696401,0.33396402,0.35449782,0.44044313,0.5813598,0.33317232,0.85276085,0.4804322,0.75869316,0.3646906,0.31338063,0.10698328,0.35810983,0.1475265,0.31892234,0.46660775,0.61296713,0.5813598,0.44321403,0.521589,0.23935984,0.22708902,0.13010985,0.09092235,0.554839,0.2480682,0.40838063,0.87322754,0.61817235,0.18554632,0.28705776,0.64706814,0.28231567,0.7421572,0.1646859,0.687839,0.19858901,0.3470265,0.15661089,0.62727654,0.33538902,0.09441557,0.47266403,0.20650567,0.4989968,0.82157135,0.48556817,0.3616723,0.35969314,0.15346402,0.45671192,0.588089,0.3816421,0.11467235,0.692589,0.5568182,0.50091666,0.8807681,0.3818499,0.31179735,0.54998016,0.67159003,0.72504735,0.29517236,0.14475568,0.10345047,0.35613066,0.37750566,0.07588068,0.39481348,0.794239,0.40521404,0.281714,0.36290932,0.48012546,0.26548484,0.32367232,0.20780204,0.43338546,0.6534015,0.39610985,0.47844318,0.5813598,0.5447532,0.5944223,0.24648486,0.3185265,0.8929282,0.11229734,0.7708216,0.16256818,0.31298482,0.36707544,0.17919318,0.274589,0.17802548,0.61302644,0.33242026,0.37228072,0.1780057,0.43688068,0.40619367,0.5473182,0.3786536,0.2567765,0.39065525,0.20215152,0.26879993,0.5184223,0.12813069,0.23183902,0.72467136,0.65498483,0.21283902,0.54177654,0.6514223
BC2026_Train_0001_S08_20250606_030007_55,0.9103536,0.9195833,0.7633797,0.14780673,0.5765735,0.6215274,0.26611114,0.5316441,0.2488508,0.16042955,0.17466174,0.5525045,0.34756768,0.46338367,0.3770821,0.08441385,0.8162505,0.45810047,0.09876078,0.5904947,0.54238117,0.16734782,0.36962542,0.22618175,0.6567297,0.44616613,0.22915822,0.9401534,0.81459516,0.22775231,0.8897743,0.7597164,0.72756773,0.6858469,0.9440956,0.7947921,0.43283024,0.7184834,0.35645422,0.9395366,0.57380635,0.35645422,0.90353554,0.7597164,0.7830834,0.7830834,0.834898,0.7676063,0.76794285,0.76356876,0.90353554,0.90353554,0.90353554,0.2306188,0.9449199,0.37889904,0.41620857,0.24185677,0.6111634,0.7906639,0.373691,0.85316205,0.56119925,0.38920173,0.122513,0.24541926,0.19376299,0.75034195,0.41335857,0.23879607,0.39198354,0.6380004,0.37782767,0.62997353,0.6034527,0.16179177,0.1581402,0.202335,0.5935569,0.3089032,0.19768393,0.19455686,0.34536934,0.5642652,0.22068188,0.62166107,0.49895266,0.1763881,0.3639735,0.2578902,0.6093902,0.6608485,0.41820267,0.1940126,0.08007197,0.3592235,0.40909854,0.27332768,0.30618185,0.3647652,0.372286,0.33855706,0.43196777,0.63784266,0.81314015,0.20413604,0.54051524,0.93312263,0.2994131,0.49499434,0.7802516,0.6667861,0.7982027,0.3623704,0.42826676,0.4352235,0.65253603,0.2799876,0.10311936,0.32518184,0.22501622,0.377036,0.5262652,0.40157768,0.8708158,0.5287293,0.7716819,0.36457717,0.23572353,0.05489697,0.49103603,0.20049436,0.26382768,0.5309954,0.6655787,0.688161,0.3259735,0.30895266,0.20959851,0.2044527,0.10747352,0.0999527,0.51280683,0.2970777,0.33864018,0.89680487,0.61572355,0.23615895,0.28653863,0.6553069,0.28438726,0.6778199,0.12336624,0.75901526,0.15616103,0.3877235,0.11653812,0.6188902,0.26954752,0.079062596,0.4704131,0.21118185,0.46535632,0.7820131,0.5139944,0.19059852,0.334286,0.1605152,0.5100756,0.58405685,0.45176935,0.12132768,0.6188902,0.50330687,0.511273,0.91057974,0.4355303,0.30855685,0.54386,0.8219329,0.728536,0.29549435,0.12686935,0.11058082,0.267786,0.3505152,0.11974436,0.54918396,0.7933934,0.37901518,0.36080685,0.36834747,0.45311517,0.1533902,0.20643185,0.1690454,0.41627893,0.64184856,0.42770267,0.47084853,0.57891107,0.38162374,0.63036937,0.28282768,0.260661,0.9362536,0.12449436,0.804061,0.24680686,0.25591102,0.34342974,0.11380686,0.384161,0.21932612,0.6173386,0.36900058,0.3328808,0.1260777,0.36634853,0.40359643,0.4328485,0.6113496,0.31093186,0.3032289,0.16591834,0.2996407,0.5500152,0.14270268,0.2175152,0.70561737,0.67747355,0.15893187,0.46689022,0.5899944
BC2026_Train_0001_S08_20250606_030007_60,0.9147492,0.95958334,0.90514773,0.17837228,0.5996577,0.8422668,0.357629,0.47027525,0.37822023,0.31160152,0.25406715,0.8876013,0.42455056,0.6271184,0.45463976,0.12381711,0.84170973,0.68100137,0.18957263,0.7062045,0.5941638,0.19244935,0.4842013,0.64102226,0.7862931,0.58303267,0.30520177,0.9792845,0.9813032,0.49050948,0.91234237,0.8792012,0.79597825,0.8034879,0.943633,0.94640875,0.47869807,0.74382716,0.43428552,0.9504126,0.6277491,0.43428552,0.9120564,0.8792012,0.81818444,0.81818444,0.845774,0.8242407,0.80304384,0.79328656,0.9120564,0.9120564,0.9120564,0.3013845,0.91743964,0.4292035,0.42923447,0.341891,0.67847836,0.8156054,0.46454468,0.8687056,0.6118691,0.5910088,0.25425354,0.34972852,0.37965348,0.8498003,0.45737824,0.42068452,0.4078595,0.7795127,0.47537315,0.62341475,0.7299573,0.16602941,0.115560636,0.46763462,0.6127273,0.35043824,0.22117889,0.24578981,0.3934356,0.54424816,0.33881062,0.51337314,0.7017898,0.14998825,0.414019,0.27508146,0.63172734,0.87791586,0.38670647,0.23160908,0.17836949,0.25370646,0.46112317,0.25924814,0.20303981,0.3194148,0.4148106,0.35808772,0.36117524,0.68168145,0.8791037,0.23205438,0.5185189,0.8954909,0.17997262,0.41362315,0.663394,0.5763106,0.7354356,0.2626721,0.485556,0.4678523,0.6863522,0.3082028,0.17612313,0.26795647,0.39255488,0.43618566,0.49991477,0.35899812,0.9433033,0.6879752,0.82806057,0.38031375,0.359394,0.12281428,0.8696231,0.18087313,0.4025398,0.46151894,0.5570731,0.8074773,0.4575606,0.28458148,0.311894,0.285769,0.15078981,0.1460398,0.525644,0.25133145,0.6000606,0.92361486,0.60243565,0.14733616,0.308658,0.55374813,0.27296376,0.76047224,0.2911721,0.6285606,0.18008147,0.31308144,0.18332732,0.6162898,0.22847211,0.19485596,0.528593,0.30991477,0.4194122,0.7133877,0.5406856,0.35741478,0.3621648,0.18324813,0.41037732,0.6463731,0.4218169,0.17374814,0.5588939,0.49912316,0.5417742,0.92593044,0.5089794,0.31466478,0.46132112,0.9465929,0.66656065,0.27983147,0.21056063,0.15053251,0.3340606,0.16820647,0.15276897,0.49082053,0.8009065,0.37206066,0.37206066,0.40500385,0.53629184,0.16622731,0.41164398,0.17196688,0.49468982,0.65864396,0.52049816,0.39422727,0.3795815,0.4055283,0.60995644,0.2232273,0.16820647,0.8706048,0.16028981,0.83820975,0.25093564,0.3182273,0.44376588,0.14881064,0.525644,0.14337783,0.6617473,0.2916867,0.2570117,0.14406064,0.31862313,0.42675495,0.5359356,0.44234085,0.34237313,0.3903877,0.21265855,0.33926582,0.50783145,0.24578981,0.3396023,0.74952734,0.61470646,0.2723106,0.43460232,0.3724565
BC2026_Train_0002_S08_20250607_030007_5,0.8835389,0.7675,0.52971077,0.23987694,0.5673499,0.35064283,0.08656148,0.24765773,0.13046929,0.17377149,0.12562428,0.410268,0.17013772,0.43250135,0.35891786,0.11409399,0.8479364,0.20656756,0.32673737,0.26193547,0.34551173,0.1452013,0.5249337,0.3114832,0.7521249,0.4438301,0.23854992,0.7489502,0.606272,0.25730532,0.9173991,0.8105064,0.7915638,0.46721792,0.8738278,0.7555964,0.5244158,0.76195544,0.3020169,0.8705474,0.69230855,0.3020169,0.9099971,0.8105064,0.7548898,0.7548898,0.75522625,0.79761994,0.7838252,0.8050221,0.9099971,0.9099971,0.9099971,0.20141582,0.8793794,0.3643685,0.4044366,0.114476964,0.408785,0.57716554,0.13519388,0.6249436,0.42036211,0.35828555,0.17361446,0.14226446,0.22277696,0.29731897,0.1721616,0.38448656,0.2825991,0.32226706,0.50458723,0.26233727,0.54733723,0.24404976,0.4962747,0.12231121,0.20969142,0.16851486,0.1553237,0.30706644,0.26827472,0.36169142,0.100045584,0.6106705,0.59444135,0.22826588,0.27737892,0.29717058,0.39019138,0.4095872,0.20414974,0.09655235,0.07372267,0.14398308,0.12498308,0.41948307,0.10123308,0.2417539,0.7515674,0.35280496,0.37324977,0.24575977,0.51555383,0.06693412,0.64787894,0.37435806,0.12508205,0.5603997,0.51408726,0.3458581,0.49152476,0.32241583,0.41737527,0.5030039,0.57425386,0.24280287,0.13725391,0.3343789,0.5404498,0.36327475,0.78622264,0.18119141,0.5025665,0.2382607,0.26471224,0.22009192,0.19939974,0.088704966,0.2536289,0.09252475,0.29242057,0.37837583,0.37164664,0.4760872,0.3862331,0.22592059,0.2750039,0.2651081,0.12933725,0.24571224,0.43531638,0.11785809,0.42027473,0.49508727,0.6043372,0.08134246,0.26780963,0.10202476,0.29762578,0.31790233,0.12795183,0.2829206,0.09212892,0.2037539,0.114909135,0.5797956,0.3739227,0.2957852,0.41799873,0.32052475,0.2536388,0.6716289,0.576233,0.5635663,0.19069143,0.20137891,0.7090065,0.533483,0.15374038,0.35971224,0.56198305,0.5140872,0.42725134,0.4388789,0.6113929,0.2702539,0.32415652,0.5390247,0.65223306,0.71675384,0.32962888,0.48459762,0.54535806,0.3355664,0.49785805,0.6316794,0.5956289,0.27223307,0.2310664,0.2605164,0.133256,0.29439974,0.3933581,0.21278882,0.35785186,0.57979554,0.09054559,0.39929557,0.66767055,0.5889986,0.44837892,0.21998309,0.16496225,0.6684622,0.057691418,0.7984143,0.040670585,0.22869141,0.3411873,0.13448308,0.4301706,0.39348674,0.34104472,0.18708934,0.32654142,0.15387891,0.57821226,0.2838508,0.57742053,0.79566133,0.4503581,0.26263413,0.33590293,0.3738534,0.66885805,0.1665456,0.09212892,0.5274268,0.3759414,0.16179559,0.21483725,0.83215916
BC2026_Train_0002_S08_20250607_030007_10,0.9183507,0.7933333,0.6027518,0.19707738,0.47085553,0.36824647,0.07733846,0.22541378,0.15606971,0.2478219,0.1484994,0.57617164,0.15516126,0.3391,0.33001563,0.09851548,0.82544297,0.6240628,0.26753253,0.2529975,0.3701859,0.13717172,0.5714027,0.32354608,0.7325211,0.35756803,0.24628797,0.75551003,0.71752983,0.28630897,0.9390888,0.83648586,0.8115711,0.53197426,0.9150994,0.7964979,0.5181794,0.82570237,0.35735238,0.89563525,0.796094,0.35735238,0.9300045,0.83648586,0.7722055,0.7722055,0.788692,0.8115712,0.820319,0.83747834,0.9300045,0.9300045,0.9300045,0.2564149,0.9007326,0.34000844,0.38748395,0.100889884,0.34737727,0.5282741,0.21126306,0.64187527,0.33653146,0.35046077,0.09732738,0.10445238,0.4696086,0.23086439,0.16696523,0.41562772,0.3037652,0.37031943,0.50188816,0.18205474,0.68674225,0.24179593,0.4072839,0.07957352,0.1753256,0.21093081,0.17501885,0.23311727,0.28259644,0.29605475,0.15553392,0.68135893,0.5489923,0.16822039,0.19313811,0.20303394,0.2121381,0.4437006,0.23826309,0.10539174,0.055180296,0.13653393,0.073992275,0.43974227,0.1076381,0.19115892,0.74344534,0.29709977,0.29529282,0.27358726,0.6081824,0.038248524,0.6154923,0.47061726,0.07840582,0.5418672,0.44132555,0.3190131,0.30990893,0.28650725,0.3003891,0.4532006,0.5398881,0.17975894,0.16780476,0.3178256,0.3978433,0.22915892,0.7797433,0.30120057,0.5192363,0.29536203,0.27032557,0.36615685,0.18482561,0.06401727,0.25528395,0.11159643,0.2822006,0.37518182,0.37181726,0.4318256,0.2073881,0.20342976,0.10209644,0.21490894,0.113179766,0.19828393,0.39263812,0.17849226,0.4302423,0.4817006,0.61945057,0.07907873,0.30423862,0.12109643,0.29508102,0.3975464,0.13542561,0.2252006,0.11080477,0.068846434,0.096059985,0.64874226,0.27212667,0.17395009,0.3276423,0.26597142,0.2465954,0.6554714,0.60124224,0.6281589,0.1468256,0.16186728,0.63036764,0.5533464,0.13111101,0.25172144,0.56324226,0.3479089,0.4083131,0.44805476,0.5342475,0.2537006,0.23178133,0.4749714,0.64161724,0.6645756,0.2572631,0.50418395,0.42667973,0.31624225,0.68436724,0.5766808,0.5719506,0.1658256,0.15870059,0.23701622,0.09980061,0.21332559,0.26715893,0.17626572,0.27657577,0.58897144,0.10328393,0.31742975,0.63963807,0.3896258,0.45874226,0.13217977,0.083492264,0.6372631,0.054200605,0.71597457,0.050242268,0.27428395,0.2845162,0.14880477,0.54067975,0.37642872,0.31932977,0.15195164,0.25890583,0.087846436,0.43736726,0.22986154,0.43538812,0.7291519,0.32455474,0.25672477,0.17993705,0.34866098,0.58224225,0.1432631,0.11080477,0.45862353,0.31109643,0.2038256,0.19947143,0.8143787
BC2026_Train_0002_S08_20250607_030007_15,0.9126319,0.77374995,0.42165035,0.18215542,0.46804604,0.34414643,0.07069073,0.14185166,0.1476051,0.25025854,0.13670386,0.37350324,0.19938602,0.3293864,0.32847795,0.093041256,0.8284919,0.18910228,0.30720136,0.3535317,0.41530544,0.14474249,0.54112256,0.20673665,0.7644065,0.3462085,0.23051815,0.67472667,0.64264435,0.25009647,0.9187952,0.8209195,0.80439943,0.5056244,0.8916599,0.780225,0.52884,0.7889223,0.36397544,0.8805735,0.74181813,0.36397544,0.91711295,0.8209195,0.77512753,0.77512753,0.77714634,0.80305356,0.8013713,0.8225682,0.91711295,0.91711295,0.91711295,0.23410253,0.9033182,0.34028763,0.3544777,0.14510542,0.31975698,0.44739243,0.12398869,0.5910513,0.34578106,0.34699228,0.05212417,0.092380404,0.2729991,0.2956804,0.17492771,0.3901027,0.30531523,0.40060163,0.5114942,0.20234843,0.48220256,0.24079373,0.3397026,0.16502136,0.25420257,0.22243696,0.22284272,0.38245258,0.25855675,0.4026401,0.19997342,0.6573984,0.5764109,0.29280624,0.3187234,0.2779526,0.18018176,0.5657234,0.2922026,0.10632916,0.06621145,0.15682758,0.09111926,0.45172343,0.17186926,0.14891092,0.79906726,0.3108424,0.420799,0.31022093,0.5091846,0.053683326,0.7398901,0.39749423,0.168,0.68328595,0.4647859,0.29774424,0.5653276,0.3683362,0.3204354,0.50951505,0.4612234,0.17284895,0.1437651,0.37572342,0.36941978,0.22055677,0.7756141,0.28191093,0.43455812,0.3392474,0.27834845,0.23703332,0.20353591,0.08974373,0.16791092,0.057473425,0.34880674,0.42698383,0.44010568,0.35157758,0.14495258,0.19324426,0.18018176,0.2150151,0.12080675,0.24509844,0.40184847,0.18493177,0.4303484,0.6124318,0.6801193,0.088259354,0.2473052,0.08518176,0.28628093,0.5666338,0.25518227,0.32664007,0.17266092,0.10101509,0.12801093,0.7182182,0.29186612,0.20113124,0.36285886,0.46636924,0.27963492,0.6749734,0.6349942,0.55780673,0.19641092,0.20868176,0.72027165,0.60134846,0.19465937,0.29536924,0.54118174,0.5174318,0.5006881,0.44934842,0.55390775,0.31634843,0.38768744,0.48536924,0.6880359,0.7153484,0.36503592,0.6027437,0.6611192,0.3056609,0.6484526,0.59124476,0.68922335,0.20393175,0.17266092,0.28900626,0.1399651,0.27161926,0.44261926,0.26757187,0.34583405,0.5926401,0.083994254,0.32703593,0.7264318,0.38116217,0.4624109,0.20709842,0.13347343,0.67180675,0.051140092,0.72043484,0.12555675,0.22411926,0.32871825,0.15722343,0.5107026,0.2501156,0.30615178,0.18942448,0.35478386,0.05311926,0.45884842,0.2622083,0.5645359,0.79925525,0.39274424,0.29839346,0.20169531,0.41030934,0.6706193,0.11249426,0.10655676,0.6258307,0.25222343,0.28230676,0.26370257,0.84779423
BC2026_Train_0002_S08_20250607_030007_20,0.92875713,0.76666665,0.43120146,0.17003462,0.5547451,0.38285753,0.0681293,0.13171993,0.2277115,0.24194369,0.15533929,0.39637804,0.13020587,0.35649943,0.33469692,0.11197833,0.8181721,0.4293846,0.27971286,0.23731913,0.5050054,0.14420426,0.43913102,0.29935336,0.69528574,0.35973775,0.23825116,0.68907416,0.6229701,0.28738254,0.94143385,0.83682895,0.8122337,0.49932748,0.89592785,0.80057544,0.5447494,0.8324212,0.3543139,0.8559397,0.7644566,0.3543139,0.9215828,0.83682895,0.79070044,0.79070044,0.7664754,0.8095421,0.8112244,0.83444,0.9215828,0.9215828,0.9215828,0.22376814,0.8936567,0.34650663,0.37074506,0.17466587,0.3494817,0.5964926,0.10980561,0.621443,0.32564464,0.33291206,0.054253362,0.079547115,0.2227596,0.2649574,0.1808638,0.47940126,0.3319138,0.3959852,0.54533416,0.23104249,0.6185633,0.3365717,0.5140633,0.1514998,0.19462584,0.17487375,0.17417115,0.53306335,0.30268833,0.2999175,0.18512584,0.7103967,0.5587925,0.23348677,0.2646883,0.3070425,0.3133758,0.3810633,0.23975083,0.10093208,0.040577397,0.14831334,0.13920917,0.44835502,0.15662584,0.1645425,0.79688627,0.3959269,0.33926335,0.26141083,0.40692115,0.05155187,0.75077164,0.50772995,0.16763988,0.63123,0.50377166,0.1977925,0.34860504,0.4031063,0.4640498,0.5524591,0.4329175,0.1819394,0.196605,0.34543833,0.3961446,0.24212585,0.80573314,0.31852165,0.40389302,0.3215399,0.26825082,0.27284253,0.27418834,0.06956229,0.24331334,0.1716675,0.36127165,0.39871752,0.5252258,0.60273,0.30545914,0.26310498,0.28527167,0.2714175,0.134855,0.24252166,0.4384592,0.16652167,0.386605,0.4930842,0.6403342,0.104049265,0.2234029,0.054896668,0.41409564,0.37959874,0.24343209,0.24331334,0.106355,0.10358416,0.2662321,0.7049936,0.31994668,0.16540346,0.3465269,0.34425083,0.2785029,0.65418833,0.6268758,0.65497994,0.1930425,0.26073,0.7849865,0.5651258,0.18411645,0.46577168,0.6490424,0.5801675,0.43477795,0.42302164,0.6159409,0.4281675,0.28861645,0.41272995,0.5591883,0.70445913,0.4637925,0.6350696,0.70135194,0.43093833,0.6676466,0.59316075,0.6771467,0.16375084,0.25400084,0.24406542,0.14075293,0.34662583,0.43568832,0.2502602,0.3999644,0.59798,0.100417495,0.37908417,0.6656675,0.6798977,0.47289667,0.24489668,0.16493833,0.60273,0.038271666,0.682154,0.14831336,0.2429175,0.35003003,0.15306333,0.2737925,0.47145185,0.30279917,0.18651126,0.38702068,0.092104994,0.624105,0.26535133,0.4867508,0.83335245,0.33672997,0.32022378,0.28394565,0.38320085,0.66368836,0.1336675,0.08418833,0.70691335,0.34068835,0.21283416,0.21362585,0.8521842
BC2026_Train_0002_S08_20250607_030007_25,0.9409087,0.78875,0.3892535,0.21751127,0.5741967,0.3619544,0.08129315,0.2208897,0.21665032,0.23663595,0.13852471,0.3538244,0.1579047,0.35476017,0.32750705,0.11447844,0.78893626,0.21377063,0.33532986,0.35773793,0.4240539,0.14925155,0.59455454,0.43909878,0.61951965,0.3366769,0.26103967,0.65807736,0.6454106,0.27324817,0.949531,0.8530011,0.8280695,0.58211845,0.8870339,0.81874967,0.54140705,0.84926635,0.4411425,0.88212156,0.8024987,0.4411425,0.93741846,0.8530011,0.80821854,0.80821854,0.791732,0.83008826,0.82907885,0.85330385,0.93741846,0.93741846,0.93741846,0.29040915,0.8866133,0.35021797,0.36159816,0.24138002,0.36918277,0.69724643,0.13949946,0.45263624,0.35286847,0.30017906,0.06503628,0.16941752,0.31797376,0.34716254,0.15141067,0.3733544,0.31065443,0.39703378,0.53935623,0.3485646,0.5876479,0.3180261,0.5445021,0.09178753,0.1633146,0.29588914,0.14462137,0.2828563,0.32125214,0.33550212,0.17400211,0.69420624,0.61693954,0.23106146,0.24168961,0.1811271,0.3521271,0.35964793,0.22704376,0.13103439,0.063109405,0.15460627,0.12848127,0.47008544,0.12689795,0.1360021,0.75813335,0.336274,0.5057698,0.32760125,0.36706984,0.060773984,0.5650854,0.32402298,0.12435471,0.56864786,0.44039795,0.22110625,0.48314792,0.32681954,0.34163752,0.44910628,0.4162521,0.20328386,0.17954375,0.35371047,0.7118505,0.3077938,0.76300204,0.27256462,0.46464273,0.24015576,0.12650211,0.2768495,0.2939396,0.08653284,0.15104377,0.054460444,0.3996271,0.33324587,0.36251774,0.6216896,0.5045229,0.25039795,0.1550021,0.3331271,0.13560627,0.2167521,0.2618771,0.20804378,0.60585624,0.36637712,0.45821044,0.09104534,0.22726148,0.084147945,0.34535837,0.24963595,0.13858491,0.27771047,0.08454377,0.06316878,0.14158335,0.62327296,0.23179379,0.3719782,0.38992923,0.22150211,0.29555264,0.6212938,0.55756456,0.72381455,0.18904378,0.6240646,0.73632294,0.4993771,0.13681357,0.3818146,0.5092729,0.39091876,0.4922225,0.3738979,0.4470776,0.44633543,0.2783339,0.34539792,0.5448979,0.7143146,0.42021045,0.47739846,0.77966666,0.41071045,0.59041876,0.56819266,0.6300021,0.14550209,0.20368959,0.29363286,0.13568544,0.32916877,0.32481462,0.15081617,0.27234694,0.5876479,0.07543961,0.34777296,0.53935623,0.52300835,0.3624188,0.19260627,0.15500212,0.54093957,0.043772943,0.7045375,0.08098127,0.18864794,0.4004782,0.18943961,0.2674188,0.42911667,0.35109797,0.20196773,0.3199063,0.117793776,0.5571687,0.23782036,0.4376271,0.7723577,0.22427294,0.32718962,0.20824169,0.36130056,0.5908146,0.2001271,0.09246044,0.5415135,0.29552293,0.21991876,0.21279377,0.8399323
BC2026_Train_0002_S08_20250607_030007_30,0.9157713,0.7729167,0.40161642,0.2059283,0.4846939,0.25837603,0.077304244,0.12908518,0.18449986,0.2414286,0.15573269,0.3601311,0.18328862,0.33997446,0.31998885,0.09848152,0.8018554,0.43891576,0.33570793,0.20852672,0.5353623,0.14448187,0.51067543,0.38904074,0.69023037,0.33400017,0.23293029,0.65001345,0.61003435,0.24198851,0.9319017,0.8272968,0.8047204,0.5220954,0.9053383,0.7813198,0.5150297,0.819861,0.39895165,0.8863788,0.7942902,0.39895165,0.91945267,0.8272968,0.7767944,0.7767944,0.77174747,0.8138048,0.8084214,0.8336558,0.91945267,0.91945267,0.91945267,0.26470476,0.9070037,0.332707,0.36774477,0.15534079,0.335445,0.5276131,0.095163256,0.54733455,0.3407333,0.31408578,0.043478303,0.1261283,0.28038454,0.34256798,0.14865103,0.36667603,0.2786823,0.3943004,0.59901565,0.196849,0.560224,0.24139017,0.4307865,0.13007194,0.18378651,0.20290527,0.2384115,0.29343235,0.27007818,0.38289067,0.165974,0.6452293,0.560224,0.1888433,0.32786986,0.31955734,0.18220316,0.5479531,0.21268234,0.109805256,0.037793286,0.17032817,0.08364068,0.45216152,0.23484899,0.19605732,0.7636032,0.33658212,0.4187037,0.32131484,0.46496195,0.065095894,0.62593234,0.43197405,0.20567608,0.65759903,0.586349,0.2787865,0.4830365,0.37631193,0.38140634,0.5016407,0.47947398,0.15057608,0.11966152,0.34647402,0.5010271,0.29818234,0.7416345,0.310849,0.45319942,0.37821984,0.1814115,0.36227766,0.3045157,0.092705265,0.19289066,0.19486983,0.3152032,0.34849277,0.53253543,0.427224,0.39714065,0.24514067,0.2170365,0.30847403,0.12361985,0.303724,0.35439068,0.3468699,0.37972403,0.46839067,0.728849,0.099355265,0.22689275,0.11174485,0.35037693,0.3270188,0.21191046,0.30016154,0.1647865,0.16518234,0.14285734,0.71398544,0.30649486,0.15521723,0.38892713,0.272849,0.3119178,0.72014064,0.5709115,0.6188073,0.18418233,0.27561983,0.78872573,0.57882816,0.28110218,0.26849484,0.60574484,0.4901615,0.43401256,0.54755735,0.51818657,0.38249484,0.32499018,0.38961983,0.6726407,0.70707816,0.317974,0.49924585,0.686099,0.3722032,0.47155735,0.5108339,0.612474,0.22099483,0.222974,0.34154588,0.13480215,0.33222404,0.4474115,0.17122869,0.30731028,0.6108907,0.099474005,0.27126566,0.74982816,0.42406136,0.43989068,0.19249484,0.18893234,0.67509484,0.043265678,0.6599344,0.10976568,0.19724484,0.27375942,0.26493233,0.28749484,0.25691673,0.32297736,0.19267295,0.28753445,0.06622401,0.5713073,0.26532817,0.5918907,0.80087185,0.24078651,0.35441443,0.19714588,0.3619412,0.67461985,0.16676567,0.05316151,0.649623,0.35201567,0.2099115,0.232474,0.83726776
BC2026_Train_0002_S08_20250607_030007_35,0.9495098,0.7633333,0.3817008,0.096059576,0.4553377,0.34212887,0.057994273,0.15973926,0.11159208,0.1648871,0.11159208,0.39744708,0.078888334,0.32462958,0.31554523,0.10069974,0.81691164,0.38462207,0.23877114,0.17941988,0.36595234,0.13536064,0.53117335,0.36538458,0.706771,0.3377752,0.19154346,0.7019414,0.5929289,0.21993515,0.9258772,0.81572074,0.7865834,0.46122822,0.8895397,0.73857087,0.5026126,0.8155188,0.30241987,0.8759468,0.76673234,0.30241987,0.91040003,0.81572074,0.7277032,0.7277032,0.7542835,0.7815366,0.79230326,0.81854695,0.91040003,0.91040003,0.91040003,0.20047301,0.8895397,0.31827056,0.37953514,0.11102208,0.31760946,0.54362535,0.09398245,0.5485366,0.2923088,0.2877666,0.061503332,0.07504083,0.15697831,0.35081393,0.19392888,0.36706638,0.30116016,0.3387983,0.46437097,0.14414184,0.45803767,0.24986891,0.48020428,0.08989288,0.18491268,0.20932569,0.13198975,0.326621,0.21935017,0.33730853,0.08318349,0.5661002,0.44932932,0.26243663,0.195996,0.23360015,0.21380849,0.35314184,0.23914185,0.06827048,0.03968142,0.14810017,0.105746,0.4426002,0.21776684,0.15285017,0.7415137,0.33047247,0.2458314,0.24093099,0.6237411,0.03876111,0.6136002,0.49010015,0.17277047,0.473871,0.41766262,0.27753764,0.25814182,0.30542415,0.21869706,0.48772514,0.54076684,0.19798507,0.10257933,0.32820433,0.46449965,0.141371,0.7901221,0.29455853,0.4718368,0.31699234,0.21697517,0.19232465,0.172246,0.09940277,0.21460018,0.21697514,0.32701683,0.3477189,0.36521477,0.41805845,0.33770436,0.20826685,0.116037674,0.19362101,0.060621005,0.16472517,0.328996,0.122370996,0.34878767,0.58589184,0.49247515,0.07553402,0.19982567,0.079620995,0.3849787,0.34765953,0.15117776,0.24547514,0.09307933,0.08832934,0.16996995,0.57916266,0.36778766,0.15676892,0.32438457,0.3088085,0.30656213,0.6064751,0.6345793,0.5621419,0.14216267,0.21024598,0.69189703,0.4232043,0.14541839,0.3444335,0.5249335,0.473871,0.44254076,0.52176684,0.52189547,0.28228766,0.3652147,0.44893348,0.49801683,0.6555585,0.32345432,0.6346684,0.6760033,0.30089182,0.5573918,0.49055535,0.52770436,0.17303766,0.12989184,0.20576319,0.087893926,0.18372516,0.23676683,0.2508189,0.23357245,0.55937105,0.1093085,0.3111835,0.5209752,0.44049436,0.36897516,0.09189183,0.073287666,0.594996,0.030933501,0.67926896,0.028954335,0.21895434,0.24501999,0.1496835,0.568871,0.21129496,0.29145515,0.14542829,0.30556267,0.07566267,0.49485016,0.22754392,0.40737098,0.7765836,0.39391267,0.29346204,0.2295033,0.30772984,0.50395435,0.15126684,0.06695434,0.5677627,0.35868353,0.136621,0.17857933,0.80286795
BC2026_Train_0002_S08_20250607_030007_40,0.93507284,0.83624995,0.66078305,0.17477164,0.4478373,0.31816795,0.095331185,0.20252678,0.20918867,0.22796306,0.15437964,0.5847435,0.12985179,0.38864988,0.32596767,0.120509416,0.79725915,0.4583466,0.31322148,0.28021497,0.3322987,0.14652324,0.5646717,0.3365091,0.76092166,0.34309977,0.25404972,0.7470138,0.67865336,0.2465617,0.94833565,0.84098864,0.8187992,0.66672,0.92554057,0.83898675,0.5193513,0.8494169,0.38745964,0.89985204,0.80870545,0.38745964,0.9291575,0.84098864,0.776069,0.776069,0.7807794,0.8218273,0.8285565,0.8507627,0.9291575,0.9291575,0.9291575,0.26835337,0.90930647,0.3277846,0.38728043,0.09817788,0.36954537,0.5694521,0.14682677,0.4608403,0.3180643,0.31897274,0.09853414,0.11492163,0.19507787,0.35574993,0.15999296,0.3776617,0.28254294,0.4387967,0.45781648,0.18983735,0.67552483,0.22479932,0.41269147,0.1030113,0.233379,0.18418682,0.24913318,0.57458735,0.29908732,0.20210816,0.29829565,0.6074415,0.6806706,0.22774827,0.19181651,0.34025398,0.573004,0.43604565,0.24485816,0.097647764,0.06388318,0.13442066,0.08850401,0.49819148,0.087316506,0.1490665,0.74457794,0.3705669,0.2621462,0.257319,0.50723714,0.03518526,0.627629,0.4332748,0.14882901,0.44039983,0.5033373,0.25198317,0.347379,0.28386852,0.2537941,0.43367064,0.5547956,0.18368213,0.10037901,0.26108733,0.4220628,0.21912901,0.67952275,0.1870665,0.5611243,0.24070193,0.18667066,0.2283519,0.19102484,0.06457588,0.34302485,0.22427483,0.42060816,0.4891071,0.4319092,0.33708733,0.40517065,0.16371234,0.19300401,0.22071235,0.08454567,0.19775401,0.3224415,0.15064983,0.33114982,0.44712898,0.5805248,0.06538734,0.24165192,0.05248317,0.4052221,0.37427583,0.30028468,0.29473317,0.11185817,0.107108176,0.16189152,0.5959623,0.3079144,0.3276665,0.39169255,0.3081915,0.28613368,0.7170873,0.66325396,0.7605696,0.19300401,0.23892067,0.70881546,0.48473313,0.13073944,0.32442066,0.5389623,0.47879565,0.43685713,0.4107123,0.46276444,0.32323316,0.34134254,0.44871235,0.55519146,0.67987895,0.406754,0.53816074,0.5528165,0.26227483,0.61971235,0.57665557,0.5884415,0.20487902,0.14827484,0.2905076,0.13323317,0.15777485,0.34975398,0.19666545,0.38738984,0.5476706,0.052087344,0.29473314,0.59477484,0.4466065,0.42654565,0.21121234,0.14589985,0.5979415,0.027545674,0.7159394,0.040608175,0.18983735,0.30112588,0.2416915,0.32362902,0.18010974,0.26813316,0.1604863,0.2772967,0.10592067,0.54687893,0.27066648,0.44673315,0.7979937,0.2155665,0.23833881,0.22615507,0.35082278,0.523129,0.21992067,0.098004,0.5735581,0.29196233,0.164504,0.219129,0.7940571
BC2026_Train_0002_S08_20250607_030007_45,0.9480988,0.87666667,0.8519264,0.18461703,0.48653892,0.41113457,0.11477983,0.23529921,0.2398414,0.31342483,0.16080734,0.8603884,0.20804608,0.5286247,0.34702134,0.13792929,0.81573373,0.7880254,0.29555997,0.3179681,0.31372875,0.1533895,0.55198836,0.45429823,0.79400253,0.37111393,0.2956946,0.8454034,0.8774659,0.41861585,0.949515,0.8715912,0.8378108,0.814326,0.9516684,0.9376549,0.5740275,0.8630452,0.39839613,0.92073095,0.82267016,0.39839613,0.94244933,0.8715912,0.80382854,0.80382854,0.7974358,0.8408389,0.84386706,0.86405456,0.94244933,0.94244933,0.94244933,0.32605758,0.90342015,0.34883818,0.39296588,0.11122953,0.55655193,0.6650598,0.15011027,0.60396284,0.35877874,0.35423654,0.14756703,0.14721078,0.23627327,0.57333887,0.19987838,0.6257554,0.3363221,0.39048833,0.51429534,0.20871198,0.95766824,0.29907086,0.40900365,0.10888282,0.22573283,0.15816407,0.13026772,0.37852448,0.32389948,0.28431615,0.079670325,0.5922744,0.6622182,0.23238283,0.25462866,0.18812865,0.28312865,0.77950364,0.12004532,0.08521199,0.070259385,0.082836986,0.13746199,0.4691703,0.23562866,0.175462,0.7970193,0.38905364,0.3317073,0.3681378,0.5576122,0.09345522,0.6563995,0.339337,0.14419118,0.5194411,0.39989945,0.27481613,0.39119112,0.34771577,0.27250051,0.48025367,0.5938578,0.18276511,0.16319117,0.3361703,0.5943823,0.28669113,0.80942863,0.20594116,0.7011318,0.23377813,0.27362865,0.29522136,0.30964947,0.14440887,0.7494203,0.10381616,0.30331615,0.33686304,0.28437552,0.47669113,0.4513578,0.21306618,0.13587865,0.30094117,0.1338995,0.17902449,0.3919828,0.22771199,0.6591703,0.315587,0.51389945,0.07689949,0.20633699,0.077295326,0.42438176,0.33832762,0.22028466,0.34646198,0.19406617,0.14419115,0.2545693,0.6271078,0.29029322,0.1654771,0.3609495,0.25344115,0.25371826,0.68608695,0.6049411,0.67528075,0.16081616,0.16437866,0.62832206,0.47985777,0.1913646,0.36585778,0.55902445,0.443837,0.39417967,0.48975366,0.48645836,0.35002446,0.26535574,0.6405661,0.57604533,0.67777455,0.30608696,0.71930283,0.55031615,0.26492032,0.63106614,0.5365411,0.57129526,0.36664948,0.20792033,0.30872917,0.23378803,0.23206615,0.29262865,0.24785993,0.3506974,0.5788162,0.14894116,0.2577953,0.65600365,0.5384412,0.36308697,0.10064949,0.16794115,0.57564944,0.061066158,0.75302243,0.08837866,0.18575367,0.32597762,0.151712,0.43117034,0.31354845,0.32708195,0.1775995,0.27812135,0.06462865,0.45214945,0.20126043,0.49846193,0.80844504,0.2763995,0.24942344,0.22703907,0.33357763,0.505587,0.130337,0.087586984,0.4549599,0.2795661,0.090357825,0.20039949,0.82829016
BC2026_Train_0002_S08_20250607_030007_50,0.9431448,0.8366667,0.6495604,0.16183369,0.47515553,0.36271036,0.08171967,0.18316184,0.16378184,0.24251309,0.12259935,0.6182698,0.19042934,0.45666623,0.34765372,0.13189977,0.81357324,0.6849274,0.44589183,0.33566806,0.31810495,0.15382919,0.7356093,0.44968364,0.7411159,0.3949993,0.2627148,0.7191187,0.66196036,0.25797293,0.93808806,0.8538221,0.8199911,0.6433506,0.90481234,0.8449564,0.5730307,0.8401787,0.38865158,0.90045524,0.7833172,0.38865158,0.9347235,0.8538221,0.76178384,0.76178384,0.7792797,0.8277297,0.8290756,0.8492631,0.9347235,0.9347235,0.9347235,0.26348907,0.8997319,0.34856212,0.36734164,0.1361837,0.39306366,0.5828766,0.18851385,0.55826074,0.32936025,0.3505571,0.12870243,0.12977117,0.35812744,0.35697624,0.1788854,0.44999164,0.3156854,0.46327594,0.48963264,0.19552845,0.68200755,0.38222325,0.4559868,0.14502013,0.2529243,0.28912327,0.2020993,0.29171598,0.24659094,0.5509867,0.28182012,0.65311176,0.75850236,0.24604669,0.28300762,0.3336743,0.47617427,0.4959659,0.24579927,0.15625188,0.10722793,0.12190345,0.12032012,0.4884451,0.13971594,0.26717427,0.81843156,0.39289492,0.44345865,0.2388801,0.46142954,0.08302272,0.7441534,0.46034092,0.12843472,0.65073675,0.4773618,0.2794451,0.4836951,0.3309302,0.29622844,0.5300076,0.4635076,0.23920867,0.15752846,0.28577846,0.64070237,0.21888262,0.823043,0.13417429,0.5051691,0.31272483,0.33882013,0.23945606,0.2010701,0.16451493,0.35425764,0.06688262,0.3198201,0.36391595,0.49109718,0.42550763,0.4571743,0.25015345,0.17059094,0.26242426,0.15713263,0.37246597,0.35821593,0.17217427,0.41521594,0.49082008,0.57790345,0.1082472,0.28982586,0.11200761,0.2492272,0.44458678,0.28957847,0.37721595,0.1701951,0.14288262,0.27657536,0.6998201,0.4472191,0.25493312,0.44015348,0.3055701,0.34497535,0.6831951,0.60719514,0.70773673,0.21927845,0.1701951,0.69901556,0.5786951,0.27043,0.2687576,0.5557368,0.53911173,0.43651175,0.43659094,0.48801956,0.27073678,0.31160662,0.54979926,0.5691951,0.72172946,0.3716743,0.62872845,0.58463264,0.2837993,0.7837367,0.5539061,0.61471593,0.24223676,0.16544512,0.29818782,0.19944721,0.2117576,0.46825758,0.25440866,0.29969597,0.63173676,0.08944512,0.39502847,0.62302846,0.5197397,0.39344513,0.18959096,0.13298678,0.65370554,0.05421595,0.65944505,0.06925762,0.25529927,0.40603262,0.16148677,0.61194503,0.28007844,0.32856008,0.20079306,0.41317746,0.07123678,0.42986178,0.24516594,0.57434094,0.8448198,0.49596596,0.263022,0.32542118,0.364955,0.5838409,0.15198678,0.072424285,0.5153222,0.3720701,0.17177844,0.20304927,0.87446177
BC2026_Train_0002_S08_20250607_030007_55,0.9120577,0.77458334,0.40311474,0.1561088,0.47014317,0.3525859,0.063056305,0.16873787,0.11604849,0.22384974,0.109992236,0.4118963,0.19144881,0.43403012,0.33864415,0.12077059,0.85461617,0.38019004,0.38512185,0.20464565,0.4005653,0.14514299,0.5760347,0.21738379,0.7410317,0.39105567,0.24795185,0.63509214,0.60896724,0.19013593,0.93406177,0.82262665,0.79544085,0.48085234,0.8880006,0.76886064,0.5313211,0.8284138,0.330119,0.8701852,0.75876695,0.330119,0.9182481,0.82262665,0.7412711,0.7412711,0.76583254,0.79207635,0.8038523,0.8287502,0.9182481,0.9182481,0.9182481,0.21505027,0.8899857,0.33864415,0.35971096,0.1482713,0.32164037,0.43534642,0.081661455,0.566865,0.26337573,0.29607943,0.051727556,0.079515055,0.22272754,0.292891,0.18479216,0.35650468,0.31696093,0.34724313,0.52543324,0.22657908,0.51632905,0.28308427,0.50207907,0.14994575,0.29703742,0.13535929,0.12398898,0.5123707,0.24993324,0.5076207,0.23172492,0.66001654,0.55274576,0.28455877,0.3338499,0.2887249,0.21272491,0.48149574,0.25428742,0.07346085,0.0583796,0.08684991,0.09318325,0.4525999,0.16759992,0.26893324,0.7982614,0.29645553,0.36719888,0.26267907,0.38337857,0.095271274,0.73443323,0.48584992,0.24163066,0.7387874,0.56818324,0.34255823,0.60420406,0.4770001,0.35717437,0.5131624,0.47278738,0.1747546,0.14068323,0.28199574,0.47740874,0.36037076,0.84403956,0.18264158,0.36150873,0.31916448,0.2752666,0.27697858,0.33899572,0.09434106,0.2269749,0.14899574,0.23330826,0.3842791,0.3671197,0.43082908,0.2661624,0.2364749,0.18699574,0.19649576,0.14899574,0.26695406,0.5099957,0.12089158,0.41420406,0.39322492,0.6081624,0.08921502,0.24471815,0.08566242,0.2517066,0.33424577,0.36583325,0.21391241,0.15255825,0.14068326,0.156002,0.6818468,0.35429472,0.19329938,0.36035097,0.30812076,0.25446552,0.72612077,0.70429057,0.6572457,0.18976659,0.23014158,0.7609709,0.5432457,0.24903272,0.33899575,0.6057874,0.6113291,0.41499573,0.39282906,0.59236866,0.33107907,0.28565723,0.47634992,0.6010374,0.81738013,0.41341236,0.6834499,0.6014332,0.46645406,0.7573916,0.60520357,0.64339155,0.16126658,0.39718324,0.29202026,0.13850616,0.27684993,0.3908499,0.25537598,0.26752013,0.66120404,0.08249575,0.3718499,0.7585791,0.4963118,0.35680825,0.24439159,0.12524575,0.6820051,0.05676658,0.71305823,0.062308248,0.2574541,0.3797468,0.20005824,0.2982249,0.3030046,0.28604907,0.22363013,0.47631034,0.055183247,0.49653742,0.20844002,0.5535374,0.8702695,0.36234993,0.25473472,0.29877907,0.40853375,0.6101416,0.18264158,0.12801658,0.6261926,0.3195999,0.20005824,0.38451657,0.92221665
BC2026_Train_0002_S08_20250607_030007_60,0.93996954,0.75416666,0.60268784,0.22134727,0.5604577,0.29147592,0.09487129,0.20994002,0.14392692,0.23477066,0.13242003,0.59293056,0.24446064,0.54399306,0.3733918,0.114638545,0.849614,0.41265348,0.41346177,0.38893396,0.4607005,0.166821,0.59711844,0.5800514,0.6675306,0.4719692,0.24969292,0.7645957,0.6577009,0.23839463,0.9225721,0.84005564,0.7836148,0.5127658,0.8745259,0.81181,0.5228596,0.78327835,0.36808878,0.8642302,0.69882727,0.36808878,0.8821971,0.84005564,0.7166596,0.7166596,0.75097835,0.7610721,0.76073563,0.8095221,0.8821971,0.8821971,0.8821971,0.2506648,0.879169,0.3661243,0.37091964,0.19819105,0.34487695,0.4258793,0.19271368,0.6148848,0.40674868,0.31560212,0.10164728,0.104141034,0.19320354,0.30532593,0.15146965,0.37661964,0.35096967,0.38257682,0.52515006,0.1518792,0.75748444,0.27498338,0.79906666,0.11708546,0.23579587,0.1449719,0.17354117,0.47923338,0.21323337,0.39927503,0.041045867,0.5116917,0.74843955,0.3735854,0.16573337,0.22946253,0.2255042,0.45390004,0.21362922,0.099154204,0.09604692,0.13604587,0.11783754,0.41669172,0.22352503,0.13644171,0.7805022,0.2420817,0.2076917,0.32603002,0.36513442,0.18211097,0.7377125,0.6526083,0.16765316,0.6015458,0.45785835,0.31812918,0.3751292,0.46855083,0.40077922,0.5837333,0.6830876,0.16167608,0.2005667,0.26429588,0.49086094,0.2278792,0.8529594,0.1483167,0.3550407,0.21289691,0.3395042,0.21913129,0.46854585,0.08429066,0.2088792,0.28329587,0.20096253,0.3776823,0.5078917,0.65617085,0.22273336,0.22352503,0.22194171,0.23658754,0.19502503,0.20729585,0.6074834,0.2207542,0.2896292,0.5112959,0.44558755,0.08623024,0.20143753,0.14158754,0.27303585,0.4433907,0.25862557,0.39808753,0.1958167,0.09685836,0.18875109,0.7482219,0.22934379,0.1317115,0.3195146,0.23540002,0.27753648,0.5568167,0.90730727,0.49942088,0.1910667,0.28527504,0.73267066,0.41154584,0.22416826,0.3648375,0.49902502,0.4903167,0.39157608,0.50298333,0.64423645,0.31535837,0.30039588,0.37354586,0.50615,0.9586073,0.4123375,0.57119536,0.41629586,0.37315002,0.74879587,0.5445063,0.5572126,0.22629586,0.5409833,0.20991829,0.12490316,0.14515004,0.3050667,0.19811255,0.27740982,0.5869,0.17919171,0.31298333,0.55562913,0.5364827,0.31852502,0.1221917,0.14000419,0.7279552,0.037087534,0.61302507,0.12021253,0.21442087,0.34797505,0.11744171,0.294775,0.39539587,0.29209918,0.14307192,0.3556344,0.0853792,0.4954625,0.22165471,0.50100416,0.83032775,0.18790002,0.21651086,0.17080003,0.34429377,0.5888792,0.2991292,0.095670864,0.60714686,0.3098167,0.11704587,0.2278792,0.92553544
BC2026_Train_0003_S08_20250607_070007_5,0.952829,0.84,0.73739076,0.14251854,0.3247404,0.69904333,0.2390623,0.21302041,0.15578887,0.12157104,0.29599106,0.27994198,0.1445848,0.35734499,0.46363217,0.26392734,0.4346435,0.4902185,0.55005246,0.7529706,0.21581477,0.1902271,0.51450294,0.054524794,0.40329355,0.33649668,0.3405389,0.10758919,0.44353294,0.16815169,0.6278532,0.32907817,0.8324199,0.2617865,0.6554428,0.34691045,0.62179697,0.92090845,0.42900625,0.62146056,0.916198,0.42900625,0.65073234,0.32907817,0.81896156,0.81896156,0.8879355,0.84285,0.9033284,0.9232636,0.65073234,0.65073234,0.65073234,0.2688521,0.83309275,0.58860964,0.17385168,0.07768104,0.54531264,0.38748,0.19701093,0.60853314,0.05163917,0.24907292,0.10226229,0.13040604,0.7235227,0.5637783,0.9349798,0.48450166,0.40862045,0.6648603,0.45598832,0.39305082,0.50903,0.34444252,0.75135916,0.6144978,0.19830082,0.7818997,0.6354097,0.48686332,0.52327996,0.22838417,0.69507164,0.37286335,0.06648834,0.31188524,0.28973836,0.39938417,0.32021752,0.42392585,0.435405,0.5697607,0.5575691,0.88125193,0.530405,0.9472175,0.32971752,0.39898834,0.5450508,0.5216056,0.74011755,0.12348834,0.23581247,0.5259321,0.18840499,0.558905,0.513206,0.52327996,0.3178425,0.22561334,0.21769665,0.39390188,0.45826438,0.6356966,0.44767582,0.45740342,0.43105087,0.5889883,0.94384944,0.74829155,0.47063416,0.5482175,0.75515264,0.48776388,0.51615494,0.6250091,0.38553,0.42409405,0.70259243,0.33842584,0.5474258,0.58204144,0.50230086,0.60878,0.5272383,0.14288417,0.34198833,0.08232167,0.1563425,0.82015496,0.61550915,0.44411337,0.14130084,0.07717584,0.45163417,0.43043733,0.53577846,0.5604883,0.52463377,0.3004852,0.5211227,0.09855084,0.9300977,0.08707167,0.6629142,0.42313418,0.3490342,0.4347618,0.6568935,0.17573833,0.65518945,0.21492583,0.7023748,0.17732166,0.5632591,0.5664258,0.31180608,0.473405,0.49766964,0.60640496,0.54109246,0.5141759,0.7587414,0.8263696,0.43965033,0.29884252,0.28873888,0.96750003,0.41403,0.22957167,0.084696665,0.5594789,0.6994258,0.39582166,0.1872175,0.44175813,0.19909249,0.3035925,0.45203,0.74543315,0.11232583,0.5272383,0.43936333,0.43442532,0.4445567,0.41284248,0.26400918,0.592155,0.49200916,0.24873793,0.27311334,0.19750915,0.55178,0.45678,0.38196748,0.92513,0.44767582,0.46430084,0.42826024,0.12230085,0.46905085,0.12517063,0.11992584,0.17860813,0.5758051,0.5641458,0.29369667,0.7218795,0.58028,0.16746542,0.35900918,0.38365772,0.30226648,0.73267585,0.23273833,0.47182167,0.6036342,0.49658108,0.5913633,0.57236326,0.37840497,0.03125917
BC2026_Train_0003_S08_20250607_070007_10,0.9368383,0.8958333,0.76395494,0.14193055,0.32165867,0.8339044,0.47349048,0.43291357,0.24910639,0.23124045,0.55265915,0.3971817,0.20429015,0.36141738,0.52475107,0.18290941,0.3011743,0.56578887,0.3920069,0.7858651,0.2003266,0.18957677,0.47925496,0.07459932,0.45293677,0.32913992,0.27284473,0.17096274,0.6112086,0.167044,0.69452494,0.427377,0.88630617,0.3415801,0.70697385,0.43074155,0.65414995,0.9209614,0.58046556,0.7877239,0.9421583,0.58046556,0.6639072,0.427377,0.83550096,0.83550096,0.9280271,0.87419367,0.9322832,0.9233166,0.6639072,0.6639072,0.6639072,0.42636758,0.8429031,0.56209797,0.19625649,0.07994306,0.3560546,0.34621322,0.114864476,0.59626794,0.14190385,0.20216355,0.102386825,0.26305553,0.705518,0.69666326,0.8245628,0.65752107,0.4085815,0.6221508,0.5276381,0.4912214,0.75963604,0.4308766,0.67518497,0.6115617,0.5458464,0.9310764,0.65308756,0.54861724,0.6380756,0.32576308,0.75207555,0.7508881,0.08747143,0.4438402,0.36692974,0.5628672,0.18840893,0.32615894,0.60403395,0.7660684,0.48261207,0.48211724,0.7231798,0.96859646,0.3451589,0.62065893,0.53555477,0.64144415,0.6172746,0.10290893,0.2181756,0.8262998,0.22601311,0.5794922,0.6047365,0.5470339,0.4053256,0.42076305,0.23274228,0.50143397,0.47364643,0.6020547,0.5664298,0.56878495,0.51536727,0.56128395,0.94618165,0.66170686,0.42274228,0.5525756,0.5869339,0.5434318,0.7572214,0.5497098,0.3962214,0.53715795,0.6012631,0.40611723,0.82750165,0.7867902,0.68820786,0.48805478,0.74495065,0.1856381,0.50467974,0.22799228,0.38672143,0.7722631,0.5367422,0.3784089,0.28142977,0.25015894,0.5414922,0.5768104,0.7990412,0.7500964,0.65893996,0.23389019,0.52421415,0.1547631,0.871261,0.1013256,0.696467,0.5604923,0.38501936,0.6945808,0.58184755,0.43540892,0.8642894,0.31586727,0.7537381,0.16861728,0.6491589,0.4128464,0.2571652,0.66380477,0.76871496,0.61551315,0.70265585,0.65113807,0.6685943,0.69032556,0.42634434,0.1120131,0.16726156,0.9608539,0.53080475,0.25490892,0.11240893,0.48989537,0.5537631,0.36930475,0.4191797,0.5528527,0.19395061,0.35465893,0.51972145,0.95934063,0.17607874,0.7120964,0.4041381,0.3896605,0.60241497,0.49755472,0.2699506,0.9233132,0.6012631,0.5098889,0.30755475,0.5114089,0.45401308,0.53872144,0.3024089,0.7318683,0.4627214,0.48765892,0.37559852,0.08984644,0.51972145,0.09950477,0.14288811,0.1505079,0.6075243,0.4520339,0.18128394,0.7200428,0.5339714,0.15891936,0.5751381,0.4301483,0.31402662,0.66975814,0.28142974,0.4104714,0.69824225,0.57381207,0.7192214,0.7402006,0.5347631,0.09063809
BC2026_Train_0003_S08_20250607_070007_15,0.93027717,0.82416666,0.7791573,0.1355106,0.33982,0.93475795,0.40649596,0.44919255,0.32534227,0.31232134,0.57407916,0.46887535,0.22178037,0.560593,0.6472983,0.23843409,0.37277308,0.6055231,0.5479118,0.829763,0.29815876,0.2238183,0.57420534,0.1497606,0.38951686,0.39218873,0.3507775,0.13946939,0.62115896,0.2712819,0.67294693,0.4831844,0.8603542,0.35566667,0.74007034,0.46131456,0.65646046,0.91822505,0.56561667,0.74932295,0.91620624,0.56561667,0.6897698,0.4831844,0.8378115,0.8378115,0.8798688,0.86069065,0.9242476,0.91822505,0.6897698,0.6897698,0.6897698,0.40041563,0.8438678,0.6356703,0.15692565,0.089554355,0.37850872,0.32597074,0.21665543,0.6300648,0.13416576,0.24408671,0.121973105,0.35211056,0.70646065,0.60561204,0.83253396,0.74188817,0.43408814,0.67197615,0.47418386,0.59095466,0.78125155,0.2936146,0.6374849,0.61686206,0.2572672,0.90634394,0.6899724,0.587788,0.763538,0.21412137,0.8237046,0.8719963,0.06805888,0.49561822,0.30516303,0.6780381,0.5699755,0.20937139,0.62935054,0.7617271,0.66802347,0.6649755,0.84785056,0.9598714,0.62182975,0.6914964,0.502288,0.7445301,0.6337739,0.23905887,0.20644222,0.84085035,0.16147554,0.6384547,0.74315274,0.27705887,0.27745473,0.35068384,0.1848297,0.37405783,0.52640414,0.5905589,0.6325172,0.7496543,0.6079756,0.718413,0.93079007,0.585413,0.35068384,0.6052047,0.6667172,0.56126726,0.75522554,0.5429797,0.23747556,0.5474427,0.685163,0.5054547,0.7085172,0.84327865,0.67336714,0.542663,0.9019016,0.12743387,0.47260052,0.44370472,0.46072552,0.7788172,0.55612135,0.3439547,0.35187137,0.1262464,0.37126723,0.8440901,0.8219532,0.92345464,0.6859864,0.36457762,0.6061448,0.13297555,0.8345109,0.07518388,0.53981304,0.44805887,0.4786172,0.8281777,0.58863914,0.3471214,0.89567816,0.39462137,0.7131485,0.4326214,0.7037672,0.5873922,0.15636931,0.680413,0.9095551,0.76472557,0.47141302,0.47022554,0.71045685,0.504663,0.3997672,0.20264222,0.1711042,0.9517766,0.6301422,0.23272555,0.25251722,0.48670214,0.7057464,0.4567672,0.40966305,0.32133284,0.14603804,0.2774547,0.55335057,0.9724268,0.29368392,0.64716303,0.30635053,0.4641594,0.5685624,0.3772047,0.14999637,0.9681047,0.38393384,0.4864666,0.3855172,0.47260052,0.44212142,0.5375172,0.4080797,0.5422672,0.6028297,0.5292047,0.17861512,0.09853805,0.48962137,0.09540106,0.1492047,0.1530443,0.5556265,0.36810055,0.26241302,0.7713953,0.5125797,0.107582845,0.6348922,0.6873323,0.32283702,0.6721797,0.421538,0.5771005,0.8114339,0.5855515,0.8589339,0.6154964,0.5759131,0.053808875
BC2026_Train_0003_S08_20250607_070007_20,0.973571,0.90125,0.8240725,0.15572107,0.3439992,0.7235029,0.42405713,0.3368471,0.23207404,0.16061027,0.30868557,0.46130309,0.1300262,0.57002217,0.5770878,0.2506896,0.40117732,0.7341919,0.46584114,0.8468298,0.23903461,0.21889755,0.5062501,0.07342733,0.56596273,0.33438045,0.42601803,0.25143203,0.6593779,0.18445702,0.70342934,0.45209494,0.8639199,0.40229908,0.75859165,0.47867516,0.6270533,0.935922,0.56548136,0.6765126,0.9369314,0.56548136,0.69064385,0.45209494,0.843396,0.843396,0.9345762,0.866948,0.93543416,0.9392866,0.69064385,0.69064385,0.69064385,0.4231595,0.8504616,0.4852179,0.17341328,0.15465233,0.38076425,0.4105912,0.122010924,0.6372127,0.12127169,0.24360797,0.119739816,0.14040232,0.65977526,0.6885471,0.846607,0.6403779,0.49795702,0.6408334,0.5229639,0.50990134,0.7812649,0.3892415,0.657943,0.6717665,0.37571388,0.9103972,0.49738315,0.5419638,0.536818,0.29615137,0.69792217,0.46200556,0.10615137,0.62247634,0.4141097,0.629443,0.35433885,0.5997555,0.5835263,0.79021424,0.38415504,0.37769306,0.55858886,0.9488805,0.82340133,0.7355263,0.45883888,0.62654555,0.7892904,0.17265137,0.24800813,0.6010321,0.23321387,0.5922347,0.6318576,0.3499847,0.555818,0.31158885,0.5506722,0.43586075,0.47251493,0.7454222,0.39669302,0.5492571,0.48021388,0.74463046,0.9530822,0.6662555,0.56967217,0.63260967,0.59960717,0.66057533,0.59302634,0.61567867,0.32188055,0.6094832,0.8206305,0.57363045,0.6231097,0.79862225,0.5210441,0.51940143,0.92930657,0.101401374,0.444193,0.1825472,0.38521385,0.880243,0.653193,0.4730889,0.28506804,0.1742347,0.37690136,0.5336117,0.76311255,0.76442224,0.65110695,0.4308535,0.6557066,0.22688052,0.9476337,0.17700553,0.6291877,0.61123466,0.41260558,0.69066846,0.61986387,0.25142223,0.8273088,0.42321387,0.7376243,0.4307347,0.60648465,0.5316722,0.25652847,0.55858886,0.62895817,0.7869846,0.6262763,0.59500545,0.6879076,0.65279716,0.41226912,0.2110472,0.2609717,0.95120806,0.50990134,0.22015136,0.14335972,0.67522115,0.77867216,0.51663053,0.28902635,0.6197847,0.24192221,0.28665137,0.58075553,0.8628878,0.25733992,0.634193,0.5158388,0.5621019,0.62149864,0.38838053,0.1326722,0.8778482,0.47110972,0.38025808,0.6591305,0.26131806,0.47902635,0.56967217,0.47150555,0.89197946,0.5221722,0.7343388,0.45551386,0.22015136,0.81588054,0.17441283,0.08794304,0.18668367,0.57251126,0.2894222,0.20550554,0.7413154,0.6262763,0.11689824,0.46952635,0.46841016,0.40856802,0.6346415,0.31396386,0.35433888,0.8086764,0.6414962,0.6848597,0.70227635,0.42638057,0.063797206
BC2026_Train_0003_S08_20250607_070007_25,0.9628792,0.9458333,0.8946157,0.17834984,0.41080296,0.7618052,0.4116802,0.34869522,0.2732949,0.23271802,0.3374911,0.7480781,0.21848583,0.59534854,0.6484619,0.29600152,0.4783123,0.62932277,0.3505663,0.79566705,0.32361597,0.24261364,0.45221454,0.13346232,0.4840123,0.3776717,0.4761749,0.63474274,0.86828434,0.1713802,0.6978067,0.6142709,0.8576244,0.5625504,0.85563934,0.6521156,0.6204213,0.9316453,0.5881213,0.70890987,0.93265474,0.5881213,0.7179942,0.6142709,0.8616619,0.8616619,0.89328897,0.8650266,0.9297948,0.93130887,0.7179942,0.7179942,0.7179942,0.4754078,0.8455119,0.48601636,0.2162677,0.20542483,0.54835117,0.34963876,0.1679513,0.6277394,0.15798125,0.2703247,0.16837485,0.24176233,0.49648106,0.76627374,0.8706594,0.6945135,0.63118017,0.7585896,0.62724596,0.73530847,0.97751886,0.53546214,0.7119543,0.8496657,0.36362094,0.8494415,0.55982566,0.59082925,0.6379334,0.2737668,0.80497515,0.5583709,0.18707931,0.5040923,0.5912251,0.6288293,0.23537096,0.7614334,0.506121,0.81873584,0.54953396,0.36520427,0.71432924,0.91580844,0.6569334,0.8817668,0.4724751,0.63860637,0.8096757,0.24205261,0.30071318,0.7451449,0.31612098,0.7554959,0.7530913,0.48949593,0.7665793,0.43605846,0.28405845,0.49507725,0.4890012,0.8698522,0.44476682,0.7131006,0.5077043,0.93490344,0.8981088,0.8438063,0.6228918,0.6984959,0.7182579,0.7513497,0.72462094,0.8001198,0.42062098,0.7156846,0.9125626,0.6209126,0.65891266,0.78330326,0.57840014,0.54728764,0.75035006,0.13285014,0.6197251,0.0956418,0.5563918,0.9085647,0.7511417,0.48118347,0.2903918,0.31493348,0.4641626,0.7258382,0.64204466,0.9262783,0.66821474,0.55265117,0.7457387,0.19499597,0.9230126,0.29989177,0.82698846,0.6759335,0.5552834,0.6736871,0.63737935,0.4602043,0.740816,0.24407929,0.85981786,0.4827668,0.7701418,0.5658918,0.38135433,0.5476834,0.67718035,0.87863976,0.7614334,0.2903918,0.6717574,0.8698918,0.5249132,0.31374598,0.45144647,0.92507094,0.47603762,0.34580845,0.38776678,0.80562824,0.6927642,0.59478766,0.49543345,0.5259622,0.40993345,0.47326678,0.7467876,0.7594207,0.34470016,0.74599594,0.58370423,0.60789967,0.6890751,0.47880846,0.35649592,0.9057147,0.5892459,0.38390744,0.6672251,0.36362094,0.6027043,0.62487096,0.42616266,0.93203753,0.643871,0.7622251,0.54758453,0.3758918,0.7400109,0.2231991,0.1122668,0.35176575,0.8178537,0.3699543,0.28366262,0.7108954,0.8018084,0.17207722,0.58251673,0.50705117,0.4610752,0.6463987,0.41032928,0.4522876,0.9072783,0.64670116,0.6529751,0.7851834,0.6387251,0.100391805
BC2026_Train_0003_S08_20250607_070007_30,0.9551553,0.92791665,0.842825,0.19970989,0.45282552,0.7242256,0.47911352,0.40946662,0.21566662,0.18659662,0.44035348,0.5389694,0.19295569,0.65799546,0.66316354,0.4091778,0.621114,0.68325996,0.4651971,0.8675003,0.42098644,0.27851316,0.54285526,0.17548491,0.48150364,0.48488805,0.45611376,0.31505263,0.74715227,0.13550265,0.712449,0.5317979,0.8477053,0.51023763,0.789498,0.5866136,0.65323234,0.939222,0.55599594,0.75551575,0.9331658,0.55599594,0.72691673,0.5317979,0.8638217,0.8638217,0.92004395,0.85207933,0.9220458,0.935521,0.72691673,0.72691673,0.72691673,0.4321793,0.8527522,0.6061741,0.24594016,0.16942866,0.5839651,0.54712296,0.3223688,0.75767654,0.29986963,0.42160022,0.23355366,0.24067865,0.6349682,0.6661507,0.88691306,0.69730896,0.65732974,0.7577927,0.71809125,0.9468829,0.88012576,0.77763456,0.7220496,0.97143877,0.39113298,0.859725,0.6872559,0.58707047,0.8772163,0.14729965,0.7299663,0.5090913,0.36738297,0.43356633,0.47148716,0.80754954,0.3024663,0.47940382,0.57321626,0.93795544,0.50589496,0.6226955,0.84554964,0.88909125,0.91761106,0.85544544,0.5201746,0.71673757,0.86477727,0.16788298,0.25922152,0.84521323,0.32542464,0.8558413,0.7658386,0.62032044,0.6876121,0.74698716,0.35867465,0.49179342,0.7160329,0.8440058,0.63932043,0.7921605,0.7525288,0.96369797,0.91244495,0.9817163,0.6306121,0.71373713,0.5452111,0.7989106,0.9301787,0.90461826,0.41448715,0.84062064,0.91482043,0.7327371,0.6931538,0.8048777,0.53739333,0.7794454,0.6409038,0.13304965,0.8419871,0.16471632,0.55579954,0.9528403,0.89726526,0.71057045,0.24111214,0.27079964,0.34363297,0.92565644,0.814122,0.8832923,0.7137094,0.6643767,0.7034059,0.36579967,0.9305746,0.35154966,0.9272381,0.6646538,0.65948814,0.7208919,0.75268716,0.5625287,0.7877733,0.31869546,0.9379371,0.46000797,0.8301121,0.737883,0.4796809,0.41369548,0.8862611,0.9491986,0.6614871,0.30286214,0.74647254,0.58350796,0.68754286,0.27554962,0.4973252,0.9268142,0.43507046,0.4706955,0.3424455,0.68052673,0.8192662,0.6444663,0.5724246,0.452408,0.20707048,0.45050797,0.9311881,0.8076887,0.6016165,0.8898829,0.6175496,0.6780033,0.745673,0.4093413,0.30167466,0.83842456,0.47188297,0.33216566,0.65990376,0.322258,0.80596626,0.66227883,0.49800798,0.923509,0.7062163,0.63298714,0.5731118,0.3333413,0.8170496,0.30689967,0.17777881,0.35441393,0.96392894,0.41211215,0.20192465,0.6832184,0.9567986,0.23002882,0.42992464,0.5323584,0.5726819,0.7396461,0.30048713,0.49484134,0.97085065,0.6501069,0.77968293,0.7655913,0.69236207,0.15165383
BC2026_Train_0003_S08_20250607_070007_35,0.9615208,0.90629166,0.78543013,0.17976224,0.3776591,0.8729971,0.396989,0.2204493,0.22317462,0.21590711,0.37064433,0.5948602,0.16654868,0.64566183,0.63920176,0.34613317,0.444456,0.746081,0.5716266,0.84173536,0.2495687,0.23124854,0.29363123,0.18546224,0.43412474,0.3637654,0.3491613,0.41141587,0.7186221,0.05017839,0.7529582,0.5423352,0.8855228,0.51272696,0.6994613,0.6153467,0.68028325,0.94339365,0.6641332,0.7980436,0.9491134,0.6641332,0.730079,0.5423352,0.8642923,0.8642923,0.9474311,0.88182175,0.94261974,0.9437301,0.730079,0.730079,0.730079,0.5551207,0.84548426,0.5580683,0.20942213,0.09960601,0.4763226,0.45467147,0.19485836,0.55647683,0.23096429,0.31060392,0.205056,0.24032474,0.7528102,0.70353615,0.79264295,0.68299705,0.47126588,0.74509895,0.7300725,0.5923225,0.79570174,0.5141752,0.67724866,0.7947715,0.62478083,0.9483415,0.4928991,0.56065583,0.65842676,0.28951,0.75065583,0.3508642,0.18738502,0.47785744,0.61686426,0.7514475,0.31484336,0.29901,0.39757252,0.72021633,0.43820482,0.3568017,0.6944476,0.9659892,0.86744654,0.69919753,0.54126006,0.5569193,0.7769491,0.21769002,0.2931814,0.76439136,0.36590585,0.6437809,0.6481153,0.610135,0.5749059,0.6326976,0.30534336,0.6223465,0.5356788,0.71226007,0.4640725,0.6635483,0.6350725,0.9400384,0.9016683,0.9534413,0.6635725,0.50365585,0.6353596,0.63585436,0.88448715,0.8255706,0.5420517,0.9010374,0.69801,0.5016767,0.8021142,0.80256945,0.51086,0.5978642,0.64734334,0.0563642,0.52701,0.3805517,0.28713503,0.8273684,0.8021142,0.44705167,0.17946836,0.2641767,0.42330164,0.67032146,0.60851216,0.73442674,0.67535263,0.56745434,0.53636163,0.2665517,0.8337808,0.1941142,0.6790298,0.5028642,0.52364546,0.47252357,0.6286205,0.65328085,0.8001485,0.23963504,0.9003205,0.35640585,0.82309335,0.43992668,0.42316315,0.41380167,0.7092121,0.8385309,0.77519757,0.6002392,0.75216997,0.676635,0.43835327,0.2867392,0.31908867,0.9164507,0.45576,0.2978225,0.3239475,0.53467935,0.70434344,0.47001,0.55076003,0.5892252,0.33463505,0.5337392,0.94566315,0.68142265,0.41635484,0.91461,0.52226,0.56907725,0.7049609,0.39836416,0.32909334,0.7831142,0.8107039,0.36749315,0.6303226,0.46565583,0.59469754,0.4209267,0.29703084,0.67901003,0.5384893,0.61488503,0.59568715,0.2629892,0.6865308,0.20325795,0.15136419,0.54286313,0.6914788,0.2859475,0.2261767,0.61772513,0.819135,0.17452045,0.5895517,0.4300744,0.38165998,0.705603,0.29821834,0.38094756,0.8565611,0.5098507,0.8203226,0.71186423,0.51751,0.09396836
BC2026_Train_0003_S08_20250607_070007_40,0.9588867,0.83416665,0.78464663,0.14962631,0.39419192,0.8219515,0.4048019,0.31728908,0.25036755,0.30426815,0.35059848,0.37421784,0.22160037,0.65220827,0.6509162,0.2931466,0.48307627,0.8008117,0.46733817,0.87748086,0.32229102,0.25733778,0.45065647,0.12718256,0.37192628,0.41556692,0.2852735,0.4131111,0.7286298,0.08571734,0.72471964,0.44613218,0.8562749,0.46329153,0.72976655,0.50703114,0.59652907,0.9235666,0.6126791,0.7728333,0.9272676,0.6126791,0.66785824,0.44613218,0.8347416,0.8347416,0.8586301,0.84348947,0.94252604,0.9178468,0.66785824,0.66785824,0.66785824,0.47876862,0.85728425,0.60228455,0.27951735,0.12575756,0.5705951,0.5875862,0.28376433,0.46063253,0.11607647,0.2647574,0.19914503,0.3127888,0.8122434,0.8222458,0.80225486,0.7551507,0.5944423,0.7930524,0.74538934,0.8320769,0.7009175,0.6594638,0.6941487,0.8153658,0.46593103,0.9585125,0.6198607,0.6385144,0.62861854,0.4544519,0.9646811,0.24307688,0.14926438,0.5368149,0.67809767,0.7137227,0.85978514,0.30126435,0.56291014,0.63914776,0.5178149,0.5545977,0.86809766,0.94291013,0.8980623,0.9159935,0.50551444,0.6684512,0.72641903,0.16153522,0.28586885,0.9347348,0.23476438,0.6258477,0.7153357,0.3610352,0.8823477,0.6480143,0.27157688,0.31317896,0.6196925,0.8091185,0.42674354,0.73416,0.49838936,0.949006,0.9453203,0.8229727,0.5450977,0.5910144,0.76635826,0.8682759,0.8855738,0.65004104,0.4865144,0.9209213,0.7255976,0.7093685,0.71174353,0.7468936,0.5884217,0.67611855,0.68363935,0.12274354,0.48651436,0.1670769,0.5696394,0.9450278,0.7164935,0.6824519,0.23278522,0.33728522,0.60803515,0.6483806,0.6956727,0.8772018,0.7115179,0.7067957,0.5495904,0.19597271,0.7069935,0.2541602,0.85192204,0.5407435,0.6216519,0.6796513,0.6912987,0.7418269,0.9186589,0.25613937,0.90754247,0.39903525,0.7639935,0.6104102,0.50496024,0.4679102,0.8304159,0.92996645,0.67255604,0.5201602,0.7538998,0.81426436,0.54729456,0.20309772,0.34290606,0.9356665,0.50749356,0.24109772,0.38043106,0.5825633,0.651181,0.53757685,0.36895186,0.53715134,0.19834772,0.5648894,0.7924935,0.8199256,0.39209077,0.93612164,0.48057687,0.53670603,0.6987325,0.40972272,0.3574727,0.8257435,0.5118477,0.47498772,0.45524356,0.49047273,0.43505603,0.59022266,0.6337643,0.49561855,0.5534102,0.82059765,0.42439073,0.3642019,0.63970184,0.17758626,0.114431046,0.6454842,0.71678346,0.33530608,0.29295188,0.6821055,0.69591016,0.19609147,0.48453522,0.45917416,0.47394666,0.6102044,0.35905606,0.4548477,0.93392473,0.59447795,0.85384774,0.74182683,0.6967019,0.09820188
BC2026_Train_0003_S08_20250607_070007_45,0.9333465,0.8495834,0.7891984,0.1562951,0.4407607,0.854708,0.39217743,0.4824156,0.27559468,0.34433308,0.5772632,0.44335276,0.19474371,0.6482988,0.60786325,0.28570434,0.42740133,0.79588264,0.45483187,0.88435465,0.2686022,0.30842203,0.4901517,0.2090201,0.4377326,0.42366073,0.36261874,0.19109347,0.7007289,0.14228724,0.68884003,0.4812452,0.86649,0.4206827,0.75781393,0.5121994,0.660241,0.9395014,0.57780874,0.7800201,0.93041706,0.57780874,0.6942233,0.4812452,0.8355359,0.8355359,0.90181816,0.85538685,0.93161154,0.93849206,0.6942233,0.6942233,0.6942233,0.46576813,0.8439473,0.64700675,0.21353723,0.124232605,0.5423098,0.46754876,0.23953092,0.5951951,0.136639,0.30954498,0.1904951,0.2909576,0.64744514,0.74138755,0.81354135,0.57287467,0.58118725,0.75049126,0.7993723,0.7293098,0.79769003,0.4319895,0.8001442,0.9098504,0.29310146,0.92207026,0.6517661,0.8076848,0.7704765,0.34416398,0.86943483,0.32239315,0.2210598,0.5107306,0.72812223,0.783539,0.32120565,0.14426813,0.7734373,0.7290427,0.6199708,0.7372264,0.8222039,0.9676015,0.7779973,0.82708067,0.5571223,0.9060587,0.7499426,0.30735144,0.27565512,0.8946716,0.38651812,0.5737473,0.78005564,0.5899765,0.7475181,0.41066393,0.2115598,0.436215,0.6434832,0.7166431,0.66003895,0.64969784,0.63430977,0.93724895,0.9765113,0.8634379,0.6940806,0.6639973,0.73290205,0.82949525,0.78828895,0.6761197,0.52505976,0.69848424,0.6715181,0.78591394,0.816789,0.7729307,0.7487056,0.5666223,0.7225807,0.1533723,0.47241393,0.33862227,0.5302056,0.9181619,0.6972473,0.4546015,0.34733063,0.4431223,0.72297645,0.7585224,0.8067645,0.84133065,0.8896901,0.50860304,0.7735739,0.13437231,0.82708067,0.18108062,0.88219357,0.70753896,0.47156295,0.71316975,0.62700665,0.7297056,0.86004424,0.5226848,0.9349254,0.21195562,0.6687473,0.71387225,0.400214,0.61095566,0.82157606,0.8968859,0.57453895,0.60145557,0.811079,0.8959556,0.6774161,0.32278895,0.36659786,0.9541233,0.60185146,0.3243723,0.37385148,0.6830666,0.8856639,0.5309973,0.4158098,0.572639,0.25233063,0.36751813,0.76374733,0.96286786,0.3597796,0.92538583,0.5931431,0.74645925,0.7814682,0.41897643,0.34891397,0.82031184,0.50526816,0.75926197,0.49022645,0.5575181,0.5800806,0.73326814,0.5214973,0.5250598,0.55039316,0.41026813,0.3591067,0.36633062,0.6493515,0.24949053,0.19255978,0.255814,0.66398346,0.3647473,0.47320563,0.71502024,0.60264313,0.20675042,0.7012056,0.7252797,0.34875566,0.741729,0.27647647,0.41660145,0.93929935,0.5966265,0.835599,0.77364314,0.67705977,0.06708064
BC2026_Train_0003_S08_20250607_070007_50,0.9089559,0.8195833,0.83692944,0.17560478,0.573734,0.8979373,0.57334805,0.5965637,0.42641667,0.34344605,0.61271363,0.6133866,0.2816723,0.66008115,0.66008115,0.38826996,0.40930477,0.6808069,0.69236195,0.90665233,0.33258712,0.37301257,0.6431142,0.39256105,0.48981726,0.48358294,0.6068669,0.14822903,0.6746873,0.22411028,0.6637597,0.5984868,0.8703452,0.4642399,0.79531497,0.56551385,0.73542535,0.9235055,0.5638316,0.8498212,0.9201409,0.5638316,0.7347524,0.5984868,0.8500736,0.8500736,0.8841399,0.86698055,0.9286702,0.92956185,0.7347524,0.7347524,0.7347524,0.48577327,0.83064306,0.66524917,0.24619778,0.17026104,0.53595173,0.41960436,0.333,0.5719527,0.17555134,0.35663328,0.23830476,0.4748548,0.74255687,0.6440043,0.9227759,0.6093748,0.61333317,0.76423913,0.6467233,0.62891084,0.87632644,0.45742542,0.8198608,0.85050136,0.3280775,0.9457938,0.7775265,0.79397327,0.827825,0.34589,0.8330183,0.67363995,0.196265,0.60318166,0.6597858,0.74686915,0.2663275,0.33678582,0.74736,0.8908634,0.70939374,0.5505358,0.93568164,0.98080665,0.7037234,0.8406817,0.623765,0.79787546,0.6941744,0.19072333,0.25807437,0.9033184,0.31620246,0.55449414,0.85420924,0.5564733,0.367265,0.3973483,0.26236916,0.32605875,0.6836546,0.6518691,0.6312858,0.8174605,0.7080775,0.88689524,0.9795762,0.7603275,0.55172336,0.65582746,0.5952056,0.6939858,0.74053586,0.672977,0.5267858,0.6030962,0.65028584,0.7718066,0.8737535,0.76132184,0.8068245,0.75953585,0.7666608,0.24534832,0.48838997,0.40486917,0.26553583,0.9115556,0.6281192,0.44999415,0.3708275,0.3138275,0.61466086,0.8101332,0.87639576,0.885015,0.8208893,0.5141983,0.8827954,0.21882749,0.8514879,0.15272331,0.8541519,0.54934835,0.66125035,0.8813239,0.7127285,0.5806191,0.9477957,0.566765,0.89328796,0.5010567,0.7500358,0.72311914,0.37249,0.78803587,0.9138159,0.89457434,0.5283691,0.47018164,0.8022067,0.70689005,0.6105441,0.3043275,0.3953791,0.94435036,0.6205983,0.32095248,0.31897333,0.69569093,0.79581,0.62772334,0.49393168,0.45514,0.27543166,0.38349417,0.7203483,0.9770696,0.4990918,0.931375,0.4705775,0.55250514,0.63684654,0.348265,0.2952233,0.944014,0.42901498,0.5002444,0.41318166,0.64118165,0.77662,0.633265,0.44484833,0.5157025,0.6906608,0.5683483,0.53407,0.18082748,0.6257441,0.28125042,0.21684833,0.18146163,0.72644913,0.47611916,0.53668165,0.8333785,0.68116087,0.19820458,0.68155664,0.73172784,0.5337327,0.83144885,0.3474733,0.4943275,0.86662847,0.6923478,0.9285566,0.77299416,0.73697335,0.06366082
BC2026_Train_0003_S08_20250607_070007_55,0.9284938,0.8333334,0.8417409,0.17197055,0.60038096,0.8724254,0.4628047,0.68674463,0.2747581,0.24932186,0.3689328,0.45190343,0.18906218,0.60670686,0.6157912,0.42777827,0.5922664,0.5902872,0.5874385,0.86239225,0.36009356,0.3496465,0.6623949,0.2578268,0.5598081,0.43577367,0.6183146,0.1805681,0.6691055,0.1371056,0.6394441,0.47390664,0.8406462,0.39450246,0.7380264,0.50990766,0.6498743,0.90524614,0.54254407,0.6730899,0.90524614,0.54254407,0.66837955,0.47390664,0.8594879,0.8594879,0.8493941,0.8409827,0.9057509,0.90524614,0.66837955,0.66837955,0.66837955,0.41771805,0.84468377,0.6077162,0.26499933,0.18337055,0.5558023,0.5953361,0.16217962,0.49188304,0.15442525,0.35125336,0.22754556,0.2731456,0.6385789,0.7376575,0.8856264,0.6667305,0.5903347,0.78510326,0.788778,0.8093614,0.81173635,0.5342948,0.7515301,0.94815797,0.546528,0.9233035,0.6211544,0.57027805,0.70327795,0.2730072,0.7630489,0.8881322,0.26588222,0.3044067,0.66211134,0.81846553,0.19700721,0.48161137,0.49784055,0.76181185,0.7608777,0.8014447,0.8134939,0.9530488,0.69615304,0.7733405,0.5556322,0.89867324,0.8756654,0.18671553,0.28547597,0.6973801,0.33713222,0.7527572,0.69715255,0.757903,0.6941739,0.34109053,0.36404887,0.43814892,0.75628006,0.8493603,0.49902803,0.7983544,0.6549863,0.95135474,0.9535109,0.82559043,0.8236707,0.6648822,0.6421218,0.75252974,0.84063214,0.735865,0.41946557,0.7473608,0.69615304,0.72330713,0.7749238,0.79752594,0.83117175,0.7543405,0.76898634,0.30625722,0.6541947,0.27815306,0.4618197,0.84059256,0.75671554,0.6225281,0.23817387,0.36959055,0.9281114,0.6187578,0.66255677,0.92890304,0.7848662,0.6596968,0.62198377,0.5180281,0.93711656,0.2583614,0.9003944,0.78719467,0.5966406,0.9426326,0.7154103,0.8984238,0.84458905,0.86715305,0.9316145,0.44638222,0.80738217,0.7725488,0.4623739,0.5793822,0.67988425,0.90487593,0.6763613,0.6312364,0.8656093,0.807778,0.583964,0.39413223,0.4246411,0.9437864,0.6882363,0.36919472,0.28488225,0.6741348,0.8810072,0.5041739,0.35692385,0.5974619,0.42421556,0.38146555,0.70050716,0.81393445,0.58622694,0.7860072,0.6537989,0.66722745,0.6549933,0.40600723,0.3870072,0.93266344,0.66884047,0.6088986,0.48240304,0.6494447,0.9324655,0.7852155,0.41709056,0.762653,0.7301947,0.5330697,0.6458205,0.27854887,0.66171557,0.38348433,0.1257572,0.3006142,0.80941594,0.43015304,0.6185697,0.7895182,0.81173635,0.28741556,0.5861113,0.55203706,0.5693874,0.7732119,0.4677572,0.66923636,0.886252,0.7039906,0.7867038,0.8042155,0.64192384,0.105173886
BC2026_Train_0003_S08_20250607_070007_60,0.954915,0.8854166,0.7915791,0.15879472,0.47247285,0.8990403,0.40530813,0.4609893,0.24209219,0.213325,0.27933812,0.35382998,0.1863747,0.58864915,0.5926867,0.34542343,0.41030723,0.88239783,0.69878936,0.9045,0.3077911,0.31520998,0.34812218,0.14169474,0.40638846,0.35597908,0.38660592,0.25642458,0.7719183,0.15061837,0.68443865,0.5512011,0.8735282,0.4223376,0.72346777,0.55692095,0.69486886,0.9283709,0.55793035,0.8422376,0.9209688,0.55793035,0.6911678,0.5512011,0.8590605,0.8590605,0.90851986,0.85939693,0.94023114,0.9246699,0.6911678,0.6911678,0.6911678,0.4236834,0.8637709,0.5795648,0.20939961,0.12708847,0.570129,0.6217753,0.2564488,0.40745717,0.12489754,0.29386693,0.20760098,0.3126947,0.7266573,0.7688514,0.8392099,0.7651892,0.48513708,0.7035805,0.6564032,0.5792157,0.6528407,0.46796772,0.77671677,0.8395029,0.44977817,0.9553618,0.66400325,0.7118199,0.5922782,0.11490323,0.9445699,0.5059865,0.18061154,0.3617548,0.56654906,0.8511532,0.6140491,0.44502822,0.55704904,0.6887923,0.6970058,0.56417406,0.80537903,0.9659449,0.8982574,0.8260891,0.5574449,0.61374426,0.8086991,0.118861556,0.25653931,0.828274,0.3262782,0.5606115,0.795123,0.7094449,0.6761949,0.4149449,0.54279906,0.3717001,0.5897052,0.86655116,0.6366116,0.64445895,0.56140316,0.97150636,0.94747937,0.8392783,0.84559184,0.69202816,0.83891505,0.813648,0.7953407,0.8002788,0.53369486,0.66161835,0.739924,0.734034,0.81909066,0.7880376,0.7358865,0.73042405,0.84877825,0.18892404,0.4759032,0.22494487,0.27086154,0.9470636,0.76674175,0.633049,0.22256988,0.33063236,0.67104906,0.7298501,0.7328684,0.8950907,0.73385984,0.71977615,0.7044178,0.3140074,0.96079916,0.21109071,0.7519564,0.6837157,0.480772,0.86557144,0.7358074,0.62077826,0.8439436,0.39752823,0.949973,0.45413238,0.7996949,0.6429449,0.2721084,0.4616532,0.7932824,0.9070845,0.62592405,0.44304904,0.74265534,0.6750074,0.67570007,0.29065323,0.46274176,0.9751282,0.41019484,0.33379903,0.45531988,0.67884696,0.74427825,0.5376532,0.30213237,0.5754058,0.39554906,0.5982157,0.69400734,0.7516605,0.4963148,0.834924,0.55269486,0.62760633,0.6830547,0.35873654,0.36348653,0.8123615,0.5329032,0.39874738,0.5574449,0.4889657,0.8721324,0.7058824,0.4755074,0.78940326,0.5566532,0.5503199,0.5296376,0.2795699,0.7620907,0.2734345,0.10817405,0.54109067,0.6250274,0.47154903,0.3959449,0.79051155,0.6955907,0.26773447,0.48342404,0.51852655,0.47000533,0.7575486,0.34567407,0.5724866,0.9231553,0.6891188,0.6655073,0.8289865,0.6611532,0.09036155
BC2026_Train_0004_S08_20250607_070007_5,0.8095485,1.0,0.8387277,0.07960473,0.3736891,0.8622293,0.09732487,0.30687115,0.25599864,0.104440965,0.16878864,0.8458942,0.3553211,0.53240585,0.5404808,0.16583446,0.25808597,0.7448818,0.28385398,0.8371935,0.28657928,0.21496415,0.39986098,0.166886,0.20785472,0.32132033,0.39142975,0.26695532,0.9510741,0.13443033,0.81484115,0.76356494,0.9577014,0.5724566,0.78947216,0.7147785,0.7713034,0.82850134,0.9038344,0.6367201,0.9082017,0.9038344,0.76220226,0.76356494,0.895793,0.895793,0.880316,0.9630847,0.9076027,0.8749998,0.76220226,0.76220226,0.76220226,0.8022576,0.77197635,0.3703843,0.17005534,0.08494848,0.56278664,0.38708803,0.33318746,0.28302342,0.4534713,0.116138175,0.12627348,0.21854222,0.81250995,0.20527753,0.48106158,0.5742804,0.28476784,0.40500683,0.88237154,0.7473132,0.71841735,0.56439865,0.24341738,0.8515401,0.550584,0.72860026,0.6654845,0.6531049,0.48052156,0.6831882,0.86164963,0.47933403,0.44370905,0.50755054,0.2984382,0.66260487,0.05975072,0.79394245,0.84785485,0.7030502,0.20558561,0.2853757,0.44410488,0.887834,0.60718817,0.7642548,0.57354236,0.7182313,0.6895611,0.22392656,0.14137155,0.9281892,0.5066466,0.3340632,0.765644,0.48962572,0.63964653,0.24856322,0.53118825,0.5380163,0.3444241,0.69347984,0.55216736,0.57739186,0.36691737,0.9341664,0.7970205,0.83716744,0.42431322,0.5881882,0.17367156,0.59115696,0.62935483,0.81791854,0.44172984,0.6120471,0.8035215,0.43960822,0.6990216,0.9392174,0.7869565,0.75934654,0.609959,0.31308404,0.79813826,0.54306316,0.49833405,0.6523132,0.45122987,0.6903132,0.5347507,0.6356882,0.5905632,0.9439636,0.8698326,0.462709,0.717222,0.68569183,0.45625696,0.30239657,0.8363757,0.4183757,0.5886316,0.32416734,0.3366757,0.61572826,0.70274234,0.77027154,0.46717206,0.5228757,0.7045632,0.19195905,0.42866737,0.6641882,0.4229476,0.8897499,0.7619788,0.7010007,0.6867507,0.52445906,0.7499555,0.5011049,0.7324695,0.43025067,0.54091585,0.71604234,0.6056048,0.26875073,0.607584,0.49528614,0.6483549,0.54543823,0.106854886,0.8811707,0.4571674,0.11200072,0.4595424,0.57238406,0.68981844,0.9477434,0.68912566,0.5614398,0.7602886,0.41520903,0.4733965,0.4314382,0.5509798,0.44973758,0.5462299,0.46627155,0.6467715,0.90477574,0.32891735,0.093000725,0.34554237,0.36058402,0.59863824,0.3388132,0.9047955,0.32726476,0.11516739,0.3688372,0.64280134,0.62539655,0.15910488,0.50970435,0.5169382,0.31157988,0.590959,0.8282532,0.36493823,0.8148735,0.35266736,0.69822985,0.8336048,0.8607385,0.7295007,0.9016882,0.5719591,0.14327155
BC2026_Train_0004_S08_20250607_070007_10,0.75080025,0.9920834,0.83430445,0.06467741,0.3573368,0.73113656,0.090445496,0.23307016,0.26698518,0.09725878,0.10558612,0.80368674,0.24003488,0.4073009,0.39276585,0.14945602,0.22605866,0.75107217,0.30041546,0.7693879,0.28588045,0.19094872,0.32171685,0.13129616,0.095671155,0.31672427,0.26482755,0.27260324,0.8821668,0.09875326,0.78624356,0.7297691,0.944093,0.5315951,0.72674084,0.6567576,0.766443,0.86934876,0.8909662,0.7078992,0.88581836,0.8909662,0.7603531,0.7297691,0.9074191,0.9074191,0.91717637,0.9558691,0.91355944,0.8922448,0.7603531,0.7603531,0.7603531,0.745919,0.8021076,0.33008367,0.20206575,0.07821491,0.37481084,0.4303769,0.16208509,0.28020865,0.28548115,0.08683616,0.06610241,0.2271274,0.7673212,0.14722285,0.6331282,0.6636074,0.34705952,0.39771685,0.7808401,0.7548932,0.63020575,0.35579425,0.39903906,0.7832468,0.58191407,0.7989495,0.7668276,0.7853724,0.446539,0.5656848,0.7902214,0.5609349,0.39508072,0.38723335,0.31353903,0.6112057,0.0871224,0.76787657,0.719664,0.6674136,0.31497395,0.23080991,0.46395573,0.919164,0.40972653,0.6686016,0.5929974,0.57218844,0.57449216,0.1132474,0.0997396,0.63209593,0.47068486,0.23278907,0.5820526,0.41170573,0.5965599,0.22764322,0.77310157,0.5779953,0.43535677,0.6622682,0.47108072,0.609751,0.3440182,0.7940807,0.86581564,0.70541406,0.38399738,0.63416404,0.13506772,0.62662196,0.69908077,0.75982237,0.33016405,0.60672283,0.76162237,0.45801824,0.7073536,0.88046235,0.7627525,0.76320565,0.7430182,0.34283072,0.660289,0.16351824,0.3222474,0.6820599,0.3630182,0.66305983,0.5106641,0.50749743,0.6781015,0.6688589,0.83788025,0.46791404,0.55469257,0.6047932,0.5509401,0.5447057,0.7347057,0.2818724,0.3674852,0.37964323,0.23265053,0.528625,0.62260574,0.7157057,0.5580453,0.2616849,0.6594974,0.17222658,0.5059141,0.64445573,0.5238255,0.7966932,0.63108647,0.6618724,0.72797656,0.37449735,0.7474516,0.34560153,0.7161031,0.47068486,0.56054896,0.7881432,0.6705807,0.18370575,0.60408074,0.50047135,0.59141403,0.47266403,0.1631224,0.6796156,0.6127891,0.0883099,0.6179348,0.59765834,0.57158273,0.6978932,0.6203098,0.56963336,0.63106865,0.33333072,0.44337237,0.64603907,0.49522656,0.44231552,0.40141407,0.32778904,0.5850807,0.96400404,0.1749974,0.26920572,0.2953307,0.29374737,0.48814115,0.29058072,0.7848578,0.33105466,0.09820573,0.41883075,0.46505812,0.57874733,0.18370573,0.6194588,0.50076824,0.39058802,0.5047266,0.68793005,0.3854026,0.85022867,0.38399735,0.4326849,0.7541015,0.7786501,0.49483073,0.74024737,0.5051224,0.15480989
BC2026_Train_0004_S08_20250607_070007_15,0.70253843,0.9679166,0.73669636,0.124101095,0.39111048,0.7480105,0.11451764,0.31921887,0.37221107,0.11406343,0.09059546,0.7768527,0.28924045,0.39833525,0.38925087,0.17168008,0.23596361,0.6857094,0.2120696,0.77538496,0.23538616,0.1901157,0.32214257,0.17931984,0.09951984,0.3184355,0.29401633,0.10693867,0.844772,0.051363673,0.8100932,0.7562093,0.96043956,0.63643014,0.7006937,0.68521667,0.78480834,0.88276815,0.94015115,0.7134791,0.90468174,0.94015115,0.7855653,0.7562093,0.92040104,0.92040104,0.9214104,0.9553928,0.9100886,0.89829576,0.7855653,0.7855653,0.7855653,0.81037915,0.7827896,0.3374699,0.2070449,0.08099485,0.3632636,0.59436,0.2038328,0.23097609,0.32725266,0.10619954,0.058194846,0.4119511,0.6693614,0.16311905,0.6208491,0.39550117,0.28470743,0.3724134,0.74717414,0.6690366,0.6393492,0.26210022,0.3321825,0.7673616,0.7656002,0.7447498,0.6659195,0.84439087,0.48022413,0.63262,0.74226576,0.46597418,0.23164083,0.30542418,0.38878664,0.56493247,0.07172418,0.79249704,0.78323466,0.7697614,0.2443669,0.15564083,0.46676588,0.9017866,0.3040783,0.7074325,0.6856616,0.6402042,0.7418898,0.14812,0.17108825,0.6356779,0.47428665,0.40501583,0.45074105,0.42045334,0.62034917,0.33376586,0.7719533,0.42698458,0.28116947,0.6543909,0.5150575,0.7816612,0.5217867,0.5669117,0.88767725,0.75730747,0.35949498,0.56453663,0.13979761,0.6871525,0.596995,0.78835475,0.34801584,0.8378497,0.80045336,0.1991825,0.78679705,0.78190565,0.5651591,0.7980388,0.88912,0.32228667,0.69634914,0.23322417,0.26607835,0.7778908,0.38759917,0.6999116,0.4960575,0.5673075,0.74068254,0.74465424,0.8570724,0.47586998,0.75056255,0.71036166,0.45769134,0.5095158,0.7636409,0.3321825,0.58298254,0.31793252,0.26930436,0.5276648,0.6562314,0.69278663,0.4678445,0.497245,0.67378664,0.4746825,0.7094117,0.7267888,0.5063888,0.76144403,0.52229136,0.65241164,0.7126377,0.26212,0.74804497,0.7331617,0.7892844,0.39393252,0.52347887,0.6037242,0.7529533,0.17187001,0.61797416,0.37727782,0.948594,0.5498908,0.113682516,0.66610754,0.5831408,0.16751584,0.5463283,0.58600867,0.709388,0.6567659,0.6488491,0.55611527,0.5981469,0.3373283,0.52376586,0.6250991,0.55503666,0.58468854,0.56414086,0.2965575,0.7200992,0.9655159,0.26489085,0.14337,0.3123908,0.24826582,0.62426394,0.33020332,0.77616894,0.35350803,0.13822417,0.5585873,0.50357836,0.6195575,0.08241168,0.54984134,0.4414325,0.54609084,0.32386997,0.6516437,0.37461585,0.82529783,0.4501408,0.69318247,0.6480575,0.7963901,0.4311408,0.68012,0.62826574,0.2514325
BC2026_Train_0004_S08_20250607_070007_20,0.7541237,0.99,0.84793156,0.12280616,0.38340303,0.8235122,0.14942726,0.30870667,0.3541285,0.12535366,0.1282304,0.8687079,0.31385446,0.38905674,0.4335702,0.20328124,0.3169624,0.7104207,0.26618865,0.7319815,0.2825405,0.19972128,0.4960403,0.17161241,0.10606241,0.3246218,0.36528596,0.24846534,0.93806636,0.13446535,0.80421406,0.7197462,0.94685555,0.6474076,0.7971316,0.7465416,0.76213986,0.9045122,0.8926353,0.7412795,0.90629214,0.8926353,0.78755933,0.7197462,0.9101815,0.9101815,0.9155649,0.95223886,0.9199557,0.91388255,0.78755933,0.78755933,0.78755933,0.7473358,0.79309404,0.35090235,0.22530912,0.085043654,0.43545118,0.35505447,0.16519101,0.30449364,0.37350821,0.12611039,0.08183741,0.27813116,0.7488957,0.24208789,0.6596174,0.6410132,0.34500912,0.4786237,0.79059815,0.7169534,0.7403551,0.43630755,0.4248283,0.77484405,0.82212627,0.8357766,0.8322458,0.6662867,0.53605753,0.57089084,0.8527836,0.5803909,0.44937003,0.3895002,0.29420334,0.6528284,0.117661685,0.9084378,0.89104086,0.88492966,0.27824134,0.106182516,0.5942451,0.9326825,0.34962004,0.6698492,0.5910784,0.6129917,0.6381825,0.18416168,0.12778513,0.79140764,0.42522418,0.34645337,0.5647307,0.5309117,0.6350159,0.3531825,0.75693256,0.53122836,0.5632216,0.6955784,0.59820336,0.5667445,0.42839086,0.6920159,0.8895837,0.7905783,0.41097414,0.5962242,0.25597575,0.744537,0.7165575,0.8692211,0.43274498,0.5556414,0.84362,0.2577867,0.82365024,0.8617295,0.5165568,0.8059169,0.69676584,0.3052867,0.67499506,0.24116167,0.37218255,0.7347658,0.4940992,0.75653666,0.43274504,0.60137004,0.8123492,0.8448322,0.86860466,0.6662867,0.7206584,0.69670653,0.46024555,0.6852867,0.74189085,0.36505753,0.4848169,0.39514083,0.27172,0.6715612,0.6367773,0.6603492,0.5261677,0.32468253,0.7727659,0.3254742,0.58434916,0.75370646,0.55545336,0.91784674,0.77209496,0.7466408,0.7525388,0.33853668,0.80370027,0.58593255,0.8104155,0.41612,0.6239524,0.7775158,0.86024505,0.2019742,0.60137,0.4982654,0.901293,0.6354117,0.22216167,0.68894815,0.65757835,0.21028668,0.48816168,0.61309904,0.5513762,0.7003284,0.6781616,0.6017461,0.6288053,0.4513492,0.6065158,0.60493255,0.65916175,0.5208021,0.37455755,0.6144326,0.69557834,0.97681,0.31439084,0.17426586,0.3017242,0.27441168,0.6338086,0.38287002,0.8110627,0.46733093,0.103807524,0.46692526,0.487845,0.70389086,0.15882836,0.59208184,0.513495,0.4518242,0.48578668,0.68667614,0.29157108,0.8155055,0.41374505,0.6144325,0.7185367,0.82233024,0.58830756,0.7426825,0.71576583,0.18257836
BC2026_Train_0004_S08_20250607_070007_25,0.741541,0.9879167,0.82978296,0.09311202,0.39574638,0.89642495,0.14805105,0.316112,0.44026512,0.14547715,0.13836105,0.8487761,0.34185106,0.42614222,0.53274906,0.23824708,0.28798077,0.7920548,0.42962652,0.80881506,0.27579778,0.24142855,0.32631186,0.19001201,0.12125577,0.32734638,0.42932174,0.19393943,0.961678,0.16757695,0.8125483,0.8138941,0.9451128,0.6221129,0.7778931,0.7568845,0.7957254,0.9256151,0.9103569,0.868064,0.90963674,0.9103569,0.7910149,0.8138941,0.89296186,0.89296186,0.89464414,0.9434306,0.927617,0.92511046,0.7910149,0.7910149,0.7910149,0.7603972,0.8011088,0.36618537,0.27302694,0.08990577,0.44195202,0.3355134,0.24376124,0.4539933,0.31876075,0.12253828,0.12125577,0.40483075,0.7865526,0.32610482,0.5557311,0.760377,0.43155816,0.3373952,0.82033384,0.7040776,0.82678586,0.43187287,0.4028484,0.7655307,0.66014004,0.8964581,0.8303805,0.7159526,0.52793163,0.77641606,0.9194306,0.6854734,0.36366087,0.29676506,0.34743172,0.6918067,0.19622338,0.7036817,0.94155777,0.85773337,0.27673587,0.28489006,0.80184835,0.9443484,0.67597336,0.7024942,0.64707756,0.58101296,0.5365114,0.22828588,0.09266348,0.9279134,0.48399425,0.60670257,0.66687274,0.49111924,0.7088275,0.4246192,0.49824423,0.3755359,0.44333225,0.7056609,0.57028586,0.6456526,0.45945257,0.8956609,0.9171744,0.79947335,0.50259835,0.6466817,0.21547079,0.8057607,0.91782755,0.9181457,0.39572337,0.58912754,0.84103584,0.3822651,0.86387545,0.926043,0.6762966,0.83325773,0.7598901,0.22076502,0.77730674,0.27816087,0.58968174,0.8758692,0.4159109,0.7400984,0.5540567,0.62095255,0.7678067,0.95402306,0.885471,0.7108067,0.65772545,0.8911074,0.41821662,0.51289004,0.71278584,0.33951503,0.52967334,0.43214002,0.22407027,0.6643359,0.7415432,0.6102651,0.6087357,0.3909734,0.76464003,0.44639003,0.7294109,0.79185355,0.4747911,0.957031,0.9435251,0.79472333,0.72109836,0.4448067,0.8796509,0.34782752,0.85907257,0.40047336,0.5819828,0.74564004,0.76939005,0.22709836,0.7214942,0.38154268,0.73139006,0.8469733,0.22195254,0.6870568,0.5402025,0.22076504,0.5880984,0.69443905,0.6099682,0.90357757,0.63559836,0.5126723,0.6590714,0.35732755,0.7891817,0.65499425,0.5283275,0.4582057,0.66132754,0.6363901,0.63955665,0.92269635,0.26866087,0.18078586,0.26232755,0.2464942,0.46192652,0.39968172,0.89473075,0.46251038,0.10953587,0.37612963,0.5993203,0.7777025,0.123785876,0.6848555,0.63678586,0.5118015,0.56672335,0.8081224,0.2069109,0.87711465,0.44361922,0.7959109,0.81095254,0.8021489,0.6918067,0.91347337,0.67399424,0.17247337
BC2026_Train_0004_S08_20250607_070007_30,0.6777108,0.97,0.67648876,0.076145865,0.34707397,0.72210616,0.10555265,0.22122702,0.23909296,0.10085905,0.09101764,0.62602013,0.25877577,0.40746906,0.42382094,0.19504608,0.18302086,0.6727854,0.28105566,0.76296496,0.24411255,0.20096177,0.44298157,0.14312087,0.08790211,0.32142398,0.35674798,0.09853007,0.8861196,0.071098834,0.7917019,0.64769775,0.94108945,0.51782477,0.68201643,0.63323003,0.74863523,0.887744,0.88170457,0.7271019,0.89215493,0.88170457,0.70792377,0.64769775,0.8855738,0.8855738,0.8966769,0.9323415,0.89311045,0.8922525,0.70792377,0.70792377,0.70792377,0.7375321,0.78800094,0.3366109,0.26026756,0.08077711,0.34577373,0.2953554,0.1742304,0.2311146,0.2702576,0.071915396,0.05975837,0.36542085,0.70296776,0.20336108,0.6896675,0.49432385,0.34469882,0.33927324,0.8437651,0.63423073,0.80720985,0.5577459,0.2760015,0.82595265,0.9313432,0.84906876,0.6868963,0.6785641,0.56337655,0.6088973,0.78074837,0.6377932,0.49608484,0.35575202,0.37852234,0.64531404,0.089959845,0.6385849,0.843864,0.69712025,0.39066455,0.15566817,0.5736682,0.9267515,0.39752236,0.7612932,0.6433349,0.51846135,0.5836531,0.23879316,0.10948433,0.90447754,0.507564,0.30964732,0.6381291,0.62631404,0.67025155,0.3021265,0.8056265,0.5746775,0.40648797,0.76683486,0.6033557,0.7351682,0.58989733,0.9055151,0.91399586,0.87111723,0.45214733,0.5843557,0.17374785,0.72475284,0.70429325,0.93308985,0.43235564,0.76208484,0.802064,0.51508486,0.75511825,0.9098514,0.5686827,0.79183173,0.86777234,0.48579314,0.82708067,0.16318901,0.59504324,0.6940015,0.5412099,0.75693905,0.40266815,0.68212646,0.70468897,0.9425062,0.82667345,0.747439,0.59147274,0.7241838,0.4363536,0.62077236,0.74862653,0.36427233,0.5034572,0.36704317,0.24344423,0.6224844,0.6485401,0.73033905,0.54580206,0.44383484,0.72764736,0.379314,0.6607515,0.77328694,0.52353585,0.93652076,0.9256913,0.7430849,0.5910849,0.3638765,0.7746526,0.555064,0.8130732,0.47629315,0.62337494,0.7874182,0.74427235,0.15289734,0.63066816,0.40539944,0.72962654,0.6662932,0.17427234,0.6898553,0.552689,0.27402234,0.7415015,0.61690307,0.67692125,0.91093796,0.6449182,0.50931555,0.6442967,0.3710015,0.60256404,0.64293903,0.6591682,0.37008318,0.41295984,0.4402723,0.70904315,0.97692746,0.26333484,0.11331402,0.2613557,0.23285566,0.57968485,0.4810432,0.86403173,0.42734838,0.09233484,0.45014837,0.6091052,0.71735567,0.14933485,0.69160676,0.5613973,0.36708277,0.5748557,0.75431865,0.27406192,0.8972571,0.5542724,0.72527236,0.8867922,0.8022185,0.47748068,0.8513849,0.6651057,0.4066265
BC2026_Train_0004_S08_20250607_070007_35,0.69711435,0.9664167,0.5750497,0.123071365,0.34590572,0.7325627,0.12947792,0.2454551,0.2542367,0.09208059,0.10858387,0.63276917,0.2354623,0.36536768,0.40079674,0.26559097,0.18862136,0.4875151,0.35247335,0.7588814,0.27101678,0.18850039,0.51186436,0.11380887,0.105615124,0.32453075,0.27982312,0.12404805,0.85984284,0.0666918,0.8140777,0.61724955,0.9476517,0.49814337,0.65661514,0.59437037,0.7289537,0.8471683,0.8687354,0.62566096,0.896012,0.8687354,0.6956443,0.61724955,0.892809,0.892809,0.88641626,0.9385673,0.88643306,0.868197,0.6956443,0.6956443,0.6956443,0.7599214,0.76932865,0.33993146,0.23484182,0.078540124,0.35303074,0.4564412,0.20722651,0.2132026,0.33379322,0.109712,0.057521373,0.2808901,0.65196407,0.16369575,0.47067925,0.6041543,0.2818668,0.39905187,0.8170502,0.6567575,0.47269502,0.29805335,0.26567417,0.76864576,0.7680856,0.86115605,0.64857364,0.58431995,0.53404915,0.58471584,0.8029387,0.6765492,0.45329916,0.3193789,0.31832,0.6310283,0.098632514,0.72286165,0.7528064,0.7396189,0.44207734,0.23202837,0.54632,0.9290908,0.3464242,0.6100491,0.57679915,0.71307665,0.56183666,0.19165336,0.15707731,0.82441276,0.55542415,0.48219505,0.46491688,0.5356325,0.69990337,0.29140335,0.6915908,0.65319496,0.4020289,0.7212783,0.6377575,0.59564084,0.31832004,0.70742416,0.893069,0.8348825,0.38957003,0.5380075,0.2048544,0.6066183,0.7145491,0.8736638,0.42598668,0.6790825,0.59817415,0.16275753,0.882145,0.79410875,0.52590096,0.7537366,0.79688245,0.5403825,0.8017117,0.19244501,0.6345908,0.6832783,0.5443408,0.7323617,0.28625754,0.6844658,0.65517414,0.7132231,0.83083946,0.39986166,0.68144965,0.695757,0.6618242,0.4675492,0.7739242,0.4453825,0.52779204,0.34286168,0.26523876,0.70518774,0.68513876,0.7460773,0.6205883,0.58907,0.653195,0.43390337,0.55423665,0.7479377,0.48631173,0.81990415,0.701269,0.66704917,0.773271,0.42044502,0.7788622,0.6084658,0.7516655,0.46240333,0.682556,0.7434449,0.74107,0.2965492,0.61598665,0.46802416,0.66546583,0.61202836,0.15563251,0.7396153,0.6678408,0.34009087,0.7018825,0.57588977,0.5354939,0.82191896,0.7470075,0.6250216,0.6585704,0.42044502,0.50792414,0.52138245,0.7382793,0.56436205,0.50594497,0.45290336,0.7257513,0.9123669,0.23163253,0.16632004,0.24786168,0.26211166,0.56880337,0.5502783,0.7994554,0.3592987,0.09863252,0.5603919,0.36225456,0.71415335,0.25182003,0.56479555,0.45409083,0.42305753,0.45290336,0.7043287,0.31570753,0.8001981,0.43192416,0.5692783,0.7390908,0.7449858,0.42202833,0.93067425,0.6369658,0.35790336
BC2026_Train_0004_S08_20250607_070007_40,0.7505438,0.9390417,0.6486312,0.07853718,0.3858028,0.7757066,0.098219,0.21419619,0.24720275,0.09413103,0.09216275,0.6032093,0.24841401,0.38571733,0.44839948,0.25899026,0.28444967,0.63266426,0.21846996,0.6811675,0.2708565,0.18622044,0.37964797,0.12841216,0.13981217,0.32702154,0.34620026,0.16440144,0.9380973,0.043988932,0.7896004,0.6755409,0.9262024,0.55071485,0.66511077,0.65165234,0.7364399,0.8736644,0.8943903,0.6082493,0.8909685,0.8943903,0.6826066,0.6755409,0.88212633,0.88212633,0.86160237,0.92485654,0.8852554,0.86816335,0.6826066,0.6826066,0.6826066,0.7445149,0.7734503,0.3657317,0.2605889,0.08530593,0.38696063,0.338662,0.20057952,0.18327467,0.29926968,0.08366718,0.08494968,0.3232809,0.7806861,0.18664025,0.77453893,0.5627681,0.32613894,0.3460021,0.8039734,0.79795676,0.52364427,0.35538542,0.35858178,0.83577466,0.7519015,0.7786316,0.76703227,0.7092901,0.48524842,0.58856094,0.88547546,0.42587343,0.45793593,0.31154686,0.44249845,0.6891026,0.07951927,0.64793587,0.7834495,0.83071125,0.18552344,0.22479008,0.5438317,0.86999846,0.43972757,0.68474835,0.57787335,0.6539962,0.7318823,0.1820401,0.1986552,0.7053545,0.56401926,0.3946026,0.59088993,0.51374847,0.79320675,0.31820676,0.69187343,0.5418328,0.50811774,0.7658943,0.5937067,0.8312365,0.53908175,0.8422505,0.8569859,0.81208795,0.40014425,0.64793587,0.17611249,0.5844665,0.68356085,0.9004093,0.3993526,0.8719479,0.65031093,0.1642276,0.78204423,0.8090105,0.53318185,0.75283176,0.7801443,0.5632276,0.8493952,0.21251926,0.4955401,0.80935675,0.5248318,0.90566295,0.2627901,0.52364427,0.65466505,0.8326184,0.86995566,0.41360262,0.55575025,0.7222042,0.63103384,0.4789151,0.7856859,0.5434359,0.69695204,0.42151928,0.2775547,0.48968178,0.64698595,0.81458175,0.52394956,0.6305192,0.7274984,0.16383177,0.71958166,0.7592047,0.5707682,0.77879846,0.7639319,0.79320675,0.8127807,0.27426925,0.70706356,0.52522755,0.762369,0.5184984,0.6499646,0.85258174,0.6918734,0.30870676,0.57470673,0.49779636,0.8889984,0.58974844,0.13889426,0.73851246,0.61864424,0.5834151,0.6317068,0.56303906,0.66210675,0.83821297,0.73699844,0.6550115,0.74450344,0.36649844,0.7092901,0.72670674,0.6016234,0.39795136,0.37124842,0.4947484,0.780362,0.9268243,0.34037346,0.09574844,0.3419568,0.31147763,0.5668891,0.41874844,0.79378074,0.34560832,0.11791511,0.73579115,0.6444645,0.8992901,0.25764427,0.69469374,0.56639427,0.60676926,0.38589427,0.74181175,0.28697553,0.8478209,0.46387345,0.68751925,0.8367484,0.7694093,0.4880193,0.8260807,0.6586234,0.36095676
BC2026_Train_0004_S08_20250607_070007_45,0.7757717,0.9673959,0.5840087,0.09420711,0.37511024,0.71771497,0.09082802,0.21922052,0.22285426,0.09097942,0.1096024,0.5887191,0.2476849,0.36385626,0.39928538,0.17323583,0.19431335,0.5856738,0.28142613,0.68595004,0.27294737,0.19648722,0.23862585,0.15904461,0.1533446,0.31846648,0.27982584,0.11375248,0.864866,0.038939975,0.80495936,0.70200306,0.9429072,0.5135864,0.6599458,0.63101035,0.7460791,0.8663461,0.8960217,0.63168323,0.9047798,0.8960217,0.7161343,0.70200306,0.9045509,0.9045509,0.9146448,0.9509823,0.9070576,0.8858103,0.7161343,0.7161343,0.7161343,0.7554999,0.78779995,0.3447791,0.24413998,0.09064461,0.3301337,0.29970104,0.17736478,0.19431336,0.30276477,0.09049322,0.084232114,0.2659196,0.62874043,0.090070985,0.6361733,0.5570067,0.32180247,0.45831335,0.77132493,0.810077,0.641452,0.4674536,0.36278534,0.83637625,0.772176,0.73568016,0.7051119,0.6659937,0.5187437,0.6549103,0.7715031,0.5353687,0.45778537,0.39882255,0.41582704,0.577327,0.0912437,0.72616035,0.82214993,0.7918816,0.24058172,0.12845203,0.5797021,0.85441035,0.40593123,0.71151453,0.63393116,0.62464887,0.5949713,0.3323695,0.11237131,0.71884733,0.50488955,0.27016038,0.5514079,0.58999366,0.67193115,0.28678536,0.71824366,0.64972496,0.3448937,0.7574312,0.68382597,0.774749,0.4356187,0.78791034,0.8741808,0.83934885,0.44353533,0.6501604,0.1140536,0.6496982,0.51834786,0.8877871,0.40078533,0.7915718,0.59909785,0.11697287,0.7368281,0.8513021,0.5859037,0.76186454,0.8721239,0.43997282,0.8257521,0.21276453,0.4593687,0.84983855,0.47441036,0.71824366,0.28559786,0.6113687,0.6458062,0.6972962,0.85483295,0.3524937,0.63810724,0.78476346,0.51864475,0.48509783,0.78157705,0.32676452,0.6899832,0.37426454,0.28953642,0.4750932,0.6895853,0.803803,0.51159894,0.54249364,0.74128115,0.43007702,0.50884783,0.7648135,0.43977493,0.7841421,0.6539109,0.70082706,0.7110594,0.24680619,0.76255715,0.69449365,0.78801626,0.44511873,0.6662213,0.650952,0.67232704,0.18070205,0.60463953,0.38742602,0.888452,0.596327,0.19851454,0.7489242,0.551202,0.31963956,0.6260145,0.5552015,0.7030437,0.8310562,0.6588687,0.6329119,0.7037166,0.36951452,0.5151812,0.7324937,0.6506155,0.5041968,0.33428538,0.6006812,0.80495095,0.93256366,0.29984784,0.122118704,0.2551187,0.19534786,0.68151045,0.46016037,0.80722696,0.40680206,0.09441037,0.5940312,0.6014946,0.6545145,0.2171187,0.58768797,0.603452,0.50908536,0.501327,0.74846554,0.34673434,0.8459317,0.46609783,0.6062228,0.729327,0.7893097,0.51003534,0.7890979,0.54328537,0.20841037
BC2026_Train_0004_S08_20250607_070007_50,0.75796986,0.95489585,0.5632242,0.11984334,0.5559725,0.71477926,0.12034407,0.22542001,0.27568686,0.10111547,0.09733032,0.5941784,0.27023622,0.4101372,0.41558784,0.20134799,0.19358706,0.7869413,0.17118712,0.78451705,0.19420087,0.24643603,0.35303232,0.22137459,0.15796208,0.32130268,0.319142,0.069234505,0.8219511,0.0763595,0.826687,0.72754955,0.94591105,0.4987579,0.6700152,0.6158453,0.78239226,0.82074845,0.9210131,0.66261315,0.9008795,0.9210131,0.74740064,0.72754955,0.906209,0.906209,0.8789557,0.9388455,0.89155614,0.8638824,0.74740064,0.74740064,0.74740064,0.77599955,0.7632141,0.34472972,0.20567824,0.11699334,0.32625458,0.462066,0.27462506,0.24381831,0.2919655,0.110883646,0.13302459,0.28692457,0.75218713,0.13291079,0.44222826,0.56909275,0.312197,0.4266573,0.8738226,0.6158184,0.44996423,0.3396257,0.37436005,0.84363633,0.75560695,0.79263276,0.78024757,0.7345684,0.5275476,0.87309027,0.8861132,0.43056843,0.50973505,0.36487937,0.53704756,0.7029017,0.051755905,0.6870684,0.954058,0.8306592,0.2417955,0.12458923,0.5746517,0.88538086,0.44719338,0.8240267,0.73021424,0.7435855,0.36317778,0.22665091,0.13985851,0.7301549,0.57900584,0.22077674,0.58723927,0.5279434,0.7618809,0.25046423,0.53902674,0.63034546,0.72267365,0.72348505,0.7269289,0.66039914,0.46579754,0.71121424,0.8734689,0.9247861,0.41790172,0.72586,0.14692414,0.69796425,0.5801934,0.8989496,0.40127674,0.68563354,0.64906836,0.30627674,0.8108059,0.783626,0.601888,0.78800595,0.88975483,0.3854434,0.73900175,0.17921424,0.37554756,0.89792883,0.38623506,0.80106837,0.33398506,0.7029018,0.8148632,0.7702726,0.9148008,0.5932559,0.735847,0.7817517,0.51685023,0.5129017,0.7575267,0.49231842,0.6969068,0.47292256,0.2977465,0.60113305,0.8323788,0.87431735,0.60214686,0.4772767,0.7262559,0.1135059,0.5224017,0.75572574,0.5970361,0.91348505,0.64873195,0.70329756,0.67479753,0.32408923,0.7736767,0.71952677,0.8663112,0.50340176,0.66977054,0.69419336,0.7713809,0.2227559,0.7005267,0.4270158,0.6589642,0.7575267,0.17090173,0.8226815,0.6063184,0.31023508,0.5706934,0.6072461,0.78422576,0.7694017,0.7357559,0.617283,0.75199693,0.37158924,0.66965175,0.50815177,0.7160632,0.4269782,0.30033922,0.7872143,0.77617055,0.82391596,0.33042255,0.0956934,0.4151309,0.44323507,0.66882056,0.5564434,0.93883824,0.51608825,0.08104757,0.47199237,0.46845165,0.57623506,0.29954755,0.65643096,0.43611008,0.54051113,0.6455059,0.6981636,0.31120488,0.9147799,0.5449642,0.82244337,0.6514434,0.84952134,0.78404754,0.90881425,0.6419434,0.22948508
BC2026_Train_0004_S08_20250607_070007_55,0.74335235,0.9377917,0.64838946,0.10934128,0.6094767,0.8548791,0.14151494,0.35408935,0.34318808,0.11108229,0.15998651,0.6164259,0.34076557,0.5563984,0.54327655,0.30257428,0.40752253,0.9149413,0.30572036,0.8508502,0.3908107,0.37188488,0.27706066,0.35052252,0.21764128,0.33360067,0.36616486,0.1531853,0.85830295,0.11292903,0.7865169,0.76094604,0.9281658,0.5139857,0.6929815,0.6478961,0.80199397,0.8891367,0.85717314,0.745469,0.8844263,0.85717314,0.7986967,0.76094604,0.9099971,0.9099971,0.8652481,0.9274929,0.8978173,0.888447,0.7986967,0.7986967,0.7986967,0.72528154,0.78046066,0.384485,0.22906654,0.1955538,0.39086983,0.77229583,0.36528215,0.39790377,0.40463692,0.21447065,0.23296005,0.39362875,0.80699754,0.28989306,0.5883644,0.63467693,0.33024153,0.46389398,0.94871444,0.8382571,0.6205487,0.32082373,0.4075904,0.83269966,0.5694862,0.9090345,0.8205982,0.76027787,0.58334035,0.9174435,0.873506,0.66686124,0.41946536,0.43794435,0.6811112,0.84854865,0.14475706,0.5322779,0.89288205,0.8945756,0.29796433,0.2342154,0.68427795,0.89050704,0.6795279,0.7068404,0.6462779,0.89688957,0.5576904,0.16019455,0.10731122,0.7754482,0.6284654,0.35494456,0.53866076,0.59481955,0.5413821,0.27775705,0.4044237,0.6589842,0.7061778,0.7737362,0.7890352,0.62709975,0.61975706,0.87625706,0.8934709,0.91394037,0.50813204,0.6534029,0.17191122,0.88465565,0.9106946,0.9168167,0.54217374,0.5981643,0.56988204,0.26073623,0.8545456,0.82255936,0.5799729,0.9399665,0.9162758,0.36246538,0.80005914,0.26390287,0.60590285,0.8404342,0.6272779,0.84634787,0.3137779,0.94196546,0.84172064,0.5975409,0.94763845,0.6727987,0.7628781,0.73319304,0.58407265,0.3937362,0.86794454,0.47131956,0.68839264,0.70327795,0.38932267,0.5718415,0.7695207,0.96486443,0.7275994,0.7175279,0.7626529,0.49269453,0.6609237,0.78812474,0.5489623,0.89813876,0.7993368,0.8434029,0.6640904,0.38384035,0.8479253,0.546132,0.9394647,0.5833404,0.66686124,0.7879862,0.79431957,0.27617374,0.71911126,0.5161081,0.75117373,0.72861123,0.16969457,0.8761646,0.62411124,0.10834038,0.64588207,0.6332204,0.75859565,0.7068404,0.82756954,0.70723623,0.76220524,0.43846536,0.8291529,0.7567154,0.78654146,0.5031323,0.34109038,0.6272779,0.81225085,0.8847675,0.2900279,0.102402896,0.379882,0.34425706,0.6721259,0.4974445,0.9588082,0.6044597,0.11823623,0.47327888,0.50636864,0.68388206,0.26706955,0.61167103,0.46894452,0.5341582,0.71831954,0.772299,0.39840707,0.8675423,0.63994455,0.78402793,0.77136123,0.8386589,0.6395487,0.91724557,0.6795279,0.26786122
BC2026_Train_0004_S08_20250607_070007_60,0.7723816,0.91697925,0.7478786,0.14968604,0.61645275,0.8512969,0.23292913,0.6492964,0.39008886,0.14284243,0.19326068,0.632137,0.41158852,0.6014944,0.64237404,0.3374755,0.5790464,0.8181298,0.3384644,0.8345554,0.40084377,0.3767702,0.79059,0.38552353,0.22984229,0.4320142,0.38622832,0.21952707,0.826676,0.14934583,0.78895175,0.70180905,0.92319864,0.504981,0.7182956,0.63451743,0.76708204,0.8350466,0.8535518,0.7007997,0.87024015,0.8535518,0.79536134,0.70180905,0.9168059,0.9168059,0.8555705,0.92084336,0.8788198,0.84244865,0.79536134,0.79536134,0.79536134,0.722333,0.7953445,0.44785064,0.22843334,0.20953603,0.48763075,0.5417838,0.37967813,0.70215064,0.4038348,0.2802873,0.29895478,0.47351727,0.7464444,0.25276336,0.4368396,0.5616063,0.38660833,0.5598191,0.9543803,0.6985927,0.4963219,0.30485728,0.40369686,0.8263083,0.6487177,0.8490895,0.8085319,0.84148854,0.666926,0.9581407,0.9215459,0.8248635,0.5109677,0.52715683,0.6728635,0.82328016,0.28059274,0.80111355,0.94828427,0.89426416,0.5807927,0.62338436,0.66573846,0.8272385,0.46307185,0.67761356,0.633676,0.9270408,0.48116148,0.23032188,0.22478019,0.77771986,0.6736552,0.6112402,0.5811094,0.7476761,0.6130927,0.38311353,0.5537177,0.64149374,0.6468375,0.8483761,0.69898856,0.754712,0.6578219,0.7445094,0.85950494,0.8351354,0.5889468,0.6704885,0.3055302,0.90283877,0.81821346,0.86445045,0.47692603,0.5518276,0.7805302,0.3827177,0.8286833,0.84487,0.5639272,0.9718761,0.8377677,0.48088437,0.82209265,0.2900927,0.75955105,0.7930781,0.7805302,0.92873013,0.26673853,0.93063027,0.9301948,0.680701,0.9365569,0.76333517,0.8237817,0.8380745,0.6373177,0.64119685,0.89175934,0.58063436,0.59045106,0.73936355,0.3865969,0.860726,0.7166625,0.9658198,0.6333187,0.8034886,0.78805095,0.26673853,0.5588635,0.9167167,0.5977542,0.8927094,0.687549,0.77419686,0.74134266,0.63565516,0.8666734,0.7152177,0.9664967,0.602801,0.7113583,0.7860719,0.9433958,0.33205104,0.7393635,0.6427011,0.7243219,0.6554468,0.31463435,0.9169943,0.86064684,0.13017604,0.71125937,0.6025181,0.8538187,0.72036356,0.94549376,0.8964104,0.7837432,0.49909267,0.8660302,0.7781552,0.8524334,0.73226506,0.57430106,0.5477802,0.8698897,0.9110365,0.36688438,0.23428021,0.47613436,0.38588437,0.71788955,0.4749469,0.9270282,0.6434729,0.12819687,0.44569477,0.50801873,0.8494052,0.2639677,0.647126,0.583801,0.39419687,0.771426,0.7877807,0.41183126,0.8037027,0.6645511,0.823676,0.80754185,0.8602966,0.8066552,0.9368052,0.709676,0.29207185
BC2026_Train_0005_S08_20250607_070007_5,0.6244469,0.91331255,0.7148412,0.26336002,0.5865579,0.6489991,0.29706088,0.28858218,0.2834344,0.20455168,0.2044003,0.7531975,0.70811206,0.58816046,0.59623545,0.3524041,0.37736,0.7803183,0.15293065,0.5321865,0.36762473,0.35051584,0.5670511,0.42011,0.18213499,0.45520058,0.62836725,0.37884283,0.8769397,0.26591158,0.7881567,0.6653493,0.8812378,0.5536452,0.81810147,0.67207855,0.704042,0.8026412,0.7436902,0.68452746,0.8423264,0.7436902,0.7834462,0.6653493,0.93821704,0.93821704,0.84871906,0.8837445,0.8527566,0.79555875,0.7834462,0.7834462,0.7834462,0.70614153,0.7942129,0.48458174,0.29298657,0.153635,0.5825521,0.63251615,0.26261386,0.39659747,0.32717326,0.21059048,0.30361623,0.46107873,0.60852665,0.26587123,0.5591449,0.3970116,0.48001784,0.5326136,0.88794404,0.57001066,0.83521897,0.7809206,0.6440315,0.9053983,0.7172606,0.71717155,0.9529681,0.7315423,0.6709482,0.90963566,0.81321067,0.8296773,0.84471893,0.56188273,0.92186695,0.8835107,0.1690315,0.8213648,0.8831148,0.5269539,0.45393258,0.519344,0.78336483,0.70042986,0.7168648,0.8815314,0.78138566,0.97241455,0.55582994,0.19238566,0.12512368,0.90634185,0.79405224,0.9111399,0.92861587,0.77109396,0.85303146,0.30242732,0.9248555,0.4564065,0.7741221,0.90763676,0.666594,0.49711797,0.56526065,0.90276796,0.85840493,0.8876076,0.7631773,0.97930235,0.19275181,0.9747784,0.65669817,0.8865784,0.75288564,0.4426117,0.9181856,0.76396894,0.8530117,0.9138899,0.93579334,0.759219,0.89190227,0.53478146,0.8985523,0.07561482,0.5367607,0.81582314,0.9535732,0.97534406,0.26640648,0.9302586,0.94607204,0.5739888,0.6625466,0.6388856,0.95528877,0.87676865,0.9365167,0.81503147,0.91666174,0.854219,0.7006466,0.80355227,0.6838325,0.6995472,0.73396486,0.87056696,0.50082886,0.6650107,0.9325742,0.27669814,0.47065648,0.9601242,0.8029586,0.96796566,0.83334726,0.9393232,0.69351065,0.742594,0.9349423,0.34201065,0.98250026,0.53834397,0.949984,0.5925731,0.97720444,0.445719,0.8990472,0.9266921,0.8748023,0.80276066,0.76436484,0.93183553,0.6646148,0.12826064,0.84194815,0.798179,0.55039954,0.8415523,0.9624596,0.8648936,0.9280356,0.69865644,0.6416565,0.547844,0.5917815,0.96240485,0.8383857,0.8785034,0.9115554,0.82848984,0.71567726,0.6420523,0.7770315,0.6681773,0.7694339,0.6072189,0.9556315,0.8353575,0.09976065,0.5834128,0.6441215,0.64046896,0.7817815,0.96068984,0.66619813,0.72893775,0.97948045,0.9727005,0.5162763,0.84418464,0.79444814,0.7623223,0.966418,0.9636353,0.7912815,0.92770547,0.9364534,0.32221898
BC2026_Train_0005_S08_20250607_070007_10,0.555806,0.828625,0.7373549,0.25047952,0.60502744,0.7971734,0.32563078,0.32896173,0.29141295,0.19557282,0.20692831,0.55432147,0.6253143,0.57601565,0.6002407,0.3540877,0.39761078,0.63728786,0.14845915,0.63211805,0.41917354,0.3681496,0.6753477,0.655892,0.18849203,0.4847139,0.5839224,0.38784215,0.89953595,0.2681422,0.79665095,0.6936948,0.8773505,0.54565305,0.81582916,0.66206765,0.6899937,0.77747285,0.81255877,0.7064801,0.8504843,0.81255877,0.7889125,0.6936948,0.94906664,0.94906664,0.82962394,0.8763411,0.8501479,0.7757905,0.7889125,0.7889125,0.7889125,0.74365205,0.7973238,0.5830813,0.27241716,0.17032327,0.5907715,0.7998804,0.30081174,0.2709639,0.32776797,0.21451609,0.44606072,0.589392,0.45781702,0.31836328,0.49151093,0.4512547,0.4038734,0.6407201,0.88018286,0.49331513,0.5934609,0.69335943,0.64135677,0.83363676,0.3539818,0.69980156,0.90715593,0.7389694,0.7145859,0.65606594,0.8056276,0.8427964,0.7723776,0.5936312,0.9039328,0.8631026,0.27481514,0.7735651,0.5760443,0.46455783,0.47643283,0.5326293,0.7284401,0.7154409,0.7177526,0.6714402,0.71894014,0.9742915,0.58737504,0.22494015,0.16108233,0.7563069,0.86658597,0.81180257,0.8398811,0.79929435,0.8515443,0.37614846,0.86201406,0.39692974,0.84145355,0.9224381,0.726461,0.48282555,0.8329401,0.8059443,0.8297735,0.94747454,0.63225263,0.856611,0.17756878,0.9674578,0.697961,0.87787426,0.7672318,0.543388,0.9104443,0.78108597,0.911711,0.8588672,0.84631735,0.724941,0.8593423,0.6947943,0.85201925,0.12281513,0.44502345,0.67381513,0.9128589,0.90110266,0.2744193,0.95592564,0.9821694,0.5363284,0.6051974,0.6021693,0.9324698,0.8410384,0.92461514,0.6864818,0.84903073,0.81037754,0.75880843,0.91883594,0.6667099,0.6439891,0.6700745,0.9622193,0.47841203,0.93348175,0.8829141,0.38644013,0.555461,0.97771615,0.7185839,0.88617975,0.6594068,0.97914124,0.63462764,0.84402347,0.9552492,0.41375262,0.97231966,0.5938568,0.895406,0.61641926,0.9284745,0.49925265,0.8268442,0.89635265,0.86935675,0.79810685,0.5499193,0.90061575,0.717626,0.25462762,0.7367526,0.70864844,0.5000443,0.73200256,0.94124013,0.92348355,0.8657669,0.56377345,0.67064846,0.61998177,0.6116693,0.91319066,0.8816276,0.8206298,0.9702152,0.8072109,0.58158594,0.43631512,0.8828151,0.5285443,0.6834141,0.56377345,0.82413286,0.92896634,0.113315135,0.71369535,0.520596,0.7916943,0.76921093,0.9145244,0.67500263,0.5833276,0.87875783,0.93393326,0.53582764,0.69738793,0.89746094,0.77918595,0.916837,0.9222224,0.61166924,0.9659204,0.88736725,0.45333594
BC2026_Train_0005_S08_20250607_070007_15,0.5761601,0.8995625,0.6873448,0.2291785,0.58135146,0.47704986,0.29002106,0.19554357,0.23400074,0.18479371,0.16829044,0.6119781,0.6153426,0.5690602,0.55896646,0.34127793,0.31289724,0.6140077,0.11393832,0.4203846,0.42220142,0.28669286,0.39447263,0.37274724,0.119453505,0.38503787,0.6200336,0.3420311,0.9016009,0.17388111,0.773558,0.5895153,0.8798789,0.5605799,0.7510153,0.645031,0.6786767,0.7829789,0.7460222,0.6271987,0.84286845,0.7460222,0.7328465,0.5895153,0.92563725,0.92563725,0.8398403,0.8796433,0.8438778,0.765483,0.7328465,0.7328465,0.7328465,0.70276713,0.789708,0.44135746,0.2415686,0.13584101,0.46654588,0.61322486,0.16115949,0.19373162,0.20896134,0.15748322,0.29152226,0.348166,0.6056952,0.23672606,0.5755727,0.3698186,0.3434561,0.50886846,0.8551122,0.7745997,0.7876622,0.7170205,0.8359539,0.84685117,0.5798497,0.69631374,0.94055974,0.89849555,0.6625789,0.6253705,0.7892455,0.81922996,0.7148288,0.4951359,0.89695185,0.8688476,0.121078834,0.821308,0.8220997,0.436469,0.5197325,0.52601635,0.67762053,0.7672846,0.6138913,0.81457883,0.7555996,0.9080411,0.7732629,0.15314133,0.15327989,0.81298023,0.84070385,0.8803267,0.8853797,0.58895385,0.84941214,0.28891218,0.8553101,0.4629601,0.8115216,0.8586351,0.67643297,0.5482325,0.77618295,0.90281796,0.8370325,0.9075997,0.7342247,0.95787054,0.13241947,0.9617992,0.43299553,0.9668288,0.7955788,0.6609461,0.8915883,0.790433,0.7900372,0.88614756,0.84309775,0.8771205,0.91905904,0.46030802,0.8513913,0.07080801,0.4527872,0.7559955,0.9542289,0.89974236,0.30712053,0.9178518,0.95893925,0.6075323,0.5565846,0.43576634,0.91993487,0.78628963,0.919546,0.76074547,0.9235715,0.8462455,0.63414216,0.83318293,0.6567206,0.4978627,0.6479726,0.9097768,0.41469815,0.7116622,0.9051654,0.13176633,0.59053713,0.98334247,0.6685361,0.9413088,0.7147848,0.9563268,0.76153713,0.7267039,0.9232618,0.267933,0.9789586,0.5644122,0.9157281,0.7354121,0.9169216,0.48405802,0.8546372,0.8557535,0.82409865,0.8078497,0.69582886,0.90331036,0.52245384,0.45793304,0.81418306,0.69672936,0.51586324,0.821308,0.88282055,0.88739836,0.87685144,0.42666218,0.75084966,0.7290789,0.70216215,0.9256883,0.8019122,0.96642053,0.9198904,0.8228913,0.650308,0.6404122,0.93214136,0.481683,0.6723163,0.5917247,0.81990284,0.8755664,0.0743705,0.83953613,0.5099891,0.7297754,0.73145384,0.9718168,0.5568913,0.68603194,0.94383824,0.9367746,0.5389601,0.90281755,0.7175997,0.77539134,0.9149621,0.9699425,0.7745997,0.97239757,0.87939656,0.33759966
BC2026_Train_0005_S08_20250607_070007_20,0.6588453,0.96375,0.8408332,0.26431534,0.47966847,0.69765687,0.22474423,0.20142767,0.23625112,0.15312907,0.16448455,0.8182904,0.6460237,0.47272044,0.4581854,0.35538056,0.27607155,0.66656125,0.078951806,0.36359552,0.28486428,0.26412162,0.36711615,0.666957,0.087259114,0.33218098,0.5821535,0.6707402,0.9289226,0.21743189,0.79527676,0.63613194,0.8999153,0.59003717,0.82824963,0.6798715,0.71318084,0.8139165,0.79973143,0.7074611,0.8621647,0.79973143,0.7986413,0.63613194,0.95240283,0.95240283,0.9160653,0.90820897,0.8625684,0.85583925,0.7986413,0.7986413,0.7986413,0.7393574,0.83228713,0.38914418,0.29972565,0.11825286,0.3647521,0.53949183,0.162322,0.20304035,0.23447052,0.18692897,0.27357784,0.26787788,0.60560286,0.18961799,0.607011,0.6541152,0.38950062,0.37859535,0.78429693,0.59865105,0.8638594,0.7142048,0.70235944,0.8748042,0.5115677,0.68050945,0.9212019,0.8602969,0.6018178,0.50523436,0.7688594,0.8170521,0.83435005,0.42160022,0.8427417,0.8266708,0.08565107,0.7807344,0.7708385,0.401249,0.38458437,0.37540108,0.8112136,0.72756606,0.56856775,0.7526302,0.7700469,0.90151346,0.67349327,0.121276066,0.09359743,0.83215314,0.7383802,0.7384396,0.8239941,0.63704693,0.8610886,0.23052609,0.7083959,0.48793647,0.7530657,0.84388965,0.66198444,0.45190576,0.506026,0.89562494,0.8024558,0.90451145,0.6805886,0.9683594,0.14776722,0.9449632,0.5812344,0.9533195,0.7554011,0.5114589,0.9196917,0.5087969,0.7534219,0.8860191,0.8210154,0.66831774,0.8907959,0.5317552,0.7941927,0.06071357,0.49652606,0.65485936,0.9057782,0.9016021,0.2522969,0.84933233,0.8648886,0.4910685,0.5506365,0.5804427,0.92940587,0.73067385,0.874021,0.6861302,0.92956775,0.78865105,0.5016719,0.5911302,0.643321,0.5514677,0.6473584,0.84709585,0.33866775,0.66910934,0.8940615,0.1572969,0.35165107,0.94405526,0.564649,0.95087945,0.7016073,0.9018198,0.6710886,0.65802604,0.8631543,0.28594273,0.94874847,0.5175052,0.93679464,0.7561927,0.8425635,0.43913022,0.86114794,0.8238718,0.8982573,0.6584219,0.68850523,0.859955,0.46644273,0.23765108,0.8211094,0.7704922,0.40179363,0.7795469,0.8640375,0.79282415,0.885986,0.5056302,0.56381774,0.58875525,0.67544276,0.80303216,0.6635677,0.8845813,0.86057395,0.7419427,0.544026,0.72610945,0.7771719,0.5012761,0.67600715,0.5788594,0.7977949,0.8432365,0.0694219,0.73775405,0.545748,0.6026094,0.64377606,0.90444624,0.5424427,0.6151177,0.8939229,0.925116,0.4633157,0.88582265,0.6655469,0.7498594,0.9082719,0.9620083,0.653276,0.8522615,0.86991566,0.4874219
BC2026_Train_0005_S08_20250607_070007_25,0.639417,0.8908333,0.67600626,0.19101444,0.57038116,0.45868096,0.21203023,0.21172741,0.24382554,0.15010507,0.19900928,0.6443792,0.4000768,0.5382313,0.5594282,0.3126697,0.2683207,0.62837064,0.09733441,0.421041,0.3317113,0.40358686,0.40904197,0.29040822,0.1372207,0.33974883,0.5824756,0.28803724,0.8735143,0.116680995,0.75741976,0.5017114,0.8671052,0.51752496,0.77289695,0.57775104,0.6426875,0.82767236,0.71047705,0.5811156,0.85539657,0.71047705,0.7247833,0.5017114,0.92733127,0.92733127,0.8395157,0.8782588,0.8465813,0.8542526,0.7247833,0.7247833,0.7247833,0.68894374,0.80788857,0.39306638,0.25063094,0.1600207,0.36438352,0.42873117,0.22826931,0.15485507,0.1737007,0.18339069,0.2227207,0.24267067,0.580079,0.22474836,0.6426643,0.3735372,0.38921222,0.26852113,0.8637756,0.8612818,0.81259435,0.8195808,0.6744485,0.88409173,0.63011515,0.7103307,0.96392196,0.9147193,0.725511,0.4464485,0.73976094,0.70057344,0.7851433,0.68406224,0.7651933,0.89463073,0.12899017,0.6633652,0.65505266,0.45869955,0.6009521,0.34986517,0.83990675,0.647136,0.86278605,0.89057344,0.62655264,0.9121539,0.54435784,0.09653183,0.09361256,0.87081397,0.81338596,0.7880526,0.8343493,0.69028175,0.6958235,0.404886,0.77004224,0.41549432,0.71285176,0.85247445,0.4694068,0.5113157,0.454761,0.94847596,0.7724172,0.95760787,0.7520318,0.8509901,0.13230526,0.9488303,0.6788026,0.9227352,0.65901095,0.39860216,0.83001095,0.6645526,0.66732347,0.89651006,0.822035,0.74213594,0.6760318,0.43932348,0.73026097,0.042302664,0.39815682,0.841886,0.8699901,0.87078184,0.214886,0.82921934,0.89356196,0.53718925,0.6289475,0.62536514,0.8657564,0.77491397,0.8994298,0.6158652,0.9757767,0.8363443,0.773481,0.7520318,0.67520064,0.5440906,0.71120167,0.8955214,0.40819123,0.8189276,0.9340162,0.09574016,0.651886,0.8999745,0.7018203,0.8484568,0.68164027,0.9738371,0.7836985,0.82882345,0.9041476,0.27346933,0.94983965,0.49830267,0.8979885,0.6237818,0.85433495,0.49592766,0.90646625,0.89998496,0.9628131,0.7821151,0.6384277,0.882741,0.48999017,0.098510996,0.71680266,0.644563,0.4894756,0.86537874,0.8798464,0.9246024,0.8200653,0.48049018,0.6823651,0.67840683,0.63209426,0.75231946,0.75589114,0.813861,0.8550079,0.85811514,0.6475318,0.27149016,0.72313595,0.5964693,0.6546767,0.6285318,0.76612353,0.91481096,0.06367767,0.45010996,0.5968404,0.6126985,0.5335318,0.90785116,0.67484426,0.6863433,0.8114068,0.8344152,0.6789017,0.85679275,0.732636,0.78251094,0.9182818,0.95078075,0.55490685,0.94806826,0.8459037,0.32215685
BC2026_Train_0005_S08_20250607_070007_30,0.7737031,0.94499993,0.7792796,0.23909992,0.5641979,0.6297824,0.21275097,0.23182815,0.2748275,0.15022017,0.17156845,0.7823076,0.44076878,0.5676992,0.577793,0.42187813,0.24016868,0.6847291,0.14004092,0.6562017,0.31446093,0.3291473,0.32403648,0.42114365,0.1625062,0.3664593,0.65972054,0.49709907,0.90664804,0.21067409,0.7639402,0.6121976,0.8944861,0.5637476,0.79758614,0.6525726,0.6983309,0.8430921,0.7669684,0.62060905,0.86758626,0.7669684,0.7545194,0.6121976,0.9432727,0.9432727,0.8961684,0.8965049,0.8652142,0.8758968,0.7545194,0.7545194,0.7545194,0.7309538,0.8241663,0.40779737,0.30187404,0.13329369,0.4221412,0.47831288,0.31328014,0.18690932,0.25367057,0.17251681,0.26795617,0.2928937,0.68591666,0.2527222,0.73349077,0.4896178,0.4126678,0.42220312,0.9107194,0.5985058,0.8645256,0.66703445,0.7742558,0.8659131,0.519735,0.7005715,0.96059644,0.7604016,0.70063084,0.40415165,0.79206824,0.6305683,0.89035374,0.76850045,0.74773496,0.9355579,0.18406832,0.7148808,0.72992253,0.468623,0.5784272,0.38158914,0.8548,0.7449642,0.95659643,0.8368965,0.6281934,0.93037474,0.57787293,0.12785998,0.15073915,0.91556835,0.71844333,0.72160995,0.9005717,0.78494334,0.742985,0.30835998,0.76762563,0.39823392,0.71447515,0.90022975,0.6285891,0.4901761,0.47817248,0.98127675,0.7735532,0.91105586,0.8617151,0.86949337,0.13189748,0.9140543,0.7873183,0.9180883,0.68915164,0.39293966,0.9063652,0.85023993,0.71963084,0.9207409,0.9359825,0.7184433,0.6946933,0.36892247,0.7651517,0.196735,0.519735,0.81569964,0.84131,0.90632564,0.26719332,0.78098494,0.8293756,0.5146035,0.7192845,0.7018183,0.9021458,0.7170135,0.96196,0.57673496,0.97749645,0.8668808,0.62149286,0.6919225,0.6382467,0.503397,0.8118592,0.8593799,0.37689853,0.74773496,0.9513121,0.12904748,0.63848495,0.8944308,0.63005376,0.8766975,0.7944433,0.95408297,0.79048496,0.70260996,0.9251129,0.30321416,0.90025944,0.47500584,0.9325887,0.7283391,0.87717247,0.43542248,0.8937777,0.9633059,0.90507877,0.6832142,0.4524433,0.9275779,0.5252766,0.09738082,0.8360058,0.7072709,0.56817234,0.96839225,0.90591,0.9227136,0.8750441,0.5335891,0.6107766,0.68598497,0.8075058,0.7660652,0.81621414,0.9330048,0.83184963,0.842735,0.5636725,0.3764433,0.66461,0.5854433,0.74111193,0.5019225,0.8325423,0.78614074,0.08194332,0.55920905,0.45158145,0.5312141,0.5985058,0.92069244,0.58386,0.48975062,0.8407558,0.8424076,0.8037707,0.86208487,0.77227664,0.70775574,0.92708707,0.9665161,0.6851933,0.91002667,0.9336183,0.3586308
BC2026_Train_0005_S08_20250607_070007_35,0.6890216,0.92431253,0.71376026,0.24842814,0.5513198,0.5734022,0.2233386,0.22000766,0.25301424,0.13234344,0.16156486,0.5404842,0.40623733,0.59704393,0.583922,0.39348662,0.22420314,0.6358302,0.124982335,0.5162497,0.2839589,0.31348312,0.30585492,0.3385594,0.24059066,0.36438754,0.6779622,0.2114918,0.8665762,0.13489804,0.7535353,0.6236624,0.88845515,0.57992285,0.7804519,0.6542801,0.7168613,0.8415359,0.7579093,0.65596247,0.8636581,0.7579093,0.7646384,0.6236624,0.94498014,0.94498014,0.90729684,0.893502,0.87052184,0.87413883,0.7646384,0.7646384,0.7646384,0.69633734,0.82217276,0.41332084,0.26599804,0.10877815,0.42290756,0.55427766,0.21442112,0.16773751,0.27530724,0.19233659,0.21814689,0.30792186,0.6556219,0.27814764,0.5908188,0.4145543,0.39994803,0.48358408,0.8646928,0.8449012,0.9067898,0.81575894,0.8140262,0.91680825,0.4601512,0.71419704,0.9703551,0.8864637,0.6739012,0.67073447,0.8615262,0.6620262,0.849671,0.84579736,0.8582804,0.86785954,0.13160951,0.6691511,0.78038037,0.53014445,0.487998,0.37742198,0.82154703,0.73010945,0.9609794,0.9580304,0.69606787,0.8819265,0.36749554,0.12131785,0.1195267,0.9593069,0.747922,0.68458873,0.9209398,0.7210054,0.85163033,0.23413034,0.7960356,0.5060679,0.7617365,0.92278147,0.7977971,0.5435731,0.53456783,0.98027617,0.7970153,0.84608865,0.6659846,0.8846627,0.15754649,0.9219923,0.8108595,0.94309914,0.7178387,0.39889598,0.8627533,0.7404012,0.75267196,0.8986158,0.9332373,0.8088804,0.72258866,0.36950535,0.75504696,0.13121367,0.42808867,0.8870773,0.8869189,0.93730843,0.16683868,0.85649914,0.8021116,0.59972304,0.60113716,0.7724637,0.9328158,0.7315469,0.98507273,0.6378804,0.9658679,0.8199637,0.68805027,0.619672,0.7375512,0.440221,0.90948135,0.91005534,0.49348032,0.6632137,0.9639282,0.25946367,0.5116095,0.88104075,0.63930535,0.94336873,0.8876413,0.9460761,0.79740113,0.6121512,0.85998994,0.199297,0.9067675,0.4625262,0.95111614,0.5804845,0.79282933,0.543672,0.93048036,0.97662765,0.6366928,0.67785954,0.6679636,0.8918416,0.57929707,0.110234514,0.864297,0.76572466,0.6064496,0.88982826,0.8933512,0.9070737,0.9499583,0.51002616,0.7423803,0.54406786,0.65094286,0.84190476,0.9303815,0.7495054,0.84648454,0.86429703,0.7700887,0.38771367,0.850047,0.69646364,0.6935923,0.60938036,0.79752,0.88689905,0.08450535,0.60406744,0.6123471,0.6465887,0.51319283,0.9438254,0.7186304,0.4670387,0.8220221,0.89933825,0.61810845,0.85395443,0.7514845,0.6319429,0.9767335,0.96964216,0.664797,0.8947762,0.9268189,0.32002616
BC2026_Train_0005_S08_20250607_070007_40,0.6706704,0.86975,0.697711,0.22991809,0.562141,0.5833814,0.38298786,0.36996686,0.24551095,0.16693112,0.20372283,0.56279117,0.6105683,0.6211067,0.6641666,0.67140716,0.3239681,0.6573389,0.14754048,0.61000246,0.29501015,0.35935783,0.4410871,0.38880557,0.3372776,0.44918996,0.89380616,0.27965844,0.89187413,0.18703346,0.72307163,0.54542166,0.8583279,0.5867791,0.812906,0.6295362,0.6372748,0.7858212,0.63963,0.5854602,0.8317478,0.63963,0.7358571,0.54542166,0.92158204,0.92158204,0.83578515,0.8682871,0.83578527,0.8155978,0.7358571,0.7358571,0.7358571,0.59555393,0.8199717,0.47896987,0.28678346,0.115561835,0.48250723,0.6169392,0.20588806,0.22368371,0.23773779,0.1850484,0.2719556,0.33109307,0.4361868,0.27336973,0.73775643,0.5695272,0.56833977,0.5317329,0.81578344,0.5695752,0.96091586,0.6807944,0.774221,0.878531,0.25567934,0.7246231,0.95652115,0.6918877,0.74097097,0.76342267,0.89217937,0.8822835,0.7140543,0.5112313,0.92295533,0.79163766,0.170971,0.6637835,0.8913877,0.46747988,0.38960958,0.5584919,0.79242927,0.7595752,0.78502727,0.86603457,0.7097002,0.9401578,0.5775018,0.19313768,0.10154185,0.9096827,0.7520544,0.85338765,0.9173857,0.7283043,0.662596,0.31822103,0.78116786,0.3945179,0.605784,0.8649658,0.50465846,0.5885356,0.55532515,0.9021742,0.8273325,0.8898043,0.7722418,0.95392925,0.30610856,0.919953,0.6855543,0.9472714,0.7975752,0.44453144,0.862096,0.631721,0.6966377,0.91504073,0.9290543,0.624596,0.9203825,0.48130432,0.8458668,0.07795018,0.35067934,0.60599184,0.93940234,0.87654394,0.20976268,0.9546221,0.88723147,0.5854089,0.54856634,0.6024294,0.9548778,0.7535022,0.97467655,0.702971,0.9611929,0.8510127,0.61279625,0.71761686,0.763296,0.4764158,0.74108976,0.81008357,0.44065225,0.5897627,0.9120304,0.11278351,0.43420017,0.90832937,0.6980033,0.981226,0.75028545,0.9380959,0.6352835,0.4733877,0.8955212,0.42430434,0.938189,0.47378352,0.98106927,0.6918877,0.9574919,0.5565127,0.88715225,0.96823335,0.8086585,0.76076263,0.721971,0.86834824,0.62538767,0.15751266,0.6404293,0.82072103,0.50746894,0.89580125,0.9103877,0.9631865,0.9089512,0.5066377,0.62222093,0.6855543,0.5743252,0.8223132,0.9271116,0.70613766,0.86130434,0.8786419,0.7627419,0.90920013,0.81301266,0.59213763,0.65349185,0.48407516,0.82668877,0.7918455,0.066866845,0.5303481,0.61077744,0.714846,0.67605436,0.96839815,0.7045543,0.6613293,0.9654877,0.9506553,0.57286054,0.84108526,0.71009606,0.72038764,0.9521085,0.95321196,0.8518043,0.77936685,0.977521,0.3261377
BC2026_Train_0005_S08_20250607_070007_45,0.7115154,0.9010001,0.77436274,0.23817115,0.490218,0.78090256,0.55095446,0.31082404,0.27569783,0.19166735,0.16426283,0.7430721,0.55263674,0.57002664,0.59929854,0.6031678,0.2827024,0.6040399,0.17740606,0.6105289,0.31155196,0.3322946,0.33032793,0.30336487,0.26667115,0.38548052,0.791248,0.30641717,0.86121714,0.16427343,0.7418974,0.53867656,0.87412554,0.522863,0.7953943,0.6036131,0.6490349,0.80124867,0.6813349,0.61673486,0.85259223,0.6813349,0.7270933,0.53867656,0.926613,0.926613,0.8623495,0.87955934,0.84899217,0.8406984,0.7270933,0.7270933,0.7270933,0.68578964,0.8132266,0.42738503,0.29430467,0.09353366,0.45679584,0.55980265,0.29433694,0.22409928,0.19603571,0.15455039,0.27522114,0.26987743,0.4487149,0.32293656,0.70886093,0.61425674,0.43751717,0.43205708,0.73782206,0.657072,0.79284286,0.668858,0.7516762,0.8692566,0.46825948,0.77412,0.91598475,0.8688429,0.70853037,0.7255512,0.8921971,0.807457,0.79482204,0.6089833,0.7979888,0.80265963,0.11755119,0.6198637,0.8787387,0.43540537,0.45692876,0.5450512,0.7920512,0.8146137,0.6649887,0.8633012,0.62342626,0.9235291,0.49289024,0.1650512,0.10739806,0.7947849,0.81421787,0.842322,0.8540462,0.6930929,0.61471784,0.27865535,0.7648179,0.44086787,0.6656914,0.8245689,0.51140535,0.5671882,0.44134286,0.91022724,0.8675372,0.86777425,0.8023231,0.9122104,0.20766266,0.93873274,0.80353034,0.925832,0.7061554,0.52647674,0.8864773,0.6958637,0.8003637,0.8687924,0.8449712,0.7813637,0.83199084,0.5023012,0.7738429,0.06569703,0.31032202,0.6075929,0.85158455,0.8344054,0.2208637,0.87573034,0.8288043,0.50354064,0.50269705,0.611947,0.92743194,0.7513329,0.92648816,0.67171794,0.98482203,0.79798865,0.52908033,0.8577596,0.69356793,0.6335694,0.85271275,0.8445784,0.5170658,0.61946785,0.91270125,0.14288452,0.6000721,0.92760444,0.6265929,0.9362295,0.60931224,0.9352242,0.75800955,0.661822,0.89099675,0.381572,0.94776666,0.48330116,0.9258702,0.7334679,0.7891616,0.45321783,0.9189554,0.9414269,0.9226762,0.71763456,0.7093221,0.87596303,0.64005125,0.23946786,0.6946762,0.6748643,0.36943972,0.83400947,0.8656762,0.9064397,0.87450707,0.42669705,0.80075955,0.68715537,0.4963637,0.8354948,0.8640731,0.5810721,0.83953136,0.82569706,0.6733012,0.6983337,0.77700955,0.41482198,0.5659314,0.486072,0.8748991,0.82618195,0.06569703,0.49157408,0.4893782,0.6895304,0.53832203,0.9558887,0.6796346,0.49604702,0.86152,0.9389726,0.56268555,0.80749965,0.6740929,0.823322,0.9604981,0.94558907,0.60957205,0.8264887,0.92059815,0.38553035
BC2026_Train_0005_S08_20250607_070007_50,0.55657196,0.8932334,0.6096444,0.21838689,0.4273275,0.45799452,0.22053032,0.17692533,0.21901628,0.18283018,0.12332753,0.39828128,0.40312624,0.5472249,0.56337494,0.33397755,0.23049939,0.6565348,0.14532226,0.44056442,0.27886254,0.24873272,0.46830112,0.3516244,0.15248065,0.3418275,0.63251704,0.17976327,0.8698195,0.11670703,0.7765183,0.7055256,0.9036996,0.6002141,0.7354704,0.7270051,0.7331152,0.8533654,0.82363594,0.7596954,0.8775568,0.82363594,0.7522933,0.7055256,0.93768185,0.93768185,0.8788017,0.8981985,0.8717025,0.87293047,0.7522933,0.7522933,0.7522933,0.7482424,0.83102465,0.40498707,0.3236883,0.0936994,0.3912394,0.46285453,0.16034488,0.15907128,0.16615176,0.119215816,0.21019316,0.2825119,0.42679313,0.19645673,0.57306325,0.42343825,0.39565077,0.2616761,0.81425804,0.57002884,0.78615385,0.78242326,0.67175806,0.9252042,0.60367477,0.810468,0.8895946,0.7295497,0.6721539,0.61079973,0.8431539,0.93934137,0.80719244,0.60757416,0.7671539,0.89065397,0.10492472,0.72994554,0.6202997,0.5182539,0.32959974,0.3503414,0.7631956,0.852258,0.7089664,0.78496635,0.7663622,0.90049,0.7087388,0.18567471,0.14307316,0.8543174,0.735883,0.7271747,0.87111855,0.8296956,0.87086225,0.39586222,0.7473622,0.6117893,0.6180336,0.9089611,0.46632057,0.5600638,0.52846634,0.94823974,0.92700166,0.9165019,0.87402886,0.9359531,0.10438044,0.95631325,0.79209137,0.9763087,0.7560705,0.6579732,0.745383,0.6911539,0.7918934,0.93101406,0.83941334,0.72440386,0.8572852,0.4726539,0.7869455,0.12075804,0.30759138,0.6440497,0.9169571,0.9037758,0.29413307,0.86848724,0.8697539,0.64209133,0.6851372,0.74023724,0.92604405,0.7846601,0.91009086,0.6677997,0.95650077,0.8047581,0.62873393,0.7584455,0.6707091,0.39958304,0.7151216,0.89253414,0.45348567,0.64919555,0.97114664,0.3982372,0.70223725,0.886181,0.78843,0.88473225,0.61163,0.922083,0.74736226,0.6935289,0.8978279,0.34282058,0.92547685,0.5466747,0.9474194,0.7509247,0.92168725,0.49957055,0.9595091,0.8616577,0.7687372,0.6392997,0.84829974,0.89401805,0.61277884,0.37963307,0.7679455,0.71573275,0.53202885,0.8848352,0.83642477,0.955528,0.9408819,0.45761222,0.7279664,0.5431123,0.7331122,0.7584541,0.8644696,0.7552789,0.9182039,0.81346637,0.57477885,0.90332055,0.7449872,0.52332056,0.74500704,0.6349455,0.8315362,0.7448784,0.09621638,0.83046746,0.623687,0.7422164,0.68402886,0.87399966,0.6135705,0.6336591,0.837157,0.91712785,0.554631,0.9670731,0.66819555,0.71609133,0.94935596,0.94598657,0.764383,0.8815497,0.8806393,0.5015497
BC2026_Train_0005_S08_20250607_070007_55,0.708341,0.9134833,0.6494421,0.27114183,0.54600847,0.7593117,0.26096728,0.21645384,0.2346226,0.18723243,0.18950354,0.46476004,0.38693726,0.5738251,0.6020877,0.35754964,0.22839183,0.7932064,0.15515351,0.64813226,0.32563692,0.31064776,0.32398683,0.44321057,0.12365434,0.3863887,0.62311625,0.21559504,0.88637424,0.14434505,0.7720328,0.70406824,0.9076255,0.576887,0.7444432,0.6758057,0.75487345,0.87441707,0.8221651,0.7673224,0.8824584,0.8221651,0.77741617,0.70406824,0.92915887,0.92915887,0.91603696,0.90365535,0.8920475,0.9018721,0.77741617,0.77741617,0.77741617,0.72122765,0.8255297,0.42401704,0.3278138,0.10833559,0.43416584,0.6172833,0.245665,0.18439496,0.22785747,0.1612387,0.25012308,0.3113981,0.6653522,0.38451475,0.62077004,0.5582284,0.43077007,0.44194514,0.86613035,0.6409012,0.87879705,0.66637313,0.7869637,0.9348709,0.42002627,0.85683817,0.94724756,0.7461929,0.6428804,0.5546096,0.7058179,0.7486629,0.6903804,0.67841434,0.7675679,0.91715336,0.1449221,0.61477625,0.5997346,0.5611012,0.42346013,0.24071376,0.9540055,0.8807763,0.93500537,0.92111176,0.7418387,0.89123935,0.6185961,0.1876721,0.09191012,0.9599251,0.75688034,0.74065125,0.9122391,0.79092205,0.9357971,0.2589221,0.6464429,0.46279606,0.7025523,0.9215273,0.7889429,0.53406584,0.56490123,0.98203045,0.9322875,0.9412002,0.86098456,0.8031929,0.119163245,0.97615284,0.9444658,0.9809815,0.7814221,0.58386165,0.7165054,0.6578429,0.9299388,0.9199271,0.90692306,0.7925054,0.8862586,0.6139846,0.7616304,0.24625543,0.39983875,0.87998456,0.8505346,0.9187762,0.3634221,0.8720877,0.87442315,0.6174342,0.7199096,0.69117206,0.90582484,0.8598718,0.93294716,0.62942207,0.9103252,0.81506795,0.71738416,0.6072554,0.6934679,0.38611326,0.87549186,0.9306909,0.52273506,0.6199221,0.98404914,0.4706929,0.5589638,0.85817415,0.7639262,0.8625046,0.88973993,0.9699971,0.7513387,0.49008876,0.8517463,0.35708877,0.9544008,0.51779705,0.9074876,0.7121512,0.8484366,0.48494294,0.89928144,0.89055336,0.8427762,0.74342203,0.6591096,0.84785485,0.56331784,0.19796377,0.8265471,0.71508676,0.522323,0.9592898,0.85227627,0.8771222,0.90797806,0.5015679,0.67256784,0.46040127,0.7311512,0.722354,0.8305054,0.75252616,0.9094149,0.85108864,0.6808804,0.5590746,0.7062137,0.7386721,0.80124706,0.5071096,0.8719491,0.73283356,0.08396377,0.6971737,0.66960716,0.70383877,0.47069293,0.93570703,0.5486721,0.6532314,0.9210523,0.86598814,0.6648689,0.9681961,0.6646512,0.56965125,0.97916067,0.9366828,0.57321376,0.89486796,0.87234503,0.45367208
BC2026_Train_0005_S08_20250607_070007_60,0.5658044,0.78583336,0.71453065,0.19287875,0.6039517,0.4389344,0.34301338,0.26246527,0.25762028,0.20144854,0.18615651,0.5846578,0.5284693,0.61073864,0.65723044,0.46330252,0.38739124,0.8412538,0.1448537,0.75064695,0.38044178,0.43552947,0.35245022,0.6013788,0.16366625,0.4709319,0.6590204,0.29536563,0.7027177,0.14752188,0.67007273,0.4833383,0.833255,0.40157893,0.72828,0.49915186,0.64181024,0.77067375,0.61960393,0.5610602,0.8282081,0.61960393,0.6932883,0.4833383,0.9291456,0.9291456,0.78581434,0.85495657,0.8292175,0.8100394,0.6932883,0.6932883,0.6932883,0.6137496,0.78278625,0.4519471,0.25261563,0.18005376,0.49289173,0.8600015,0.31741193,0.23901312,0.23774843,0.23350905,0.4821537,0.35034123,0.66669124,0.36178774,0.65561354,0.39475936,0.42397186,0.56422114,0.93721783,0.8318272,0.5530814,0.8080986,0.8479773,0.94523275,0.6746022,0.7816653,0.9158642,0.6952806,0.68647724,0.6462289,0.7854356,0.47668552,0.88223666,0.5420485,0.8519356,0.9160606,0.23324805,0.61562306,0.77637887,0.47946632,0.59049755,0.31399807,0.78108144,0.7205189,0.7929565,0.9540605,0.75851893,0.97246706,0.36533618,0.14181057,0.12098975,0.84927064,0.8024564,0.73714393,0.88448894,0.649269,0.82514554,0.29143554,0.7767272,0.46960014,0.7979637,0.907471,0.71933144,0.5005642,0.56060225,0.9397315,0.8086023,0.9614033,0.64847726,0.7632689,0.1317564,0.9662904,0.83333135,0.98510385,0.77316475,0.52445275,0.8206647,0.6753939,0.88480955,0.8588934,0.7845361,0.7019148,0.89753556,0.41928974,0.7992897,0.12914391,0.3642689,0.8729148,0.84453356,0.8960908,0.27085227,0.98572725,0.9629273,0.60832393,0.56930065,0.7565397,0.9220656,0.78438956,0.8948366,0.54278976,0.9466784,0.71378976,0.8608759,0.80799806,0.6427575,0.4851861,0.7309096,0.97385234,0.46976835,0.7636647,0.94163144,0.14062308,0.66787314,0.92571896,0.80942315,0.7864054,0.6974943,0.98572725,0.6207689,0.81710225,0.9385212,0.2704564,0.9682923,0.68766475,0.89439857,0.7288314,0.93248767,0.61443555,0.9558419,0.873892,0.6544148,0.7403106,0.54951894,0.87907887,0.53922725,0.09985224,0.7094356,0.61963046,0.6539596,0.8813857,0.8467897,0.8732017,0.8686865,0.5340814,0.895873,0.57999814,0.7411022,0.8407604,0.76722723,0.77831054,0.9617397,0.74703974,0.69241476,0.35872725,0.94558984,0.6255189,0.65025854,0.5530814,0.8831272,0.63040745,0.074518904,0.53552616,0.59877485,0.63818556,0.70349807,0.89031017,0.6033523,0.5947627,0.94638145,0.9112485,0.4977439,0.97803825,0.8194773,0.6468939,0.9603741,0.93040764,0.6892005,0.94125533,0.9011179,0.39237306
BC2026_Train_0006_S09_20250828_000000_5,0.37627262,0.6191667,0.11072239,0.3803146,0.41932395,0.6662401,0.22518553,0.14191209,0.1615949,0.31330398,0.23517835,0.09921552,0.13252491,0.40183926,0.4091067,0.2054653,0.06628021,0.3958114,0.15920359,0.41659418,0.135887,0.31545478,0.24683511,0.7027208,0.30443332,0.40222394,0.4667925,0.35020673,0.4880755,0.3965192,0.71900743,0.7688033,0.62042516,0.91496086,0.47675747,0.839796,0.8495533,0.7227085,0.81220645,0.78528976,0.70756793,0.81220645,0.6695481,0.7688033,0.6059574,0.6059574,0.6315283,0.5464043,0.6443137,0.65945435,0.6695481,0.6695481,0.6695481,0.7900002,0.6147054,0.4545286,0.8233859,0.28982708,0.39965895,0.28504443,0.216306,0.30870828,0.1348049,0.14631177,0.35003328,0.63345003,0.44657707,0.34449363,0.6401151,0.35198802,0.78855264,0.77329344,0.7402526,0.79929113,0.70252186,0.832657,0.6808776,0.7208589,0.6060651,0.66469795,0.13070889,0.8122745,0.24150261,0.32621098,0.40577346,0.4714818,0.32541934,0.23603024,0.6963151,0.49483594,0.4180443,0.3432318,0.32502347,0.73236567,0.37051463,0.60606515,0.21537763,0.6773151,0.17381513,0.27514845,0.90531516,0.72510016,0.9423087,0.41915265,0.7341133,0.47103652,0.5336276,0.4932526,0.47367868,0.6488151,0.48652348,0.9262626,0.29177347,0.8639467,0.68644905,0.7552943,0.4121068,0.7353047,0.4121068,0.7841901,0.40585265,0.7826068,0.73787767,0.7172943,0.25270867,0.34801152,0.56846094,0.52791774,0.5411485,0.7285756,0.28544012,0.60250264,0.6060651,0.39945993,0.53707135,0.37133595,0.7865651,0.75608593,0.46356514,0.65356517,0.39587766,0.76677346,0.20627345,0.65396094,0.568461,0.5059193,0.80239844,0.56586826,0.71924376,0.6064609,0.30183557,0.3893068,0.43726203,0.789336,0.6808776,0.3107735,0.9194029,0.6258568,0.81562823,0.39709482,0.8078897,0.54194015,0.5620782,0.8075443,0.6167526,0.67771095,0.95089537,0.5577735,0.6971979,0.47108597,0.640948,0.53956515,0.4382318,0.85433185,0.65578187,0.23714846,0.34834796,0.47939846,0.7057004,0.72639847,0.69512767,0.779836,0.8831089,0.6505766,0.5645026,0.41606516,0.93345886,0.4745792,0.6381276,0.6064609,0.52333593,0.24973597,0.74454737,0.387961,0.7220443,0.8210383,0.9125075,0.7925026,0.35589847,0.5312526,0.6543568,0.7971023,0.70937765,0.758461,0.6092318,0.4465443,0.3653985,0.43189847,0.6432735,0.41369018,0.64293706,0.8760235,0.5486693,0.39070213,0.46883768,0.9191693,0.81843174,0.40616933,0.71848184,0.19396305,0.8107109,0.45124683,0.2957318,0.6278637,0.8194807,0.72340006,0.3776693,0.5659751,0.70581514,0.39676824,0.38637766,0.63416934,0.39469013,0.5082943
BC2026_Train_0006_S09_20250828_000000_10,0.32166663,0.61375,0.1126158,0.34040204,0.550075,0.7778761,0.23919144,0.10413706,0.17650923,0.28885266,0.2385858,0.12139737,0.22374797,0.3762705,0.40079832,0.3306972,0.060211428,0.3694364,0.16609336,0.35716808,0.10492526,0.3326403,0.35174996,0.7814395,0.29230833,0.37157393,0.53492737,0.41604474,0.48622605,0.5708552,0.6685004,0.7088755,0.65302336,0.8562273,0.41884837,0.76640975,0.80442953,0.6661452,0.76136285,0.77179307,0.63788265,0.76136285,0.61668587,0.7088755,0.64696705,0.64696705,0.591115,0.5251692,0.5988535,0.60726506,0.61668587,0.61668587,0.61668587,0.76001704,0.58539516,0.4625721,0.8495219,0.24278952,0.43343678,0.1634794,0.17438065,0.4191333,0.19193485,0.15256923,0.45368955,0.587877,0.4675833,0.22798735,0.7204802,0.38255727,0.7466052,0.58766663,0.717647,0.61987615,0.7402095,0.905131,0.6178971,0.5044166,0.9480022,0.73608303,0.13260536,0.7895502,0.19435535,0.42829287,0.1876262,0.613147,0.40573037,0.18135223,0.608397,0.53675115,0.3610012,0.3835637,0.37881365,0.77854604,0.51876056,0.7718762,0.19554287,0.8047304,0.2446262,0.36416784,0.8257095,0.91190606,0.93044955,0.3519762,0.60209423,0.73357934,0.5589179,0.5743553,0.3533616,0.5700012,0.4053345,0.85684186,0.2671887,0.81820464,0.7526783,0.5882095,0.37366787,0.91366524,0.42789704,0.6242304,0.36699808,0.6756887,0.61789703,0.6741054,0.2801574,0.3362418,0.297272,0.24017307,0.35387617,0.9325238,0.5248762,0.70260537,0.6681679,0.37279704,0.30886993,0.4049387,0.84233457,0.7568345,0.60720956,0.5027095,0.49558452,0.6460012,0.1567512,0.34239703,0.760397,0.49004287,0.95720536,0.7153908,0.6163731,0.5925637,0.31679532,0.25993505,0.23753089,0.68954295,0.5502095,0.2113762,0.9042132,0.6824178,0.9310567,0.8532002,0.8782664,0.28025118,0.7431486,0.7275429,0.5137929,0.90420336,0.9080033,0.74298036,0.80689955,0.23116787,0.5687148,0.31785536,0.492022,0.8277679,0.7609215,0.2865845,0.5132189,0.33804283,0.5378892,0.65906364,0.64995956,0.64877206,0.9248064,0.48011738,0.77860534,0.59335536,0.9460627,0.37044182,0.60879284,0.8122512,0.29093868,0.15233767,0.61191404,0.4963762,0.67331374,0.7481757,0.87048805,0.66183454,0.3633762,0.86173034,0.42670953,0.75015366,0.8166053,0.9225305,0.52566785,0.30795953,0.2751054,0.45125118,0.6384803,0.5050845,0.5315005,0.88666785,0.62898034,0.42294914,0.48437452,0.87324125,0.79982704,0.51814705,0.49914706,0.10568868,0.7505012,0.48255372,0.2885637,0.47661301,0.9518162,0.6338294,0.46906367,0.8011678,0.591772,0.2133158,0.52685535,0.5470429,0.35585535,0.31864703
BC2026_Train_0006_S09_20250828_000000_15,0.25409764,0.60583335,0.10353984,0.38712078,0.3865864,0.8190015,0.21921422,0.09324421,0.11777202,0.3130861,0.21770017,0.095061086,0.13927172,0.36604506,0.39420658,0.38375956,0.055986397,0.37269264,0.34938496,0.3063856,0.09169155,0.4568834,0.12466012,0.41847077,0.27739576,0.38979265,0.43917423,0.62187654,0.42360362,0.4791786,0.63562685,0.601981,0.6413466,0.79349315,0.4223122,0.70998406,0.8189966,0.6198132,0.6968622,0.76213515,0.53536224,0.6968622,0.5969341,0.601981,0.51281947,0.51281947,0.53839034,0.46167788,0.5309883,0.5568955,0.5969341,0.5969341,0.5969341,0.68407685,0.65615076,0.45234656,0.89618903,0.2072145,0.4023861,0.15937905,0.22357531,0.40707073,0.08673077,0.17878577,0.47511455,0.5504416,0.44305205,0.17772889,0.84314734,0.2921474,0.758439,0.63093096,0.6742953,0.44946194,0.55198276,0.89119464,0.67746186,0.43083104,0.9526848,0.78308016,0.06545414,0.76961195,0.15179528,0.24442028,0.21829526,0.6327328,0.39364946,0.20897341,0.54248273,0.6200661,0.33704525,0.3849411,0.35960776,0.8855684,0.59216976,0.67112863,0.20404528,0.8805244,0.33823276,0.4276911,0.7894828,0.82832277,0.89548457,0.28625196,0.5758634,0.61530626,0.5266495,0.22700362,0.37938955,0.70437866,0.43164942,0.90296036,0.30260777,0.8562935,0.58153176,0.6699411,0.39523277,0.92214686,0.43046194,0.63431615,0.284251,0.7000244,0.7419828,0.6687536,0.31894383,0.32448748,0.25589946,0.30234063,0.37860775,0.9273114,0.43996194,0.5729619,0.8144203,0.41284734,0.42596927,0.42650363,0.824316,0.78671193,0.3148786,0.39008695,0.42452443,0.7447536,0.1660453,0.42650363,0.59037864,0.44075358,0.873637,0.50488853,0.7583535,0.58642024,0.23708133,0.2508229,0.30768433,0.62877446,0.7150661,0.38058695,0.84119254,0.7360453,0.94174963,0.80985826,0.88207537,0.37029526,0.7867812,0.76533693,0.7728578,0.91175574,0.81600356,0.6081911,0.83370036,0.36277443,0.59276354,0.2574828,0.6442119,0.8879068,0.5835802,0.22542028,0.2225406,0.40314946,0.5836197,0.87339944,0.68696195,0.6984411,0.89204323,0.49980205,0.61729527,0.6671703,0.91814846,0.42632547,0.7593994,0.5903786,0.33506614,0.17490205,0.5432349,0.33981612,0.66004527,0.7044082,0.8970107,0.796212,0.32833692,0.90874743,0.5480245,0.6983657,0.8571703,0.77889425,0.58127445,0.32002443,0.41106611,0.70952445,0.6422328,0.53179526,0.5728432,0.8128766,0.8623161,0.40051717,0.3631228,0.57351613,0.62564045,0.48152444,0.7083369,0.14115727,0.73525363,0.45922223,0.24006611,0.39151567,0.9604702,0.7703541,0.45342025,0.73089945,0.58404523,0.29542342,0.4965661,0.39681613,0.30458695,0.43917027
BC2026_Train_0006_S09_20250828_000000_20,0.29108062,0.56416667,0.07673067,0.41019845,0.3790266,0.7101013,0.23691848,0.10640629,0.18513756,0.3132272,0.2278341,0.07824473,0.13880724,0.39495456,0.38314486,0.35543752,0.052701607,0.5858693,0.30700177,0.22887614,0.08504021,0.40783834,0.35085142,0.7521193,0.2748235,0.37368286,0.5684157,0.6661638,0.4806367,0.38551793,0.7265726,0.68653405,0.6572621,0.79196334,0.4274611,0.7127778,0.9227278,0.7003288,0.79992044,0.69730073,0.6229434,0.79992044,0.6569257,0.68653405,0.5596893,0.5596893,0.57617575,0.48836002,0.5556517,0.5798767,0.6569257,0.6569257,0.6569257,0.73902154,0.63034546,0.42129922,0.8751638,0.19894223,0.35335883,0.18151271,0.17969581,0.4853672,0.13653615,0.1640921,0.44475472,0.5815152,0.6361401,0.1257863,0.5699763,0.26581794,0.72949713,0.62278897,0.6976098,0.4711931,0.49375564,0.80099356,0.66040146,0.591665,0.8135889,0.8776547,0.0675223,0.74699,0.21627647,0.62952644,0.12958896,0.70275563,0.50325567,0.24889313,0.6845473,0.61290145,0.47594312,0.2570473,0.39479733,0.941767,0.45985255,0.54442227,0.20558897,0.842089,0.25783896,0.27525562,0.8745473,0.76048994,0.81525946,0.39443314,0.66316324,0.4358254,0.60775566,0.32790148,0.4268994,0.79379725,0.37144312,0.6532765,0.23369312,0.91031384,0.63253486,0.7308598,0.4937556,0.733215,0.48781815,0.6204223,0.32876244,0.6362556,0.84446394,0.6976098,0.23759726,0.37473843,0.20202646,0.33126608,0.38767228,0.7554213,0.22181813,0.59073484,0.7763806,0.42731503,0.61775047,0.50840145,0.8128764,0.49256814,0.30731815,0.43319315,0.55590147,0.8357557,0.18540147,0.4533806,0.5820264,0.599839,0.82627547,0.47669524,0.8395644,0.63823485,0.27940497,0.27029786,0.26554784,0.67306817,0.6980057,0.288714,0.67207855,0.66594315,0.8790796,0.6139504,0.8850181,0.7684639,0.82314837,0.8078494,0.5903389,0.82764107,0.8389223,0.75658894,0.76338243,0.5044431,0.5643525,0.34967232,0.7106723,0.90746087,0.6986093,0.1382973,0.26404366,0.60300565,0.6501989,0.75619316,0.70196396,0.66713065,0.95163584,0.49198428,0.48346397,0.61646396,0.8859077,0.52882653,0.7395681,0.48860982,0.32908896,0.24431135,0.60033375,0.35600564,0.6596098,0.8127083,0.9186422,0.83694315,0.11652647,0.86686814,0.67979735,0.70973516,0.9200682,0.85475564,0.5056306,0.32631814,0.23408896,0.73521394,0.63190144,0.56421393,0.5754358,0.84482026,0.8899848,0.37951812,0.412594,0.75476813,0.6751067,0.19529729,0.6754431,0.16711396,0.78310984,0.4866623,0.4458598,0.50617784,0.8748234,0.8090369,0.46881813,0.7767765,0.46644315,0.399389,0.40706813,0.47000563,0.33621398,0.5091931
BC2026_Train_0006_S09_20250828_000000_25,0.35352314,0.59541667,0.14236462,0.2913662,0.56599534,0.6594495,0.24532087,0.10784401,0.18960339,0.34040403,0.22260994,0.13994212,0.17900494,0.47290885,0.40840974,0.2574577,0.064969316,0.6540683,0.14436853,0.219466,0.15860072,0.324542,0.42596063,0.8242766,0.3554912,0.38915682,0.603707,0.3484828,0.46497658,0.42970783,0.7182086,0.7606023,0.7118159,0.8449357,0.4897534,0.7723783,0.8734673,0.7481534,0.85161436,0.7431065,0.7272929,0.85161436,0.6724502,0.7606023,0.67514193,0.67514193,0.6872544,0.5984294,0.6623565,0.64687943,0.6724502,0.6724502,0.6724502,0.8329409,0.5950648,0.42112792,0.82597655,0.23187242,0.38904998,0.22780228,0.1487682,0.4623662,0.16088963,0.16391775,0.31950995,0.65802664,0.4132037,0.29104558,0.7825536,0.42400777,0.75009525,0.6135856,0.88557225,0.70823896,0.5150723,0.7090702,0.6199681,0.7454386,0.85984313,0.75279397,0.23881032,0.79328376,0.27757227,0.21859312,0.46955147,0.6227389,0.5016139,0.2119827,0.7118014,0.80244726,0.45055142,0.2565931,0.551489,0.85400313,0.52936184,0.7149681,0.19523895,0.7165514,0.29182225,0.40661395,0.92010874,0.893536,0.9069077,0.5317923,0.46239123,0.30019414,0.55109316,0.35317644,0.58645093,0.75138485,0.6187806,0.80165565,0.35238475,0.8960866,0.7682077,0.7830515,0.43036392,0.7874453,0.36228058,0.63936394,0.44008163,0.58513474,0.8380723,0.7921557,0.26855084,0.6792838,0.3068639,0.26720145,0.4667806,0.8910744,0.26450977,0.7838431,0.72022474,0.50139624,0.5495098,0.5439681,0.9722598,0.37019727,0.40898892,0.47509307,0.49369726,0.7850306,0.20196812,0.7026973,0.5415931,0.61680144,0.92181087,0.6641728,0.751703,0.7145723,0.40782464,0.40034097,0.35018787,0.68092644,0.64213485,0.35832226,0.81477594,0.78423893,0.7934243,0.4041994,0.9105455,0.57880145,0.7317989,0.8972692,0.68330145,0.7708202,0.8436139,0.92040557,0.87909555,0.32823893,0.5565754,0.5633639,0.61917645,0.9349129,0.8541224,0.12596811,0.43636078,0.5320931,0.6864231,0.5720723,0.72446805,0.66707236,0.9320035,0.63483167,0.49132225,0.63421816,0.909164,0.5228702,0.63500977,0.8202598,0.37732223,0.2765629,0.57508063,0.40463477,0.8527181,0.91021836,0.9109477,0.66905147,0.19325979,0.80798894,0.44065556,0.82234126,0.84044725,0.8543015,0.608489,0.3599056,0.3705931,0.41730142,0.5795931,0.47944725,0.6329515,0.9248865,0.6314473,0.5192286,0.40115145,0.8980806,0.8043457,0.2613431,0.75890565,0.42756337,0.77315557,0.5585348,0.20434311,0.586484,0.6978702,0.7328598,0.5154682,0.60136396,0.7240723,0.4563108,0.34882227,0.7185306,0.48459312,0.49844724
BC2026_Train_0006_S09_20250828_000000_30,0.408773,0.7004167,0.1294438,0.43820566,0.48469627,0.6717472,0.26601222,0.14488725,0.18183038,0.35049695,0.23997039,0.1657813,0.19364005,0.37539166,0.41263765,0.4052187,0.055771306,0.35003376,0.23599967,0.2559853,0.16786686,0.51351047,0.32327303,0.84439003,0.3437994,0.38530257,0.64100873,0.44968474,0.4781847,0.48780346,0.785957,0.8068174,0.72472155,0.8473438,0.5749976,0.8108549,0.90963906,0.7465913,0.88581777,0.80782676,0.769807,0.88581777,0.7647601,0.8068174,0.6981414,0.6981414,0.7290956,0.6715611,0.65574765,0.6951132,0.7647601,0.7647601,0.7647601,0.8536861,0.71429133,0.42808107,0.8711879,0.21269941,0.4168663,0.17930992,0.13721897,0.3323994,0.18375413,0.22311975,0.45138693,0.62084323,0.47311813,0.24330132,0.6309764,0.32570976,0.7742681,0.6763564,0.7931372,0.45034555,0.5603872,0.7993716,0.8176789,0.7629946,0.8153039,0.7920684,0.18787841,0.85067165,0.17999142,0.33357474,0.37632474,0.5449497,0.35930392,0.25936592,0.70763725,0.7618664,0.6340123,0.2472831,0.39453307,0.9215738,0.42492318,0.37592888,0.24569976,0.85726225,0.3569289,0.40442893,0.89801323,0.91686165,0.7354446,0.45721725,0.39147526,0.5118482,0.57147056,0.5382206,0.4945206,0.49982476,0.40997058,0.62965804,0.45469972,0.7598279,0.78805083,0.6826997,0.4645956,0.6550508,0.39334556,0.69615805,0.3337628,0.48676223,0.81085473,0.7598873,0.19532008,0.4584602,0.29953307,0.2277982,0.5299081,0.60189044,0.39532474,0.76542884,0.7206998,0.42596227,0.58039665,0.64549136,0.74625474,0.3913664,0.3462414,0.5405956,0.34584558,0.69180393,0.21363726,0.51130396,0.61778307,0.73534554,0.84459555,0.51067054,0.7664497,0.6696372,0.5128257,0.27488258,0.44012323,0.63678306,0.6577623,0.4507414,0.7926029,0.8271789,0.7752792,0.47774714,0.8542461,0.4919081,0.6857476,0.74166316,0.82915807,0.76083726,0.78601223,0.6815123,0.6942185,0.54019976,0.56736386,0.42619976,0.6656789,0.90177375,0.82095444,0.21561642,0.5593977,0.33317894,0.7223623,0.54772055,0.6316373,0.6882414,0.93448937,0.5710055,0.48557475,0.5386164,0.8863164,0.5847211,0.8188664,0.46736643,0.4329289,0.21028258,0.51445085,0.3023039,0.7733456,0.8892456,0.881685,0.73257476,0.17049144,0.7709706,0.40205392,0.8667798,0.9335394,0.6086789,0.44361642,0.38899142,0.3090331,0.5398039,0.7598873,0.29953307,0.54136753,0.78086644,0.63757473,0.49264038,0.3620906,0.70926017,0.75929356,0.2330331,0.5445539,0.30866697,0.837993,0.37357372,0.29280388,0.57305175,0.7695595,0.76512206,0.44480395,0.52119976,0.7622622,0.4424487,0.36801222,0.6446997,0.6225331,0.6276789
BC2026_Train_0006_S09_20250828_000000_35,0.45757094,0.70500004,0.17514351,0.56305826,0.35043633,0.7536064,0.44646353,0.24145947,0.20724164,0.42617506,0.24236791,0.16908726,0.14637633,0.35677344,0.4748703,0.32967168,0.06365509,0.33333632,0.21215789,0.28998068,0.13312383,0.36962038,0.40809172,0.7772436,0.33030823,0.43166134,0.58046776,0.460373,0.45004174,0.450398,0.79699236,0.7919456,0.74080384,0.90681237,0.49148822,0.87062633,0.92821115,0.77377677,0.90031874,0.844248,0.79430073,0.90031874,0.71590596,0.7919456,0.6610632,0.6610632,0.7135507,0.638857,0.6819236,0.7280184,0.71590596,0.71590596,0.71590596,0.86374575,0.7111955,0.5547287,0.879897,0.18673944,0.54300725,0.17794998,0.16008405,0.43540198,0.14572617,0.14118399,0.45143318,0.5741415,0.45143318,0.29324037,0.697398,0.29542923,0.8165438,0.68755007,0.73674536,0.31399536,0.74664116,0.78287965,0.58830786,0.6567475,0.6136412,0.8660047,0.11743443,0.77615047,0.23562033,0.3060787,0.43868288,0.84757864,0.3179537,0.3196459,0.71814114,0.60809946,0.51547456,0.30132872,0.37772453,0.9592065,0.47084436,0.54991204,0.40424535,0.8269953,0.32112038,0.34803703,0.8914766,0.80902785,0.740486,0.5744537,0.5913867,0.54629135,0.5906828,0.52734953,0.46531257,0.680537,0.5111203,0.940742,0.3405162,0.9235788,0.70004165,0.69280785,0.44818285,0.84349996,0.3523912,0.8455995,0.4016032,0.5134953,0.7086412,0.73714113,0.24155073,0.39669487,0.31162038,0.29426187,0.41532868,0.7599507,0.5598078,0.53645366,0.7813953,0.46652973,0.57756096,0.50399536,0.7410995,0.62155783,0.48618284,0.43155783,0.42562038,0.7573286,0.30370373,0.6959745,0.6559953,0.52299535,0.8519328,0.61907405,0.82016844,0.6144328,0.25484738,0.39758545,0.44877666,0.814297,0.7149745,0.40780786,0.74018914,0.6809329,0.79805994,0.49439645,0.83136934,0.5748495,0.6755693,0.9243506,0.7189328,0.6168078,0.97287977,0.78068286,0.73684436,0.39197454,0.73404855,0.3725787,0.5653495,0.8790474,0.70342606,0.32666203,0.26177505,0.30093285,0.7520332,0.6753912,0.69597447,0.7513912,0.95386004,0.6304641,0.5348703,0.4893495,0.9341474,0.540699,0.69478697,0.7965162,0.56732863,0.2639917,0.7111893,0.44897452,0.68805784,0.8445458,0.91105896,0.72289115,0.2407662,0.96403295,0.48341203,0.7346369,0.90186715,0.79691195,0.5728703,0.31834954,0.49489117,0.6508495,0.8262037,0.44224536,0.4558175,0.82462037,0.56178707,0.34238648,0.42191535,0.7878178,0.8283412,0.31953704,0.60414124,0.23149379,0.89389116,0.35664642,0.2918287,0.43283388,0.7573485,0.79287964,0.56891197,0.7490637,0.71616197,0.45879123,0.3892037,0.687662,0.5938495,0.45412037
BC2026_Train_0006_S09_20250828_000000_40,0.33815008,0.6845833,0.14763433,0.4578271,0.33331776,0.61635315,0.36687058,0.2172812,0.1715565,0.28965342,0.19638714,0.16095808,0.12643746,0.41267544,0.45991415,0.23992088,0.07859901,0.3814115,0.36086923,0.262758,0.11165456,0.359658,0.64808756,0.7689917,0.29395217,0.45088023,0.54915977,0.48034477,0.55935305,0.44899476,0.7902433,0.8383568,0.70713806,0.8992895,0.44739223,0.89772487,0.94240654,0.776112,0.8901882,0.8306183,0.7596255,0.8901882,0.7269891,0.8383568,0.66440785,0.66440785,0.675511,0.6284068,0.67921203,0.7142037,0.7269891,0.7269891,0.7269891,0.84670097,0.63379014,0.53048635,0.8241656,0.18315837,0.5046206,0.17529516,0.1180636,0.36769587,0.19963494,0.14815684,0.36235213,0.6138251,0.4371646,0.16580307,0.66543645,0.30720726,0.7913115,0.7672334,0.8618832,0.30652905,0.71027905,0.779355,0.71107066,0.7056874,0.745904,0.68818164,0.27233896,0.85014683,0.18025821,0.45259154,0.29386237,0.6370499,0.46921656,0.25859362,0.8159665,0.77084154,0.43794572,0.39282072,0.37223738,0.8807546,0.4503155,0.46090406,0.33225822,0.8460499,0.34373736,0.50484157,0.95409256,0.7762644,0.8534095,0.41454402,0.5831318,0.47052282,0.6370499,0.5456124,0.5021004,0.7882582,0.53254986,0.7332373,0.40548736,0.9538819,0.7085177,0.7870707,0.50642484,0.7338114,0.7075082,0.8539666,0.33462334,0.6524874,0.7874665,0.7649041,0.26311958,0.4320478,0.3674874,0.3675203,0.60696656,0.6416218,0.32988325,0.5622374,0.76886237,0.57440925,0.5535489,0.48504987,0.69998735,0.45536238,0.3829249,0.5289874,0.42092487,0.8088416,0.49771655,0.66871655,0.6481332,0.48148736,0.8831395,0.67739516,0.8299493,0.70671654,0.39169264,0.25244832,0.4757082,0.8365973,0.69800824,0.4046957,0.76254886,0.7941958,0.8810613,0.36620095,0.86793953,0.79419565,0.6441056,0.93578535,0.774404,0.73719573,0.7914249,0.947779,0.8739394,0.3975707,0.646827,0.41459155,0.66159153,0.92553324,0.6847973,0.24279988,0.34726033,0.42646652,0.6464014,0.71621656,0.73046654,0.7949874,0.9737061,0.6614332,0.58836234,0.67504984,0.9393478,0.5990895,0.7276957,0.832639,0.46486235,0.24478894,0.7431728,0.6315082,0.7930082,0.8331358,0.91690403,0.82427907,0.32434157,0.8488207,0.653279,0.73521656,0.8963207,0.8534718,0.6140915,0.27090403,0.46090406,0.6140915,0.68454987,0.47752908,0.59883213,0.8994873,0.71192575,0.37004054,0.44022572,0.9083738,0.73899674,0.26417488,0.772029,0.32448998,0.8149374,0.61235976,0.29504988,0.6204843,0.77608645,0.8030454,0.4494249,0.688429,0.7205707,0.49264988,0.36709154,0.6920707,0.5832165,0.6805916
BC2026_Train_0006_S09_20250828_000000_45,0.2924971,0.64125,0.11958637,0.43807384,0.38018325,0.68330705,0.33458322,0.20225418,0.16288856,0.3000626,0.21012732,0.14048043,0.28855577,0.4367415,0.4485512,0.27034602,0.06988949,0.42400196,0.19111693,0.33041066,0.18536349,0.3788607,0.3566221,0.66116554,0.29557386,0.43575826,0.4396182,0.57524455,0.45827577,0.40626326,0.71575636,0.7689168,0.645773,0.8555717,0.43885118,0.8466387,0.9135603,0.72147614,0.7937643,0.8055739,0.6726897,0.7937643,0.66158664,0.7689168,0.62457615,0.62457615,0.63736165,0.57881784,0.62558556,0.6323147,0.66158664,0.66158664,0.66158664,0.77329075,0.6333241,0.4649031,0.81947374,0.22325511,0.43372762,0.24855775,0.14832683,0.40138012,0.12501028,0.16225621,0.3785801,0.58793634,0.3486551,0.22617638,0.62551534,0.27017576,0.80086946,0.88347626,0.7212025,0.26955664,0.64836913,0.8168255,0.6618275,0.70208377,0.6978483,0.6806296,0.17168687,0.84282225,0.22918166,0.316265,0.29686916,0.7117025,0.43303582,0.29835355,0.7611817,0.54228586,0.5581192,0.35861915,0.42749414,0.7194114,0.30168846,0.66063994,0.27549416,0.7584109,0.25649416,0.27430665,0.90362227,0.6381112,0.9136077,0.5372984,0.3867629,0.44468322,0.50191087,0.5933483,0.4224572,0.8165983,0.47341082,0.68359834,0.3269525,0.9210281,0.6732869,0.69507754,0.4575775,0.70596296,0.4818183,0.7184317,0.3285952,0.5264525,0.66934836,0.7219942,0.20776707,0.3183629,0.2905358,0.38640666,0.5074525,0.7126921,0.25253582,0.71368164,0.5957234,0.552815,0.60193795,0.4722233,0.7180358,0.539515,0.34436914,0.4647025,0.50230664,0.6990358,0.27391085,0.4761817,0.59255666,0.49914,0.8642963,0.6435103,0.67668116,0.7073483,0.2209028,0.34538844,0.41463947,0.6990358,0.6681608,0.32497332,0.8457515,0.66063994,0.8337577,0.43257073,0.8785067,0.60561913,0.6200671,0.8213286,0.66697335,0.6899317,0.8202796,0.7655516,0.8232533,0.55099416,0.59911764,0.35149416,0.52961916,0.9382182,0.6754541,0.28182748,0.36008376,0.3962233,0.60992384,0.5636608,0.7219942,0.7975667,0.96543175,0.5650364,0.47618166,0.66578585,0.9326369,0.50359315,0.79245245,0.7694942,0.4009733,0.22160144,0.7922942,0.55099416,0.72397333,0.726002,0.8741367,0.9020983,0.37049416,0.7346608,0.66143167,0.7918726,0.7619733,0.8962202,0.52091086,0.22443165,0.35980666,0.506265,0.7515234,0.61789,0.5466796,0.84866077,0.71402997,0.38595146,0.35660833,0.8737171,0.785189,0.15318164,0.701015,0.24234313,0.75761926,0.4728824,0.35189,0.5879789,0.85865563,0.7417067,0.4817233,0.53938836,0.6412442,0.48081294,0.363765,0.62264,0.42314,0.55099416
BC2026_Train_0006_S09_20250828_000000_50,0.29742494,0.65375,0.113788396,0.40210083,0.46497896,0.5717909,0.40055186,0.30183497,0.24339214,0.30153215,0.21038559,0.1425556,0.50384456,0.367414,0.42192027,0.28035545,0.062772736,0.41367897,0.1699216,0.39915067,0.17991441,0.23971988,0.3714458,0.8537863,0.3440321,0.417954,0.5956168,0.62681174,0.5591242,0.5868326,0.76539016,0.82460684,0.75866103,0.9188489,0.4696433,0.9267725,0.92727715,0.74217457,0.874571,0.83130234,0.75933397,0.874571,0.71021104,0.82460684,0.67017245,0.67017245,0.67421,0.6893506,0.6668079,0.67925686,0.71021104,0.71021104,0.71021104,0.87199706,0.6065818,0.43554682,0.80414504,0.2207696,0.44552776,0.44537634,0.13317664,0.3361946,0.21527444,0.161071,0.3472384,0.68199456,0.4067321,0.23612466,0.5014909,0.21684712,0.7894993,0.72194827,0.8584553,0.24768443,0.77176774,0.8323838,0.6268928,0.7476418,0.71833026,0.6316329,0.15770166,0.8529136,0.27222613,0.19266362,0.2991428,0.92218447,0.4974553,0.30546623,0.761872,0.68785113,0.3525803,0.4036428,0.34980947,0.703922,0.45681313,0.41828862,0.34743446,0.73139274,0.36326778,0.32803866,0.920621,0.9069065,0.8733644,0.51463443,0.70973605,0.4801475,0.6257053,0.47924694,0.5340204,0.83985114,0.55049694,0.9070636,0.35455945,0.94573367,0.76993704,0.72624695,0.52001774,0.58733916,0.53702277,0.8042261,0.3496314,0.697747,0.7974969,0.7199136,0.31642964,0.44990584,0.26391363,0.48742568,0.628872,0.6684256,0.2872678,0.58216363,0.6625177,0.51305115,0.5080042,0.38385114,0.64312196,0.76315445,0.45272613,0.58651775,0.34466365,0.80818444,0.33793446,0.6296636,0.6371845,0.6454969,0.9640043,0.6972027,0.73353034,0.6553928,0.38850832,0.35623184,0.35644954,0.90476775,0.7733511,0.38543445,0.8771783,0.66330945,0.79910016,0.5479933,0.808521,0.44441366,0.59563184,0.91860217,0.73178864,0.73588556,0.92325324,0.6882469,0.88273185,0.45549697,0.59353393,0.48835114,0.5805803,0.95212924,0.80136627,0.2468928,0.5390673,0.5948303,0.5922871,0.5702886,0.74089277,0.8436512,0.9577105,0.55731523,0.5738511,0.47370532,0.9217095,0.56554854,0.6312469,0.7697886,0.4392678,0.2668626,0.7398636,0.5283303,0.77137196,0.8012277,0.9118524,0.87986994,0.2563928,0.5485178,0.7567261,0.8557312,0.9158511,0.90278864,0.73020536,0.37791362,0.4095803,0.5014137,0.7893745,0.6557886,0.68468446,0.87389284,0.58018446,0.46207768,0.34005612,0.94577616,0.84723336,0.21483031,0.8418303,0.17418812,0.8572678,0.5820558,0.4372886,0.5816354,0.79001576,0.7909649,0.63203865,0.61352944,0.7444553,0.5140605,0.34822613,0.7056636,0.58335114,0.6300595
BC2026_Train_0006_S09_20250828_000000_55,0.32683983,0.6295833,0.10277502,0.3865994,0.36326504,0.8014091,0.21966065,0.20240033,0.14032377,0.34987,0.23419563,0.09338784,0.22813939,0.3430336,0.39481455,0.32834718,0.058315028,0.36433378,0.2400723,0.5351799,0.18314354,0.3951123,0.2540065,0.63799316,0.37341818,0.3771588,0.60875154,0.6984924,0.5749924,0.40197363,0.7132486,0.7795309,0.70786524,0.836897,0.42725903,0.8514993,0.93060064,0.72401524,0.7863778,0.8202255,0.66984546,0.7863778,0.6853225,0.7795309,0.560833,0.560833,0.60053504,0.56016004,0.5981798,0.6345173,0.6853225,0.6853225,0.6853225,0.7727008,0.66311634,0.40571576,0.8014091,0.19956815,0.38223535,0.23552269,0.124693304,0.40690562,0.24873956,0.196353,0.42471817,0.4884869,0.4788682,0.26811066,0.66286737,0.27621743,0.7614299,0.6890273,0.6875766,0.5886182,0.7255766,0.81410813,0.56209743,0.54412663,0.7465557,0.76102346,0.089363545,0.7853474,0.23395155,0.29649323,0.1999099,0.7445766,0.3554724,0.32598278,0.7212224,0.5474516,0.36220157,0.32380575,0.28263906,0.8728844,0.2949,0.3297432,0.27551407,0.8106807,0.33330575,0.19595157,0.90712553,0.69461614,0.8798689,0.44899985,0.7154263,0.513786,0.5561599,0.39901403,0.43398592,0.58901405,0.35863906,0.8896258,0.23276407,0.9077827,0.73873806,0.7647641,0.4575974,0.62782556,0.6167224,0.6230557,0.44134843,0.66936827,0.77386826,0.68124324,0.29335943,0.31877863,0.17774323,0.33734244,0.6337432,0.74020267,0.23830572,0.5244932,0.7509099,0.5310443,0.5000901,0.43899322,0.89499325,0.78235483,0.38634738,0.5201391,0.48886824,0.8668891,0.33409742,0.6325558,0.61078495,0.44136822,0.8949932,0.5611673,0.7838172,0.5890141,0.37800875,0.28314376,0.2982745,0.7101391,0.6832224,0.29411823,0.7978162,0.7952433,0.8009828,0.4338573,0.83462864,0.6626391,0.70517135,0.8653057,0.5985141,0.8601204,0.9267391,0.7263682,0.88409597,0.5173682,0.46870056,0.33924323,0.6507641,0.9083328,0.6791552,0.22445157,0.38741618,0.40455574,0.64781517,0.6226599,0.7010349,0.7402224,0.9709141,0.54725367,0.49480575,0.62068075,0.8098891,0.494212,0.79365987,0.66224325,0.37763903,0.22130468,0.4607443,0.28936824,0.7168683,0.86112976,0.8500935,0.89857554,0.16824323,0.7556599,0.63665664,0.78737766,0.73784745,0.9474016,0.58822244,0.3673474,0.32143068,0.7232016,0.7382432,0.5644724,0.6030661,0.8514516,0.85818076,0.5200401,0.4782124,0.8564193,0.6982245,0.1583474,0.7144933,0.2586021,0.8193891,0.6684263,0.20545156,0.42410356,0.6899516,0.8092724,0.5244932,0.5407224,0.44374323,0.3638245,0.42790988,0.46115988,0.4069307,0.6452224
BC2026_Train_0006_S09_20250828_000000_60,0.4767362,0.57958335,0.100804396,0.34940156,0.3638297,0.58164215,0.31398442,0.18377501,0.20769718,0.3351813,0.21587312,0.20194377,0.15076844,0.359658,0.43505836,0.29924694,0.09842345,0.6074057,0.21353227,0.22715884,0.081203215,0.32103074,0.2546737,0.72378075,0.37042034,0.3980297,0.623761,0.5646213,0.35906512,0.3925526,0.74098927,0.71138096,0.6753799,0.82056165,0.39813823,0.7524288,0.9068632,0.74839133,0.8166756,0.71037155,0.70397884,0.8166756,0.6649497,0.71138096,0.55459136,0.55459136,0.61347157,0.5481987,0.6269299,0.66629547,0.6649497,0.6649497,0.6649497,0.76388526,0.5986674,0.446868,0.86228806,0.20333907,0.37964725,0.12816142,0.20961799,0.38217658,0.083371885,0.14090626,0.35759532,0.45912653,0.45841408,0.23616157,0.4980026,0.2621651,0.7490797,0.652882,0.64863986,0.6953482,0.576994,0.8021787,0.55284816,0.39022005,0.8841607,0.64318717,0.10889143,0.7016815,0.08220237,0.3438482,0.15899403,0.740869,0.35968152,0.27422112,0.68307734,0.60470235,0.50336903,0.30545238,0.32049403,0.7465242,0.4403425,0.553244,0.23024404,0.80934817,0.27932736,0.26151487,0.84853566,0.6095849,0.86896557,0.31324238,0.58713484,0.5444565,0.57066065,0.4040149,0.41908625,0.664869,0.41628566,0.73413986,0.24370237,0.8061657,0.60021955,0.662494,0.40955654,0.72862536,0.44874403,0.61380655,0.34117636,0.50534815,0.67318153,0.62924397,0.16606402,0.33873206,0.19818154,0.24199516,0.662494,0.86800337,0.29001486,0.574619,0.54255646,0.43453366,0.42746803,0.6676398,0.8042023,0.44320238,0.37274405,0.505744,0.64124566,0.75788987,0.22074404,0.44557735,0.64863986,0.38501486,0.7535356,0.5674643,0.7522979,0.56195235,0.29970685,0.25938725,0.294656,0.5995565,0.5385982,0.26230654,0.71187425,0.65141064,0.8394909,0.42587477,0.8431919,0.31138986,0.54998827,0.68030655,0.534244,0.715595,0.7499732,0.8243898,0.7291504,0.30347317,0.5659898,0.3462232,0.52593154,0.86369604,0.5941633,0.1443482,0.2852352,0.29911906,0.6300961,0.6209315,0.5872857,0.74166065,0.90650547,0.53118616,0.5053482,0.6335982,0.9334023,0.5124336,0.700494,0.80895233,0.33197322,0.18977009,0.6402284,0.22905654,0.65497315,0.7877941,0.867127,0.8105357,0.19303569,0.7309731,0.44161904,0.814505,0.93122524,0.83270234,0.51920235,0.18393154,0.30188987,0.46101487,0.743244,0.4376607,0.46594298,0.77174395,0.65022314,0.34753937,0.3734565,0.88685226,0.72230446,0.23618153,0.60470235,0.08836747,0.7309731,0.36543894,0.17680652,0.57291096,0.7493201,0.72957706,0.42222318,0.584119,0.6138065,0.2538555,0.43013984,0.6082648,0.36363986,0.45626485
BC2026_Train_0007_S09_20250829_000000_5,0.4209032,0.6645833,0.25666472,0.22256565,0.3599,0.70521086,0.2569675,0.27907282,0.23213693,0.31874126,0.28088972,0.112828776,0.1570394,0.46082446,0.47354257,0.6011444,0.31732816,0.92831665,0.6067298,0.7555453,0.21875972,0.70161104,0.794946,0.32552186,0.39819688,0.40478748,0.7962902,0.69768995,0.5050775,0.4291962,0.6206938,0.7653709,0.5799824,0.687649,0.5406167,0.7411459,0.84208345,0.6674615,0.7075001,0.6974063,0.5910855,0.7075001,0.69908863,0.7653709,0.67419076,0.67419076,0.66409695,0.59445006,0.64794695,0.64525527,0.69908863,0.69908863,0.69908863,0.68529385,0.6647699,0.46990883,0.8622973,0.3151906,0.39659378,0.1890158,0.41037175,0.31412187,0.1832,0.27404377,0.77142817,0.7698448,0.7891021,0.30148095,0.67552334,0.6220858,0.733315,0.5178824,0.8723026,0.10913589,0.6142192,0.93931425,0.8046151,0.90332896,0.5461359,0.9055328,0.8440791,0.82163584,0.3885942,0.9305891,0.5362401,0.86646396,0.86478174,0.38313174,0.96860886,0.5223859,0.52674,0.36444837,0.9866984,0.6756723,0.8152764,0.8925296,0.47646922,0.8523328,0.6189692,0.8486634,0.7986776,0.6562888,0.6485805,0.43208838,0.58501434,0.81802344,0.85815156,0.6209484,0.93856514,0.98266095,0.8944692,0.6114484,0.25836506,0.6103599,0.68419516,0.9539234,0.6585526,0.75022113,0.48715675,0.6826984,0.6331698,0.916537,0.9658182,0.9827401,0.3012184,0.88966876,0.42461503,0.6525982,0.8034276,0.5350392,0.32051086,0.9029995,0.88576084,0.8830475,0.97088,0.6842817,0.64034426,0.3561359,0.5805734,0.5504901,0.6984051,0.96775776,0.7440526,0.89565676,0.50813586,0.73336506,0.7990734,0.70708174,0.8068911,0.81441194,0.9579237,0.68410367,0.774601,0.8978932,0.76819843,0.8956369,0.91094977,0.80540675,0.90008014,0.88675696,0.95838845,0.64509416,0.9142807,0.48953176,0.75236505,0.5971984,0.4479692,0.88299006,0.5343203,0.8449901,0.9430682,0.7911567,0.7555317,0.8026359,0.8166683,0.5584067,0.89851767,0.28330255,0.94442993,0.45628172,0.84380263,0.5865109,0.45667756,0.85165,0.65657336,0.90555257,0.56038594,0.83264005,0.65894836,0.3965109,0.73415667,0.7492479,0.60584575,0.79986507,0.9576641,0.8581451,0.9670082,0.82994837,0.7495942,0.45667756,0.44440675,0.83168447,0.3585109,0.8825942,0.70209426,0.86399007,0.63163584,0.73771924,0.50299,0.8801995,0.8082726,0.9670058,0.93066823,0.86714447,0.50686926,0.6244452,0.85117793,0.4155109,0.7468233,0.8335312,0.91481507,0.6544359,0.9467193,0.95957243,0.6155037,0.91708815,0.62292755,0.90598804,0.9010796,0.94423246,0.9738932,0.7468551,0.94319636,0.8491463
BC2026_Train_0007_S09_20250829_000000_10,0.42245358,0.635,0.16631684,0.2387365,0.3892522,0.73929405,0.39251778,0.18872495,0.28835028,0.32559618,0.30833593,0.11090214,0.1554156,0.47472784,0.4665519,0.595264,0.28184277,0.89508754,0.47787082,0.64152426,0.25288114,0.6220096,0.67707336,0.44037402,0.4410865,0.42024592,0.8443609,0.7673982,0.50408983,0.36194608,0.6678925,0.80045706,0.57772166,0.73451126,0.6396299,0.7869987,0.852053,0.67226636,0.7573903,0.6904351,0.66486436,0.7573903,0.7543623,0.80045706,0.6470321,0.6470321,0.6678925,0.6096851,0.63727474,0.66284555,0.7543623,0.7543623,0.7543623,0.7822882,0.6362654,0.4765447,0.89406484,0.36271152,0.4250909,0.15937293,0.37346137,0.30036777,0.12316012,0.17796916,0.5879803,0.8439855,0.7541116,0.24595654,0.7187107,0.50159603,0.8132753,0.53130776,0.7813185,0.22675599,0.7722143,0.9297698,0.7817143,0.7690912,0.343131,0.7491472,0.7969163,0.7950539,0.3071102,0.8359435,0.6289226,0.6407977,0.9679341,0.34564453,0.9177227,0.5406518,0.50186014,0.43100598,0.95734555,0.65239555,0.6084294,0.44921434,0.36094347,0.8114017,0.50304765,0.9110727,0.7860685,0.5723877,0.7406129,0.56487685,0.6884782,0.61917526,0.7662768,0.6368393,0.9189121,0.9646686,0.6447559,0.70017266,0.2778185,0.46374145,0.654013,0.8401789,0.5940893,0.8102984,0.48246434,0.54104763,0.5397909,0.90121645,0.9048185,0.9376727,0.4235105,0.7641393,0.49236017,0.67926025,0.7734018,0.58470315,0.44011018,0.79497474,0.60081846,0.8356466,0.95037895,0.5940893,0.625756,0.47890183,0.5913184,0.6083393,0.78488094,0.9847768,0.69383925,0.89163727,0.58736014,0.5731101,0.7940643,0.573504,0.77486646,0.88277054,0.89944214,0.5329727,0.6466659,0.83879346,0.71640176,0.9537038,0.8970126,0.7286726,0.9440713,0.7933805,0.9527352,0.5303601,0.770344,0.7009643,0.6214017,0.350256,0.41715184,0.7322351,0.5619872,0.9334451,0.6881493,0.7270893,0.7912143,0.8280268,0.804831,0.756381,0.75337267,0.33283937,0.8626247,0.3276935,0.7049226,0.56836015,0.32571435,0.8118669,0.64000595,0.8321118,0.5857768,0.7554508,0.72431844,0.52481854,0.5834018,0.5569502,0.5209393,0.7947768,0.8615935,0.8496373,0.8735853,0.8592976,0.8580112,0.48998517,0.4749435,0.6416981,0.46821433,0.89302266,0.74569345,0.6681101,0.6024018,0.7884435,0.3918185,0.7918477,0.7716008,0.9847768,0.7971518,0.7634124,0.63473344,0.6955612,0.68901414,0.6202143,0.7551935,0.8552581,0.89074665,0.329831,0.91190386,0.9085938,0.75853133,0.8953506,0.46821433,0.8022976,0.8753091,0.8437216,0.95202166,0.71561015,0.917782,0.6126935
BC2026_Train_0007_S09_20250829_000000_15,0.36401793,0.61125,0.2894127,0.37998337,0.48204896,0.72825885,0.36208776,0.20280835,0.35330614,0.3517921,0.3033421,0.23248397,0.12256304,0.5634702,0.49209046,0.6813988,0.3012521,0.92666876,0.42510614,0.6120593,0.2037502,0.53751683,0.66805756,0.46762082,0.44125834,0.4638802,0.8321321,0.7429047,0.6391964,0.4407255,0.6326194,0.8762152,0.6393485,0.7412954,0.56229955,0.8570371,0.86679435,0.6766954,0.73793083,0.72077143,0.60906726,0.73793083,0.7012568,0.8762152,0.67299443,0.67299443,0.611086,0.6625642,0.62521726,0.66727453,0.7012568,0.7012568,0.7012568,0.7739319,0.5606173,0.5695264,0.92300886,0.3589646,0.472644,0.2284257,0.39345852,0.5582667,0.19487582,0.20456582,0.71571326,0.8773677,0.758499,0.25549772,0.9032172,0.5897172,0.91105473,0.5837055,0.85459286,0.37207204,0.82886374,0.97149235,0.7409887,0.8774255,0.6416345,0.7620471,0.8390342,0.84101576,0.30517623,0.6400512,0.4033429,0.62303036,0.8003637,0.26673093,0.885745,0.5351554,0.35821787,0.55415535,0.7964055,0.74634236,0.70014864,0.5260512,0.3997804,0.77344704,0.5169471,0.9311668,0.8510304,0.7257355,0.88771427,0.59025544,0.6136436,0.5626758,0.9246356,0.616697,0.8911783,0.9259617,0.92505115,0.633322,0.4251137,0.68187106,0.6873098,0.8577595,0.56919706,0.97032225,0.7481137,0.5656345,0.58906794,0.88635856,0.87121785,0.8841537,0.38111052,0.7422653,0.39146787,0.7261054,0.8486554,0.9428168,0.7089262,0.7750303,0.75639457,0.71016526,0.7948181,0.56444705,0.76038456,0.6036346,0.92623866,0.68003035,0.74217623,0.979894,0.89298874,0.91950953,0.72080123,0.54188454,0.91895545,0.85428566,0.8429059,0.934947,0.7621235,0.68005365,0.775545,0.72198874,0.6099679,0.9631305,0.93114114,0.93526363,0.9565842,0.9057247,0.88961226,0.6277804,0.8212638,0.61709285,0.71684283,0.7338637,0.5775095,0.5925512,0.64216894,0.78096783,0.6861559,0.7785928,0.7936029,0.91238457,0.7834978,0.78967625,0.8105663,0.32140538,0.8912891,0.47063455,0.82609284,0.49478036,0.3681137,0.8980158,0.54069704,0.7291137,0.7560303,0.705809,0.88942623,0.81184286,0.48211372,0.51370126,0.6325502,0.77344704,0.8213429,0.94739354,0.8635825,0.9448429,0.8986095,0.7342595,0.5384962,0.58004904,0.67369705,0.9443481,0.7896445,0.66775954,0.60165536,0.7968012,0.62738454,0.79046786,0.87951064,0.9828429,0.57275957,0.8371011,0.7294462,0.8771554,0.8955943,0.9622596,0.6527178,0.92424226,0.881371,0.725947,0.6812179,0.88185215,0.88199145,0.91183037,0.6194679,0.62540543,0.79749393,0.7138663,0.9016376,0.5414887,0.8256179,0.77582204
BC2026_Train_0007_S09_20250829_000000_20,0.3187911,0.61083335,0.29640543,0.3035304,0.60309714,0.85779184,0.34001037,0.23220918,0.3224473,0.4023898,0.38240415,0.22857541,0.18406197,0.60403526,0.5969696,0.71658057,0.42501163,0.9451168,0.5843388,0.7586074,0.30844292,0.7677086,0.79598796,0.32276788,0.4431804,0.49394602,0.77714306,0.6313553,0.5767304,0.62779284,0.5954913,0.80034053,0.63889444,0.6301465,0.51440483,0.71998084,0.7936652,0.60659444,0.706859,0.6193799,0.520461,0.706859,0.6358663,0.80034053,0.71190584,0.71190584,0.5944818,0.6425955,0.589435,0.5853975,0.6358663,0.6358663,0.6358663,0.69138193,0.62308085,0.62119466,0.91318864,0.33381164,0.5796519,0.34106925,0.540791,0.6171492,0.18431135,0.31088698,0.81549335,0.74183667,0.75183153,0.33365136,0.8565844,0.64916784,0.8409096,0.57449937,0.86443484,0.5703306,0.66295564,0.9367106,0.89214313,0.850077,0.73974735,0.8380427,0.8334763,0.9014255,0.24099734,0.66453904,0.446039,0.6443515,0.6645389,0.31483012,0.9196536,0.5485598,0.469789,0.41001815,0.8292255,0.6842021,0.78245485,0.8482056,0.57508063,0.8160798,0.612289,0.9508849,0.7563723,0.92233175,0.82519144,0.28488734,0.2817088,0.73943067,0.8935088,0.74093485,0.74302286,0.9099556,0.5525182,0.6182265,0.2865182,0.5260963,0.84719634,0.7298515,0.8848401,0.932462,0.7512265,0.62851816,0.5891328,0.98023593,0.7536015,0.88585734,0.25411922,0.8610792,0.41714314,0.6786787,0.8822869,0.97668606,0.833164,0.8181223,0.8146548,0.70765316,0.78550965,0.5841848,0.8909557,0.647914,0.8672056,0.6447473,0.78803897,0.9212369,0.76983064,0.8454348,0.70372653,0.74093485,0.9841151,0.64107597,0.7545218,0.89206403,0.9013538,0.5992439,0.9211648,0.79049313,0.6629556,0.8496901,0.9633121,0.8717974,0.941373,0.961417,0.852649,0.9143098,0.9023062,0.9297473,0.63361645,0.8113932,0.6807682,0.91193485,0.662362,0.588539,0.825564,0.89174736,0.6826998,0.9456994,0.9179541,0.50462234,0.93520105,0.4781015,0.85955316,0.374789,0.83158064,0.5865599,0.37755984,0.85484874,0.57349735,0.7258932,0.8719557,0.6536437,0.8505964,0.43455985,0.7506565,0.50165355,0.77828175,0.75489986,0.85762656,0.95675606,0.8900318,0.86799735,0.9237307,0.48997653,0.47730982,0.88856834,0.44089317,0.9447692,0.9615327,0.59526813,0.6257473,0.6779973,0.70847654,0.7912057,0.8388442,0.9540713,0.8121848,0.8761318,0.30455235,0.47782445,0.72154987,0.8493931,0.78012234,0.86168826,0.9590389,0.69432545,0.6356432,0.8889888,0.91213477,0.84790045,0.5731015,0.8842265,0.82999736,0.58888334,0.92628384,0.77576816,0.8971109,0.7638931
BC2026_Train_0007_S09_20250829_000000_25,0.4093601,0.6979167,0.30854997,0.2366963,0.5711755,0.8799808,0.5630471,0.38637275,0.3103668,0.45874497,0.35609153,0.2773603,0.18439685,0.6050074,0.60702616,0.72663707,0.55039424,0.938212,0.462345,0.7209469,0.33486098,0.6493823,0.8707633,0.36957756,0.43192127,0.558113,0.82421005,0.7546005,0.63466305,0.6465381,0.6834067,0.8327942,0.64134943,0.709314,0.5939087,0.8287567,0.8924651,0.668939,0.74733377,0.7443056,0.59861916,0.74733377,0.741614,0.8327942,0.685089,0.685089,0.68879,0.7035942,0.6480786,0.6743223,0.741614,0.741614,0.741614,0.73589414,0.6921546,0.6151012,0.9343089,0.29547754,0.5691845,0.25116402,0.34866965,0.6141234,0.20698506,0.25785756,0.6263942,0.79937345,0.767489,0.5260367,0.8575172,0.73124635,0.9172287,0.7074226,0.877115,0.45357338,0.8323859,0.9262319,0.927663,0.9017151,0.6071567,0.8046538,0.9409362,0.9798932,0.28455254,0.7199692,0.46505255,0.9441098,0.82724005,0.4485661,0.94961196,0.6309067,0.6700942,0.4943442,0.9316213,0.65552753,0.9520378,0.8240734,0.7381776,0.7101525,0.7207608,0.83357334,0.8779067,0.86348844,0.8629105,0.4093034,0.41658273,0.8153552,0.9559057,0.7745942,0.8351864,0.8975994,0.79161507,0.85336506,0.26515672,0.57121503,0.7684687,0.86524004,0.8744036,0.8317947,0.79913586,0.71878165,0.4832312,0.93340254,0.81457335,0.89986753,0.36073068,0.7669032,0.61467755,0.76142585,0.9599432,0.8502158,0.86999005,0.8727609,0.7096775,0.75587827,0.8401106,0.8482192,0.6831567,0.76984423,0.7397609,0.4895942,0.8193234,0.8860609,0.94717747,0.8775109,0.6712817,0.69899005,0.9317598,0.82206446,0.7820359,0.97694427,0.92716324,0.7723157,0.96342754,0.9767068,0.69780254,0.90179527,0.9706722,0.87592757,0.94492596,0.9826725,0.85172707,0.7662817,0.9120513,0.82724,0.7327151,0.6265525,0.872365,0.8347608,0.71017236,0.78765666,0.86010414,0.8482192,0.6681151,0.7924067,0.8407009,0.50780255,0.93096024,0.34828168,0.8998849,0.3407609,0.76271915,0.63011503,0.463865,0.9219422,0.625365,0.848615,0.78686506,0.764164,0.7290734,0.54382336,0.92263585,0.65785307,0.83607113,0.98874,0.9479692,0.9112067,0.8537312,0.65861505,0.86302334,0.6202192,0.57074004,0.9671513,0.61824006,0.89118695,0.9493942,0.7947817,0.5687608,0.6811775,0.78449,0.78092754,0.85047156,0.94969505,0.7496567,0.9188656,0.5543842,0.6407234,0.87412554,0.50899005,0.82724,0.95947504,0.9877306,0.57491606,0.73738587,0.89180154,0.78451616,0.8768647,0.5881567,0.6867192,0.8553442,0.7774115,0.9373807,0.72551084,0.9668504,0.8410942
BC2026_Train_0007_S09_20250829_000000_30,0.42203376,0.6025,0.2488007,0.30929458,0.38179144,0.89278644,0.5414858,0.343581,0.29906756,0.4595582,0.33025727,0.15159787,0.17824538,0.47779846,0.4523622,0.61959887,0.34242582,0.9341571,0.57384086,0.7393448,0.29441223,0.686218,0.90499014,0.27616334,0.38090083,0.46729147,0.7454342,0.80993855,0.60173017,0.576001,0.68899554,0.7912789,0.5883945,0.6876497,0.5614779,0.7186039,0.85631627,0.67721957,0.7593154,0.65131223,0.5964696,0.7593154,0.70110804,0.7912789,0.5944508,0.5944508,0.61228305,0.61093724,0.6015164,0.629106,0.70110804,0.70110804,0.70110804,0.71322054,0.68058413,0.48234063,0.89624995,0.38909453,0.4438502,0.2665535,0.4225019,0.55807585,0.21772052,0.27404368,0.72393,0.63447165,0.7689362,0.34418663,0.7359177,0.68366766,0.8305416,0.5882838,0.7469685,0.3432976,0.79731846,0.9327301,0.9008883,0.95771015,0.5321101,0.7895774,0.63482887,0.86876637,0.21544346,0.49331844,0.73319346,0.9472205,0.6100893,0.2674065,0.82777786,0.49213094,0.79256845,0.43988094,0.8413549,0.6643679,0.97654045,0.5515059,0.76216847,0.81631845,0.6888601,0.6659018,0.7236935,0.65819377,0.78465474,0.6866909,0.7664332,0.5767305,0.8163581,0.50163096,0.80421937,0.8529726,0.7062768,0.6647143,0.2336518,0.3494726,0.67669815,0.84066224,0.5997976,0.8259174,0.54873514,0.5404226,0.63157314,0.77831846,0.6263184,0.7974966,0.4609021,0.5895925,0.3654643,0.6222908,0.8216226,0.6475945,0.5974226,0.65798515,0.8369018,0.6563028,0.83664453,0.55625594,0.75219345,0.53448516,0.66273516,0.6187976,0.6215684,0.9221445,0.7050893,0.76881844,0.5344851,0.54675597,0.8412956,0.7498644,0.8174565,0.9809852,0.7890929,0.6660106,0.8441084,0.9829247,0.63186014,0.63898516,0.9719592,0.6607559,0.84883463,0.98426217,0.82575357,0.7265117,0.87680435,0.79256845,0.60811013,0.7007351,0.88717264,0.8331612,0.45276538,0.7054851,0.7325106,0.7593184,0.6385893,0.82265174,0.72556376,0.59465176,0.83731,0.38367262,0.6991914,0.49411014,0.7280476,0.45017263,0.2764018,0.7407316,0.47669345,0.77475595,0.58554757,0.6903346,0.83531845,0.54636014,0.80881345,0.5027096,0.7734885,0.88826114,0.78148514,0.6144039,0.72245723,0.7506101,0.81750596,0.5994018,0.3927768,0.78604794,0.6504643,0.8844018,0.8681726,0.7787143,0.60811013,0.8483809,0.67342263,0.75417256,0.88192236,0.9333426,0.8384851,0.7766262,0.67421424,0.57810044,0.90274966,0.4679851,0.7842559,0.560808,0.97021854,0.46555078,0.6100893,0.8233444,0.72754806,0.8547836,0.4949018,0.7921727,0.67698514,0.6088622,0.90945804,0.6005893,0.8897852,0.68292266
BC2026_Train_0007_S09_20250829_000000_35,0.40490538,0.65958333,0.18854845,0.26973185,0.3646725,0.7458354,0.40627056,0.26939934,0.30058903,0.3287506,0.2697022,0.12162687,0.23487876,0.42094696,0.40641192,0.5523507,0.27899432,0.8693996,0.45845085,0.68767995,0.22225712,0.59249586,0.7995315,0.38123807,0.35950682,0.4159725,0.73874867,0.7387896,0.5935188,0.47924164,0.6491043,0.80488443,0.6706376,0.74129385,0.5448022,0.776622,0.8919935,0.69990945,0.73220944,0.7352376,0.59762615,0.73220944,0.72749907,0.80488443,0.7248074,0.7248074,0.67265636,0.7177418,0.626898,0.64338446,0.72749907,0.72749907,0.72749907,0.7338918,0.6578521,0.4300313,0.9003094,0.28113186,0.37879977,0.54765147,0.28659338,0.36591932,0.23253047,0.20255204,0.62162775,0.74394023,0.65986526,0.3605459,0.7292896,0.5954979,0.81718445,0.7124679,0.92113525,0.4371696,0.8076696,0.94730437,0.91765195,0.97949666,0.3920446,0.7715023,0.797378,0.73008627,0.28437793,0.64894044,0.5772946,0.86219573,0.7213779,0.38407844,0.9556915,0.5590862,0.66279465,0.33504462,0.9174936,0.7782553,0.8156293,0.41025293,0.53058624,0.80094045,0.5147529,0.8759509,0.86229455,0.95421356,0.69568396,0.70636797,0.658028,0.68500084,0.9300811,0.4886279,0.8520515,0.9283988,0.6718988,0.6394405,0.2649821,0.54038316,0.7975165,0.96151024,0.73008627,0.7979717,0.5571071,0.71425295,0.5310118,0.947003,0.75185716,0.9061846,0.3735996,0.7316474,0.4965446,0.62042063,0.80608636,0.6432009,0.47952378,0.6216279,0.8080655,0.80476713,0.8802516,0.61094046,0.8900029,0.7538363,0.7463154,0.540878,0.5191071,0.96461755,0.7459196,0.73681545,0.48229456,0.6734822,0.9764846,0.56683576,0.80019236,0.9491207,0.8449823,0.7132743,0.87409383,0.88558936,0.59431547,0.68179464,0.979638,0.84606546,0.92047817,0.9237839,0.90193933,0.9561071,0.8147035,0.89079463,0.52860713,0.51633626,0.5863988,0.96982276,0.44516546,0.78589875,0.7347967,0.8991071,0.7197946,0.88800395,0.8591963,0.81289464,0.9063534,0.5800655,0.75746816,0.49337792,0.91889876,0.5788779,0.5357321,0.83487976,0.43202376,0.87060714,0.5547321,0.79624,0.89673203,0.39996123,0.659628,0.47751492,0.77237236,0.87414986,0.9500311,0.75376695,0.86681837,0.7858987,0.51514876,0.37146127,0.6505238,0.92140883,0.29585713,0.9639447,0.9678041,0.72414875,0.7894613,0.7914404,0.681003,0.81083626,0.73987055,0.9710221,0.8710029,0.7228227,0.48110712,0.70950854,0.8959777,0.54800296,0.83696127,0.6493364,0.940729,0.6541061,0.76927376,0.90848875,0.7229435,0.87141854,0.6014404,0.9295863,0.7625446,0.6933994,0.93213946,0.80212796,0.8729623,0.76927376
BC2026_Train_0007_S09_20250829_000000_40,0.37783182,0.655,0.13999599,0.24416943,0.3344788,0.75151336,0.4122244,0.29594442,0.25869846,0.36014065,0.24567756,0.123946935,0.20358662,0.37781423,0.3868986,0.53886,0.25521314,0.8800559,0.6067874,0.65066165,0.17699555,0.64177907,0.8347224,0.3517569,0.2983194,0.41036004,0.73299646,0.7054384,0.43361965,0.34170714,0.7089868,0.78469,0.7227816,0.77814585,0.50206494,0.78373104,0.92566603,0.7295108,0.7779608,0.8348222,0.69822013,0.7779608,0.7375858,0.78469,0.6494337,0.6494337,0.6645743,0.67904204,0.64775145,0.6898087,0.7375858,0.7375858,0.7375858,0.76820344,0.6992295,0.41415176,0.889679,0.2559257,0.38615286,0.24549648,0.26063707,0.37776315,0.228156,0.18394537,0.44260064,0.7517861,0.60999864,0.2296285,0.66545916,0.5597718,0.7929571,0.6462068,0.83124596,0.21519077,0.8299199,0.94986045,0.7801835,0.91237104,0.5571907,0.9234955,0.46527827,0.5928157,0.3192949,0.6636699,0.3806491,0.7876647,0.8160657,0.27155742,0.9433261,0.5239408,0.48712823,0.4661491,0.9666012,0.74054074,0.85276395,0.57104486,0.45981574,0.90591997,0.5235449,0.801499,0.88850325,0.7337938,0.7305232,0.5551482,0.75003636,0.6645803,0.8018553,0.64031565,0.8891109,0.9677689,0.78439903,0.7250241,0.2440866,0.5407043,0.664709,0.910848,0.715524,0.7305261,0.58569074,0.55323243,0.73455375,0.8928574,0.8623782,0.9385524,0.3745893,0.69957197,0.34344074,0.643621,0.7281907,0.68073034,0.28485742,0.52077407,0.860399,0.7317483,0.9399319,0.6035032,0.7392741,0.60469073,0.54412824,0.5809407,0.48673245,0.9639886,0.59558654,0.6838573,0.5267116,0.5947949,0.8718585,0.57209986,0.8401325,0.7128324,0.71510357,0.47107723,0.61216205,0.8069616,0.5615449,0.68069077,0.9504076,0.7372949,0.8553908,0.91135824,0.9023099,0.7631507,0.92394966,0.7460032,0.5405657,0.7349199,0.6304199,0.7850957,0.60160327,0.914264,0.74667615,0.7171074,0.80656576,0.8022115,0.7422626,0.717899,0.77897614,0.4103366,0.6899137,0.5579824,0.78519076,0.5508574,0.32919076,0.70132357,0.46535742,0.81587577,0.6149824,0.73990744,0.69019073,0.5488782,0.5472949,0.5599319,0.52841365,0.8302167,0.9090865,0.6508845,0.743551,0.88573235,0.46971157,0.42181575,0.6422949,0.70097226,0.27535743,0.93624073,0.7709407,0.6177532,0.6977116,0.86825645,0.55204487,0.87951785,0.8396377,0.94114906,0.9217533,0.5688184,0.5713141,0.76427096,0.9035895,0.5338366,0.7392741,0.6079365,0.89390635,0.59655637,0.78479487,0.88943946,0.5382788,0.94576055,0.57302403,0.85366994,0.70325327,0.7791889,0.9736668,0.48514912,0.92133766,0.7523365
BC2026_Train_0007_S09_20250829_000000_45,0.30531067,0.6770834,0.1401708,0.24438578,0.32757017,0.8005504,0.422392,0.16560705,0.25251424,0.2967249,0.24342987,0.2155711,0.07567173,0.38640666,0.43637073,0.4925424,0.2450983,0.88989097,0.62722594,0.6737917,0.1684986,0.55286855,0.7416774,0.4089733,0.3092233,0.34787643,0.76906073,0.78048164,0.44402328,0.4048358,0.6534148,0.78227836,0.7267628,0.7826989,0.5888148,0.7953666,0.9188804,0.7802596,0.7371929,0.8663929,0.7136408,0.7371929,0.7210429,0.78227836,0.6456762,0.6456762,0.6857148,0.62918985,0.70421994,0.72541684,0.7210429,0.7210429,0.7210429,0.76646477,0.65778875,0.42456102,0.8991723,0.25899202,0.37831798,0.1867891,0.25159094,0.4118233,0.12890737,0.16463923,0.37441704,0.83095145,0.6787733,0.18468425,0.76179826,0.6248399,0.89202744,0.5408315,0.7219287,0.14757459,0.78526205,0.89906275,0.77372354,0.92941964,0.44563708,0.934284,0.4330496,0.6261371,0.24019958,0.5564704,0.5544913,0.60397047,0.9265746,0.36547092,0.8991829,0.3914079,0.35063708,0.5069912,0.91646105,0.74195796,0.65090984,0.61663705,0.4436579,0.91905373,0.8133663,0.7831839,0.86284536,0.5569215,0.9333647,0.36368376,0.6497062,0.75260586,0.83501834,0.4852204,0.9238706,0.9165205,0.91590685,0.70372045,0.2508871,0.6122235,0.5183418,0.9003507,0.60555375,0.7955438,0.48165792,0.70649123,0.74693555,0.8101995,0.7298454,0.8789955,0.3490605,0.6860465,0.29324126,0.65667564,0.74488705,0.77300113,0.3997204,0.7140121,0.84899133,0.7754385,0.90250206,0.5703246,0.81138706,0.5746788,0.5469704,0.5786371,0.5315329,0.9749455,0.66849124,0.6811579,0.4931371,0.57269955,0.6855121,0.8539714,0.8523163,0.74765784,0.67342013,0.61700326,0.7536722,0.81148607,0.5540954,0.71678287,0.92788875,0.6099079,0.8526696,0.8374592,0.91654617,0.5180746,0.90613925,0.61386627,0.583783,0.77655375,0.6969912,0.84782356,0.58867145,0.7844704,0.7997101,0.8276163,0.6486996,0.79515785,0.79162514,0.5869496,0.65172774,0.39180374,0.675547,0.49630374,0.72826207,0.60555375,0.42505375,0.76014894,0.5054079,0.83258796,0.72628295,0.69957405,0.6914496,0.82919955,0.68630373,0.5144428,0.6318569,0.8565715,0.85429543,0.6657897,0.78672254,0.8026787,0.42544958,0.59565794,0.54499125,0.6507934,0.4412829,0.9110184,0.72113705,0.5331162,0.58932453,0.79846317,0.5105538,0.9229725,0.7146257,0.95828885,0.8723454,0.60211986,0.5557104,0.8953038,0.9352404,0.48442873,0.70767874,0.6133913,0.91802454,0.54728705,0.58813703,0.8248769,0.6494487,0.9265152,0.53588706,0.7254913,0.79719645,0.60922813,0.94886005,0.6198038,0.8858434,0.73142874
BC2026_Train_0007_S09_20250829_000000_50,0.34799188,0.66166663,0.16931981,0.19409698,0.3364189,0.8499831,0.37038732,0.30043763,0.2538045,0.29377574,0.24381168,0.15115105,0.22473447,0.41781667,0.4532457,0.7431887,0.276747,0.8513386,0.38801423,0.6692261,0.21177739,0.5602473,0.80551577,0.27852824,0.3629595,0.42619386,0.8377167,0.8388205,0.61137474,0.4057393,0.58551687,0.7392784,0.6242096,0.74525046,0.5905637,0.77576727,0.8853013,0.7089971,0.66121995,0.78402734,0.5865263,0.66121995,0.6716502,0.7392784,0.6181534,0.6181534,0.64069605,0.57878774,0.63665855,0.63867736,0.6716502,0.6716502,0.6716502,0.65819186,0.72144604,0.4596048,0.912208,0.22224073,0.38939327,0.2983981,0.272659,0.6033491,0.26913217,0.1707181,0.461997,0.7486595,0.65203655,0.3603945,0.75624967,0.6699581,0.87895805,0.61240846,0.7549281,0.22649063,0.7850114,0.95079446,0.8271083,0.84916514,0.7858031,0.96854156,0.51419216,0.62390727,0.29457396,0.7359281,0.5356365,0.8079698,0.72761565,0.30517244,0.9514792,0.38680312,0.6049073,0.413324,0.9099364,0.7080417,0.76630145,0.6310323,0.72286564,0.88357395,0.70465726,0.94231564,0.75728726,0.5886126,0.81809527,0.40661064,0.807935,0.8379336,0.8888386,0.64488643,0.9261825,0.92487913,0.9805927,0.84201145,0.35671982,0.58505625,0.56112814,0.9685594,0.5581989,0.83319426,0.43113646,0.7018864,0.486949,0.80282396,0.8431989,0.95058066,0.4664163,0.8180487,0.441824,0.8260297,0.81707394,0.8140161,0.5540189,0.8837916,0.87486565,0.80699104,0.95790946,0.5506781,0.6789281,0.7628448,0.50357395,0.40501148,0.6124281,0.9448292,0.6148031,0.7513656,0.47388646,0.6286573,0.7917406,0.66842175,0.8406063,0.91345936,0.7081899,0.86083335,0.8222109,0.8265541,0.7438448,0.7739281,0.9055388,0.7406781,0.91840714,0.90865695,0.93344676,0.64686567,0.96833974,0.69832397,0.79661727,0.8293448,0.9005948,0.96755,0.67590004,0.907704,0.8224027,0.83409476,0.8503239,0.8803875,0.8453563,0.58788645,0.69675547,0.41965732,0.7443495,0.4802198,0.77353233,0.5760115,0.29101148,0.7803891,0.57086563,0.8736781,0.54513645,0.7886631,0.7806573,0.59659475,0.6009489,0.5946156,0.74683183,0.9636907,0.86097187,0.76352763,0.7803939,0.8780323,0.75294894,0.4461781,0.7914239,0.6717179,0.36780313,0.93912923,0.8701156,0.67219895,0.5815531,0.9042958,0.46953228,0.9342604,0.8341629,0.9553623,0.77630305,0.6257281,0.64943063,0.8284431,0.9413211,0.34919897,0.78421974,0.63901824,0.95575416,0.57395315,0.6464698,0.8203483,0.66952556,0.9723891,0.5910531,0.724449,0.8026854,0.80766404,0.9077595,0.5661156,0.9684803,0.7545322
BC2026_Train_0007_S09_20250829_000000_55,0.53631634,0.69874996,0.26490116,0.26942882,0.41281945,0.90786785,0.60781956,0.44991964,0.43962398,0.40540618,0.30426678,0.19949366,0.18828961,0.57401747,0.5871393,0.75520027,0.35956004,0.87784445,0.41124153,0.71482795,0.27921534,0.70052844,0.9467955,0.44327885,0.5748934,0.6150705,0.86754376,0.8925688,0.6788189,0.6542772,0.7631553,0.9572245,0.7190792,0.8251142,0.6201605,0.916042,0.95460004,0.7786324,0.85601777,0.8637563,0.67130214,0.85601777,0.84962505,0.9572245,0.71134067,0.71134067,0.7224438,0.6739938,0.7113407,0.7322011,0.84962505,0.84962505,0.84962505,0.8008386,0.7234532,0.60530806,0.9182782,0.26800385,0.5333923,0.33538654,0.33205563,0.6295184,0.27981353,0.25619417,0.7494559,0.8655341,0.64812255,0.4744474,0.8316105,0.6990064,0.8719262,0.73858714,0.8130821,0.3471862,0.865332,0.93472207,0.8976321,0.74919057,0.5126445,0.816746,0.76891696,0.7671654,0.18291536,0.8126862,0.49443617,0.5783528,0.64010286,0.33965546,0.9797478,0.49997786,0.5941862,0.39151955,0.88375807,0.66540015,0.655051,0.64049876,0.47622788,0.7849778,0.55222785,0.70818615,0.9187695,0.63452995,0.8793242,0.41153285,0.6086621,0.61756015,0.97022784,0.7473737,0.8487139,0.9448352,0.86303616,0.6436653,0.38597786,0.52159035,0.5743747,0.87702894,0.62070704,0.7766752,0.42991534,0.5356029,0.41635805,0.7402487,0.8636695,0.9290612,0.46623272,0.78027296,0.57716537,0.7275523,0.8683008,0.67809296,0.8807695,0.7609507,0.8107071,0.709728,0.91190577,0.6567279,0.7018528,0.7469778,0.67058206,0.6191237,0.79922783,0.9321883,0.78576946,0.84785604,0.701457,0.63535285,0.770332,0.53880215,0.83097804,0.8152591,0.81347525,0.8309045,0.93661773,0.9172852,0.6163529,0.79408205,0.8470328,0.7600404,0.96189964,0.86932456,0.92091894,0.6163529,0.8526629,0.71531117,0.66068625,0.7473737,0.6880145,0.8418393,0.5912372,0.83495176,0.79722893,0.82179034,0.5795404,0.8092226,0.86690557,0.48691535,0.7980548,0.4386237,0.848374,0.34995705,0.81110287,0.5989362,0.4231862,0.9127965,0.5989362,0.7655821,0.6998737,0.693946,0.684832,0.54193616,0.61001956,0.55430603,0.88384914,0.9821029,0.88268936,0.9228827,0.80758727,0.8570194,0.7905195,0.70264447,0.77151954,0.73782265,0.41566536,0.9634987,0.9013529,0.73866534,0.63535285,0.9361862,0.50037366,0.779832,0.73412514,0.9248971,0.80160284,0.6638727,0.7285954,0.77638435,0.7899021,0.3198737,0.644457,0.74839294,0.9295757,0.38196012,0.64524865,0.8961263,0.92186105,0.92909086,0.41329038,0.74816537,0.7936467,0.6616144,0.8959696,0.7647904,0.98269665,0.68799865
BC2026_Train_0007_S09_20250829_000000_60,0.45985407,0.63041663,0.22737436,0.20846343,0.4092103,0.8403576,0.4251109,0.37484404,0.28006375,0.32064062,0.26007813,0.17438218,0.28036654,0.51503855,0.56259686,0.6912922,0.3972759,0.88634783,0.4351052,0.65676403,0.33547992,0.6456609,0.9439187,0.2875509,0.46531966,0.5804676,0.82972807,0.7927784,0.5909034,0.50061375,0.57741404,0.79224944,0.54645985,0.7527088,0.5753953,0.78381443,0.83361024,0.64537865,0.67162234,0.70190364,0.5346839,0.67162234,0.67599636,0.79224944,0.70257646,0.70257646,0.6194713,0.53535676,0.58111507,0.5962557,0.67599636,0.67599636,0.67599636,0.6440328,0.6574911,0.5827845,0.8796243,0.2864822,0.45564747,0.19992234,0.31983605,0.6261863,0.16420828,0.23597482,0.61866546,0.74256134,0.7152488,0.30459157,0.7785284,0.6859034,0.8724993,0.75752074,0.9328171,0.11069102,0.7123577,0.9185346,0.8543827,0.79279107,0.45150352,0.8854522,0.8009354,0.78796184,0.3192952,0.79706603,0.6755452,0.64862853,0.8437744,0.34649885,0.98199934,0.45744103,0.75233686,0.52196187,0.9172213,0.6890827,0.7132018,0.754316,0.62092024,0.83356184,0.60944104,0.8706911,0.84654516,0.75716007,0.79636645,0.44023016,0.4254478,0.81825304,0.8943421,0.7539202,0.9254952,0.9447119,0.92458373,0.66960776,0.33512852,0.66968685,0.68073064,0.9512036,0.74877435,0.7953571,0.79785776,0.6221077,0.467228,0.7887535,0.9322431,0.98746186,0.3140801,0.88317955,0.42379516,0.7340524,0.8861682,0.59250623,0.6467285,0.8744119,0.8105244,0.8420149,0.94416374,0.6775244,0.75471187,0.68860775,0.69494104,0.552441,0.7202744,0.9224067,0.8107817,0.9054848,0.47683683,0.6086494,0.7586702,0.6525265,0.8290494,0.883239,0.92545664,0.81577915,0.90351754,0.88484204,0.6589202,0.83779734,0.85099834,0.87474835,0.94889134,0.8528657,0.86915064,0.5457118,0.9239935,0.62646186,0.8061386,0.6802952,0.48514935,0.8338785,0.6434431,0.84905875,0.84752494,0.8132952,0.81289935,0.9516786,0.86187387,0.52631605,0.90404,0.35452434,0.93787587,0.53185767,0.8758369,0.6549618,0.48712847,0.8901938,0.7155244,0.89448065,0.8243785,0.82527906,0.8243785,0.298316,0.8687119,0.67684156,0.70359796,0.76777434,0.9026942,0.9003271,0.9556874,0.83229524,0.6339827,0.7028577,0.6945769,0.8627072,0.37510768,0.8585389,0.766191,0.8702952,0.63714933,0.64585763,0.557191,0.87457025,0.83380735,0.9283402,0.85802436,0.7843598,0.424286,0.6398055,0.8234087,0.5136494,0.79746187,0.78714055,0.9314119,0.76456815,0.7226494,0.97099626,0.78778493,0.9171195,0.58648264,0.885614,0.8983005,0.85799664,0.93816084,0.75589937,0.9686994,0.80260766
BC2026_Train_0008_S09_20250831_000000_5,0.074289955,0.37537497,0.25707585,0.34598693,0.31659636,0.4164134,0.18258402,0.22558337,0.20862587,0.37456712,0.3451943,0.1417043,0.08628963,0.34190553,0.38732737,0.41503477,0.16287445,0.2759838,0.21642774,0.16525243,0.10680962,0.44444555,0.07587329,0.23020573,0.1518307,0.3475901,0.7151556,0.13176966,0.28495717,0.48018217,0.53124946,0.5255297,0.47909844,0.6365609,0.45992032,0.61603695,0.72605884,0.49356613,0.652038,0.52384734,0.43670467,0.652038,0.5221651,0.5255297,0.4589109,0.4589109,0.4282932,0.39565676,0.3879182,0.39834842,0.5221651,0.5221651,0.5221651,0.63252336,0.5733068,0.4763543,0.9215363,0.3527557,0.33325103,0.06904712,0.15383461,0.35809946,0.1684765,0.1391037,0.57406616,0.37092447,0.25051194,0.081898846,0.81105924,0.49728215,0.8959456,0.8848379,0.71290255,0.22206926,0.4876734,0.85560995,0.6491734,0.4723082,0.5692151,0.40926874,0.2134302,0.7804714,0.08629843,0.17575675,0.32656923,0.7774234,0.22800678,0.1573604,0.69152755,0.47144422,0.8197578,0.16942343,0.48767343,0.6281052,0.14404061,0.63215256,0.29688174,0.5759126,0.41959006,0.5763401,0.7687151,0.3341653,0.41675046,0.13063176,0.17916094,0.33002287,0.77029836,0.5450693,0.68045413,0.8815079,0.6115692,0.22444427,0.17852761,0.64259666,0.34939894,0.66579837,0.29015258,0.33356562,0.5280484,0.28975675,0.12614895,0.4722359,0.84946513,0.7148817,0.07418593,0.4338698,0.8519589,0.48797032,0.7825692,0.48463538,0.6797911,0.46590257,0.39900675,0.18032864,0.37648386,0.5838609,0.45442343,0.46590257,0.35467342,0.2272151,0.4508609,0.68242335,0.6408609,0.84483385,0.46946508,0.4987567,0.78177756,0.32616353,0.73476243,0.76673585,0.36444652,0.12712863,0.3790474,0.36298594,0.6341317,0.9273651,0.63279873,0.9058516,0.83845115,0.21974374,0.6632404,0.27590257,0.6108073,0.7766317,0.14923592,0.52092344,0.45402756,0.29411092,0.83917254,0.6594651,0.6203865,0.39465258,0.9710255,0.91742975,0.39696822,0.12825675,0.28616455,0.24344426,0.861636,0.15517344,0.5945484,0.63571507,0.30400673,0.8212713,0.6444234,0.7299234,0.8021828,0.38850722,0.9649692,0.16348594,0.30440256,0.25030208,0.07600676,0.16823593,0.96413004,0.5881963,0.57271427,0.9486411,0.7762359,0.53873587,0.8621318,0.33954862,0.66983587,0.79009,0.28777757,0.24581927,0.28619424,0.49630255,0.868386,0.54902756,0.5110474,0.74892336,0.26719424,0.5812187,0.25109175,0.18602864,0.85810816,0.49361092,0.5969234,0.38468745,0.8866932,0.8389033,0.38159007,0.5555549,0.68679243,0.69320995,0.41325673,0.7026109,0.4235484,0.2435828,0.52329844,0.31152758,0.9067422,0.84673375
BC2026_Train_0008_S09_20250831_000000_10,0.08407508,0.40574998,0.3572118,0.3485223,0.32946295,0.64726955,0.27333274,0.32874748,0.25516403,0.38264808,0.3432825,0.2809031,0.11768717,0.35352165,0.4316473,0.54928994,0.18322231,0.30274415,0.2863225,0.108268805,0.15157099,0.5539415,0.16838758,0.23167232,0.22668482,0.41496292,0.71920145,0.1706862,0.3915612,0.4866799,0.4809257,0.49875802,0.49404758,0.62358403,0.4254101,0.6528559,0.69457674,0.5118798,0.6017142,0.50784236,0.4311299,0.6017142,0.49741215,0.49875802,0.51524436,0.51524436,0.44896212,0.39882988,0.41969025,0.4277653,0.49741215,0.49741215,0.49741215,0.591284,0.56638604,0.45617515,0.9354362,0.4040973,0.3566448,0.06246248,0.22265029,0.40659103,0.23490529,0.18675809,0.6898494,0.33961606,0.3071973,0.10178951,0.9124977,0.5863112,0.94934976,0.9049939,0.77393097,0.5408642,0.5072185,0.9184042,0.8064684,0.7555247,0.6366559,0.28802338,0.37311015,0.8489414,0.13434346,0.24834345,0.57990927,0.7656976,0.27605182,0.19777577,0.84090596,0.64615595,0.86722887,0.1786768,0.75698924,0.8723747,0.25193563,0.8506435,0.34215593,0.5793551,0.45101014,0.69286424,0.7193851,0.3218695,0.4096119,0.14423928,0.16622783,0.6179627,0.8435343,0.6394267,0.7672018,0.85111845,0.8784903,0.26615596,0.31721842,0.6687964,0.4510695,0.7075101,0.35996845,0.4330294,0.8066465,0.38213512,0.19394606,0.7518434,0.9626841,0.8011485,0.09691743,0.5902247,0.95383716,0.48792157,0.84367675,0.57467836,0.8431226,0.75382257,0.41459346,0.28840178,0.3641049,0.6544684,0.4743643,0.50998926,0.42330176,0.2416143,0.4343851,0.6208226,0.75342673,0.95949763,0.50326014,0.6568434,0.7241351,0.38498515,0.81181216,0.941883,0.31480387,0.23154034,0.76670456,0.31642678,0.7205726,0.90592164,0.8551164,0.96664244,0.85204864,0.26573044,0.6989601,0.39598927,0.74221516,0.41617677,0.30969763,0.5737184,0.6710934,0.34532258,0.9105654,0.5875726,0.7380784,0.50563514,0.9652174,0.88177574,0.43139657,0.16482262,0.48121217,0.18540597,0.95778865,0.14859346,0.61884344,0.7269059,0.65407264,0.9441022,0.8191351,0.6742601,0.9422591,0.4501195,0.9563706,0.16996847,0.48505178,0.34905335,0.12700076,0.31721845,0.9641526,0.8249212,0.5927185,0.9026164,0.95872575,0.6714893,0.7276976,0.26097053,0.8767289,0.6398226,0.34888512,0.32632262,0.32948926,0.79413426,0.934105,0.4981143,0.31205282,0.829031,0.24478096,0.6805341,0.24880265,0.17376848,0.90693104,0.66159344,0.6896976,0.64766014,0.9512643,0.87597734,0.37065592,0.4638549,0.7369799,0.69989026,0.35521844,0.59430176,0.6133018,0.3890028,0.73403096,0.53769755,0.92731637,0.8250726
BC2026_Train_0008_S09_20250831_000000_15,0.15111129,0.40087497,0.35608727,0.3696099,0.36266303,0.7957174,0.29764444,0.33458757,0.36638287,0.4205863,0.3745588,0.33186227,0.29764444,0.38436756,0.56486064,0.717108,0.2556099,0.34021923,0.34373873,0.21595187,0.22624749,0.74550366,0.35852796,0.24064744,0.23815365,0.47488177,0.778007,0.21372369,0.36655492,0.59582156,0.44254595,0.4388449,0.40048867,0.55256784,0.49032307,0.5973168,0.58621365,0.470472,0.51959497,0.48123866,0.39914283,0.51959497,0.48763138,0.4388449,0.48931366,0.48931366,0.4422095,0.34833762,0.41394702,0.41663867,0.48763138,0.48763138,0.48763138,0.54348344,0.6003449,0.48611256,0.9572174,0.42767864,0.4465243,0.112067886,0.33524066,0.5834786,0.22880213,0.2923927,0.8158328,0.39775363,0.2748474,0.15365711,0.94734144,0.6749882,0.97342676,0.92639047,0.8552744,0.59151083,0.54203165,0.81239825,0.9137191,0.6371751,0.54124,0.4662505,0.64633375,0.9065941,0.3080941,0.48226076,0.83266836,0.41694826,0.32788578,0.23299466,0.87690663,0.85217494,0.9763598,0.17944829,0.8408858,0.71413004,0.25821915,0.9040014,0.35084412,0.578575,0.74311495,0.9663452,0.72055244,0.35237205,0.2685974,0.14659412,0.11323528,0.76054156,0.94795877,0.84880245,0.88462543,0.80917954,0.9693734,0.28632328,0.31561494,0.7950602,0.4634488,0.5638025,0.41536495,0.5612494,0.9207056,0.5210525,0.23442954,0.6405941,0.9621296,0.8102167,0.1882655,0.768389,0.76259,0.45715228,0.89828163,0.7476473,0.8899691,0.93008685,0.42842746,0.24046603,0.3588993,0.8104067,0.4719691,0.43753162,0.4810733,0.28117746,0.63505244,0.8016983,0.91213584,0.9774484,0.5725108,0.89135456,0.92005247,0.4741462,0.67274565,0.8719785,0.26657516,0.15729153,0.9279493,0.31442747,0.6469275,0.9358858,0.82929283,0.9366774,0.8325139,0.32551077,0.6757243,0.30453163,0.8141619,0.5527192,0.44832996,0.733615,0.55192745,0.44505244,0.9331932,0.29859412,0.76962596,0.57686496,0.9573203,0.9754296,0.5432092,0.33263576,0.32359102,0.1841983,0.9569076,0.18221912,0.48423994,0.8308633,0.90698993,0.97707224,0.83574,0.7646879,0.9803972,0.31946447,0.9261088,0.17826079,0.6865108,0.3865087,0.16230872,0.61325,0.91662854,0.97578293,0.7362711,0.87015766,0.914788,0.8036775,0.6556358,0.2652293,0.9814066,0.8061633,0.20042746,0.3282816,0.5804274,0.60134333,0.9763598,0.61130244,0.34332332,0.7055108,0.23644829,0.676427,0.25527415,0.14750455,0.8714343,0.8709692,0.2867191,0.7876463,0.89351183,0.9397542,0.5448025,0.43143973,0.72585666,0.603256,0.34292746,0.63063496,0.85909414,0.42585453,0.909365,0.4941358,0.97550875,0.84316194
BC2026_Train_0008_S09_20250831_000000_20,0.13926195,0.39975,0.2990291,0.29285708,0.36891645,0.49848652,0.32264847,0.38321096,0.30538815,0.35535225,0.35081002,0.21636131,0.2484594,0.39915255,0.48908788,0.5988238,0.2946383,0.3699852,0.26473263,0.21900794,0.26412702,0.7314004,0.29997027,0.24155708,0.18206331,0.46617267,0.7149019,0.19638659,0.3021928,0.45538032,0.46890563,0.5015421,0.40497854,0.6125733,0.4964952,0.6492472,0.6485743,0.47361603,0.5688337,0.55773056,0.39757642,0.5688337,0.4944764,0.5015421,0.48774728,0.48774728,0.43122226,0.37335142,0.40161392,0.3979129,0.4944764,0.4944764,0.4944764,0.55739415,0.5863296,0.49908072,0.95112205,0.3616133,0.41412455,0.10056223,0.2789188,0.6653758,0.25275224,0.30695564,0.71168834,0.33988202,0.26079458,0.16140084,0.95721793,0.48922408,0.9528439,0.93411505,0.9791382,0.29891843,0.63973093,0.81859475,0.7731268,0.6456249,0.596981,0.29969034,0.78820455,0.92091113,0.20748094,0.3266268,0.5431159,0.46121013,0.26091844,0.27243719,0.90296006,0.6440059,0.9171705,0.22252263,0.6080643,0.69426936,0.25887,0.53087676,0.5486893,0.5150909,0.72879344,0.9528945,0.7517517,0.45169032,0.30904537,0.118814275,0.23384345,0.55766475,0.9456111,0.81033504,0.82755387,0.88124865,0.9791382,0.31396013,0.24073096,0.68134236,0.59275544,0.67693925,0.46754345,0.45570803,0.8993382,0.4679393,0.18385959,0.42716843,0.9731612,0.81590843,0.12886845,0.82027054,0.8665434,0.40110758,0.8839601,0.5324206,0.67298096,0.8697695,0.3935226,0.3275768,0.68960595,0.7760362,0.5253351,0.24627261,0.32266843,0.24666843,0.72523093,0.59975183,0.8463559,0.9801476,0.48456427,0.72879344,0.9496684,0.4574497,0.6146901,0.9403268,0.5317674,0.1978127,0.81860006,0.3234601,0.4477518,0.97611016,0.7744884,0.9022674,0.8496611,0.2760294,0.63735604,0.4077726,0.67181325,0.6393351,0.4449493,0.30564764,0.40935594,0.41331428,0.9590416,0.39035597,0.883693,0.6440851,0.96987575,0.9801476,0.6490033,0.21975176,0.372108,0.17541845,0.9718767,0.15087678,0.6140018,0.8257726,0.77510595,0.96341187,0.76837677,0.9105007,0.96508616,0.52410805,0.97518,0.18808511,0.49802262,0.20774813,0.22050387,0.3337518,0.9357153,0.9582165,0.8113643,0.9801476,0.60648096,0.57916844,0.49723095,0.28110597,0.9694602,0.78500175,0.18729346,0.40539762,0.3305851,0.3111893,0.943632,0.3836268,0.39108822,0.7086059,0.31039762,0.8050606,0.2687718,0.15018407,0.85920864,0.5665018,0.42954347,0.9142251,0.88087267,0.8779383,0.48693928,0.60814345,0.69421744,0.64408433,0.44775176,0.46318927,0.8122509,0.6142393,0.7656059,0.5605643,0.9063445,0.93296427
BC2026_Train_0008_S09_20250831_000000_25,0.17200494,0.45149994,0.30536395,0.40237975,0.37975788,0.56978095,0.30415276,0.2868924,0.30173025,0.34412396,0.37501085,0.22875243,0.23844244,0.41128898,0.4857809,0.49441102,0.30761728,0.3498329,0.3032354,0.25872198,0.30686912,0.69699264,0.30342162,0.37744227,0.19254854,0.4567079,0.8086968,0.19231431,0.46306434,0.6806143,0.5257596,0.68120337,0.47764608,0.7229242,0.5129742,0.73739195,0.73133564,0.5570502,0.67716587,0.6616887,0.4678888,0.67716587,0.5694992,0.68120337,0.5866586,0.5866586,0.46385127,0.46721587,0.47058046,0.47495443,0.5694992,0.5694992,0.5694992,0.64789397,0.6098742,0.59824204,0.9565102,0.34466726,0.4484607,0.16972183,0.36897242,0.58268183,0.38548464,0.3191687,0.75764024,0.48502976,0.35286105,0.15804572,0.98140806,0.56542677,0.9391727,0.9069289,0.9506039,0.5037675,0.68980914,0.85963506,0.72385085,0.771428,0.6027258,0.49421802,0.60060906,0.96467584,0.17482997,0.29793414,0.37907997,0.4732883,0.2805175,0.37976277,0.84497577,0.690205,0.8649258,0.2049133,0.50258,0.9251815,0.259756,0.78797585,0.37987164,0.5941758,0.50574666,0.7968623,0.80380917,0.40222436,0.5388051,0.1977883,0.21807477,0.5144154,0.92439973,0.8105383,0.84840965,0.89924455,0.9496144,0.34385082,0.32168415,0.62631553,0.78897524,0.68862164,0.3786841,0.41499195,0.74403834,0.35849664,0.23250291,0.5789758,0.9807466,0.8170616,0.20125186,0.66980964,0.84814245,0.36859038,0.85407996,0.6918972,0.87822574,0.6763508,0.4756633,0.52921957,0.66144776,0.8755342,0.5896633,0.39807996,0.52474666,0.30862164,0.5417675,0.7084133,0.84119165,0.97283,0.7321633,0.5599758,0.8422049,0.34002113,0.7485409,0.7935175,0.6525494,0.20305291,0.6001771,0.35176748,0.67516327,0.9698019,0.7862322,0.92649764,0.8493102,0.29811227,0.66930497,0.5093092,0.5564628,0.42855915,0.3676008,0.5006009,0.51247585,0.4827883,0.9330982,0.5362258,0.7607029,0.6470591,0.97275084,0.900155,0.5543154,0.13207997,0.6001628,0.24687164,0.8581106,0.18432997,0.52593416,0.7456216,0.61024666,0.9077505,0.9589363,0.87151647,0.8995612,0.56245965,0.9492779,0.14791332,0.68426746,0.32536536,0.12531123,0.31297582,0.9528801,0.9237536,0.7581973,0.93706644,0.7254341,0.66091335,0.57422584,0.380691,0.9211737,0.76620495,0.30307996,0.52355915,0.37789243,0.41470498,0.90023416,0.5112883,0.40995497,0.81647575,0.26270497,0.8317055,0.3583858,0.19664039,0.91943604,0.79272586,0.5104966,0.88616127,0.8172674,0.86187,0.53780913,0.64144623,0.7127081,0.69831955,0.40955913,0.4447883,0.6114341,0.634531,0.64705914,0.5029758,0.8255008,0.846955
BC2026_Train_0008_S09_20250831_000000_30,0.11399542,0.40799996,0.33988374,0.3372386,0.34133548,0.40624258,0.23601906,0.25873,0.29264498,0.38591123,0.33382753,0.18878035,0.15486535,0.36193153,0.41643775,0.42113134,0.19010739,0.32423547,0.24553838,0.19406028,0.12471621,0.55185,0.12349542,0.46584487,0.22751363,0.37019172,0.7539559,0.14119257,0.34283006,0.4977988,0.5669016,0.60862243,0.47033808,0.6873537,0.48144117,0.66043705,0.7438788,0.5389756,0.7024944,0.5648829,0.46159017,0.7024944,0.5557985,0.60862243,0.5433495,0.5433495,0.4417391,0.4481318,0.43938386,0.43332762,0.5557985,0.5557985,0.5557985,0.6903818,0.5658923,0.47003558,0.9275155,0.3835511,0.3706727,0.2839169,0.32025445,0.64749277,0.2666299,0.1769974,0.83511776,0.4377011,0.32441357,0.094757065,0.9234384,0.48176757,0.91502696,0.9281653,0.8141056,0.3215503,0.5064046,0.8439728,0.79694617,0.6559247,0.68571705,0.37342435,0.3376509,0.9776243,0.12600869,0.28869623,0.28632116,0.74627954,0.31046706,0.30046237,0.6698837,0.55192536,0.91894203,0.18577953,0.4367379,0.74399674,0.2487962,0.6920503,0.27880037,0.5040295,0.3860712,0.53292537,0.8254462,0.46968305,0.3857333,0.18221703,0.24696548,0.35238576,0.7838837,0.65602946,0.67750347,0.86700875,0.75647223,0.28671706,0.20517537,0.69956434,0.59772325,0.66552955,0.3635087,0.3537712,0.6366337,0.19805036,0.13677537,0.6010087,0.8588743,0.7311112,0.14636442,0.57178634,0.6869045,0.5133118,0.94696695,0.5394962,0.4501962,0.65800875,0.5994254,0.28952748,0.5253847,0.8961025,0.5222379,0.41338372,0.5080671,0.29740453,0.5333212,0.63267535,0.8832379,0.93016386,0.6532587,0.6861129,0.74232125,0.3242222,0.62678814,0.7415295,0.47102886,0.21023215,0.82063735,0.28117537,0.5736962,0.91308373,0.8658747,0.81919205,0.81277955,0.34838784,0.6792056,0.5895295,0.5261764,0.60140455,0.33619618,0.5388629,0.34807122,0.72490454,0.9147799,0.6128837,0.6390483,0.49373782,0.9050088,0.95068794,0.6264311,0.107008696,0.635377,0.33263367,0.76649773,0.16242538,0.6572171,0.7965504,0.59388375,0.8648312,0.6964045,0.7764619,0.8419921,0.42932594,0.95330036,0.14540453,0.8436545,0.27674204,0.08559412,0.19646704,0.92871916,0.8027343,0.60830396,0.9515192,0.6572171,0.5064045,0.75577956,0.49659973,0.543217,0.8030737,0.38765454,0.30452955,0.3646962,0.2827587,0.96086085,0.55073786,0.5085223,0.8080295,0.29067534,0.6502108,0.31832033,0.22051391,0.908504,0.41180038,0.69363374,0.582929,0.8444462,0.8677935,0.5364879,0.5857612,0.78485346,0.7172056,0.616842,0.88205034,0.46048784,0.41098893,0.57330036,0.39082122,0.80842537,0.8535504
BC2026_Train_0008_S09_20250831_000000_35,0.06626823,0.39787495,0.24863383,0.3948002,0.33441585,0.33481717,0.23076789,0.30495694,0.29133037,0.3924698,0.35673788,0.16051541,0.1992754,0.34293023,0.43195713,0.42696068,0.09697524,0.25639707,0.26551118,0.1256118,0.081401184,0.51751846,0.11178906,0.28008774,0.14685024,0.33227837,0.7248273,0.13424844,0.3027547,0.4516672,0.5406214,0.5510516,0.44809538,0.6573725,0.44540375,0.64997035,0.70111203,0.48476934,0.6910183,0.51673293,0.44809538,0.6910183,0.51034015,0.5510516,0.4696287,0.4696287,0.42319745,0.4100756,0.39224327,0.3915704,0.51034015,0.51034015,0.51034015,0.6728496,0.5527339,0.42287272,0.9200567,0.37663144,0.31437683,0.07530634,0.19461447,0.6684794,0.36188272,0.19473024,0.71875024,0.39943147,0.2708252,0.08405524,0.75254005,0.49548593,0.87417966,0.90088284,0.69400764,0.22019516,0.41336185,0.80367583,0.667091,0.43463194,0.75892425,0.253653,0.26776445,0.94492644,0.054736845,0.50875765,0.322716,0.7553618,0.23642436,0.21571235,0.621966,0.47154933,0.9509827,0.15092435,0.46640348,0.5756436,0.30125195,0.541216,0.2004035,0.5158827,0.41850764,0.55269516,0.72250766,0.31872207,0.48429275,0.18338268,0.24005613,0.2872494,0.683716,0.57050765,0.61087275,0.664716,0.72038996,0.16992435,0.17150767,0.71140414,0.7508395,0.54240346,0.34369516,0.2949087,0.5938618,0.175466,0.093419656,0.52459097,0.5511119,0.6857427,0.10177174,0.40213013,0.49173683,0.38107175,0.73913264,0.40593994,0.74039936,0.74507016,0.36823684,0.19713789,0.44073373,0.7190045,0.30569518,0.37061185,0.4521535,0.23563266,0.5095493,0.657591,0.65363264,0.83084726,0.6069243,0.621966,0.7656535,0.33262175,0.62039256,0.71696603,0.3395825,0.15080559,0.3695609,0.30213267,0.41692436,0.7124535,0.65602154,0.66946596,0.74540657,0.3406176,0.6508618,0.67184097,0.41750824,0.44463265,0.25463268,0.3856535,0.3136118,0.45057017,0.8322398,0.47669518,0.60755765,0.41375768,0.87171704,0.92800456,0.5128347,0.07373685,0.46773946,0.24711184,0.7657525,0.18061185,0.610091,0.700341,0.61088264,0.7210252,0.572091,0.7284451,0.8040691,0.3398655,0.9429869,0.13350767,0.6033618,0.27611655,0.09172747,0.13034101,0.7783993,0.6681796,0.61817,0.9003952,0.5237993,0.6757993,0.63938266,0.24133663,0.6814202,0.68054926,0.25938267,0.14736184,0.360716,0.31479937,0.90399724,0.55032015,0.49110353,0.77792436,0.3995077,0.4079885,0.36796767,0.20006704,0.87764674,0.450966,0.55902845,0.3313551,0.8250285,0.82332367,0.301341,0.47853976,0.6909004,0.6297144,0.4284035,0.6532368,0.36150765,0.23448476,0.45809096,0.48857015,0.7256743,0.491341
BC2026_Train_0008_S09_20250831_000000_40,0.0710253,0.43725,0.25036332,0.30559692,0.32073754,0.56975585,0.19676551,0.2539971,0.24703239,0.368763,0.3178905,0.170118,0.12863271,0.35458785,0.58777034,0.4389211,0.08792818,0.24592504,0.2576501,0.11502545,0.10321576,0.5822651,0.10942113,0.2941969,0.11927818,0.34318128,0.7396812,0.14530379,0.26927876,0.5566934,0.5354875,0.5906666,0.46516764,0.6465187,0.4628124,0.6485374,0.6899218,0.50116867,0.68386555,0.5449083,0.4685322,0.68386555,0.50116867,0.5906666,0.47458845,0.47458845,0.43488637,0.41469887,0.4204187,0.414026,0.50116867,0.50116867,0.50116867,0.6895853,0.5687968,0.48994505,0.94658923,0.36580315,0.32469192,0.08834678,0.11953647,0.43420315,0.217906,0.14462537,0.6502095,0.34727818,0.33302814,0.08275662,0.8619204,0.5871725,0.90089035,0.91533786,0.63257045,0.17459127,0.45602882,0.814342,0.6301955,0.3852449,0.82336205,0.39090434,0.2888486,0.8479038,0.08038295,0.38398713,0.32619545,0.7176746,0.19359128,0.23361003,0.64009124,0.42198712,0.90890175,0.14450794,0.5474663,0.61580694,0.54671425,0.54152876,0.25296628,0.5237163,0.36300796,0.52846634,0.7829872,0.333554,0.5483718,0.12234128,0.23715273,0.33075747,0.7176746,0.6242579,0.56082565,0.55538297,0.62386215,0.19794545,0.17854962,0.5765007,0.44218454,0.57557046,0.2814663,0.3474319,0.73192465,0.11086211,0.13910483,0.35707045,0.67690384,0.6575079,0.24186318,0.36763924,0.49917462,0.3578819,0.6317788,0.4894173,0.8870913,0.6733413,0.4777996,0.15115796,0.397109,0.63613296,0.4869038,0.27592465,0.34598714,0.22050795,0.5023413,0.66107047,0.45088294,0.8192851,0.4904663,0.5822996,0.6123829,0.30848193,0.5962923,0.77309126,0.31605816,0.11053555,0.25926995,0.27354962,0.4667163,0.7703007,0.5662595,0.6780913,0.8702486,0.24659339,0.64717674,0.4014038,0.46929914,0.45246628,0.14450794,0.42990378,0.28819546,0.49165377,0.7009903,0.47700796,0.45423764,0.35073712,0.9533737,0.8691205,0.42983449,0.102153786,0.2586267,0.16865379,0.69383556,0.29650798,0.5411329,0.6040704,0.5399454,0.7299752,0.6060496,0.6670079,0.8263507,0.26994756,0.93947977,0.12036212,0.34519547,0.29320276,0.07642462,0.14015378,0.77548605,0.61207616,0.5623457,0.91929233,0.6953892,0.58507043,0.50115377,0.21613005,0.7991767,0.49204963,0.19715379,0.12392462,0.55300796,0.2707788,0.92356735,0.49917462,0.43407983,0.64523715,0.26365378,0.46472722,0.2798671,0.14943609,0.8043206,0.6068413,0.42357048,0.36354235,0.8007996,0.81774133,0.37963295,0.4930352,0.8137236,0.6586756,0.28067464,0.51698714,0.4136746,0.34125692,0.5407371,0.33371627,0.75963295,0.61673707
BC2026_Train_0008_S09_20250831_000000_45,0.0997426,0.40649998,0.27827883,0.377729,0.32767585,0.45863086,0.23830755,0.2080263,0.23467381,0.32824287,0.31522197,0.20560382,0.18198444,0.35509643,0.470468,0.44094375,0.13298522,0.26355082,0.23361397,0.108552426,0.1757768,0.5333311,0.108450934,0.27548525,0.17074773,0.35332584,0.71276855,0.10451836,0.3136371,0.57112664,0.5305138,0.55204713,0.4972044,0.6412086,0.42352,0.6566857,0.6799013,0.49855024,0.7010982,0.5207565,0.46288562,0.7010982,0.48172733,0.55204713,0.50494295,0.50494295,0.42654812,0.42823043,0.41578147,0.41241688,0.48172733,0.48172733,0.48172733,0.6731722,0.5671877,0.4822777,0.96498084,0.3353352,0.3364396,0.092826955,0.14763601,0.58067274,0.27548525,0.19069774,0.69229776,0.340679,0.30576646,0.093411796,0.9413695,0.5885433,0.92413086,0.9183458,0.7151779,0.44126123,0.5433862,0.88731694,0.70369875,0.4559902,0.76307374,0.30782583,0.4328003,0.9151134,0.0834279,0.3221154,0.30271956,0.60830295,0.22196957,0.17611228,0.71280295,0.5433862,0.8533831,0.15824041,0.52478206,0.7220159,0.2235529,0.7840529,0.20455289,0.5475188,0.5307196,0.6613445,0.8398654,0.35754248,0.338116,0.17328206,0.11810291,0.518993,0.8988446,0.87078005,0.65440756,0.5817821,0.5794071,0.23740706,0.24453206,0.5382405,0.54344565,0.6296779,0.26471958,0.58542377,0.7456571,0.2864904,0.13566801,0.48044872,0.9380321,0.7143862,0.0938779,0.4190352,0.7947404,0.24937114,0.73813623,0.75230706,0.86519873,0.8022612,0.4713446,0.22974768,0.3091519,0.67361546,0.620178,0.39969873,0.6273029,0.19624041,0.6233446,0.7686154,0.55644876,0.8857624,0.6589696,0.53269875,0.6086988,0.35596904,0.6200691,0.8790529,0.518706,0.10555498,0.5094975,0.2354279,0.6352196,0.877529,0.57307774,0.92061543,0.8495198,0.2639279,0.6547609,0.34230292,0.5271967,0.39811537,0.1546779,0.60434455,0.41869873,0.3482404,0.8127904,0.41474038,0.587967,0.4123654,0.9762102,0.8425373,0.41913414,0.18871956,0.40490398,0.22196956,0.8118404,0.18990706,0.53942794,0.6209696,0.59128207,0.87460524,0.877628,0.66609454,0.8946092,0.2306185,0.9294623,0.14478207,0.4119696,0.2746253,0.10102269,0.22038622,0.9419905,0.7633904,0.7320207,0.86381334,0.9467206,0.80780286,0.49232373,0.3299529,0.96526545,0.66728204,0.20613623,0.1463654,0.39494872,0.27976125,0.9654238,0.4650112,0.38835812,0.7785113,0.2116779,0.71907693,0.32004124,0.20700708,0.81808674,0.97326136,0.49588624,0.60607636,0.8169071,0.8087529,0.5113237,0.6065217,0.8460375,0.6406722,0.31024042,0.7242821,0.6007821,0.29602998,0.55724037,0.3593237,0.83194876,0.84342796
BC2026_Train_0008_S09_20250831_000000_50,0.07303567,0.40874997,0.31465986,0.34575155,0.32312968,0.68721235,0.26197043,0.23017517,0.30073047,0.40398952,0.3258639,0.24501297,0.09936016,0.36468926,0.43009678,0.55645365,0.14589533,0.27396718,0.26511142,0.1482258,0.13944425,0.5532207,0.16051483,0.30656406,0.16940784,0.37656718,0.748235,0.112026945,0.4472582,0.7077957,0.507367,0.6422868,0.4653097,0.63152003,0.36538154,0.6829982,0.6631472,0.4925628,0.66415656,0.5416857,0.44680452,0.66415656,0.507367,0.6422868,0.51005864,0.51005864,0.438393,0.4394024,0.43805656,0.4212336,0.507367,0.507367,0.507367,0.65372634,0.5214982,0.56839794,0.9393581,0.36855155,0.3608566,0.15025048,0.23170705,0.3261578,0.31588888,0.1793205,0.7496994,0.4205641,0.2541953,0.10011719,0.9183196,0.6349623,0.880379,0.9165367,0.6746009,0.8776633,0.4398717,0.8978123,0.5586217,0.33839983,0.62076753,0.4144691,0.43535918,0.85173625,0.065017514,0.3318092,0.41255918,0.36545503,0.1845592,0.15242742,0.45570502,0.46599665,0.85488313,0.12993419,0.6702467,0.62928784,0.13946387,0.8412467,0.2336425,0.48935083,0.4125592,0.5997883,0.6730175,0.2840994,0.2769457,0.17862166,0.07437897,0.40427637,0.6888509,0.67816335,0.56949717,0.6496633,0.5396217,0.19208002,0.14458,0.3398842,0.39359877,0.50835085,0.26887167,0.41362798,0.56218415,0.17862166,0.13435762,0.32903835,0.65045506,0.6773717,0.041406054,0.29901442,0.8598509,0.23843208,0.6421425,0.7218238,0.72685087,0.78108007,0.40978834,0.19008105,0.36201128,0.5704967,0.5526842,0.2427467,0.66035086,0.28708002,0.75574666,0.58039254,0.52933,0.7946967,0.84560084,0.50162166,0.5257675,0.33835036,0.5643514,0.9158019,0.31942752,0.093804486,0.3923222,0.16516335,0.526955,0.73476756,0.57358426,0.6021634,0.9097487,0.207092,0.69375926,0.24195501,0.5931285,0.33339253,0.117663346,0.4739133,0.2771842,0.35872585,0.7123436,0.4169134,0.5526545,0.35001752,0.93357486,0.8436811,0.38416806,0.097475834,0.27277064,0.17703836,0.6548191,0.11410085,0.51587164,0.52378833,0.46283,0.7641087,0.8415634,0.74783003,0.8107676,0.18304512,0.90806335,0.14497584,0.3571425,0.19794825,0.15855293,0.16833001,0.78978837,0.5696951,0.5848931,0.75661755,0.95360404,0.57366335,0.35753837,0.3261567,0.6358092,0.6943925,0.27085084,0.13310085,0.49687168,0.2581842,0.90174985,0.46797585,0.34730607,0.7252675,0.22730918,0.4433946,0.4023784,0.14004773,0.6795685,0.9742467,0.3120175,0.4918842,0.75772583,0.73724145,0.40305918,0.39344835,0.8976698,0.58431125,0.25026754,0.85312164,0.44580922,0.1793144,0.65322584,0.47430918,0.7905801,0.42483005
BC2026_Train_0008_S09_20250831_000000_55,0.080825776,0.35549998,0.19585538,0.29487804,0.3160749,0.3546181,0.40328193,0.2673191,0.28064287,0.41266912,0.361191,0.1358985,0.1670882,0.33942944,0.36486572,0.42891058,0.112834275,0.25836238,0.30707958,0.05150585,0.06513241,0.41094428,0.06301328,0.28134054,0.07970303,0.33638117,0.7420859,0.12056185,0.29726183,0.67781603,0.56798977,0.5515033,0.47243556,0.64638454,0.43542516,0.6171127,0.68070334,0.49598762,0.711321,0.5262689,0.4751272,0.711321,0.5020439,0.5515033,0.44989288,0.44989288,0.41523767,0.39605954,0.39000326,0.39404076,0.5020439,0.5020439,0.5020439,0.71333975,0.5155023,0.42300573,0.9335243,0.42241552,0.32979056,0.05922757,0.17944413,0.431678,0.1950835,0.14209132,0.6407176,0.39997175,0.23502803,0.084571786,0.7899952,0.5610451,0.84907323,0.9100373,0.59186095,0.36900678,0.47667345,0.8481898,0.563361,0.28655472,0.77711093,0.33475733,0.27865785,0.7520745,0.032548446,0.24471511,0.26925677,0.60650676,0.21819428,0.15850261,0.5439651,0.40423596,0.92590475,0.11923595,0.6017568,0.51600933,0.15632553,0.59859014,0.18256928,0.5680793,0.31873596,0.4632151,0.6825068,0.27241158,0.33438426,0.24172261,0.21242501,0.22783281,0.6322359,0.5439651,0.50398594,0.7026943,0.5720692,0.15406927,0.14813179,0.53937346,0.25502655,0.6013609,0.25223595,0.26874223,0.5024026,0.08796511,0.09212136,0.3563401,0.55504847,0.60809004,0.08423439,0.43096462,0.6971526,0.3768542,0.6741943,0.4692714,0.36940262,0.67643076,0.60294425,0.1300224,0.38102034,0.61798596,0.3670276,0.22492345,0.25223595,0.25738177,0.60096514,0.6433193,0.33654845,0.7732713,0.6500485,0.6160068,0.66509014,0.26173595,0.5580667,0.7632567,0.22564384,0.09993906,0.25876915,0.19919428,0.45529842,0.7318276,0.60181624,0.5471318,0.81532866,0.14152136,0.6785584,0.30686092,0.41315213,0.44104844,0.08004845,0.25936094,0.23086093,0.26767343,0.7685016,0.50398594,0.40884745,0.29894426,0.86092865,0.88353074,0.4599495,0.23838177,0.20452814,0.2102776,0.6656146,0.104194276,0.54554844,0.5601943,0.33575678,0.71413195,0.57167345,0.68409014,0.7847308,0.25809428,0.91007143,0.16317345,0.29498595,0.17960054,0.086658865,0.10221511,0.70071507,0.51454484,0.4258366,0.91294116,0.82470995,0.39671513,0.6555901,0.16676365,0.39236093,0.6377776,0.13506928,0.14417344,0.36425677,0.31754845,0.9163651,0.4141318,0.51867145,0.66944426,0.26292345,0.3674037,0.3578126,0.15731512,0.74312866,0.7848218,0.45015264,0.33585575,0.7727568,0.7705204,0.29577762,0.4392949,0.71018547,0.6093469,0.2755901,0.49290264,0.33971512,0.19697762,0.60967344,0.2625276,0.7474234,0.4355068
BC2026_Train_0008_S09_20250831_000000_60,0.08281258,0.37574998,0.22333178,0.28408727,0.31953412,0.42953774,0.20455742,0.23120493,0.30115458,0.37473804,0.34052023,0.096453354,0.16095243,0.34230566,0.36774188,0.43299797,0.1490685,0.2532716,0.23053397,0.050360546,0.14816898,0.498523,0.071333416,0.316506,0.14087477,0.34518412,0.81383514,0.092881516,0.29380652,0.75621897,0.52803874,0.5515909,0.48968256,0.6747346,0.47723356,0.6525284,0.67103356,0.5071784,0.695595,0.52702945,0.46713987,0.695595,0.5169357,0.5515909,0.5149169,0.5149169,0.42844713,0.40960547,0.4069138,0.3988388,0.5169357,0.5169357,0.5169357,0.6915575,0.54721695,0.46040252,0.9513648,0.42516223,0.3733813,0.053157106,0.119170226,0.42587474,0.25125882,0.2022032,0.58674145,0.43406847,0.29085597,0.0854007,0.8013639,0.5622607,0.8276076,0.83176875,0.60495436,0.19645435,0.4141627,0.86665714,0.60574603,0.3745992,0.65760016,0.24987206,0.30204293,0.7240804,0.041287687,0.34687102,0.23326685,0.58397514,0.20239185,0.2599757,0.61880845,0.40545434,0.9059856,0.09868352,0.48185018,0.4942101,0.11295331,0.7039126,0.24593352,0.5163827,0.3314335,0.5610168,0.6659127,0.3729327,0.4242985,0.18220435,0.18312465,0.2932455,0.5717043,0.5835793,0.59109026,0.7193502,0.71460015,0.13351685,0.13510019,0.4588523,0.3904622,0.5875377,0.21545435,0.24823925,0.548746,0.11847519,0.06486946,0.35518354,0.5531001,0.63503766,0.085888214,0.30033094,0.6861002,0.2421731,0.5922876,0.35960698,0.67857933,0.8152211,0.35914186,0.16660851,0.49869293,0.634246,0.29303768,0.20120436,0.27364188,0.26176685,0.529746,0.5899127,0.3979335,0.7737178,0.72805846,0.60060006,0.55230844,0.28592262,0.53559446,0.7803085,0.34500667,0.10268144,0.3674697,0.17507935,0.529746,0.6524544,0.533071,0.472746,0.78268355,0.18495539,0.6248846,0.48541272,0.44703665,0.38407937,0.08403769,0.47195438,0.22060017,0.3262877,0.6408762,0.29343352,0.5916839,0.36151683,0.84993553,0.8494012,0.46201894,0.07176685,0.15868194,0.34014186,0.67552155,0.09749602,0.5451835,0.5111418,0.40070432,0.78933793,0.7320168,0.74468344,0.76863146,0.31145385,0.88999397,0.108183526,0.30451685,0.23343511,0.056329355,0.12243353,0.7589335,0.627408,0.53544205,0.79620117,0.6219751,0.4877877,0.4177252,0.19662853,0.5016418,0.439496,0.11451686,0.13272518,0.406246,0.34291273,0.7741731,0.465621,0.39951688,0.72053766,0.27839187,0.39550903,0.4222852,0.15726686,0.78171366,0.4786835,0.44345436,0.42653254,0.7502251,0.72028035,0.35795438,0.4577202,0.6443991,0.6122772,0.21466269,0.41495436,0.47393352,0.23558247,0.46680853,0.34251687,0.7248918,0.46205854
BC2026_Train_0009_S09_20250828_000000_5,0.53807914,0.58625,0.29031736,0.5775415,0.4229884,0.81216633,0.63363945,0.46080077,0.3690486,0.5818249,0.58403206,0.24913487,0.35633048,0.4725511,0.4861777,0.6593696,0.22046028,0.4294009,0.28854412,0.23403789,0.48234412,0.7557838,0.3979541,0.8189999,0.4377728,0.49031967,0.8536407,0.4840204,0.6724688,0.6213746,0.6324886,0.78120315,0.6580594,0.7589969,0.5056437,0.7219865,0.77077293,0.5981698,0.7283792,0.63787186,0.5715896,0.7283792,0.6395542,0.78120315,0.58538437,0.58538437,0.5503927,0.5392896,0.58168334,0.57764584,0.6395542,0.6395542,0.6395542,0.7586605,0.67791045,0.5079802,0.83824384,0.26570404,0.46954238,0.21412005,0.5534383,0.59891653,0.2663542,0.39081013,0.866104,0.8134582,0.58110404,0.23399425,0.96907467,0.4715517,0.7543746,0.8089677,0.7894388,0.7787513,0.61804295,0.8307639,0.55352217,0.7763367,0.9598451,0.87858045,0.40930027,0.5998346,0.27920964,0.8571263,0.22537632,0.61804295,0.61250126,0.4395167,0.8500013,0.5590638,0.34095964,0.61329293,0.9334034,0.9507958,0.4723645,0.8105763,0.31879294,0.83362967,0.5693555,0.76133466,0.79379296,0.7466532,0.6261972,0.5389238,0.36479872,0.8813434,0.5638138,0.632293,0.7998072,0.8169097,0.58123046,0.6904804,0.6334804,0.536719,0.32958934,0.70908463,0.4189388,0.94188476,0.41616797,0.6825638,0.40594557,0.6904805,0.6592096,0.9566389,0.2446831,0.74842054,0.8079638,0.37203953,0.5384805,0.9482842,0.5911263,0.4854388,0.85039717,0.71155864,0.6210514,0.45931378,0.89692736,0.45179296,0.9219639,0.4771263,0.9420325,0.80764717,0.4977096,0.72373044,0.8436679,0.60775137,0.7696471,0.806284,0.91642666,0.72848046,0.6043313,0.80227274,0.55896485,0.38014713,0.561043,0.8669033,0.82175857,0.4866263,0.93094134,0.9163549,0.8095303,0.19925131,0.85704714,0.4316055,0.6334804,0.9071597,0.7510429,0.615668,0.62049717,0.860388,0.9494425,0.8138618,0.5772721,0.75539714,0.89456326,0.35916796,0.7501029,0.21508464,0.71555644,0.3405638,0.94923675,0.84869504,0.70908463,0.77766275,0.791418,0.8436679,0.78429294,0.79385775,0.758168,0.51512635,0.5155221,0.6444946,0.45689923,0.399543,0.8618961,0.64086276,0.7570834,0.80115545,0.9232305,0.86662626,0.37104297,0.39505425,0.5341263,0.88958466,0.7447096,0.61289716,0.49929294,0.36470962,0.49691796,0.8191263,0.56120133,0.90197414,0.66118884,0.5371841,0.4080613,0.5403409,0.7167836,0.8571263,0.8077263,0.48399404,0.6726679,0.37589192,0.8021055,0.75809276,0.9287375,0.8319444,0.66079295,0.9543628,0.501668,0.56149817,0.8689023,0.96958256,0.52898043,0.53729296
BC2026_Train_0009_S09_20250828_000000_10,0.5624259,0.625,0.28888324,0.35140297,0.3900561,0.8160358,0.610571,0.7165554,0.3851776,0.5967763,0.6077852,0.18804668,0.55135435,0.4774864,0.4756695,0.5905196,0.11396237,0.43601233,0.36903587,0.20339745,0.25426996,0.6534442,0.6364468,0.398428,0.40662175,0.5579884,0.8228777,0.7507233,0.7136575,0.6189108,0.6778961,0.7664384,0.6681387,0.77345014,0.63348347,0.7566273,0.7744596,0.58637935,0.6900085,0.754945,0.59748256,0.6900085,0.66376483,0.7664384,0.5490325,0.5490325,0.6058939,0.5682106,0.61464185,0.6203616,0.66376483,0.66376483,0.66376483,0.73442096,0.7307199,0.5600701,0.85007745,0.2976092,0.55366397,0.21303353,0.39684072,0.421228,0.22023176,0.27594924,0.70492965,0.80203944,0.42300925,0.2446726,0.91550875,0.47486708,0.7859525,0.8498406,0.75163823,0.6825059,0.78567994,0.76732314,0.5940966,0.7958726,0.8911497,0.7856998,0.46048307,0.50067985,0.46663827,0.5663882,0.32255492,0.8581174,0.5845966,0.7234178,0.8086382,0.65188825,0.38905492,0.5232424,0.76390904,0.86615634,0.33291584,0.41359657,0.6598049,0.7932007,0.38430488,0.95747155,0.76984656,0.51098347,0.7790992,0.48657244,0.36462212,0.6585294,0.6222007,0.5331382,0.90777177,0.91553307,0.72076327,0.7983465,0.67910576,0.6413591,0.33952624,0.79003406,0.6071591,0.7592383,0.3720341,0.8276382,0.53420854,0.75124246,0.92461735,0.9512016,0.37034187,0.7866497,0.8732977,0.5415309,0.6914715,0.7242466,0.57667994,0.3629299,0.7052941,0.7641862,0.7604851,0.41715905,0.8294591,0.60201323,0.7747153,0.5477841,0.8197215,0.7381799,0.6883049,0.8074507,0.7120549,0.5683674,0.7749924,0.87341934,0.90634626,0.8177424,0.5873595,0.82723206,0.78348255,0.7330341,0.5845966,0.9818352,0.7184872,0.6594091,0.9061241,0.7329648,0.7937975,0.38074243,0.77695173,0.72907573,0.7116591,0.6712841,0.69503415,0.6950341,0.7298476,0.8636195,0.94912845,0.8328633,0.8214474,0.7536174,0.86816216,0.4223049,0.6810018,0.3055341,0.8720013,0.3898466,0.9540674,0.8249663,0.70730484,0.86175966,0.6966174,0.8038882,0.8209091,0.90603054,0.67405486,0.61309654,0.54145074,0.90522796,0.76583284,0.63565904,0.9719789,0.7512127,0.78856164,0.9538893,0.88161016,0.7856799,0.4698049,0.47430953,0.61586744,0.8383257,0.7678674,0.8240757,0.4318049,0.44882575,0.6222007,0.6115132,0.75540257,0.9109216,0.4836591,0.5498127,0.5006166,0.694571,0.7908257,0.47851324,0.85475284,0.54325175,0.7239299,0.4007914,0.84940916,0.83331054,0.9002193,0.83852273,0.64713824,0.9116341,0.51453406,0.79951423,0.8601758,0.89983827,0.7445132,0.44803408
BC2026_Train_0009_S09_20250828_000000_15,0.5548046,0.6358334,0.3035703,0.22794165,0.40339476,0.64711404,0.6309779,0.6064164,0.4086462,0.61415493,0.64119273,0.20515622,0.4010759,0.46303222,0.45849,0.48377484,0.16274792,0.48883063,0.26873672,0.153668,0.21877268,0.42983297,0.2812838,0.6439229,0.45416042,0.492101,0.8054796,0.49780574,0.70253074,0.5035057,0.75470513,0.8314177,0.6998625,0.77455616,0.6541041,0.75806975,0.8539604,0.68539476,0.8351187,0.6544406,0.7402375,0.8351187,0.7291343,0.8314177,0.6177666,0.6177666,0.65242183,0.6534312,0.67496455,0.68842286,0.7291343,0.7291343,0.7291343,0.8105572,0.6551135,0.58286184,0.86284316,0.27069163,0.5639211,0.25185594,0.46140218,0.42174163,0.14442776,0.2719118,0.58375627,0.89038855,0.56396455,0.19804016,0.9055932,0.45505574,0.8604682,0.8324421,0.7894085,0.5800127,0.68292934,0.70268786,0.7201377,0.7817017,0.9396668,0.8001357,0.26117885,0.65838766,0.43038768,0.602971,0.3175752,0.90024185,0.71974194,0.75500375,0.8675658,0.6983669,0.37299186,0.7244919,0.7522002,0.8648386,0.40646404,0.34211686,0.6041585,0.78347105,0.4054502,0.626721,0.94033974,0.6412147,0.87278444,0.66044605,0.4133174,0.69753915,0.6868876,0.4565127,0.863136,0.894146,0.82978356,0.71380436,0.7411168,0.8972494,0.3952575,0.7866377,0.6682835,0.8491695,0.35003355,0.79970014,0.57800436,0.7343877,0.85319716,0.9161069,0.42172885,0.6834143,0.8701783,0.5513346,0.76526266,0.8266267,0.5633877,0.46680436,0.5309293,0.7848762,0.7922783,0.60574186,0.89095956,0.7248877,0.94685125,0.70390856,0.7672419,0.69757515,0.550721,0.78228354,0.84126264,0.59980434,0.733596,0.9517759,0.92567027,0.85630435,0.6139616,0.84824073,0.8420524,0.59624183,0.6370127,0.93695545,0.68264836,0.62632525,0.9621671,0.8486208,0.8192395,0.3876377,0.8633898,0.68055433,0.8468043,0.7807002,0.69124186,0.811971,0.7480301,0.83492935,0.9618103,0.7759502,0.7011377,0.84205437,0.84186494,0.38367936,0.6844236,0.36824185,0.78308207,0.6073252,0.9652575,0.96416897,0.848645,0.9452105,0.6306794,0.733596,0.9682856,0.84958225,0.6207835,0.845221,0.6801585,0.93207633,0.45971897,0.58199185,0.85006994,0.83250785,0.88980687,0.9095242,0.85208875,0.88005435,0.61128354,0.5537355,0.8902669,0.8444293,0.7751585,0.79336685,0.5918877,0.39040855,0.899846,0.64849186,0.70869803,0.8578283,0.62529594,0.47264296,0.5618835,0.80357933,0.864134,0.6453252,0.8905637,0.22315906,0.7898044,0.729794,0.69797105,0.8619314,0.96810555,0.8184825,0.76288766,0.9161543,0.783471,0.7542585,0.878946,0.8243408,0.667096,0.5677418
BC2026_Train_0009_S09_20250828_000000_20,0.49721897,0.61749995,0.22065757,0.22519545,0.36573607,0.6876625,0.43747127,0.4453444,0.32906443,0.42778128,0.5238401,0.1349616,0.2884875,0.44885215,0.4570281,0.4862495,0.116361074,0.4266548,0.18816029,0.13062592,0.29929247,0.595174,0.22726063,0.5734496,0.4129392,0.4416173,0.7757215,0.5891,0.5966208,0.4306083,0.67988175,0.79898804,0.5833183,0.7663516,0.5749068,0.7458276,0.87267244,0.67348915,0.71689224,0.6731527,0.6129266,0.71689224,0.7057891,0.79898804,0.5701964,0.5701964,0.6142725,0.5577475,0.63950676,0.6475818,0.7057891,0.7057891,0.7057891,0.7232849,0.718911,0.49336562,0.8701416,0.24087045,0.53324485,0.22400598,0.39115843,0.3887142,0.17704827,0.2854551,0.6308454,0.8290788,0.38942665,0.16418302,0.8754062,0.47727707,0.8725167,0.8456711,0.7982639,0.8840213,0.72543055,0.783682,0.7020764,0.8210901,0.89975566,0.7080337,0.30491704,0.5504722,0.41232643,0.60509723,0.22905558,0.8077639,0.5532431,0.629724,0.9015962,0.66011804,0.5441389,0.5845139,0.83526635,0.7341117,0.24398841,0.57936805,0.59757644,0.75274307,0.47565973,0.6153889,0.9480077,0.56492174,0.9189886,0.76257557,0.5882902,0.73474854,0.6993056,0.5678889,0.814362,0.8859806,0.7499722,0.53820145,0.68188894,0.8730784,0.40704203,0.7970764,0.5069306,0.8156014,0.47249308,0.8144931,0.47267962,0.7274098,0.9486212,0.8917123,0.36730435,0.69589156,0.8700482,0.43661085,0.7242431,0.68909305,0.3458264,0.76184726,0.62251395,0.76800245,0.80669516,0.34028473,0.9431389,0.67753476,0.93215454,0.6066806,0.8303264,0.7574931,0.74165976,0.70286804,0.7444306,0.61974305,0.6767431,0.85818565,0.8908172,0.81607634,0.6550926,0.8640074,0.9108004,0.59322226,0.52790976,0.8328004,0.7212695,0.5421597,0.9013835,0.72276866,0.8878915,0.34265974,0.69928575,0.74680555,0.7491806,0.64863884,0.52909726,0.8164722,0.69386387,0.7883681,0.91212946,0.7697638,0.60509723,0.92215973,0.86328405,0.5366181,0.67065716,0.29040974,0.8090237,0.46259725,0.89846915,0.946741,0.7373055,0.9184379,0.79232633,0.84441805,0.94076383,0.89088297,0.7262222,0.7218681,0.8568473,0.8067659,0.48353684,0.5354306,0.83824307,0.9399396,0.8935743,0.906089,0.82470554,0.8166781,0.48080558,0.46835822,0.94038785,0.8842786,0.7939097,0.72305554,0.4594306,0.56828475,0.9445837,0.652993,0.7227587,0.873017,0.48080558,0.6028608,0.5360006,0.7954337,0.9321213,0.38065976,0.86702013,0.23156913,0.83586806,0.7787859,0.68188894,0.8539395,0.88400537,0.83295876,0.7709514,0.90727645,0.8061806,0.75992745,0.889266,0.89999306,0.5192014,0.5564098
BC2026_Train_0009_S09_20250828_000000_25,0.5099076,0.605,0.36231306,0.30350065,0.3435788,0.8420037,0.467389,0.5526476,0.40803772,0.5718257,0.6481075,0.22725868,0.30901805,0.46634078,0.4608901,0.5004072,0.1349944,0.41518503,0.20093332,0.154603,0.333868,0.5591942,0.27478257,0.71797776,0.46595064,0.4461788,0.7879109,0.65877247,0.7755274,0.45590785,0.67988557,0.89791054,0.67483866,0.8043752,0.6368189,0.8191793,0.82691777,0.6805585,0.75390637,0.7165595,0.69368035,0.75390637,0.7317001,0.89791054,0.6270616,0.6270616,0.6415293,0.6506136,0.68829703,0.71285844,0.7317001,0.7317001,0.7317001,0.7757762,0.6556605,0.59656703,0.88637656,0.2995819,0.5562284,0.21569888,0.53250813,0.40396318,0.21105379,0.32612252,0.64316523,0.8745892,0.45455062,0.24270211,0.93569744,0.5089891,0.90697974,0.8431201,0.8256631,0.76639885,0.79371136,0.8058833,0.6266697,0.7650729,0.9714802,0.91820097,0.37444475,0.81944054,0.5601697,0.9053364,0.2557739,0.51583636,0.49723223,0.82650024,0.9562207,0.60291976,0.4695239,0.67614883,0.94458324,0.8499459,0.465144,0.5000031,0.65477383,0.78688717,0.39114892,0.621128,0.904703,0.86502457,0.8630812,0.68150055,0.5519895,0.7502534,0.6626905,0.54077387,0.88180363,0.84344786,0.7806489,0.82616967,0.6662531,0.7577238,0.3360786,0.7770864,0.6037114,0.90876585,0.3515656,0.7323572,0.41874593,0.63300306,0.7865864,0.88573474,0.4176484,0.66540205,0.88548535,0.3771067,0.8265655,0.9312581,0.40104473,0.62469053,0.8375697,0.7611996,0.92280054,0.5000031,0.80191296,0.7616489,0.97173744,0.62587804,0.9330843,0.80796134,0.64487803,0.73037803,0.82419056,0.5767947,0.7378989,0.9203786,0.93099195,0.87010723,0.6527194,0.8220992,0.8570645,0.67179465,0.59579474,0.8302072,0.79165316,0.48377392,0.95518273,0.90449125,0.8812291,0.3377114,0.93838847,0.90177387,0.80439883,0.9000124,0.61677384,0.80716974,0.6456832,0.8768364,0.94410384,0.8499197,0.6341905,0.83289886,0.85559356,0.39273223,0.6647291,0.2985239,0.87000823,0.5387947,0.9611885,0.9278197,0.7640239,0.8483166,0.58352387,0.92275304,0.9611093,0.8795935,0.7228572,0.7390864,0.7157322,0.9289009,0.6195645,0.5443364,0.7078155,0.79262286,0.93085265,0.8746593,0.9194875,0.84852636,0.45923227,0.7297683,0.7925239,0.8505729,0.7770863,0.76560724,0.54750305,0.47348225,0.92710716,0.8637738,0.6693603,0.8889885,0.70254296,0.60019845,0.825378,0.8594593,0.8841791,0.9148364,0.9043468,0.3690614,0.6171697,0.65499634,0.7592739,0.92424124,0.9290568,0.78321195,0.79569054,0.94767076,0.75294054,0.7063568,0.94854164,0.8443583,0.60489887,0.6179614
BC2026_Train_0009_S09_20250828_000000_30,0.50052446,0.56916666,0.26360252,0.31320372,0.35043186,0.9294629,0.55262023,0.5489192,0.36655882,0.46890935,0.5556483,0.22211722,0.28722194,0.40248773,0.44790956,0.58917165,0.115485,0.36753184,0.32938492,0.108634606,0.22461179,0.51295656,0.2630244,0.31391624,0.36664122,0.45944437,0.77408904,0.78834826,0.6268483,0.6173483,0.62654823,0.71335447,0.68845654,0.6891295,0.5077784,0.69081175,0.7984784,0.6056878,0.6733159,0.6134263,0.5575743,0.6733159,0.6194826,0.71335447,0.49364716,0.49364716,0.56497633,0.5306576,0.5976128,0.6033326,0.6194826,0.6194826,0.6194826,0.69350344,0.62217426,0.6075086,0.8437016,0.26439747,0.4473853,0.14805515,0.34185514,0.5908016,0.11778282,0.2770622,0.73448914,0.7883225,0.48242244,0.26541942,0.9620795,0.49562952,0.7923066,0.7830702,0.8221557,0.7350407,0.5581032,0.8465964,0.5854157,0.8049053,0.9658512,0.9452816,0.42868552,0.47062406,0.3083324,0.8688522,0.20224907,0.5976865,0.6570616,0.5030448,0.90958345,0.6827907,0.3122907,0.74770737,0.94562405,0.8206862,0.41268048,0.651124,0.38195738,0.86028236,0.6166865,0.7301007,0.8550574,0.64420897,0.7560892,0.30313903,0.48466507,0.89312816,0.6337074,0.6622074,0.86596155,0.90051883,0.8209524,0.71683234,0.69585323,0.67220217,0.33734697,0.8569574,0.6139157,0.951208,0.41401988,0.6099574,0.37975496,0.7207907,0.7655199,0.92727715,0.42738637,0.62992716,0.91579807,0.5993293,0.6903115,0.9503398,0.6479574,0.510999,0.8459373,0.65726143,0.81172955,0.3308949,0.85497814,0.6352907,0.9703043,0.4508324,0.93940943,0.80787396,0.44568652,0.73133576,0.7512699,0.6926865,0.62222826,0.94109285,0.8761682,0.86701155,0.4971766,0.8131763,0.6206746,0.52841574,0.651124,0.9368564,0.78640014,0.4413324,0.9428176,0.91788954,0.8027836,0.3206032,0.940504,0.70614487,0.8633699,0.90445733,0.6669573,0.5050615,0.6893616,0.8193532,0.9621189,0.83142626,0.6040199,0.7722491,0.8537532,0.29843655,0.61848766,0.2275824,0.6621084,0.45558238,0.9037448,0.78570735,0.719999,0.782511,0.86487406,0.87516576,0.8730282,0.88842416,0.70456153,0.73701984,0.55731153,0.7944331,0.538173,0.51139486,0.7358324,0.62509805,0.79897964,0.93188864,0.9269804,0.9456241,0.52524906,0.40128595,0.73196906,0.8355824,0.7647282,0.8494365,0.4346032,0.30437407,0.61035323,0.8134157,0.77436686,0.8409262,0.6352907,0.5944011,0.87397826,0.7773949,0.7594835,0.97174907,0.8769272,0.5276043,0.63212407,0.48849595,0.7330616,0.79561514,0.91940016,0.8826272,0.82014483,0.93964696,0.75799906,0.7147959,0.9339074,0.8628355,0.51495737,0.5755199
BC2026_Train_0009_S09_20250828_000000_35,0.4938778,0.49612498,0.28209937,0.2721586,0.4005867,0.66748524,0.57825005,0.6159334,0.39383715,0.44682938,0.57364726,0.2775572,0.3653728,0.44679946,0.45043322,0.67510325,0.24437103,0.39203665,0.30791268,0.17164707,0.27127236,0.69369584,0.43252364,0.48733357,0.5536752,0.47967416,0.90041256,0.6449227,0.71761346,0.4954165,0.6822241,0.80503136,0.6620366,0.69299066,0.5668189,0.7414408,0.8410323,0.6092126,0.69400007,0.5762397,0.61055845,0.69400007,0.6892897,0.80503136,0.5395657,0.5395657,0.58835214,0.5880157,0.5880157,0.621998,0.6892897,0.6892897,0.6892897,0.7437959,0.64992404,0.58611006,0.80167276,0.2938898,0.44604424,0.30962715,0.44680125,0.34198356,0.19311559,0.31878275,0.7183419,0.8439002,0.43140227,0.23910001,0.9056582,0.36930403,0.7355685,0.806507,0.9484318,0.48332775,0.53953606,0.70478666,0.6163277,0.7639736,0.8503444,0.7561757,0.5491449,0.60128605,0.2687861,0.8055559,0.16309859,0.84670275,0.7679319,0.5072371,0.93004555,0.8411611,0.44770274,0.64957774,0.77466106,0.69407,0.3992033,0.60168195,0.34914026,0.75893855,0.5308277,0.9052861,0.90908605,0.68033,0.72934806,0.3978911,0.5030743,0.66317165,0.72874445,0.7172652,0.8997642,0.971034,0.9738246,0.71291107,0.5993069,0.7839434,0.54976845,0.8229527,0.6966819,0.6763855,0.52924436,0.6725361,0.30455953,0.74061936,0.85541105,0.9590007,0.3674412,0.89796513,0.833759,0.6585037,0.78930694,0.7110408,0.3388486,0.49084857,0.5375569,0.7108923,0.8501861,0.5613069,0.84155685,0.62266105,0.6966819,0.5850569,0.88945276,0.8106818,0.51024437,0.8589735,0.6107861,0.6685777,0.81147355,0.71605796,0.9112034,0.80017257,0.6460113,0.93917984,0.52230746,0.55734855,0.6008902,0.911659,0.6300632,0.3946611,0.88630795,0.81405634,0.83612514,0.39545277,0.69022983,0.7045986,0.85145277,0.64205694,0.57397354,0.52449435,0.7937007,0.8791611,0.87106925,0.82164645,0.7493277,0.8854944,0.97294337,0.39149442,0.86613613,0.2786819,0.8243941,0.3182653,0.9535382,0.7976194,0.6187027,0.8025772,0.80236936,0.84947366,0.74616104,0.91727895,0.70261943,0.48847362,0.6693694,0.6157835,0.5385069,0.49916106,0.91043186,0.8138124,0.8186144,0.95628923,0.8919663,0.7406194,0.4860986,0.3593488,0.6638277,0.84773195,0.82734644,0.7869319,0.36101523,0.5379527,0.53399444,0.65789026,0.8137298,0.869483,0.57911944,0.6029288,0.65868187,0.61589235,0.79021734,0.57524025,0.9564871,0.5817814,0.7006402,0.4744017,0.84953696,0.8041467,0.873943,0.8852767,0.75447357,0.90265375,0.6527444,0.8468215,0.81139445,0.9164486,0.5019319,0.7097444
BC2026_Train_0009_S09_20250828_000000_40,0.51307124,0.5670833,0.30791548,0.37283114,0.38049054,0.74162203,0.611199,0.6599855,0.42389265,0.47961015,0.5402063,0.17134704,0.41601953,0.4498845,0.45442665,0.6957178,0.12684053,0.39972803,0.34257513,0.14181046,0.3119911,0.70369583,0.29100874,0.65640616,0.40631866,0.43927178,0.85207,0.5076053,0.70124704,0.4937116,0.68281645,0.8332133,0.6710405,0.7036769,0.5051665,0.76323,0.81168,0.62191755,0.7093967,0.667003,0.58726233,0.7093967,0.7023311,0.8332133,0.5983654,0.5983654,0.61956227,0.63133836,0.6057674,0.62595505,0.7023311,0.7023311,0.7023311,0.7208362,0.69627476,0.49167258,0.79545534,0.34504366,0.48345473,0.22954641,0.6708788,0.36428115,0.15931271,0.3355496,0.6975728,0.81283957,0.4515624,0.21086405,0.83838344,0.40749907,0.80733025,0.851014,0.8468594,0.71742195,0.58442193,0.7816459,0.6212344,0.62174904,0.6350886,0.6760969,0.5151016,0.53138024,0.30417192,0.7312761,0.4249011,0.66002613,0.6814011,0.64351696,0.9053438,0.5582969,0.6715053,0.6540886,0.7938177,0.7691264,0.35877717,0.79698443,0.63983864,0.7415678,0.45181775,0.8393386,0.83193654,0.81982005,0.79173964,0.4726069,0.4339162,0.7464069,0.5903594,0.47398442,0.75934064,0.9808689,0.8659782,0.62954694,0.93829685,0.47307402,0.33036622,0.7965886,0.4617136,0.6712975,0.4771511,0.54642195,0.26757714,0.63192195,0.68179697,0.857349,0.36561516,0.92163926,0.9678261,0.54080117,0.6940678,0.65548396,0.26260942,0.52940106,0.4969428,0.7092876,0.7658126,0.54642195,0.6734844,0.78035945,0.7384011,0.5001094,0.9148636,0.6877344,0.44785944,0.77640104,0.6794219,0.82217926,0.6627969,0.6018782,0.91547245,0.97069585,0.5516628,0.974004,0.60172975,0.48269275,0.5713594,0.9239678,0.6049261,0.37423444,0.83597106,0.71744174,0.8704916,0.35760942,0.70570534,0.74433863,0.6584428,0.6568594,0.48308858,0.7019844,0.60294694,0.9450261,0.74741626,0.89172715,0.61925524,0.8472552,0.9819308,0.4284636,0.76380664,0.28160942,0.8704343,0.35167193,0.98381776,0.8270677,0.7134636,0.717135,0.5982761,0.8963386,0.65290105,0.95437074,0.7910469,0.6631928,0.6774428,0.6020168,0.36510575,0.42054692,0.9641053,0.85229915,0.7663232,0.9474209,0.9668167,0.6240053,0.55275524,0.35079715,0.6754636,0.9082928,0.9476387,0.5864011,0.28992194,0.3730469,0.80490106,0.7934219,0.6689276,0.86348444,0.4557761,0.5419985,0.60992944,0.6597625,0.66750735,0.5705678,0.98381776,0.25434643,0.69169277,0.529599,0.9256303,0.8443816,0.80913854,0.79112613,0.7292969,0.85853654,0.5820469,0.70289487,0.84693867,0.9717053,0.6806094,0.6010469
BC2026_Train_0009_S09_20250828_000000_45,0.3287643,0.45,0.35307124,0.27492613,0.401573,0.7583636,0.42453498,0.7016084,0.37941593,0.5949511,0.4760131,0.2171084,0.3987959,0.4377793,0.4541312,0.60235786,0.11692925,0.40264174,0.28595504,0.18239316,0.23023751,0.687148,0.40951425,0.3704011,0.31161985,0.35347924,0.78456694,0.27263656,0.43116784,0.33106157,0.5335883,0.6745643,0.6022257,0.6372174,0.47067055,0.60390806,0.7280612,0.5645425,0.62005806,0.5672341,0.51340073,0.62005806,0.6062632,0.6745643,0.5584862,0.5584862,0.55814976,0.56218725,0.5887674,0.5419997,0.6062632,0.6062632,0.6062632,0.6856674,0.59011334,0.45140588,0.83792615,0.35187614,0.47432125,0.20375827,0.6189478,0.43238863,0.18556082,0.33151644,0.6510865,0.799524,0.46373865,0.23815387,0.8435668,0.41976783,0.9103636,0.9107185,0.94557935,0.578246,0.5675585,0.66180646,0.5133294,0.74243766,0.63722515,0.7364804,0.5542882,0.6095168,0.36251685,0.92173046,0.44326684,0.5909127,0.466621,0.8769785,0.9641044,0.60555845,0.6708711,0.62257934,0.92661893,0.8643362,0.2634101,0.93449605,0.8117718,0.70060605,0.6562252,0.69937104,0.806246,0.6910783,0.88656056,0.25564188,0.2092205,0.6405334,0.4923502,0.44801685,0.7554211,0.9599679,0.8731418,0.542621,0.72430855,0.6455575,0.3870288,0.83070844,0.5248085,0.7987153,0.5675585,0.47255853,0.2849434,0.70847523,0.65107936,0.90412766,0.17658405,0.9524249,0.9800169,0.44479084,0.611496,0.73579764,0.41120437,0.7120377,0.371621,0.77270406,0.7666479,0.45751685,0.9111418,0.4234752,0.62851685,0.3063085,0.97411895,0.5936835,0.4511835,0.6752252,0.5184752,0.9238877,0.76982933,0.7581127,0.9170659,0.9600867,0.64632934,0.9807357,0.57410955,0.56637096,0.6526627,0.9021564,0.6132377,0.49116266,0.8892177,0.7596861,0.94108266,0.601996,0.78022,0.4773085,0.661371,0.6202043,0.71045434,0.8711627,0.5523585,0.8525585,0.88887334,0.9682211,0.48760018,0.8090168,0.98116636,0.22951686,0.8068225,0.30314183,0.83545214,0.25326687,0.9588002,0.80268353,0.8406835,0.6932159,0.7346002,0.8719543,0.72430855,0.9698073,0.871044,0.7033294,0.533121,0.63048613,0.55251694,0.47968352,0.86522514,0.8981848,0.7287617,0.85574496,0.9756469,0.90718347,0.5865585,0.39499497,0.521246,0.91153765,0.96647936,0.6293085,0.27187103,0.20062101,0.82485014,0.72747517,0.6369679,0.73539186,0.4377252,0.64240074,0.24788353,0.7641492,0.90393776,0.369246,0.97900754,0.49809965,0.5707252,0.4026346,0.9701606,0.83777416,0.9050649,0.7402013,0.6498918,0.8657596,0.6479127,0.92183924,0.89724815,0.97328776,0.585371,0.36449602
BC2026_Train_0009_S09_20250828_000000_50,0.46732965,0.46874997,0.33909768,0.3345588,0.3667994,0.63228947,0.46627894,0.46658173,0.38391393,0.5384156,0.5263031,0.20737424,0.38845614,0.412422,0.42150635,0.58615226,0.18956506,0.40420565,0.32639772,0.15076646,0.42511457,0.7916523,0.21953799,0.69274837,0.39476502,0.3667994,0.78762347,0.61012274,0.41390818,0.34764567,0.56333184,0.7298788,0.6437454,0.723486,0.4835913,0.631633,0.7827027,0.59058505,0.655858,0.6100996,0.52665794,0.655858,0.6275954,0.7298788,0.58049124,0.58049124,0.55761206,0.55323815,0.5724163,0.54987353,0.6275954,0.6275954,0.6275954,0.73122454,0.60808086,0.45057636,0.76568526,0.37054005,0.45698413,0.26636365,0.61823183,0.2454963,0.21166146,0.35307488,0.71372753,0.7459682,0.35094628,0.23947236,0.8223884,0.39110816,0.8531644,0.94828695,0.804235,0.5140733,0.6161983,0.77468014,0.45034418,0.6742869,0.75434417,0.6555046,0.5016838,0.74524,0.40838584,0.93619007,0.31655252,0.6965525,0.49744835,0.8792029,0.9046817,0.54376084,0.6648859,0.8018441,0.92098993,0.8990883,0.3215796,0.64549,0.7453667,0.7130984,0.71199,0.605115,0.86365354,0.50758564,0.7763624,0.32000417,0.36743686,0.64016604,0.72149,0.51446915,0.6942171,0.9300942,0.57186496,0.6728025,0.82951295,0.6877057,0.32858586,0.81055254,0.5920525,0.70243067,0.5366358,0.47171918,0.26990354,0.78680253,0.71951085,0.87280923,0.41925147,0.93010956,0.9843233,0.46494052,0.81846917,0.74213266,0.29676083,0.63401085,0.5833441,0.6661327,0.7034795,0.49190667,0.79630256,0.486365,0.64984417,0.35534418,0.9576244,0.7741358,0.6759692,0.5995733,0.5489066,0.82371396,0.6993233,0.5959712,0.9440357,0.93694216,0.5553627,0.9771326,0.66435146,0.5097192,0.59719837,0.90232646,0.70254946,0.45271915,0.860097,0.60285884,0.9605803,0.7016983,0.77797544,0.5920525,0.62807333,0.386615,0.67082334,0.7305942,0.63858277,0.904365,0.786189,0.9734577,0.681115,0.8457816,0.9739194,0.35296917,0.8398883,0.39176083,0.9302367,0.2476775,0.923365,0.7776983,0.7583025,0.8063369,0.6419275,0.8984275,0.85171914,0.92600423,0.86913586,0.5785942,0.6114483,0.5801182,0.6082223,0.33951086,0.7535525,0.9567497,0.7979492,0.9621963,0.97995335,0.5944275,0.5536883,0.34103873,0.78759414,0.8316266,0.9742296,0.5643441,0.5152609,0.36444837,0.9243348,0.8651775,0.8423973,0.7804692,0.61896914,0.5008525,0.32670167,0.6960378,0.73855036,0.286865,0.9693411,0.5003379,0.8208442,0.4047442,0.77255243,0.76901376,0.92659795,0.7828936,0.681115,0.89070874,0.67082334,0.87877434,0.86480147,0.94434416,0.7345525,0.5591983
BC2026_Train_0009_S09_20250828_000000_55,0.41568497,0.47512498,0.17856741,0.24244897,0.3384583,0.6789326,0.3735786,0.35964927,0.33300176,0.39538112,0.41264144,0.15706772,0.28606582,0.37100413,0.3946235,0.555602,0.07091458,0.3747958,0.19703153,0.10134278,0.1964259,0.5235643,0.20312248,0.61100936,0.38922393,0.3812083,0.8193516,0.5894744,0.59224516,0.42251185,0.6857792,0.8028667,0.6120948,0.8043471,0.5125031,0.8364788,0.86664236,0.6292541,0.7133688,0.6958729,0.57474786,0.7133688,0.7143781,0.8028667,0.54110205,0.54110205,0.57575727,0.53302705,0.59594476,0.5952719,0.7143781,0.7143781,0.7143781,0.7328834,0.6605448,0.42460197,0.768391,0.29018643,0.43291798,0.13752443,0.39007005,0.28377393,0.14594974,0.2595044,0.58488435,0.8081938,0.36072394,0.17735614,0.85125875,0.31064934,0.8024327,0.9297736,0.8146336,0.5146117,0.7699242,0.75039583,0.60327834,0.6911732,0.9563617,0.7147253,0.57147324,0.61396587,0.3301534,0.61317426,0.26642424,0.5474659,0.8312784,0.6370633,0.89912426,0.52411175,0.48136175,0.6107992,0.84614193,0.71811664,0.19190863,0.5078826,0.6619251,0.68200177,0.5514242,0.5593409,0.865518,0.4961382,0.8655319,0.47901836,0.55630887,0.61230195,0.6828409,0.5838826,0.7208904,0.9024097,0.7663617,0.8621534,0.96932536,0.79961175,0.3159826,0.7279659,0.68917423,0.67580503,0.5605284,0.6131742,0.37168276,0.6749242,0.8138617,0.84620935,0.49143967,0.7452836,0.93249303,0.51611596,0.85384095,0.93252265,0.3598409,0.7584451,0.5854659,0.6378346,0.7155565,0.3610284,0.71252835,0.71727836,0.64642423,0.45523673,0.81546485,0.79525757,0.6737367,0.81307006,0.60288256,0.59575754,0.64642423,0.72593725,0.8577133,0.7248388,0.4483611,0.933491,0.6388045,0.74459094,0.6630492,0.9562826,0.59090865,0.4971951,0.8209313,0.35677323,0.866757,0.3242159,0.76653993,0.6187159,0.77229923,0.6428618,0.7786326,0.61515343,0.82249093,0.74087006,0.82223517,0.86312324,0.787515,0.87007004,0.91362315,0.36023676,0.69481486,0.2541534,0.950737,0.3986326,0.8406201,0.8815492,0.6527576,0.7902107,0.5850701,0.7637334,0.7339034,0.836028,0.7976325,0.84117424,0.6024867,0.8378626,0.3311232,0.5225284,0.8894659,0.9336449,0.81779236,0.96657425,0.9459513,0.7046117,0.5415284,0.3999111,0.5652784,0.87679917,0.845667,0.6246534,0.3942784,0.5213409,0.93657,0.6068409,0.71737736,0.7877367,0.45879924,0.6981992,0.5303342,0.869793,0.7513993,0.2826534,0.9107024,0.6461669,0.7418201,0.5546701,0.5815075,0.7932309,0.75397617,0.7933576,0.66661173,0.8405607,0.47027838,0.6832565,0.8639742,0.8591055,0.67373675,0.7719034
BC2026_Train_0009_S09_20250828_000000_60,0.38106832,0.488625,0.31396493,0.24716048,0.3748761,0.7046551,0.6076258,0.43387872,0.4520474,0.4632515,0.47445557,0.18193866,0.5598487,0.41100582,0.43008298,0.47081125,0.18303545,0.38235736,0.25389805,0.19939178,0.27297524,0.45012054,0.55761,0.8137959,0.48086047,0.41014487,0.8428333,0.36087394,0.662301,0.47701147,0.74141985,0.8925065,0.60549057,0.7663346,0.6287063,0.84030503,0.8793846,0.643174,0.77035517,0.6993625,0.68354905,0.77035517,0.80366457,0.8925065,0.6344261,0.6344261,0.64351046,0.6065,0.69667083,0.6758104,0.80366457,0.80366457,0.80366457,0.8166182,0.5953969,0.4091889,0.776301,0.28314173,0.53942406,0.15771204,0.52647036,0.42564172,0.22579436,0.3066453,0.56442094,0.867372,0.49546674,0.14756946,0.8207135,0.35553017,0.85744685,0.83477247,0.8895349,0.40679643,0.8596496,0.7737919,0.65260893,0.7615225,0.54137975,0.7887063,0.3111334,0.45429644,0.5528589,0.954135,0.2840881,0.8671506,0.89881724,0.8563331,0.9478412,0.56037974,0.31060895,0.5564214,0.96794957,0.9561038,0.35836622,0.7816506,0.71317136,0.7613839,0.52237976,0.5872964,0.8921871,0.8563625,0.9359479,0.55936646,0.4290324,0.83802074,0.66408813,0.68110895,0.8963433,0.82837874,0.53781724,0.6949631,0.79148304,0.6530642,0.31994072,0.8125256,0.8378589,0.8242423,0.60431725,0.83469224,0.3715332,0.68308806,0.72267145,0.92847306,0.34458137,0.6989907,0.84017456,0.40350112,0.7998589,0.77310055,0.23658812,0.4966506,0.82360893,0.7352986,0.86550796,0.2908173,0.84854645,0.64073396,0.6395464,0.6692339,0.92953396,0.84854645,0.40917146,0.6917964,0.77056724,0.6763589,0.6510256,0.8997079,0.96877146,0.683088,0.7288449,0.89162356,0.56140894,0.5730464,0.5833381,0.8608766,0.6269392,0.45429644,0.8167115,0.70222664,0.87946105,0.40085897,0.9135324,0.8869423,0.51090056,0.6577547,0.50535893,0.65498394,0.6534006,0.85092145,0.9609795,0.8486652,0.6815047,0.7935256,0.829833,0.42144227,0.668373,0.2789423,0.81730676,0.5037756,0.92114234,0.86358804,0.60985893,0.77943397,0.53662974,0.82598394,0.7721505,0.92807275,0.7964152,0.8176714,0.58056724,0.9229379,0.39043906,0.44479644,0.84379643,0.79478085,0.7584532,0.92759436,0.9029141,0.74721307,0.46340063,0.5908969,0.46973392,0.83429646,0.7689839,0.4942756,0.47171313,0.23342146,0.8182849,0.73415065,0.7647557,0.8287547,0.6300464,0.555798,0.41183147,0.9021922,0.8163651,0.29754645,0.9013308,0.29464698,0.7385047,0.5191538,0.8972339,0.92944133,0.73764384,0.76990426,0.7816506,0.92462564,0.6621089,0.68516624,0.9501766,0.95288813,0.62806726,0.62015057
BC2026_Train_0010_S09_20250828_000000_5,0.48090404,0.56291664,0.2507838,0.40704688,0.42931256,0.7221252,0.46941444,0.303776,0.2147491,0.62445444,0.3679722,0.20505911,0.2992338,0.47282434,0.44466278,0.41968074,0.42770943,0.8851938,0.30857646,0.40305397,0.21319054,0.59688765,0.26042485,0.5523574,0.35254067,0.40793756,0.6082994,0.50576264,0.59427094,0.64414597,0.657399,0.69811046,0.597173,0.7415136,0.46629068,0.6335105,0.7886178,0.6345199,0.7822251,0.6032293,0.59078026,0.7822251,0.6792689,0.69811046,0.51440424,0.51440424,0.5978459,0.54333967,0.6456229,0.6187063,0.6792689,0.6792689,0.6792689,0.76136464,0.5615084,0.5613634,0.9030209,0.38104066,0.5678226,0.32096308,0.36093432,0.47224066,0.3087219,0.29660943,0.595899,0.58125323,0.7011907,0.54572326,0.9337773,0.7074793,0.8994387,0.60361236,0.7058761,0.48235688,0.5817111,0.9332611,0.7155027,0.9015286,0.72965765,0.61894906,0.48326728,0.5373777,0.2032944,0.7451902,0.3137319,0.5540027,0.6808594,0.83181834,0.8223777,0.35371107,0.8116902,0.49937773,0.3703361,0.9531957,0.46357775,0.83971524,0.43248188,0.66958606,0.970934,0.26425272,0.6145652,0.39314,0.9131913,0.4084786,0.4311064,0.7925319,0.8578642,0.4669194,0.29275274,0.8006069,0.31096107,0.83741933,0.4835444,0.75152355,0.54371107,0.9369715,0.38973188,0.7208148,0.5148152,0.41071105,0.603858,0.89758605,0.5536069,0.7903152,0.3661699,0.61712193,0.86116946,0.5673423,0.44989857,0.89765733,0.28721106,0.4281277,0.6367319,0.4553215,0.46743396,0.19894022,0.90609646,0.8473152,0.9382184,0.52075267,0.73925275,0.7348985,0.3402527,0.6149611,0.6739402,0.77725273,0.7440027,0.66958606,0.81407017,0.8587944,0.6027536,0.95870674,0.88716936,0.899961,0.6537527,0.81010693,0.92693114,0.76559937,0.7919381,0.47953936,0.8053965,0.6402944,0.8749939,0.7311777,0.23614857,0.9711912,0.9681631,0.26108605,0.4702444,0.5034944,0.7817653,0.83206767,0.5156069,0.7297527,0.8250655,0.7357377,0.5820361,0.31887773,0.85452336,0.26029438,0.6881902,0.65573186,0.3034402,0.79760087,0.92268187,0.4166327,0.45266938,0.68310374,0.60427356,0.78675276,0.5631069,0.30306417,0.88315004,0.61100274,0.62723184,0.7289572,0.5559858,0.6553361,0.847434,0.9469663,0.8643361,0.4271223,0.522336,0.92842144,0.95256734,0.70521104,0.3331277,0.24921106,0.6141694,0.94286937,0.94739676,0.8268744,0.4757544,0.74558604,0.7784402,0.86957395,0.9162318,0.40556523,0.9003569,0.60573816,0.9257694,0.77709436,0.33748192,0.62159526,0.6109236,0.67366314,0.4443569,0.3948777,0.38181522,0.5286694,0.69135684,0.66048187,0.80416936,0.46414858
BC2026_Train_0010_S09_20250828_000000_10,0.42369044,0.59916663,0.32466325,0.40641865,0.42904052,0.6740581,0.41490138,0.275002,0.18718638,0.59167653,0.28529763,0.25259385,0.2743964,0.4938537,0.467509,0.41042885,0.42601243,0.85258216,0.32773045,0.66829354,0.19903514,0.6336383,0.28000295,0.47481865,0.42351866,0.42690304,0.67094857,0.46569142,0.66930807,0.60676634,0.614539,0.7639265,0.6024265,0.8549553,0.48836708,0.77583706,0.7881515,0.67173696,0.7538327,0.74676704,0.60511816,0.7538327,0.6441473,0.7639265,0.50350773,0.50350773,0.59334207,0.5782014,0.63977337,0.6347265,0.6441473,0.6441473,0.6441473,0.7430661,0.59300566,0.56715107,0.90007883,0.36188737,0.5617674,0.58986163,0.30663103,0.6968415,0.28349462,0.2671427,0.5539457,0.62400824,0.6616124,0.52539426,0.96022576,0.69345385,0.9130424,0.5638155,0.7468406,0.516038,0.84814227,0.88306075,0.7464131,0.8786976,0.67714226,0.6509899,0.77159804,0.5769964,0.2480589,0.6953505,0.31099638,0.6514606,0.36601722,0.52008545,0.8192464,0.34028804,0.62726724,0.43845472,0.41747555,0.96987736,0.39691204,0.76266205,0.36562136,0.6933714,0.85241723,0.32247555,0.6482464,0.2836512,0.94099885,0.57351303,0.8630537,0.62733656,0.98272556,0.45270473,0.31008595,0.48160055,0.25439224,0.91489565,0.24924637,0.6111766,0.65953755,0.8358555,0.25557974,0.84458137,0.7642256,0.5920381,0.6962214,0.8509131,0.8038406,0.8196422,0.40704495,0.39660528,0.7551214,0.5093287,0.60035056,0.96123827,0.5093089,0.52791303,0.81924635,0.3935078,0.40797552,0.25914222,0.916285,0.8509131,0.91507775,0.46893385,0.78124636,0.6628923,0.7476006,0.79272556,0.64943385,0.64428806,0.7709548,0.6855735,0.8805645,0.8604131,0.68277496,0.8963637,0.95282143,0.80200386,0.6708089,0.8457672,0.9353236,0.96503186,0.85595995,0.3477891,0.7876589,0.49426723,0.7987221,0.8992048,0.27932975,0.9612714,0.9767485,0.2718089,0.3874318,0.48041305,0.66401047,0.7598715,0.37710056,0.51801723,0.6636354,0.70920473,0.5503667,0.2555797,0.95128953,0.4629964,0.6490381,0.49980888,0.3786839,0.94901943,0.9571151,0.32960054,0.6791214,0.3461365,0.71157974,0.7346489,0.70445466,0.33822972,0.7140117,0.5120797,0.7016839,0.7524763,0.65846586,0.70920473,0.91394955,0.9481495,0.5073297,0.3169606,0.8904964,0.8612443,0.73018384,0.75076723,0.5021839,0.76660055,0.5892672,0.8396318,0.8270213,0.8498523,0.31297556,0.91760117,0.56138474,0.8576794,0.9579505,0.3786839,0.82043386,0.9314157,0.97480893,0.7363391,0.25439224,0.41756162,0.7610787,0.6889974,0.6470589,0.45191303,0.46497554,0.35515156,0.672788,0.7527464,0.93641305,0.77214223
BC2026_Train_0010_S09_20250828_000000_15,0.5275082,0.65,0.34535873,0.33317566,0.46872878,0.64200324,0.4186394,0.23998003,0.2248394,0.57899547,0.31295782,0.19031878,0.25269815,0.592894,0.5019325,0.29586855,0.4838694,0.9347632,0.2517978,0.43015432,0.22848125,0.6100923,0.3125707,0.61821526,0.49562564,0.46552256,0.75523514,0.378497,0.5620449,0.6190449,0.71527666,0.80073714,0.6180402,0.9285408,0.54031837,0.832095,0.81856936,0.7273891,0.82933605,0.80511105,0.70484644,0.82933605,0.7452215,0.80073714,0.5544496,0.5544496,0.66716313,0.61198395,0.70047253,0.67086416,0.7452215,0.7452215,0.7452215,0.82664436,0.6092923,0.57775337,0.79519075,0.37770692,0.553356,0.43599936,0.35878214,0.5770486,0.39766583,0.28471676,0.39195693,0.77852774,0.6874861,0.56621003,0.8846293,0.72394073,0.83517,0.6846541,0.67212844,0.39393675,0.81782675,0.78760344,0.48577014,0.78876865,0.41570762,0.5071451,0.6516836,0.89506173,0.42204094,0.6183742,0.40937427,0.48379093,0.44536346,0.4974274,0.6801243,0.4252076,0.79768676,0.29893678,0.33733264,0.8194546,0.31729355,0.92411596,0.37572846,0.58156174,0.7311867,0.37256178,0.7418742,0.32903954,0.94249207,0.76570344,0.8417906,0.59992725,0.83537006,0.59620756,0.44327742,0.48260343,0.2684576,0.8701242,0.28587428,0.59013784,0.7782426,0.8019618,0.28904095,0.7003217,0.43985343,0.5633534,0.58750916,0.6690409,0.6539992,0.77710336,0.46953306,0.49448833,0.8736868,0.30353832,0.3943326,0.6824894,0.48854092,0.71337426,0.50397843,0.3331566,0.59155655,0.4738951,0.8566659,0.6927909,0.83564717,0.4940826,0.67616594,0.64331174,0.69991595,0.7596867,0.76720756,0.52535343,0.58512425,0.8005962,0.7157918,0.79412425,0.7900884,0.8972201,0.7069269,0.8732909,0.5839367,0.61441594,0.81642556,0.8019618,0.7822097,0.26514253,0.80307007,0.29141593,0.6148117,0.6849534,0.29893678,0.8547065,0.9070357,0.21502012,0.5515528,0.38206178,0.75872207,0.6678534,0.33931178,0.47112426,0.67808473,0.42243677,0.5439477,0.21106179,0.8130792,0.4940826,0.6642909,0.52574927,0.29102013,0.82675993,0.83206487,0.29774928,0.5506868,0.29757118,0.6326242,0.96116596,0.78383255,0.39471853,0.54490757,0.6761659,0.6567701,0.56650573,0.6631427,0.7003117,0.785792,0.88704604,0.4002701,0.6880406,0.65360343,0.56691587,0.7070409,0.80441594,0.5368326,0.40977007,0.5502909,0.8089284,0.6979962,0.81874514,0.29418677,0.74629253,0.62877667,0.9395732,0.8988578,0.15485343,0.8447909,0.74656487,0.95099306,0.7274129,0.20116594,0.7119291,0.67319715,0.66523105,0.41887426,0.6678534,0.46835345,0.40078473,0.5684992,0.85310334,0.7672076,0.39947847
BC2026_Train_0010_S09_20250828_000000_20,0.5079289,0.6716666,0.29399332,0.4004072,0.47041032,0.45126536,0.43298426,0.31276774,0.28490895,0.57247996,0.3805977,0.25462773,0.23009992,0.5695686,0.5584655,0.36096436,0.45633844,0.8433645,0.25001624,0.35236686,0.26243156,0.72351414,0.4077831,0.83574474,0.39826968,0.47575405,0.7837243,0.38429037,0.6187028,0.67451537,0.7759994,0.91843903,0.68313694,0.9338825,0.54821706,0.88837653,0.92266166,0.7638869,0.9064948,0.82444936,0.7591765,0.9064948,0.8486745,0.91843903,0.6225743,0.6225743,0.7211567,0.65891194,0.72788584,0.7093806,0.8486745,0.8486745,0.8486745,0.89540845,0.64713585,0.56452173,0.8189945,0.40539467,0.4914469,0.44223985,0.46222544,0.39399466,0.54872894,0.33746672,0.40610716,0.8092239,0.61091137,0.47023022,0.672932,0.47940907,0.8423487,0.65676224,0.6080141,0.82591236,0.8116624,0.7612733,0.49618328,0.7735486,0.6398707,0.5196067,0.46004367,0.78514147,0.35209993,0.6901415,0.37862074,0.43126658,0.54461735,0.76891243,0.7799324,0.41622493,0.8482058,0.41424575,0.30539158,0.72319365,0.23163794,0.88534683,0.4126624,0.60859984,0.9771208,0.22147492,0.7867249,0.34265417,0.9124609,0.67353237,0.67478406,0.74663687,0.86866236,0.5638707,0.44948483,0.68331736,0.42612073,0.88489157,0.39841244,0.9113784,0.6408061,0.93951654,0.2899541,0.64849,0.5571416,0.4680791,0.48439732,0.7380374,0.53457904,0.76178735,0.45210248,0.6035036,0.93435097,0.35622653,0.48232907,0.75514734,0.2567041,0.4007874,0.63591236,0.6188472,0.68378365,0.3338916,0.7111207,0.65530825,0.6410582,0.6232457,0.7342057,0.7590166,0.35724574,0.5876207,0.72141236,0.73922485,0.62007904,0.8219442,0.79721445,0.8951436,0.69724756,0.94631743,0.7618865,0.840954,0.5005374,0.7154749,0.839158,0.82076657,0.80009717,0.30195776,0.9389367,0.4063291,0.610114,0.4791624,0.37426656,0.82531863,0.80861443,0.3461624,0.6009215,0.632429,0.7274587,0.76930827,0.38693324,0.64218235,0.7967549,0.3065791,0.32592544,0.3457666,0.7127733,0.27095407,0.5872249,0.67391235,0.28480825,0.7988968,0.7997874,0.3410166,0.40672493,0.6477874,0.5329957,0.95523113,0.5373499,0.21624003,0.7523864,0.87776655,0.7111207,0.6283223,0.60912913,0.73407906,0.73170406,0.80463636,0.70158905,0.6081197,0.52151656,0.6454124,0.89597493,0.5579332,0.35130826,0.31607908,0.57732904,0.8956979,0.8755302,0.7119124,0.31330827,0.8173929,0.6488324,0.9471957,0.89442134,0.13676658,0.9098291,0.55290616,0.8859405,0.8847981,0.19020408,0.6128302,0.64633566,0.6587025,0.6644123,0.38337076,0.41226658,0.5127821,0.6093915,0.7320999,0.8532249,0.3742666
BC2026_Train_0010_S09_20250828_000000_25,0.5290327,0.57708335,0.3837748,0.39795282,0.4387435,0.57048696,0.41163355,0.21601668,0.3147335,0.5970221,0.3964929,0.23388262,0.3716623,0.47549427,0.46005085,0.3430138,0.6821612,0.8483519,0.25116158,0.36229375,0.38470188,0.660194,0.2479911,0.7415362,0.43820912,0.42912474,0.7698785,0.31438282,0.5993828,0.70269537,0.6928484,0.8470305,0.5855182,0.83649933,0.5128432,0.74264425,0.8397462,0.719765,0.8214596,0.6746796,0.6615578,0.8214596,0.7460088,0.8470305,0.55826503,0.55826503,0.63363177,0.5875369,0.6645859,0.67669845,0.7460088,0.7460088,0.7460088,0.80234885,0.5808078,0.46186772,0.8416329,0.38762158,0.46181864,0.55567366,0.39686534,0.6928487,0.41036817,0.34920007,0.4496091,0.7439112,0.63664037,0.56875956,0.80838287,0.5629661,0.87132037,0.7487202,0.7098959,0.5834351,0.62064344,0.8093833,0.719206,0.7467263,0.70970595,0.39959037,0.58869964,0.7532476,0.26043513,0.9633362,0.40768516,0.45439348,0.44348434,0.63285494,0.93493515,0.4591435,0.92108095,0.6079768,0.41362265,0.6394059,0.2529539,0.9820393,0.35068515,0.58818513,0.83265173,0.23906015,0.71762264,0.32198268,0.95660067,0.69059515,0.7754657,0.8311872,0.8605184,0.70178926,0.4244586,0.65824765,0.5141643,0.7302893,0.4710185,0.7878553,0.770031,0.8672475,0.35781014,0.8233992,0.50308096,0.4179768,0.55385643,0.5272268,0.63014346,0.81776845,0.45932958,0.67801946,0.7180184,0.2950211,0.6317268,0.87824196,0.30081013,0.74968505,0.45558098,0.51507473,0.5931331,0.27270597,0.8636851,0.55651844,0.5953101,0.44766432,0.93770593,0.662206,0.75918514,0.7318726,0.7758101,0.85695595,0.60956013,0.6280159,0.6770893,0.7425601,0.7310992,0.92528623,0.9135206,0.67051846,0.6986226,0.69743514,0.7581659,0.8597267,0.81211996,0.22199973,0.8839875,0.7207893,0.5994466,0.48051846,0.38631016,0.8680789,0.8003518,0.291706,0.6275666,0.3586018,0.74101645,0.7484976,0.38274765,0.7920392,0.7650143,0.34989348,0.7002258,0.39224765,0.8425971,0.38393512,0.5794768,0.6843726,0.61035174,0.8502664,0.8949362,0.43420598,0.47418514,0.34955707,0.62895596,0.96814555,0.6028309,0.33078462,0.5926976,0.62420595,0.7651226,0.80996066,0.6941056,0.79797673,0.7227684,0.90722674,0.55691427,0.7506306,0.4274768,0.78926843,0.74453926,0.5478101,0.44608098,0.76987267,0.51535183,0.6653726,0.70473826,0.7572059,0.3142685,0.8346309,0.71953845,0.88036954,0.8464862,0.17928931,0.8652684,0.6977122,0.8600435,0.7828085,0.4638935,0.6204212,0.78553975,0.61970335,0.47458097,0.53078926,0.39699763,0.42557687,0.63133097,0.8886226,0.87516433,0.5866018
BC2026_Train_0010_S09_20250828_000000_30,0.4332772,0.65958333,0.26174727,0.24093235,0.41389173,0.65435576,0.4249632,0.20209323,0.27719072,0.56193537,0.32745758,0.24630383,0.40830854,0.57258713,0.45235372,0.2923173,0.33070737,0.8616386,0.2782169,0.4689888,0.2848788,0.5463742,0.25475633,0.8023428,0.40124485,0.40320423,0.7248345,0.45865571,0.58666825,0.660689,0.7406365,0.8421797,0.6326335,0.9316777,0.54380846,0.84359276,0.8852968,0.72684175,0.86450374,0.79110533,0.6948782,0.86450374,0.78336686,0.8421797,0.5290043,0.5290043,0.68713963,0.5993241,0.6999251,0.67233557,0.78336686,0.78336686,0.78336686,0.83109343,0.60201573,0.5523996,0.7996266,0.39518863,0.5870534,0.6447291,0.35180175,0.4757011,0.33841127,0.21577221,0.33925733,0.75286365,0.6226344,0.72545415,0.73668903,0.6060641,0.82416826,0.6850272,0.5822756,0.690734,0.8866715,0.80367005,0.54704654,0.6955632,0.6665881,0.5059591,0.40564495,0.7441715,0.18129653,0.5082549,0.31073403,0.74456733,0.58504647,0.6277174,0.80759984,0.43067157,0.7734632,0.51577574,0.35902572,0.7328209,0.15018404,0.93472576,0.4148382,0.6796507,0.6828174,0.20108819,0.74575484,0.36414385,0.9531114,0.5921557,0.6568531,0.74730647,0.85975486,0.48925483,0.37888664,0.54427564,0.29727572,0.9452865,0.38831735,0.75517565,0.5524199,0.79562986,0.3380465,0.8281179,0.6990465,0.37485904,0.45555955,0.6935048,0.60800487,0.74258816,0.577745,0.37150437,0.74879485,0.37525487,0.42117155,0.7880793,0.14923403,0.5343799,0.61354655,0.33543402,0.5430288,0.36140066,0.831433,0.88865066,0.5419007,0.45798403,0.7606698,0.8027549,0.3384424,0.62819237,0.72556734,0.64758813,0.60325485,0.71164393,0.7297929,0.683609,0.6723397,0.9014183,0.53899133,0.8581715,0.50429654,0.62660897,0.84360486,0.68756735,0.79920226,0.17440905,0.8414278,0.30558825,0.6055507,0.7995882,0.3408174,0.851759,0.9415142,0.43545318,0.57718915,0.4259215,0.6374866,0.70656735,0.4623382,0.6709423,0.6845373,0.3317132,0.37385952,0.46194237,0.7592825,0.44056737,0.68202573,0.52369237,0.2604632,0.73481005,0.82717776,0.32300484,0.6828174,0.5550423,0.58187985,0.93586564,0.49519235,0.19480436,0.6048184,0.5897965,0.7271507,0.6613731,0.576449,0.84906733,0.59177566,0.8055257,0.6677757,0.5246344,0.45956737,0.854609,0.7710881,0.647984,0.36140066,0.564859,0.36694235,0.7892965,0.78112257,0.8174007,0.31865072,0.58640224,0.51900566,0.9395945,0.92570066,0.0669007,0.8625257,0.5795939,0.9215642,0.797233,0.3404215,0.6356657,0.65620744,0.6982548,0.50667155,0.43344235,0.37762988,0.35259342,0.51062983,0.7421924,0.7944423,0.70537984
BC2026_Train_0010_S09_20250828_000000_35,0.3883929,0.7395834,0.32677138,0.31470698,0.45845386,0.6962033,0.7204613,0.43820634,0.31284195,0.63567376,0.40883353,0.22684325,0.49422666,0.6246572,0.5893291,0.30936208,0.478582,0.9237362,0.42566255,0.8196553,0.28969976,0.79307514,0.5091221,0.69573617,0.44972575,0.4958601,0.7715213,0.5996199,0.6422592,0.6434466,0.76892895,0.8893138,0.6888519,0.93688905,0.5768113,0.8963458,0.90183014,0.74739563,0.8945457,0.8584269,0.75547063,0.8945457,0.8574176,0.8893138,0.6013727,0.6013727,0.7487415,0.67068315,0.7436946,0.7241801,0.8574176,0.8574176,0.8574176,0.8748629,0.65453315,0.6145635,0.81127995,0.40982577,0.64015883,0.80548763,0.6100458,0.63438207,0.39912042,0.28586856,0.42300695,0.82596534,0.83665293,0.8099592,0.7625925,0.6525508,0.8635102,0.67972624,0.4445113,0.31546962,0.90375715,0.7602577,0.42234462,0.50821847,0.86211544,0.63363063,0.42037538,0.6012613,0.26559463,0.7694905,0.6077213,0.6155113,0.4148238,0.79373527,0.7124905,0.26440713,0.8925947,0.5383238,0.3115113,0.69826025,0.37976286,0.88740927,0.59492797,0.670928,0.89772063,0.22086547,0.72871965,0.31907964,0.9247858,0.48800546,0.82522863,0.94297236,0.7580113,0.63569885,0.324554,0.561678,0.3091363,0.95098007,0.26678213,0.6931636,0.44277948,0.8696363,0.3934488,0.57013893,0.49834463,0.3601988,0.82255197,0.72476125,0.5470321,0.7584071,0.66539747,0.59433424,0.9626968,0.4186337,0.3732613,0.86790454,0.15159464,0.39503214,0.66974044,0.34679985,0.62538743,0.24857381,0.9137322,0.84091467,0.56286544,0.44134462,0.82728213,0.75009465,0.2545113,0.57909465,0.8332593,0.81857383,0.5636571,0.64284366,0.79717904,0.9039353,0.7066797,0.94360775,0.47837487,0.780178,0.53634465,0.6740947,0.7224214,0.7172405,0.8273465,0.26503056,0.94687337,0.37049043,0.7133712,0.54426134,0.31428215,0.8721697,0.96455723,0.29765713,0.49279583,0.55958796,0.7719169,0.83994883,0.4484696,0.46390712,0.7501442,0.42353213,0.3588134,0.516553,0.6699285,0.36534464,0.58938634,0.53634465,0.17019881,0.6782311,0.84770715,0.33565712,0.44253215,0.49428734,0.45480296,0.8664696,0.42551127,0.30238736,0.8997593,0.50705296,0.62540716,0.46569827,0.5916109,0.66459465,0.9279228,0.7552405,0.5458447,0.63635993,0.6349072,0.80946964,0.9294071,0.6463863,0.46153215,0.5771155,0.42155296,0.80392796,0.8721697,0.7722613,0.50032383,0.48147222,0.6256922,0.9414801,0.7983298,0.052240472,0.8886363,0.63133484,0.8946332,0.7735771,0.39899045,0.6215557,0.64835066,0.75340974,0.5921571,0.692303,0.3894905,0.4595134,0.5751363,0.73901135,0.73267794,0.3309071
BC2026_Train_0010_S09_20250828_000000_40,0.51463646,0.7441667,0.33769044,0.35277697,0.4819176,0.5673328,0.63283175,0.41097108,0.2904517,0.5877463,0.35434514,0.23867078,0.3891686,0.5932786,0.5680442,0.4202044,0.39303324,0.84251,0.28091243,0.54947346,0.30453184,0.6773277,0.35274065,0.8407999,0.46855822,0.57064366,0.83031344,0.38295364,0.78820777,0.683312,0.79832566,0.9404793,0.65667665,0.9040241,0.5654965,0.91785246,0.9420607,0.7683808,0.8979173,0.8185132,0.74516517,0.8979173,0.87301934,0.9404793,0.60250694,0.60250694,0.74381936,0.6570131,0.74617463,0.7189214,0.87301934,0.87301934,0.87301934,0.8840552,0.64422774,0.5902505,0.7957286,0.36346447,0.59559035,0.55725425,0.4725811,0.4763957,0.36860338,0.27745682,0.46962696,0.7679665,0.80426455,0.60860676,0.7779161,0.6742078,0.8569245,0.5577823,0.38528723,0.73203725,0.95237786,0.880978,0.55668306,0.6164252,0.8998706,0.44464245,0.3632096,0.53966224,0.16124555,0.7399539,0.30968305,0.60339135,0.35639137,0.6542559,0.5119539,0.24634972,0.8234747,0.4430789,0.3362039,0.82398933,0.45117366,0.9681321,0.47514138,0.63505805,0.9091331,0.28237057,0.7925997,0.28761533,0.8873539,0.72899723,0.78165334,0.9596345,0.7371831,0.54837054,0.37788516,0.77439135,0.56816226,0.8438206,0.31957886,0.78186077,0.4478784,0.86424553,0.31680804,0.85724926,0.4775164,0.27405804,0.78626645,0.9006623,0.5277872,0.7173914,0.5811511,0.54039454,0.92829144,0.4446721,0.34847468,0.78692937,0.41893303,0.5380789,0.6136831,0.34699035,0.62591434,0.21903722,0.9798289,0.83099556,0.67622477,0.49889135,0.5998289,0.7181831,0.34174556,0.5598497,0.8800195,0.7209539,0.66237056,0.79643935,0.8522518,0.9151101,0.63887787,0.93390924,0.7205284,0.87414145,0.47237054,0.6940372,0.860694,0.6730581,0.92368495,0.23785909,0.9463118,0.44466218,0.62834877,0.6346622,0.33382887,0.893755,0.9087373,0.29147473,0.5417641,0.43555805,0.7850463,0.7122456,0.37737057,0.7676622,0.73603815,0.53055805,0.5128049,0.40230805,0.6438159,0.38409972,0.5661831,0.52303725,0.22655804,0.67981696,0.9326456,0.33937055,0.58043313,0.5533185,0.62991226,0.88443303,0.5602456,0.30176637,0.8167654,0.7502456,0.5867664,0.5008211,0.5507258,0.6865164,0.8596143,0.84967893,0.5839956,0.476032,0.69918305,0.5503498,0.8602872,0.59943306,0.6303081,0.6853289,0.49532887,0.78587055,0.87127167,0.8666206,0.3354122,0.3856336,0.6821781,0.89044976,0.8090645,0.05912055,0.91807896,0.40459397,0.90410596,0.7721035,0.34530804,0.6203727,0.8483182,0.72292316,0.40349555,0.46762055,0.38093305,0.43312368,0.77082884,0.6473289,0.7043289,0.47830805
BC2026_Train_0010_S09_20250828_000000_45,0.4394227,0.68666667,0.19979717,0.20413615,0.4426455,0.44618776,0.3118378,0.21645184,0.17284687,0.43750498,0.26792997,0.14831902,0.11955185,0.37898603,0.40442228,0.26830807,0.39757988,0.8552424,0.14554639,0.36993048,0.19157389,0.4447252,0.6294227,0.78755486,0.44211116,0.39775804,0.80082065,0.42944402,0.75410646,0.615169,0.7313754,0.87186354,0.5574264,0.88851833,0.601166,0.8535097,0.87823945,0.70815974,0.8153555,0.7653577,0.66004616,0.8153555,0.80640566,0.87186354,0.50527537,0.50527537,0.7084962,0.59376395,0.67552334,0.6523077,0.80640566,0.80640566,0.80640566,0.81658345,0.61496085,0.4189573,0.83366907,0.26256117,0.4715552,0.4393057,0.2685194,0.40292364,0.30560508,0.1999235,0.34734863,0.76380485,0.6633622,0.52024,0.78814816,0.6444607,0.8158565,0.5918186,0.5675259,0.32488003,0.8740988,0.84162515,0.48479667,0.4634217,0.6474842,0.602676,0.32102063,0.35496336,0.19940089,0.65223414,0.12340087,0.42898417,0.25640088,0.4813134,0.58296335,0.22908838,0.664505,0.27381754,0.26115087,0.8664494,0.24222015,0.6142342,0.33477587,0.6518384,0.6831092,0.23700504,0.7567342,0.23659338,0.870611,0.49075,0.7293026,0.6420217,0.7959218,0.53625506,0.34368214,0.49073416,0.23938003,0.96236175,0.22710921,0.535028,0.5805291,0.74644256,0.28450504,0.5364233,0.34665087,0.28094253,0.65195715,0.56435925,0.49231756,0.63085926,0.43151003,0.33458784,0.7187342,0.5341275,0.34665087,0.71777433,0.2817342,0.3529842,0.5734634,0.33885294,0.45022064,0.2354217,0.9631218,0.69260925,0.4717342,0.4194842,0.67558837,0.6565884,0.17406754,0.69221336,0.8133186,0.60671335,0.60710925,0.6464946,0.80891496,0.6839009,0.6366424,0.8645266,0.4026712,0.84619254,0.56871337,0.58296335,0.59968734,0.75119257,0.8305314,0.2250608,0.79241073,0.19702588,0.6645843,0.49271336,0.2615467,0.8288353,0.9608457,0.2936092,0.4731196,0.4372967,0.5531967,0.5750467,0.45788002,0.47925502,0.5828773,0.25679672,0.25619304,0.29875502,0.61212647,0.38148418,0.53506756,0.588505,0.11627587,0.64727634,0.84922075,0.26590088,0.43333837,0.45978004,0.5287342,0.75000507,0.36288002,0.3168446,0.44097796,0.5520884,0.5746509,0.3998212,0.502059,0.63719255,0.60315084,0.85214984,0.422255,0.41457984,0.39494252,0.6898384,0.73179674,0.50458837,0.46500504,0.60038,0.48638004,0.6704425,0.6983686,0.7800884,0.25402588,0.52602273,0.59458506,0.9190853,0.724177,0.13052587,0.8366925,0.39840606,0.8619863,0.65682596,0.28648418,0.48052564,0.5889543,0.74777853,0.41315085,0.51369256,0.33240086,0.23623316,0.50775504,0.73773426,0.65302587,0.3031092
BC2026_Train_0010_S09_20250828_000000_50,0.33769274,0.63375,0.26104134,0.233713,0.40738487,0.3787599,0.29192817,0.18685229,0.18776071,0.51136637,0.28042132,0.2016901,0.114480086,0.36434987,0.39251143,0.2021938,0.351988,0.8039109,0.1757066,0.30016252,0.16753067,0.39191473,0.36381775,0.5834318,0.34165674,0.34325987,0.7119281,0.43932238,0.4856349,0.4991724,0.700178,0.7785728,0.54305196,0.88048613,0.48854575,0.82803214,0.8472272,0.6998416,0.7768905,0.75098324,0.64634466,0.7768905,0.7644415,0.7785728,0.5238739,0.5238739,0.6611488,0.54271555,0.6406249,0.63557804,0.7644415,0.7644415,0.7644415,0.7779335,0.57535195,0.41522238,0.7703578,0.36516923,0.5388055,0.540656,0.2796316,0.40791926,0.2507952,0.16176833,0.33310673,0.67961925,0.6024317,0.3449204,0.72879535,0.49739113,0.7711494,0.5102761,0.596907,0.26994872,0.80511546,0.8077217,0.46667787,0.7281407,0.6500121,0.45545602,0.22740653,0.5691988,0.26717788,0.3186362,0.1413029,0.4393654,0.37444872,0.41947475,0.44253206,0.23551121,0.7053654,0.44688624,0.26321957,0.73473626,0.33930862,0.5565321,0.3241779,0.60841787,0.6982404,0.26678205,0.72040707,0.26965183,0.94941086,0.54449874,0.65658927,0.5577393,0.77621955,0.47578204,0.2716211,0.5838446,0.24738622,0.8668654,0.35703206,0.57867897,0.42023677,0.7640121,0.26559454,0.58016336,0.29013622,0.28974038,0.40824303,0.6044279,0.5082404,0.6792404,0.35985988,0.3234456,0.79981124,0.25733155,0.47024038,0.64610916,0.14684455,0.3039904,0.5026987,0.31408414,0.45943415,0.1745529,0.7287196,0.73861533,0.64638627,0.3673237,0.6911154,0.6661779,0.15515704,0.65984464,0.6849404,0.44767788,0.6800321,0.7167555,0.72666126,0.6353029,0.59500706,0.87907237,0.40974718,0.84780204,0.4100737,0.45994872,0.79913336,0.61551124,0.7650967,0.23265134,0.78259254,0.18919873,0.6108998,0.79996955,0.3435737,0.7465914,0.95001024,0.21057373,0.52047163,0.33684456,0.6431998,0.68676126,0.3978029,0.48805287,0.58159274,0.2830112,0.18953519,0.2838029,0.55596805,0.4456987,0.7825529,0.46469873,0.12982373,0.6482961,0.6885227,0.2877612,0.4682612,0.34208935,0.5367404,0.8530112,0.45044872,0.18113361,0.5473884,0.56603205,0.58186543,0.4015336,0.48734042,0.7770112,0.5363446,0.7987029,0.51932377,0.36958,0.41521955,0.7330738,0.7433654,0.5260529,0.46667787,0.46153206,0.46786538,0.76705605,0.77752584,0.80907375,0.38513625,0.43672317,0.4665512,0.93566126,0.9299316,0.107261226,0.85402066,0.39126176,0.93257374,0.6567373,0.11676122,0.52670604,0.64599043,0.6392118,0.5062612,0.45044872,0.3384279,0.23266123,0.5046779,0.6938862,0.60996956,0.47934455
BC2026_Train_0010_S09_20250828_000000_55,0.40586352,0.6058333,0.25377846,0.26641342,0.40517282,0.40930024,0.40033966,0.28193995,0.23591247,0.5956537,0.36854437,0.23439841,0.17595561,0.43293774,0.45655712,0.25594383,0.39288217,0.8043905,0.36689967,0.27090815,0.18733184,0.6187723,0.33263442,0.61161965,0.37293217,0.3560103,0.6940799,0.451694,0.5752336,0.57167107,0.71399194,0.8014711,0.59286696,0.80081505,0.48250863,0.7594139,0.87394434,0.6847201,0.8378086,0.6588128,0.67630863,0.8378086,0.75032943,0.8014711,0.54542637,0.54542637,0.64266276,0.5736888,0.6581399,0.65242016,0.75032943,0.75032943,0.75032943,0.8166622,0.5797451,0.44565585,0.82381696,0.39074466,0.5348656,0.34463206,0.40610301,0.4188884,0.28906202,0.2590836,0.33873218,0.63616127,0.7030571,0.36491063,0.7268377,0.5665253,0.8289628,0.6409885,0.4646882,0.27627155,0.62618816,0.7716768,0.4215424,0.7077121,0.8494382,0.5491986,0.3375861,0.5608757,0.20264657,0.6119382,0.38829237,0.6281674,0.6108774,0.8305569,0.5509799,0.31189653,0.8700215,0.5612715,0.35860488,0.6662861,0.33661637,0.76694655,0.538709,0.60854983,0.9532455,0.25410488,0.6594382,0.25228405,0.94461644,0.5383924,0.6480279,0.7388226,0.76235485,0.43460485,0.39960334,0.80261904,0.33208403,0.8450841,0.33722988,0.6925156,0.48962572,0.9500987,0.3067507,0.8710947,0.43618822,0.5240632,0.41871217,0.74889654,0.5054591,0.7975841,0.46900517,0.61527306,0.9427955,0.3558736,0.34989655,0.91017437,0.29685488,0.36137572,0.4908132,0.6717954,0.61673725,0.37047985,0.90024346,0.5743341,0.48289654,0.4583549,0.6182715,0.7868965,0.25172988,0.5632507,0.63172984,0.73860484,0.77858406,0.6758356,0.82913196,0.8005726,0.61734134,0.9579792,0.43970123,0.72712564,0.47972986,0.67250067,0.7114132,0.6475632,0.80590546,0.2578851,0.9557808,0.4488549,0.59630275,0.59254235,0.23312573,0.8839153,0.8982642,0.2410424,0.6195984,0.63252157,0.75026214,0.8134174,0.45004237,0.6091674,0.8353233,0.29764655,0.35249916,0.26756322,0.69714135,0.36968818,0.6535007,0.60758406,0.14881322,0.66344595,0.5775007,0.40135488,0.52564657,0.4685278,0.5335632,0.954908,0.46191737,0.2296226,0.76984805,0.58462566,0.61193824,0.50536007,0.5106841,0.6946674,0.74861944,0.96678305,0.6222298,0.542984,0.4231257,0.7631465,0.95575905,0.46231318,0.33247986,0.5616674,0.4999174,0.9028757,0.9056426,0.7706673,0.49475572,0.62420905,0.44062153,0.92293656,0.9459583,0.15277155,0.95195913,0.43583196,0.9202924,0.78268653,0.29685488,0.64358515,0.71674395,0.63446116,0.37483406,0.49635485,0.3946257,0.4793412,0.55533403,0.65587574,0.70060486,0.6855632
BC2026_Train_0010_S09_20250828_000000_60,0.4164172,0.63875,0.30288666,0.26658672,0.35511485,0.46521667,0.5693953,0.26442945,0.22052161,0.56468487,0.3143935,0.28138694,0.18721226,0.47234723,0.44418567,0.34228927,0.30648673,0.8980003,0.32883996,0.26131272,0.14321586,0.6041638,0.48687556,0.56350136,0.30684295,0.41068986,0.72386664,0.38185418,0.8219813,0.61171454,0.68922335,0.8614901,0.6007349,0.80700064,0.4644692,0.8117749,0.86332375,0.71210253,0.8059744,0.6263057,0.6242869,0.8059744,0.72724324,0.8614901,0.55598587,0.55598587,0.65456814,0.64649314,0.66903585,0.6525494,0.72724324,0.72724324,0.72724324,0.75315046,0.59097755,0.46053755,0.7854854,0.35778674,0.5259902,0.36351442,0.31657854,0.34460545,0.3108775,0.2354772,0.4343805,0.6323763,0.75924087,0.41886383,0.83892286,0.67583954,0.82665205,0.63847977,0.47035137,0.7106222,0.67618465,0.7381841,0.42522636,0.7027075,0.6212747,0.4160601,0.49397275,0.6757889,0.11528888,0.57801807,0.21147637,0.60331964,0.4917264,0.8542361,0.7359555,0.3793097,0.6128514,0.518643,0.2379972,0.7021514,0.547341,0.8397232,0.30608052,0.6209738,0.94204617,0.29618472,0.68964314,0.22407576,0.8621353,0.7124114,0.6747408,0.8513806,0.84480965,0.632643,0.42831388,0.72487223,0.5127055,0.64610136,0.19485138,0.6610441,0.47555655,0.9408983,0.28074723,0.6465938,0.4636222,0.6528305,0.7403097,0.65203893,0.52695554,0.77989304,0.38544038,0.5733571,0.8453045,0.40721598,0.38999724,0.86302054,0.49647638,0.36783054,0.5190389,0.61496913,0.5335462,0.17387222,0.9766222,0.57801807,0.5978097,0.40622637,0.54516387,0.7031014,0.2676847,0.6045389,0.730018,0.68172634,0.51824725,0.7593889,0.77213466,0.8401191,0.5924976,0.9320049,0.71764827,0.68212223,0.5768305,0.7209139,0.6774732,0.6025597,0.75725627,0.2983618,0.88923216,0.29341388,0.6486336,0.41176808,0.33260137,0.9331994,0.8676493,0.26887223,0.5476576,0.3504139,0.7867806,0.6928097,0.42324722,0.49410138,0.7049291,0.25303888,0.21099149,0.26610136,0.702379,0.35358053,0.5111222,0.58593464,0.22176805,0.64026284,0.7177472,0.3781222,0.6449139,0.6418804,0.49014306,0.884393,0.48895553,0.29618475,0.7543311,0.73467314,0.6453097,0.5506363,0.61335814,0.7612889,0.6900388,0.92280877,0.47628888,0.4417643,0.6975597,0.7482264,0.86818373,0.3983097,0.42958057,0.44897637,0.71378887,0.93072534,0.8702241,0.7937472,0.4089972,0.54352117,0.53628135,0.91717696,0.82218385,0.089163885,0.9160596,0.5104592,0.8784952,0.7458316,0.28549722,0.58139455,0.54999804,0.66965353,0.46085137,0.5598097,0.4564972,0.49014306,0.5796014,0.6425389,0.6856847,0.42958054
BC2026_Train_0011_S03_20211114_200000_5,0.39270377,0.205875,0.45409295,0.9084835,0.46687207,0.29127708,0.8739593,0.8377228,0.8367133,0.9384248,0.9007414,0.6712768,0.7173715,0.38846028,0.37119997,0.46007544,0.71887934,0.48664394,0.63286775,0.63656884,0.6867011,0.5188757,0.6048704,0.79505754,0.79767,0.49145332,0.5652187,0.46512705,0.3251208,0.7224187,0.42226505,0.41284418,0.49191195,0.6312057,0.5299317,0.41890043,0.35329103,0.35901088,0.7539962,0.4040963,0.55819416,0.7539962,0.4205827,0.41284418,0.37583375,0.37583375,0.33478588,0.33983272,0.3654036,0.38727337,0.4205827,0.4205827,0.4205827,0.73683673,0.27927023,0.38846028,0.37250206,0.826546,0.40991956,0.502126,0.6395019,0.6856294,0.697356,0.73604864,0.2354877,0.6591085,0.48842523,0.7749564,0.30695206,0.30766457,0.3792708,0.2783079,0.43219134,0.608733,0.3637122,0.46539187,0.30671218,0.3565674,0.5073997,0.58199257,0.6491951,0.29325387,0.7817121,0.16421218,0.501858,0.31106636,0.46662882,0.20804083,0.44723302,0.5149205,0.7981194,0.27069137,0.4052747,0.770713,0.5726429,0.8244622,0.88009655,0.352233,0.18875386,0.5461914,0.22556633,0.71793705,0.28538668,0.671053,0.5372788,0.6168476,0.2580247,0.2797955,0.39531952,0.52719134,0.21329553,0.8585672,0.23308718,0.08522365,0.7217533,0.121858016,0.37360802,0.60276484,0.27900386,0.43298298,0.6578658,0.17925383,0.15946217,0.14956634,0.4709023,0.4354174,0.38508716,0.21764968,0.45712882,0.78186154,0.43971217,0.28256634,0.63644135,0.3147476,0.3631976,0.16698301,0.221608,0.92605287,0.34787884,0.8260455,0.7504414,0.17648302,0.3526288,0.100483015,0.6198163,0.42506632,0.20062885,0.36772993,0.7436281,0.22002469,0.6170669,0.13972989,0.53267366,0.40764967,0.10167052,0.5940872,0.43866324,0.40764967,0.33915073,0.4821356,0.20793198,0.50225383,0.7813777,0.48800385,0.48364967,0.6233789,0.7545581,0.62971216,0.14073926,0.25287884,0.34095177,0.18360801,0.40369135,0.16342051,0.16731948,0.44050387,0.16692364,0.492358,0.43172622,0.42744133,0.35104552,0.22912885,0.18004552,0.3705007,0.311858,0.2877122,0.13412885,0.51186275,0.3648997,0.71837884,0.5283788,0.74366266,0.2822695,0.40527466,0.28019136,0.5430939,0.23013979,0.31779552,0.15510802,0.26752466,0.54737884,0.53968143,0.2722747,0.33560804,0.4052747,0.5742955,0.62060803,0.47256634,0.3862747,0.08504552,0.32264447,0.29127467,0.49552467,0.6029836,0.66259795,0.37816015,0.52311426,0.41319135,0.17054552,0.3119293,0.14877468,0.17404863,0.52164966,0.57736474,0.24124135,0.23110801,0.76700693,0.5719206,0.30156633,0.49037886,0.47177467,0.33323303,0.37677467,0.425858
BC2026_Train_0011_S03_20211114_200000_10,0.40836397,0.157125,0.59323204,0.9360633,0.5693237,0.23540129,0.8868593,0.8072195,0.767181,0.93238205,0.8438935,0.63192475,0.7577602,0.4081008,0.37903082,0.40461847,0.65264666,0.5928758,0.44532526,0.5694784,0.7134825,0.3961182,0.5053432,0.7959581,0.76405394,0.5811987,0.4418644,0.41352627,0.2617638,0.5599054,0.39827242,0.3420839,0.4480683,0.6479245,0.5281454,0.37472036,0.333336,0.3185318,0.75385845,0.38380474,0.5352111,0.75385845,0.3915433,0.3420839,0.333336,0.333336,0.30978388,0.25965163,0.3050735,0.35318705,0.3915433,0.3915433,0.3915433,0.7234763,0.31415787,0.39174896,0.3672138,0.8382925,0.43673736,0.584594,0.5849305,0.70331335,0.6598805,0.652142,0.2819883,0.5786258,0.43660077,0.8123674,0.46340126,0.2966763,0.41032004,0.32207233,0.5475239,0.5308989,0.27360728,0.49398747,0.33258644,0.37044793,0.28746146,0.44374242,0.61565673,0.20314895,0.7735447,0.13466978,0.48339894,0.37019062,0.26014894,0.20622657,0.64766973,0.58724976,0.80453855,0.23402394,0.44777393,0.81779903,0.61228216,0.82502294,0.8179573,0.28350312,0.23164897,0.60848224,0.20433645,0.6537688,0.26856038,0.5651781,0.36750886,0.69475406,0.47073227,0.23244062,0.35671252,0.33100313,0.20908645,0.9343481,0.36623228,0.10215208,0.63507235,0.19800311,0.5487114,0.60809386,0.4620239,0.27360728,0.645661,0.2189823,0.15129478,0.23837812,0.44926822,0.5037448,0.37058645,0.15968646,0.530899,0.810053,0.3947323,0.31991976,0.59423226,0.3648271,0.30089998,0.38404477,0.14456561,0.9016959,0.34802395,0.75335723,0.7201073,0.24787812,0.44262812,0.16791978,0.58156556,0.41452393,0.28191978,0.2712521,0.7653115,0.3060656,0.4770104,0.19344117,0.536213,0.34327397,0.09469062,0.49329478,0.46667498,0.47746146,0.19174895,0.4400156,0.16718751,0.5126906,0.747968,0.43866977,0.44856563,0.6167948,0.75270414,0.5649406,0.1721354,0.2688573,0.36704376,0.28310728,0.47746143,0.12833644,0.16416928,0.48814893,0.2857198,0.41966978,0.39723593,0.25896144,0.47983646,0.24985729,0.32902396,0.32727242,0.48577395,0.29498228,0.20077395,0.3398005,0.4137323,0.79650307,0.50041974,0.7395328,0.33676252,0.25223228,0.20275311,0.5018745,0.31113645,0.3250656,0.21502395,0.30329478,0.6607322,0.48340312,0.26014894,0.36108646,0.49646145,0.5542531,0.65281564,0.50991976,0.58433646,0.08044062,0.34651977,0.25421146,0.17266978,0.5909963,0.5896089,0.3172479,0.46028227,0.36227393,0.15960729,0.25732866,0.25460726,0.15901354,0.39116976,0.59275204,0.16382292,0.11123645,0.80412287,0.26371145,0.41571143,0.28374064,0.3785031,0.2878573,0.30962813,0.60848224
BC2026_Train_0011_S03_20211114_200000_15,0.41918048,0.17999998,0.6158987,0.9363452,0.4673026,0.26689893,0.89403206,0.84233516,0.7299582,0.94024456,0.8564665,0.7699967,0.6350769,0.39506578,0.37871394,0.4382166,0.67826194,0.47389323,0.6019198,0.4725179,0.640949,0.36153716,0.66934717,0.7803672,0.8000203,0.58583486,0.46970904,0.583526,0.27901146,0.66665107,0.41624182,0.35904393,0.46368247,0.6981939,0.5266001,0.37788558,0.3486137,0.34390327,0.78150105,0.39504495,0.5548627,0.78150105,0.39201686,0.35904393,0.33313665,0.33313665,0.31597725,0.29982725,0.33952934,0.3792314,0.39201686,0.39201686,0.39201686,0.72694427,0.2971356,0.39688265,0.35346767,0.85282445,0.4331758,0.57898,0.65199155,0.7008245,0.51500744,0.67411864,0.3171432,0.6418452,0.42223695,0.8024312,0.5558177,0.31000525,0.41545522,0.32180554,0.2606117,0.52107006,0.38727838,0.59911853,0.38807005,0.44580233,0.34294504,0.5431575,0.46960184,0.24200752,0.85022914,0.08129921,0.4822784,0.30534086,0.28119504,0.17448828,0.30613253,0.4969242,0.59271586,0.30573672,0.4430909,0.83796984,0.52713615,0.8261784,0.8258617,0.35798675,0.106632546,0.6140908,0.19846587,0.54806584,0.31279248,0.6718509,0.41287893,0.7212756,0.29702836,0.2891117,0.23010284,0.34927842,0.28159085,0.9149243,0.25190338,0.07156171,0.6437783,0.2558617,0.36273673,0.7540781,0.4122159,0.28000754,0.69025904,0.2142992,0.16363254,0.06823671,0.41590703,0.35365236,0.27248672,0.17527005,0.55748665,0.87364197,0.56659085,0.08169504,0.46327838,0.3424503,0.2660742,0.27604923,0.2851534,0.8669096,0.32592422,0.8040908,0.71384084,0.19173671,0.27565336,0.0979242,0.5820284,0.37738252,0.23052837,0.31051642,0.8143672,0.21469502,0.49827003,0.14077318,0.37696692,0.44071585,0.10504921,0.6227992,0.5894701,0.44269505,0.16487943,0.37606642,0.22678775,0.5788617,0.72619087,0.32513255,0.34967422,0.670695,0.79441273,0.57332,0.15702212,0.10623671,0.28559574,0.17471586,0.50602835,0.19846587,0.12395026,0.47673672,0.1699461,0.4612992,0.48335704,0.5111742,0.4149867,0.24952838,0.15571587,0.30496484,0.3449242,0.34175757,0.18382005,0.32892266,0.32315338,0.83792675,0.38886175,0.6293601,0.3029461,0.3461117,0.13038255,0.53147054,0.29639506,0.29782006,0.28554922,0.45457003,0.6580283,0.51845753,0.30811173,0.55194503,0.48663256,0.5650075,0.6192367,0.5820284,0.44190338,0.08644505,0.25012213,0.28238255,0.15650754,0.3611534,0.68209505,0.44964194,0.35495856,0.44902837,0.11177838,0.24518411,0.2356742,0.14356379,0.4185492,0.52249503,0.15108462,0.13220339,0.781944,0.34175757,0.37104923,0.37003985,0.35363254,0.24200752,0.4870284,0.35759088
BC2026_Train_0011_S03_20211114_200000_20,0.4404699,0.2055,0.5151355,0.92334485,0.43142304,0.26220232,0.9230576,0.8625288,0.78428537,0.9170349,0.8181162,0.6572892,0.76865685,0.37398842,0.36672094,0.45953295,0.65536577,0.5631366,0.6805581,0.46297044,0.6341268,0.42996386,0.7424907,0.76794076,0.7909189,0.5839178,0.47709608,0.572219,0.26148984,0.65257317,0.41889906,0.3687668,0.4697043,0.6732616,0.5161355,0.4003939,0.34723347,0.32738242,0.7716252,0.3956835,0.5383418,0.7716252,0.39030012,0.3687668,0.33713973,0.33713973,0.31829804,0.31526992,0.32940117,0.36472932,0.39030012,0.39030012,0.39030012,0.72872674,0.28969908,0.38216436,0.3348773,0.8608032,0.4530771,0.6325944,0.71435386,0.76738656,0.60996366,0.71897614,0.27770114,0.6300324,0.38136992,0.7971549,0.3665836,0.2725336,0.35589606,0.22909491,0.4238083,0.5176208,0.33316252,0.5006792,0.35810003,0.48160002,0.32762083,0.40125573,0.56264687,0.16414165,0.81330836,0.10793333,0.47764164,0.43053746,0.5310792,0.19603592,0.44676664,0.25834998,0.63043326,0.5021833,0.29001665,0.78361046,0.5212625,0.65695417,0.878225,0.22509998,0.13762082,0.55759996,0.19937082,0.67725575,0.49260417,0.6827467,0.57399225,0.71448416,0.360475,0.20451665,0.28841352,0.62053746,0.27893335,0.9218617,0.46853748,0.101817705,0.4174552,0.3165375,0.2737875,0.67287934,0.29357916,0.3355375,0.6906099,0.24370417,0.16176666,0.103975,0.5083694,0.25894377,0.32643333,0.21670833,0.5773917,0.8713091,0.42578748,0.30149585,0.6300374,0.30676043,0.26705834,0.44597498,0.12099583,0.85672337,0.365225,0.81949914,0.7361208,0.25914165,0.40164164,0.19382913,0.545725,0.20491248,0.35849583,0.35099483,0.66976976,0.19105831,0.5019272,0.18174633,0.2542729,0.41628748,0.13762082,0.59164166,0.59465003,0.35770416,0.12766561,0.28439584,0.15424582,0.37591246,0.5852984,0.51049584,0.35493332,0.6134125,0.7911416,0.55641246,0.2195781,0.115058325,0.35644194,0.113474995,0.40441248,0.19264166,0.15247448,0.54532915,0.11763125,0.5473083,0.5054391,0.30149582,0.44320416,0.21441248,0.116245836,0.3202188,0.24528746,0.16493332,0.16216248,0.48572654,0.25953746,0.8041883,0.4618083,0.6189443,0.26430726,0.3193083,0.23103748,0.46607342,0.34951162,0.29635,0.24726665,0.2171833,0.70615625,0.57594806,0.23024581,0.41668332,0.53503746,0.5120792,0.65655833,0.55759996,0.38580832,0.08497499,0.37399268,0.3806625,0.39253747,0.49349475,0.6412634,0.39047918,0.408925,0.43330833,0.16097498,0.2564698,0.26032916,0.14925832,0.308225,0.55475116,0.19428436,0.18440832,0.7724584,0.30584997,0.2809125,0.33502293,0.27299583,0.25716248,0.5556208,0.4946625
BC2026_Train_0011_S03_20211114_200000_25,0.4819492,0.212625,0.41655883,0.90551,0.37024438,0.24397135,0.8947166,0.7153002,0.79263514,0.9272689,0.8256585,0.6799721,0.696795,0.3530268,0.3484846,0.4449304,0.47373495,0.5916141,0.71175283,0.43521768,0.61249757,0.3115188,0.49936593,0.7643756,0.70779127,0.4696381,0.44038817,0.34158382,0.3098776,0.63172966,0.44315696,0.36678094,0.48285905,0.5945632,0.5111216,0.36005175,0.35130385,0.35769656,0.7694879,0.37552884,0.56899244,0.7694879,0.390333,0.36678094,0.34255594,0.34255594,0.33212572,0.3243872,0.3348174,0.37014556,0.390333,0.390333,0.390333,0.72744745,0.25743195,0.35666054,0.3305401,0.90313494,0.3990155,0.5976437,0.74400306,0.4448787,0.45500216,0.678747,0.23611625,0.6371349,0.37256,0.67997205,0.34407762,0.23969635,0.34194005,0.2013034,0.19978131,0.68546885,0.19819799,0.3893756,0.4574688,0.50627506,0.4313438,0.41038445,0.32689333,0.1352605,0.751573,0.21323965,0.4147188,0.32248968,0.4748855,0.28149122,0.31932297,0.174448,0.2876563,0.2943855,0.535448,0.80625784,0.55235994,0.80196255,0.7678021,0.30467716,0.14198965,0.7552938,0.229073,0.5502403,0.17841622,0.7405371,0.28735948,0.70396215,0.32169798,0.26905215,0.15503237,0.34346882,0.23738548,0.8662222,0.31655216,0.083960496,0.30606258,0.18276049,0.42105213,0.5699127,0.2706355,0.16138549,0.75007874,0.16257298,0.12219799,0.04026049,0.33782822,0.3610735,0.30151048,0.11677508,0.5979897,0.83041555,0.4028438,0.217198,0.58492714,0.15475528,0.12918445,0.26311463,0.46063548,0.9179813,0.39017716,0.7982813,0.68507296,0.34148967,0.30467713,0.18711467,0.5584063,0.23738548,0.25519797,0.20415528,0.7636454,0.26430213,0.42036736,0.14458238,0.17931673,0.25876048,0.076281324,0.47013548,0.6159604,0.28963548,0.21397194,0.33130684,0.19176571,0.59284383,0.6304282,0.3252605,0.2445105,0.67161465,0.7381146,0.4768646,0.20373966,0.13011466,0.21192549,0.119822994,0.326448,0.12021883,0.07527195,0.55801046,0.0760933,0.6276771,0.32129228,0.16969799,0.3933438,0.47290635,0.07826049,0.16720423,0.22076048,0.34505215,0.131698,0.20713395,0.3790938,0.8114863,0.32842714,0.61650485,0.30430108,0.28528133,0.09607299,0.28529122,0.24709132,0.3327813,0.34148967,0.31773967,0.7618845,0.50380903,0.102010496,0.46657297,0.5880938,0.47369802,0.71911466,0.39096883,0.46617714,0.100031324,0.4106219,0.37513548,0.34267712,0.44737506,0.49341047,0.31271258,0.5331917,0.47528133,0.16890632,0.21081518,0.14080216,0.074539654,0.42382297,0.48429444,0.16787717,0.10466258,0.76669383,0.433323,0.24530217,0.25602925,0.41036466,0.27301046,0.35534382,0.3775105
BC2026_Train_0011_S03_20211114_200000_30,0.45864105,0.15787499,0.3670215,0.926584,0.35137883,0.26975232,0.83553976,0.6889448,0.7821438,0.9147084,0.83059376,0.6764959,0.72864693,0.35289648,0.34290364,0.43965223,0.49263194,0.70452154,0.62342644,0.34803528,0.61434203,0.30791265,0.58926606,0.74052256,0.6903904,0.4582538,0.41633567,0.34207106,0.15361485,0.6165023,0.3656858,0.2926743,0.40505138,0.5191108,0.4979139,0.24826181,0.2903191,0.27719724,0.720212,0.31420764,0.44710872,0.720212,0.35121804,0.2926743,0.28762746,0.28762746,0.28089827,0.24321492,0.26407537,0.30848786,0.35121804,0.35121804,0.35121804,0.6830333,0.16919412,0.34653738,0.33387733,0.93766737,0.3554698,0.46887308,0.5841437,0.6716674,0.48660538,0.6726669,0.2421882,0.4894257,0.4060632,0.6115594,0.4058398,0.23448361,0.33423358,0.19976607,0.35714132,0.63976634,0.18218301,0.4115783,0.28826633,0.4280153,0.61680806,0.19606687,0.25026634,0.141808,0.68172467,0.14220384,0.4762872,0.20870385,0.41097465,0.31295645,0.34882882,0.15170385,0.33537048,0.48380798,0.281933,0.6958431,0.66272473,0.68172467,0.69241214,0.2261205,0.10143302,0.7869966,0.13151634,0.63406634,0.31972516,0.58275056,0.33786428,0.63547707,0.18376634,0.19564134,0.22036113,0.4976622,0.412558,0.717793,0.61918306,0.10240281,0.38352367,0.11251634,0.33022466,0.45517686,0.14576633,0.19841217,0.7186856,0.19207884,0.07847467,0.05234968,0.3795851,0.25617415,0.1833705,0.20524031,0.46916217,0.7991215,0.50122464,0.14774552,0.5154747,0.22006425,0.11879029,0.20237051,0.3852455,0.95866954,0.3634747,0.77474546,0.5653497,0.4921205,0.22651632,0.21305801,0.49964133,0.19089134,0.2688705,0.20892155,0.51445836,0.29539132,0.46213612,0.14966533,0.21947052,0.39276636,0.056703847,0.54120386,0.53971946,0.29578716,0.10204656,0.42047465,0.08858823,0.54397464,0.5597782,0.33022466,0.16239133,0.65718293,0.66707885,0.5404122,0.23193927,0.241558,0.22730257,0.10024551,0.29420382,0.16278718,0.08170073,0.53328717,0.094337694,0.6678705,0.3340445,0.32824552,0.3765372,0.3171622,0.04047468,0.18447885,0.22928719,0.132308,0.107766345,0.3415554,0.19722468,0.78142715,0.3037038,0.5723262,0.35731944,0.29657882,0.10341217,0.28761324,0.20306322,0.19920383,0.07847467,0.20909968,0.62486327,0.32351533,0.16991217,0.33457884,0.502808,0.4731205,0.74505794,0.40622467,0.24947466,0.11805801,0.31929967,0.39672464,0.3329955,0.33709237,0.559713,0.4185549,0.3570226,0.680933,0.26016217,0.26372468,0.122412175,0.07683198,0.36664134,0.5112591,0.13266426,0.09420906,0.75570595,0.47232884,0.27084965,0.14436112,0.12716217,0.21701634,0.41334966,0.4208705
BC2026_Train_0011_S03_20211114_200000_35,0.36222273,0.130125,0.36488804,0.9115197,0.36299363,0.18846563,0.8081888,0.58338416,0.7041726,0.8626445,0.78593206,0.5165971,0.50206214,0.38725427,0.3372902,0.414356,0.451878,0.874826,0.61912805,0.3449481,0.55452806,0.44941846,0.34678525,0.74089575,0.5936655,0.4345999,0.38225785,0.40114686,0.10474687,0.4756031,0.33560216,0.25081468,0.36521047,0.49878442,0.48734486,0.23500113,0.27672195,0.2302907,0.6955958,0.2945543,0.42543662,0.6955958,0.32887304,0.25081468,0.2565345,0.2565345,0.2595626,0.1979907,0.21414071,0.2757126,0.32887304,0.32887304,0.32887304,0.65841717,0.18015844,0.34546617,0.32811564,0.93210304,0.35211024,0.45945725,0.5866385,0.49997175,0.48979193,0.68127036,0.32077804,0.45152175,0.36566553,0.58742166,0.3323906,0.20235936,0.30567187,0.18607691,0.30106232,0.83583313,0.21714562,0.5363259,0.29829144,0.23634355,0.68858314,0.27500656,0.340131,0.115020625,0.6858123,0.07029147,0.40833312,0.18666646,0.52352065,0.4743185,0.377854,0.2955206,0.34104145,0.27216643,0.29710394,0.66839164,0.594167,0.60110396,0.46454144,0.16647896,0.34341645,0.68096334,0.12254147,0.512944,0.36742377,0.65737563,0.29091907,0.65540934,0.4019998,0.14233312,0.2656946,0.38854143,0.2642498,0.748069,0.5591457,0.07043001,0.4626514,0.11739563,0.23495811,0.36801594,0.25197896,0.17122898,0.6089316,0.22268727,0.14906229,0.14629145,0.31951803,0.22353834,0.2820623,0.1901498,0.5175832,0.8038237,0.43010393,0.27493727,0.26979145,0.13000292,0.09669355,0.14985396,0.3786456,0.9037186,0.35212478,0.7242082,0.6862082,0.51995814,0.4772081,0.32877064,0.4510831,0.14510396,0.26543728,0.30001333,0.503258,0.23891644,0.22325332,0.23943105,0.18259929,0.34816644,0.055645637,0.5496456,0.5132488,0.35133308,0.1372269,0.55143684,0.12545083,0.52114564,0.48663884,0.4534581,0.18429147,0.5999165,0.6284165,0.5619165,0.18886334,0.17677063,0.18029653,0.19339563,0.3129373,0.20962478,0.13311023,0.53935397,0.062711254,0.59279144,0.40248471,0.23891647,0.35885397,0.2741456,0.025562301,0.13650449,0.23574978,0.40793726,0.23297895,0.43259773,0.35172895,0.7766006,0.48512477,0.39258885,0.4746946,0.2883956,0.18627062,0.45732743,0.20811272,0.27929145,0.058812298,0.19774978,0.6026873,0.23065542,0.22308312,0.3141248,0.52589566,0.4463331,0.69452065,0.4118956,0.4867081,0.2024998,0.42321646,0.508479,0.3481665,0.65207744,0.49459314,0.42288,0.26561543,0.58408314,0.28404146,0.17728522,0.13322897,0.14276855,0.2143748,0.50688773,0.21023832,0.14439146,0.7362019,0.39566645,0.2618748,0.16230293,0.17795813,0.24960397,0.5041248,0.6719581
BC2026_Train_0011_S03_20211114_200000_40,0.5250399,0.17924999,0.33454108,0.92030877,0.34249106,0.22895157,0.7824512,0.58345294,0.7742249,0.8899665,0.7742248,0.47080666,0.64738005,0.34447894,0.33539456,0.39550284,0.5838504,0.8469609,0.6992663,0.33703524,0.6175069,0.34990478,0.28318578,0.7303484,0.61512125,0.4162348,0.3873269,0.3817828,0.11423905,0.47048903,0.35513332,0.313749,0.40863016,0.51629686,0.47659478,0.28784165,0.2949073,0.25385937,0.70101255,0.33460936,0.4328552,0.70101255,0.3514323,0.313749,0.2972625,0.2972625,0.28683227,0.27270103,0.26563543,0.30230936,0.3514323,0.3514323,0.3514323,0.6605365,0.13508958,0.34629583,0.33440152,0.93930876,0.35306183,0.41317007,0.6725121,0.59137124,0.46850556,0.6672516,0.37330666,0.48552543,0.48070893,0.70050687,0.30447653,0.21826407,0.26564527,0.16720663,0.43146908,0.7421982,0.16982324,0.44308677,0.2668024,0.29840967,0.6733232,0.36195084,0.40356278,0.082344055,0.6788649,0.1338024,0.39030236,0.1955524,0.39703152,0.24966282,0.531219,0.23988572,0.53280234,0.3598232,0.30915654,0.6658751,0.5486061,0.59296906,0.5415107,0.18011488,0.13657323,0.5506149,0.13973989,0.60093325,0.31455967,0.6045115,0.26210186,0.67050093,0.21534406,0.18723989,0.22585343,0.3182607,0.19396907,0.78010327,0.4512607,0.13081384,0.41006434,0.09026073,0.2576982,0.36901942,0.14290658,0.0958024,0.6990227,0.17892739,0.0851149,0.121927395,0.44210705,0.2862279,0.23434407,0.17943208,0.40890655,0.7872708,0.24978156,0.11994822,0.581094,0.2311972,0.1067076,0.1385524,0.4279065,0.7800003,0.45482323,0.7334899,0.6788649,0.47936487,0.3503232,0.32142738,0.47778156,0.117969066,0.19357324,0.19691803,0.48030156,0.26640654,0.3916561,0.17791805,0.2513748,0.36417735,0.079177395,0.46273986,0.47404093,0.32221907,0.11688052,0.23872794,0.12798364,0.4916357,0.48475808,0.30321905,0.27194822,0.6471982,0.65709406,0.33488572,0.1432628,0.22207321,0.17913717,0.14884406,0.32815656,0.1634899,0.05881177,0.40613568,0.07123104,0.5775316,0.39673468,0.22959405,0.34676072,0.29886487,0.037219062,0.1931675,0.22801073,0.3071774,0.08709407,0.40981698,0.426719,0.74747074,0.55259407,0.38914457,0.3432378,0.18644823,0.25215656,0.33953676,0.24899782,0.1338024,0.17734407,0.2394899,0.66342735,0.25269884,0.19832322,0.33844823,0.3883232,0.34636492,0.6875732,0.5347816,0.25848988,0.12628157,0.24768364,0.40138572,0.4845107,0.4231862,0.5652607,0.43946487,0.36401907,0.6982607,0.13973989,0.16804199,0.09778157,0.121393025,0.37209404,0.5023509,0.13437635,0.077485204,0.72264403,0.3538857,0.22919823,0.17433573,0.18328156,0.14092739,0.3059899,0.5945524
BC2026_Train_0011_S03_20211114_200000_45,0.45111328,0.159375,0.3325112,0.94996494,0.3389765,0.22147161,0.80188745,0.6206878,0.7455138,0.8726951,0.7879076,0.5138959,0.6802409,0.34587824,0.34042764,0.5558114,0.4446046,0.7281796,0.7828794,0.49244186,0.50516003,0.4660972,0.48475915,0.7208369,0.5992567,0.422339,0.39659935,0.3686028,0.1388216,0.5476383,0.34304518,0.27137956,0.39485976,0.49848893,0.47325453,0.25287437,0.26902437,0.26498684,0.6864514,0.29425874,0.4530671,0.6864514,0.31848374,0.27137956,0.23369624,0.23369624,0.26599625,0.2098077,0.24883686,0.30805352,0.31848374,0.31848374,0.31848374,0.65527856,0.21081708,0.3467867,0.31730285,0.9361108,0.36815536,0.59127766,0.7864235,0.47987333,0.4529438,0.70088,0.38653588,0.5632358,0.46776083,0.6778353,0.2823904,0.21612787,0.28310287,0.16294666,0.3641116,0.8541533,0.19350745,0.41202724,0.31225744,0.4925001,0.6712783,0.25764233,0.30692357,0.09296579,0.64475745,0.13017412,0.4036949,0.2121116,0.41279906,0.16793662,0.26990327,0.15313245,0.5180908,0.3759866,0.41952828,0.6816986,0.60572827,0.6894866,0.51650745,0.21527828,0.052590787,0.743221,0.079507455,0.56419355,0.25523767,0.55789584,0.28817096,0.56876045,0.17173663,0.19904912,0.15561631,0.33442408,0.23704913,0.77237403,0.46584076,0.09425225,0.3633694,0.19469495,0.2833616,0.49779442,0.2212158,0.24100746,0.7002236,0.31859076,0.112361625,0.032799125,0.42342725,0.35903504,0.20102829,0.21699026,0.5042366,0.84199136,0.37479907,0.080299124,0.48563242,0.20172101,0.20373975,0.34669495,0.37915328,0.72614086,0.34431994,0.7460908,0.56836164,0.45673662,0.22002828,0.19667411,0.45990327,0.19271578,0.2532783,0.29591942,0.5575455,0.19429913,0.3434768,0.187946,0.16688766,0.43456995,0.08465329,0.5260075,0.6055502,0.24536161,0.2083314,0.33386993,0.1349835,0.3047366,0.48206005,0.29365328,0.15946579,0.6035908,0.7456356,0.40844494,0.28468764,0.12146579,0.22829823,0.07515329,0.2572366,0.1939033,0.10248558,0.49869493,0.072709024,0.53827834,0.40424907,0.2639658,0.42506996,0.3763824,0.02527829,0.10296058,0.2750491,0.12542412,0.18163244,0.40749493,0.34788245,0.78139913,0.40488243,0.43610382,0.5461356,0.18084079,0.15986162,0.36118242,0.24186641,0.26119494,0.07831995,0.27425742,0.569945,0.32127059,0.1772783,0.2702991,0.3914241,0.5161116,0.7231325,0.5196741,0.3387783,0.17609079,0.48490015,0.57904905,0.522445,0.26074964,0.57648414,0.48523661,0.3952637,0.48365328,0.17925745,0.13432048,0.18559079,0.10064496,0.33442408,0.4582091,0.14339495,0.119753815,0.72954506,0.44604912,0.21448661,0.17783245,0.24575746,0.1479866,0.47613242,0.35263246
BC2026_Train_0011_S03_20211114_200000_50,0.35315773,0.10874999,0.5926799,0.97381496,0.35629517,0.2141716,0.9003543,0.6458404,0.8359393,0.939905,0.87429565,0.7400487,0.68049556,0.34866428,0.34593898,0.558362,0.5760024,0.7319608,0.71896815,0.465514,0.5850577,0.5695807,0.5882827,0.74215347,0.66267025,0.44179517,0.40544164,0.5569633,0.23519036,0.6689841,0.33412132,0.22746404,0.36877653,0.50201404,0.49326617,0.23654841,0.2540442,0.2463057,0.69300455,0.2796151,0.46601295,0.69300455,0.30249423,0.22746404,0.20021088,0.20021088,0.25707236,0.17262132,0.22746402,0.2994661,0.30249423,0.30249423,0.30249423,0.66240364,0.20895882,0.3532065,0.33743405,0.91641915,0.37606117,0.57166123,0.6800008,0.48294204,0.4432083,0.7398301,0.2980483,0.46512955,0.34329206,0.7422358,0.34634036,0.23554663,0.32282782,0.17186607,0.19647978,0.5593956,0.20795894,0.39995793,0.42012557,0.2648006,0.73784125,0.3429282,0.613698,0.15927145,0.74312556,0.10425061,0.38766724,0.16085479,0.34254226,0.31615007,0.3381881,0.14700061,0.4747506,0.5650006,0.26891726,0.70716417,0.746035,0.63387555,0.62793803,0.21864645,0.20835477,0.7217506,0.10266728,0.46507245,0.37775165,0.6241698,0.34567925,0.61626595,0.15016729,0.19489644,0.2332428,0.49295893,0.17550062,0.7825506,0.6113131,0.054039158,0.25613186,0.08010478,0.3049381,0.5005095,0.22656311,0.10543812,0.6218225,0.16520895,0.07733395,0.15095896,0.34534276,0.18786053,0.16600062,0.07528552,0.4802923,0.8373043,0.5855839,0.21983394,0.47950062,0.22169437,0.15608498,0.062292285,0.4141881,0.70251316,0.21785477,0.6873131,0.6698964,0.4988964,0.26614642,0.21270894,0.42329228,0.15887561,0.2645631,0.32240424,0.5059621,0.2621881,0.54683185,0.20692979,0.3619381,0.31404227,0.047646448,0.52462554,0.43370268,0.2273548,0.247285,0.45600793,0.09486937,0.39875057,0.5357188,0.2487298,0.23606311,0.49414647,0.78518283,0.33541727,0.096096456,0.25466728,0.17668317,0.14343812,0.32670894,0.13314645,0.08311312,0.4418964,0.10811988,0.51314646,0.37817717,0.16916728,0.3587714,0.31997976,0.05041728,0.22735478,0.26456308,0.37420893,0.18895896,0.40733027,0.31641728,0.79186064,0.40152144,0.6063454,0.32294852,0.24160478,0.11770894,0.3199699,0.14779228,0.22735478,0.14818811,0.30770895,0.56658393,0.19523291,0.1703548,0.5000839,0.42289641,0.3108756,0.7229381,0.39677143,0.29227144,0.25308394,0.15707459,0.4320006,0.35995892,0.295161,0.5053248,0.33741626,0.2681652,0.4173548,0.18935479,0.29978237,0.09118812,0.12738708,0.46208397,0.52799016,0.15980583,0.09244488,0.680861,0.4193339,0.2906881,0.17088915,0.22062561,0.17708395,0.31720892,0.57727146
BC2026_Train_0011_S03_20211114_200000_55,0.43338504,0.169875,0.41878676,0.94562584,0.40644142,0.22949348,0.87820387,0.6699194,0.80120546,0.91115993,0.8442048,0.6184412,0.7277902,0.36112642,0.34931672,0.4775578,0.65073,0.5782925,0.61046714,0.38964945,0.61484104,0.3180343,0.37598923,0.76429456,0.73607165,0.48339143,0.42698815,0.45749348,0.10231223,0.6196664,0.36418033,0.30664593,0.4102751,0.5620178,0.5021283,0.2793928,0.2921782,0.2908324,0.7649359,0.34231052,0.48766047,0.7649359,0.35173133,0.30664593,0.30395427,0.30395427,0.2931876,0.2659345,0.3012626,0.36451676,0.35173133,0.35173133,0.35173133,0.7101605,0.21883033,0.360218,0.32639346,0.92147994,0.3942201,0.674574,0.68735945,0.7081258,0.47517392,0.707061,0.33287582,0.59095913,0.45506957,0.7546564,0.41331849,0.22557473,0.31570598,0.18005171,0.4100058,0.74725574,0.28650582,0.57664174,0.33360997,0.28153813,0.7734401,0.48198813,0.52548033,0.121047474,0.76981825,0.19665162,0.4064433,0.22950579,0.42385998,0.40827405,0.3280683,0.1903183,0.39971414,0.48560998,0.27265164,0.67512167,0.69220525,0.72033906,0.62138075,0.24929745,0.22000578,0.7292256,0.1736933,0.45006415,0.25801572,0.6940241,0.3594777,0.71814626,0.2520683,0.20615162,0.21549329,0.41950583,0.31896412,0.8001392,0.6795683,0.08374018,0.38476154,0.0953183,0.26394328,0.46959653,0.19190164,0.20892246,0.6686235,0.21248494,0.081464134,0.16735996,0.4328256,0.4041277,0.16577663,0.17298082,0.58773494,0.82644427,0.4804641,0.05573497,0.6748182,0.15271415,0.12613392,0.14756829,0.43415165,0.77476627,0.2817558,0.76744324,0.6965891,0.45711,0.31461,0.15310997,0.5362766,0.22831829,0.4646308,0.3931433,0.5060681,0.22831829,0.50557977,0.21947144,0.24298394,0.40327662,0.053755805,0.6387974,0.5675276,0.3375683,0.22113393,0.38232714,0.10808393,0.40169328,0.6158985,0.24217246,0.40842247,0.6455266,0.77785367,0.47729748,0.12983496,0.15390162,0.23929873,0.18279746,0.30154747,0.14638078,0.119206846,0.53746414,0.1221756,0.5540891,0.3824657,0.22752662,0.3870475,0.29996416,0.060089134,0.19386101,0.26235995,0.18952663,0.120255806,0.5277167,0.22435996,0.81845826,0.40288082,0.60738814,0.5533568,0.4100058,0.0953183,0.2946501,0.16239227,0.2734433,0.18279746,0.23227662,0.6554224,0.41137144,0.18081827,0.6269224,0.46185997,0.41990164,0.7179641,0.4349433,0.57546407,0.25365165,0.43155894,0.5303391,0.36685997,0.3857709,0.5690358,0.38008085,0.32157665,0.5414224,0.11906831,0.3178855,0.1214433,0.25802562,0.26117247,0.53249645,0.2456954,0.11107247,0.725762,0.54419327,0.30035996,0.1860235,0.2758183,0.18002664,0.4377141,0.3898183
BC2026_Train_0011_S03_20211114_200000_60,0.35794863,0.14475,0.45796433,0.924096,0.45663664,0.18323204,0.9057231,0.7440884,0.7690873,0.89179367,0.8123895,0.7686499,0.651226,0.38916644,0.3473783,0.4468522,0.70717937,0.5801168,0.699991,0.57449204,0.72657114,0.45652977,0.6445319,0.771146,0.77643037,0.5775439,0.39022627,0.37346953,0.23346329,0.5533757,0.38141587,0.30806798,0.43726793,0.6246752,0.49648467,0.33162007,0.33027422,0.2989836,0.7809938,0.38141587,0.4991763,0.7809938,0.3511346,0.30806798,0.31479713,0.31479713,0.31210548,0.23976693,0.27475858,0.34440547,0.3511346,0.3511346,0.3511346,0.7063505,0.2973013,0.3682724,0.31183827,0.9047001,0.38239613,0.44795504,0.5627546,0.7206376,0.63716626,0.73642147,0.28225225,0.5769501,0.581241,0.7411781,0.27906328,0.24735704,0.28832576,0.19882362,0.428779,0.657729,0.2613415,0.57682073,0.53604984,0.33619362,0.66469574,0.36215037,0.59354466,0.18019569,0.6864666,0.08321652,0.42086232,0.3416957,0.27440402,0.33397695,0.21384153,0.3468415,0.48973733,0.44144568,0.22769569,0.7609115,0.6774317,0.6773624,0.8406833,0.32150817,0.23759153,0.75854784,0.16950819,0.5787642,0.36148736,0.54420406,0.391541,0.74590886,0.30092484,0.3444665,0.2564035,0.5791957,0.39275816,0.8617416,0.516654,0.11367591,0.6038759,0.22334152,0.2265082,0.50612366,0.27440402,0.2561957,0.7254265,0.3333832,0.15486236,0.11923736,0.4450379,0.300153,0.30567482,0.37500507,0.55465406,0.86679363,0.51467484,0.14259152,0.47469568,0.23497903,0.25819466,0.25421652,0.34604985,0.7642874,0.393154,0.73713315,0.70704985,0.41254985,0.34169567,0.14298736,0.5293207,0.2027582,0.27044567,0.28567538,0.63539565,0.27757066,0.57203513,0.1545952,0.33422428,0.28469566,0.09588319,0.46717486,0.6972134,0.28232068,0.22961551,0.37764728,0.12497695,0.5506957,0.55359524,0.267279,0.4180915,0.45648733,0.7784978,0.42442483,0.20855716,0.12952903,0.2558909,0.17623737,0.30448735,0.19642487,0.09773372,0.5138832,0.22411342,0.5277373,0.39843842,0.5380291,0.35713318,0.41729984,0.122404024,0.17777123,0.298154,0.11725819,0.13902903,0.5022061,0.2763832,0.83691484,0.400279,0.55686086,0.46527484,0.20117486,0.14496653,0.41795298,0.3398788,0.33021653,0.24392486,0.26371652,0.637779,0.47109753,0.30488315,0.31121653,0.48261234,0.55900824,0.68488324,0.51150817,0.44461232,0.15486236,0.3502061,0.30329984,0.2276957,0.50226545,0.5756332,0.4874811,0.4267009,0.3298207,0.20315403,0.3075551,0.21542487,0.1395832,0.28509152,0.560932,0.19866133,0.20071967,0.719578,0.291029,0.31279984,0.20099674,0.15565403,0.18454987,0.39117485,0.6722166
BC2026_Train_0012_S03_20220211_233000_5,0.3954174,0.071625,0.3062905,0.8759696,0.40174142,0.06696093,0.5879735,0.72896636,0.60075885,0.48616108,0.54120576,0.23664363,0.7259214,0.36961478,0.35326293,0.25409186,0.43113202,0.21150391,0.36682525,0.2893052,0.5574625,0.18498632,0.22164656,0.46176952,0.36700702,0.43059763,0.09541809,0.17241092,0.10080469,0.36977342,0.1379294,0.14465858,0.097554415,0.04069295,0.107311696,0.09486275,0.17931378,0.099236704,0.06592733,0.10024607,0.04944087,0.06592733,0.23516586,0.14465858,0.10697524,0.10697524,0.10764816,0.21329607,0.10663879,0.08544191,0.23516586,0.23516586,0.23516586,0.051796075,0.26107317,0.3196507,0.4634672,0.91594875,0.36491504,0.6157953,0.54177445,0.24445704,0.7488675,0.57794666,0.42685702,0.038900807,0.5711779,0.27903736,0.06909843,0.14497969,0.26325467,0.27508408,0.45412162,0.14655912,0.087184116,0.17232786,0.54476744,0.2729091,0.79344976,0.12199766,0.14605443,0.115684114,0.40028825,0.29301745,0.15605912,0.3234966,0.83877265,0.6281003,0.35318413,0.14220496,0.4679758,0.4054341,0.49528828,0.14526275,0.62519085,0.57168406,0.16397578,0.14260077,0.20316328,0.19128828,0.14497578,0.122318275,0.15483204,0.49039578,0.70859575,0.5276675,0.34882993,0.063038275,0.1544065,0.42205912,0.15843412,0.09945495,0.60651743,0.4252852,0.16762735,0.16516328,0.42957994,0.07493307,0.32587162,0.24670495,0.31109715,0.3044966,0.31557995,0.30291325,0.4234675,0.25124714,0.4240383,0.30715862,0.69993407,0.2411435,0.08203827,0.8140331,0.17782995,0.13420913,0.171556,0.055517443,0.2379966,0.21582995,0.2854966,0.72289246,0.6405591,0.3306216,0.35318413,0.56970495,0.17941327,0.25739244,0.16832995,0.21194088,0.12608463,0.1952466,0.12871099,0.49204248,0.22768517,0.6852883,0.26055908,0.41453826,0.342556,0.36901745,0.4242164,0.41961488,0.1479841,0.65520495,0.14420392,0.28430912,0.6239341,0.5210175,0.06897578,0.2320591,0.36203098,0.18020494,0.40115914,0.17466326,0.4078091,0.39039242,0.23095077,0.22770494,0.12776692,0.8246216,0.156356,0.46322575,0.1750591,0.6575799,0.4272049,0.4517664,0.14932995,0.36703825,0.37099662,0.4420388,0.18337162,0.60216326,0.19168411,0.0853336,0.7736977,0.25739244,0.23799661,0.22701225,0.322511,0.44620496,0.44620496,0.09549661,0.30172578,0.22022766,0.12003828,0.2261216,0.4616424,0.36347577,0.5930591,0.56297576,0.21305913,0.37139243,0.7388406,0.5253716,0.6654966,0.18209507,0.69879407,0.31026,0.23152474,0.35278827,0.64610076,0.099959634,0.41216326,0.44917372,0.2676841,0.18523599,0.45449764,0.15339711,0.23522577,0.25224662,0.3614966,0.31084973,0.19366328,0.24432996,0.09549662,0.64253825
BC2026_Train_0012_S03_20220211_233000_10,0.40809596,0.12637499,0.30079567,0.8685147,0.41930324,0.14674166,0.6021278,0.6257976,0.580258,0.48823658,0.46703973,0.27263412,0.5731924,0.3890362,0.3708675,0.28502014,0.60449386,0.4155626,0.37799382,0.351952,0.56644416,0.18767616,0.26559597,0.4700688,0.40594384,0.4695345,0.10817765,0.23224168,0.13106667,0.35479167,0.19104156,0.20012593,0.14932075,0.075299904,0.1277874,0.13855408,0.21997699,0.13148844,0.07597282,0.14898427,0.07227178,0.07597282,0.2795301,0.20012593,0.13518949,0.13518949,0.15234886,0.23444471,0.14561969,0.12879677,0.2795301,0.2795301,0.2795301,0.061841566,0.33336344,0.3281709,0.5385375,0.9112647,0.36926398,0.57983637,0.57983637,0.2851751,0.7127939,0.59436053,0.4191251,0.035800114,0.4782626,0.33864725,0.06872292,0.16597916,0.2945854,0.38988763,0.43271354,0.112484366,0.114067696,0.30264273,0.6922536,0.3599,0.8546323,0.1651104,0.3900724,0.24429686,0.41410935,0.43904686,0.3064427,0.4061927,0.7175156,0.514839,0.5249427,0.15285936,0.2838802,0.31950518,0.46873438,0.16913801,0.56777185,0.48931772,0.2435052,0.17898436,0.1793802,0.31871352,0.18610935,0.16152415,0.1653677,0.38138187,0.4810844,0.44816092,0.5593802,0.052317694,0.16779219,0.48496354,0.2530052,0.12198436,0.5542344,0.3755948,0.19353123,0.1900677,0.4883202,0.08947655,0.44538018,0.26804686,0.44457865,0.20788018,0.40421352,0.43746352,0.3518844,0.30005002,0.5969843,0.17678747,0.80501854,0.219013,0.07013019,0.771725,0.23677602,0.17043437,0.19802395,0.28783852,0.33573437,0.38204685,0.24904686,0.66071355,0.49802598,0.34523436,0.35038018,0.67694265,0.1580052,0.2545885,0.19758852,0.2428224,0.17418489,0.23915102,0.17430957,0.5664755,0.26286146,0.6250885,0.27833855,0.43667185,0.32860938,0.483776,0.53592706,0.39819685,0.18971144,0.726026,0.14694163,0.35473436,0.85031766,0.4394427,0.08160936,0.36542186,0.4173156,0.21540102,0.52453697,0.35235938,0.4821927,0.5542344,0.2565974,0.19402602,0.2320854,0.80400527,0.22442603,0.4548802,0.20035934,0.7778802,0.5201927,0.4822323,0.13702603,0.5748177,0.29773438,0.49902552,0.20708853,0.5934219,0.3012969,0.11249426,0.7673857,0.3100052,0.3052552,0.2863344,0.4219429,0.4513177,0.44815105,0.10852603,0.33810937,0.30821997,0.11525519,0.41490102,0.41608852,0.37492186,0.61994267,0.41648436,0.2589427,0.483776,0.72098815,0.46794268,0.8119219,0.4256875,0.5446077,0.3167502,0.2434854,0.431526,0.6413177,0.22083384,0.3970885,0.41933438,0.4335052,0.20021686,0.61129373,0.17880625,0.42360935,0.44696352,0.4734844,0.4012448,0.21619268,0.3539427,0.057463527,0.6789219
BC2026_Train_0012_S03_20220211_233000_15,0.33925223,0.04425,0.25613928,0.87306195,0.37583598,0.083353125,0.55619276,0.5363417,0.5477813,0.43237618,0.43419302,0.22706924,0.529949,0.34936306,0.34572926,0.22354446,0.5793537,0.21766096,0.35325196,0.25726038,0.5535119,0.17716648,0.23989806,0.45866412,0.31580788,0.47095472,0.091821015,0.22692186,0.09617812,0.30387187,0.086984485,0.15057512,0.07184386,0.042571984,0.09236782,0.095059484,0.14115429,0.07520845,0.03348761,0.10178866,0.029450107,0.03348761,0.20911887,0.15057512,0.065787606,0.065787606,0.09640532,0.19095013,0.08799385,0.0772272,0.20911887,0.20911887,0.20911887,0.0351699,0.2138293,0.3193846,0.4716656,0.9391662,0.35844705,0.5653521,0.47366717,0.20822035,0.7780126,0.5980073,0.45118284,0.028670356,0.41555786,0.2843008,0.071953125,0.12075937,0.27679688,0.20625225,0.36953068,0.15103066,0.07186401,0.51630574,0.5642807,0.2350265,0.7466609,0.11510879,0.2801317,0.10273901,0.41544732,0.35488483,0.15459315,0.26978067,0.7293432,0.4492614,0.13836402,0.14746816,0.2440515,0.35567647,0.5104473,0.0982562,0.6187771,0.5345932,0.14707233,0.11342651,0.2674057,0.30659315,0.15103067,0.14715943,0.14754735,0.35732317,0.47856295,0.2632197,0.501739,0.05721817,0.13833433,0.3865515,0.13321817,0.12609316,0.5500307,0.45681196,0.21446297,0.14944734,0.418614,0.054694735,0.29550985,0.261864,0.2868411,0.28640565,0.29788485,0.3461765,0.3594567,0.16680463,0.56150985,0.3178249,0.66838485,0.22797075,0.07265567,0.8478161,0.20209315,0.13636504,0.1521786,0.11421816,0.20130149,0.11619735,0.235739,0.610989,0.41821817,0.40238482,0.30065563,0.5813015,0.11025983,0.3263848,0.14192651,0.19183122,0.11474265,0.13678066,0.13437402,0.37111396,0.2706614,0.66482234,0.2915515,0.3818015,0.33293587,0.44671816,0.46318483,0.27188846,0.14085777,0.57259315,0.09828588,0.25434318,0.6288015,0.46769732,0.092051506,0.20050985,0.24753484,0.1585515,0.3772791,0.13282233,0.25790566,0.35013482,0.14232233,0.17082232,0.12575671,0.8420963,0.20901036,0.45621815,0.11975984,0.7340932,0.625239,0.32550412,0.13915567,0.423364,0.33825988,0.30761245,0.16132234,0.52430147,0.18348901,0.09438692,0.72158486,0.2535515,0.30303067,0.23357183,0.48698232,0.3881348,0.36953068,0.049301505,0.28838482,0.35610002,0.09878068,0.21357234,0.39644733,0.325989,0.62088484,0.4174265,0.20803067,0.62800986,0.71347624,0.637114,0.50886405,0.62830675,0.6504774,0.3023914,0.19902545,0.34894732,0.54646814,0.24042961,0.35369733,0.43393275,0.17478065,0.17441255,0.46654943,0.13109057,0.29550985,0.23336399,0.47125983,0.26152757,0.21000983,0.40832233,0.04019734,0.4554265
BC2026_Train_0012_S03_20220211_233000_20,0.33290327,0.015375,0.25530088,0.8567406,0.34795627,0.14858672,0.5584162,0.40822122,0.5587527,0.45000935,0.46514997,0.18777372,0.56985587,0.3240804,0.32317194,0.22188115,0.33887184,0.42365935,0.3511959,0.3000206,0.55811775,0.17601886,0.27946576,0.49419683,0.29790315,0.44735,0.06441866,0.2661492,0.06878672,0.22731796,0.034211397,0.101503074,0.03387494,0.024790566,0.06718431,0.055071816,0.08568953,0.033202026,0.023444735,0.027145777,0.023444735,0.023444735,0.11529786,0.101503074,0.03623015,0.03623015,0.030510355,0.042959314,0.024117649,0.022098899,0.11529786,0.11529786,0.11529786,0.023444735,0.1277468,0.3131791,0.46030545,0.9489698,0.34766734,0.5951493,0.38597307,0.20563437,0.6599125,0.63636047,0.46284688,0.027865624,0.66871977,0.2870962,0.049549222,0.14181797,0.2383617,0.16942412,0.43788403,0.164759,0.030967332,0.40683088,0.42561314,0.1788111,0.80496,0.19691058,0.2241736,0.040467333,0.39157152,0.34723815,0.28271735,0.18771733,0.72882146,0.4712726,0.20038399,0.096675664,0.2989465,0.4818215,0.54238397,0.07013504,0.6859789,0.52773815,0.09430066,0.11607149,0.238384,0.26134232,0.0923215,0.12904297,0.108728796,0.30195484,0.6224081,0.18899392,0.3131965,0.044821497,0.08746264,0.39117566,0.116467334,0.095883995,0.44896734,0.43564755,0.13901994,0.092717335,0.29696736,0.059002236,0.17940485,0.202759,0.34615952,0.18652984,0.276384,0.257384,0.37318665,0.18526316,0.454509,0.166471,0.49923813,0.22420329,0.09034233,0.7679298,0.11330066,0.114705876,0.327684,0.08440483,0.22848818,0.20830067,0.2839048,0.513884,0.34802982,0.36109233,0.23521735,0.54515475,0.12636316,0.5396132,0.11211317,0.18940952,0.0519663,0.11844649,0.079247124,0.3144335,0.14403713,0.6785506,0.23323818,0.25857148,0.268309,0.20434232,0.414609,0.36888382,0.11146004,0.44382152,0.13062827,0.271634,0.4929048,0.5059674,0.108154826,0.11607149,0.28054026,0.0614465,0.32458663,0.17980066,0.33417565,0.340509,0.07723036,0.17861317,0.11258816,0.806009,0.13140015,0.50675905,0.067384,0.55702984,0.2589673,0.2725642,0.06777983,0.28073817,0.27242568,0.20816213,0.18930067,0.46559232,0.07371733,0.06925431,0.6860982,0.21582147,0.21027984,0.09876368,0.237719,0.24511318,0.350009,0.07411317,0.29459235,0.25521484,0.17505068,0.14219649,0.37573817,0.34802985,0.60611314,0.592259,0.13784233,0.41967568,0.7458196,0.587509,0.6900298,0.17031056,0.6311615,0.25571755,0.15324026,0.437884,0.51427984,0.23359442,0.38919652,0.34413087,0.17861317,0.16571692,0.4566663,0.09615119,0.22492567,0.17465484,0.523384,0.19478296,0.26055065,0.23680066,0.049967334,0.416509
BC2026_Train_0012_S03_20220211_233000_25,0.34123808,0.02625,0.47659987,0.8362362,0.3331914,0.12626013,0.62689584,0.41179797,0.58954895,0.47599423,0.4778111,0.42633298,0.65515834,0.3375947,0.325785,0.21601544,0.38395706,0.23379765,0.29797238,0.28252897,0.5329213,0.1724566,0.2751339,0.6161529,0.28634456,0.47319767,0.06794015,0.3695789,0.058572657,0.28265387,0.036998216,0.07838259,0.02118468,0.028586762,0.06896176,0.033970095,0.05987739,0.039353427,0.022530513,0.017147178,0.018493012,0.022530513,0.104962796,0.07838259,0.024885722,0.024885722,0.027577385,0.03363364,0.025222179,0.024885722,0.104962796,0.104962796,0.104962796,0.016137803,0.10395342,0.32033437,0.4422539,0.95815283,0.54994583,0.61538696,0.3717238,0.18018205,0.5886326,0.6804858,0.58527786,0.030557053,0.6743403,0.31368676,0.06997265,0.14621015,0.23812263,0.16786312,0.43719217,0.15100467,0.024338005,0.27763176,0.41779634,0.117319256,0.76205254,0.17875259,0.30525103,0.03225467,0.36831713,0.48706716,0.052838,0.171588,0.71290994,0.4324521,0.2535255,0.09717134,0.1537755,0.59433794,0.5986922,0.076231755,0.50484014,0.5694004,0.027900504,0.11933799,0.190588,0.17515048,0.07144217,0.12717947,0.07979426,0.35422552,0.6521503,0.28054115,0.2179005,0.023150505,0.08616718,0.3999838,0.08371301,0.14110883,0.50606716,0.40032032,0.08721613,0.06312967,0.221463,0.05581665,0.159713,0.1110255,0.28215414,0.11142133,0.20285885,0.1442755,0.46917075,0.07819113,0.34456715,0.11850675,0.45619214,0.1523802,0.12052551,0.66242135,0.0920255,0.047019254,0.13719007,0.055608835,0.15456717,0.08292134,0.28123385,0.5222963,0.40156716,0.3794005,0.124879666,0.5697963,0.10785883,0.38098383,0.097963005,0.118467174,0.031819254,0.09162967,0.06257947,0.3482286,0.1668479,0.61215043,0.2693588,0.14387967,0.1977328,0.076588,0.2533672,0.23971093,0.06865155,0.3034005,0.13434008,0.21750467,0.44075468,0.39325467,0.069463,0.05442134,0.32932758,0.08331717,0.26371822,0.13556716,0.1490255,0.3176505,0.048780713,0.20562968,0.06944321,0.7989838,0.055866133,0.6703379,0.045317173,0.4617338,0.22304633,0.2970573,0.055608835,0.33585885,0.21592134,0.2665781,0.128838,0.50171304,0.05402551,0.06379269,0.66474783,0.099546336,0.07935884,0.063268214,0.20725654,0.3057755,0.34060884,0.06392134,0.268963,0.1689003,0.11062967,0.24837968,0.25035882,0.28044218,0.5151713,0.54169214,0.06312967,0.51081717,0.74462306,0.5357547,0.6406505,0.10000155,0.67143047,0.25532854,0.13044114,0.47400466,0.5599005,0.21407081,0.30973384,0.38282445,0.13200468,0.14635758,0.3209953,0.06871092,0.14942135,0.17950465,0.6359005,0.10017967,0.35208797,0.22304632,0.21077548,0.280838
BC2026_Train_0012_S03_20220211_233000_30,0.38677007,0.12525001,0.66869634,0.75921184,0.36284414,0.13503125,0.85050154,0.49568942,0.675762,0.58525467,0.5973671,0.6591409,0.6612943,0.45814458,0.3809274,0.2814535,0.42714724,0.48165348,0.315667,0.2036264,0.5497747,0.17803873,0.53362423,0.59533685,0.39187852,0.599889,0.109758824,0.5615417,0.1418,0.5718334,0.080872476,0.15926726,0.040833924,0.050927673,0.11788289,0.1000506,0.14850058,0.10173289,0.060348503,0.073470384,0.05025476,0.060348503,0.19627766,0.15926726,0.067750596,0.067750596,0.08154538,0.07313392,0.077844344,0.07750788,0.19627766,0.19627766,0.19627766,0.047899548,0.11182663,0.3691177,0.44817498,0.9547535,0.6225534,0.7001575,0.44574448,0.22800352,0.59766227,0.68682384,0.56723267,0.05557854,0.59533685,0.34670568,0.20913124,0.15498124,0.28750625,0.27672842,0.33391067,0.20368156,0.049702384,0.4715519,0.463744,0.15046175,0.8084555,0.21485394,0.34016487,0.044952378,0.39249405,0.2602857,0.23851487,0.2725565,0.8245856,0.54474145,0.10313988,0.05484821,0.2982857,0.83970654,0.45384818,0.11373831,0.6494097,0.5084733,0.118577376,0.09166071,0.24088989,0.27176487,0.093244046,0.12421008,0.18320708,0.3380749,0.69192415,0.45875654,0.3350982,0.07068154,0.12974977,0.40199402,0.21832739,0.18270239,0.5654732,0.23457634,0.13195653,0.12451487,0.21595238,0.04993988,0.15143155,0.073452376,0.33214924,0.22505656,0.22268155,0.19022322,0.6150097,0.06553571,0.37428567,0.13619196,0.54251486,0.17375655,0.44236904,0.5860565,0.11461904,0.06785134,0.14523676,0.071869045,0.21595237,0.07305654,0.30303568,0.5357857,0.26463985,0.58407736,0.24247323,0.6925357,0.16211905,0.31966072,0.14351489,0.30571747,0.099270605,0.12134821,0.07508717,0.51837885,0.17695291,0.76885235,0.48076487,0.21555655,0.3106159,0.115410715,0.3993024,0.2099951,0.1836326,0.20328572,0.20240499,0.25593153,0.39803568,0.68976486,0.13599405,0.35132736,0.33282214,0.06513988,0.4156899,0.23218155,0.16291071,0.38141072,0.06987998,0.21713988,0.052077383,0.79703563,0.059519053,0.9236628,0.1439107,0.4174315,0.24524406,0.43030602,0.042181544,0.25395238,0.29591072,0.2335175,0.19813988,0.62088984,0.059994042,0.0878805,0.73399925,0.14905655,0.14074405,0.09451071,0.31599134,0.29868156,0.44593155,0.14668155,0.29155654,0.2927757,0.11263988,0.26780656,0.36280653,0.13124405,0.57932734,0.73291063,0.1439107,0.64375323,0.8856243,0.5599315,0.7681399,0.22078156,0.6398424,0.33406806,0.16896698,0.5306398,0.56032735,0.3078649,0.3889315,0.34527114,0.17913988,0.19688508,0.42790136,0.11600446,0.1700357,0.26938984,0.56626487,0.11058154,0.20051487,0.118577376,0.15024404,0.42495233
BC2026_Train_0012_S03_20220211_233000_35,0.39359668,0.103125,0.6596474,0.7607063,0.36129072,0.17386639,0.82616067,0.5066935,0.6529183,0.5587099,0.48034883,0.64147866,0.6744516,0.5216016,0.38542014,0.20872901,0.4736876,0.33029696,0.35866857,0.2284592,0.58362466,0.20044903,0.66870093,0.47261888,0.44340634,0.60771674,0.09911091,0.45922264,0.14643516,0.43072265,0.07524144,0.1684404,0.038903937,0.04462373,0.120663315,0.08668101,0.13580394,0.08735394,0.057745602,0.057745602,0.0456331,0.057745602,0.19401124,0.1684404,0.061110187,0.061110187,0.07086748,0.069858104,0.08701748,0.07692373,0.19401124,0.19401124,0.19401124,0.04462373,0.090382054,0.36634296,0.43107888,0.958623,0.60069275,0.6341703,0.42761853,0.26314384,0.6149011,0.72996986,0.3646751,0.06471259,0.63285214,0.42553973,0.17814139,0.2052164,0.2579414,0.30057588,0.250074,0.14121984,0.04226149,0.47174063,0.46778232,0.10141878,0.7705948,0.24048494,0.32560885,0.038303155,0.38030314,0.3177615,0.21444899,0.13686565,0.7872,0.5362516,0.15903233,0.07669899,0.36090735,0.89409477,0.51092815,0.12610888,0.7286365,0.6538239,0.073136486,0.054532323,0.29559484,0.29005316,0.08540732,0.17371379,0.18911566,0.33256564,0.645595,0.19512244,0.26511565,0.05888649,0.117054194,0.39415732,0.1895115,0.18832399,0.38940734,0.26875734,0.093581274,0.12024065,0.24809483,0.059331805,0.13290732,0.10282399,0.3945235,0.2227615,0.22869898,0.20217815,0.5607671,0.095689096,0.41909483,0.16297087,0.4103865,0.30662867,0.31894898,0.6490739,0.1633865,0.0811719,0.13063128,0.38624063,0.22474065,0.09174066,0.32686564,0.42899066,0.26036564,0.5952406,0.15349065,0.5742615,0.13290732,0.4535323,0.12578233,0.12580211,0.14326826,0.14161564,0.057635657,0.6526266,0.14139794,0.72323334,0.42226148,0.19901149,0.27368543,0.11865732,0.39534482,0.3383448,0.21130213,0.27303234,0.17218389,0.240574,0.449574,0.672064,0.12538649,0.3169698,0.23746671,0.052157324,0.20487975,0.26432398,0.29203233,0.31815732,0.09175056,0.1918865,0.07314639,0.7729698,0.058263052,0.89092815,0.097678155,0.482824,0.155074,0.3722084,0.04226149,0.3628865,0.34428233,0.2849172,0.164574,0.52517813,0.06403232,0.057728678,0.78451025,0.18238649,0.09292815,0.091572426,0.2874367,0.32330313,0.44046983,0.123011485,0.20217817,0.26220232,0.147949,0.21484484,0.428199,0.11430315,0.64036566,0.6957823,0.12182398,0.61978227,0.88842547,0.61978227,0.7100323,0.20865005,0.6142723,0.32667464,0.113867745,0.43769902,0.478074,0.30239332,0.34349063,0.3013938,0.16061567,0.18952732,0.37078342,0.09096878,0.12815733,0.43492812,0.5410115,0.12121045,0.18990731,0.18080316,0.12261565,0.39415732
BC2026_Train_0012_S03_20220211_233000_40,0.39803645,0.04725,0.33506352,0.73521405,0.35020676,0.13419843,0.7415052,0.49010354,0.5988469,0.6086041,0.5466958,0.29115573,0.6711854,0.3723727,0.33058456,0.18538596,0.37852862,0.43980363,0.34643722,0.20139003,0.42214033,0.18095018,0.69055724,0.4501349,0.40845367,0.4955568,0.07243688,0.2905922,0.053329688,0.29272968,0.1436597,0.11001388,0.040030546,0.034647208,0.098237835,0.048778463,0.0847795,0.06661075,0.04642325,0.040030543,0.04373159,0.04642325,0.2250826,0.11001388,0.050460756,0.050460756,0.0783868,0.10126596,0.07165762,0.06728367,0.2250826,0.2250826,0.2250826,0.035656586,0.109340966,0.3178664,0.42703593,0.9647974,0.4132828,0.6027257,0.42403266,0.2791349,0.620274,0.7397167,0.37496614,0.04579116,0.5610474,0.3492957,0.07078594,0.16447967,0.20259842,0.20526563,0.24150214,0.11325214,0.028939644,0.44284278,0.29177296,0.12304902,0.7034396,0.1589709,0.29420733,0.019835478,0.36223128,0.24664797,0.1318563,0.13977297,0.7402521,0.44060633,0.21339798,0.05506465,0.29968965,0.5898354,0.53085625,0.104900055,0.6156438,0.50750214,0.122752145,0.07010631,0.2684188,0.28543964,0.055460475,0.15025862,0.12724486,0.31994048,0.5856159,0.26463863,0.2612938,0.048731312,0.072263606,0.36856464,0.13066882,0.19914798,0.46791884,0.32235113,0.09433131,0.09108548,0.22448131,0.052422456,0.07960631,0.093064636,0.37655059,0.24546048,0.23121047,0.19281465,0.4130801,0.055490166,0.35233545,0.18810423,0.36500216,0.22435267,0.078418806,0.6440646,0.08554381,0.038558394,0.1590105,0.18687713,0.16985631,0.096231304,0.30800214,0.48850217,0.27000216,0.53679377,0.16431464,0.4354605,0.108502135,0.25575215,0.09425215,0.12811568,0.06856256,0.10414797,0.044274233,0.55545735,0.13071829,0.698274,0.27237716,0.2221063,0.27681047,0.10335631,0.38485318,0.23073548,0.15370631,0.22012715,0.15224174,0.19439797,0.44693965,0.7010013,0.11918964,0.296523,0.21804903,0.04160631,0.21282402,0.22566882,0.18014798,0.27000216,0.07163027,0.16906464,0.028909957,0.69433546,0.045228183,0.5854812,0.060606316,0.38637713,0.16906464,0.3510985,0.07287715,0.31275216,0.2553563,0.29256466,0.1318563,0.5106688,0.07485631,0.04984954,0.6888987,0.16075215,0.09227297,0.05935943,0.34641382,0.25852296,0.37568963,0.14293964,0.22329381,0.2044284,0.07643964,0.25337714,0.37925217,0.15521048,0.5375855,0.5732105,0.10098131,0.5838979,0.8586251,0.56608546,0.59735626,0.14008963,0.6096904,0.3248003,0.082001105,0.429523,0.38479382,0.25450528,0.31631464,0.4014188,0.09979381,0.16842738,0.31419694,0.06294173,0.09346047,0.35510632,0.47741878,0.12200005,0.2517938,0.13343965,0.05506465,0.3218563
BC2026_Train_0012_S03_20220211_233000_45,0.47295386,0.110625,0.30691332,0.7330668,0.38784078,0.11277187,0.60740423,0.637349,0.6070678,0.67368656,0.5885626,0.28117424,0.49374864,0.3866117,0.33483076,0.29955313,0.34847516,0.4564189,0.38264173,0.25636894,0.5559514,0.18142283,0.543808,0.30928764,0.42827517,0.44127825,0.09091531,0.15053436,0.044728123,0.39420936,0.24591023,0.13386957,0.10291542,0.0682602,0.12074771,0.07734458,0.12545812,0.10089667,0.11233625,0.06321333,0.084746666,0.11233625,0.30613625,0.13386957,0.08373729,0.08373729,0.14026229,0.23850814,0.14968312,0.14362687,0.30613625,0.30613625,0.30613625,0.07297062,0.25297585,0.33210546,0.46047187,0.9476085,0.35456508,0.58270067,0.41467333,0.17106263,0.62279755,0.70994025,0.48242512,0.0567064,0.68873346,0.3529408,0.08391562,0.2477906,0.19007811,0.17212054,0.17957063,0.048153978,0.041028976,0.4050472,0.33909148,0.07259669,0.69656855,0.06158262,0.31713265,0.04261231,0.32563317,0.22667481,0.10950814,0.18234149,0.5294873,0.4157545,0.31217483,0.054091476,0.23182064,0.425779,0.5267164,0.06415554,0.5690607,0.418654,0.0889248,0.15304981,0.08457065,0.26388314,0.05804981,0.14674418,0.10728158,0.40144315,0.36410815,0.121660225,0.42577899,0.02598731,0.072834186,0.31890398,0.05092481,0.107133135,0.43369564,0.14087795,0.11609876,0.044591475,0.09525815,0.077356584,0.050528977,0.09367481,0.3283644,0.080216475,0.17125814,0.22904982,0.3021998,0.09360553,0.33909145,0.047322728,0.3287998,0.2782222,0.06398731,0.58965397,0.10000814,0.03893106,0.079306066,0.04973731,0.17482063,0.12534149,0.1779873,0.62211233,0.25794563,0.42577896,0.058445644,0.45823732,0.25279984,0.20807065,0.06834148,0.2942238,0.057089914,0.04300814,0.055900436,0.3844639,0.12738992,0.738606,0.14988315,0.1708623,0.2653873,0.22232066,0.43153834,0.19660139,0.1324269,0.043403976,0.10162117,0.21400815,0.4099456,0.7636306,0.10238314,0.14077897,0.25527382,0.108320646,0.17414774,0.18313314,0.19738314,0.2393415,0.073239915,0.13642481,0.07038992,0.62250805,0.105381586,0.3774873,0.044591475,0.30782065,0.21915397,0.39285553,0.15582065,0.32444564,0.28525814,0.2034493,0.19025815,0.4230081,0.050528977,0.06323523,0.62750155,0.07229981,0.103966475,0.16628054,0.23826085,0.1934248,0.37115398,0.12771648,0.174029,0.25844833,0.036278978,0.12929982,0.11821647,0.13127898,0.4483415,0.4499248,0.027966477,0.49307063,0.76378405,0.5168206,0.59875816,0.25808418,0.5339681,0.30189404,0.12037377,0.3026748,0.3747165,0.23873785,0.33157066,0.24349773,0.13879982,0.19216606,0.46518418,0.024443561,0.10990398,0.17877898,0.48950812,0.05709981,0.16492483,0.10079981,0.10950814,0.6082581
BC2026_Train_0012_S03_20220211_233000_50,0.37962052,0.052875,0.30838457,0.76369715,0.35165444,0.13556248,0.6763354,0.4876496,0.63764274,0.6504282,0.54982716,0.26387113,0.63999796,0.34411976,0.3214088,0.31459555,0.4690388,0.4540763,0.43239966,0.17907885,0.41769505,0.17226556,0.6555163,0.3472013,0.47046384,0.4457044,0.08809179,0.16299374,0.033675,0.3589312,0.20410489,0.117635086,0.07557779,0.06380175,0.09980279,0.0681757,0.10720487,0.085671544,0.0964382,0.068512164,0.070530914,0.0964382,0.28014448,0.117635086,0.062792376,0.062792376,0.10182154,0.14959863,0.10787779,0.12133612,0.28014448,0.28014448,0.28014448,0.05942779,0.1714684,0.31777507,0.43338746,0.951718,0.35438868,0.60996246,0.41782787,0.19935755,0.6460951,0.7174243,0.6386138,0.052226312,0.595468,0.32443362,0.07963124,0.18935624,0.17546248,0.17814137,0.20781945,0.07363194,0.028902777,0.1968153,0.5070694,0.0582934,0.78874445,0.13230433,0.34222466,0.052652776,0.33686107,0.19673611,0.18090278,0.16625693,0.6309653,0.53196734,0.36456946,0.07204861,0.3677361,0.3103403,0.5185486,0.080944955,0.6671079,0.42631945,0.07561111,0.11281945,0.04275694,0.30400693,0.059381943,0.12954736,0.067615286,0.3879711,0.38330227,0.37227833,0.2699653,0.023756944,0.04649757,0.3380486,0.051069442,0.123902775,0.38475695,0.15909237,0.13212621,0.039194446,0.07402778,0.03759132,0.060569447,0.05186111,0.31801945,0.020590277,0.12627777,0.2608611,0.25914913,0.06624965,0.28659028,0.040233508,0.37050694,0.23475592,0.03286111,0.5082569,0.13736111,0.028229859,0.14599028,0.1504236,0.24700695,0.08827778,0.120736115,0.63254863,0.39623612,0.42117357,0.058590278,0.43938193,0.21217361,0.30519444,0.05581944,0.102349654,0.065131426,0.100152776,0.055190064,0.2987622,0.11096893,0.64798605,0.18644445,0.15636112,0.2971788,0.14131944,0.39366317,0.35490814,0.09118715,0.09896527,0.10639705,0.19594444,0.35190275,0.77405113,0.08946528,0.059381943,0.24287048,0.064923614,0.1680481,0.09579861,0.11479861,0.24265279,0.059876736,0.22206944,0.045389235,0.65709025,0.06955486,0.35625693,0.025340278,0.3712986,0.17813195,0.2694408,0.055027775,0.24819443,0.16150694,0.23992151,0.16784029,0.54269445,0.053444445,0.05961944,0.6326971,0.05542361,0.06531945,0.12204236,0.0928734,0.18011113,0.2881736,0.13142361,0.17140278,0.19818486,0.09223612,0.090256944,0.13577777,0.115590274,0.48094445,0.24542361,0.022569444,0.4674861,0.7722432,0.43146527,0.6080069,0.31953353,0.49742696,0.29884627,0.07679861,0.45125696,0.50390273,0.23253924,0.2834236,0.28324547,0.16942361,0.15242653,0.40342048,0.025092881,0.08986112,0.3008403,0.48490274,0.08071736,0.13142361,0.17773612,0.14171529,0.3902986
BC2026_Train_0012_S03_20220211_233000_55,0.46300894,0.010125,0.34826168,0.7619741,0.3758189,0.12074999,0.7159769,0.47180918,0.6480124,0.6456571,0.5612061,0.23591822,0.70958424,0.3872011,0.31997675,0.27622032,0.46256578,0.6816199,0.3949612,0.24030882,0.4477354,0.21835491,0.5714672,0.36210325,0.42622828,0.46666265,0.079695016,0.18914998,0.0160125,0.30956247,0.14785357,0.06306606,0.024709802,0.024373345,0.0852723,0.030429598,0.06205668,0.032784805,0.051290013,0.020672305,0.030093137,0.051290013,0.19159316,0.06306606,0.028074387,0.028074387,0.026055638,0.04119626,0.024709802,0.04186918,0.19159316,0.19159316,0.19159316,0.024709802,0.11151606,0.31725144,0.40717497,0.9503908,0.38712195,0.76868254,0.43390647,0.09366891,0.6401465,0.6949892,0.57474494,0.0464658,0.5953282,0.32676196,0.04415625,0.17276248,0.16243124,0.22432144,0.3192498,0.14785396,0.01841648,0.46380812,0.7898956,0.09938419,0.8365644,0.123203464,0.30422795,0.040187314,0.28877065,0.28402063,0.1482498,0.2028748,0.67985386,0.71475655,0.53299975,0.06156231,0.1672498,0.35764563,0.4558123,0.05335867,0.63340294,0.38258314,0.10391647,0.14033313,0.12172898,0.38891646,0.09758315,0.13894774,0.09235815,0.34634066,0.5335936,0.44598576,0.356854,0.036228977,0.09371389,0.41306233,0.072249815,0.18347898,0.46254143,0.19189045,0.12302534,0.07106231,0.07224981,0.04848992,0.08254148,0.04731231,0.3361222,0.10708316,0.18981232,0.2931248,0.29807276,0.072734706,0.39287478,0.06802429,0.61256224,0.28165555,0.023958147,0.5361664,0.20406231,0.05651544,0.09285293,0.03029148,0.2349373,0.11420814,0.20920813,0.5983122,0.37387484,0.44433317,0.07897898,0.50449973,0.10352065,0.20208314,0.11974981,0.18893157,0.05907846,0.09204148,0.06290815,0.52115446,0.12628107,0.62404144,0.18268731,0.31647897,0.26525813,0.11420815,0.33288628,0.33126336,0.14312379,0.31608313,0.17131701,0.21712482,0.46254146,0.73986226,0.09639564,0.19852065,0.24034044,0.07304148,0.22695138,0.11935398,0.095208146,0.24958315,0.14465763,0.36120817,0.033369083,0.7348748,0.049687315,0.4368123,0.14310399,0.42493728,0.19297898,0.41563523,0.035041478,0.22860399,0.21633315,0.3342222,0.13122897,0.6256247,0.10352065,0.051814914,0.76483446,0.07264564,0.081353985,0.09006232,0.15206961,0.3133123,0.25591648,0.15379147,0.19970813,0.43772277,0.11183314,0.33191648,0.28124982,0.088478975,0.46016645,0.3370623,0.086895645,0.38733315,0.88315,0.39604148,0.5852498,0.57287014,0.42222983,0.32208896,0.14581545,0.3026248,0.5314164,0.16089669,0.30658314,0.40083107,0.22702065,0.15543419,0.31707272,0.051537834,0.13874981,0.49143732,0.37347895,0.11606856,0.11499981,0.1446873,0.1648748,0.48510396
BC2026_Train_0012_S03_20220211_233000_60,0.48605207,0.037874997,0.37531567,0.68118,0.45375407,0.111375,0.75211537,0.6040737,0.68112266,0.70030075,0.57379246,0.29961252,0.702656,0.5721747,0.34989357,0.37638962,0.3801884,0.8047909,0.36931235,0.27574337,0.57721,0.45258582,0.60678124,0.4079759,0.44787592,0.5891488,0.14049867,0.17122498,0.036562502,0.30945,0.18808775,0.15107735,0.055859625,0.06292525,0.08445858,0.09758046,0.18102214,0.092197135,0.09455234,0.0770565,0.073019005,0.09455234,0.27253878,0.15107735,0.08075755,0.08075755,0.08277629,0.08715025,0.079411715,0.09387943,0.27253878,0.27253878,0.27253878,0.06494401,0.1948169,0.33535856,0.40243122,0.9357009,0.5202422,0.8889836,0.68222994,0.10320404,0.6631795,0.75974303,0.70374256,0.06775717,0.6772218,0.34806257,0.052237496,0.15733123,0.16338749,0.28655207,0.19220038,0.058012884,0.034262884,0.33306757,0.5270754,0.10080247,0.6743254,0.1332608,0.27652282,0.031887885,0.24642955,0.16013788,0.20526288,0.20605455,0.62405455,0.62886393,0.39803374,0.11540872,0.20170039,0.4237629,0.4772004,0.10676966,0.50490874,0.37705454,0.09245038,0.14509621,0.28878373,0.3576587,0.10313788,0.15904887,0.07231237,0.2967796,0.3208957,0.23537591,0.4962004,0.07107539,0.13399309,0.3873462,0.10788788,0.11620038,0.28086707,0.17422955,0.17921706,0.074242055,0.15182538,0.052441534,0.11897121,0.08334621,0.6499322,0.10670038,0.18626289,0.29472125,0.31248426,0.1898056,0.29749206,0.054628514,0.48907536,0.3347301,0.036637884,0.610992,0.3873462,0.0669983,0.14875767,0.09838788,0.27334625,0.03109622,0.10828371,0.546867,0.3006587,0.5452837,0.07859622,0.45147124,0.16370037,0.22980455,0.08492955,0.14274101,0.11652695,0.18863787,0.08300929,0.63255507,0.1316181,0.6604712,0.17676288,0.3038254,0.42615774,0.15420038,0.41737017,0.11461705,0.20035455,0.34459624,0.14268163,0.21713789,0.31767958,0.80518794,0.11778371,0.35211706,0.26810142,0.14113787,0.2087957,0.42415872,0.116596214,0.32757542,0.14569987,0.18388788,0.077428505,0.78911704,0.10644309,0.3893254,0.09126288,0.36676288,0.41426292,0.35569933,0.09442955,0.31728372,0.24642955,0.2796202,0.16647121,0.5757629,0.07938788,0.08636444,0.799474,0.07582538,0.11778372,0.11249935,0.26873428,0.2068462,0.47680455,0.102742046,0.18863788,0.71789277,0.07265872,0.23495038,0.40713787,0.19140871,0.5357837,0.31609622,0.17122121,0.57338786,0.89455724,0.40120038,0.6347421,0.736392,0.3965454,0.3401075,0.119307674,0.27057537,0.48076287,0.20485716,0.28403372,0.35356188,0.09126288,0.16375929,0.4449598,0.056647263,0.2199087,0.22901288,0.38299206,0.084157676,0.20367953,0.23297122,0.13005455,0.48234624
BC2026_Train_0013_S13_20220217_233000_5,0.09839732,0.116624996,0.6457615,0.9044722,0.4447316,0.14757265,0.60740525,0.4485969,0.7567928,0.39348504,0.5606375,0.38379505,0.8636519,0.5628518,0.48551685,0.59431064,0.22545971,0.3517503,0.59967905,0.36991164,0.6215489,0.37687632,0.7780431,0.105047196,0.21940345,0.59829515,0.22373545,0.63064766,0.20564139,0.21704139,0.107518904,0.14587514,0.09978036,0.09439703,0.118622035,0.13611786,0.2511866,0.09641577,0.15226787,0.16303453,0.09776161,0.15226787,0.24109286,0.14587514,0.26195332,0.26195332,0.20307308,0.14082827,0.0809387,0.058732446,0.24109286,0.24109286,0.24109286,0.14923975,0.2101387,0.41465873,0.5498977,0.8435139,0.48860377,0.46453017,0.38640454,0.2769378,0.7563118,0.5665493,0.6717222,0.40857217,0.26072845,0.2920428,0.21811016,0.068485156,0.2562289,0.7020432,0.35378483,0.37990984,0.08620152,0.6412588,0.78542125,0.39950365,0.655014,0.33664525,0.3296588,0.19228485,0.3878265,0.5113265,0.21049319,0.32924318,0.9152546,0.86112636,0.15626402,0.20059735,0.7979098,0.8609661,0.22870152,0.21672757,0.72884834,0.12340985,0.28134736,0.07947235,0.7947432,0.40484735,0.40128484,0.16913651,0.50331086,0.36527985,0.578146,0.223526,0.23186818,0.20534734,0.51059425,0.59168065,0.7943156,0.34309736,0.8404025,0.6990307,0.10692339,0.5105348,0.7901317,0.17250308,0.6542223,0.38347235,0.26250568,0.6007848,0.40603486,0.36961818,0.56184787,0.2296911,0.4954932,0.5211827,0.79880047,0.2354208,0.42978483,0.8102004,0.23543067,0.5102182,0.2508088,0.15903486,0.17684734,0.6728265,0.16101402,0.4472015,0.36763903,0.39059734,0.38743067,0.48322237,0.196639,0.59959733,0.33755568,0.22864215,0.09896715,0.14518069,0.20345527,0.7394551,0.48093644,0.63640976,0.33874318,0.70449317,0.33019322,0.14557652,0.5945514,0.48022243,0.49226815,0.55368066,0.22763278,0.6688681,0.56120145,0.22909737,0.062847346,0.73731565,0.3656005,0.55684733,0.22318955,0.48045152,0.38228485,0.2781807,0.332677,0.4472015,0.46521193,0.95133483,0.1720281,0.21563902,0.28728485,0.8014328,0.63997227,0.29352912,0.14399317,0.19465986,0.5936598,0.41747248,0.2888682,0.34032652,0.28372234,0.32710567,0.6434023,0.77020144,0.40840983,0.21610413,0.26166254,0.4780765,0.59880567,0.16418068,0.7417015,0.34914175,0.21365985,0.4753057,0.7797015,0.23226401,0.7797015,0.7116181,0.20020151,0.9614088,0.7895261,0.9140869,0.43809736,0.16681299,0.45847484,0.3133366,0.22319941,0.370014,0.85490984,0.25361922,0.57703483,0.6502442,0.5319098,0.19336154,0.80620056,0.36372027,0.5893057,0.20059735,0.23740984,0.50853586,0.15230568,0.27620152,0.21088901,0.61661816
BC2026_Train_0013_S13_20220217_233000_10,0.10162053,0.122625,0.5637758,0.9047367,0.41040024,0.11402942,0.582281,0.42212677,0.7269581,0.39941585,0.48571745,0.3521771,0.81961876,0.55235547,0.56043047,0.60467464,0.15888773,0.34200022,0.6078786,0.3766307,0.572214,0.39964446,0.7646414,0.11524711,0.21464084,0.5851013,0.22302997,0.55118775,0.10797317,0.23230441,0.15185891,0.18483184,0.12561516,0.126961,0.11013807,0.18449537,0.28475994,0.121241204,0.19257039,0.215786,0.12561516,0.19257039,0.29990056,0.18483184,0.2978818,0.2978818,0.24438497,0.1488308,0.1091287,0.097689115,0.29990056,0.29990056,0.29990056,0.21780474,0.21107559,0.43181917,0.5523752,0.83823675,0.5600609,0.5457614,0.37073576,0.2597065,0.7673361,0.50661445,0.7194867,0.47755334,0.3346971,0.2904034,0.22767316,0.04456068,0.22660442,0.6973497,0.2742267,0.37951836,0.08224754,0.6318226,0.8448007,0.28544858,0.73537254,0.1921012,0.29570067,0.31183085,0.34983087,0.46778923,0.22989337,0.3537892,0.7282476,0.78330654,0.15706004,0.20733088,0.58376837,0.83476627,0.14993505,0.20553975,0.7112154,0.16656004,0.19783087,0.070372544,0.6819351,0.4598725,0.40801835,0.14966193,0.4676309,0.40830338,0.6661085,0.13718921,0.20099755,0.18358088,0.4157767,0.534685,0.75714344,0.37595585,0.83324236,0.7149872,0.08203973,0.40881002,0.8204372,0.20451055,0.66491425,0.30510166,0.2742366,0.52043504,0.40168503,0.41751835,0.5511608,0.21268454,0.3906017,0.46932304,0.82322776,0.2398387,0.19268505,0.7314142,0.22712255,0.48692772,0.2379486,0.17764339,0.2041642,0.4191017,0.118268386,0.43572667,0.2884767,0.4622475,0.3838725,0.50816417,0.2136642,0.44126838,0.2920392,0.18967672,0.09551786,0.08818504,0.22872965,0.7202319,0.5206033,0.62731004,0.29481003,0.69381005,0.29150483,0.13014337,0.56426466,0.40132037,0.4677011,0.3292475,0.1540814,0.56120586,0.56397676,0.20970587,0.061268374,0.7715041,0.35699543,0.58416426,0.17218086,0.4036642,0.46858084,0.3054975,0.29292983,0.49470586,0.44383144,0.9258634,0.17414027,0.24374756,0.32687253,0.8040496,0.6902476,0.27128765,0.10441421,0.16893506,0.53903925,0.46500006,0.33281004,0.36883086,0.24414338,0.22948766,0.69591194,0.6281017,0.29639336,0.22864652,0.25261816,0.52518505,0.47174752,0.11589338,0.7381433,0.3232744,0.12539338,0.44958088,0.69618505,0.25047672,0.7686226,0.68945587,0.114705876,0.9408695,0.73904586,0.91264653,0.4511642,0.13351786,0.48281503,0.31840563,0.21445587,0.44008082,0.80860174,0.23850276,0.5481434,0.5918434,0.47649753,0.1563911,0.75993204,0.32969284,0.70053923,0.24928921,0.20456004,0.4219913,0.15785173,0.306685,0.21722671,0.63206005
BC2026_Train_0013_S13_20220217_233000_15,0.11510863,0.17662498,0.7304623,0.96125495,0.4201706,0.17452474,0.38118497,0.62044054,0.7287801,0.4014734,0.48171875,0.47899342,0.8852332,0.5912605,0.5730917,0.61094326,0.29637375,0.34642684,0.66638637,0.44095927,0.65595615,0.42733273,0.8450253,0.16277997,0.2728612,0.6135154,0.32996693,0.78545386,0.15101223,0.28994974,0.13745977,0.17211498,0.11895455,0.13106704,0.20811602,0.16908684,0.27608058,0.11861809,0.18557331,0.2097983,0.11929101,0.18557331,0.3009785,0.17211498,0.30602536,0.30602536,0.25723895,0.175816,0.115253516,0.09472955,0.3009785,0.3009785,0.3009785,0.18927436,0.23671497,0.55694175,0.5827872,0.7973799,0.5930944,0.49844864,0.44151992,0.32612062,0.8123118,0.5149836,0.72494245,0.66952586,0.24044245,0.43145186,0.31453097,0.06266224,0.25503725,0.7785253,0.39478302,0.22932467,0.11572051,0.65036273,0.8714059,0.37774238,0.5178871,0.17286895,0.34575906,0.27682468,0.35717884,0.62080383,0.31917885,0.48819965,0.78032464,0.7193366,0.18024133,0.3318455,0.8195121,0.94560486,0.261783,0.18987988,0.7645705,0.31324136,0.197658,0.07613718,0.72847044,0.39399132,0.35480386,0.17135093,0.4784325,0.45148218,0.8311904,0.24828508,0.214283,0.37974137,0.4301903,0.44267884,0.7403455,0.34015802,0.88434964,0.71239966,0.11799655,0.39953303,0.8373643,0.20750435,0.693083,0.36192882,0.22625695,0.5772621,0.38488716,0.5166996,0.7044264,0.22677155,0.44980383,0.5305242,0.84425175,0.18899915,0.3207622,0.8092205,0.25901216,0.39715806,0.4028778,0.17351216,0.16124134,0.48661634,0.15807468,0.61486626,0.36311635,0.44663718,0.29147053,0.51590794,0.28790802,0.5543038,0.35361633,0.27070904,0.11518614,0.17351216,0.33554262,0.7693304,0.469932,0.698783,0.48226216,0.7494497,0.32895592,0.16717884,0.6121945,0.5949955,0.4513674,0.4197205,0.18800959,0.47869968,0.58478296,0.181033,0.06901217,0.69957465,0.34128615,0.65801215,0.22540593,0.44742882,0.463658,0.3318455,0.38004813,0.5970538,0.4535445,0.89410293,0.22720698,0.2297205,0.247533,0.81620693,0.66592884,0.34813404,0.2700955,0.16876216,0.5451997,0.53058356,0.3445122,0.31403303,0.38449135,0.22289239,0.6824054,0.6259496,0.28038716,0.27498406,0.2783447,0.49888718,0.520658,0.1655955,0.7890726,0.37087074,0.17311633,0.6215955,0.7078872,0.16401218,0.7494497,0.78151214,0.16242883,0.94342786,0.78653926,0.8948392,0.4482205,0.2559445,0.5685538,0.2998523,0.29160908,0.48226216,0.78744966,0.34643197,0.6021996,0.5411424,0.69957465,0.17774363,0.7747038,0.31485435,0.6762205,0.31838718,0.26376218,0.5394799,0.18222049,0.2803872,0.2843455,0.7253038
BC2026_Train_0013_S13_20220217_233000_20,0.1972805,0.320625,0.8743161,0.96314406,0.4521035,0.24125792,0.5017894,0.75654215,0.720891,0.40428373,0.60971177,0.8078184,0.8851669,0.62118053,0.59695554,0.6304332,0.39920035,0.38263473,0.8214477,0.4580054,0.6458164,0.63404036,0.87296796,0.23639412,0.2866254,0.6777483,0.36644793,0.7588654,0.27902043,0.31856415,0.19164069,0.25893232,0.2084636,0.27104482,0.28618547,0.2865219,0.3615521,0.17885526,0.217548,0.34439275,0.16438755,0.217548,0.40360942,0.25893232,0.358524,0.358524,0.37231877,0.26835316,0.19971566,0.16405109,0.40360942,0.40360942,0.40360942,0.27272713,0.38981462,0.61714303,0.5981412,0.70031077,0.6700098,0.60507333,0.603391,0.41048637,0.8376699,0.51921207,0.48220664,0.9108941,0.28626913,0.46302935,0.2761704,0.13652042,0.31072667,0.63903046,0.4567778,0.32298616,0.27706948,0.5486408,0.94072366,0.52804756,0.406507,0.39083195,0.16491012,0.41561115,0.4793403,0.8051111,0.23234032,0.6820069,0.7085278,0.750403,0.24381949,0.20067365,0.76790273,0.97237056,0.20106949,0.29376376,0.6255908,0.20344448,0.38750696,0.11477782,0.5030903,0.27231947,0.42629865,0.26725313,0.616269,0.6162194,0.87307566,0.3834497,0.3890903,0.5336961,0.5116106,0.75721526,0.8462777,0.44173616,0.9465226,0.67573303,0.17925906,0.5078403,0.9094924,0.27984032,0.80934656,0.44213197,0.30122522,0.6788403,0.5763195,0.4844861,0.7506049,0.35151586,0.6036319,0.7110611,0.9662351,0.27984032,0.5937361,0.55929863,0.35781947,0.5296309,0.5292945,0.58859026,0.16109031,0.73386115,0.20859033,0.7829444,0.42075697,0.19077782,0.40848616,0.34792367,0.6178819,0.72356945,0.6024444,0.31209084,0.20931272,0.26717365,0.7727347,0.7723461,0.5003392,0.58938193,0.5628611,0.8724028,0.4190351,0.21017365,0.5917373,0.6905273,0.5012299,0.20423615,0.30739033,0.4955695,0.7318819,0.21967365,0.11081948,0.45598614,0.33220908,0.710507,0.27914762,0.45321533,0.5114028,0.32536113,0.34268877,0.69467366,0.3518523,0.77540773,0.3072221,0.36296532,0.45281947,0.927582,0.76988196,0.3300914,0.25213197,0.19869448,0.71684027,0.8302109,0.4817153,0.33327782,0.49834034,0.28339294,0.5852881,0.6610278,0.46034032,0.23622939,0.36078855,0.6562778,0.6962569,0.3221945,0.87889445,0.574776,0.3273403,0.36850697,0.71327776,0.18721531,0.42986116,0.88111115,0.18444449,0.94519657,0.7925969,0.6602361,0.75800693,0.1967549,0.5874028,0.42277876,0.28747994,0.4243195,0.753257,0.27997887,0.6519236,0.69053715,0.8676528,0.32747918,0.6078872,0.5199528,0.8082778,0.23709032,0.34911114,0.69180393,0.39898613,0.33723614,0.340007,0.8878403
BC2026_Train_0013_S13_20220217_233000_25,0.21999191,0.26925,0.71637595,0.9716848,0.4666609,0.2560203,0.3657864,0.59726965,0.76684475,0.40999702,0.44603166,0.4926648,0.86964965,0.61347944,0.59934825,0.61263824,0.25148588,0.39826086,0.72950953,0.41781455,0.64674085,0.46172237,0.83001846,0.19145775,0.24988277,0.67216563,0.30545184,0.81054324,0.26278907,0.28915155,0.26196212,0.30805692,0.22057775,0.20913817,0.2636444,0.30536523,0.39015275,0.17582877,0.24648502,0.30031836,0.16809022,0.24648502,0.4291819,0.30805692,0.36222672,0.36222672,0.39284444,0.28349546,0.20981106,0.17650169,0.4291819,0.4291819,0.4291819,0.29325277,0.35886213,0.617517,0.62323487,0.7389348,0.6515973,0.48615405,0.4673797,0.4685775,0.8327221,0.4670424,0.5924765,0.8020148,0.23064527,0.45057392,0.25780156,0.11458906,0.3301203,0.6486794,0.4406414,0.27201638,0.20630805,0.60206217,0.9729976,0.5816175,0.60768306,0.29094714,0.2615466,0.46716222,0.4473706,0.6559747,0.23797473,0.5684955,0.8875768,0.81514925,0.22609973,0.3503914,0.7521623,0.94135076,0.23084973,0.24734609,0.6985466,0.16593306,0.26330805,0.10022472,0.81272465,0.44974554,0.5202039,0.16436556,0.56976223,0.48544976,0.6999427,0.4062732,0.34089136,0.39789137,0.51246536,0.54870385,0.84043306,0.41768306,0.93428516,0.7654424,0.19458151,0.52970386,0.942855,0.21473931,0.87609756,0.5110997,0.35135132,0.64409965,0.49091223,0.41491222,0.5798809,0.36757052,0.6211414,0.60524863,0.96314144,0.2833768,0.4679539,0.8615903,0.3100164,0.5654674,0.5082695,0.26132888,0.1983914,0.66230804,0.2399539,0.62628716,0.5423705,0.41174555,0.4738914,0.51149553,0.3717664,0.5566205,0.3931414,0.2722341,0.16962422,0.1722664,0.36994162,0.7210695,0.61219555,0.7414747,0.35237056,0.85270375,0.45376328,0.25618306,0.55226636,0.57540286,0.42945912,0.47705805,0.25427318,0.5574122,0.8804122,0.15405807,0.13505806,0.610058,0.47810704,0.67932886,0.29490548,0.5582038,0.57680804,0.3064539,0.3597133,0.5760164,0.5532955,0.97501636,0.26064608,0.33455804,0.3135789,0.965081,0.76759964,0.38071224,0.24074556,0.21184972,0.8558705,0.71252936,0.52416223,0.3872039,0.4287664,0.317369,0.7007099,0.7794747,0.44499558,0.2798242,0.3399968,0.59818304,0.6777456,0.22649556,0.834357,0.3187999,0.24905807,0.5217872,0.75730807,0.33970392,0.5946205,0.79055804,0.2328289,0.9318309,0.8108327,0.8722383,0.5455372,0.1962638,0.5752247,0.3417088,0.32018933,0.3769122,0.8614122,0.23261121,0.6686414,0.7536664,0.63657886,0.22358225,0.7154486,0.38924244,0.82776636,0.1853289,0.24312055,0.6990414,0.21422471,0.3052664,0.29378724,0.77709967
BC2026_Train_0013_S13_20220217_233000_30,0.28584525,0.32775,0.8555772,0.96358246,0.5663637,0.26978463,0.37895042,0.752298,0.8111647,0.41286537,0.59751374,0.68366045,0.8582016,0.6658186,0.62897635,0.6314997,0.41072205,0.3995002,0.7994639,0.4633488,0.71922535,0.51512975,0.8542619,0.21407205,0.3198783,0.6877025,0.36758184,0.651645,0.33996588,0.3189471,0.27236477,0.33494598,0.21752204,0.26765433,0.28380436,0.31173038,0.3881064,0.20776476,0.26832724,0.32720748,0.18353976,0.26832724,0.41906056,0.33494598,0.38339597,0.38339597,0.3874335,0.31543142,0.2356908,0.19094183,0.41906056,0.41906056,0.41906056,0.32552513,0.36320847,0.6735705,0.625045,0.78545743,0.67979926,0.70624495,0.5965191,0.62216824,0.8176694,0.47841847,0.6963949,0.95196474,0.2557533,0.4552591,0.3235784,0.15115339,0.30042216,0.71572024,0.5251331,0.24132055,0.1657164,0.6252789,0.8409487,0.6375893,0.629633,0.31566796,0.36709663,0.47248724,0.5195914,0.43369558,0.43250808,0.69257057,0.9569675,0.7485909,0.24765389,0.3359247,0.86000806,0.95823807,0.1704664,0.28629714,0.76886743,0.26982054,0.3557164,0.11742473,0.805383,0.30900806,0.4720914,0.23764327,0.6118205,0.47699976,0.8873887,0.28442684,0.3497789,0.5413939,0.47352633,0.53463304,0.84852886,0.38263306,0.9628653,0.77201426,0.2587966,0.49029973,0.9335737,0.2192034,0.8677664,0.54334134,0.447807,0.76857054,0.45823723,0.4495289,0.84222245,0.5208185,0.5164247,0.65248257,0.90495485,0.25116694,0.60429966,0.8024341,0.30940393,0.5919101,0.37018412,0.5904455,0.21044555,0.6123905,0.22509138,0.7705497,0.38500807,0.3398831,0.43092474,0.46219555,0.59202886,0.6688205,0.50296634,0.25651067,0.1904065,0.33196643,0.28474742,0.7506393,0.6149377,0.7634247,0.5492788,0.8007755,0.5053612,0.25161225,0.6276242,0.73185706,0.47790027,0.57184136,0.26553568,0.70444554,0.68188304,0.36323723,0.13998723,0.5488831,0.43185496,0.65259135,0.26154765,0.53146636,0.56194556,0.3082164,0.41283515,0.63737553,0.58407265,0.96731853,0.2830909,0.51325804,0.3509664,0.93515706,0.7816331,0.4483909,0.21757056,0.21519555,0.78954965,0.5759877,0.49742475,0.46457055,0.4265706,0.36100078,0.71954364,0.8255705,0.4447789,0.29890442,0.3109912,0.5211747,0.6197372,0.2975289,0.8512205,0.3264683,0.2694247,0.41548723,0.7361121,0.26348722,0.6339872,0.86436224,0.1942164,0.92850703,0.8315338,0.8378414,0.68742466,0.21909453,0.5920289,0.33934575,0.29271954,0.5484872,0.84377885,0.30316958,0.5849039,0.6862174,0.73373723,0.21577348,0.7701143,0.44488776,0.83625805,0.31375808,0.25359142,0.6770341,0.23300806,0.24132055,0.32879972,0.72027886
BC2026_Train_0013_S13_20220217_233000_35,0.21770684,0.17775,0.70429814,0.93175346,0.48072118,0.24577245,0.37944755,0.6760356,0.76889807,0.4197216,0.65012825,0.50390357,0.8758078,0.6202462,0.60611486,0.68837893,0.3102556,0.38346493,0.64200747,0.41913748,0.7032429,0.41792616,0.7441652,0.17024931,0.2707118,0.6307222,0.366321,0.655547,0.17737244,0.21299742,0.17554268,0.19539373,0.1375229,0.16208437,0.21322604,0.18227185,0.29565835,0.14828956,0.2223104,0.22298332,0.1398781,0.2223104,0.290275,0.19539373,0.30104163,0.30104163,0.28287295,0.22937602,0.14862603,0.12742916,0.290275,0.290275,0.290275,0.2239927,0.3047427,0.6242836,0.62114125,0.8090451,0.6196884,0.62860453,0.5039467,0.5764535,0.7562737,0.47671038,0.7587743,0.8893993,0.22119305,0.4394045,0.36084116,0.1107537,0.2881662,0.75920683,0.5091395,0.3088478,0.12518115,0.58398163,0.8911582,0.42518324,0.54753536,0.31287545,0.3594452,0.47945198,0.53486866,0.5898895,0.30568117,0.45213947,0.91415614,0.7935457,0.25184783,0.28272283,0.7545562,0.9267437,0.18059783,0.21774678,0.7500239,0.2530353,0.20276448,0.15961865,0.802452,0.38088948,0.43670198,0.28486428,0.5035682,0.3503628,0.83332896,0.22836502,0.263327,0.41809782,0.6099187,0.491327,0.8657853,0.34130612,0.9420031,0.78178954,0.21592593,0.44699368,0.94342804,0.18998897,0.8777395,0.39988947,0.34292907,0.71497285,0.3998895,0.38445202,0.81253576,0.3838978,0.48974365,0.626415,0.87498844,0.14389418,0.34843114,0.84163946,0.2660978,0.53542274,0.41900826,0.31280616,0.146952,0.6128478,0.19286865,0.6464937,0.3951395,0.32191032,0.4347228,0.58672285,0.32943115,0.67618114,0.51586866,0.34344366,0.1497822,0.23403531,0.5849851,0.77258635,0.55629313,0.76959777,0.3575353,0.7505978,0.40364993,0.25224367,0.6065818,0.72108847,0.38048178,0.44936866,0.26879942,0.5756395,0.66707695,0.1647645,0.09232699,0.6365978,0.4012551,0.766827,0.31214315,0.51863945,0.5146812,0.31874365,0.55523425,0.6979044,0.5750062,0.95965725,0.2739452,0.34170198,0.4311603,0.8885457,0.7854311,0.45367336,0.28984785,0.18574366,0.678952,0.5176499,0.4402645,0.39949363,0.41255617,0.4600166,0.6876217,0.7082437,0.322702,0.26418793,0.3888299,0.5313061,0.6128478,0.19128533,0.8649937,0.45242056,0.23641032,0.57366025,0.69241035,0.24828534,0.6678686,0.7019103,0.20949365,0.9539176,0.81381047,0.87924373,0.57405615,0.1856447,0.505672,0.3050686,0.298002,0.50557697,0.85351443,0.26893795,0.57761866,0.65629053,0.67301446,0.3010143,0.8270966,0.3898848,0.80443114,0.38524365,0.30845198,0.5468624,0.2241395,0.23522282,0.25897282,0.7521812
BC2026_Train_0013_S13_20220217_233000_40,0.20819719,0.217875,0.7496266,0.9549846,0.44414186,0.254894,0.33938298,0.47504297,0.7583746,0.40085387,0.4708036,0.46716982,0.8571756,0.61518544,0.6172042,0.65236413,0.24179189,0.3554356,0.61102474,0.38516027,0.7156634,0.40968806,0.82728046,0.19067001,0.23733877,0.62228674,0.32340872,0.6479169,0.14837526,0.23815025,0.14178191,0.18720376,0.12327668,0.14884752,0.23161627,0.15658607,0.27939335,0.1303423,0.19965273,0.20099856,0.12933293,0.19965273,0.2925152,0.18720376,0.29890794,0.29890794,0.29857147,0.23094335,0.14110897,0.10544439,0.2925152,0.2925152,0.2925152,0.18081108,0.3103475,0.6665626,0.6277294,0.80258876,0.6589472,0.7081913,0.43794787,0.3955565,0.8201747,0.47217575,0.68542206,0.76200795,0.286145,0.41538888,0.38278773,0.078194015,0.271994,0.7006138,0.5232176,0.21090512,0.12580094,0.53544885,0.8743415,0.47304574,0.6554259,0.23058793,0.29828534,0.30273846,0.48363426,0.58971757,0.39219677,0.36567593,0.9178437,0.73873895,0.21169679,0.18478012,0.85730094,0.9345477,0.1301551,0.20545252,0.74209356,0.20338428,0.2548426,0.10838428,0.82563424,0.4396968,0.3985301,0.1768595,0.5125697,0.38572094,0.70682174,0.2333192,0.26830092,0.38744676,0.46859264,0.5679468,0.9347061,0.31936345,0.94206864,0.7372248,0.1358848,0.45909262,0.91810095,0.20106867,0.83784574,0.47175926,0.30094728,0.68867594,0.43811345,0.3340093,0.66286683,0.2487171,0.44523844,0.56799626,0.9041874,0.1344499,0.31936345,0.742905,0.25286344,0.506652,0.3014124,0.21050927,0.17211346,0.6138634,0.2140718,0.60396755,0.38230097,0.32807177,0.4385093,0.6035718,0.2829468,0.4151551,0.4044676,0.28017595,0.12571189,0.18478012,0.32994804,0.6052739,0.5546566,0.71994674,0.31025925,0.73815507,0.3959968,0.21486345,0.6219028,0.57588315,0.39580283,0.47096762,0.2114098,0.47611347,0.58734256,0.14282177,0.06405095,0.5920926,0.50204057,0.5410301,0.28547022,0.5117384,0.595655,0.3154051,0.3509114,0.5932801,0.5336973,0.95990086,0.3155338,0.3541968,0.28413427,0.8691957,0.7516134,0.34571606,0.26275927,0.17923845,0.60436344,0.68255043,0.46265513,0.3498426,0.39259264,0.31205043,0.7554807,0.80188423,0.32807177,0.28558895,0.33364907,0.5675509,0.51965505,0.23030095,0.77971756,0.2986574,0.21842596,0.38467592,0.67838424,0.31461346,0.64671755,0.78288424,0.18161345,0.94084156,0.83771116,0.8595572,0.71717596,0.14698793,0.54212254,0.31505683,0.30279782,0.6285093,0.8608634,0.24781659,0.6186134,0.6268666,0.6162384,0.22732826,0.8097139,0.35770983,0.82830626,0.26632178,0.26869676,0.53121346,0.18675928,0.20971762,0.2425718,0.77971756
BC2026_Train_0013_S13_20220217_233000_45,0.20622061,0.30750003,0.83056086,0.93889844,0.46375984,0.25212052,0.5000242,0.69526434,0.7299599,0.4040327,0.6558583,0.7828242,0.87586504,0.62771034,0.6206447,0.6457108,0.3178755,0.32802862,0.75819165,0.4531585,0.6811427,0.5882802,0.6568689,0.26835677,0.30433804,0.67308843,0.4166836,0.6909729,0.22896425,0.29665178,0.20783639,0.25998744,0.22634159,0.27849263,0.2953156,0.26436138,0.33266243,0.18933116,0.23542598,0.33333534,0.21120098,0.23542598,0.40062702,0.25998744,0.37976658,0.37976658,0.3918791,0.30507284,0.22499576,0.19134994,0.40062702,0.40062702,0.40062702,0.28488535,0.40971136,0.6746059,0.6181872,0.6570651,0.6671565,0.5973885,0.4552012,0.567306,0.8113689,0.47410303,0.49564427,0.92781514,0.2868818,0.59369427,0.35543305,0.12493927,0.26601425,0.7208039,0.39841276,0.3010378,0.28124613,0.57027376,0.95598364,0.54057634,0.4593711,0.4223706,0.339117,0.6529336,0.4914336,0.6632253,0.28005862,0.7427877,0.67272526,0.7021654,0.18307944,0.2159336,0.66164196,0.97256106,0.20010027,0.29024142,0.62100965,0.2915378,0.48351693,0.13716277,0.53774613,0.24205862,0.4110794,0.21646006,0.6338644,0.5546403,0.79508966,0.25441852,0.2551211,0.60147524,0.5195279,0.6208712,0.7645586,0.34972528,0.94234717,0.67183465,0.16406955,0.50568354,0.9247722,0.2380409,0.809169,0.57218355,0.37721592,0.7594128,0.5464544,0.4708503,0.7140301,0.31755397,0.6897461,0.6342899,0.94982845,0.26428464,0.6462045,0.4902461,0.31251696,0.571194,0.54427737,0.36674613,0.1826836,0.79921776,0.19693361,0.64026695,0.3287461,0.21910028,0.30578777,0.39722526,0.61770445,0.716267,0.4387878,0.3354852,0.19031331,0.42414197,0.5411424,0.6094118,0.7109529,0.6196836,0.64343363,0.8009753,0.43694717,0.2064336,0.59692323,0.8289409,0.4428253,0.21157943,0.3036008,0.58168364,0.70320445,0.24166276,0.09045444,0.48787114,0.37877944,0.6414544,0.24196956,0.5132044,0.52547526,0.3287461,0.31803882,0.61216277,0.4060425,0.647392,0.29494196,0.36357945,0.39603776,0.96372217,0.75594926,0.35464355,0.30974612,0.18149611,0.673517,0.7173061,0.6082045,0.30262113,0.4862878,0.4869013,0.48245415,0.6398711,0.44828779,0.2841753,0.23126425,0.67470443,0.60503775,0.33112112,0.7994909,0.27971426,0.21514194,0.4720378,0.6766836,0.26857942,0.5033086,0.84016275,0.15853779,0.836818,0.7594604,0.647392,0.5994961,0.16844352,0.621362,0.4296302,0.2751107,0.5223086,0.71626693,0.29066697,0.6521419,0.5796451,0.858767,0.18752466,0.61307317,0.46336907,0.8118608,0.30024612,0.32478777,0.72260034,0.23295444,0.28203776,0.35249615,0.88964194
BC2026_Train_0013_S13_20220217_233000_50,0.22673213,0.302625,0.77174157,0.9276739,0.44093746,0.21157813,0.4019402,0.61562496,0.6623926,0.39315867,0.68022496,0.63367254,0.8433736,0.6067515,0.59665775,0.6200416,0.30110934,0.3372687,0.6594503,0.37588322,0.5924951,0.6096545,0.73814875,0.30467182,0.34207806,0.616351,0.38209823,0.7805094,0.17809062,0.29422814,0.2328929,0.23457518,0.22448143,0.21539706,0.2894179,0.25173458,0.3395502,0.1827606,0.23087415,0.30119395,0.22616373,0.23087415,0.40213147,0.23457518,0.38026166,0.38026166,0.40448663,0.31297,0.20563976,0.17502207,0.40213147,0.40213147,0.40213147,0.3015304,0.4048231,0.6571596,0.59502184,0.4806593,0.65778327,0.50814676,0.48664713,0.3941903,0.72273916,0.45478368,0.45750305,0.7796797,0.24161558,0.45099586,0.24292813,0.08225937,0.2888844,0.48877382,0.57119614,0.24146701,0.30836287,0.5893352,0.9723733,0.68889725,0.595342,0.18017223,0.27517223,0.57832116,0.55100864,0.57832116,0.27986285,0.77584195,0.84121394,0.81990516,0.20346701,0.25809202,0.56605035,0.9341555,0.08313368,0.20511962,0.45675087,0.14290452,0.48252946,0.19000868,0.7382378,0.2569045,0.48886287,0.24230225,0.74107796,0.5907028,0.8348682,0.4042238,0.2600712,0.6028628,0.6513227,0.51894623,0.91721386,0.40375867,0.9567972,0.7428097,0.16816857,0.52607113,0.96564406,0.23148213,0.9306326,0.65669614,0.3870446,0.77386284,0.564467,0.5102378,0.7031515,0.40617326,0.43384203,0.58445656,0.9688306,0.25738943,0.4286962,0.6147378,0.267592,0.67301947,0.67832214,0.24700868,0.13696702,0.8423419,0.20386286,0.55694616,0.3289462,0.26680034,0.43067533,0.44611284,0.43423787,0.6028628,0.50786287,0.5231321,0.16104358,0.28461286,0.5811158,0.6045253,0.7253436,0.64323777,0.5553628,0.89973783,0.49980763,0.22840452,0.4605014,0.51899564,0.4517535,0.25730035,0.20776181,0.85698783,0.84273785,0.10965452,0.07798785,0.49202952,0.5119993,0.7643629,0.34668943,0.5434878,0.67450863,0.3705087,0.34074202,0.6206753,0.44251075,0.6796545,0.29914987,0.39267537,0.46630034,0.9645358,0.8687441,0.39527798,0.2711545,0.19159202,0.8284878,0.8208809,0.5347795,0.31271702,0.6202795,0.54753524,0.57776505,0.616717,0.6044461,0.3203467,0.33617413,0.6935087,0.5735712,0.24027951,0.8725639,0.32439804,0.24305034,0.7738628,0.6848003,0.25848785,0.47580034,0.740217,0.215342,0.91541284,0.8045043,0.6507586,0.67569613,0.19878629,0.61264783,0.49634212,0.39584202,0.46669617,0.7869253,0.22201182,0.7338836,0.7821753,0.7845503,0.24465746,0.49852124,0.5373524,0.8811139,0.250967,0.30994618,0.689506,0.21336286,0.25967535,0.31311285,0.868467
BC2026_Train_0013_S13_20220217_233000_55,0.23717746,0.33,0.8181843,0.91688794,0.4930494,0.36269772,0.3869457,0.6836548,0.72498536,0.40783975,0.57324266,0.71186346,0.85097224,0.63080233,0.6670792,0.7221508,0.26291192,0.3925869,0.6833231,0.41587228,0.7018283,0.6446303,0.8232167,0.25845876,0.36747128,0.67549294,0.4516719,0.7288087,0.40006125,0.45919874,0.2819082,0.36635926,0.27988946,0.24994467,0.30041346,0.36602283,0.3929395,0.1957749,0.29772177,0.31589055,0.21495302,0.29772177,0.4447541,0.36635926,0.3919301,0.3919301,0.41750097,0.35660198,0.2573468,0.20553218,0.4447541,0.4447541,0.4447541,0.37477073,0.4053884,0.6683713,0.59845287,0.66434634,0.6564542,0.49583566,0.41589314,0.4720378,0.7994254,0.48204425,0.56815875,0.9220338,0.27449,0.4626488,0.40291125,0.2066175,0.31705502,0.6714066,0.4409718,0.26443014,0.27195096,0.57670313,0.95986974,0.56912285,0.5153885,0.2899812,0.375214,0.46076345,0.5490343,0.54388845,0.41247177,0.7049926,0.891925,0.89024955,0.2616593,0.27432594,0.72518015,0.95674276,0.22682598,0.27432597,0.76775205,0.28857595,0.28026345,0.18407598,0.95682186,0.4397843,0.540326,0.28238514,0.6345739,0.525316,0.68275714,0.33785722,0.36259678,0.5636802,0.4721833,0.75209683,0.78257596,0.4686801,0.9174364,0.61959165,0.22715253,0.59218013,0.9183864,0.24121453,0.8427031,0.5775344,0.37225515,0.7619927,0.50588846,0.50786763,0.72504324,0.3108416,0.5894093,0.7018359,0.9581083,0.27418742,0.53874266,0.71053433,0.31707597,0.73713434,0.5322312,0.5050968,0.19951348,0.63580096,0.26205513,0.7049926,0.32420096,0.4793676,0.43424264,0.46670094,0.6012843,0.6000968,0.4967843,0.31001034,0.16665931,0.46788844,0.38332266,0.70107394,0.62563795,0.7144926,0.6503676,0.8629301,0.47289577,0.27274263,0.6507042,0.79265,0.42426765,0.6962843,0.27450413,0.5268676,0.78970104,0.25968012,0.16111764,0.4742218,0.4355489,0.5898051,0.31766972,0.62147176,0.58703434,0.28343013,0.33366138,0.5680343,0.50935197,0.8391801,0.2602442,0.43780512,0.40218014,0.9308354,0.80216974,0.39920148,0.35745096,0.22682598,0.7936593,0.72837955,0.5300343,0.2865968,0.46670094,0.30227178,0.81542915,0.84432596,0.44413844,0.28009522,0.34967682,0.59811765,0.4924301,0.29095092,0.8576853,0.3399195,0.29451346,0.6974718,0.81978434,0.2521593,0.78574264,0.8135143,0.24028431,0.9725761,0.87092805,0.77149266,0.55774266,0.2846869,0.601031,0.40999684,0.29356346,0.46788844,0.81345093,0.42400047,0.65313846,0.64381665,0.732701,0.29617995,0.76846457,0.4821286,0.84988743,0.36140928,0.32143015,0.72805,0.28145093,0.3048051,0.41168013,0.8170135
BC2026_Train_0013_S13_20220217_233000_60,0.20921175,0.33562502,0.9050642,0.89922005,0.49533153,0.29379943,0.48018467,0.7449437,0.7684958,0.42779806,0.67765194,0.8233384,0.8217739,0.65934247,0.6658025,0.6271635,0.3362659,0.39380026,0.7226403,0.48950836,0.6879851,0.6486195,0.7311576,0.29957214,0.35407838,0.6290638,0.3983719,0.73791647,0.31446192,0.4220494,0.3522469,0.36906984,0.40136984,0.3636865,0.3162459,0.38757506,0.43737087,0.23044902,0.39093962,0.36200425,0.3300407,0.39093962,0.4666428,0.36906984,0.460923,0.460923,0.44140837,0.3986782,0.27216986,0.22708443,0.4666428,0.4666428,0.4666428,0.5258595,0.4245855,0.6135371,0.60686404,0.6086784,0.60945624,0.45303676,0.3921714,0.4562794,0.80654854,0.46507698,0.45810342,0.86517835,0.3063409,0.43445995,0.2670807,0.19226818,0.34046817,0.7040035,0.466075,0.27647084,0.25153333,0.65386814,0.9340093,0.6854062,0.3595958,0.4496875,0.43117043,0.5084291,0.60936666,0.42807502,0.30694997,0.9026791,0.88981456,0.9268804,0.290325,0.32634583,0.6311375,0.9570864,0.3128875,0.31844896,0.64858377,0.28715834,0.632325,0.24678332,0.9255979,0.41936666,0.6058041,0.330035,0.6333442,0.61413246,0.54165936,0.45040995,0.3912625,0.36355415,0.54434115,0.8064916,0.93139684,0.3461375,0.88122505,0.613899,0.26024166,0.5860125,0.90691453,0.27359113,0.8434229,0.75107497,0.42207813,0.8292599,0.5195125,0.39284584,0.67153233,0.49560416,0.6580541,0.68073535,0.9739094,0.33516303,0.75345,0.7906583,0.3200125,0.75725,0.61156356,0.63351244,0.21036665,0.7990816,0.28795,0.7205958,0.37542918,0.4007625,0.5234708,0.30259582,0.5796791,0.5555333,0.51713747,0.47132972,0.22895102,0.6196583,0.5292184,0.7675516,0.6210239,0.85557497,0.66517913,0.8623041,0.4889146,0.28597084,0.6721537,0.6623786,0.5500193,0.64617914,0.3043375,0.92534065,0.76215833,0.37424168,0.15613748,0.63826245,0.41236043,0.6640866,0.37605262,0.7198041,0.5488041,0.32713753,0.45632762,0.53697664,0.61942077,0.75780416,0.29089898,0.637075,0.4823042,0.95302916,0.8366937,0.46154273,0.36078334,0.26222083,0.793825,0.84316957,0.442325,0.32634586,0.48230416,0.48869687,0.8331421,0.79897076,0.43361667,0.38712603,0.40607458,0.6137208,0.6006583,0.27409583,0.876099,0.48144126,0.28478333,0.7170333,0.92286664,0.38097084,0.6220333,0.84488744,0.26617914,0.9712177,0.90701157,0.7202,0.6331166,0.32753336,0.4806417,0.43847647,0.3913417,0.6188666,0.8713292,0.43036294,0.81044996,0.5492989,0.7043033,0.35560584,0.8253768,0.49366462,0.7265333,0.33267918,0.41105416,0.8396822,0.34099165,0.4102625,0.4007625,0.86784583
BC2026_Train_0014_S13_20220228_214500_5,0.2842172,0.078375004,0.62044734,0.6470758,0.68488574,0.41601223,0.6433265,0.48906043,0.90139014,0.29283792,0.37217483,0.7452734,0.8984966,0.41931307,0.64038306,0.92889607,0.9136299,0.33391222,0.82564735,0.6776393,0.89071846,0.83885336,0.83440584,0.23790286,0.7519716,0.572857,0.8604604,0.093420744,0.33388948,0.43150198,0.14363308,0.22471952,0.12075389,0.13084765,0.44476327,0.16281119,0.14598827,0.08004243,0.1715591,0.09787472,0.14565182,0.1715591,0.2593747,0.22471952,0.087444514,0.087444514,0.06961223,0.121090345,0.07432264,0.0706216,0.2593747,0.2593747,0.2593747,0.31051636,0.18737264,0.51651585,0.42900825,0.5920549,0.4921723,0.77081037,0.7237062,0.8519393,0.9502149,0.9269992,0.7943258,0.2175966,0.14492162,0.47422263,0.22950824,0.465702,0.350277,0.78217554,0.23588976,0.9668159,0.13376477,0.49077675,0.4690356,0.28679395,0.37997308,0.57995504,0.52722317,0.51178557,0.2873481,0.36176476,0.91335845,0.20778558,0.7116814,0.956445,0.5723481,0.8545773,0.8686294,0.24459809,0.65824395,0.25824445,0.5398601,0.54661894,0.45795223,0.035993934,0.753244,0.19313976,0.21055645,0.46630833,0.63848203,0.17097309,0.09986165,0.507669,0.21016061,0.29724395,0.6648445,0.25330645,0.5980773,0.26320225,0.8094523,0.8248799,0.9303383,0.21649393,0.29051477,0.30048975,0.7013898,0.18086892,0.21427727,0.3217856,0.3300981,0.36374393,0.34816793,0.32942596,0.41124395,0.84338367,0.5462231,0.27895644,0.3063481,0.90686685,0.26636893,0.37650958,0.3119096,0.46586892,0.25607726,0.5383064,0.81375897,0.0925981,0.9240262,0.33563977,0.9269752,0.56878567,0.047473103,0.4696689,0.33643144,0.19683093,0.22897258,0.4397439,0.4787573,0.35059234,0.4090965,0.20026475,0.7013898,0.23034811,0.44728455,0.3874939,0.6827065,0.56644034,0.40512827,0.8393455,0.8770142,0.20620227,0.3368273,0.25409812,0.15988979,0.21055642,0.8016138,0.21768144,0.22773561,0.25726476,0.21293142,0.3174314,0.32266632,0.18997312,0.65826696,0.9231198,0.48450276,0.1816606,0.22361892,0.18918145,0.5454315,0.2277455,0.32851475,0.79732,0.28655642,0.7740846,0.3851189,0.49120227,0.8775356,0.2519606,0.2344054,0.52326477,0.2695356,0.28296423,0.5601802,0.37047306,0.43420225,0.23311892,0.45518142,0.3895958,0.6447856,0.7682856,0.32772312,0.21491063,0.112389766,0.59174395,0.8082648,0.7203898,0.1647585,0.4559731,0.5430564,0.9626215,0.26142892,0.11731789,0.6619449,0.55018145,0.8922408,0.17730641,0.32613978,0.28037253,0.8593075,0.4155031,0.7436054,0.37535325,0.28655645,0.22243145,0.37245226,0.2274585,0.8915877,0.8011398,0.8601189,0.2730981
BC2026_Train_0014_S13_20220228_214500_10,0.21476184,0.086624995,0.59835404,0.5827302,0.69114107,0.47857767,0.57850295,0.50956273,0.9072228,0.25247487,0.34483272,0.6885249,0.89765054,0.43627304,0.59859735,0.93320525,0.96870726,0.36935622,0.833826,0.8005637,0.9376906,0.8784908,0.8757639,0.24199685,0.706626,0.61459476,0.8353968,0.15969117,0.45858485,0.57927454,0.16972391,0.2699885,0.13002183,0.16333121,0.43115202,0.20606144,0.116563514,0.09065621,0.21615517,0.14146142,0.15828435,0.21615517,0.25484785,0.2699885,0.10512392,0.10512392,0.07988955,0.11925518,0.09200205,0.080898926,0.25484785,0.25484785,0.25484785,0.32584056,0.19697705,0.57740045,0.44148493,0.5914385,0.52818835,0.7854612,0.7544733,0.8882145,0.94618434,0.95156777,0.81270933,0.22418435,0.14402811,0.35512832,0.19389117,0.6228162,0.38626617,0.7570535,0.17927478,0.9371966,0.13177478,0.39313364,0.4539831,0.20813105,0.4191498,0.5894294,0.5153175,0.46189976,0.22202478,0.37996227,0.8661643,0.29050392,0.35304558,0.93829554,0.57629555,0.77530473,0.9084592,0.32256642,0.5580873,0.22110447,0.57978886,0.45319143,0.45714977,0.032420613,0.50227475,0.17214978,0.26556644,0.319566,0.51997846,0.15552478,0.112359166,0.2841409,0.2053998,0.43814975,0.45630863,0.33958727,0.5086081,0.24656646,0.5838164,0.777857,0.89522445,0.16621229,0.32256642,0.2972925,0.8601081,0.14008728,0.15520811,0.13810812,0.30871224,0.26912895,0.40373206,0.33730963,0.4943581,0.8455811,0.4460664,0.24413209,0.42944145,0.9459446,0.21450396,0.26000497,0.27043518,0.5744431,0.37006643,0.3613581,0.839129,0.13652478,0.8200696,0.20104562,0.8822748,0.5660039,0.035983115,0.3803581,0.25646228,0.16863677,0.17029925,0.5093998,0.3868577,0.3559847,0.28413102,0.19471228,0.63369143,0.19787896,0.31546125,0.38629562,0.6760456,0.5969482,0.3190633,0.87356645,0.83248687,0.18046229,0.2616081,0.17729563,0.16621229,0.24181646,0.8001137,0.22400396,0.16267948,0.2877331,0.20342061,0.26200393,0.26816908,0.21687895,0.62103826,0.89546394,0.38523677,0.2556706,0.17650396,0.23310812,0.5695664,0.19396022,0.2722956,0.7782498,0.2912956,0.71222234,0.5117748,0.51019144,0.843879,0.22788312,0.25616542,0.35146227,0.2327123,0.274542,0.5473484,0.4219206,0.44329563,0.25962895,0.32137892,0.33706185,0.53592056,0.5850039,0.26042062,0.2148998,0.13058728,0.65625393,0.8086497,0.56758726,0.13133936,0.25012895,0.4432956,0.9450877,0.2544831,0.10004875,0.49041957,0.54977477,0.8499154,0.26835707,0.32019144,0.19847567,0.92439145,0.2808733,0.74367374,0.3355102,0.31069145,0.32494143,0.3827331,0.20886332,0.73874557,0.71958727,0.8114206,0.2509206
BC2026_Train_0014_S13_20220228_214500_15,0.2692582,0.061875,0.60708934,0.49289596,0.6856114,0.32252577,0.70129764,0.50928086,0.8903872,0.27278432,0.34667057,0.50352746,0.8986642,0.41824445,0.47275063,0.90541923,0.97322,0.3737304,0.8359197,0.75403583,0.9159463,0.8793734,0.87527907,0.1929335,0.6423231,0.6076877,0.8047005,0.09844452,0.17717578,0.25768825,0.11800473,0.19774537,0.1045464,0.115985975,0.4083683,0.13718286,0.087723486,0.054414105,0.14155681,0.06854535,0.12002349,0.14155681,0.19539016,0.19774537,0.06080682,0.06080682,0.04734848,0.08570473,0.05811515,0.058788065,0.19539016,0.19539016,0.19539016,0.23912974,0.16275367,0.50908816,0.42227575,0.60946894,0.47656292,0.7989405,0.77587634,0.8969429,0.9553777,0.9637893,0.82272416,0.1516085,0.15196475,0.28974178,0.13442579,0.32395077,0.3346382,0.77829987,0.16435003,0.712975,0.09943337,0.49445525,0.35039172,0.21386878,0.8341,0.63054276,0.5782928,0.37414172,0.16078754,0.40105838,0.8194344,0.18216252,0.42916253,0.89887965,0.31674588,0.9287042,0.90942717,0.31001672,0.5902667,0.2729865,0.46756828,0.4259959,0.5114958,0.038475037,0.6061,0.12912087,0.13466252,0.33483943,0.26095316,0.15089169,0.08531202,0.21515524,0.1853292,0.40857923,0.5122381,0.33337086,0.49407923,0.15445419,0.71447915,0.6296245,0.947005,0.19047503,0.2577667,0.338012,0.8506459,0.14099588,0.14920941,0.076870866,0.27280837,0.53247505,0.23032555,0.24781148,0.4323292,0.70147604,0.50872505,0.2515422,0.12793337,0.9511876,0.19878753,0.2848813,0.2865636,0.68765754,0.4905167,0.2613292,0.53682923,0.085975036,0.7835324,0.08122504,0.9312178,0.48101673,0.030558368,0.5922458,0.24668336,0.17073284,0.10004692,0.2882459,0.29681963,0.31753758,0.34600788,0.14337087,0.4069959,0.1900792,0.382098,0.27360004,0.62901676,0.7054443,0.23233242,0.8348917,0.80886567,0.21462087,0.20749587,0.1378292,0.08953754,0.23441255,0.81487834,0.17266253,0.12700316,0.2704334,0.18493338,0.54712087,0.3040792,0.13703755,0.6778052,0.9191053,0.36552244,0.1900792,0.19641253,0.1995792,0.49526674,0.21108806,0.23045419,0.72710633,0.2945792,0.6149257,0.51585,0.42520422,0.89450425,0.20640734,0.39280525,0.3575167,0.23678754,0.25886515,0.46403942,0.4620167,0.33970422,0.27557918,0.2126417,0.28066963,0.40185004,0.6551833,0.26568338,0.2601417,0.10062087,0.40343338,0.81549585,0.4921,0.13844274,0.27360004,0.49605834,0.9308246,0.2316417,0.089656286,0.57791674,0.5475167,0.8763355,0.204824,0.26410002,0.14445151,0.8827084,0.24971545,0.7490988,0.185349,0.26528752,0.20472503,0.32149586,0.21927191,0.77314174,0.7256417,0.72682923,0.24430837
BC2026_Train_0014_S13_20220228_214500_20,0.3497094,0.107250005,0.59486204,0.59738153,0.6885023,0.32545543,0.62043285,0.5682818,0.91079646,0.27458733,0.3366639,0.47959137,0.9188714,0.48989928,0.5965062,0.9072254,0.97492737,0.43922627,0.85502845,0.80182755,0.9134881,0.8632043,0.8743667,0.40698564,0.6571523,0.6209336,0.7893976,0.14946797,0.17618673,0.3493242,0.23166953,0.24916537,0.18086432,0.19465911,0.4685362,0.19667788,0.15024662,0.10886225,0.25185707,0.16000392,0.21383725,0.25185707,0.31410185,0.24916537,0.12164767,0.12164767,0.11189037,0.15091954,0.13880706,0.11962891,0.31410185,0.31410185,0.31410185,0.37567368,0.25185704,0.617703,0.4298367,0.60846484,0.48509747,0.8769536,0.74586946,0.9343346,0.96970236,0.9589357,0.85103154,0.21746068,0.17577942,0.29911515,0.17618673,0.35502422,0.35039297,0.86231357,0.22061063,0.8777336,0.08919396,0.31558096,0.44386065,0.18676688,0.66552734,0.35039896,0.57239765,0.47513148,0.20240228,0.22694395,0.9463118,0.14896479,0.64400977,0.92889076,0.24594396,0.7698848,0.9470638,0.28829813,0.5424231,0.21151637,0.5941685,0.21190229,0.47315228,0.045652296,0.7223531,0.19527729,0.2894856,0.56465316,0.22103615,0.16598563,0.12771843,0.45968407,0.19488144,0.3627148,0.5635864,0.32748565,0.51036066,0.14936063,0.8369232,0.5565257,0.92101157,0.26811063,0.22417314,0.37129447,0.7962908,0.19250645,0.23835386,0.10938146,0.25623563,0.22258979,0.24581532,0.26122314,0.3821106,0.5910018,0.5210481,0.29357263,0.16163146,0.9467273,0.14065228,0.29540336,0.29372108,0.7067732,0.2502981,0.682944,0.6219857,0.16123563,0.8595054,0.21744394,0.9216315,0.5626107,0.05792313,0.5391615,0.20992312,0.18076408,0.1263924,0.3642981,0.41257396,0.31334448,0.4633752,0.19092312,0.38725647,0.2000273,0.25607732,0.2760273,0.6492299,0.7095736,0.39352155,0.8784856,0.65494424,0.19923562,0.26454812,0.1014648,0.10661063,0.34569395,0.7952598,0.11017313,0.20834969,0.28711063,0.18617313,0.4517773,0.29214758,0.15173562,0.6811232,0.91420966,0.3354419,0.31165227,0.15767312,0.22773562,0.6770065,0.24938774,0.2202148,0.7328982,0.4509856,0.78290814,0.54361063,0.682944,0.81370753,0.21513823,0.44346875,0.4767148,0.19844395,0.22373773,0.5306709,0.3702356,0.28038144,0.1703398,0.2989856,0.38330206,0.6010065,0.44781896,0.23961064,0.19211063,0.1335273,0.3187773,0.89720863,0.5507356,0.22329041,0.63821477,0.640194,0.91308796,0.25663146,0.10923105,0.37652937,0.5242148,0.87678355,0.23021948,0.29463145,0.15378506,0.95961165,0.4179573,0.8634025,0.18153197,0.26692313,0.21625645,0.40586063,0.26983255,0.6465273,0.71025646,0.6196106,0.21348563
BC2026_Train_0014_S13_20220228_214500_25,0.35026467,0.10725,0.65827113,0.6841886,0.68445784,0.474137,0.5983815,0.58862424,0.9287836,0.30902734,0.3695898,0.7339742,0.92456114,0.4867608,0.6289986,0.9272689,0.9461314,0.41302297,0.81420034,0.6736785,0.9262577,0.8498481,0.85720843,0.35370734,0.7111053,0.61907405,0.8396215,0.12568179,0.37042558,0.48193175,0.23000339,0.28383672,0.15564607,0.18559088,0.4978242,0.21789089,0.13343984,0.113925256,0.23605962,0.17785233,0.18626378,0.23605962,0.32690334,0.28383672,0.14050546,0.14050546,0.11628046,0.14656171,0.12603775,0.11224296,0.32690334,0.32690334,0.32690334,0.36088568,0.25927526,0.61082983,0.45913178,0.5761261,0.48673925,0.77414525,0.7620968,0.9286356,0.9608465,0.9605099,0.8025428,0.23151359,0.18306363,0.46043354,0.20441304,0.6365838,0.42778176,0.8759314,0.292199,0.9641656,0.12238649,0.437074,0.34405315,0.23559481,0.49684477,0.51455736,0.70563704,0.53365725,0.3032823,0.2795323,0.9588615,0.19719899,0.59263647,0.94524044,0.4952615,0.6064906,0.9530626,0.32624063,0.5554281,0.2785823,0.55881256,0.3780948,0.74740726,0.046386488,0.72761565,0.24746983,0.20392814,0.45254713,0.6120323,0.15840733,0.08402034,0.44678178,0.22846983,0.36186564,0.7113461,0.26330313,0.5906573,0.21263649,0.71593064,0.5903149,0.8864234,0.25221983,0.25934482,0.30395523,0.6951573,0.28032398,0.16685838,0.23044899,0.33257395,0.2771573,0.3938985,0.3332073,0.37611565,0.83810264,0.5479073,0.23531774,0.2842823,0.9485699,0.19640732,0.27161565,0.27397087,0.548319,0.23440732,0.62074065,0.69476146,0.12753232,0.92278135,0.17503232,0.9394063,0.6302406,0.06459482,0.41530314,0.23480314,0.20324022,0.18706566,0.50713646,0.3186367,0.6854198,0.51101846,0.22332399,0.729199,0.19719899,0.40113232,0.30605313,0.71283126,0.55679375,0.4386177,0.85477716,0.77810514,0.19086567,0.2652823,0.23401149,0.114073984,0.29932398,0.80588377,0.18453233,0.22034535,0.2937823,0.16949065,0.40065727,0.41356146,0.18730316,0.55123234,0.86954165,0.46183336,0.28507394,0.22174066,0.22174066,0.49724063,0.31976202,0.29813647,0.75387913,0.3733448,0.8109667,0.62192816,0.5613656,0.8930739,0.28058124,0.40043962,0.61361563,0.21342815,0.24448128,0.6100096,0.40342814,0.32030317,0.20709482,0.39353228,0.3331044,0.45963648,0.8063865,0.22174066,0.15365732,0.34563646,0.6326156,0.8554698,0.64092815,0.16559169,0.58274066,0.4164906,0.848195,0.2803873,0.10671149,0.5680156,0.3579073,0.8901844,0.2726151,0.30526146,0.2141545,0.8926386,0.31392625,0.8770229,0.34519118,0.30249065,0.18255316,0.38601148,0.25580212,0.7683865,0.926898,0.8463657,0.21976149
BC2026_Train_0014_S13_20220228_214500_30,0.35885772,0.12637499,0.6024122,0.7132106,0.6807523,0.32044923,0.608132,0.660283,0.91161746,0.26151264,0.372342,0.44380578,0.90781546,0.45150933,0.52418435,0.9064515,0.9316314,0.34716368,0.83654904,0.81080997,0.9418773,0.86545086,0.8575879,0.4285668,0.6482939,0.6136585,0.77853006,0.10206796,0.39561793,0.3631992,0.25659496,0.3077366,0.21756579,0.23304285,0.44703037,0.23808976,0.1731533,0.123693906,0.2724085,0.1674335,0.2562585,0.2724085,0.31648454,0.3077366,0.13849808,0.13849808,0.13479704,0.17517205,0.14253558,0.120665774,0.31648454,0.31648454,0.31648454,0.40463662,0.26500642,0.4942059,0.4159242,0.62375224,0.48634169,0.7284739,0.7388537,0.9417846,0.97427255,0.949711,0.8021346,0.26041684,0.20056681,0.49407265,0.14196797,0.34004295,0.28660545,0.83496606,0.19583721,0.6518372,0.09885805,0.40087888,0.36683723,0.17735179,0.42423305,0.37880424,0.7858605,0.45629555,0.22077473,0.35377473,0.8937508,0.17327471,0.6309847,0.9319659,0.32448304,0.61977476,0.9517998,0.29954553,0.6561914,0.24972002,0.55518466,0.21919139,0.65975386,0.065608054,0.77177477,0.19029555,0.24927472,0.31222013,0.2528372,0.1847539,0.1747393,0.40124503,0.25521222,0.3217122,0.5398362,0.28727472,0.4483789,0.15308721,0.85212886,0.8417937,0.88991904,0.25362888,0.13725388,0.33754554,0.5877122,0.20494138,0.15988564,0.19148305,0.19939971,0.27183723,0.44256014,0.29291534,0.45154557,0.773269,0.42462885,0.29717052,0.15387888,0.9120581,0.22869138,0.27106535,0.22261535,0.7083781,0.2136497,0.34031636,0.4630247,0.23542054,0.93658,0.13646221,0.9075456,0.55564976,0.028003886,0.6672747,0.2457122,0.16771327,0.14710024,0.46342054,0.23079723,0.5068138,0.5903346,0.17446221,0.794733,0.1875247,0.25742888,0.22314972,0.639038,0.5858024,0.3671796,0.9113456,0.6220974,0.13883722,0.25639972,0.13606639,0.079462215,0.31973305,0.8110246,0.13052472,0.15865858,0.2837122,0.17762887,0.28885806,0.41092318,0.16812888,0.70675915,0.916428,0.43152627,0.21602473,0.22314972,0.18237889,0.5449623,0.27911067,0.18237887,0.791131,0.24294138,0.8209044,0.60473305,0.56237894,0.900856,0.25039297,0.2772799,0.45748305,0.15783721,0.22258566,0.6173879,0.41354555,0.34744135,0.21246223,0.3418997,0.28563994,0.6043372,0.5750456,0.3217122,0.14952472,0.13448305,0.3858372,0.71398306,0.7282331,0.14034139,0.58494145,0.528733,0.83855194,0.2809414,0.10299452,0.36846012,0.35892057,0.81218934,0.2582265,0.26787886,0.16021322,0.9181143,0.29472432,0.8077045,0.22046794,0.2108789,0.13844138,0.4210664,0.25256017,0.5813789,0.80892366,0.5746497,0.2809414
BC2026_Train_0014_S13_20220228_214500_35,0.38610208,0.17512499,0.6024031,0.77895147,0.63609517,0.4661799,0.59971154,0.6579188,0.89646775,0.30948249,0.37155908,0.4835997,0.9011782,0.45247477,0.5169739,0.9011252,0.9079337,0.36520657,0.8244696,0.7437196,0.9083991,0.88762283,0.83222616,0.46620342,0.66439724,0.6123452,0.7818844,0.10494245,0.3689237,0.67438835,0.28408873,0.3796429,0.28846267,0.29418248,0.45938352,0.35138038,0.2867804,0.19492726,0.37930644,0.25818145,0.31134185,0.37930644,0.3278283,0.3796429,0.20603038,0.20603038,0.22251685,0.2649106,0.2366481,0.17204809,0.3278283,0.3278283,0.3278283,0.45299083,0.30360326,0.5078895,0.41523618,0.61254305,0.4908738,0.71749526,0.7835757,0.9278244,0.97673947,0.9367009,0.7886889,0.28736594,0.20863473,0.34460878,0.19186743,0.2841362,0.26311746,0.7827904,0.2146211,0.78875756,0.14337109,0.33027372,0.32149607,0.18770444,0.37810028,0.22265655,0.8032086,0.6361836,0.19007944,0.2882461,0.9152659,0.22214194,0.48119107,0.89528126,0.3488086,0.7125795,0.94329095,0.15564193,0.5708711,0.28969088,0.5770065,0.3230794,0.73316276,0.09349611,0.6524127,0.21857944,0.28032944,0.38839987,0.21890602,0.24905859,0.11176381,0.30936378,0.31516275,0.39353776,0.5756014,0.2407461,0.32585025,0.12595443,0.67260027,0.8592505,0.941721,0.1944336,0.18335028,0.39937627,0.70703775,0.21739194,0.15417735,0.1944336,0.18928778,0.23164196,0.28739506,0.36691797,0.55860025,0.6248232,0.43272522,0.29507422,0.25697526,0.9168493,0.25222525,0.1880409,0.17929298,0.70580274,0.28903776,0.27478772,0.7121836,0.2288711,0.9636764,0.18928778,0.9615784,0.53485024,0.0590586,0.41728777,0.28626692,0.14022423,0.1894263,0.43866274,0.46107486,0.5670018,0.77381325,0.1493086,0.55385023,0.22214192,0.20856485,0.25578776,0.6216962,0.6106523,0.50730026,0.9294961,0.60083574,0.09270444,0.30407944,0.16910027,0.0733086,0.27478775,0.76255244,0.14614195,0.18083672,0.25816277,0.117246106,0.41016278,0.39305285,0.11289194,0.7201992,0.87421805,0.3774768,0.2838919,0.17978777,0.15247527,0.61876696,0.27305558,0.17582943,0.77981174,0.29893357,0.6811256,0.7570078,0.46241274,0.94069815,0.23627318,0.2977461,0.2668711,0.21026693,0.2358279,0.6915488,0.24668361,0.34247527,0.22055861,0.30566275,0.36922175,0.47112107,0.69041276,0.17820443,0.18651693,0.2557878,0.3119961,0.7256419,0.6096628,0.12547943,0.69278777,0.3060586,0.8861112,0.34814358,0.1200961,0.38890654,0.6167878,0.8389097,0.39765525,0.27835026,0.16653329,0.8859742,0.27871445,0.8464503,0.2493357,0.21937111,0.14257942,0.42678776,0.27652943,0.6064961,0.90135235,0.6603295,0.23639195
BC2026_Train_0014_S13_20220228_214500_40,0.36935508,0.12225,0.48483223,0.62668496,0.6379663,0.5841054,0.6806174,0.5148107,0.91041845,0.2543919,0.35129187,0.45969877,0.8955469,0.45178685,0.6098718,0.9279932,0.9495663,0.68131006,0.8696612,0.8621749,0.94701296,0.89476097,0.86594784,0.3129871,0.74701834,0.6011538,0.8349793,0.1199037,0.6167537,0.72204536,0.23974104,0.32923895,0.23402125,0.25488165,0.46987852,0.2868452,0.21618897,0.14250459,0.27574208,0.18557127,0.2821348,0.27574208,0.31679,0.32923895,0.15360773,0.15360773,0.15663584,0.22392751,0.15562646,0.131065,0.31679,0.31679,0.31679,0.41268063,0.24108689,0.5053847,0.4376787,0.617185,0.47891945,0.8149909,0.79253227,0.92278814,0.9480522,0.9564637,0.7687892,0.24957463,0.26133084,0.5090572,0.2716662,0.5930037,0.3354349,0.79474926,0.20784883,0.9437624,0.12036968,0.32677698,0.3459947,0.19973429,0.41091135,0.5578001,0.7549618,0.44059885,0.278703,0.32659888,0.8859312,0.13897385,0.3400572,0.89848346,0.48928636,0.7497447,0.90813744,0.2533697,0.5918072,0.26270145,0.4925421,0.41605717,0.46039054,0.08197384,0.5454947,0.15520301,0.2893905,0.3920143,0.32879573,0.20745301,0.18641448,0.35495043,0.23832801,0.2842447,0.47511554,0.2917655,0.38043222,0.19359885,0.66543216,0.7830027,0.898086,0.21814051,0.16628635,0.36340147,0.6860155,0.17103633,0.21008532,0.19953634,0.2759322,0.23278634,0.3606999,0.25420097,0.54707795,0.8313259,0.36182803,0.3139421,0.25930718,0.89525306,0.30284885,0.19557801,0.1989426,0.6530663,0.37370303,0.56291133,0.90174466,0.17222384,0.81751144,0.22209884,0.895728,0.5482656,0.057432182,0.53570974,0.15520301,0.13058218,0.20247541,0.62624466,0.29982468,0.334664,0.45543274,0.14174469,0.7046197,0.18805718,0.3854593,0.23199469,0.6711322,0.6415931,0.48473427,0.732613,0.7914705,0.064953014,0.214578,0.14689052,0.107703015,0.24307802,0.7641273,0.27711967,0.2590598,0.20705718,0.12116136,0.27316135,0.2825129,0.13501552,0.3847468,0.9328097,0.5557764,0.46197385,0.12986968,0.17816135,0.48691136,0.19736917,0.3079947,0.7894665,0.25416133,0.63340485,0.48889056,0.5605363,0.9010124,0.21748741,0.26152384,0.4540572,0.18489051,0.25060874,0.64402163,0.3661822,0.44811967,0.2628697,0.4176405,0.28434762,0.4588072,0.55341136,0.29216138,0.15282802,0.12432802,0.6361405,0.74736965,0.6167447,0.12996864,0.264453,0.47345302,0.8232442,0.31725717,0.11449157,0.52879053,0.6361405,0.81388956,0.24166094,0.21695302,0.18629375,0.91015613,0.28670284,0.70545095,0.34278843,0.22922383,0.21220303,0.4081405,0.20567176,0.80278635,0.7259947,0.8213905,0.16193219
BC2026_Train_0014_S13_20220228_214500_45,0.35639274,0.127125,0.6070201,0.63918585,0.63661295,0.4789077,0.6598441,0.6655638,0.8930097,0.2876539,0.3706245,0.63797426,0.8764728,0.6052832,0.64162064,0.9324889,0.9329733,0.40645567,0.848184,0.73808134,0.944714,0.8419764,0.87637925,0.36780256,0.72745675,0.6762517,0.86913383,0.23375073,0.5852666,0.68183404,0.22380503,0.40216827,0.16761649,0.18376648,0.4909529,0.3015269,0.19924358,0.12421336,0.26014253,0.1285873,0.21135607,0.26014253,0.33550918,0.40216827,0.14440086,0.14440086,0.14069982,0.20025294,0.14944774,0.118830025,0.33550918,0.33550918,0.33550918,0.3863144,0.23221649,0.6042738,0.44108823,0.67599833,0.59909487,0.83680266,0.8137049,0.8970317,0.95734686,0.9563375,0.82071507,0.26876506,0.33039632,0.47993982,0.24230072,0.7289382,0.37803197,0.8345594,0.2175318,0.94723076,0.15103178,0.53766197,0.40278178,0.21725471,0.4863026,0.57655406,0.5246193,0.5607193,0.2832401,0.3853651,0.917286,0.14984429,0.5650735,0.7455636,0.5595318,0.58644843,0.94188696,0.24009429,0.52390677,0.25564066,0.5142584,0.50490683,0.4993651,0.04732346,0.7020318,0.14786512,0.3093651,0.41316053,0.64869326,0.18942763,0.18173857,0.25291932,0.21476096,0.4372193,0.6041026,0.34499013,0.3719068,0.2602818,0.81392586,0.8641909,0.8866498,0.24642761,0.33113596,0.3279297,0.5884276,0.18982345,0.24574481,0.22030261,0.3790318,0.2389068,0.49834585,0.29465,0.40357345,0.85871255,0.4114901,0.25121722,0.2590943,0.88472867,0.21555261,0.19663179,0.22354846,0.63988596,0.36715677,0.4114901,0.692136,0.18388596,0.8483318,0.5064902,0.9376911,0.49699014,0.07701096,0.575856,0.1902193,0.17612763,0.24790211,0.5009485,0.37009388,0.40512708,0.5058569,0.24524014,0.7930734,0.25711513,0.35890365,0.2864068,0.71614325,0.66061777,0.40962973,0.8785735,0.8322793,0.124510966,0.30303177,0.23336512,0.23811513,0.2994693,0.8176587,0.2721568,0.16947761,0.28086513,0.20644845,0.30857342,0.377874,0.20605262,0.5540594,0.9138343,0.55963075,0.56309426,0.20724012,0.24999014,0.40594846,0.20708181,0.31767762,0.8258287,0.34182346,0.5346042,0.5884276,0.41980264,0.91362447,0.33221456,0.25092036,0.68461514,0.25434428,0.30055785,0.611671,0.45542762,0.4435526,0.2792818,0.47957343,0.3155876,0.5195526,0.770511,0.2618651,0.20169845,0.17161512,0.75784427,0.87218076,0.86145365,0.18261927,0.6497818,0.6323651,0.8446731,0.33883098,0.13988909,0.6024995,0.55438596,0.84904426,0.19623597,0.33509427,0.2194021,0.8542297,0.31289595,0.8116974,0.3779136,0.29749012,0.19140679,0.37230262,0.19124846,0.73092765,0.69213593,0.8322609,0.23534428
BC2026_Train_0014_S13_20220228_214500_50,0.41058013,0.161625,0.61402047,0.5892789,0.679988,0.4022204,0.62815166,0.6853497,0.89429027,0.230828,0.347108,0.5145633,0.89513147,0.6355476,0.6385758,0.9122846,0.9500018,0.3789132,0.8453586,0.7698236,0.9221215,0.8570337,0.90087914,0.26936635,0.6724039,0.68758804,0.8246877,0.18894066,0.3417719,0.34569067,0.25076422,0.3806506,0.2194736,0.22552985,0.491332,0.29484028,0.19390276,0.13367674,0.28373715,0.18952882,0.2692694,0.28373715,0.317383,0.3806506,0.16328505,0.16328505,0.15521005,0.20298716,0.15823817,0.13334027,0.317383,0.317383,0.317383,0.4058715,0.25883922,0.5971914,0.41302186,0.5829456,0.60625523,0.83050466,0.8287382,0.9281122,0.9441434,0.95087266,0.8276299,0.26865387,0.2184226,0.44431084,0.19392815,0.28833437,0.2975969,0.6607469,0.21799076,0.91248035,0.0929074,0.38900062,0.44361573,0.20106885,0.43451154,0.36590376,0.6768704,0.39888656,0.2330324,0.4765174,0.6949699,0.23580323,0.3553449,0.9353956,0.28567824,0.7064491,0.9381896,0.30744907,0.66409487,0.28235322,0.56437457,0.3197199,0.5077407,0.085782394,0.5742407,0.16178241,0.28053242,0.42201516,0.317335,0.2294699,0.32060066,0.34757665,0.21957408,0.46524408,0.54267305,0.30784488,0.5160532,0.23699073,0.67921567,0.7534127,0.88873994,0.33199072,0.38082072,0.39120743,0.61224073,0.16851157,0.1748251,0.29399073,0.22986573,0.2294699,0.36198503,0.3078845,0.5857199,0.7291798,0.56671983,0.23239908,0.16494907,0.905098,0.23501156,0.25961262,0.27677202,0.75385404,0.25994906,0.38661572,0.54138654,0.2354074,0.7757199,0.18830325,0.9256418,0.5746366,0.081032395,0.69565076,0.1985949,0.16247511,0.19083658,0.59126157,0.32175052,0.7004225,0.32886368,0.26667824,0.40838656,0.24213658,0.28989387,0.26707408,0.6142199,0.6454611,0.427822,0.6941782,0.63809854,0.14436574,0.3893866,0.16257408,0.113094896,0.22471991,0.84624165,0.35613656,0.2415923,0.3315949,0.2223449,0.37276158,0.53791314,0.26271993,0.465347,0.8897793,0.38902044,0.19186574,0.15544906,0.24530323,0.46024075,0.25753447,0.2935949,0.82567406,0.4349074,0.66026676,0.37513658,0.6336158,0.8728178,0.23740637,0.27920637,0.4669699,0.22155324,0.26823187,0.5862068,0.42224073,0.4214491,0.26746988,0.30111575,0.32074118,0.5770116,0.3505949,0.1855324,0.22353241,0.11032406,0.48438656,0.75909495,0.5845324,0.22772825,0.2508449,0.64549077,0.80872685,0.31180325,0.11972511,0.36290532,0.5101157,0.8598542,0.39996523,0.27776158,0.22079921,0.9347658,0.28474015,0.766972,0.22415584,0.28330323,0.21007407,0.38344908,0.27037928,0.6387616,0.67438656,0.52674073,0.15386575
BC2026_Train_0014_S13_20220228_214500_55,0.41249683,0.16087501,0.6268306,0.705976,0.6769378,0.56499755,0.64230764,0.74829197,0.9131566,0.32253766,0.37643826,0.6897483,0.900573,0.61086476,0.64316475,0.9417715,0.93880534,0.39538547,0.8556613,0.7668363,0.90560853,0.86898506,0.94912815,0.44508234,0.7499136,0.63967407,0.8586495,0.17385092,0.49590093,0.7289676,0.27375433,0.43257612,0.24111785,0.27375433,0.48168555,0.34878454,0.25558555,0.1640689,0.3104283,0.23169702,0.2851939,0.3104283,0.35484076,0.43257612,0.2222762,0.2222762,0.18661161,0.25020224,0.1778637,0.14623658,0.35484076,0.35484076,0.35484076,0.42650637,0.28317514,0.59673345,0.4292822,0.64976776,0.532615,0.81293523,0.8591647,0.91159177,0.96684015,0.9355495,0.8428949,0.38808236,0.34461984,0.46304265,0.3056634,0.6114051,0.3380822,0.8154552,0.22957501,0.95586985,0.14605415,0.4867677,0.357825,0.25342396,0.35742915,0.5533369,0.57688904,0.50032496,0.2188875,0.4496583,0.9447667,0.20067915,0.6281792,0.91640073,0.4425333,0.68240833,0.92859685,0.26599166,0.57434577,0.28930625,0.60999066,0.43699166,0.4888458,0.061345823,0.53713745,0.19038749,0.34792915,0.49735513,0.5843407,0.2355125,0.28169635,0.31765783,0.20780416,0.51140827,0.6421125,0.25372082,0.38434583,0.21651249,0.62422085,0.8369942,0.9031054,0.3855333,0.3115125,0.35669687,0.50982493,0.2046375,0.22759582,0.38592914,0.25649166,0.31942916,0.4058495,0.39591408,0.5323875,0.7659489,0.40453336,0.31699482,0.26124164,0.90821147,0.300825,0.26460624,0.2901771,0.79283,0.3780125,0.5244708,0.8443042,0.253325,0.8995823,0.3756375,0.9541678,0.4077,0.053429157,0.7669267,0.21967915,0.16299585,0.22605206,0.71961665,0.48053226,0.698113,0.396775,0.23432499,0.6673667,0.23630416,0.4203073,0.3376375,0.69762814,0.6281594,0.50382817,0.74969995,0.79525054,0.10765833,0.24620001,0.2272,0.13655415,0.3032,0.8678306,0.34595,0.22580472,0.42076248,0.18167916,0.40097082,0.5261828,0.20740834,0.5987984,0.84380937,0.44569013,0.39107502,0.21413751,0.22007498,0.46549165,0.20566666,0.3475333,0.81083643,0.3997833,0.70101696,0.4710333,0.557325,0.94322294,0.24105418,0.3059906,0.5355542,0.19632499,0.28856406,0.64102286,0.43065834,0.51761496,0.25253332,0.41165832,0.44528487,0.5751375,0.72317916,0.41799164,0.20899166,0.1357625,0.695075,0.9196115,0.63926244,0.19327709,0.5585125,0.5438667,0.8540732,0.32397333,0.14314479,0.5592646,0.5272417,0.81362706,0.2737401,0.26322082,0.244491,0.936177,0.34964994,0.8137062,0.353451,0.26401252,0.18247083,0.45045,0.282775,0.79838747,0.82174164,0.8352,0.21967915
BC2026_Train_0014_S13_20220228_214500_60,0.3932198,0.178875,0.4859866,0.71958435,0.6291364,0.32797736,0.63806576,0.4817472,0.89545643,0.32579878,0.35910815,0.44874063,0.88341117,0.48951533,0.51040936,0.89519984,0.943903,0.39838532,0.79457474,0.6812556,0.90306574,0.82317376,0.8232531,0.43454468,0.6732718,0.5935114,0.7841686,0.1480711,0.29057106,0.44055235,0.28868893,0.36035454,0.28162333,0.3018108,0.44749728,0.36237332,0.2590806,0.16083477,0.33814833,0.24461289,0.29407224,0.33814833,0.34184933,0.36035454,0.20524728,0.20524728,0.20154624,0.2809504,0.19212541,0.15275976,0.34184933,0.34184933,0.34184933,0.43572125,0.30248374,0.5031419,0.4216711,0.6835635,0.4243837,0.7139903,0.74026763,0.943052,0.9712156,0.91603637,0.74214685,0.22898848,0.16236973,0.31701723,0.1815586,0.2955586,0.26741484,0.8005323,0.22832254,0.8035079,0.15113503,0.27469438,0.388635,0.2025538,0.3779475,0.31797874,0.7099824,0.56794757,0.17330171,0.31817672,0.7227183,0.15509337,0.35103086,0.9294528,0.25088504,0.80821836,0.94125795,0.19903086,0.4468225,0.23973243,0.52812666,0.21644755,0.49353084,0.056530863,0.6277183,0.09651002,0.3395517,0.43671533,0.3157423,0.31461418,0.13522254,0.3648751,0.2089267,0.4681975,0.5322335,0.3074892,0.40882254,0.1626142,0.61465585,0.83746755,0.90428406,0.307885,0.2576142,0.34514284,0.7337225,0.16934337,0.15667671,0.15667671,0.27701002,0.23148921,0.22404754,0.334297,0.5244059,0.5861757,0.49551004,0.21560639,0.1566767,0.9413173,0.22040586,0.36664647,0.2276892,0.67521834,0.26948917,0.2683017,0.6015933,0.1685517,0.8511465,0.2924475,0.90036833,0.4705725,0.046635024,0.51253086,0.1626142,0.14093243,0.16268347,0.5568642,0.4767539,0.4109798,0.46649545,0.1863642,0.36409333,0.18557253,0.25100377,0.29957253,0.6365257,0.5792683,0.41042563,0.9394568,0.62079126,0.12896837,0.30828086,0.11155169,0.10798919,0.26790583,0.8491594,0.20219752,0.19429076,0.3074892,0.1483642,0.3324267,0.37262356,0.1709267,0.7323272,0.91100836,0.31199178,0.20971835,0.19626004,0.19309337,0.75636417,0.19598295,0.20338503,0.75011,0.3502392,0.81113714,0.398135,0.48521832,0.9422476,0.19705172,0.24987566,0.31738502,0.21763504,0.24638243,0.55178404,0.4345517,0.42267665,0.2303017,0.2706767,0.4367826,0.58615583,0.38705167,0.24257255,0.3161975,0.11115585,0.28334334,0.8597163,0.60436416,0.18628503,0.3419267,0.49511418,0.9472263,0.3220875,0.14826524,0.32166,0.4737392,0.8536599,0.30993345,0.28532252,0.19318342,0.9231683,0.34284344,0.72972465,0.22751108,0.2667184,0.18596835,0.43890584,0.29329854,0.68986416,0.73775995,0.55805165,0.21842669
BC2026_Train_0015_S18_20211016_011500_5,0.30507815,0.41624996,0.2561285,0.8012418,0.56116885,0.26751667,0.26793817,0.21646005,0.44478065,0.599787,0.5624401,0.2549172,0.48081538,0.5526308,0.5798839,0.46000373,0.34342092,0.40273654,0.4968177,0.28999683,0.60512364,0.6566018,0.3082448,0.26647094,0.7660126,0.5944189,0.28558376,0.58026457,0.2853292,0.28889167,0.46146318,0.6135423,0.3780215,0.62632775,0.6360851,0.5792236,0.50856733,0.4170507,0.32755277,0.52639955,0.3023184,0.32755277,0.54053086,0.6135423,0.41503194,0.41503194,0.48669758,0.31745902,0.2545413,0.31577674,0.54053086,0.54053086,0.54053086,0.36658195,0.49006215,0.5758464,0.7053479,0.74622095,0.4750177,0.38644508,0.6659073,0.36158967,0.41563278,0.45075905,0.6868459,0.45029593,0.37441468,0.62031096,0.1549417,0.2076667,0.35570994,0.8628073,0.3798801,0.19542174,0.38858843,0.43787956,0.7796718,0.31349882,0.2706301,0.19752955,0.16929674,0.94491243,0.29675508,0.2520259,0.49031758,0.5231717,0.5627551,0.5519785,0.42223427,0.27142176,0.7753176,0.7674009,0.26231757,0.29412282,0.45527646,0.25044256,0.11190091,0.3304009,0.3304009,0.4744842,0.8698426,0.26276487,0.3998598,0.503,0.69158024,0.38063216,0.8896738,0.9188468,0.4049561,0.6589425,0.51367176,0.2971509,0.4083801,0.7264918,0.27777487,0.41510928,0.90596235,0.1762931,0.928703,0.28567174,0.17826238,0.2544009,0.7959009,0.5789842,0.57356405,0.17649102,0.29715094,0.73044,0.9373915,0.27352956,0.12892173,0.4954634,0.21560925,0.36230507,0.48814052,0.5813592,0.24608842,0.29002592,0.34029675,0.46854675,0.37592176,0.3826509,0.37235925,0.5227759,0.3917551,0.34069258,0.5631509,0.34372073,0.27326238,0.26231757,0.38254404,0.47514728,0.7701322,0.9004406,0.40442175,0.5971926,0.33099467,0.8960864,0.43741447,0.3856296,0.3509447,0.55048424,0.2617931,0.5639426,0.5690884,0.3145676,0.24213007,0.5093176,0.83508706,0.5397967,0.438503,0.35969257,0.8832812,0.6763592,0.43780044,0.8010467,0.374665,0.62371343,0.72075194,0.21363007,0.47290093,0.93917286,0.7812551,0.51846135,0.2520259,0.5105051,0.7460259,0.52405244,0.82915086,0.37433842,0.3826509,0.29333112,0.6127805,0.17523424,0.5116925,0.46571654,0.23551175,0.93553114,0.32010925,0.15544257,0.9550062,0.5635586,0.19938007,0.6118384,0.43173426,0.36760926,0.5362342,0.4954634,0.8164842,0.41629675,0.80745536,0.6062967,0.38185924,0.52473533,0.35872677,0.40720448,0.35858425,0.29715094,0.6090675,0.3846301,0.5789842,0.93854463,0.27894258,0.29708365,0.45221865,0.5941743,0.9145718,0.58452594,0.21838008,0.30106968,0.28844258,0.21442175,0.56552595,0.94841546
BC2026_Train_0015_S18_20211016_011500_10,0.31589508,0.43575,0.23817725,0.8306717,0.47408533,0.17039253,0.2366632,0.17307258,0.4474207,0.6007784,0.5691513,0.33931664,0.64350855,0.46579602,0.54494786,0.45656022,0.23628847,0.34583533,0.56529224,0.2526552,0.59860164,0.6433506,0.2909576,0.47461972,0.7899009,0.5882239,0.3566321,0.7169591,0.310755,0.31716758,0.47592658,0.6367537,0.3965224,0.7030359,0.65054846,0.6444922,0.5082266,0.45472968,0.34201613,0.57450885,0.36220363,0.34201613,0.55263907,0.6367537,0.46482345,0.46482345,0.5132734,0.3174547,0.2898651,0.36758697,0.55263907,0.55263907,0.55263907,0.4416078,0.50923586,0.4821479,0.6987508,0.72656757,0.45059067,0.38442612,0.68057674,0.29863226,0.4069768,0.45996895,0.6034635,0.4899384,0.31074473,0.60885334,0.11980502,0.17573628,0.3572385,0.61910343,0.33590764,0.14472017,0.5524284,0.36685193,0.79349095,0.3043004,0.22309516,0.18771757,0.18791547,0.8660274,0.37351182,0.16174099,0.491866,0.55203265,0.5587618,0.3971925,0.363616,0.171241,0.74836594,0.86994624,0.1866785,0.28263837,0.39965665,0.21399102,0.0774285,0.32442847,0.12809516,0.41507435,0.6557409,0.22659037,0.34969255,0.64658934,0.76743644,0.412729,0.86165345,0.794916,0.34470508,0.5757826,0.5136368,0.27059516,0.43209514,0.6913106,0.27228737,0.36005348,0.9027806,0.12348371,0.9265306,0.2365535,0.20847902,0.28405347,0.7313452,0.57815766,0.6706172,0.15927693,0.23497015,0.7371441,0.91109306,0.19683163,0.15699099,0.31176183,0.213991,0.3495639,0.41786495,0.35807434,0.19142851,0.29751185,0.30028266,0.5053243,0.38419932,0.3687618,0.4590118,0.24842851,0.3909285,0.289991,0.67672014,0.34571442,0.26211444,0.21517849,0.4025581,0.27722535,0.61279315,0.92754,0.35055348,0.6331785,0.28343996,0.9473316,0.36385348,0.2697837,0.3127118,0.26703265,0.23986863,0.477616,0.42457432,0.43288678,0.23180349,0.6458451,0.74211574,0.48790765,0.4265238,0.50176185,0.8144306,0.65217847,0.40171495,0.79824096,0.50818425,0.49622017,0.616603,0.21874101,0.35807434,0.8235941,0.5302618,0.5118556,0.18826184,0.49107432,0.72065765,0.45472693,0.67790765,0.40478265,0.4708868,0.3030238,0.59826595,0.17044933,0.50928265,0.3928582,0.249806,0.9042649,0.21003269,0.11938684,0.9501025,0.5283935,0.20884517,0.64505345,0.5255118,0.38499096,0.43486598,0.5650952,0.7242201,0.30503267,0.70761496,0.5730118,0.25476182,0.6279237,0.38603598,0.46065456,0.319441,0.30938682,0.50136596,0.30062905,0.50176185,0.9087299,0.18747017,0.25081536,0.41230348,0.5830462,0.9526952,0.52392846,0.13047016,0.33173162,0.247241,0.168866,0.40161598,0.93284416
BC2026_Train_0015_S18_20211016_011500_15,0.3141786,0.43087497,0.21273635,0.7982589,0.44982663,0.11782081,0.21576445,0.1606526,0.442571,0.5829751,0.57086265,0.3090307,0.6011438,0.46769616,0.4713299,0.43908036,0.19706728,0.32585162,0.49517754,0.18963976,0.5617291,0.7083307,0.3632619,0.40155473,0.7919256,0.5518527,0.35883504,0.60505205,0.21151456,0.29701453,0.45192465,0.6204902,0.39809126,0.69518393,0.60871416,0.60063916,0.48624334,0.4391392,0.32642567,0.5656475,0.34930483,0.32642567,0.5424319,0.6204902,0.48893502,0.48893502,0.5037392,0.32339755,0.28335902,0.35704336,0.5424319,0.5424319,0.5424319,0.42601734,0.49667358,0.41137305,0.70551455,0.7274048,0.39988434,0.3428042,0.6980705,0.3627235,0.43807042,0.45623913,0.62013394,0.56669647,0.3256735,0.59912515,0.07222082,0.14311457,0.34007806,0.53267854,0.28091303,0.11110051,0.45745468,0.36935207,0.6700171,0.2588255,0.21243384,0.19040571,0.16647758,0.7190609,0.295163,0.22272551,0.421038,0.696538,0.4934755,0.3572,0.33949634,0.122183844,0.66803795,0.79844534,0.23262134,0.26560414,0.3467698,0.10476718,0.048558842,0.2844755,0.1989755,0.3058505,0.59045464,0.1754076,0.3757448,0.5735288,0.6273345,0.30574167,0.91798687,0.79949427,0.28019062,0.6937672,0.4277672,0.30387133,0.36205885,0.6574296,0.20406593,0.41114217,0.9089025,0.0871427,0.9212724,0.18076718,0.22093438,0.26349637,0.898413,0.5283088,0.5948999,0.12653801,0.26943383,0.7561604,0.88637966,0.13862082,0.1134755,0.22193384,0.19739218,0.20386407,0.38151404,0.14316301,0.15226717,0.3541422,0.3018922,0.46022552,0.32089216,0.32722554,0.28803802,0.27576715,0.5227671,0.19699635,0.5496838,0.35723957,0.24911772,0.15028802,0.304944,0.3007047,0.60853434,0.9200057,0.3771005,0.6526004,0.2719474,0.9514943,0.4431849,0.25424373,0.31095678,0.2298505,0.23683697,0.6807046,0.2369755,0.37195468,0.235788,0.6058921,0.60931605,0.511288,0.35385522,0.32445467,0.84564847,0.6624963,0.314163,0.77966297,0.26112136,0.50772554,0.6058229,0.18393384,0.39095467,0.833714,0.48793384,0.5577291,0.21401717,0.41510049,0.74324626,0.5129802,0.73730886,0.35730886,0.3153505,0.23203748,0.5300901,0.14712135,0.2583505,0.40764895,0.14781801,0.77174634,0.30505884,0.12297551,0.95190984,0.4513034,0.13841301,0.51999635,0.41668382,0.26705882,0.36205885,0.4863505,0.66526717,0.3220797,0.72658175,0.5591838,0.28803802,0.7238267,0.36565298,0.4379005,0.3412578,0.27101716,0.43845463,0.39930674,0.47843385,0.8818473,0.14237134,0.22890449,0.35301405,0.5660614,0.93488896,0.4412255,0.081808835,0.23044427,0.19620468,0.1562255,0.43014216,0.96689224
BC2026_Train_0015_S18_20211016_011500_20,0.37889135,0.43124998,0.19057767,0.81011355,0.48574796,0.12169233,0.19875361,0.17210612,0.42616582,0.57797575,0.5396195,0.26567516,0.53356326,0.54605645,0.5490846,0.46422988,0.20698231,0.34681043,0.47530714,0.24850059,0.5462662,0.6407841,0.39749554,0.4139636,0.818426,0.5538115,0.34794983,0.5921402,0.23248607,0.32297358,0.5024587,0.56436706,0.41060555,0.6407431,0.6353597,0.56773156,0.48866388,0.443242,0.35273474,0.5414879,0.3618191,0.35273474,0.53845966,0.56436706,0.42742848,0.42742848,0.49909407,0.31168678,0.27905035,0.34869725,0.53845966,0.53845966,0.53845966,0.4085868,0.50380456,0.43500844,0.7172236,0.7396552,0.39810053,0.29438725,0.6288268,0.2003917,0.40228748,0.43953344,0.7219693,0.43035105,0.3395073,0.57225597,0.102098584,0.20220482,0.36495405,0.56018305,0.30147067,0.14472066,0.5579707,0.5885983,0.8069498,0.27204046,0.2543665,0.24877535,0.123800874,0.72580403,0.37509567,0.17599148,0.52353317,0.63476235,0.51244986,0.328417,0.33313733,0.155804,0.4423873,0.7729477,0.21319984,0.2859243,0.36846548,0.091283165,0.07940816,0.295929,0.0928665,0.44634566,0.675929,0.18208337,0.38840556,0.63036066,0.59438586,0.21382327,0.87548846,0.7965196,0.2620061,0.7519923,0.60072064,0.32205397,0.40676236,0.6425949,0.2603891,0.34422067,0.93607074,0.10382119,0.9590488,0.23140815,0.18783681,0.25990817,0.75034565,0.53342897,0.579474,0.119100355,0.16609566,0.76201284,0.8762603,0.1875993,0.16055398,0.20765814,0.23101231,0.29121858,0.4809811,0.21834567,0.19301233,0.25515816,0.32878318,0.46376228,0.32403314,0.40715817,0.279304,0.338679,0.3972623,0.23576231,0.5635124,0.3441019,0.28020453,0.20567898,0.2587959,0.35172173,0.53175664,0.92395824,0.32640818,0.6003248,0.30366755,0.9599791,0.5865103,0.25743422,0.38968214,0.55361646,0.28410348,0.5963665,0.3996373,0.374304,0.23972066,0.8366374,0.67321265,0.3853873,0.40930557,0.364804,0.8247623,0.71630394,0.41430297,0.7206582,0.2997785,0.6228874,0.6467264,0.16728316,0.4059707,0.92419565,0.51165813,0.55766386,0.22151232,0.626054,0.7535123,0.49025348,0.7004706,0.36124146,0.30384567,0.29516703,0.5323999,0.1522415,0.33788732,0.5266108,0.19823338,0.85365814,0.25872067,0.15026233,0.94052386,0.3627615,0.17836648,0.67276233,0.55401236,0.3901373,0.46890816,0.48513734,0.7289707,0.41467902,0.660927,0.699679,0.3232415,0.7772564,0.3118098,0.40656444,0.33899567,0.24011649,0.4776165,0.27251548,0.47049147,0.90663064,0.14947066,0.28302085,0.3937196,0.5577827,0.9483416,0.5528248,0.11978317,0.28381652,0.19736649,0.16886649,0.523929,0.918555
BC2026_Train_0015_S18_20211016_011500_25,0.3672299,0.476625,0.2012631,0.78303844,0.55523646,0.2118026,0.2254881,0.17310154,0.4698578,0.61009365,0.57913953,0.28877592,0.58183116,0.5834772,0.5754022,0.45370516,0.23013848,0.36533535,0.5524364,0.29999167,0.55209994,0.6116531,0.18316741,0.45564473,0.76008016,0.57779896,0.40169406,0.48362133,0.26274636,0.37674633,0.5552088,0.6268745,0.45157963,0.70055884,0.66758585,0.6305755,0.49969313,0.45763585,0.4300463,0.56429315,0.40851295,0.4300463,0.57068586,0.6268745,0.45931816,0.45931816,0.5326661,0.37318483,0.32709002,0.37284836,0.57068586,0.57068586,0.57068586,0.525264,0.53905886,0.4920109,0.71522343,0.74424684,0.4276514,0.37995842,0.68078583,0.19647285,0.41545972,0.42030475,0.6923293,0.5906635,0.4242947,0.60672903,0.103146344,0.22498384,0.27414635,0.6573758,0.38621998,0.23105334,0.5160533,0.53374714,0.74551,0.24858876,0.24372001,0.18078251,0.16398928,0.74722,0.38107416,0.21799085,0.5116992,0.55365753,0.6586483,0.40245908,0.3585117,0.16415751,0.6431159,0.80014294,0.24372,0.29565334,0.47520334,0.21759501,0.12932417,0.37592834,0.113095,0.46934503,0.64707416,0.2638323,0.43819293,0.6417067,0.65045345,0.5174981,0.8707794,0.81122625,0.30972522,0.67327833,0.4634075,0.1950325,0.37276167,0.71271724,0.24106793,0.31061584,0.9187148,0.16448407,0.95313257,0.24213667,0.21591271,0.29913667,0.7575117,0.55365753,0.5764191,0.15356897,0.23303251,0.7206399,0.92231685,0.22201844,0.13011585,0.1974075,0.21799083,0.43767834,0.43364084,0.29042837,0.22709501,0.284095,0.33872,0.55365753,0.32526165,0.3589075,0.33753252,0.27894917,0.46974084,0.31892833,0.65142834,0.3265481,0.26066166,0.1831575,0.31026354,0.36499342,0.57666534,0.92083263,0.41867834,0.6846784,0.3404419,0.92714614,0.49262,0.46982,0.3321294,0.41947,0.26153252,0.55247,0.32011583,0.3969075,0.25876167,0.72703254,0.6851277,0.44599086,0.47106686,0.44876164,0.84150755,0.74207413,0.42050907,0.77690756,0.40591273,0.6328242,0.80141956,0.18869916,0.5116992,0.8928274,0.4634075,0.60862887,0.18632416,0.39294916,0.8263867,0.5057518,0.78007424,0.29438666,0.3062617,0.31348562,0.6123002,0.15940751,0.464595,0.5453747,0.20865314,0.85172004,0.20057417,0.13644917,0.9197045,0.55150425,0.22194918,0.6150117,0.47251168,0.43094918,0.50932413,0.4974492,0.7064493,0.36167833,0.6408992,0.6557825,0.26747,0.5519554,0.39822167,0.4299398,0.40100437,0.27736583,0.5461367,0.33255488,0.52713674,0.9208841,0.14515752,0.2968052,0.31530645,0.5584669,0.92938244,0.588095,0.14001168,0.36096585,0.22234501,0.13605334,0.60511583,0.90539503
BC2026_Train_0015_S18_20211016_011500_30,0.36692336,0.45674998,0.22429942,0.7787451,0.49831703,0.28670126,0.33543158,0.21794036,0.46866912,0.63430756,0.6474294,0.3345232,0.59393257,0.5925049,0.5834205,0.45011568,0.28617013,0.35403574,0.6355401,0.27670726,0.56320155,0.62006295,0.2497567,0.3296326,0.75657845,0.5806306,0.44787487,0.62644506,0.37291378,0.39856377,0.51373404,0.5399777,0.38857153,0.62308294,0.6557194,0.5756423,0.45855483,0.4040486,0.30714855,0.5369496,0.32329857,0.30714855,0.54233295,0.5399777,0.3562715,0.3562715,0.48513505,0.26038086,0.2506236,0.30613923,0.54233295,0.54233295,0.54233295,0.38352463,0.52551,0.55212986,0.69611174,0.76172435,0.45141473,0.30651894,0.7437466,0.21616702,0.39273345,0.42150062,0.6267451,0.5527243,0.4030201,0.63935447,0.1192638,0.1791138,0.27209502,0.5216942,0.30962598,0.34485516,0.50160515,0.45861766,0.5696885,0.2728333,0.22848015,0.14322755,0.13637963,0.7731468,0.43391764,0.25341767,0.57008433,0.5308968,0.4723135,0.5605349,0.35752183,0.18810515,0.47666764,0.85401565,0.22689682,0.2571385,0.49512336,0.084792644,0.12002182,0.36306345,0.11250098,0.40066764,0.6464802,0.2129239,0.40209267,0.6702935,0.76566523,0.49469784,0.8836239,0.8297115,0.42870256,0.51268846,0.5744385,0.3131885,0.31912598,0.5832745,0.30835587,0.31279266,0.9390406,0.20173173,0.93389475,0.26410514,0.21975203,0.22966765,0.6999177,0.58710515,0.5997644,0.14967963,0.16950098,0.70065,0.89710206,0.28887442,0.13150099,0.19918849,0.19127183,0.5877187,0.62069166,0.41531348,0.13902181,0.23283431,0.2553968,0.47073013,0.40541765,0.3583135,0.28073016,0.35673016,0.658751,0.3036885,0.547126,0.4054869,0.2409885,0.14654264,0.4430614,0.29332757,0.7595203,0.9163395,0.42560512,0.59620935,0.33305934,0.93551767,0.4124833,0.31848276,0.29102182,0.4271885,0.19537859,0.53406346,0.42916763,0.35910514,0.24668849,0.5740427,0.5883214,0.54870933,0.49267912,0.4204593,0.79218644,0.72089684,0.45852858,0.7817364,0.33775985,0.649251,0.6479646,0.19879265,0.49210516,0.8614177,0.5783968,0.57816917,0.23798014,0.3183343,0.7414802,0.5689463,0.6243135,0.314376,0.35910517,0.45729157,0.55389476,0.15406348,0.5146677,0.4090791,0.27483225,0.7976885,0.24352181,0.13625099,0.8185489,0.5211197,0.21937597,0.53920937,0.27439684,0.46518847,0.5673135,0.5558343,0.7260426,0.41650096,0.6322895,0.5677093,0.4620218,0.7021972,0.31941098,0.36850622,0.42827705,0.26054266,0.57048017,0.26793486,0.6148135,0.91685617,0.16514681,0.28223434,0.3243312,0.57885206,0.9099073,0.7410843,0.19879265,0.30946767,0.21700099,0.16870931,0.4489593,0.8907094
BC2026_Train_0015_S18_20211016_011500_35,0.37565845,0.43237498,0.14979097,0.8072431,0.48818165,0.164201,0.22428286,0.17886098,0.47864532,0.5787081,0.5884654,0.3081619,0.58442795,0.4877553,0.53904843,0.43309766,0.18002538,0.3150441,0.612788,0.22259727,0.4509179,0.59731096,0.3922835,0.3287598,0.76251394,0.55767024,0.42544258,0.5654573,0.22796977,0.28675103,0.49348146,0.6072043,0.39759085,0.64825225,0.61258775,0.57692313,0.47598565,0.40129188,0.3387106,0.53520226,0.3457762,0.3387106,0.54798764,0.6072043,0.40263772,0.40263772,0.4601721,0.27848458,0.26334396,0.32962626,0.54798764,0.54798764,0.54798764,0.4251804,0.5119867,0.45050937,0.67787397,0.75222224,0.41446757,0.27895898,0.67766213,0.18251914,0.41102678,0.44706148,0.6069514,0.6801806,0.3911035,0.57568,0.08653852,0.15778852,0.33658323,0.45086682,0.2062468,0.1539968,0.3962468,0.27510196,0.7362676,0.2066822,0.23989263,0.13812387,0.1451796,0.6254343,0.3242051,0.18526763,0.4366218,0.42791343,0.46274677,0.41771087,0.31747594,0.15320513,0.52964264,0.790675,0.11243428,0.27091607,0.33180508,0.12312178,0.077600956,0.30758008,0.1765593,0.41841346,0.71093434,0.17840785,0.3511416,0.58008766,0.78188944,0.4014124,0.91884583,0.7935249,0.3157838,0.53993434,0.33568427,0.22485095,0.34993428,0.6102977,0.23929885,0.3360801,0.9266635,0.15789574,0.90895,0.3024343,0.15575823,0.30164263,0.77941346,0.5427051,0.61884177,0.118916065,0.105309285,0.63116395,0.8888416,0.17068115,0.07958011,0.23830926,0.1983301,0.266552,0.38397592,0.38595513,0.1674551,0.20505929,0.22801763,0.57001764,0.3503301,0.3135176,0.34597594,0.36378843,0.39347595,0.17933011,0.5007468,0.2831473,0.21876502,0.23593429,0.33654326,0.2476114,0.7178812,0.93349165,0.33726758,0.60049677,0.22316867,0.9295332,0.42409366,0.31027177,0.24947178,0.19278845,0.1825364,0.5423093,0.23197594,0.31628844,0.23197597,0.6135593,0.57934344,0.41762176,0.3926645,0.3990176,0.8448447,0.5648718,0.3620072,0.83859056,0.40322337,0.47937176,0.7156151,0.1520176,0.35547596,0.81226766,0.55299675,0.6485707,0.15122595,0.31074682,0.65908015,0.5263869,0.6962884,0.42791343,0.34518427,0.29236034,0.543477,0.13816345,0.33330926,0.3828577,0.15081826,0.7809968,0.20585093,0.104517624,0.9045958,0.5811485,0.2066426,0.5632885,0.41287178,0.35151762,0.39149675,0.6582885,0.6523509,0.3879343,0.61783427,0.57872593,0.25651762,0.55556965,0.35257843,0.40149155,0.3389103,0.28778845,0.55101764,0.20675147,0.4948093,0.9155327,0.10689262,0.28069118,0.3453624,0.53460044,0.90776247,0.5870384,0.10847595,0.20531657,0.15043432,0.14370511,0.4298926,0.9176385
BC2026_Train_0015_S18_20211016_011500_40,0.3947098,0.4095,0.15198432,0.7921385,0.57779473,0.14793374,0.18923025,0.15077306,0.4435928,0.5870249,0.5527062,0.17136432,0.46176153,0.53614795,0.48768115,0.41091818,0.30233434,0.33635622,0.5556217,0.20230678,0.6616061,0.6188758,0.30683482,0.37999687,0.82934684,0.56591976,0.39486912,0.47105247,0.18569623,0.23557127,0.51200867,0.5799732,0.38213578,0.6220305,0.60621697,0.55541176,0.47264305,0.42183784,0.33570454,0.504943,0.34512538,0.33570454,0.5449816,0.5799732,0.39458475,0.39458475,0.44202533,0.25966492,0.2613472,0.33065766,0.5449816,0.5449816,0.5449816,0.41073477,0.48980245,0.4449846,0.7061775,0.73078436,0.4212427,0.2833116,0.63958734,0.19955622,0.40146092,0.44688284,0.60608095,0.5542427,0.34187815,0.6936822,0.115158744,0.19959,0.34722,0.55225146,0.35879263,0.15612598,0.3999593,0.29536036,0.7364177,0.27143222,0.2764593,0.17804524,0.15188067,0.6156885,0.32554263,0.2194593,0.44548014,0.44073012,0.50920933,0.51696765,0.4023343,0.19333431,0.49575096,0.76276034,0.14504263,0.2537187,0.3614843,0.09556347,0.06943847,0.29387596,0.17710513,0.43518847,0.5899593,0.17404537,0.32564157,0.593601,0.7118625,0.4178609,0.93277085,0.8490125,0.3013275,0.57689685,0.42687598,0.2669593,0.36987597,0.55285096,0.25879526,0.31762597,0.90547806,0.16621973,0.9204604,0.24637598,0.14598276,0.2099593,0.7609594,0.50445926,0.59184104,0.11722545,0.24637598,0.6463556,0.8915844,0.19986555,0.09437597,0.14623013,0.19808432,0.43698952,0.39964268,0.2859593,0.16760513,0.20204264,0.22025098,0.44627178,0.33227178,0.30218846,0.3488968,0.34335512,0.38254267,0.27131346,0.593126,0.33194527,0.21132493,0.1375218,0.3907245,0.24623743,0.7173682,0.9249531,0.33306348,0.6825843,0.29229268,0.96509063,0.5124156,0.31572598,0.2422395,0.2705218,0.19318587,0.6101468,0.2669593,0.2396468,0.2859593,0.5032718,0.6702749,0.35760513,0.43232858,0.31643847,0.8525354,0.63666767,0.34784782,0.8832718,0.39413068,0.44191763,0.77704996,0.14306347,0.41262597,0.7609593,0.39600098,0.6181129,0.18660514,0.3310843,0.842501,0.5600343,0.81320935,0.28675097,0.46250096,0.30916503,0.5482385,0.118917644,0.50881344,0.5556604,0.16933493,0.844876,0.18106347,0.12010515,0.90112394,0.48224118,0.12445931,0.7146468,0.398376,0.32118845,0.36948013,0.46923012,0.71148014,0.39006346,0.6828218,0.5210843,0.22618847,0.67768586,0.34603095,0.39077595,0.37371555,0.20877181,0.49970928,0.34601712,0.56106347,0.92162615,0.13831349,0.19524223,0.32568118,0.5363338,0.93761975,0.5321677,0.107438475,0.2627041,0.22460514,0.17433432,0.5753135,0.94185525
BC2026_Train_0015_S18_20211016_011500_45,0.29525074,0.41887498,0.17286754,0.78692776,0.5527924,0.16205986,0.1674169,0.1456144,0.42117375,0.59852093,0.5668939,0.23524691,0.4729547,0.48623526,0.4617074,0.4106835,0.38028812,0.31919128,0.5885361,0.2022819,0.56061006,0.6151163,0.16145909,0.40878814,0.7734694,0.48698503,0.3836847,0.7952349,0.18165362,0.32949737,0.51396847,0.5408851,0.3773664,0.58159655,0.6149059,0.56275487,0.45138717,0.40562886,0.3033455,0.48671532,0.30031744,0.3033455,0.53314656,0.5408851,0.39889967,0.39889967,0.444658,0.255232,0.23706324,0.303682,0.53314656,0.53314656,0.53314656,0.34069243,0.47864032,0.42536992,0.7081515,0.7398236,0.45225853,0.38639683,0.69085807,0.17918503,0.38728845,0.44240034,0.6630319,0.48751938,0.43871313,0.5877543,0.06943487,0.17630985,0.36523637,0.51691735,0.24717316,0.13554814,0.41658983,0.38321123,0.7732357,0.24780647,0.21471483,0.1877091,0.07740023,0.6121315,0.2515273,0.17790231,0.3477148,0.45419398,0.6616106,0.3600153,0.3524648,0.13000648,0.65092313,0.80248773,0.09952731,0.22795546,0.33670074,0.081318974,0.06350648,0.27923566,0.13831899,0.38373563,0.55354816,0.16119815,0.41315594,0.6292473,0.7800582,0.23060752,0.9376055,0.7812908,0.2389497,0.6244023,0.45419398,0.27765232,0.390069,0.60705894,0.28418356,0.31406897,0.8739554,0.10256533,0.928996,0.24123564,0.14703722,0.276069,0.853194,0.4929856,0.6639397,0.132332,0.11298565,0.71766067,0.91680443,0.14596845,0.10071481,0.17790231,0.17038149,0.32744816,0.28034398,0.16840231,0.11298564,0.22896482,0.32079813,0.47517315,0.32436067,0.22619398,0.31921485,0.2772565,0.4367773,0.18819399,0.63311064,0.34762573,0.20305753,0.14029814,0.35937214,0.2781372,0.63018155,0.95072734,0.32950646,0.684569,0.243769,0.9440774,0.4276534,0.2791664,0.2392367,0.27646482,0.18669973,0.7752148,0.27883983,0.25944397,0.21511064,0.71821475,0.71977246,0.40273565,0.40623873,0.5266315,0.8298398,0.5009023,0.38681325,0.8073564,0.26186845,0.55315226,0.66878515,0.15177733,0.45023566,0.8411211,0.39679816,0.6328732,0.15652733,0.3722565,0.7281107,0.5756852,0.7506731,0.36354816,0.30061063,0.22341326,0.47202626,0.13238148,0.50565225,0.51233196,0.15514189,0.8380534,0.19927731,0.08765232,0.94668984,0.5006846,0.2135273,0.6505273,0.4498398,0.29150647,0.35919398,0.51594394,0.80411065,0.3722565,0.5823846,0.61727726,0.22540231,0.73503774,0.43885148,0.42929608,0.30298567,0.1280273,0.46883982,0.2214044,0.49298564,0.93298614,0.08646481,0.22176066,0.3061919,0.545394,0.90101063,0.5998606,0.08013148,0.22516483,0.15494399,0.11298565,0.56542313,0.94836813
BC2026_Train_0015_S18_20211016_011500_50,0.29944566,0.43275002,0.18970078,0.8050112,0.46548513,0.13513729,0.22149608,0.15275766,0.4277114,0.57319605,0.5469523,0.25450268,0.57487833,0.46896926,0.46987772,0.4560997,0.2608195,0.28914136,0.54787487,0.19082528,0.61146545,0.62054986,0.27252904,0.250132,0.81094867,0.5502924,0.3267988,0.72514266,0.18928728,0.27264977,0.45601597,0.5421493,0.34262952,0.6074222,0.5811785,0.5926181,0.44323057,0.38199514,0.26087016,0.49571806,0.26793578,0.26087016,0.5081671,0.5421493,0.39175245,0.39175245,0.45029622,0.24572954,0.21780348,0.28442222,0.5081671,0.5081671,0.5081671,0.3241243,0.47653994,0.4190052,0.7032769,0.7440528,0.55793405,0.32934415,0.71455526,0.17799136,0.40259808,0.44287214,0.6793578,0.42433822,0.443932,0.58968246,0.086331025,0.17824353,0.35089654,0.47440404,0.3207686,0.11849776,0.46168524,0.30572695,0.6881019,0.2531207,0.20360193,0.1832858,0.069889426,0.52383107,0.3029561,0.18737274,0.35481024,0.41537276,0.6275394,0.563078,0.34016442,0.10503943,0.5250186,0.84029984,0.08603943,0.25628734,0.41308683,0.13353941,0.06703943,0.26416442,0.29662275,0.4351644,0.5424352,0.14643964,0.39993528,0.6201927,0.71634656,0.40508112,0.94293946,0.7753238,0.26858786,0.61685187,0.5974561,0.2269561,0.42012277,0.6409691,0.21170664,0.35006025,0.94713527,0.14454359,0.940228,0.27841443,0.16725454,0.32828942,0.7949769,0.5036436,0.75113636,0.07726182,0.12562275,0.72207433,0.9065425,0.15261859,0.09197693,0.29187274,0.18341443,0.38109362,0.29563317,0.3195811,0.090393595,0.25624776,0.27643526,0.4387269,0.2982061,0.32868525,0.3852894,0.18381026,0.3884561,0.23685193,0.5741019,0.39947018,0.21187484,0.16243526,0.18950632,0.2986514,0.83133775,0.9012582,0.35916442,0.7166019,0.29349568,0.9249884,0.46685088,0.19876286,0.27237794,0.23447692,0.19977224,0.7276852,0.2459561,0.29662278,0.21587273,0.6778102,0.6598107,0.43278942,0.49928942,0.28514358,0.7138311,0.68256027,0.3171566,0.7866644,0.20208788,0.5479769,0.69853216,0.19331026,0.44308108,0.8983092,0.5052269,0.8237505,0.1521436,0.2875186,0.85910195,0.53683424,0.8719269,0.37697688,0.4078519,0.2443035,0.48921543,0.12285193,0.33581027,0.59692174,0.11851359,0.8373311,0.2685186,0.09751859,0.9070769,0.3059209,0.1735186,0.75539356,0.40824774,0.2720811,0.4197269,0.39993525,0.67662275,0.37776858,0.60832167,0.64297694,0.25031027,0.6938514,0.37289193,0.39399776,0.36146027,0.23328942,0.5388727,0.23677278,0.55272686,0.93118125,0.12799776,0.22517091,0.29828528,0.550817,0.8887499,0.4814769,0.061893597,0.22699568,0.16837275,0.12720609,0.60141444,0.9645677
BC2026_Train_0015_S18_20211016_011500_55,0.34115177,0.428625,0.1899428,0.8068953,0.4615109,0.1477632,0.2141678,0.16208407,0.4621713,0.6469205,0.56818926,0.22961126,0.7989997,0.47846544,0.54611045,0.46377906,0.209464,0.32684836,0.57563657,0.19991352,0.47183913,0.67623764,0.43536007,0.31491402,0.8100619,0.56128067,0.3375062,0.48121315,0.32731315,0.32410693,0.47070327,0.62614703,0.35327932,0.6281658,0.5918283,0.57870644,0.48853558,0.460946,0.30381995,0.49459183,0.323671,0.30381995,0.5585189,0.62614703,0.42629078,0.42629078,0.48146993,0.29574496,0.2614262,0.37010226,0.5585189,0.5585189,0.5585189,0.39836475,0.4713762,0.44121948,0.69357777,0.84449947,0.45003176,0.26970685,0.6532358,0.20501085,0.44203293,0.45747638,0.6412469,0.38580775,0.35018274,0.54867464,0.09610695,0.18231943,0.35671097,0.65465176,0.40183586,0.18016921,0.44102335,0.35653275,0.74383587,0.27871192,0.22648172,0.1935385,0.11978485,0.60846084,0.3210859,0.18016921,0.5423567,0.57798165,0.5399817,0.8257041,0.4948567,0.13385671,0.57837754,0.8177973,0.26606503,0.27787074,0.6406124,0.11960671,0.14850254,0.3404817,0.32187754,0.6100442,0.6227108,0.1315886,0.42180568,0.5594725,0.59647423,0.3442619,0.89272857,0.7696046,0.29461452,0.7382942,0.46714836,0.29021087,0.46358585,0.5993715,0.21684317,0.38046086,0.9012389,0.12466349,0.93007547,0.2533984,0.18863016,0.22727339,0.8459609,0.48971084,0.5747525,0.112946816,0.11960672,0.7223322,0.8840005,0.16402912,0.13464838,0.3262317,0.17937756,0.53234214,0.3210463,0.21064839,0.12594004,0.23875254,0.25419006,0.43864837,0.3309817,0.42400253,0.3487942,0.4544817,0.4354817,0.24904421,0.5019817,0.28620303,0.21428016,0.31356505,0.21267503,0.3794515,0.7729296,0.8894828,0.36106503,0.66744006,0.42608064,0.93039215,0.49131402,0.34553847,0.26084006,0.4200442,0.23290412,0.49169004,0.24350254,0.46239835,0.23281504,0.57046086,0.67742985,0.4889192,0.42299318,0.36700252,0.7141484,0.6357734,0.27380356,0.840815,0.2572874,0.741065,0.6835208,0.19481505,0.4540859,0.8118598,0.47744006,0.6450754,0.19283588,0.33969003,0.8254963,0.4929468,0.75808585,0.39550254,0.33177337,0.28452078,0.7934853,0.13266921,0.41885668,0.47996348,0.16826254,0.8186484,0.19481505,0.10931504,0.90969,0.31529483,0.12712756,0.70306504,0.49881503,0.3832317,0.74462754,0.57362753,0.86179423,0.47902337,0.68928415,0.6227109,0.21064837,0.61453694,0.3955817,0.42482787,0.40017337,0.26052338,0.45052338,0.31022024,0.46714836,0.89166975,0.13939838,0.16960837,0.4664161,0.510027,0.9209317,0.56135666,0.09664839,0.27057755,0.17423171,0.14573172,0.54116917,0.9505243
BC2026_Train_0015_S18_20211016_011500_60,0.416317,0.489,0.26320857,0.83430827,0.55413747,0.24862473,0.2616945,0.22626542,0.46094513,0.657605,0.6360717,0.41431203,0.71984977,0.5659223,0.58812857,0.45573223,0.28627706,0.3698177,0.6394549,0.23122336,0.57858294,0.63409853,0.34704614,0.44765827,0.8551687,0.59451246,0.40035385,0.55606854,0.34516847,0.42959973,0.53544855,0.6545548,0.3954819,0.6219183,0.6340309,0.58759964,0.4947371,0.4967558,0.3638548,0.5236726,0.3995194,0.3638548,0.61317044,0.6545548,0.44729647,0.44729647,0.5388131,0.39110795,0.31641418,0.41735166,0.61317044,0.61317044,0.61317044,0.4540256,0.52030796,0.5477536,0.6946102,0.86664784,0.44417498,0.29413137,0.659155,0.21805516,0.46108,0.46380535,0.7347403,0.44088954,0.40455204,0.6411185,0.116099745,0.23473097,0.27605596,0.65619195,0.33618125,0.16755624,0.43038955,0.28563333,0.6659104,0.19288959,0.21980624,0.18157864,0.17669009,0.7161812,0.3049104,0.19763957,0.48184788,0.53132707,0.7114312,0.7630776,0.41297293,0.14736874,0.69045204,0.81476355,0.33895206,0.27190778,0.5505349,0.08324373,0.09155622,0.2894729,0.31282708,0.4462229,0.66947293,0.18455726,0.47539583,0.5924121,0.6608268,0.3171219,0.89052606,0.7772781,0.34773955,0.70786875,0.48659787,0.24751458,0.4284104,0.6106185,0.27700418,0.43078542,0.9250229,0.14991195,0.9699303,0.2158479,0.19092032,0.20793124,0.72963953,0.51391035,0.56983495,0.113950506,0.22693123,0.67454946,0.9156219,0.18322134,0.20555624,0.38170207,0.18338959,0.447351,0.2972906,0.28155625,0.1861604,0.22020207,0.24316041,0.4711604,0.3619104,0.4869937,0.31005624,0.3512229,0.5234104,0.3539937,0.5863479,0.2858312,0.2298505,0.16993123,0.21281978,0.37975264,0.675925,0.9201146,0.31797293,0.5934729,0.35909998,0.9021635,0.46498543,0.25680676,0.2785875,0.48145208,0.20142968,0.54557705,0.22218125,0.45532703,0.2542437,0.50955623,0.73645383,0.3785354,0.39719898,0.40505624,0.8514177,0.6314728,0.3262557,0.8478355,0.32289112,0.7399312,0.739387,0.16676457,0.3579521,0.88512295,0.51747286,0.60997915,0.18536873,0.41336876,0.9131282,0.5319307,0.7759521,0.30530623,0.34251457,0.32112965,0.7442617,0.11293122,0.3967437,0.54928803,0.20138021,0.8373062,0.19288956,0.1291604,0.9024208,0.4305083,0.21188955,0.75616044,0.5238062,0.27166042,0.7145979,0.48936874,0.81593126,0.528952,0.6767681,0.64018124,0.2004104,0.62019175,0.3690354,0.38337645,0.3227625,0.21624373,0.46838957,0.4461932,0.5487437,0.9108402,0.15805624,0.21820313,0.411825,0.50329214,0.8896552,0.46126458,0.13905624,0.25321457,0.21109791,0.14538956,0.5190562,0.8665385
BC2026_Train_0016_S18_20220204_221500_5,0.41881326,0.239625,0.31852394,0.49106506,0.47414315,0.23778984,0.9029185,0.7049464,0.63630885,0.80655676,0.7089839,0.6894693,0.74633074,0.6019262,0.48199555,0.6098329,0.83397543,0.4174994,0.9382982,0.6149449,0.78149176,0.5167663,0.967854,0.75312656,0.34678382,0.686013,0.42309847,0.47683358,0.11203359,0.41627106,0.38529968,0.34727985,0.36612153,0.5767445,0.36914966,0.46537676,0.39909446,0.30757776,0.6117362,0.39808506,0.39707568,0.6117362,0.33819547,0.34727985,0.29243717,0.29243717,0.34189653,0.2783059,0.2709038,0.2709038,0.33819547,0.33819547,0.33819547,0.5491549,0.36376634,0.42476398,0.46757105,0.6819755,0.45764288,0.6883356,0.6368574,0.2819463,0.8571807,0.66999215,0.37385878,0.49070877,0.5656005,0.68980575,0.32827732,0.35606483,0.1975336,0.33529246,0.39113104,0.18886022,0.35788107,0.22226857,0.73404944,0.45286128,0.38796437,0.4722076,0.4297446,0.18213104,0.868427,0.75173527,0.576381,0.40023524,0.8431332,0.43998677,0.2383394,0.7469852,0.7050269,0.4453602,0.3289852,0.49306804,0.8543503,0.6183394,0.57796437,0.41250604,0.5245269,0.24546437,0.42200604,0.4153036,0.30032688,0.79323435,0.8823702,0.5078821,0.3515477,0.5205685,0.22316907,0.2090477,0.284256,0.88604945,0.41567272,0.21229357,0.64657223,0.4702977,0.6195269,0.8796963,0.79765195,0.22250605,0.7530415,0.71821606,0.27713102,0.29811022,0.7568712,0.18040918,0.22567272,0.45952114,0.7671727,0.7624742,0.6183394,0.2945477,0.43269354,0.39503,0.2587644,0.5664853,0.4726727,0.6887977,0.36975604,0.5573811,0.63536024,0.40300605,0.5656936,0.39271438,0.24506854,0.5055269,0.25219354,0.3742389,0.29354826,0.3800477,0.53743804,0.41614774,0.15088001,0.37925604,0.38558936,0.50315183,0.6220998,0.23992272,0.17819251,0.7567236,0.37603,0.24981856,0.247117,0.40063104,0.29375604,0.7097769,0.8871498,0.4453602,0.13524461,0.38756853,0.34167168,0.38242272,0.19796439,0.22013105,0.26003107,0.8090361,0.29547796,0.64565194,0.17938001,0.6017144,0.27633935,0.7596519,0.46554774,0.2228821,0.26169357,0.5292769,0.38044357,0.31179616,0.4437769,0.8059644,0.55619353,0.55251235,0.4065092,0.35669354,0.21419355,0.2513821,0.29047757,0.28900605,0.3915269,0.81506854,0.3642144,0.8033243,0.44258937,0.18727687,0.5043394,0.29652688,0.6230894,0.60211027,0.40023524,0.38994357,0.6494321,0.57242274,0.5209644,0.83196074,0.73072445,0.51249355,0.45824462,0.5605477,0.41250607,0.45464253,0.38163105,0.62041754,0.6575269,0.33354422,0.1960248,0.24317846,0.43388104,0.8100613,0.14888106,0.3620571,0.10454771,0.3594644,0.3523394,0.55183935
BC2026_Train_0016_S18_20220204_221500_10,0.5253857,0.26174998,0.25235885,0.6289983,0.42492637,0.21270937,0.8853716,0.64197767,0.639286,0.8388058,0.7274381,0.6611558,0.75099015,0.4877665,0.43326023,0.61321497,0.7283524,0.28385133,0.9391239,0.68939114,0.7731692,0.46867445,0.9407732,0.76993465,0.38983572,0.5805087,0.4446157,0.34452188,0.12934688,0.42788434,0.40295523,0.41742295,0.38108546,0.5691657,0.36796355,0.44467607,0.41876876,0.2724094,0.6542896,0.3945438,0.41876876,0.6542896,0.39185214,0.41742295,0.32994378,0.32994378,0.34945837,0.34340212,0.28889588,0.267699,0.39185214,0.39185214,0.39185214,0.6280459,0.36291668,0.393289,0.44355935,0.7651649,0.3799775,0.46643046,0.6558566,0.18980135,0.7887705,0.6830553,0.4525357,0.57912326,0.49207947,0.6184256,0.30284062,0.3527156,0.18492188,0.28669822,0.39795813,0.114541456,0.3928123,0.28183055,0.6477764,0.45149457,0.47237477,0.3745248,0.3025326,0.23091646,0.8602914,0.44902065,0.69958305,0.5574789,0.81093097,0.6087294,0.24516645,0.44822899,0.4604998,0.38014564,0.25941646,0.45250395,0.7711201,0.48504147,0.46485397,0.3168123,0.35679147,0.21270813,0.39479148,0.49388695,0.15902324,0.79312646,0.6840902,0.27216235,0.39677066,0.3785623,0.21028365,0.24872898,0.2253748,0.8168606,0.4747498,0.23614146,0.38194668,0.40072897,0.64456224,0.8499844,0.6164581,0.14422897,0.6051372,0.50997895,0.2550623,0.19845812,0.646676,0.17754823,0.24477063,0.4327717,0.56302065,0.7517891,0.62002057,0.47158313,0.5832081,0.44745713,0.15776646,0.6160622,0.38133314,0.49770814,0.31245816,0.6413956,0.5273956,0.39360398,0.46485394,0.23883313,0.21468729,0.41972896,0.20716645,0.38019514,0.29907897,0.44229147,0.34618178,0.30340347,0.1961326,0.46287477,0.374604,0.3116665,0.5278706,0.26574978,0.22539459,0.6173587,0.44947585,0.6227914,0.22109981,0.2431873,0.26654145,0.48464563,0.6853331,0.37895814,0.16817687,0.25189564,0.30446228,0.27089566,0.33264562,0.27168733,0.24115865,0.730854,0.22768052,0.8728473,0.13597584,0.43754148,0.25308314,0.55154145,0.48424983,0.33576286,0.25110397,0.4185415,0.4213123,0.28337428,0.38964567,0.8302081,0.4379373,0.6428206,0.54198205,0.3179998,0.1564998,0.25777376,0.28460988,0.3073123,0.32591647,0.60972893,0.5744997,0.85711056,0.331854,0.2277498,0.5523331,0.16877063,0.7736039,0.2503123,0.45139563,0.79315805,0.44003522,0.5531247,0.61843723,0.6490946,0.6424723,0.53525287,0.22875917,0.5392706,0.5547081,0.45023784,0.30295816,0.48713937,0.5163123,0.28965673,0.31119147,0.29347795,0.29583314,0.7819165,0.14858311,0.2933592,0.0698123,0.28514564,0.26772895,0.54797894
BC2026_Train_0016_S18_20220204_221500_15,0.49472022,0.330375,0.2608557,0.65318227,0.44329166,0.16290234,0.87215006,0.59566534,0.6478164,0.8153726,0.69963104,0.60609555,0.6831445,0.48151135,0.4533498,0.6185677,0.64526564,0.24984789,0.8983422,0.4673222,0.7666188,0.39071065,0.8331577,0.7748219,0.34051353,0.44542918,0.42957902,0.46998984,0.17537108,0.47283983,0.40521917,0.4486223,0.40454626,0.61920667,0.38570458,0.4805858,0.42406082,0.2642431,0.6545349,0.43146288,0.4082473,0.6545349,0.4371827,0.4486223,0.34297433,0.34297433,0.38402227,0.3352358,0.30327225,0.28644934,0.4371827,0.4371827,0.4371827,0.6094494,0.41464,0.3870339,0.43293983,0.76124483,0.37034947,0.4613446,0.4564996,0.22954167,0.724561,0.64078283,0.31700104,0.5700573,0.30239478,0.6989581,0.31644607,0.42296484,0.18392108,0.24811608,0.42875054,0.13702138,0.3863964,0.3417365,0.39985472,0.35162246,0.71493804,0.53342867,0.3431417,0.12791722,0.8297298,0.61914635,0.54275054,0.47902137,0.70620996,0.7739964,0.2799172,0.41925058,0.38718808,0.42518803,0.42281303,0.48124796,0.72620946,0.49445888,0.4885214,0.26131308,0.3115839,0.34325057,0.4647714,0.42137083,0.23036881,0.75360304,0.83567387,0.37770787,0.42875057,0.5257297,0.19993912,0.29654223,0.2272714,0.9393597,0.41727138,0.20427349,0.41472816,0.3519589,0.8095422,0.83957905,0.85347974,0.11050056,0.4476813,0.3709589,0.18254223,0.2462714,0.7865812,0.1303615,0.3519589,0.54349273,0.60014635,0.695945,0.5162297,0.4730839,0.61162555,0.28648806,0.13541827,0.1928339,0.3543339,0.55779225,0.2830839,0.6571464,0.646063,0.29139638,0.5102922,0.3001047,0.2248964,0.42716724,0.20035473,0.37018704,0.27769068,0.4885214,0.58118856,0.26560783,0.19300213,0.48297974,0.41964638,0.4683339,0.5511423,0.15087557,0.20294744,0.5219792,0.39170057,0.6235005,0.3604891,0.2272714,0.23281306,0.24627139,0.8127089,0.4279589,0.16154326,0.3745214,0.3151266,0.23716722,0.1809589,0.21816723,0.2514766,0.6876255,0.23432714,0.87958884,0.16217662,0.3915422,0.23637557,0.54275054,0.5356255,0.22631149,0.24785474,0.4402297,0.34483385,0.3352547,0.2545839,0.8717831,0.2890214,0.4917573,0.51925784,0.33612555,0.36225057,0.29474118,0.19863544,0.2723964,0.46081305,0.54987556,0.6452713,0.71763927,0.28031307,0.5419589,0.68920887,0.24666722,0.738688,0.4125214,0.35156307,0.6777297,0.51320153,0.5269172,0.24983388,0.43525216,0.73081887,0.52968806,0.28096616,0.5740214,0.6238964,0.56621355,0.30445892,0.3405391,0.4236047,0.28174067,0.28033283,0.2289042,0.3020839,0.48852143,0.19322973,0.30701202,0.08714639,0.25893807,0.28110474,0.38204226
BC2026_Train_0016_S18_20220204_221500_20,0.5314589,0.297,0.3063986,0.6069641,0.4288193,0.20670937,0.88719296,0.6674857,0.6049045,0.85455656,0.72804826,0.6415784,0.75328255,0.48537403,0.40270618,0.7582585,0.64377654,0.25675052,0.8598099,0.44354358,0.75569284,0.39206544,0.7973401,0.78405994,0.37520367,0.40958178,0.4906732,0.45857814,0.2847281,0.5877385,0.36688957,0.42543328,0.3699177,0.51863223,0.38303956,0.43384477,0.4422562,0.28243852,0.64143956,0.40457293,0.38404897,0.64143956,0.40692812,0.42543328,0.38741353,0.38741353,0.39380622,0.33795413,0.30027083,0.27537286,0.40692812,0.40692812,0.40692812,0.56237185,0.37193644,0.37817836,0.44682184,0.747089,0.35023054,0.42911318,0.4433454,0.18621303,0.7834504,0.6652861,0.36451614,0.5006036,0.3534724,0.76371276,0.28187814,0.6300927,0.19495313,0.19618802,0.38211793,0.11255542,0.34095123,0.15697783,0.50838876,0.42633253,0.6247637,0.5007096,0.25245282,0.24040958,0.79734707,0.42051375,0.67701375,0.26653457,0.7668679,0.6435956,0.2415971,0.30176374,0.3730138,0.23922208,0.17113875,0.48385698,0.6198554,0.63426375,0.59903455,0.30215958,0.31759712,0.2372429,0.5020554,0.53519654,0.3060289,0.65408707,0.83452505,0.43929604,0.35559708,0.3935971,0.15931325,0.2752429,0.20399292,0.8350503,0.5851804,0.21667938,0.33917987,0.34926376,0.8262429,0.8507138,0.8701804,0.17509708,0.49665228,0.3999304,0.18340957,0.23288876,0.7945236,0.20297365,0.17549291,0.77698153,0.52263874,0.82277095,0.42130542,0.34688875,0.6144721,0.38655123,0.13891792,0.20359708,0.4260554,0.6310971,0.27920124,0.61843044,0.6156596,0.24120124,0.47751373,0.34807625,0.22418043,0.50245124,0.25188875,0.25856844,0.3045247,0.42011794,0.43829662,0.29602417,0.14189658,0.43120122,0.79022205,0.4331804,0.5888419,0.21190959,0.12156064,0.43413043,0.30627626,0.5170971,0.3149846,0.21745124,0.25070125,0.17865957,0.7526179,0.1762846,0.09555438,0.33343044,0.30673146,0.21507625,0.16163877,0.2736596,0.24892002,0.61605537,0.276658,0.8432638,0.20442834,0.62318045,0.28236791,0.5677637,0.7751804,0.30844343,0.27128458,0.35124293,0.43238878,0.16616115,0.3631179,0.8179898,0.27999294,0.51616687,0.5512179,0.19963875,0.17786792,0.30805752,0.19133617,0.24318044,0.33263874,0.5994304,0.4600971,0.7860263,0.28988874,0.35599294,0.54163873,0.12601376,0.6374304,0.41061792,0.41299295,0.60813874,0.5209366,0.4482221,0.43674293,0.40882677,0.6746863,0.46172002,0.30890855,0.45455542,0.51115954,0.3261372,0.29661793,0.35832834,0.5281804,0.44166115,0.22451688,0.33083773,0.3453054,0.5839929,0.13630542,0.34617624,0.048034593,0.3001804,0.30295128,0.23407625
BC2026_Train_0016_S18_20220204_221500_25,0.4631674,0.288,0.20141825,0.6156654,0.39663103,0.13018593,0.9097471,0.6316811,0.59769887,0.830528,0.7104124,0.7127676,0.7521332,0.4044519,0.37629035,0.66949695,0.55668616,0.23631853,0.85424906,0.47997278,0.69722396,0.3845868,0.7129383,0.7838946,0.4007279,0.3805998,0.48515144,0.41126713,0.19858593,0.46434847,0.37577137,0.44945574,0.39427656,0.5897589,0.37577137,0.45887658,0.4316235,0.25262764,0.6311433,0.4215297,0.38451928,0.6311433,0.40033284,0.44945574,0.35726616,0.35726616,0.3744255,0.32563904,0.29973173,0.26474014,0.40033284,0.40033284,0.40033284,0.5863943,0.40268806,0.36902288,0.4468922,0.5954779,0.3457229,0.41794372,0.46185148,0.25430918,0.7372357,0.59424096,0.31558418,0.55589455,0.2589404,0.69123423,0.2648484,0.46256718,0.2110547,0.18054241,0.40580037,0.2063004,0.3416754,0.28160766,0.6100504,0.27897537,0.5110921,0.26093534,0.3691363,0.2561754,0.64725876,0.40975872,0.6603212,0.3765087,0.39194623,0.48638213,0.21580039,0.43469623,0.56809205,0.31000873,0.15127954,0.40375197,0.46087068,0.4331129,0.582342,0.29734206,0.11525873,0.19521706,0.47269621,0.5757784,0.1974931,0.77511287,0.87240577,0.38664204,0.42005035,0.3559254,0.13515924,0.20669623,0.13663372,0.78540456,0.37057123,0.17673165,0.26900038,0.33098787,0.63921535,0.82361484,0.72759706,0.14652954,0.4949124,0.28942537,0.18017538,0.3701754,0.7808554,0.19438581,0.30684206,0.54611343,0.5281129,0.82487655,0.43390453,0.44300872,0.47665453,0.24129206,0.15953268,0.2589462,0.25063372,0.5589879,0.23400871,0.5498837,0.66507125,0.14296705,0.3488004,0.24469623,0.23559204,0.27477956,0.1979879,0.31583738,0.447828,0.4010504,0.59192836,0.20823997,0.14693528,0.33415455,0.48734206,0.5004046,0.6309108,0.19957122,0.10476915,0.31787592,0.319766,0.27596706,0.14889465,0.19957122,0.20669623,0.24905038,0.6397379,0.2803212,0.10472956,0.25657123,0.32204205,0.14296706,0.1908629,0.21975872,0.19881915,0.8265712,0.22533998,0.6092587,0.19807695,0.29377955,0.3290087,0.62232125,0.76323783,0.27714464,0.29457122,0.4228212,0.37888372,0.18390611,0.31634206,0.89535123,0.3072379,0.48650092,0.28340873,0.10021705,0.16988371,0.23946133,0.2904617,0.2561754,0.34088373,0.5649254,0.4228212,0.79669696,0.33098787,0.15919623,0.49565452,0.16473788,0.5059462,0.46398792,0.2921962,0.3016962,0.27903476,0.35711288,0.42361286,0.50855875,0.73484874,0.3537285,0.28772327,0.33059204,0.35948786,0.34390193,0.25419623,0.60739833,0.57284206,0.44927,0.12865768,0.27459154,0.44577956,0.5855087,0.121987894,0.2382639,0.065383725,0.46121705,0.32861286,0.24509206
BC2026_Train_0016_S18_20220204_221500_30,0.44333634,0.24374998,0.20136915,0.49628976,0.3999241,0.21977003,0.9199601,0.6008797,0.49963948,0.83774644,0.6950881,0.6829756,0.6045808,0.42174563,0.37814063,0.56505996,0.64714175,0.23854284,0.82439476,0.4179867,0.7325921,0.40920517,0.6657947,0.7932438,0.34630847,0.37534285,0.45520642,0.5484305,0.0990013,0.44848254,0.339757,0.37071118,0.35893515,0.6116154,0.372057,0.46121845,0.38887995,0.23545493,0.58402574,0.41882473,0.3737393,0.58402574,0.36936533,0.37071118,0.28760597,0.28760597,0.34278515,0.2798674,0.24992262,0.23579139,0.36936533,0.36936533,0.36936533,0.5587914,0.38787055,0.36178875,0.42888874,0.5782668,0.3423363,0.36671272,0.41092333,0.26579598,0.6499522,0.5651647,0.26686472,0.6285376,0.24691471,0.75181496,0.22903253,0.35122627,0.1773763,0.17654465,0.44747493,0.13872494,0.44628742,0.25533742,0.55751663,0.37733328,0.5602874,0.39096972,0.2658567,0.19057912,0.70159996,0.40907913,0.5575166,0.34416243,0.5119958,0.3568489,0.22778744,0.46884993,0.45024577,0.30022493,0.1454541,0.37141556,0.4166791,0.4280791,0.62362075,0.24480827,0.06787078,0.22620411,0.4078916,0.45949936,0.24457079,0.8148082,0.8537962,0.535251,0.3425791,0.5159541,0.12988797,0.23530826,0.13516244,0.86330575,0.32437077,0.18671975,0.26617336,0.22659993,0.6053174,0.8565093,0.8702249,0.1145791,0.5048015,0.36949578,0.22066244,0.35287076,0.7634269,0.20061348,0.16484994,0.39024734,0.5013082,0.7548989,0.48191243,0.2950791,0.45578742,0.25128016,0.12611765,0.19018328,0.3964124,0.57216245,0.32239163,0.40472493,0.54524577,0.09399577,0.54524577,0.15534994,0.17593326,0.31368327,0.19374578,0.25404108,0.26307595,0.40828744,0.59374624,0.20831245,0.12336662,0.29507908,0.34574577,0.4173916,0.49980417,0.14862077,0.09549994,0.17981243,0.23479371,0.2891416,0.3203135,0.14782912,0.18305828,0.11022495,0.67191243,0.23689161,0.099240564,0.24164161,0.3098239,0.1680166,0.24520412,0.20997494,0.1625541,0.6909124,0.15283641,0.4573708,0.19848588,0.31130826,0.33743328,0.4767666,0.66122496,0.20949994,0.18464161,0.41541243,0.46568328,0.17314264,0.35762078,0.8750383,0.44509995,0.5354192,0.31077388,0.10705827,0.14505826,0.2701515,0.37067434,0.30418324,0.28478745,0.74909997,0.45459992,0.81656575,0.45499575,0.21828744,0.4692458,0.13397494,0.44747496,0.3809749,0.48468325,0.2060166,0.20949994,0.38255826,0.2982458,0.39167234,0.69637495,0.47698432,0.2938916,0.3504958,0.25589162,0.315989,0.27093327,0.40373534,0.44668326,0.3864879,0.109631196,0.19476506,0.35999575,0.5286207,0.21472493,0.27786037,0.049266607,0.30299574,0.3120999,0.5432666
BC2026_Train_0016_S18_20220204_221500_35,0.37303644,0.21074998,0.2916472,0.55811465,0.4242636,0.17386405,0.9139102,0.6784061,0.5105807,0.8294759,0.72248214,0.71743524,0.7133978,0.4112807,0.39038664,0.5716872,0.6495521,0.23723236,0.87349904,0.4845935,0.73843455,0.40586227,0.6984114,0.76840115,0.32184172,0.39754486,0.4807762,0.44746405,0.084801555,0.43677655,0.3505262,0.31620747,0.34110537,0.54769075,0.3868637,0.38551787,0.3619658,0.19743767,0.5325502,0.40469602,0.3434606,0.5325502,0.34413353,0.31620747,0.21190538,0.21190538,0.299721,0.19440955,0.20887728,0.20383038,0.34413353,0.34413353,0.34413353,0.5012595,0.37710646,0.37948537,0.45067033,0.5632605,0.3613677,0.3908919,0.47991878,0.22440736,0.77066827,0.59426314,0.29904175,0.47894794,0.23847926,0.6858082,0.26542032,0.34700155,0.19025157,0.16997395,0.17756134,0.22941548,0.37983218,0.19200927,0.4732488,0.24077591,0.41466552,0.35935768,0.3034858,0.270978,0.70045716,0.4993738,0.6094154,0.47364467,0.23337382,0.3407337,0.11462384,0.3647905,0.31095716,0.33945715,0.24168631,0.32573164,0.47624728,0.4621655,0.48670715,0.28681132,0.09364466,0.14114466,0.399228,0.5924837,0.14490509,0.7796238,0.80775666,0.425264,0.44831133,0.46137384,0.106222264,0.13639466,0.107103,0.75626963,0.28799883,0.12675613,0.2736004,0.26029047,0.61452967,0.8847665,0.39210302,0.12887383,0.4738129,0.23456132,0.13876966,0.2151655,0.7452764,0.25406602,0.32520717,0.4034634,0.40476966,0.8321613,0.5152072,0.26464465,0.35568634,0.1987384,0.13077384,0.26029047,0.35370716,0.49343634,0.2816655,0.49699885,0.44554052,0.08810299,0.35370716,0.12174883,0.22941548,0.41901964,0.20329049,0.33400458,0.24195352,0.33431134,0.56691295,0.168091,0.11087332,0.26701966,0.4684988,0.3734988,0.52340084,0.216353,0.0897655,0.40256292,0.1819551,0.46612382,0.23049417,0.154603,0.27018633,0.15697798,0.77685297,0.135603,0.06686653,0.266228,0.3838796,0.13243634,0.19022799,0.1629155,0.20880249,0.64979047,0.15211916,0.42574883,0.13682018,0.37151965,0.24247798,0.5342071,0.35410303,0.27472854,0.24406135,0.26147798,0.44514465,0.13986811,0.29551965,0.9213955,0.23456132,0.4936639,0.31018528,0.11620716,0.18508217,0.20444831,0.27116603,0.23891547,0.36756134,0.63633215,0.42931134,0.83389264,0.41743633,0.173603,0.4281238,0.126103,0.45583218,0.51916546,0.27612385,0.09799883,0.19848111,0.25989467,0.16924882,0.4334181,0.6619346,0.32128844,0.23202801,0.5124363,0.29512382,0.3892827,0.21793634,0.46691552,0.53618634,0.36402854,0.14023425,0.20024258,0.33668634,0.47918636,0.14629051,0.25660926,0.046144664,0.30818635,0.27849883,0.29195717
BC2026_Train_0016_S18_20220204_221500_40,0.5282106,0.276375,0.24560784,0.5735861,0.4713226,0.2306099,0.8824898,0.7348856,0.48997754,0.85466474,0.7123429,0.67869705,0.6460606,0.4255682,0.42647663,0.55646735,0.66304445,0.2522288,0.840907,0.50258124,0.7534783,0.3917519,0.7261272,0.78696007,0.37851942,0.42429757,0.56353295,0.46074733,0.14689113,0.54359525,0.39747554,0.4291026,0.3994943,0.60103285,0.40117657,0.4849547,0.40285888,0.25515363,0.6578943,0.42237347,0.39411095,0.6578943,0.4099245,0.4291026,0.29889324,0.29889324,0.35810992,0.30797762,0.28375262,0.26592034,0.4099245,0.4099245,0.4099245,0.59329426,0.39074638,0.4037657,0.47143483,0.48254445,0.3801087,0.40660483,0.5471771,0.26932883,0.7231117,0.5059782,0.24278818,0.4804069,0.23138818,0.6524533,0.38059112,0.36277863,0.27193487,0.21866891,0.4335451,0.25423262,0.40583673,0.12595291,0.5822518,0.32904512,0.36031592,0.41412947,0.3517956,0.3967326,0.78939927,0.63383675,0.58000344,0.5083576,0.38406593,0.43276334,0.23404512,0.4857951,0.40108678,0.3444826,0.27798262,0.50722945,0.5745706,0.4794618,0.64056593,0.27837843,0.06779511,0.13627428,0.40702426,0.63904625,0.23328313,0.79098254,0.8242918,0.34199876,0.44027427,0.42562845,0.09772012,0.1734826,0.11569094,0.79929507,0.35002425,0.13069302,0.3074227,0.29025343,0.8087,0.87561226,0.6548001,0.15764926,0.42555916,0.4568993,0.13706593,0.26769096,0.7951746,0.15761958,0.23364928,0.4424019,0.5463576,0.8269435,0.4679826,0.31835762,0.54398257,0.19006802,0.1426274,0.2851076,0.30173263,0.6381909,0.3159826,0.53012836,0.58673257,0.11727427,0.42246175,0.1497326,0.29817012,0.41058677,0.22494093,0.2753701,0.4271524,0.49252427,0.49773386,0.15858938,0.14362688,0.2934201,0.37179512,0.42444095,0.6867002,0.4323576,0.10797219,0.4860821,0.35627842,0.27244094,0.23446076,0.21821178,0.15646179,0.26096177,0.8163159,0.22177427,0.09031803,0.19960761,0.25552896,0.16675344,0.16912843,0.20475344,0.20064667,0.829893,0.1438248,0.51469094,0.14400293,0.33498257,0.27837846,0.5408159,0.4276076,0.29873416,0.3278576,0.27442008,0.26254508,0.21305606,0.42325345,0.8861251,0.26610762,0.4561769,0.375417,0.17744093,0.1331076,0.22710814,0.27163386,0.17031594,0.30806595,0.66233677,0.45967007,0.8307266,0.3207326,0.24275343,0.47629508,0.2316701,0.45214924,0.25146174,0.24592012,0.123607606,0.35590243,0.34962842,0.5297326,0.33602166,0.64672506,0.45650345,0.40205655,0.51667005,0.2827326,0.44364873,0.36862844,0.26460344,0.5681284,0.3298411,0.19275971,0.21529251,0.42919093,0.62117004,0.15804511,0.2435649,0.10104512,0.32469094,0.37337843,0.40464926
BC2026_Train_0016_S18_20220204_221500_45,0.512212,0.330375,0.36557254,0.6205146,0.5014281,0.34975442,0.9113416,0.71989685,0.580603,0.85717183,0.6896156,0.6606801,0.8175875,0.5074761,0.50929296,0.64463335,0.6323896,0.3154656,0.8669675,0.5805911,0.81611186,0.43678877,0.797212,0.8283667,0.4652687,0.5787542,0.69913954,0.6996315,0.21473567,0.5626732,0.39889923,0.43018985,0.41101173,0.59236276,0.43658254,0.48604193,0.41975963,0.26969922,0.6428315,0.4281711,0.4079836,0.6428315,0.42783466,0.43018985,0.30670965,0.30670965,0.3756836,0.3174763,0.32353252,0.2787836,0.42783466,0.42783466,0.42783466,0.59606373,0.41774088,0.46932164,0.570194,0.5710354,0.45949748,0.45722637,0.47569793,0.27592185,0.85427403,0.6234636,0.3712187,0.64070207,0.3505562,0.7972823,0.4103169,0.45413566,0.31626692,0.2537329,0.4078589,0.17392139,0.39004642,0.23737349,0.57450473,0.39988285,0.6509006,0.4961297,0.38947245,0.2895047,0.7170047,0.4909839,0.73244214,0.5939005,0.48029637,0.34626725,0.1917339,0.45931727,0.69602555,0.36471307,0.3282964,0.47705054,0.59509796,0.6754422,0.48821306,0.35442138,0.085650556,0.19727556,0.36827555,0.59073627,0.3194693,0.84050477,0.9089837,0.4715584,0.42171305,0.6987964,0.12763856,0.2629839,0.13987972,0.91395557,0.45140055,0.15282348,0.44231617,0.38212973,0.5701506,0.94430614,0.53967136,0.121671386,0.52061206,0.31721306,0.2645672,0.25387973,0.87919366,0.24831827,0.32354638,0.5214927,0.5281922,0.86819917,0.6255672,0.47000474,0.535713,0.20936827,0.16932973,0.35125473,0.44150475,0.5816297,0.3354214,0.4494214,0.6481297,0.15769222,0.50127554,0.2237964,0.3496714,0.4957339,0.26852554,0.28947505,0.31016725,0.49771303,0.6031853,0.37023494,0.15658389,0.35283804,0.48860887,0.39202553,0.5253818,0.35481724,0.17552452,0.4157657,0.32928598,0.33185887,0.26733807,0.24398388,0.26258805,0.15531722,0.8967131,0.18619223,0.1454214,0.32235888,0.36355525,0.22221306,0.33225474,0.19133806,0.20402454,0.9281224,0.20323284,0.5115672,0.24941672,0.4197339,0.30692136,0.58479637,0.616463,0.33692557,0.2226089,0.49533802,0.44467136,0.26282555,0.41933805,0.89524055,0.35481724,0.4661058,0.40051618,0.19806722,0.30375475,0.37828025,0.33906543,0.23487972,0.3164214,0.80923384,0.37975472,0.8559328,0.41221306,0.26219222,0.6200256,0.17590055,0.47475472,0.59508806,0.29108804,0.12523389,0.2938589,0.42408803,0.32671306,0.43356827,0.7183506,0.45636827,0.21954118,0.51235884,0.35758805,0.48166198,0.3603589,0.1783943,0.5392756,0.3965998,0.17014119,0.2795792,0.44783807,0.56896305,0.31127557,0.36077452,0.14027555,0.38569224,0.4474422,0.5978589
BC2026_Train_0016_S18_20220204_221500_50,0.4054231,0.29812497,0.3556962,0.6449659,0.564018,0.29065964,0.94046086,0.775899,0.6682324,0.81156355,0.70894384,0.7449449,0.8796964,0.5644325,0.4989072,0.6493882,0.7973618,0.32697323,0.87335664,0.83316666,0.80254894,0.46878225,0.89811695,0.80747527,0.42797008,0.6305181,0.5921903,0.55171174,0.18912837,0.4748409,0.392192,0.43458575,0.3915191,0.5772441,0.41540763,0.5059149,0.40161285,0.24482326,0.5944035,0.43963262,0.39656597,0.5944035,0.43626806,0.43458575,0.32355452,0.32355452,0.36695763,0.30403993,0.27779615,0.2613097,0.43626806,0.43626806,0.43626806,0.59238476,0.43626806,0.4280491,0.47341585,0.5855909,0.4643769,0.6182224,0.775012,0.25429824,0.88747376,0.7035488,0.42797008,0.6536743,0.33819515,0.7701792,0.28709713,0.35799086,0.27569714,0.26292312,0.322955,0.14878832,0.38747582,0.22055292,0.52799666,0.26031438,0.693455,0.4029628,0.40899926,0.27347583,0.67603827,0.43853834,0.6966216,0.59647584,0.55926746,0.3817758,0.21647583,0.59489244,0.6237883,0.45278832,0.31622583,0.45827064,0.71123785,0.52483,0.55728835,0.2600175,0.19312167,0.4812883,0.38351747,0.64307755,0.20844042,0.81735086,0.9133929,0.6331399,0.2600175,0.55095494,0.14948103,0.31424662,0.21132998,0.8699571,0.51453835,0.21138938,0.5933983,0.37718415,0.60360086,0.87974215,0.41993418,0.17570499,0.45480704,0.5022675,0.22003834,0.16699666,0.8444526,0.19643678,0.37678832,0.4637232,0.6443716,0.80895126,0.5751008,0.42112166,0.47693416,0.36768416,0.20046438,0.38233,0.39380917,0.6550591,0.35660082,0.53670496,0.48841333,0.1507675,0.5644133,0.14957999,0.22122584,0.46783,0.223205,0.3008873,0.43068105,0.7801425,0.65451705,0.2616206,0.115498744,0.32572582,0.42270496,0.37678832,0.6990561,0.21647583,0.18037586,0.42827636,0.40311125,0.42349666,0.21959302,0.34512165,0.27585083,0.20460084,0.89913005,0.34155917,0.17740709,0.3241425,0.44304097,0.2196425,0.24180916,0.18005916,0.22595604,0.89438003,0.29232737,0.5137466,0.22811335,0.36530918,0.21568416,0.79003835,0.39460084,0.20028624,0.2505175,0.47455916,0.33087167,0.27680084,0.40330917,0.84862167,0.52562165,0.46422794,0.7221529,0.25685084,0.22597583,0.40038002,0.31772226,0.2481425,0.3637258,0.5632258,0.42033,0.8534817,0.43932998,0.2651633,0.56164247,0.45318416,0.4979133,0.6158716,0.4563508,0.14680916,0.26759768,0.2932675,0.52799666,0.40599093,0.7184242,0.39948937,0.19672376,0.33522582,0.31860083,0.5721815,0.40093416,0.38769355,0.56362164,0.35103163,0.26583624,0.23324928,0.38549668,0.5252258,0.2667467,0.29265398,0.12108,0.29089248,0.34591332,0.53987163
BC2026_Train_0016_S18_20220204_221500_55,0.48584598,0.26099998,0.24214199,0.6091336,0.50259507,0.24966717,0.92821425,0.66207564,0.6610663,0.8276131,0.67822564,0.647608,0.8296319,0.46538827,0.4317761,0.6141197,0.7136336,0.34548876,0.8567759,0.82027006,0.80142844,0.4562558,0.86663765,0.7659825,0.48816687,0.6144774,0.48370838,0.66279846,0.20798594,0.47267967,0.3879097,0.4811087,0.3727691,0.4992774,0.3919472,0.4767347,0.41953683,0.2651024,0.5658961,0.40675136,0.38420868,0.5658961,0.41852742,0.4811087,0.31893578,0.31893578,0.3731056,0.2960566,0.27990657,0.28966385,0.41852742,0.41852742,0.41852742,0.57127947,0.41482642,0.3981639,0.4580734,0.5687586,0.41886243,0.5681322,0.7538572,0.21830752,0.8507523,0.71529406,0.41299814,0.6293211,0.26052314,0.77983606,0.3487047,0.4128297,0.25501093,0.24953349,0.43426624,0.13501625,0.24664126,0.3337147,0.5241204,0.21481627,0.7002662,0.47110847,0.29565528,0.23516208,0.6444537,0.70778704,0.6060578,0.40972456,0.39982873,0.35555476,0.20032877,0.54866207,0.63455796,0.4354537,0.39468288,0.44286573,0.5947668,0.56884956,0.44337043,0.2949329,0.2470371,0.25614125,0.41209957,0.4997293,0.27079695,0.791957,0.9311615,0.52501106,0.30839124,0.49482873,0.21552876,0.2854329,0.14728707,0.83435476,0.49799538,0.20923501,0.56645477,0.45603704,0.8379529,0.8137324,0.6713704,0.092266254,0.5239423,0.49839124,0.19082876,0.4409954,0.8798145,0.24983759,0.26366207,0.44973344,0.7018495,0.80476576,0.49918288,0.4821621,0.5245163,0.41112974,0.19445065,0.20072459,0.4825579,0.38637042,0.16351625,0.44891208,0.64484954,0.19043292,0.4449537,0.2771204,0.28464124,0.5375787,0.21101627,0.2262954,0.38331258,0.5070996,0.46339184,0.2766652,0.1330272,0.39587042,0.4362454,0.28266206,0.58559334,0.16747458,0.15120584,0.36361992,0.32448187,0.5074954,0.3637782,0.26445374,0.31076625,0.2557454,0.7701111,0.26999542,0.1826548,0.2763287,0.36014646,0.2616829,0.22012042,0.2771204,0.1952423,0.9369746,0.2636324,0.5090787,0.17188811,0.20547457,0.33491206,0.8376204,0.5918079,0.46040112,0.29889125,0.5031412,0.29809958,0.16781105,0.42041206,0.8461387,0.33095375,0.49500686,0.43933293,0.15520374,0.13541208,0.29368606,0.22080539,0.23397458,0.35034958,0.5221412,0.3978496,0.84101593,0.35826623,0.21853708,0.5352037,0.34282875,0.50670373,0.5894329,0.34520373,0.20666207,0.33704957,0.35114124,0.31116205,0.53482765,0.7241271,0.39222875,0.21818085,0.4029954,0.25614125,0.47431463,0.38676623,0.4208673,0.65949535,0.29852727,0.28006938,0.2481949,0.5403496,0.61437035,0.12828708,0.32196835,0.10612042,0.33966208,0.28068292,0.29730788
BC2026_Train_0016_S18_20220204_221500_60,0.44877303,0.29137498,0.23076694,0.60012394,0.4530125,0.30869296,0.9250655,0.513291,0.45939034,0.8159016,0.6718974,0.7502923,0.65036416,0.47808418,0.4181273,0.59781283,0.69116557,0.42415625,0.88029116,0.8151696,0.74114877,0.45865828,0.7994814,0.77092606,0.3128281,0.493625,0.49549592,0.37744918,0.14410548,0.44050547,0.35265285,0.37822372,0.34457788,0.5303029,0.38899037,0.44652474,0.4031216,0.23657474,0.5380414,0.43542162,0.3425591,0.5380414,0.4091779,0.37822372,0.29949245,0.29949245,0.34794247,0.2570987,0.2537341,0.22412577,0.4091779,0.4091779,0.4091779,0.5006945,0.42229974,0.38451514,0.43480548,0.6179365,0.43684074,0.59630513,0.89272493,0.24033123,0.7752233,0.6321444,0.42540312,0.44891557,0.2476344,0.63286835,0.33541173,0.36213043,0.24777423,0.22314808,0.43027493,0.22919157,0.35664994,0.24548012,0.5521917,0.2418187,0.8788927,0.6256187,0.35545257,0.20544158,0.64481664,0.74575406,0.5585249,0.35942075,0.5521916,0.4653557,0.19673327,0.3990041,0.4104833,0.23196243,0.33171245,0.5496979,0.52202916,0.6087958,0.46273327,0.31310827,0.22127491,0.23631659,0.49400407,0.4688608,0.31344473,0.79167074,0.8140013,0.50000095,0.59731656,0.6938999,0.14659107,0.22048327,0.16585827,0.8896633,0.3752541,0.16041555,0.40294266,0.2778791,0.7964208,0.89430195,0.8328374,0.1567541,0.5712213,0.2565041,0.2505666,0.27233747,0.79486364,0.119090565,0.17179576,0.38631764,0.59850407,0.8374573,0.582275,0.36614996,0.5442749,0.28755724,0.19873224,0.13102493,0.48410824,0.56921244,0.2280041,0.41404575,0.5664416,0.39860824,0.4001916,0.117170766,0.24304575,0.34873325,0.23671241,0.37235463,0.5214353,0.4085041,0.535816,0.17629836,0.1897567,0.57158744,0.3408166,0.2945041,0.5190604,0.22167076,0.15641764,0.3955208,0.47437075,0.1686291,0.41701454,0.18564993,0.43423328,0.22127493,0.89395416,0.22483742,0.16579889,0.2529416,0.3660906,0.2529416,0.19435826,0.23908743,0.24527232,0.7148791,0.17225097,0.48014995,0.259364,0.29727495,0.27233747,0.6697541,0.7983999,0.5009806,0.40692076,0.5715874,0.6194833,0.1945067,0.3538791,0.8399625,0.2786708,0.45043275,0.44610828,0.2612541,0.18208742,0.30074835,0.2885191,0.2576916,0.35704577,0.5355666,0.42473325,0.74307436,0.31429574,0.33012912,0.5114207,0.2921291,0.4940041,0.3372541,0.29529577,0.26798326,0.47773537,0.3332958,0.6804416,0.37131557,0.5522707,0.50868946,0.19942494,0.43304577,0.26323327,0.5078682,0.3693166,0.62775624,0.5608999,0.3470629,0.17593223,0.27394053,0.47817075,0.36179575,0.17812908,0.36595204,0.0760041,0.42314994,0.3146916,0.28183743
BC2026_Train_0017_S22_20211026_233000_5,0.6283422,0.33375,0.8148513,0.65840375,0.47107556,0.46110582,0.75555044,0.87324363,0.6700901,0.8097203,0.90123695,0.89227027,0.7185401,0.462126,0.41579565,0.7594039,0.47054115,0.4016068,0.82567877,0.69075894,0.4734068,0.82468617,0.3013839,0.85196614,0.37150368,0.39840057,0.39565864,0.78826207,0.73773396,0.9766788,0.2946516,0.3461297,0.3000349,0.26033285,0.28893176,0.23678076,0.30575472,0.4046735,0.4719651,0.24653806,0.35386825,0.4719651,0.2986891,0.3461297,0.41577658,0.41577658,0.28422138,0.36867243,0.4470672,0.46355364,0.2986891,0.2986891,0.2986891,0.4396651,0.29835263,0.59941787,0.25911212,0.85157037,0.71997947,0.9483404,0.96050334,0.3323162,0.43660834,0.7626365,0.87492454,0.6952162,0.80050784,0.75655985,0.44151208,0.9382829,0.4892496,0.2546756,0.26112923,0.8936313,0.59244174,0.45880842,0.23856671,0.39387193,0.09131673,0.84912634,0.6102542,0.14237922,0.8969959,0.65379596,0.5128792,0.7620959,0.44321257,0.8753997,0.47329587,0.23896255,0.21165006,0.61619174,0.5318792,0.80690426,0.64312816,0.76146257,0.79075426,0.63601506,0.84617084,0.54731673,0.31852502,0.50149906,0.4022834,0.9340459,0.65721554,0.65280634,0.36365005,0.5615667,0.5517303,0.2860667,0.2967542,0.6514209,0.3086292,0.102835484,0.2944386,0.34979588,0.4119417,0.5030922,0.5540459,0.6989209,0.6301112,0.31535837,0.31931672,0.3466292,0.83557886,0.35689119,0.34821257,0.6398725,0.15227504,0.46843702,0.89113754,0.51921254,0.8947991,0.9030878,0.57349324,0.14871256,0.52515006,0.8091407,0.62490004,0.9439418,0.61381674,0.43173337,0.21006672,0.11665006,0.94829595,0.44479588,0.17206672,0.5927782,0.7207709,0.3628584,0.40964594,0.30164278,0.59516317,0.18948339,0.8778771,0.4060042,0.60785943,0.4626084,0.14127089,0.41904694,0.22706775,0.8643397,0.78639364,0.41550422,0.2753792,0.85161364,0.6629001,0.43015003,0.17046359,0.3937334,0.63261884,0.34267086,0.26033756,0.3691917,0.36153236,0.9261492,0.27580473,0.89397186,0.48159847,0.8647751,0.23540005,0.13604589,0.4297542,0.4689912,0.5457334,0.36008754,0.35533756,0.24909936,0.1918584,0.47052503,0.10477506,0.87310153,0.694064,0.81608754,0.39333758,0.4859724,0.36085945,0.16731672,0.58571255,0.7847376,0.15227506,0.33293343,0.4079834,0.45904583,0.45271254,0.46617085,0.92593926,0.3759209,0.3248584,0.88165736,0.39067954,0.41471258,0.686848,0.38931987,0.8722959,0.6948379,0.38411468,0.7990667,0.17879589,0.6102542,0.2797334,0.26467195,0.74562925,0.3894584,0.2856115,0.46861517,0.6051084,0.80528134,0.67358756,0.6148776,0.70169175,0.5595876,0.29121256,0.15662922
BC2026_Train_0017_S22_20211026_233000_10,0.6468162,0.316125,0.786925,0.64200515,0.49521035,0.61073506,0.6555213,0.89995813,0.6561941,0.81298363,0.8907055,0.82955426,0.80827326,0.38777548,0.4250214,0.78962445,0.41736972,0.4471166,0.8774095,0.7744533,0.48779073,0.8828434,0.27512872,0.7662968,0.37853846,0.3936791,0.47725657,0.7619433,0.5826308,0.98163086,0.30513135,0.38554487,0.3280105,0.28494382,0.2980657,0.26475632,0.30647713,0.46932298,0.49825835,0.24961567,0.3932834,0.49825835,0.30243963,0.38554487,0.40270424,0.40270424,0.3125334,0.40001255,0.48513648,0.52416563,0.30243963,0.30243963,0.30243963,0.4387053,0.28797194,0.60036665,0.26153085,0.8407135,0.7190185,0.9658444,0.9658444,0.406326,0.47188786,0.7707974,0.9370396,0.73463017,0.85140103,0.83432865,0.6190476,0.9520819,0.48133704,0.15756622,0.42207804,0.8910219,0.7031197,0.51419836,0.22772388,0.4115489,0.1422239,0.8793151,0.6404197,0.20239055,0.8128052,0.6445364,0.52380717,0.7844437,0.48739058,0.8415204,0.4964947,0.2455364,0.12757806,0.5875364,0.29145306,0.70679116,0.6476733,0.8519333,0.79788226,0.55626553,0.7731822,0.5677448,0.30055723,0.5479887,0.46810362,0.95209897,0.69782305,0.5426588,0.43514052,0.6215781,0.5150494,0.121640556,0.3072864,0.6239531,0.45136973,0.103847854,0.3079989,0.33855724,0.27245304,0.46311608,0.45532805,0.7850573,0.57984793,0.50480723,0.24791138,0.47076556,0.7757872,0.4811661,0.31084886,0.58240044,0.14143223,0.4526859,0.88217497,0.4580989,0.9575813,0.8839582,0.6312948,0.2277239,0.72647387,0.89859813,0.73676556,0.93111974,0.56299466,0.47393218,0.10659889,0.10343222,0.93784887,0.36982808,0.14420307,0.7118776,0.64521927,0.35280722,0.37000224,0.6020932,0.37696296,0.19091138,0.8285,0.5115364,0.59761035,0.27839056,0.1253416,0.5127536,0.23637284,0.67642075,0.6959453,0.7151729,0.096307226,0.90628123,0.59703636,0.42682803,0.15398015,0.23445305,0.7024765,0.4323697,0.13193223,0.53291136,0.49341714,0.72528636,0.29846922,0.8499739,0.3713718,0.7438906,0.10422389,0.22495306,0.26968223,0.31875566,0.49886972,0.10620305,0.32549474,0.17709929,0.38605723,0.5099531,0.07176556,0.8740303,0.6935802,0.7870364,0.42841136,0.38886765,0.36260012,0.11491139,0.55864054,0.81136036,0.09076556,0.5274648,0.67580724,0.2692864,0.41693223,0.4549322,0.9121514,0.30016142,0.4133697,0.8016031,0.2676239,0.2585989,0.7447812,0.4641156,0.8796614,0.7218427,0.32238743,0.81316143,0.08443223,0.5623615,0.24632804,0.2424687,0.61999476,0.42820954,0.33966553,0.4165265,0.4893697,0.87077504,0.46126553,0.45633644,0.6302864,0.56457806,0.24553637,0.10224472
BC2026_Train_0017_S22_20211026_233000_15,0.6443005,0.274875,0.8744801,0.64192283,0.44038427,0.42934802,0.6600215,0.9290536,0.5259091,0.8171476,0.8898225,0.9117764,0.69131213,0.37379226,0.38832724,0.75077707,0.48651862,0.29930928,0.825497,0.49364814,0.45216283,0.7121105,0.11507142,0.5908603,0.30518743,0.4019093,0.3433596,0.7732084,0.5760834,0.9731043,0.19881235,0.16314775,0.23279464,0.15507276,0.39093006,0.10796858,0.18232588,0.32801235,0.38218212,0.13084775,0.3243113,0.38218212,0.14935297,0.16314775,0.2772071,0.2772071,0.22943005,0.28191754,0.3576207,0.37478003,0.14935297,0.14935297,0.14935297,0.27788004,0.30782485,0.6089935,0.23697305,0.70525616,0.70244855,0.9190504,0.94630355,0.39888117,0.3696687,0.72496873,0.8356437,0.7006487,0.8374645,0.80595016,0.61487514,0.9499282,0.47316676,0.14594643,0.17375702,0.88348615,0.4266945,0.56137687,0.13140285,0.5517977,0.09340285,0.77067363,0.64371014,0.1887987,0.83875704,0.6269862,0.48725697,0.940506,0.16979869,0.72187644,0.47736117,0.24104868,0.24342369,0.8450903,0.30200702,0.69742477,0.50790966,0.773207,0.87165076,0.55177784,0.38671532,0.38552782,0.17573619,0.6124156,0.5445539,0.92504865,0.5704042,0.5097997,0.27034035,0.42748615,0.4223997,0.069652855,0.19988203,0.52921534,0.2980487,0.10866223,0.5555185,0.13259035,0.465882,0.6309445,0.5925486,0.824507,0.6145802,0.37088197,0.22481951,0.34752783,0.80177987,0.46180487,0.22402786,0.61176646,0.10765286,0.5501945,0.94640386,0.22719453,0.88071537,0.8266049,0.49670756,0.29409033,0.6546945,0.9076637,0.6285695,0.9571112,0.60719454,0.20542368,0.08944452,0.05619452,0.95394456,0.5058612,0.16029869,0.7460726,0.54467267,0.38671532,0.41962495,0.35911587,0.5077612,0.2196737,0.7778185,0.515757,0.49628204,0.34594452,0.19612162,0.36962527,0.1769435,0.49992368,0.6495487,0.8634768,0.23986118,0.79798615,0.61471534,0.45796534,0.30246222,0.29171535,0.61275595,0.31427783,0.271132,0.3657362,0.35137734,0.61234033,0.3527924,0.6400486,0.40574503,0.7620842,0.14129868,0.11161119,0.19315286,0.3274195,0.68794453,0.105673686,0.17969453,0.2374773,0.21571536,0.41521534,0.13575701,0.8822161,0.6088372,0.68636113,0.43896532,0.4060815,0.35502493,0.24461119,0.513382,0.8172038,0.07004869,0.48119682,0.5557361,0.361382,0.3388195,0.45361117,0.8880185,0.47142366,0.24698618,0.25886118,0.41402784,0.19513203,0.6052153,0.50370395,0.8909873,0.75082266,0.4865247,0.76077783,0.07559036,0.6538039,0.25015286,0.2146466,0.6705278,0.3099395,0.26576847,0.42133096,0.4939862,0.7556122,0.4718195,0.46878153,0.69111115,0.44173616,0.2770695,0.18365286
BC2026_Train_0017_S22_20211026_233000_20,0.7031079,0.39525,0.9079354,0.6295164,0.45026335,0.36207083,0.7263656,0.91819745,0.5141277,0.8639771,0.90468854,0.9369045,0.52896553,0.47631425,0.4018224,0.7450772,0.49283522,0.23223831,0.8363265,0.6088134,0.45485005,0.5684384,0.1794204,0.63149565,0.41374767,0.42461333,0.37896004,0.8659271,0.6858229,0.96646875,0.28500342,0.25775024,0.3664263,0.22982423,0.43775547,0.21199194,0.23722632,0.38257632,0.5067295,0.20156172,0.39838988,0.5067295,0.24799299,0.25775024,0.3294159,0.3294159,0.27692842,0.42497006,0.45155028,0.4471763,0.24799299,0.24799299,0.24799299,0.42900756,0.3277336,0.6632875,0.24522083,0.6500998,0.65221053,0.85245377,0.93534034,0.45044148,0.38562772,0.72504693,0.7618633,0.8511831,0.79418314,0.7745599,0.40090206,0.965875,0.4860458,0.20000371,0.1434816,0.6992316,0.78750247,0.60957545,0.1589191,0.53650457,0.090835765,0.5506754,0.6691819,0.15258577,0.80016905,0.64975244,0.6267941,0.9735441,0.25431496,0.6643983,0.56781495,0.31131494,0.23293993,0.9459941,0.4356066,0.5228384,0.51415974,0.6806274,0.81679404,0.56160825,0.54446083,0.29746076,0.1909816,0.5351349,0.50863785,0.952565,0.5080639,0.7217843,0.3417941,0.47479406,0.3591613,0.10350243,0.16446078,0.5697941,0.36158577,0.08119723,0.42052537,0.1909816,0.42531487,0.539503,0.5381275,0.7653358,0.61038285,0.47043994,0.35802326,0.24046075,0.7953993,0.32584202,0.17514828,0.7574884,0.15614827,0.42948106,0.9504671,0.34812742,0.7426149,0.9408167,0.7326162,0.27727327,0.5460441,0.8679556,0.686565,0.95018995,0.6830025,0.15971076,0.19850244,0.04650244,0.9664191,0.40314823,0.1399191,0.7174894,0.63218737,0.2634191,0.5607058,0.3151743,0.23035713,0.20879409,0.8769014,0.6311483,0.40696806,0.35446078,0.3244368,0.40851182,0.2736316,0.47281492,0.5224129,0.83822846,0.2931066,0.70952326,0.6663775,0.30458575,0.12460036,0.21552326,0.6723249,0.20562743,0.24521075,0.30141908,0.30508056,0.6663774,0.3110378,0.42768988,0.42546335,0.8901025,0.13833576,0.11102327,0.19018994,0.2145436,0.41343993,0.26183578,0.35248157,0.20681493,0.27568993,0.5998775,0.099148266,0.8954303,0.5251045,0.6932941,0.23254408,0.46752065,0.4749089,0.13793994,0.56227326,0.6990733,0.076981604,0.49543285,0.78077334,0.48389825,0.30498162,0.46489826,0.9089917,0.64183575,0.33941907,0.33308575,0.214217,0.113002434,0.4641066,0.43802118,0.88250244,0.71553993,0.36928472,0.7867108,0.04214827,0.75928545,0.2230441,0.19020972,0.8025441,0.52470475,0.42335555,0.5115373,0.57493997,0.70127016,0.4918149,0.66128707,0.71229416,0.37583578,0.37187743,0.23887745
BC2026_Train_0017_S22_20211026_233000_25,0.66341364,0.37499997,0.91208375,0.65311164,0.44195443,0.63901144,0.7167865,0.899231,0.59566146,0.8234438,0.86920214,0.9222953,0.6862025,0.45594433,0.40416342,0.81864643,0.42645755,0.23568565,0.769749,0.63651145,0.51235825,0.672849,0.46866372,0.60482,0.40615126,0.42912942,0.47880667,0.8575906,0.7399489,0.97467816,0.24505901,0.28980798,0.32412675,0.19862777,0.39747465,0.24876006,0.26423717,0.36517465,0.4523174,0.23631111,0.29384547,0.4523174,0.22554444,0.28980798,0.3527257,0.3527257,0.25447986,0.44188714,0.42102677,0.39646527,0.22554444,0.22554444,0.22554444,0.33994028,0.35137987,0.6093861,0.25477603,0.62540334,0.64162064,0.82613444,0.91785294,0.44747627,0.40430176,0.7144154,0.77708673,0.7017992,0.84390336,0.83089966,0.6540531,0.9837823,0.49132603,0.30558038,0.30869964,0.63407475,0.92596227,0.39471427,0.29761633,0.45959136,0.09297051,0.5585596,0.48966083,0.14126217,0.75282466,0.6985955,0.68553305,0.96738625,0.27149132,0.64305025,0.40963712,0.24694966,0.210533,0.82407475,0.3708455,0.50752676,0.4147632,0.6649497,0.8106164,0.5374914,0.57984555,0.41874132,0.208158,0.647917,0.49026844,0.96340805,0.5784008,0.7724581,0.39578298,0.5948872,0.42111635,0.13769968,0.09415801,0.519283,0.27742884,0.07537572,0.30044657,0.37401214,0.31819966,0.51466167,0.32374132,0.63011634,0.6408019,0.35144967,0.36055386,0.372033,0.88054043,0.548258,0.18955383,0.9157251,0.16382466,0.45780018,0.9478518,0.31265798,0.7462934,0.92940897,0.79337883,0.20182467,0.6324914,0.8596205,0.66019964,0.9432205,0.6673841,0.26278302,0.067637175,0.035178844,0.9412413,0.48365802,0.09732468,0.64990807,0.5492476,0.29326215,0.5116514,0.38321528,0.23802362,0.23072049,0.9299205,0.45238715,0.40239343,0.31107467,0.18211217,0.3427611,0.20633717,0.5481789,0.559569,0.78377885,0.12899134,0.69226223,0.6031997,0.48128295,0.12954551,0.20974134,0.8020664,0.3403663,0.1618455,0.44724137,0.35293403,0.7108664,0.4325163,0.47376215,0.5972918,0.94803387,0.11711634,0.17807467,0.18955381,0.18620905,0.5078038,0.23467883,0.203408,0.25578666,0.25842884,0.6091372,0.062095508,0.8920017,0.4972351,0.7500539,0.3906372,0.44958663,0.35183364,0.23824134,0.63803303,0.76594657,0.09692884,0.41306904,0.8335747,0.37717885,0.5030538,0.34907466,0.89928305,0.74530387,0.32374132,0.545408,0.25767675,0.15709549,0.5913247,0.34149447,0.8554643,0.72535384,0.41719761,0.857958,0.06486635,0.6249844,0.21290798,0.38828194,0.68038714,0.43998572,0.37456635,0.6633276,0.52799135,0.73667467,0.5125539,0.5443155,0.5925122,0.4064705,0.3280955,0.118303835
BC2026_Train_0017_S22_20211026_233000_30,0.6657447,0.306375,0.8837247,0.6314027,0.41359538,0.30781755,0.6736233,0.89452505,0.48843658,0.8549744,0.8758347,0.9068226,0.71637034,0.35382143,0.36381423,0.6902125,0.423036,0.21373914,0.74535775,0.58789515,0.31142738,0.6000077,0.30672392,0.22496103,0.3980985,0.38473916,0.30461437,0.74416447,0.6620884,0.9451092,0.29339156,0.19211756,0.3219905,0.24090403,0.25772694,0.17024778,0.15073317,0.30012068,0.507379,0.19615504,0.30314878,0.507379,0.16116339,0.19211756,0.26815715,0.26815715,0.19951963,0.39870298,0.38827276,0.35799152,0.16116339,0.16116339,0.16116339,0.3707769,0.31828943,0.54329795,0.27504256,0.6919652,0.62220854,0.86245656,0.942315,0.34501725,0.37066728,0.7219298,0.76715386,0.44975474,0.84713185,0.7102973,0.41041753,0.96806765,0.47810504,0.13334896,0.19881664,0.8594625,0.74872804,0.26583123,0.1889208,0.46182808,0.097483315,0.51905566,0.56537807,0.12835832,0.8603174,0.70548326,0.5040042,0.9621813,0.22058746,0.7369224,0.43869165,0.1806083,0.20039998,0.63621247,0.24829581,0.48252028,0.40801454,0.7232958,0.7601083,0.5924017,0.44225413,0.2862958,0.13944165,0.57688886,0.56326044,0.9615875,0.60991806,0.54340935,0.31519163,0.5230041,0.33132184,0.062254153,0.19327497,0.6976933,0.3171708,0.09768124,0.20367552,0.23483749,0.33023328,0.53747183,0.43987912,0.6659,0.53820413,0.38446245,0.42760825,0.31914997,0.6966436,0.36784738,0.2399833,0.70310825,0.17348331,0.6431198,0.9451802,0.11569165,0.71122295,0.9347847,0.76317406,0.11094165,0.49767083,0.85209996,0.66429687,0.9683167,0.66077393,0.25027496,0.20752497,0.05117082,0.9683167,0.24908748,0.17506665,0.8057281,0.5844672,0.3171708,0.5318035,0.29252028,0.33689317,0.22731663,0.7466302,0.5372541,0.37233016,0.36664996,0.2307604,0.25324374,0.20485312,0.5392333,0.40701506,0.6390031,0.12994164,0.70864993,0.71379584,0.37377498,0.23293748,0.20277497,0.6355989,0.33537915,0.2221708,0.40742078,0.31371716,0.6524417,0.35001504,0.4125666,0.37291402,0.83608854,0.11133748,0.14656664,0.15765,0.111802585,0.6005874,0.08006665,0.20871247,0.23189843,0.19406666,0.67064995,0.11014999,0.7508458,0.6104833,0.6936083,0.3527958,0.39007342,0.3639108,0.1972333,0.6678791,0.67914057,0.07610832,0.38342538,0.60771245,0.39277494,0.3092541,0.5016291,0.8602541,0.2399833,0.3183583,0.2815458,0.3884208,0.16754583,0.5677333,0.31706193,0.8543167,0.7719834,0.2784583,0.75773335,0.03929582,0.65083855,0.19921249,0.12728956,0.7664416,0.44667956,0.3219406,0.48777497,0.61127496,0.71549785,0.49014997,0.6965048,0.6726291,0.36506662,0.39396244,0.10381665
BC2026_Train_0017_S22_20211026_233000_35,0.7052686,0.300375,0.8268006,0.5996998,0.41051129,0.24076639,0.58804977,0.8616745,0.4454251,0.8117946,0.87202054,0.8185069,0.39061603,0.34379992,0.35106742,0.62041914,0.38468313,0.21386126,0.76336277,0.4764984,0.33599344,0.6832353,0.28449774,0.25500813,0.33623314,0.34531754,0.35303566,0.6583112,0.49584135,0.9426778,0.30411762,0.23951764,0.36636245,0.22976035,0.25095722,0.18198328,0.19207701,0.35929683,0.5086843,0.2035166,0.36501658,0.5086843,0.19645098,0.23951764,0.3222864,0.3222864,0.2519666,0.4296166,0.44206557,0.42356035,0.19645098,0.19645098,0.19645098,0.43802804,0.32565096,0.4618968,0.24824764,0.6202831,0.5178068,0.839747,0.9115976,0.3259019,0.3584097,0.67434406,0.7478008,0.42992687,0.79128313,0.63784564,0.3775664,0.93889767,0.4773164,0.12656027,0.17448924,0.8397466,0.8822195,0.47212622,0.07196842,0.3396111,0.08146842,0.57693297,0.52093244,0.19388507,0.73103094,0.66373926,0.40011424,0.96449345,0.18398924,0.6341013,0.4282184,0.21723925,0.31342676,0.4412809,0.28651008,0.540645,0.29748458,0.7646174,0.7345934,0.56014174,0.5089684,0.2869059,0.22080173,0.5565713,0.60637313,0.97130173,0.5513919,0.6339295,0.34746838,0.45830175,0.38093612,0.07513509,0.09967675,0.6122809,0.1321351,0.1313632,0.3976007,0.30432257,0.42109343,0.5872148,0.6384059,0.65423924,0.58102983,0.30630174,0.39694756,0.37636423,0.58806586,0.5239704,0.2140726,0.54337627,0.05969759,0.56332624,0.87642056,0.29917672,0.7386309,0.940408,0.78333235,0.32411426,0.55765593,0.80152094,0.70890385,0.96140593,0.72256017,0.2675101,0.08463509,0.02763509,0.95586425,0.3866559,0.11036426,0.58079237,0.64393777,0.2524684,0.68173385,0.51666737,0.2615132,0.18161424,0.58101004,0.45711422,0.5616736,0.36251006,0.32886428,0.3455981,0.23869342,0.43930173,0.53521216,0.68818194,0.23703091,0.7880309,0.5790309,0.36488506,0.1959632,0.113135085,0.73572505,0.3664684,0.2037809,0.5232184,0.45139447,0.72188723,0.285758,0.3838851,0.39158404,0.68897367,0.08740592,0.13173924,0.29126006,0.23392363,0.42782256,0.2702809,0.14401008,0.100814775,0.26473925,0.7191559,0.056926757,0.814532,0.32339856,0.9111351,0.36963508,0.3532278,0.36007968,0.24494758,0.52282256,0.7491204,0.08067676,0.4835599,0.7702184,0.3866559,0.33955172,0.48917672,0.8747185,0.23821841,0.2952184,0.6324684,0.29244444,0.12461426,0.45157257,0.3242528,0.82761425,0.69210315,0.441558,0.7049059,0.04465592,0.5892335,0.21051008,0.27570382,0.70597464,0.34493905,0.3719309,0.3949981,0.58853096,0.7219663,0.45553088,0.63217837,0.6518643,0.38388506,0.30511424,0.08265592
BC2026_Train_0017_S22_20211026_233000_40,0.66899323,0.2775,0.85973495,0.64900607,0.43234667,0.29129243,0.6151465,0.87294096,0.5408565,0.83552676,0.8486486,0.85344315,0.6612413,0.35427448,0.3660842,0.6127249,0.41471228,0.5029483,0.70382917,0.595826,0.4017233,0.7415967,0.15638913,0.32671857,0.33740604,0.37035918,0.3156659,0.725106,0.6085528,0.93153304,0.27792737,0.18573779,0.30114302,0.18270966,0.2486555,0.1494003,0.15612946,0.31460133,0.4999899,0.15108259,0.3277232,0.4999899,0.16992427,0.18573779,0.26783362,0.26783362,0.20794405,0.35800445,0.38458467,0.36540654,0.16992427,0.16992427,0.16992427,0.37078986,0.2873482,0.4542026,0.24533619,0.6549436,0.6293559,0.9450043,0.9251027,0.4061623,0.38791043,0.7180434,0.89038527,0.3819373,0.7459852,0.8711914,0.4861612,0.94584244,0.47796744,0.28226414,0.25278634,0.8364228,0.8700093,0.47292903,0.06436966,0.212728,0.0623905,0.7140905,0.55092806,0.18549468,0.7776613,0.6236822,0.35609886,0.9483843,0.21201548,0.64173216,0.422203,0.23814048,0.21755718,0.57657796,0.18668218,0.4680603,0.31786135,0.8988061,0.714328,0.517203,0.5049321,0.40993217,0.16411966,0.5113486,0.5678103,0.9688489,0.82906514,0.54281044,0.29870299,0.526703,0.38919047,0.080203004,0.0552655,0.65648884,0.21834882,0.044775918,0.21381654,0.14986965,0.31968218,0.4486249,0.44872382,0.60824466,0.53196764,0.26109883,0.32641134,0.14393216,0.7789194,0.4892275,0.163328,0.55016595,0.18034881,0.45198947,0.8642896,0.21280716,0.898252,0.9253112,0.75671196,0.07584883,0.56549466,0.7752468,0.64780825,0.95143217,0.68115723,0.19855715,0.070703,0.047348835,0.96370304,0.2836613,0.12493217,0.68796545,0.5212207,0.23061965,0.63146424,0.3585431,0.31243843,0.23734882,0.5500572,0.30701548,0.37052697,0.229828,0.3381874,0.34208634,0.32674783,0.50651544,0.44223222,0.5373905,0.2254738,0.7075988,0.55203635,0.4938488,0.11711446,0.06674467,0.702931,0.33076552,0.21082798,0.33591133,0.3683004,0.7914165,0.37853268,0.5389738,0.33316028,0.56905717,0.068328,0.11661966,0.20686965,0.28417593,0.52432805,0.22191131,0.14274466,0.13300717,0.3382863,0.72422385,0.07505717,0.7755634,0.5894711,0.8610832,0.2880155,0.2571207,0.36768094,0.255953,0.5864738,0.72808325,0.07584883,0.3945976,0.6446613,0.30503634,0.30661967,0.43961966,0.8880989,0.3608488,0.20370299,0.54570293,0.34049192,0.19301549,0.5136405,0.18488114,0.84218216,0.7144451,0.22181237,0.69334877,0.0315155,0.65051967,0.19420299,0.16421863,0.68147385,0.2839028,0.42869467,0.40784416,0.58449465,0.87588745,0.54966134,0.61149645,0.5286822,0.38182798,0.32522386,0.06436966
BC2026_Train_0017_S22_20211026_233000_45,0.61967033,0.33862498,0.86928296,0.6661521,0.46623647,0.6325287,0.61391103,0.90302974,0.63914543,0.83866525,0.8689465,0.832609,0.7471654,0.43789503,0.3979238,0.7165667,0.4667709,0.5674788,0.80344695,0.786725,0.45564994,0.8732284,0.14308704,0.4828021,0.39160207,0.38394275,0.34811112,0.66516525,0.6471746,0.9438517,0.24131624,0.28404647,0.3210569,0.21911003,0.2601579,0.19118397,0.21742773,0.3799371,0.47582778,0.21473604,0.32374856,0.47582778,0.20767045,0.28404647,0.34797356,0.34797356,0.2601579,0.39171314,0.46102357,0.45664963,0.20767045,0.20767045,0.20767045,0.33283293,0.29447666,0.5760953,0.24291001,0.6424021,0.6580386,0.9627185,0.9590006,0.3659521,0.38341725,0.7872683,0.9751396,0.5917355,0.8825344,0.90864855,0.5026163,0.955885,0.47447252,0.15575373,0.24727957,0.9521994,0.82656187,0.41538993,0.23698789,0.4776348,0.1075504,0.9278735,0.6218962,0.15465456,0.83727705,0.6039254,0.50100875,0.8893806,0.31536287,0.49685252,0.409967,0.3118004,0.23975872,0.5338629,0.25559205,0.6365618,0.37387693,0.8505691,0.7456337,0.57100785,0.45152953,0.34544623,0.25321704,0.5889352,0.5217108,0.9581962,0.53586584,0.60643893,0.34227955,0.6474671,0.3802993,0.09052956,0.18434206,0.5568212,0.24490455,0.066918105,0.32278475,0.18869622,0.28646705,0.57978946,0.39650872,0.628467,0.64970356,0.43173787,0.19423789,0.40640455,0.62496,0.4957639,0.18869622,0.5833123,0.09963374,0.58887374,0.83354825,0.08340456,0.969814,0.9185591,0.68103296,0.1562379,0.80184203,0.80686915,0.6340087,0.95859206,0.6584712,0.22075872,0.10121706,0.039467063,0.95859206,0.43965453,0.07667539,0.7080098,0.54437226,0.47725868,0.5748039,0.36909726,0.3277426,0.18988372,0.57027954,0.46775872,0.6199567,0.3086337,0.26637852,0.40449467,0.2663785,0.52634203,0.7753232,0.49388373,0.17919624,0.7515712,0.628467,0.25480038,0.13925664,0.2346129,0.5182869,0.3438629,0.12180039,0.4463837,0.3455452,0.7720557,0.4991285,0.64786285,0.3067139,0.6549878,0.07707123,0.11744623,0.33198786,0.21233737,0.5556337,0.16732123,0.29161286,0.07291498,0.16850874,0.5085296,0.090925395,0.81860566,0.6671106,0.77510345,0.32802957,0.30738682,0.35139558,0.16573788,0.6296546,0.7973692,0.08577956,0.45233312,0.5564254,0.4618212,0.36167538,0.46380034,0.86477953,0.4404462,0.19621706,0.5105088,0.22399507,0.1716754,0.81090665,0.21848267,0.8248004,0.71068877,0.29460144,0.70961285,0.035904564,0.67303795,0.28448787,0.124788955,0.7830399,0.32818,0.4295608,0.40801755,0.5968004,0.96476704,0.43173787,0.5094392,0.7891754,0.43609205,0.28686285,0.077862896
BC2026_Train_0017_S22_20211026_233000_50,0.729866,0.36150002,0.85315764,0.6180274,0.42555338,0.41111076,0.5282398,0.8881997,0.52763414,0.8555465,0.8861642,0.80812263,0.50976825,0.39892137,0.39801288,0.75883085,0.41041273,0.5050043,0.78360873,0.60442775,0.45961612,0.71041214,0.24180356,0.29213774,0.3388065,0.37318468,0.3575874,0.65094626,0.60582125,0.93758893,0.26564065,0.19801253,0.37398028,0.18825524,0.29087505,0.14216046,0.20440525,0.3608584,0.50418955,0.15999274,0.36085838,0.50418955,0.17210525,0.19801253,0.2760709,0.2760709,0.28919277,0.4116636,0.44093546,0.43319696,0.17210525,0.17210525,0.17210525,0.37196153,0.33125004,0.59849167,0.24296081,0.6635482,0.64911515,0.9459556,0.94469386,0.3199253,0.3540095,0.7402973,0.906293,0.5602357,0.8757545,0.8548736,0.5733629,0.9416463,0.48129204,0.15313691,0.42001227,0.8562206,0.5589498,0.45179775,0.21299148,0.44510815,0.13144982,0.87339145,0.608617,0.13580398,0.86294985,0.7838029,0.49759567,0.6980654,0.2751373,0.57706904,0.55657476,0.3048248,0.26405397,0.5403456,0.5126373,0.74849457,0.47184667,0.8533509,0.78259563,0.59954643,0.3408456,0.32144982,0.09107482,0.5935456,0.6281019,0.92786646,0.47056022,0.5751592,0.3982415,0.3831998,0.33306754,0.07247065,0.14055398,0.66463727,0.1967623,0.04549461,0.23712742,0.2395123,0.4591998,0.5703894,0.4164498,0.70422065,0.65680414,0.2976998,0.24822065,0.37132478,0.7787561,0.51807016,0.27672064,0.6271816,0.17855397,0.5744269,0.8272852,0.096616484,0.93503106,0.71446085,0.44401565,0.30680397,0.56211644,0.8852748,0.5114498,0.9405331,0.6470426,0.1575748,0.062178988,0.06455399,0.9500332,0.50155395,0.13619982,0.6486654,0.81511337,0.42594978,0.63930404,0.30501282,0.44587013,0.16747063,0.6800748,0.40655398,0.48682895,0.34044978,0.3208165,0.49405298,0.29019874,0.5731998,0.6779259,0.73844033,0.13026232,0.80436647,0.7350956,0.572804,0.1279269,0.09463731,0.6108237,0.31511647,0.25851232,0.35865813,0.31611595,0.67886746,0.4046837,0.558554,0.2805701,0.6571164,0.11917899,0.09780399,0.35272065,0.2948003,0.40655398,0.27355397,0.13540815,0.10501805,0.30047062,0.7113456,0.07326232,0.90897304,0.3826916,0.8613468,0.3891373,0.28830868,0.336155,0.16153315,0.61634564,0.70095503,0.12353314,0.55081534,0.7188664,0.3440123,0.46117896,0.41486645,0.9022165,0.41249144,0.18211648,0.27474147,0.26560408,0.26088732,0.7600332,0.24150139,0.84276235,0.7064722,0.31859982,0.72955394,0.040803984,0.5524284,0.17103314,0.13701129,0.83021444,0.40378314,0.3473967,0.45390552,0.4572206,0.8882832,0.5055123,0.4403146,0.8268894,0.3736998,0.49799147,0.07642899
BC2026_Train_0017_S22_20211026_233000_55,0.72065324,0.37987497,0.8833531,0.62852186,0.43628538,0.507409,0.6691301,0.9278834,0.60385716,0.8343311,0.8622571,0.8664965,0.60284775,0.5669846,0.4838962,0.84464693,0.66177183,0.26849163,0.84976643,0.5245121,0.45940745,0.7016575,0.61575747,0.36556977,0.35737598,0.5004104,0.4210626,0.76240486,0.7267798,0.93465173,0.25984865,0.26960596,0.37693617,0.22452052,0.31738302,0.24100697,0.25177366,0.39510491,0.5017622,0.18952885,0.426732,0.5017622,0.22620282,0.26960596,0.37289867,0.37289867,0.33050492,0.4411997,0.46441534,0.4647518,0.22620282,0.22620282,0.22620282,0.3984695,0.36347783,0.6645508,0.2733527,0.678001,0.6544391,0.8975975,0.9359874,0.48811972,0.37807113,0.7700788,0.9126708,0.8371261,0.9418834,0.7529082,0.5049152,0.9755611,0.5763632,0.21042411,0.47490945,0.68786776,0.8951261,0.4587397,0.11905532,0.49470118,0.110346995,0.6214173,0.73707974,0.2659095,0.8865287,0.7643824,0.5691178,0.73129076,0.30905533,0.6537173,0.69024277,0.36011782,0.22355533,0.42028448,0.4400762,0.49710587,0.4307444,0.6324511,0.85451365,0.6259754,0.6166178,0.28768033,0.14399283,0.712643,0.6612876,0.9471387,0.5673222,0.6079589,0.3767428,0.4246387,0.39415953,0.095701165,0.21643032,0.6522428,0.2825345,0.08014491,0.40309542,0.18476366,0.41632617,0.5328001,0.5133053,0.72824275,0.66319907,0.46659696,0.27303448,0.47570118,0.8609998,0.5279413,0.34824282,0.8333206,0.17368032,0.65056056,0.8621929,0.26076365,0.7604834,0.7279242,0.6071188,0.350222,0.5279511,0.88059896,0.7167637,0.97247195,0.7761584,0.29243034,0.20138866,0.13488865,0.9431802,0.40049285,0.14636782,0.73061776,0.5916506,0.5287428,0.48856184,0.35529858,0.5928876,0.23147199,0.8720293,0.49232617,0.3305095,0.42226368,0.32635325,0.5178871,0.23113552,0.6658001,0.6130058,0.72321576,0.29401365,0.7749511,0.6637219,0.35536787,0.13633344,0.38386783,0.70721424,0.32647198,0.22513866,0.34863865,0.4397496,0.86094594,0.35735688,0.59484696,0.39047828,0.937124,0.21761781,0.14478448,0.21247199,0.2611397,0.41593033,0.092930324,0.17170115,0.31153917,0.33003452,0.77415943,0.116680324,0.9174673,0.5963511,0.91042507,0.4369095,0.40259078,0.4158868,0.22632615,0.7607011,0.6997428,0.15270115,0.52422637,0.7884094,0.33161783,0.38545117,0.4654095,0.882697,0.27145115,0.4266178,0.57782614,0.5391532,0.38268033,0.6229511,0.28903607,0.86440945,0.766599,0.32916367,0.8906137,0.09530532,0.707135,0.24493031,0.17670844,0.8276564,0.3967087,0.36571887,0.5832649,0.5168678,0.70051473,0.69618034,0.40558028,0.7670345,0.5168678,0.34111783,0.11153449
BC2026_Train_0017_S22_20211026_233000_60,0.6948921,0.44512498,0.8480312,0.59944993,0.43785092,0.4660281,0.4831421,0.8405787,0.6269781,0.7898239,0.8127031,0.85156405,0.7265697,0.60954165,0.50646764,0.8901311,0.43874156,0.27005717,0.815488,0.6661173,0.39863297,0.66241634,0.6105796,0.44194782,0.41772276,0.63012695,0.5238794,0.7520573,0.8676406,0.94664896,0.3238261,0.37025735,0.44192296,0.2847969,0.30128336,0.33896673,0.3594907,0.44865212,0.54386985,0.27874064,0.38674378,0.54386985,0.29320836,0.37025735,0.43384793,0.43384793,0.3746313,0.51628023,0.4957563,0.49508336,0.29320836,0.29320836,0.29320836,0.40625837,0.32046148,0.6746464,0.24479687,0.8337832,0.662902,0.90664923,0.9359548,0.3771103,0.43723938,0.7270646,0.8566822,0.48683527,0.9206093,0.72416073,0.41579688,0.98005736,0.57947385,0.2507671,0.45791912,0.8564244,0.7690441,0.2604676,0.18241914,0.52622026,0.16460663,0.55409676,0.64198166,0.21091913,0.81454515,0.6067525,0.7547941,0.7460067,0.51769,0.7730025,0.55568993,0.3019608,0.37954414,0.5125441,0.48443994,0.5736014,0.6055947,0.5877525,0.6930441,0.56004417,0.55925244,0.45356494,0.29800245,0.4540439,0.60668325,0.91233575,0.6622408,0.637192,0.41081494,0.52798164,0.44710296,0.23704414,0.1594608,0.53510666,0.5089816,0.13567123,0.34081185,0.4587108,0.37518993,0.35573474,0.48998162,0.6760233,0.6218268,0.5560858,0.36410666,0.38943997,0.8625951,0.47924468,0.38983577,0.9348989,0.11156497,0.63768685,0.8318629,0.50819,0.75481397,0.82883877,0.63288546,0.10918997,0.6653358,0.76825243,0.61031497,0.9436067,0.7749223,0.47335663,0.14798163,0.14204414,0.9345025,0.41793996,0.17212747,0.70583946,0.5702368,0.39062744,0.45303458,0.49491966,0.6685519,0.35143995,0.9260713,0.48048162,0.4236004,0.44723165,0.19597644,0.4848061,0.4271233,0.79437757,0.59884566,0.68868995,0.17331497,0.8300024,0.75321084,0.5616275,0.26520768,0.33204412,0.6681462,0.35579413,0.35104412,0.42071077,0.3848978,0.6051692,0.43382275,0.9095809,0.6822775,0.9578963,0.10998163,0.27781495,0.35381496,0.3909738,0.6063566,0.1535233,0.21566914,0.32887748,0.19152331,0.5446066,0.14679414,0.8913636,0.7401444,0.7615233,0.45158577,0.44810244,0.3638731,0.19587746,0.5184817,0.60952336,0.18479414,0.36824703,0.5426275,0.4563358,0.5521275,0.5362941,0.92571497,0.5168983,0.3530233,0.4361483,0.5496753,0.27187747,0.66889834,0.28765142,0.8600858,0.78856075,0.55852014,0.78671813,0.115919136,0.7496483,0.32650244,0.24771187,0.77300245,0.43150118,0.4711993,0.6628218,0.60200244,0.75439835,0.534315,0.63894165,0.7749816,0.45673165,0.37835664,0.122252464
BC2026_Train_0018_S22_20211028_234500_5,0.435125,0.43012497,0.63885057,0.8259998,0.44372377,0.8398088,0.813136,0.89407104,0.79496723,0.925513,0.8925401,0.86897117,0.70950675,0.67146426,0.61907774,0.5660855,0.49163935,0.36891124,0.7615152,0.7051382,0.62154853,0.4472631,0.48539585,0.8841081,0.4663456,0.6365936,0.34405664,0.92216194,0.6965172,0.88232136,0.2722491,0.5548742,0.43913242,0.51786375,0.39303765,0.43105742,0.36881262,0.47210535,0.6113991,0.35569075,0.46773136,0.6113991,0.39673865,0.5548742,0.49767616,0.49767616,0.45662823,0.54511684,0.55756575,0.5582387,0.39673865,0.39673865,0.39673865,0.5928939,0.25912723,0.6675883,0.24886926,0.80660397,0.6280852,0.41362658,0.73827523,0.3111988,0.8036353,0.75653106,0.64114565,0.66727066,0.62654734,0.7504201,0.6466422,0.9586183,0.48114428,0.39237502,0.20521235,0.45062906,0.45339987,0.18543062,0.2412332,0.47899047,0.18621236,0.6588573,0.8133411,0.5499832,0.92654747,0.74906766,0.94722176,0.15058738,0.5535457,0.8122105,0.41619155,0.57056653,0.6683374,0.18977487,0.45854568,0.4533702,0.85620487,0.5947123,0.8355176,0.7791707,0.882879,0.8444832,0.31921238,0.33436093,0.12722331,0.8523998,0.71476305,0.35589623,0.39164987,0.25073323,0.57846344,0.21273321,0.5274207,0.6196498,0.48744154,0.2866353,0.21443531,0.39798322,0.59431654,0.53093374,0.62914985,0.61450404,0.80848855,0.22896236,0.09714987,0.5179207,0.8590633,0.44431552,0.5555248,0.16286811,0.19927487,0.5528035,0.7360249,0.5935249,0.5879832,0.48736235,0.27976757,0.21589988,0.4811082,0.7435457,0.5135665,0.892577,0.5404832,0.5001082,0.30773324,0.43677485,0.9146446,0.3207957,0.31762904,0.8294614,0.3992004,0.42489988,0.29465884,0.47118267,0.69934094,0.43439987,0.13317071,0.4015457,0.25188112,0.3073374,0.45708117,0.66829294,0.49308217,0.7043582,0.47515094,0.18739986,0.60579574,0.80450404,0.59233737,0.74631655,0.13556552,0.5535457,0.5204243,0.4403374,0.34771234,0.10783738,0.3631796,0.32989988,0.40865093,0.9381532,0.29602647,0.8343657,0.33939987,0.56423324,0.5840249,0.58864623,0.32910824,0.109816544,0.40867072,0.23224038,0.26537904,0.6018374,0.2982332,0.8446747,0.6372772,0.6600249,0.31050405,0.45046085,0.15738383,0.12287904,0.73839986,0.4011499,0.22975403,0.1496453,0.32950404,0.52227485,0.37660825,0.5567124,0.9396574,0.28477487,0.23094153,0.7609624,0.14873964,0.56858736,0.31367072,0.3234478,0.9489832,0.6718112,0.36055714,0.9111415,0.35681653,0.60843796,0.07933737,0.36166552,0.47042072,0.36867973,0.62497383,0.25270247,0.17789987,0.39362904,0.5919416,0.43790302,0.514754,0.47794154,0.20679569,0.4019415
BC2026_Train_0018_S22_20211028_234500_10,0.43894318,0.42900002,0.52787626,0.79032165,0.44501644,0.86750036,0.8096602,0.84936225,0.7588549,0.8772883,0.89646643,0.8496314,0.72790074,0.60075253,0.5013123,0.5652562,0.5904258,0.32317895,0.7933334,0.8205866,0.6530304,0.4632342,0.49792236,0.90748835,0.46371955,0.5644987,0.35581088,0.8275015,0.75191706,0.8801473,0.26796067,0.5515951,0.45705023,0.5619176,0.3645242,0.46344292,0.36115962,0.4735367,0.60206383,0.37058043,0.4661346,0.60206383,0.40288046,0.5515951,0.4873315,0.4873315,0.4442648,0.55529606,0.56202525,0.55899715,0.40288046,0.40288046,0.40288046,0.6077836,0.28411067,0.5946963,0.2440233,0.7772591,0.6155256,0.38562363,0.7842595,0.3178352,0.7559238,0.77880293,0.64703,0.58132166,0.49257585,0.7447236,0.3829608,0.93884933,0.46382955,0.20738071,0.0755138,0.46897218,0.47451383,0.1983112,0.18793046,0.41794923,0.17130546,0.68122786,0.7901414,0.5045971,0.9276954,0.7274117,0.79082423,0.20930545,0.35734713,0.6514811,0.36882633,0.57940966,0.576243,0.13409714,0.5030138,0.46227267,0.85227245,0.65936804,0.8396503,0.82601374,0.8513471,0.8545138,0.2750138,0.40591192,0.11857058,0.83725554,0.51811486,0.38456067,0.2999513,0.26749295,0.54672223,0.21524297,0.36090964,0.62651384,0.39653465,0.21989402,0.23262994,0.28847215,0.3589305,0.7192774,0.5805971,0.6031596,0.8059797,0.08778463,0.05809713,0.39693046,0.77449614,0.54209244,0.32805547,0.11008984,0.18436794,0.64458364,0.7246805,0.57347214,0.5853471,0.39843464,0.2948055,0.2215763,0.36249295,0.80083877,0.4662013,0.8838055,0.4559096,0.46818045,0.2999513,0.4210763,0.9139482,0.26986796,0.33122212,0.8357231,0.38185912,0.42226383,0.4304734,0.4000378,0.7005148,0.37515965,0.100451306,0.2916388,0.29379612,0.20138879,0.34658048,0.6048073,0.44583568,0.63245124,0.4938206,0.13409713,0.3474513,0.8743054,0.7238888,0.6245346,0.10684401,0.4947013,0.4686753,0.2999513,0.28965965,0.08936798,0.43973988,0.29322213,0.41524765,0.872168,0.28650287,0.75318044,0.2263263,0.54418045,0.46422213,0.49392945,0.22078463,0.25997213,0.45947212,0.12694246,0.17209713,0.5327013,0.30905548,0.87949586,0.689228,0.63522214,0.25878462,0.48400393,0.16097026,0.08659714,0.63443047,0.47926378,0.1835763,0.16366193,0.30153462,0.37634715,0.23661797,0.5718888,0.9388897,0.15705545,0.26234713,0.59840965,0.12633325,0.38109714,0.54299295,0.35341847,0.90399295,0.6090568,0.4418378,0.89554197,0.29124296,0.7514487,0.15428463,0.42547005,0.44918045,0.43888485,0.60935444,0.22381277,0.1420138,0.5920763,0.5853472,0.35267633,0.5117221,0.42028463,0.11865964,0.30905548
BC2026_Train_0018_S22_20211028_234500_15,0.5949513,0.22837499,0.5107178,0.7999348,0.420865,0.37262785,0.7959672,0.7959672,0.62134534,0.88849336,0.9164193,0.83341503,0.5019363,0.47339404,0.41616255,0.44901767,0.58460146,0.2349025,0.7332305,0.63935864,0.62758255,0.45259058,0.25968048,0.7404173,0.40465567,0.41338378,0.3312236,0.6296425,0.3736966,0.83076537,0.14312473,0.25011846,0.3036154,0.46923363,0.41733828,0.22320181,0.19224764,0.33154142,0.48732165,0.21781847,0.378982,0.48732165,0.28780183,0.25011846,0.3083258,0.3083258,0.31976536,0.415656,0.4469466,0.41733828,0.28780183,0.28780183,0.28780183,0.51300013,0.286456,0.48974597,0.2126716,0.7116639,0.48517802,0.32302195,0.72320545,0.27017125,0.59266657,0.71547383,0.41106814,0.46376464,0.49443057,0.65297246,0.3801091,0.912505,0.4474404,0.14409715,0.29671776,0.38617608,0.4051761,0.32270423,0.0928636,0.48748967,0.15303026,0.63854957,0.8198116,0.5809261,0.9433511,0.70812714,0.7028428,0.097613595,0.20923859,0.55696833,0.44555107,0.6133844,0.54371774,0.1546136,0.49028027,0.42144486,0.5801245,0.77092606,0.83520937,0.73490524,0.54371774,0.6422802,0.15659276,0.4345232,0.16860631,0.86341256,0.5283804,0.40461206,0.39646775,0.19221777,0.5283733,0.20607193,0.35134277,0.63159275,0.17717609,0.18220317,0.24351777,0.1011761,0.62050945,0.5048865,0.59478027,0.5987386,0.781219,0.1071136,0.10038444,0.5263011,0.7010642,0.64368546,0.3743011,0.11434745,0.19696777,0.5358407,0.6703844,0.38894692,0.3339261,0.3144511,0.48133445,0.34263444,0.42496777,0.77409273,0.4134886,0.9150094,0.516801,0.2472386,0.21675943,0.31017607,0.885322,0.3402594,0.48434275,0.8883164,0.44432405,0.5623219,0.49744087,0.19822453,0.74011546,0.3315511,0.059613593,0.2773219,0.20049068,0.31571776,0.3999709,0.47683185,0.30441672,0.4031969,0.43028185,0.14828025,0.44396776,0.7404469,0.55757195,0.54055107,0.11995839,0.61615527,0.42513597,0.2745511,0.3972594,0.08336359,0.3963985,0.31096774,0.3859584,0.7071969,0.22620006,0.40240523,0.3648011,0.3042386,0.5694469,0.59055966,0.22269692,0.14353025,0.28959277,0.24507143,0.2745511,0.4890928,0.28207192,0.9023574,0.50840706,0.5619261,0.4451553,0.46777716,0.20135754,0.20171776,0.7614261,0.5765719,0.18707193,0.13339297,0.26742607,0.35569692,0.1736136,0.5710303,0.8985625,0.21240526,0.24248858,0.2484261,0.13762997,0.2424886,0.41665524,0.52883446,0.91025937,0.61536044,0.35694382,0.87499064,0.12928027,0.71887404,0.19340527,0.24242923,0.6794886,0.5149367,0.50124484,0.28156728,0.16728027,0.5646969,0.5761761,0.5230552,0.42932194,0.3897386,0.16569693,0.66444695
BC2026_Train_0018_S22_20211028_234500_20,0.50839585,0.29475,0.6768108,0.754687,0.4602464,0.48939762,0.7696733,0.86442,0.7535233,0.86522746,0.9032473,0.8204785,0.62970656,0.57358223,0.5715634,0.5579369,0.56943697,0.2614589,0.82917935,0.598369,0.658595,0.4517068,0.58875,0.85404116,0.49533698,0.46986517,0.39455274,0.6854934,0.47871014,0.8644695,0.24831842,0.4545674,0.33579758,0.4875403,0.43303403,0.3176288,0.29979655,0.41049135,0.58376735,0.28667465,0.43168822,0.58376735,0.40207988,0.4545674,0.4666799,0.4666799,0.3657424,0.5050361,0.4872038,0.4761007,0.40207988,0.40207988,0.40207988,0.6137256,0.20659758,0.6129478,0.25427264,0.8132703,0.57058096,0.42667776,0.7507544,0.28924638,0.7679177,0.7473938,0.6600828,0.6279412,0.39843702,0.6007712,0.38929138,0.9045674,0.47942263,0.20914587,0.19703344,0.41236678,0.41632512,0.24911523,0.23978344,0.40256992,0.34388763,0.4790548,0.8000262,0.65540844,0.92452765,0.73267514,0.8048949,0.15784594,0.45115846,0.79827464,0.53626263,0.5675335,0.67361677,0.30034596,0.72072095,0.41671106,0.81039006,0.56634593,0.79517716,0.6676793,0.9028043,0.7864292,0.31459597,0.34792513,0.16197252,0.8530282,0.64874697,0.34883556,0.38347095,0.24651262,0.68764216,0.1764501,0.4503668,0.4693668,0.48242924,0.33122092,0.2467699,0.3343876,0.66332513,0.387647,0.7044918,0.55209595,0.6434642,0.15745011,0.09886678,0.45907512,0.6974257,0.52978086,0.39297095,0.11411626,0.16932511,0.43946162,0.57940847,0.7527835,0.38703346,0.5524918,0.42060012,0.2061376,0.34230426,0.72824174,0.49549177,0.91586673,0.47292924,0.48361677,0.2667001,0.40999177,0.8947095,0.37080428,0.3605126,0.8824852,0.3268767,0.4578876,0.2951012,0.48416105,0.7799179,0.45709592,0.097283445,0.29599178,0.21482617,0.30549178,0.43714002,0.6472414,0.4442056,0.6403668,0.3959496,0.14280428,0.48361677,0.7979085,0.40247098,0.6752001,0.14616886,0.56555426,0.36902305,0.36447096,0.3351793,0.12222095,0.39163503,0.3090543,0.36659858,0.87333846,0.29983136,0.5077626,0.20534593,0.61859596,0.6379918,0.5625658,0.23147094,0.27778345,0.48084593,0.3807298,0.21524179,0.47372094,0.27422097,0.8624986,0.7160924,0.6605543,0.3343876,0.5272771,0.21872512,0.094908446,0.7690126,0.31895015,0.15784594,0.17868656,0.2678876,0.4412626,0.25205427,0.58772093,0.938176,0.2857001,0.37634596,0.59840846,0.14076553,0.4400751,0.23859593,0.42913032,0.91942924,0.5872592,0.3766626,0.86777306,0.34626263,0.7657074,0.11786677,0.52300215,0.5809918,0.44347927,0.69644845,0.22413814,0.16101262,0.6019709,0.56792927,0.4959668,0.5833668,0.4543251,0.21999177,0.38703343
BC2026_Train_0018_S22_20211028_234500_25,0.5692247,0.2505,0.515894,0.76113814,0.47212043,0.85214424,0.7767164,0.8647172,0.72254664,0.8726071,0.8914488,0.7430706,0.6737602,0.5946546,0.5855702,0.6022249,0.6693048,0.31608292,0.7180645,0.5733875,0.65817493,0.37696308,0.7002455,0.80393565,0.58974224,0.5733152,0.30176762,0.7405193,0.5865401,0.8774776,0.21967459,0.38184744,0.28629333,0.40035272,0.41179228,0.26745167,0.29335895,0.36973497,0.5234965,0.25702146,0.35728604,0.5234965,0.32229435,0.38184744,0.40607247,0.40607247,0.3290235,0.45351312,0.46495268,0.46293393,0.32229435,0.32229435,0.32229435,0.4558683,0.19141209,0.6188796,0.28863594,0.8323881,0.6160494,0.41743806,0.79420406,0.3032579,0.7074137,0.7535085,0.70492977,0.6216622,0.39036104,0.71480817,0.5592276,0.8933109,0.5718942,0.468683,0.2190419,0.38885438,0.3025627,0.22469243,0.27683356,0.4673482,0.35402107,0.5823971,0.79157525,0.6627711,0.91941357,0.78460866,0.92227954,0.20122941,0.49810436,0.74538153,0.52620864,0.6346669,0.82189614,0.3817294,0.80250025,0.39567265,0.8684506,0.7510419,0.8234596,0.7344169,0.84089607,0.8776492,0.27445856,0.32612672,0.1765789,0.83452314,0.4967388,0.25227213,0.45891687,0.24952108,0.62211466,0.20439607,0.37420857,0.53570855,0.5163128,0.32658982,0.21846794,0.35362524,0.56975025,0.47368148,0.53254193,0.5681669,0.67748624,0.3025627,0.1264169,0.4054794,0.6831367,0.4665565,0.5131461,0.17951795,0.21943773,0.54231894,0.5436253,0.7300628,0.44189608,0.3457877,0.39221895,0.35283357,0.3437294,0.7098752,0.46643773,0.90264606,0.59745854,0.4992919,0.39954188,0.56420857,0.85912424,0.54877114,0.38925025,0.86565995,0.36976534,0.61922944,0.2897892,0.45530492,0.64352363,0.49097937,0.16045858,0.32393774,0.33343774,0.29187524,0.56207114,0.6565323,0.54322946,0.68810445,0.4834784,0.2036044,0.4581252,0.8785002,0.42527106,0.7763753,0.19671692,0.49097937,0.42252004,0.35718772,0.29939607,0.10504191,0.3156747,0.36708358,0.373694,0.88325024,0.344719,0.58558357,0.2997919,0.6671253,0.5273961,0.5106226,0.29979193,0.39756274,0.42012522,0.24607733,0.38133356,0.51156276,0.31958356,0.8218269,0.7153635,0.7352086,0.4763336,0.49948978,0.28339645,0.22854191,0.8100211,0.35243773,0.18618771,0.1669819,0.34293774,0.4387294,0.27525023,0.56460446,0.9452061,0.42883357,0.3069169,0.55985445,0.18431447,0.60102105,0.26733357,0.35103253,0.89789605,0.59714884,0.3542981,0.88038045,0.21191691,0.6543003,0.11097941,0.62940234,0.44387522,0.31233191,0.7464503,0.24748251,0.17550023,0.6275419,0.6477294,0.44874397,0.7150211,0.5222503,0.34768772,0.38370857
BC2026_Train_0018_S22_20211028_234500_30,0.64004165,0.256125,0.6492847,0.7486369,0.49085045,0.61018276,0.8107847,0.88322425,0.74248356,0.8700014,0.9053295,0.7485399,0.7051368,0.58072656,0.4992532,0.5566697,0.69084525,0.2877879,0.7659585,0.6946293,0.78008974,0.4441698,0.5830416,0.8281993,0.70034516,0.5036754,0.26866144,0.68459946,0.46380365,0.8492661,0.26055706,0.4375341,0.32011017,0.47488102,0.3692331,0.33154973,0.3312133,0.3820185,0.5721175,0.29386646,0.38370082,0.5721175,0.35207373,0.4375341,0.46041328,0.46041328,0.33794248,0.48362893,0.45570287,0.45502996,0.35207373,0.35207373,0.35207373,0.53981745,0.18384454,0.58678275,0.28247243,0.83136606,0.57555085,0.39187822,0.7271253,0.2920629,0.83247435,0.80017436,0.6370118,0.57882434,0.37631604,0.7401284,0.42675364,0.89451,0.57099533,0.34039584,0.20730387,0.546533,0.3169497,0.22289973,0.31180388,0.45111743,0.26153302,0.5356773,0.8220033,0.5124913,0.9408464,0.7833997,0.7865861,0.24253303,0.603533,0.8761687,0.5896788,0.58374137,0.8189456,0.17642887,0.632033,0.416195,0.8240463,0.829158,0.8582914,0.67590714,0.888533,0.8874841,0.3406997,0.3810035,0.23366638,0.8513246,0.6373372,0.24369086,0.38701218,0.24292886,0.6528752,0.22234555,0.4459914,0.65419966,0.46459553,0.28930074,0.26128566,0.4333247,0.42738718,0.4229737,0.60313714,0.5971997,0.6484502,0.26826218,0.1471372,0.37751222,0.7692289,0.5335002,0.45865804,0.1948747,0.20057471,0.51650906,0.56513715,0.79313713,0.4107622,0.6099257,0.43160284,0.38186637,0.29122055,0.78561634,0.50259554,0.90503925,0.558408,0.4669705,0.29399136,0.4404497,0.8749164,0.5235747,0.41590804,0.8890857,0.32972524,0.59917885,0.30496392,0.5894809,0.70676637,0.42619967,0.15782471,0.41076216,0.17488512,0.38186637,0.4297652,0.6097728,0.4829256,0.8992205,0.44853458,0.19028303,0.49032468,0.8723632,0.4107622,0.6862622,0.16716638,0.50338715,0.36447942,0.49230388,0.3288247,0.1126997,0.44816846,0.3881997,0.38579503,0.85900384,0.3364445,0.49824136,0.23105387,0.57305384,0.5421788,0.5937164,0.22392888,0.2504497,0.48834553,0.3764776,0.26390803,0.61263716,0.2884497,0.78067833,0.7862453,0.72386634,0.42936638,0.5618716,0.22421387,0.099241376,0.73969966,0.3632622,0.25559554,0.20537221,0.4329289,0.55128306,0.49507472,0.553658,0.9323756,0.3264497,0.25915805,0.68784547,0.1686929,0.5243664,0.2931997,0.39755127,0.90713716,0.6106915,0.24251325,0.8323247,0.30586636,0.76783353,0.14317887,0.392257,0.4851789,0.4509868,0.66600937,0.2110247,0.17247054,0.515658,0.6423246,0.63448715,0.54138714,0.53940797,0.2611372,0.4558872
BC2026_Train_0018_S22_20211028_234500_35,0.53636974,0.22687499,0.51387304,0.7342483,0.47911394,0.46003813,0.79865146,0.8436528,0.7505379,0.9164119,0.89454204,0.71722853,0.74616396,0.5648018,0.48706305,0.48630598,0.6380608,0.27925766,0.7426163,0.6568194,0.6958486,0.4278258,0.6222656,0.8217275,0.45577955,0.47590765,0.25980228,0.5746715,0.4240569,0.8339423,0.2146159,0.40639713,0.26508465,0.45585653,0.35862008,0.29704818,0.28224403,0.32901174,0.5520836,0.24355131,0.35862008,0.5520836,0.33540446,0.40639713,0.4440805,0.4440805,0.31656277,0.4383607,0.41783676,0.4124534,0.33540446,0.33540446,0.33540446,0.5019513,0.1483336,0.5597549,0.24628814,0.8431025,0.40614995,0.3748089,0.65060383,0.27712017,0.7269749,0.779126,0.67566496,0.46183577,0.3848858,0.51629555,0.38451317,0.88633096,0.48426312,0.30322397,0.3688,0.4883417,0.33555004,0.22154012,0.23065418,0.36335734,0.22550835,0.46980682,0.81210375,0.63994586,0.9557734,0.78913546,0.7729458,0.1313,0.40561253,0.7844349,0.44163334,0.58809173,0.8092042,0.17405,0.64509165,0.35082918,0.8184415,0.7088208,0.79394484,0.61713004,0.7943209,0.82729375,0.29675835,0.3576652,0.18553908,0.8346959,0.5608987,0.25405782,0.31536248,0.2084875,0.6105251,0.1693,0.285675,0.7638417,0.4360917,0.31393754,0.25364223,0.30309168,0.43965417,0.4327667,0.5837375,0.58650833,0.52457035,0.2013625,0.105175026,0.52713335,0.589888,0.50768805,0.46419585,0.1538922,0.15900834,0.48929173,0.4721125,0.7895708,0.35930005,0.51288337,0.33052292,0.29636252,0.36484167,0.7234667,0.4064042,0.8817209,0.6332167,0.45311254,0.2916125,0.5750292,0.8554771,0.33475834,0.4705292,0.85131156,0.2593125,0.6506334,0.33714128,0.5370787,0.62946624,0.41550836,0.11942501,0.32446668,0.25569063,0.31100833,0.47797087,0.60349506,0.48402715,0.80184174,0.38535577,0.16059169,0.5386125,0.8354875,0.46657085,0.5663209,0.17498022,0.5647375,0.31293806,0.4269875,0.27419588,0.13169585,0.44791722,0.32050836,0.4488078,0.9182325,0.45799118,0.40086251,0.24490418,0.6280709,0.64113337,0.53761303,0.25084168,0.14040418,0.42382085,0.1878943,0.18513332,0.5279251,0.21244583,0.7826339,0.7287824,0.70209163,0.37750834,0.5491714,0.2254371,0.09488335,0.7919459,0.28132087,0.17602918,0.19683813,0.29359168,0.31892502,0.3399042,0.5738417,0.9303767,0.1313,0.23777917,0.49150836,0.1348829,0.40719587,0.16573751,0.3347287,0.8964458,0.63145506,0.33812296,0.8538542,0.33396667,0.7175589,0.10675835,0.5565239,0.52159166,0.47912666,0.67917293,0.19460368,0.15940419,0.42342502,0.58136255,0.5404729,0.6161958,0.4052167,0.21798751,0.38700834
BC2026_Train_0018_S22_20211028_234500_40,0.4282604,0.22125,0.5194232,0.74731535,0.45212263,0.60370624,0.8107289,0.87531203,0.73805386,0.88676846,0.90661955,0.7918872,0.68994033,0.49058104,0.54934347,0.46711308,0.73583615,0.27577886,0.7378401,0.62108904,0.7344755,0.39196092,0.49198955,0.79441947,0.600857,0.4628102,0.29208744,0.61835206,0.44402707,0.8293312,0.22607191,0.40506777,0.2684657,0.42189068,0.38689902,0.28427923,0.26711985,0.33071047,0.5369594,0.23313755,0.36906675,0.5369594,0.31994382,0.40506777,0.41112405,0.41112405,0.31085944,0.42390943,0.41246986,0.41886255,0.31994382,0.31994382,0.31994382,0.49557507,0.136574,0.5927466,0.2448833,0.79560703,0.3993561,0.38890904,0.71190906,0.28539762,0.66303253,0.784494,0.6345029,0.6989603,0.37428203,0.69835174,0.5839146,0.88605416,0.4860646,0.2869479,0.29491112,0.42830694,0.2268278,0.14224811,0.28818196,0.37314758,0.21891114,0.47912204,0.802607,0.45601526,0.93888456,0.747606,0.6808486,0.18605697,0.5011403,0.7321882,0.51182777,0.62701535,0.78970283,0.19080697,0.6495778,0.3563148,0.79615647,0.6527445,0.8387664,0.64322865,0.79286945,0.81543195,0.27472362,0.34157595,0.12576166,0.8617445,0.7059009,0.36328146,0.29016113,0.24622364,0.55248636,0.110848635,0.3645778,0.49599445,0.3550778,0.22417572,0.27230906,0.29768196,0.4132653,0.4111278,0.6143486,0.5854528,0.61607057,0.3277653,0.08986947,0.43345279,0.501738,0.45678717,0.40693197,0.116904885,0.20109864,0.52148616,0.54468197,0.6317653,0.35824448,0.30132362,0.3766903,0.3135153,0.3839736,0.80232996,0.43107778,0.89103615,0.62186944,0.45680696,0.2066403,0.38436943,0.8773997,0.49005693,0.31668195,0.8114079,0.29406998,0.5047028,0.3472957,0.38847625,0.48745432,0.41524443,0.12153614,0.3812028,0.3317632,0.2280153,0.34215382,0.5734378,0.41852984,0.54270285,0.37313768,0.16111948,0.36061946,0.7734736,0.4061403,0.6543278,0.14477156,0.49480695,0.29026997,0.3289528,0.21336947,0.10649447,0.3767002,0.25255695,0.33095175,0.8763587,0.22974707,0.4813486,0.17972362,0.63097364,0.61514026,0.46693036,0.2565153,0.17853615,0.40851527,0.17905073,0.30243194,0.51064026,0.22089031,0.7970851,0.66107684,0.6349319,0.46234858,0.4871377,0.24131134,0.106098644,0.7172653,0.3170778,0.16586947,0.17671135,0.2588903,0.33330697,0.26403612,0.52409863,0.9387419,0.16666114,0.22009864,0.43147364,0.17220281,0.4037653,0.29451528,0.3705549,0.9302236,0.5984956,0.2775934,0.897508,0.29095277,0.738007,0.1353903,0.5949528,0.40455696,0.4203072,0.5574872,0.14516737,0.15399449,0.41286945,0.6060361,0.43590695,0.5909945,0.4484944,0.21416113,0.46749446
BC2026_Train_0018_S22_20211028_234500_45,0.57988095,0.144375,0.40565708,0.7223917,0.38820943,0.33251262,0.7535214,0.83016664,0.56947863,0.86152446,0.9086287,0.6646964,0.4644027,0.38583684,0.38583684,0.39083323,0.6072042,0.21400318,0.69879067,0.42723516,0.61198443,0.34275046,0.19275595,0.75485003,0.41047505,0.37431568,0.20854011,0.48570013,0.3239626,0.7665834,0.1795858,0.19573578,0.23207328,0.37439516,0.29835558,0.14829516,0.11835038,0.24014829,0.48206186,0.11296704,0.31719726,0.48206186,0.19270767,0.19573578,0.3081129,0.3081129,0.26504618,0.32661808,0.31955245,0.32695454,0.19270767,0.19270767,0.19270767,0.4194806,0.18362328,0.43035027,0.20355012,0.6725167,0.36465538,0.26487866,0.71808803,0.22148444,0.5065824,0.7358115,0.41688752,0.37734383,0.40869382,0.5089161,0.39485636,0.86674905,0.46610638,0.15040179,0.3026785,0.40757433,0.33513683,0.26943842,0.313366,0.4632087,0.24488685,0.46904722,0.72897124,0.6272618,0.96250105,0.7149983,0.68386596,0.18076183,0.44557434,0.4807639,0.35176185,0.66644937,0.698116,0.16572018,0.58253264,0.41455093,0.5406436,0.69772017,0.8462369,0.6667027,0.5180118,0.546116,0.13682434,0.37390873,0.21123111,0.847741,0.6815389,0.31241602,0.22588682,0.135241,0.5100546,0.25240767,0.339491,0.5279076,0.30584514,0.1426431,0.26481706,0.20569934,0.62528265,0.41194832,0.66011596,0.6494285,0.54124624,0.122574344,0.07230351,0.43963683,0.6178406,0.56894565,0.44953263,0.15724933,0.18630353,0.45703372,0.572241,0.35849103,0.196991,0.33749202,0.32470664,0.48476183,0.2718035,0.8297108,0.4570535,0.90751183,0.5979701,0.09644934,0.33909518,0.37947017,0.84780043,0.4408243,0.6565535,0.8684837,0.39941028,0.50455344,0.5387733,0.42026082,0.5379816,0.30980352,0.13207433,0.39965764,0.2848858,0.19580351,0.4302556,0.4292759,0.30475664,0.34107435,0.4031014,0.17324102,0.52434516,0.7305743,0.44874102,0.6359702,0.15711081,0.5987618,0.27473268,0.24132434,0.3786785,0.08299101,0.39805454,0.35769933,0.34318215,0.58372015,0.24842955,0.325241,0.37590766,0.45784518,0.5417618,0.41887537,0.16967851,0.17997018,0.32484517,0.33675978,0.21282433,0.42736602,0.39213684,0.85391694,0.38552642,0.55759513,0.43409514,0.3917608,0.12762122,0.19263685,0.67476183,0.56234515,0.28922018,0.11988268,0.239741,0.3858035,0.329991,0.44122013,0.8958902,0.088136844,0.2741785,0.22390768,0.10895767,0.37194932,0.27219933,0.5534983,0.88653266,0.5497181,0.42989936,0.82260567,0.16334517,0.49546915,0.215991,0.36840662,0.5338452,0.4620608,0.4433775,0.22723266,0.17838684,0.6134077,0.59955347,0.49125353,0.53384525,0.422616,0.20926183,0.7016785
BC2026_Train_0018_S22_20211028_234500_50,0.39640552,0.10987499,0.47376126,0.7583878,0.36494932,0.31510597,0.74312985,0.7753795,0.47345847,0.8867976,0.9190976,0.79290897,0.43257874,0.38388756,0.35754284,0.3822221,0.5901587,0.20356804,0.6583989,0.46957847,0.65368855,0.30817938,0.13119717,0.5790754,0.3825837,0.36388054,0.19962616,0.3688997,0.21535598,0.78306013,0.123603515,0.1407629,0.20065248,0.34936708,0.27601913,0.114519134,0.0865931,0.2036806,0.45770663,0.09063059,0.2948608,0.45770663,0.18416603,0.1407629,0.26390666,0.26390666,0.19796081,0.23732644,0.2575139,0.25953266,0.18416603,0.18416603,0.18416603,0.37594727,0.12965976,0.37571162,0.20502473,0.58778375,0.35699898,0.2744826,0.63139766,0.18967432,0.5078056,0.6915119,0.3975462,0.35230243,0.44457117,0.47345847,0.3560747,0.86646223,0.45297468,0.11853051,0.107563645,0.47450113,0.34783447,0.29361516,0.14991781,0.4157199,0.15150115,0.4261897,0.72215426,0.52437615,0.96316534,0.6773064,0.65381366,0.052542813,0.24887615,0.40170738,0.33200112,0.52912617,0.53427196,0.051751144,0.43095943,0.31130898,0.48205164,0.65143865,0.89622194,0.5731904,0.5093345,0.567522,0.120626144,0.36410323,0.12774125,0.82283455,0.5262037,0.25165686,0.3058761,0.12181365,0.4585837,0.13883448,0.3090428,0.50775117,0.17723031,0.104990736,0.1860871,0.13923031,0.4337303,0.45687667,0.59048027,0.6700429,0.5137713,0.19702198,0.031563647,0.3707928,0.4812394,0.61156833,0.29795945,0.10291262,0.11468865,0.49489644,0.54100114,0.1554595,0.24887615,0.2330824,0.34007615,0.37910527,0.27737612,0.86065644,0.47687614,0.89109594,0.57939696,0.09885531,0.19187616,0.28845945,0.8235075,0.30983445,0.42383447,0.8927832,0.33250582,0.41670945,0.41995528,0.2338147,0.6347939,0.2639178,0.07273031,0.40958446,0.28887507,0.24491781,0.3736428,0.3612631,0.375998,0.3925636,0.3272709,0.15506366,0.40127197,0.62412614,0.39335528,0.586522,0.12854283,0.5809803,0.3011162,0.33793864,0.2809386,0.082230315,0.4175209,0.27895945,0.4423298,0.4349178,0.22938135,0.3137928,0.29677194,0.34902197,0.5726678,0.4820418,0.21562614,0.12577198,0.30864695,0.18233657,0.25125113,0.47093865,0.26352197,0.83322173,0.35817045,0.59998035,0.39414695,0.5019126,0.118152186,0.1309178,0.6724179,0.38939694,0.12023031,0.07777719,0.2366053,0.43610528,0.21404281,0.45470947,0.86788034,0.08064698,0.24650116,0.121021986,0.1327434,0.32487613,0.30825114,0.22814439,0.88226897,0.58435124,0.31040844,0.8275251,0.13843864,0.55459803,0.12616782,0.27321988,0.45352197,0.46033028,0.48702928,0.18029802,0.12418864,0.4812303,0.5417928,0.40265742,0.38939694,0.4384803,0.13487615,0.4091886
BC2026_Train_0018_S22_20211028_234500_55,0.51553273,0.12112499,0.46877474,0.7366042,0.37946355,0.4525005,0.77034235,0.82779264,0.6148986,0.88238305,0.9328518,0.8243608,0.63239443,0.43793482,0.37979484,0.44959313,0.642,0.21487603,0.66635907,0.45449126,0.60613304,0.34214783,0.08328275,0.75305504,0.4248854,0.39015102,0.2760816,0.45570675,0.3427755,0.8129859,0.11828629,0.20744774,0.17716648,0.3639009,0.32487172,0.15731543,0.13712794,0.22931753,0.45609048,0.12501544,0.32487172,0.45609048,0.24580398,0.20744774,0.26498216,0.26498216,0.21552272,0.25522482,0.30232903,0.30771238,0.24580398,0.24580398,0.24580398,0.42008945,0.15899773,0.39523828,0.2088255,0.691875,0.3755151,0.29511836,0.6794884,0.21166977,0.5755594,0.72427404,0.40529165,0.60558337,0.57812834,0.721556,0.57746506,0.8604859,0.46033803,0.12484524,0.09052997,0.44915497,0.32367578,0.3530664,0.11823831,0.31969762,0.19344664,0.4466711,0.71256226,0.5176341,0.9563283,0.71414554,0.61738414,0.11427996,0.19067581,0.46595806,0.24569663,0.6953632,0.49309245,0.046592467,0.28805077,0.3379555,0.53182477,0.5445508,0.91849464,0.63131744,0.5548425,0.5449466,0.1431758,0.38225123,0.17474353,0.85132164,0.50770104,0.35516432,0.3691966,0.13209248,0.5758454,0.23302995,0.19859247,0.5413841,0.15030079,0.11230081,0.18846902,0.08775914,0.6066966,0.39149195,0.64430076,0.6933842,0.56455505,0.09686331,0.04777997,0.42461327,0.59466875,0.45955545,0.33436328,0.13092476,0.19027998,0.42883882,0.62292576,0.3818633,0.31338412,0.20272894,0.24646851,0.31892577,0.37355077,0.90962,0.53188413,0.9071341,0.4495508,0.13288413,0.12140496,0.14634247,0.8703018,0.41748828,0.43253,0.8856562,0.35175028,0.43173826,0.4162335,0.29595757,0.6067857,0.26034245,0.10596746,0.38700914,0.17131954,0.2730091,0.42382163,0.45040184,0.27981746,0.44321746,0.4005763,0.14119662,0.39492577,0.6775508,0.48002994,0.55919665,0.089758106,0.5512799,0.3127706,0.3870091,0.35930076,0.0636133,0.27341485,0.24411328,0.19610861,0.49625912,0.16729195,0.34505078,0.24094664,0.39096743,0.4915091,0.39246172,0.21482162,0.15821746,0.3023008,0.11806018,0.19740497,0.45627993,0.26350912,0.8765058,0.39344138,0.5675091,0.39215493,0.44958046,0.1087106,0.13486329,0.5603841,0.28607163,0.1182383,0.09592519,0.2037383,0.48240495,0.21640496,0.3723633,0.87864995,0.1669258,0.21244664,0.16415498,0.10173205,0.2405508,0.18988413,0.35636175,0.93127996,0.51187474,0.31969762,0.8171415,0.060446635,0.44541436,0.13288413,0.3434477,0.54059243,0.45930016,0.53418,0.16255185,0.16336331,0.4772591,0.64786327,0.32351744,0.43411326,0.3300091,0.14238413,0.28250912
BC2026_Train_0018_S22_20211028_234500_60,0.46954912,0.169875,0.4643222,0.7235,0.37688857,0.44766012,0.7770602,0.74812484,0.63305604,0.85377276,0.90323216,0.74509674,0.6010925,0.41761863,0.3667462,0.38779157,0.48002297,0.21978231,0.7013587,0.5822524,0.67881584,0.4129129,0.2534241,0.82912415,0.46897924,0.36406356,0.26000473,0.4804351,0.42343512,0.843731,0.17901932,0.34186518,0.20997348,0.3980537,0.30048078,0.2106464,0.2244412,0.2664985,0.49259853,0.17733705,0.36003393,0.49259853,0.30720997,0.34186518,0.34186518,0.34186518,0.25169432,0.3405193,0.3633985,0.37820268,0.30720997,0.30720997,0.30720997,0.49529016,0.10466204,0.38673174,0.1986414,0.806625,0.36529464,0.23220854,0.71916467,0.19840732,0.6236709,0.7394125,0.62335414,0.42943543,0.4537887,0.48673034,0.36964136,0.8537456,0.40633515,0.13111162,0.16925235,0.59873146,0.28246066,0.49481538,0.17004399,0.24329296,0.46177316,0.40247732,0.72665495,0.44593978,0.9206231,0.70637834,0.5441065,0.14906482,0.22387734,0.5676784,0.2804815,0.45939815,0.6220856,0.17914815,0.6525648,0.37949923,0.81042475,0.6323773,0.778143,0.6472131,0.5480648,0.74162734,0.24723148,0.3587971,0.19637682,0.8452565,0.67925984,0.22891434,0.2167523,0.09008568,0.44170293,0.12887734,0.19062734,0.4435648,0.29077315,0.2035315,0.14510651,0.22783566,0.3398565,0.51484454,0.57893986,0.5635023,0.57409924,0.21596065,0.055252336,0.33233568,0.6372698,0.46817577,0.4376273,0.089442454,0.09443984,0.5017227,0.61931485,0.566669,0.28879398,0.23375337,0.2125565,0.326794,0.35252315,0.7563722,0.326794,0.9209398,0.38062733,0.40833563,0.13125235,0.395669,0.8780315,0.329169,0.33589816,0.81986535,0.27250546,0.44871065,0.2692992,0.3420435,0.64760697,0.364794,0.07543984,0.22268984,0.28938776,0.21437731,0.5090881,0.5944352,0.4300204,0.5888356,0.32711068,0.07029401,0.35133567,0.8239606,0.34500232,0.4942315,0.12109922,0.59556484,0.15590286,0.27137733,0.27850232,0.07148151,0.398232,0.3161065,0.16839139,0.6924332,0.13968359,0.50650233,0.17875233,0.5251065,0.5041273,0.38954347,0.11621067,0.3378773,0.37033567,0.1484513,0.12571067,0.49146065,0.15183567,0.78840643,0.6966904,0.57379395,0.32679403,0.3698211,0.09804193,0.045356505,0.62010646,0.33233565,0.13600233,0.10275234,0.18152316,0.35608566,0.276919,0.41981483,0.94449985,0.158169,0.16964816,0.46375233,0.16836667,0.41664815,0.13837734,0.19893983,0.9066899,0.573799,0.21099295,0.7795681,0.15143983,0.5479956,0.06514817,0.39093876,0.55954397,0.45872524,0.6926766,0.14495806,0.082169004,0.39091897,0.516794,0.38919714,0.552419,0.38260648,0.1712315,0.4463356
BC2026_Train_0019_S22_20211104_200000_5,0.22050966,0.20437498,0.4819465,0.4321216,0.62303203,0.38361982,0.6267581,0.8385587,0.8671912,0.49193928,0.8595873,0.4580243,0.6543477,0.45881784,0.47426125,0.7624546,0.8939602,0.22175595,0.5261337,0.6531468,0.8944379,0.8939837,0.7774472,0.63272995,0.96125185,0.59690696,0.38629422,0.5512552,0.43385103,0.876749,0.12428576,0.18989512,0.26896286,0.23195241,0.15221179,0.13303366,0.09736909,0.18215658,0.32481495,0.16365136,0.20570865,0.32481495,0.1528847,0.18989512,0.2629066,0.2629066,0.219167,0.23430763,0.25785974,0.22656909,0.1528847,0.1528847,0.1528847,0.30058995,0.10006075,0.448825,0.034494795,0.5792924,0.40990743,0.2559273,0.6737749,0.8636591,0.83499086,0.9201149,0.5037278,0.27786532,0.33130285,0.4010955,0.123913534,0.36972606,0.18055727,0.16113466,0.15405816,0.332579,0.25262067,0.081442535,0.13387066,0.4757915,0.39353734,0.27167013,0.80969673,0.36741233,0.8863498,0.593829,0.4972457,0.08359983,0.12912065,0.3024957,0.52059984,0.88819045,0.38364148,0.4849748,0.59897476,0.29906183,0.8432203,0.62153727,0.93353313,0.19680816,0.80856854,0.22293317,0.15524566,0.775319,0.4427988,0.64884984,0.43888873,0.09238732,0.13782898,0.26805818,0.6236451,0.16118318,0.4980373,0.4208498,0.5708706,0.8565951,0.91196024,0.27874568,0.09349566,0.21152326,0.25816235,0.85278314,0.4230863,0.2862665,0.37137064,0.14099567,0.52561426,0.8014238,0.11328734,0.4446988,0.109329,0.22128054,0.71891236,0.406204,0.14257899,0.20589256,0.39901966,0.786204,0.14257899,0.6884331,0.5918498,0.7747248,0.2213498,0.05430816,0.6983289,0.59818316,0.48537067,0.10655815,0.17384982,0.6879086,0.40370035,0.14178732,0.5300408,0.16003525,0.48556864,0.344454,0.18809983,0.4976415,0.09794879,0.26568314,0.089675866,0.73573875,0.089339405,0.11645399,0.23634201,0.46122482,0.32268316,0.24787065,0.35791233,0.3385165,0.581473,0.39512065,0.07085399,0.5546415,0.23084983,0.49368316,0.20983109,0.43430817,0.7630675,0.05430816,0.4160207,0.5134748,0.44380817,0.12674566,0.5027873,0.31733942,0.53643316,0.7454727,0.334954,0.14099565,0.06578733,0.33337066,0.79022175,0.82078,0.1893467,0.5490998,0.5388081,0.66634566,0.4015138,0.10537066,0.45568317,0.24707901,0.038078994,0.80381703,0.5546415,0.03412066,0.10734983,0.30012065,0.36820403,0.05668316,0.46755818,0.071329,0.22131026,0.16237065,0.1033915,0.6818228,0.55701643,0.6899967,0.06497587,0.64053726,0.18414149,0.7928738,0.05668316,0.41257095,0.20155814,0.32850233,0.19330505,0.33366752,0.15366232,0.31793317,0.4081832,0.3421582,0.25182897,0.43074563,0.4663707,0.5764123
BC2026_Train_0019_S22_20211104_200000_10,0.17746875,0.17099999,0.56872004,0.40481734,0.6211403,0.3175556,0.48648965,0.8716167,0.86323893,0.46347588,0.8385597,0.51071465,0.5825149,0.44171894,0.46897203,0.76742744,0.915858,0.236133,0.6611734,0.6312286,0.9236109,0.90991706,0.82703125,0.56077564,0.9422007,0.60332775,0.33679444,0.40341187,0.4194431,0.8787879,0.1288628,0.17058364,0.21095863,0.19716385,0.14837739,0.11809612,0.09925446,0.19043466,0.2829607,0.17798571,0.19783676,0.2829607,0.14366698,0.17058364,0.22677217,0.22677217,0.18673363,0.21028571,0.25436175,0.22845446,0.14366698,0.14366698,0.14366698,0.28430656,0.066618,0.47714806,0.052861847,0.66131735,0.48043734,0.35855532,0.70386255,0.8986195,0.8320205,0.94978094,0.63083816,0.2833361,0.26338613,0.3786884,0.12411185,0.32646182,0.17826185,0.19963542,0.17623745,0.23402913,0.20552911,0.06669058,0.14179994,0.26844683,0.24313328,0.35333332,0.85287845,0.33615407,0.81154996,0.6921864,0.45173746,0.20117494,0.19998746,0.41106558,0.49250823,0.93176454,0.36544576,0.52654994,0.6801333,0.34782133,0.83085865,0.5910708,0.9367125,0.21265413,0.86520517,0.34961244,0.13111246,0.6806589,0.21136765,0.55386245,0.4167656,0.12535308,0.15486245,0.31161246,0.65651196,0.14298744,0.63065404,0.5320916,0.6401541,0.84209245,0.9317329,0.2181958,0.10340412,0.17131922,0.37098742,0.8351812,0.427176,0.17227912,0.29775828,0.17148747,0.57220936,0.7805859,0.13665412,0.22284684,0.16079997,0.20530151,0.69438326,0.37811244,0.17663328,0.21376246,0.37458953,0.852677,0.10815412,0.6361957,0.4667791,0.7620708,0.20988329,0.11527911,0.75732076,0.5720708,0.4442166,0.12794578,0.29142493,0.6265672,0.45313275,0.25659162,0.6645089,0.19267444,0.44992653,0.44263327,0.16554996,0.5946332,0.113003075,0.19088328,0.10878746,0.80744123,0.104413494,0.14417496,0.3102666,0.4085916,0.30488327,0.2886541,0.4525291,0.38761246,0.61669904,0.35673743,0.060080163,0.6702375,0.30171663,0.53248745,0.30269632,0.4960708,0.73920155,0.06263328,0.36995825,0.5233833,0.4157166,0.13942495,0.4014666,0.34865254,0.5970082,0.76935416,0.3377374,0.17890933,0.19325829,0.31319577,0.8190708,0.79929894,0.18939891,0.44619575,0.5154666,0.62297493,0.41485685,0.16832079,0.36979994,0.29538327,0.044820786,0.83024836,0.6805291,0.08202912,0.19444579,0.28232077,0.4560916,0.15763329,0.42125824,0.08994579,0.16416454,0.16436246,0.07609162,0.7129004,0.6114799,0.5931489,0.11401245,0.6389666,0.17544578,0.8385621,0.085591614,0.2751938,0.20948745,0.30079746,0.2585114,0.25312808,0.16515413,0.41334158,0.47073743,0.3611312,0.37138328,0.5376333,0.42402908,0.36663327
BC2026_Train_0019_S22_20211104_200000_15,0.15611161,0.25575,0.6978902,0.4586369,0.62306607,0.46420547,0.49931243,0.8339708,0.8623847,0.51293904,0.8509788,0.7066381,0.5764287,0.4718449,0.5000065,0.8083705,0.88609743,0.24542132,0.52952844,0.5255919,0.8960493,0.8936437,0.79340327,0.7075766,0.9567338,0.61000365,0.40658882,0.55307,0.5756325,0.8894889,0.22533494,0.2781589,0.33670264,0.2660464,0.20615682,0.20682974,0.19303495,0.22365266,0.39995685,0.19572662,0.27513078,0.39995685,0.17789432,0.2781589,0.285561,0.285561,0.23812038,0.34107664,0.30036518,0.2788318,0.17789432,0.17789432,0.17789432,0.41442457,0.12742557,0.4709365,0.07019297,0.630389,0.5776501,0.28789228,0.6807746,0.8790911,0.90282136,0.9129151,0.580514,0.3036682,0.33074325,0.42815152,0.19844297,0.35234296,0.20449921,0.20519495,0.33423918,0.39717668,0.2926767,0.10505171,0.21509337,0.34383819,0.27803087,0.33634704,0.9011053,0.4312184,0.86703086,0.63348913,0.54996836,0.17669754,0.3211767,0.39964077,0.64101005,0.94392157,0.29109338,0.7067184,0.7423433,0.37261525,0.8581524,0.48188502,0.9253768,0.23884337,0.8846058,0.4525934,0.20678087,0.60952926,0.401135,0.7261142,0.3868949,0.13032566,0.2843642,0.4525934,0.70970696,0.2048017,0.59469754,0.5052392,0.70355165,0.8829889,0.9391978,0.42765585,0.21311419,0.18984912,0.3837184,0.8276257,0.4444689,0.38213503,0.5444267,0.34215584,0.58439595,0.7805809,0.14740588,0.43854132,0.17788504,0.29852515,0.88048923,0.2974267,0.21351004,0.4807965,0.4478236,0.85978717,0.18619752,0.66317666,0.7189892,0.80488497,0.2629892,0.21232253,0.88640696,0.7676767,0.58163506,0.21707255,0.3591767,0.6000215,0.4755715,0.15176004,0.74108446,0.1870288,0.7327642,0.23844753,0.24557255,0.7209684,0.16854338,0.4949475,0.11601629,0.77995944,0.14293295,0.13038504,0.26602724,0.41934335,0.40153086,0.48426002,0.3663017,0.43003088,0.5906571,0.4806975,0.11619442,0.62438506,0.49732253,0.6425934,0.2637413,0.55986416,0.7294392,0.08328087,0.61669594,0.5650101,0.33582252,0.18976004,0.54007256,0.43129757,0.6853433,0.7991455,0.44269753,0.31990016,0.17471837,0.15651004,0.8996674,0.79203033,0.18309024,0.49692667,0.7324475,0.8660116,0.5456021,0.24715586,0.43676007,0.32592672,0.09634337,0.8674751,0.7134476,0.107030876,0.19807254,0.4157809,0.40232253,0.107030876,0.56223917,0.14226003,0.18780068,0.32434335,0.101093374,0.77139914,0.5442842,0.5091183,0.11706525,0.69167674,0.268135,0.87590456,0.10782254,0.61319983,0.25507253,0.3228667,0.16783088,0.40489545,0.23884338,0.6604059,0.6109267,0.5760142,0.42132255,0.59153086,0.6592184,0.7102809
BC2026_Train_0019_S22_20211104_200000_20,0.1349241,0.259875,0.6519082,0.3873576,0.63182425,0.39796746,0.4537679,0.8149056,0.8720025,0.47950697,0.7975946,0.6125426,0.505246,0.48505503,0.5095828,0.8444263,0.91272736,0.24681696,0.47188166,0.508522,0.9181432,0.87933266,0.8573199,0.59877217,0.9477587,0.6223242,0.38648957,0.64073205,0.6506279,0.9056237,0.14415099,0.22591037,0.21682599,0.24239683,0.16938536,0.192601,0.14347807,0.19933015,0.317427,0.1804885,0.192601,0.317427,0.120935366,0.22591037,0.29522076,0.29522076,0.1989937,0.26561242,0.26224786,0.23903225,0.120935366,0.120935366,0.120935366,0.29623014,0.14314163,0.46961161,0.054542452,0.48069513,0.5772745,0.39097747,0.6841,0.9143701,0.79643154,0.92361283,0.6399388,0.30791387,0.2997201,0.5028235,0.16141744,0.652607,0.19027367,0.15788244,0.40381292,0.4901046,0.27793792,0.072629064,0.15008375,0.44523686,0.24785458,0.41497543,0.84668076,0.40420875,0.8602682,0.6682296,0.5106879,0.19600041,0.2494379,0.36163688,0.48258376,0.9281932,0.3598754,0.7675838,0.6706046,0.33802542,0.8770941,0.4532921,0.8897974,0.19718792,0.824188,0.29772958,0.14454208,0.57924014,0.33876756,0.54314625,0.37444207,0.16753012,0.18254209,0.34206292,0.681302,0.21064624,0.6527921,0.5684796,0.748089,0.81922615,0.9344858,0.32029212,0.12514625,0.16919261,0.2680421,0.83804214,0.50176185,0.3527504,0.32345873,0.25656292,0.59785044,0.60581654,0.088729575,0.5077983,0.16987543,0.2556624,0.82893795,0.2716046,0.23320875,0.27463272,0.38902852,0.9107369,0.21935457,0.6808963,0.6927712,0.74264634,0.27160457,0.15325041,0.7825463,0.6488338,0.6029171,0.18808375,0.45764622,0.63655305,0.42685044,0.1793754,0.65830785,0.15949468,0.66324216,0.26645875,0.2862504,0.51820874,0.08489001,0.24785458,0.12239522,0.8037798,0.10119833,0.10812542,0.29923376,0.51702124,0.46991706,0.34641707,0.38204208,0.27200043,0.606635,0.5471046,0.100574896,0.63141704,0.27318794,0.47427127,0.21231863,0.4394379,0.6700801,0.08991709,0.3958171,0.70147955,0.45764622,0.12395875,0.6048963,0.3644671,0.5696671,0.78096294,0.39747956,0.36365563,0.07527125,0.1781879,0.83938795,0.8267807,0.17523897,0.5641254,0.6136046,0.61922544,0.519687,0.2031254,0.39154208,0.3159379,0.08437541,0.8454291,0.6080629,0.09822959,0.28545874,0.39233375,0.39550042,0.17858374,0.6088546,0.095458746,0.18028584,0.29139623,0.15720874,0.752381,0.39562708,0.45651814,0.11685355,0.66585463,0.12395875,0.84387124,0.107729584,0.4639766,0.24350043,0.29560572,0.19776188,0.43916085,0.2945629,0.50039625,0.5839171,0.46742332,0.4271671,0.42202127,0.5320629,0.52770877
BC2026_Train_0019_S22_20211104_200000_25,0.15964064,0.23849998,0.4993302,0.42109838,0.67665625,0.41124776,0.62402165,0.8754738,0.885904,0.6108998,0.87300086,0.5836467,0.62604046,0.47243044,0.49241602,0.8264687,0.92062026,0.24992022,0.49490893,0.5333661,0.89149237,0.8931074,0.8570989,0.78272367,0.9786891,0.6031025,0.43836403,0.4725228,0.49211654,0.907405,0.1779139,0.29331908,0.24688783,0.24621493,0.19238159,0.21290556,0.2253545,0.24217743,0.38180763,0.18329722,0.33975032,0.38180763,0.2754868,0.29331908,0.29432845,0.29432845,0.26236492,0.33806807,0.31619826,0.2997118,0.2754868,0.2754868,0.2754868,0.42285556,0.121388875,0.471522,0.059629034,0.48807335,0.5586465,0.3854714,0.7028189,0.9167807,0.7973973,0.9380369,0.62586296,0.31707337,0.25757962,0.48903462,0.16543527,0.47002903,0.17826028,0.16201562,0.3723691,0.4752858,0.2619316,0.09268319,0.22313996,0.4061535,0.2773691,0.40672743,0.87232155,0.47686908,0.9102433,0.5619733,0.5239733,0.18988995,0.2548066,0.27234203,0.6082858,0.93269104,0.3533691,0.61026496,0.6086816,0.4790264,0.8591714,0.44836912,0.9169369,0.2571816,0.812041,0.28607744,0.2211608,0.7842674,0.3951592,0.7658274,0.56857467,0.2270785,0.20374411,0.32407743,0.65121394,0.113098286,0.61778575,0.5113066,0.7093817,0.89746785,0.9184398,0.35020244,0.122994125,0.31817955,0.33476496,0.83945245,0.5780244,0.2844941,0.36128575,0.17207745,0.67999613,0.79862225,0.08736912,0.35611024,0.1665358,0.27376702,0.7761191,0.4792441,0.23738995,0.28914517,0.4156535,0.92477435,0.25757745,0.65657747,0.6158066,0.7780983,0.26232743,0.20651495,0.8188691,0.59997326,0.57978576,0.1510983,0.43134826,0.6397744,0.5617951,0.2164108,0.7051996,0.20922643,0.51203895,0.39057744,0.2963691,0.60076493,0.09089205,0.24174412,0.1439337,0.8078784,0.14527954,0.11824413,0.34751076,0.57226497,0.40522328,0.3604941,0.41749412,0.29597327,0.62717396,0.4867649,0.101243086,0.64589,0.31932744,0.24055661,0.2623868,0.5611816,0.7306577,0.09409829,0.31121287,0.64311916,0.47528577,0.12695245,0.57107747,0.28257433,0.70249414,0.76677746,0.32209823,0.23331288,0.09726495,0.27934825,0.8372358,0.8451723,0.2194191,0.4554941,0.68784827,0.6140254,0.39330277,0.15307745,0.37038994,0.40126494,0.05847329,0.8789804,0.61184835,0.07905662,0.24253578,0.22551496,0.44163993,0.16693163,0.4855774,0.08380662,0.20629725,0.19582745,0.09568162,0.68653935,0.61911577,0.44518265,0.17197852,0.68784827,0.13763995,0.9088272,0.10795246,0.30114582,0.2971608,0.29135588,0.17556079,0.42306545,0.20611912,0.45628574,0.5299108,0.37628785,0.27895242,0.5714733,0.38345245,0.5528691
BC2026_Train_0019_S22_20211104_200000_30,0.17338465,0.246375,0.61338156,0.502323,0.6311272,0.44970518,0.46722412,0.8098733,0.873077,0.57973576,0.860342,0.61842847,0.47782254,0.5213877,0.569148,0.8590909,0.96426046,0.2538386,0.6105888,0.44394106,0.8874099,0.90070003,0.81186384,0.8306509,0.95321673,0.62637717,0.51124346,0.41158646,0.46894267,0.8940281,0.20906985,0.30260524,0.32582086,0.24776256,0.23565005,0.21613547,0.2174813,0.24809901,0.40186048,0.207724,0.38671985,0.40186048,0.30731568,0.30260524,0.30327818,0.30327818,0.2837636,0.36249486,0.3604761,0.32884902,0.30731568,0.30731568,0.30731568,0.46208656,0.14144172,0.58025104,0.07956146,0.58224165,0.57464373,0.34504455,0.7726494,0.91092193,0.9350182,0.93602765,0.65072083,0.3188542,0.25259173,0.47630852,0.2259802,0.47927395,0.2017552,0.18684301,0.42645043,0.76290876,0.29305458,0.14143065,0.20597126,0.539164,0.3144296,0.41763327,0.8588064,0.6405963,0.9128979,0.6679087,0.5835962,0.15609626,0.20201293,0.32921398,0.6651379,0.95951927,0.22061709,0.59745044,0.64257544,0.46422285,0.92245185,0.6033879,0.8863494,0.26297125,0.8821932,0.24199209,0.1933046,0.60806876,0.48663694,0.80209625,0.5139011,0.20456605,0.25347126,0.43238792,0.63726145,0.1505546,0.51274204,0.41615874,0.74958897,0.8444703,0.9231434,0.23922126,0.22338794,0.33428064,0.62753373,0.81436706,0.7284515,0.3955754,0.40309626,0.28038794,0.6761548,0.8204035,0.101075426,0.4006619,0.17113793,0.4291619,0.7264921,0.60576296,0.31601292,0.30508795,0.53926295,0.9143942,0.21309626,0.5301587,0.6987838,0.7949713,0.51749206,0.22695044,0.8104088,0.6734504,0.64574206,0.18063794,0.30809626,0.64432704,0.5379072,0.24713793,0.67934406,0.28540513,0.6154411,0.38053375,0.32511708,0.5262005,0.3288775,0.38409626,0.1344046,0.9227043,0.17175147,0.17351292,0.3446218,0.39201295,0.4224921,0.39478374,0.49690875,0.41457546,0.48227286,0.58636713,0.12583481,0.6655338,0.37934625,0.5713254,0.3826416,0.5756796,0.8304973,0.1161171,0.3351119,0.72451293,0.42605457,0.1505546,0.4783046,0.28100148,0.7933879,0.8343765,0.44109625,0.24106188,0.2301171,0.33026293,0.9053494,0.8717828,0.32974833,0.5444088,0.59863794,0.6951223,0.36783746,0.1564921,0.5079921,0.42803377,0.06940877,0.8005229,0.5863671,0.0508046,0.27088794,0.32828376,0.47434628,0.13709627,0.57686704,0.13511711,0.3475806,0.3488671,0.115325436,0.7438918,0.73463047,0.56560564,0.19597648,0.7375754,0.1968671,0.84161335,0.10661709,0.31538948,0.3643046,0.3695198,0.22625771,0.4672807,0.22497126,0.6580129,0.57528377,0.41679212,0.36984628,0.49770042,0.3179921,0.55667955
BC2026_Train_0019_S22_20211104_200000_35,0.18310341,0.263625,0.715486,0.40615538,0.6323346,0.69108266,0.43508163,0.83930266,0.8875508,0.47293317,0.7740298,0.65525997,0.6041183,0.5019796,0.5957674,0.8832373,0.91909605,0.26882106,0.6067553,0.5349888,0.9008031,0.8858307,0.8647285,0.7039092,0.95094085,0.6834684,0.5224194,0.4359681,0.6606035,0.91874623,0.24056971,0.34117076,0.37952703,0.19514784,0.1897645,0.27017805,0.24427076,0.24763535,0.42124787,0.24696243,0.3351145,0.42124787,0.24763533,0.34117076,0.36001247,0.36001247,0.27085096,0.38861144,0.36573222,0.30348745,0.24763533,0.24763533,0.24763533,0.40577078,0.16318431,0.61696416,0.0953931,0.48417413,0.6165033,0.45251346,0.713235,0.8971273,0.8347405,0.9217318,0.6816158,0.38869917,0.26543668,0.4614263,0.28313684,0.616666,0.21829931,0.24287426,0.40612382,0.5161655,0.1998947,0.22720721,0.34358215,0.7086791,0.20781136,0.39088428,0.76760876,0.434228,0.78137386,0.7132906,0.64520717,0.29212385,0.20306136,0.38078064,0.719228,0.968702,0.29212385,0.807103,0.7326864,0.5309104,0.9284601,0.6262072,0.8968384,0.24066553,0.8497739,0.28301972,0.18366553,0.62291384,0.29449886,0.5608947,0.5385301,0.17664939,0.2913322,0.31904054,0.6421099,0.13260302,0.50349885,0.31824887,0.7033947,0.72661036,0.93346894,0.39583218,0.13656136,0.29969418,0.31468636,0.7884988,0.7674109,0.54371554,0.3803947,0.26006135,0.72021765,0.72604626,0.061353024,0.65572643,0.18960303,0.38549107,0.7413947,0.472228,0.39899886,0.30261344,0.46041238,0.9213208,0.23472802,0.54189473,0.73981136,0.80947804,0.35070723,0.2838114,0.75049883,0.7045822,0.53991556,0.21335302,0.3024155,0.61149204,0.5679208,0.22760303,0.6784294,0.337615,0.6720744,0.32299888,0.3712905,0.6839989,0.42874575,0.32774884,0.19387805,0.9490346,0.24131866,0.15912385,0.45144683,0.36772805,0.42749888,0.45837384,0.4995405,0.3930614,0.49731398,0.48172802,0.20928586,0.8274805,0.33487386,0.543478,0.4314869,0.55060303,0.700139,0.15199886,0.4875369,0.87320715,0.4267072,0.15595719,0.47974885,0.37094414,0.73822814,0.8327134,0.37287384,0.39861292,0.13854052,0.351103,0.85662186,0.802066,0.3938728,0.6143322,0.6392697,0.732815,0.41498262,0.21889469,0.46668637,0.3839572,0.10608219,0.79619,0.5680197,0.10410303,0.50349885,0.3522905,0.42512387,0.14249888,0.5810822,0.1892072,0.6213187,0.25293636,0.13418636,0.67076224,0.59473056,0.5166802,0.2911343,0.8399572,0.20583218,0.80899316,0.16031137,0.32437438,0.35822803,0.3853743,0.25948742,0.47437543,0.30162388,0.40810305,0.541103,0.45099157,0.46629053,0.41799885,0.46074885,0.5490197
BC2026_Train_0019_S22_20211104_200000_40,0.13973437,0.202875,0.4945004,0.40201557,0.6770722,0.8965375,0.6063055,0.8085169,0.8763639,0.46421912,0.8038065,0.5269013,0.6870555,0.5130089,0.5874166,0.8773428,0.94939375,0.28712493,0.70930946,0.7708813,0.944763,0.92299414,0.73625517,0.6942989,0.9307499,0.634726,0.6000338,0.7382041,0.61391246,0.9491833,0.14220439,0.24751587,0.23809503,0.1462419,0.16743878,0.17753252,0.14590544,0.19200023,0.29630232,0.16205545,0.17955127,0.29630232,0.12908252,0.24751587,0.24179606,0.24179606,0.18493462,0.2592919,0.26198354,0.22261792,0.12908252,0.12908252,0.12908252,0.24482419,0.10216583,0.6338479,0.11342084,0.4914343,0.675633,0.45620835,0.8189104,0.9006073,0.8601531,0.9409031,0.71211135,0.35427806,0.29692182,0.6473534,0.35923332,0.3546021,0.21423957,0.19752604,0.26496872,0.60973954,0.21430208,0.37323907,0.3635312,0.46148017,0.23330209,0.60822546,0.7824842,0.41380206,0.76846874,0.75461453,0.6964271,0.26061457,0.21192707,0.2848297,0.5464062,0.93691564,0.20757289,0.59311455,0.63428116,0.56661355,0.83457243,0.78746873,0.8646562,0.24438542,0.6216146,0.2705104,0.1375104,0.7177349,0.41596925,0.62566787,0.425875,0.13885625,0.14305207,0.31603122,0.6373589,0.23409374,0.57411456,0.3738229,0.6216146,0.62236667,0.93981856,0.27090624,0.14740625,0.24929374,0.6014271,0.73403126,0.73972136,0.36392707,0.33819786,0.2990104,0.7421458,0.63744783,0.1386979,0.45933276,0.16719791,0.34081042,0.892523,0.3457187,0.49404535,0.22969998,0.38245204,0.9325417,0.20005207,0.54561454,0.5646146,0.67980206,0.3540312,0.23686458,0.7360104,0.6505104,0.6354688,0.19609374,0.30019787,0.59597445,0.4636573,0.27763537,0.5898805,0.27417186,0.654825,0.2871354,0.37065622,0.5210729,0.23571666,0.1956979,0.16632707,0.87718487,0.23361874,0.0923854,0.48339942,0.64694786,0.28634372,0.49732286,0.3583854,0.22578125,0.50763434,0.43201038,0.13616458,0.6113229,0.26378122,0.36273953,0.2842656,0.44546872,0.6643646,0.090010405,0.5156698,0.62557286,0.51553124,0.14859374,0.3884687,0.32240415,0.86020315,0.8160282,0.52305204,0.1869203,0.1493854,0.16798957,0.8311687,0.8221537,0.20786978,0.5305729,0.57728124,0.683226,0.43039933,0.18540624,0.5107812,0.3227604,0.0828854,0.71066916,0.5218646,0.16007291,0.24398959,0.3524479,0.5499687,0.21192709,0.5697604,0.13434374,0.22671145,0.2491354,0.1161354,0.69906586,0.6002712,0.38922083,0.18558437,0.75501037,0.12009373,0.8296221,0.09871874,0.30575937,0.2764479,0.2857223,0.2591896,0.40112552,0.20005207,0.46407288,0.46565622,0.40600416,0.3089062,0.5032604,0.46130204,0.5056354
BC2026_Train_0019_S22_20211104_200000_45,0.12671056,0.202125,0.6021551,0.40411034,0.6813283,0.78618723,0.58869666,0.8353206,0.8897933,0.45656946,0.83733934,0.6610353,0.4505132,0.48761058,0.5983559,0.85652035,0.9659167,0.26606345,0.50925905,0.5262165,0.92306924,0.87108636,0.7260022,0.48212907,0.90173227,0.609152,0.4956351,0.74383307,0.5989581,0.9261935,0.13026515,0.22346413,0.2147162,0.1369943,0.14506932,0.1507891,0.11512453,0.17905162,0.2672037,0.14540577,0.19419223,0.2672037,0.1363214,0.22346413,0.1985662,0.1985662,0.155836,0.26182035,0.24802557,0.20966932,0.1363214,0.1363214,0.1363214,0.25811931,0.07643182,0.58422464,0.09751641,0.47963533,0.6181553,0.36291793,0.7034474,0.9187333,0.83210516,0.91621983,0.7467041,0.3492478,0.35102907,0.5183432,0.35081017,0.6147914,0.19833516,0.16827306,0.21858159,0.40501907,0.19522741,0.08441388,0.20670658,0.29509616,0.1809774,0.6436868,0.7985943,0.51703984,0.8301441,0.7850191,0.5582066,0.17464408,0.14574824,0.27901542,0.46083158,0.8899348,0.4232274,0.4529149,0.6627066,0.5547233,0.8560796,0.67379,0.80449414,0.25143576,0.62431073,0.3844357,0.13743575,0.5714512,0.1698743,0.47359324,0.40759197,0.17564356,0.12516491,0.3282274,0.6613904,0.23678991,0.55622745,0.36543575,0.6195608,0.72188365,0.9072504,0.20987324,0.18968576,0.34631696,0.32308155,0.79095656,0.5402852,0.27281076,0.26608157,0.21462326,0.56236285,0.6865754,0.083602406,0.45783314,0.13228992,0.31805447,0.86244416,0.30131075,0.47060075,0.26966387,0.36218992,0.9510316,0.33851907,0.49131075,0.60293573,0.7038733,0.20591491,0.4030399,0.77631074,0.6500399,0.55266494,0.25381073,0.24589407,0.63750184,0.42552322,0.2854774,0.6077887,0.12834148,0.5976613,0.2914149,0.34801903,0.4624149,0.15580241,0.23678991,0.14268054,0.8584179,0.18911178,0.11447741,0.46401805,0.32308158,0.32031074,0.39868572,0.34960237,0.40937322,0.6441618,0.6500399,0.1779988,0.6353941,0.26489407,0.2427274,0.2854675,0.38126907,0.7821295,0.05945658,0.38718683,0.6638941,0.35158157,0.10537325,0.5847274,0.4257311,0.791115,0.785415,0.40343574,0.16091858,0.11210241,0.16316491,0.845067,0.8171904,0.26449823,0.49131075,0.5526649,0.6247264,0.41903552,0.1275399,0.38522738,0.4323316,0.07410241,0.6686877,0.6397483,0.13743575,0.12476908,0.37770656,0.3638524,0.24035242,0.67220664,0.09310241,0.29040554,0.23758158,0.22451909,0.6308836,0.64348495,0.37317428,0.14032534,0.74147743,0.11249824,0.84993774,0.11249824,0.33865762,0.24906075,0.3150699,0.18541075,0.4103925,0.18651909,0.42045656,0.5997691,0.43991178,0.3519774,0.5087274,0.48853987,0.5787899
BC2026_Train_0019_S22_20211104_200000_50,0.16344047,0.191625,0.48921448,0.39463437,0.6894273,0.5623,0.522221,0.8249326,0.87800896,0.45075727,0.76033264,0.60892636,0.5752805,0.45958588,0.6129268,0.8722352,0.9675834,0.28900623,0.6465623,0.769706,0.9559189,0.8757577,0.8438779,0.39784062,0.9329677,0.6250886,0.3894848,0.32883748,0.4032937,0.901925,0.09403268,0.16805354,0.20640978,0.13205248,0.13440768,0.12902436,0.108836845,0.14921187,0.24140146,0.12767853,0.18622227,0.24140146,0.13339831,0.16805354,0.18992333,0.18992333,0.12666915,0.24409313,0.21616708,0.18453999,0.13339831,0.13339831,0.13339831,0.19227855,0.10580873,0.58769244,0.06129375,0.48369685,0.626094,0.44484386,0.7840612,0.9570938,0.8085276,0.88894117,0.84853643,0.25747812,0.30770937,0.6466097,0.3448687,0.3459375,0.18954375,0.22123215,0.41355163,0.74644744,0.1804058,0.0937084,0.1982183,0.41671827,0.17288496,0.49356934,0.8117012,0.41275996,0.79632246,0.7282392,0.57544744,0.28925997,0.1922808,0.5155084,0.5489267,0.8657516,0.59840584,0.49746826,0.69578075,0.61618865,0.86044014,0.65580165,0.8863548,0.1851558,0.6269058,0.36723915,0.100843295,0.7754303,0.3537907,0.46412328,0.40211204,0.18572976,0.14280163,0.4159266,0.5237714,0.13923913,0.7159684,0.48084328,0.55486417,0.5357256,0.84940064,0.25600997,0.1507183,0.36484435,0.3977183,0.7559475,0.54369175,0.31419745,0.23661412,0.19148912,0.73453295,0.6294391,0.0723433,0.34628966,0.13923913,0.30630058,0.8602892,0.4044475,0.4230041,0.2893985,0.41052353,0.95521,0.33596832,0.6348225,0.57821834,0.704885,0.3233016,0.15230162,0.7646557,0.6839057,0.43413496,0.2338433,0.2813433,0.59308183,0.49472713,0.18357246,0.72058773,0.15863496,0.46970057,0.26313496,0.2504683,0.49350995,0.16437453,0.19425997,0.15052038,0.90073097,0.18652141,0.11271829,0.37311727,0.3953433,0.30984327,0.37317663,0.44600996,0.27540576,0.4620412,0.40088496,0.21466519,0.5817808,0.26155162,0.3328016,0.22592662,0.5144891,0.80170584,0.080259964,0.29783967,0.55961406,0.32369745,0.12538496,0.4139475,0.21331935,0.94384956,0.7837746,0.36446828,0.25340736,0.21167663,0.42661414,0.7547599,0.8656825,0.16920373,0.46105164,0.5592183,0.6104095,0.4416637,0.18713497,0.40603077,0.50163245,0.05730163,0.89352715,0.43730167,0.1542808,0.115093306,0.3466558,0.5184474,0.15071832,0.75357246,0.12617663,0.2105881,0.24532245,0.1483433,0.3714144,0.40419415,0.3680506,0.21147871,0.7274475,0.15032247,0.8841574,0.1234058,0.17638808,0.31063497,0.46521583,0.1851756,0.3735428,0.26788497,0.6138432,0.5307183,0.39269125,0.46817663,0.49944746,0.5085516,0.50815576
BC2026_Train_0019_S22_20211104_200000_55,0.20582962,0.265875,0.597268,0.4730631,0.6287047,0.77302706,0.5006372,0.81791735,0.8655094,0.629568,0.827742,0.5784263,0.7015701,0.61129487,0.6082667,0.8517448,0.93589115,0.2794412,0.51778734,0.5953746,0.8727004,0.8648609,0.61116296,0.59228015,0.81427145,0.6287047,0.4100591,0.7362146,0.69544375,0.9345271,0.1058722,0.21252951,0.2636712,0.2505493,0.2350722,0.2374274,0.15566804,0.20882845,0.2673722,0.16744408,0.2771295,0.2673722,0.17854719,0.21252951,0.25223157,0.25223157,0.21589407,0.28823262,0.2865503,0.24112846,0.17854719,0.17854719,0.17854719,0.27578366,0.20176283,0.51922303,0.09381667,0.47270682,0.63581,0.47515115,0.8768824,0.88156307,0.7546391,0.84279126,0.6538401,0.2792631,0.40644434,0.6659055,0.3791729,0.40802914,0.21743542,0.24145462,0.31581265,0.4816668,0.34827098,0.21156006,0.34431264,0.3178512,0.1618335,0.5824856,0.8948535,0.5545001,0.875711,0.5794377,0.621396,0.25366682,0.22952099,0.38347048,0.47770852,0.82645744,0.2663335,0.61031264,0.5018543,0.42581475,0.82883984,0.84154266,0.9402398,0.28414598,0.5873543,0.39972934,0.14916684,0.62642306,0.5059611,0.7199585,0.56413865,0.36385694,0.22318767,0.4040835,0.54948306,0.22635432,0.40804183,0.5378751,0.55529183,0.5000137,0.8095752,0.198646,0.30512515,0.40315327,0.550146,0.84373564,0.7907533,0.35737514,0.26356265,0.374396,0.85282,0.46509132,0.09058349,0.5311559,0.18716682,0.2221387,0.85499704,0.32056266,0.30710432,0.31225017,0.5013398,0.76468766,0.36331266,0.7298543,0.528771,0.76904184,0.35975015,0.12937516,0.60833347,0.5299585,0.67325014,0.26554185,0.42506266,0.6541215,0.41639394,0.26316682,0.78119385,0.14262569,0.6221877,0.35143766,0.3518335,0.65900016,0.30943975,0.2916668,0.15320432,0.84709275,0.14580224,0.1380835,0.43309814,0.4919585,0.35539597,0.3878543,0.6154584,0.4104168,0.28367096,0.52402097,0.2309559,0.72035426,0.44327098,0.49552095,0.26139548,0.71045846,0.7258465,0.13056266,0.46087572,0.7369793,0.3937918,0.14797933,0.47137514,0.37993765,0.972896,0.6733293,0.28968766,0.22163402,0.22635433,0.19468766,0.74529177,0.85737205,0.24933244,0.6538543,0.6388126,0.7007705,0.42387515,0.2212085,0.3755835,0.53798604,0.06247933,0.8131574,0.49829185,0.11393766,0.17885432,0.4492085,0.51056266,0.25129184,0.6372294,0.110375166,0.22006059,0.25841683,0.17647932,0.43005016,0.7214627,0.45389912,0.21287622,0.77735436,0.12462516,0.9490906,0.13847934,0.3149616,0.34193766,0.45045537,0.20232725,0.47294858,0.43297932,0.7247085,0.5394585,0.49999392,0.31343767,0.6107085,0.5640001,0.5366877
BC2026_Train_0019_S22_20211104_200000_60,0.24359974,0.263625,0.60519105,0.45514748,0.57599545,0.7829325,0.58836824,0.861236,0.84860194,0.6385005,0.7942807,0.7370828,0.62134117,0.6731654,0.6718734,0.7938328,0.8957695,0.30249435,0.4295761,0.6402664,0.8421414,0.8094041,0.685603,0.62250584,0.8165631,0.68446165,0.3558313,0.81737006,0.57987005,0.9214743,0.15074216,0.22711818,0.2853255,0.37746122,0.22577237,0.357516,0.17193903,0.24898797,0.28902653,0.18405153,0.29205465,0.28902653,0.16992028,0.22711818,0.26614738,0.26614738,0.26547444,0.28801715,0.3240182,0.2826338,0.16992028,0.16992028,0.16992028,0.29037237,0.21433279,0.5079946,0.10134714,0.46512246,0.61907995,0.36989886,0.7730096,0.88621,0.6603435,0.8020598,0.45514748,0.26740375,0.6100925,0.6657536,0.35285965,0.4928658,0.25382212,0.27368307,0.36335897,0.51971316,0.38908812,0.14779805,0.2283798,0.5147455,0.23985897,0.5740611,0.9018556,0.57790065,0.8713517,0.6083798,0.65785897,0.30319232,0.32773396,0.58140373,0.5458381,0.87786317,0.3245673,0.70615065,0.46983814,0.37319544,0.7770939,0.74487895,0.9564756,0.37365064,0.543859,0.31229648,0.17454648,0.7137269,0.5713991,0.6254006,0.6168288,0.20628242,0.254109,0.452564,0.56161207,0.32060897,0.64321315,0.6641923,0.553359,0.54116726,0.78331834,0.20027566,0.26321313,0.34126157,0.70496315,0.88168293,0.72332984,0.34198394,0.28142148,0.3661298,0.8364016,0.55505115,0.24104647,0.55769336,0.22283813,0.2702689,0.81579643,0.31190065,0.349109,0.32088608,0.4036548,0.7734423,0.2651923,0.75048393,0.501109,0.7738381,0.2295673,0.18760897,0.6499423,0.65192145,0.5232756,0.26915067,0.40887982,0.69552255,0.3994392,0.33010897,0.778327,0.18851939,0.7241908,0.46231732,0.39265063,0.6820048,0.39294752,0.37523398,0.16516522,0.8588533,0.14632356,0.1820673,0.44082358,0.56642145,0.4266923,0.30992147,0.6554839,0.47815064,0.36688194,0.63648397,0.25641474,0.6831923,0.4310465,0.32733813,0.27061525,0.53079647,0.72227097,0.13337982,0.4582105,0.6875465,0.51140064,0.22323398,0.5030882,0.3409647,0.9325871,0.681609,0.38473397,0.3653975,0.1405048,0.43460897,0.74098396,0.8552215,0.2566621,0.6594423,0.71248394,0.6853199,0.5020946,0.18008815,0.40333813,0.509849,0.09854648,0.8133186,0.60719234,0.18048398,0.28023398,0.5019007,0.5771089,0.14485899,0.558109,0.13535899,0.23008189,0.33842146,0.31071314,0.40177462,0.634964,0.56889546,0.41077983,0.6784423,0.12506731,0.94408125,0.20740065,0.3466944,0.37127563,0.47114044,0.1792965,0.4722329,0.26954648,0.55019224,0.54860896,0.4716194,0.29567146,0.6123382,0.5110048,0.40373394
BC2026_Train_0020_S22_20211104_231500_5,0.67660856,0.35249996,0.48027217,0.7119963,0.6199651,0.14961198,0.7376964,0.636759,0.72087353,0.7471173,0.7770621,0.745435,0.52508837,0.57027,0.58843875,0.7033393,0.7345588,0.30264524,0.75312245,0.3953326,0.7958526,0.7083734,0.41100448,0.6854754,0.73891294,0.5772151,0.5949996,0.37974948,0.33414945,0.8441412,0.32022882,0.36598715,0.31114444,0.46658814,0.25832045,0.31787357,0.34680897,0.39223087,0.55474025,0.2603392,0.45548505,0.55474025,0.3104715,0.36598715,0.40030587,0.40030587,0.30542463,0.46389654,0.4366434,0.41611943,0.3104715,0.3104715,0.3104715,0.56348825,0.19069235,0.46669126,0.19022445,0.73139215,0.42682216,0.38972765,0.7398798,0.6957671,0.7757849,0.8841244,0.72466296,0.876762,0.79353803,0.84354633,0.43069324,0.8463974,0.47094944,0.2356503,0.1994352,0.8248519,0.5703311,0.43591595,0.3815185,0.6826488,0.2303102,0.13733885,0.80717796,0.59368527,0.8985085,0.48958105,0.58735186,0.13610186,0.38587272,0.83208925,0.37835187,0.9174769,0.34351853,0.23585185,0.6063519,0.33801645,0.7049342,0.51808107,0.7508311,0.46978936,0.80528194,0.72233105,0.30947685,0.4560975,0.59035033,0.9186644,0.85431653,0.61382324,0.22160187,0.5602452,0.8570936,0.13491437,0.27622688,0.51531017,0.3110602,0.7241108,0.9060448,0.30195603,0.4155602,0.5842644,0.4654352,0.8394977,0.38434872,0.78526855,0.41318518,0.42941433,0.8112364,0.9392131,0.85968524,0.4034576,0.25247687,0.3473977,0.6688936,0.43376854,0.3641019,0.70132107,0.7808732,0.91933733,0.30749768,0.26395604,0.84885526,0.8672061,0.46147683,0.651081,0.7037586,0.34114355,0.7880394,0.2481227,0.21051852,0.69179153,0.33397895,0.5426227,0.6714308,0.6345353,0.6295774,0.13372687,0.7444977,0.2255602,0.38622898,0.4488102,0.3436769,0.7365613,0.33089143,0.67166436,0.18276072,0.12660187,0.68433106,0.4666227,0.42347687,0.4638519,0.7528981,0.63326854,0.60877633,0.86047685,0.24178936,0.4416852,0.5457102,0.6269352,0.8468553,0.59408104,0.2151696,0.4927477,0.42585185,0.41951856,0.7547894,0.3768972,0.6491019,0.7025393,0.74489355,0.41368642,0.2208102,0.60516435,0.973903,0.62727165,0.5486196,0.5794352,0.3641019,0.5011592,0.5439131,0.23901853,0.79584527,0.41833103,0.34510186,0.40697458,0.8679977,0.25762272,0.38428935,0.5651852,0.88531536,0.58735186,0.7005602,0.8129769,0.32352895,0.24495603,0.2516852,0.937083,0.9325186,0.8420113,0.5870946,0.87852687,0.47097686,0.6382759,0.26514354,0.6418669,0.41951856,0.6552808,0.43317476,0.396392,0.35222682,0.26316437,0.79991436,0.4664731,0.3474769,0.44049773,0.17726852,0.7579561
BC2026_Train_0020_S22_20211104_231500_10,0.67318076,0.405375,0.5103845,0.69517136,0.6217443,0.24481796,0.80811644,0.8272946,0.7801904,0.7724519,0.86161333,0.8434446,0.6977581,0.63445055,0.6405068,0.77593124,0.7699839,0.36759943,0.76326066,0.34585044,0.8154117,0.7787377,0.53859746,0.83648384,0.7763172,0.6015568,0.63058126,0.3862492,0.38518044,0.86208045,0.3234027,0.5252777,0.3419079,0.4290506,0.34729123,0.4112183,0.41189122,0.49028602,0.579111,0.32071102,0.45192975,0.579111,0.3758902,0.5252777,0.45933187,0.45933187,0.38194644,0.53570783,0.5373902,0.5262871,0.3758902,0.3758902,0.3758902,0.5289787,0.183436,0.6152724,0.23199297,0.8459838,0.59150064,0.4301352,0.8443491,0.5871089,0.9081792,0.8863094,0.77829635,0.9344328,0.80386716,0.89593214,0.61230963,0.8604971,0.58974713,0.27536827,0.23162207,0.7339346,0.5451221,0.364533,0.23716372,0.49859187,0.2783304,0.21141477,0.8313143,0.53087205,0.82171065,0.62547624,0.65635127,0.27120537,0.58747625,0.8816942,0.30287206,0.8687356,0.5819346,0.35908037,0.5170179,0.41194394,0.8955137,0.48574707,0.61280954,0.52968454,0.927497,0.8439762,0.41528872,0.4780204,0.52502364,0.90453875,0.64781547,0.57763976,0.3151429,0.52811706,0.91391253,0.1726429,0.29930958,0.35987204,0.60528874,0.8789877,0.88278973,0.31791374,0.35868454,0.59975696,0.3543304,0.6848512,0.3730929,0.62191373,0.4331012,0.35353872,0.72549695,0.8908409,0.7014762,0.5265773,0.22330958,0.38004965,0.47783038,0.6888096,0.5316638,0.73091596,0.7203107,0.8707742,0.38876793,0.28189287,0.78380954,0.896622,0.5043512,0.706622,0.8259104,0.42003873,0.8273512,0.30405954,0.20787206,0.87547225,0.27534184,0.4461637,0.68729746,0.67777574,0.61696583,0.21103874,0.87287205,0.34285122,0.47705853,0.40737206,0.37057936,0.77977204,0.39884186,0.7466012,0.17978768,0.2082679,0.55937207,0.6227054,0.44378874,0.57005954,0.7121043,0.4809971,0.5783127,0.7252263,0.28110123,0.59064287,0.37328094,0.63655955,0.77866566,0.79251784,0.25497624,0.5799554,0.40103874,0.42280954,0.71453875,0.39490333,0.67495537,0.66505957,0.6084554,0.26614368,0.21380956,0.5839137,0.9664273,0.6126512,0.87331945,0.6084554,0.31712207,0.42993456,0.43360794,0.22330958,0.4865387,0.3721429,0.3804554,0.40433607,0.8889231,0.3286012,0.41489288,0.54789287,0.92904866,0.5193929,0.71730953,0.8269554,0.2901698,0.33335122,0.23122624,0.8798961,0.9362054,0.85037297,0.56352836,0.909269,0.40578872,0.8448265,0.22093457,0.6047742,0.3970804,0.66139024,0.6387366,0.37920853,0.39945537,0.4782262,0.8962262,0.427767,0.32622623,0.6294346,0.19005957,0.54947627
BC2026_Train_0020_S22_20211104_231500_15,0.5286473,0.3255,0.38890594,0.6643493,0.6134848,0.2965987,0.7141602,0.77380747,0.7289644,0.7636196,0.7848165,0.5974092,0.7393946,0.57530546,0.5853992,0.7413476,0.72332853,0.34603998,0.7333337,0.33621195,0.80365354,0.64989203,0.5330015,0.59468263,0.6291202,0.57073474,0.3594338,0.38245496,0.26132995,0.8018008,0.29432192,0.4235219,0.293649,0.3680063,0.37002507,0.33065942,0.36531466,0.43698028,0.52715105,0.26437715,0.28792918,0.52715105,0.31249067,0.4235219,0.41847503,0.41847503,0.32460317,0.48273858,0.47096255,0.44572818,0.31249067,0.31249067,0.31249067,0.38617507,0.15603754,0.5763148,0.23639244,0.87968266,0.60950464,0.5238424,0.8293802,0.7515435,0.8381795,0.87922746,0.8126879,0.9747817,0.6453493,0.91290617,0.58527994,0.8267383,0.57419664,0.43008482,0.2338826,0.87073886,0.3660909,0.49963522,0.2350701,0.70407325,0.3395701,0.16380031,0.7414102,0.29761177,0.7987209,0.40171593,0.58300763,0.30275756,0.44248676,0.88096464,0.26198676,0.76984096,0.47613257,0.4649701,0.3775701,0.35667008,0.8773988,0.5101743,0.3811326,0.46782005,0.85613257,0.73975766,0.3371951,0.35444945,0.6224425,0.8913618,0.81194735,0.5106493,0.21884094,0.6088001,0.8066025,0.17965345,0.313841,0.55015343,0.5450076,0.8223285,0.8590484,0.25446594,0.3732159,0.56496745,0.39736176,0.5351118,0.35909462,0.46465343,0.33679926,0.2790076,0.78634953,0.73483944,0.8406951,0.44710815,0.16738261,0.40986025,0.42032003,0.6289243,0.48404926,0.70175046,0.69086266,0.8707983,0.3462993,0.3090909,0.8106118,0.875766,0.4147784,0.5699451,0.6530701,0.43734092,0.8414868,0.29642427,0.1127576,0.9226638,0.2678451,0.7231326,0.4365453,0.6085191,0.6256686,0.30117428,0.58221596,0.44486177,0.44668257,0.28850758,0.37101907,0.75055397,0.31079304,0.9069775,0.22638157,0.2607993,0.3383826,0.6194243,0.61625767,0.4567368,0.55921805,0.48127842,0.56986594,0.67048675,0.25327843,0.4203201,0.3144545,0.66613257,0.6746134,0.83119506,0.33018887,0.6158618,0.40686178,0.5081951,0.6043826,0.40932584,0.46702844,0.5560909,0.6566326,0.32999736,0.1756951,0.8379243,0.8674931,0.55794144,0.91038364,0.5608409,0.2516951,0.39882636,0.3228224,0.19034095,0.5929035,0.40329927,0.5355076,0.30700886,0.87560767,0.23111176,0.58182013,0.49077845,0.91313267,0.42309093,0.71996593,0.84544516,0.29299933,0.25209093,0.18400759,0.7363353,0.9681535,0.8959327,0.6105378,0.92395866,0.4856326,0.6165842,0.2576326,0.6184348,0.4203201,0.67206615,0.6899816,0.31555295,0.51532006,0.21567425,0.6427784,0.34914213,0.3336326,0.5814243,0.15511177,0.6609867
BC2026_Train_0020_S22_20211104_231500_20,0.5634747,0.20587498,0.326169,0.69132686,0.60681653,0.27072892,0.6083902,0.68577564,0.73086107,0.74667466,0.73658085,0.42034367,0.8287705,0.43643555,0.4627802,0.7289692,0.60582685,0.3045779,0.69136655,0.38586232,0.7818737,0.682955,0.5440789,0.4793185,0.6549102,0.4884029,0.2876032,0.36442265,0.26823515,0.79987895,0.20185404,0.30581963,0.1907509,0.29909045,0.27923945,0.2264155,0.33004463,0.31725925,0.38354155,0.21295717,0.15138529,0.38354155,0.21834049,0.30581963,0.31322172,0.31322172,0.23684569,0.40070087,0.3586436,0.322979,0.21834049,0.21834049,0.21834049,0.250304,0.09586966,0.42916805,0.2286914,0.90745187,0.46619865,0.5681623,0.7498499,0.7700976,0.8802265,0.8659606,0.828681,0.9100249,0.65332687,0.9062401,0.31490391,0.8167414,0.4670226,0.45541218,0.19838122,0.7594948,0.28902704,0.28430673,0.2288604,0.34673953,0.25458956,0.198688,0.69085723,0.25617287,0.63894373,0.6710062,0.547902,0.123964556,0.30802703,0.7890086,0.34761032,0.71217287,0.59975624,0.3812562,0.43231872,0.3886187,0.88319224,0.51069367,0.36186036,0.42440206,0.82894367,0.8297354,0.44775623,0.3701135,0.49997655,0.8906937,0.8782135,0.43945357,0.1872979,0.5688812,0.69825935,0.19758955,0.2779437,0.4180687,0.72761035,0.85348547,0.8735079,0.3456312,0.3634437,0.5637948,0.39708954,0.4643812,0.32159424,0.4121312,0.39115202,0.25102705,0.87440485,0.7882125,0.65477705,0.36592758,0.17265205,0.37605104,0.36819372,0.6401312,0.35077703,0.6284937,0.51174265,0.745027,0.36304784,0.11090205,0.5890688,0.85524684,0.34167287,0.61875623,0.46477702,0.40817288,0.7533396,0.31752703,0.14811037,0.5495448,0.297102,0.3955062,0.31190622,0.59931093,0.39787132,0.22173539,0.59619373,0.35671452,0.37836662,0.22608955,0.20879164,0.7023963,0.20710935,0.85845304,0.21113694,0.18096456,0.4073812,0.47551203,0.45765203,0.45686033,0.60652506,0.41608953,0.5158296,0.5657146,0.24271455,0.32900622,0.33855563,0.68763125,0.7437999,0.78777707,0.29565725,0.38600618,0.2704229,0.40579787,0.7200896,0.44262028,0.37848535,0.5471104,0.702277,0.2742778,0.20233954,0.6725896,0.7572978,0.42152232,0.81287104,0.43627703,0.23123538,0.39323017,0.34319684,0.22213122,0.54829794,0.4061937,0.4050062,0.3135885,0.8888135,0.21619374,0.36106873,0.52217287,0.89313203,0.6159854,0.74502707,0.7477979,0.2518098,0.23479788,0.18373539,0.7623555,0.94136035,0.8143682,0.4819958,0.89615625,0.5079229,0.6780719,0.17146455,0.7370708,0.34919366,0.6446636,0.5960552,0.25052235,0.3123812,0.20115204,0.60292286,0.32534474,0.17225622,0.49644372,0.12475622,0.55423534
BC2026_Train_0020_S22_20211104_231500_25,0.5169405,0.249375,0.36877057,0.75033337,0.6171356,0.3401172,0.63733155,0.60334927,0.75475556,0.7349045,0.7106795,0.6437243,0.6881368,0.4524475,0.46516564,0.7820926,0.6220834,0.31180948,0.73378307,0.30880928,0.76282614,0.73052615,0.52129465,0.59991676,0.7733392,0.58032304,0.3484314,0.31304216,0.23965468,0.8075963,0.3007957,0.36842382,0.29473943,0.35025504,0.2991134,0.31156236,0.3677509,0.38760194,0.47945508,0.26311234,0.23417693,0.47945508,0.28397277,0.36842382,0.3482363,0.3482363,0.25369152,0.4622957,0.39735922,0.37481654,0.28397277,0.28397277,0.28397277,0.3526103,0.12415507,0.47425002,0.25390464,0.88293755,0.42161962,0.46598166,0.75419176,0.8532501,0.8264077,0.8608947,0.87038964,0.95820534,0.60466677,0.92786336,0.4615984,0.801263,0.47157338,0.40294045,0.25815198,0.8576415,0.4774436,0.5274474,0.43350616,0.60211134,0.60331863,0.29600355,0.7073635,0.34761032,0.60490197,0.58629787,0.49921447,0.16829781,0.6092562,0.8351385,0.32544366,0.83804786,0.52613115,0.5881345,0.462402,0.44746917,0.85873157,0.49763113,0.43429783,0.38996446,0.8313186,0.8170687,0.38283947,0.41809243,0.26871085,0.8978187,0.62972355,0.5486343,0.22529782,0.5530478,0.7548932,0.20867282,0.205902,0.46200615,0.65715206,0.61202705,0.86771554,0.43865198,0.34088117,0.68216866,0.43231866,0.46794364,0.31333116,0.4366728,0.4117353,0.29773533,0.79242134,0.77332914,0.6777353,0.48117435,0.25261033,0.404927,0.5340478,0.6009437,0.36740196,0.6782697,0.61299676,0.8158812,0.35433948,0.5862978,0.87618643,0.8479437,0.3844228,0.60569364,0.65873533,0.38125613,0.7751103,0.27636033,0.09071449,0.5123067,0.31860563,0.36344364,0.40968096,0.54107386,0.42782596,0.3024853,0.68129784,0.44656867,0.45036864,0.48417282,0.44910198,0.6985943,0.2502551,0.61954784,0.32123792,0.20669365,0.3369228,0.6068812,0.3986728,0.5538395,0.43404055,0.4141103,0.61525303,0.6314228,0.23915197,0.3666103,0.40985513,0.6516103,0.7665999,0.7988604,0.37576395,0.3092145,0.31594366,0.36423534,0.7778812,0.34101972,0.66704786,0.5847145,0.75333947,0.27729055,0.17502698,0.70069367,0.82300615,0.33755618,0.7445382,0.45686033,0.51623535,0.4077275,0.46048617,0.22015199,0.6080687,0.46675614,0.4877353,0.37031534,0.91796666,0.38798532,0.47467282,0.47269365,0.85742784,0.5269228,0.71533954,0.6124228,0.26782715,0.2882353,0.33098534,0.9302968,0.97579783,0.8034688,0.47762176,0.91218746,0.60450613,0.55864894,0.19046448,0.7159926,0.4817978,0.7353726,0.62372386,0.33952543,0.6337978,0.28150612,0.583527,0.40271032,0.34325615,0.5079228,0.16592282,0.4426103
BC2026_Train_0020_S22_20211104_231500_30,0.5566987,0.29212502,0.4206472,0.7367855,0.5992333,0.30507526,0.63746095,0.5290541,0.72830474,0.7491652,0.73503387,0.6351057,0.70946306,0.42437375,0.46979564,0.8228246,0.56736875,0.28500104,0.79237026,0.31548095,0.73824084,0.70022106,0.5230528,0.6386188,0.63149375,0.5051636,0.3451883,0.31362528,0.24736275,0.783519,0.30518857,0.46197814,0.32268438,0.38963956,0.29072085,0.36575103,0.3960323,0.43842602,0.58108443,0.29778647,0.30081457,0.58108443,0.33950728,0.46197814,0.38089165,0.38089165,0.33681563,0.50773644,0.46231458,0.44683748,0.33950728,0.33950728,0.33950728,0.42059374,0.19516668,0.5867991,0.28085026,0.8990771,0.44034782,0.62693083,0.82342255,0.56222296,0.90525264,0.8512006,0.8653521,0.9593824,0.6647438,0.917428,0.7344357,0.8199356,0.46823773,0.40905282,0.2867636,0.9075095,0.45261773,0.6503366,0.2962636,0.5480136,0.49418026,0.18522248,0.6246866,0.33228445,0.6081803,0.69328445,0.578097,0.10982614,0.5028886,0.731334,0.29943028,0.646972,0.41778445,0.44865945,0.3888886,0.38999698,0.89716893,0.5571178,0.26736778,0.4613261,0.79145116,0.8088678,0.2839928,0.61322874,0.3340657,0.87611985,0.6081595,0.61534494,0.2246178,0.8101344,0.67594695,0.1533678,0.1664303,0.49695113,0.69447196,0.69662935,0.82495844,0.28953445,0.3497011,0.8533249,0.53970116,0.4447011,0.31378916,0.47715944,0.35009694,0.3413886,0.8918039,0.7164506,0.808472,0.50550115,0.17870113,0.56985873,0.45340943,0.6058053,0.6172845,0.5622241,0.59553343,0.77482617,0.45538864,0.43243027,0.86179066,0.8539928,0.5630553,0.7008053,0.50447196,0.56740946,0.7843261,0.45657614,0.12051363,0.70824695,0.3038636,0.59234697,0.36694124,0.62181675,0.2965605,0.28438863,0.72970116,0.39324278,0.46860948,0.2570761,0.40590945,0.6523449,0.3271782,0.65172195,0.26361728,0.1581178,0.25628448,0.70132774,0.6544928,0.40274277,0.34200215,0.2816178,0.71897405,0.644597,0.24718028,0.39284694,0.39504382,0.69724286,0.73226416,0.77363867,0.29977664,0.37424278,0.38849276,0.57018036,0.64499277,0.27300844,0.5531595,0.53138864,0.6062012,0.34608915,0.20284697,0.9557062,0.67111784,0.4675506,0.89521885,0.61015946,0.509222,0.3754798,0.4052975,0.15099281,0.5230761,0.561472,0.6513262,0.34439856,0.625597,0.1878053,0.39443028,0.63470113,0.9103753,0.44786778,0.7114928,0.8385553,0.26301363,0.24440946,0.27805528,0.7112355,0.9719512,0.8420584,0.77545947,0.96201575,0.6889303,0.5156741,0.26736778,0.7447429,0.42847192,0.8624771,0.76726574,0.29285946,0.5860137,0.2839928,0.52109694,0.35328344,0.28122193,0.5151594,0.14545113,0.26934698
BC2026_Train_0020_S22_20211104_231500_35,0.5663155,0.3105,0.45225957,0.7388189,0.5945376,0.3646622,0.7713903,0.625031,0.7744185,0.7808112,0.7569226,0.7431278,0.80806434,0.5050391,0.50958127,0.8133863,0.6129439,0.33433652,0.78449357,0.38333425,0.732679,0.74748313,0.65933627,0.56861055,0.6299647,0.5731627,0.3610517,0.3817622,0.22394347,0.83942485,0.30096307,0.40223703,0.33528185,0.40425578,0.24443808,0.3362912,0.37532037,0.4315089,0.6101683,0.29524326,0.35042244,0.6101683,0.3201412,0.40223703,0.374311,0.374311,0.3426839,0.5119224,0.49308077,0.46279952,0.3201412,0.3201412,0.3201412,0.44328496,0.19699745,0.5699588,0.24959347,0.86983967,0.47229436,0.5896342,0.8288561,0.66400635,0.87963605,0.85899436,0.83354175,0.9292345,0.6972563,0.89307046,0.5591748,0.8817789,0.46761844,0.43252382,0.21212831,0.76813567,0.37441993,0.33110592,0.21608664,0.42285016,0.40173247,0.1998377,0.77264816,0.31464913,0.6352741,0.6340866,0.6032116,0.18560748,0.62339914,0.772658,0.40054497,0.63804495,0.5280033,0.4876283,0.39223245,0.31819183,0.875636,0.62656575,0.29960746,0.49396163,0.785295,0.71998245,0.2738783,0.6781335,0.21704654,0.89658356,0.75410855,0.59879017,0.2180658,0.7978508,0.62598443,0.1349408,0.17769082,0.4591283,0.6186491,0.57775956,0.79646736,0.3455241,0.35304496,0.8755524,0.3083158,0.45279497,0.37697306,0.4484408,0.32731578,0.42508662,0.8288157,0.7351627,0.61785746,0.39211372,0.13573246,0.49543858,0.40964913,0.62141997,0.56837827,0.50742,0.52323353,0.75442,0.4120241,0.23627414,0.6669408,0.8510033,0.5418574,0.63923246,0.42904496,0.34077412,0.8363574,0.43775332,0.07635747,0.8392149,0.28656477,0.5272116,0.5731586,0.6252002,0.35788405,0.20737831,0.63448244,0.31860745,0.3077814,0.33325326,0.41618037,0.70350397,0.28496164,0.6467533,0.28933558,0.14087829,0.33998245,0.5134841,0.50900334,0.4417116,0.396745,0.2679408,0.8627081,0.6625866,0.21014914,0.26912832,0.40784812,0.68831575,0.66046894,0.7635242,0.23763977,0.31939912,0.23073247,0.4654616,0.6083574,0.2646851,0.45121163,0.56917,0.60637826,0.3557861,0.25369078,0.96817,0.71958655,0.60778344,0.8656215,0.5105867,0.36254495,0.42807516,0.53648466,0.13652414,0.6982116,0.61310744,0.44883662,0.49981067,0.7504616,0.10762831,0.44448245,0.5236491,0.9164741,0.41044077,0.70691997,0.7033574,0.26245257,0.15196162,0.32929498,0.62251836,0.9357116,0.8108797,0.74887824,0.84924185,0.46348244,0.5889419,0.18956582,0.66254705,0.5921283,0.91552174,0.56422204,0.29655954,0.3431491,0.22202414,0.65506583,0.47141892,0.22123249,0.5375033,0.16937831,0.43339914
BC2026_Train_0020_S22_20211104_231500_40,0.62565696,0.31125,0.45358646,0.7050818,0.6055297,0.23418698,0.7747023,0.62396896,0.7548513,0.7629263,0.75687003,0.8419604,0.50778997,0.6055244,0.49387068,0.80521244,0.61285263,0.30994117,0.6903271,0.3279615,0.76266575,0.6459147,0.28840697,0.6385818,0.64610267,0.5627798,0.43557927,0.24772447,0.25556195,0.7956765,0.2952668,0.39788654,0.32151055,0.44667304,0.30065012,0.36457717,0.36962408,0.41235432,0.5762094,0.32285637,0.34708133,0.5762094,0.3194918,0.39788654,0.37231576,0.37231576,0.32891262,0.43758866,0.44499075,0.4338876,0.3194918,0.3194918,0.3194918,0.46282303,0.15933762,0.5863463,0.23489948,0.72606105,0.47782397,0.58136916,0.7755056,0.7224985,0.7854559,0.85745794,0.74658495,0.9519037,0.626311,0.9078726,0.48142445,0.8154682,0.4899745,0.21992783,0.26980808,0.6205164,0.36441222,0.28136644,0.32641223,0.47421643,0.26743305,0.1286737,0.71565497,0.3177039,0.7246205,0.57024556,0.5457039,0.09880808,0.16095391,0.592719,0.31334975,0.71116227,0.3557039,0.5654956,0.30622473,0.30284038,0.62585026,0.52274555,0.36995393,0.44674557,0.5100789,0.5457039,0.2630789,0.72849244,0.3136664,0.90225077,0.7764653,0.66617924,0.1858914,0.74995387,0.71438485,0.12018308,0.13324557,0.45030805,0.5009747,0.75723726,0.84154975,0.21122475,0.33591223,0.88038796,0.3592664,0.46059972,0.31675392,0.51720387,0.28009975,0.27970392,0.794661,0.77091324,0.6751414,0.4727518,0.15659975,0.38878864,0.55084974,0.55876637,0.5920164,0.6445633,0.6738351,0.8421831,0.35055807,0.30899557,0.8227675,0.84455806,0.64624554,0.43328723,0.6644539,0.27099556,0.79864144,0.25872475,0.065558076,0.9393241,0.22410913,0.36480808,0.7032581,0.38748935,0.34816325,0.09603724,0.5781622,0.29791227,0.33828726,0.43170393,0.4279237,0.50237006,0.27887267,0.43368307,0.19798411,0.1336414,0.3687664,0.3054331,0.38618308,0.5203706,0.4137133,0.38499558,0.9190108,0.58607894,0.2523914,0.35293308,0.38883516,0.6418914,0.6316196,0.5223497,0.21544036,0.43724558,0.23655808,0.44041225,0.63080806,0.28961954,0.59834975,0.6418914,0.40399554,0.26870963,0.17837058,0.96962166,0.83032787,0.57515395,0.7394149,0.5662872,0.25159976,0.41125914,0.46100807,0.13482891,0.74441224,0.43605807,0.6422872,0.5708281,0.9542831,0.13759974,0.37628725,0.5136414,0.7984831,0.504933,0.7879737,0.37312058,0.20066094,0.08574557,0.33591223,0.74464977,0.95934975,0.7743224,0.7406914,0.83020914,0.44278723,0.5063779,0.22903724,0.6929737,0.6102247,0.91847366,0.4790654,0.29644766,0.59359974,0.19459975,0.7677664,0.33771327,0.2508081,0.41666225,0.19420391,0.29830807
BC2026_Train_0020_S22_20211104_231500_45,0.68319714,0.33262497,0.451527,0.66940516,0.6086448,0.19059114,0.8235321,0.6360071,0.80053514,0.76251537,0.78135705,0.8386727,0.5302582,0.5795914,0.45178768,0.7641388,0.64882183,0.24964365,0.6760196,0.29232246,0.7483581,0.7066372,0.24540551,0.83803016,0.7414468,0.49331868,0.46950218,0.19842863,0.2358349,0.8353245,0.30009305,0.45755553,0.3290285,0.5544556,0.2812514,0.3926191,0.36233786,0.4191993,0.62914926,0.3515712,0.40103057,0.62914926,0.373441,0.45755553,0.44611597,0.44611597,0.3633472,0.46495765,0.46731284,0.4700045,0.373441,0.373441,0.373441,0.53056705,0.17997742,0.48267457,0.21552864,0.6979052,0.44705766,0.44175845,0.79238164,0.49777183,0.7956067,0.86659944,0.7325208,0.9083697,0.67257184,0.85923046,0.30779737,0.7901995,0.47487858,0.1646555,0.24292111,0.59600437,0.5944211,0.42665708,0.14554612,0.5525221,0.4127336,0.14705028,0.7318149,0.35494196,0.85250443,0.6771503,0.5358377,0.09092111,0.15227526,0.51377004,0.34662944,0.90548676,0.15346277,0.41946277,0.39887944,0.36697528,0.68357265,0.7195044,0.5089211,0.43490028,0.7630461,0.5397961,0.2809211,0.6474546,0.20762268,0.9205877,0.49465138,0.6988895,0.1977961,0.4562753,0.7632935,0.16890028,0.23381694,0.37077528,0.37117112,0.87227434,0.87385976,0.33950448,0.3767128,0.92307067,0.3838378,0.52356696,0.3925956,0.4835878,0.49625444,0.2900253,0.7456493,0.8724287,0.6763586,0.38399613,0.13960862,0.40973622,0.64152527,0.5710669,0.5682961,0.6719055,0.82331175,0.7725461,0.3945253,0.35652527,0.8590159,0.85646284,0.45508778,0.38106698,0.7202328,0.19660862,0.8414211,0.21758777,0.12575445,0.9500279,0.2700753,0.3007128,0.7113817,0.32855967,0.26398936,0.10200444,0.6177752,0.2939836,0.3042159,0.28487948,0.49657112,0.5903737,0.28964925,0.45667112,0.19550028,0.08894195,0.3838378,0.29042113,0.46181694,0.64390033,0.539332,0.20017111,0.9228361,0.661317,0.17008778,0.32367113,0.4019076,0.6731919,0.7519093,0.46419194,0.20967112,0.36285862,0.22906694,0.25954613,0.70090026,0.22462371,0.7428586,0.72860855,0.48675448,0.32198885,0.16771278,0.97139305,0.95690554,0.62643415,0.65522105,0.74879605,0.2555878,0.43846282,0.41025156,0.15187943,0.62015027,0.51208776,0.41946274,0.37525988,0.950592,0.07033778,0.32327527,0.43054613,0.77927524,0.40560862,0.7933076,0.41906694,0.18014196,0.10833778,0.32129613,0.90826935,0.9194003,0.7440461,0.68744195,0.86618054,0.2524211,0.5393607,0.2369836,0.6022497,0.69179606,0.90203583,0.6012096,0.2736378,0.30348364,0.2995253,0.77610856,0.4111503,0.35335863,0.44321278,0.13881695,0.66567105
BC2026_Train_0020_S22_20211104_231500_50,0.5559858,0.2445,0.40087932,0.7599321,0.61406755,0.14977357,0.907922,0.5383562,0.7336367,0.7686283,0.8372658,0.73969287,0.766946,0.50425506,0.4488404,0.71193403,0.7896196,0.29841024,0.6882121,0.3463704,0.8379361,0.79789746,0.41190252,0.8299154,0.7148071,0.5926926,0.42143586,0.2741048,0.1786298,0.8289443,0.17188978,0.25835955,0.19174084,0.4619169,0.28796792,0.24792935,0.20923667,0.30142626,0.4225512,0.2613877,0.39428875,0.4225512,0.29873458,0.25835955,0.31185645,0.31185645,0.25667727,0.30882832,0.35391375,0.3670356,0.29873458,0.29873458,0.29873458,0.44845852,0.19914292,0.48336104,0.2249423,0.7353905,0.4827845,0.35999402,0.79659915,0.4628196,0.79858524,0.87327904,0.7894811,0.8896863,0.6455363,0.86033005,0.5712569,0.83870167,0.49141735,0.1668817,0.23229297,0.66533464,0.91605544,0.47246486,0.24258463,0.62088263,0.28573048,0.18170546,0.6555279,0.46623045,0.93622714,0.56637627,0.54460543,0.1792513,0.45356378,0.70235497,0.48127213,0.940894,0.30631378,0.25564712,0.4705846,0.50583357,0.7282919,0.71571624,0.60556376,0.41160545,0.7666679,0.64395964,0.22160546,0.42133567,0.34124613,0.9376679,0.53998417,0.77725655,0.22358464,0.39023048,0.7743011,0.12858462,0.34114712,0.5275846,0.48958462,0.80280757,0.865992,0.41358462,0.37320963,0.92490196,0.353418,0.69660544,0.48727888,0.5545013,0.47375128,0.46464714,0.7792059,0.87582254,0.61941797,0.48055962,0.2659388,0.46013513,0.55410546,0.73420966,0.40408462,0.6063951,0.7830357,0.7718138,0.39656377,0.44248044,0.94198257,0.8347513,0.35183463,0.46939713,0.737028,0.30195963,0.81614715,0.31106377,0.18043879,0.8652963,0.37596068,0.3977513,0.73363626,0.43494976,0.50463617,0.19508463,0.74093884,0.25683463,0.3937732,0.36370966,0.33667424,0.5715023,0.13681798,0.52837634,0.26783878,0.2006263,0.631293,0.3645013,0.6459388,0.2873138,0.47644296,0.5283763,0.6864128,0.6324805,0.19468881,0.67206377,0.37203202,0.9345013,0.8588145,0.50502217,0.2923508,0.49116793,0.519668,0.25604296,0.7599388,0.23109557,0.6732513,0.6320846,0.6392096,0.3144185,0.1780638,0.86192524,0.9726399,0.6719945,0.53302735,0.6558346,0.3858763,0.47504768,0.4041763,0.21250129,0.5046263,0.5845846,0.22477214,0.2917992,0.7326263,0.17529297,0.28612632,0.41714713,0.7737929,0.15985547,0.75336796,0.43852213,0.27597317,0.26079297,0.39260545,0.90961385,0.85533464,0.84896165,0.42203566,0.9186877,0.33204296,0.5219539,0.28216797,0.4717326,0.5628138,0.82301646,0.3931992,0.31098464,0.43654296,0.2041888,0.79793876,0.376594,0.28612632,0.37914714,0.18043879,0.7274804
BC2026_Train_0020_S22_20211104_231500_55,0.6982939,0.3165,0.51386267,0.732524,0.62505525,0.25771105,0.91017693,0.6798376,0.87195534,0.7703449,0.83158034,0.73636264,0.857824,0.677749,0.5839377,0.830057,0.7483573,0.4283854,0.7644509,0.3823015,0.8677436,0.815929,0.46514806,0.8447348,0.91896147,0.686544,0.6557715,0.31756106,0.3692173,0.83689433,0.2603748,0.4548477,0.29772165,0.51036334,0.2819081,0.37981752,0.3774623,0.43230498,0.5308873,0.30142272,0.42153832,0.5308873,0.39462164,0.4548477,0.46628729,0.46628729,0.3313675,0.52247584,0.46191335,0.4531654,0.39462164,0.39462164,0.39462164,0.58001024,0.15405394,0.5212387,0.22849858,0.8623573,0.5127108,0.52315784,0.86383873,0.6181282,0.8715803,0.89984274,0.8639209,0.9439584,0.8026498,0.9135248,0.70943606,0.87614125,0.47431102,0.36104387,0.2798814,0.8261313,0.9194689,0.48511115,0.23396474,0.47015846,0.26483968,0.2487689,0.7348225,0.5304439,0.92958635,0.48096472,0.64404804,0.22486056,0.5264855,0.8370168,0.3250064,0.89740115,0.59100634,0.38042307,0.57873553,0.5084454,0.7994028,0.6069505,0.7323189,0.45998552,0.803173,0.66542304,0.37765223,0.44455773,0.26742253,0.93933964,0.50423974,0.8488028,0.19002722,0.5011522,0.74755853,0.1646939,0.21417306,0.49679807,0.4239647,0.77380216,0.9044295,0.33806887,0.3653814,0.9139011,0.36775637,0.6852147,0.4637559,0.63969386,0.3812147,0.32183972,0.74110645,0.85499656,0.8884355,0.6589116,0.31273556,0.43022534,0.4936314,0.6246522,0.33767307,0.6519647,0.65028244,0.841173,0.43227723,0.506298,0.8957585,0.87394804,0.4750272,0.7323189,0.6495897,0.4936314,0.83563143,0.39665222,0.16588138,0.75428766,0.38025486,0.4196106,0.51537544,0.55331314,0.39919546,0.18527722,0.79961044,0.38477722,0.38166994,0.31154805,0.2605845,0.71629757,0.30499703,0.7457772,0.42103556,0.15163139,0.5510272,0.54944384,0.5735896,0.5850688,0.68127614,0.5537981,0.57189757,0.71371466,0.2525689,0.56844383,0.45809546,0.910523,0.8335641,0.864448,0.33163664,0.44533974,0.39229804,0.42911056,0.6254439,0.29792154,0.59061056,0.66423553,0.6278188,0.3323293,0.1991314,0.8059439,0.9074554,0.6545277,0.73805845,0.60683966,0.28977722,0.42920956,0.29685253,0.20783973,0.59995216,0.4607772,0.29492307,0.37221918,0.800798,0.25454807,0.33411056,0.43029806,0.8700531,0.31708974,0.9043481,0.546673,0.3713189,0.19992307,0.36063138,0.90248144,0.95675635,0.79862094,0.4893366,0.9464845,0.598923,0.5702944,0.19556889,0.67656577,0.4750272,0.6501337,0.5273959,0.4011845,0.5031314,0.34202725,0.660673,0.44504288,0.3879439,0.46552724,0.18408974,0.575173
BC2026_Train_0020_S22_20211104_231500_60,0.5330632,0.285,0.47430485,0.6730778,0.63131744,0.31726757,0.8555795,0.67086387,0.8461586,0.7640628,0.8215972,0.7556513,0.6853315,0.6837003,0.6320405,0.78058684,0.65328616,0.39546013,0.7320278,0.3991696,0.8645924,0.77913195,0.52356327,0.8832654,0.8357653,0.6948012,0.58745974,0.3578801,0.28734255,0.8720082,0.25439024,0.42867565,0.2819798,0.3990673,0.23285691,0.33076632,0.38863716,0.40142253,0.46198502,0.26381105,0.31226107,0.46198502,0.33177564,0.42867565,0.3815715,0.3815715,0.2789517,0.45323712,0.4364142,0.41521734,0.33177564,0.33177564,0.33177564,0.47510692,0.14268607,0.46325618,0.21894257,0.88128614,0.49782664,0.4837458,0.83497477,0.6714945,0.8886981,0.90989494,0.849857,0.8824143,0.96553934,0.89918447,0.4708113,0.89094883,0.4366113,0.35375074,0.27480534,0.593847,0.80953664,0.17026576,0.3741595,0.37526783,0.17822199,0.17436263,0.7967908,0.53961784,0.910007,0.6302636,0.71299285,0.14932616,0.693597,0.83779466,0.38959697,0.84884286,0.7428545,0.26926365,0.5613886,0.35431832,0.87787724,0.61517453,0.58790946,0.5186387,0.86895114,0.7569303,0.43472198,0.5126853,0.2819699,0.9346595,0.643338,0.71028894,0.24788865,0.49488866,0.75315017,0.16951366,0.18851365,0.38128448,0.59899276,0.75388247,0.94878125,0.42126364,0.30488864,0.90960926,0.36624283,0.8117611,0.46381575,0.77474284,0.3860345,0.23601365,0.7484476,0.79825294,0.6441178,0.4209272,0.19880533,0.37538064,0.517847,0.5400137,0.5645553,0.55224496,0.7309043,0.8234303,0.37336782,0.34645113,0.6536178,0.8715241,0.4089928,0.8994303,0.60334694,0.33180535,0.85998553,0.4992428,0.18178448,0.6475022,0.32235482,0.270847,0.6977374,0.47190067,0.51700586,0.19880533,0.58790946,0.27638867,0.31605116,0.30409697,0.26583973,0.70090014,0.28636366,0.70745116,0.3055814,0.23324282,0.54832613,0.5423886,0.49488863,0.5625762,0.73167616,0.62393034,0.59674096,0.6049303,0.2126595,0.5008262,0.40427256,0.9683648,0.75627977,0.82422197,0.39555427,0.513097,0.3899928,0.45490947,0.8206595,0.35045898,0.50755537,0.70909387,0.72763866,0.3270004,0.19880533,0.73159695,0.9007168,0.6051282,0.60841364,0.5736595,0.41215947,0.41372305,0.31619367,0.20790948,0.6615344,0.406222,0.31438866,0.44909474,0.70863867,0.26768032,0.23363866,0.47113866,0.873147,0.50557613,0.8006699,0.676972,0.5354022,0.2878678,0.5760345,0.92256445,0.9366386,0.7944751,0.43313864,0.9426356,0.5162636,0.6877783,0.223347,0.636795,0.49370116,0.632128,0.37552515,0.3812251,0.5004303,0.2459095,0.70388865,0.39310014,0.34170118,0.5091387,0.20672199,0.6643053
