row_id,1161364,116570,1176823,1491113,1595929,209233,22930,22956,22961,22967,22973,22983,22985,23150,23154,23158,23176,23724,24279,24285,24287,24321,244024,25073,25092,25214,326272,41970,43435,47144,47158son01,47158son02,47158son03,47158son04,47158son05,47158son06,47158son07,47158son08,47158son09,47158son10,47158son11,47158son12,47158son13,47158son14,47158son15,47158son16,47158son17,47158son18,47158son19,47158son20,47158son21,47158son22,47158son23,47158son24,47158son25,476521,516975,517063,555123,555145,555146,64898,65377,65380,66971,67107,67252,70711,738183,74113,74580,760266,ashgre1,astcra1,bafcur1,baffal1,banana,barant1,batbel1,baymac,bbwduc,bcwfin2,bkcdon,bkhpar,blchaw1,blheag1,blttit1,bncfly,bobfly1,brcmar1,brnowl,bucmot4,bucpar,bufpar,bunibi1,burowl,camfli1,chacha1,chbmoc1,chobla1,chvcon1,cibspi1,coffal1,compau,compot1,crbthr1,crebec1,dwatin1,epaori4,eulfly1,fabwre1,fepowl,ficman1,flawar1,fotfly,fusfly1,gilhum1,giwrai1,glteme1,grasal3,greani1,greant1,greela,grekis,grepot1,gretho2,greyel,grfdov1,grhtan1,gycwor1,horscr1,houspa,hyamac1,larela1,lesela1,lesgrf1,limpki,linwoo1,litcuc2,litnig1,mabpar,magant1,magtan2,masgna1,nacnig1,ocecra1,oliwoo1,orbtro3,orwpar,osprey,pabspi1,palhor3,paltan1,phecuc1,picpig2,pirfly1,plasla1,platyr1,plcjay1,pluibi1,purjay1,pvttyr1,ragmac1,rebscy1,recfin1,redjun,relser1,rinkin1,rivwar1,roahaw,rubthr1,rufcac2,rufcas2,rufgna3,rufhor2,rufnig1,ruftho1,ruftof1,rumfly1,ruther1,rutjac1,sabspa1,saffin,saytan1,scadov1,schpar1,scther1,shcfly1,shshaw,shtnig1,sibtan2,smbani,smbtin1,sobcac1,sobtyr1,socfly1,sofspi1,souant1,soulap1,souscr1,spbant3,spispi1,sptnig1,squcuc1,stbwoo2,strcuc1,strher2,strowl1,swthum1,swtman1,tattin1,thlwre1,toctou1,trokin,trsowl,undtin1,varant1,watjac1,wesfie1,wfwduc1,whbant2,whbwar2,whiwoo1,whlspi1,whnjay1,whtdov,whwpic1,y00678,yebcar,yebela1,yecmac,yecpar,yehcar1,yeofly1
BC2026_Train_0001_S08_20250606_030007_5,0.8572457,0.8354167,0.5508461,0.21100341,0.65077424,0.59627146,0.3111196,0.52561176,0.3141477,0.1566852,0.17788208,0.3625977,0.37773833,0.42847627,0.36034343,0.09462546,0.808118,0.57457626,0.11130909,0.5973232,0.46408567,0.16203019,0.34068322,0.3036284,0.56072223,0.45592526,0.22483483,0.90650594,0.58241737,0.17550066,0.87283546,0.75381327,0.7071297,0.59441614,0.9247341,0.68240005,0.4278693,0.6835776,0.3908589,0.9190984,0.5372183,0.3908589,0.9090047,0.75381327,0.81311405,0.81311405,0.8619005,0.7811506,0.77273905,0.7575984,0.9090047,0.9090047,0.9090047,0.28487447,0.922463,0.35731533,0.4444694,0.2858159,0.4235709,0.826648,0.378906,0.8100972,0.5974308,0.34054485,0.14865968,0.2858159,0.2786909,0.7688712,0.29840687,0.21825065,0.3482819,0.6197457,0.31053898,0.6113723,0.41147646,0.27615094,0.08491397,0.3351796,0.5935598,0.3812447,0.34957805,0.3144973,0.34220564,0.72220564,0.34022647,0.57376814,0.47678897,0.2527968,0.29272646,0.3204348,0.77960145,0.48866397,0.4332473,0.21044262,0.12058845,0.27689314,0.5658515,0.3738723,0.2848098,0.54605985,0.35803896,0.5071098,0.46961448,0.64620566,0.7829512,0.39915618,0.4332473,0.8845963,0.33656502,0.53022647,0.657388,0.5638723,0.7538723,0.28342438,0.4748098,0.47283065,0.57178897,0.39816657,0.1423098,0.31053898,0.21331242,0.39762232,0.57376814,0.39366394,0.76259553,0.628789,0.7914765,0.26209888,0.2610598,0.090307206,0.22543481,0.20564313,0.3738723,0.44581503,0.57366914,0.69251806,0.4035598,0.38574728,0.27293482,0.30658063,0.24522647,0.14626814,0.50845563,0.32439312,0.34418482,0.963664,0.60543483,0.20534627,0.3096978,0.68855983,0.39271396,0.7837008,0.2883723,0.6608514,0.16408063,0.251164,0.20900773,0.55793476,0.35912752,0.16601032,0.51558065,0.36991397,0.48722908,0.7116172,0.48470566,0.2610598,0.4748098,0.20564315,0.4230546,0.5341848,0.3941093,0.29272646,0.6846014,0.49460146,0.6271636,0.8798463,0.46728897,0.30064312,0.46605197,0.5064765,0.8537212,0.29272646,0.20960146,0.194164,0.33428895,0.3382473,0.2016848,0.473177,0.77336705,0.4213723,0.3263723,0.32266137,0.5083567,0.23335147,0.39366394,0.23221345,0.4835577,0.5994973,0.59751815,0.42137232,0.49262232,0.49701607,0.49460146,0.3501223,0.35408062,0.87333477,0.13439314,0.7286973,0.35408062,0.29074728,0.4679817,0.18783063,0.5381431,0.13835147,0.5102765,0.3451744,0.34190875,0.13439314,0.512414,0.38827074,0.5994973,0.49034628,0.5856431,0.5609431,0.28847125,0.27387488,0.54012233,0.21158063,0.34616393,0.80077857,0.6450181,0.24918482,0.4629348,0.45897648
BC2026_Train_0001_S08_20250606_030007_10,0.8783981,0.8479167,0.45181105,0.17414881,0.6376697,0.59140366,0.26255324,0.46695164,0.256497,0.14445636,0.16565323,0.33068603,0.36248136,0.43900287,0.3330185,0.065786466,0.69209677,0.5535551,0.09113143,0.5468643,0.4393658,0.15093689,0.34006473,0.38611755,0.49477375,0.41728944,0.1975099,0.9096537,0.55182034,0.14965364,0.8724912,0.7023272,0.64723223,0.6203156,0.92817503,0.61526865,0.3847947,0.6876072,0.36124262,0.92985725,0.5496593,0.36124262,0.9079874,0.7023272,0.78518015,0.78518015,0.85920095,0.76499265,0.7700395,0.7717218,0.9079874,0.9079874,0.9079874,0.25694054,0.93153954,0.3617857,0.42396608,0.27389878,0.42023343,0.80867463,0.38465294,0.84449255,0.5546832,0.29830194,0.14208631,0.30061755,0.27033627,0.7059213,0.28859115,0.1763724,0.33312237,0.61516887,0.3722926,0.6038551,0.45937595,0.25309727,0.115000926,0.20267802,0.6434384,0.38664156,0.2842197,0.27927178,0.33864677,0.5820843,0.25750092,0.5998967,0.5998967,0.17071448,0.38218844,0.28520927,0.7344801,0.5108342,0.5246884,0.19040719,0.17002176,0.26541758,0.35843843,0.30500093,0.1347926,0.35052177,0.32083425,0.45620927,0.51721704,0.59023845,0.7380674,0.1958499,0.3940634,0.8792562,0.1982249,0.57416755,0.60820925,0.63156337,0.7384384,0.31964678,0.30777177,0.4019801,0.6572926,0.35522228,0.12687592,0.26937592,0.2182145,0.3564593,0.44156343,0.3307301,0.787695,0.5100426,0.6810426,0.32746446,0.3069801,0.09446707,0.23968844,0.14270926,0.36635512,0.3941624,0.48500615,0.5801051,0.3188551,0.35645926,0.26145926,0.27333423,0.16448009,0.13875093,0.4672926,0.22781344,0.30302176,0.90815204,0.6553135,0.15448532,0.30480304,0.6097926,0.26274574,0.7181421,0.13756344,0.7285426,0.14468843,0.28520927,0.20099573,0.51875097,0.38080302,0.14310509,0.5036103,0.23177177,0.43711033,0.7629801,0.42177173,0.3366676,0.43364677,0.21395928,0.39030305,0.61968845,0.25977698,0.19218843,0.6553135,0.42573008,0.52400565,0.8579801,0.38891762,0.32083425,0.44695663,0.5563551,0.7952405,0.2357301,0.25750092,0.124105096,0.30895928,0.2634384,0.10708426,0.5105374,0.78494895,0.44552177,0.3069801,0.28887072,0.5286468,0.21000093,0.36437595,0.14919105,0.3620009,0.6513551,0.46927175,0.41781342,0.69489676,0.38050613,0.4138551,0.30302176,0.28718844,0.8928134,0.12687592,0.6819135,0.21989676,0.2812509,0.47986034,0.17239678,0.42770928,0.09243843,0.5121801,0.3419124,0.38268325,0.17239676,0.5048967,0.38515723,0.5227093,0.46432388,0.44948012,0.44948012,0.26808947,0.2231624,0.6236468,0.23770925,0.19812593,0.70875096,0.6414593,0.18427177,0.5207301,0.42770928
BC2026_Train_0001_S08_20250606_030007_15,0.87485766,0.8375,0.5254408,0.17330253,0.64850044,0.560261,0.31061214,0.45293403,0.31061214,0.16980436,0.15769185,0.3378653,0.35603404,0.4095853,0.34448066,0.08784707,0.803865,0.55646914,0.10721445,0.5878452,0.46150506,0.15642148,0.43944103,0.30689627,0.55449003,0.43603688,0.24228144,0.8831621,0.56421936,0.18224022,0.88963515,0.71501327,0.6514226,0.5521674,0.91310316,0.6329174,0.410855,0.70862055,0.37552685,0.9205893,0.5639435,0.37552685,0.91890705,0.71501327,0.7759122,0.7759122,0.8448862,0.7658184,0.77759457,0.7843237,0.91890705,0.91890705,0.91890705,0.24935496,0.9239539,0.36567757,0.42449018,0.31224,0.43227646,0.82332516,0.46180072,0.84146917,0.5884773,0.32317984,0.15905252,0.25880253,0.28908375,0.7274,0.38352147,0.17689648,0.33364648,0.6749618,0.28783986,0.6124232,0.38679817,0.35641798,0.12356901,0.2704232,0.7212773,0.30802736,0.28521746,0.29773566,0.36898568,0.59658986,0.27398565,0.60054815,0.54117316,0.21644142,0.2561732,0.29179817,0.71336067,0.48377737,0.46398565,0.20540756,0.09516798,0.25419402,0.37690234,0.29179817,0.22450653,0.3571107,0.35315233,0.50588465,0.46072006,0.5239148,0.7506259,0.2807643,0.4145065,0.8977201,0.26379296,0.5213815,0.7012878,0.67575645,0.74700654,0.29516277,0.37893102,0.4580482,0.6539856,0.30302998,0.17502734,0.32148567,0.2231706,0.4145065,0.46398565,0.33336067,0.7826736,0.52964455,0.74898565,0.31569663,0.3313815,0.116295576,0.20471485,0.19086067,0.2561732,0.40827215,0.534444,0.7252357,0.35315233,0.36502737,0.23440234,0.29179817,0.206694,0.15127735,0.4521107,0.31950653,0.32346484,0.9328503,0.57283986,0.19313674,0.30298048,0.610444,0.25858775,0.67827994,0.11619662,0.7113815,0.16711068,0.25419402,0.20817839,0.5767982,0.39402217,0.1321784,0.53869927,0.29179817,0.46952733,0.750668,0.45408985,0.35315233,0.49961066,0.19877735,0.43479297,0.5926315,0.38001952,0.22252735,0.7094024,0.55304813,0.5050039,0.86100656,0.4438477,0.40263152,0.4168815,0.5661107,0.72325647,0.29179817,0.15721485,0.14479557,0.31950653,0.44419402,0.11169401,0.4839258,0.77006376,0.4145065,0.2799232,0.27532163,0.53385025,0.22252735,0.242319,0.17463152,0.3527961,0.6658607,0.47190234,0.45013154,0.63221484,0.41504094,0.503569,0.36304817,0.29971483,0.91951066,0.13148567,0.66736484,0.29179817,0.39471486,0.5119805,0.16908985,0.503569,0.1551862,0.49335653,0.33029297,0.47398052,0.17700651,0.4976315,0.4349414,0.5471107,0.48189715,0.467944,0.38980654,0.30486068,0.25008723,0.59856904,0.26804817,0.26804817,0.78174084,0.65992314,0.22846486,0.50158983,0.29575652
BC2026_Train_0001_S08_20250606_030007_20,0.89937407,0.86041665,0.5800001,0.2011991,0.6556158,0.5844545,0.3697136,0.5598126,0.38788235,0.13351984,0.16682923,0.427248,0.41664958,0.40002224,0.34703007,0.0843402,0.8109804,0.32499596,0.11959189,0.69308513,0.5601841,0.16274267,0.40656152,0.3401366,0.60910535,0.42474598,0.21909174,0.91121495,0.6412566,0.20583984,0.8932169,0.7307917,0.66164947,0.5270661,0.8970021,0.6498735,0.41603482,0.7709985,0.41098794,0.91735786,0.6784724,0.41098794,0.9156755,0.7307917,0.81473804,0.81473804,0.87361825,0.78950363,0.8046443,0.8248317,0.9156755,0.9156755,0.9156755,0.26799318,0.924087,0.3500582,0.41780853,0.2938241,0.48429912,0.84052444,0.5651333,0.84858453,0.6412223,0.35472804,0.18694909,0.27244908,0.27779287,0.7949129,0.2895586,0.20049608,0.32874608,0.63812405,0.29417193,0.7889636,0.38521358,0.2497891,0.10219276,0.27675527,0.6563595,0.34785682,0.25607297,0.3258386,0.37729692,0.69594276,0.33969277,0.5217761,0.61479694,0.19847922,0.3555261,0.36146358,0.6721928,0.6207344,0.46635944,0.22742453,0.14810944,0.27635944,0.32385942,0.36938027,0.27635944,0.41885942,0.31594276,0.513701,0.41970056,0.5950052,0.77342474,0.21747921,0.4742761,0.9057344,0.27992195,0.50000525,0.6440886,0.6642761,0.8424011,0.33068755,0.38031518,0.47625527,0.6286511,0.30144536,0.12594275,0.27042192,0.24305993,0.41094276,0.49604693,0.41292194,0.808164,0.500698,0.7117761,0.27121362,0.24469277,0.047419325,0.3020886,0.15563025,0.39906776,0.43766153,0.5369168,0.6741719,0.33375528,0.24667192,0.26646358,0.3555261,0.21896358,0.17344275,0.45448443,0.35156778,0.39510944,0.9558074,0.6108386,0.18571359,0.32331517,0.50594276,0.32191983,0.6817422,0.23974484,0.7612552,0.17938025,0.28823444,0.21451049,0.5950052,0.3947136,0.17502609,0.5545313,0.3911511,0.5076745,0.7359219,0.4624011,0.31000525,0.4683386,0.2605261,0.41143754,0.5930261,0.267948,0.24073443,0.6662553,0.41688028,0.49837244,0.92997926,0.39639592,0.38719276,0.4599766,0.5761042,0.6543802,0.27042192,0.18531775,0.206099,0.30010942,0.44656777,0.14177608,0.5046563,0.7569011,0.44260943,0.3139636,0.2918464,0.5936198,0.22094277,0.26646358,0.18576306,0.39762297,0.62073445,0.4762553,0.3871928,0.5257344,0.51538336,0.46042192,0.2783386,0.2644844,0.9324137,0.11208859,0.7163678,0.25063026,0.29813024,0.5919376,0.20708857,0.7177136,0.12292454,0.49549276,0.33622926,0.4130209,0.16156776,0.49010944,0.4074793,0.49208862,0.39966154,0.52375525,0.42285734,0.36275002,0.25775525,0.56135947,0.25260943,0.2842761,0.7926251,0.6820886,0.29813027,0.50792193,0.36938027
BC2026_Train_0001_S08_20250606_030007_25,0.8942647,0.84791666,0.61034316,0.2258092,0.64341336,0.48713344,0.4305062,0.5699681,0.35783118,0.1473765,0.16857336,0.46532968,0.42293584,0.41465738,0.3540949,0.08837689,0.76513207,0.4270905,0.102372326,0.5552452,0.56029207,0.14855121,0.47072303,0.35405922,0.57315296,0.46182483,0.23221284,0.91829497,0.5684772,0.19857095,0.8828896,0.68580914,0.6180128,0.5456743,0.9280592,0.6045544,0.39090344,0.70044506,0.34716383,0.9275545,0.56081486,0.34716383,0.9073669,0.68580914,0.8064294,0.8064294,0.8653096,0.7626898,0.7643721,0.7778305,0.9073669,0.9073669,0.9073669,0.24454404,0.92923677,0.3540949,0.42657098,0.29705924,0.56774986,0.81067276,0.41802588,0.84231967,0.59192044,0.31114596,0.14387172,0.28280923,0.19196546,0.78504926,0.30544597,0.29832098,0.3535397,0.5954106,0.38275698,0.608382,0.4045278,0.3017101,0.109631985,0.26163197,0.49359027,0.3598976,0.21052001,0.2461945,0.3392153,0.62223613,0.35306945,0.584632,0.5430695,0.17133251,0.38869447,0.27984032,0.6855695,0.7132778,0.45994446,0.17974396,0.09003824,0.2580695,0.35900697,0.335257,0.11754865,0.4045278,0.30161113,0.48129973,0.45984548,0.6485195,0.7896084,0.25193408,0.49161115,0.85607475,0.19443929,0.5094237,0.679632,0.620257,0.7932362,0.2898351,0.3622726,0.4698403,0.61827785,0.32550958,0.113590315,0.2699445,0.23268668,0.49161115,0.572757,0.30556947,0.8507765,0.50007206,0.750882,0.34921008,0.3886945,0.05802522,0.22046532,0.099736154,0.37286115,0.4399549,0.5274341,0.61036116,0.3154653,0.34119448,0.28181946,0.30359033,0.18088199,0.12150698,0.4856736,0.27390277,0.42827782,0.9129757,0.59254867,0.25836638,0.27899915,0.47577783,0.33325803,0.73653305,0.24268147,0.71723616,0.22046533,0.36692366,0.23471533,0.6143195,0.35198095,0.1371424,0.513481,0.34119448,0.437283,0.7445487,0.4104653,0.3273403,0.39265278,0.16900699,0.42105383,0.5054653,0.33941326,0.26004863,0.6301528,0.44213194,0.48418927,0.9019914,0.46137938,0.3629653,0.5072466,0.59304345,0.6717154,0.24817367,0.14723614,0.18043669,0.26994446,0.38473612,0.11556948,0.48928562,0.7554341,0.4460903,0.34119448,0.28147313,0.60442364,0.2501528,0.24619448,0.19097576,0.32652885,0.620257,0.4876528,0.442132,0.65192366,0.46279448,0.4718195,0.3154653,0.37879866,0.9240195,0.13536115,0.7502487,0.18484034,0.31744447,0.50516844,0.2560903,0.3867153,0.13011636,0.5193986,0.3672205,0.34911114,0.15911116,0.5094237,0.29968148,0.5054653,0.46311113,0.40848613,0.45438302,0.27291325,0.23817888,0.58661115,0.21056949,0.22442366,0.786507,0.65192366,0.23431948,0.52723616,0.49359033
BC2026_Train_0001_S08_20250606_030007_30,0.85379463,0.8354167,0.6018493,0.24287799,0.634753,0.5681895,0.41343266,0.53960454,0.34378582,0.16361235,0.19540767,0.40283424,0.38617957,0.38671386,0.36097485,0.09828502,0.7920967,0.30254984,0.08192348,0.55161935,0.45286876,0.15535551,0.28379464,0.31056547,0.5743883,0.42723733,0.23455064,0.8938614,0.47437692,0.20006444,0.88188404,0.6415686,0.62911963,0.5769686,0.9217543,0.5954738,0.38855195,0.6728592,0.32294255,0.9235207,0.550052,0.32294255,0.90501547,0.6415686,0.79230195,0.79230195,0.8545467,0.7502446,0.74519783,0.7502446,0.90501547,0.90501547,0.90501547,0.24051026,0.93024987,0.36097485,0.43875194,0.30878425,0.45921576,0.7916366,0.36761498,0.85938835,0.57041025,0.32344985,0.17519048,0.24644049,0.2963155,0.7423207,0.33187696,0.24815822,0.3550332,0.5925446,0.41371906,0.6611148,0.45330238,0.27275288,0.112885706,0.39580762,0.5938232,0.2736435,0.3335628,0.2791357,0.37809402,0.69673985,0.3385107,0.6056982,0.5225732,0.26978415,0.3286149,0.30090654,0.61361486,0.6116357,0.45726067,0.21768259,0.10942218,0.25142738,0.50673985,0.26923984,0.22173989,0.49486488,0.34048986,0.514518,0.4022894,0.5958815,0.7380387,0.3574612,0.43944818,0.8922816,0.3012529,0.5601773,0.6769482,0.6452815,0.7303857,0.33841175,0.44350553,0.45330238,0.6670524,0.30709141,0.15444821,0.33653158,0.25682062,0.44736487,0.5126774,0.41767734,0.78529423,0.65883887,0.82934403,0.38853413,0.283094,0.06315915,0.2672607,0.11486488,0.2613232,0.43847346,0.5495047,0.66309404,0.34642738,0.46319818,0.22173989,0.26528153,0.18809403,0.15444821,0.5601773,0.28507322,0.3860107,0.91751593,0.663094,0.21545602,0.3287139,0.69080234,0.35974717,0.7730714,0.17463572,0.698719,0.23559403,0.29892737,0.2326253,0.61361486,0.38314092,0.15989093,0.53454715,0.4097607,0.4132737,0.744042,0.5126774,0.27121902,0.43548983,0.25340655,0.49822944,0.62153155,0.39278936,0.2870524,0.69278145,0.50080234,0.6265438,0.84428674,0.52089095,0.330594,0.5199508,0.58353156,0.85725033,0.27121902,0.15246904,0.13426071,0.33059406,0.44934404,0.11684405,0.50025815,0.78085446,0.39392734,0.36028153,0.29551333,0.53721905,0.2672607,0.41569817,0.1986331,0.45059097,0.65517735,0.5403857,0.4117399,0.65121907,0.53975236,0.4928857,0.2870524,0.36819822,0.9222065,0.14257321,0.71376073,0.25934404,0.29101068,0.4783389,0.22569822,0.544344,0.13059926,0.47950655,0.27309924,0.42272425,0.1841357,0.5186149,0.43450028,0.69673985,0.4797243,0.5106982,0.5919034,0.28388572,0.2825498,0.6294482,0.25340655,0.3206982,0.849205,0.674969,0.19996904,0.6116356,0.48496908
BC2026_Train_0001_S08_20250606_030007_35,0.8664243,0.85783327,0.6430386,0.25434345,0.65512466,0.55865234,0.6918251,0.64135635,0.43981773,0.1839412,0.19908182,0.49432397,0.49432403,0.44363695,0.37550408,0.0901033,0.8045517,0.59278095,0.09582334,0.56787443,0.56450975,0.16471319,0.36569512,0.33628097,0.49837464,0.45473412,0.24605174,0.8962982,0.49254814,0.25564194,0.874455,0.68057084,0.6132792,0.6553365,0.9154188,0.65028965,0.42486247,0.6738417,0.3390656,0.9413261,0.5308469,0.3390656,0.9194563,0.68057084,0.7882375,0.7882375,0.86562294,0.7529094,0.75627404,0.7512271,0.9194563,0.9194563,0.9194563,0.25326875,0.9295501,0.39518687,0.44089195,0.28818718,0.56442446,0.86462945,0.43825257,0.89361423,0.6008313,0.3331786,0.19199969,0.33271846,0.38437468,0.7271532,0.28057942,0.26454818,0.37854818,0.58340347,0.33203048,0.82286376,0.53390545,0.27602005,0.11036378,0.23208255,0.6368221,0.31045753,0.26374918,0.26078045,0.40723878,0.6486971,0.34984297,0.5715096,0.5675513,0.25197315,0.2825513,0.23109294,0.7120304,0.7199471,0.4903638,0.19635858,0.09319452,0.3063013,0.49234298,0.2469263,0.24296793,0.421093,0.33203045,0.4916107,0.40387422,0.6275596,0.8055199,0.33331692,0.44484296,0.92231697,0.25222057,0.44088462,0.64473873,0.7179679,0.80703044,0.34172836,0.57873356,0.421093,0.68828046,0.36211377,0.12817629,0.30234295,0.2440565,0.41515544,0.48640543,0.3676555,0.8251859,0.51732993,0.7140096,0.36577526,0.28650963,0.119863786,0.25088462,0.21525961,0.34984297,0.47146276,0.5454836,0.60515547,0.36963463,0.5952596,0.28650963,0.35182214,0.22317629,0.14400962,0.5418221,0.25880128,0.59328043,0.92023885,0.5734888,0.2000695,0.27374402,0.6625513,0.39403778,0.70149136,0.17250961,0.6467179,0.2469263,0.33994713,0.19675441,0.6427596,0.34895235,0.14534555,0.54241586,0.37359297,0.4248534,0.7507232,0.4230721,0.18755127,0.39734295,0.1915096,0.46453568,0.5279679,0.30303568,0.23307213,0.6368221,0.421093,0.51475704,0.8727388,0.4416268,0.38348877,0.49056172,0.51609296,0.76517105,0.29640546,0.15588461,0.1590513,0.3181763,0.3063013,0.07671795,0.4437544,0.767645,0.48244712,0.3834888,0.30125442,0.60950965,0.25088462,0.33598882,0.20120753,0.3889909,0.60911375,0.4606763,0.44880128,0.5457805,0.46974087,0.52598876,0.29046795,0.23703045,0.92316794,0.15390545,0.73973876,0.18359295,0.27067629,0.47156173,0.17369711,0.55171794,0.211994,0.5125304,0.3167909,0.3178794,0.18755127,0.44484296,0.36468673,0.52005124,0.518369,0.49234298,0.41254297,0.30857733,0.25474402,0.58536375,0.31421795,0.26078045,0.8163325,0.76348877,0.20734294,0.6249471,0.5180721
BC2026_Train_0001_S08_20250606_030007_40,0.88565755,0.8208333,0.4592366,0.19753465,0.6299826,0.5736758,0.31842875,0.4592366,0.26695064,0.14128345,0.13219908,0.33205536,0.36839285,0.39897627,0.320245,0.06058327,0.8090971,0.5498263,0.08916417,0.5778699,0.52067196,0.14442743,0.34930342,0.25631592,0.5854513,0.40505034,0.19836295,0.8978634,0.5677383,0.17289452,0.8817626,0.6644105,0.5958571,0.560529,0.9361847,0.6109977,0.37379462,0.6715602,0.3485602,0.92895085,0.53193,0.3485602,0.91044563,0.6644105,0.77586234,0.77586234,0.85661227,0.7523102,0.7506279,0.73885185,0.91044563,0.91044563,0.91044563,0.23921128,0.9323154,0.33992782,0.4293945,0.25809717,0.41978025,0.8132683,0.42810762,0.8518472,0.59848905,0.32006985,0.12628467,0.24919093,0.22069092,0.73967457,0.27086326,0.19426952,0.3314258,0.5689909,0.25127986,0.6075298,0.37992567,0.24415487,0.092946514,0.15806112,0.6312799,0.25221997,0.25845432,0.20180067,0.3086757,0.6589881,0.288884,0.514509,0.4393007,0.16276163,0.23544651,0.18794653,0.6906548,0.51252985,0.34627986,0.16657153,0.10694913,0.20971736,0.35023817,0.25325903,0.18398818,0.29284236,0.27502984,0.43069133,0.36527985,0.5840174,0.7822288,0.19066787,0.35815486,0.91657674,0.21481371,0.3898215,0.51252985,0.61544657,0.7955507,0.2559309,0.36834756,0.37398818,0.56992567,0.26058194,0.07117569,0.1998215,0.18136579,0.30075902,0.40565488,0.31065485,0.78646827,0.4900168,0.6827382,0.30590487,0.1780507,0.051977772,0.17409235,0.18596736,0.25721735,0.37547258,0.4999622,0.5521132,0.2908632,0.2710715,0.18200901,0.26711318,0.20180067,0.09690485,0.37596735,0.25919652,0.34034237,0.88966,0.5659673,0.18285018,0.26077986,0.5758631,0.24563923,0.5875402,0.17275643,0.7586392,0.18794653,0.23940486,0.12777984,0.514509,0.26523298,0.10863142,0.5007538,0.18200904,0.37502724,0.67996734,0.38784236,0.23148817,0.3561757,0.12659234,0.37537363,0.5125298,0.26637098,0.17013404,0.54617566,0.39575902,0.47314444,0.8431496,0.34702203,0.25523818,0.42965227,0.47294652,0.68867564,0.17805067,0.11075901,0.090324126,0.24732152,0.24732152,0.065238185,0.32594392,0.76042044,0.39773816,0.26315483,0.26379806,0.50016004,0.17409235,0.16419652,0.1184283,0.32807153,0.5521132,0.3443007,0.36409235,0.5006548,0.35330594,0.47294652,0.22950903,0.17013401,0.945809,0.08700902,0.71701735,0.19784236,0.24534237,0.3655767,0.13252985,0.48482153,0.16983715,0.49162987,0.28987363,0.2859153,0.12857151,0.36607152,0.3846262,0.4511757,0.3837851,0.3898215,0.38358715,0.23326942,0.18477985,0.51648813,0.17409235,0.16419652,0.64632154,0.6075298,0.18596736,0.5125298,0.28294653
BC2026_Train_0001_S08_20250606_030007_45,0.87522346,0.8520833,0.44088113,0.17642485,0.61263317,0.391985,0.22588421,0.44239515,0.23951079,0.122927986,0.122927986,0.28190455,0.33035457,0.3420633,0.30723986,0.06726094,0.77789354,0.42579988,0.081042625,0.54114944,0.39293954,0.13479184,0.36143172,0.31179985,0.5700811,0.35544047,0.18687189,0.85105276,0.5802038,0.19070376,0.8992793,0.69479674,0.63061726,0.5397735,0.9052514,0.60538286,0.37490886,0.6878152,0.3547214,0.9182891,0.5481849,0.3547214,0.9048308,0.69479674,0.802211,0.802211,0.8341746,0.7685652,0.7601537,0.761836,0.9048308,0.9048308,0.9048308,0.248737,0.9250183,0.32692268,0.40089124,0.26370612,0.3536988,0.79874915,0.39382148,0.8357843,0.551566,0.29686704,0.16395609,0.23876858,0.18889359,0.6225686,0.25126624,0.18892252,0.29757875,0.55934846,0.36156192,0.6564578,0.37541607,0.24548379,0.050832756,0.3417703,0.46447858,0.23677549,0.19823122,0.21114525,0.35562444,0.34770775,0.35166606,0.5891661,0.5218744,0.15468952,0.2903119,0.2151036,0.6386453,0.4763536,0.28833273,0.17868692,0.11772859,0.1616661,0.3556244,0.28041604,0.122082755,0.40510356,0.3397911,0.44049105,0.4103484,0.5085744,0.73194766,0.20674163,0.41697857,0.8504161,0.27150983,0.54364526,0.6999005,0.57135355,0.8452703,0.26240566,0.26087183,0.43281192,0.6069786,0.24731454,0.12010359,0.25468692,0.33523902,0.3932286,0.56739527,0.25864524,0.76833564,0.47655153,0.5654161,0.35275462,0.31208274,0.07403849,0.24281192,0.14385357,0.22302026,0.41302025,0.50386405,0.58718693,0.40312442,0.2863536,0.2507286,0.29624942,0.16760358,0.12010359,0.42489526,0.24874943,0.4090619,0.8731766,0.69406193,0.30515566,0.2594369,0.47833273,0.33618897,0.6994057,0.13846037,0.769765,0.19531193,0.42687443,0.21223381,0.62874943,0.29743692,0.15810359,0.48080668,0.3437494,0.34780672,0.74710363,0.44666606,0.22302026,0.34770775,0.21708277,0.53157234,0.55947864,0.33627808,0.19531193,0.5951036,0.4684369,0.49080148,0.81439525,0.456364,0.31208274,0.5181635,0.46447858,0.73562443,0.23489526,0.20520774,0.099767655,0.33781192,0.27249938,0.102291085,0.47937185,0.7381974,0.30416608,0.2962494,0.32850987,0.5645255,0.22302026,0.26458275,0.13964787,0.34628275,0.5574994,0.3437494,0.26458275,0.5951036,0.45058483,0.37343693,0.29229107,0.3101036,0.93844944,0.10624942,0.66546303,0.15177026,0.26260358,0.41816607,0.21906191,0.3556244,0.08423119,0.46867442,0.32564005,0.43766087,0.12604108,0.5040619,0.32103848,0.45656192,0.46091607,0.34177026,0.45394942,0.26883796,0.20807755,0.5574994,0.23291609,0.21312442,0.7259265,0.55947864,0.17749941,0.5238536,0.46447858
BC2026_Train_0001_S08_20250606_030007_50,0.8657877,0.87166667,0.44552773,0.18844062,0.62009686,0.4278685,0.27746683,0.4001059,0.24869965,0.15331373,0.14725748,0.306234,0.31986055,0.35582468,0.3119169,0.07042391,0.8051489,0.2409875,0.08364746,0.45610678,0.38797396,0.14042482,0.2574907,0.2596906,0.4930343,0.36389375,0.18095048,0.8733789,0.58343107,0.14821224,0.89127415,0.6521364,0.65432334,0.52478683,0.9250041,0.5903963,0.35487542,0.66778165,0.2976775,0.91844314,0.5096463,0.2976775,0.91171396,0.6521364,0.7771306,0.7771306,0.83937544,0.75694317,0.74684936,0.74012023,0.91171396,0.91171396,0.91171396,0.21188061,0.9083494,0.32857156,0.402931,0.22940938,0.3724833,0.7584852,0.40503561,0.8342427,0.5395399,0.33312264,0.13322186,0.21159686,0.15459688,0.6511038,0.28536847,0.16602473,0.3067435,0.48905322,0.28210196,0.7115811,0.3988728,0.30550563,0.13960198,0.19254468,0.4978311,0.24672438,0.22861502,0.20095614,0.34741446,0.4285603,0.26033112,0.5829353,0.40678945,0.16458897,0.3513728,0.20689365,0.57699776,0.4859561,0.3454353,0.17186241,0.07651604,0.2563728,0.41470614,0.28408113,0.13366447,0.45824784,0.27814364,0.42988637,0.45859414,0.5254603,0.7467346,0.27329466,0.35533115,0.8546749,0.20620093,0.4681436,0.6770447,0.5948103,0.72068524,0.2836853,0.36908635,0.3929353,0.5037687,0.2687921,0.09803948,0.28803945,0.27047437,0.38897693,0.51564366,0.30783114,0.77817667,0.49303165,0.7056436,0.32697958,0.26428947,0.09551604,0.27814364,0.1435603,0.26033112,0.3927374,0.488628,0.49981025,0.33553946,0.4107478,0.22272699,0.27616447,0.16731031,0.11783114,0.46616447,0.24251865,0.35928944,0.8628884,0.60074776,0.17591968,0.24588324,0.5987686,0.29025617,0.6806566,0.1309926,0.64033115,0.18116447,0.270227,0.17572176,0.5473103,0.3478103,0.10175042,0.4756644,0.22074781,0.4065421,0.7304822,0.4166853,0.26824778,0.38897696,0.16928947,0.4216332,0.5374145,0.3304926,0.1732478,0.6244978,0.495852,0.48719314,0.85764366,0.39377645,0.28803945,0.47363585,0.5549301,0.67595613,0.2682478,0.1494978,0.100711346,0.28803945,0.37116447,0.090122804,0.35805252,0.72266454,0.38303944,0.2563728,0.29570872,0.5278155,0.24251863,0.2919978,0.19942228,0.376053,0.6146019,0.38106027,0.38897696,0.5789769,0.47194365,0.45033112,0.28210196,0.29397696,0.88186866,0.10595614,0.65196866,0.14751865,0.29793528,0.4066905,0.22272699,0.30783114,0.14365926,0.483977,0.2838832,0.3691853,0.15741448,0.41470614,0.31777644,0.51960194,0.37452906,0.34147698,0.39455822,0.26033112,0.20753689,0.48199782,0.16928947,0.21283114,0.6972322,0.6304352,0.22866447,0.4998103,0.5532478
BC2026_Train_0001_S08_20250606_030007_55,0.9168571,0.9270834,0.7892,0.1826613,0.6291613,0.4828034,0.28072736,0.46847114,0.22167891,0.14900392,0.17474297,0.6292982,0.3397758,0.5344562,0.34360027,0.08091037,0.8320258,0.39819255,0.10082401,0.555211,0.56698704,0.1515451,0.3006436,0.21828628,0.5925467,0.44361442,0.2535135,0.93058985,0.7888815,0.22274086,0.88818085,0.6954744,0.7006053,0.7140636,0.9419301,0.7726073,0.3574178,0.6854647,0.32881883,0.93276155,0.53405845,0.32881883,0.9108918,0.6954744,0.77967304,0.77967304,0.8503293,0.76957923,0.767897,0.7628501,0.9108918,0.9108918,0.9108918,0.23124592,0.93949074,0.34662837,0.42045963,0.26816127,0.67999625,0.76461554,0.3829035,0.8430103,0.5906269,0.3221332,0.109630056,0.22184882,0.18088004,0.75042313,0.32783464,0.22452213,0.32070962,0.5262686,0.3058896,0.5968271,0.6898479,0.19876722,0.13766043,0.17397815,0.5572437,0.2623974,0.22177501,0.25641042,0.30193126,0.54536873,0.24453545,0.54338956,0.40484792,0.15111877,0.2880771,0.22474377,0.6126604,0.57703537,0.34151462,0.15680888,0.08466825,0.3118271,0.41870213,0.29005626,0.26828542,0.33161876,0.30193126,0.4104094,0.37540781,0.5729979,0.750827,0.20594169,0.41870213,0.9094365,0.26096252,0.46422294,0.67312396,0.5948479,0.7294313,0.32142606,0.4079651,0.37516043,0.5869312,0.27259016,0.11984793,0.26828542,0.17041564,0.3256813,0.48203546,0.34547293,0.8371959,0.52335054,0.74328536,0.3121735,0.20099376,0.05220992,0.5473479,0.19505627,0.21880627,0.44136357,0.5355719,0.6463062,0.26432708,0.2623479,0.18911877,0.2623479,0.15349378,0.11984792,0.4305771,0.29005626,0.3593271,0.8832125,0.5889104,0.20040002,0.23924118,0.64432704,0.29769585,0.61983496,0.100946896,0.6720354,0.14755628,0.29599375,0.13865001,0.5572437,0.29629064,0.08971512,0.4695667,0.22078544,0.37511098,0.68094164,0.44047293,0.14953543,0.35734794,0.17328542,0.4375042,0.525577,0.37417087,0.17130627,0.5651604,0.44641045,0.47684014,0.8875666,0.4308245,0.28016043,0.45561355,0.8063219,0.6581812,0.27422294,0.14359793,0.111040644,0.21484794,0.33161876,0.12380626,0.46066043,0.72933227,0.35536876,0.30391043,0.29490525,0.4947021,0.1455771,0.19703543,0.15616563,0.3717167,0.59286875,0.39693126,0.38703546,0.55922294,0.35657606,0.49193126,0.29797292,0.2346396,0.9172937,0.115889594,0.6969729,0.21682711,0.25047293,0.36348334,0.15349376,0.3850563,0.17412658,0.51243544,0.30292088,0.32201982,0.12380626,0.3553688,0.3227125,0.42661878,0.5367593,0.3712021,0.32461253,0.22899899,0.2263766,0.49786875,0.18318127,0.21286878,0.6651084,0.64432704,0.1812021,0.4543271,0.49588957
BC2026_Train_0001_S08_20250606_030007_60,0.93024147,0.96875,0.9080843,0.23283382,0.66449004,0.791429,0.3921254,0.47085667,0.36790043,0.32550666,0.27402848,0.89454186,0.43906137,0.69588596,0.46492416,0.13258745,0.86339635,0.63777125,0.21352582,0.6968482,0.6514264,0.1870297,0.43208522,0.49289632,0.7208963,0.63678175,0.34607023,0.9775697,0.9809342,0.48515296,0.9086018,0.83542216,0.791262,0.8446915,0.94561225,0.94552815,0.399288,0.7088297,0.41274634,0.9477151,0.5826578,0.41274634,0.91743386,0.83542216,0.81481403,0.81481403,0.85855365,0.8181786,0.80303806,0.791262,0.91743386,0.91743386,0.91743386,0.2966682,0.91743386,0.4225304,0.463778,0.36999005,0.751332,0.79083216,0.46480402,0.8582505,0.65079916,0.48442054,0.26667753,0.33792755,0.38067755,0.8584567,0.43705925,0.435278,0.378278,0.6920488,0.43506673,0.6211084,0.79899585,0.21201463,0.1678792,0.4056761,0.5716292,0.33477244,0.29251724,0.3638167,0.35392088,0.6131917,0.4053792,0.49048337,0.5854834,0.14892867,0.37767085,0.3044417,0.64287925,0.857124,0.3875667,0.19682452,0.21720994,0.3084,0.4825667,0.28860837,0.26881668,0.32027504,0.34996253,0.45347294,0.35332713,0.64169174,0.82067823,0.25159794,0.4410042,0.90026987,0.21414222,0.4350667,0.59537923,0.5478792,0.7101709,0.28771776,0.52645475,0.42517087,0.63892084,0.33140785,0.22923337,0.2529834,0.319137,0.40142086,0.49444166,0.34402505,0.93182725,0.68246263,0.8328792,0.3561969,0.33412918,0.12112139,0.8863167,0.21340004,0.37173334,0.4410042,0.5150251,0.8091292,0.38954586,0.28860837,0.3103792,0.35392085,0.22131671,0.18173335,0.4845459,0.3281917,0.62704587,0.91560835,0.58350426,0.15526202,0.25570476,0.5973584,0.3407594,0.7249157,0.2433844,0.57954586,0.1856917,0.26485837,0.22567087,0.62506676,0.28653026,0.21552764,0.5220511,0.32027504,0.3869235,0.63674384,0.5122542,0.29652503,0.39152503,0.24902503,0.38360837,0.6250667,0.39291048,0.2569417,0.5478792,0.47465003,0.53313446,0.8957178,0.5478792,0.29652503,0.42873335,0.94598866,0.6349626,0.31235838,0.25496253,0.17945732,0.30246255,0.22923337,0.20350419,0.45005888,0.7525251,0.35787922,0.35787922,0.35110056,0.54807717,0.17579585,0.38954586,0.1999417,0.4904834,0.6270459,0.5498584,0.3578792,0.4231917,0.41141564,0.5142334,0.2866292,0.18965003,0.8510084,0.16590004,0.7574334,0.26683754,0.31829587,0.45891562,0.20746252,0.5478792,0.17149119,0.6137459,0.27049902,0.28791568,0.18371253,0.34798336,0.3816787,0.52017087,0.44585317,0.42715,0.4198271,0.28484794,0.29226983,0.49444172,0.3163167,0.3697542,0.7370876,0.62506676,0.29454586,0.48058754,0.37173337
BC2026_Train_0002_S08_20250607_030007_5,0.88838726,0.7708333,0.39332283,0.28594315,0.61587024,0.30949542,0.09808065,0.23737441,0.13290408,0.18892439,0.10262285,0.33276033,0.15864314,0.43553257,0.31289348,0.1198505,0.8315004,0.16749,0.35911915,0.31369728,0.35609102,0.1282246,0.4382258,0.25566188,0.6744535,0.44180253,0.25460207,0.671584,0.46446416,0.19193293,0.9111831,0.752543,0.7866935,0.40313104,0.86963063,0.66674614,0.46032897,0.7328602,0.30051127,0.8577704,0.6504279,0.30051127,0.8943602,0.752543,0.7480008,0.7480008,0.7530477,0.79678726,0.77828205,0.806881,0.8943602,0.8943602,0.8943602,0.19789146,0.8724904,0.32197785,0.45377666,0.12206815,0.38221976,0.45413768,0.11498769,0.47475567,0.45280173,0.28474084,0.23963065,0.13275564,0.17194316,0.28582442,0.1474017,0.29702666,0.24358921,0.2561425,0.46375275,0.2895861,0.4479194,0.32521105,0.44198188,0.11650796,0.27573192,0.1596043,0.14401837,0.2876069,0.22031525,0.3232319,0.103544414,0.5191694,0.4657319,0.17929702,0.3172944,0.24208607,0.3707319,0.33708605,0.18469024,0.103593886,0.07385691,0.1451069,0.1451069,0.4301069,0.08177358,0.1866694,0.64197665,0.32546836,0.39250278,0.1986236,0.46362412,0.07613295,0.6102111,0.3073986,0.122049615,0.5726069,0.42416942,0.29156524,0.4894819,0.34657124,0.37830222,0.43208608,0.51916945,0.25782046,0.14708607,0.2935444,0.448909,0.3944819,0.71767986,0.17281523,0.41281888,0.2235314,0.24604441,0.2211564,0.2163569,0.09968503,0.2222944,0.07781524,0.29750276,0.3296642,0.29601836,0.48750275,0.34302357,0.26583606,0.2895861,0.31531525,0.19458607,0.2222944,0.39844024,0.14114858,0.3311486,0.5508361,0.57458603,0.08503921,0.21630742,0.14906524,0.27163503,0.24114597,0.10552357,0.32125273,0.07979441,0.2341694,0.16024755,0.47562775,0.4429715,0.27573192,0.43119547,0.3073986,0.21175535,0.59437776,0.46177357,0.46177357,0.18864858,0.1747944,0.64770144,0.46177357,0.1467892,0.27771106,0.5092735,0.49541938,0.3202137,0.40437773,0.5515782,0.2341694,0.2809272,0.43406522,0.5409402,0.63000274,0.24604441,0.37469026,0.41823187,0.36677358,0.44989857,0.5443543,0.5706277,0.2638569,0.20844023,0.21338816,0.16786732,0.26385692,0.37073192,0.2052241,0.2935048,0.58646107,0.07979441,0.34896106,0.6379194,0.58454126,0.3410444,0.22427358,0.1510444,0.5547944,0.06198191,0.72045064,0.04416941,0.25989857,0.35964862,0.19260691,0.4795861,0.32951576,0.30993187,0.16113818,0.3940861,0.16687773,0.52312773,0.2214038,0.5270861,0.74502206,0.45781523,0.27163503,0.40427884,0.32041156,0.5923986,0.23812774,0.08771108,0.50630486,0.35489857,0.16687773,0.21833608,0.76428926
BC2026_Train_0002_S08_20250607_030007_10,0.92354333,0.7916667,0.41538495,0.23636933,0.48485374,0.2848327,0.0671506,0.18070528,0.12771308,0.26246464,0.11105841,0.3896459,0.12014279,0.2768037,0.2616631,0.086788885,0.79914534,0.40736935,0.29948127,0.24497499,0.31916407,0.109466426,0.4376579,0.2524006,0.6355673,0.29604122,0.23819514,0.6502858,0.597541,0.21002017,0.92855406,0.7592313,0.79901755,0.45414776,0.9065161,0.70211756,0.4423717,0.82929873,0.33134046,0.88304806,0.7821946,0.33134046,0.9134134,0.7592313,0.76032484,0.76032484,0.7855592,0.8057467,0.8158405,0.8444394,0.9134134,0.9134134,0.9134134,0.23040296,0.8915436,0.27831778,0.40952018,0.09743184,0.27288496,0.36145765,0.15403105,0.45546305,0.36292717,0.26299903,0.09386934,0.09386934,0.34146306,0.20190215,0.12986393,0.3044264,0.23673892,0.2793246,0.41987118,0.19820453,0.524767,0.29473838,0.36247537,0.079652466,0.23185036,0.16663684,0.14867589,0.21997537,0.21007955,0.26945454,0.124975376,0.5501004,0.4139337,0.12923059,0.22195454,0.15664203,0.19820453,0.33872536,0.20216286,0.08019673,0.046056103,0.11705871,0.08935037,0.45351702,0.08737121,0.14476703,0.6236264,0.26272538,0.2896915,0.21617535,0.52083045,0.03848579,0.54060036,0.37039202,0.08192851,0.5287253,0.35060036,0.2417462,0.32685035,0.27986494,0.24560559,0.36247537,0.4673712,0.16495453,0.15070453,0.27143368,0.2899389,0.23976704,0.6962618,0.24372536,0.4062328,0.28320974,0.2239337,0.2888504,0.16060036,0.057287876,0.20414203,0.09132954,0.21997537,0.3139858,0.28370455,0.3664337,0.17445454,0.21799621,0.10716287,0.27935037,0.1229962,0.1645587,0.3248712,0.16851702,0.32685038,0.512892,0.56830865,0.06510559,0.22319153,0.13091287,0.23917328,0.29835036,0.104985796,0.23580872,0.08737121,0.06757954,0.111616,0.50893366,0.3261577,0.13858216,0.34466287,0.24570455,0.19018891,0.55445457,0.47726706,0.50101703,0.1526837,0.13289204,0.55912536,0.43966287,0.11250662,0.19028787,0.47726706,0.3506004,0.31180874,0.40403786,0.46153268,0.20414202,0.18350923,0.3486212,0.48914203,0.54851705,0.21799621,0.39433998,0.32882953,0.31101704,0.59997535,0.4690535,0.5208087,0.15268369,0.14080869,0.18563683,0.11310038,0.17643368,0.25560036,0.15154569,0.22403266,0.5544545,0.08539204,0.25757954,0.59403783,0.3788035,0.33476704,0.12299621,0.07351704,0.49507955,0.045808706,0.6109597,0.041850373,0.27539203,0.2931056,0.1586212,0.47924617,0.28934515,0.2844962,0.13497017,0.32022017,0.075496204,0.394142,0.17054568,0.40403786,0.6822692,0.3644545,0.24253787,0.22858474,0.26193368,0.47726706,0.15466288,0.08737121,0.42838162,0.2892462,0.16851702,0.19028787,0.75781393
BC2026_Train_0002_S08_20250607_030007_15,0.9119477,0.7729167,0.32611337,0.23728837,0.48221025,0.26038474,0.06418058,0.120200895,0.14593995,0.292804,0.10960246,0.28826183,0.15351027,0.26329464,0.2617806,0.08236418,0.8044186,0.138429,0.34050068,0.30264914,0.35715538,0.11717649,0.40359876,0.17138214,0.6474707,0.27914777,0.23074229,0.5712129,0.5507285,0.19625975,0.915148,0.7491059,0.80075216,0.45083556,0.8856239,0.6975436,0.46934074,0.7772001,0.35158032,0.8693897,0.71663755,0.35158032,0.903372,0.7491059,0.765424,0.765424,0.7755178,0.80075216,0.7957053,0.83103347,0.903372,0.903372,0.903372,0.22036159,0.8915959,0.28146338,0.35835347,0.17316338,0.23898059,0.3336095,0.09741574,0.43322584,0.37854153,0.26347274,0.046694644,0.0876634,0.20344463,0.2413259,0.13747852,0.2871035,0.255041,0.30661958,0.46946418,0.2260267,0.38633916,0.30197722,0.3388392,0.1640788,0.3150892,0.17902151,0.19678453,0.3863392,0.2141517,0.36456835,0.15873504,0.54942256,0.46154752,0.22953972,0.324985,0.22008921,0.17061003,0.4279017,0.25967252,0.08862306,0.05665952,0.12904753,0.1013392,0.45956835,0.1488392,0.12904754,0.6897455,0.32061106,0.37768033,0.25539756,0.43592724,0.05280014,0.6733184,0.32696417,0.18698765,0.6475892,0.38633916,0.22404754,0.5327975,0.36360353,0.27407098,0.42394334,0.419985,0.15601368,0.17852671,0.34081835,0.26981577,0.25373504,0.7100319,0.25571418,0.33398032,0.35536525,0.23394337,0.20321682,0.21217254,0.08031057,0.1369642,0.05581837,0.2616517,0.37268296,0.34744856,0.3190475,0.11717254,0.21613088,0.18644337,0.30519336,0.15873504,0.2022767,0.38436002,0.21019338,0.32894334,0.6297768,0.6317559,0.08100327,0.19124284,0.099360034,0.25500172,0.44551626,0.21974286,0.324985,0.15279754,0.099360034,0.16744336,0.605532,0.32468814,0.15591472,0.3734746,0.41800585,0.22949024,0.59415174,0.5248809,0.4754017,0.20029753,0.1785267,0.65632236,0.5110267,0.17560743,0.24383922,0.4872767,0.51102674,0.3984121,0.37644336,0.5202299,0.26561004,0.31781057,0.35467252,0.56050587,0.6139434,0.3388392,0.5074147,0.53675586,0.33488086,0.6238392,0.4936595,0.60998505,0.1785267,0.19238088,0.22775848,0.16150588,0.22800587,0.41008916,0.25893036,0.3138819,0.5783184,0.081547536,0.25967252,0.68519336,0.39967877,0.34279752,0.19436003,0.12706836,0.5466517,0.047901705,0.59563607,0.13498503,0.26758918,0.35496938,0.17456837,0.45758918,0.23537827,0.28556004,0.18337567,0.41978714,0.0538392,0.43186003,0.2018314,0.52092254,0.7610449,0.45363086,0.30210584,0.237209,0.3260241,0.54467255,0.12113087,0.095401704,0.603157,0.2616517,0.24581838,0.2438392,0.8003809
BC2026_Train_0002_S08_20250607_030007_20,0.93368983,0.76666665,0.33969846,0.24547039,0.5947933,0.3021354,0.07170945,0.1413563,0.23674223,0.29276255,0.13227195,0.31395942,0.112589136,0.3080101,0.2716726,0.1073968,0.7976579,0.31672037,0.33307445,0.25434324,0.42997447,0.12034871,0.34459093,0.23300162,0.60023606,0.30157977,0.23912022,0.55546874,0.4856041,0.2237604,0.9369602,0.77125454,0.8091061,0.44236654,0.88354754,0.7207017,0.4776947,0.83602273,0.35993427,0.83383584,0.74517906,0.35993427,0.9083613,0.77125454,0.77546036,0.77546036,0.7620019,0.8091061,0.80742383,0.84611654,0.9083613,0.9083613,0.9083613,0.21862176,0.88649154,0.29135537,0.3769479,0.22231412,0.2815407,0.43824616,0.086983666,0.45743912,0.37906414,0.2579391,0.047751635,0.07803289,0.17422037,0.2261438,0.14360416,0.36804163,0.28610414,0.3307368,0.50206953,0.26061118,0.47634038,0.3803508,0.47634035,0.15363723,0.26061118,0.15274662,0.15408257,0.56342375,0.25071537,0.2724862,0.15769455,0.61488205,0.48227784,0.1967336,0.2902987,0.24477789,0.2685279,0.3021737,0.21706955,0.09416329,0.042061727,0.12800704,0.14977787,0.46446538,0.13394454,0.13394454,0.6811842,0.40566435,0.34670496,0.22150287,0.36605132,0.05527266,0.686132,0.40509036,0.20039508,0.61884034,0.42488205,0.15769455,0.37738204,0.40937036,0.424981,0.46644452,0.39915287,0.17085601,0.23488204,0.3140487,0.3304758,0.27644455,0.7351164,0.27446535,0.3273586,0.3316138,0.23290287,0.2414133,0.2982154,0.073283084,0.19925703,0.1299862,0.27446538,0.35442373,0.42171538,0.5871737,0.27644455,0.28238204,0.2982154,0.35956955,0.1715487,0.21113203,0.43477786,0.1952987,0.3140487,0.53373617,0.6049862,0.10113985,0.18164246,0.07259037,0.35519558,0.31187165,0.21667372,0.28634036,0.10821537,0.106236205,0.29326746,0.6074602,0.35759038,0.14468151,0.3660018,0.3437362,0.2536841,0.60696536,0.55352783,0.5792571,0.20519453,0.24675705,0.7340527,0.47436118,0.17303307,0.36946538,0.5772779,0.57331955,0.33205914,0.34571537,0.5755461,0.38331956,0.25576225,0.31009036,0.46446535,0.63269454,0.4031112,0.5262154,0.60785604,0.4327987,0.650507,0.504593,0.603007,0.16165288,0.2962362,0.20262162,0.16660081,0.29227787,0.4090487,0.2456685,0.35856014,0.603007,0.09831954,0.30415288,0.6524862,0.6546435,0.365507,0.23884037,0.1715487,0.48425704,0.044882037,0.5751998,0.19925705,0.28831953,0.37184036,0.17550704,0.30019453,0.3812414,0.30367783,0.18005912,0.4497206,0.10821537,0.57529867,0.20286903,0.47040287,0.79671794,0.38134035,0.32659662,0.3155331,0.3154341,0.55946535,0.16165288,0.08446538,0.6370487,0.35363206,0.18540289,0.20519453,0.7997362
BC2026_Train_0002_S08_20250607_030007_25,0.93924624,0.78125,0.30487818,0.28151414,0.62687874,0.28503123,0.076254755,0.19586569,0.18072505,0.28670943,0.11713444,0.276111,0.13530318,0.30377975,0.25835788,0.1061946,0.77234745,0.17909224,0.37900418,0.3699198,0.4259401,0.12842683,0.43851706,0.3349516,0.45429537,0.262811,0.25154462,0.4774062,0.5445,0.20843749,0.9385702,0.7799301,0.81912744,0.49444517,0.87859654,0.7250874,0.46248165,0.85445565,0.41874206,0.85538083,0.7787525,0.41874206,0.9183827,0.7799301,0.78379935,0.78379935,0.7854817,0.82249206,0.8208098,0.8611848,0.9183827,0.9183827,0.9183827,0.26397124,0.88305455,0.29620945,0.37943748,0.27617037,0.31470475,0.6359384,0.118633665,0.35988912,0.38064072,0.23226258,0.053514138,0.14435789,0.23520161,0.27308288,0.119375,0.29928124,0.25653124,0.31778795,0.48473117,0.31452286,0.4491062,0.3607364,0.47483537,0.09582494,0.21952285,0.23016088,0.121801496,0.32639784,0.25316867,0.27691868,0.14233534,0.57418954,0.5005645,0.18201762,0.2630645,0.14629367,0.3125437,0.2828562,0.19379367,0.10502806,0.05455931,0.13639784,0.124522835,0.47483537,0.10077284,0.102752015,0.6381166,0.327526,0.45830932,0.27430618,0.33223638,0.05950722,0.51441866,0.25514784,0.14139524,0.56785613,0.36202285,0.1680645,0.45702285,0.33854005,0.36222076,0.38181454,0.36400202,0.18137442,0.19379367,0.29671037,0.6522182,0.3125437,0.69412696,0.22743951,0.375976,0.22778587,0.11858535,0.23966086,0.29473117,0.08548379,0.12254368,0.043377012,0.29671034,0.29097077,0.29265305,0.6113978,0.50056446,0.27493954,0.18983534,0.42337704,0.15223117,0.18983534,0.28087702,0.20962702,0.4847312,0.43921036,0.47087702,0.085879624,0.1756843,0.08493951,0.2821041,0.19463482,0.120119214,0.28879368,0.07504368,0.07108535,0.1833041,0.5084812,0.27771038,0.29344475,0.3954708,0.24525201,0.23857233,0.565877,0.4649395,0.6074395,0.17796034,0.4886895,0.692326,0.41546035,0.13016348,0.29077286,0.4609812,0.4194187,0.3611817,0.3066062,0.41115567,0.40358534,0.22946815,0.25910616,0.42535618,0.62327284,0.3442104,0.38423902,0.6583041,0.41546038,0.56983536,0.47473636,0.554002,0.14233533,0.22348118,0.24005671,0.13996035,0.27691868,0.31452286,0.14030671,0.22995305,0.5836895,0.06514785,0.2709812,0.5401479,0.5108957,0.27691868,0.19973117,0.15025201,0.41348118,0.04931451,0.58586663,0.10077284,0.23535617,0.397351,0.19973117,0.29275203,0.34203327,0.32402286,0.17865305,0.39527282,0.13837701,0.506502,0.18068169,0.42337704,0.7295047,0.25514784,0.31911454,0.24069992,0.28844735,0.4886895,0.21754366,0.08296034,0.49452803,0.29473117,0.174002,0.19379367,0.7824968
BC2026_Train_0002_S08_20250607_030007_30,0.91953653,0.76874995,0.30427068,0.2500613,0.564353,0.19587888,0.066562876,0.10441443,0.14226599,0.26944727,0.12258319,0.2694473,0.14226599,0.27929163,0.24598226,0.081706464,0.7830509,0.3248738,0.3784115,0.22094898,0.43594587,0.11723573,0.37605727,0.3034988,0.5574259,0.25807694,0.21494398,0.47019142,0.45059764,0.1780664,0.9277809,0.7486168,0.789833,0.4399163,0.8947239,0.67804474,0.44159856,0.82179654,0.36926004,0.87176055,0.78142154,0.36926004,0.9092757,0.7486168,0.74777573,0.74777573,0.7662809,0.8049736,0.7982444,0.84030175,0.9092757,0.9092757,0.9092757,0.2397236,0.8974997,0.26717916,0.37578514,0.1894988,0.2617285,0.38815272,0.076255836,0.38365504,0.3455363,0.23652379,0.03631131,0.1146863,0.20553005,0.26641914,0.110378906,0.27425393,0.21547264,0.30084896,0.49837923,0.18962923,0.42317092,0.29784018,0.3816084,0.11422298,0.22327507,0.15915006,0.19952506,0.26879588,0.21140006,0.31233758,0.13025422,0.524999,0.43900424,0.14257455,0.32619175,0.24108756,0.16785839,0.4053584,0.18171255,0.082556315,0.031543296,0.14015006,0.09067089,0.45681673,0.17379588,0.14608754,0.63731676,0.3002053,0.38027248,0.25985008,0.40149114,0.055738606,0.54587924,0.32817093,0.18468133,0.6171292,0.4587959,0.20744173,0.4370251,0.35045633,0.31837404,0.40733758,0.41525424,0.13737923,0.12431673,0.28858757,0.40644696,0.27671254,0.66918135,0.2450459,0.350484,0.31431678,0.15598339,0.2942777,0.26087922,0.0835459,0.14608756,0.14410838,0.2391084,0.2935355,0.40288445,0.39942092,0.34400424,0.24900423,0.19952506,0.3756709,0.13619173,0.24900423,0.31233758,0.29452506,0.30442092,0.4785876,0.6646292,0.08374382,0.17003548,0.10848339,0.2783355,0.2419782,0.15746777,0.29056674,0.12827507,0.13421257,0.15123339,0.5897178,0.32856676,0.12406934,0.4009053,0.25296256,0.23990005,0.6131709,0.4647334,0.5102542,0.16587922,0.22327507,0.71256965,0.45681673,0.2206032,0.2034834,0.5122334,0.45681673,0.31936362,0.45483756,0.44890007,0.31431675,0.25489223,0.2866084,0.5102542,0.5914001,0.2569209,0.37616572,0.5557751,0.37369174,0.4469209,0.4167881,0.5419209,0.18765005,0.21733756,0.26176986,0.12619694,0.26483756,0.38556674,0.14217871,0.24468964,0.57358754,0.074837565,0.21337922,0.67848337,0.41460112,0.32025424,0.1797334,0.15796256,0.5407334,0.039212562,0.5551813,0.086712554,0.21931674,0.29274383,0.26087922,0.29056674,0.20734277,0.29428762,0.15984276,0.34301466,0.0669209,0.4944209,0.19952507,0.5181709,0.7372994,0.27869174,0.31198132,0.22931154,0.26904333,0.53202504,0.17379588,0.045150064,0.57111365,0.3162959,0.17181672,0.20942089,0.7661605
BC2026_Train_0002_S08_20250607_030007_35,0.95294434,0.76666665,0.29158095,0.1273497,0.46133408,0.25411198,0.050845016,0.123520024,0.09172471,0.1886247,0.08566847,0.29763722,0.061443456,0.25631222,0.2411716,0.092036426,0.80125594,0.2805372,0.2909687,0.16984367,0.30308118,0.111552246,0.40085587,0.27697468,0.6137299,0.2653966,0.18893641,0.5822578,0.44826823,0.15970573,0.927157,0.7441237,0.7757507,0.390506,0.88543624,0.6463825,0.43929246,0.8262195,0.2895685,0.8672674,0.753881,0.2895685,0.9036049,0.7441237,0.70677674,0.70677674,0.7488341,0.7807976,0.7875268,0.83126634,0.9036049,0.9036049,0.9036049,0.1869487,0.88678205,0.24571379,0.38770574,0.116662204,0.23012783,0.36563644,0.07039424,0.3767247,0.29839423,0.21814892,0.050755955,0.06856845,0.11488095,0.27038407,0.14723697,0.26479948,0.22383071,0.2543975,0.3758851,0.14828093,0.3521351,0.30186427,0.42338505,0.08385907,0.22942677,0.16455959,0.12077053,0.30463508,0.16015594,0.27494758,0.06515594,0.4293226,0.3402601,0.19686948,0.20567678,0.17598927,0.1799476,0.25911427,0.19578095,0.05580438,0.03329136,0.120572604,0.10276011,0.4530726,0.16015594,0.11265594,0.6269424,0.28387365,0.24803095,0.18556845,0.52743584,0.03314292,0.54015595,0.37390593,0.1593148,0.4629684,0.33234343,0.20171845,0.25911427,0.2960851,0.18242157,0.39369756,0.4530726,0.16841897,0.11859344,0.26505178,0.3542627,0.17796844,0.69977576,0.22744761,0.3572552,0.26965332,0.17994761,0.16228357,0.15817678,0.08262209,0.17598929,0.16411427,0.2393226,0.28860384,0.27514553,0.36203092,0.32046846,0.19973926,0.11463511,0.2571351,0.07505177,0.14828093,0.28484342,0.13046844,0.2571351,0.5361976,0.47286424,0.06005959,0.15169501,0.082968436,0.30069655,0.2554528,0.113497086,0.24328093,0.07109344,0.07109344,0.16797365,0.45109344,0.39844763,0.12077053,0.35302573,0.2670309,0.23689814,0.5124476,0.51442677,0.45703092,0.13442677,0.15817678,0.62842184,0.32838508,0.118939795,0.25515592,0.43723926,0.4471351,0.32610902,0.45307258,0.4563877,0.22546844,0.27573925,0.3264059,0.3818226,0.5441143,0.28880176,0.48191896,0.5412445,0.30661425,0.5124476,0.38865072,0.47088507,0.15421844,0.14828093,0.15407,0.09266636,0.14828093,0.22348927,0.19498926,0.18966533,0.5263018,0.08494761,0.2393226,0.5045309,0.4134101,0.2670309,0.10078094,0.06713511,0.44317678,0.025572605,0.56806225,0.027551774,0.24130179,0.2625778,0.18390594,0.47880176,0.16559865,0.26449758,0.12126532,0.35134345,0.06317677,0.4293226,0.1678747,0.3758851,0.72683597,0.37192675,0.26032156,0.2554528,0.23125751,0.39963508,0.1443226,0.051301774,0.5005726,0.3105726,0.11463511,0.16609344,0.74213
BC2026_Train_0002_S08_20250607_030007_40,0.94384223,0.86875,0.67721236,0.17454031,0.4479622,0.24341534,0.094130084,0.16983321,0.17286132,0.2546207,0.13198164,0.6200144,0.109270714,0.3607166,0.2562463,0.11468143,0.77026945,0.3811653,0.32687062,0.28599092,0.26782218,0.12474327,0.4366808,0.26360282,0.65429026,0.2733997,0.25851738,0.6594362,0.6030299,0.1881966,0.94076526,0.76757336,0.80786425,0.6598226,0.91847485,0.7661434,0.45458296,0.86337984,0.35364544,0.8945022,0.7977705,0.35364544,0.9155308,0.76757336,0.75234854,0.75234854,0.77590066,0.8196402,0.82636946,0.86337984,0.9155308,0.9155308,0.9155308,0.24261421,0.9071195,0.25927442,0.41797787,0.094384074,0.3141013,0.41327238,0.11954425,0.3544466,0.2950864,0.24815045,0.08547783,0.110415325,0.14425907,0.33032382,0.13654037,0.2879466,0.21491534,0.32980576,0.3671662,0.18706203,0.6877912,0.30477297,0.36320785,0.099088065,0.27018702,0.16464797,0.20091619,0.472062,0.21872868,0.17320783,0.22268702,0.45820785,0.5116453,0.1762261,0.21674952,0.25039536,0.44039536,0.36518702,0.19695784,0.094437025,0.055843264,0.107895344,0.09206201,0.5057078,0.06633285,0.11383285,0.63425475,0.31139326,0.2929969,0.1992537,0.47519705,0.035853684,0.5868537,0.33945784,0.14906202,0.4542495,0.400812,0.18508284,0.3256037,0.28546125,0.20136149,0.3612287,0.46810368,0.1645985,0.11185369,0.21872869,0.39373648,0.27018702,0.61832243,0.14549951,0.526877,0.2129891,0.15539534,0.19022869,0.18112452,0.06702556,0.43445784,0.17320783,0.30779117,0.38804638,0.3308485,0.29789537,0.46414533,0.18310368,0.17914535,0.27810368,0.09602035,0.17122869,0.28404117,0.1454995,0.28008285,0.436437,0.5452912,0.054853685,0.18864535,0.05841618,0.3063464,0.27859846,0.22422089,0.28799954,0.08612452,0.08612452,0.17479119,0.46810368,0.37528077,0.25098908,0.39378598,0.26820785,0.24708027,0.63039535,0.5512287,0.6421714,0.17914535,0.18706203,0.63033104,0.3829995,0.11660369,0.25039536,0.46810368,0.47602034,0.32906723,0.37310368,0.39467663,0.2642495,0.2742443,0.35727036,0.4186245,0.5631037,0.3374787,0.421049,0.44633287,0.2761245,0.5631037,0.45716882,0.5136245,0.19102035,0.14945786,0.22382504,0.14827035,0.14945784,0.30581203,0.16321306,0.30129954,0.5274787,0.05247868,0.24049951,0.5532078,0.40896618,0.30977035,0.20685369,0.12966618,0.44237453,0.02477035,0.60763496,0.038624514,0.22664535,0.31145263,0.2998745,0.3256037,0.13911672,0.25158286,0.13312972,0.34470263,0.084145345,0.46810368,0.20091619,0.40674952,0.7385865,0.22466618,0.21886721,0.25920266,0.2709787,0.42060366,0.18706201,0.07622868,0.49739537,0.27018702,0.13164535,0.19893701,0.73756725
BC2026_Train_0002_S08_20250607_030007_45,0.95658296,0.9083333,0.8564268,0.21089686,0.56576145,0.3325195,0.12109713,0.22102526,0.2104268,0.33912215,0.13926588,0.85482866,0.17560339,0.5636002,0.2879567,0.13427937,0.7864385,0.7824802,0.3253088,0.3888994,0.29502755,0.13983613,0.46792674,0.35161564,0.6868865,0.3186625,0.3023403,0.7871342,0.83265495,0.35211325,0.94718355,0.81024504,0.8327877,0.84389085,0.9418002,0.920351,0.5030585,0.874845,0.37856895,0.9171546,0.80755335,0.37856895,0.92867833,0.81024504,0.7806366,0.7806366,0.79241276,0.8378346,0.8428815,0.8765273,0.92867833,0.92867833,0.92867833,0.29613662,0.90849084,0.29098484,0.4091133,0.11470937,0.59904116,0.6150229,0.13943906,0.43711564,0.3641289,0.28388357,0.15389687,0.14142811,0.1806156,0.5872601,0.16330078,0.46433198,0.271957,0.30959338,0.43773383,0.23190051,0.9576609,0.35406458,0.3625255,0.10919219,0.28137967,0.14659843,0.15802811,0.356588,0.24179634,0.26554632,0.085442185,0.475338,0.5424318,0.18321303,0.26356715,0.15273385,0.30315048,0.6871088,0.12106718,0.079306774,0.077080205,0.07752551,0.14481717,0.48127547,0.18440053,0.13690051,0.6846349,0.344238,0.32546562,0.312888,0.5704251,0.09133021,0.605963,0.28335884,0.16084844,0.52283794,0.32887965,0.21012968,0.38033798,0.3488742,0.22606198,0.40210882,0.52283794,0.17519741,0.17450468,0.28335884,0.5057677,0.29325467,0.7286713,0.16658801,0.71765924,0.22690313,0.24773386,0.24525991,0.28137967,0.13818698,0.7900255,0.10721301,0.23387969,0.2953328,0.23477031,0.41992134,0.45950466,0.24179634,0.13690051,0.35658798,0.14679635,0.16658801,0.3526297,0.20815052,0.60794216,0.37835884,0.48721302,0.073369265,0.16678594,0.10523385,0.33582655,0.2694057,0.18633763,0.34273383,0.15471302,0.11908802,0.2488224,0.5070047,0.34530675,0.13932498,0.36885884,0.24575467,0.2340776,0.6000255,0.5070047,0.58241093,0.17846301,0.15273385,0.5944888,0.41200465,0.18049167,0.29325464,0.49117133,0.46544215,0.3131453,0.42585886,0.41700208,0.29325464,0.22655676,0.55054635,0.44565052,0.5782547,0.3150255,0.61204153,0.45554632,0.2991922,0.6138797,0.43892133,0.52481717,0.31304634,0.19627552,0.24501249,0.24427031,0.20221302,0.29523382,0.23328592,0.28704008,0.56637967,0.13492134,0.22398385,0.60794216,0.49900883,0.27544218,0.123046346,0.15075468,0.4476297,0.059713013,0.65880674,0.08148385,0.23585886,0.34184322,0.20023385,0.4575255,0.24961406,0.31043383,0.15510885,0.33966616,0.05773385,0.40804633,0.17316876,0.46148384,0.77962506,0.320963,0.24161823,0.26455677,0.26208282,0.43377548,0.14085884,0.07752551,0.42486924,0.27346298,0.09533802,0.21012968,0.7966557
BC2026_Train_0002_S08_20250607_030007_50,0.94620585,0.8666667,0.67597747,0.228511,0.54596937,0.29613018,0.0933999,0.17970145,0.15547645,0.2947702,0.10702646,0.6507431,0.1615327,0.5213485,0.2934821,0.13072038,0.78564644,0.5667506,0.44786078,0.34490454,0.30553892,0.13369285,0.6055913,0.34963602,0.6586829,0.35943288,0.27607033,0.65475523,0.5961719,0.21419269,0.9340124,0.7887466,0.8179343,0.65138745,0.9032265,0.7873166,0.52521557,0.84485096,0.39736143,0.8937216,0.7590541,0.39736143,0.92391866,0.7887466,0.75232494,0.75232494,0.77251244,0.8263458,0.82634574,0.8599916,0.92391866,0.92391866,0.92391866,0.25604892,0.89700204,0.29499614,0.38697395,0.15726101,0.3513282,0.44444302,0.15071492,0.41197973,0.34830004,0.27259696,0.13054225,0.1251985,0.27304226,0.35230455,0.1465052,0.35134897,0.2747552,0.3601747,0.47295833,0.21764584,0.69066674,0.440599,0.42743745,0.16341667,0.3185833,0.24822396,0.18914583,0.34629166,0.20775,0.47493747,0.22952083,0.55806255,0.6466302,0.20453386,0.33441666,0.26316667,0.4215,0.44129166,0.24337499,0.14980988,0.11646095,0.11077082,0.13452083,0.50264585,0.124625,0.21566667,0.7254011,0.36194688,0.41031772,0.22128749,0.4623698,0.09558073,0.7045208,0.38191664,0.15945834,0.6411875,0.39972916,0.2255625,0.4630625,0.36127892,0.25445834,0.46899998,0.42941666,0.24386978,0.18597916,0.2651458,0.51620317,0.27504164,0.77240634,0.1365,0.49938014,0.29191408,0.31660417,0.23451823,0.24535416,0.1597552,0.44524997,0.077125,0.26910418,0.33441666,0.3916146,0.38191664,0.40566668,0.27702084,0.19983332,0.34233332,0.21170832,0.34629166,0.362125,0.19191666,0.34629166,0.5066042,0.55410415,0.105625,0.2557943,0.12858333,0.21895209,0.36093748,0.25683334,0.40170833,0.16222917,0.14045833,0.31314063,0.58577085,0.46573436,0.22580989,0.45395836,0.29285416,0.32560936,0.6372292,0.50264585,0.60160416,0.23347917,0.17014582,0.6674561,0.51056254,0.2823151,0.22358333,0.5224375,0.55806255,0.34747916,0.4215,0.43827343,0.2611875,0.28285939,0.46504167,0.47889584,0.6583073,0.33441666,0.566375,0.48879167,0.35420835,0.77577084,0.48211202,0.56795835,0.23743749,0.20972916,0.24367188,0.23051041,0.20774998,0.4610833,0.2593073,0.2626917,0.63327086,0.09889583,0.32847917,0.6293125,0.5217646,0.30472916,0.22358333,0.15035416,0.5519271,0.061291665,0.5738959,0.08899999,0.32254165,0.44247916,0.24535418,0.5659792,0.26791665,0.3153375,0.20359375,0.47127607,0.071187496,0.42347914,0.20260416,0.5481667,0.8482183,0.4967083,0.2711031,0.35470313,0.31358594,0.5085833,0.18202083,0.07316667,0.5127396,0.36410415,0.17014582,0.219625,0.8628542
BC2026_Train_0002_S08_20250607_030007_55,0.9231207,0.77708334,0.32396048,0.21117768,0.48638082,0.27724215,0.06808393,0.1453011,0.1059355,0.28156674,0.093822986,0.32850266,0.15287143,0.43809116,0.27911457,0.11483878,0.8459954,0.28064644,0.41059974,0.23496851,0.4242263,0.12671304,0.46494365,0.17555267,0.6329381,0.3545683,0.266245,0.47674215,0.48030466,0.15611719,0.9333928,0.7597803,0.7853511,0.42702296,0.885784,0.6911428,0.47749174,0.83581984,0.33281466,0.86282074,0.7332001,0.33281466,0.911523,0.7597803,0.71974176,0.71974176,0.7651636,0.7887157,0.8038563,0.8408667,0.911523,0.911523,0.911523,0.20832507,0.8913355,0.27911457,0.36986718,0.17911518,0.24564487,0.3311894,0.0647144,0.39999017,0.33568704,0.2327308,0.04908393,0.08114643,0.17733392,0.263398,0.14721094,0.26477346,0.29149216,0.2709853,0.46605745,0.21866164,0.40866163,0.35176057,0.47991166,0.14622414,0.34136996,0.11960435,0.116091326,0.50762,0.1968908,0.4442866,0.17709914,0.5293908,0.4403283,0.2290028,0.34730747,0.23251581,0.19293247,0.37699497,0.23053662,0.07344029,0.067106955,0.08605748,0.10189081,0.46605745,0.1493908,0.20480748,0.69910437,0.27548352,0.3349377,0.23924495,0.37654966,0.093627796,0.6798074,0.41064078,0.22217464,0.69762,0.45022413,0.26418245,0.53137,0.46199524,0.32093507,0.43241164,0.41261995,0.17437778,0.16522413,0.24241164,0.35962778,0.3572033,0.7670888,0.1612658,0.30421114,0.27823457,0.25230747,0.23899758,0.37699497,0.09867466,0.19293247,0.1315783,0.18501581,0.33147416,0.3028752,0.40866163,0.24241161,0.24834915,0.18699497,0.28991166,0.18699497,0.24636996,0.51157826,0.15334913,0.3255366,0.42251578,0.5590783,0.08254446,0.19961217,0.107828304,0.21660331,0.26635957,0.30435956,0.2503283,0.1375158,0.12564081,0.20342204,0.5813439,0.38441685,0.16636215,0.38105226,0.27803662,0.2306356,0.65011996,0.6670419,0.55116165,0.1968908,0.20084915,0.70424515,0.4403283,0.24671634,0.26616162,0.5392866,0.5986616,0.31346372,0.353245,0.52721375,0.28199497,0.24033351,0.36314082,0.46803662,0.76936483,0.3690783,0.5802554,0.46605745,0.46803662,0.7391824,0.5032163,0.5808491,0.1731408,0.44230744,0.23009132,0.14760955,0.22855747,0.37105745,0.21678144,0.23174395,0.6422033,0.09199497,0.29980746,0.70157826,0.49418145,0.27209914,0.22459914,0.13157831,0.559969,0.054390803,0.5887658,0.06626581,0.3097033,0.38817728,0.2325158,0.31168246,0.26878405,0.30194497,0.21321893,0.5062346,0.054390803,0.45220327,0.16487777,0.5155366,0.8572496,0.37897414,0.25529602,0.3120783,0.3348882,0.5095991,0.17709912,0.10980747,0.56194806,0.29980746,0.16918246,0.33147416,0.8951409
BC2026_Train_0002_S08_20250607_030007_60,0.94792545,0.75416666,0.446027,0.2805192,0.60371715,0.2572793,0.10233483,0.18106605,0.14170045,0.29310668,0.12655981,0.44754106,0.22043169,0.5935581,0.33625156,0.1220117,0.86001927,0.30723792,0.45247293,0.43581823,0.5818412,0.1595018,0.50845146,0.40698794,0.6066859,0.48803484,0.29461482,0.6763679,0.57473767,0.25193554,0.9275325,0.78327596,0.7811731,0.45985544,0.8743721,0.7384429,0.4699492,0.7761262,0.39592832,0.8572127,0.67350644,0.39592832,0.88715744,0.78327596,0.69201165,0.69201165,0.7492096,0.76603246,0.7609856,0.8198658,0.88715744,0.88715744,0.88715744,0.24283978,0.8821106,0.32413906,0.40156054,0.2609254,0.27918324,0.33444652,0.15578717,0.45686293,0.52672756,0.2710192,0.08814419,0.111300446,0.20748793,0.32187387,0.13081053,0.2946855,0.38731053,0.31449312,0.46454537,0.20923287,0.6217902,0.33273286,0.77329534,0.14134745,0.2963162,0.12996724,0.18681881,0.5516287,0.17954536,0.45267037,0.050899528,0.43683702,0.62822247,0.34322247,0.19537869,0.24089955,0.22902453,0.35371205,0.26464954,0.09642037,0.118290156,0.16173287,0.12610787,0.4210037,0.27058703,0.12017036,0.67374325,0.24161205,0.25198287,0.3226787,0.4288214,0.16771986,0.6842329,0.626837,0.19547766,0.58923286,0.389337,0.25673285,0.38339955,0.47344667,0.4588058,0.496212,0.5773579,0.16677973,0.23496202,0.24089952,0.36128232,0.2646495,0.7805194,0.14787869,0.33797768,0.21863392,0.34777454,0.20448287,0.56548285,0.08939432,0.1775662,0.25673285,0.16964953,0.33540475,0.43129537,0.6723578,0.2191287,0.22308703,0.2547537,0.33985788,0.2547537,0.21714954,0.6703787,0.29235786,0.24089955,0.5575662,0.44277453,0.0844464,0.16371204,0.22110787,0.26179954,0.34787354,0.2407511,0.38735786,0.17162868,0.10433703,0.254061,0.6609776,0.29690993,0.14184225,0.3507433,0.23496203,0.24099849,0.543712,0.9061964,0.44277453,0.19537869,0.23892035,0.70055604,0.3596495,0.21314172,0.30027452,0.47642037,0.5120453,0.30413392,0.46454537,0.6392068,0.2785037,0.26821205,0.28839952,0.40912873,0.9521131,0.37152454,0.50823545,0.33589953,0.4091287,0.7158995,0.4710766,0.53381616,0.23298286,0.63079536,0.17791255,0.14975889,0.13204537,0.30621204,0.1740037,0.28030473,0.591212,0.2072537,0.26662868,0.56548285,0.5461069,0.27058703,0.12808704,0.14985786,0.6178318,0.0469412,0.5397537,0.13798286,0.27652454,0.34658706,0.15183702,0.32600367,0.3713266,0.3637662,0.1531235,0.42229015,0.11423286,0.4625662,0.20195943,0.4902745,0.8014094,0.21912868,0.23488289,0.21952453,0.28523287,0.5021496,0.2646495,0.102357864,0.53391516,0.29829538,0.1300662,0.23298286,0.9116391
BC2026_Train_0003_S08_20250607_070007_5,0.9364615,0.85833335,0.7343618,0.10594017,0.24220578,0.6380514,0.19720614,0.20023428,0.20174833,0.10636241,0.25776863,0.26533896,0.11847491,0.30088612,0.5230327,0.2350244,0.44794017,0.35531518,0.39133728,0.7145055,0.17331225,0.17406927,0.41782087,0.06853393,0.40519017,0.26179957,0.2880166,0.08823894,0.4106452,0.24142641,0.5637399,0.34840655,0.8396357,0.24746907,0.5401878,0.34672427,0.6074795,0.92206806,0.47457844,0.6293493,0.91870344,0.47457844,0.5906565,0.34840655,0.81944823,0.81944823,0.89851594,0.8547764,0.9039834,0.9237503,0.5906565,0.5906565,0.5906565,0.2996201,0.8362711,0.65929836,0.1915514,0.059627682,0.58571994,0.29215994,0.16649278,0.40875268,0.05517456,0.2065808,0.09347144,0.14512768,0.59400266,0.53248686,0.94155663,0.4765514,0.30020767,0.5206386,0.32962066,0.28805816,0.41274568,0.2680686,0.6292665,0.48833993,0.14555816,0.72010034,0.57983685,0.44441235,0.49982902,0.16930817,0.6225374,0.29399568,0.05253735,0.22937587,0.21087068,0.29597482,0.2326415,0.4107665,0.33753732,0.49562332,0.53342545,0.8351988,0.4483707,0.94514155,0.24847484,0.3137873,0.5809749,0.40005922,0.6920061,0.092120685,0.19758801,0.41512066,0.13962068,0.41670403,0.37880298,0.381079,0.2445165,0.16732901,0.15941234,0.31190717,0.3396155,0.5077457,0.32368317,0.4711806,0.31180817,0.5037874,0.9390001,0.6026467,0.34347484,0.4780582,0.6751066,0.40151393,0.392954,0.4699436,0.28607902,0.34837332,0.70368314,0.2761832,0.5057665,0.5005217,0.39453736,0.5394123,0.43253735,0.105974846,0.250454,0.08420402,0.11784986,0.820454,0.45826653,0.41274565,0.16139151,0.08618318,0.33555818,0.37543842,0.47038892,0.440454,0.38491857,0.2592613,0.40413633,0.08222485,0.929803,0.068370685,0.52349985,0.3276415,0.2706415,0.42071185,0.6222405,0.13170402,0.5293285,0.15743317,0.5634592,0.15545401,0.4899332,0.4107665,0.23115715,0.43253738,0.37474567,0.48003733,0.40284985,0.3711832,0.74039674,0.7648394,0.3863733,0.22076651,0.24753475,0.96311235,0.30191234,0.18712069,0.08024568,0.44114673,0.6640999,0.29795402,0.13764152,0.32694885,0.14951651,0.2207665,0.333579,0.7518621,0.087370686,0.44837067,0.3414957,0.32660246,0.33444986,0.29993317,0.20493318,0.52753735,0.35534984,0.18304358,0.22274569,0.14951651,0.404829,0.333579,0.31180817,0.92416227,0.32368317,0.33555818,0.33130294,0.11389151,0.36722484,0.0940009,0.09409985,0.13279256,0.42609516,0.6726498,0.21482901,0.67909205,0.43649566,0.12517278,0.26034984,0.2822988,0.22858423,0.6920061,0.17128734,0.43253732,0.4938915,0.3827613,0.5156624,0.44441232,0.30587065,0.030766519
BC2026_Train_0003_S08_20250607_070007_10,0.9152513,0.8958333,0.7265988,0.10821145,0.23557083,0.7735234,0.355317,0.40679514,0.29021233,0.20391077,0.47341385,0.32503575,0.16303109,0.30869114,0.55388516,0.183781,0.2596177,0.37896144,0.31637654,0.7265192,0.16042806,0.17783979,0.3939388,0.08149271,0.4128052,0.2480396,0.23677316,0.12989843,0.48792964,0.24924217,0.6142361,0.429184,0.8867674,0.30637673,0.6054881,0.4325486,0.6344236,0.9220954,0.6125538,0.7942413,0.93723613,0.6125538,0.57890797,0.429184,0.8312517,0.8312517,0.9271423,0.88003814,0.9297499,0.92377776,0.57890797,0.57890797,0.57890797,0.42750174,0.8413455,0.61613,0.21005468,0.061898954,0.30299118,0.25529817,0.10389193,0.40568018,0.11190756,0.17398411,0.0993052,0.21508646,0.6390239,0.59201545,0.8582317,0.67219007,0.30267966,0.45529297,0.38369346,0.39161012,0.6225789,0.3180841,0.5266883,0.48754534,0.40348515,0.8981532,0.6185711,0.54796433,0.591506,0.23723514,0.71025604,0.63702685,0.067026824,0.32926643,0.2689018,0.42129767,0.14025599,0.25108933,0.50838095,0.7061987,0.44831327,0.4529643,0.71223515,0.9655685,0.259006,0.567756,0.5420268,0.55677164,0.5165945,0.084839314,0.16499557,0.73804605,0.16598515,0.4410893,0.4684513,0.39754763,0.31442264,0.30848512,0.17192264,0.38646436,0.35341224,0.48661014,0.4114018,0.59694874,0.37379766,0.47671434,0.93837035,0.5192664,0.30650598,0.472756,0.46780807,0.4646414,0.6607768,0.410056,0.2886935,0.4791883,0.6014018,0.32629764,0.74360496,0.76705813,0.6274279,0.3995268,0.7142144,0.13827682,0.37181845,0.26692265,0.28077683,0.73598516,0.3935893,0.30650595,0.3639018,0.2035893,0.41733932,0.5542482,0.7499383,0.7439018,0.50966746,0.20279765,0.40556327,0.11848515,0.8755165,0.076922655,0.543818,0.40942264,0.2983914,0.6199071,0.54568833,0.3223393,0.7913277,0.23129764,0.61802685,0.15213098,0.615256,0.30056846,0.19468307,0.5736935,0.66158587,0.49848518,0.5460841,0.4707768,0.68729764,0.544006,0.35024554,0.08681849,0.15119089,0.9526643,0.42327678,0.2035893,0.09275599,0.36182368,0.49848512,0.2886935,0.30848512,0.4302039,0.14421432,0.259006,0.39161012,0.95581573,0.19121952,0.56973517,0.3124435,0.29755026,0.46929246,0.35994348,0.22338097,0.9006519,0.43515182,0.38013098,0.27286017,0.3935893,0.33223513,0.41536015,0.3223393,0.6735425,0.33619347,0.35400596,0.29047474,0.07890182,0.41536012,0.07751641,0.12244349,0.117198706,0.44717032,0.579631,0.13629766,0.63371176,0.39161012,0.12066224,0.4786935,0.38854244,0.24960496,0.64153934,0.20556848,0.35994348,0.6073393,0.4591987,0.6766101,0.603381,0.42723513,0.07494348
BC2026_Train_0003_S08_20250607_070007_15,0.9169451,0.8375,0.77112067,0.1047794,0.26598254,0.91806704,0.33742583,0.53862786,0.40404457,0.317743,0.5449534,0.4434102,0.20721647,0.60938096,0.72226286,0.268044,0.3292169,0.46993563,0.4246065,0.80901027,0.29893932,0.22853546,0.610867,0.14752941,0.40224814,0.35326377,0.33012056,0.13461393,0.564291,0.3590514,0.6139949,0.47941154,0.86802095,0.33641678,0.6582391,0.45417717,0.64259386,0.92185426,0.6325001,0.7839064,0.91848963,0.6325001,0.6257709,0.47941154,0.83269286,0.83269286,0.891573,0.8663387,0.9270694,0.92185426,0.6257709,0.6257709,0.6257709,0.435672,0.84278655,0.7053053,0.1827077,0.07806066,0.34043878,0.27003485,0.22309893,0.4734981,0.11827237,0.2106302,0.12971689,0.3042794,0.6961544,0.6176956,0.861166,0.77606183,0.35727015,0.5574295,0.3560847,0.5559805,0.687892,0.22877482,0.5077879,0.5159024,0.20566803,0.88444805,0.68769413,0.63514715,0.74598056,0.1601472,0.8488972,0.85285556,0.05920971,0.37597534,0.22743888,0.53223056,0.41545972,0.19181389,0.585668,0.7090889,0.6337619,0.692543,0.85483474,0.9597305,0.5203555,0.7182722,0.51639724,0.7100785,0.58037376,0.23337637,0.17103262,0.79230297,0.13045971,0.50848055,0.6307931,0.20962638,0.27098057,0.26900136,0.14035554,0.3041316,0.40630606,0.51045966,0.46691805,0.77502483,0.45504308,0.61535555,0.925162,0.46493888,0.2610847,0.56389725,0.6084285,0.5353973,0.7242097,0.41447017,0.18587637,0.5209988,0.7103555,0.44514725,0.62525135,0.8456316,0.6387097,0.48868886,0.9000587,0.102751374,0.3560847,0.46889722,0.33629304,0.7641889,0.44514725,0.27889723,0.4530639,0.16410553,0.2848347,0.80575144,0.78445554,0.92806387,0.56540143,0.36222014,0.50298834,0.10670971,0.8562201,0.06316804,0.40318888,0.3758764,0.41704306,0.77507436,0.56676704,0.27889723,0.8600548,0.29473054,0.5854702,0.35806388,0.69650143,0.4946264,0.13422012,0.59952223,0.86867905,0.7004597,0.35410556,0.34420973,0.7457827,0.3936889,0.41427222,0.16212638,0.19849356,0.9499337,0.55795974,0.21754304,0.22150138,0.3734519,0.6628555,0.3798347,0.31452224,0.26494408,0.12056387,0.20764722,0.45900136,0.9696586,0.33708474,0.56785554,0.28483468,0.40878004,0.4661462,0.2788972,0.1482722,0.96289724,0.28483468,0.40558365,0.37191805,0.4035847,0.3343139,0.49066806,0.4807722,0.514418,0.44910556,0.4213972,0.15876178,0.09681387,0.42931387,0.07825919,0.13639721,0.12511596,0.41832954,0.41941807,0.20368887,0.744892,0.40160555,0.09552742,0.6133764,0.66633886,0.29423577,0.649991,0.31056386,0.49858472,0.775668,0.49235037,0.84691805,0.5045222,0.5361889,0.051293045
BC2026_Train_0003_S08_20250607_070007_20,0.96824366,0.91875,0.8292421,0.1180945,0.27395388,0.67197526,0.351303,0.34524676,0.31799364,0.16053112,0.29831082,0.5920389,0.12570769,0.6279417,0.63971776,0.25699636,0.36568823,0.606157,0.38966832,0.83354104,0.20949489,0.22539254,0.4928478,0.102063246,0.5764695,0.25792265,0.40991667,0.23853774,0.67593366,0.23853774,0.65131533,0.50159144,0.8716955,0.44102892,0.707588,0.53019035,0.60925806,0.9356227,0.6445861,0.6916904,0.937305,0.6445861,0.6479508,0.50159144,0.8464612,0.8464612,0.9356227,0.8767425,0.93705267,0.9389872,0.6479508,0.6479508,0.6479508,0.49149767,0.851508,0.5606501,0.2082565,0.18756323,0.34342262,0.3093562,0.13523902,0.43515697,0.13804449,0.22283201,0.14125074,0.14481324,0.629907,0.67951804,0.8560378,0.66010034,0.41666272,0.5245145,0.42208338,0.47947925,0.7800157,0.33247665,0.53885424,0.5912972,0.2954167,0.8676458,0.47062245,0.59625006,0.52697927,0.23406254,0.7110417,0.49729174,0.10739587,0.50184375,0.31718755,0.52302086,0.26770836,0.67145836,0.5388542,0.7423151,0.39353392,0.36468756,0.56854177,0.94458336,0.7723959,0.73677087,0.4735417,0.56474173,0.77491933,0.16281255,0.21115369,0.5954089,0.23208338,0.47947922,0.5681459,0.28156254,0.59031254,0.25979173,0.41020837,0.37824488,0.36518234,0.679375,0.30927086,0.62311727,0.35875008,0.74666667,0.95130914,0.5843751,0.4497917,0.6338542,0.5795756,0.61851573,0.5309375,0.5214554,0.30333337,0.5911537,0.8416667,0.57250005,0.5705209,0.7985209,0.47047403,0.4636459,0.914599,0.08364588,0.34885418,0.21625003,0.28750002,0.8460209,0.5467709,0.42604172,0.35281253,0.23406254,0.31322923,0.5412292,0.69748193,0.7822917,0.52941364,0.48640633,0.5387553,0.19250004,0.9504219,0.18854171,0.51551,0.56656253,0.39437506,0.630737,0.6029793,0.24395838,0.7336513,0.32708338,0.63207304,0.37656257,0.58239585,0.46562505,0.23861462,0.44979173,0.5634454,0.7723959,0.50718755,0.44187504,0.72192717,0.6279167,0.3998178,0.18458338,0.3135756,0.9405459,0.42406255,0.25781256,0.19843754,0.58249485,0.774375,0.5012501,0.23802087,0.508573,0.18854171,0.2182292,0.48145837,0.8875671,0.28443235,0.6338542,0.46562505,0.4969454,0.5361427,0.31125006,0.13312504,0.8564116,0.36468753,0.31576255,0.58833337,0.24197921,0.40427086,0.48937503,0.4972917,0.89342195,0.41020837,0.67145836,0.43079174,0.28947923,0.79416674,0.14648442,0.08760421,0.15321358,0.48194823,0.30729172,0.17270838,0.6842735,0.5388542,0.10907817,0.41218755,0.43352297,0.35400006,0.61586565,0.24000004,0.3627084,0.7771459,0.56131774,0.67343754,0.6180209,0.42208338,0.06583338
BC2026_Train_0003_S08_20250607_070007_25,0.9650522,0.95416665,0.8975728,0.14448464,0.385844,0.75165623,0.40491363,0.35040736,0.36403394,0.2277683,0.35192147,0.7889135,0.22625424,0.66862816,0.7257924,0.34310475,0.5579325,0.58762,0.3320243,0.78742063,0.35170713,0.27221882,0.44987506,0.20504713,0.58168256,0.3306253,0.4536313,0.65071875,0.90009373,0.21648957,0.6579543,0.7117203,0.8682407,0.6545896,0.84923077,0.7329844,0.60075635,0.9355324,0.66131884,0.6966469,0.9372147,0.66131884,0.69832927,0.7117203,0.8682407,0.8682407,0.9119803,0.87833446,0.9336819,0.9372147,0.69832927,0.69832927,0.69832927,0.5654282,0.8547824,0.55927926,0.26992708,0.27273464,0.6004846,0.29733568,0.23071693,0.4811409,0.22352763,0.29166043,0.21573465,0.25492215,0.55991167,0.7778777,0.89613545,0.7160312,0.5972812,0.6913334,0.6037466,0.7838508,0.97642374,0.57183254,0.60770494,0.86083543,0.32270494,0.8273009,0.539869,0.65916324,0.68489236,0.28905913,0.7838508,0.54437155,0.23957993,0.4494211,0.52260077,0.64333,0.20395494,0.8036424,0.57603824,0.83187777,0.5655982,0.3543716,0.73832995,0.9184341,0.71655905,0.89072573,0.4751008,0.6534237,0.81576484,0.23356327,0.30276486,0.7837518,0.40978825,0.72249657,0.70305127,0.43749663,0.8095799,0.4196841,0.26135078,0.49073625,0.47143936,0.84184045,0.39989245,0.7769791,0.44145495,0.93442583,0.907133,0.8723195,0.5859341,0.7304132,0.70483255,0.7766763,0.74228823,0.8194322,0.44145495,0.72691405,0.92357993,0.69082993,0.6749966,0.7995851,0.53210074,0.58395493,0.7403091,0.122809105,0.5780174,0.118850775,0.44343412,0.89804864,0.71260077,0.55822575,0.39593413,0.42364243,0.38999662,0.75183773,0.6258811,0.8989393,0.626507,0.6176997,0.6661893,0.2237466,0.9326841,0.35635078,0.7858052,0.71655905,0.57841325,0.6715826,0.6457049,0.4731216,0.6860725,0.23957993,0.84055394,0.49489242,0.7759341,0.50676745,0.42007998,0.46322578,0.69290805,0.8936946,0.71655905,0.26926744,0.7085435,0.87885076,0.5832128,0.31082997,0.5380877,0.9239757,0.41770494,0.45926747,0.4790591,0.7906789,0.7647716,0.62353826,0.48697576,0.49484295,0.3444758,0.41572577,0.7264549,0.7611102,0.46164247,0.7937466,0.59978825,0.6238846,0.6971633,0.42760077,0.42166328,0.88577783,0.4929133,0.36575186,0.7284341,0.3306216,0.5918716,0.6472882,0.47708,0.9322882,0.5918716,0.7442674,0.60463727,0.46718413,0.79738826,0.27292892,0.122809105,0.291731,0.7978336,0.40978825,0.2712466,0.713145,0.8234341,0.22156952,0.50280905,0.5373455,0.48420498,0.6394943,0.38999662,0.4810383,0.9135851,0.66163725,0.71260077,0.77197576,0.62551737,0.118850775
BC2026_Train_0003_S08_20250607_070007_30,0.9508048,0.9354167,0.8584597,0.1815253,0.45494717,0.7820346,0.56052583,0.4382232,0.3049857,0.20202947,0.41702637,0.6345467,0.26713413,0.7363214,0.74385804,0.46755838,0.65217113,0.65810865,0.4259833,0.8558089,0.47140515,0.3237841,0.6040548,0.2527753,0.6125878,0.56211907,0.44484746,0.40935755,0.8108513,0.18135756,0.6796439,0.64673823,0.85796684,0.60730535,0.7519825,0.68300855,0.64599806,0.9387168,0.6476804,0.7402064,0.93535227,0.6476804,0.7015137,0.64673823,0.866883,0.866883,0.9134825,0.86301374,0.92567915,0.9370346,0.7015137,0.7015137,0.7015137,0.54674286,0.85292,0.6810413,0.30604506,0.21180654,0.6444722,0.47069144,0.36773518,0.71352535,0.38521123,0.41246438,0.2830565,0.29018152,0.6304003,0.72539043,0.9106805,0.75036794,0.64151376,0.72478396,0.741022,0.95081365,0.89905846,0.80331624,0.6262303,0.96838576,0.36498025,0.86353993,0.66799074,0.6598761,0.89539695,0.19873026,0.73706365,0.5114386,0.40456358,0.4045636,0.47779277,0.800397,0.27789694,0.5965428,0.6420636,0.92973304,0.5135662,0.56091785,0.87164694,0.8993553,0.9257772,0.88550115,0.5351887,0.7292657,0.8588319,0.18289694,0.30392298,0.87649596,0.44018862,0.85977197,0.71742046,0.53320944,0.7271678,0.74695945,0.35310525,0.5500324,0.70064694,0.8057407,0.5727928,0.8403203,0.6796678,0.96300536,0.90771973,0.9824803,0.6005011,0.74695945,0.5764543,0.8249881,0.92825115,0.91388637,0.4540428,0.8495561,0.9211261,0.77862614,0.7152928,0.82206887,0.5108449,0.7746678,0.6282094,0.14331362,0.81820947,0.19873026,0.49164692,0.9475481,0.8865897,0.73904276,0.3471678,0.41248024,0.31748027,0.9209777,0.77269113,0.88876677,0.7107605,0.7192511,0.693522,0.42039695,0.9421053,0.4283136,0.90144736,0.7073761,0.67937094,0.71712357,0.7517095,0.5609178,0.7727803,0.3471678,0.93062615,0.4639386,0.84591776,0.64998025,0.5433032,0.4025844,0.8865897,0.954673,0.6598761,0.30758443,0.7865428,0.63018864,0.72236836,0.30164692,0.58313394,0.9248865,0.41445944,0.5846678,0.46591774,0.693522,0.8653136,0.68956363,0.6064386,0.47185528,0.21654278,0.47977197,0.9299334,0.7636315,0.6883049,0.9033136,0.65789694,0.7227642,0.7662761,0.37685528,0.4639386,0.85977197,0.43623027,0.33729172,0.7311261,0.32935527,0.7766469,0.66383445,0.54310524,0.9303292,0.67373025,0.6282094,0.6362212,0.42435527,0.8320637,0.37764698,0.19675112,0.35023153,0.95586944,0.45008445,0.22643861,0.71509486,0.9515064,0.30441776,0.3610219,0.6014115,0.6019855,0.71968263,0.34320945,0.5351887,0.9722876,0.6942147,0.82573026,0.78852195,0.66383445,0.21654278
BC2026_Train_0003_S08_20250607_070007_35,0.9518425,0.90770835,0.7723694,0.14314282,0.32928348,0.8759622,0.34624493,0.2417746,0.27659807,0.19181055,0.32050586,0.5997663,0.17818397,0.7181069,0.7086861,0.37438112,0.46554905,0.6515907,0.44747308,0.84651273,0.24761686,0.24231766,0.30841535,0.20014283,0.46020532,0.30612722,0.3168468,0.42411846,0.7374206,0.06430599,0.70399654,0.58791846,0.88904864,0.5458611,0.60810596,0.6854914,0.65016323,0.942882,0.7174549,0.79484034,0.94792885,0.7174549,0.67035073,0.58791846,0.8626367,0.8626367,0.942882,0.88736635,0.93867624,0.94119966,0.67035073,0.67035073,0.67035073,0.62324655,0.8469913,0.6026681,0.26558724,0.09504908,0.5503366,0.4051548,0.20227045,0.41567403,0.27312952,0.29281238,0.23042408,0.23220533,0.74461156,0.73603183,0.82648313,0.68596226,0.42411846,0.64457685,0.6905946,0.6589279,0.7519488,0.5420087,0.5561102,0.794204,0.552053,0.943411,0.46630555,0.6193446,0.6846571,0.2334071,0.7935112,0.29871958,0.22153208,0.40574303,0.5124696,0.6708029,0.3442404,0.36007375,0.4055946,0.73294884,0.39916232,0.30861542,0.7103863,0.95976126,0.860704,0.7420529,0.5421571,0.52996546,0.7422014,0.1849571,0.29738364,0.7883654,0.39767793,0.5837196,0.5731311,0.4827821,0.6193446,0.64705294,0.2809071,0.5749123,0.48674044,0.6609071,0.38184458,0.7174049,0.54017794,0.93498206,0.89729875,0.9500634,0.55601126,0.51642793,0.68599296,0.6862899,0.85823005,0.8356398,0.5223654,0.90910196,0.7163238,0.51840705,0.74996954,0.7983602,0.4400321,0.5758029,0.60549045,0.061219588,0.53424037,0.34028208,0.2690321,0.8374488,0.7895529,0.4590321,0.1977821,0.34424043,0.37986544,0.6774332,0.58490705,0.7242404,0.59052795,0.61761284,0.48570138,0.36403212,0.8608029,0.22746961,0.64616233,0.4649696,0.5300842,0.4832769,0.6310217,0.5837196,0.7547419,0.22153209,0.8740634,0.32642794,0.8192404,0.36799043,0.45378733,0.34028208,0.7076154,0.851303,0.67871964,0.48476127,0.7774306,0.6965321,0.5029201,0.2630946,0.38614932,0.9204748,0.3917404,0.3580946,0.36996958,0.47392532,0.76382375,0.5104904,0.4867404,0.5420087,0.2690321,0.54017794,0.9469957,0.6200571,0.49693313,0.90315706,0.48674044,0.56951904,0.671278,0.33038625,0.3521571,0.75788623,0.69831336,0.30622065,0.6035113,0.4214279,0.5441362,0.38382375,0.3699696,0.6529904,0.5005946,0.5698654,0.6096467,0.3818446,0.6391362,0.21757378,0.1562196,0.5238497,0.68485504,0.29080293,0.19382375,0.5487378,0.83111537,0.20985502,0.44319877,0.43071026,0.39213628,0.6850411,0.25319874,0.42538628,0.8498185,0.4989123,0.8014279,0.6628863,0.48674044,0.11069876
BC2026_Train_0003_S08_20250607_070007_40,0.952135,0.8458333,0.7841471,0.11973095,0.35752782,0.86722964,0.36416298,0.35962078,0.33085358,0.30360043,0.35053644,0.38384578,0.21427083,0.73264277,0.73075867,0.36398545,0.4831059,0.80155385,0.43877137,0.88255996,0.31007603,0.2896362,0.4877236,0.1820747,0.40473095,0.39315283,0.2761698,0.49004006,0.76098806,0.11775885,0.6975562,0.5343739,0.86746764,0.49736354,0.6588635,0.59493643,0.61175936,0.92803013,0.69250935,0.77325934,0.9297125,0.69250935,0.638676,0.5343739,0.84055096,0.84055096,0.8758791,0.8573739,0.9439278,0.9229833,0.638676,0.638676,0.638676,0.5814781,0.85569155,0.6816021,0.32438385,0.13932471,0.62303305,0.5784523,0.2739575,0.40294966,0.16279268,0.26726294,0.2355122,0.31566843,0.85269547,0.8427749,0.8124464,0.7392172,0.4793526,0.6994945,0.75780374,0.8231163,0.6286632,0.60674393,0.58690274,0.79843116,0.46092877,0.9613388,0.6307908,0.70634544,0.6449913,0.3599913,0.96759546,0.21353295,0.1917621,0.4956137,0.6034288,0.70238715,0.8508246,0.29467875,0.6172829,0.62262666,0.5239158,0.54009545,0.86467874,0.9418663,0.88031423,0.9181163,0.54801214,0.6600528,0.6891762,0.17790794,0.27421024,0.92652524,0.30259544,0.5796788,0.6719575,0.3045746,0.89634544,0.59551215,0.2451996,0.35543922,0.5669132,0.7795746,0.37186626,0.76666456,0.4411371,0.94147044,0.9486207,0.82272047,0.4609288,0.62717885,0.80487233,0.8728924,0.8806111,0.6225079,0.5005121,0.91194725,0.69842875,0.70832455,0.69644964,0.7724497,0.56889236,0.68457454,0.6707204,0.110616274,0.46092877,0.22144961,0.4728038,0.9427569,0.664783,0.7004079,0.32040796,0.45499125,0.53415793,0.663546,0.6831892,0.8904079,0.65332353,0.74553293,0.49526733,0.2511371,0.6806163,0.28478295,0.7875804,0.49853295,0.6145121,0.6770043,0.69021523,0.70436627,0.9106177,0.22738712,0.91603816,0.39165795,0.7676996,0.5301996,0.53376216,0.42728293,0.79303545,0.9202933,0.59947044,0.44311628,0.7859079,0.8488454,0.60709023,0.20759544,0.41699126,0.94483507,0.4431163,0.3105121,0.4609288,0.5255486,0.69842875,0.5935329,0.42332458,0.50738966,0.19967878,0.50447047,0.807283,0.83047336,0.5154588,0.9271215,0.45103294,0.5919496,0.7172507,0.35405377,0.3936371,0.7914496,0.44509545,0.42284963,0.52228296,0.5123871,0.37780377,0.5598871,0.6746788,0.46290794,0.5064496,0.8250954,0.50200045,0.50249124,0.6529079,0.22036107,0.13634545,0.6147813,0.6251551,0.3461371,0.24124128,0.64929605,0.6172829,0.23431419,0.45499125,0.48845902,0.4917048,0.61443293,0.2986371,0.5242621,0.9242517,0.61936116,0.8646788,0.69644964,0.6845746,0.10665794
BC2026_Train_0003_S08_20250607_070007_45,0.92256063,0.8520833,0.79574054,0.1264292,0.4354761,0.88354295,0.36170924,0.5694723,0.3692795,0.38290614,0.57620144,0.5576962,0.22241548,0.7267615,0.6901885,0.35692653,0.4523979,0.7593667,0.440497,0.8916877,0.3057454,0.37917745,0.5612638,0.2903042,0.45774168,0.40697604,0.36601093,0.21715753,0.71927214,0.21181378,0.663311,0.5320923,0.87864435,0.48330578,0.7020037,0.5775141,0.6717225,0.9375245,0.66667557,0.80630577,0.9291131,0.66667557,0.663311,0.5320923,0.83826935,0.83826935,0.89714956,0.86686826,0.93491703,0.9358423,0.663311,0.663311,0.663311,0.5674203,0.84331614,0.72487736,0.2616888,0.1371167,0.5832308,0.43417972,0.2782313,0.5594709,0.17091592,0.3117237,0.2546792,0.32949173,0.68613756,0.79052544,0.836043,0.6381263,0.4825638,0.69327414,0.7548305,0.7172263,0.7335545,0.37567168,0.684867,0.8944954,0.26993468,0.9312659,0.71683055,0.8399347,0.796393,0.29962218,0.89535135,0.28972638,0.2580597,0.5226743,0.6360805,0.7864972,0.37483054,0.14326802,0.8233889,0.7266769,0.6464217,0.725143,0.8582222,0.9666013,0.77462214,0.8458722,0.61233056,0.88390094,0.6768019,0.34910136,0.2698852,0.9000989,0.4124347,0.5767055,0.77125764,0.46389303,0.79243475,0.3629555,0.19472636,0.41609615,0.6137654,0.6697263,0.55691385,0.71529675,0.5430597,0.9239305,0.97716284,0.8141066,0.5767055,0.68753886,0.76279664,0.834591,0.8181638,0.59664565,0.5272263,0.6934269,0.6816014,0.8142055,0.8181638,0.7956013,0.7956013,0.6360805,0.6954555,0.15316385,0.41045552,0.39066386,0.43024722,0.9260285,0.64003885,0.5311847,0.4579555,0.50941384,0.61430967,0.7779868,0.7889218,0.8696222,0.85437673,0.5829894,0.7181664,0.16108052,0.8142056,0.21253885,0.8416715,0.6360805,0.47606492,0.71876025,0.64765865,0.6439972,0.85379636,0.43618467,0.94077325,0.2877472,0.6954555,0.6598306,0.41441387,0.6202472,0.80698407,0.88792956,0.49358055,0.49358052,0.83365077,0.91316384,0.7067368,0.27983052,0.45107794,0.9599712,0.5311847,0.36691386,0.46785137,0.63909876,0.9012888,0.5767055,0.46389303,0.51594514,0.2283722,0.2936847,0.7508722,0.96563905,0.46775243,0.90970033,0.5430597,0.7320207,0.7861597,0.34514302,0.47378886,0.8187576,0.4124347,0.7087743,0.5747264,0.53910136,0.5133722,0.72910136,0.59253883,0.43222636,0.511393,0.43618467,0.41055447,0.42628884,0.6341014,0.3159998,0.2105597,0.25410137,0.5878977,0.42628884,0.3827472,0.75720555,0.5193097,0.24450241,0.6756639,0.7441025,0.3768097,0.7329112,0.23430969,0.52326804,0.94582015,0.64755976,0.87231386,0.7172263,0.6697263,0.07795553
BC2026_Train_0003_S08_20250607_070007_50,0.8969351,0.81875,0.8486177,0.1427413,0.62367874,0.89872724,0.5025703,0.692501,0.49954215,0.38750154,0.611751,0.68913645,0.31482652,0.73625493,0.73625493,0.4644303,0.4491163,0.6662308,0.6569152,0.9131282,0.41348758,0.47783524,0.7065392,0.48296005,0.6028975,0.5583663,0.58000374,0.15614389,0.66122717,0.2826126,0.6203254,0.6203254,0.8726691,0.5076118,0.7498619,0.5866795,0.73976815,0.9231378,0.6421952,0.85416394,0.9197733,0.6421952,0.6825701,0.6203254,0.8475188,0.8475188,0.8709868,0.8693045,0.9272595,0.9265024,0.6825701,0.6825701,0.6825701,0.5681743,0.8289295,0.7437916,0.28617507,0.21221001,0.5711319,0.41333294,0.37396735,0.585085,0.22173971,0.37011787,0.3208663,0.58310586,0.72164756,0.70427704,0.9269303,0.6632064,0.5879981,0.72633094,0.6247757,0.6267548,0.8570309,0.3998459,0.7312549,0.84114313,0.2863382,0.940579,0.80735385,0.8226924,0.8649674,0.32394236,0.86528397,0.63269234,0.26456738,0.531359,0.5752966,0.7415466,0.23092157,0.36154658,0.8074924,0.8609398,0.7341742,0.5990465,0.94540066,0.9810257,0.6960257,0.8266507,0.67623407,0.81877756,0.6544608,0.2289424,0.2804997,0.8630279,0.34571326,0.6030049,0.84174186,0.46644235,0.43873405,0.34373403,0.24279656,0.33522362,0.7090882,0.61487985,0.52779657,0.8451519,0.6030049,0.8702913,0.9791728,0.7138382,0.49019235,0.6663382,0.57321846,0.72630703,0.7573799,0.59345543,0.51196325,0.60263276,0.7098799,0.8068591,0.83427054,0.7740365,0.84691346,0.78112984,0.72967154,0.26456738,0.46644235,0.44071317,0.22696322,0.9259059,0.6069632,0.50800484,0.4605049,0.42883825,0.6821716,0.83333045,0.8457992,0.9058174,0.8080109,0.6034007,0.8697916,0.27842152,0.8692028,0.19727571,0.8144788,0.58123404,0.64001524,0.89735645,0.7258122,0.5752965,0.942009,0.57331735,0.8921611,0.5376923,0.7573799,0.7098799,0.39915073,0.79696316,0.88725287,0.89008296,0.45654655,0.43081737,0.8321924,0.73560905,0.6657445,0.2863382,0.4873721,0.94995284,0.5970674,0.3932132,0.4110257,0.6701036,0.84549236,0.64852566,0.509984,0.43715072,0.30415076,0.30217153,0.73165065,0.9772381,0.6096311,0.90391743,0.46842158,0.58999187,0.6313703,0.3041507,0.379359,0.93817675,0.37540072,0.54052657,0.49415076,0.58915067,0.8283923,0.65248406,0.509984,0.45654655,0.6030049,0.46248406,0.5058001,0.2467549,0.57133824,0.38608825,0.25665075,0.1626126,0.65323114,0.56737983,0.5495674,0.85782266,0.61883825,0.2612028,0.68810904,0.7693182,0.5441247,0.84411687,0.32394236,0.56342155,0.88770795,0.7151563,0.94144243,0.72967154,0.759359,0.08050489
BC2026_Train_0003_S08_20250607_070007_55,0.9126527,0.85,0.8480282,0.14204818,0.66870445,0.8622872,0.430231,0.7551489,0.3893513,0.27428257,0.40297785,0.5747399,0.24248725,0.6765024,0.691643,0.4830388,0.59052736,0.5687565,0.57906187,0.87043476,0.38946757,0.44170266,0.7251267,0.31839192,0.6024024,0.42615753,0.51332,0.2060944,0.72661525,0.1954069,0.60984373,0.57283336,0.8554583,0.45507294,0.66872394,0.5980677,0.6720885,0.9092916,0.6233021,0.7376979,0.9092916,0.6233021,0.640125,0.57283336,0.86218745,0.86218745,0.8588229,0.85377604,0.9097963,0.9092916,0.640125,0.640125,0.640125,0.51395315,0.84199995,0.6781847,0.3325631,0.23467317,0.5991169,0.48488933,0.2032737,0.46623564,0.21677162,0.3772622,0.29167318,0.32729816,0.62813157,0.75306284,0.9027611,0.6909902,0.5583861,0.752835,0.77891874,0.78683543,0.8224604,0.51225567,0.69678324,0.9359617,0.44641873,0.9224405,0.6686593,0.6601687,0.73933536,0.30193955,0.79673123,0.87589794,0.32173124,0.335338,0.54933536,0.82839787,0.20693956,0.54141873,0.6027729,0.75244737,0.7908037,0.77100205,0.8599062,0.95506454,0.74329376,0.8006896,0.6146479,0.8955511,0.83222765,0.20298123,0.29085624,0.7191479,0.4008979,0.71360624,0.68505675,0.67996037,0.71360624,0.3098562,0.32173124,0.44048125,0.7769395,0.8033614,0.4543354,0.835323,0.5612104,0.94960207,0.9594128,0.8244395,0.7790177,0.7017312,0.61385626,0.77906716,0.82839787,0.6896088,0.42464793,0.7325686,0.71954376,0.78643954,0.75318956,0.80445,0.85828334,0.7769395,0.7591271,0.3336062,0.6364187,0.30787706,0.40287706,0.873325,0.6858979,0.6918354,0.3336062,0.4840229,0.93725204,0.6530932,0.6767443,0.9412104,0.7529769,0.72924167,0.60925466,0.5968354,0.9409135,0.3593354,0.8900014,0.80266875,0.5889188,0.94792974,0.7420073,0.89568955,0.84429806,0.8462104,0.90311146,0.5513146,0.80464786,0.7096479,0.4808562,0.57506454,0.6922313,0.8958875,0.6205854,0.5691271,0.8840125,0.81058544,0.64616615,0.39298123,0.50643694,0.94556457,0.64037704,0.43850207,0.40881458,0.6378537,0.90360624,0.5552729,0.3336062,0.57927036,0.46423122,0.3058979,0.68193954,0.8570622,0.68422747,0.8165229,0.6463146,0.6931713,0.6284873,0.38110623,0.49985623,0.9263666,0.5790229,0.5897945,0.51371044,0.6205854,0.94714785,0.7729812,0.47610623,0.7195437,0.628502,0.4345437,0.67103827,0.34548122,0.6146479,0.5077729,0.1515229,0.27065292,0.75407225,0.5453771,0.6957937,0.83217806,0.782877,0.33281457,0.58100206,0.6116643,0.60405934,0.7989578,0.4365229,0.7274604,0.8900489,0.7472521,0.8317229,0.8204812,0.6344395,0.14360623
BC2026_Train_0003_S08_20250607_070007_60,0.93437207,0.88958335,0.79546046,0.124891035,0.48737544,0.89508796,0.35108307,0.61442906,0.31323153,0.1966487,0.26629558,0.3783362,0.17999402,0.6545319,0.661261,0.3680376,0.42770353,0.85510457,0.62794703,0.90317,0.3057881,0.37770608,0.4323564,0.18901603,0.44017228,0.29321915,0.3498689,0.25077015,0.81780136,0.19555141,0.63822246,0.6516808,0.883837,0.43466514,0.6516808,0.6230818,0.6937381,0.92589426,0.61803484,0.8518734,0.9225297,0.61803484,0.6449516,0.6516808,0.8619672,0.8619672,0.91748285,0.86701405,0.93893206,0.924212,0.6449516,0.6449516,0.6449516,0.5019568,0.86533177,0.6393913,0.25789517,0.1409223,0.61322075,0.47325405,0.22948998,0.32795355,0.16612697,0.2902801,0.23710978,0.345766,0.69053686,0.7896565,0.861343,0.78019726,0.43958268,0.6025648,0.63005054,0.58057135,0.63994634,0.41004133,0.6748787,0.8225492,0.3569255,0.94758064,0.69575894,0.7567172,0.6102588,0.14713384,0.93088394,0.5271338,0.20650885,0.3539073,0.493488,0.86755055,0.5489047,0.46775883,0.63598806,0.64108443,0.7286625,0.5607797,0.84277135,0.9665088,0.9170297,0.862088,0.6023422,0.66498286,0.7877159,0.103592165,0.23633985,0.84063387,0.3569255,0.49942547,0.75820166,0.6656756,0.72900885,0.34900883,0.43015465,0.37483698,0.62490475,0.8246026,0.52317554,0.68423027,0.44005048,0.97195154,0.94701415,0.8398422,0.80431616,0.72900885,0.79873,0.8243057,0.8061964,0.7710167,0.4756755,0.62535006,0.7270297,0.7985963,0.7982797,0.79956615,0.74405056,0.73494637,0.8477588,0.18869634,0.45588383,0.20650885,0.24609217,0.95087343,0.68912864,0.683488,0.28963384,0.46182135,0.707238,0.70773286,0.6764126,0.909113,0.7036755,0.7537484,0.6167901,0.33911297,0.9605714,0.28369632,0.72127527,0.6993213,0.46756095,0.88175106,0.7468214,0.6656756,0.81156737,0.41234216,0.93157655,0.540988,0.7765089,0.5785922,0.28062862,0.40046716,0.7598839,0.89743596,0.5686963,0.36682135,0.7873943,0.67952967,0.69308704,0.26588383,0.5335661,0.9712589,0.36484215,0.398488,0.5350505,0.62351924,0.79234225,0.5588005,0.24807134,0.5440063,0.36682135,0.445988,0.600363,0.7485037,0.61260617,0.86952966,0.53109217,0.6513266,0.6548891,0.30546716,0.47171715,0.8002588,0.44005048,0.3941338,0.55484223,0.5014047,0.897238,0.730988,0.49744633,0.7408839,0.4796338,0.5113005,0.54989034,0.32921717,0.67952967,0.34227967,0.10952966,0.43663839,0.5776916,0.5330714,0.44400883,0.78996724,0.63994634,0.2688526,0.48952967,0.49507132,0.52139425,0.7760636,0.30744633,0.6142172,0.9215818,0.74236816,0.71911305,0.83588386,0.6538005,0.0956755
BC2026_Train_0004_S08_20250607_070007_5,0.81037927,1.0,0.8437204,0.08473794,0.32431605,0.80155796,0.091651835,0.30967683,0.30967683,0.10452136,0.15827058,0.8428792,0.3339018,0.56653345,0.57999176,0.1713631,0.23970668,0.60031086,0.2418776,0.80813694,0.22825103,0.2229518,0.33340016,0.20408168,0.22011295,0.23703481,0.3575928,0.2732194,0.94356316,0.1378444,0.7710885,0.7535926,0.9537853,0.59882176,0.7990145,0.7687332,0.7620041,0.8057437,0.8965033,0.6476082,0.8982025,0.8965033,0.69042253,0.7535926,0.89322287,0.89322287,0.86967075,0.9605145,0.9061765,0.86327803,0.69042253,0.69042253,0.69042253,0.82256657,0.7720978,0.32352635,0.2375944,0.07226919,0.60967237,0.30248585,0.27523273,0.2432692,0.5456216,0.14338559,0.1506442,0.20230043,0.7130245,0.2725823,0.5681153,0.5621778,0.2910319,0.3710043,0.8436407,0.6528489,0.7023281,0.5604219,0.2194114,0.8356646,0.4331614,0.7109869,0.7310755,0.6726406,0.4034739,0.5697239,0.82493746,0.49649474,0.42920303,0.5276889,0.25305724,0.6488906,0.068994746,0.7229114,0.83889055,0.6476883,0.23697653,0.3104531,0.4984739,0.8844114,0.6568073,0.8119739,0.58753645,0.73714167,0.6344427,0.20539892,0.12263017,0.9302291,0.40743223,0.39951554,0.8187778,0.40545306,0.6765989,0.20159891,0.5697239,0.48847914,0.33326295,0.6765989,0.44899473,0.5574037,0.29857805,0.9405208,0.7932782,0.8210781,0.4074322,0.6172239,0.16973433,0.6201927,0.70430726,0.7933079,0.38368222,0.61964846,0.82305723,0.59252393,0.6013906,0.94153315,0.8378704,0.68293226,0.58753645,0.2906614,0.72172385,0.4390989,0.3856614,0.6607655,0.3915989,0.6449322,0.5519115,0.5697239,0.49451557,0.9479274,0.8359367,0.5637864,0.722001,0.68783075,0.39634892,0.34409887,0.809203,0.47670305,0.4894489,0.27482805,0.35676557,0.54820055,0.67976564,0.70430726,0.45023173,0.39753637,0.6607655,0.15211974,0.4094114,0.6093073,0.38417703,0.87704897,0.79901046,0.64691144,0.5835781,0.3975364,0.770263,0.3797239,0.6538385,0.40149474,0.49535674,0.68253636,0.5776406,0.3144114,0.5598281,0.45018223,0.7122239,0.5063906,0.10264058,0.8812225,0.35399473,0.092744745,0.42920303,0.59148735,0.71865624,0.94467705,0.6192031,0.4600286,0.7556469,0.3262864,0.46284887,0.4509739,0.44701555,0.39731872,0.6290989,0.48264056,0.5301406,0.9144948,0.34607807,0.10857808,0.29461974,0.3064947,0.50164056,0.32826555,0.854625,0.345039,0.10066141,0.30481243,0.5954333,0.55784893,0.18972391,0.5409765,0.52222395,0.2882864,0.6271198,0.8263031,0.38368222,0.82064515,0.33024472,0.6370156,0.85472393,0.8487548,0.7339947,0.90222394,0.51628643,0.13430725
BC2026_Train_0004_S08_20250607_070007_10,0.7280206,0.9895834,0.82392937,0.086783774,0.29786187,0.6364786,0.080777004,0.20341606,0.3063723,0.095160596,0.101973884,0.7875918,0.20493014,0.3904691,0.36624408,0.14746207,0.18475252,0.6171015,0.24275449,0.7517318,0.21852948,0.18446307,0.25302064,0.13131504,0.09569002,0.2301744,0.2307355,0.21808267,0.8218275,0.08270768,0.728221,0.68927586,0.9433019,0.51599985,0.66404146,0.65731233,0.7481561,0.8456449,0.8815618,0.73133314,0.86860824,0.8815618,0.6857431,0.68927586,0.9046092,0.9046092,0.90292686,0.9517134,0.9058709,0.87483263,0.6857431,0.6857431,0.6857431,0.76329666,0.7986249,0.2617738,0.27152017,0.06184628,0.33126038,0.33201733,0.14124551,0.21325253,0.32279938,0.11083065,0.07965878,0.17940877,0.63402337,0.17843404,0.6416244,0.5763118,0.29467642,0.3084373,0.68487835,0.7049668,0.5684044,0.30052418,0.3071544,0.72240335,0.46152937,0.797394,0.77908665,0.742571,0.36257103,0.43184185,0.73732626,0.4555919,0.31111267,0.3372872,0.23590437,0.528821,0.077571034,0.68200856,0.659446,0.62329906,0.28553197,0.20621686,0.45757103,0.91277933,0.42788354,0.72475845,0.588196,0.5660491,0.5394095,0.08944602,0.079797596,0.6333705,0.3526752,0.25173768,0.5734512,0.31507105,0.5941335,0.18246686,0.7326752,0.48943567,0.35772207,0.61392516,0.37444603,0.58359444,0.2576752,0.825696,0.8610737,0.6436127,0.303196,0.6040293,0.10503197,0.6405128,0.683196,0.7111567,0.27152935,0.5987351,0.766321,0.56642514,0.62283146,0.88367075,0.74277884,0.6396543,0.72475845,0.27152935,0.5604876,0.13100852,0.23986271,0.66538346,0.28142518,0.5703835,0.4773627,0.43777937,0.59017515,0.69794077,0.79682744,0.54069597,0.55932,0.60699815,0.43194082,0.47340435,0.6634043,0.27548772,0.3053632,0.29330018,0.22947207,0.48908925,0.6079877,0.63173765,0.52149814,0.21017519,0.57236266,0.13496687,0.50111264,0.5129877,0.41709706,0.74177927,0.58458406,0.600071,0.6178835,0.279446,0.77522725,0.28934187,0.6278115,0.40017518,0.5190736,0.70496684,0.659446,0.18048769,0.52486265,0.38820124,0.6515293,0.398196,0.1329877,0.6115007,0.45757103,0.07163353,0.51892513,0.56667256,0.57018566,0.70496684,0.5228835,0.45346427,0.5744606,0.25569603,0.36257103,0.623821,0.37246686,0.3540804,0.3823627,0.29132104,0.46944603,0.96376276,0.17652936,0.21215437,0.23194604,0.22402936,0.40195647,0.27944604,0.67745644,0.28033665,0.07757103,0.33130023,0.396207,0.50111264,0.16465436,0.5200137,0.43184188,0.29597208,0.4358002,0.65352833,0.38087833,0.8418708,0.31902936,0.41600853,0.7168418,0.70635724,0.46152937,0.6990293,0.42590433,0.13496685
BC2026_Train_0004_S08_20250607_070007_15,0.68151045,0.96875,0.74943376,0.16429807,0.3540012,0.63647854,0.101415,0.27098998,0.38757282,0.12185484,0.09990093,0.7764345,0.2634197,0.37444994,0.3593093,0.18140699,0.21061057,0.6361314,0.18096016,0.74915427,0.18550237,0.18777345,0.27182296,0.17320432,0.09482931,0.23287618,0.254082,0.10715038,0.77967125,0.050150394,0.7560035,0.7088152,0.95274746,0.6482526,0.64320576,0.7004037,0.7676954,0.8629972,0.93239176,0.71386206,0.88673437,0.93239176,0.7211801,0.7088152,0.9174193,0.9174193,0.9056432,0.9510652,0.9040452,0.88596046,0.7211801,0.7211801,0.7211801,0.8215287,0.78451824,0.27300775,0.29774413,0.066329315,0.30612513,0.52406603,0.18272905,0.18567306,0.3359215,0.12092463,0.07345432,0.32104808,0.5686418,0.20361422,0.67497325,0.3600879,0.27280664,0.29755214,0.64256495,0.72766906,0.6623566,0.22426806,0.27443993,0.70035666,0.66166395,0.721979,0.6951613,0.80089825,0.4050649,0.48225242,0.6861066,0.37339827,0.1992316,0.26335663,0.29225245,0.48027328,0.06464828,0.72826284,0.70688784,0.7663767,0.26088268,0.1517316,0.48818997,0.90183574,0.2724608,0.7415233,0.6762108,0.6249899,0.73232013,0.11808578,0.15286963,0.6062968,0.39516908,0.36943996,0.3917031,0.32391912,0.5990232,0.26652327,0.7514191,0.39220035,0.2654842,0.6029816,0.40506494,0.76364046,0.39516908,0.5416274,0.890327,0.6900649,0.28037745,0.55350244,0.12090609,0.67836565,0.6128774,0.7137061,0.29818994,0.81242687,0.81475246,0.3061066,0.6969921,0.73815376,0.4686506,0.68670034,0.8701691,0.2526691,0.5990233,0.1754816,0.20121078,0.7296483,0.3140233,0.6128774,0.48423162,0.5158982,0.6702733,0.68888,0.82374287,0.52975243,0.7124691,0.68670034,0.38176027,0.51985663,0.69798166,0.29818994,0.49848163,0.2586066,0.27018473,0.53341395,0.6369243,0.6089191,0.41075504,0.3912108,0.58516914,0.36943996,0.70787746,0.6154504,0.419117,0.6911535,0.41956234,0.62871075,0.6181223,0.20516911,0.7607212,0.69996077,0.7252174,0.3615233,0.5387082,0.57131493,0.75933576,0.17350245,0.56339824,0.3195155,0.9429035,0.46839827,0.100273274,0.58635664,0.46048158,0.13193995,0.5178774,0.5535321,0.6579629,0.6148566,0.5673566,0.48319253,0.5257348,0.28037745,0.4327733,0.64652324,0.42683575,0.48535976,0.47631493,0.25464827,0.6148566,0.96318996,0.2704816,0.12600245,0.26256496,0.1873566,0.51833266,0.3714191,0.65473676,0.32099986,0.11214828,0.45373264,0.4042733,0.57131493,0.09829411,0.46132278,0.37735662,0.41575244,0.2764191,0.6148962,0.36943996,0.815653,0.3654816,0.60694,0.6029816,0.7417707,0.39714825,0.6485024,0.53568995,0.21902327
BC2026_Train_0004_S08_20250607_070007_20,0.74418473,0.9916667,0.8517684,0.16929063,0.34118125,0.75031126,0.13889721,0.28727534,0.41142848,0.1381402,0.14192535,0.863965,0.30393004,0.3578003,0.43198934,0.22683391,0.32425934,0.59817606,0.22783068,0.71670467,0.2429713,0.20284866,0.42751804,0.20313437,0.11763438,0.24321249,0.3434167,0.24789973,0.93081117,0.14102474,0.76396173,0.70752084,0.94472396,0.72602606,0.79836464,0.80260396,0.75126046,0.9054425,0.89585346,0.7815417,0.901792,0.89585346,0.73586756,0.70752084,0.91276044,0.91276044,0.90603125,0.95145315,0.91974205,0.9130969,0.73586756,0.73586756,0.73586756,0.78490627,0.7983646,0.29420966,0.313806,0.07310313,0.4375469,0.3005242,0.15366016,0.2939781,0.381393,0.14065705,0.11763437,0.25479063,0.65280104,0.28727534,0.684306,0.64274347,0.328056,0.38001806,0.7090363,0.7202185,0.8036602,0.3869268,0.35209343,0.7399113,0.7627706,0.7934378,0.85518783,0.68855184,0.4688643,0.46094763,0.8465883,0.53219765,0.4035518,0.32982785,0.25313514,0.56584346,0.114593476,0.89685917,0.8599476,0.8660574,0.2771325,0.1482393,0.6608435,0.9319893,0.3560518,0.7182393,0.6133435,0.62213105,0.6022602,0.15417679,0.11583046,0.83102214,0.33428097,0.38771847,0.5186255,0.4154268,0.64698935,0.2828226,0.797406,0.4807393,0.4840544,0.6370935,0.47480184,0.57925236,0.33428097,0.702406,0.89168614,0.7241768,0.35803097,0.57969767,0.24200234,0.7546956,0.761781,0.8307722,0.37584347,0.5742055,0.87063515,0.3798018,0.7555466,0.86596435,0.45329818,0.75396323,0.69448936,0.25313514,0.60542685,0.19376013,0.2907393,0.7182393,0.41740596,0.70438516,0.4866768,0.6014685,0.7578227,0.85828024,0.81417555,0.73605186,0.69615185,0.7127966,0.3846013,0.7123018,0.6588643,0.31844765,0.44719243,0.33428097,0.2646143,0.6388253,0.626307,0.59157264,0.44789505,0.28282264,0.7182393,0.27094764,0.59157264,0.66272366,0.50092685,0.9178185,0.803769,0.7301143,0.6554998,0.27688512,0.83055705,0.536156,0.76411647,0.3798018,0.664505,0.7182393,0.8666768,0.2076143,0.54605186,0.41656482,0.8823123,0.6529268,0.18584345,0.6158175,0.54209346,0.16605179,0.47084346,0.6177249,0.55416644,0.6925101,0.6291768,0.5265571,0.5834383,0.393656,0.5757393,0.61532265,0.5420935,0.43034974,0.37386432,0.536156,0.5816768,0.9738685,0.35803097,0.1719893,0.25511432,0.22542681,0.5390258,0.40355182,0.7187341,0.4319034,0.09678097,0.3707966,0.42532265,0.68261427,0.17001013,0.5365618,0.44709346,0.39326012,0.46688512,0.69110495,0.29994243,0.7928366,0.35209346,0.59948933,0.6964685,0.7853826,0.54011434,0.6865727,0.6628227,0.19376013
BC2026_Train_0004_S08_20250607_070007_25,0.7681793,0.98541665,0.8333607,0.13595505,0.36128318,0.8458601,0.15943457,0.33052364,0.55696017,0.1723041,0.14732207,0.8403421,0.36534706,0.41640398,0.5670532,0.2657547,0.3087363,0.6878457,0.35988414,0.7881956,0.2569279,0.26525527,0.31890845,0.23570505,0.14486131,0.2472832,0.4126188,0.18739127,0.9629278,0.18382879,0.7751294,0.82223356,0.9467231,0.6708273,0.7532596,0.8055452,0.7852231,0.9251057,0.91728306,0.88111377,0.9122699,0.91728306,0.72802526,0.82223356,0.8912075,0.8912075,0.8895252,0.94167626,0.9265356,0.92460096,0.72802526,0.72802526,0.72802526,0.80709296,0.8054107,0.3164758,0.3405788,0.08073632,0.44553632,0.29337305,0.21312773,0.5507884,0.32298627,0.1412988,0.17336132,0.3728613,0.6971477,0.4077408,0.61884964,0.7831204,0.4100475,0.30307513,0.75459063,0.69026774,0.83672607,0.3689995,0.33599693,0.7273771,0.61703855,0.88555455,0.8632133,0.74172604,0.4943302,0.6709708,0.89877295,0.7041219,0.34193438,0.269299,0.37558022,0.6407885,0.22120526,0.67641354,0.93301255,0.8287323,0.28176773,0.36370522,0.8347469,0.94558024,0.64078856,0.753601,0.66651773,0.608449,0.5187235,0.21922606,0.0844943,0.94035524,0.39735106,0.62297606,0.620277,0.40130937,0.7140177,0.35380936,0.5636011,0.35341355,0.422536,0.6427677,0.46464273,0.6591948,0.36172608,0.89610106,0.9152,0.78328854,0.45474687,0.6209969,0.21739537,0.82378477,0.91985106,0.91638017,0.33995524,0.59863234,0.8604761,0.5101636,0.8317781,0.92116034,0.58342344,0.7829917,0.7357885,0.18558024,0.6954136,0.26276773,0.51808023,0.8604761,0.39735106,0.7159969,0.59328854,0.6150594,0.7357885,0.9485763,0.82785743,0.75953853,0.64209485,0.8862028,0.35277036,0.5537053,0.646726,0.30433023,0.4531636,0.36370522,0.23317921,0.63168436,0.70758545,0.53391355,0.5406007,0.31620523,0.7832886,0.35578856,0.6981844,0.7200542,0.42238754,0.9588011,0.94843024,0.7991219,0.6257469,0.35578856,0.90075463,0.2944344,0.83413094,0.37953854,0.6460334,0.7120386,0.7357885,0.20933025,0.65068436,0.34099433,0.7120386,0.8703719,0.20339274,0.6124865,0.44089273,0.17766358,0.5972469,0.6830437,0.6212938,0.89610106,0.57349694,0.48116878,0.62863654,0.28651774,0.7951635,0.6427678,0.42901775,0.39479798,0.6981844,0.61703855,0.5299552,0.9323199,0.33401772,0.19547608,0.24693441,0.21526775,0.4126896,0.4072469,0.841773,0.46122867,0.10047607,0.2966115,0.5221375,0.76547605,0.14797607,0.68428475,0.55172604,0.4459396,0.5695386,0.8052771,0.23149692,0.8759211,0.3775594,0.753601,0.82089275,0.7845414,0.6407885,0.9020385,0.6348511,0.16578858
BC2026_Train_0004_S08_20250607_070007_30,0.68402314,0.9666667,0.6578685,0.11166295,0.28177232,0.6207937,0.1069179,0.2007898,0.31131634,0.10616087,0.0948054,0.5683706,0.24318352,0.389627,0.41688016,0.2102106,0.18291295,0.61734,0.24062173,0.74144,0.19519988,0.20504127,0.37725228,0.16866294,0.102756694,0.23902231,0.33436373,0.09027799,0.8635384,0.08493424,0.75266564,0.644999,0.94108236,0.52050936,0.60125935,0.6635041,0.73920727,0.890193,0.89044535,0.75266564,0.8931706,0.89044535,0.63322294,0.644999,0.88220215,0.88220215,0.88051975,0.93098855,0.8949876,0.89355755,0.63322294,0.63322294,0.63322294,0.78126466,0.7846292,0.27153015,0.34321547,0.0671317,0.2904114,0.24574652,0.14884654,0.2203192,0.28377625,0.09451841,0.08672544,0.31116292,0.59111613,0.2477257,0.6915488,0.61436135,0.30580923,0.27829397,0.7589559,0.5918153,0.7560861,0.43907315,0.22171114,0.7736018,0.89700276,0.84556687,0.739758,0.6868153,0.51066947,0.48889866,0.7470809,0.6215028,0.4275445,0.2916252,0.33452368,0.5918153,0.09108615,0.57004446,0.80279446,0.67521,0.3424898,0.17421114,0.6175445,0.92629445,0.38202366,0.7877528,0.65712786,0.52141637,0.52487,0.2415028,0.090640835,0.9212996,0.39389867,0.29889864,0.57934904,0.480982,0.6412945,0.25733614,0.8115029,0.4977059,0.34293514,0.6808778,0.47702363,0.71769035,0.44139865,0.901456,0.90952104,0.84148717,0.37806532,0.5561903,0.15288563,0.7284718,0.7640028,0.9295354,0.350357,0.73114866,0.77389866,0.59379447,0.7382737,0.8994471,0.47214502,0.69087267,0.8174403,0.37608612,0.7469819,0.14452365,0.5660861,0.6967111,0.4631695,0.6749403,0.45129448,0.62941945,0.62744033,0.93153685,0.7679884,0.7699403,0.5601091,0.72590387,0.36242992,0.587857,0.67691946,0.35827366,0.4379846,0.29691947,0.2728726,0.58978677,0.63624763,0.63812786,0.47235036,0.36421117,0.6551486,0.29889864,0.60171115,0.69453406,0.43714345,0.92938197,0.9319821,0.7204612,0.49087784,0.2890028,0.8100184,0.51264864,0.7743984,0.41566947,0.6508439,0.71254444,0.7145236,0.15639865,0.5621278,0.34224242,0.7244195,0.68483615,0.15244031,0.61294293,0.42952365,0.21577366,0.7362945,0.58483875,0.6376331,0.8893831,0.57004446,0.46747416,0.6055309,0.2850445,0.53639865,0.62744033,0.51462775,0.3144945,0.43941948,0.3899403,0.5898361,0.9756153,0.2771278,0.12473199,0.22369033,0.18410698,0.49127364,0.5027528,0.7953726,0.3934039,0.079211146,0.35164347,0.51536995,0.6670236,0.16629449,0.6219976,0.47306532,0.30424243,0.49285695,0.7417966,0.2745549,0.8765432,0.445357,0.69077367,0.8517788,0.7357601,0.457232,0.87760705,0.56410694,0.32858613
BC2026_Train_0004_S08_20250607_070007_35,0.6632947,0.9579167,0.5673228,0.16068977,0.27914292,0.6171503,0.10822537,0.20058317,0.3080816,0.08929959,0.09762694,0.56101424,0.20815349,0.31948826,0.37853667,0.30359054,0.16781478,0.383346,0.29128137,0.7019288,0.20800792,0.17848372,0.43371135,0.13575229,0.12684603,0.2435179,0.25059834,0.12651497,0.8123952,0.07129622,0.77855676,0.6052807,0.94510365,0.49424943,0.5632234,0.6052807,0.71294737,0.82944614,0.880756,0.6035984,0.89268345,0.880756,0.5968693,0.6052807,0.88958806,0.88958806,0.8744474,0.9366922,0.8824383,0.8619143,0.5968693,0.5968693,0.5968693,0.80332005,0.76678073,0.27709448,0.33492124,0.06272103,0.29125544,0.34954682,0.16634525,0.15890852,0.34219915,0.1181179,0.07518978,0.24084601,0.48550066,0.1551613,0.5874629,0.6211088,0.25654623,0.31694052,0.71951926,0.6216494,0.4573786,0.24481612,0.21789946,0.7221417,0.6813213,0.8113032,0.65227705,0.59592026,0.45935777,0.4514411,0.7572224,0.56227446,0.38019112,0.25852185,0.26342028,0.5207119,0.08727445,0.639462,0.6445088,0.7336267,0.363863,0.19612862,0.4930036,0.9224828,0.28123277,0.6097745,0.58602446,0.65078276,0.5274411,0.1842536,0.12933175,0.8287692,0.4395661,0.39404526,0.40265465,0.41185775,0.6434202,0.23175362,0.6612328,0.5626703,0.33135518,0.66321194,0.50289947,0.60086817,0.24758695,0.7087328,0.8839534,0.79185784,0.3267536,0.49498278,0.1798005,0.56579244,0.70477444,0.8736493,0.35842025,0.70180565,0.62956613,0.24164945,0.8310453,0.7655498,0.41723126,0.6434203,0.7918577,0.42769107,0.73446196,0.1486286,0.5266494,0.67112863,0.45539945,0.6552953,0.28123277,0.6018578,0.5662328,0.7021026,0.7690221,0.37821195,0.6137724,0.6251624,0.55079526,0.43560773,0.7008161,0.43560773,0.45003098,0.2911286,0.2861807,0.64985263,0.64955574,0.6512379,0.49334997,0.4930036,0.52862865,0.31883693,0.5088369,0.6423318,0.4011703,0.7378661,0.7311963,0.6256078,0.667665,0.32279527,0.75469893,0.5068578,0.6729544,0.3980036,0.6707822,0.70279527,0.69092023,0.27727446,0.5167536,0.37583694,0.68894106,0.5365453,0.13477445,0.6740479,0.5266494,0.38414943,0.67310774,0.53925174,0.49409217,0.7755296,0.6533161,0.5547042,0.5935849,0.33071193,0.4158161,0.5464411,0.6071025,0.438814,0.44946194,0.3505036,0.646389,0.91981095,0.23769112,0.16050363,0.22779529,0.1961286,0.47558692,0.5682119,0.6958682,0.31621456,0.07935778,0.5311026,0.32217678,0.69092023,0.23967028,0.5059177,0.39206612,0.32714945,0.3742536,0.6608765,0.3097328,0.7766652,0.36831608,0.5365453,0.6770661,0.6649487,0.39404526,0.9145661,0.53852445,0.31092027
BC2026_Train_0004_S08_20250607_070007_40,0.737029,0.9347917,0.64825404,0.108398356,0.34619525,0.70181316,0.093602434,0.19201651,0.31162742,0.09587353,0.093602434,0.5792801,0.24500872,0.35246527,0.45693552,0.3017441,0.27583584,0.43258584,0.19791731,0.64406115,0.22062825,0.18353371,0.35900825,0.16539836,0.17252336,0.2482265,0.3078004,0.21365169,0.9281309,0.053339195,0.7521587,0.67645556,0.9237524,0.5603775,0.58729416,0.6815025,0.72187746,0.8631059,0.9021351,0.58897644,0.88970286,0.9021351,0.6007525,0.67645556,0.8816952,0.8816952,0.8564608,0.9237525,0.88556445,0.8650405,0.6007525,0.6007525,0.6007525,0.78916913,0.77234626,0.31915587,0.35971418,0.07455461,0.3564374,0.29511788,0.16793665,0.15471087,0.3559921,0.11374211,0.12621085,0.2883046,0.6782994,0.19050243,0.8085893,0.5849434,0.3240892,0.30557072,0.7240032,0.8015865,0.48689902,0.31208912,0.29887816,0.77712405,0.64434177,0.75172395,0.7861986,0.72241986,0.41762817,0.50273234,0.8445345,0.36616984,0.40377402,0.26825058,0.37804484,0.5779407,0.07919068,0.6254407,0.7391438,0.8218057,0.19358651,0.19991983,0.5601282,0.8767949,0.38398233,0.6867949,0.5799198,0.6478647,0.7309798,0.19991985,0.20056307,0.6730446,0.4829407,0.39585733,0.52585155,0.40179485,0.75408655,0.26325318,0.66700315,0.5000605,0.45765683,0.7006491,0.48491982,0.8099485,0.44929487,0.8120761,0.8491731,0.7590345,0.35231566,0.617524,0.18542245,0.573871,0.6373157,0.8843999,0.37210736,0.8822871,0.676899,0.20981567,0.72360736,0.75391835,0.43428287,0.6970866,0.79564905,0.45523235,0.78624797,0.166274,0.42158648,0.7711074,0.48887816,0.8781803,0.27116984,0.47898233,0.5838782,0.78786844,0.8266507,0.38002402,0.540198,0.69208914,0.58328444,0.4809615,0.71252406,0.522524,0.60283864,0.36419067,0.3263886,0.50312823,0.6325657,0.7184616,0.4501731,0.54627407,0.65829486,0.14054485,0.6867949,0.64424276,0.46977925,0.6931282,0.67422223,0.7620032,0.7361751,0.22960733,0.7072298,0.4235657,0.70719266,0.45721152,0.640235,0.83721155,0.65116984,0.31866986,0.50866985,0.4419719,0.8847115,0.5601282,0.13856567,0.68377656,0.510649,0.6313782,0.6353365,0.54173434,0.6187116,0.80534697,0.66304487,0.628459,0.69328654,0.32262817,0.66700315,0.73033655,0.48491985,0.32654694,0.40179485,0.40179485,0.698373,0.92928237,0.3820032,0.11679485,0.3345032,0.24939902,0.49590424,0.46512818,0.69698757,0.32812038,0.100961514,0.7280605,0.5490053,0.87283653,0.24148233,0.6566621,0.49481568,0.48491982,0.344399,0.71347404,0.31965944,0.81694,0.40575317,0.63335735,0.81346154,0.7005897,0.4829407,0.81138337,0.5799199,0.34241986
BC2026_Train_0004_S08_20250607_070007_45,0.748998,0.9567709,0.57381237,0.12977967,0.32838905,0.60247725,0.084938355,0.17578211,0.26662585,0.09023757,0.11219148,0.50988525,0.20909148,0.31889498,0.37794343,0.1939848,0.16362342,0.4094359,0.23859549,0.6371304,0.20831424,0.19695878,0.21264383,0.17609215,0.16896719,0.2339828,0.24849108,0.10293554,0.8270136,0.035248045,0.7580507,0.6739361,0.9363736,0.49897772,0.56795174,0.6386079,0.7294517,0.84914684,0.8982697,0.6150559,0.8952585,0.8982697,0.6234673,0.6739361,0.89936316,0.89936316,0.8959986,0.9431028,0.90129787,0.8726148,0.6234673,0.6234673,0.6234673,0.79001415,0.783285,0.28709966,0.33449805,0.08346717,0.2636406,0.24017262,0.15538514,0.14224842,0.30216017,0.115930445,0.11552967,0.22596717,0.47854844,0.08872351,0.6780814,0.48412305,0.29531056,0.36503965,0.6759353,0.7742999,0.5328415,0.39682335,0.29534155,0.7761999,0.6451593,0.73956555,0.70775044,0.67138326,0.4417999,0.5379874,0.71581554,0.44575822,0.3824249,0.33198336,0.34679988,0.46554992,0.085549906,0.6397166,0.7994353,0.7854674,0.23759939,0.1211749,0.5565916,0.8613832,0.3646124,0.7129457,0.6258624,0.6056947,0.56000566,0.28687072,0.09133898,0.6602504,0.4002374,0.24388322,0.46196762,0.44971657,0.65752906,0.25575826,0.62388325,0.565102,0.32126868,0.681279,0.5608468,0.7350135,0.35075822,0.75846654,0.8638548,0.7890447,0.35867488,0.63179994,0.08965669,0.6256596,0.49127907,0.8739213,0.35075822,0.8056697,0.61002904,0.17065407,0.68652385,0.79312676,0.46743506,0.6543624,0.84604466,0.34482074,0.7370916,0.15877907,0.3586749,0.8062635,0.3942999,0.65554994,0.2696124,0.50909156,0.57440406,0.6456739,0.8223096,0.33888322,0.578778,0.7494614,0.44526345,0.4516957,0.7030499,0.32502908,0.5829046,0.3171124,0.29860717,0.4579796,0.6872166,0.70908636,0.48049262,0.4417999,0.6606958,0.33096656,0.49127904,0.65663844,0.36995614,0.707325,0.53407854,0.6792999,0.61230516,0.20232074,0.75955516,0.5605499,0.7355132,0.39034155,0.6409536,0.6040916,0.63179994,0.18450823,0.52690405,0.32750303,0.87325823,0.6001332,0.1746124,0.6799654,0.4299249,0.37648737,0.5941957,0.52512527,0.6511958,0.76440406,0.5724249,0.56525046,0.6342937,0.30127907,0.4596124,0.7030499,0.53571135,0.4004551,0.3111749,0.5625291,0.7156176,0.9256665,0.34877908,0.11325824,0.25575826,0.1746124,0.5704458,0.47346658,0.7347166,0.36837283,0.07763324,0.5569874,0.5004723,0.6021124,0.20825823,0.51428694,0.5011749,0.40023744,0.40221655,0.68644464,0.3356176,0.8332098,0.38044572,0.5902374,0.67138326,0.7121244,0.51700824,0.7446124,0.46159157,0.21221656
BC2026_Train_0004_S08_20250607_070007_50,0.7294607,0.94427085,0.5461522,0.16967173,0.5975676,0.607722,0.118008874,0.19219795,0.32846355,0.10513935,0.111952625,0.44807446,0.2345917,0.39442986,0.40351424,0.22712594,0.17145298,0.74105716,0.15876527,0.7480721,0.16482154,0.2851895,0.26831484,0.2533905,0.15720297,0.23824984,0.29223064,0.059195966,0.7653626,0.06632096,0.7885103,0.6883298,0.93562675,0.47972572,0.5924392,0.6075798,0.75730383,0.787585,0.9188038,0.63617885,0.8897338,0.9188038,0.6630955,0.6883298,0.8986163,0.8986163,0.8599236,0.9305798,0.8854103,0.849157,0.6630955,0.6630955,0.6630955,0.8094549,0.7589861,0.28541735,0.2889772,0.12692171,0.24947172,0.4304022,0.25931314,0.18392172,0.29195452,0.1435764,0.17501546,0.26764047,0.63299465,0.15813154,0.54844594,0.560321,0.30500844,0.3514398,0.81560373,0.69329125,0.39047873,0.31457767,0.3093329,0.8127934,0.6280777,0.7904906,0.80353075,0.7487079,0.47756204,0.8370777,0.8218381,0.3845412,0.4557912,0.33687547,0.525062,0.6616245,0.061937056,0.5666245,0.945635,0.8252066,0.27073914,0.12527038,0.61412454,0.8813121,0.47558293,0.8001662,0.6833953,0.76181,0.3515881,0.1950954,0.1079032,0.7264423,0.50527036,0.20641622,0.525062,0.40433288,0.715062,0.22422874,0.4518329,0.54980165,0.7432652,0.6616245,0.6269892,0.6605856,0.3983954,0.7071454,0.8682472,0.89684856,0.35287455,0.74474955,0.11295007,0.70925075,0.6734996,0.8867078,0.37266624,0.7161011,0.62995785,0.34099957,0.7700829,0.7280157,0.5008222,0.69883287,0.8618173,0.33308288,0.6659787,0.13714539,0.3983954,0.8652808,0.32912454,0.77245784,0.32912454,0.67745787,0.7505881,0.65964544,0.8846925,0.5765204,0.692836,0.7570204,0.4305074,0.46370786,0.7051662,0.4795412,0.62656367,0.4577704,0.30606726,0.57355165,0.80907243,0.83965063,0.57204497,0.41224957,0.65568703,0.10152038,0.5112079,0.6726089,0.48082772,0.87537456,0.54139024,0.7071454,0.5408954,0.26777038,0.78393704,0.6814162,0.8452641,0.4557912,0.6600412,0.6180829,0.7071454,0.2202704,0.6339162,0.3682626,0.6754787,0.77641624,0.17079122,0.783608,0.47162455,0.28162456,0.55474955,0.60017395,0.7961089,0.7407912,0.6398537,0.5523746,0.7264819,0.31527036,0.6220412,0.5349579,0.5898798,0.37992975,0.27568704,0.7467287,0.70180166,0.7472037,0.41818705,0.08766622,0.38256207,0.37662455,0.5790933,0.55474955,0.91762984,0.5918589,0.065895386,0.37217146,0.41627717,0.5112079,0.28756207,0.59492666,0.38849956,0.4337235,0.6477704,0.6659193,0.3195256,0.8973903,0.46964538,0.79224956,0.64183295,0.8036348,0.78631204,0.9098121,0.55474955,0.23412456
BC2026_Train_0004_S08_20250607_070007_55,0.7345456,0.92645836,0.65243685,0.16763169,0.6855796,0.7918002,0.15531962,0.3884853,0.43693525,0.11973916,0.18408681,0.56327534,0.3460915,0.60838526,0.58651537,0.3950706,0.46510044,0.9189234,0.28381744,0.841329,0.42159712,0.48594478,0.25558722,0.37247542,0.2673817,0.25758484,0.3738737,0.13768554,0.8107012,0.11809179,0.7376907,0.7242323,0.924425,0.51226366,0.64011776,0.65021145,0.78143024,0.87059176,0.86218023,0.7141386,0.88068545,0.86218023,0.7400459,0.7242323,0.90087295,0.90087295,0.84872186,0.92106044,0.8917886,0.8784144,0.7400459,0.7400459,0.7400459,0.7679719,0.7747011,0.3488917,0.31402928,0.2566942,0.34728065,0.7933403,0.39648768,0.42056915,0.4398067,0.2944567,0.35466295,0.38494417,0.70735043,0.37637272,0.635248,0.6253522,0.3567793,0.49308726,0.93569434,0.86098075,0.53243905,0.30998075,0.39389738,0.8026349,0.47900158,0.891398,0.8496678,0.7996266,0.58389735,0.9313401,0.8335693,0.63337654,0.4295224,0.44988063,0.69670993,0.8728557,0.18014742,0.49087656,0.91283494,0.8932268,0.34332967,0.29493907,0.73629326,0.8926474,0.68087655,0.7343141,0.65712655,0.9010153,0.5253141,0.14254324,0.09860577,0.7942334,0.6353557,0.45920992,0.5355562,0.47900158,0.57202244,0.2593141,0.37806407,0.59161615,0.7519643,0.71650153,0.7235276,0.64930886,0.5759808,0.8451474,0.8880211,0.8894807,0.4611891,0.7085849,0.13898076,0.88724923,0.92629325,0.90351063,0.51264745,0.6055693,0.57993907,0.3998349,0.79576725,0.7824227,0.5351258,0.9256005,0.9039287,0.36618906,0.739262,0.20983492,0.6927516,0.81328285,0.5858765,0.8746765,0.33254322,0.9282724,0.82466304,0.5708844,0.9412899,0.73827237,0.76289916,0.7507906,0.5390693,0.40775156,0.85504323,0.55816823,0.6406302,0.7442099,0.38627762,0.6225902,0.7530172,0.95588183,0.7034019,0.6729599,0.7244182,0.3879599,0.6788974,0.73876715,0.49572557,0.900089,0.75554067,0.84316826,0.5918141,0.37806407,0.8702333,0.5007724,0.93822277,0.5443141,0.6858245,0.73233485,0.7640016,0.31473076,0.71254325,0.5020589,0.7738974,0.7600432,0.21379325,0.88248193,0.5621266,0.10098076,0.6353558,0.64493,0.7846839,0.66306406,0.8352515,0.7194703,0.7662637,0.40577242,0.8431682,0.76202244,0.6766214,0.5206492,0.3543141,0.6254599,0.7689495,0.8845328,0.36420992,0.11483492,0.40577242,0.33848077,0.6248662,0.50670993,0.945788,0.7052639,0.106918246,0.38766304,0.46735418,0.6591058,0.29691824,0.625452,0.4592099,0.48226723,0.7798349,0.77635753,0.42833492,0.86624783,0.6096266,0.7837933,0.7996266,0.83819073,0.7145224,0.9311422,0.63337654,0.2929599
BC2026_Train_0004_S08_20250607_070007_60,0.7912362,0.9063542,0.7563107,0.22336726,0.6975757,0.8513646,0.2840914,0.69743055,0.54265964,0.17129375,0.26440856,0.64864403,0.48091948,0.6837007,0.72155225,0.4614699,0.6708569,0.8450235,0.3564934,0.8533583,0.47459027,0.49805826,0.79519457,0.41930476,0.328461,0.42197663,0.42361835,0.2600885,0.7904063,0.17636979,0.7520365,0.69652086,0.92194796,0.5097865,0.68810946,0.64941674,0.760448,0.8243751,0.8798907,0.6813803,0.8644136,0.8798907,0.7546441,0.69652086,0.91353655,0.91353655,0.84960943,0.9202657,0.8787131,0.8344688,0.7546441,0.7546441,0.7546441,0.76885945,0.7940938,0.45465663,0.32955724,0.28036726,0.5716215,0.6229313,0.46513236,0.7520027,0.4855672,0.38866726,0.45314848,0.492336,0.7078673,0.3544953,0.5514219,0.57715106,0.45780727,0.6427988,0.937676,0.7492593,0.46228012,0.34115514,0.48998848,0.83386874,0.58696765,0.8611466,0.8497278,0.8739468,0.6700927,0.9548948,0.9122437,0.8462385,0.5236343,0.5742342,0.6483218,0.8462385,0.3930093,0.7749885,0.9463843,0.88540137,0.6275406,0.61863434,0.7235302,0.84228015,0.5176968,0.75123847,0.66217595,0.9285956,0.5161135,0.22478014,0.23012389,0.8201135,0.67603016,0.7151385,0.612499,0.6542593,0.662176,0.38707182,0.55530095,0.6139832,0.7072021,0.81417596,0.67603016,0.7564338,0.67603016,0.757176,0.8597661,0.84198326,0.56123847,0.7235302,0.29068643,0.91358954,0.8573218,0.87191075,0.543426,0.54614735,0.73540515,0.53155094,0.804577,0.8300242,0.5860919,0.96459264,0.83317596,0.4761343,0.8205093,0.25842598,0.7611343,0.77637386,0.7908218,0.9349051,0.28811345,0.913926,0.91887385,0.6999781,0.90979445,0.8226468,0.83792,0.8443088,0.6859261,0.6720718,0.8917593,0.6740509,0.6067593,0.7749885,0.4306135,0.86306137,0.7250145,0.9544989,0.6510284,0.76311344,0.8007176,0.24853013,0.5929051,0.911452,0.6038895,0.8921551,0.7259052,0.8145718,0.70967597,0.6364468,0.8897307,0.68988425,0.9680958,0.61071765,0.7634104,0.7868635,0.9435145,0.42071763,0.7670718,0.6859261,0.76311344,0.65623844,0.41280094,0.92339385,0.83990514,0.12384264,0.7413426,0.6272734,0.86889994,0.71165514,0.94964993,0.9013583,0.7891336,0.5038426,0.86998844,0.8026968,0.76776445,0.75717,0.650301,0.60082185,0.86731666,0.9212489,0.45238432,0.2683218,0.5632177,0.389051,0.70739996,0.5216551,0.90224886,0.72402495,0.1495718,0.40626976,0.5142333,0.85811347,0.34155098,0.68829507,0.57905096,0.4440718,0.79675937,0.80932105,0.47267082,0.8028527,0.697801,0.8205093,0.85083014,0.86560464,0.82644683,0.9483635,0.70175934,0.34353012
BC2026_Train_0005_S08_20250607_070007_5,0.6678355,0.90552086,0.74520826,0.3161991,0.64850116,0.72091734,0.33758897,0.36181396,0.41177803,0.27324128,0.26794207,0.77548945,0.70483315,0.6542002,0.66765857,0.40639862,0.4444491,0.7405324,0.17564735,0.6096786,0.45877704,0.47164655,0.6460646,0.58615744,0.27344912,0.46137097,0.63485384,0.4574902,0.8922142,0.34527147,0.77612543,0.7239744,0.87294143,0.63649523,0.8282765,0.7374327,0.6920109,0.7531622,0.8049263,0.66172963,0.83500564,0.8049263,0.7525734,0.7239744,0.93426085,0.93426085,0.836688,0.87487596,0.8501463,0.7525734,0.7525734,0.7525734,0.7525734,0.77329916,0.78621924,0.50859785,0.39514643,0.18794909,0.6499262,0.64908504,0.33853403,0.4907616,0.42516708,0.28738737,0.37854284,0.58022,0.58615744,0.34213117,0.64768815,0.43077147,0.62393814,0.6203354,0.87783694,0.6355869,0.83746195,0.7501312,0.7008994,0.9086427,0.7305869,0.7478551,0.94398814,0.7928119,0.70881605,0.9324619,0.8556702,0.78996193,0.8216286,0.59261674,0.92118067,0.88892025,0.24964942,0.8275661,0.88298273,0.55557907,0.54899836,0.6276702,0.7800661,0.68142444,0.7167327,0.8592328,0.7424619,0.9723204,0.5903135,0.28329524,0.1606364,0.89867014,0.77412856,0.9292953,0.9141546,0.7385035,0.8671494,0.37433693,0.90465456,0.5370245,0.7876859,0.86724836,0.69892025,0.56423795,0.6276702,0.891988,0.8489906,0.89297754,0.7305869,0.97996193,0.27334994,0.96714437,0.68506604,0.8729089,0.75829524,0.4733942,0.91346186,0.80579525,0.83281094,0.90273976,0.92578715,0.80579525,0.84814936,0.55048275,0.9166286,0.09131608,0.55642027,0.76819104,0.93404526,0.9760036,0.3565244,0.9120765,0.9474046,0.5945192,0.6581989,0.7187119,0.9620584,0.881721,0.9258713,0.803816,0.9072276,0.8612119,0.72888976,0.8295452,0.6847693,0.73405045,0.7301911,0.875264,0.58467287,0.69100356,0.9258317,0.29714942,0.5227744,0.9479984,0.8028265,0.9584286,0.81514436,0.9399828,0.7226702,0.7305869,0.93471324,0.4218369,0.98001397,0.5722536,0.95141745,0.65735775,0.9738265,0.49704525,0.89634216,0.9251984,0.8770452,0.8176702,0.7721494,0.93555194,0.74048275,0.15267025,0.8592328,0.8002041,0.6058044,0.83746195,0.96917546,0.8903502,0.9233658,0.6969411,0.70485777,0.64350355,0.5583994,0.9594509,0.8453786,0.83004004,0.91692543,0.8552744,0.69892025,0.60787857,0.7958994,0.64350355,0.7487992,0.6553785,0.95898265,0.8516129,0.11308691,0.5284863,0.65486896,0.7266286,0.72464937,0.9568577,0.68506604,0.78263897,0.9794671,0.97089046,0.5670088,0.79014003,0.7879827,0.8159285,0.9664047,0.95648897,0.8275661,0.9236547,0.92701924,0.42579523
BC2026_Train_0005_S08_20250607_070007_10,0.5948087,0.82437503,0.7519202,0.31374758,0.67929965,0.83951557,0.3799656,0.40570468,0.41781718,0.26111168,0.27700937,0.62406605,0.652665,0.6353721,0.6757471,0.4368617,0.46159136,0.6525809,0.20028201,0.686296,0.55171275,0.5458247,0.7333504,0.70997673,0.27456015,0.5645081,0.60256743,0.4510052,0.9008698,0.32988018,0.77623355,0.71903574,0.86968493,0.611369,0.81492627,0.7156712,0.6837076,0.7240826,0.85200405,0.66856694,0.8435253,0.85200405,0.7543639,0.71903574,0.9427805,0.9427805,0.81997323,0.8686756,0.8452076,0.71903574,0.7543639,0.7543639,0.7543639,0.80086243,0.7863275,0.64714813,0.3868802,0.21577886,0.65506476,0.8140413,0.3532617,0.3823257,0.42819297,0.29192728,0.5892476,0.64664346,0.45268512,0.3920781,0.6423906,0.49019265,0.57509893,0.73010445,0.87938166,0.5934911,0.63901186,0.685176,0.7161994,0.8502682,0.39557436,0.7630067,0.92021686,0.80288696,0.73797023,0.7436703,0.84484524,0.82920974,0.7656785,0.5952525,0.9031317,0.8871994,0.32432437,0.76765776,0.6548452,0.53639215,0.57399625,0.65437025,0.73994935,0.69189525,0.6983869,0.7161994,0.676616,0.97726744,0.67003536,0.3045327,0.19117594,0.7876473,0.8646369,0.8583035,0.841639,0.7656785,0.84484524,0.45890772,0.828913,0.47612643,0.8464336,0.89135563,0.7656785,0.5653869,0.85869944,0.8179286,0.8347515,0.9466734,0.6350536,0.8891786,0.22986865,0.965765,0.7181786,0.8874454,0.7755744,0.6057619,0.895512,0.8092202,0.9081785,0.85234636,0.824925,0.7951286,0.8363348,0.7023452,0.8915535,0.1501577,0.49453267,0.6568244,0.9127307,0.91847026,0.3817202,0.9396474,0.98338693,0.5899682,0.6070484,0.6508869,0.9434534,0.8539222,0.9182624,0.72015774,0.85226715,0.8369286,0.80551916,0.92797023,0.68087125,0.71194416,0.6640484,0.95805365,0.59814215,0.93390775,0.88076717,0.40744936,0.6073452,0.9755691,0.76548064,0.88739735,0.70016813,0.9783401,0.66276187,0.8586994,0.9567944,0.44505355,0.9757746,0.61328274,0.91064507,0.6429702,0.9411317,0.5558869,0.82940775,0.89571965,0.8903661,0.79536605,0.58755356,0.906813,0.7899035,0.35401183,0.7696369,0.7203557,0.6164494,0.75380355,0.95053273,0.9374777,0.8748999,0.5895327,0.73599106,0.71224105,0.5796369,0.9264621,0.86859524,0.8474181,0.9687411,0.8369286,0.6192202,0.4589077,0.90224105,0.49651188,0.7022463,0.61328274,0.82198584,0.9317258,0.13432437,0.71906924,0.5632692,0.8416785,0.7340119,0.9321611,0.6904702,0.6477203,0.9035275,0.94320095,0.6018036,0.68723583,0.9002619,0.8361369,0.9308401,0.9248531,0.6983869,0.96646506,0.88858485,0.5083869
BC2026_Train_0005_S08_20250607_070007_15,0.57500464,0.90593755,0.72021466,0.27631235,0.64028114,0.5888405,0.2802954,0.23184541,0.34237197,0.2432009,0.22276105,0.65965223,0.5688084,0.6212168,0.6043939,0.3725741,0.3564686,0.48828104,0.13787583,0.4649133,0.44371647,0.36422816,0.46219218,0.4205936,0.17656235,0.34489048,0.58841205,0.37390298,0.9137207,0.21715298,0.7569486,0.62741214,0.8713444,0.6375058,0.7350788,0.7064798,0.67956316,0.73003197,0.8055332,0.62068295,0.8410632,0.8055332,0.69806844,0.62741214,0.9251778,0.9251778,0.8292871,0.87252206,0.8427455,0.7165736,0.69806844,0.69806844,0.69806844,0.77175283,0.7838652,0.43540767,0.3560905,0.15874983,0.53548425,0.63053364,0.20659621,0.2540467,0.31843895,0.23062328,0.36359358,0.39387482,0.49718735,0.27423915,0.64227796,0.43446547,0.43802798,0.5947963,0.83333564,0.7783148,0.815919,0.66132826,0.8198774,0.8451513,0.51706487,0.7240362,0.9318041,0.91883564,0.6575857,0.66946065,0.80008566,0.7617888,0.673419,0.46130925,0.8845961,0.8564919,0.12716901,0.7901898,0.8099815,0.50167686,0.55600494,0.63581485,0.64571065,0.7502898,0.57643986,0.80008566,0.70706475,0.92230916,0.8158973,0.19643986,0.15576798,0.76901025,0.7961273,0.8410544,0.8474966,0.5823773,0.8238356,0.30925235,0.7729711,0.4780753,0.8159759,0.83551276,0.6437315,0.57856745,0.73873144,0.8785398,0.8206195,0.8938981,0.6793565,0.96237737,0.16586174,0.9504529,0.4280024,0.962464,0.77633566,0.7148331,0.8852888,0.78623146,0.7961273,0.8624196,0.80278236,0.899044,0.88449717,0.4497732,0.87727314,0.08560652,0.47946072,0.72091895,0.9378357,0.9082471,0.4082107,0.90280443,0.95465857,0.6311539,0.5740154,0.39831483,0.932487,0.7920057,0.9013696,0.744669,0.90785134,0.8317523,0.66211796,0.8337314,0.64452314,0.5711456,0.6411585,0.8960753,0.4901977,0.7130023,0.8692575,0.13706486,0.59029394,0.9810805,0.6412576,0.9163024,0.6557079,0.9507003,0.732794,0.70904404,0.9247385,0.26373154,0.9790519,0.57841897,0.9204982,0.72091895,0.9173513,0.51310647,0.8167107,0.80211437,0.8379867,0.78623146,0.6417523,0.88364863,0.5586273,0.5487315,0.80998147,0.6944477,0.59276795,0.7901898,0.8879607,0.89560026,0.876719,0.42800236,0.7149815,0.76050234,0.61800236,0.922225,0.77633566,0.960794,0.9203201,0.81393987,0.63185644,0.58633566,0.9406065,0.4062315,0.6583774,0.6160231,0.7718826,0.8614819,0.08362736,0.83838254,0.52248776,0.7915357,0.67737734,0.9733567,0.55268985,0.6277993,0.9442679,0.9384591,0.56040865,0.8669939,0.6991481,0.81393987,0.9093356,0.96394587,0.8020648,0.9681169,0.8421429,0.3903982
BC2026_Train_0005_S08_20250607_070007_20,0.64745533,0.9645833,0.83023846,0.29543957,0.55490834,0.62113476,0.19887438,0.18827596,0.33514002,0.18146266,0.2034166,0.8083687,0.54593116,0.53282684,0.46343225,0.32338148,0.2651583,0.46109584,0.092410475,0.395223,0.28015426,0.32936126,0.34068447,0.6113146,0.11197083,0.25536147,0.5387148,0.57363474,0.9115775,0.21975975,0.765279,0.6323779,0.8880863,0.67443526,0.8224769,0.72995085,0.6912582,0.77167165,0.83479124,0.7063988,0.8588144,0.83479124,0.74845606,0.6323779,0.9486488,0.9486488,0.8880863,0.897423,0.8594873,0.8392998,0.74845606,0.74845606,0.74845606,0.7945509,0.8292061,0.3483635,0.37829098,0.12800208,0.31262866,0.41937006,0.21042942,0.20993957,0.29129818,0.24436225,0.2918771,0.2776271,0.5539187,0.20493065,0.6231139,0.63300973,0.421041,0.37828863,0.7392791,0.630425,0.8877166,0.6723339,0.67396665,0.84843016,0.42459163,0.6616958,0.89536613,0.87386245,0.5908416,0.44834164,0.77688324,0.7516489,0.751451,0.38495138,0.7759927,0.75184685,0.092091635,0.71750826,0.73532075,0.4255812,0.36303955,0.40084162,0.7630291,0.7027833,0.54334164,0.7392791,0.6838625,0.89285064,0.72112024,0.1356333,0.0966932,0.7576854,0.6442791,0.651503,0.7540487,0.5492791,0.82240415,0.22271663,0.6362635,0.47506037,0.7613864,0.79598224,0.58292496,0.47174528,0.4681333,0.877326,0.76030785,0.8788104,0.60865414,0.9668833,0.14884424,0.93818784,0.5037583,0.94181675,0.72542495,0.5575422,0.9121594,0.50969577,0.6719874,0.85469925,0.7530889,0.71750826,0.84288853,0.46615413,0.78479993,0.058445804,0.4443833,0.63438326,0.86258125,0.884649,0.31969577,0.8317062,0.81765413,0.48404083,0.52651876,0.48396665,0.9195991,0.7430865,0.80839914,0.6442791,0.92809165,0.7650083,0.506925,0.5967791,0.6006385,0.5178104,0.6275552,0.8139927,0.36561245,0.62646663,0.8562479,0.12177914,0.3612583,0.9371958,0.5087062,0.93775004,0.5625396,0.8989979,0.6165708,0.5789666,0.853529,0.24646664,0.95055276,0.4978208,0.93037266,0.7056333,0.78994584,0.46219578,0.81458646,0.7405186,0.8752479,0.64823747,0.61657083,0.8104871,0.41271663,0.32167494,0.8006333,0.7518964,0.42833623,0.73136246,0.84843016,0.7532274,0.8584478,0.4621958,0.51167494,0.60865414,0.5789666,0.72916365,0.58292496,0.82725316,0.80795616,0.6818832,0.50771666,0.63438326,0.77490413,0.41271663,0.60497683,0.5868833,0.7169146,0.8549218,0.0703208,0.71910346,0.5220656,0.64229995,0.5710499,0.89233804,0.5156333,0.55917495,0.88504475,0.9124493,0.43745622,0.8293218,0.5967791,0.70563334,0.8825708,0.95185155,0.70563334,0.8265604,0.81864375,0.46615413
BC2026_Train_0005_S08_20250607_070007_25,0.6655584,0.9041667,0.6957129,0.23754086,0.6230825,0.47126168,0.21222237,0.23190518,0.3681708,0.18875441,0.2591583,0.66543174,0.3802833,0.573644,0.60897213,0.36100227,0.3070096,0.5468846,0.12857883,0.47227103,0.34963197,0.56627744,0.4082667,0.3746971,0.2143846,0.27049395,0.5744851,0.26998043,0.85047007,0.15063672,0.7428222,0.534218,0.8673117,0.59646285,0.7663743,0.63852006,0.6435669,0.8111232,0.77781385,0.59478045,0.86630243,0.77781385,0.70412946,0.534218,0.9362857,0.9362857,0.84375966,0.87715316,0.8555357,0.8605826,0.70412946,0.70412946,0.70412946,0.7640863,0.8202076,0.35873118,0.33588675,0.20013459,0.32188302,0.37563226,0.3241541,0.19033773,0.27191898,0.27797523,0.2856346,0.2856346,0.5587596,0.251588,0.63592845,0.42673048,0.44098046,0.3271209,0.86062235,0.8734869,0.8081744,0.7981796,0.69140357,0.8773958,0.5251536,0.7108984,0.9596079,0.92296606,0.7290078,0.43015358,0.7606744,0.6636953,0.726138,0.66208714,0.70753384,0.87061703,0.14911191,0.62807024,0.7012994,0.50249213,0.63158333,0.39848688,0.86952853,0.6696328,0.8663619,0.8932786,0.5904661,0.9060423,0.57275254,0.1134869,0.08612493,0.8683585,0.7567161,0.7487994,0.81895095,0.59640354,0.7428619,0.40046608,0.67537236,0.43213278,0.7468326,0.8217317,0.4578619,0.54044265,0.46775773,0.95019937,0.75434107,0.94166917,0.67557025,0.8774452,0.13491139,0.9534156,0.6775494,0.90488684,0.64984107,0.37726033,0.82282025,0.7250494,0.61619526,0.8943325,0.78725463,0.7646327,0.6676535,0.4103619,0.7131744,0.044216074,0.39452857,0.8042161,0.8426119,0.8837786,0.24213274,0.8200494,0.8533984,0.5507937,0.6269817,0.62015355,0.8665084,0.8094757,0.87035245,0.6043202,0.9719505,0.8081744,0.7306158,0.77848685,0.6508306,0.55924475,0.69961715,0.8950598,0.43836713,0.7448411,0.93019,0.1016119,0.6379661,0.8625025,0.63569003,0.8224244,0.6184539,0.9713567,0.72307026,0.75077856,0.91394603,0.28963274,0.94298536,0.4875494,0.90637577,0.5964036,0.8060963,0.5231744,0.90129423,0.8897829,0.9556224,0.79432017,0.64984107,0.86816794,0.43411192,0.0956744,0.7408827,0.6601327,0.5491015,0.8763567,0.88476825,0.9112544,0.8231053,0.4578619,0.7072369,0.6953619,0.55484104,0.7345326,0.71169007,0.7891745,0.82291925,0.8497369,0.64390355,0.28369522,0.69338274,0.566716,0.6517213,0.64390355,0.7199036,0.92641735,0.06400774,0.38255462,0.5775273,0.63598686,0.50140357,0.8903816,0.64984107,0.6323254,0.8061952,0.8354701,0.7198046,0.8020484,0.66963273,0.7448411,0.9178203,0.95203507,0.6478619,0.94424206,0.82054424,0.35494524
BC2026_Train_0005_S08_20250607_070007_30,0.7818379,0.94166666,0.7819348,0.28749436,0.6110881,0.61831313,0.22240451,0.28448105,0.3844092,0.1837959,0.23451701,0.7802524,0.4328592,0.6158352,0.6326581,0.45736328,0.2892756,0.60218185,0.16321135,0.6657119,0.33278632,0.4289293,0.4018379,0.4602756,0.25008807,0.31332248,0.6267701,0.4362298,0.8660059,0.23672982,0.7324106,0.6163324,0.88718146,0.63651997,0.7795148,0.69708246,0.69035333,0.80601096,0.80474913,0.60792106,0.8682557,0.80474913,0.7189523,0.6163324,0.9460617,0.9460617,0.8854992,0.890546,0.8653117,0.86741453,0.7189523,0.7189523,0.7189523,0.786715,0.8283013,0.37636092,0.36497977,0.1539006,0.41146934,0.44553575,0.38043106,0.24207246,0.35553813,0.25863808,0.3213381,0.32490057,0.61999434,0.282967,0.71727145,0.5549798,0.45226106,0.47308788,0.9006729,0.67059475,0.8316,0.6537223,0.7814281,0.87319213,0.45486557,0.71383953,0.94859844,0.81111556,0.72996974,0.46278223,0.81111556,0.62903225,0.8271469,0.7602906,0.70819896,0.928876,0.2173656,0.69830304,0.7735114,0.52260256,0.6581755,0.42517808,0.88759065,0.7458031,0.95866245,0.86049587,0.6409073,0.9160481,0.5746547,0.15799059,0.14670935,0.9124688,0.69632393,0.7200739,0.90634567,0.7200739,0.77944887,0.3242406,0.70374584,0.43457913,0.73951924,0.8699958,0.61517805,0.531014,0.4964281,0.98132396,0.7657432,0.91244894,0.800527,0.87682396,0.15343851,0.92318594,0.80319893,0.90691465,0.6765322,0.38465464,0.8828604,0.8809407,0.67455304,0.9239529,0.9157096,0.7596572,0.6725739,0.3697614,0.7556989,0.16194892,0.5102823,0.7915219,0.80636555,0.9151208,0.29257393,0.78736556,0.77895415,0.5624012,0.7295245,0.70819896,0.90040284,0.76928097,0.9606614,0.60528225,0.9768708,0.8408031,0.63035333,0.7339281,0.64113295,0.5622849,0.80936205,0.8668291,0.44130832,0.70819896,0.9419386,0.13621977,0.6686155,0.862178,0.59439677,0.84396976,0.7556791,0.9514385,0.7398656,0.6409072,0.9232107,0.32621977,0.89795154,0.4885114,0.92824507,0.67059475,0.83684474,0.49642807,0.89988124,0.96200734,0.91185516,0.6983031,0.5379906,0.9244823,0.4825739,0.09663643,0.8289281,0.7001338,0.65130985,0.9677667,0.9005739,0.91436625,0.8670092,0.5122614,0.6646573,0.7002823,0.7101781,0.75210875,0.7758864,0.9404541,0.8117094,0.8586156,0.59934473,0.36382392,0.648824,0.5775739,0.721966,0.5439281,0.78885,0.82531613,0.0867406,0.48832932,0.4772648,0.57955307,0.56767803,0.9018307,0.6013239,0.5018708,0.8130948,0.8400926,0.8468435,0.8228842,0.71215725,0.7101781,0.9284802,0.9662625,0.7438239,0.92353225,0.92828226,0.3895531
BC2026_Train_0005_S08_20250607_070007_35,0.7065141,0.9151042,0.7195284,0.3066,0.59080833,0.5811842,0.23839296,0.27927262,0.35648984,0.16041873,0.22022422,0.58999187,0.42008048,0.66887164,0.64700186,0.47069767,0.28522497,0.58783954,0.16700566,0.57126033,0.3108416,0.41152677,0.37401417,0.41881874,0.3742875,0.31105313,0.688218,0.24215299,0.8296686,0.17624675,0.71201223,0.64135593,0.8785591,0.658179,0.7591165,0.69687164,0.7136946,0.79587454,0.79107994,0.6346268,0.8551753,0.79107994,0.72378826,0.64135593,0.9458508,0.9458508,0.8852883,0.8869706,0.8666149,0.8502126,0.72378826,0.72378826,0.72378826,0.75575185,0.81967884,0.38969532,0.34012175,0.114225,0.41338596,0.47470546,0.30513045,0.21130311,0.38167968,0.26358283,0.26563123,0.3440062,0.5997145,0.31561017,0.6207676,0.43809047,0.46124673,0.5303683,0.855436,0.8277278,0.89155596,0.7643797,0.80001944,0.91564244,0.40814444,0.734509,0.96048784,0.9049153,0.7089778,0.74064445,0.8712694,0.6891861,0.843858,0.8337172,0.82891536,0.8681028,0.17460278,0.67731106,0.81783193,0.57671994,0.5679621,0.4417903,0.8494986,0.7446028,0.957858,0.95558196,0.70106107,0.88048154,0.44794053,0.17064445,0.11686061,0.944845,0.7188736,0.6951236,0.9210703,0.7030403,0.87324864,0.25574863,0.7296601,0.5189778,0.7467798,0.8994726,0.7624153,0.5764726,0.5506444,0.98210275,0.7892825,0.86929023,0.66147774,0.89769137,0.20265748,0.92400193,0.8316861,0.9344766,0.73470694,0.39814964,0.8374257,0.79606104,0.71095693,0.9038861,0.9205408,0.8257486,0.7030403,0.3863736,0.7703319,0.12116529,0.44970697,0.8610768,0.8622643,0.9368788,0.2042903,0.8540507,0.7539049,0.64433336,0.6255064,0.7940819,0.9342307,0.7854998,0.985215,0.6594986,0.96072775,0.8257486,0.6846637,0.6634569,0.74539447,0.51749337,0.9085768,0.89145696,0.5528216,0.65158194,0.960134,0.23199864,0.5229361,0.8584049,0.6199153,0.9443402,0.8590481,0.9409361,0.7485611,0.5664778,0.8676797,0.23199862,0.9059172,0.47543615,0.9534791,0.5743944,0.80585796,0.5763736,0.9334153,0.975626,0.7050194,0.7129361,0.7149152,0.9015977,0.5644986,0.10731113,0.86533195,0.757319,0.67598903,0.9035299,0.89224863,0.9105807,0.93364197,0.48335284,0.7624153,0.6060611,0.59418607,0.82084423,0.896306,0.74262357,0.8356445,0.87324864,0.75054026,0.4932486,0.7940819,0.62783194,0.6911297,0.62783194,0.76142573,0.86117566,0.09345696,0.53743553,0.61232513,0.67137367,0.52293617,0.91851467,0.7069986,0.48533195,0.82495695,0.90075314,0.69660795,0.82874453,0.7089778,0.64168614,0.9709205,0.9706731,0.7386653,0.9029361,0.9263892,0.38043612
BC2026_Train_0005_S08_20250607_070007_40,0.68599874,0.8683334,0.7323689,0.28702834,0.6082471,0.64374673,0.41037825,0.4209767,0.36495635,0.21279311,0.25897202,0.6196554,0.6095616,0.69622445,0.7385172,0.73407596,0.38677832,0.6389242,0.20657891,0.6559191,0.35949925,0.4859235,0.5276654,0.55777836,0.48382083,0.45179394,0.9073521,0.34706965,0.89242905,0.24019466,0.6908967,0.6236051,0.8557613,0.686792,0.8069748,0.70099044,0.64883935,0.754992,0.71108425,0.5916415,0.83389145,0.71108425,0.71444887,0.6236051,0.9297821,0.9297821,0.83389145,0.8672009,0.8406207,0.8069748,0.71444887,0.71444887,0.71444887,0.6824853,0.8187509,0.48635852,0.36844465,0.12493459,0.5624789,0.60369503,0.28153616,0.30395022,0.3589018,0.2650299,0.34046584,0.40815336,0.45980957,0.3589001,0.76645505,0.61010087,0.6477051,0.6048529,0.80624086,0.64394915,0.96368355,0.6730924,0.79238665,0.8903159,0.27384502,0.7694283,0.9427687,0.76071995,0.76863664,0.82199496,0.91509503,0.89332414,0.6973867,0.5592507,0.9136106,0.78447,0.2461367,0.7191575,0.9111367,0.550582,0.4665169,0.65186584,0.8042616,0.7547825,0.78981376,0.87956893,0.7033242,0.926403,0.64449346,0.27780336,0.10739711,0.89871997,0.7290534,0.8398866,0.9004353,0.7053033,0.72509503,0.3648867,0.7220273,0.44533983,0.63707155,0.8488919,0.5251992,0.6583971,0.5726991,0.9197461,0.82277435,0.90322,0.7389491,0.9546783,0.39675128,0.9150159,0.7211366,0.9433774,0.80228245,0.46325132,0.8561159,0.68947,0.7053033,0.9130861,0.90728223,0.70134497,0.89085025,0.4836367,0.8537408,0.101657525,0.40842837,0.62811583,0.9172721,0.88402206,0.28967834,0.94527733,0.84087634,0.6320089,0.56908715,0.65384495,0.9554225,0.79288644,0.97325534,0.7211366,0.95992315,0.8517617,0.6309064,0.7587408,0.7888242,0.56408983,0.77200127,0.8189075,0.55409503,0.6142617,0.908069,0.13332419,0.45790753,0.8996575,0.677496,0.97906166,0.7209858,0.938845,0.6399908,0.49155337,0.8882723,0.4598867,0.92982,0.49749088,0.98183507,0.6973867,0.94478256,0.6142617,0.89193875,0.96509624,0.8339491,0.8042617,0.7448867,0.8778768,0.6973867,0.17884502,0.69342834,0.8094001,0.57527214,0.9052981,0.9111367,0.95651656,0.90377617,0.49947006,0.68155336,0.7290533,0.5410325,0.8376621,0.91776687,0.68155336,0.8715533,0.8766992,0.78644913,0.92499083,0.7805116,0.5390534,0.6459283,0.5410325,0.80119395,0.78343093,0.08582419,0.48106378,0.6208127,0.75676167,0.64197004,0.95807755,0.7211366,0.63880324,0.95547,0.95062804,0.6105012,0.80744815,0.701345,0.73696995,0.95824087,0.9520312,0.8873867,0.80624086,0.97288674,0.38072005
BC2026_Train_0005_S08_20250607_070007_45,0.7038126,0.89250004,0.78168637,0.27629462,0.574753,0.7659297,0.45784524,0.34580463,0.3881984,0.24511948,0.21862337,0.756452,0.5377541,0.6144798,0.66326624,0.66410744,0.34576336,0.55990916,0.21722022,0.63627905,0.33985934,0.43600225,0.40891674,0.41345087,0.42591965,0.34487277,0.7869147,0.32873175,0.84806514,0.2129505,0.712408,0.59801215,0.87222564,0.6299757,0.78138196,0.683809,0.6585746,0.77498925,0.74605376,0.66530377,0.8654965,0.74605376,0.7056788,0.59801215,0.9327882,0.9327882,0.85708505,0.879039,0.85590744,0.840178,0.7056788,0.7056788,0.7056788,0.7550036,0.8200746,0.40377277,0.38929424,0.08748215,0.46083212,0.45704702,0.31623918,0.303904,0.30457196,0.22129855,0.34754464,0.35288838,0.43482587,0.38214213,0.7382214,0.6491589,0.49973178,0.48610422,0.71591705,0.71591705,0.82872957,0.6518416,0.77331287,0.87170714,0.43289617,0.79666704,0.8806827,0.8841462,0.71987534,0.7535212,0.8940421,0.8516087,0.72383374,0.5772517,0.763417,0.77331287,0.15977117,0.6961254,0.88216704,0.509292,0.49449775,0.5793546,0.7931045,0.822792,0.67633367,0.87227124,0.6387296,0.90677506,0.5761384,0.24685451,0.11830764,0.80319583,0.7456046,0.8188337,0.80508095,0.67039627,0.66643786,0.34383366,0.6937504,0.4827712,0.6682686,0.8066619,0.50216705,0.62997174,0.46456286,0.9111619,0.8570984,0.8720733,0.7615368,0.91684204,0.27644306,0.92555285,0.79112536,0.9295928,0.7000837,0.59800816,0.87395346,0.7198754,0.7832087,0.87491834,0.78743917,0.79904205,0.8174483,0.47643784,0.7733128,0.07070869,0.34383366,0.6228962,0.83031285,0.8505004,0.30029202,0.86791706,0.7866723,0.54491454,0.5227504,0.6248753,0.9232615,0.7821746,0.89804995,0.6743545,0.9850837,0.787167,0.54980063,0.8603962,0.6996879,0.6543155,0.8258598,0.8408025,0.5678754,0.6189379,0.90354204,0.15185452,0.620917,0.9002764,0.6038962,0.9357628,0.5956851,0.93144834,0.7178962,0.63675034,0.88260746,0.41508368,0.9271511,0.4843545,0.9374873,0.7218545,0.7719275,0.5081045,0.9272921,0.9232843,0.92372954,0.7376879,0.763417,0.867447,0.62685454,0.31018785,0.70997953,0.6728034,0.4551618,0.8366462,0.86831284,0.9094771,0.87262446,0.41904202,0.77331287,0.71591705,0.46654204,0.8193799,0.8367452,0.5655004,0.83912015,0.81487536,0.6901878,0.77592534,0.73372954,0.36758366,0.583016,0.525917,0.8388233,0.80116963,0.07862535,0.53759414,0.4993319,0.7357087,0.525917,0.9446098,0.6901878,0.5029587,0.8550525,0.9267943,0.5667868,0.797533,0.6387296,0.82675034,0.9547035,0.9401072,0.7000837,0.82675034,0.9242244,0.41904202
BC2026_Train_0005_S08_20250607_070007_50,0.5489726,0.8748334,0.6356127,0.2643342,0.4166311,0.46708465,0.2118434,0.20578715,0.3102575,0.24893795,0.17096372,0.43743873,0.37082,0.58624876,0.6131654,0.3799997,0.24652173,0.5966363,0.16682193,0.51000947,0.26220787,0.30384457,0.5311601,0.3961467,0.23049046,0.2741311,0.5971835,0.19811587,0.87518877,0.15002213,0.74693096,0.758707,0.8983372,0.6796393,0.6762747,0.78750783,0.741884,0.8185966,0.8574912,0.79739964,0.8816825,0.8574912,0.70655596,0.758707,0.93702984,0.93702984,0.86132675,0.88916874,0.8712523,0.8627568,0.70655596,0.70655596,0.70655596,0.8045999,0.8310455,0.37621453,0.41899085,0.08977172,0.36408424,0.38149595,0.21040685,0.19753733,0.236235,0.18021469,0.255428,0.3142092,0.40505293,0.27164888,0.6509492,0.5500117,0.45817834,0.3134518,0.79993236,0.61982816,0.8217032,0.7364506,0.6732657,0.92172045,0.56243235,0.8151225,0.8688099,0.78014064,0.6792032,0.534724,0.81378657,0.950349,0.748573,0.5624002,0.71878654,0.87711984,0.1270157,0.7544115,0.66139066,0.57391155,0.43378654,0.3645157,0.77024484,0.86326563,0.72472405,0.8197241,0.7623282,0.8875758,0.73476833,0.2695157,0.17733602,0.8511581,0.69305736,0.6970157,0.8192936,0.7781615,0.8889949,0.42982817,0.65149486,0.6604011,0.6125548,0.87860423,0.47336987,0.6122579,0.558474,0.94670737,0.9197551,0.9070053,0.8335782,0.9315074,0.14200789,0.9459924,0.807849,0.9756107,0.7504532,0.72833604,0.7405574,0.73461986,0.7850886,0.92572325,0.7855042,0.7425365,0.83971363,0.44961986,0.7781615,0.1507657,0.33284903,0.70097405,0.88929176,0.8989897,0.392224,0.82803655,0.8185365,0.65964407,0.68157816,0.7425365,0.92399746,0.8078664,0.8745692,0.68514067,0.9544064,0.807849,0.65482485,0.77024484,0.64882296,0.5010782,0.72284377,0.8823647,0.49380475,0.65149486,0.9690522,0.3467032,0.71878654,0.8349637,0.7394688,0.83294487,0.60402954,0.92066157,0.7148282,0.6910781,0.8977849,0.3467032,0.91344005,0.5386824,0.9545102,0.7445157,0.88661987,0.5525365,0.9654897,0.8209882,0.8058699,0.653474,0.86722404,0.8760635,0.5960782,0.47930735,0.78607816,0.6932514,0.594099,0.8820678,0.831599,0.95232326,0.92853963,0.43774483,0.70889074,0.61191154,0.6435782,0.7007573,0.8018126,0.6752448,0.8992865,0.819724,0.58024484,0.92461985,0.72670317,0.4654532,0.73372924,0.6752448,0.79983336,0.73199743,0.123057365,0.82457304,0.6127676,0.7563907,0.62774485,0.8778102,0.6237865,0.59815633,0.78795844,0.89792186,0.56302613,0.96694684,0.6435782,0.70493233,0.93985945,0.93497586,0.772224,0.86722404,0.8630678,0.534724
BC2026_Train_0005_S08_20250607_070007_55,0.6878054,0.8835833,0.6701719,0.31744313,0.5810682,0.72315496,0.24387917,0.26659012,0.3271526,0.24917841,0.23176667,0.46644637,0.38317293,0.6281298,0.675234,0.38049647,0.27469316,0.78591186,0.17716601,0.66435766,0.36642382,0.39897618,0.44832626,0.46172437,0.17138065,0.3468338,0.59027815,0.21173827,0.87950915,0.1832383,0.7282449,0.7046929,0.8981564,0.6407658,0.69123447,0.7248804,0.7534793,0.84280896,0.8476876,0.7854428,0.87864184,0.8476876,0.7349741,0.7046929,0.9318022,0.9318022,0.88974494,0.89378244,0.8878944,0.8885673,0.7349741,0.7349741,0.7349741,0.77366686,0.8241355,0.40547848,0.42014453,0.1125994,0.42984006,0.5835174,0.32461268,0.23817752,0.3183338,0.22749002,0.3014119,0.3370369,0.6255994,0.41951042,0.68753,0.6360716,0.49673828,0.49186793,0.8738295,0.7095586,0.89757943,0.6473138,0.77882946,0.9346295,0.39685032,0.8650716,0.9417991,0.8006003,0.67591274,0.55518365,0.725392,0.8091503,0.6679961,0.6241675,0.7333086,0.9298399,0.18903781,0.6026836,0.6699753,0.61693364,0.49823314,0.3275795,0.9411211,0.87976694,0.9332045,0.93379825,0.7432044,0.90798396,0.63722014,0.24445449,0.11269146,0.95296645,0.72341275,0.7570586,0.9138878,0.7352878,0.94507945,0.2919545,0.5947669,0.5360847,0.71025133,0.8945118,0.7610169,0.582892,0.5987253,0.9799128,0.93283087,0.9370639,0.82039195,0.8322669,0.144655,0.9738838,0.94369406,0.98179305,0.78278786,0.6501837,0.7273711,0.7420169,0.90628785,0.91757405,0.8914144,0.8223711,0.87135553,0.55914193,0.77882946,0.2919545,0.4107045,0.8837253,0.8389962,0.91935027,0.46612117,0.8666055,0.85413677,0.67702115,0.711142,0.75112116,0.90941393,0.87769127,0.904754,0.64820445,0.90618885,0.82830864,0.73309094,0.6561211,0.69887114,0.50328,0.85195965,0.92588156,0.5639414,0.62445444,0.98327744,0.44435033,0.59674615,0.8170274,0.75982946,0.81500864,0.8584217,0.96922535,0.71945447,0.5373711,0.8765978,0.36320448,0.95041585,0.54924613,0.91840774,0.6937253,0.8530482,0.57101697,0.9166784,0.87951964,0.8639336,0.7669544,0.7293503,0.8452206,0.54330856,0.27216282,0.8421628,0.7076562,0.6333172,0.9578451,0.85601693,0.8909023,0.9047035,0.48789197,0.725392,0.5670586,0.6541419,0.68953836,0.8302878,0.70560026,0.90797013,0.8698711,0.67591274,0.675992,0.7154961,0.6719545,0.78640574,0.6185169,0.8281107,0.7405325,0.105912805,0.6981864,0.66243476,0.7273711,0.48393366,0.9382662,0.5690378,0.6269284,0.92499095,0.87072116,0.7005534,0.9716993,0.6699752,0.5987253,0.9804076,0.9320418,0.6521628,0.8967878,0.8419649,0.5294544
BC2026_Train_0005_S08_20250607_070007_60,0.6208158,0.7875,0.72235364,0.26714033,0.67702574,0.5667135,0.31961298,0.3347536,0.37714732,0.27040595,0.26813483,0.61805147,0.56926507,0.6867864,0.7334532,0.5074541,0.43457782,0.852182,0.19961314,0.77613455,0.46911624,0.60884744,0.47633666,0.65822357,0.23507783,0.48712465,0.6607109,0.2898281,0.667651,0.19542186,0.6633834,0.5203886,0.83665943,0.4985188,0.71553445,0.5489875,0.6633834,0.7390865,0.7003938,0.5759042,0.83497715,0.7003938,0.67515945,0.5203886,0.9291855,0.9291855,0.7912376,0.8526412,0.83665943,0.8046959,0.67515945,0.67515945,0.67515945,0.7000573,0.7861907,0.44916272,0.36107808,0.23151532,0.5681667,0.87325025,0.4312281,0.32859343,0.35860753,0.32529816,0.6107236,0.4274528,0.64832777,0.43770984,0.68942183,0.5508802,0.5865052,0.6445658,0.93764865,0.87124765,0.60089344,0.7820887,0.868081,0.94678456,0.5870393,0.8170679,0.9254299,0.7737143,0.725581,0.73302263,0.8087059,0.50787264,0.83018,0.5497172,0.83245593,0.93062264,0.30797678,0.59693515,0.8248559,0.55255234,0.6404273,0.46631014,0.8146435,0.74537265,0.8106851,0.95516425,0.7532893,0.9726473,0.42098475,0.21099761,0.13103929,0.8662057,0.7948518,0.7889143,0.8831127,0.642456,0.85968924,0.34162262,0.7097476,0.5444872,0.8060341,0.8856956,0.7750601,0.55512524,0.666206,0.9444767,0.82586294,0.96317995,0.6543309,0.8007893,0.14449762,0.9666707,0.86214346,0.98638564,0.7829768,0.52989084,0.7829768,0.74933094,0.86639863,0.86885786,0.8167068,0.7671435,0.86768514,0.4306851,0.8344351,0.17933095,0.4207893,0.8700601,0.8429456,0.9113258,0.38912264,0.98683095,0.95674765,0.6856117,0.5878805,0.7948518,0.9245338,0.8214765,0.87247235,0.6048518,0.9323049,0.7473518,0.87572455,0.8304768,0.67342997,0.5950054,0.75081533,0.974956,0.5529482,0.75922674,0.944081,0.16943511,0.6681851,0.9052893,0.82374763,0.7531903,0.72607076,0.98683095,0.6503727,0.7770393,0.9437792,0.33568513,0.96810067,0.7117268,0.9029638,0.6642268,0.9403205,0.70578927,0.9502164,0.88298666,0.7275601,0.7809976,0.6345393,0.8893719,0.57516426,0.10412261,0.7532893,0.6445959,0.73260707,0.89460176,0.8740185,0.8945523,0.87145746,0.56922674,0.91360176,0.6642268,0.7216226,0.822671,0.79683095,0.7414143,0.9614976,0.7948518,0.7117268,0.37724763,0.9278518,0.60287267,0.68382055,0.64839345,0.8546226,0.70846117,0.09620595,0.49708617,0.63179225,0.68995595,0.6642268,0.8890083,0.642456,0.6521539,0.95556015,0.9177204,0.5842685,0.9813388,0.83641434,0.6939143,0.96753407,0.9342149,0.7648476,0.94437784,0.8853986,0.47818512
BC2026_Train_0006_S09_20250828_000000_5,0.4675774,0.5958333,0.1516035,0.3201988,0.4030269,0.662582,0.2636441,0.17734256,0.187941,0.30755192,0.2681863,0.13040662,0.15765975,0.3823941,0.39450663,0.21963239,0.07349568,0.4849644,0.17193203,0.33847886,0.16133359,0.32939452,0.31518155,0.6944592,0.36473003,0.37452695,0.5671938,0.39262366,0.5933112,0.34631118,0.7434471,0.77709293,0.57017106,0.9197513,0.5281138,0.8662544,0.857843,0.7451294,0.80905646,0.76868147,0.6997075,0.80905646,0.71148354,0.77709293,0.5415721,0.5415721,0.622322,0.48269194,0.6189575,0.65765023,0.71148354,0.71148354,0.71148354,0.76531684,0.62568665,0.4702098,0.8506029,0.3095113,0.38521442,0.28604335,0.24213552,0.28635505,0.15106913,0.17226599,0.42885503,0.58956337,0.38076133,0.2969535,0.6902904,0.34096742,0.80310285,0.76247317,0.76476324,0.71538305,0.7751341,0.85072345,0.6578883,0.7072388,0.69945073,0.6578388,0.17912781,0.7660497,0.23434657,0.4045549,0.42632574,0.55695075,0.44017988,0.32365644,0.71528405,0.5114299,0.49955487,0.46195072,0.44215906,0.7293857,0.45537,0.61236745,0.26205492,0.69945073,0.2561174,0.3511174,0.91320074,0.7489735,0.95014685,0.3879299,0.65933305,0.5508648,0.6183049,0.48767987,0.52419555,0.6915341,0.5054924,0.94019663,0.38674238,0.86223733,0.6747607,0.78455496,0.5054924,0.76337785,0.5054924,0.7429924,0.45363826,0.7667424,0.75288826,0.6974716,0.3033601,0.39233354,0.6103882,0.5900523,0.57278407,0.77010703,0.3550757,0.5589299,0.62820077,0.44839343,0.54764867,0.44809654,0.77070075,0.7568466,0.55695075,0.56486744,0.51538825,0.7825757,0.27590907,0.6974716,0.53913826,0.42434654,0.8261174,0.5342893,0.75462,0.5866383,0.30821303,0.42969033,0.47728926,0.7964299,0.71330494,0.39465907,0.91029143,0.61632574,0.84546876,0.53780234,0.83032817,0.5925758,0.6124169,0.80830497,0.64601326,0.65788823,0.95446634,0.6242424,0.7259716,0.5193466,0.6837659,0.55695075,0.5490341,0.84511745,0.6248362,0.3036174,0.41083875,0.49361742,0.6879123,0.7311174,0.7449716,0.80434656,0.83621126,0.69598716,0.62226325,0.5411174,0.93635696,0.5507659,0.665805,0.6658049,0.47184655,0.29213825,0.69776845,0.46788824,0.7370549,0.7814477,0.90778184,0.82809657,0.45403406,0.5589299,0.7034091,0.75906724,0.6816383,0.78455496,0.6202841,0.49163824,0.42236742,0.51736736,0.6954924,0.48174238,0.68767476,0.90132576,0.59851325,0.41737002,0.43907157,0.9147841,0.8384575,0.5272632,0.7232008,0.22623199,0.80830497,0.5695185,0.29570073,0.6295308,0.8531232,0.7633284,0.4797632,0.67760074,0.65986747,0.4551226,0.4995549,0.64601326,0.46590903,0.57080495
BC2026_Train_0006_S09_20250828_000000_10,0.38771743,0.59791666,0.14470372,0.27212247,0.5885912,0.7373307,0.27491307,0.13259122,0.17649904,0.26885682,0.24160373,0.1371334,0.20678028,0.33144405,0.37232372,0.31100416,0.0628256,0.44045058,0.17243928,0.2890221,0.13912988,0.33292988,0.3560508,0.745935,0.34871623,0.32288808,0.5609928,0.43511197,0.58097655,0.4226432,0.6730236,0.72012776,0.6090966,0.84200984,0.44759655,0.78237253,0.8008778,0.66461223,0.74031526,0.7352685,0.5973205,0.74031526,0.6360132,0.72012776,0.60573196,0.60573196,0.56199235,0.46778405,0.5569455,0.5821799,0.6360132,0.6360132,0.6360132,0.7268569,0.5838622,0.47528,0.8857682,0.22580996,0.44926772,0.21231699,0.20020449,0.38434124,0.18403965,0.17495528,0.5895808,0.5658308,0.3843412,0.21586464,0.77889323,0.33892447,0.7432682,0.56980073,0.70833725,0.64302474,0.7696914,0.91588503,0.5500039,0.51484895,0.9550404,0.6927513,0.17554554,0.7252592,0.18979555,0.4609414,0.21552472,0.6450039,0.47875386,0.26629037,0.6054206,0.52823305,0.3936497,0.47875386,0.4470872,0.75237375,0.60037374,0.69052476,0.22344139,0.7795872,0.27885804,0.40948302,0.85677475,0.9034129,0.9353155,0.33110803,0.509152,0.7355508,0.6311497,0.5302122,0.41383722,0.6232331,0.4253164,0.8800299,0.34812889,0.83175814,0.7495039,0.65094143,0.40948305,0.9327772,0.48667052,0.6291706,0.4378841,0.6568789,0.66083723,0.64896226,0.28661838,0.36524865,0.3877122,0.32329035,0.4134414,0.9417775,0.53219146,0.6172956,0.6865664,0.4086914,0.35149345,0.4668789,0.8369831,0.7736497,0.6430248,0.44510806,0.5440664,0.6707331,0.22739972,0.46292052,0.66875386,0.4134414,0.9545456,0.6426289,0.66825914,0.5500039,0.30409637,0.30166793,0.3080013,0.67469144,0.5638581,0.29469138,0.9030378,0.6390664,0.9303404,0.87963414,0.86927325,0.3698997,0.7179857,0.7221914,0.5401081,0.86884767,0.9143685,0.7162539,0.7940747,0.33031636,0.6177904,0.37187886,0.57771224,0.8045247,0.71719396,0.30656636,0.53684247,0.37385806,0.5637097,0.7083372,0.67469144,0.6885456,0.9170404,0.548569,0.75187886,0.6410455,0.9544466,0.4378841,0.63510805,0.8132331,0.28479555,0.19899867,0.6360877,0.50052476,0.67667055,0.6966107,0.8780103,0.6865664,0.44510806,0.85083723,0.516358,0.7078464,0.83896226,0.9046706,0.54406637,0.32635805,0.32437888,0.52823305,0.69250387,0.51239973,0.5940305,0.90031636,0.7004205,0.45342058,0.46204972,0.8630289,0.8075677,0.55792063,0.54208726,0.14862889,0.7578164,0.5989289,0.2650039,0.5076537,0.95338786,0.6698425,0.51042056,0.8369831,0.5697956,0.2842018,0.55396223,0.5480248,0.40354556,0.40750387
BC2026_Train_0006_S09_20250828_000000_15,0.32191294,0.6041667,0.12315022,0.3172768,0.34844866,0.73557556,0.25335962,0.114065856,0.12466429,0.2987815,0.2124799,0.12315022,0.15040335,0.3157093,0.3626452,0.35431787,0.056323655,0.44641745,0.31349167,0.24384475,0.10606508,0.42401817,0.17743377,0.4740268,0.36002675,0.35379243,0.4709007,0.58911717,0.50302345,0.3818984,0.6388196,0.65059555,0.6102205,0.77710396,0.43357995,0.7515331,0.82555383,0.63713723,0.67582995,0.7464861,0.5143299,0.67582995,0.6102205,0.65059555,0.45881426,0.45881426,0.50591844,0.3982518,0.49582472,0.5412466,0.6102205,0.6102205,0.6102205,0.6455487,0.630408,0.45954525,0.91963804,0.17655802,0.3941377,0.17989789,0.23440412,0.3529018,0.09372991,0.18457367,0.6141518,0.5725892,0.35112053,0.16402991,0.85234636,0.25542966,0.72172135,0.57524633,0.6781289,0.43271226,0.62469137,0.8859785,0.5910456,0.45517087,0.9573893,0.73092324,0.08205339,0.67337894,0.16354558,0.2941706,0.22687893,0.64052474,0.49802473,0.27902997,0.5771914,0.6009414,0.3456289,0.4940664,0.40698308,0.87752503,0.6034649,0.55146223,0.21896224,0.8582331,0.32385808,0.40698308,0.8226081,0.8183925,0.8863991,0.26361224,0.5350549,0.62197006,0.60885805,0.25458726,0.43869925,0.74146223,0.4584414,0.9167372,0.38323307,0.8653878,0.5774883,0.71573305,0.4346914,0.91460717,0.5039622,0.5851081,0.35725653,0.6761497,0.7830247,0.6266706,0.34461957,0.32390758,0.32385808,0.40396488,0.4465664,0.925458,0.47229558,0.4881289,0.8245872,0.44478518,0.4397383,0.4129206,0.8226081,0.78104556,0.4010456,0.36542058,0.50989974,0.75333726,0.25062892,0.49208727,0.5039622,0.35750392,0.87564975,0.48412114,0.7888682,0.50792056,0.24044117,0.28155342,0.3722982,0.6365664,0.6801081,0.42083725,0.84201384,0.67021227,0.9262135,0.8339388,0.8802534,0.43271223,0.7460639,0.75333726,0.74739975,0.87070185,0.83250386,0.58906645,0.8404057,0.43073308,0.6135587,0.28427476,0.7097956,0.85694665,0.54230857,0.28625393,0.2347461,0.44260812,0.6349336,0.84635806,0.7177123,0.7394831,0.86713934,0.5623972,0.6385456,0.69792056,0.9262175,0.5111862,0.7276081,0.6306289,0.33177477,0.19743882,0.5504727,0.35552475,0.6622956,0.68372005,0.90023595,0.8127123,0.3891706,0.89999354,0.6444831,0.6122277,0.8879206,0.7627383,0.58906645,0.32781643,0.3951081,0.7394831,0.6642748,0.55146223,0.61776435,0.8081602,0.8938581,0.3789779,0.3732581,0.6009415,0.6856448,0.45448306,0.7137539,0.16785029,0.73750395,0.5796506,0.20510809,0.41708183,0.95292825,0.79593885,0.50792056,0.7751081,0.54354554,0.35225913,0.5138581,0.4346914,0.34958726,0.50792056
BC2026_Train_0006_S09_20250828_000000_20,0.34954184,0.46874997,0.09112492,0.34231085,0.33429527,0.6618229,0.2289046,0.1123218,0.17288429,0.30763587,0.21376398,0.08961086,0.119892105,0.36015308,0.34047025,0.32760072,0.04929524,0.598415,0.26602885,0.17821321,0.085855395,0.37958354,0.37527102,0.72508174,0.35656083,0.32538897,0.59643096,0.5965104,0.5688021,0.30636457,0.7212157,0.69261676,0.630372,0.74619776,0.44027302,0.7027105,0.9180438,0.7313095,0.7649553,0.6791584,0.5799032,0.7649553,0.6657001,0.69261676,0.4856949,0.4856949,0.5378459,0.41167402,0.5193407,0.5597156,0.6657001,0.6657001,0.6657001,0.6791584,0.6034553,0.4040609,0.88942707,0.16596712,0.3094468,0.16939603,0.17848042,0.37971714,0.12352883,0.16743666,0.55883175,0.5806026,0.43493584,0.11837806,0.59453124,0.24936457,0.69151044,0.56725013,0.69795334,0.41295335,0.5297242,0.776843,0.575245,0.6363024,0.8384742,0.87142736,0.076890856,0.64303154,0.20712002,0.54753673,0.16555752,0.68805754,0.56930757,0.30152625,0.6682658,0.5831617,0.47628668,0.35951585,0.4624325,0.9397957,0.51022935,0.5138908,0.21305752,0.84639084,0.26055753,0.27639082,0.8978492,0.714145,0.8185639,0.36418667,0.6220702,0.4748023,0.6722242,0.3060783,0.47312,0.78701586,0.41295332,0.7217034,0.31795332,0.9108375,0.5912763,0.77712005,0.53764087,0.7259586,0.5435784,0.56930757,0.4163674,0.63264084,0.8740992,0.6662867,0.27168244,0.36817467,0.27045333,0.4040471,0.4426408,0.7966148,0.26649502,0.503995,0.81076586,0.4696565,0.58068776,0.44066167,0.8515367,0.5198283,0.36941165,0.36545336,0.5910784,0.8384742,0.25066167,0.5020158,0.49212003,0.4822242,0.8003752,0.4596617,0.8723694,0.5831617,0.2647207,0.298607,0.30909657,0.67024505,0.68805754,0.3199325,0.7052763,0.6346201,0.8562076,0.6481774,0.8810214,0.73159915,0.84114605,0.7880055,0.5930575,0.7539638,0.8384742,0.71180755,0.76161826,0.52378666,0.59256274,0.3555575,0.7672242,0.8761773,0.6401122,0.17743252,0.24200284,0.5930575,0.67771643,0.76920336,0.7315992,0.6999325,0.94188565,0.52274764,0.52576584,0.6524325,0.8956721,0.5639638,0.7098284,0.56337005,0.3080575,0.25318512,0.5866252,0.3793075,0.64253676,0.8072528,0.9129077,0.83253664,0.16753668,0.8349117,0.7315992,0.6163197,0.9314951,0.8226409,0.52576584,0.34566164,0.25264084,0.76326585,0.670245,0.56534916,0.63036484,0.83035964,0.8919117,0.36921373,0.39181584,0.76999503,0.7305107,0.18534918,0.68212,0.17109919,0.76920336,0.57261276,0.33378667,0.50360614,0.8502354,0.841443,0.5119117,0.7929534,0.44462,0.41414085,0.46441168,0.49805748,0.38326585,0.56337005
BC2026_Train_0006_S09_20250828_000000_25,0.42672214,0.5645833,0.16976243,0.2999421,0.6154213,0.69476175,0.26060614,0.13645305,0.20609993,0.3605343,0.24092335,0.15764993,0.16219212,0.5435973,0.3900882,0.29697335,0.071051486,0.6975567,0.15917884,0.19551632,0.20914288,0.35449287,0.4682846,0.8281817,0.4638171,0.352489,0.66724575,0.3717617,0.5938242,0.35751173,0.7435103,0.78220296,0.70818216,0.8134095,0.56014055,0.75528634,0.8854117,0.76874465,0.8469713,0.713229,0.7182759,0.8469713,0.7165936,0.78220296,0.64257276,0.64257276,0.689677,0.5618228,0.6459374,0.62911445,0.7165936,0.7165936,0.7165936,0.822578,0.6190207,0.4112851,0.8291471,0.20553586,0.3733296,0.26507413,0.16968821,0.3925671,0.15806556,0.1853187,0.38722333,0.68568164,0.3533796,0.280289,0.7679909,0.4145117,0.7323659,0.5751596,0.8844727,0.70238936,0.5519727,0.70832694,0.5974936,0.803038,0.8468686,0.81476647,0.23416805,0.73870707,0.30655608,0.26103523,0.49457693,0.67863935,0.61926436,0.29428524,0.67666024,0.78551435,0.5183269,0.35603523,0.6232227,0.8775433,0.54662895,0.7637435,0.21947274,0.7479102,0.33822274,0.4530144,0.93147796,0.89623195,0.91020197,0.53233933,0.43943143,0.4129363,0.6410352,0.37186858,0.6350482,0.7320769,0.60343105,0.7736394,0.41541025,0.89402723,0.75958735,0.81124353,0.51634777,0.82687896,0.4450977,0.66676444,0.54257166,0.6212435,0.8686394,0.7894727,0.28459325,0.63658214,0.39759776,0.3411915,0.49259773,0.91435814,0.3164519,0.7202019,0.78559345,0.5550404,0.5769102,0.5579102,0.97353524,0.3896811,0.47280607,0.41936857,0.532181,0.81718105,0.2887436,0.745931,0.51436853,0.6133269,0.92375916,0.656918,0.7911575,0.72613937,0.39659137,0.45641366,0.39274877,0.6964519,0.66874355,0.42530605,0.81891876,0.7894727,0.7826149,0.4860665,0.8880946,0.6054102,0.80265397,0.8723009,0.7083269,0.6859623,0.84093106,0.9082227,0.8484372,0.40947273,0.6316342,0.5717644,0.7043686,0.9112904,0.8313964,0.15416023,0.45153004,0.56186855,0.71471715,0.6232227,0.75582683,0.67072266,0.9440456,0.6518216,0.53613937,0.69249356,0.91851443,0.53653526,0.6410352,0.83103526,0.3698894,0.3238738,0.60818106,0.48666027,0.82707685,0.9217231,0.9165036,0.68457687,0.23728524,0.8369727,0.53613937,0.80707043,0.8725977,0.86666024,0.6153061,0.4173894,0.39561856,0.5104102,0.6331185,0.49259773,0.6956602,0.91305184,0.7142644,0.5778998,0.38057694,0.9042644,0.8306948,0.25311854,0.7498894,0.4007149,0.7894727,0.585579,0.16603523,0.6203361,0.6951357,0.77858734,0.5579102,0.6825977,0.7023893,0.48438424,0.45697275,0.73801434,0.55395186,0.5717644
BC2026_Train_0006_S09_20250828_000000_30,0.512018,0.6895833,0.15502307,0.40825742,0.56560117,0.66463083,0.2655496,0.1747059,0.18379025,0.34579495,0.23829652,0.17319183,0.16713557,0.32593992,0.3880165,0.38271728,0.05467932,0.40736678,0.23082268,0.2338508,0.18994299,0.44581956,0.369518,0.8342731,0.43141368,0.34502307,0.68889445,0.47106832,0.607235,0.40872464,0.8097376,0.82656056,0.7121647,0.8190743,0.6398261,0.8198314,0.91168445,0.7845032,0.8729918,0.79459697,0.75590426,0.8729918,0.79459697,0.82656056,0.6701074,0.6701074,0.7306699,0.6482376,0.6398261,0.6987064,0.79459697,0.79459697,0.79459697,0.8351402,0.7239407,0.41375557,0.8624486,0.18203868,0.41983557,0.19045508,0.16471604,0.26753864,0.17108402,0.22861838,0.5606533,0.62794495,0.3833199,0.22164182,0.6468183,0.30006835,0.72994334,0.60701805,0.8241903,0.4006486,0.59460694,0.8011329,0.7648153,0.80113304,0.8241903,0.8315132,0.20782833,0.7696643,0.2007528,0.36700282,0.43033615,0.6559611,0.4600236,0.33667207,0.69752365,0.7747111,0.61439866,0.35512778,0.48971114,0.933329,0.5154898,0.4243986,0.29179445,0.85189867,0.40064862,0.45606527,0.9058309,0.9233881,0.7641226,0.4305736,0.39179188,0.58317727,0.6737736,0.47585696,0.56947154,0.5570028,0.49169028,0.6757528,0.53721106,0.79915386,0.77302885,0.7509611,0.53523195,0.7205809,0.43231526,0.73908615,0.45314604,0.53523195,0.85720277,0.7608569,0.26898456,0.4653674,0.37096113,0.32054186,0.5570028,0.6902997,0.4382528,0.6618986,0.78262776,0.51227367,0.5879769,0.6203361,0.80653614,0.44221112,0.46991947,0.4560653,0.4560653,0.7529403,0.33335695,0.62627363,0.5609611,0.6460653,0.8756486,0.50890905,0.8075777,0.68169034,0.4675712,0.31767207,0.481646,0.7192945,0.6935653,0.54116946,0.80786216,0.82814854,0.7798471,0.56091166,0.8520174,0.5649195,0.7574924,0.80891114,0.81825274,0.6805028,0.8281486,0.6935653,0.69653404,0.5926278,0.65551585,0.43429446,0.7410653,0.89613295,0.79039603,0.29179445,0.52592987,0.36898196,0.7806486,0.59460694,0.67377365,0.69158614,0.93759656,0.614547,0.54116946,0.60054445,0.9001903,0.62097937,0.80637777,0.55304444,0.4481486,0.26304707,0.5412684,0.3729403,0.7964819,0.91523206,0.899079,0.73116946,0.26408613,0.8162736,0.5075236,0.8780503,0.9447216,0.6539819,0.48179445,0.44616947,0.35512778,0.5866903,0.7687736,0.36304444,0.6152893,0.80637777,0.6757528,0.57451844,0.348557,0.73809654,0.8061799,0.25221112,0.59460694,0.3104481,0.8731944,0.44250798,0.23044029,0.61729515,0.76134187,0.80335957,0.5312736,0.6401278,0.75689864,0.48367468,0.4481486,0.6876278,0.6401278,0.66981524
BC2026_Train_0006_S09_20250828_000000_35,0.52998924,0.6916667,0.23537819,0.54756206,0.28700477,0.76713866,0.5109376,0.32167977,0.18995632,0.40343913,0.22629382,0.19298442,0.16724539,0.29853544,0.54086953,0.312919,0.06791101,0.37962976,0.20097038,0.26607507,0.14192195,0.3644891,0.49238503,0.7587391,0.39477038,0.42237976,0.6207784,0.47263864,0.5712012,0.40138865,0.81249666,0.80408514,0.73006433,0.9006487,0.5298716,0.88676983,0.9289112,0.80744976,0.88500345,0.83865625,0.7788508,0.88500345,0.7536164,0.80408514,0.62407994,0.62407994,0.7115592,0.6005279,0.66781956,0.7334289,0.7536164,0.7536164,0.7536164,0.8404227,0.70987684,0.601432,0.8747063,0.15073913,0.5995251,0.19072819,0.15893288,0.36092663,0.16075866,0.15318836,0.6029787,0.4873954,0.4018954,0.2808001,0.73943037,0.3069824,0.8087012,0.6784267,0.771597,0.25701374,0.7854512,0.78020644,0.5637846,0.71321166,0.69045126,0.8694668,0.14573509,0.70440435,0.22138871,0.42326373,0.5202429,0.88243043,0.40347207,0.3779903,0.69045126,0.6310762,0.5162845,0.42326376,0.5004512,0.966349,0.569821,0.510347,0.510347,0.8349303,0.37972206,0.4588887,0.8984617,0.83059907,0.743196,0.4668054,0.5280131,0.63340974,0.67857623,0.50440955,0.5155424,0.68847203,0.53013873,0.932147,0.44107622,0.9279512,0.6790216,0.74586785,0.50440955,0.87496495,0.42128456,0.8606596,0.5091101,0.5340971,0.7696179,0.74586785,0.25898105,0.39768302,0.3955554,0.3926282,0.4865971,0.75087917,0.58753455,0.4905554,0.83176374,0.51875854,0.57595646,0.47868043,0.77357626,0.63503456,0.5835762,0.38170123,0.49055538,0.80326366,0.40347204,0.75378454,0.6290971,0.43909705,0.8685763,0.5744226,0.863191,0.6469096,0.26753598,0.3817507,0.5234096,0.8597888,0.74586785,0.53211784,0.7805034,0.67857623,0.82641995,0.59337306,0.855019,0.6310762,0.74497736,0.93873775,0.71815956,0.5637845,0.9751544,0.8210763,0.7176647,0.47670123,0.7944386,0.39951372,0.6389929,0.86719084,0.69633925,0.43118042,0.26478195,0.33815956,0.79108393,0.7221179,0.69836795,0.793368,0.9554616,0.6714512,0.57763875,0.57565963,0.9317117,0.6050997,0.7122221,0.82107615,0.54201376,0.31564653,0.73601663,0.5083679,0.69836795,0.8773519,0.91833055,0.7221179,0.36982623,0.9683262,0.54993045,0.7082964,0.9122169,0.7795137,0.58555543,0.3777429,0.5717013,0.71815956,0.8151388,0.4549304,0.54591763,0.83888876,0.640972,0.41490173,0.39729702,0.79228926,0.86461794,0.38763872,0.6112845,0.27527153,0.9200345,0.43167517,0.24909705,0.48118702,0.78772724,0.830495,0.65284705,0.81545544,0.7161803,0.53726375,0.51430535,0.724097,0.6231595,0.52222204
BC2026_Train_0006_S09_20250828_000000_40,0.41436568,0.65208334,0.20959945,0.42789167,0.25956357,0.6654167,0.39734325,0.29135886,0.17477603,0.28076044,0.1959729,0.19748695,0.17023386,0.394704,0.47343528,0.25919542,0.0939073,0.46084478,0.32130614,0.2667999,0.13810456,0.36369988,0.70134485,0.7229854,0.37801668,0.45550108,0.5783262,0.5039167,0.63374996,0.38279167,0.7908686,0.85311335,0.65460294,0.8627025,0.46618626,0.8937407,0.93613446,0.79423314,0.8587491,0.8043269,0.71516544,0.8587491,0.73030597,0.85311335,0.61254567,0.61254567,0.6310508,0.55703,0.6394623,0.70002484,0.73030597,0.73030597,0.73030597,0.79524255,0.6243217,0.5640267,0.82968754,0.1624854,0.5412682,0.22432445,0.14105104,0.3441729,0.21013384,0.16471197,0.45639166,0.5884021,0.39582917,0.19143072,0.68125004,0.30797914,0.8118749,0.80228233,0.8578633,0.25421745,0.7450508,0.7858267,0.66192585,0.73119664,0.79650915,0.7171941,0.26782423,0.8092748,0.18890496,0.5530716,0.44421744,0.72327995,0.57286334,0.33160287,0.81036335,0.7193216,0.5075508,0.4956758,0.5035925,0.9032655,0.5460456,0.44025913,0.41848826,0.84203,0.4006758,0.5372383,0.94821227,0.73725295,0.84420216,0.3709091,0.54547554,0.54752994,0.6916133,0.5708841,0.5481732,0.79057163,0.55703,0.75692576,0.5115091,0.95819235,0.6772644,0.81234246,0.5847383,0.75781643,0.7272383,0.86577994,0.4403086,0.6777592,0.78661335,0.74900913,0.301476,0.42304033,0.4719258,0.47443736,0.65203,0.6333268,0.39077997,0.5510925,0.8163008,0.57731646,0.5739519,0.5174466,0.73317575,0.51546746,0.521405,0.4719258,0.521405,0.83015496,0.5491133,0.7153633,0.58869666,0.43234247,0.8537071,0.62724096,0.86154455,0.72327995,0.38565394,0.2954336,0.5269466,0.8680758,0.70348823,0.5075508,0.80353516,0.7608841,0.8890352,0.48884767,0.8940821,0.7846341,0.7155118,0.94672793,0.77275914,0.65796745,0.83015496,0.95880085,0.8656662,0.47984245,0.70903,0.45807162,0.7272383,0.9243633,0.6503972,0.34327993,0.36247787,0.46202996,0.6838451,0.74702996,0.7391133,0.8360924,0.9752279,0.701905,0.63421744,0.73119664,0.936832,0.64787376,0.7608841,0.86411744,0.4521341,0.28385547,0.7701862,0.66390496,0.78265494,0.82011074,0.91557586,0.8321342,0.42640492,0.8598425,0.70546746,0.69351333,0.8835925,0.851629,0.6322383,0.36900914,0.57484245,0.69557166,0.74702996,0.5233841,0.6574727,0.9073425,0.7824175,0.4249206,0.42426744,0.9064519,0.7934415,0.28390497,0.7688008,0.37717316,0.85825914,0.66522115,0.3274466,0.62117475,0.80828524,0.8393601,0.56890494,0.77355075,0.6935925,0.5554467,0.4976549,0.7015091,0.65203,0.711405
BC2026_Train_0006_S09_20250828_000000_45,0.37198028,0.6020833,0.16984257,0.38383004,0.33840817,0.6766302,0.3545582,0.27128473,0.17135662,0.27885506,0.21980661,0.18044099,0.3606144,0.44226992,0.46195272,0.30524722,0.080126934,0.5898613,0.22131327,0.336382,0.23191169,0.409057,0.47885528,0.67595506,0.38383004,0.43103316,0.5335342,0.5915261,0.5657969,0.34472394,0.7144154,0.77161324,0.5932903,0.81274533,0.46375385,0.8375591,0.90905654,0.72619134,0.76008964,0.77876306,0.620207,0.76008964,0.67572266,0.77161324,0.5714206,0.5714206,0.6017018,0.5243164,0.58656114,0.6067487,0.67572266,0.67572266,0.67572266,0.7184529,0.6218893,0.5343754,0.8191302,0.2181738,0.45009258,0.316098,0.18134648,0.3749238,0.15204492,0.18989646,0.45329878,0.5829342,0.3036738,0.23646131,0.6172552,0.26278645,0.8329843,0.9083345,0.7655151,0.22916092,0.69426507,0.8205186,0.6348901,0.71346307,0.763536,0.71029633,0.20234323,0.84181195,0.26478592,0.39145258,0.4250984,0.75759846,0.5517651,0.3850203,0.7793693,0.5675984,0.5992651,0.4725984,0.5319734,0.7469604,0.4340541,0.5537442,0.34989005,0.7773901,0.32614008,0.35582757,0.91741616,0.70789564,0.90555847,0.4959526,0.3987755,0.5249969,0.6111401,0.62103593,0.4855125,0.81895256,0.5319734,0.7318693,0.46468174,0.9353821,0.6763537,0.7457234,0.5715568,0.6625985,0.6137526,0.763536,0.42697865,0.6230151,0.7081193,0.7140568,0.257463,0.36018175,0.40926507,0.49278593,0.6230151,0.6625985,0.32218173,0.6527026,0.6804109,0.59411925,0.604213,0.5379109,0.74176514,0.6527026,0.48843175,0.43301505,0.6012443,0.7338484,0.42114007,0.5814526,0.52207756,0.46666092,0.8801089,0.6318719,0.738549,0.73978597,0.2637706,0.38338748,0.52301776,0.75759846,0.6982235,0.45874426,0.863187,0.67249423,0.8523016,0.5131219,0.89772344,0.66259843,0.69010884,0.8431974,0.7120776,0.62103593,0.81994224,0.8243359,0.8421831,0.59530675,0.64780414,0.4369734,0.6309318,0.9372078,0.6508719,0.3736401,0.45439008,0.48249424,0.6658146,0.60322344,0.7615568,0.8438109,0.967786,0.645825,0.5577026,0.74176514,0.9437391,0.6037183,0.8288484,0.8090568,0.42707756,0.26884323,0.81459844,0.6111401,0.72791094,0.7246948,0.8877327,0.9139526,0.4923901,0.6665568,0.7318693,0.80715084,0.8070776,0.8804057,0.5873901,0.3122859,0.47457758,0.6052026,0.8165777,0.6487442,0.6362755,0.8723901,0.7909276,0.45092657,0.3531359,0.88525474,0.822812,0.17770259,0.7397859,0.27972865,0.7892651,0.583699,0.35582757,0.6422863,0.86912453,0.7888693,0.6012443,0.66505265,0.65072346,0.56383806,0.47061926,0.6487442,0.5458276,0.6269734
BC2026_Train_0006_S09_20250828_000000_50,0.38397095,0.59791666,0.15556788,0.3440208,0.4785052,0.56869274,0.4296132,0.36602256,0.24641164,0.29486164,0.21764445,0.17525071,0.57664555,0.31883398,0.40967774,0.3120207,0.06703646,0.56925,0.2044265,0.37248743,0.25741863,0.29148507,0.45720014,0.8532604,0.42061454,0.4001302,0.6441051,0.62608856,0.5766094,0.42559895,0.74083155,0.81485236,0.7341024,0.89341545,0.51035756,0.9133506,0.9195751,0.7357847,0.8308342,0.80358106,0.7105503,0.8308342,0.7139149,0.81485236,0.6180243,0.6180243,0.6314826,0.6634462,0.62138885,0.63989407,0.7139149,0.7139149,0.7139149,0.82654434,0.5995191,0.43238866,0.80817187,0.21042708,0.46566042,0.55692476,0.1863159,0.31730208,0.21884347,0.19310443,0.41170833,0.67513543,0.33511457,0.22824289,0.48794273,0.22966146,0.8180677,0.78898764,0.8737367,0.20675749,0.80842423,0.82713723,0.5986325,0.75726277,0.7668617,0.6477654,0.1832549,0.8460283,0.32154918,0.24436167,0.39279917,0.9192575,0.58082,0.42530698,0.77082,0.6817575,0.41061166,0.5194658,0.44821584,0.7294555,0.53742677,0.38290334,0.45217416,0.7569658,0.4125908,0.39082003,0.9298461,0.91319144,0.8597737,0.50917417,0.6425622,0.5739424,0.7074867,0.52144504,0.5816612,0.83217424,0.5768617,0.9125284,0.48779917,0.9507213,0.764932,0.75894505,0.60259086,0.58284867,0.6565825,0.82821584,0.4411898,0.71936166,0.806445,0.71936166,0.32575294,0.46528617,0.33936167,0.5591799,0.7074867,0.6282706,0.31759083,0.51352835,0.7134242,0.6002159,0.5312419,0.47592416,0.68373674,0.82489085,0.5827992,0.5155075,0.4660283,0.81634086,0.47592416,0.7035283,0.58675754,0.6085284,0.9678461,0.68091637,0.77655965,0.6777992,0.36097914,0.39928097,0.4714216,0.91925746,0.80050755,0.49175748,0.89016384,0.7015492,0.8146586,0.6064007,0.8213877,0.56102836,0.66627055,0.92648154,0.74707,0.6953148,0.92103875,0.75894505,0.8905794,0.53727835,0.65301013,0.50759083,0.6322784,0.95597106,0.7643383,0.34529915,0.5914581,0.6481117,0.6709216,0.5729034,0.7886325,0.87334085,0.9628982,0.64469767,0.6342575,0.58082,0.9342992,0.6591456,0.68769497,0.78665334,0.4442575,0.3167002,0.796945,0.59269506,0.7787367,0.817281,0.9147056,0.8830388,0.36904916,0.55509084,0.80446583,0.87803155,0.9192575,0.9113409,0.7629034,0.402695,0.473945,0.54519504,0.8413576,0.7074867,0.7498409,0.86779916,0.6817575,0.5411872,0.33168247,0.9517159,0.86492944,0.20477834,0.8460284,0.2084893,0.8638409,0.6608625,0.40665334,0.6402396,0.8129763,0.8298269,0.7154034,0.71009916,0.74707,0.595169,0.4323825,0.73519504,0.60259086,0.68571585
BC2026_Train_0006_S09_20250828_000000_55,0.41113114,0.5854167,0.12147991,0.3554768,0.30827367,0.6986054,0.2638018,0.23503461,0.13964866,0.3516174,0.22140804,0.119965844,0.2880268,0.27505335,0.36135495,0.3242604,0.058898658,0.43117988,0.22399828,0.38297486,0.17554826,0.363292,0.31613117,0.63275796,0.471258,0.33142993,0.65836346,0.65110546,0.59568876,0.32711586,0.71796197,0.7768422,0.70450366,0.79416984,0.43870157,0.8362272,0.92993075,0.75833696,0.7648138,0.79980546,0.6388943,0.7648138,0.6977745,0.7768422,0.49758178,0.49758178,0.56150883,0.5076755,0.55982655,0.6271183,0.6977745,0.6977745,0.6977745,0.7265417,0.64562345,0.37952366,0.8173554,0.17913303,0.36055335,0.24624163,0.15236977,0.33232054,0.22166038,0.19894943,0.464133,0.45166427,0.37150803,0.22746429,0.64714706,0.2505221,0.7560013,0.69811034,0.71088034,0.45358866,0.742547,0.7997177,0.53869283,0.58856785,0.7880678,0.73096883,0.11470586,0.76827615,0.21608865,0.315047,0.24379699,0.7821303,0.44765115,0.39678657,0.70890117,0.540672,0.41400537,0.42390114,0.36056784,0.8804513,0.39782563,0.29921365,0.30910948,0.82369286,0.3289012,0.23983866,0.9237397,0.7400216,0.8420273,0.397697,0.62878263,0.5457189,0.623797,0.38035947,0.4713022,0.6574428,0.40015116,0.8681845,0.3328595,0.9153085,0.7125627,0.80785954,0.53077614,0.6391356,0.6851511,0.65348446,0.5292918,0.62775534,0.80192196,0.66338027,0.29319897,0.36155742,0.27546367,0.3980018,0.695047,0.7232502,0.28931785,0.44963032,0.7979637,0.58075017,0.4865418,0.45754698,0.88504696,0.82947195,0.53869283,0.43973446,0.588172,0.88306785,0.48327616,0.64556783,0.564422,0.374422,0.90879697,0.5150418,0.82836765,0.5703595,0.33795387,0.30955482,0.34968242,0.7484845,0.7089011,0.374422,0.82072407,0.7583803,0.7918283,0.55091417,0.8456616,0.7168178,0.73433346,0.8909845,0.5941095,0.79261994,0.9036511,0.7465053,0.89579386,0.5565053,0.53562516,0.35463032,0.6732762,0.92561996,0.65106004,0.255672,0.46249494,0.47140115,0.69316685,0.623797,0.7623387,0.7801511,0.9693595,0.5852033,0.55848455,0.6574428,0.84348446,0.5380991,0.790047,0.695047,0.39223447,0.24330221,0.52652097,0.326922,0.7227553,0.8513022,0.8592961,0.89365643,0.23588033,0.766297,0.72766364,0.7920044,0.74452615,0.95392203,0.6693178,0.38827616,0.36452615,0.7148386,0.790047,0.59015113,0.6560575,0.825672,0.8474428,0.507323,0.43055114,0.86297935,0.7332449,0.15077616,0.75046366,0.24424231,0.82765114,0.68887204,0.17650533,0.4506674,0.70098454,0.84468395,0.6396303,0.63765115,0.44171366,0.41420323,0.44963032,0.51296365,0.43577614,0.70890117
BC2026_Train_0006_S09_20250828_000000_60,0.5688212,0.47437498,0.12142179,0.33953583,0.31014526,0.46284762,0.36367187,0.24557492,0.20469522,0.31824994,0.21832179,0.19712493,0.16835773,0.3058287,0.43149588,0.3353529,0.1266765,0.6249317,0.20921515,0.17741984,0.09566046,0.3076292,0.34121704,0.66847336,0.5517025,0.36714527,0.69048464,0.4681914,0.39337888,0.32569137,0.75676477,0.7096605,0.64068663,0.7660173,0.40516573,0.746671,0.9098533,0.78031677,0.77299887,0.69451994,0.665921,0.77299887,0.69451994,0.7096605,0.46404594,0.46404594,0.57339495,0.48255116,0.59358245,0.6726501,0.69451994,0.69451994,0.69451994,0.69847333,0.60704076,0.4511787,0.8578893,0.17209837,0.35574523,0.13544916,0.20055383,0.36091086,0.097553045,0.16114368,0.42681712,0.42503583,0.36447334,0.2137796,0.48956636,0.2366289,0.71143097,0.6064254,0.6394263,0.65921795,0.62557214,0.7924505,0.49296793,0.4566503,0.9026555,0.63007474,0.122418486,0.65921795,0.0991138,0.3663013,0.18223879,0.7720304,0.4375513,0.37402007,0.67307216,0.5978638,0.50286376,0.42369714,0.3247388,0.7800283,0.54229873,0.45932212,0.26140547,0.82546794,0.26140547,0.31088465,0.88286376,0.5194987,0.8444333,0.25459713,0.50241446,0.5632284,0.64140546,0.4296346,0.4498716,0.69286376,0.4316138,0.75025964,0.32078046,0.8289909,0.5816842,0.7364055,0.46525964,0.70258397,0.5147388,0.58400965,0.42815027,0.50880134,0.72255135,0.58598876,0.15727557,0.35546538,0.26338464,0.3165075,0.6651555,0.85760725,0.3663013,0.45536378,0.647343,0.47139508,0.42597318,0.671093,0.8116138,0.50286376,0.48307213,0.4434888,0.72801375,0.79775965,0.3484888,0.49890548,0.6235929,0.30296797,0.7720304,0.5222101,0.80337846,0.53453046,0.278931,0.30133516,0.33379352,0.6394263,0.5483846,0.34650964,0.7460044,0.59390545,0.8279419,0.5406164,0.8632701,0.41775963,0.591382,0.73442626,0.5622388,0.6514002,0.76609296,0.80567634,0.74201643,0.3544263,0.59687424,0.40984297,0.61171794,0.88227,0.55199665,0.16046797,0.29994974,0.3841138,0.6373631,0.6275513,0.6216138,0.7601555,0.90018153,0.5709966,0.5483846,0.65921795,0.9398638,0.5287909,0.7047388,0.8274472,0.36234295,0.20945235,0.70523363,0.2752596,0.6156763,0.7485625,0.86125636,0.7957805,0.28911376,0.6869263,0.55828047,0.7354208,0.93095756,0.8591138,0.5661971,0.23171797,0.3544263,0.5563013,0.79182214,0.45140547,0.55382735,0.78390545,0.6631763,0.33102265,0.34175962,0.89869714,0.761145,0.24755129,0.6532805,0.11737161,0.74234295,0.44761536,0.14067629,0.56155604,0.73373353,0.78398263,0.53650963,0.67703044,0.57609296,0.31830648,0.4731763,0.5958846,0.38609296,0.5563013
BC2026_Train_0007_S09_20250829_000000_5,0.5188714,0.65208334,0.2509425,0.20863779,0.29859093,0.6898327,0.23731591,0.24791436,0.21611904,0.27365342,0.25699872,0.12830342,0.1495003,0.45127374,0.47247064,0.45960107,0.26920033,0.9251951,0.5459373,0.6705951,0.23286279,0.63678104,0.6804705,0.44198152,0.4491065,0.37340343,0.79605937,0.6166035,0.62056184,0.36386392,0.66789883,0.77893007,0.59556025,0.6292062,0.6039717,0.7318259,0.83949256,0.68976855,0.7318259,0.71500295,0.63425297,0.7318259,0.72677904,0.77893007,0.67631024,0.67631024,0.6796748,0.56359667,0.6662165,0.6662165,0.72677904,0.72677904,0.72677904,0.70154464,0.67631024,0.46641433,0.83817124,0.2941378,0.36734718,0.16976203,0.37113234,0.25673154,0.17461592,0.25334716,0.78774196,0.7481586,0.7025388,0.29333624,0.6403535,0.4778639,0.67597854,0.48522562,0.85390955,0.11765957,0.5689096,0.9372276,0.78859705,0.8885598,0.5768263,0.9141753,0.77271676,0.7826596,0.45411792,0.9404981,0.5788054,0.8494564,0.8835971,0.48044083,0.9590034,0.6005762,0.43630543,0.4244304,0.98651373,0.71665436,0.7721923,0.8533159,0.43432623,0.8393627,0.63224286,0.8777387,0.81036794,0.64360535,0.6096854,0.3867471,0.5158145,0.8487464,0.82768565,0.57484704,0.9356492,0.9797846,0.90140957,0.6144304,0.37693042,0.6210606,0.65459514,0.93188876,0.6876596,0.7143215,0.51547205,0.7015137,0.63902164,0.91971684,0.96226895,0.9825554,0.29180053,0.8625338,0.5035971,0.63511765,0.7628679,0.5443259,0.32745123,0.8496544,0.8895346,0.8699705,0.9647677,0.6856804,0.62036794,0.37890956,0.5788054,0.4758888,0.76928043,0.9695919,0.67974293,0.8954721,0.48182625,0.66193044,0.74505544,0.6732117,0.82095647,0.75702935,0.9489413,0.67746687,0.7158133,0.87281054,0.7885971,0.8611335,0.88712984,0.7767221,0.88712996,0.8330071,0.9603097,0.6757845,0.924269,0.5590137,0.8044304,0.5827638,0.46599293,0.87963873,0.59077936,0.8479721,0.94724464,0.78463876,0.7727637,0.7747429,0.80868566,0.5946387,0.8862542,0.33932623,0.93069875,0.5035971,0.8459929,0.61245126,0.46995124,0.8554435,0.70547205,0.9251596,0.52932626,0.82362837,0.6381804,0.43828458,0.6421387,0.6709851,0.60911435,0.78068036,0.9460398,0.8510423,0.96374553,0.85984707,0.8024512,0.4541179,0.52338874,0.7632162,0.38286793,0.8420346,0.69161785,0.8638054,0.5768263,0.69557625,0.5075554,0.85915446,0.83541626,0.9701857,0.943269,0.8181981,0.4374929,0.5952523,0.83977336,0.43828455,0.70547205,0.78676397,0.8930971,0.69676375,0.93307626,0.9494459,0.64521635,0.89200366,0.6599512,0.9206075,0.8833991,0.9472719,0.9757274,0.8072804,0.93089914,0.8153159
BC2026_Train_0007_S09_20250829_000000_10,0.5253943,0.60833335,0.1911212,0.23194152,0.3486134,0.67294925,0.35009778,0.18809307,0.259254,0.2728806,0.28650716,0.14115715,0.16083997,0.47549483,0.46186826,0.47625184,0.25153524,0.9061446,0.45901376,0.53572625,0.28792474,0.5727367,0.58625376,0.5919519,0.58007693,0.40026963,0.85030943,0.71451175,0.6294076,0.32560545,0.69760066,0.80863196,0.58320487,0.6538611,0.6774132,0.7615278,0.8561567,0.6891893,0.7615278,0.6723664,0.6790955,0.7615278,0.76993924,0.80863196,0.6404028,0.6404028,0.67068404,0.57142884,0.6353559,0.66900176,0.76993924,0.76993924,0.76993924,0.7716216,0.63367367,0.478523,0.8886784,0.35306653,0.41986343,0.15565948,0.35097355,0.25866026,0.13936105,0.18024074,0.6414311,0.82005084,0.6622124,0.24108528,0.67294925,0.41110545,0.75666803,0.51945686,0.79117644,0.20732231,0.7100306,0.9398514,0.7100306,0.77635247,0.440864,0.7355124,0.69842285,0.737541,0.3913848,0.8426348,0.61898893,0.6387806,0.96761924,0.41562963,0.9059681,0.5853431,0.47846812,0.53190565,0.96039516,0.7137911,0.5810632,0.4329473,0.33596814,0.7990931,0.53586394,0.92892647,0.81492645,0.5717641,0.7541264,0.5069681,0.6060294,0.67227805,0.8030514,0.5635723,0.9266208,0.9677182,0.6981556,0.68232226,0.41909316,0.53289527,0.62321204,0.8566869,0.6269056,0.78446215,0.48044732,0.5754473,0.5896478,0.9136869,0.9119056,0.9435723,0.4178819,0.7371453,0.5101348,0.6940117,0.73575974,0.6433179,0.44680148,0.7482285,0.6882598,0.84087336,0.9522411,0.6348223,0.6348223,0.49034315,0.62492645,0.52398896,0.79711396,0.9851348,0.65857226,0.88795775,0.52596813,0.54971814,0.76346815,0.573003,0.8012702,0.87370765,0.8694456,0.57208276,0.6143874,0.82165563,0.7120098,0.95406187,0.8910848,0.74565566,0.94411653,0.75686264,0.9556403,0.5972181,0.7775697,0.7337806,0.68034315,0.3973223,0.41909316,0.75950974,0.6540202,0.92069316,0.7378874,0.72982234,0.82086396,0.8584681,0.7806869,0.74961394,0.7304161,0.39732233,0.84353536,0.40721816,0.7377389,0.6130515,0.33003065,0.8314031,0.6902389,0.8659097,0.59721816,0.735265,0.69617647,0.62492645,0.5457598,0.50385094,0.5200307,0.7951348,0.8727181,0.86944264,0.87962353,0.88419724,0.8213588,0.4745098,0.59721816,0.5953162,0.5200306,0.87588483,0.73180145,0.67638475,0.5378431,0.75555146,0.44284317,0.78682226,0.80770254,0.9851348,0.83075976,0.73836493,0.53895146,0.7034005,0.7460712,0.6466972,0.7634681,0.7956593,0.87697333,0.42859316,0.9243744,0.9037643,0.7618403,0.89378387,0.53586394,0.82086396,0.82116085,0.8677901,0.949015,0.73971814,0.8945879,0.6447181
BC2026_Train_0007_S09_20250829_000000_15,0.4196663,0.5604167,0.3022181,0.39347744,0.55636287,0.6786029,0.35672432,0.20228995,0.35823837,0.32341495,0.30524623,0.2416556,0.16141029,0.5955316,0.5035944,0.6586175,0.30263373,0.9300296,0.41768393,0.53872484,0.24659485,0.57228655,0.574635,0.60485244,0.58506083,0.4727431,0.8268467,0.70037365,0.69641536,0.41656116,0.6437792,0.87257093,0.6437792,0.665649,0.5647115,0.82714903,0.85911256,0.68583655,0.7295762,0.66733134,0.613498,0.7295762,0.6976126,0.87257093,0.6639667,0.6639667,0.57648754,0.642097,0.6000396,0.6589199,0.6976126,0.6976126,0.6976126,0.7581751,0.5529355,0.6056254,0.9319362,0.35607123,0.54906964,0.2516405,0.41970146,0.44691497,0.20787123,0.24420871,0.7783858,0.84640974,0.65621185,0.26588058,0.88839453,0.45396745,0.89354044,0.61164546,0.86466116,0.4035153,0.7953903,0.97247624,0.696432,0.89374995,0.7023695,0.74195284,0.8031809,0.7971716,0.37382782,0.6073695,0.3975778,0.6766403,0.82705694,0.37763765,0.85535914,0.58559865,0.3857028,0.648932,0.77678615,0.7969241,0.7070305,0.49653614,0.3916403,0.7716403,0.52622366,0.9310622,0.850807,0.7627668,0.89340866,0.55076534,0.51981515,0.63027847,0.93126017,0.5974737,0.8956228,0.9372966,0.91611946,0.6647653,0.5341403,0.72324973,0.70954394,0.8488278,0.613307,0.9649184,0.7003903,0.5836195,0.6552654,0.9104789,0.89236945,0.87962365,0.35656548,0.72745544,0.44111946,0.7556091,0.84684867,0.9459925,0.68257785,0.7874736,0.8182695,0.70213205,0.79734975,0.58955693,0.7736195,0.6311195,0.933932,0.589557,0.7459112,0.98113513,0.8705986,0.9279945,0.6707028,0.4727861,0.9208695,0.8035173,0.859169,0.922057,0.70464355,0.6976418,0.7862862,0.7360153,0.6311195,0.9663904,0.94077003,0.93314034,0.9528677,0.89443773,0.8910435,0.7003903,0.80924445,0.7063278,0.76174444,0.71622366,0.5559112,0.6627861,0.713156,0.74986947,0.7328982,0.79341114,0.83806115,0.93195283,0.7786442,0.79341114,0.8098877,0.4272653,0.89480144,0.51236945,0.85674447,0.5578903,0.41539028,0.90741116,0.5974737,0.779557,0.7953903,0.7124138,0.9042445,0.8488278,0.565807,0.48030695,0.67852056,0.7874736,0.84882784,0.95376575,0.8467131,0.95174444,0.8614945,0.6904945,0.6547111,0.54238653,0.732057,0.948281,0.83410275,0.65882784,0.60143197,0.7815361,0.6786195,0.7657028,0.8904893,0.98341113,0.63507783,0.83571583,0.64552784,0.8686195,0.9038437,0.9596611,0.7102862,0.90268844,0.8772288,0.7182028,0.7182028,0.87413454,0.8689213,0.91037995,0.6944528,0.7043487,0.7812393,0.73746014,0.8665414,0.6172653,0.7965778,0.79143196
BC2026_Train_0007_S09_20250829_000000_20,0.4205524,0.6041666,0.37767023,0.31318897,0.67260563,0.8588275,0.3897827,0.28682646,0.35041708,0.39886707,0.37767023,0.29288274,0.2610874,0.6630067,0.65123063,0.699176,0.4824077,0.94761086,0.5043727,0.71289283,0.3817337,0.79524094,0.7297972,0.43075147,0.6063035,0.57760566,0.7866551,0.6214264,0.6649681,0.59173894,0.6162593,0.83179444,0.6616811,0.56410825,0.54392064,0.72729045,0.7895353,0.6145769,0.72560817,0.597754,0.5270978,0.72560817,0.6499051,0.83179444,0.71383214,0.71383214,0.5809311,0.6633634,0.585978,0.57924885,0.6499051,0.6499051,0.6499051,0.70205605,0.59943634,0.6916057,0.9301764,0.3185327,0.64384836,0.43171138,0.56898636,0.62609524,0.22581863,0.32574677,0.8605077,0.7468244,0.6762671,0.40946555,0.88069725,0.6036139,0.860114,0.6303441,0.8657403,0.6262611,0.6460528,0.93929356,0.9013653,0.8828453,0.7766778,0.8189825,0.8533038,0.9222455,0.33334446,0.7014695,0.46396947,0.7153236,0.70938605,0.44393042,0.89404243,0.63219863,0.5035528,0.53324026,0.8446622,0.7399148,0.79903746,0.8360528,0.6025111,0.76931524,0.60646945,0.930657,0.77271944,0.92826617,0.84987974,0.29566115,0.27565175,0.7893445,0.9075997,0.77865696,0.76168567,0.89107364,0.6282403,0.6876153,0.42240697,0.61151636,0.8504018,0.7469903,0.87336016,0.9272152,0.7667819,0.6678237,0.66940695,0.9822143,0.7786569,0.8776944,0.2722872,0.8590261,0.5213653,0.7152618,0.88493824,0.97344464,0.8637611,0.82813615,0.85845697,0.6953538,0.7512059,0.6678237,0.8518861,0.71334445,0.8993861,0.5708445,0.8202194,0.92254245,0.8083445,0.8736569,0.69553196,0.6994903,0.9834018,0.65906584,0.7718783,0.91759443,0.86862886,0.6673907,0.9315427,0.7944903,0.70938605,0.8812768,0.96838987,0.89463615,0.9475789,0.96272445,0.8451273,0.9251153,0.8946856,0.93501115,0.7268819,0.790532,0.6915736,0.9053236,0.7376882,0.60646945,0.8431778,0.90334445,0.75854856,0.95104235,0.9092201,0.53521943,0.9399442,0.54907364,0.8768682,0.43230277,0.8637611,0.6717819,0.4659486,0.8765317,0.6579278,0.7667819,0.87563616,0.6878627,0.8909153,0.5609486,0.8104819,0.507907,0.83140177,0.8202986,0.890282,0.9581229,0.881162,0.87167776,0.9223445,0.5371986,0.5609486,0.8844425,0.5688653,0.952131,0.9668757,0.6678237,0.65001106,0.72126114,0.7588653,0.7410528,0.86504763,0.961433,0.84199023,0.90087056,0.32843614,0.550459,0.7516265,0.8776153,0.81230277,0.86264056,0.96034443,0.7393705,0.6717819,0.88772297,0.9238585,0.8267137,0.6757403,0.90928197,0.8479278,0.6364736,0.91076636,0.8182403,0.8990893,0.79844856
BC2026_Train_0007_S09_20250829_000000_25,0.5262723,0.6770834,0.38643208,0.21322529,0.6189545,0.8833359,0.5681196,0.43942425,0.35312268,0.42882583,0.34252426,0.35463676,0.25016645,0.66188264,0.66524714,0.69300497,0.63577735,0.93631387,0.45277372,0.6496019,0.39978153,0.65145236,0.83215255,0.460819,0.5981732,0.59718364,0.8174945,0.72450775,0.71461195,0.6473203,0.7020119,0.85005355,0.64986086,0.6128504,0.61789733,0.7827619,0.8777273,0.6666838,0.7390223,0.7070588,0.60107434,0.7390223,0.74911606,0.85005355,0.6599546,0.6599546,0.6750952,0.7020119,0.6431316,0.6801421,0.74911606,0.74911606,0.74911606,0.6952827,0.6650015,0.6787055,0.9263828,0.28269404,0.6341347,0.30777007,0.37741697,0.6417149,0.25152218,0.28180343,0.69119406,0.76838154,0.6875326,0.5580258,0.8749244,0.6750286,0.90847135,0.7142932,0.8667864,0.47491148,0.7816823,0.9310204,0.9378386,0.91502374,0.6807448,0.7887677,0.9431379,0.9826667,0.34626567,0.7579323,0.52043235,0.9415,0.7994948,0.5391355,0.9321979,0.68866146,0.71439064,0.563974,0.9417969,0.6930157,0.9521702,0.7757448,0.7856407,0.7072657,0.6906407,0.84105736,0.88657814,0.87637556,0.8829068,0.38529485,0.4267188,0.840711,0.9506042,0.80147403,0.83912766,0.8613438,0.79553646,0.85095316,0.37199482,0.599599,0.7923203,0.8469948,0.8569896,0.81278247,0.8212656,0.76386976,0.5595703,0.936849,0.79949474,0.8809573,0.39643756,0.7982876,0.6906407,0.7822315,0.9573334,0.8512228,0.90241146,0.87272394,0.7618906,0.75061435,0.82135475,0.86876565,0.6807448,0.7698073,0.78564066,0.46897402,0.8390782,0.867974,0.95189065,0.8885573,0.6767865,0.66491145,0.93318754,0.8172578,0.787224,0.9803906,0.91296536,0.79135305,0.96815455,0.97207814,0.718349,0.8736146,0.9712964,0.8806406,0.95469314,0.9833768,0.84870875,0.79553646,0.9139303,0.8549115,0.8066198,0.6787656,0.8667865,0.8331407,0.7661459,0.7678281,0.8592162,0.84501565,0.7005365,0.7915782,0.8336627,0.5441823,0.94161886,0.4155365,0.8712224,0.4056407,0.7816823,0.6926198,0.53428644,0.92592895,0.7084531,0.8747031,0.81928647,0.7511042,0.7836614,0.5778281,0.9400156,0.6218151,0.87044793,0.9894948,0.955849,0.89906424,0.85114115,0.6847032,0.8758907,0.64709896,0.6094948,0.9683969,0.7044948,0.8858855,0.958224,0.81928647,0.57189065,0.71439064,0.82324487,0.73022395,0.87785,0.94025314,0.7757448,0.9353151,0.513624,0.60229063,0.8712841,0.5857448,0.8628281,0.96282065,0.9878126,0.66857296,0.73418236,0.87645966,0.83915335,0.85574764,0.68866146,0.7500157,0.87272394,0.79098934,0.9347709,0.7698073,0.96356773,0.8648073
BC2026_Train_0007_S09_20250829_000000_30,0.5226176,0.5875,0.27920735,0.26896515,0.33398083,0.82713026,0.4518105,0.41698706,0.29434797,0.39427614,0.29586205,0.18987767,0.21410267,0.47914675,0.436753,0.48898813,0.3883089,0.90744436,0.4528718,0.6096614,0.28935307,0.5906515,0.8525447,0.3704964,0.4381839,0.47648075,0.7310699,0.73391145,0.6428698,0.47701558,0.7156723,0.8031514,0.5995941,0.6080055,0.5592191,0.68875563,0.865228,0.7072607,0.75436497,0.6483805,0.6063233,0.75436497,0.7173545,0.8031514,0.58277124,0.58277124,0.6012764,0.61473477,0.5878181,0.63155764,0.7173545,0.7173545,0.7173545,0.668568,0.67025036,0.48671708,0.8743334,0.36871517,0.4447745,0.31380814,0.36982843,0.4399652,0.22131674,0.26673865,0.69428813,0.5953297,0.6426318,0.31705895,0.72401565,0.5815156,0.7817083,0.6097009,0.7245613,0.3303113,0.7597905,0.9354564,0.903379,0.96053743,0.6370821,0.744118,0.64638424,0.89615506,0.20958212,0.55395716,0.6924988,0.943655,0.6271863,0.36083996,0.80738944,0.5123946,0.82312375,0.48864463,0.8586499,0.73322016,0.97141045,0.4846863,0.81837386,0.8152071,0.6212488,0.6568738,0.7795821,0.73192185,0.7976767,0.6704113,0.7046865,0.61110556,0.8316342,0.504478,0.7761409,0.82787377,0.66874874,0.6311446,0.3243738,0.42372796,0.7032358,0.84113425,0.5836446,0.80184776,0.5697905,0.587603,0.5933921,0.80729043,0.64895713,0.7636498,0.45341945,0.6001138,0.4728113,0.63366807,0.80729043,0.6504415,0.6905196,0.6172905,0.83104044,0.6177853,0.7860145,0.6034363,0.75583214,0.6172905,0.67270714,0.5440613,0.64104044,0.92059785,0.75385296,0.7597905,0.5222904,0.47676963,0.863301,0.6956432,0.8358399,0.9814572,0.7513523,0.70561075,0.86695987,0.98205096,0.6212488,0.5856238,0.9730705,0.7063529,0.87849694,0.98427993,0.84014064,0.7917738,0.8580932,0.82312375,0.70041543,0.72812384,0.89635295,0.86122274,0.5128895,0.67270714,0.7204545,0.7518738,0.65885293,0.7914571,0.6971993,0.6489572,0.85405576,0.4846863,0.67488426,0.53416544,0.74197793,0.5005196,0.30854046,0.75029296,0.5499988,0.8092696,0.5915613,0.6619702,0.8389571,0.57374877,0.84829885,0.45712644,0.8265161,0.91228527,0.82312375,0.587405,0.72687495,0.74791545,0.81718624,0.5777071,0.4787488,0.8126719,0.63906133,0.8646863,0.89556134,0.765728,0.6608321,0.8290613,0.69843626,0.75385296,0.9039688,0.925803,0.83104044,0.80249095,0.58364457,0.57255733,0.8901335,0.40354046,0.825103,0.5723634,0.96799886,0.54317063,0.5559363,0.80047524,0.7882588,0.86414206,0.5935405,0.8092696,0.6647905,0.59255093,0.88705087,0.635103,0.891603,0.730103
BC2026_Train_0007_S09_20250829_000000_35,0.46615532,0.6270833,0.21946993,0.27560902,0.3067809,0.6728542,0.38450274,0.293659,0.2891168,0.293659,0.24369493,0.13619651,0.30274338,0.387329,0.36310402,0.43199384,0.2292965,0.86747885,0.39166486,0.57823104,0.19180864,0.5323044,0.73106676,0.45195273,0.38960898,0.39228088,0.71613294,0.6692917,0.58022916,0.39003125,0.66773,0.79726636,0.6879175,0.68455285,0.529782,0.7367039,0.8943346,0.7299747,0.7232455,0.7215632,0.59539133,0.7232455,0.7131518,0.79726636,0.7131518,0.7131518,0.63744867,0.7148341,0.6038028,0.6223081,0.7131518,0.7131518,0.7131518,0.6946466,0.650907,0.40246964,0.87779695,0.25423402,0.33617148,0.6230864,0.27636606,0.3005465,0.21918795,0.20556137,0.6148381,0.68410903,0.480809,0.3103137,0.7167916,0.44525,0.76775527,0.74125946,0.8827983,0.40868884,0.8361889,0.9432594,0.8954649,0.97729653,0.51556385,0.7403874,0.7491055,0.7332722,0.30181387,0.64816797,0.5393139,0.8655795,0.7688972,0.4580196,0.9483087,0.5353555,0.6818139,0.42056388,0.91683996,0.8262336,0.8517575,0.38493887,0.63035554,0.8144181,0.47993886,0.8154077,0.8797305,0.9525481,0.668457,0.7122139,0.6164737,0.69923055,0.92673576,0.43639722,0.83866787,0.92841804,0.683793,0.648168,0.36712638,0.60195446,0.7759233,0.95008993,0.67785555,0.7875014,0.57691807,0.72535557,0.5914154,0.9549389,0.7510847,0.89746386,0.38916242,0.6784122,0.53931385,0.6235274,0.78077215,0.6394597,0.4898347,0.5393139,0.81837636,0.7546324,0.8569998,0.5610847,0.8916055,0.8045222,0.79462636,0.49973056,0.56108475,0.9579077,0.7491055,0.72337633,0.45223054,0.5492097,0.97504723,0.52357453,0.83901906,0.9538503,0.76152384,0.73018974,0.8596742,0.89704823,0.62837636,0.6105639,0.97753215,0.8658764,0.9239254,0.93847966,0.9042425,0.9648347,0.7985947,0.9113972,0.553168,0.5353555,0.6521264,0.97186077,0.51279306,0.78670967,0.73960555,0.87775135,0.72931385,0.8671629,0.8074069,0.85123056,0.88659585,0.660043,0.7347071,0.54723054,0.921293,0.6105638,0.46212634,0.80171925,0.5135847,0.88566804,0.50170964,0.79279566,0.91337633,0.4601472,0.61848056,0.44169146,0.8104518,0.8465795,0.9520691,0.70610815,0.8427785,0.79462636,0.57295966,0.38098055,0.6877514,0.89114445,0.31566802,0.9612722,0.96849626,0.731293,0.8322305,0.7906681,0.7174389,0.84410554,0.79396534,0.96594304,0.8916055,0.69853777,0.4265014,0.6922204,0.8807162,0.46410555,0.8480638,0.54723054,0.9225795,0.6793399,0.70358473,0.89652777,0.76293004,0.88260037,0.67191803,0.9391056,0.70556384,0.6789292,0.91129833,0.8322305,0.8521212,0.73525137
BC2026_Train_0007_S09_20250829_000000_40,0.41493917,0.6166667,0.13997686,0.20917842,0.25638157,0.65269464,0.42613468,0.26261595,0.22476435,0.30500963,0.21113777,0.11120967,0.19145498,0.31474718,0.3298878,0.40029174,0.19670966,0.8677462,0.44001356,0.5348948,0.14022921,0.5476803,0.7631735,0.4336159,0.32317844,0.3828503,0.6968798,0.61271554,0.42964256,0.26220506,0.70854104,0.75396293,0.7472338,0.7183825,0.48479623,0.72511166,0.9238744,0.76742125,0.7606921,0.84648895,0.7018119,0.7606921,0.7135879,0.75396293,0.6362025,0.6362025,0.63452023,0.65638995,0.6311556,0.6833067,0.7135879,0.7135879,0.7135879,0.72872853,0.696765,0.3753097,0.8722833,0.20027217,0.35639873,0.28448078,0.22089013,0.28933465,0.17631435,0.16722998,0.42114717,0.69169927,0.41402215,0.2187081,0.6463613,0.4047051,0.737205,0.5772308,0.8079715,0.1840392,0.79956,0.9403134,0.70980483,0.9042036,0.6194559,0.92530394,0.39699754,0.5125809,0.37601835,0.6333101,0.34633085,0.7361278,0.8134142,0.30100796,0.9489872,0.4690392,0.4156017,0.4888309,0.9561122,0.7908518,0.80306077,0.4868517,0.49674752,0.9024767,0.4631017,0.7291017,0.9024767,0.77444243,0.7164004,0.56063503,0.67262226,0.6679455,0.78867465,0.5125809,0.87564915,0.9633361,0.7263309,0.74612254,0.32456002,0.5827424,0.60080224,0.90910697,0.6352892,0.68813294,0.54028916,0.52049756,0.75646377,0.8965392,0.8272684,0.9331142,0.3564187,0.5957059,0.38987252,0.61064863,0.6827892,0.6814038,0.27112255,0.45320585,0.83716416,0.6722254,0.92498976,0.51456004,0.7777892,0.60362256,0.5739351,0.53237253,0.5125809,0.9588829,0.55414337,0.61153924,0.45518503,0.47101837,0.8768465,0.5402001,0.8716018,0.62024754,0.603774,0.5002111,0.55043244,0.75206006,0.5581018,0.5877892,0.9485319,0.7322684,0.83871293,0.8976897,0.9079392,0.81293917,0.9126026,0.77581006,0.52841425,0.61747676,0.6491434,0.8286142,0.6281643,0.91902256,0.7015913,0.6986225,0.7817476,0.7797684,0.718909,0.7263309,0.7302892,0.50664335,0.6439976,0.6234142,0.80153924,0.55612254,0.26320586,0.6429585,0.4927892,0.8517309,0.50466424,0.68457043,0.6669559,0.62143505,0.47893503,0.49234387,0.5294038,0.76522154,0.89456004,0.56324756,0.68528104,0.84508085,0.42351836,0.3859142,0.6689351,0.6239615,0.27112255,0.9028725,0.80153924,0.54622674,0.7085184,0.84498197,0.5501851,0.86902887,0.84399235,0.9400809,0.9341434,0.50154704,0.47410583,0.76997155,0.89427805,0.43539336,0.7382059,0.47774753,0.8612111,0.61975276,0.75601834,0.8656227,0.57711655,0.9370132,0.58778924,0.8549768,0.6095601,0.744564,0.96788824,0.5284142,0.8859507,0.70456
BC2026_Train_0007_S09_20250829_000000_45,0.35501358,0.6479167,0.13936086,0.19101709,0.24534525,0.7017037,0.38766712,0.16964212,0.21354991,0.24080303,0.20446554,0.18024054,0.08636868,0.33173287,0.4150063,0.40667897,0.1874546,0.8723453,0.46063158,0.54541904,0.1366222,0.4318644,0.6317011,0.5468713,0.34420457,0.279189,0.7406981,0.6924017,0.45213085,0.3060684,0.6608287,0.743261,0.7516725,0.7192884,0.5800787,0.7451115,0.9215839,0.8071881,0.71297973,0.8744798,0.72980267,0.71297973,0.7062506,0.743261,0.61204225,0.61204225,0.6608287,0.55989116,0.68269855,0.71802664,0.7062506,0.7062506,0.7062506,0.7348496,0.6793339,0.39532351,0.88309443,0.20348585,0.34251243,0.16158195,0.20700382,0.32995462,0.104715556,0.15619367,0.36736083,0.7609182,0.55478793,0.17721243,0.7284225,0.44856834,0.8685475,0.4836594,0.72028255,0.16413671,0.7281992,0.8826807,0.69682944,0.9048448,0.54215753,0.9438764,0.3335534,0.54215753,0.31059504,0.47882423,0.51247,0.60549086,0.9320533,0.3874362,0.909095,0.40955338,0.28882423,0.5362201,0.90147525,0.78797007,0.6070272,0.51049083,0.4570534,0.9221575,0.7776783,0.7722356,0.8944492,0.51713794,0.9164106,0.3052909,0.5660678,0.7850013,0.80320966,0.42340755,0.9234564,0.91701174,0.9291836,0.72424084,0.36007422,0.6465586,0.43750912,0.9095898,0.5738242,0.7379466,0.46497005,0.6470534,0.74586326,0.8014284,0.7519492,0.8817825,0.30948472,0.614694,0.33038673,0.6519023,0.7004909,0.7362643,0.42340755,0.7202825,0.8528867,0.77130055,0.9084915,0.5520534,0.8429909,0.5461159,0.54215753,0.4867409,0.5560117,0.97044915,0.58372,0.6391367,0.4154909,0.45309505,0.66486585,0.820416,0.88217837,0.70247,0.54969025,0.6464102,0.6678965,0.78035027,0.5777825,0.643095,0.9199014,0.57580334,0.85276306,0.8263139,0.92064345,0.53622,0.9197356,0.65101165,0.66684496,0.7163242,0.76580334,0.847642,0.65665233,0.79549086,0.77827215,0.785595,0.69059503,0.7816367,0.7961341,0.5401783,0.51712114,0.45507425,0.6418581,0.58965755,0.74403256,0.6134075,0.37590757,0.7414968,0.5362201,0.87283665,0.643095,0.6751081,0.619345,0.8489284,0.60549086,0.47501436,0.6659545,0.83754814,0.8386367,0.5829779,0.7206952,0.79944915,0.35809505,0.58372,0.65497005,0.54573685,0.40559503,0.86575127,0.7004909,0.49267837,0.5203867,0.75521487,0.4867409,0.92077214,0.7567982,0.94796586,0.87861586,0.53003514,0.4696409,0.8964284,0.93697655,0.38778257,0.7361159,0.48159504,0.91582423,0.5944075,0.47090757,0.77722025,0.66165465,0.9311627,0.5659075,0.7262201,0.72433984,0.5929776,0.93185544,0.6134075,0.85268885,0.71236587
BC2026_Train_0007_S09_20250829_000000_50,0.42371112,0.64166665,0.16792984,0.15911265,0.25975326,0.7642448,0.38595486,0.3117658,0.28451267,0.24817513,0.21940796,0.16187358,0.22395015,0.37672502,0.43577346,0.6643128,0.23036265,0.86330014,0.34709388,0.5412303,0.18054704,0.4621626,0.75017464,0.3853314,0.41917515,0.40937826,0.80167186,0.7773073,0.6542031,0.3713802,0.6179616,0.7710501,0.68020636,0.7045155,0.585998,0.7830785,0.9022688,0.7609564,0.67684174,0.816472,0.6129147,0.67684174,0.6852533,0.7710501,0.60282093,0.60282093,0.638149,0.55739903,0.6516074,0.64824283,0.6852533,0.6852533,0.6852533,0.6516074,0.7188991,0.44637185,0.89961976,0.18226889,0.35718766,0.27315715,0.25044623,0.47083142,0.22087751,0.17394157,0.4939876,0.687946,0.45836264,0.32085016,0.75316143,0.49963018,0.8362864,0.5899611,0.73455334,0.22590753,0.7583033,0.94244504,0.76394403,0.83928597,0.80976164,0.96331537,0.42575392,0.55840755,0.2813242,0.6395533,0.48517835,0.7860117,0.7602825,0.38151953,0.95156896,0.41392836,0.5742408,0.48715755,0.863595,0.75345445,0.7760714,0.5465325,0.7127825,0.8909075,0.72465754,0.92019916,0.8221909,0.5208895,0.81324506,0.33610755,0.7426759,0.8661957,0.90575135,0.54851174,0.92464745,0.90881896,0.98135555,0.83747005,0.43767834,0.6157044,0.49012628,0.96393883,0.5465325,0.8209934,0.43767834,0.65934503,0.528918,0.77215755,0.83944917,0.93397427,0.4605892,0.76540375,0.50299084,0.8063476,0.7800741,0.76884246,0.6690825,0.8569648,0.85528255,0.82132494,0.95397377,0.52872,0.7108034,0.74247,0.5188242,0.35455337,0.64747,0.94761074,0.564345,0.7048658,0.42976168,0.49507418,0.7484075,0.6408447,0.877944,0.9196055,0.5949104,0.84647524,0.81291354,0.81856906,0.7187201,0.69497,0.90497935,0.69497,0.93143785,0.91015005,0.93732595,0.6573659,0.9562497,0.71674085,0.8468908,0.8137201,0.9245534,0.96225643,0.7267357,0.8677908,0.7906945,0.8137201,0.81965756,0.8724023,0.83638155,0.6197617,0.58792186,0.4950742,0.71401954,0.564345,0.7761159,0.5920534,0.29122004,0.77909946,0.6098658,0.9008033,0.5247617,0.776858,0.71674085,0.6633034,0.53861594,0.5087304,0.80397856,0.9550326,0.84558463,0.77289975,0.7597749,0.8790325,0.6494492,0.5366367,0.8465742,0.6302384,0.3822617,0.90961075,0.8315325,0.64153254,0.5564283,0.90169406,0.46736586,0.9410794,0.8528997,0.94458246,0.778095,0.59106386,0.57455754,0.8276653,0.9390459,0.29319918,0.80184495,0.51491535,0.9531523,0.6039283,0.493095,0.7739903,0.75155044,0.96953,0.6276784,0.7206992,0.7368294,0.7170229,0.8546889,0.6019492,0.9678972,0.7127825
BC2026_Train_0007_S09_20250829_000000_55,0.6186534,0.6645833,0.30964044,0.22666056,0.38608244,0.87534827,0.62927586,0.54516125,0.4716451,0.37020293,0.28238732,0.25513417,0.250592,0.6086972,0.63056695,0.74580395,0.3745043,0.8765199,0.4077172,0.62792915,0.328986,0.696062,0.93927854,0.49741054,0.66267097,0.6913689,0.8590222,0.8924681,0.7183014,0.62725973,0.7598676,0.950976,0.72453946,0.7599518,0.6404249,0.8823384,0.946602,0.79687804,0.8338884,0.84902906,0.6404249,0.8338884,0.825477,0.950976,0.67575306,0.67575306,0.6942582,0.6135082,0.6824822,0.7127634,0.825477,0.825477,0.825477,0.74640924,0.70266974,0.66084826,0.9032545,0.24091056,0.5698184,0.38291577,0.339008,0.6349626,0.29069653,0.26949963,0.7794418,0.82248867,0.49741054,0.54347897,0.8330931,0.63319725,0.82864004,0.7710493,0.7904234,0.36490253,0.8300067,0.9242026,0.8521734,0.7339775,0.61427754,0.7880262,0.69121766,0.72709,0.20459,0.7765692,0.50740254,0.6261525,0.6736525,0.40275407,0.9807203,0.53511083,0.6499026,0.5232358,0.84435564,0.69797057,0.66348207,0.61625665,0.4955275,0.80427754,0.58261085,0.72906923,0.92698586,0.60144264,0.8758368,0.37978584,0.63497365,0.69275147,0.9705275,0.70729834,0.8545236,0.9229286,0.8929442,0.67959,0.47969413,0.572715,0.5662827,0.8847307,0.6597983,0.74782187,0.48167333,0.53115255,0.47108477,0.72709,0.8545484,0.9388609,0.52320224,0.7491207,0.6400067,0.74524885,0.8349546,0.66875404,0.91115254,0.7316422,0.77854836,0.72490305,0.90474004,0.6538608,0.70531917,0.77261084,0.66375667,0.54896504,0.83594424,0.92441297,0.7290692,0.81922024,0.6518817,0.5707359,0.7191734,0.5155418,0.86142194,0.8155588,0.7339231,0.82382184,0.9414932,0.9007619,0.6261525,0.7350067,0.839289,0.7468817,0.9675984,0.8622449,0.91275567,0.6261525,0.83824265,0.7330275,0.73698586,0.7706317,0.7621608,0.8778035,0.6551473,0.8184286,0.7970536,0.8181316,0.643965,0.8128869,0.86587906,0.5450067,0.7688876,0.51729834,0.8249327,0.4697983,0.8003192,0.6736525,0.42823586,0.9085203,0.6499025,0.8062567,0.69146496,0.6971551,0.7429233,0.5865692,0.5944858,0.5080952,0.8910838,0.9824025,0.8675119,0.92780477,0.813832,0.87156916,0.7686525,0.7013608,0.82406914,0.7175208,0.48959,0.9637984,0.88740253,0.75084007,0.5865692,0.9428192,0.50938165,0.8141734,0.7716411,0.9055317,0.7924025,0.65039736,0.67864007,0.73664945,0.81304526,0.3272983,0.70729834,0.66598326,0.9271838,0.49028268,0.5766734,0.8983671,0.9389994,0.92861867,0.5172983,0.75084,0.74549633,0.6424708,0.8478192,0.7943817,0.98299634,0.6637567
BC2026_Train_0007_S09_20250829_000000_60,0.53868645,0.59791666,0.2616544,0.18841532,0.38168097,0.8147773,0.43577158,0.4145747,0.32524502,0.29799187,0.24348564,0.21774657,0.29950598,0.58949053,0.59453744,0.6307066,0.3772278,0.8768685,0.4126376,0.5640438,0.36570165,0.66666365,0.9228428,0.3986028,0.5769257,0.6353112,0.8324976,0.78588146,0.63942313,0.45437106,0.62266827,0.8251489,0.5553766,0.7353819,0.5991162,0.78475714,0.84599257,0.65967876,0.7034183,0.7000537,0.5469652,0.7034183,0.69500685,0.8251489,0.7034183,0.7034183,0.59406936,0.47630894,0.5637881,0.58229333,0.69500685,0.69500685,0.69500685,0.6529496,0.6462204,0.6281832,0.85673565,0.26144657,0.52222157,0.2601205,0.3085705,0.61255074,0.20217548,0.23699893,0.6580716,0.73525906,0.59473825,0.323731,0.73838145,0.5919232,0.84288156,0.7682698,0.92516494,0.13023265,0.70814925,0.89463145,0.82452434,0.775441,0.56367016,0.82940054,0.7236364,0.7734618,0.34596178,0.7833577,0.63887846,0.6626285,0.8506493,0.38688108,0.9781077,0.53398263,0.72200346,0.5992952,0.8772692,0.6849932,0.6518965,0.68044096,0.58742017,0.815816,0.5893993,0.8098785,0.86054516,0.7462186,0.79419863,0.40502012,0.46278214,0.79696447,0.910915,0.6982535,0.91243404,0.9310035,0.90616494,0.668566,0.45679513,0.7097327,0.642639,0.92942023,0.7477327,0.7303704,0.7556493,0.59731597,0.48603734,0.78533685,0.91853476,0.9872118,0.37362066,0.8432275,0.5280451,0.7565548,0.8738056,0.5717303,0.7370451,0.7987952,0.7556493,0.814203,0.9238884,0.6764826,0.7734618,0.7002327,0.69231594,0.50231594,0.7556493,0.89725876,0.7654462,0.87697226,0.44492015,0.5696077,0.72200346,0.6010418,0.8263056,0.81838894,0.8898864,0.793303,0.90232545,0.8677692,0.6824202,0.79582644,0.8410504,0.84421706,0.9551603,0.7994334,0.86398005,0.5834618,0.891393,0.6863784,0.8497785,0.6705451,0.52210766,0.8684618,0.7130972,0.81987333,0.83902174,0.79721177,0.8308577,0.94604516,0.8387249,0.561691,0.88696706,0.4468993,0.9201973,0.573566,0.8803368,0.7180452,0.4884618,0.89357746,0.72398263,0.8955764,0.7972118,0.8057718,0.7972118,0.39544097,0.84471184,0.6155738,0.67468166,0.8031493,0.886967,0.89866394,0.9470001,0.86054516,0.6487743,0.6606493,0.7723535,0.8099775,0.4389826,0.8555972,0.77148265,0.8763785,0.54585767,0.72398263,0.57356596,0.85144097,0.8378639,0.9018702,0.84273267,0.7301181,0.42330763,0.615465,0.84441495,0.45085767,0.82096183,0.6984019,0.9096285,0.8005764,0.6725244,0.96802884,0.83623904,0.90140015,0.656691,0.85440975,0.84085244,0.8251379,0.91032124,0.751691,0.9697952,0.77939934
BC2026_Train_0008_S09_20250831_000000_5,0.08694903,0.305625,0.2059315,0.2975323,0.2307354,0.41993815,0.1665659,0.17565025,0.1574815,0.33916903,0.31040183,0.11660181,0.0848065,0.26648214,0.34218526,0.3429423,0.12296978,0.2841729,0.17947994,0.12648776,0.09772057,0.3838784,0.094865695,0.27081352,0.17106354,0.28239167,0.7056444,0.1474069,0.3290944,0.40034437,0.51387113,0.5206003,0.46508467,0.5660222,0.38601696,0.5744336,0.71742845,0.46676695,0.63667846,0.5037773,0.40115756,0.63667846,0.5121888,0.5206003,0.397793,0.397793,0.3624649,0.3237722,0.31536072,0.3237722,0.5121888,0.5121888,0.5121888,0.60639715,0.518918,0.53657407,0.9089902,0.32781354,0.2821245,0.064856514,0.16175653,0.2725948,0.1451909,0.13459244,0.56076145,0.35096976,0.19778228,0.07647916,0.7476882,0.3860944,0.8655475,0.83883446,0.6506041,0.18352082,0.51008326,0.8535009,0.59716666,0.47809508,0.5932084,0.39385676,0.17209114,0.66821873,0.102374986,0.233,0.3260208,0.76341665,0.35175,0.20682551,0.6941458,0.40122914,0.7983489,0.24091665,0.5338333,0.63957036,0.14260155,0.5714375,0.268625,0.5331208,0.33591667,0.44675002,0.7594583,0.28796145,0.49609807,0.10237499,0.16254167,0.33052346,0.7752916,0.4289375,0.6416485,0.8735573,0.5635208,0.28247917,0.26664582,0.66086614,0.32765365,0.6882083,0.3260208,0.2944036,0.5219583,0.2805,0.16833073,0.46852082,0.87583333,0.6407083,0.081791654,0.3413099,0.8756355,0.50404686,0.73768747,0.47440884,0.5830156,0.3972708,0.46258333,0.20222396,0.3519479,0.46456248,0.46258333,0.5793541,0.45466664,0.18945834,0.5041458,0.6288333,0.5912292,0.76757294,0.37945834,0.3755,0.75747913,0.29341406,0.73882544,0.73768747,0.28459686,0.12859894,0.39102408,0.38935414,0.577375,0.9039376,0.65810025,0.91808856,0.8305599,0.26204425,0.6820977,0.3497708,0.62433076,0.73570836,0.19143748,0.44675,0.5041458,0.30622917,0.8000758,0.6802916,0.5609974,0.31018746,0.971823,0.8859271,0.31365103,0.10633332,0.24541926,0.27456248,0.8617961,0.22508334,0.60904163,0.6090417,0.22508332,0.81369984,0.63675,0.6921667,0.7417448,0.40365362,0.9617292,0.2389375,0.24685416,0.22048178,0.077833325,0.19935416,0.95848334,0.565881,0.5218,0.9353073,0.8168542,0.47643748,0.85445833,0.2812323,0.5777708,0.81091666,0.35372916,0.25477082,0.27456248,0.63160414,0.83822924,0.56747913,0.5135469,0.71591663,0.30622917,0.48074216,0.25564164,0.2006406,0.83095574,0.45664582,0.63675,0.31172138,0.86663026,0.83069354,0.33591664,0.4999302,0.6989206,0.6823698,0.49424997,0.7178958,0.34779167,0.23586978,0.46654165,0.2983125,0.91561466,0.8408021
BC2026_Train_0008_S09_20250831_000000_10,0.11002343,0.37124997,0.29901692,0.34151462,0.25156146,0.65816665,0.24602474,0.27176383,0.23996851,0.37774816,0.33232626,0.24451067,0.13398412,0.28070274,0.41091213,0.45254883,0.14913958,0.32815522,0.2792228,0.12781653,0.1898931,0.5211364,0.23471093,0.29163957,0.28095207,0.39406148,0.7341644,0.21245833,0.46895832,0.42086458,0.4878741,0.5618949,0.52993137,0.57535326,0.37516055,0.6577856,0.6981605,0.50133246,0.6106814,0.50133246,0.41385326,0.6106814,0.5063793,0.5618949,0.4845095,0.4845095,0.40544176,0.35329074,0.383572,0.383572,0.5063793,0.5063793,0.5063793,0.58881164,0.53834283,0.4517918,0.91941667,0.4056396,0.32049584,0.07143255,0.25766227,0.3432958,0.23717785,0.20538254,0.69242084,0.33617082,0.2773896,0.10445989,0.8785469,0.42798957,0.9369323,0.87655467,0.7382284,0.4338325,0.5624783,0.9149581,0.80789506,0.7305097,0.6752909,0.37543127,0.3208221,0.7863222,0.20227002,0.3289367,0.6822575,0.77424914,0.41997838,0.26728567,0.8336241,0.71487415,0.88132215,0.2576867,0.77820754,0.85856164,0.25456953,0.7786034,0.3823742,0.542845,0.45560336,0.71091586,0.72081167,0.30386063,0.48193616,0.12904085,0.16674398,0.5880591,0.8762159,0.56643665,0.7621763,0.84233254,0.8851815,0.3586242,0.38831168,0.74646366,0.44996276,0.72477,0.42789504,0.44496533,0.7998794,0.46747836,0.2555591,0.72477007,0.96533775,0.7515284,0.12300441,0.5325929,0.95850956,0.5435773,0.8751867,0.5711372,0.7845409,0.6911242,0.5031034,0.30677003,0.36565024,0.56247836,0.49716586,0.62779087,0.5070617,0.2200825,0.53081167,0.6119575,0.77227,0.9614784,0.41602,0.5743534,0.7445617,0.3786138,0.8047284,0.9438638,0.28535545,0.25204608,0.81226164,0.4001867,0.6673742,0.8695461,0.824718,0.96929616,0.8515356,0.35382473,0.70854086,0.4694575,0.7902171,0.48727,0.4813325,0.5783117,0.73268664,0.41404083,0.92228,0.6515409,0.7209602,0.4358117,0.9665252,0.88577515,0.389994,0.15279086,0.41819713,0.24779086,0.95955366,0.21810336,0.63768667,0.74654084,0.6832075,0.9514713,0.7683117,0.6614367,0.93683773,0.46579605,0.9596972,0.23789503,0.43581167,0.32116845,0.14992107,0.45164505,0.9545908,0.8547469,0.5713451,0.9019054,0.96137947,0.6752909,0.7584158,0.2584388,0.8908221,0.71487415,0.4120617,0.37445754,0.3586242,0.84771585,0.92060864,0.5525825,0.3820773,0.7821659,0.30716586,0.58791065,0.26109087,0.20543669,0.8684576,0.63768667,0.6950825,0.54288465,0.93574923,0.88426024,0.33487418,0.4552669,0.7606919,0.6882545,0.4595617,0.665395,0.5862284,0.375744,0.7109158,0.52091587,0.9387179,0.8415408
BC2026_Train_0008_S09_20250831_000000_15,0.18027976,0.365625,0.3442429,0.34954208,0.3059015,0.82768625,0.28519443,0.30639133,0.38966477,0.4093476,0.36695385,0.33213043,0.29730695,0.32686386,0.60065687,0.6940241,0.24979211,0.3896202,0.35943544,0.25950736,0.31098545,0.7320632,0.48111308,0.3317296,0.31569836,0.49293274,0.7663626,0.27807158,0.45441535,0.48647788,0.44787896,0.47984248,0.40918627,0.48993623,0.43105605,0.5959206,0.6110612,0.44956127,0.52694666,0.46301958,0.38226956,0.52694666,0.5050769,0.47984248,0.46974874,0.46974874,0.40245712,0.3200248,0.3822696,0.38226956,0.5050769,0.5050769,0.5050769,0.5286289,0.54713416,0.4964388,0.93851954,0.42257336,0.464789,0.13245228,0.37924442,0.5484484,0.2997562,0.32095307,0.8275109,0.4154483,0.29610458,0.18753742,0.9273373,0.5684154,0.96553516,0.92088395,0.8749419,0.49405122,0.59103036,0.81707853,0.9175929,0.68464005,0.6266554,0.54903054,0.632197,0.8879054,0.41488457,0.5257179,0.87666374,0.5118637,0.49800956,0.35635072,0.89582205,0.89059705,0.9744939,0.26644707,0.85425955,0.74565285,0.3173117,0.8644523,0.37530124,0.5305471,0.7414471,0.96717113,0.7196762,0.33963668,0.34746677,0.16155125,0.14705387,0.74911636,0.95618665,0.83842623,0.90116584,0.78914505,0.9722179,0.4129054,0.43269712,0.84705544,0.51290286,0.6009262,0.48811376,0.58261895,0.91076475,0.6246762,0.33314502,0.6603012,0.96766585,0.7767554,0.22948615,0.74768144,0.819822,0.525235,0.9235304,0.7340252,0.87800956,0.9026502,0.55738455,0.30137938,0.38885856,0.777072,0.49800956,0.527697,0.5316554,0.28030127,0.71175957,0.7651971,0.9175929,0.9789471,0.5019679,0.8592075,0.93342626,0.4906867,0.7035956,0.8876085,0.29085022,0.2058351,0.94262934,0.4544679,0.6286345,0.93738455,0.8074473,0.9449054,0.85218143,0.44516587,0.68731683,0.42478043,0.8581011,0.5850929,0.6010054,0.7256137,0.6207179,0.5692595,0.94639474,0.42280126,0.79117364,0.5593637,0.9608377,0.9755825,0.5507049,0.31592625,0.34729606,0.25853044,0.96338594,0.24467625,0.52373874,0.8685887,0.919572,0.9796398,0.8087387,0.7527283,0.98122317,0.3883143,0.9383742,0.26446792,0.6523846,0.3937075,0.22191584,0.71088874,0.9026502,0.97768545,0.76189184,0.8979002,0.92570746,0.81863457,0.6880095,0.32449603,0.9829054,0.8543387,0.3119679,0.43269712,0.58113456,0.7080387,0.9744939,0.65634286,0.44061375,0.7157179,0.31394708,0.6592622,0.27935123,0.18827,0.8410091,0.8542596,0.3713429,0.7398638,0.8876085,0.9415161,0.52175957,0.42879814,0.7798429,0.60948414,0.45446795,0.7199137,0.8661345,0.43764502,0.9076971,0.5534262,0.9783534,0.8749419
BC2026_Train_0008_S09_20250831_000000_20,0.20432052,0.35624996,0.31602257,0.28453895,0.3174921,0.6266855,0.31299445,0.3432757,0.30845228,0.31299445,0.33570537,0.23880538,0.2600023,0.3614296,0.556996,0.55615485,0.28275773,0.44039834,0.27066752,0.28126594,0.3463706,0.71782064,0.36661217,0.34153897,0.26138273,0.47958586,0.7496185,0.26073763,0.39433137,0.44064385,0.46474716,0.5438149,0.38736174,0.54045033,0.44119507,0.6195181,0.6632576,0.44792426,0.5640024,0.5185805,0.36380967,0.5640024,0.5051222,0.5438149,0.458018,0.458018,0.37726802,0.32343465,0.36380967,0.34866905,0.5051222,0.5051222,0.5051222,0.53372115,0.5168982,0.57550126,0.93543553,0.32550776,0.41742024,0.13201946,0.3727554,0.6623619,0.3040882,0.32377106,0.747466,0.39141396,0.25960147,0.20473897,0.9500814,0.40680012,0.9383053,0.927409,0.9800868,0.26333153,0.6571857,0.8209098,0.8056232,0.69451284,0.6571857,0.4061284,0.76616603,0.9070555,0.29301903,0.42562318,0.658294,0.55228984,0.4137482,0.39316487,0.92437315,0.7292273,0.92417526,0.30489403,0.6809357,0.76481885,0.29692787,0.5760399,0.5028107,0.48903573,0.7264566,0.9363472,0.7541648,0.43150133,0.40311268,0.12676902,0.25877947,0.5875686,0.95059717,0.8095816,0.8564879,0.85124296,0.9800868,0.44145653,0.35635236,0.75913364,0.62626123,0.684894,0.52853984,0.47945654,0.8787534,0.5265607,0.26902163,0.46916488,0.9727639,0.7687316,0.18475862,0.8218524,0.8531232,0.43958426,0.90853983,0.5736649,0.70468575,0.8532222,0.51072735,0.37970656,0.6690607,0.7689097,0.5324982,0.37614402,0.4374982,0.23166487,0.78385234,0.6037482,0.85906065,0.981769,0.45926902,0.6631232,0.9599982,0.44600862,0.65318185,0.93387324,0.48869926,0.22201641,0.86210865,0.43353984,0.5008315,0.9750399,0.7769451,0.90725344,0.84372216,0.38608932,0.6536233,0.5028107,0.74595135,0.64333147,0.59496063,0.40385234,0.44739404,0.506769,0.9651807,0.52656066,0.8752404,0.5799982,0.9721701,0.981769,0.6510008,0.23166487,0.44501904,0.24749818,0.96919143,0.22770652,0.61166483,0.851144,0.803644,0.96842957,0.7977065,0.8656909,0.9593055,0.5412066,0.97612846,0.26333153,0.52656066,0.24378724,0.25798777,0.46916488,0.927243,0.96010715,0.833569,0.981769,0.62551904,0.6195815,0.5621857,0.34233987,0.97108155,0.8254149,0.2831232,0.4671857,0.3662482,0.4553107,0.94188887,0.4731232,0.47500348,0.70864403,0.37218568,0.769256,0.3133649,0.18564923,0.8428909,0.61166483,0.4889565,0.9021794,0.8717274,0.88922524,0.518644,0.5644024,0.73942006,0.6426705,0.5245815,0.58197737,0.8494023,0.58831066,0.77197737,0.60176903,0.9220972,0.9453524
BC2026_Train_0008_S09_20250831_000000_25,0.23700354,0.39749998,0.2970225,0.38503107,0.33426547,0.6210377,0.29096624,0.25008658,0.2485725,0.29096624,0.3666694,0.22586156,0.28642404,0.3748275,0.4989806,0.41949233,0.32446855,0.40551546,0.26488578,0.31787798,0.37995452,0.6842812,0.30825356,0.4242186,0.25143737,0.46251547,0.8183638,0.27191275,0.50703776,0.6527044,0.51644605,0.68131053,0.4474721,0.6678523,0.452519,0.67626375,0.7267325,0.53495127,0.66112316,0.6039252,0.42223772,0.66112316,0.5685971,0.68131053,0.5214929,0.5214929,0.3885919,0.39868566,0.4087794,0.4070971,0.5685971,0.5685971,0.5685971,0.6190658,0.533269,0.65938723,0.94364196,0.30309358,0.4695514,0.22200221,0.47333652,0.5760207,0.4133975,0.35132095,0.79372907,0.5522707,0.29774982,0.19785143,0.9798607,0.42510024,0.91474605,0.8872587,0.94985217,0.4219094,0.74253446,0.86591816,0.7623261,0.80081105,0.63961774,0.5363548,0.5957149,0.964597,0.18243024,0.39024273,0.3961802,0.57430524,0.42982605,0.47628704,0.8692011,0.67722195,0.86484694,0.28534687,0.58618027,0.93644327,0.3070188,0.7583678,0.35263854,0.5699512,0.5228469,0.75035214,0.79795104,0.40055418,0.5943122,0.19430524,0.2514042,0.53590935,0.9276855,0.7801386,0.8595526,0.88839906,0.9421334,0.47732607,0.42982605,0.6970037,0.78879744,0.7088886,0.4456594,0.440662,0.7643053,0.37243024,0.30157605,0.5683678,0.9820136,0.78045523,0.24803962,0.68261516,0.8375344,0.4132011,0.87118024,0.6980527,0.87711775,0.6752428,0.5861802,0.5507532,0.67019594,0.85257614,0.58618027,0.49118024,0.6415969,0.2972219,0.63565946,0.67326355,0.8710219,0.97409695,0.7207636,0.48128438,0.87513864,0.34645367,0.7564381,0.7939928,0.60915834,0.21746148,0.6894705,0.4219094,0.65743023,0.96905005,0.8075402,0.9338209,0.8423833,0.41805002,0.6859302,0.57628447,0.6221516,0.5050344,0.51690936,0.5406594,0.5525344,0.51888853,0.9412725,0.63961774,0.75124276,0.5446178,0.9713261,0.92026365,0.5471907,0.13493024,0.6540162,0.32888857,0.85392696,0.26951358,0.55649275,0.7722219,0.5861802,0.9180098,0.95885736,0.8263521,0.8994823,0.59909433,0.95054483,0.22201358,0.7544094,0.32849276,0.16798232,0.37836775,0.9487636,0.9264337,0.7874813,0.9470814,0.6989928,0.7049303,0.6237844,0.43420002,0.9022532,0.8197219,0.36451355,0.5446178,0.3862844,0.5505553,0.91630524,0.5426386,0.4741594,0.82170105,0.32888857,0.7972089,0.43030107,0.22181566,0.90999174,0.81378436,0.5861802,0.8832186,0.80982614,0.85631675,0.5525344,0.62429905,0.74481046,0.6958261,0.5050344,0.5584719,0.6752427,0.63655007,0.6237844,0.5367011,0.8577219,0.87513864
BC2026_Train_0008_S09_20250831_000000_30,0.15430786,0.34499997,0.2840775,0.29777825,0.2701689,0.4150215,0.20988843,0.20534624,0.223515,0.33252746,0.3385837,0.16143844,0.19171968,0.29674512,0.38758892,0.3520084,0.22830953,0.36279386,0.20617008,0.2091982,0.16226226,0.51234716,0.14639118,0.474122,0.25502828,0.31826264,0.7739272,0.17989647,0.41145897,0.44886523,0.5516612,0.5987654,0.43558306,0.62231743,0.42044243,0.6088591,0.7367133,0.5163331,0.694656,0.5281091,0.41876018,0.694656,0.5398851,0.5987654,0.47427577,0.47427577,0.3632445,0.37838516,0.3682914,0.35819763,0.5398851,0.5398851,0.5398851,0.66101015,0.50287473,0.47691858,0.91119856,0.35834074,0.33260173,0.2697681,0.39694935,0.48659077,0.28210324,0.18520327,0.81196576,0.43671575,0.25502828,0.092548594,0.9189174,0.37939647,0.89368296,0.9043131,0.80563897,0.25058165,0.5533942,0.84453213,0.81860244,0.67773527,0.693915,0.39713898,0.29773533,0.97723275,0.13579,0.3198525,0.29214418,0.7711025,0.47224835,0.39026138,0.69391495,0.48412338,0.9084567,0.2723525,0.5138108,0.79785883,0.23534209,0.6147483,0.242665,0.49401915,0.37131083,0.42079002,0.8106858,0.40529314,0.47333443,0.16349833,0.26982906,0.39050874,0.788915,0.5494358,0.68867016,0.87204,0.71301395,0.37724835,0.31787336,0.761459,0.6444359,0.6919358,0.39704,0.30975878,0.67808163,0.23474833,0.19041501,0.56329,0.87867016,0.65346086,0.17393844,0.5287041,0.6563108,0.50757647,0.9472483,0.53182125,0.5098525,0.59495664,0.59495664,0.33944628,0.5194515,0.84927964,0.52172744,0.55141497,0.6337483,0.25256085,0.6167275,0.61079,0.9096442,0.9176598,0.59495664,0.52568585,0.78297746,0.31520146,0.6641503,0.69985247,0.40529314,0.20491241,0.8405391,0.3812067,0.5494358,0.90529007,0.8594228,0.8288942,0.8098941,0.3766546,0.6971806,0.65235245,0.5552744,0.6483941,0.49401915,0.47026917,0.34756085,0.73547745,0.9205197,0.67808163,0.58565456,0.40297753,0.87164414,0.94289416,0.53968847,0.10412334,0.67506343,0.408915,0.74395335,0.23079,0.67808163,0.79683167,0.59099835,0.8648482,0.7275608,0.74646187,0.812665,0.4928812,0.9468525,0.22089417,0.8779775,0.271165,0.10075876,0.23474833,0.91419625,0.77272046,0.6138973,0.9518004,0.52766496,0.49006084,0.7869358,0.45239732,0.480165,0.853515,0.4346442,0.31193584,0.34360254,0.38912338,0.96248794,0.57714415,0.53647226,0.79485244,0.33370668,0.57714415,0.37978166,0.24711812,0.8939099,0.44058168,0.73349833,0.5181155,0.82651913,0.87585485,0.47422752,0.5516525,0.77456605,0.7060868,0.67412335,0.88391495,0.4504775,0.39159733,0.5355816,0.40297753,0.80078995,0.8680816
BC2026_Train_0008_S09_20250831_000000_35,0.08944754,0.35062498,0.2128758,0.31305626,0.25872812,0.32217705,0.19319296,0.2280164,0.21741796,0.32340235,0.35065547,0.12657422,0.16896799,0.26522377,0.4136019,0.34774014,0.077931255,0.24982186,0.21001095,0.14036405,0.07677344,0.41895154,0.11517671,0.33086875,0.17768124,0.2551656,0.74122816,0.13514583,0.3898646,0.3578021,0.52761525,0.59154236,0.42499545,0.5965892,0.3778913,0.63359964,0.70762044,0.456959,0.69079757,0.4990163,0.41153714,0.69079757,0.48387566,0.59154236,0.41153714,0.41153714,0.34761006,0.34592777,0.3206934,0.31059965,0.48387566,0.48387566,0.48387566,0.6605163,0.51415694,0.39846125,0.9014791,0.339775,0.2474172,0.06800079,0.2042664,0.47514996,0.32641566,0.17500938,0.66297287,0.38965,0.20618124,0.072825,0.66041666,0.36670828,0.8197396,0.85241634,0.6383629,0.16534199,0.4186753,0.79400206,0.6462795,0.4714102,0.7175295,0.26682377,0.214079,0.9366232,0.058466993,0.44044617,0.27815446,0.75117534,0.3612795,0.28849566,0.6106545,0.41273782,0.93998784,0.21877949,0.49388364,0.5827977,0.3021519,0.48398784,0.16930033,0.49982116,0.3612795,0.4186753,0.7333628,0.2684368,0.55822885,0.15940449,0.2548498,0.30705035,0.6739878,0.44836283,0.58774567,0.6977379,0.6616181,0.22669616,0.25836283,0.77541417,0.7553811,0.5968003,0.36325866,0.24025346,0.6007587,0.20690449,0.11482377,0.48794618,0.592842,0.5850045,0.12531336,0.38003212,0.462217,0.3946779,0.7452378,0.3714722,0.79590446,0.7076337,0.37513363,0.23985763,0.4282743,0.6063993,0.34742534,0.49784195,0.5493003,0.19107115,0.56315446,0.62252957,0.7214878,0.7660191,0.5512795,0.46023783,0.7868004,0.28325084,0.6484071,0.68190455,0.27180138,0.13664408,0.42059514,0.3652378,0.41669616,0.6462795,0.68337893,0.6502378,0.74790967,0.32738626,0.66211283,0.7412795,0.43000606,0.49982116,0.39690447,0.32763365,0.260342,0.45430034,0.82894474,0.56117535,0.52238363,0.32169616,0.82371175,0.90960765,0.43945658,0.06638366,0.5028394,0.29200867,0.706743,0.260342,0.6146128,0.68586284,0.6898212,0.6890889,0.54336286,0.68784195,0.73049307,0.36083418,0.9293003,0.18711282,0.687842,0.23763107,0.10151388,0.15544616,0.76740456,0.56206596,0.63517636,0.892092,0.41273782,0.6264878,0.6819045,0.23142637,0.5627587,0.7452378,0.31773782,0.18117532,0.32565448,0.3889878,0.89703995,0.5651337,0.51367533,0.73336285,0.37711284,0.37686545,0.42746282,0.2192743,0.85312223,0.44440448,0.6086753,0.27295917,0.782842,0.8149817,0.25044614,0.44507745,0.6772535,0.63861024,0.533467,0.67596704,0.32169616,0.24153991,0.3850295,0.40680033,0.66211283,0.5908629
BC2026_Train_0008_S09_20250831_000000_40,0.09155505,0.40124997,0.2624745,0.24862531,0.23704717,0.5684382,0.17314485,0.19585577,0.18828544,0.31243858,0.30638233,0.15497607,0.12620889,0.28531313,0.64692175,0.3602592,0.068719044,0.23348466,0.20445028,0.11209247,0.10452217,0.44518623,0.16082588,0.32700032,0.14709404,0.27445343,0.7419712,0.15815692,0.3647819,0.4093131,0.52101445,0.6017644,0.44194674,0.564754,0.3797019,0.6219519,0.697655,0.46381652,0.68083215,0.52101445,0.43185294,0.68083215,0.47054568,0.6017644,0.40157172,0.40157172,0.35783216,0.34437382,0.33596233,0.3275509,0.47054568,0.47054568,0.47054568,0.67914987,0.52269673,0.55776024,0.9326048,0.31809402,0.26679406,0.07375108,0.11765888,0.33946905,0.20685497,0.1372081,0.6052711,0.32521904,0.26821902,0.077001855,0.8073236,0.4004069,0.8590789,0.87332594,0.5842837,0.13501287,0.45365873,0.7962772,0.5961587,0.4374543,0.754492,0.4085832,0.2508931,0.79407537,0.07563788,0.40220037,0.2874087,0.71292955,0.30126286,0.2992837,0.6179295,0.3784504,0.91025245,0.1983462,0.55063784,0.650091,0.57181495,0.51699203,0.2102212,0.5110545,0.34876287,0.4081379,0.78220034,0.27618685,0.6305715,0.103346206,0.25762224,0.3439634,0.7525128,0.51501286,0.53114307,0.60605454,0.56449205,0.27949202,0.25772122,0.6655285,0.5185259,0.61595035,0.3289712,0.32293475,0.71292955,0.12907538,0.1594556,0.37053373,0.7267837,0.5545962,0.23407018,0.32461703,0.51501286,0.37399724,0.6199087,0.50125766,0.9108462,0.6179295,0.47938788,0.18607536,0.38290352,0.5031378,0.5130337,0.40417954,0.41011703,0.17459619,0.5545962,0.63178366,0.48730457,0.7345025,0.4081379,0.4477212,0.6377212,0.26534098,0.6332681,0.7445962,0.24927017,0.10339569,0.3168488,0.33688787,0.4477212,0.69561183,0.60904807,0.68917954,0.86483055,0.29591915,0.6612733,0.528867,0.48092175,0.5031378,0.2220962,0.3705337,0.25574204,0.4417837,0.6890806,0.5545962,0.44658318,0.27553374,0.9527056,0.85701287,0.35069254,0.08553371,0.2304087,0.22803372,0.6359895,0.45167956,0.55063784,0.600117,0.52490866,0.6953644,0.5823045,0.62584615,0.74627846,0.2992837,0.93746597,0.17657536,0.32699206,0.2570285,0.08276288,0.1805337,0.7761639,0.5266405,0.5520826,0.9038201,0.6442524,0.67136705,0.5842837,0.19711912,0.7440024,0.56647116,0.26761702,0.16667953,0.51501286,0.39824206,0.92559093,0.5229295,0.441091,0.63178366,0.2755337,0.44618735,0.3315837,0.18201807,0.7978853,0.6179295,0.4892837,0.308091,0.76438785,0.8118878,0.3289712,0.46123892,0.7908098,0.6599868,0.37251288,0.56845033,0.37251288,0.31897643,0.4417837,0.29730454,0.71688783,0.671367
BC2026_Train_0008_S09_20250831_000000_45,0.12163225,0.35999995,0.25301996,0.31151918,0.24828482,0.5031347,0.20456997,0.17428872,0.18640122,0.28178716,0.2923856,0.18640122,0.16520435,0.28794438,0.48023036,0.36743265,0.103112936,0.2625348,0.1958938,0.11867662,0.2125485,0.42148912,0.14142393,0.33111295,0.20642546,0.29103482,0.73030293,0.12194726,0.40872854,0.46750975,0.5224847,0.58641183,0.50061494,0.581365,0.350891,0.6520212,0.69071394,0.46696913,0.7058546,0.5107087,0.44341704,0.7058546,0.46360454,0.58641183,0.43500558,0.43500558,0.35593784,0.36771393,0.34920868,0.33911493,0.46360454,0.46360454,0.46360454,0.68398476,0.52753156,0.546092,0.9615098,0.27411297,0.28533486,0.086235605,0.14528406,0.41305044,0.27144107,0.18059734,0.64342546,0.3328942,0.25095668,0.09328639,0.9247962,0.41050974,0.8934265,0.8910333,0.6647759,0.4431092,0.5262342,0.9008756,0.6588384,0.4816436,0.7340467,0.35226548,0.39120558,0.8898072,0.102692544,0.38175502,0.2808175,0.62123424,0.32831755,0.26092693,0.6924842,0.5262342,0.8556665,0.21154672,0.57175505,0.7141066,0.25093213,0.77165085,0.20165087,0.525205,0.5183175,0.55394256,0.8330051,0.31117797,0.45658243,0.14425504,0.121494636,0.5187628,0.91019255,0.81855714,0.6432525,0.61925507,0.5519634,0.3302967,0.31842172,0.60738003,0.5973853,0.6568593,0.34415087,0.5499842,0.7657134,0.2827967,0.17893994,0.48467168,0.9438384,0.6529009,0.087848805,0.4040207,0.78946346,0.30669516,0.7241509,0.7518592,0.8884217,0.71227586,0.4985259,0.28151023,0.34207276,0.62717175,0.6331093,0.48467168,0.6845676,0.17196338,0.6251926,0.7063384,0.60342175,0.8382499,0.66081756,0.429255,0.61925507,0.33202848,0.6451326,0.85873425,0.42052692,0.12307796,0.5306453,0.2768592,0.58956754,0.81924987,0.616227,0.9121717,0.86104995,0.33841133,0.66733396,0.47081754,0.533953,0.4609217,0.22144254,0.54602593,0.38175505,0.37779668,0.78233844,0.51238,0.5911014,0.3500884,0.975802,0.83943737,0.3989738,0.14623421,0.3871978,0.2808175,0.7490884,0.26696336,0.56185925,0.59748423,0.48467168,0.87223464,0.8563593,0.6410259,0.845078,0.30466652,0.93443733,0.1996717,0.39165086,0.25800768,0.1156561,0.29665086,0.92404675,0.6952551,0.7199749,0.85061973,0.95304155,0.80331755,0.5757134,0.30108422,0.9628384,0.690505,0.2887342,0.1996717,0.39758837,0.4431092,0.96838003,0.49060923,0.4218332,0.7518592,0.26102588,0.7084165,0.3756592,0.23173422,0.8002697,0.97352594,0.5499842,0.52074206,0.7736301,0.8025259,0.4727967,0.6072613,0.85356367,0.64483577,0.39363006,0.7380051,0.5638384,0.30001545,0.48071337,0.36196336,0.809255,0.8389425
BC2026_Train_0008_S09_20250831_000000_50,0.09816462,0.35625,0.2769034,0.30503228,0.24001665,0.7055059,0.2314815,0.20271431,0.2314815,0.3692612,0.30567056,0.22542526,0.11187059,0.2941518,0.40316433,0.40846354,0.11443854,0.27920416,0.21049245,0.16507058,0.15447213,0.4300315,0.23076878,0.35134476,0.18925104,0.32907918,0.7370151,0.123432934,0.5907142,0.66592246,0.5081965,0.6680142,0.4695038,0.5603475,0.31641528,0.67979026,0.678108,0.46109235,0.6596027,0.5250194,0.42071733,0.6596027,0.4947382,0.6680142,0.44090483,0.44090483,0.3685663,0.37697774,0.3702486,0.34669653,0.4947382,0.4947382,0.4947382,0.6579205,0.49810275,0.60663754,0.9410266,0.31215727,0.3185698,0.14823775,0.18911743,0.26050103,0.28352368,0.16088465,0.73312604,0.3940948,0.20706353,0.102029175,0.8954069,0.4529642,0.8392975,0.88122183,0.6122251,0.87941253,0.44795427,0.90824413,0.52712095,0.36552197,0.6280584,0.39110273,0.40282923,0.79133964,0.081808425,0.40243343,0.3628501,0.4400376,0.28368345,0.22287355,0.48753762,0.45982924,0.84764695,0.19264176,0.68941253,0.64047766,0.14815998,0.8160792,0.23618343,0.47764176,0.40243343,0.5033709,0.6993084,0.24673241,0.3579665,0.16295426,0.08052197,0.42603502,0.73097503,0.57066256,0.5404308,0.65774584,0.49545428,0.26191258,0.22232926,0.4079751,0.44854802,0.5488918,0.3212876,0.38857928,0.58847505,0.19462094,0.16300376,0.33712092,0.70128757,0.5983709,0.043511555,0.29031366,0.8576417,0.2819022,0.6082667,0.72503763,0.7072251,0.74087095,0.5033709,0.22282405,0.3590897,0.5152459,0.60430837,0.36482927,0.7151417,0.26191258,0.7131626,0.5607667,0.5073292,0.7194959,0.82597506,0.4162876,0.5330584,0.30995688,0.60178494,0.9139491,0.27196676,0.10570686,0.38973707,0.2144126,0.5033709,0.65418345,0.602725,0.6260792,0.8896103,0.29451936,0.69337094,0.3450376,0.554285,0.39451677,0.1669126,0.40441257,0.26389176,0.3707668,0.678824,0.48357928,0.55893606,0.30347508,0.93710536,0.81221986,0.37655583,0.08576676,0.25330323,0.2262876,0.59535265,0.16097511,0.5192042,0.5033709,0.4044126,0.73931736,0.771746,0.6973292,0.7503709,0.2514725,0.9055376,0.20451677,0.28368345,0.20842561,0.16275634,0.19857925,0.7646209,0.51628494,0.5461803,0.74601674,0.95848024,0.53899586,0.44795427,0.2854251,0.6320167,0.68743336,0.30347508,0.1847251,0.47962093,0.3747251,0.9133553,0.46576676,0.42351156,0.69139177,0.29951677,0.45527717,0.45935428,0.16780324,0.6784282,0.97441256,0.39055842,0.42974594,0.71910006,0.70237607,0.41826674,0.4065501,0.86723584,0.598173,0.33514178,0.8437875,0.41826674,0.19590738,0.5449334,0.44201672,0.75274587,0.5152459
BC2026_Train_0008_S09_20250831_000000_55,0.09494773,0.285,0.1587231,0.23503484,0.22880045,0.3491764,0.31467152,0.20111686,0.2071731,0.3585793,0.33738247,0.10724497,0.13904029,0.2580426,0.3004364,0.3314747,0.083628565,0.25373793,0.22612856,0.04444107,0.06109576,0.3305989,0.081093565,0.33834732,0.08540982,0.2626442,0.7305142,0.11583267,0.35808265,0.6521869,0.54937625,0.55105853,0.44843876,0.5611523,0.35759506,0.5796575,0.6923711,0.47199085,0.6940533,0.5022721,0.43498042,0.6940533,0.47535545,0.55105853,0.386194,0.386194,0.3374075,0.32563147,0.3088086,0.30880857,0.47535545,0.47535545,0.47535545,0.6906888,0.4888138,0.39733636,0.9253118,0.4095973,0.2724411,0.050630916,0.14601685,0.3134098,0.15866372,0.12081216,0.5784202,0.37219107,0.17803481,0.07317856,0.71947855,0.3812389,0.7819212,0.87266123,0.53017634,0.36986384,0.4490305,0.86697614,0.538093,0.31504095,0.751843,0.30618417,0.2179628,0.6335878,0.033405516,0.30257216,0.23528051,0.62319714,0.31642634,0.20618677,0.5400722,0.3441347,0.896916,0.17788467,0.5836139,0.50133,0.14720762,0.5281971,0.15413469,0.54331803,0.264968,0.35798883,0.70236385,0.22441491,0.40653288,0.21841803,0.19960603,0.23359823,0.597468,0.4134055,0.46921802,0.72017634,0.4945513,0.18580136,0.21548885,0.53809303,0.23735866,0.6251763,0.28871801,0.22954094,0.5103847,0.088822186,0.111978434,0.31444716,0.57965547,0.48861384,0.0868925,0.3333977,0.65288466,0.37614772,0.633093,0.47852013,0.35205135,0.5969732,0.57767636,0.14413989,0.34937948,0.478718,0.42725965,0.32236382,0.3441347,0.20757216,0.5954888,0.621218,0.31048885,0.6689159,0.6588222,0.45694718,0.6627805,0.22696802,0.60058516,0.72611386,0.17562842,0.08575448,0.2616826,0.24517635,0.43715551,0.63150966,0.6161712,0.4688222,0.7952461,0.18085343,0.6830373,0.36392632,0.39198104,0.47673884,0.112572186,0.22934303,0.19767636,0.29861382,0.7180982,0.5420513,0.37154615,0.22934303,0.8097336,0.86059827,0.36501488,0.19173884,0.16685084,0.253093,0.5861373,0.15017635,0.5559055,0.53017634,0.25111386,0.6506284,0.50444716,0.64694715,0.6998899,0.2802076,0.88108265,0.22736385,0.22538468,0.17254093,0.09535345,0.12048885,0.6825722,0.41286126,0.3657274,0.8805878,0.86099404,0.33423886,0.67861384,0.14702946,0.30850965,0.65684307,0.20163468,0.16403052,0.33028048,0.40548885,0.8994888,0.45298883,0.58658266,0.656843,0.29861382,0.32820237,0.42773467,0.18619719,0.73056704,0.83425546,0.5103847,0.26843154,0.7340305,0.72819203,0.26892635,0.40610236,0.6796728,0.6268091,0.32236382,0.5420513,0.27882218,0.17273885,0.48861384,0.22934303,0.6944472,0.5202805
BC2026_Train_0008_S09_20250831_000000_60,0.09578311,0.30375,0.17778003,0.21944642,0.23458704,0.40683985,0.16869566,0.17475191,0.2307722,0.32918626,0.33675656,0.079365954,0.16869566,0.2613058,0.30369955,0.3286816,0.11079018,0.24527454,0.17538276,0.040631194,0.132989,0.36312655,0.06609561,0.3851027,0.14463392,0.27733704,0.8126769,0.09512109,0.3658711,0.75576687,0.5217037,0.56544334,0.49142253,0.62264127,0.4123548,0.6461933,0.6815215,0.4779642,0.6932975,0.5132923,0.4359069,0.6932975,0.50992763,0.56544334,0.459459,0.459459,0.35347465,0.34001628,0.32655793,0.3130996,0.50992763,0.50992763,0.50992763,0.6865683,0.5200215,0.45813394,0.94378775,0.42607144,0.34974486,0.04920346,0.124906585,0.30850893,0.20831361,0.16289175,0.44566518,0.43854016,0.22122768,0.08012299,0.6990638,0.3801211,0.74280334,0.7578143,0.5199069,0.15574023,0.4130319,0.8602865,0.5396986,0.38205793,0.6208444,0.2423288,0.22966212,0.5944225,0.0449069,0.34574023,0.20126107,0.57730275,0.30813605,0.3204564,0.56938607,0.3536569,0.87793815,0.1458444,0.46251106,0.4602845,0.11427669,0.61094856,0.19334441,0.4963152,0.28042775,0.43084437,0.6821986,0.29182774,0.4729388,0.1874069,0.16637826,0.27562827,0.5436569,0.44469857,0.5543939,0.71584445,0.5891777,0.1695944,0.20126107,0.46547982,0.35420117,0.6069902,0.2586569,0.20338866,0.50803185,0.12605274,0.07701888,0.30417776,0.57334435,0.5199069,0.10749805,0.24475324,0.6208444,0.27171943,0.5278235,0.3396543,0.61094856,0.7225736,0.3714694,0.17869857,0.44281837,0.48428193,0.3536569,0.26657355,0.32396942,0.22501108,0.5159486,0.57136524,0.32792774,0.67636,0.72771937,0.45459437,0.55355275,0.24989909,0.5696335,0.71188605,0.26995793,0.09616731,0.32841513,0.1992819,0.5159486,0.53574026,0.55869853,0.42886525,0.7633444,0.20512041,0.6304434,0.5317819,0.39373502,0.39719856,0.1161569,0.38532355,0.18542773,0.3932402,0.5849225,0.38334438,0.51283133,0.2883444,0.7936257,0.8085684,0.3855215,0.058761064,0.13203973,0.36355272,0.5830918,0.14386523,0.5416777,0.4664694,0.32990688,0.7152581,0.6920944,0.7000111,0.63964653,0.32550323,0.849834,0.15376106,0.22501105,0.21664909,0.058761064,0.1458444,0.7316778,0.51411784,0.46173918,0.77017254,0.50605273,0.4011569,0.48230276,0.17743191,0.37938607,0.5001152,0.16167775,0.1339694,0.36553192,0.48428193,0.74612564,0.46449023,0.44905275,0.71782357,0.29230273,0.38280016,0.5136527,0.17315692,0.7555267,0.5020944,0.48824024,0.32723504,0.7039694,0.6656725,0.32990688,0.41295275,0.62707883,0.6216361,0.25469857,0.48824024,0.38334438,0.20393294,0.3793861,0.29626107,0.6723028,0.4981361
BC2026_Train_0009_S09_20250828_000000_5,0.59115297,0.61041665,0.3128277,0.58252144,0.4029121,0.7659945,0.6344819,0.42941052,0.3370527,0.5570964,0.55628896,0.29465893,0.3340246,0.47219384,0.4949048,0.60736597,0.21855271,0.5914277,0.27472892,0.23233515,0.46247265,0.7567054,0.43677798,0.8398132,0.5924173,0.5696569,0.85937333,0.5740153,0.75103205,0.5641195,0.68679684,0.8137088,0.6666092,0.7608176,0.5740832,0.757453,0.77595824,0.60941136,0.7524062,0.68006766,0.5875416,0.7524062,0.6783853,0.8137088,0.5656718,0.5656718,0.53202593,0.5067916,0.57744783,0.57071865,0.6783853,0.6783853,0.6783853,0.7624999,0.67502075,0.57792586,0.8784903,0.23458397,0.48146525,0.2505707,0.44285664,0.6498131,0.2527082,0.35717845,0.8972089,0.81210476,0.44655272,0.2613496,0.96153617,0.47565076,0.7382862,0.7673978,0.78993845,0.6850426,0.65733427,0.8449593,0.59202176,0.79409474,0.9468864,0.8926572,0.44368327,0.5979593,0.285251,0.87108433,0.27733427,0.7048343,0.6375426,0.48918185,0.843376,0.5801468,0.36441764,0.6335843,0.9164072,0.9556863,0.52372074,0.722251,0.34858432,0.78970104,0.5128551,0.81170934,0.7919176,0.7020833,0.61616766,0.47533014,0.34536818,0.8741916,0.6276468,0.64150095,0.79410714,0.795876,0.6197301,0.75431347,0.69098014,0.55095404,0.39910254,0.73254263,0.4495218,0.9246713,0.4475426,0.71473014,0.48104006,0.65139675,0.6890009,0.95579267,0.28648794,0.6936025,0.73175097,0.45953143,0.59598017,0.9286078,0.6335843,0.46535513,0.88889676,0.69919366,0.59993845,0.4772301,0.89137083,0.49900097,0.8995843,0.48316762,0.9492614,0.78598017,0.5069176,0.73848015,0.819626,0.53462595,0.7859801,0.7684522,0.925321,0.65139675,0.52544266,0.7295591,0.6063708,0.47723016,0.6335843,0.8970114,0.8226937,0.570251,0.9150417,0.9160312,0.78996325,0.30504262,0.84555304,0.5366052,0.69098014,0.8726677,0.7919176,0.6217093,0.6434801,0.82374257,0.95426875,0.7699489,0.6711885,0.7463968,0.8538805,0.41587597,0.6784619,0.2892093,0.7195791,0.45348012,0.93896973,0.8249697,0.6137926,0.79142284,0.74837595,0.8671259,0.7523343,0.7816483,0.74837595,0.5544176,0.5286885,0.6139411,0.5110739,0.4435843,0.8832562,0.5950895,0.7441406,0.8097302,0.8968136,0.87108433,0.47525096,0.42786977,0.570251,0.8987926,0.72066766,0.65931344,0.5069176,0.49900094,0.5267093,0.7760843,0.6221051,0.9132405,0.6949385,0.54546195,0.39180928,0.5043447,0.7352145,0.83150095,0.76381344,0.534527,0.7087926,0.46683952,0.79785514,0.75255203,0.9008263,0.81971014,0.6890009,0.94342285,0.55837595,0.5679749,0.84584993,0.9714281,0.5959801,0.5860843
BC2026_Train_0009_S09_20250828_000000_10,0.62851363,0.6583333,0.32993746,0.38654354,0.35002798,0.7899607,0.6426756,0.6510869,0.36324686,0.5770661,0.59092826,0.25272027,0.46620306,0.48187906,0.47885093,0.5546382,0.1487467,0.6060332,0.35229164,0.21148382,0.27810258,0.63878596,0.63049275,0.4862936,0.56348115,0.5981165,0.8073185,0.7761064,0.7869524,0.5960023,0.72104865,0.8150552,0.6890852,0.7546945,0.67394453,0.79170495,0.7832935,0.62011117,0.70759034,0.77992886,0.6251581,0.70759034,0.7109549,0.8150552,0.5578664,0.5578664,0.630205,0.5696425,0.6470279,0.6588039,0.7109549,0.7109549,0.7109549,0.7143195,0.73282474,0.5924898,0.8730856,0.28501233,0.6085764,0.28288475,0.40552378,0.47916856,0.21732484,0.27788737,0.7811103,0.7901947,0.38476235,0.29662806,0.9136586,0.57423145,0.7503773,0.8119824,0.78151804,0.61378366,0.80922633,0.7705831,0.6113097,0.78755444,0.9112525,0.8049712,0.47068995,0.4925597,0.47276807,0.615268,0.38568473,0.87453884,0.61922634,0.7327687,0.79735136,0.6311013,0.4173514,0.6014139,0.76766384,0.89108723,0.42116132,0.38964307,0.6865181,0.7795388,0.3936014,0.96360135,0.7775597,0.53691286,0.75880706,0.4769639,0.39444256,0.70838296,0.6687055,0.5281847,0.88631004,0.88314825,0.72214305,0.80922633,0.7591139,0.6362472,0.38395295,0.7953722,0.59349716,0.7732056,0.4232889,0.852768,0.6173818,0.7280806,0.92203885,0.9452347,0.4264061,0.70660657,0.81803364,0.5906027,0.6944347,0.74628884,0.64297634,0.3579764,0.78460544,0.73619515,0.71432537,0.43516392,0.85158056,0.674643,0.7658826,0.59745556,0.8448514,0.74589306,0.639018,0.7953721,0.757768,0.47870556,0.79141384,0.8918615,0.92498535,0.7755805,0.51167846,0.7674091,0.76028407,0.7637055,0.627143,0.98309624,0.750544,0.7201638,0.9116285,0.75593734,0.7919334,0.4589139,0.8016066,0.7676639,0.7201638,0.6766222,0.75578886,0.7241222,0.73213786,0.8494035,0.9561845,0.7823097,0.85965544,0.7478722,0.8329343,0.4648514,0.57538784,0.39953887,0.84213,0.52422637,0.9533097,0.8356483,0.6231847,0.8560906,0.6845388,0.82901806,0.84683055,0.8980538,0.6786014,0.66672635,0.50245553,0.9105043,0.79818267,0.66474724,0.97458583,0.6991353,0.7640223,0.94707537,0.85999197,0.81714296,0.5598514,0.4645743,0.65287215,0.8547471,0.73995554,0.83099717,0.4886014,0.5855805,0.65287215,0.64297634,0.7965003,0.91689306,0.59349716,0.5437706,0.47134307,0.67941284,0.79260135,0.47672638,0.8082368,0.5817212,0.7379763,0.49325246,0.8547472,0.82290244,0.9165913,0.8269647,0.67068475,0.9149139,0.54203886,0.76142955,0.8499972,0.9125389,0.7775597,0.50245553
BC2026_Train_0009_S09_20250828_000000_15,0.6378333,0.6625,0.35121977,0.20951243,0.3724968,0.66785157,0.6212276,0.5758057,0.38907138,0.58421725,0.61806494,0.2618901,0.37847292,0.4607815,0.45321122,0.46002448,0.20060617,0.65336037,0.27575272,0.1667402,0.23487298,0.43321517,0.39835414,0.6637312,0.59643954,0.5756583,0.7790711,0.61837244,0.7628516,0.58670574,0.7856138,0.85963464,0.68972313,0.72673357,0.70318145,0.76879084,0.8478586,0.72841585,0.82767105,0.68131167,0.7435565,0.82767105,0.7654263,0.85963464,0.58205646,0.58205646,0.6712179,0.6257961,0.69308776,0.7200044,0.7654263,0.7654263,0.7654263,0.7620617,0.6779471,0.6334688,0.887539,0.25938743,0.6236531,0.35162657,0.46669528,0.46601245,0.15291323,0.27858043,0.64789784,0.85284066,0.43929368,0.24902056,0.9013933,0.5708724,0.8439974,0.79141665,0.7985283,0.54717416,0.7213408,0.7182509,0.6936325,0.7886127,0.9481533,0.81040335,0.29240593,0.64613247,0.4719658,0.60654914,0.36311164,0.90144503,0.71936166,0.7356947,0.8673044,0.67581993,0.402695,0.758945,0.76290333,0.88070333,0.44139513,0.32748666,0.65602833,0.78071576,0.41456997,0.7015491,0.9313304,0.64514,0.8626756,0.63900745,0.45004657,0.73744386,0.7490491,0.46009082,0.8515527,0.8622575,0.77873665,0.7173825,0.77873665,0.8708075,0.43406478,0.80446583,0.6599866,0.85874444,0.43831995,0.79456997,0.67346233,0.76488245,0.85562736,0.90413666,0.44836426,0.63737464,0.8376169,0.59081477,0.7609241,0.82341635,0.6382158,0.4719658,0.6184241,0.7784398,0.7818044,0.6006116,0.90550226,0.76488245,0.92371064,0.711445,0.7431116,0.7272783,0.55904907,0.77081996,0.84800744,0.4957158,0.73717415,0.9567801,0.9372284,0.8361325,0.5391556,0.79032713,0.8208236,0.66394496,0.6580075,0.94746065,0.75631267,0.6718617,0.95992446,0.8351355,0.81592023,0.47196582,0.87769496,0.7411325,0.82029915,0.7312367,0.7431116,0.81238246,0.7522059,0.8163408,0.9648056,0.74707,0.76488245,0.85196584,0.8016826,0.47592413,0.6054111,0.4660283,0.7618791,0.66394496,0.96230435,0.9578513,0.78378356,0.93892056,0.6421742,0.7767575,0.9673513,0.8310806,0.6441533,0.8598825,0.62436163,0.9383392,0.56399703,0.63227826,0.8740336,0.817563,0.86880064,0.8958044,0.79664814,0.8836325,0.6679033,0.55766076,0.86107004,0.85592407,0.7589449,0.79456997,0.61446583,0.52144504,0.90342414,0.65602833,0.7524137,0.8696794,0.71975744,0.49799186,0.5222367,0.7961533,0.8878679,0.5531117,0.8378148,0.25371322,0.82029915,0.78820693,0.6936325,0.86720246,0.9675789,0.8162419,0.7569658,0.91925746,0.7569658,0.7027367,0.8820492,0.8348461,0.68967414,0.592695
BC2026_Train_0009_S09_20250828_000000_20,0.5881411,0.6375,0.27312398,0.20129508,0.31084198,0.69211066,0.43058646,0.4215021,0.30037713,0.4124177,0.4578396,0.16259743,0.27918023,0.4410751,0.45470166,0.45394462,0.15409197,0.5905972,0.21036461,0.1346615,0.26638493,0.5567485,0.33084947,0.5975243,0.5638785,0.4373107,0.7538131,0.63075644,0.672319,0.4233398,0.73155445,0.83101153,0.5549138,0.7231429,0.6373461,0.75174195,0.87791383,0.71641386,0.7080023,0.6979086,0.61547637,0.7080023,0.7500596,0.83101153,0.52631485,0.52631485,0.62220544,0.51453876,0.6575336,0.67099196,0.7500596,0.7500596,0.7500596,0.6693097,0.72482526,0.56177956,0.8880482,0.22267008,0.57411075,0.2785321,0.38754457,0.38120133,0.17858414,0.28456855,0.6588784,0.7863368,0.34201384,0.20423417,0.86053777,0.5634648,0.8737982,0.81000566,0.8299046,0.8329723,0.7428212,0.80606306,0.6775088,0.8406673,0.91936296,0.7336182,0.29780564,0.61219627,0.45584208,0.66365457,0.2955296,0.8299046,0.63000876,0.6450603,0.909764,0.62605035,0.54094625,0.66365457,0.86877537,0.7790672,0.3192301,0.50730044,0.6537587,0.74875873,0.46375874,0.6280296,0.9528109,0.59352875,0.91717845,0.73347956,0.5595108,0.7647801,0.76261294,0.5251129,0.8030993,0.8679046,0.69927955,0.6102171,0.6834462,0.8680135,0.44010773,0.82792544,0.5607379,0.8435609,0.5508421,0.7566754,0.5711162,0.74875873,0.940639,0.8800963,0.3751317,0.6314437,0.82169104,0.5295661,0.7566754,0.7291651,0.43209207,0.7428212,0.68740463,0.7825036,0.8043733,0.3964671,0.95261294,0.7368837,0.92955565,0.61615455,0.8279254,0.77250874,0.7408421,0.70521706,0.7507379,0.5270921,0.6933421,0.87838185,0.8982577,0.81209207,0.5800705,0.80792844,0.907394,0.6834462,0.5904254,0.81001395,0.78474784,0.58250874,0.91581523,0.74485,0.87897307,0.44792542,0.7638994,0.8021962,0.7428212,0.6438629,0.6082379,0.8180295,0.72409344,0.7843838,0.9239249,0.7349046,0.6794879,0.9308421,0.81120884,0.6260504,0.60284466,0.4004254,0.7759278,0.5449046,0.9147119,0.9555816,0.6834462,0.92875904,0.76459205,0.8730504,0.94825876,0.8829364,0.7467796,0.76063377,0.8061546,0.84575033,0.5779567,0.5844879,0.82792544,0.92682934,0.8923038,0.9055088,0.7756754,0.8543671,0.6042796,0.51782566,0.92163897,0.8756234,0.78834206,0.69927955,0.52115464,0.6339671,0.93390983,0.669592,0.7545973,0.871764,0.61219627,0.5982431,0.51418793,0.79497224,0.94496936,0.37667543,0.8435608,0.23387855,0.8635504,0.8337788,0.6596962,0.86437774,0.902441,0.8492015,0.7764671,0.89996713,0.7665713,0.72867024,0.9088733,0.8833421,0.5864671,0.62209207
BC2026_Train_0009_S09_20250828_000000_25,0.57582664,0.60833335,0.40397692,0.27298772,0.27209714,0.84165925,0.45999727,0.53906494,0.37520972,0.5441118,0.61517185,0.2434863,0.2949644,0.46486107,0.4557767,0.47016028,0.146519,0.56709194,0.21609166,0.18126823,0.2902807,0.54245627,0.32645166,0.71256065,0.55422735,0.4430971,0.74386925,0.69144046,0.82459885,0.43197176,0.71119773,0.9063436,0.6624113,0.7818539,0.6573643,0.8356873,0.8239112,0.71456224,0.7313852,0.7229737,0.6825987,0.7313852,0.7616665,0.9063436,0.59175503,0.59175503,0.6472706,0.60857785,0.696057,0.72802055,0.7616665,0.7616665,0.7616665,0.7229737,0.6708226,0.65487593,0.90716964,0.27833152,0.6014503,0.27188933,0.43843618,0.46180025,0.20476587,0.31983465,0.6828732,0.8363576,0.42261276,0.2995066,0.9313155,0.60039884,0.9019249,0.8137225,0.8667224,0.7678432,0.7975307,0.82909846,0.58773905,0.78714013,0.9667495,0.92993695,0.3983328,0.80346817,0.60357237,0.92023903,0.38388488,0.61940575,0.56992656,0.8062193,0.95754635,0.6035724,0.47096822,0.72034323,0.95398384,0.85873055,0.50806767,0.52440566,0.7005515,0.7518515,0.41159323,0.69461405,0.9174682,0.8465082,0.872838,0.62898487,0.5037789,0.75274956,0.7243015,0.5501349,0.88866395,0.8259317,0.78367656,0.84898907,0.66690576,0.7868669,0.37166354,0.8094057,0.5837807,0.9107812,0.4432599,0.70055157,0.4828556,0.6589891,0.79357237,0.88493073,0.40997428,0.6060464,0.8504734,0.45271042,0.8390932,0.9258377,0.48086405,0.5976349,0.8695724,0.76656663,0.91477656,0.4848224,0.84297234,0.8074266,0.96229637,0.62336403,0.9216244,0.789614,0.66294736,0.78169733,0.81138486,0.5125307,0.76784325,0.92895484,0.92427266,0.84305155,0.5958467,0.7671184,0.8730359,0.74211407,0.62336403,0.8470099,0.8291974,0.5105515,0.94009507,0.9060979,0.85497105,0.44128072,0.95012444,0.9222182,0.8074266,0.8744213,0.6847182,0.77773905,0.6876117,0.8885724,0.9405775,0.825239,0.6926348,0.8470099,0.8183442,0.45909324,0.58922344,0.38388488,0.85185885,0.63919735,0.963187,0.939239,0.7322182,0.87640053,0.60555154,0.93607235,0.96041614,0.88225883,0.7559682,0.7698224,0.68075985,0.931607,0.6885776,0.57982236,0.6886766,0.7946609,0.93154806,0.8685828,0.8831297,0.8819223,0.53825986,0.7489353,0.83513486,0.82632756,0.777739,0.7638849,0.56398904,0.5540932,0.9143015,0.8509682,0.7154942,0.858687,0.77425563,0.59204376,0.8371141,0.86185366,0.90490055,0.9281557,0.8578954,0.40506196,0.6985724,0.73848426,0.7797182,0.9272582,0.9051875,0.7841218,0.78763485,0.92746305,0.78763485,0.6975927,0.9579422,0.8241505,0.68075985,0.66294736
BC2026_Train_0009_S09_20250828_000000_30,0.54000074,0.57916665,0.31025356,0.3139348,0.28454417,0.8955889,0.46620196,0.46468794,0.3526473,0.45257542,0.5282786,0.2572614,0.2769442,0.35898557,0.43468875,0.56346816,0.11977856,0.43416917,0.3160278,0.11162936,0.2221559,0.45986375,0.27875075,0.38874727,0.44574732,0.4662317,0.762988,0.7897034,0.7105368,0.5078701,0.66446656,0.7620395,0.6981123,0.6543728,0.54502386,0.7267114,0.8074613,0.6341853,0.6661489,0.62913835,0.56521136,0.6661489,0.672878,0.7620395,0.46763843,0.46763843,0.568576,0.50464886,0.62072706,0.6325031,0.672878,0.672878,0.672878,0.6526905,0.6325031,0.6736583,0.8790034,0.2515911,0.46204576,0.19027156,0.3295653,0.64148694,0.134652,0.28303012,0.7780494,0.7479661,0.422591,0.31328166,0.9605055,0.50608873,0.7699117,0.7205007,0.8658258,0.68485075,0.57203823,0.86272836,0.5383924,0.7986529,0.9609445,0.9489607,0.50662684,0.4869341,0.34839243,0.8498144,0.29297578,0.6749549,0.6393299,0.53998566,0.9093873,0.70860076,0.31276742,0.7719341,0.94610083,0.8396464,0.4988858,0.7086008,0.39985076,0.8170591,0.5878716,0.8023341,0.8582258,0.66131854,0.77020234,0.29487577,0.46857536,0.8594653,0.6690174,0.68485075,0.898962,0.90166855,0.86044246,0.7283924,0.7382883,0.6744601,0.36679867,0.85901743,0.58589244,0.94280654,0.4374549,0.6056841,0.43101868,0.6848507,0.7541216,0.9297726,0.43815956,0.5919289,0.8779184,0.631908,0.72641325,0.9480889,0.6848507,0.52255905,0.88055074,0.64405024,0.83027995,0.35432994,0.8768299,0.6769341,0.9687623,0.46714243,0.93046534,0.8036008,0.45328826,0.79869246,0.746205,0.5641216,0.67099667,0.94791675,0.88927394,0.87287164,0.46112576,0.736032,0.66748357,0.60964245,0.6452674,0.9420435,0.80369973,0.44339246,0.9214997,0.9259356,0.79129034,0.39787158,0.94997007,0.76599663,0.8530799,0.87485075,0.72443414,0.48891327,0.68960077,0.8253716,0.95426244,0.7847987,0.65120494,0.7521424,0.8349508,0.36620495,0.54818934,0.30089244,0.6548664,0.5542258,0.9136424,0.79568404,0.6492258,0.8071138,0.8115174,0.8867258,0.88157994,0.8720701,0.7026633,0.7620383,0.51266325,0.82911617,0.60993934,0.50474656,0.6967258,0.58421016,0.81608933,0.93640286,0.8991946,0.95401746,0.5700591,0.44262058,0.79235905,0.8233924,0.72641325,0.86495495,0.4374549,0.4236008,0.62745494,0.77589244,0.7815331,0.8346737,0.68485075,0.57540286,0.89266324,0.77985084,0.77678305,0.9738091,0.86327267,0.55036646,0.66110075,0.54997057,0.74224657,0.81945395,0.8891998,0.88425183,0.78182995,0.93877786,0.8075591,0.7062951,0.9397674,0.86129355,0.5502674,0.6037049
BC2026_Train_0009_S09_20250828_000000_35,0.56130433,0.48937497,0.3136854,0.26815996,0.36701933,0.68682057,0.5448323,0.5448323,0.37273386,0.41664165,0.5304319,0.3182276,0.3818182,0.4276412,0.43369746,0.65214306,0.23609743,0.4738943,0.31608298,0.16164862,0.29337204,0.69123405,0.4009918,0.5963058,0.65765995,0.55177456,0.9020476,0.69671637,0.7848289,0.44516432,0.7052016,0.83137345,0.68501407,0.62445164,0.6025818,0.75903493,0.839785,0.6261339,0.6732381,0.5958527,0.61940473,0.6732381,0.7169776,0.83137345,0.5100558,0.5100558,0.5891235,0.57734746,0.59080577,0.6429568,0.7169776,0.7169776,0.7169776,0.7068839,0.64463913,0.6327967,0.8312997,0.2948787,0.4471756,0.31772324,0.42522168,0.38215995,0.18154666,0.310242,0.7684933,0.79303503,0.3696912,0.26826352,0.8884977,0.36322683,0.69473726,0.7366586,0.94555265,0.4369068,0.55169845,0.7476855,0.6110735,0.7575319,0.8600527,0.7676256,0.51355004,0.5437818,0.25086513,0.7728704,0.24096929,0.82878184,0.74763596,0.55408835,0.91754746,0.7931568,0.41711515,0.71399015,0.74565685,0.7300882,0.47812295,0.6922193,0.3399276,0.7432027,0.5002401,0.9237818,0.89053184,0.72822034,0.7258157,0.3552068,0.5161962,0.67631173,0.7298235,0.6447193,0.9050787,0.9726673,0.96940166,0.6902401,0.67242765,0.73566204,0.51261,0.82878184,0.66846925,0.67198235,0.52399015,0.6466984,0.35778964,0.7258651,0.83274007,0.9552506,0.42696744,0.8654656,0.7909797,0.6992454,0.81492764,0.7342271,0.41513598,0.46263593,0.64867765,0.6635213,0.81492764,0.5774276,0.8386776,0.70607346,0.74763596,0.5299277,0.90319854,0.80305266,0.5002401,0.87826097,0.6150318,0.5714901,0.8386776,0.76040167,0.91253275,0.7930579,0.5498975,0.9344372,0.55372715,0.6209693,0.64867765,0.9132923,0.6801464,0.42899013,0.871522,0.83308655,0.8253431,0.45669848,0.7474381,0.75555265,0.8366985,0.6486777,0.62492764,0.5160734,0.77435476,0.90399015,0.8773457,0.7707923,0.7931568,0.8723235,0.9722047,0.48440677,0.8281188,0.36763597,0.77299654,0.39930266,0.9592089,0.7971152,0.5279485,0.801024,0.78919846,0.85451096,0.67440677,0.91763157,0.68628186,0.5615943,0.6308651,0.6050865,0.56040686,0.47649014,0.913886,0.72395766,0.79719436,0.961287,0.87004745,0.74961513,0.58138597,0.37493908,0.68232346,0.87588596,0.80206305,0.7951359,0.39138597,0.6150318,0.5398235,0.69617766,0.82620883,0.8637141,0.6308651,0.5630787,0.7159693,0.61087555,0.80127144,0.6835109,0.9614849,0.55224276,0.72784436,0.5270578,0.88396096,0.8089704,0.86201704,0.8910267,0.75951093,0.9076516,0.68232346,0.79810476,0.7888027,0.9126985,0.52596927,0.7060734
BC2026_Train_0009_S09_20250828_000000_40,0.55579257,0.55625,0.33662194,0.33601996,0.33334804,0.758041,0.56844175,0.60713446,0.40475473,0.46531725,0.4698594,0.22609536,0.4380641,0.4334009,0.44097117,0.6691741,0.16947305,0.48653558,0.33815002,0.17311719,0.31543908,0.6953006,0.31235507,0.67564493,0.48920745,0.43131682,0.83555275,0.6115827,0.7540827,0.45225978,0.69872403,0.84171885,0.6903126,0.62133867,0.54395324,0.7542397,0.80807304,0.6398439,0.6802189,0.6701251,0.59778655,0.6802189,0.72900534,0.84171885,0.5691876,0.5691876,0.6314324,0.606198,0.60619795,0.6398439,0.72900534,0.72900534,0.72900534,0.6701251,0.69199485,0.50304776,0.79762435,0.33958244,0.55542046,0.28894547,0.645423,0.38589492,0.18399024,0.33842462,0.7468949,0.775395,0.3912387,0.27076024,0.8046504,0.39882228,0.8094993,0.80724573,0.877716,0.5986535,0.5511535,0.78281504,0.64417434,0.64001817,0.6857369,0.70315355,0.5114218,0.5471952,0.31365353,0.77479935,0.46209103,0.64813274,0.67584103,0.64199233,0.91621083,0.58677846,0.63032013,0.70948684,0.8025077,0.7793,0.40736705,0.85000765,0.6936535,0.73917437,0.48584104,0.8361535,0.8300181,0.8476129,0.80636704,0.4202119,0.43918222,0.72764575,0.63229936,0.46209103,0.77123684,0.98231506,0.85733056,0.64219517,0.9351118,0.51691395,0.3869322,0.81240356,0.5313619,0.65649474,0.533341,0.53532016,0.3254296,0.6461535,0.69761187,0.8715806,0.4038541,0.9256168,0.963216,0.61132014,0.72334105,0.6615415,0.3235494,0.5729243,0.57688266,0.6709921,0.7382837,0.6144868,0.73917437,0.8143827,0.7550077,0.45021605,0.9264035,0.7075077,0.48188272,0.77875763,0.6224035,0.8047837,0.7213618,0.59627855,0.89759874,0.96272117,0.5128369,0.9706756,0.61344784,0.545216,0.640216,0.9085911,0.65684104,0.4462577,0.8228486,0.70681494,0.8585132,0.43438274,0.74352854,0.7728202,0.6718827,0.6243827,0.5194869,0.699591,0.6481327,0.95688266,0.7764322,0.89721084,0.70948684,0.87573683,0.9816441,0.4996952,0.7888465,0.35521603,0.8369898,0.40865356,0.984591,0.82625765,0.6580285,0.7362551,0.6560494,0.9153202,0.65209097,0.9537211,0.76886183,0.7035493,0.6560494,0.57104415,0.42101547,0.43636185,0.96757025,0.7971195,0.7517223,0.9555962,0.9615337,0.6382369,0.6382369,0.4135817,0.62636185,0.8982994,0.9295702,0.63625765,0.30573687,0.4521952,0.7550077,0.78073686,0.7053227,0.8500077,0.5531327,0.5669374,0.569916,0.64967257,0.7207681,0.604591,0.984591,0.3078645,0.72729933,0.57747644,0.9430285,0.85938895,0.8217551,0.7997368,0.7530285,0.8525806,0.62636185,0.75678897,0.83694524,0.9644035,0.687716,0.6184452
BC2026_Train_0009_S09_20250828_000000_45,0.35434896,0.43499997,0.38442627,0.27607185,0.3695875,0.79830146,0.38442627,0.62347996,0.3798841,0.57132894,0.44196066,0.21030913,0.4041091,0.41792172,0.44517487,0.5990204,0.15405622,0.49249375,0.30025235,0.21243672,0.23968984,0.7140961,0.4414323,0.45419687,0.3704781,0.28943124,0.74882853,0.31360352,0.46857226,0.3207285,0.55577666,0.69204223,0.64998496,0.55577666,0.48007357,0.5742819,0.7408287,0.5759641,0.6011985,0.5826933,0.51540166,0.6011985,0.62979746,0.69204223,0.5591412,0.5591412,0.5540944,0.5540944,0.6028808,0.52717775,0.62979746,0.62979746,0.62979746,0.6769016,0.5826933,0.44063267,0.81215554,0.3544469,0.54605,0.2847901,0.62595886,0.4007594,0.26119846,0.35507032,0.70218647,0.76749897,0.4078844,0.31705052,0.8203692,0.41869724,0.9091348,0.9203906,0.9555763,0.5676596,0.5023472,0.6943263,0.5914097,0.77230555,0.6844305,0.78071696,0.59937584,0.6408888,0.40338883,0.9263836,0.5063055,0.61515963,0.5320347,0.8583944,0.9627014,0.6527638,0.7062013,0.64682627,0.92925346,0.85823697,0.31071436,0.9476597,0.8611305,0.6924263,0.6844305,0.73786795,0.8051597,0.74806076,0.8962014,0.2806805,0.25866228,0.69245106,0.56963885,0.4825555,0.7798264,0.96596694,0.85068053,0.547868,0.7715138,0.65068567,0.47478727,0.8633471,0.6052638,0.79432374,0.64484715,0.51026386,0.35247475,0.7319305,0.66265965,0.9076014,0.23342791,0.9592007,0.9813055,0.51432115,0.63890964,0.7388081,0.41328466,0.76953465,0.45286798,0.77168703,0.7817808,0.55380553,0.9219305,0.48651382,0.6646389,0.27276385,0.9767534,0.6250555,0.49838886,0.6685971,0.4469305,0.9009513,0.749743,0.73945135,0.8990157,0.95666486,0.6218888,0.9800626,0.61842537,0.56370133,0.71015966,0.8805659,0.6780972,0.5676597,0.866786,0.7632508,0.93752635,0.66265965,0.81772745,0.5577638,0.6587013,0.58745134,0.72203463,0.87640965,0.61199296,0.8902638,0.8955037,0.97220135,0.6092222,0.8467221,0.98302346,0.30838883,0.8376551,0.38359717,0.8402232,0.3400555,0.96547216,0.78338885,0.8308888,0.7227274,0.76755553,0.904118,0.7319305,0.968248,0.86829513,0.7576596,0.55578464,0.65024036,0.5779514,0.52213883,0.8902638,0.8966641,0.7413316,0.8778941,0.9740222,0.91797215,0.66068053,0.4452482,0.535993,0.91203463,0.9583472,0.6844305,0.310368,0.310368,0.8546388,0.7319305,0.67384195,0.7398472,0.5577638,0.67834455,0.2783055,0.75795656,0.91361797,0.42515966,0.97962326,0.5102144,0.6527638,0.48582116,0.9727951,0.85572743,0.9066563,0.73974824,0.69234717,0.8515711,0.71015966,0.9327665,0.8904618,0.97457635,0.642868,0.44890964
BC2026_Train_0009_S09_20250828_000000_50,0.49980038,0.43875,0.32696545,0.28635293,0.31039983,0.64538866,0.4117529,0.4223514,0.35119045,0.46928734,0.43900606,0.18615766,0.4072108,0.3746258,0.38976642,0.55976206,0.17769673,0.4938686,0.32929593,0.17788969,0.3868303,0.7909168,0.2741754,0.7017801,0.45557168,0.31039983,0.76971203,0.5741387,0.43421158,0.32377407,0.57829416,0.72801816,0.6741848,0.6859609,0.49922642,0.600164,0.78689843,0.6035286,0.64053905,0.6270806,0.51941395,0.64053905,0.6472682,0.72801816,0.559789,0.559789,0.5396015,0.51436716,0.5665181,0.53119004,0.6472682,0.6472682,0.6472682,0.7212889,0.59007025,0.4382164,0.76215947,0.3771967,0.46514103,0.31600583,0.6406882,0.24716549,0.24783345,0.3765287,0.7156343,0.7313686,0.30416545,0.27397326,0.8052064,0.3629616,0.87101364,0.9557015,0.84407705,0.42306876,0.59327704,0.8142016,0.5042146,0.67095935,0.78921455,0.65878755,0.55032915,0.75556874,0.40525627,0.91548544,0.4210896,0.72983956,0.5616104,0.8693263,0.90954787,0.5596312,0.70608956,0.77338123,0.92181873,0.8630172,0.3300479,0.7080688,0.81446874,0.69936043,0.7159854,0.6407771,0.8597719,0.5347532,0.8057902,0.31864792,0.4004073,0.66104376,0.74765205,0.49233955,0.70272493,0.9376521,0.62494373,0.72192293,0.8693709,0.69094896,0.4159438,0.8406729,0.6506729,0.6949073,0.6506729,0.45275623,0.32381356,0.74567294,0.7337979,0.8758229,0.45760518,0.93873316,0.98515207,0.5226703,0.8406729,0.7924802,0.29838127,0.65463126,0.5754646,0.6468135,0.67541254,0.53390205,0.8327562,0.6011937,0.67838126,0.32213128,0.95912606,0.76150626,0.68233955,0.61306876,0.4784854,0.7808031,0.7159854,0.5748708,0.9244714,0.9216209,0.4977427,0.9786431,0.70143855,0.57150626,0.6328605,0.89440733,0.72479266,0.50817287,0.8527756,0.59921455,0.96069455,0.72786045,0.7731834,0.67442286,0.6447354,0.4032771,0.70015204,0.7654646,0.6943136,0.9257771,0.8010105,0.9749594,0.7357771,0.8782771,0.9755309,0.4448396,0.83771163,0.46463126,0.9291813,0.3142146,0.9376521,0.7753604,0.70608956,0.80574065,0.68629795,0.9237979,0.8565063,0.9024675,0.8881729,0.67046463,0.5853604,0.5896156,0.5911989,0.3854646,0.76150626,0.9419666,0.79887295,0.95091254,0.97786874,0.62296456,0.66737705,0.3648417,0.7100479,0.874952,0.9683292,0.58338124,0.5437979,0.44286042,0.93794894,0.8604646,0.83344895,0.7852562,0.6506729,0.5370688,0.33772713,0.71737087,0.7601208,0.28452706,0.9654594,0.48976666,0.84463125,0.5311313,0.7852562,0.78205,0.92200184,0.7766964,0.7199437,0.87135,0.6684854,0.88906354,0.83938646,0.9451729,0.7694229,0.6170271
BC2026_Train_0009_S09_20250828_000000_55,0.49342185,0.429375,0.18288952,0.21842544,0.26562858,0.62462044,0.35246453,0.32521138,0.3009864,0.37063324,0.37517545,0.14503793,0.33580983,0.3049764,0.344342,0.4677381,0.078597315,0.44731602,0.2254985,0.11042974,0.20430161,0.5220865,0.2658177,0.62079006,0.45355043,0.3368786,0.77509284,0.58107877,0.59097457,0.37643296,0.69434625,0.7818254,0.5782682,0.75961924,0.53116393,0.79747075,0.8522294,0.64051294,0.6775234,0.6573358,0.5496692,0.6775234,0.73976815,0.7818254,0.4891067,0.4891067,0.5513515,0.46219003,0.57153904,0.5816328,0.73976815,0.73976815,0.73976815,0.67415875,0.6253723,0.39430606,0.77899545,0.28611293,0.43885517,0.17767935,0.40478873,0.28255042,0.14962468,0.27831998,0.6009984,0.7491391,0.30392545,0.17077701,0.83530277,0.33724546,0.8146205,0.9325,0.8007034,0.39447945,0.75666696,0.7937764,0.57656276,0.66710967,0.94864607,0.6768076,0.5390576,0.60229194,0.35093775,0.685417,0.32916695,0.6181253,0.8219794,0.7085015,0.8979795,0.48156276,0.5369795,0.6577086,0.8672034,0.7624313,0.24040134,0.507292,0.7485128,0.6734628,0.56666696,0.54291695,0.85898983,0.50838053,0.87789094,0.4486295,0.5620754,0.63447076,0.70916694,0.5389586,0.7277216,0.8851149,0.73489606,0.88135445,0.972891,0.7463753,0.3382711,0.7527086,0.6695837,0.7043675,0.6240628,0.57458365,0.40443218,0.637917,0.8061461,0.8442252,0.51900864,0.77418256,0.9421149,0.53856283,0.8595836,0.94157064,0.35291696,0.6873961,0.60229194,0.59694827,0.6659222,0.3628128,0.7586461,0.7428128,0.637917,0.42218778,0.84325546,0.78041697,0.65177107,0.7863545,0.5547919,0.5033336,0.6695837,0.7361331,0.87262136,0.67928153,0.41753677,0.9366697,0.62772423,0.78041697,0.64979196,0.953792,0.6368284,0.4815628,0.8124993,0.37834927,0.8750805,0.3964586,0.7811097,0.7052086,0.7606253,0.59239614,0.80020857,0.65177107,0.81366694,0.80377114,0.84214973,0.86265135,0.83369607,0.88135445,0.92766947,0.44593778,0.63623464,0.3430211,0.9452519,0.47562528,0.86235446,0.83979195,0.55875033,0.75894296,0.5963545,0.8189711,0.7309378,0.7906815,0.78437525,0.86750025,0.5488545,0.8536882,0.36983883,0.5132294,0.87145865,0.9247279,0.83138055,0.9640836,0.94211483,0.66364616,0.6398961,0.4511826,0.5290628,0.88729197,0.8505784,0.5488545,0.43406278,0.56666696,0.9367711,0.6379169,0.7601305,0.7863545,0.531042,0.6208961,0.49193358,0.87284404,0.7562712,0.26385444,0.9061931,0.6299014,0.7705211,0.63870865,0.57458365,0.81287533,0.75698364,0.7808128,0.6794795,0.8266305,0.4578128,0.63900554,0.8453336,0.8566149,0.70718783,0.7705211
BC2026_Train_0009_S09_20250828_000000_60,0.4938475,0.444375,0.33818576,0.24304555,0.3240924,0.66235936,0.5508274,0.3624107,0.41691697,0.41540295,0.4260014,0.16861074,0.6012961,0.37429395,0.4060893,0.4628666,0.18604553,0.45768616,0.2681389,0.1712389,0.24542795,0.43165764,0.5453058,0.7982018,0.63195175,0.38287365,0.821363,0.37834895,0.6445469,0.41753647,0.7643346,0.8591318,0.5288138,0.675762,0.67517316,0.7766154,0.8574495,0.64320964,0.7071367,0.6516211,0.62975127,0.7071367,0.81648564,0.8591318,0.5860117,0.5860117,0.6347981,0.51703775,0.69199604,0.66171485,0.81648564,0.81648564,0.81648564,0.7483528,0.5860117,0.37126586,0.77121353,0.2697643,0.575783,0.2058471,0.445069,0.40513927,0.19579788,0.30632445,0.59632677,0.8109674,0.44076428,0.16482557,0.796151,0.42644268,0.8642343,0.7689516,0.8501016,0.32789847,0.81348705,0.81625545,0.63466936,0.775685,0.5970652,0.7818699,0.3460573,0.48623183,0.59508604,0.95776826,0.3556068,0.86029434,0.91571105,0.8879918,0.9393621,0.5099818,0.39716932,0.5772735,0.9702371,0.95517814,0.4261641,0.8127944,0.7593568,0.72887766,0.58123183,0.6128985,0.8756328,0.84371287,0.94520307,0.51884854,0.4126563,0.81919944,0.68810683,0.56341934,0.8920599,0.80913293,0.52779436,0.7316485,0.84469855,0.6244766,0.34675005,0.8167526,0.808836,0.8074506,0.6386277,0.832586,0.4199817,0.6722735,0.7197735,0.92291516,0.36386985,0.6517397,0.8047787,0.44669795,0.8167526,0.8141798,0.29227346,0.48821098,0.8167526,0.7362007,0.85227877,0.32987764,0.8741485,0.654461,0.6366485,0.606961,0.9378777,0.84248185,0.45060682,0.70789856,0.7336277,0.57925266,0.6584193,0.91561204,0.9695617,0.6010235,0.6872598,0.8713851,0.57984644,0.60498184,0.6326902,0.84970576,0.6680183,0.48623183,0.81343764,0.6650496,0.873159,0.4446693,0.9248647,0.91175264,0.52779436,0.6406068,0.57925266,0.70987767,0.6564402,0.8543568,0.959082,0.83278394,0.7276902,0.77716935,0.7907192,0.42883596,0.5760365,0.37341934,0.8060182,0.61883605,0.913336,0.85435677,0.53966933,0.7884506,0.57331514,0.85237765,0.7336277,0.9049157,0.7536173,0.84644014,0.52779436,0.9252581,0.42857474,0.5416485,0.85039854,0.7897841,0.76800984,0.90363806,0.88770574,0.7158152,0.52779436,0.63006186,0.4327943,0.85039854,0.7573777,0.47633597,0.5099818,0.34769014,0.8057683,0.773211,0.81610745,0.8226901,0.6841485,0.56040114,0.39170682,0.91139245,0.8244715,0.27248183,0.85920584,0.3275521,0.7593568,0.58746624,0.88404435,0.931865,0.7310053,0.76128656,0.7573776,0.90066934,0.642586,0.6302162,0.95381,0.9477735,0.70987767,0.654461
BC2026_Train_0010_S09_20250828_000000_5,0.57058406,0.5604167,0.25356,0.35567844,0.41535032,0.7273353,0.43827564,0.37619913,0.23993345,0.5896819,0.33380532,0.20359598,0.37468505,0.48447767,0.4375417,0.4110456,0.4732409,0.8434441,0.32671827,0.42967454,0.24647295,0.61657715,0.40631324,0.5688347,0.43583468,0.37972528,0.6260425,0.63035613,0.5986895,0.49616864,0.7064302,0.70474786,0.63072705,0.69633645,0.5112843,0.63072705,0.79054475,0.65259683,0.7955916,0.60044575,0.6088573,0.7955916,0.71820617,0.70474786,0.50623745,0.50623745,0.59371656,0.5163312,0.6576437,0.6172687,0.71820617,0.71820617,0.71820617,0.7585812,0.58025825,0.60501385,0.9232728,0.37883466,0.6312378,0.3992498,0.39319354,0.46433464,0.35585654,0.33768785,0.67570966,0.5747722,0.60050136,0.532484,0.9428666,0.6263978,0.9118926,0.6457925,0.7788847,0.50726384,0.5725764,0.9426286,0.72695136,0.9246503,0.7936096,0.6551572,0.48945138,0.5171597,0.25590968,0.73684716,0.44788885,0.6557014,0.76780134,0.83056074,0.84174305,0.46965966,0.82393056,0.5804931,0.521118,0.9505823,0.49893948,0.75149304,0.5428889,0.6715347,0.970191,0.37861803,0.66955554,0.45982322,0.9151232,0.41843885,0.5299748,0.7590139,0.8887483,0.52903473,0.3774305,0.8318472,0.45382634,0.8615347,0.532993,0.7491181,0.56980556,0.9456493,0.5112222,0.75266075,0.6062222,0.4696597,0.6706441,0.90111804,0.6497639,0.80413884,0.45090708,0.7092121,0.8773681,0.58880556,0.5349722,0.90945035,0.35090968,0.47757632,0.70122224,0.48014924,0.52725345,0.29351383,0.9147743,0.87538886,0.9152691,0.48945138,0.78236806,0.7408055,0.39445135,0.60424304,0.6180972,0.78236806,0.7744514,0.63313895,0.83601826,0.86549306,0.5355264,0.9649857,0.90065837,0.912993,0.6319514,0.7843472,0.9355852,0.826068,0.79879516,0.6064716,0.83917016,0.7150764,0.8957249,0.7958263,0.35288885,0.9657378,0.9606909,0.4102847,0.59434724,0.6343264,0.7859305,0.86675966,0.63393056,0.7744514,0.84991705,0.80247635,0.57456154,0.40632635,0.8683925,0.35090968,0.69726384,0.67747223,0.38851383,0.8427371,0.9165555,0.5711513,0.56861806,0.7262587,0.6497639,0.806118,0.53101385,0.324092,0.90192956,0.6794514,0.61413884,0.7711561,0.55403167,0.6952847,0.8197743,0.92536294,0.86945134,0.43795344,0.5607014,0.91556597,0.9531702,0.7229931,0.342993,0.38257632,0.6240347,0.9502014,0.9551741,0.86644304,0.615643,0.7851389,0.79226387,0.86247975,0.91001445,0.5508055,0.91893053,0.6240347,0.9371389,0.7760347,0.40038887,0.64992225,0.70122224,0.6830139,0.5785139,0.5013264,0.41622218,0.61136806,0.7605972,0.6616389,0.8219513,0.5824722
BC2026_Train_0010_S09_20250828_000000_10,0.5201914,0.61249995,0.3281155,0.34940806,0.41442364,0.7062982,0.44621238,0.32205927,0.22213112,0.5548884,0.27663738,0.25846863,0.35536864,0.56690955,0.47665462,0.42896166,0.44381428,0.845882,0.34367093,0.61923033,0.23617248,0.6511938,0.4311289,0.56771016,0.5597934,0.41086113,0.69560486,0.61525655,0.7221315,0.4862148,0.67758405,0.79197985,0.6439382,0.8714681,0.52786005,0.8158684,0.79870903,0.6944069,0.7818861,0.76338094,0.637209,0.7818861,0.67926633,0.79197985,0.47907358,0.47907358,0.5884226,0.5833757,0.65234965,0.637209,0.67926633,0.67926633,0.67926633,0.7549695,0.61702156,0.61569595,0.91411066,0.37968928,0.60757047,0.5747658,0.32545024,0.6666685,0.320819,0.29962212,0.6528143,0.6270851,0.49725178,0.4658952,0.9668555,0.63306904,0.93043876,0.6191497,0.8094511,0.5156636,0.8580594,0.9007402,0.78878856,0.90872115,0.7234761,0.7023643,0.74282247,0.60670525,0.33555943,0.735351,0.41670528,0.7356677,0.5136844,0.59398913,0.84420526,0.44441357,0.67201775,0.5394136,0.55722606,0.9720867,0.48943964,0.72496045,0.46024692,0.71358025,0.8517261,0.43055943,0.7017053,0.3485715,0.93808717,0.5718719,0.8773702,0.6259526,0.9847261,0.52358025,0.37613237,0.5691011,0.38305944,0.92709285,0.32962194,0.65707505,0.6563329,0.8685094,0.36920527,0.87204826,0.78680944,0.65816355,0.7304032,0.8521219,0.8490344,0.8184761,0.50316125,0.5269944,0.7848302,0.5913667,0.6641011,0.96329564,0.55722606,0.5750386,0.8362886,0.45856467,0.4669761,0.35930943,0.91357505,0.8600386,0.8847782,0.47410113,0.78878856,0.6918094,0.7591011,0.7947261,0.62451774,0.6185803,0.8085803,0.6789448,0.89276665,0.8600386,0.6213551,0.9102847,0.9590316,0.8499844,0.6759761,0.7986844,0.9425352,0.9710699,0.86607504,0.5062626,0.80383027,0.5849344,0.84441704,0.91941357,0.39295527,0.9538511,0.97740316,0.35930943,0.51744485,0.59878856,0.731937,0.7848302,0.5136844,0.60076773,0.70588624,0.76108027,0.565687,0.32962194,0.95430136,0.5433719,0.65816355,0.5809761,0.4345178,0.95718104,0.9631531,0.48993444,0.7056635,0.42744225,0.77295524,0.8007427,0.67399687,0.36029905,0.7543352,0.60670525,0.67201775,0.78220296,0.64129025,0.72941357,0.8991271,0.94543964,0.56712186,0.35698295,0.8679552,0.8376741,0.7828511,0.7670178,0.50576776,0.80660105,0.64035106,0.8550907,0.86677957,0.8852927,0.47805944,0.92718184,0.5859636,0.8636842,0.96230227,0.46618447,0.84618443,0.93965054,0.97680944,0.7445543,0.28014275,0.4797902,0.7954188,0.7091271,0.73139274,0.55920523,0.5018094,0.48884594,0.7373302,0.74128854,0.9392052,0.8184761
BC2026_Train_0010_S09_20250828_000000_15,0.6140832,0.65,0.37834245,0.275119,0.48085344,0.6913535,0.46010187,0.31172374,0.22996436,0.5331133,0.3041534,0.23299247,0.30263937,0.6581966,0.58081126,0.2981862,0.5583378,0.9183482,0.274696,0.42458814,0.3004351,0.5739757,0.4616873,0.65729606,0.6038586,0.4755097,0.78184503,0.4849264,0.5844785,0.4867077,0.7638216,0.81429034,0.64437884,0.93533117,0.60905075,0.86745065,0.8327955,0.74363405,0.83279556,0.8327955,0.70830595,0.83279556,0.77559763,0.81429034,0.5316653,0.5316653,0.6612018,0.5804518,0.6898007,0.6426965,0.77559763,0.77559763,0.77559763,0.8193372,0.6477434,0.6329622,0.8120827,0.38021275,0.5995738,0.48450497,0.3558097,0.6018795,0.41953388,0.29992294,0.46571276,0.7661503,0.59594196,0.55666536,0.90441084,0.661666,0.8576035,0.73877066,0.75812733,0.44066903,0.8599357,0.8083859,0.5435857,0.82450867,0.5218149,0.55941904,0.64383054,0.88004404,0.49806482,0.64848155,0.49014816,0.60098153,0.5961523,0.54269505,0.7355649,0.49806485,0.820669,0.40108567,0.48618984,0.8507277,0.38352057,0.89152324,0.452544,0.618794,0.78900236,0.44462734,0.7751482,0.41130415,0.9383429,0.7462524,0.8423212,0.6213096,0.8741065,0.66431487,0.52112216,0.59900236,0.39514816,0.9018149,0.4109815,0.6584526,0.75704676,0.85312736,0.39514816,0.7590675,0.535669,0.5910857,0.6270571,0.6959815,0.72368985,0.77316904,0.5314336,0.5847029,0.87608576,0.39094245,0.48618984,0.73383313,0.5297315,0.7038982,0.5396273,0.42552838,0.6610493,0.571294,0.86618984,0.71973157,0.8030545,0.4941065,0.73160654,0.69004405,0.6920232,0.77316904,0.7197315,0.5673357,0.6326482,0.8272993,0.75399595,0.79889816,0.70419115,0.9044818,0.7733987,0.9018149,0.60691905,0.6286899,0.8356118,0.85312736,0.813742,0.40875497,0.83729404,0.43077317,0.69400245,0.76050234,0.40900236,0.8375909,0.9262576,0.33775234,0.66646034,0.53171074,0.8068327,0.7098357,0.46837735,0.5930649,0.69470006,0.45650235,0.57965606,0.29421067,0.83543116,0.5811899,0.6880648,0.5970232,0.32191902,0.8657228,0.85263264,0.44660652,0.55941904,0.39801797,0.70389813,0.9691065,0.6920232,0.40667683,0.61166906,0.74743986,0.6702524,0.6090788,0.67205936,0.72171074,0.7807889,0.90626806,0.51983565,0.675424,0.7256691,0.6286899,0.7355649,0.8266066,0.53368986,0.511919,0.63264817,0.78306496,0.761393,0.8594608,0.43275234,0.79863304,0.57873565,0.9464451,0.91232425,0.22691903,0.87014824,0.7481326,0.9574294,0.75266093,0.25660652,0.7242104,0.7397211,0.70216644,0.5613982,0.701919,0.511919,0.538242,0.64452314,0.79691905,0.79889816,0.5317107
BC2026_Train_0010_S09_20250828_000000_20,0.59440535,0.65,0.33876896,0.3130332,0.48314258,0.5853033,0.43718302,0.35390958,0.28123456,0.47352055,0.35996586,0.25095332,0.30697364,0.61428016,0.595775,0.36328226,0.49650195,0.8409759,0.29379568,0.3816113,0.37101287,0.7020879,0.5488845,0.8398874,0.48047066,0.4920488,0.8085849,0.4657617,0.5991575,0.605095,0.7993459,0.90440506,0.69167924,0.93014413,0.6126115,0.88346046,0.9091996,0.7791584,0.8867409,0.82626253,0.7421479,0.8867409,0.84645003,0.90440506,0.6042,0.6042,0.70345527,0.5974709,0.71018445,0.68158543,0.84645003,0.84645003,0.84645003,0.8705068,0.6630802,0.60586876,0.80894923,0.40922067,0.57131445,0.4914056,0.47626498,0.41634566,0.5944756,0.37022617,0.46978316,0.7983249,0.4875957,0.5596539,0.6367617,0.44616795,0.8346783,0.7052387,0.71695954,0.8330179,0.80135113,0.78375393,0.597497,0.7740536,0.71822613,0.55459857,0.49814278,0.7597887,0.43916363,0.7597887,0.5123928,0.53416365,0.67167616,0.76632,0.83523446,0.561872,0.88400114,0.51635116,0.45103863,0.6915074,0.27731732,0.9099085,0.44510114,0.6291637,0.9794762,0.33228865,0.8152053,0.4265346,0.92077667,0.6423845,0.67039764,0.7557809,0.88843447,0.59155947,0.5790413,0.76509285,0.54405946,0.9022887,0.5321845,0.910803,0.66559815,0.953747,0.44114283,0.6693902,0.62520534,0.48468447,0.5455934,0.77364284,0.63510114,0.76572615,0.5033797,0.6906663,0.9293043,0.4474267,0.5401011,0.7888329,0.31447616,0.4965595,0.5876011,0.664757,0.75728303,0.4827053,0.7498929,0.69645536,0.656872,0.5876011,0.80483454,0.78749704,0.47676778,0.6548928,0.6746845,0.7597887,0.66676784,0.7960569,0.79244494,0.8692366,0.6205029,0.9510297,0.7933356,0.8686428,0.55989283,0.7439554,0.8564858,0.8429137,0.8245618,0.4169475,0.9482944,0.5401011,0.67404133,0.6034345,0.45499697,0.80075747,0.83519495,0.46885112,0.70731306,0.72535115,0.77765065,0.8072887,0.53416365,0.7323178,0.8116686,0.36593446,0.4231819,0.41541365,0.71095276,0.37780946,0.6727053,0.73801786,0.34020534,0.8370752,0.81322616,0.4945803,0.44312194,0.7057575,0.6192678,0.9602783,0.54208034,0.2713798,0.7877939,0.86666363,0.7498929,0.6958121,0.6620554,0.7538512,0.65489286,0.8103564,0.78266776,0.61326903,0.597497,0.73010117,0.88645536,0.644997,0.348122,0.4292678,0.6192678,0.8886325,0.89882517,0.7459345,0.47478864,0.8542167,0.6249678,0.95097625,0.9004778,0.16999698,0.92801785,0.53851783,0.89704394,0.8889333,0.24322614,0.63009197,0.7253067,0.69808817,0.73801786,0.48072618,0.44708028,0.6389843,0.656872,0.7558303,0.87853867,0.49458033
BC2026_Train_0010_S09_20250828_000000_25,0.5923541,0.48562497,0.41190648,0.31254238,0.42921427,0.6541159,0.4179627,0.22719085,0.30895025,0.54144293,0.39676583,0.21659242,0.43007523,0.48680806,0.461069,0.3497854,0.6197091,0.8531518,0.28412405,0.34014434,0.47035375,0.6493496,0.36672917,0.7424174,0.49601117,0.41318303,0.79004115,0.41384503,0.5808867,0.6818242,0.7294606,0.8430994,0.5864658,0.8062572,0.5460907,0.7227314,0.8398189,0.7361897,0.8060889,0.6588043,0.6436637,0.8060889,0.7597418,0.8430994,0.52758557,0.52758557,0.6083355,0.535997,0.6419814,0.6621689,0.7597418,0.7597418,0.7597418,0.7721067,0.58983034,0.46409714,0.8263034,0.39982364,0.47054917,0.6122823,0.42588434,0.61377156,0.4442658,0.36250642,0.57220906,0.72262573,0.4942299,0.55490124,0.7471367,0.4690638,0.85203254,0.7368333,0.77904606,0.593717,0.60559195,0.82345617,0.7777794,0.73808724,0.7619461,0.4853576,0.64161277,0.7263211,0.30871698,0.96827424,0.47496697,0.55809194,0.59553784,0.66150343,0.94996697,0.58184195,0.9400711,0.65309197,0.5244461,0.6152898,0.26656073,0.9836128,0.34830034,0.6253836,0.86248773,0.32059196,0.7619461,0.34558788,0.9598059,0.65356696,0.7724556,0.82369614,0.87871695,0.6431961,0.52983934,0.7342378,0.5600711,0.7777794,0.54621696,0.81239504,0.7443315,0.9004878,0.47100866,0.8406675,0.5600711,0.45517534,0.592381,0.58975863,0.68475866,0.807467,0.5281868,0.7167222,0.7520503,0.37506858,0.6372586,0.90291226,0.344342,0.7203836,0.4729878,0.5424565,0.64339405,0.39777946,0.8628836,0.5778836,0.6372586,0.45715448,0.95194614,0.6986128,0.7916336,0.7698628,0.74017525,0.8252795,0.676842,0.63582367,0.702769,0.6610086,0.632671,0.9251112,0.92146695,0.73621696,0.73027945,0.6966336,0.78182685,0.8510086,0.842617,0.32712325,0.89005756,0.75402945,0.6704097,0.5778836,0.45517534,0.8373524,0.8074669,0.45319614,0.716168,0.50663364,0.78332114,0.7579878,0.50465447,0.8252795,0.76790094,0.36809197,0.72008675,0.5125711,0.8060321,0.44330028,0.6293419,0.70652944,0.593717,0.8676337,0.9092951,0.53236276,0.48288363,0.44280553,0.69861275,0.96837324,0.61548775,0.37536544,0.63171697,0.66694605,0.8094461,0.834631,0.7190566,0.77975863,0.6253836,0.9064253,0.65507114,0.7392441,0.5105919,0.81538355,0.73819613,0.58184195,0.44132116,0.80152947,0.5699669,0.6590294,0.75788885,0.7698628,0.43538365,0.85872734,0.69125026,0.8823784,0.86072636,0.21569613,0.88663363,0.6685295,0.86565447,0.75687945,0.43934196,0.6164369,0.8207472,0.6560112,0.5838211,0.5719461,0.41757116,0.54582113,0.6154878,0.88861275,0.9004878,0.6491336
BC2026_Train_0010_S09_20250828_000000_30,0.50075036,0.65208334,0.2987342,0.19954824,0.38925138,0.7278842,0.463767,0.23968574,0.294192,0.52651656,0.3153889,0.23060139,0.54502165,0.62231314,0.4489529,0.2922475,0.31354824,0.88651705,0.3092065,0.59990644,0.3485721,0.48635176,0.3562712,0.75549614,0.44536075,0.3714389,0.72240955,0.5913216,0.57548827,0.5933008,0.7563601,0.8337456,0.6369175,0.92896336,0.5965424,0.8606622,0.88429844,0.7513133,0.8429141,0.7933706,0.6756101,0.8429141,0.7849591,0.8337456,0.50233406,0.50233406,0.6873862,0.5410268,0.6907508,0.65374035,0.7849591,0.7849591,0.7849591,0.8003521,0.63523513,0.58866733,0.7931966,0.41151696,0.6521699,0.7212447,0.39107817,0.4507045,0.32704118,0.23771152,0.38479823,0.741642,0.48632947,0.7452144,0.71205074,0.50522786,0.8129883,0.71450037,0.6510086,0.56788355,0.8944461,0.78777695,0.59757113,0.6585295,0.7440294,0.53186274,0.4101935,0.68861276,0.20965445,0.6252794,0.44121692,0.73413354,0.6767378,0.66169614,0.85153776,0.48277947,0.8271544,0.6035086,0.47684196,0.6935112,0.17778988,0.94155025,0.4669461,0.7183002,0.6787169,0.28486276,0.7915294,0.393143,0.94712365,0.57247525,0.6695059,0.8076794,0.85486275,0.4986128,0.47194356,0.62725854,0.38184193,0.9525544,0.46496692,0.7610503,0.53606844,0.835071,0.45507112,0.8210685,0.70048773,0.37392527,0.5483393,0.68861276,0.6569461,0.7519461,0.6844446,0.4748133,0.8038794,0.4382482,0.4748628,0.8193862,0.16413362,0.5263211,0.58173776,0.4202378,0.58678466,0.4333003,0.8523889,0.8766336,0.5441336,0.44121692,0.81575435,0.8231961,0.42142528,0.6351752,0.6945503,0.6015294,0.64111274,0.6855946,0.7490268,0.62725854,0.56810135,0.90499514,0.5663992,0.8865294,0.5500711,0.6114252,0.8671337,0.6866335,0.8084019,0.26526904,0.8580295,0.44319612,0.6395294,0.80736274,0.44121695,0.80340445,0.94362843,0.58458775,0.6281492,0.538196,0.69462943,0.7183002,0.5777794,0.69059193,0.6970638,0.36798778,0.42939144,0.5876753,0.70865184,0.5203836,0.7380919,0.5797586,0.30465445,0.7514513,0.8380399,0.45111278,0.6866335,0.5809461,0.5975711,0.93949187,0.46100864,0.2371154,0.6226076,0.61340445,0.7578836,0.66659456,0.5899711,0.82913357,0.6193419,0.7697586,0.71434194,0.5395023,0.48871693,0.84892523,0.77569604,0.6391336,0.3778836,0.6351753,0.42142528,0.74798775,0.79756594,0.83705026,0.46496692,0.60167783,0.513892,0.9405607,0.91423786,0.08496696,0.87267524,0.5296362,0.918295,0.77955544,0.36402944,0.64380443,0.7091466,0.7410607,0.5540294,0.52434194,0.38382113,0.46902424,0.54215443,0.7460086,0.8251753,0.71632105
BC2026_Train_0010_S09_20250828_000000_35,0.5033994,0.73541665,0.39099905,0.2673836,0.46064925,0.77834904,0.7562246,0.48789904,0.30923966,0.6014537,0.3682881,0.26078966,0.63005275,0.70404327,0.64516306,0.30550826,0.47400862,0.93911284,0.422909,0.84920174,0.35174802,0.7667694,0.61225355,0.70161283,0.5042898,0.57791483,0.77049375,0.69918245,0.6436866,0.57441574,0.7811329,0.8692849,0.6902892,0.9385954,0.6515964,0.90377194,0.89552873,0.7542162,0.8750889,0.85178906,0.73402876,0.8750889,0.856836,0.8692849,0.58262247,0.58262247,0.74748707,0.6196329,0.73907554,0.70879436,0.856836,0.856836,0.856836,0.84968626,0.67346627,0.68722034,0.7960824,0.41878983,0.7201022,0.846846,0.62168807,0.63630027,0.4130008,0.3070164,0.46688357,0.8263002,0.7570295,0.8403392,0.79410326,0.62389493,0.86347306,0.7092327,0.5824739,0.33309886,0.91497386,0.7471801,0.42414054,0.5089152,0.8773697,0.6149817,0.39400777,0.5903905,0.3370572,0.786328,0.7126239,0.64580727,0.55674475,0.7963229,0.7309114,0.35882804,0.8912239,0.63591135,0.47164056,0.6672812,0.34789312,0.88785934,0.68539053,0.70122385,0.8786562,0.32320306,0.7685155,0.39255306,0.93155926,0.4992697,0.8300359,0.95182604,0.7566405,0.6477864,0.43096867,0.6616406,0.43601555,0.95950514,0.37070304,0.7120737,0.4822786,0.89518225,0.5052864,0.62270045,0.5745572,0.35486972,0.83986455,0.7566405,0.60820305,0.7546613,0.7538618,0.6824218,0.9658385,0.48148692,0.4399739,0.8767265,0.1708072,0.48945305,0.61216134,0.4531353,0.6482812,0.3904947,0.92764056,0.8712739,0.5448697,0.40039054,0.845703,0.8041405,0.3133072,0.5903905,0.8162135,0.8021614,0.63591135,0.6429374,0.79849994,0.8942916,0.6213447,0.9480755,0.45847908,0.8199738,0.5903905,0.6537239,0.78400356,0.71507806,0.8567616,0.3361171,0.9505494,0.46966136,0.71423686,0.6378905,0.4498697,0.8389738,0.96366143,0.46966138,0.61894196,0.6714572,0.7997468,0.84570307,0.5626822,0.5646614,0.78489316,0.50528634,0.44690096,0.6339322,0.6205234,0.49539056,0.6814322,0.5824739,0.23611972,0.6906353,0.8508489,0.47757804,0.5052864,0.5507083,0.49934888,0.8793489,0.39247388,0.32508326,0.9009218,0.5626822,0.6359114,0.4909869,0.5977927,0.68539053,0.92635405,0.69132805,0.6458072,0.6566729,0.6596614,0.8318489,0.9209114,0.6814322,0.4736197,0.63195306,0.45184886,0.8041405,0.890828,0.8120572,0.620078,0.49069005,0.5888864,0.9412968,0.800204,0.06591138,0.91101557,0.5908359,0.90517706,0.7877768,0.42216137,0.64994365,0.71544915,0.7725234,0.620078,0.70518225,0.43799472,0.5826718,0.62601554,0.72497386,0.71705717,0.4142447
BC2026_Train_0010_S09_20250828_000000_40,0.6078683,0.74583334,0.38536835,0.2776489,0.55394053,0.6722526,0.6639558,0.43079022,0.2702996,0.48832464,0.3323762,0.25667304,0.46712774,0.64921176,0.6071545,0.39081174,0.40411767,0.8770593,0.30242315,0.6365262,0.3841825,0.6499846,0.50693077,0.83399266,0.61232597,0.6172739,0.8502456,0.5016484,0.8266276,0.56735677,0.81893855,0.9324933,0.63220423,0.87487483,0.6439802,0.91272634,0.9306428,0.7735167,0.87277186,0.7987511,0.7011782,0.87277186,0.8694073,0.9324933,0.5464073,0.5464073,0.734824,0.5901469,0.7365063,0.69108444,0.8694073,0.8694073,0.8694073,0.84518236,0.66753227,0.64416486,0.7890234,0.34533644,0.6644751,0.66208625,0.49355423,0.4860552,0.35419813,0.31331846,0.4913989,0.77065927,0.7071281,0.670685,0.78308594,0.6287109,0.8250442,0.5583891,0.5405878,0.6514211,0.95532215,0.8631796,0.530692,0.5882511,0.90475446,0.51357216,0.3624133,0.4970461,0.19621277,0.69100446,0.45152527,0.6217336,0.4634003,0.6464732,0.5405878,0.33277524,0.8117336,0.52871275,0.4455878,0.7873899,0.41105133,0.9683846,0.5346503,0.6771503,0.8885253,0.3585044,0.81569195,0.32729298,0.9090221,0.6621878,0.7940517,0.9606214,0.7286086,0.5485045,0.44242114,0.81965023,0.58412945,0.8770461,0.3941294,0.75079507,0.47938204,0.8928794,0.4159003,0.8526529,0.5069419,0.28923362,0.79609823,0.8612128,0.5880878,0.6771503,0.6905571,0.6364784,0.9332545,0.49264246,0.4000669,0.80050194,0.45152527,0.5999628,0.5861086,0.3991763,0.60609823,0.3426711,0.9799628,0.8057961,0.6296503,0.44756693,0.6395461,0.77610856,0.35454613,0.57819194,0.8452805,0.65933776,0.7305878,0.7654211,0.84795237,0.89584816,0.5358972,0.93661404,0.62287164,0.89881694,0.48517108,0.6435044,0.87424064,0.637567,0.933586,0.3336659,0.9459509,0.49704605,0.67843676,0.7107961,0.4257961,0.85497844,0.92177534,0.4159003,0.655241,0.56631696,0.8019813,0.7345461,0.48517108,0.8057961,0.7436552,0.51090026,0.5119888,0.5346503,0.5803195,0.4911086,0.60985863,0.5643378,0.24965025,0.6581998,0.9039628,0.46933776,0.5702753,0.54553574,0.6395461,0.8948586,0.4732961,0.304869,0.8191555,0.7345461,0.578192,0.5147101,0.53926176,0.6890253,0.83766073,0.8263794,0.6632961,0.5089805,0.7127753,0.60985863,0.8810044,0.6336086,0.5979836,0.7028794,0.4970461,0.7780878,0.87635344,0.87308776,0.50496274,0.41377264,0.6131836,0.8881295,0.8097248,0.07350443,0.93246275,0.38428307,0.9144523,0.7524774,0.28923357,0.63515234,0.87302345,0.7567623,0.45746273,0.5326711,0.4119419,0.51357216,0.73454607,0.63162947,0.67121273,0.5346503
BC2026_Train_0010_S09_20250828_000000_45,0.52623177,0.70000005,0.22425282,0.16274032,0.43794343,0.49004295,0.30601218,0.22576687,0.14097936,0.35597622,0.23485126,0.1364372,0.12886688,0.32774347,0.37013718,0.23917077,0.36402154,0.8655424,0.1479782,0.3342079,0.22065322,0.40234068,0.71623176,0.7843965,0.59043825,0.36313093,0.8187203,0.4882617,0.7744492,0.4419492,0.76260483,0.88229996,0.52876633,0.8530281,0.65998507,0.8652246,0.88221574,0.7239121,0.78615695,0.74746424,0.62129235,0.78615695,0.8181205,0.88229996,0.446334,0.446334,0.70204234,0.52876633,0.65157354,0.6128808,0.8181205,0.8181205,0.8181205,0.7776613,0.64484435,0.39436218,0.8278867,0.21974029,0.5423247,0.45736894,0.26356894,0.38005278,0.25959578,0.20660359,0.38005278,0.74481326,0.48612624,0.40442625,0.7784076,0.5864284,0.7744492,0.51633596,0.61478275,0.30009523,0.8881057,0.8299256,0.45842856,0.45684525,0.6979077,0.6068661,0.2879234,0.31592858,0.19124109,0.55540776,0.1595744,0.4841577,0.36540774,0.443189,0.5613453,0.28822023,0.6523869,0.36540776,0.33374107,0.83511347,0.24690515,0.67415774,0.32978275,0.6919703,0.6543661,0.28030354,0.7929077,0.2659744,0.89057225,0.45779523,0.7369627,0.614189,0.7711369,0.49405357,0.36956397,0.57915777,0.30009523,0.9614536,0.32186607,0.56312656,0.5602567,0.7968661,0.35947025,0.5755458,0.3733244,0.28228274,0.6686161,0.5435328,0.5554078,0.5751994,0.453732,0.42334786,0.7216578,0.5187437,0.38124108,0.6916239,0.34165776,0.3891577,0.54551196,0.3517515,0.45437127,0.32780355,0.96232444,0.6543661,0.47624105,0.3970744,0.6682202,0.7157203,0.19915774,0.6484286,0.7660901,0.49009526,0.67811614,0.6185432,0.8199729,0.6345744,0.50654215,0.86963516,0.38218117,0.8839494,0.52967864,0.5217619,0.64357966,0.67811614,0.8569438,0.3394312,0.81169003,0.28228274,0.6741578,0.6088453,0.3555119,0.75738174,0.96341294,0.3772827,0.5900432,0.46634525,0.60745984,0.5613453,0.54551196,0.55738693,0.54814917,0.2367619,0.25007182,0.35155356,0.5546656,0.5079077,0.5633244,0.60488695,0.116032735,0.63957185,0.79122555,0.38124108,0.45447022,0.44991815,0.53957444,0.7869702,0.30009523,0.29178274,0.48356402,0.55738693,0.53957444,0.41167077,0.4661671,0.6543661,0.56332445,0.83991295,0.50197023,0.43252125,0.40103275,0.6761369,0.72759527,0.51780355,0.4386369,0.6167619,0.4821786,0.63061607,0.7375901,0.79488695,0.39311606,0.5030588,0.51210356,0.9260067,0.74788177,0.1476994,0.8681161,0.35185042,0.8746473,0.6337828,0.21499106,0.4863546,0.644975,0.7761343,0.44457436,0.59103274,0.31790775,0.2524963,0.52572024,0.6583244,0.5672828,0.42478275
BC2026_Train_0010_S09_20250828_000000_50,0.3869202,0.6145834,0.2619594,0.18619688,0.37946248,0.40737757,0.27104375,0.20291094,0.155975,0.39519683,0.24984689,0.16505939,0.14083438,0.3070725,0.35400847,0.18519048,0.34294686,0.822499,0.1611258,0.24137108,0.14144297,0.33978516,0.48587853,0.5790615,0.3946031,0.2725875,0.7191498,0.49644005,0.4715026,0.3895651,0.7181752,0.75013876,0.5011594,0.84148717,0.5247116,0.81911266,0.84998274,0.69966984,0.7450918,0.7063991,0.61050844,0.7450918,0.7736907,0.75013876,0.48938343,0.48938343,0.6374252,0.4557376,0.59873235,0.59032094,0.7736907,0.7736907,0.7736907,0.72406316,0.5953678,0.39186,0.77609634,0.35541558,0.5728469,0.5434068,0.2779411,0.3839156,0.21425156,0.1688297,0.35185307,0.6127073,0.45160308,0.29072654,0.6989088,0.45547134,0.7800546,0.47400352,0.656425,0.2328833,0.81871665,0.7867096,0.44465414,0.7096893,0.7373333,0.46513852,0.19008383,0.47038332,0.3100708,0.34569582,0.1794458,0.5099666,0.5099666,0.4502948,0.46246663,0.28632084,0.69996667,0.51194584,0.3773625,0.6968,0.37454218,0.49413332,0.3417375,0.63338745,0.69600827,0.31204998,0.75934166,0.31290102,0.9398654,0.51629996,0.6364196,0.5538051,0.74944574,0.48621666,0.35574013,0.66632074,0.32194582,0.8899666,0.4228833,0.6121906,0.42214116,0.81649995,0.34965417,0.622977,0.3694458,0.29225832,0.45440158,0.5950708,0.5693416,0.6643416,0.3729054,0.44673228,0.7953625,0.32921925,0.48225832,0.6700812,0.15965414,0.300175,0.50205,0.38349792,0.5248104,0.26652914,0.7731958,0.6841333,0.5990291,0.35559165,0.6762166,0.7138208,0.1972583,0.6267375,0.62396663,0.41298747,0.7158,0.6938807,0.7506333,0.55944574,0.49627084,0.88982064,0.3819641,0.8842666,0.442675,0.43871665,0.8190382,0.58715415,0.7646854,0.34257862,0.8185187,0.28829998,0.6300031,0.83652914,0.40309167,0.6957114,0.9516177,0.323925,0.6071437,0.42882082,0.69175303,0.71382076,0.5356958,0.5594458,0.6044199,0.27048746,0.20111768,0.36152914,0.5074432,0.56538326,0.7969458,0.5099666,0.13392498,0.6359901,0.634951,0.42090413,0.5079875,0.37963852,0.52975833,0.8721541,0.37538332,0.1835526,0.58220625,0.5891333,0.5574666,0.41155258,0.4558958,0.76923746,0.46048748,0.78348744,0.5772583,0.38523957,0.4011125,0.7118416,0.75538325,0.51194584,0.42090413,0.50205,0.47829998,0.7255968,0.8109979,0.82267493,0.5277791,0.4137297,0.42597082,0.94221663,0.9338547,0.15173748,0.8690864,0.33307865,0.9335083,0.6391073,0.104237475,0.55515105,0.6671124,0.6808182,0.5159041,0.56538326,0.3179875,0.31284165,0.58715415,0.6306958,0.5356958,0.56340414
BC2026_Train_0010_S09_20250828_000000_55,0.42112947,0.57916665,0.2737285,0.2136674,0.37487054,0.42461714,0.38879728,0.28432697,0.21770822,0.5494561,0.3418613,0.20710976,0.21468008,0.41932458,0.45869023,0.24445036,0.36507362,0.7933653,0.35720643,0.23759556,0.17703304,0.5594179,0.46269196,0.59346944,0.40069863,0.29293305,0.6828556,0.4905234,0.58532554,0.41036716,0.7229991,0.7902907,0.58841574,0.7410838,0.50766575,0.77178556,0.8639751,0.6809418,0.8104783,0.6287908,0.6422491,0.8104783,0.7431866,0.7902907,0.54299384,0.54299384,0.6086033,0.5026189,0.618697,0.60692096,0.7431866,0.7431866,0.7431866,0.7752342,0.5800043,0.4405215,0.80699223,0.38288614,0.57036275,0.38632002,0.41205907,0.3632924,0.27944008,0.277926,0.37219864,0.5736778,0.6271153,0.32369262,0.69022137,0.44777346,0.81292975,0.6150878,0.5949732,0.26247326,0.6108065,0.76706177,0.43070242,0.76792276,0.88788986,0.5662753,0.29136908,0.5257024,0.29018158,0.5870566,0.40695238,0.7038274,0.71522737,0.8202024,0.58309823,0.40893152,0.8403899,0.63455653,0.45247322,0.6400982,0.43673885,0.6753274,0.5177857,0.62363154,0.9443951,0.36538988,0.71372324,0.2775149,0.9453848,0.5542024,0.65644217,0.76785344,0.7453899,0.4128899,0.53446025,0.84426904,0.4584107,0.85424405,0.4485149,0.70947206,0.5136295,0.9553794,0.42674407,0.89423066,0.51580656,0.5355982,0.47493678,0.7414316,0.5890357,0.8146608,0.4926543,0.6922987,0.935291,0.44297323,0.42476487,0.92123145,0.27830654,0.37528574,0.49601486,0.7215885,0.7072553,0.43268153,0.91965556,0.5534107,0.4880982,0.40497324,0.65830654,0.8126815,0.29809824,0.5613274,0.5197649,0.6978899,0.7829941,0.70100707,0.8150566,0.7351972,0.51135343,0.9602013,0.41472062,0.7869524,0.5355982,0.63257736,0.7628758,0.63059825,0.818634,0.39299926,0.95851654,0.53955656,0.66721284,0.6761191,0.34361908,0.8528586,0.89075965,0.36736906,0.7112216,0.71372324,0.7981347,0.83841074,0.5890357,0.6959107,0.8410109,0.29809824,0.3373352,0.36143157,0.63049924,0.4841399,0.7038274,0.6484107,0.19518156,0.682205,0.5850774,0.5316399,0.5593482,0.52411914,0.5355982,0.9554785,0.41091073,0.23605135,0.7919201,0.6682024,0.6108065,0.5396555,0.5063066,0.71966076,0.6327753,0.9673534,0.7097649,0.4793899,0.48611906,0.7572649,0.95161915,0.44851488,0.3060149,0.5771608,0.53757733,0.8973899,0.9150639,0.7671607,0.6311524,0.6011087,0.40180656,0.9214566,0.9541524,0.14372323,0.9532024,0.37211907,0.92153573,0.80368036,0.27038988,0.6560305,0.7462954,0.67176485,0.43466073,0.57122326,0.39903572,0.60046345,0.64049405,0.61278576,0.6424732,0.7176815
BC2026_Train_0010_S09_20250828_000000_60,0.44174486,0.65625,0.32062322,0.2204741,0.29083347,0.4912812,0.5256946,0.2948842,0.19949824,0.45234668,0.28731388,0.2524904,0.22069511,0.48058408,0.43364817,0.30722392,0.26322407,0.8907189,0.3226956,0.20611277,0.1364659,0.5200284,0.5961199,0.48944288,0.34694284,0.38345844,0.6966745,0.47346872,0.8600001,0.468125,0.70867926,0.87859076,0.6195178,0.76680243,0.5135335,0.8471655,0.86202013,0.71540844,0.7843824,0.63970524,0.60269487,0.7843824,0.7339136,0.87859076,0.5269918,0.5269918,0.6262469,0.6060595,0.64138764,0.61615324,0.7339136,0.7339136,0.7339136,0.70531476,0.61447096,0.46090132,0.78756255,0.3202241,0.555082,0.3809647,0.30071944,0.31488037,0.28277332,0.24189363,0.48588037,0.5535679,0.64361995,0.35241854,0.829125,0.6232917,0.8271459,0.621849,0.59687823,0.654274,0.6522949,0.72712713,0.45041984,0.7500756,0.7216448,0.50751686,0.5066777,0.60677403,0.14760737,0.5493782,0.29208654,0.7009032,0.6008365,0.8412484,0.725524,0.43458652,0.6364615,0.61666983,0.35739905,0.70296156,0.609149,0.7691646,0.31781572,0.64208233,0.9185918,0.42271155,0.7433365,0.25030634,0.8798792,0.7153115,0.68610704,0.8318053,0.82250315,0.5375032,0.5378991,0.76510733,0.59885734,0.71562815,0.2881282,0.6892063,0.48277926,0.9457063,0.38906574,0.72815883,0.5196907,0.70573235,0.7554095,0.62260735,0.5909407,0.80666983,0.4349745,0.6447246,0.84338343,0.50840944,0.47614902,0.8926029,0.49791986,0.39698237,0.5592741,0.66822714,0.6043,0.25844073,0.9788574,0.58104485,0.5770865,0.3950032,0.58698237,0.7552115,0.3118782,0.57510734,0.6364615,0.6087532,0.57114905,0.7666907,0.78371155,0.78301877,0.4875095,0.93350977,0.6248834,0.7334407,0.6344824,0.6978157,0.7214766,0.5850032,0.76913995,0.4341907,0.8915267,0.4128157,0.7284354,0.5414615,0.4543782,0.9117636,0.87178445,0.40094072,0.6505136,0.45239902,0.8250761,0.7275032,0.547399,0.57312816,0.7223821,0.27427402,0.22246936,0.37521154,0.64324015,0.49989903,0.559274,0.6364615,0.2643782,0.62824804,0.689899,0.5038574,0.62656564,0.6712528,0.50583655,0.9016698,0.44052404,0.33147198,0.79902536,0.7981199,0.64833647,0.5406204,0.6254574,0.78094065,0.62260735,0.9383834,0.5671907,0.41348863,0.68000317,0.7829198,0.87030005,0.4187532,0.38906574,0.5691698,0.6701073,0.9261126,0.89113086,0.79281574,0.547399,0.5803521,0.46926153,0.9134212,0.85959274,0.1040657,0.9175032,0.47134954,0.8812845,0.7497688,0.2544824,0.5901292,0.61436903,0.71701366,0.50979483,0.63250315,0.47614902,0.5992532,0.6127115,0.64635736,0.6522949,0.5157324
BC2026_Train_0011_S03_20211114_200000_5,0.2985988,0.16312501,0.44124386,0.9190196,0.46945196,0.2799375,0.8747705,0.80764705,0.8123574,0.9373517,0.910435,0.66482043,0.68332565,0.33503884,0.30627164,0.56391454,0.65579045,0.39909256,0.59791964,0.5148144,0.651753,0.61642486,0.5915154,0.6719207,0.67587906,0.5637592,0.4145271,0.43668747,0.3244687,0.75018746,0.32548,0.38099563,0.394454,0.5727769,0.4129592,0.41632378,0.273329,0.2918342,0.64923704,0.38940713,0.44660503,0.64923704,0.3473498,0.38099563,0.31538627,0.31538627,0.26491752,0.26659983,0.31370395,0.3389384,0.3473498,0.3473498,0.3473498,0.62063813,0.2935165,0.33503884,0.3298125,0.7982905,0.36823735,0.49466154,0.67113394,0.66370714,0.67513686,0.7373817,0.2084988,0.47034255,0.6359988,0.71570975,0.2870625,0.42599997,0.34584373,0.34807798,0.41790643,0.65936476,0.3565523,0.4779247,0.30113563,0.3416096,0.4376981,0.5335195,0.7263794,0.28134394,0.768219,0.18238562,0.4812398,0.2951981,0.4278023,0.2700132,0.44561476,0.6059273,0.7427867,0.24373981,0.3862398,0.68779063,0.52869034,0.79988563,0.8530263,0.33478147,0.2496773,0.43373978,0.1843648,0.6159578,0.26090905,0.6840648,0.5200868,0.53784394,0.29123977,0.26946893,0.36634916,0.41790643,0.20613562,0.8329774,0.20217729,0.10509917,0.7109716,0.10915646,0.3545731,0.5396203,0.30509394,0.40603143,0.5761903,0.21009396,0.19030228,0.17644812,0.44983435,0.46629706,0.4080106,0.22256272,0.4436356,0.73022395,0.4040523,0.26353145,0.56832314,0.31795853,0.37852103,0.19228147,0.17248979,0.9137867,0.3486356,0.8236356,0.6712398,0.14478147,0.38821894,0.11311479,0.6751981,0.45353144,0.18238562,0.3427971,0.6835849,0.1962398,0.59812546,0.19178666,0.5199325,0.3506148,0.1309273,0.56634396,0.4156304,0.3743648,0.2838179,0.41597676,0.18624502,0.5346773,0.7222726,0.40009394,0.52478147,0.6336357,0.6649065,0.52280235,0.13706271,0.26946893,0.2821356,0.26748976,0.34665644,0.17842728,0.20860958,0.3367606,0.20722416,0.40998977,0.4382424,0.34665644,0.28530228,0.20613562,0.2773856,0.3752554,0.2595731,0.25363562,0.18238562,0.4331955,0.31894812,0.68113565,0.5386357,0.7326435,0.28005752,0.3545731,0.24373981,0.534133,0.2717608,0.29321894,0.21998979,0.25165647,0.49113563,0.45344833,0.32290646,0.3545731,0.3862398,0.4753023,0.66332316,0.3743648,0.41790643,0.087385625,0.30697417,0.23582314,0.40998977,0.5780705,0.68580645,0.36585438,0.45095855,0.42582312,0.1903023,0.40472522,0.1487398,0.2060367,0.5485315,0.49382335,0.22157314,0.22929187,0.65649503,0.47134396,0.3268648,0.5097398,0.4337398,0.28728145,0.36248976,0.37040642
BC2026_Train_0011_S03_20211114_200000_10,0.3075482,0.129375,0.5279321,0.9292345,0.6095991,0.24726953,0.8914753,0.79306126,0.7375457,0.9343738,0.86539984,0.66016024,0.6837123,0.37658784,0.32813784,0.5427142,0.6442346,0.48847407,0.46666864,0.48937955,0.7065634,0.55768067,0.54306906,0.6817398,0.68886477,0.62939084,0.37128863,0.3826445,0.27220702,0.630832,0.30614638,0.31792238,0.35325053,0.6190526,0.41044846,0.38353175,0.26745364,0.26072446,0.6606894,0.3784849,0.42895365,0.6606894,0.3196047,0.31792238,0.27418283,0.27418283,0.24390155,0.20520884,0.2539953,0.30951095,0.3196047,0.3196047,0.3196047,0.6097159,0.32296926,0.34933472,0.31495702,0.8085054,0.41381004,0.571525,0.6371343,0.68381786,0.64032567,0.68574756,0.29431784,0.4385991,0.5967345,0.7609296,0.4253945,0.42539454,0.38442576,0.42233986,0.4892359,0.6277776,0.2834026,0.5000224,0.3130901,0.3383245,0.26954842,0.42888126,0.6740407,0.23194425,0.78413177,0.13892342,0.4615276,0.34673592,0.28736094,0.24109791,0.5664235,0.6940401,0.74078804,0.22798592,0.41006926,0.7447958,0.60145473,0.81847036,0.8201526,0.26559007,0.3190276,0.5169442,0.17059007,0.5834601,0.24094945,0.60838175,0.3981448,0.63203275,0.4615276,0.25965258,0.33179322,0.28934008,0.20225674,0.91491514,0.2952776,0.12299113,0.67097294,0.17850675,0.45954844,0.577727,0.44965258,0.2834026,0.58121765,0.22402759,0.18246508,0.24579841,0.42001456,0.57156926,0.4318401,0.18622549,0.49319428,0.7731252,0.3902776,0.27350673,0.5486109,0.3644495,0.31398073,0.42788178,0.121110916,0.9112932,0.33881927,0.7663193,0.64756924,0.19829841,0.46746513,0.17059007,0.6515276,0.4734026,0.24184008,0.2745953,0.70946777,0.2715276,0.4962333,0.24188957,0.50224894,0.29131925,0.13298592,0.48329845,0.44262657,0.4437151,0.17692341,0.39285052,0.15841821,0.5842359,0.6869448,0.3605901,0.4773609,0.63371515,0.669439,0.45756927,0.16336614,0.24381927,0.29893902,0.39423594,0.42788178,0.1626734,0.22001976,0.36652762,0.3831526,0.3526734,0.39636356,0.23788173,0.4080901,0.21215259,0.4021526,0.3357021,0.41798595,0.2636109,0.23590258,0.2999781,0.35861093,0.7564234,0.48725677,0.704025,0.33495992,0.23194425,0.17850675,0.5326292,0.33641556,0.30319425,0.31506926,0.28538176,0.5802776,0.4171656,0.3427776,0.37642342,0.4753818,0.46350676,0.6911109,0.40809008,0.62184006,0.077569254,0.3130901,0.21413174,0.16267341,0.55489486,0.63062763,0.32486615,0.3938401,0.3784026,0.1804859,0.34599376,0.22798592,0.18187132,0.41600674,0.5096916,0.16851196,0.13912135,0.69259536,0.2774651,0.43579844,0.31229842,0.3526734,0.26756924,0.29329845,0.5090276
BC2026_Train_0011_S03_20211114_200000_15,0.31427512,0.1425,0.5241674,0.9264545,0.47075132,0.2610755,0.8950286,0.827821,0.6696856,0.9304409,0.86483145,0.7588471,0.53476584,0.3519123,0.32465917,0.5658156,0.6256211,0.3950482,0.5888569,0.41759956,0.6023152,0.45166597,0.6942751,0.6506576,0.6992461,0.63650656,0.37840837,0.46235672,0.25751302,0.7053984,0.32030544,0.3085294,0.36572734,0.69377416,0.4077846,0.39096174,0.2883419,0.28497732,0.70218563,0.39264402,0.44143045,0.70218563,0.31357628,0.3085294,0.26478982,0.26478982,0.24964918,0.23619084,0.28665963,0.33712837,0.31357628,0.31357628,0.31357628,0.61159414,0.3102117,0.3549404,0.30560675,0.82155865,0.40515187,0.58187664,0.687861,0.68697536,0.45826772,0.69025576,0.3237982,0.4876732,0.5801003,0.75480956,0.47304428,0.43741924,0.39466923,0.4211501,0.24031089,0.59260255,0.39072752,0.56434995,0.33135253,0.37914944,0.31156087,0.46692547,0.5051729,0.2224984,0.83509004,0.083956726,0.43822753,0.29374838,0.24822755,0.2068135,0.3293734,0.57083166,0.52729005,0.28385255,0.36499837,0.76300144,0.4894385,0.7818109,0.8261442,0.33135253,0.15520673,0.48374835,0.17104006,0.45113173,0.2665843,0.6829317,0.41927704,0.6409487,0.35906085,0.29572755,0.20048016,0.29572755,0.23041506,0.8954151,0.20468588,0.0906859,0.6430714,0.20864421,0.30760255,0.7097376,0.40854004,0.26999837,0.6151155,0.19479007,0.17104006,0.08593589,0.3839489,0.37063903,0.2917692,0.18529007,0.5055192,0.8260177,0.5154151,0.08989423,0.4461442,0.2910765,0.23556091,0.28979003,0.21260257,0.8615713,0.3174984,0.800415,0.64999837,0.14926922,0.3155192,0.103748396,0.6598942,0.36895669,0.20072757,0.30982912,0.7662819,0.17697755,0.4578609,0.17351401,0.38667026,0.35312337,0.12354006,0.55895674,0.5288734,0.3828109,0.15728486,0.32962078,0.19765985,0.5253109,0.63515466,0.28187338,0.30958173,0.67572755,0.71303487,0.43426922,0.14788382,0.09385256,0.24005856,0.23437339,0.4223942,0.22645673,0.1566911,0.36301923,0.23269111,0.35312337,0.42848015,0.41249835,0.34718588,0.20864423,0.22645673,0.29582652,0.29374838,0.29374838,0.22843589,0.27578744,0.2917692,0.79875255,0.35906088,0.623527,0.311264,0.29572752,0.107706726,0.49745408,0.2694442,0.28385255,0.31354004,0.37885255,0.5728109,0.4511317,0.34322754,0.4936442,0.45604005,0.43624836,0.6717692,0.45406088,0.47385257,0.08197756,0.2321963,0.22645673,0.12749839,0.3402588,0.7026442,0.41893065,0.301764,0.41447756,0.121560894,0.32180303,0.20666507,0.14788382,0.39270672,0.43094423,0.15223798,0.14491506,0.67364943,0.29374838,0.3452067,0.3348161,0.31354004,0.2224984,0.40656087,0.30166504
BC2026_Train_0011_S03_20211114_200000_20,0.32550317,0.1575,0.4577978,0.9142546,0.40986398,0.24311456,0.916054,0.833117,0.7206558,0.91050243,0.833117,0.6682524,0.71030974,0.31422868,0.30211622,0.57136697,0.6074838,0.4160984,0.65746266,0.39283824,0.5018507,0.46097106,0.7549823,0.63677543,0.6671557,0.63222337,0.37403417,0.45864582,0.23242708,0.69159377,0.316398,0.30798653,0.36518446,0.6461271,0.39546576,0.39546576,0.27097616,0.2625647,0.6818759,0.37864283,0.42574698,0.6818759,0.30462196,0.30798653,0.26088238,0.26088238,0.24742407,0.24237719,0.27265847,0.3180803,0.30462196,0.30462196,0.30462196,0.6103785,0.27602303,0.32785526,0.2787396,0.8390463,0.43063533,0.6029861,0.7325226,0.71237963,0.48323667,0.7192622,0.24509835,0.4570671,0.49625462,0.74210507,0.37670833,0.39095834,0.3161458,0.26612818,0.3345091,0.5621133,0.33648828,0.46196747,0.30680078,0.39269662,0.2929466,0.36078253,0.5443998,0.1445091,0.81742585,0.10096746,0.42159244,0.37211326,0.41565493,0.22194402,0.40180075,0.29096743,0.5047174,0.40180078,0.24346745,0.6963528,0.46117574,0.64127994,0.8649258,0.22763412,0.12669662,0.4413841,0.1583633,0.5480533,0.38121745,0.69218415,0.5193713,0.60238194,0.35034245,0.20388411,0.22436848,0.49086323,0.21971746,0.90070915,0.35627994,0.099878915,0.3927956,0.23752996,0.22961329,0.62038785,0.28898826,0.30086327,0.6420222,0.19794662,0.14846745,0.089092456,0.4458887,0.21852995,0.29888412,0.20546746,0.48492578,0.832222,0.40377992,0.23357163,0.5541966,0.2436654,0.21338414,0.37409243,0.09107162,0.7947841,0.32659242,0.80927163,0.6491966,0.19992578,0.3582591,0.15440495,0.6274258,0.20190495,0.2810716,0.3219414,0.63301444,0.15242578,0.43752673,0.2061107,0.26979035,0.33252996,0.13461329,0.51659244,0.5070924,0.2929466,0.113931,0.25930077,0.14252995,0.31273827,0.5239649,0.40773827,0.29096743,0.66898835,0.73034245,0.4235716,0.17726435,0.09700912,0.2725686,0.15242578,0.3285716,0.19200912,0.1640534,0.41565493,0.13777995,0.4295091,0.42372006,0.2573216,0.3641966,0.17815495,0.1464883,0.27651954,0.21377996,0.15638411,0.17815496,0.38176173,0.22961329,0.76264244,0.38992575,0.583142,0.25484768,0.27117574,0.17419663,0.42540237,0.29116735,0.26721743,0.23555078,0.19596745,0.6003112,0.48463088,0.24148831,0.37805077,0.47502992,0.3998216,0.68284243,0.42555076,0.37409243,0.08117578,0.31204557,0.3048216,0.29294664,0.4028893,0.66526747,0.39111328,0.32540494,0.4295091,0.1445091,0.29878518,0.21773829,0.13857162,0.27117574,0.42911524,0.17112891,0.1785508,0.64642584,0.2513841,0.24148831,0.2773112,0.2414883,0.22565496,0.4354466,0.3839883
BC2026_Train_0011_S03_20211114_200000_25,0.35207307,0.159375,0.35087365,0.9019298,0.3094662,0.21626301,0.8849172,0.68009824,0.7439412,0.91898364,0.84159815,0.64813465,0.6582284,0.28174996,0.27417967,0.5545336,0.39763805,0.4884818,0.73501056,0.3438777,0.45137617,0.36280352,0.49457306,0.6271225,0.57794017,0.47512242,0.3354992,0.28395054,0.25010678,0.6659296,0.33011127,0.29478312,0.3671217,0.50843424,0.3873092,0.32169983,0.2645019,0.27291334,0.67212117,0.3452519,0.44114253,0.67212117,0.2981477,0.29478312,0.2611373,0.2611373,0.25272587,0.24431442,0.25945503,0.31160608,0.2981477,0.2981477,0.2981477,0.60205364,0.22917378,0.28780624,0.26791924,0.89797145,0.34143963,0.5635863,0.75368524,0.45641932,0.3761146,0.6974324,0.22485682,0.46176305,0.5045131,0.58757216,0.35698178,0.358763,0.28216925,0.21946894,0.1706278,0.7030236,0.19437781,0.3618648,0.38635695,0.41703406,0.38239864,0.34608096,0.34039083,0.11323199,0.7366695,0.16666947,0.3546903,0.25375283,0.39427364,0.2673596,0.31708613,0.17854448,0.2300028,0.25177366,0.4160445,0.6998248,0.43360958,0.7230132,0.7505236,0.27948198,0.11916949,0.63731533,0.17458615,0.43051216,0.15157834,0.72883195,0.25583097,0.5918736,0.28146115,0.22010699,0.1293622,0.315107,0.19635698,0.819557,0.25177366,0.08235699,0.24326323,0.14489865,0.338857,0.48800945,0.2359403,0.14094031,0.68872416,0.13500282,0.12312782,0.049898654,0.27938303,0.27458358,0.24781533,0.1205549,0.45958614,0.7877098,0.35073197,0.17854449,0.5011487,0.14321636,0.10957053,0.21021114,0.3546903,0.927857,0.35864863,0.7881278,0.5862528,0.28541946,0.25573197,0.16271114,0.62583613,0.19635698,0.20229448,0.20001844,0.6736652,0.21219033,0.35985595,0.16439344,0.20684657,0.208232,0.09146115,0.44177362,0.5078779,0.22802365,0.16459136,0.27379188,0.16122678,0.46948197,0.5176747,0.24781533,0.20031533,0.73271114,0.6852111,0.4081278,0.16310698,0.17062782,0.16659032,0.12708615,0.25771114,0.14094031,0.09373719,0.42198196,0.08448459,0.55656534,0.28210437,0.14687781,0.33489865,0.3566695,0.08948199,0.14628407,0.17656532,0.27552366,0.14687781,0.17483355,0.31114864,0.7626361,0.27156532,0.54909396,0.26632056,0.22604448,0.08750282,0.26696375,0.210132,0.29729447,0.28541946,0.25375283,0.6324664,0.4136893,0.12906532,0.41208616,0.49323195,0.3843778,0.7168778,0.29927367,0.3903153,0.099377826,0.3201539,0.32302368,0.25573197,0.3711174,0.56764865,0.32520077,0.4103049,0.5031278,0.15083614,0.26805228,0.12510699,0.08235699,0.36458614,0.3632205,0.13262782,0.113825746,0.6325653,0.32500282,0.20427366,0.2155549,0.32104447,0.22406532,0.27948198,0.30323198
BC2026_Train_0011_S03_20211114_200000_30,0.33362052,0.11812499,0.30080834,0.92693746,0.2784635,0.22571744,0.8171037,0.6184251,0.7513261,0.90946144,0.8388052,0.5999198,0.68908125,0.28282169,0.26616699,0.5508948,0.3915729,0.6676666,0.6639817,0.28395203,0.453527,0.36344028,0.5196622,0.6032448,0.56455207,0.45658854,0.31688806,0.25599867,0.12240494,0.64292574,0.27026188,0.22484,0.30222544,0.41830355,0.37624627,0.21138166,0.21642853,0.20801708,0.61563635,0.27194417,0.34091812,0.61563635,0.26185042,0.22484,0.21642853,0.21642853,0.20969936,0.1827827,0.19960561,0.25343895,0.26185042,0.26185042,0.26185042,0.5555786,0.13567853,0.27222323,0.26134244,0.94277084,0.27977967,0.42134452,0.6148081,0.6261042,0.38827756,0.6941182,0.23304166,0.38622913,0.5805833,0.45675677,0.37177992,0.3379362,0.2666862,0.21882887,0.2884,0.6723584,0.157775,0.3689026,0.26069167,0.3433219,0.5179834,0.17009531,0.238525,0.11423334,0.66048336,0.112254165,0.3893375,0.15975417,0.35173333,0.28251198,0.3537125,0.14392084,0.25475416,0.3834,0.22110833,0.6038445,0.51382715,0.56548333,0.6545458,0.1993375,0.086525,0.6696865,0.10235833,0.5048417,0.2494599,0.5958042,0.26247293,0.532127,0.16569166,0.15381666,0.17647813,0.43287918,0.34381667,0.6150417,0.47444168,0.10107188,0.29285315,0.102358334,0.27256665,0.3776134,0.12610833,0.1637125,0.6494495,0.1637125,0.09048333,0.062775,0.28266042,0.19790262,0.1518375,0.16875938,0.36954585,0.7382126,0.39923334,0.12412917,0.43881667,0.18488958,0.099092714,0.15975417,0.32996252,0.95844686,0.35965002,0.76537913,0.46652502,0.46850416,0.19735833,0.16965,0.56548333,0.16173333,0.21517085,0.18657188,0.4576534,0.2409,0.36857605,0.17944688,0.24109793,0.300275,0.07267084,0.5001709,0.43080103,0.2230875,0.08187397,0.3321396,0.08187397,0.42298335,0.44430885,0.24881667,0.13798334,0.727775,0.5832958,0.48829582,0.19359791,0.32798332,0.17539702,0.10829583,0.23100416,0.18350416,0.08860313,0.40517083,0.09191823,0.5793375,0.29186356,0.2587125,0.3418375,0.24287918,0.04298334,0.15361875,0.1755875,0.122150004,0.12610833,0.2606422,0.18548334,0.71582085,0.25475416,0.47953805,0.28355104,0.22704583,0.08454583,0.24139479,0.18352397,0.20725417,0.08256666,0.16569167,0.5331239,0.26090938,0.1637125,0.3141292,0.41506666,0.38142085,0.7238167,0.31215,0.22506666,0.1459,0.2515875,0.3834,0.2587125,0.2760302,0.612825,0.40131146,0.2810771,0.67235833,0.2349625,0.2789,0.1162125,0.087613545,0.32798335,0.38539895,0.10374376,0.091373965,0.6175354,0.35371253,0.22110833,0.12600939,0.10829583,0.17360833,0.31610832,0.34975418
BC2026_Train_0011_S03_20211114_200000_35,0.26694435,0.099375,0.29289192,0.92356485,0.2984451,0.14905468,0.77680314,0.45641065,0.6650148,0.86184293,0.8012805,0.45489657,0.4670091,0.34051824,0.25724477,0.46542835,0.3741482,0.8228253,0.6378697,0.30023375,0.42590097,0.54366136,0.32829857,0.6101638,0.4115545,0.41778886,0.2988815,0.2968984,0.09027344,0.57180464,0.24769084,0.19385754,0.26787835,0.39405024,0.37049815,0.20563358,0.20563358,0.1753523,0.58389693,0.25105545,0.323394,0.58389693,0.25442004,0.19385754,0.19217525,0.19217525,0.1972221,0.14843565,0.161894,0.23759712,0.25442004,0.25442004,0.25442004,0.5352787,0.15011795,0.27087134,0.25592968,0.93939817,0.27310187,0.4025542,0.5909709,0.42580447,0.38283184,0.70330834,0.33852324,0.35455447,0.49171072,0.43824184,0.29155466,0.29333594,0.23989844,0.19767354,0.23896128,0.8267737,0.17562793,0.48942482,0.25281543,0.19878419,0.5734404,0.22218782,0.28072166,0.10041959,0.63479453,0.06281543,0.3280238,0.13802376,0.41708624,0.40006542,0.34583628,0.25083625,0.25281543,0.22510709,0.22708626,0.5889472,0.49135453,0.4962529,0.4032321,0.15187792,0.2646904,0.5739352,0.094482094,0.38779455,0.27745605,0.6480946,0.23148993,0.5393938,0.3121904,0.114273764,0.20521648,0.3478154,0.23302376,0.63827795,0.4210446,0.072810225,0.35053676,0.104377925,0.19739875,0.30067563,0.22312793,0.13604459,0.5404378,0.17958626,0.13604459,0.11031543,0.23653679,0.18166439,0.23104459,0.1455446,0.39135712,0.73093855,0.34583628,0.21125294,0.27656543,0.1117998,0.08320085,0.12416959,0.31021124,0.9144508,0.28448206,0.71989876,0.5457321,0.50614876,0.3794821,0.25083625,0.49427372,0.13208626,0.20333625,0.24895605,0.42374617,0.20135708,0.18760188,0.22946127,0.18705763,0.2646904,0.0647946,0.4606279,0.40907067,0.2646904,0.10536751,0.43583888,0.10368522,0.4131279,0.3685472,0.33198208,0.15781543,0.6763571,0.5338571,0.47844046,0.16028939,0.17166959,0.1378308,0.1835446,0.25083625,0.21323209,0.12179459,0.40125293,0.07063314,0.48239875,0.33589095,0.19344042,0.3141696,0.2072946,0.025211262,0.11471907,0.17760709,0.3300029,0.23104459,0.31931543,0.28646123,0.6726362,0.3794821,0.3234222,0.3920498,0.21521127,0.14000294,0.3577608,0.19601335,0.26073208,0.07271126,0.16177376,0.48833627,0.17750815,0.20927376,0.28448206,0.4131279,0.36760712,0.7020862,0.31021124,0.4269821,0.2646904,0.34662795,0.41312796,0.2963571,0.49353158,0.5588738,0.4156019,0.2139248,0.5496904,0.23698209,0.1932425,0.12021126,0.15524252,0.17364876,0.38443,0.15751855,0.11862793,0.58947164,0.30427378,0.2132321,0.1319873,0.14198208,0.18750294,0.3715654,0.5378154
BC2026_Train_0011_S03_20211114_200000_40,0.378516,0.13125,0.27070275,0.92385244,0.26310772,0.18117969,0.723155,0.44936216,0.7242485,0.8790194,0.7780819,0.41302463,0.50084025,0.26827335,0.2531327,0.45526004,0.41006085,0.75938374,0.738052,0.27071142,0.4418005,0.43044502,0.2894535,0.5808629,0.4047171,0.38601395,0.29022723,0.28627342,0.11349218,0.5599922,0.25897157,0.24383093,0.30102882,0.40869552,0.3514976,0.25897157,0.21691427,0.186633,0.5819716,0.28757054,0.32121637,0.5819716,0.25728926,0.24383093,0.21859655,0.21859655,0.21018511,0.20009136,0.19504447,0.24719551,0.25728926,0.25728926,0.25728926,0.52662414,0.11429448,0.2713015,0.2738047,0.94760245,0.2731124,0.36622724,0.68317103,0.44034207,0.36934447,0.6952043,0.4581546,0.36731082,0.6480359,0.5834408,0.2738047,0.30586717,0.20433593,0.16476598,0.32506156,0.7664158,0.14495738,0.37226468,0.22214489,0.2774626,0.56454074,0.28255898,0.36345738,0.067769885,0.6476657,0.10339488,0.31714487,0.14297822,0.29933238,0.20472823,0.45172822,0.19839488,0.38839486,0.29537407,0.23204072,0.5765271,0.4968038,0.52297825,0.44776988,0.16474904,0.11329071,0.44974902,0.105374046,0.44729492,0.23431677,0.6134657,0.22387667,0.5459168,0.17068656,0.14495738,0.16900426,0.2815199,0.16672821,0.68709075,0.33693656,0.11160842,0.3052204,0.09151988,0.21224904,0.29794204,0.12912406,0.07964488,0.62168926,0.14693655,0.08558238,0.091519885,0.3332256,0.2154652,0.18651989,0.14085062,0.31120738,0.7307958,0.21224906,0.09349904,0.5111032,0.17335844,0.08251468,0.111311555,0.3270407,0.67636365,0.36662406,0.73079073,0.5368324,0.45766568,0.27954072,0.24193655,0.520999,0.10339488,0.15287405,0.17236885,0.3927367,0.20829071,0.30934697,0.17731677,0.23495999,0.27360323,0.07568655,0.39037403,0.40195218,0.2458949,0.08746259,0.2225902,0.105967805,0.37256154,0.36162665,0.22214489,0.21224904,0.71891576,0.5427699,0.2696449,0.1166553,0.16870737,0.13745634,0.13901988,0.2557907,0.17662404,0.073014684,0.29339486,0.07247041,0.4418324,0.3332751,0.19443655,0.2973532,0.22016571,0.032144886,0.15589228,0.17068656,0.24985322,0.115269884,0.29893655,0.33297822,0.64061993,0.42401987,0.32728812,0.27894697,0.14099905,0.1845407,0.269348,0.2218678,0.14297822,0.15485322,0.1845407,0.5111032,0.18990427,0.17662404,0.26766568,0.3032907,0.29141572,0.6674574,0.39433238,0.22412404,0.16474906,0.1914678,0.3171449,0.36068657,0.32709017,0.62985325,0.42362404,0.28587407,0.6694365,0.12120738,0.2154157,0.08558238,0.11160842,0.29735324,0.38168553,0.10092093,0.07187666,0.5799782,0.27756155,0.18849905,0.14139488,0.14099903,0.10735321,0.22412404,0.51506156
BC2026_Train_0011_S03_20211114_200000_45,0.32462534,0.11812501,0.2679495,0.95422995,0.2566727,0.17056382,0.74933726,0.46780577,0.7176261,0.86903226,0.7950115,0.4390386,0.57294893,0.26600644,0.25692207,0.6079322,0.34128207,0.6607196,0.8090719,0.38368767,0.3988283,0.5813569,0.44931287,0.5719539,0.40184456,0.39561018,0.29704472,0.27565753,0.14918879,0.57985544,0.25141954,0.21945602,0.29515916,0.38936746,0.34731016,0.23123206,0.19758622,0.19758622,0.57029796,0.24637268,0.34058103,0.57029796,0.23291437,0.21945602,0.17235184,0.17235184,0.19926853,0.15721124,0.18412791,0.25814873,0.23291437,0.23291437,0.23291437,0.52596956,0.17235187,0.26752052,0.25428253,0.93641746,0.28269875,0.46665734,0.78343284,0.3715633,0.355636,0.72018856,0.4178758,0.3858133,0.6355841,0.5152716,0.25072005,0.31128252,0.21865755,0.15837538,0.26787037,0.87349546,0.1550579,0.36356312,0.2500579,0.43540686,0.5687038,0.21517509,0.3155188,0.07193291,0.6063079,0.09964124,0.32328704,0.15703706,0.3094329,0.14100583,0.2322454,0.13526624,0.37672454,0.31932873,0.30745372,0.5706334,0.5413913,0.57266206,0.4163079,0.1966204,0.04422458,0.6226361,0.060057916,0.41909856,0.19196938,0.57764965,0.24639645,0.46770194,0.1372454,0.15109958,0.11789906,0.30547458,0.19068292,0.67122453,0.34505793,0.084104784,0.2680188,0.15703706,0.22037041,0.40333447,0.18276626,0.18672459,0.65652925,0.23422459,0.10162041,0.03234958,0.31705272,0.267722,0.15703706,0.1710397,0.3747454,0.79463553,0.3094329,0.064016245,0.43609956,0.15436521,0.15100062,0.25203708,0.3034954,0.59680796,0.31141207,0.7408913,0.44203705,0.4064121,0.17287041,0.14714125,0.52516204,0.1431829,0.19662042,0.25752926,0.45791987,0.15109958,0.28451517,0.18583396,0.18068813,0.3272454,0.08182874,0.4400579,0.5161569,0.18078707,0.15416728,0.29914123,0.11715687,0.22432876,0.35816988,0.21641208,0.12734959,0.6854746,0.6398547,0.32328707,0.21532354,0.09568291,0.17313266,0.08182874,0.20057875,0.18474542,0.10844854,0.36287037,0.06416469,0.41037038,0.32902664,0.20651625,0.35099542,0.2777662,0.022453748,0.089844376,0.20651625,0.12339124,0.16693291,0.29577664,0.26984957,0.70209956,0.31734958,0.39577407,0.45658395,0.13922457,0.11745375,0.2819225,0.21385895,0.22828707,0.07391208,0.2104746,0.44203705,0.24077564,0.15703708,0.22234958,0.31339124,0.41037038,0.7131829,0.38464123,0.26787037,0.17880791,0.35901102,0.45984957,0.3787037,0.20240949,0.6297413,0.46499538,0.30923498,0.4697454,0.14714125,0.18261781,0.14714125,0.09251626,0.2500579,0.34339544,0.10874542,0.10543031,0.5813705,0.34901625,0.17682873,0.14595376,0.18672459,0.11349541,0.34901622,0.30151623
BC2026_Train_0011_S03_20211114_200000_50,0.25741294,0.08624999,0.43532738,0.9694996,0.28480682,0.18392967,0.8633866,0.50497425,0.8076186,0.9270613,0.87827486,0.64780086,0.5956498,0.26985624,0.265314,0.61363256,0.41394743,0.68252033,0.7444609,0.3731791,0.42919943,0.6367942,0.5463713,0.60147357,0.4870678,0.42730683,0.30695072,0.37808594,0.22133593,0.6814922,0.24979632,0.1909161,0.28512445,0.4197078,0.36923903,0.21951507,0.19259839,0.1909161,0.590881,0.24643174,0.37092128,0.590881,0.22624424,0.1909161,0.15222341,0.15222341,0.20437445,0.13540047,0.18418694,0.2683015,0.22624424,0.22624424,0.22624424,0.5494125,0.1892338,0.2774265,0.27299216,0.91606206,0.30307454,0.484005,0.7052264,0.42107245,0.36407247,0.74763495,0.34091622,0.36763495,0.47807243,0.6200431,0.3139609,0.3335547,0.25339842,0.17428795,0.16353543,0.6625229,0.18530627,0.39381146,0.33572292,0.25022292,0.6435823,0.286887,0.645413,0.12791044,0.7157229,0.08634793,0.33176458,0.12791044,0.2723896,0.2729339,0.28624374,0.14968126,0.3555146,0.45051455,0.20509793,0.61686355,0.6819781,0.51780623,0.52374375,0.21103543,0.16749376,0.64051455,0.07843126,0.3500719,0.28950942,0.6388521,0.29331928,0.51252687,0.12593126,0.15561877,0.18674116,0.43072295,0.17343126,0.67851454,0.45645207,0.06784272,0.20272295,0.08041043,0.23874377,0.46177608,0.20311876,0.112077095,0.6210198,0.15363958,0.07843126,0.1298896,0.26135576,0.15834011,0.13384792,0.07382971,0.36738962,0.8137115,0.49009794,0.17343126,0.44259793,0.18867086,0.14661357,0.058639597,0.35749376,0.5981604,0.19124377,0.7018687,0.5277021,0.46436876,0.2189521,0.16155626,0.50988954,0.121972926,0.23478544,0.29272556,0.43854064,0.2070771,0.45269167,0.20549378,0.33987916,0.2486396,0.060618762,0.4544729,0.36798334,0.17541043,0.2004469,0.3892594,0.09446252,0.30009794,0.4063297,0.18728544,0.20311877,0.59895205,0.68554056,0.31593126,0.08634793,0.19718125,0.14090861,0.1595771,0.25655627,0.1477021,0.0978271,0.32978547,0.09945991,0.40103543,0.33131927,0.1417646,0.32582712,0.2427021,0.046764597,0.18510835,0.20311876,0.3198896,0.19322293,0.3015328,0.25259793,0.72569793,0.34166044,0.55709267,0.3240459,0.19124377,0.09030626,0.25898075,0.15997294,0.21499377,0.12791044,0.2486396,0.46634793,0.15829065,0.17541043,0.45843124,0.34561878,0.2723896,0.7374937,0.3020771,0.2545771,0.29218125,0.13731147,0.4267646,0.28030628,0.24309793,0.5753604,0.34591568,0.22667086,0.37332714,0.1595771,0.3644703,0.088327095,0.13849898,0.3792646,0.41904587,0.12642607,0.08897033,0.54690003,0.36343127,0.23874377,0.15334272,0.17738959,0.14176458,0.24863958,0.46041042
BC2026_Train_0011_S03_20211114_200000_55,0.3211477,0.133125,0.35541898,0.9365716,0.36924344,0.19968359,0.8654057,0.61449194,0.767244,0.908893,0.85337734,0.5959867,0.65486693,0.29449627,0.27481347,0.58023345,0.5664674,0.45385283,0.65978885,0.3123956,0.4865128,0.37977138,0.44187686,0.63316536,0.6143633,0.49749345,0.33461893,0.3635586,0.10883984,0.65152735,0.28185928,0.2532603,0.32055196,0.48373428,0.38616133,0.26167178,0.22466135,0.24484885,0.68510467,0.3171874,0.39793736,0.68510467,0.27008322,0.2532603,0.23980197,0.23980197,0.23980197,0.20783842,0.2532603,0.34073946,0.27008322,0.27008322,0.27008322,0.5982984,0.2145676,0.29298222,0.2709336,0.92271745,0.3297294,0.5893911,0.7004224,0.6753216,0.41199347,0.72489965,0.34519657,0.43960282,0.6040716,0.64805365,0.39205858,0.3404023,0.26737106,0.18656436,0.341796,0.78512937,0.26262933,0.5427309,0.29627517,0.26173872,0.68627,0.3967179,0.60754865,0.11617102,0.7514835,0.15773353,0.35169184,0.19137935,0.35169187,0.35995486,0.29231685,0.22898354,0.30617103,0.4150252,0.21315019,0.61148477,0.6437674,0.5951294,0.5515877,0.23492101,0.19137935,0.6864679,0.13794185,0.35652104,0.21804863,0.693771,0.3506033,0.59769243,0.23690021,0.18148352,0.18168144,0.37346268,0.3140877,0.6964627,0.52981687,0.10043664,0.38588196,0.09440018,0.21710853,0.43306533,0.20523351,0.20721269,0.6427284,0.1894002,0.100337684,0.16960852,0.3606971,0.33219707,0.13794185,0.16545227,0.4981502,0.8169643,0.41700435,0.062733516,0.5852335,0.13635851,0.13467623,0.14190018,0.36356688,0.6990356,0.26262933,0.76335853,0.579296,0.42294183,0.3200252,0.13002518,0.5971085,0.19731686,0.448671,0.36336896,0.43459174,0.19731686,0.5432554,0.2209679,0.29043666,0.32794183,0.07262935,0.57533765,0.47370753,0.26856685,0.1865304,0.34263718,0.09905124,0.32002518,0.4808325,0.19137935,0.436796,0.7000252,0.68597305,0.38533768,0.13240018,0.14190018,0.19158716,0.20325434,0.25867102,0.18742101,0.13012414,0.41700438,0.13368663,0.42887935,0.3637153,0.19335853,0.35367104,0.23492102,0.07262935,0.17940539,0.20919186,0.18544187,0.16762935,0.40874135,0.20919186,0.7533835,0.39325434,0.5316971,0.50379086,0.3259627,0.07856685,0.2981059,0.20006791,0.2725252,0.17158768,0.2012752,0.54762936,0.32792208,0.21315019,0.603046,0.40710852,0.34773353,0.7257544,0.3358585,0.51992106,0.27648354,0.35911375,0.47637936,0.2883585,0.34718928,0.62267935,0.37425438,0.27015018,0.4684627,0.11815019,0.43427262,0.13002518,0.23838456,0.26262933,0.43558875,0.19157727,0.11834811,0.59888977,0.42294186,0.2725252,0.17841582,0.22106686,0.15377519,0.34575436,0.38731685
BC2026_Train_0011_S03_20211114_200000_60,0.2690694,0.11624999,0.39531857,0.9239094,0.45237297,0.17382942,0.891931,0.7122623,0.70839304,0.8956321,0.8216112,0.7307675,0.5911373,0.34251142,0.27286455,0.5493492,0.6784927,0.40160736,0.7042244,0.4406093,0.67899007,0.49965772,0.6728193,0.6294094,0.64613336,0.6220865,0.30693093,0.32701692,0.20767318,0.6110273,0.30146262,0.25772303,0.35193136,0.57904077,0.37884802,0.34183758,0.2812751,0.25604075,0.72001684,0.36875427,0.41249385,0.72001684,0.27118137,0.25772303,0.2644522,0.2644522,0.2644522,0.19547823,0.2425824,0.32501468,0.27118137,0.27118137,0.27118137,0.6013311,0.29136884,0.307688,0.2504232,0.9021386,0.32534015,0.43359566,0.5708706,0.69036776,0.60937035,0.745636,0.2769198,0.41585734,0.68466777,0.66961616,0.2646732,0.35907942,0.25398567,0.21761106,0.36258823,0.7330882,0.25769237,0.52784866,0.43581736,0.31330696,0.5367549,0.32424185,0.6684684,0.1963382,0.68915063,0.07956737,0.35467154,0.2755049,0.23196322,0.3303278,0.18644239,0.4476924,0.39029652,0.3863382,0.18050487,0.67257273,0.67455435,0.6713382,0.76673406,0.28935903,0.28935903,0.6509529,0.14685903,0.4738372,0.2923278,0.58662987,0.44170538,0.63436747,0.28935903,0.30915073,0.2137054,0.48133823,0.3447757,0.79127574,0.39821318,0.13231216,0.6371976,0.17852572,0.19435905,0.4455133,0.31904653,0.25175488,0.6653513,0.29331738,0.18050487,0.15279654,0.39628354,0.31973925,0.25769237,0.3371559,0.4773799,0.8245673,0.4397757,0.123109035,0.44175488,0.19237988,0.24453092,0.31706738,0.2695674,0.69706744,0.39821318,0.7445674,0.6179007,0.39623404,0.37842155,0.1369632,0.5961299,0.21019237,0.25175488,0.2759502,0.5441297,0.21612988,0.65552473,0.18322623,0.361945,0.23592153,0.11123403,0.43185902,0.61443716,0.24779655,0.18119761,0.32968456,0.112223625,0.44967154,0.45041373,0.22008821,0.55060905,0.54071313,0.6897445,0.32894236,0.18951009,0.11717154,0.20639238,0.22404654,0.29529655,0.24977571,0.12434601,0.4041507,0.28272885,0.4061299,0.37574965,0.4180049,0.30123404,0.32498404,0.15279654,0.17521062,0.2557132,0.11519237,0.18842155,0.3908903,0.25373405,0.7868424,0.46550485,0.48534605,0.4409632,0.17060904,0.119150706,0.41276008,0.36280593,0.3091507,0.28144237,0.21415073,0.54467154,0.4065455,0.36456737,0.30915073,0.4575882,0.4397757,0.681234,0.3922757,0.49717152,0.18842155,0.30974445,0.26956737,0.17258821,0.4521455,0.6416507,0.491432,0.35199967,0.3269632,0.1844632,0.45649967,0.19435905,0.13062988,0.26560906,0.48224863,0.1610101,0.20593718,0.59919757,0.23592155,0.30123404,0.20752051,0.1369632,0.16665071,0.29727572,0.60998404
BC2026_Train_0012_S03_20220211_233000_5,0.3417671,0.106874995,0.24150875,0.8734814,0.3669137,0.06930469,0.44287908,0.61422044,0.62709,0.558116,0.5480223,0.20214313,0.71456915,0.3259806,0.29872745,0.2616329,0.39096054,0.17097619,0.46324593,0.29367092,0.4556756,0.17935921,0.16562128,0.34464803,0.29833555,0.4150074,0.09811417,0.15480469,0.14233594,0.4291172,0.18186629,0.20878296,0.13476212,0.055694405,0.09943399,0.12803295,0.21719441,0.14653817,0.084293365,0.13476212,0.05905899,0.084293365,0.28785068,0.20878296,0.15494964,0.15494964,0.15831421,0.32990795,0.16336107,0.12803295,0.28785068,0.28785068,0.28785068,0.06074128,0.2794392,0.24270715,0.38814843,0.90316886,0.289558,0.44626343,0.57411754,0.23421057,0.7469434,0.5016653,0.37671056,0.03649182,0.5528564,0.23242438,0.058617186,0.14233594,0.29908594,0.35760045,0.43475276,0.16756529,0.08444029,0.20576322,0.6306903,0.30135694,0.72994554,0.12253926,0.17741166,0.14777362,0.32391945,0.3140236,0.1438153,0.3674611,0.76181006,0.6385575,0.30610695,0.1735028,0.5396486,0.35360697,0.4268361,0.16514082,0.48764604,0.4406903,0.13589862,0.16360696,0.28829443,0.18933614,0.19923197,0.11974863,0.2124924,0.53743196,0.73557425,0.5063987,0.37537777,0.07850279,0.20927621,0.46839863,0.18735695,0.1022528,0.55944026,0.4328726,0.17028666,0.2328778,0.5574611,0.07226842,0.44266942,0.2605861,0.24539603,0.33579445,0.36746112,0.31204444,0.38821468,0.2913127,0.4189194,0.27874497,0.7256903,0.20348717,0.07058612,0.77071637,0.1853778,0.19131531,0.19972676,0.06069029,0.2091278,0.2091278,0.26454443,0.7375653,0.6029819,0.30016944,0.3852736,0.49808612,0.16954446,0.27048194,0.24079448,0.21095851,0.16009395,0.16954446,0.18872258,0.45197153,0.30106008,0.5772528,0.26256528,0.44266942,0.37706006,0.37735695,0.35390383,0.32446373,0.1806278,0.6722527,0.173008,0.33381528,0.5911069,0.61485696,0.072565295,0.23089862,0.3723101,0.2447528,0.4660236,0.16954446,0.38131526,0.43673193,0.24336739,0.2210028,0.1685054,0.82266945,0.23277886,0.3496486,0.21506529,0.6762111,0.5376694,0.44573718,0.15371114,0.3555861,0.5099611,0.4585523,0.2685028,0.4941278,0.2744403,0.09567207,0.69499344,0.21506529,0.2724611,0.2765184,0.39732674,0.49808612,0.44266945,0.106211126,0.35756528,0.24255592,0.12600279,0.30016947,0.45256525,0.3496486,0.48423192,0.5238152,0.2783986,0.42881528,0.65327257,0.45850277,0.6603778,0.24598977,0.70795685,0.40328404,0.313133,0.27641946,0.5752736,0.13198978,0.39121112,0.49511737,0.3377736,0.20218092,0.3976434,0.1929481,0.27839857,0.21704447,0.2962111,0.351133,0.16954446,0.31204444,0.09829446,0.6722527
BC2026_Train_0012_S03_20220211_233000_10,0.38581473,0.193125,0.24039131,0.8661581,0.3960071,0.13671093,0.44933194,0.47605515,0.6061216,0.5489236,0.47507098,0.23584914,0.60107464,0.35746086,0.3271796,0.2961413,0.5475123,0.3220852,0.5312349,0.34332293,0.47353226,0.18358934,0.21164806,0.34880397,0.34880394,0.47972587,0.11445382,0.20796093,0.18658592,0.40746093,0.24509598,0.27369493,0.21145016,0.09705432,0.123970985,0.19126265,0.25518972,0.19294494,0.100418895,0.19294494,0.09200744,0.100418895,0.3477158,0.27369493,0.19462724,0.19462724,0.21649703,0.35780954,0.20976786,0.18621577,0.3477158,0.3477158,0.3477158,0.07686682,0.36117414,0.25601867,0.42171094,0.89782476,0.29762274,0.4376735,0.60472506,0.25439772,0.72326237,0.5617623,0.3683977,0.033522725,0.4645852,0.2691585,0.06367969,0.15452343,0.3451172,0.4451897,0.4271481,0.12829392,0.13621059,0.34243977,0.7640814,0.3898408,0.81367934,0.15887205,0.38563508,0.34798142,0.3380856,0.44298142,0.25100225,0.44100228,0.6779085,0.5154684,0.4489189,0.1955856,0.34798142,0.3123564,0.38954392,0.19632778,0.49345022,0.38162726,0.20152308,0.2074606,0.26881474,0.29256475,0.2430856,0.15408248,0.2347731,0.44187307,0.56727314,0.47182775,0.55381477,0.07287725,0.22660904,0.52214813,0.2648564,0.12037725,0.53204393,0.40438768,0.23388246,0.2707939,0.62633145,0.08816631,0.58548146,0.29256475,0.35080174,0.29256475,0.45881477,0.4271481,0.33848146,0.35263246,0.53996056,0.20498663,0.8468898,0.19415072,0.07881475,0.74490327,0.2668356,0.2347731,0.21795017,0.23318975,0.28662726,0.36381477,0.27673143,0.7042314,0.5201689,0.32621062,0.45089808,0.5914189,0.15402308,0.28068975,0.2727731,0.24174966,0.20473924,0.21537727,0.23819704,0.51932776,0.36203352,0.55777305,0.28068975,0.4865231,0.39152312,0.47266892,0.45574704,0.325221,0.22863768,0.7497522,0.1689658,0.4132939,0.8487106,0.5360022,0.08475225,0.35193974,0.45149186,0.29454392,0.5744476,0.30641893,0.4568356,0.57162726,0.28548923,0.22725226,0.31562206,0.81110644,0.32541895,0.36381477,0.25100225,0.8308981,0.63100225,0.47642937,0.14808558,0.5557939,0.4607939,0.50705695,0.2886064,0.49443975,0.4033981,0.11359861,0.69447905,0.2648564,0.35985643,0.33887726,0.4871762,0.5082939,0.4607939,0.12433558,0.4251689,0.3290408,0.122356415,0.4370439,0.44693974,0.39152306,0.5360022,0.42121056,0.3301689,0.5518356,0.64350563,0.4568356,0.81902313,0.46603873,0.5766939,0.40302208,0.35955957,0.33808556,0.6032939,0.22918196,0.4073564,0.47504392,0.4627731,0.23651476,0.52976793,0.22180955,0.4330856,0.3796481,0.38954392,0.44674185,0.18766892,0.40933558,0.07881475,0.7081898
BC2026_Train_0012_S03_20220211_233000_15,0.29086682,0.07125,0.20338598,0.872153,0.32461652,0.07978124,0.41232654,0.38053125,0.566088,0.44866407,0.4456359,0.19127345,0.5408537,0.29460245,0.2885462,0.2514517,0.46266338,0.18211651,0.45688543,0.2585433,0.44931513,0.16845655,0.19388764,0.3379759,0.26850715,0.48314777,0.098531365,0.19556248,0.14390625,0.35943747,0.1211889,0.21371494,0.10268369,0.053897236,0.08754307,0.12791808,0.18006912,0.11277744,0.04548578,0.13464725,0.03875661,0.04548578,0.2641837,0.21371494,0.092589945,0.092589945,0.13464725,0.3011941,0.12960036,0.10941286,0.2641837,0.2641837,0.2641837,0.043803487,0.22717328,0.24463838,0.39684376,0.92954886,0.28617123,0.41108137,0.53725326,0.19369462,0.76888996,0.58552015,0.39675713,0.029819645,0.39675713,0.2260969,0.05840625,0.10649999,0.3095625,0.24336682,0.35462913,0.13296248,0.06962914,0.49336872,0.6475458,0.2612125,0.7165198,0.10693644,0.24369687,0.12108748,0.33087915,0.37244162,0.13098331,0.28337914,0.65348333,0.4010901,0.1250458,0.1666083,0.27744162,0.3209833,0.39421245,0.1286578,0.5056891,0.40806663,0.12108748,0.123066634,0.3031708,0.25764996,0.20421249,0.13260624,0.20401458,0.4055333,0.5457177,0.292038,0.47733745,0.071608305,0.18793383,0.44369164,0.17452498,0.115149975,0.51296246,0.45180625,0.19817603,0.22004582,0.54462916,0.054538,0.41598332,0.25962913,0.2279625,0.3269208,0.35660827,0.32889995,0.33374894,0.18313436,0.44764996,0.29094946,0.697025,0.19753279,0.06567081,0.79816043,0.21806665,0.16670728,0.15493123,0.10327497,0.17452496,0.14087915,0.21608748,0.65150416,0.4516083,0.37244162,0.35858744,0.49910828,0.1072333,0.30119163,0.21014997,0.18288696,0.147163,0.11712915,0.16961665,0.33325413,0.3288505,0.5565042,0.27744162,0.4041083,0.35710308,0.40410826,0.3898583,0.22138175,0.1711604,0.5505667,0.10357185,0.31306663,0.578275,0.56046253,0.07952498,0.18639998,0.30039996,0.20619163,0.43503278,0.1131708,0.27150413,0.41994163,0.15829581,0.19233748,0.14612393,0.8402177,0.2654182,0.3566083,0.17056663,0.7405666,0.66733754,0.3507203,0.12108748,0.3862958,0.47931665,0.32202238,0.24775416,0.43577495,0.27150413,0.09337914,0.6352354,0.20619163,0.3229625,0.26373592,0.49261662,0.45160827,0.32296246,0.055774976,0.36452496,0.34625727,0.101295814,0.26358747,0.41796243,0.31900415,0.49119163,0.41598332,0.25962913,0.67723334,0.6259828,0.6000458,0.5525458,0.5783739,0.65134585,0.37128383,0.293176,0.2675458,0.53077495,0.22014476,0.35462913,0.47199374,0.24379581,0.18475728,0.39995205,0.17487134,0.31306663,0.19629581,0.3684833,0.28110307,0.17056665,0.42983747,0.05379581,0.5505667
BC2026_Train_0012_S03_20220211_233000_20,0.2595015,0.020625,0.20010468,0.8575376,0.27754286,0.11417578,0.40753123,0.3076031,0.57105,0.4620375,0.47112185,0.15619686,0.5491802,0.25128725,0.2497732,0.22327708,0.28021473,0.33365223,0.4421415,0.2559118,0.4209446,0.1612829,0.20210564,0.35858974,0.23568347,0.44319913,0.059758328,0.20323826,0.09992578,0.27626953,0.0373242,0.15172003,0.03900649,0.030595032,0.054147113,0.074334614,0.10293357,0.042371072,0.023865866,0.032277323,0.023865866,0.023865866,0.13489713,0.15172003,0.04741795,0.04741795,0.035641905,0.06087628,0.027230449,0.023865864,0.13489713,0.13489713,0.13489713,0.023865866,0.10798045,0.23311849,0.372457,0.9426418,0.26445067,0.4150999,0.37573424,0.16265224,0.6710012,0.62053245,0.37996474,0.025495984,0.5705585,0.2228156,0.03936328,0.10526954,0.24242578,0.18231398,0.3415489,0.1317572,0.032798868,0.35391864,0.37123635,0.1588718,0.7343145,0.15090564,0.17252806,0.0486322,0.29602805,0.31977805,0.20696554,0.15154886,0.6364447,0.37529367,0.15154886,0.0842572,0.27623636,0.40686134,0.39696553,0.08692908,0.55329746,0.39102802,0.0723822,0.10602803,0.2148822,0.20300719,0.12186137,0.10664158,0.13522074,0.32611138,0.6141237,0.17802021,0.284153,0.042694703,0.108353555,0.42467386,0.15154886,0.08029886,0.39696556,0.42002285,0.113796264,0.12779887,0.3336322,0.04878064,0.21686137,0.16342387,0.25689,0.18915305,0.29404888,0.2148822,0.3109074,0.15135095,0.33759052,0.14536399,0.45436135,0.18504629,0.06842387,0.6831531,0.10404886,0.115231164,0.25486138,0.0664447,0.17727804,0.16738221,0.21686137,0.56321555,0.355403,0.33759052,0.24654886,0.44644466,0.09415303,0.42665303,0.16540304,0.15714002,0.04991866,0.09415303,0.079724915,0.26708272,0.16609573,0.54738224,0.20894471,0.24061137,0.24298638,0.17925718,0.33046553,0.28051382,0.11008533,0.39102802,0.0987546,0.27029887,0.38311136,0.6027989,0.082278036,0.090194695,0.28039262,0.06248637,0.321015,0.13571553,0.28217384,0.3850905,0.07361919,0.18123639,0.10424678,0.7967573,0.15347856,0.37717387,0.08821553,0.4899864,0.29404888,0.26366866,0.054569703,0.24061137,0.37717387,0.19697076,0.24654886,0.36925718,0.10404886,0.06006189,0.5702268,0.1614447,0.1970697,0.10805669,0.25636554,0.284153,0.27425718,0.062486365,0.32967386,0.22944888,0.13571553,0.14956969,0.33561137,0.29998636,0.44248635,0.5117572,0.14759052,0.47217387,0.64710754,0.5355072,0.65623635,0.17940566,0.6320114,0.31477076,0.1992468,0.31779885,0.46623635,0.18598637,0.355403,0.37964782,0.1733197,0.15879261,0.36242908,0.12012959,0.21884054,0.13769469,0.38904887,0.1656999,0.19113219,0.23071551,0.040715534,0.4563405
BC2026_Train_0012_S03_20220211_233000_25,0.26279762,0.03375,0.55717707,0.82565105,0.25258335,0.095355466,0.48029634,0.31980574,0.6160573,0.5403542,0.4924089,0.5538125,0.631198,0.27288958,0.2532068,0.20248567,0.31938025,0.20805207,0.38347182,0.2305515,0.39861247,0.15711948,0.21331845,0.40309894,0.2303177,0.4859271,0.05864974,0.30376172,0.07754297,0.3465117,0.04624116,0.115215115,0.024371373,0.027735956,0.05465262,0.04119429,0.06642866,0.047923453,0.024371373,0.017642204,0.017642204,0.024371373,0.10343907,0.115215115,0.032782827,0.032782827,0.026053663,0.042876583,0.024371373,0.026053663,0.10343907,0.10343907,0.10343907,0.015959913,0.08156929,0.24412242,0.3322617,0.9523178,0.57062554,0.4394068,0.31979585,0.1412552,0.5765235,0.6690495,0.44228646,0.027255207,0.5822135,0.253187,0.07754297,0.10960547,0.23429294,0.17967263,0.32818547,0.11245631,0.025372975,0.24248756,0.345998,0.09523756,0.69611263,0.13323756,0.22175579,0.03328964,0.26881045,0.4033938,0.041206308,0.1362063,0.63822204,0.34614643,0.18568546,0.072872974,0.13818546,0.6745397,0.43110213,0.081977144,0.3923105,0.41131046,0.023393806,0.096622966,0.1599563,0.13422714,0.09860214,0.099928185,0.10117507,0.34560215,0.6355184,0.22734693,0.20547713,0.023393808,0.101966724,0.4113105,0.12433131,0.12235213,0.4271438,0.38706568,0.06644069,0.08474797,0.25891465,0.045115158,0.17974797,0.0827688,0.2091881,0.120372966,0.23318547,0.106518805,0.41130257,0.060701095,0.25297713,0.09464381,0.41526878,0.13427663,0.16193546,0.5557897,0.07485214,0.046550058,0.10711256,0.043185472,0.1183938,0.06495631,0.20547713,0.559748,0.34006047,0.36381048,0.13224797,0.4568313,0.082768805,0.29256046,0.14016464,0.09523756,0.028143808,0.068914644,0.052824013,0.279399,0.16366726,0.49047711,0.25693548,0.11641464,0.17094068,0.072872974,0.20349798,0.17697714,0.0773261,0.25297713,0.099591725,0.21537298,0.334123,0.53203964,0.053081308,0.057039637,0.3046334,0.07089381,0.25089902,0.10256047,0.13818546,0.35589382,0.040513597,0.1955813,0.057336517,0.7833938,0.06010735,0.6587063,0.055060472,0.39547715,0.21933131,0.2730162,0.043185472,0.2727688,0.31828967,0.21324536,0.18370631,0.39349797,0.05901881,0.04937037,0.5335488,0.0768313,0.082768805,0.0500136,0.21095942,0.31235212,0.2490188,0.049122974,0.29849795,0.16049068,0.09266464,0.21141465,0.23318547,0.21735214,0.37370628,0.5340188,0.068914644,0.5854772,0.65803844,0.5162063,0.5854772,0.0832636,0.65261054,0.30854228,0.16421151,0.34203964,0.49047711,0.15951101,0.30047715,0.39379486,0.120372966,0.12516256,0.2623782,0.09464381,0.14412297,0.1362063,0.46672717,0.0768313,0.2549563,0.17974797,0.15401879,0.334123
BC2026_Train_0012_S03_20220211_233000_30,0.3157031,0.17625,0.7294205,0.7387473,0.3012525,0.117875,0.82606816,0.40742987,0.7142799,0.6015663,0.6015663,0.72740185,0.6722227,0.5182187,0.34452203,0.28471655,0.4357369,0.44820565,0.41622105,0.20728046,0.4676992,0.17169997,0.48393226,0.40011188,0.3484556,0.6645286,0.11362752,0.60415626,0.19803125,0.6160313,0.08792876,0.20064229,0.03914229,0.049236044,0.11148084,0.113163136,0.15353812,0.11821001,0.06269437,0.064376675,0.04587146,0.06269437,0.20400687,0.20064229,0.07278813,0.07278813,0.07783501,0.0795173,0.08288188,0.08456417,0.20400687,0.20400687,0.20400687,0.044189166,0.09465792,0.32483923,0.34765622,0.94853896,0.6896096,0.6114671,0.3866288,0.21308064,0.60500515,0.70426035,0.4339556,0.05633066,0.56853896,0.3044736,0.28174996,0.132125,0.31737497,0.3592448,0.3057262,0.1572887,0.048434537,0.42442673,0.40864283,0.12730432,0.7588565,0.16614547,0.2511012,0.048434533,0.3057262,0.27010116,0.20478868,0.22458036,0.7514345,0.4845934,0.105830364,0.054372035,0.2701012,0.8705804,0.339372,0.124286085,0.5597522,0.37499702,0.0919762,0.07614286,0.24833037,0.22853869,0.13155952,0.10735433,0.2444215,0.3390554,0.715384,0.377372,0.34728867,0.07020537,0.1758434,0.44822618,0.26614287,0.1988512,0.493747,0.26485643,0.10424704,0.17312202,0.2621845,0.049819954,0.19687203,0.06426787,0.26901266,0.27999702,0.268122,0.16124703,0.62083924,0.05833037,0.27801782,0.13136162,0.51353866,0.17767411,0.51551783,0.5254137,0.1038512,0.076439746,0.13363765,0.06426787,0.18301786,0.06624703,0.23051786,0.54718447,0.27208033,0.5907262,0.256247,0.58676785,0.1513512,0.27405953,0.18103871,0.2515465,0.10914547,0.09395537,0.077073075,0.47212458,0.20780694,0.68493456,0.49770534,0.17708036,0.30226263,0.1157262,0.3532262,0.18628348,0.22705434,0.19093454,0.15436943,0.29978868,0.31760117,0.7589553,0.1157262,0.3690595,0.33214808,0.082080364,0.4042887,0.22062203,0.17905954,0.43239284,0.07005692,0.23249704,0.05833037,0.7846845,0.078715794,0.9218408,0.15530953,0.386872,0.27405953,0.42145798,0.0385387,0.2701012,0.43239284,0.2238382,0.256247,0.51749706,0.08405954,0.077231415,0.64117515,0.15333037,0.14739287,0.08544496,0.32605222,0.35520533,0.339372,0.11770537,0.32749704,0.2739012,0.1454137,0.3116637,0.39874703,0.12364287,0.44822618,0.78072613,0.1869762,0.72269696,0.86315364,0.59270537,0.73124707,0.19845536,0.6124179,0.39699054,0.21646577,0.422497,0.52739286,0.23764288,0.410622,0.37756994,0.16916369,0.18810433,0.3784606,0.15154912,0.19093454,0.23249702,0.45020533,0.091580376,0.15728869,0.12364286,0.1157262,0.46801785
BC2026_Train_0012_S03_20220211_233000_35,0.32219493,0.151875,0.7013299,0.736526,0.29922915,0.15051042,0.832044,0.44259337,0.6811424,0.5936632,0.50769806,0.70469445,0.6811424,0.55204004,0.35209963,0.21204884,0.45686978,0.3686979,0.4462602,0.23126334,0.53811336,0.20779538,0.656674,0.3553385,0.40165102,0.6781406,0.10606448,0.5594062,0.20929165,0.4764791,0.0872639,0.22016495,0.040159732,0.045206606,0.12932119,0.097357646,0.16128473,0.114180565,0.0670764,0.053618066,0.0468889,0.0670764,0.2134358,0.22016495,0.07044099,0.07044099,0.07548785,0.08053473,0.10913369,0.09231077,0.2134358,0.2134358,0.2134358,0.045206606,0.078852445,0.32030433,0.3250729,0.9502761,0.65325266,0.48922914,0.3605338,0.24133852,0.61688536,0.741375,0.3036823,0.06499479,0.60788023,0.38203087,0.24313542,0.17188543,0.2858854,0.39938247,0.24023828,0.11950912,0.04430079,0.47655085,0.41044664,0.09526434,0.70930076,0.1824961,0.23979297,0.040342458,0.29367578,0.32138416,0.19669661,0.11752996,0.7256289,0.48313156,0.14919661,0.07794662,0.343155,0.89930075,0.38471746,0.14241797,0.6661549,0.4777383,0.06409246,0.04627996,0.3134675,0.23825912,0.12940495,0.14102267,0.26121747,0.3249466,0.67078024,0.17378776,0.26002994,0.06409246,0.16117059,0.43815497,0.25013414,0.22440495,0.3589883,0.26121747,0.07844142,0.16898827,0.2818008,0.06760548,0.17690495,0.081904955,0.32687634,0.31346747,0.26002994,0.17888412,0.56977546,0.08254819,0.3055508,0.14375392,0.40450913,0.3317253,0.3866966,0.5569049,0.15909246,0.08487371,0.12020183,0.2877383,0.20065494,0.07398829,0.24419662,0.44607162,0.2758633,0.65190494,0.1848216,0.47971746,0.12148829,0.3708633,0.16502994,0.11743101,0.1777461,0.10961329,0.055225797,0.61731905,0.15938932,0.6670456,0.46388412,0.15513411,0.29041016,0.11357163,0.38709247,0.28932163,0.297931,0.23627996,0.13370964,0.25607163,0.35107166,0.7497549,0.10367579,0.3570091,0.24271224,0.06607162,0.20575133,0.25607163,0.26794663,0.39065495,0.09076173,0.19867578,0.06740756,0.7528424,0.074136734,0.89138407,0.12346746,0.414405,0.20065494,0.3646289,0.04430079,0.39659247,0.45794663,0.25265756,0.21648829,0.45596746,0.07794662,0.052662775,0.71902835,0.19075912,0.10763413,0.07581902,0.29915807,0.34909245,0.33325914,0.09971746,0.2659675,0.24364246,0.18086328,0.3055508,0.45794663,0.10367579,0.52127993,0.74294657,0.15315495,0.7033633,0.8898651,0.6241966,0.7191966,0.19620183,0.58334666,0.402337,0.1608737,0.33127996,0.46982166,0.23474611,0.37482163,0.33355603,0.14127995,0.18307996,0.34839976,0.126931,0.15315495,0.38471743,0.4243008,0.10001434,0.15315494,0.16700912,0.101696625,0.43815497
BC2026_Train_0012_S03_20220211_233000_40,0.3142374,0.06375,0.30557224,0.7048625,0.28102395,0.10174218,0.70461184,0.3903597,0.60367435,0.6289087,0.5683462,0.30708626,0.62554413,0.33186084,0.26221398,0.17666943,0.31753954,0.38166454,0.4474483,0.16734679,0.34752023,0.17870227,0.6566331,0.3300083,0.36028957,0.5791854,0.06917099,0.24602343,0.07858593,0.32796094,0.21257943,0.14528778,0.051079437,0.037621103,0.089772135,0.05444402,0.09650131,0.08640756,0.059490893,0.044350266,0.052761726,0.059490893,0.28323567,0.14528778,0.059490893,0.059490893,0.10154819,0.14192319,0.09481902,0.08977215,0.28323567,0.28323567,0.28323567,0.039303396,0.115006514,0.24101709,0.31192967,0.95819587,0.36866146,0.41635442,0.357306,0.20888333,0.5939797,0.75043285,0.29260206,0.04322708,0.47250834,0.27680498,0.07680468,0.12846094,0.18724218,0.24100819,0.19193792,0.08902125,0.027667092,0.4085577,0.25725043,0.097432725,0.62933373,0.11870876,0.21756814,0.017771259,0.2691254,0.22162542,0.10683375,0.11475042,0.64318794,0.39143792,0.18204208,0.04745876,0.2889171,0.571938,0.38391706,0.09713584,0.5345318,0.3661046,0.096937925,0.06725042,0.25527126,0.21766709,0.077146254,0.11449313,0.1494848,0.31211293,0.5669505,0.20965147,0.21964626,0.039542094,0.089911886,0.40370876,0.16027126,0.19787543,0.38193792,0.27971396,0.07457334,0.11277126,0.23745877,0.048596777,0.106833756,0.07120876,0.29252908,0.28297958,0.24339627,0.15037541,0.36238378,0.04750824,0.25527126,0.14384419,0.31068793,0.21850824,0.08902125,0.5303755,0.069229595,0.03974001,0.12385459,0.1404796,0.13058376,0.07912542,0.22360459,0.52443796,0.2711046,0.5521463,0.15037541,0.33839625,0.11277126,0.1998546,0.12860459,0.10000564,0.076948345,0.07912543,0.03879001,0.5292869,0.13033637,0.59539104,0.26714626,0.17808375,0.23706293,0.083083756,0.33374524,0.17788585,0.21093793,0.18006293,0.11870876,0.17412542,0.33641708,0.77009207,0.09100042,0.31266707,0.20232856,0.05141709,0.18609938,0.1761046,0.15829208,0.30277127,0.06833897,0.15829208,0.025638446,0.64318794,0.047755636,0.5224588,0.06725042,0.31464624,0.15829208,0.30697697,0.069229595,0.28693792,0.32058373,0.22993794,0.17016709,0.4056879,0.07516708,0.041867614,0.58309054,0.12860459,0.083083756,0.05112022,0.31132126,0.27308375,0.27308375,0.106833756,0.25922957,0.1801025,0.07516709,0.3225629,0.3661046,0.11672959,0.4136046,0.53631294,0.09495876,0.65704215,0.82660234,0.5481879,0.52641714,0.13513584,0.56544626,0.39290744,0.1007973,0.31266707,0.37006292,0.19401605,0.3007921,0.3688754,0.077146254,0.14477439,0.2765473,0.06982334,0.08506292,0.27308375,0.35027125,0.09357335,0.1879796,0.11475042,0.04745876,0.3601671
BC2026_Train_0012_S03_20220211_233000_45,0.3903125,0.159375,0.23877841,0.7084743,0.34302112,0.08962499,0.45226124,0.46285966,0.5959289,0.6733143,0.5942466,0.22212371,0.45528933,0.35087645,0.2645749,0.25927565,0.32609928,0.36350548,0.5319611,0.2082881,0.40057406,0.1711936,0.46354166,0.22991174,0.39022422,0.43208364,0.08515848,0.11456249,0.052218746,0.4209375,0.34168044,0.14821686,0.13475855,0.07251375,0.11288876,0.08092521,0.11625334,0.1246648,0.12971167,0.07083146,0.1044773,0.12971167,0.38373768,0.14821686,0.09606584,0.09606584,0.19027416,0.345045,0.19700332,0.18690959,0.38373768,0.38373768,0.38373768,0.08260751,0.29289398,0.2600327,0.360375,0.9499325,0.27248365,0.3973938,0.37165475,0.13728675,0.5971956,0.72673213,0.39022422,0.053568006,0.6213909,0.26905966,0.08428126,0.24103123,0.15196875,0.18447916,0.13729133,0.050208006,0.03833301,0.37612727,0.3055205,0.059806965,0.622781,0.051939778,0.2506481,0.03833301,0.25406215,0.20260383,0.099687174,0.17093718,0.45395803,0.350695,0.32135385,0.044270504,0.23229134,0.32333302,0.39656216,0.054314777,0.44549704,0.31145802,0.075937174,0.14322884,0.08979134,0.20656218,0.07989551,0.11466947,0.12210124,0.41999555,0.33481216,0.10522885,0.36291635,0.026458006,0.08474447,0.35104135,0.06802051,0.11156218,0.36291635,0.14392154,0.10196322,0.060103837,0.11552051,0.074997075,0.062083006,0.08385384,0.263958,0.08781217,0.19468717,0.18281218,0.24060385,0.072918944,0.25010383,0.049812175,0.26197886,0.2886481,0.073958,0.477708,0.075937174,0.044072594,0.064260095,0.058124673,0.12937467,0.11552051,0.145208,0.6479163,0.30749968,0.394583,0.07791634,0.35104132,0.31739554,0.16104133,0.099687174,0.22942154,0.05599707,0.044270504,0.050742384,0.34406483,0.13536166,0.62040585,0.12739551,0.17291632,0.20616636,0.16895801,0.37172365,0.14773145,0.16480176,0.050208006,0.093997076,0.17885385,0.30749968,0.816858,0.079895504,0.16499966,0.23140073,0.12937467,0.14560384,0.13531217,0.16697884,0.25010383,0.06312207,0.13135384,0.061142903,0.5430204,0.105476245,0.27979133,0.044270508,0.26395798,0.168958,0.31536686,0.192708,0.29166636,0.29760385,0.1673252,0.24218717,0.3292705,0.062083006,0.062083006,0.5014877,0.06406218,0.11156218,0.17108563,0.20214865,0.21843718,0.28770798,0.1036455,0.21249968,0.24252364,0.03833301,0.19072884,0.11947884,0.10166634,0.4005205,0.3846872,0.03239551,0.5410413,0.6669411,0.51729125,0.48760387,0.23991114,0.5379538,0.36850256,0.14392155,0.25010383,0.34114552,0.21195541,0.28770798,0.23644759,0.12739551,0.16345593,0.39191112,0.022895508,0.08979134,0.133333,0.36093718,0.05416634,0.13135384,0.11156218,0.10760384,0.5746871
BC2026_Train_0012_S03_20220211_233000_50,0.29557288,0.058124997,0.23997918,0.7383927,0.2826896,0.09928124,0.56163335,0.37927294,0.64070106,0.6642531,0.56836253,0.20818388,0.60200834,0.27960804,0.24175647,0.27582288,0.42251772,0.37620518,0.58157426,0.14808127,0.34188128,0.16397893,0.59442705,0.25508022,0.42251772,0.4394396,0.07596663,0.11887499,0.031593747,0.4074375,0.28369793,0.123880215,0.09191667,0.063317716,0.08518751,0.06163542,0.09528125,0.10201042,0.10873959,0.066682294,0.08350521,0.10873959,0.3341667,0.123880215,0.06836458,0.06836458,0.122197926,0.19958334,0.13902083,0.15247917,0.3341667,0.3341667,0.3341667,0.065000005,0.17771354,0.23570022,0.32015622,0.9541219,0.27140093,0.43908334,0.3660298,0.15354899,0.6232052,0.73087186,0.4884239,0.048455223,0.49733022,0.2505776,0.0725625,0.16518751,0.13490625,0.1946354,0.16050346,0.063524306,0.025920145,0.18860763,0.44550347,0.046800353,0.70121187,0.09811025,0.25777954,0.04175348,0.25154513,0.19217013,0.13675347,0.13873264,0.5147743,0.44609722,0.35050347,0.055607643,0.32675347,0.2416493,0.38019094,0.0661467,0.5462481,0.31092012,0.061545145,0.10508681,0.05164931,0.23373264,0.07144097,0.09895139,0.080940984,0.43172845,0.41398525,0.28781334,0.23769097,0.019982643,0.05966494,0.35644096,0.06550348,0.13675345,0.32081598,0.15753473,0.110677965,0.05362848,0.09321181,0.037102435,0.06550348,0.04571181,0.2608472,0.019982643,0.14862846,0.19612847,0.21379253,0.05075869,0.20998263,0.032797746,0.28914928,0.20869617,0.029878478,0.4078993,0.101128474,0.023347229,0.10746181,0.12289931,0.18623264,0.077378474,0.097170144,0.6572743,0.39008677,0.39206597,0.06748264,0.32477432,0.21789931,0.22779514,0.081336804,0.083217025,0.051006086,0.081336804,0.05352952,0.2771753,0.12146442,0.5088368,0.15654513,0.1407118,0.22512327,0.10508681,0.31309724,0.2681652,0.10281077,0.07935764,0.086334206,0.16446179,0.26342013,0.8228118,0.07144097,0.063524306,0.21641493,0.07539931,0.13808942,0.07144097,0.09519098,0.2475868,0.051748272,0.2634201,0.040664934,0.5741493,0.06253473,0.25748262,0.02789931,0.30102432,0.15060765,0.21735503,0.05362848,0.21987846,0.17831597,0.18365972,0.21789931,0.4257118,0.06946181,0.052243065,0.50765926,0.043732643,0.06550348,0.096180566,0.08044619,0.1882118,0.21789931,0.09914931,0.19217013,0.19315973,0.07342014,0.13081597,0.13279514,0.09123264,0.38612846,0.24164931,0.025920145,0.49300346,0.684384,0.4435243,0.47123262,0.33105814,0.52443266,0.37988913,0.08885765,0.34456596,0.42967013,0.19385244,0.24956596,0.2500608,0.13873264,0.1191389,0.32487327,0.021021709,0.077378474,0.21789931,0.35050344,0.06372222,0.09914931,0.1525868,0.11894098,0.38810763
BC2026_Train_0012_S03_20220211_233000_55,0.34627977,0.009375,0.27134237,0.728421,0.3237804,0.08934375,0.6446429,0.36824238,0.6816534,0.66651267,0.5840804,0.19109707,0.6900648,0.35529068,0.24325009,0.28640082,0.452921,0.7501918,0.55717385,0.20429638,0.3965823,0.2413909,0.5164881,0.2712335,0.3852335,0.47518665,0.082002416,0.13921873,0.014531251,0.34228122,0.21637914,0.081795804,0.031327054,0.02628018,0.071702056,0.029644761,0.07338435,0.044785388,0.06665518,0.024597887,0.038056225,0.06665518,0.23320204,0.081795804,0.03469164,0.03469164,0.031327054,0.049832262,0.031327054,0.05992601,0.23320204,0.23320204,0.23320204,0.031327054,0.088524975,0.2387079,0.29596877,0.95008767,0.3287382,0.73173124,0.4036843,0.081530385,0.64801735,0.7237205,0.46717104,0.046796013,0.57206684,0.2577158,0.0376875,0.12853126,0.13743751,0.2730506,0.26359713,0.11515962,0.018180458,0.3811596,0.712868,0.08477942,0.7668993,0.09769349,0.22787318,0.035992958,0.22599295,0.2576596,0.11318046,0.18047212,0.5980763,0.6418654,0.51693046,0.06370129,0.20026378,0.28536797,0.33286798,0.051677857,0.49387324,0.27943045,0.081513785,0.10526379,0.16661794,0.30318046,0.11318046,0.11567421,0.09853463,0.37735963,0.5794721,0.35132372,0.33682626,0.032034624,0.12896432,0.45161796,0.09734712,0.2062013,0.38630545,0.1890815,0.11857368,0.09536795,0.10526379,0.04376119,0.11713879,0.03995129,0.30847478,0.13693047,0.22203462,0.24380547,0.25647214,0.059495557,0.29130542,0.055339314,0.49120128,0.24395388,0.022138791,0.48526376,0.15870129,0.050539836,0.08418567,0.030055458,0.20224296,0.09338879,0.15672213,0.61786795,0.38630545,0.44568044,0.08745129,0.3823471,0.091409616,0.16068046,0.15276378,0.1508341,0.049995564,0.077555455,0.071934626,0.52588624,0.14069088,0.5129721,0.17057629,0.26161796,0.2311388,0.08547212,0.27101898,0.25498778,0.16335234,0.23984712,0.14647993,0.22797212,0.34672213,0.8015346,0.07953462,0.19432628,0.2294565,0.09338879,0.20159973,0.09932629,0.09338879,0.27151382,0.13391224,0.45755547,0.03426119,0.7267221,0.055586707,0.3170346,0.13099295,0.33682626,0.22203462,0.3627534,0.030055458,0.23390962,0.26359713,0.2633497,0.19036795,0.5129721,0.14682628,0.054448694,0.67081565,0.055784624,0.08349296,0.07577421,0.1577315,0.30911797,0.19234712,0.11713879,0.2121388,0.50596595,0.08943046,0.3665138,0.27943045,0.08745129,0.34276378,0.3170346,0.10328462,0.50109714,0.876644,0.41797215,0.45359713,0.62830806,0.4510638,0.41292036,0.16216484,0.22797212,0.47734708,0.13702941,0.27943045,0.36235756,0.17849296,0.13417941,0.2693367,0.05029244,0.12109712,0.36057627,0.27745128,0.095961705,0.08943045,0.15474294,0.13297212,0.4793263
BC2026_Train_0012_S03_20220211_233000_60,0.3663616,0.028125,0.29956323,0.6530358,0.45224935,0.085828125,0.74049187,0.48276478,0.711893,0.7102107,0.602544,0.24202886,0.69170547,0.6296145,0.28617454,0.3596065,0.34982747,0.8510317,0.48734742,0.26478022,0.55144274,0.5733126,0.5702158,0.31063998,0.37476498,0.6461088,0.13401124,0.13570313,0.032390624,0.33520308,0.22824745,0.1575912,0.048242234,0.05328911,0.07347662,0.08188807,0.16936725,0.095346406,0.09029953,0.063382864,0.0768412,0.09029953,0.2972214,0.1575912,0.07179432,0.07179432,0.06842974,0.080205776,0.07179432,0.09366412,0.2972214,0.2972214,0.2972214,0.063382864,0.14749743,0.26194954,0.29067183,0.9320983,0.5883666,0.8979082,0.6766868,0.09599937,0.6759446,0.7785645,0.62730664,0.06660874,0.65699416,0.28442264,0.039515626,0.12679687,0.14639062,0.37427828,0.1815342,0.060805015,0.02913835,0.30825034,0.48632586,0.09187794,0.6367425,0.111273766,0.2084014,0.041013353,0.20330502,0.15976335,0.1637217,0.22309668,0.57934666,0.62773734,0.46653417,0.13799252,0.23695087,0.35372168,0.34778416,0.08539616,0.4061696,0.27851334,0.07861751,0.108305015,0.3636175,0.29632586,0.12018001,0.13929561,0.08450554,0.31097168,0.34951597,0.2601566,0.49028414,0.06674252,0.1893519,0.440805,0.15184668,0.13403419,0.26070082,0.19855502,0.17064878,0.10632585,0.1696592,0.056203462,0.15976335,0.06872168,0.6286774,0.16570085,0.22705503,0.27059668,0.2569899,0.15293525,0.22507586,0.07040397,0.43090913,0.34051076,0.033096686,0.5575758,0.33788833,0.08000294,0.13551855,0.08059668,0.24288835,0.037055016,0.08653418,0.55361754,0.35965917,0.5298675,0.10830501,0.35768002,0.14195085,0.18351336,0.12413835,0.16579981,0.1173597,0.14393002,0.09555601,0.62927115,0.16362274,0.58726335,0.17955503,0.28840917,0.4434769,0.118200846,0.3627269,0.10335711,0.21636753,0.25080502,0.1449196,0.23101336,0.25080502,0.8500967,0.09445085,0.3636175,0.26752898,0.15184668,0.23155764,0.35174254,0.13205501,0.3359092,0.16327637,0.23893002,0.07554981,0.80695087,0.12245605,0.29632586,0.10830501,0.29830498,0.40122166,0.34194565,0.084555015,0.35570082,0.32205498,0.23408107,0.20726335,0.5516383,0.12018001,0.08866179,0.8141253,0.06674252,0.118200846,0.12582065,0.29070184,0.25872168,0.34976333,0.08257584,0.20726335,0.7605323,0.08257585,0.32403418,0.36559668,0.16965918,0.39528418,0.274555,0.19143002,0.66643,0.90463257,0.43486753,0.49424252,0.7426279,0.39544252,0.4317404,0.16758107,0.20132586,0.488305,0.17643784,0.28445083,0.35164356,0.07663834,0.17630604,0.39300814,0.06703939,0.17757586,0.18747169,0.29632583,0.08168523,0.15580502,0.27059668,0.12018001,0.48038834
BC2026_Train_0013_S13_20220217_233000_5,0.11697917,0.151875,0.58865285,0.9145985,0.44009328,0.1967005,0.5920174,0.46752784,0.7535175,0.42816222,0.5566893,0.3797122,0.8598383,0.6153317,0.55981606,0.6397249,0.27532768,0.40624952,0.6233123,0.43169913,0.64181745,0.38476318,0.8116667,0.15776516,0.27710888,0.6642339,0.2659197,0.6226172,0.20560676,0.26973173,0.13324001,0.18875563,0.118099384,0.10464105,0.1786619,0.15174522,0.31660977,0.12819314,0.21903688,0.1786619,0.114734806,0.21903688,0.28801084,0.18875563,0.36371395,0.36371395,0.24763586,0.16856813,0.09791189,0.060901463,0.28801084,0.28801084,0.28801084,0.18707335,0.19212022,0.39537203,0.45498174,0.8473069,0.56982774,0.5622574,0.38561672,0.38843703,0.75666106,0.5817027,0.7008485,0.40001515,0.35548392,0.2994669,0.26438802,0.079138026,0.30891925,0.76416665,0.3807534,0.36096174,0.10367006,0.638144,0.7384878,0.3971805,0.67960757,0.32038882,0.29634196,0.1907534,0.3688784,0.51929504,0.28971174,0.28971174,0.9154253,0.85621846,0.23627423,0.18877421,0.7963784,0.79855555,0.24617006,0.33216485,0.63901734,0.12346173,0.22835755,0.08981589,0.76471174,0.37877423,0.44408676,0.20880339,0.5271127,0.42366177,0.64332753,0.25126645,0.2857534,0.23627421,0.56273776,0.60835755,0.8390492,0.41835758,0.785394,0.6578368,0.13919611,0.5153367,0.7754982,0.22553724,0.58064926,0.35898256,0.28694093,0.62617004,0.46783674,0.4045034,0.5802752,0.255868,0.43221173,0.49277422,0.7491753,0.2608654,0.3807534,0.7376961,0.3312742,0.47060755,0.29396695,0.1670034,0.27585754,0.60637844,0.2204409,0.3886701,0.42231593,0.49752423,0.45002422,0.4777326,0.16106588,0.63210756,0.3510659,0.27001902,0.1403836,0.13335757,0.2861888,0.76109976,0.54715186,0.59846175,0.34512842,0.7013784,0.3736284,0.21846174,0.61272657,0.43806762,0.5050599,0.5291909,0.28674302,0.64992005,0.49158674,0.35502422,0.077940896,0.7994659,0.43409196,0.5687743,0.28659457,0.53117007,0.42033672,0.37877423,0.33884454,0.49158674,0.4106388,0.9412534,0.26472476,0.24814922,0.34908673,0.7336389,0.54898256,0.34695914,0.14721172,0.28971174,0.62221175,0.4083925,0.3807534,0.36096174,0.3589826,0.36769092,0.583331,0.7686701,0.44012836,0.27313623,0.34506902,0.51929504,0.4777326,0.19669089,0.70533675,0.45946488,0.2738784,0.51731586,0.8161701,0.29960755,0.7686701,0.6657534,0.24617006,0.9629253,0.755093,0.92165965,0.48960757,0.25022736,0.47607008,0.3225758,0.29624298,0.3312742,0.8676284,0.3266232,0.56283677,0.6460607,0.57471174,0.25590757,0.7610206,0.3716492,0.5885659,0.24419089,0.2738784,0.49247736,0.16898255,0.34117007,0.31939924,0.5945034
BC2026_Train_0013_S13_20220217_233000_10,0.10975446,0.129375,0.4870053,0.9124305,0.38290444,0.17063802,0.5721293,0.43552718,0.71680635,0.43401316,0.48700535,0.3673944,0.8254824,0.5950484,0.60850674,0.64972293,0.22259197,0.39002943,0.6348871,0.45134902,0.61806417,0.42106774,0.79256696,0.1557951,0.27870134,0.64227426,0.2599359,0.5680547,0.12966928,0.291763,0.15154257,0.21546966,0.12799051,0.12126134,0.15827176,0.17004779,0.3281832,0.13640195,0.24406862,0.20201135,0.13471967,0.24406862,0.31977177,0.21546966,0.37696967,0.37696967,0.2676207,0.15322489,0.10275613,0.085933216,0.31977177,0.31977177,0.31977177,0.23229259,0.17845926,0.42118356,0.45741928,0.84118056,0.60625345,0.59700084,0.373256,0.3597482,0.77022743,0.57171696,0.76201385,0.45326382,0.40517008,0.32500064,0.27929425,0.05485677,0.27038804,0.7490253,0.31194663,0.37923828,0.09225911,0.6466237,0.7773476,0.3009622,0.7295508,0.20719923,0.2538581,0.26642576,0.31392577,0.5395508,0.28027996,0.3020508,0.6939258,0.78170925,0.23277995,0.19517578,0.6484049,0.7895195,0.17340495,0.3214961,0.6620192,0.16944662,0.1635091,0.08038411,0.61673826,0.38121745,0.43465495,0.17896642,0.49185288,0.44304663,0.7124092,0.1775612,0.25059244,0.21100911,0.43544665,0.5613216,0.78694654,0.45246744,0.77655596,0.669582,0.115069,0.41486326,0.7657695,0.24292319,0.58309245,0.27632162,0.27647007,0.5296549,0.45048827,0.42673826,0.5881215,0.2056159,0.36340493,0.44539192,0.76250386,0.26815754,0.1892383,0.6543424,0.32580078,0.41298306,0.25148305,0.16944662,0.2822591,0.4188216,0.16548829,0.3831966,0.36736327,0.5118424,0.41288415,0.4722591,0.17142577,0.52173823,0.3020508,0.22011329,0.1381263,0.11007161,0.30850285,0.7136185,0.547418,0.5811133,0.3119466,0.6761132,0.3312435,0.20111328,0.5857296,0.39125428,0.4629224,0.3614258,0.20888151,0.5553841,0.46236327,0.31788412,0.062571615,0.8186923,0.40714455,0.5672591,0.22466537,0.40892577,0.46434245,0.38517576,0.2863164,0.5553841,0.3687982,0.92564666,0.24416016,0.2585091,0.35746747,0.73054034,0.58309245,0.30012113,0.10809244,0.24465495,0.5553841,0.4318767,0.41486326,0.40100908,0.30402997,0.27815235,0.62334865,0.6088216,0.32777995,0.26098308,0.3236435,0.52173823,0.3772591,0.14569661,0.6840299,0.42121643,0.19319661,0.46434245,0.7513216,0.28027996,0.7216341,0.65830076,0.15955077,0.94339967,0.6717987,0.9111393,0.48809245,0.19413672,0.49862164,0.3171716,0.28582162,0.38517576,0.8225716,0.2908685,0.53361326,0.58546746,0.55142576,0.21261226,0.7197242,0.34277213,0.65830076,0.2703841,0.21694662,0.4079362,0.16548829,0.35548827,0.31194663,0.6127799
BC2026_Train_0013_S13_20220217_233000_15,0.14078125,0.23437499,0.7543471,0.96137786,0.3987997,0.27509502,0.46045074,0.66518563,0.7291127,0.44379604,0.4786195,0.621446,0.8822013,0.6556105,0.62532914,0.6514047,0.37653407,0.39701843,0.70510787,0.51736414,0.6899672,0.48254073,0.8611979,0.23225282,0.32309657,0.68924236,0.35515317,0.8201575,0.18603253,0.37484503,0.15124314,0.21348792,0.13610251,0.14283167,0.31610772,0.16806602,0.33293062,0.14451395,0.25386292,0.22694625,0.14114937,0.25386292,0.35143587,0.21348792,0.41199833,0.41199833,0.30601397,0.20844105,0.12769105,0.0957275,0.35143587,0.35143587,0.35143587,0.22189939,0.22021708,0.5984125,0.5668242,0.79908615,0.66569036,0.60765123,0.49157315,0.47004968,0.81759137,0.5787059,0.7733569,0.71794033,0.33556533,0.48164758,0.3516888,0.08628255,0.31428254,0.79786456,0.41731894,0.2550273,0.15013143,0.6507122,0.84026694,0.39406377,0.5617981,0.20817052,0.31568873,0.24711062,0.3440898,0.69638145,0.39158976,0.47273558,0.7221106,0.7250299,0.27877724,0.32825643,0.8349231,0.9474388,0.29856896,0.2974804,0.6872773,0.31836063,0.17586061,0.08679812,0.6330481,0.34211063,0.38763142,0.21849187,0.51444656,0.5065398,0.8531335,0.29995435,0.29856896,0.48461062,0.4494804,0.49450648,0.7399231,0.45294398,0.86263144,0.65956897,0.17160541,0.41731894,0.81968355,0.2578476,0.62829816,0.35200644,0.26977208,0.6053398,0.45096475,0.51231897,0.7472837,0.23751166,0.45096475,0.5075195,0.80503774,0.22251947,0.40742314,0.7755481,0.36783975,0.3682356,0.43384498,0.19367312,0.23919396,0.5202356,0.23919396,0.5756523,0.48065227,0.47471482,0.33221477,0.47669393,0.26294392,0.6172148,0.39356893,0.29807413,0.17299083,0.19367312,0.46747106,0.73967576,0.5371575,0.6627356,0.46283978,0.7577356,0.355371,0.25700644,0.61038667,0.60652727,0.45898038,0.4192981,0.26032156,0.51231897,0.5044023,0.25898564,0.090756446,0.76169395,0.40217835,0.66075647,0.29322523,0.41533977,0.500444,0.40742314,0.37798303,0.68054813,0.3754596,0.9091023,0.31133455,0.28471476,0.31440228,0.75882417,0.59742314,0.39248043,0.2649231,0.25700647,0.583569,0.5786705,0.45492315,0.38565224,0.4608606,0.2798658,0.6324049,0.6152356,0.33221477,0.3214283,0.38335645,0.5222148,0.42127728,0.20950645,0.7579336,0.4725179,0.25898564,0.58950645,0.7359648,0.22533979,0.6864856,0.80325645,0.20158978,0.9385326,0.707267,0.8865794,0.5301314,0.30282414,0.5697148,0.3110872,0.3402304,0.46283978,0.80523556,0.41999084,0.57565224,0.56031376,0.73794395,0.25382,0.7130065,0.3409726,0.64888144,0.3401314,0.30450648,0.5448763,0.21346478,0.38763148,0.40742314,0.7597148
BC2026_Train_0013_S13_20220217_233000_20,0.25166294,0.406875,0.8922386,0.9546407,0.45005214,0.38912395,0.62811875,0.80523044,0.71728027,0.45450625,0.5903009,0.8476243,0.8901357,0.70185363,0.66147864,0.6555906,0.48656774,0.45539585,0.84311473,0.5823595,0.69843763,0.6496511,0.8948921,0.324474,0.33694273,0.75870323,0.39012495,0.81923646,0.32143646,0.4087177,0.20660128,0.30753878,0.21669503,0.28062207,0.4269815,0.2839867,0.41352314,0.2032367,0.29239815,0.35127836,0.1813669,0.29239815,0.44548672,0.30753878,0.4623096,0.4623096,0.43371066,0.32772627,0.22678877,0.17632003,0.44548672,0.44548672,0.44548672,0.2991273,0.3798773,0.6951245,0.60604066,0.70922405,0.74791676,0.67557824,0.63688546,0.6048032,0.8361233,0.5247311,0.6063074,0.91505736,0.381474,0.5362657,0.37131143,0.21456145,0.4194052,0.6870796,0.49032977,0.32803807,0.35970473,0.59586877,0.94395477,0.5464391,0.48835057,0.40265265,0.20681413,0.41116306,0.4646006,0.83866304,0.36960056,0.68626726,0.6882464,0.7683433,0.35178807,0.25876725,0.79512143,0.9749288,0.26470473,0.3870667,0.65623343,0.2924131,0.3458506,0.11824641,0.4804339,0.26470473,0.45272556,0.34647283,0.64801985,0.63995475,0.89506936,0.40334538,0.44876727,0.65610474,0.5641032,0.7377256,0.8228297,0.5101214,0.9450433,0.6372829,0.2425381,0.5279339,0.89388186,0.32764223,0.75336105,0.4368922,0.37746775,0.7179339,0.60512143,0.4863714,0.7941318,0.3419417,0.5952256,0.715361,0.96206415,0.30072558,0.6763714,0.62689227,0.47053808,0.50883496,0.6316423,0.55960053,0.2508506,0.7832464,0.33001724,0.7594964,0.5675173,0.26866308,0.46262142,0.35376725,0.60314226,0.7476214,0.61699635,0.39082712,0.2709886,0.28251725,0.8200044,0.7537074,0.61095995,0.6189756,0.5299131,0.8822047,0.4522308,0.33001724,0.5969079,0.74203026,0.51111096,0.28053808,0.3959235,0.54970473,0.69022554,0.27460057,0.1538714,0.5576214,0.42363185,0.7337672,0.3596058,0.42897555,0.5576214,0.41907975,0.35163963,0.7575173,0.32007194,0.82536304,0.3999313,0.43689224,0.5022047,0.9213922,0.6981422,0.45282456,0.30230892,0.30032974,0.7416839,0.8686078,0.60314226,0.4349131,0.5991839,0.33204588,0.6025733,0.6644964,0.50418395,0.31749904,0.48442075,0.6565798,0.5833506,0.35574642,0.8323298,0.6661083,0.4646006,0.4329339,0.7278297,0.2548089,0.38741308,0.89407974,0.24491307,0.9322777,0.74262404,0.6763714,0.8050173,0.2829131,0.5892881,0.4192035,0.38325685,0.47845477,0.7733506,0.42551205,0.64668393,0.7247621,0.8901214,0.44236347,0.6103662,0.50675684,0.7674131,0.30626723,0.47449642,0.70061624,0.4151214,0.45470473,0.47251725,0.9000172
BC2026_Train_0013_S13_20220217_233000_25,0.28392917,0.34875,0.76862055,0.97657317,0.47673467,0.3798099,0.4691726,0.68450594,0.7652559,0.46008822,0.44948977,0.644131,0.8827641,0.6940749,0.6705228,0.6511764,0.37698463,0.48385966,0.7721376,0.5070085,0.7014814,0.5115506,0.8621624,0.26387528,0.31375027,0.7524524,0.3480275,0.8522369,0.31746614,0.36377862,0.2729448,0.35537708,0.22415833,0.2342521,0.39911667,0.31836665,0.4394917,0.19892396,0.30995524,0.31668437,0.18378335,0.30995524,0.47313753,0.35537708,0.46472606,0.46472606,0.4596792,0.33350733,0.2308875,0.18883023,0.47313753,0.47313753,0.47313753,0.3049083,0.3738823,0.70080405,0.63136196,0.74698985,0.7374582,0.64197135,0.57804424,0.64771485,0.8239176,0.4811507,0.64011484,0.84293985,0.33156276,0.5751569,0.3495286,0.16071613,0.42968488,0.7054916,0.5061906,0.32014892,0.25285727,0.61840934,0.9738678,0.61118543,0.64473224,0.34464115,0.2941229,0.5319198,0.45671144,0.7120239,0.37160724,0.62691975,0.87768024,0.81627655,0.3438989,0.37160727,0.7773364,0.94962287,0.26473227,0.3661151,0.6723417,0.25681558,0.26077393,0.11035727,0.7516073,0.42900306,0.52796143,0.24462396,0.61168027,0.53864896,0.76617205,0.4340005,0.41119057,0.545774,0.5448833,0.59921145,0.842649,0.50223225,0.9311177,0.74062294,0.27487552,0.5596281,0.9417063,0.2768052,0.85947186,0.51014894,0.4337036,0.7080656,0.5477531,0.46858642,0.67822176,0.39713854,0.61702394,0.6446334,0.9653573,0.32390934,0.55171144,0.80929995,0.44681558,0.53597707,0.5662584,0.31816974,0.2924406,0.735774,0.3458781,0.6150448,0.63087815,0.43691975,0.5220239,0.48441973,0.36764893,0.64671147,0.45077392,0.33291456,0.23657864,0.22514895,0.5020146,0.7269666,0.6825344,0.7436906,0.38546142,0.87629473,0.5035187,0.39931557,0.56200314,0.64878964,0.4560187,0.49035728,0.3530526,0.5952531,0.87233645,0.20535727,0.18952394,0.6803573,0.5488417,0.7219198,0.37848485,0.5200448,0.6091073,0.40921143,0.38041455,0.67639893,0.5519094,0.9772323,0.38234425,0.44285727,0.39733642,0.965951,0.73973227,0.46047184,0.31025308,0.3201489,0.8446281,0.7641256,0.6031698,0.47254476,0.55764896,0.3748234,0.6929745,0.7753573,0.5081698,0.34701613,0.43640518,0.6209823,0.6269198,0.29441977,0.8049458,0.44145206,0.37952393,0.5437948,0.7911906,0.40921143,0.49629477,0.82285726,0.29441977,0.9259719,0.7745657,0.84551877,0.63087815,0.30010986,0.5774406,0.3548338,0.41772187,0.43691972,0.87233645,0.35804996,0.66452396,0.77931565,0.70608646,0.3186448,0.6747167,0.41920623,0.8232531,0.27858642,0.3142114,0.74289894,0.27660725,0.39931557,0.44879478,0.81098235
BC2026_Train_0013_S13_20220217_233000_30,0.38797617,0.40875,0.87729824,0.9658515,0.6086118,0.4197591,0.4940722,0.81121784,0.81673574,0.46379092,0.5997202,0.7573844,0.8783077,0.74518746,0.7140651,0.67453116,0.57397646,0.48342952,0.8420654,0.60715026,0.7703326,0.6021033,0.8867262,0.29194513,0.38991392,0.7733181,0.4154582,0.74612373,0.38947785,0.3805716,0.30681452,0.39092913,0.23111142,0.27653325,0.42457494,0.3051322,0.44139788,0.23952287,0.34718955,0.33541352,0.20587704,0.34718955,0.46158537,0.39092913,0.4784083,0.4784083,0.45149162,0.38083538,0.26139265,0.20924163,0.46158537,0.46158537,0.46158537,0.3505541,0.3707416,0.75649244,0.6321237,0.78772646,0.76077414,0.77389604,0.647455,0.72763896,0.81253034,0.48801628,0.7342889,0.9570441,0.3542889,0.6081315,0.42154035,0.22916536,0.38769662,0.7719345,0.5883593,0.3132551,0.19252595,0.6297239,0.8681144,0.6336822,0.6754426,0.37693483,0.38717705,0.5270051,0.52898425,0.5626301,0.55273426,0.67742175,0.95183325,0.77534103,0.39242178,0.3785676,0.8694009,0.953951,0.2321093,0.38208067,0.7566874,0.3686718,0.34294266,0.13315095,0.7862759,0.35481763,0.513151,0.35333326,0.64991134,0.5266093,0.90843797,0.3354218,0.43596345,0.65652174,0.51250774,0.5804426,0.86346346,0.4696093,0.95638525,0.76549464,0.34264576,0.52502596,0.9338228,0.27857026,0.8377343,0.5448176,0.54867697,0.8040884,0.51908845,0.5151301,0.8780222,0.51651555,0.51315093,0.6876639,0.91462487,0.26679417,0.65960926,0.75827074,0.4399218,0.55807805,0.4487291,0.6022134,0.2855468,0.7128885,0.33106762,0.7466926,0.50523424,0.3904426,0.49731764,0.49138016,0.57054675,0.73283845,0.5566926,0.32577336,0.24245043,0.3983593,0.40716663,0.7484739,0.68479407,0.7902343,0.5309634,0.84066343,0.5411561,0.38846347,0.63367236,0.7802395,0.4873129,0.5527343,0.3584296,0.6972134,0.6754426,0.42408845,0.17075512,0.65169257,0.54174995,0.7110676,0.36233845,0.5171093,0.6022134,0.42210928,0.43220305,0.7329968,0.57707804,0.9709322,0.40325773,0.6239843,0.4221093,0.928677,0.7466926,0.52161187,0.27367178,0.31721348,0.8100259,0.62898165,0.60023427,0.5349217,0.51908845,0.4578333,0.7095783,0.8357551,0.47554684,0.3914817,0.39707285,0.57648426,0.54283845,0.34888014,0.83060926,0.42735413,0.42606762,0.47158846,0.76054674,0.3211718,0.5586718,0.88721347,0.26377597,0.93144774,0.8020202,0.8333801,0.71898425,0.33928117,0.5942968,0.35629708,0.38638535,0.6378384,0.8634634,0.4174583,0.6061718,0.7368958,0.7882551,0.3079114,0.7428531,0.4672838,0.8377343,0.40231764,0.3073176,0.7246248,0.29940096,0.3370051,0.4933593,0.76846343
BC2026_Train_0013_S13_20220217_233000_35,0.29113838,0.24375,0.7282368,0.94556737,0.49877053,0.35639396,0.46495813,0.7416951,0.78207004,0.46344405,0.64243984,0.6390753,0.88847506,0.70057434,0.6770222,0.7232852,0.40347368,0.45780176,0.67258096,0.50637054,0.736508,0.46397683,0.7938468,0.2556299,0.33756745,0.71697366,0.3982665,0.7373044,0.23526901,0.27801895,0.22270674,0.25803486,0.1705557,0.18906091,0.32364422,0.20251924,0.3690661,0.19747236,0.31859735,0.24794112,0.17896715,0.31859735,0.3488786,0.25803486,0.41617024,0.41617024,0.3657015,0.3034567,0.1890609,0.15373278,0.3488786,0.3488786,0.3488786,0.28326923,0.31018588,0.70730346,0.6154669,0.80702573,0.7023279,0.69812214,0.59213775,0.69065076,0.764825,0.48842448,0.79712987,0.9040049,0.32153615,0.5164362,0.4080502,0.16936277,0.35817522,0.8057217,0.565138,0.34742972,0.15742971,0.60358334,0.86775255,0.47627348,0.6264922,0.3783542,0.35727608,0.5077422,0.5631588,0.6522213,0.4265964,0.47805473,0.9055548,0.8153047,0.4028464,0.3118047,0.7868047,0.9221797,0.24451305,0.3350599,0.69586205,0.28607556,0.20492971,0.16732556,0.7848255,0.37513804,0.48399222,0.3833516,0.56825525,0.41662142,0.8644336,0.30651045,0.37711722,0.5374297,0.63658595,0.55128384,0.88774216,0.42263803,0.93138283,0.7761172,0.2917162,0.48003387,0.9274245,0.25000525,0.8153047,0.42263806,0.4293672,0.74722135,0.47805473,0.4839922,0.8496967,0.41056514,0.46420056,0.66097915,0.8737891,0.1776667,0.41076306,0.7868046,0.38701305,0.5172422,0.48696098,0.3355547,0.22274221,0.695763,0.30190888,0.6225338,0.50972134,0.39295053,0.50972134,0.58097136,0.2999297,0.719513,0.5631588,0.41452345,0.21729952,0.27024218,0.62560153,0.7696849,0.6535573,0.78284633,0.38107556,0.79867965,0.45608595,0.37711722,0.6122224,0.7194141,0.3968891,0.45232552,0.36994272,0.6205547,0.6225338,0.23659638,0.115867205,0.719513,0.5187266,0.77295053,0.42595318,0.4859714,0.5611797,0.4246172,0.5307995,0.7746131,0.565336,0.96384114,0.4039844,0.4127422,0.47211722,0.8705235,0.7274296,0.5341146,0.33159637,0.29003388,0.72940886,0.59997135,0.553263,0.46420056,0.5018047,0.55049217,0.65449244,0.7492005,0.4127422,0.37202084,0.46914852,0.5809713,0.52951306,0.24649222,0.8521172,0.54148704,0.34545055,0.58295053,0.73336715,0.33357558,0.5869089,0.74128383,0.26628387,0.95810163,0.7856271,0.8679505,0.6205547,0.2883516,0.5435255,0.3264456,0.39888805,0.5354505,0.8778463,0.37914586,0.6027422,0.717237,0.71951306,0.41026828,0.7868443,0.42377603,0.82242966,0.4246172,0.3494089,0.60808593,0.29597136,0.34347138,0.4068047,0.78284633
BC2026_Train_0013_S13_20220217_233000_40,0.25704986,0.31312498,0.78605956,0.9564543,0.4390011,0.3596237,0.43765694,0.62119496,0.782695,0.44522724,0.48913503,0.61783034,0.87749213,0.6950618,0.69842637,0.70431435,0.3606261,0.41228235,0.64640045,0.47497496,0.7490203,0.46134838,0.8507998,0.28848544,0.31876674,0.7041105,0.37206176,0.7259674,0.20821744,0.30796745,0.17899549,0.24124028,0.15712568,0.18404235,0.36236525,0.17899549,0.34554237,0.1756309,0.28666216,0.23282881,0.16721943,0.28666216,0.35395378,0.24124028,0.4161986,0.4161986,0.3976934,0.3118965,0.18236007,0.13189131,0.35395378,0.35395378,0.35395378,0.23955798,0.32535487,0.7490634,0.62898827,0.8001001,0.7337743,0.74972236,0.48122862,0.58270836,0.81429565,0.48170656,0.72885007,0.8152209,0.37398547,0.49367723,0.43265495,0.10312369,0.3382487,0.74788314,0.5416182,0.26651412,0.16161829,0.5574516,0.8296859,0.5098527,0.66432655,0.28764173,0.3178735,0.31401414,0.49411827,0.63661826,0.49213913,0.41099328,0.88530064,0.7783761,0.3258891,0.22297247,0.85036826,0.9316131,0.17943078,0.31871465,0.6768943,0.2328683,0.24474329,0.11411829,0.81078494,0.3971391,0.4288058,0.25386727,0.5574516,0.4523183,0.7565836,0.30228755,0.35953495,0.5079725,0.5176704,0.5950558,0.93715477,0.4050558,0.92567563,0.7125194,0.19749069,0.4822433,0.8875766,0.25454018,0.7568526,0.4584933,0.37086573,0.71974325,0.5000558,0.40307662,0.7281865,0.27596465,0.43276414,0.5940168,0.8851026,0.16369642,0.42088914,0.6940141,0.37338912,0.46769646,0.36339432,0.22890997,0.24672246,0.67422235,0.30609748,0.58911824,0.47828498,0.38526413,0.49015993,0.55943084,0.26255578,0.5277641,0.45453495,0.3359829,0.19254276,0.2388058,0.41704953,0.6579933,0.63023543,0.7217225,0.33974332,0.7810974,0.43751413,0.3258891,0.61201715,0.6398839,0.41014227,0.4466183,0.30278236,0.5317224,0.5455766,0.20318079,0.09036829,0.6801599,0.5560663,0.5950558,0.37126154,0.46443078,0.6148474,0.4090141,0.36191002,0.6900557,0.4727928,0.9580351,0.41371465,0.41297245,0.3516183,0.8312694,0.68213916,0.4233136,0.28432664,0.28234747,0.6504724,0.70267296,0.5752641,0.4268266,0.48224327,0.40955842,0.70032763,0.8187016,0.3931808,0.35483447,0.39854437,0.59703493,0.4406808,0.2803683,0.787035,0.38508603,0.30015996,0.4426599,0.69995165,0.38130578,0.5653683,0.7949517,0.23088913,0.95001936,0.8059757,0.8303788,0.7197434,0.22272506,0.58104324,0.3319058,0.37863392,0.6484933,0.8800558,0.3616131,0.61880577,0.67887354,0.6702641,0.29760686,0.7657788,0.3803657,0.81998813,0.3219308,0.29422244,0.5602225,0.23682663,0.29620162,0.37734747,0.8187016
BC2026_Train_0013_S13_20220217_233000_45,0.2723982,0.405,0.86680007,0.9329118,0.4696878,0.38837552,0.6026802,0.7672757,0.73726356,0.44841406,0.6496498,0.8317411,0.8862305,0.7111763,0.69940025,0.6817362,0.4509847,0.36459404,0.7860081,0.58413315,0.7338571,0.6261905,0.7447066,0.3993284,0.36904716,0.7520951,0.4521033,0.7692464,0.29753175,0.37946928,0.22627175,0.3221624,0.2548707,0.31038636,0.4416051,0.2801051,0.38272488,0.21786031,0.31711552,0.35244364,0.24982387,0.31711552,0.46011034,0.3221624,0.49039155,0.49039155,0.47693324,0.39954782,0.26832905,0.2212249,0.46011034,0.46011034,0.46011034,0.32552698,0.42814678,0.7571701,0.63695884,0.6637451,0.7469928,0.651977,0.49148634,0.68219095,0.8139837,0.47550657,0.61030763,0.94082844,0.3779534,0.6581959,0.44181302,0.16928177,0.3474068,0.72364825,0.43006063,0.32318562,0.3271439,0.5795372,0.95216477,0.5722637,0.4973523,0.40428197,0.41343558,0.58245647,0.51120645,0.7289148,0.43599808,0.7031856,0.6576648,0.73984975,0.2638106,0.25787312,0.7130814,0.97266895,0.21828978,0.37677157,0.6466804,0.33901894,0.43203974,0.15297726,0.5646439,0.25391477,0.43006063,0.30820334,0.6586049,0.5875231,0.83177805,0.29879236,0.3073523,0.6734981,0.522933,0.63193566,0.78433144,0.41224808,0.93920124,0.6257012,0.21319342,0.52703977,0.9027846,0.2761804,0.7528627,0.6062064,0.47192,0.7942273,0.5844356,0.48745644,0.7773391,0.32234448,0.58047724,0.63233155,0.9453367,0.2593575,0.719019,0.5013106,0.43995643,0.52209187,0.6163002,0.39047724,0.24995644,0.8418856,0.29745644,0.6457898,0.43797725,0.28162313,0.38651896,0.40433145,0.5923523,0.75662315,0.4894356,0.38666737,0.24387051,0.4914148,0.6026044,0.62688875,0.71788096,0.62203974,0.58245647,0.83183146,0.45786792,0.29745644,0.58384186,0.8586492,0.43916482,0.2638106,0.35886008,0.6141231,0.65568566,0.29547727,0.11735227,0.51318556,0.46251893,0.6952689,0.313933,0.4736023,0.5705815,0.41422725,0.30052418,0.6992273,0.35767257,0.7051648,0.39107102,0.5092273,0.4498523,0.9605763,0.70031583,0.41338617,0.3271439,0.2796439,0.6853731,0.7516257,0.6873523,0.41026896,0.56860226,0.54257625,0.49571943,0.6636023,0.4736023,0.33050853,0.32166165,0.671519,0.4894356,0.37860227,0.7707742,0.36203665,0.3251648,0.51318556,0.66953975,0.3113106,0.4518314,0.86547726,0.21235228,0.86597216,0.7219878,0.62599814,0.66756064,0.24515697,0.62219805,0.4099226,0.3451544,0.63391477,0.7407898,0.42689395,0.63391477,0.61560756,0.86745644,0.2510054,0.58384186,0.45737314,0.7865085,0.36672723,0.35485226,0.71387315,0.2756856,0.33901894,0.47756064,0.9109981
BC2026_Train_0013_S13_20220217_233000_50,0.26191962,0.399375,0.8112452,0.92648154,0.43337217,0.3426979,0.46990827,0.6833911,0.6446984,0.44114107,0.67666197,0.7145471,0.85145205,0.6803481,0.6635251,0.66773087,0.39863777,0.38171595,0.679813,0.46919012,0.65794325,0.6596256,0.7923363,0.4378253,0.40754405,0.69392943,0.43893918,0.829375,0.2536354,0.39257288,0.2348684,0.30047777,0.250009,0.2550559,0.43001428,0.2752434,0.38795695,0.20963404,0.30552465,0.32402986,0.26178506,0.30552465,0.45861322,0.30047777,0.4939413,0.4939413,0.48721218,0.40646213,0.24327986,0.20122257,0.45861322,0.45861322,0.45861322,0.34253505,0.42496735,0.7346187,0.5962292,0.47701278,0.7361807,0.57952565,0.51357985,0.5802065,0.7455659,0.44477215,0.50016904,0.829819,0.33985654,0.5723598,0.3284479,0.12716666,0.37654164,0.527128,0.5616925,0.2865883,0.34794247,0.590143,0.97395295,0.7011247,0.60721326,0.23819768,0.31103104,0.59731746,0.5755466,0.6448174,0.42710918,0.74971324,0.83808315,0.8365443,0.294505,0.30637997,0.6349216,0.9350623,0.120338306,0.32226282,0.4837628,0.20940082,0.4191925,0.21929665,0.77940077,0.27273414,0.48252583,0.32737893,0.7331378,0.61267585,0.8563369,0.4362628,0.3123175,0.66460913,0.656643,0.5616925,0.91408306,0.44888002,0.9536664,0.6753956,0.21410134,0.56565076,0.9604946,0.2522003,0.9126977,0.68044245,0.45664823,0.7991924,0.61117166,0.53398407,0.7601772,0.39623415,0.3934633,0.60266125,0.9710831,0.24378884,0.54585916,0.59731746,0.3934633,0.66150975,0.7518152,0.27471334,0.19950499,0.8684633,0.31627584,0.54585916,0.42710918,0.32617164,0.47262996,0.45085913,0.42315078,0.66460913,0.5616925,0.54392946,0.23310132,0.34794247,0.6520612,0.60998416,0.74412215,0.6448174,0.63294244,0.9060675,0.52280194,0.34398413,0.4806456,0.6099346,0.45036435,0.31033832,0.2953956,0.8506508,0.83481747,0.1619008,0.106484145,0.4904425,0.5576352,0.7754425,0.42785132,0.5181508,0.67054665,0.45679665,0.32735914,0.69429666,0.38277578,0.6844008,0.41577846,0.48846334,0.5478383,0.96880704,0.7989946,0.45645028,0.34398413,0.29054666,0.82690084,0.8404136,0.5933591,0.39742166,0.68835914,0.5895492,0.58266175,0.68242157,0.63294244,0.37708575,0.44345707,0.68637997,0.47856748,0.27669245,0.8317498,0.40139973,0.2865883,0.75960916,0.70617163,0.3281508,0.4765883,0.7774216,0.2509633,0.9250674,0.76081645,0.6230466,0.72794247,0.28980446,0.59383416,0.4581722,0.45719248,0.53794247,0.7892967,0.3413123,0.69825494,0.7746508,0.8011716,0.2954154,0.47896332,0.52864045,0.86183304,0.30242163,0.35585916,0.72038996,0.26085913,0.3380466,0.45085913,0.88825494
BC2026_Train_0013_S13_20220217_233000_55,0.3360281,0.42749998,0.85646963,0.91302997,0.57360286,0.557214,0.49460867,0.753648,0.7235686,0.4567571,0.59403217,0.7824489,0.8617689,0.71476537,0.745484,0.7694399,0.3947851,0.4731601,0.7252936,0.514166,0.7471634,0.6966947,0.86319894,0.39567572,0.49186325,0.75643826,0.50279653,0.801839,0.47891825,0.5885641,0.30715603,0.43669254,0.32397896,0.29201543,0.45015085,0.38454145,0.43837482,0.23313521,0.38285923,0.34584874,0.26509875,0.38285923,0.4955727,0.43669254,0.50398415,0.50398415,0.49725497,0.45183313,0.3155675,0.23818207,0.4955727,0.4955727,0.4955727,0.4350102,0.42996335,0.7473681,0.59450155,0.6240716,0.7398153,0.62165105,0.46233803,0.6485341,0.8020135,0.4859109,0.6220924,0.9268841,0.37964448,0.6125373,0.49316823,0.29901198,0.42369947,0.7140489,0.49833176,0.3439568,0.3301026,0.6032277,0.9612589,0.6219308,0.54583174,0.36186823,0.43168336,0.5022901,0.58343595,0.64874846,0.56166506,0.7219776,0.87783694,0.9039571,0.3894776,0.35781094,0.7635401,0.95947766,0.31031093,0.39224842,0.7646287,0.38156095,0.32812345,0.22322764,0.9622485,0.48051926,0.5398943,0.40554842,0.6705193,0.5702943,0.7506715,0.41243598,0.43895677,0.66854006,0.55028486,0.73187345,0.82489425,0.5497901,0.9094047,0.595212,0.31758437,0.6131235,0.9157381,0.3214932,0.81044644,0.60718596,0.47992554,0.80114424,0.56166506,0.55968595,0.78875864,0.37730578,0.60322756,0.73162603,0.9601704,0.291212,0.6507276,0.7338526,0.4607276,0.7607693,0.6413266,0.5497901,0.29645678,0.72910255,0.39541513,0.6507276,0.43301925,0.5201026,0.4923943,0.5042693,0.6230193,0.67645675,0.55176926,0.39887866,0.2442068,0.5695818,0.5132151,0.72276926,0.69125104,0.7457276,0.72593594,0.8822901,0.5108995,0.41322762,0.6541912,0.82182664,0.4674568,0.6705193,0.38542032,0.5992693,0.7576026,0.3439568,0.21135262,0.5379151,0.5127797,0.6724984,0.4258943,0.6645818,0.6151026,0.39145678,0.37285262,0.6705193,0.5085245,0.8347901,0.39694896,0.5695818,0.4785401,0.94097245,0.7712589,0.47760004,0.45676926,0.33406097,0.7932276,0.7749253,0.6309359,0.39937344,0.5676026,0.40590468,0.81328154,0.88031095,0.52208173,0.39190212,0.4526526,0.6230193,0.45479012,0.37760258,0.8435974,0.45433488,0.43104008,0.7279151,0.844686,0.3736443,0.7932276,0.8503859,0.29843593,0.975311,0.84297395,0.7219776,0.63489425,0.40001667,0.59356934,0.41794297,0.37799844,0.5695818,0.8367693,0.551126,0.6645818,0.675962,0.78926927,0.37694952,0.73157656,0.50451666,0.8532953,0.42906094,0.42312342,0.7658162,0.35385257,0.43499842,0.5577068,0.8427068
BC2026_Train_0013_S13_20220217_233000_60,0.30652457,0.429375,0.9138097,0.8995845,0.5779699,0.44981432,0.6121748,0.7904978,0.780404,0.4812925,0.6828311,0.8561071,0.8471069,0.73787904,0.74729985,0.70335835,0.43527192,0.47535002,0.77910274,0.6361079,0.75723296,0.72526944,0.796962,0.44774073,0.46733445,0.7145324,0.4611084,0.80277896,0.3607518,0.49256426,0.3755262,0.42599496,0.46637,0.43272415,0.4613231,0.40748978,0.48823974,0.264495,0.48487517,0.39403144,0.39234918,0.48487517,0.5101096,0.42599496,0.558896,0.558896,0.52188563,0.48655748,0.3317866,0.2611304,0.5101096,0.5101096,0.5101096,0.5975888,0.45122936,0.6907412,0.6119081,0.5868761,0.6976798,0.58917195,0.4524017,0.6340594,0.81130874,0.48376656,0.6027095,0.8718761,0.41389692,0.5327707,0.37678307,0.29484555,0.46584553,0.74589956,0.5578335,0.38960433,0.33220848,0.6646591,0.9458492,0.73259395,0.46481267,0.5131044,0.523119,0.5677293,0.6567918,0.5736668,0.48262516,0.89231265,0.87944806,0.9174085,0.44700018,0.41731265,0.706271,0.9527762,0.43710434,0.4385887,0.6613934,0.42325017,0.6607502,0.30054182,0.9206148,0.4984585,0.61918765,0.47375852,0.68652886,0.638346,0.6495679,0.52809656,0.47272933,0.5241877,0.5979612,0.7953335,0.9217033,0.46877098,0.88835436,0.62265116,0.36506268,0.6310627,0.90596896,0.35155487,0.82363564,0.7557501,0.51142204,0.86927515,0.599396,0.5123127,0.7471408,0.5900939,0.7141877,0.73002106,0.9763283,0.346508,0.78345853,0.8111668,0.47272933,0.74862516,0.6830158,0.67064595,0.32429183,0.84885013,0.4509585,0.67064595,0.5123127,0.44897932,0.587521,0.41731265,0.5835626,0.65679187,0.59543765,0.5592685,0.3208283,0.69241685,0.63525856,0.79746103,0.7030054,0.8507501,0.72606266,0.8883543,0.5576356,0.43710434,0.6772564,0.7135445,0.56790745,0.70231265,0.43235433,0.9116096,0.7874168,0.40741682,0.23918769,0.6627293,0.5402189,0.74450845,0.4826747,0.75377095,0.60335433,0.42918766,0.5299767,0.6571085,0.6641148,0.75377095,0.437995,0.7003335,0.59543765,0.9520836,0.80344814,0.53141165,0.45887515,0.37377098,0.80325013,0.87434185,0.5736668,0.4252293,0.60335433,0.56861997,0.85400105,0.83293766,0.54595846,0.5153804,0.51749814,0.6429376,0.6053335,0.38564602,0.85025537,0.57806057,0.41929182,0.74387515,0.9259586,0.5083543,0.6409585,0.8646043,0.33022934,0.96959907,0.8873945,0.7042919,0.7042918,0.4458127,0.5055835,0.43847492,0.48025018,0.6726252,0.8717294,0.5782981,0.79929185,0.62938035,0.77775854,0.47375852,0.79804504,0.528146,0.7755418,0.39356267,0.5321043,0.86133873,0.43116683,0.52022934,0.551896,0.89231265
BC2026_Train_0014_S13_20220228_214500_5,0.2530902,0.103125,0.62498325,0.60097593,0.76595926,0.60439694,0.67881656,0.5711499,0.9025614,0.27792645,0.4202483,0.687228,0.8954958,0.3717488,0.71316993,0.93270904,0.91962177,0.37050194,0.7959474,0.7409364,0.89419323,0.7891341,0.80062664,0.26629883,0.79691344,0.61581975,0.81192046,0.1445177,0.41704893,0.47048643,0.12862438,0.3490046,0.11516605,0.1252598,0.37928584,0.23460877,0.19759834,0.07647335,0.1639525,0.10170772,0.13198897,0.1639525,0.26993686,0.3490046,0.10002543,0.10002543,0.088249385,0.16731709,0.08488481,0.07647335,0.26993686,0.26993686,0.26993686,0.26993686,0.16563481,0.5785866,0.3974552,0.59108007,0.4905681,0.7810158,0.66662,0.83976245,0.94906193,0.9238275,0.7593093,0.2609551,0.20395508,0.57956135,0.2478302,0.4918614,0.39923644,0.8112153,0.36724153,0.96979886,0.14953321,0.512265,0.5710957,0.3561582,0.47015822,0.5532783,0.5406166,0.61067903,0.37119988,0.45036656,0.9022103,0.2623457,0.77494985,0.96148634,0.6641165,0.8838041,0.8776687,0.29203323,0.65422076,0.27605143,0.6193379,0.5869291,0.4602624,0.044637382,0.78088737,0.28807488,0.24849157,0.5427738,0.60815567,0.23265822,0.13835092,0.5796061,0.32963738,0.3929707,0.72928065,0.3039082,0.6700541,0.39692906,0.8244291,0.8108025,0.9289266,0.2821374,0.42661652,0.32587698,0.7314082,0.2623457,0.23166865,0.3573457,0.40286654,0.4721374,0.43779883,0.44994304,0.3929707,0.85426253,0.6047415,0.30568945,0.29203323,0.92398113,0.23859571,0.47203842,0.46530926,0.5948457,0.29005405,0.5097415,0.855779,0.09411655,0.9256634,0.29599154,0.9279395,0.65026236,0.050574884,0.60434574,0.3870332,0.25655666,0.20707749,0.48005405,0.56127906,0.40786397,0.49989522,0.31578323,0.6443249,0.33953324,0.45541343,0.48005405,0.6668874,0.5604577,0.35229886,0.878579,0.8448195,0.30192906,0.48005408,0.33953324,0.16932489,0.31974152,0.7515016,0.3236999,0.31716865,0.35536656,0.31578323,0.33161655,0.41964,0.29599154,0.73674005,0.91887486,0.5084056,0.20297071,0.3098457,0.2761999,0.6482832,0.34344205,0.3474499,0.7303197,0.28807488,0.8100801,0.46817905,0.4840124,0.88776237,0.33260617,0.3370593,0.48203322,0.4048457,0.42597333,0.57810193,0.43849155,0.54734564,0.29401237,0.46619987,0.52931553,0.5869291,0.7452624,0.4464082,0.33755404,0.121824875,0.51963735,0.83036655,0.6364082,0.25462696,0.43057486,0.5176582,0.9603013,0.3016124,0.17555927,0.64046556,0.60869986,0.869653,0.21761654,0.39099157,0.28685275,0.8542155,0.5410916,0.7257676,0.39945495,0.4464082,0.3236999,0.4760957,0.34250197,0.90062696,0.8264082,0.86401236,0.3474499
BC2026_Train_0014_S13_20220228_214500_10,0.20793638,0.106874995,0.61960775,0.49993902,0.7751223,0.64927053,0.644842,0.60783166,0.90559727,0.23940977,0.39535823,0.6801701,0.89188665,0.39760622,0.6411179,0.93299556,0.9707828,0.42957962,0.79306626,0.8418864,0.9392573,0.8405911,0.84780097,0.23987652,0.7556473,0.68538696,0.7757013,0.22659974,0.5994747,0.5955164,0.14879097,0.4078639,0.11850972,0.14710866,0.34898368,0.29010347,0.15215553,0.079817005,0.1992597,0.14206178,0.13196805,0.1992597,0.25477532,0.4078639,0.10841597,0.10841597,0.086546175,0.15215553,0.10000451,0.0814993,0.25477532,0.25477532,0.25477532,0.26991594,0.17402533,0.6057899,0.413631,0.6032515,0.599224,0.81203383,0.70487183,0.87885046,0.9456474,0.9456474,0.77939737,0.264814,0.21672027,0.41655508,0.22659972,0.6073914,0.44747475,0.78981143,0.27671656,0.9362739,0.15004991,0.42738065,0.5656749,0.29353952,0.5181749,0.56869316,0.52599263,0.5735916,0.30838323,0.5082791,0.845727,0.33807078,0.42119575,0.93784136,0.64286244,0.8223333,0.90619063,0.32817492,0.53598744,0.22847442,0.66062546,0.56171656,0.47067493,0.03723743,0.56171656,0.2410916,0.28067493,0.39701033,0.5199067,0.22921659,0.16143014,0.37522963,0.32025826,0.52609164,0.5494952,0.36182076,0.54588324,0.36775827,0.67650825,0.768307,0.90420145,0.23911242,0.46275827,0.3474718,0.8783832,0.21932076,0.18646659,0.18963327,0.38952908,0.38161242,0.51471144,0.4425272,0.4825499,0.86353946,0.53400826,0.29700306,0.3875499,0.9396385,0.2114041,0.36785725,0.40991455,0.67999154,0.39150825,0.3637999,0.84077907,0.15796658,0.78011763,0.19161242,0.8914458,0.6151541,0.04317493,0.5379666,0.32619575,0.23154211,0.15277128,0.54192495,0.49794787,0.37404212,0.38576868,0.29452908,0.60129994,0.30244574,0.3557843,0.50036246,0.6590916,0.61520356,0.27721143,0.89817494,0.7823443,0.27077907,0.3875499,0.23119576,0.19161242,0.35192493,0.7508952,0.29848742,0.23559943,0.41525826,0.3064041,0.26682076,0.3555369,0.3182791,0.70671433,0.90300417,0.4314379,0.26682076,0.26682076,0.31629992,0.6606749,0.2982895,0.3341124,0.6891749,0.32619575,0.7449835,0.5775499,0.47463325,0.8566124,0.3075916,0.37913847,0.3578624,0.3578624,0.41293272,0.5568281,0.47265407,0.5320291,0.3341124,0.36577907,0.4844895,0.5122374,0.57557076,0.39348742,0.34400827,0.15598743,0.58348745,0.8427582,0.5201541,0.20249784,0.2628624,0.46869576,0.94558585,0.3044249,0.14361764,0.4836385,0.59338325,0.80861765,0.30056554,0.37963325,0.22660904,0.9187583,0.4289739,0.7448885,0.358852,0.47463325,0.40338326,0.47859162,0.32748222,0.72638327,0.73390406,0.7972374,0.31432077
BC2026_Train_0014_S13_20220228_214500_15,0.24747396,0.080625005,0.61782426,0.45401523,0.7670798,0.44790235,0.7187618,0.6026836,0.89708465,0.24637428,0.38566798,0.5098212,0.902468,0.37192336,0.4627671,0.9022658,0.97285384,0.43709335,0.8005047,0.8050301,0.918854,0.83995444,0.83528644,0.19395271,0.65133816,0.6740986,0.73597133,0.1433086,0.25552732,0.33033982,0.10295126,0.30987313,0.09622208,0.10631584,0.33342525,0.20893562,0.11977417,0.050800208,0.1332325,0.081081465,0.09958667,0.1332325,0.20052418,0.30987313,0.072670005,0.072670005,0.05921167,0.12313875,0.06594084,0.06257626,0.20052418,0.20052418,0.20052418,0.20388876,0.14164396,0.56833094,0.39802733,0.625609,0.46187744,0.82298136,0.703791,0.88042665,0.95796055,0.9562782,0.77256215,0.17970273,0.22067147,0.28271177,0.15577734,0.29115236,0.38733983,0.81351554,0.2573615,0.71256983,0.10694483,0.45438752,0.46715316,0.29595524,0.8273615,0.56759596,0.550575,0.5067365,0.24350733,0.4988198,0.80054384,0.23163232,0.500799,0.89815885,0.382049,0.93225735,0.9087053,0.3048615,0.47902814,0.25666878,0.5725933,0.49288234,0.4691323,0.039653167,0.6611115,0.19600731,0.18413231,0.39766464,0.30971044,0.22965316,0.116989106,0.30911672,0.29496565,0.4612157,0.6059423,0.370174,0.5403824,0.24350733,0.78263235,0.6623188,0.93794304,0.26923648,0.36027816,0.35963494,0.8364657,0.21579899,0.1701792,0.108924,0.3642365,0.5621532,0.3205464,0.3562209,0.36621568,0.7209813,0.6017365,0.30748385,0.15444483,0.9504657,0.18017398,0.38858023,0.4407313,0.76347405,0.47111148,0.30288234,0.572049,0.1029865,0.73503345,0.11090316,0.93116885,0.5186115,0.0317365,0.6749657,0.31277817,0.2274266,0.09180421,0.32663232,0.41953444,0.35077816,0.42633286,0.21184066,0.39788234,0.27913234,0.39689276,0.40777814,0.6071694,0.6684839,0.20173702,0.8709032,0.7190021,0.322674,0.30288234,0.16829899,0.108924,0.35829902,0.76695734,0.19996566,0.17789795,0.3919448,0.28902817,0.465174,0.37769485,0.21184066,0.73641884,0.93116885,0.41287452,0.19996566,0.2791323,0.27913234,0.5977782,0.30016097,0.27517396,0.617372,0.29496565,0.66760063,0.5581949,0.40184066,0.89109075,0.28121045,0.4811063,0.36027816,0.36225733,0.380911,0.47841465,0.51069486,0.417674,0.33454898,0.29298648,0.4262636,0.42361146,0.5898615,0.4156948,0.3325698,0.108924,0.36819485,0.833299,0.43944478,0.19848128,0.31277817,0.49090314,0.92880815,0.29298648,0.12614274,0.5146532,0.5423615,0.8608095,0.21748129,0.33652815,0.17445421,0.88198656,0.37243026,0.7348554,0.23311672,0.42559063,0.29298648,0.429549,0.346523,0.6809032,0.7204865,0.68288237,0.3167365
BC2026_Train_0014_S13_20220228_214500_20,0.328479,0.13125001,0.6259568,0.5002302,0.77098024,0.47112888,0.6865192,0.6377328,0.9169932,0.2630864,0.37664112,0.5038224,0.9237224,0.4887471,0.6393963,0.9094041,0.9728552,0.6025531,0.80010784,0.8392043,0.91862535,0.8002761,0.8334634,0.38623017,0.64114684,0.6955739,0.74353015,0.21819139,0.24847266,0.38741013,0.21569419,0.36373588,0.1534494,0.16522543,0.41756916,0.24261086,0.17868377,0.10298064,0.22915255,0.14335565,0.17700149,0.22915255,0.32840773,0.36373588,0.12653273,0.12653273,0.12148586,0.18877752,0.15513171,0.12316815,0.32840773,0.32840773,0.32840773,0.31663167,0.22242337,0.6747244,0.4123476,0.60750103,0.47478804,0.8888841,0.7031591,0.9315896,0.9712719,0.9443552,0.80858433,0.23660517,0.26688644,0.3281911,0.19859764,0.35178512,0.4176914,0.88462484,0.33767554,0.8746234,0.08434221,0.3310948,0.5355922,0.27493596,0.71767557,0.3587611,0.6052094,0.5850714,0.27830055,0.34559223,0.93983704,0.20507139,0.7305797,0.9261076,0.36142555,0.82162136,0.9459724,0.30798805,0.49402973,0.21808442,0.6602302,0.31788388,0.4762172,0.048717216,0.7831463,0.29809222,0.3099672,0.5971839,0.27894378,0.23871721,0.14703232,0.51961046,0.30798802,0.46632138,0.6642282,0.3574672,0.5830922,0.22684222,0.87402964,0.5687284,0.9185536,0.36142558,0.35152972,0.39215216,0.7763578,0.3040297,0.2368865,0.14965472,0.3574672,0.3356964,0.2967563,0.36043596,0.32184222,0.5555322,0.592988,0.3366365,0.18132138,0.95438385,0.14371721,0.410212,0.45899847,0.78219634,0.284238,0.7176755,0.6662172,0.15955056,0.8288058,0.24267554,0.9171755,0.6068422,0.07444638,0.65568805,0.25652972,0.2513938,0.1188292,0.41090468,0.4962464,0.38581878,0.5638943,0.28027973,0.38319638,0.29809225,0.3052172,0.40100887,0.64591587,0.6821,0.3431034,0.88788384,0.5977307,0.29413387,0.36340472,0.1496547,0.10809222,0.42475885,0.74006987,0.16944638,0.24876149,0.38517553,0.28819638,0.4643422,0.37067813,0.21496722,0.7305401,0.9265766,0.38240474,0.2862172,0.22486304,0.3099672,0.723613,0.3687485,0.26048803,0.6369255,0.44455054,0.8218728,0.59100884,0.63059217,0.82069117,0.30586046,0.5669224,0.521738,0.30600888,0.32857144,0.5383036,0.4287172,0.33965468,0.24069639,0.39705053,0.5147516,0.6681964,0.48413387,0.3535089,0.29017556,0.15559222,0.30600888,0.89006096,0.51580054,0.30583075,0.592988,0.63059217,0.89828193,0.3159047,0.14264847,0.3893318,0.521738,0.84810257,0.25024587,0.37132138,0.18684821,0.9544828,0.5097047,0.8391272,0.22075626,0.4227797,0.28819638,0.5355922,0.4169412,0.6068422,0.72361296,0.6543422,0.27830055
BC2026_Train_0014_S13_20220228_214500_25,0.31958294,0.13875,0.68395686,0.64368904,0.76489323,0.6445283,0.6738631,0.63517046,0.932936,0.31923598,0.42219222,0.7024621,0.92814153,0.48119357,0.6912276,0.92927194,0.950163,0.50168383,0.7512506,0.7378763,0.9210779,0.7920462,0.8003226,0.36363694,0.7070224,0.69217867,0.7787069,0.17772213,0.46450335,0.49122208,0.23858358,0.42700022,0.14605755,0.17129193,0.4539169,0.30587524,0.17633879,0.119140886,0.22848983,0.18306795,0.17465651,0.22848983,0.3597086,0.42700022,0.16792734,0.16792734,0.14101066,0.19147941,0.15278672,0.12755235,0.3597086,0.3597086,0.3597086,0.32438046,0.2739117,0.66094637,0.44134715,0.5823349,0.48179618,0.8122487,0.7216911,0.9165172,0.96188956,0.95684266,0.7628349,0.24785571,0.2763557,0.48881102,0.22581588,0.636295,0.55910754,0.8974996,0.4323936,0.961227,0.12562278,0.45297697,0.46603942,0.31997693,0.5729144,0.50657773,0.7576202,0.6342686,0.3848936,0.39281026,0.9572686,0.24239361,0.6797894,0.9493737,0.60458106,0.6817686,0.9494509,0.36510193,0.5570811,0.2837582,0.64268,0.4462478,0.7451019,0.054372773,0.7728103,0.37103945,0.2562478,0.53291553,0.574102,0.22260195,0.10667225,0.5431775,0.3552061,0.44822693,0.76729625,0.29978943,0.6738519,0.31562278,0.785952,0.61417013,0.88644314,0.33937278,0.36708108,0.33858112,0.6580185,0.42051858,0.17797172,0.27406025,0.3967686,0.40468526,0.47509414,0.44367483,0.36114362,0.83965665,0.61843526,0.28474778,0.2661436,0.95370615,0.19093528,0.4062686,0.43486756,0.65944356,0.26218528,0.68176866,0.74708104,0.13947693,0.89225304,0.20281026,0.93579465,0.697602,0.074164435,0.5610394,0.3077061,0.2813159,0.16936237,0.48187274,0.4016967,0.67919576,0.6324894,0.32551858,0.7490602,0.3136436,0.42764357,0.39478943,0.7026488,0.5585655,0.39142483,0.87404466,0.696845,0.29781026,0.40072694,0.27999777,0.1117686,0.40468526,0.746903,0.27406028,0.2958806,0.3848936,0.25426862,0.4205186,0.4705915,0.28395608,0.6388207,0.8861175,0.50413847,0.27801856,0.2938519,0.30968523,0.59468526,0.4795354,0.32353944,0.6668259,0.4145811,0.85900104,0.66791445,0.5194769,0.8955186,0.3899405,0.52056545,0.66197693,0.3195811,0.35273215,0.64058214,0.45416442,0.38687277,0.2720811,0.4561436,0.47067067,0.5214561,0.76687276,0.31760192,0.23843527,0.32353944,0.52739364,0.8539561,0.61249775,0.24130508,0.56301856,0.44426858,0.8454961,0.33090192,0.14541444,0.5554977,0.40468523,0.86167485,0.33872953,0.37499776,0.24070144,0.8937374,0.4387071,0.86414886,0.36356807,0.4680186,0.2602061,0.5254144,0.40458632,0.72728944,0.901753,0.84406024,0.31166443
BC2026_Train_0014_S13_20220228_214500_30,0.31942356,0.148125,0.6246597,0.66820484,0.75924647,0.44855466,0.66335243,0.6852224,0.9156963,0.26666814,0.40898997,0.45744,0.9071166,0.4270562,0.5955377,0.90592057,0.9425173,0.39181414,0.75673425,0.8282316,0.9255522,0.7959316,0.8234183,0.4051735,0.63653815,0.68304855,0.7070737,0.14396094,0.5459297,0.41292965,0.2278673,0.44992983,0.19422147,0.19758604,0.38600275,0.30693504,0.20767981,0.11851835,0.24300793,0.15552877,0.21609128,0.24300793,0.3187111,0.44992983,0.14543502,0.14543502,0.14375272,0.21777356,0.15216419,0.11347148,0.3187111,0.3187111,0.3187111,0.34899235,0.2463725,0.49821714,0.39155465,0.6246631,0.4796545,0.7339329,0.6588186,0.9277725,0.97274905,0.9475147,0.75043917,0.28404847,0.29829848,0.49074942,0.15108594,0.36483592,0.3398984,0.8664652,0.2857415,0.69740814,0.09772067,0.4353665,0.44407484,0.26139778,0.48959568,0.371672,0.8293295,0.55886644,0.28772068,0.46188736,0.89106965,0.24022068,0.718704,0.9361941,0.45001233,0.6756373,0.9511373,0.31344986,0.612304,0.25402537,0.6263066,0.3114707,0.67365813,0.06605401,0.7943873,0.2817832,0.27188733,0.35806027,0.31424153,0.2461582,0.18401235,0.46104622,0.3926165,0.39261648,0.6224967,0.30355403,0.5192832,0.23032485,0.8834498,0.82017595,0.88681096,0.32136652,0.21449152,0.3492728,0.5271998,0.31147066,0.16446808,0.21251234,0.27584568,0.38074154,0.533929,0.40201756,0.42428315,0.7974056,0.47178316,0.32908526,0.17094985,0.9127415,0.208554,0.35055923,0.34383005,0.7807706,0.25209567,0.37876233,0.541054,0.22240819,0.9298613,0.16303319,0.90957487,0.56876236,0.032408178,0.731054,0.2976165,0.2221113,0.14131182,0.44407484,0.31432068,0.52061915,0.6765774,0.26594982,0.8220957,0.27188733,0.29167902,0.29959568,0.6514222,0.5606972,0.34188056,0.9214499,0.53805065,0.19865818,0.37084568,0.20459569,0.07594984,0.410429,0.7442204,0.20063734,0.22720768,0.36094984,0.26594982,0.30355403,0.4684681,0.2580332,0.7552988,0.9140873,0.47470245,0.22438735,0.291679,0.2580332,0.61428314,0.39563474,0.21053319,0.6841477,0.26397067,0.85768163,0.68751234,0.47178316,0.8975018,0.3377441,0.36540297,0.51334566,0.24615818,0.3283431,0.67601335,0.4321998,0.38272068,0.2580332,0.39459565,0.42366967,0.54699147,0.59053314,0.3688665,0.208554,0.172929,0.36490816,0.7350123,0.64001226,0.19549152,0.57272065,0.49751234,0.8432564,0.351054,0.13997589,0.38925192,0.39657485,0.7550019,0.337091,0.32928318,0.18216679,0.91610605,0.38497692,0.81847376,0.27084827,0.33719987,0.21647067,0.52126235,0.38252276,0.5430331,0.80220497,0.62417895,0.3589707
BC2026_Train_0014_S13_20220228_214500_35,0.34927687,0.18187499,0.61559343,0.7173292,0.7206938,0.62892836,0.6559684,0.7215778,0.90158296,0.3023507,0.40379286,0.47343975,0.9049476,0.4289913,0.58250046,0.8996124,0.91831356,0.42213643,0.75240874,0.774615,0.9044038,0.8350092,0.82576126,0.43015206,0.6662667,0.68111044,0.7142239,0.15828253,0.45575127,0.6526784,0.24531129,0.50101966,0.25708732,0.23521754,0.39167064,0.40008208,0.30587375,0.1797019,0.3277436,0.22007689,0.2638165,0.3277436,0.3159675,0.50101966,0.19820711,0.19820711,0.21671233,0.3210144,0.23353523,0.15278524,0.3159675,0.3159675,0.3159675,0.38998836,0.255405,0.52134913,0.39518878,0.6009542,0.48680574,0.7264482,0.7106347,0.9348396,0.97526413,0.93320686,0.71772504,0.31971458,0.30012083,0.39925066,0.20815754,0.28831378,0.30790755,0.83393526,0.28805834,0.7902719,0.12180834,0.373212,0.41076666,0.27064168,0.42857918,0.24728751,0.8475568,0.6819125,0.24451667,0.45826665,0.91139686,0.2742042,0.61644167,0.90124875,0.4562875,0.7670166,0.9501885,0.20295417,0.6205583,0.29468855,0.6468812,0.41076666,0.7670166,0.094100006,0.7116,0.33951664,0.31576666,0.4410479,0.28405052,0.31378752,0.1470427,0.4037406,0.48201668,0.45430836,0.6418344,0.26826665,0.36524582,0.19305833,0.7373291,0.83920187,0.9295616,0.27024585,0.24649586,0.4197719,0.6205583,0.31378752,0.1736625,0.2069125,0.26430833,0.35337088,0.36574063,0.49082398,0.5631625,0.6304541,0.47212082,0.34238648,0.26628748,0.92643857,0.2425375,0.27212605,0.2822198,0.7825333,0.33555833,0.33555833,0.7610791,0.22472501,0.96384484,0.20889166,0.9577094,0.5314958,0.060454167,0.557225,0.31774583,0.18761565,0.19038646,0.48993334,0.48815206,0.570238,0.8159574,0.23462084,0.61066246,0.29795417,0.2269021,0.35139167,0.6462875,0.58631873,0.47132918,0.9411833,0.50299585,0.13764167,0.3791,0.23066251,0.0762875,0.39889166,0.70360917,0.21878752,0.27925107,0.34743333,0.18118334,0.41868335,0.47098285,0.16337085,0.7700843,0.8811156,0.44693595,0.27420416,0.25639167,0.2187875,0.67399585,0.38905916,0.22076666,0.7194177,0.28607917,0.7604409,0.8191083,0.4107667,0.9334645,0.33516252,0.36445418,0.31180835,0.30982918,0.3409516,0.74890727,0.29399583,0.39295414,0.2900375,0.35535,0.50329274,0.48597503,0.68784994,0.26430833,0.24649584,0.28014168,0.33951667,0.74920416,0.5295166,0.18276668,0.66014165,0.32962087,0.892955,0.39184585,0.16257918,0.3884021,0.61264163,0.76909477,0.49346814,0.33357918,0.18487449,0.9022927,0.37712082,0.8548917,0.29399583,0.3276417,0.22076666,0.5018083,0.4285792,0.57701665,0.9021938,0.7116,0.3217042
BC2026_Train_0014_S13_20220228_214500_40,0.32568488,0.13875,0.51716524,0.58196324,0.72347367,0.69202316,0.71113354,0.6303836,0.91469085,0.25826064,0.3975544,0.46114504,0.90527004,0.423721,0.6601671,0.9268103,0.94593203,0.69675493,0.805932,0.8719619,0.93933773,0.84933513,0.82611716,0.3027028,0.7719632,0.6621195,0.7778434,0.1810815,0.6893315,0.6932898,0.20583841,0.4581822,0.2075207,0.21088529,0.40098426,0.3538801,0.23611966,0.1267707,0.24116653,0.16041654,0.23611966,0.24116653,0.3118228,0.4581822,0.15200508,0.15200508,0.1637811,0.2849061,0.16209882,0.123406105,0.3118228,0.3118228,0.3118228,0.3505155,0.21929675,0.5130507,0.40908152,0.60571325,0.46260467,0.82185805,0.71713537,0.9171352,0.94993985,0.9482575,0.7026924,0.2706403,0.3472341,0.62197214,0.277269,0.5864149,0.36455026,0.8308473,0.2977092,0.94103736,0.10968836,0.3839019,0.43031338,0.26426128,0.43823004,0.5139579,0.80524665,0.5431258,0.331355,0.4797925,0.89531857,0.19875085,0.42041752,0.8978989,0.5609383,0.77864665,0.9188707,0.29968834,0.6104175,0.2672795,0.58800346,0.5075009,0.5154175,0.08791752,0.61239666,0.23635502,0.3016675,0.47690293,0.37380815,0.27593833,0.1940998,0.42274308,0.36698002,0.3748967,0.5500529,0.3056259,0.42437586,0.28979254,0.7410425,0.7887206,0.89703846,0.27000087,0.25218835,0.38899827,0.60645914,0.25218835,0.2034019,0.22843835,0.3214592,0.3392717,0.43298525,0.3667821,0.5253133,0.84079254,0.42239672,0.34694093,0.25416753,0.8985842,0.25812587,0.27158418,0.28840712,0.7344717,0.37885502,0.58072996,0.92114663,0.15916751,0.83564675,0.2660425,0.9017508,0.5906258,0.060209185,0.65403837,0.20468834,0.17994878,0.19157638,0.62031335,0.37933,0.35357118,0.553467,0.21656334,0.67968833,0.29375085,0.3651988,0.33531338,0.66543835,0.60314405,0.42655295,0.79242164,0.7217209,0.08593836,0.30364668,0.20666751,0.117605016,0.35906336,0.7057836,0.34718832,0.3369462,0.30166754,0.18489668,0.28781337,0.35861805,0.19479252,0.5215529,0.93333834,0.5374357,0.4045842,0.19677167,0.2561467,0.56489664,0.28934723,0.31156337,0.70195395,0.23239668,0.70283717,0.59458417,0.4817717,0.884829,0.30097482,0.3250217,0.46791753,0.29375085,0.3607951,0.69728315,0.38479254,0.5371883,0.32343835,0.42833418,0.43652797,0.4758342,0.57281333,0.3511467,0.23239669,0.15323001,0.5550008,0.7667716,0.56489664,0.18875606,0.3155217,0.450105,0.8373507,0.3665842,0.15174565,0.5031467,0.63416743,0.7694436,0.32613006,0.28385502,0.20513366,0.9087769,0.42475194,0.7293654,0.35629252,0.34916753,0.29177168,0.48375085,0.31532377,0.7746883,0.7390634,0.81625086,0.23437585
BC2026_Train_0014_S13_20220228_214500_45,0.350033,0.166875,0.6344185,0.6053857,0.72116697,0.6536362,0.71348614,0.71853304,0.9002206,0.27171636,0.4200945,0.6209601,0.8920614,0.6505048,0.71106726,0.9390178,0.93669826,0.49049506,0.7917413,0.7922123,0.9443252,0.78038585,0.86570495,0.3702607,0.7736149,0.7528732,0.8244538,0.34354037,0.69686127,0.67762375,0.20613556,0.5344516,0.1573491,0.17080744,0.45175013,0.42988035,0.2347345,0.11865638,0.24651055,0.123703256,0.18763036,0.24651055,0.35417718,0.5344516,0.15903139,0.15903139,0.1573491,0.2633335,0.16744284,0.11865638,0.35417718,0.35417718,0.35417718,0.33567202,0.21791159,0.6488225,0.41835287,0.6588232,0.63529587,0.8598818,0.76777637,0.88999,0.9529769,0.9445654,0.7759899,0.33107322,0.44329196,0.60581946,0.27941537,0.7112695,0.4557591,0.85669965,0.34763715,0.94247574,0.15763713,0.56386113,0.5218038,0.29796007,0.53961635,0.56079584,0.5728663,0.64253294,0.37534547,0.5376372,0.9306997,0.23482463,0.6128455,0.79161376,0.64055383,0.63263714,0.9505903,0.32982463,0.57326216,0.2760408,0.61061895,0.6049288,0.51388717,0.058678802,0.7513872,0.22888713,0.3397205,0.4946892,0.6816216,0.2664913,0.2604054,0.34783503,0.32982463,0.55544966,0.6658871,0.38326213,0.49409547,0.40305376,0.85279965,0.85975647,0.8891391,0.30607462,0.4841996,0.3727725,0.559408,0.2882621,0.24912412,0.29419962,0.4268038,0.35159546,0.59518147,0.39152515,0.43867877,0.87701476,0.5020122,0.2987517,0.27440795,0.8947778,0.21503295,0.29499128,0.34209546,0.72961634,0.39909548,0.52576214,0.761283,0.16753297,0.8052205,0.5336788,0.93831944,0.59701216,0.08440797,0.6906663,0.24669963,0.23522048,0.22725433,0.5455538,0.4610434,0.45070228,0.60116845,0.35951212,0.76326215,0.41097045,0.39721525,0.42284545,0.7160591,0.6526763,0.3913767,0.8899288,0.77840036,0.17940797,0.4188871,0.31597045,0.22888714,0.42878297,0.7754736,0.3911788,0.2603559,0.3793038,0.30013713,0.35951212,0.45238453,0.31003296,0.64218664,0.92230797,0.569007,0.5039913,0.28034547,0.35159546,0.4980538,0.31181425,0.3139913,0.7578195,0.35159546,0.6418898,0.65440804,0.41294962,0.90348613,0.38875434,0.3370486,0.7197205,0.40107462,0.431059,0.63263714,0.49607465,0.52378297,0.3555538,0.50992876,0.4509496,0.571283,0.7177413,0.36347046,0.3080538,0.18930382,0.7177413,0.8660799,0.8270903,0.26807463,0.6088872,0.6247205,0.8371227,0.40994132,0.19237152,0.59909034,0.5791996,0.8436163,0.27678296,0.40899128,0.2696085,0.85687673,0.4509496,0.8102674,0.39419705,0.47034547,0.2882621,0.4921163,0.29499128,0.7177413,0.666283,0.8602413,0.29815796
BC2026_Train_0014_S13_20220228_214500_50,0.43781766,0.21187499,0.6415617,0.5731583,0.7589625,0.590107,0.69203043,0.74922836,0.90231687,0.23394239,0.39746112,0.5809992,0.9082049,0.7034123,0.70845914,0.92126906,0.95533544,0.44540316,0.7800394,0.8111618,0.9214361,0.7882827,0.9107396,0.30201253,0.70378333,0.7700458,0.78626513,0.29928827,0.48275706,0.4204133,0.23269415,0.5215773,0.20073059,0.19736603,0.44970977,0.41606393,0.25456393,0.13848582,0.26970455,0.18895456,0.23437643,0.26970455,0.33699623,0.5215773,0.20577747,0.20577747,0.18558997,0.27643374,0.18390769,0.1401681,0.33699623,0.33699623,0.33699623,0.35886604,0.23942333,0.6394852,0.390132,0.5731584,0.64853,0.8529284,0.8001886,0.92940843,0.9472209,0.9472209,0.797299,0.362575,0.32160628,0.5231284,0.2529758,0.3438195,0.361632,0.71490103,0.34468272,0.9156723,0.099266045,0.44596657,0.54655766,0.30618793,0.48916185,0.41519055,0.6944509,0.5327035,0.34072438,0.614166,0.7543702,0.3031202,0.4337452,0.93941635,0.41791186,0.73655766,0.9407087,0.34864104,0.64749515,0.29757854,0.6518988,0.49312022,0.48718274,0.08739104,0.6375994,0.22197437,0.33280772,0.510715,0.42746136,0.31103685,0.43943533,0.41736764,0.3288494,0.6049827,0.6167191,0.37041187,0.54853684,0.3684327,0.7555576,0.7884416,0.9004025,0.40009937,0.5435493,0.43255773,0.59009933,0.25957856,0.21851085,0.36051604,0.32489103,0.36645353,0.4814926,0.44482857,0.58812016,0.767977,0.58020353,0.28451607,0.22197437,0.9130004,0.25957856,0.37130252,0.43354732,0.8190493,0.34072438,0.41989106,0.6514535,0.22593272,0.7654536,0.27937022,0.9321983,0.6514535,0.095307715,0.7740827,0.25957856,0.22306292,0.18991187,0.63166183,0.46024626,0.7023676,0.4606619,0.3862452,0.4218702,0.38228688,0.35329208,0.4000994,0.6356202,0.65694577,0.4169223,0.7424952,0.6086541,0.19822438,0.49312022,0.25759938,0.14082855,0.3268702,0.8175452,0.48520353,0.321477,0.4337452,0.33082858,0.4416619,0.60647696,0.39812022,0.5928702,0.90844834,0.43240926,0.22989105,0.24572438,0.34270352,0.550516,0.33953688,0.33082855,0.7373494,0.43968272,0.6984449,0.5010368,0.57822436,0.8867764,0.33627126,0.39485458,0.48520353,0.34270352,0.41726866,0.60492337,0.46343273,0.54655766,0.35853687,0.37239105,0.48548064,0.6079119,0.4099952,0.29322436,0.32489103,0.13884938,0.54062015,0.7820785,0.55447435,0.32251605,0.29916188,0.64551604,0.825591,0.40603688,0.17615665,0.41217232,0.58614105,0.8233441,0.46397698,0.3624952,0.2955301,0.92180765,0.429965,0.7533806,0.27170095,0.45353687,0.2971827,0.514891,0.39149,0.64749515,0.67520356,0.61384934,0.2378077
BC2026_Train_0014_S13_20220228_214500_55,0.42344993,0.20062499,0.6464244,0.66330004,0.7533917,0.6813182,0.7036223,0.7860546,0.91727334,0.33890146,0.41460454,0.66829413,0.9071796,0.6589449,0.7127782,0.94241107,0.94236255,0.4714198,0.8086563,0.8086563,0.90950966,0.8174042,0.945752,0.42243546,0.75236255,0.7256438,0.8106035,0.2599932,0.63445157,0.69778496,0.25823033,0.5572073,0.22626682,0.23804286,0.42309493,0.44160017,0.2885116,0.15392828,0.29019392,0.22626682,0.24813661,0.29019392,0.3709439,0.5572073,0.25991267,0.25991267,0.2094439,0.32215744,0.19262098,0.14215222,0.3709439,0.3709439,0.3709439,0.37599078,0.27841786,0.63539284,0.40071192,0.62767506,0.6008376,0.83719957,0.8334985,0.9185136,0.96467775,0.9259849,0.7885813,0.44381046,0.39037296,0.5841796,0.32055572,0.60476404,0.37933695,0.8311582,0.35397118,0.9496014,0.14615868,0.503893,0.48063788,0.35743475,0.435117,0.5595571,0.63832796,0.6073045,0.32032534,0.5914712,0.9310962,0.2767837,0.6409503,0.91778874,0.54001284,0.7339712,0.9304035,0.2985545,0.5697003,0.29677325,0.68063265,0.5756378,0.4984503,0.07095035,0.6211586,0.24907535,0.37178367,0.5845433,0.5880076,0.3242837,0.37005192,0.42576542,0.30449203,0.62313783,0.7056691,0.32032534,0.42720032,0.3242837,0.708242,0.85576415,0.9049945,0.42126286,0.47470033,0.4021639,0.48855454,0.30449203,0.25758573,0.411367,0.33813787,0.44303367,0.46257797,0.50671333,0.52615863,0.720018,0.46876284,0.36515346,0.2748045,0.9234764,0.31438786,0.38068995,0.44798163,0.8433795,0.42720035,0.5340753,0.8824086,0.21938786,0.8637056,0.3836587,0.9573202,0.5162628,0.06303368,0.82374614,0.26095036,0.22789827,0.20929411,0.73001283,0.5811787,0.70512486,0.5162628,0.34605452,0.6112628,0.36782533,0.43818474,0.423242,0.69151807,0.6368931,0.46945557,0.79334617,0.7361977,0.16397117,0.37376285,0.2866795,0.15407534,0.4054295,0.851979,0.46876287,0.3197811,0.506367,0.27678367,0.44699204,0.6025051,0.33022118,0.69008315,0.8698409,0.46821856,0.36188787,0.29657534,0.32230452,0.5677211,0.31438786,0.3816795,0.7251638,0.42126286,0.7434193,0.55584615,0.5043878,0.9443566,0.33160657,0.41601807,0.48657534,0.30647117,0.43961963,0.66024643,0.46480453,0.6434045,0.33417952,0.44105452,0.5867639,0.6053253,0.68845034,0.4648045,0.32230452,0.15011701,0.6548045,0.8918097,0.5617836,0.27975246,0.51428366,0.55584615,0.8657802,0.39782953,0.19395557,0.5374399,0.61522114,0.76227325,0.3843019,0.34407535,0.3056548,0.9332732,0.48192355,0.79750246,0.36000764,0.411367,0.280742,0.5637628,0.43115872,0.803242,0.82105446,0.8329295,0.30845034
BC2026_Train_0014_S13_20220228_214500_60,0.38312796,0.215625,0.5036124,0.6772018,0.70985806,0.46766013,0.6900103,0.5907551,0.9036614,0.34766397,0.39914206,0.45364833,0.88549256,0.49170735,0.57136387,0.895205,0.940233,0.4781966,0.73755276,0.7291413,0.8969499,0.7432726,0.82210714,0.37577468,0.6554309,0.6504831,0.721929,0.2271914,0.36256638,0.4462851,0.26119152,0.4883009,0.25614464,0.26960298,0.3823165,0.44456127,0.27464983,0.14006652,0.2965196,0.23932172,0.24100402,0.2965196,0.3453061,0.4883009,0.2275457,0.2275457,0.21240506,0.36044672,0.19221754,0.13333735,0.3453061,0.3453061,0.3453061,0.3671759,0.2998842,0.5144183,0.40531635,0.6752226,0.37979245,0.7378682,0.68050206,0.94409245,0.9726914,0.91212887,0.66730595,0.24930593,0.24039969,0.37340304,0.19512889,0.29487887,0.3215976,0.82448214,0.29529402,0.79345036,0.1666482,0.32230967,0.4516482,0.30182528,0.42591903,0.34734613,0.719182,0.663419,0.2378982,0.47143984,0.7287315,0.21810654,0.41008568,0.9291692,0.35664818,0.7999816,0.9379295,0.23591901,0.40612733,0.24358831,0.6038461,0.34675235,0.51300234,0.061752357,0.6653981,0.14685652,0.35664818,0.5175109,0.35932004,0.40216902,0.18347111,0.4388331,0.31310654,0.54466903,0.5945935,0.35862735,0.46154407,0.25175235,0.6911273,0.8509203,0.89682364,0.34081486,0.32300234,0.34373415,0.6388773,0.25768986,0.17476279,0.18643986,0.36060652,0.35862735,0.2844086,0.41656747,0.4694607,0.53249717,0.5585232,0.2646664,0.16268986,0.94000757,0.20821068,0.41711172,0.35150236,0.7366482,0.33487734,0.34081486,0.68518984,0.15873152,0.7986951,0.29925236,0.9131899,0.532794,0.04789819,0.615919,0.22008568,0.19589038,0.15106225,0.5525857,0.5662973,0.44323674,0.56723154,0.259669,0.35268986,0.27946067,0.2950961,0.39821067,0.64075756,0.55674195,0.3514034,0.9421847,0.5559503,0.1903982,0.41800234,0.15873152,0.113210686,0.39029402,0.80827427,0.29133567,0.24873413,0.39821067,0.21216902,0.31310654,0.46005964,0.24977319,0.7816248,0.9079648,0.3715414,0.20623152,0.25768986,0.27352318,0.75841904,0.28460652,0.23789819,0.64718986,0.39029402,0.8377366,0.47539818,0.43581486,0.93891907,0.2891586,0.35457003,0.3091482,0.32498154,0.38331744,0.5747088,0.45956486,0.53477323,0.3012315,0.3447732,0.5723536,0.60404396,0.38831484,0.36654404,0.354669,0.13696069,0.2972732,0.81601274,0.52883565,0.2687732,0.35268986,0.48133567,0.93923426,0.38823566,0.20316383,0.35229403,0.4932107,0.7991898,0.3642185,0.3507107,0.24882814,0.91714823,0.42834944,0.71309614,0.2599659,0.4041482,0.25373152,0.532794,0.43393463,0.6317524,0.73268986,0.55456483,0.3210232
BC2026_Train_0015_S18_20211016_011500_5,0.3734933,0.41625,0.34997672,0.772895,0.60367626,0.3908096,0.34543452,0.3060689,0.44233453,0.6140965,0.58549756,0.33786422,0.59054446,0.5996902,0.64511204,0.49353755,0.39012408,0.492546,0.5958783,0.35800225,0.6463471,0.7186857,0.36557665,0.34024912,0.76695746,0.65909284,0.39663753,0.677195,0.35874712,0.3266846,0.49482808,0.6361406,0.38716143,0.64623433,0.65128124,0.58567184,0.5419322,0.4208073,0.41071352,0.57389575,0.3080937,0.41071352,0.5907187,0.6361406,0.48473436,0.48473436,0.5099687,0.37370312,0.29799998,0.34173957,0.5907187,0.5907187,0.5907187,0.390526,0.50660414,0.6383829,0.7167784,0.7392491,0.4945548,0.48319933,0.72174835,0.42040536,0.42753035,0.48809287,0.7590408,0.48274907,0.39903036,0.6191434,0.24118462,0.26255962,0.5605826,0.8940141,0.5119817,0.27052334,0.5001067,0.5404322,0.8088566,0.40213794,0.409065,0.30471346,0.23687752,0.93384105,0.34177336,0.39916915,0.5377108,0.61885667,0.65844,0.5248957,0.54562753,0.39718997,0.7910442,0.75937754,0.41104418,0.36799732,0.47937495,0.2566692,0.1656275,0.31604418,0.33979416,0.4743775,0.82983583,0.39835772,0.48155198,0.5271817,0.70030135,0.42707545,0.8779296,0.88960665,0.45686188,0.7316692,0.57927334,0.36354417,0.5436483,0.74427944,0.41114312,0.50208586,0.9164244,0.22841659,0.9384921,0.31802335,0.24766396,0.39521083,0.83062744,0.56146085,0.63819116,0.25889575,0.39521083,0.7518072,0.9397786,0.33440095,0.19927333,0.46448168,0.3358358,0.40510663,0.5295962,0.63666916,0.31802335,0.46250248,0.49614832,0.5119817,0.5317733,0.4031275,0.5100025,0.61291915,0.42885664,0.4387525,0.6327108,0.3929348,0.35117438,0.37146083,0.45219105,0.48927078,0.784315,0.8981171,0.44469002,0.6841692,0.4492421,0.89376295,0.51603895,0.4238593,0.43697125,0.60896087,0.4006041,0.6445858,0.6742733,0.41104415,0.28239834,0.5772942,0.8631838,0.6148983,0.47417963,0.42291915,0.86951816,0.7395858,0.43375513,0.789065,0.48600513,0.646565,0.75433064,0.27448165,0.5852108,0.93483067,0.81677336,0.59589833,0.38333583,0.5713567,0.77125245,0.60396343,0.86229414,0.46052334,0.49021086,0.32504937,0.6261005,0.25271085,0.6050025,0.49525774,0.35293582,0.9419556,0.4308358,0.23291917,0.95739317,0.6035973,0.314065,0.68218994,0.54562753,0.48625252,0.54562753,0.575315,0.8543775,0.527815,0.7845723,0.62281495,0.47833586,0.5019869,0.38436502,0.456189,0.47279418,0.33979416,0.6722942,0.4387525,0.64854413,0.940687,0.39916915,0.4420973,0.5294973,0.59871864,0.92166924,0.61291915,0.314065,0.4152004,0.4150025,0.33385667,0.6525025,0.9555129
BC2026_Train_0015_S18_20211016_011500_10,0.36390254,0.43125,0.30318493,0.81343716,0.4897445,0.25634298,0.304699,0.23505214,0.4318803,0.59775424,0.5809313,0.3788881,0.6734573,0.4830708,0.5879617,0.48079965,0.31072888,0.3971195,0.59945464,0.29866093,0.6213245,0.693663,0.33817336,0.49419758,0.7718747,0.6481768,0.47171527,0.7772596,0.34540543,0.34184295,0.4992261,0.6102573,0.39155942,0.73642915,0.66240835,0.665773,0.5194136,0.43698132,0.40165317,0.63212705,0.34781983,0.40165317,0.59343433,0.6102573,0.527825,0.527825,0.5345542,0.32258543,0.3124917,0.37473652,0.59343433,0.59343433,0.59343433,0.4420282,0.5345542,0.55599815,0.709968,0.716458,0.45173466,0.46763223,0.7283875,0.36238512,0.38709998,0.48551401,0.69072884,0.5878122,0.34457263,0.5641084,0.18865545,0.22249922,0.5529012,0.6924442,0.46011654,0.20480405,0.66001236,0.48470774,0.7688665,0.37629887,0.3433457,0.28194207,0.20831709,0.8514968,0.39084575,0.25428322,0.5353249,0.6224082,0.66001236,0.36704624,0.49574158,0.25428322,0.70157486,0.8540697,0.2720957,0.3436921,0.41588223,0.2067832,0.10584572,0.28792906,0.13751239,0.4046999,0.6421998,0.32579052,0.4493796,0.64014155,0.75724095,0.4144473,0.84644985,0.7245332,0.3710046,0.67782485,0.561054,0.31167907,0.5650124,0.688928,0.37248895,0.45813736,0.89296025,0.15581968,0.91671026,0.27605408,0.27828065,0.41063738,0.7866791,0.5313665,0.71700054,0.21316604,0.27605408,0.7683717,0.9147311,0.2735801,0.19886655,0.29584572,0.3255332,0.35898116,0.43468428,0.44428322,0.24042904,0.45417908,0.4640749,0.52344984,0.51157486,0.38292906,0.56501234,0.3512624,0.38292906,0.34928322,0.72730404,0.3928744,0.3251869,0.23251238,0.40822282,0.32998636,0.62933534,0.9183926,0.3631374,0.6995957,0.40658015,0.93818426,0.43755406,0.3183093,0.3971791,0.36115825,0.37110353,0.5828248,0.52344984,0.44230404,0.25230405,0.715429,0.7915478,0.54719985,0.41276503,0.48584574,0.8086478,0.7075124,0.3804551,0.7767832,0.5546712,0.56105405,0.6680775,0.2859499,0.48386657,0.83328843,0.5095957,0.5283978,0.28792906,0.55511653,0.7134499,0.52349937,0.7055332,0.48782492,0.56105405,0.30351502,0.5598666,0.25032488,0.54324156,0.40059313,0.30392075,0.9112676,0.2740749,0.18105404,0.9544134,0.5057957,0.2562624,0.6956373,0.620429,0.43636656,0.46407494,0.61251235,0.774804,0.42449158,0.6860384,0.620429,0.3670957,0.5457649,0.39852488,0.48079884,0.43517908,0.3631374,0.5907415,0.33785355,0.572929,0.90964466,0.26813737,0.37289467,0.46447074,0.5833196,0.9576791,0.572929,0.18897071,0.41449678,0.34928322,0.25032488,0.48782492,0.94253844
BC2026_Train_0015_S18_20211016_011500_15,0.33690473,0.418125,0.23783325,0.7884341,0.44930393,0.1624851,0.25297385,0.19543949,0.4270911,0.58303946,0.5763103,0.31353638,0.6335082,0.48621145,0.49226767,0.46577156,0.23110077,0.3638039,0.60206044,0.2570224,0.59364897,0.76854,0.36065477,0.41991323,0.7646841,0.5875487,0.47939813,0.69824547,0.25689137,0.32814136,0.46260956,0.5753231,0.39531785,0.713271,0.59382826,0.58036995,0.48616162,0.41214082,0.3768127,0.6140158,0.32970852,0.3768127,0.5685939,0.5753231,0.5467242,0.5467242,0.5130783,0.3246616,0.29606268,0.3515783,0.5685939,0.5685939,0.5685939,0.41718766,0.5080314,0.39233956,0.708933,0.7152049,0.36722788,0.4164349,0.7396031,0.40031955,0.42015082,0.5439675,0.7053091,0.57666326,0.35044453,0.5359353,0.1054851,0.16426635,0.4881688,0.5823214,0.39282322,0.15730238,0.57094824,0.49628413,0.66396904,0.34888574,0.32355237,0.27951592,0.1751149,0.6724795,0.31365654,0.2800107,0.44428155,0.7055316,0.5966774,0.32944041,0.47198987,0.18896905,0.6184482,0.77945346,0.24636492,0.32587788,0.36377895,0.12563573,0.066260725,0.25626072,0.20084405,0.30771905,0.57094824,0.2331045,0.45759144,0.5928774,0.678991,0.31796122,0.9057243,0.695042,0.31014356,0.75896907,0.473969,0.3096982,0.5016774,0.6373295,0.2774774,0.48584408,0.8905837,0.10708104,0.9130472,0.23646906,0.2681852,0.40865654,0.90740657,0.48584408,0.6742806,0.16957322,0.26021907,0.77237797,0.8895941,0.16596124,0.13751072,0.2285524,0.3037607,0.24290136,0.40440136,0.20282322,0.18896908,0.46209407,0.43834406,0.4779274,0.4541774,0.34334406,0.42053154,0.3156357,0.43438572,0.26615655,0.64021903,0.38248208,0.3073727,0.1513649,0.31890136,0.34433365,0.59751856,0.90908885,0.37896904,0.7114691,0.38421386,0.94797945,0.48633885,0.28134668,0.38708365,0.31563568,0.3636305,0.7213649,0.30376074,0.34928155,0.23844823,0.66001076,0.6760222,0.53928155,0.36674768,0.3413649,0.83002126,0.69365656,0.3106878,0.7649066,0.33107322,0.5491774,0.66926336,0.23646906,0.5076149,0.8295264,0.37896904,0.5621905,0.29980236,0.51355237,0.7411566,0.5531852,0.71542746,0.43834406,0.44230238,0.24631539,0.49356282,0.21469823,0.33938572,0.4152373,0.2095524,0.7965732,0.29584405,0.16917738,0.949068,0.44170862,0.17115656,0.5907399,0.5293857,0.33542737,0.37501073,0.56896913,0.68771905,0.4403232,0.68870866,0.60063577,0.38094822,0.63008577,0.39155656,0.46328154,0.44141176,0.2918857,0.5313649,0.3769899,0.54521906,0.8859722,0.18303156,0.31553677,0.39213052,0.5654561,0.9455055,0.49376073,0.113760725,0.32533365,0.24636492,0.23251072,0.47792742,0.9687608
BC2026_Train_0015_S18_20211016_011500_20,0.4249033,0.43875,0.22385387,0.790575,0.56396055,0.18553281,0.2314242,0.21325545,0.42068198,0.58621955,0.55593824,0.29047263,0.5794904,0.5908149,0.59586173,0.5495987,0.2579813,0.39959064,0.579588,0.31546816,0.5863172,0.7201603,0.39521578,0.43432504,0.80442923,0.59166884,0.48045644,0.6809182,0.2799391,0.36187652,0.5546218,0.54789263,0.42844996,0.67742914,0.63705415,0.5579864,0.5091999,0.45368433,0.4351791,0.59499687,0.3762989,0.4351791,0.5832208,0.54789263,0.49237704,0.49237704,0.52434057,0.35106456,0.319101,0.38134578,0.5832208,0.5832208,0.5832208,0.43181452,0.5344343,0.4327635,0.72050154,0.7232834,0.36995268,0.36768153,0.6859712,0.26243442,0.40168363,0.47587267,0.7920792,0.4663875,0.3719813,0.5340685,0.14100155,0.2460953,0.5643849,0.62677824,0.42410645,0.22618976,0.6378565,0.6786767,0.83379394,0.35592413,0.39837724,0.33073926,0.16493458,0.68535644,0.38056475,0.27566892,0.55671054,0.6893147,0.6200439,0.32480177,0.47952312,0.23410644,0.4795231,0.7496794,0.3350439,0.3557757,0.3731429,0.12129393,0.10150227,0.30931476,0.13712728,0.43598142,0.6655647,0.25375956,0.4683903,0.6239231,0.60526353,0.2733434,0.8596221,0.7066325,0.31584603,0.8058481,0.6220231,0.32910642,0.5309814,0.63202286,0.34297052,0.43993977,0.92760646,0.13361424,0.9579867,0.27566895,0.26077572,0.39441893,0.79223144,0.5151481,0.6297577,0.17458302,0.22223143,0.77565587,0.8866377,0.2059528,0.1945231,0.22025228,0.34098142,0.33642936,0.4979294,0.30931476,0.24598144,0.40233555,0.4617106,0.5151481,0.4617106,0.4181689,0.41618976,0.41223145,0.40431473,0.31723142,0.6497314,0.38986686,0.34399968,0.22223145,0.32105124,0.39016375,0.5743747,0.90741897,0.33900228,0.67941886,0.41312206,0.9568981,0.6234085,0.2890283,0.47704914,0.60421056,0.41653612,0.65962726,0.4320231,0.37660643,0.24993977,0.8357731,0.72791344,0.4557731,0.42643198,0.37660643,0.83181477,0.7486897,0.38679913,0.67150223,0.3747757,0.6378565,0.7025257,0.2242106,0.53493977,0.9157314,0.40233558,0.5726924,0.32514808,0.67743975,0.76056474,0.545182,0.72493976,0.43400225,0.42806476,0.31629133,0.5092107,0.23608561,0.44785643,0.51579136,0.27394706,0.8694189,0.2895231,0.19848144,0.94888246,0.4270356,0.2242106,0.7130648,0.6259814,0.46368974,0.48941892,0.54285645,0.73285645,0.5388981,0.64042944,0.7051481,0.42608556,0.70197153,0.3410606,0.4452835,0.45181474,0.28754392,0.5646273,0.32306996,0.55275226,0.90800273,0.2182731,0.38161373,0.45686164,0.5653694,0.95333564,0.5765022,0.16879395,0.40035647,0.28754392,0.24796061,0.57056475,0.9269137
BC2026_Train_0015_S18_20211016_011500_25,0.44706473,0.56041664,0.24777825,0.76069576,0.5934562,0.2837383,0.265947,0.23112357,0.47337362,0.62208813,0.59517145,0.33105174,0.6288174,0.653337,0.63987875,0.5014262,0.31498745,0.42987806,0.6191037,0.3665918,0.6140568,0.67293704,0.22737724,0.4842062,0.7725708,0.63106036,0.57564884,0.6316758,0.30689454,0.40664452,0.62560534,0.61046475,0.47756368,0.7534595,0.6895324,0.65252197,0.51962095,0.48092827,0.531397,0.6272876,0.43718868,0.531397,0.62896997,0.61046475,0.51289177,0.51289177,0.57008976,0.41195434,0.3799908,0.41363662,0.62896997,0.62896997,0.62896997,0.5734543,0.57850116,0.5742694,0.71480083,0.7329874,0.41390622,0.45857108,0.73362577,0.25531557,0.419725,0.4560625,0.7648915,0.62215406,0.45570618,0.5850777,0.15014453,0.28908202,0.4351445,0.69841886,0.50410473,0.3378548,0.6307714,0.61553186,0.8014548,0.32340685,0.3853548,0.2634381,0.20985217,0.7574381,0.3952506,0.31608397,0.5417089,0.6327506,0.7382797,0.38114905,0.48431313,0.23691727,0.64462554,0.76476103,0.3774381,0.34537563,0.44413605,0.22306311,0.1577506,0.36556312,0.14389645,0.46056312,0.6485839,0.36593914,0.48767766,0.6396381,0.642407,0.4834225,0.8347245,0.7287402,0.3577454,0.74872977,0.49816725,0.22504228,0.5080631,0.6837042,0.34478185,0.40712562,0.92438084,0.18580529,0.95812565,0.2903548,0.2886725,0.41702145,0.7851464,0.5219173,0.62444013,0.20238082,0.32004228,0.7397246,0.92259955,0.23459174,0.19337562,0.2052506,0.32400063,0.4558131,0.4827298,0.41306314,0.27847978,0.40514642,0.47243813,0.60108393,0.44472978,0.38733393,0.4625423,0.41504228,0.50608397,0.42889643,0.6980631,0.3812975,0.31845894,0.21316728,0.4164079,0.404998,0.5885657,0.9042923,0.3972298,0.7297298,0.4361204,0.9301204,0.5306256,0.4374069,0.41791207,0.55160475,0.38456312,0.62285477,0.39920896,0.41108394,0.2705631,0.77920896,0.7409021,0.49816728,0.47332877,0.44472978,0.8195839,0.77525055,0.40331572,0.7040006,0.46145377,0.6644172,0.799347,0.24879228,0.6050422,0.89983916,0.36358395,0.6037063,0.29233396,0.5100423,0.8286881,0.5577897,0.7515006,0.3853548,0.42889646,0.35932875,0.5687246,0.24483393,0.5634797,0.51167506,0.29864752,0.8603547,0.26858392,0.18545893,0.9320995,0.62332976,0.27254227,0.6584797,0.5634797,0.51004225,0.5140006,0.5417089,0.70795894,0.4922298,0.6141465,0.66837555,0.3774381,0.51301104,0.42382982,0.47788087,0.50341207,0.35170895,0.6149381,0.39658654,0.59910476,0.9207392,0.22108394,0.4164079,0.38763085,0.5614016,0.9343756,0.6030631,0.1993131,0.48272976,0.33389646,0.2111881,0.62087554,0.9023131
BC2026_Train_0015_S18_20211016_011500_30,0.4301004,0.49125,0.29136556,0.7611043,0.58594805,0.33973303,0.3594984,0.2868234,0.48667964,0.6328708,0.64128226,0.35798436,0.6328708,0.6646734,0.64953274,0.50586504,0.37239593,0.4106928,0.6727172,0.34988543,0.6172016,0.6626235,0.2559338,0.36883342,0.769021,0.63542724,0.613027,0.7017227,0.38604558,0.40742058,0.58280903,0.5525278,0.40112147,0.66860586,0.6669236,0.59626734,0.47514233,0.42467356,0.38429856,0.60131425,0.33046523,0.38429856,0.60804343,0.5525278,0.4347673,0.4347673,0.51719964,0.30859545,0.31027776,0.3556996,0.60804343,0.60804343,0.60804343,0.3994392,0.55757457,0.5973817,0.68588936,0.7432918,0.45413557,0.4094707,0.78310776,0.2877866,0.3926577,0.46079051,0.7136043,0.5691251,0.42939597,0.6143656,0.15092058,0.23642057,0.43413928,0.5904129,0.4182741,0.40046164,0.5904616,0.5285137,0.6458783,0.3196127,0.3648366,0.22030798,0.17557882,0.7765033,0.39848247,0.35889912,0.5568158,0.57066995,0.57858664,0.4751257,0.46379498,0.25004497,0.5172325,0.7925346,0.33316997,0.31614915,0.462558,0.11744079,0.15504496,0.33316994,0.1293158,0.38264912,0.6419199,0.31840536,0.4544929,0.6473033,0.7431207,0.45320642,0.85982627,0.74938875,0.42119342,0.6221283,0.558795,0.30546165,0.45785746,0.5835494,0.3958378,0.4024408,0.94215953,0.20942256,0.9437428,0.2896283,0.26716477,0.33514914,0.7388991,0.52712834,0.6483068,0.19715174,0.23223247,0.71623766,0.9008939,0.26493818,0.1530658,0.20254496,0.29754496,0.5426648,0.6065918,0.49941996,0.18671162,0.3430658,0.38066995,0.53900325,0.5330658,0.3727533,0.42816997,0.43608662,0.6201491,0.39254496,0.6082741,0.4094174,0.30269077,0.18077412,0.50682205,0.32777676,0.7306362,0.9147481,0.4004616,0.6320241,0.4356908,0.9332533,0.4514252,0.33638614,0.37235746,0.5033783,0.30946946,0.6102533,0.46973246,0.34504494,0.25796163,0.6320241,0.6659817,0.5607741,0.49021685,0.42619076,0.7751179,0.76066995,0.4236674,0.75928456,0.4276257,0.65181583,0.6853627,0.24410747,0.558795,0.87348247,0.43608662,0.6145579,0.33316994,0.4301491,0.76066995,0.58111006,0.6419199,0.39452413,0.4558783,0.43875852,0.5316804,0.21441995,0.5647325,0.39264393,0.3318637,0.81212825,0.32129496,0.1768158,0.8499304,0.57411367,0.2599408,0.57660747,0.3885866,0.51921165,0.51525325,0.61223245,0.75077415,0.5172324,0.59728974,0.57660747,0.49546164,0.6126011,0.3554158,0.4088731,0.51139396,0.3074408,0.60233665,0.31857362,0.6498366,0.9219425,0.23816995,0.3957908,0.3874981,0.57156056,0.9184096,0.7072325,0.2361908,0.40639916,0.31139913,0.23619081,0.4974408,0.8924825
BC2026_Train_0015_S18_20211016_011500_35,0.3894903,0.433125,0.19471474,0.7910211,0.56836486,0.2158601,0.25224912,0.21893974,0.5466502,0.5836606,0.5954367,0.3173538,0.6021658,0.5694402,0.5812162,0.49928865,0.259318,0.34659925,0.67819875,0.2874024,0.50239927,0.6613759,0.35386533,0.35639614,0.75341696,0.5980524,0.59881294,0.6494955,0.26751637,0.31561008,0.51973134,0.5702001,0.38010114,0.6475855,0.5903876,0.56010634,0.4726272,0.38178343,0.37168968,0.5735647,0.31617406,0.37168968,0.5836584,0.5702001,0.44907513,0.44907513,0.4507574,0.26906988,0.27748135,0.3363616,0.5836584,0.5836584,0.5836584,0.39692408,0.5281428,0.46068004,0.67324543,0.74154204,0.396405,0.3593105,0.7351344,0.23259927,0.41431645,0.5458717,0.6999795,0.6505003,0.4080524,0.551697,0.112547606,0.1837976,0.48454386,0.5121987,0.30485457,0.22568788,0.47110453,0.39144307,0.70266706,0.26586497,0.38204205,0.20510454,0.14587797,0.6155837,0.29297954,0.26725036,0.4275629,0.47110453,0.5423545,0.354878,0.40579206,0.22172953,0.5324587,0.7374014,0.15641703,0.31836239,0.32405248,0.1346462,0.101000376,0.2652712,0.17620869,0.4077712,0.67891705,0.24336182,0.40826604,0.57695043,0.76003325,0.35759935,0.90325564,0.7025681,0.32697174,0.62350035,0.37016705,0.22766703,0.46516705,0.5880337,0.32939622,0.39985454,0.9144379,0.15730767,0.9135473,0.29891706,0.18343265,0.35829204,0.79568785,0.48297954,0.6654885,0.14023736,0.13662538,0.6083103,0.88267225,0.16740142,0.099021204,0.2237087,0.28902122,0.28080767,0.40697956,0.4038129,0.19797954,0.3028754,0.32266703,0.5918337,0.46318787,0.31475037,0.45329207,0.38006288,0.3741254,0.25735456,0.5661046,0.30846655,0.2695759,0.22766703,0.3947681,0.26467746,0.70771396,0.91790146,0.3305837,0.61360455,0.34493268,0.9274014,0.45062017,0.31732333,0.3143545,0.26922956,0.28585455,0.59579206,0.28704205,0.29297954,0.23954204,0.58787537,0.6284087,0.4433962,0.39460975,0.37016705,0.80974,0.6254796,0.32524,0.8196358,0.42790923,0.48297954,0.737451,0.19600035,0.45329204,0.78183365,0.41568786,0.6976202,0.23162536,0.4077712,0.6769378,0.51806027,0.69672954,0.46318787,0.44141704,0.28773478,0.49812016,0.18610454,0.3741254,0.36902905,0.21308059,0.77193785,0.22766703,0.14058371,0.8957347,0.5579504,0.2237087,0.5858962,0.47506288,0.41766703,0.35235456,0.69672954,0.6630837,0.4968337,0.5570004,0.56412536,0.33850038,0.45052123,0.38512954,0.42746395,0.43241185,0.30881286,0.560167,0.22831026,0.5403754,0.92045456,0.16037536,0.36448687,0.37323478,0.525878,0.91908896,0.5938129,0.13662536,0.28417227,0.20391704,0.19797954,0.48495874,0.9148337
BC2026_Train_0015_S18_20211016_011500_40,0.42712054,0.39,0.19451311,0.7713545,0.6318232,0.22367966,0.22025216,0.20056935,0.4564459,0.59052455,0.5737016,0.21873808,0.5518319,0.57804036,0.5713112,0.47811216,0.33870858,0.38234916,0.6146564,0.2776933,0.68363035,0.6954063,0.34399554,0.39214605,0.84656274,0.6120315,0.5755168,0.6284193,0.23436718,0.28424215,0.55953866,0.5561741,0.36775744,0.6150543,0.5797262,0.53093976,0.4737418,0.40476784,0.3913095,0.52084595,0.33074698,0.3913095,0.58981997,0.5561741,0.44009596,0.44009596,0.42495534,0.26009077,0.27859595,0.34252304,0.58981997,0.58981997,0.58981997,0.39972094,0.49561155,0.45313013,0.69571096,0.72979194,0.40991896,0.36676818,0.7097875,0.26122418,0.40320468,0.5487229,0.7085752,0.5595836,0.3832398,0.65613395,0.15955468,0.23614842,0.55162764,0.5973289,0.4403741,0.23454082,0.47204077,0.40702516,0.7214158,0.33844703,0.4245408,0.25438195,0.17580904,0.58881164,0.31370747,0.32162413,0.45026994,0.4898533,0.5828742,0.45383248,0.48391578,0.27808246,0.55516577,0.72468144,0.19495748,0.31044182,0.35071787,0.12568663,0.09797831,0.25037414,0.20089497,0.46214494,0.5749575,0.22775227,0.41038972,0.5915825,0.7165114,0.39262676,0.92160857,0.76921266,0.3314705,0.6561033,0.4482908,0.2820408,0.48787412,0.5464921,0.3547257,0.3928741,0.8949888,0.1775408,0.9146815,0.27412415,0.19243404,0.31370747,0.78870744,0.47204077,0.6555452,0.15552258,0.2820408,0.63062155,0.8797492,0.20445746,0.107874125,0.17318663,0.2939158,0.4107856,0.41583246,0.32954082,0.20881164,0.30579078,0.33349913,0.5096449,0.47006163,0.32756162,0.45026994,0.37506163,0.4166241,0.34735328,0.6382908,0.35334027,0.27343142,0.17714496,0.43635643,0.2760043,0.70642364,0.9171553,0.33151993,0.6818325,0.39564496,0.9626762,0.5225096,0.3439887,0.31222308,0.35131162,0.2998038,0.64026994,0.3295408,0.26818663,0.30579078,0.5175617,0.6995807,0.3988116,0.43468404,0.31964496,0.82522315,0.6659992,0.31974393,0.8579783,0.42637148,0.4601658,0.7929627,0.18901996,0.4878741,0.73329085,0.33349913,0.6710955,0.26422828,0.42849913,0.81641585,0.5614992,0.7966241,0.36516577,0.52349913,0.2984184,0.5175617,0.18308248,0.51360327,0.52716064,0.23784602,0.82037413,0.2286033,0.16131163,0.8906346,0.49018976,0.17120747,0.7036033,0.47995743,0.37506163,0.3711033,0.56902,0.68776995,0.51360327,0.6386867,0.5314158,0.34339496,0.5952934,0.38479912,0.43008247,0.46630123,0.24839498,0.5274575,0.3625434,0.59277,0.9188675,0.19693664,0.2832679,0.37951475,0.5212726,0.9432804,0.5630825,0.16131163,0.34012938,0.2800616,0.25433245,0.60068667,0.93674916
BC2026_Train_0015_S18_20211016_011500_45,0.37931174,0.425625,0.20612033,0.76474005,0.5895838,0.20201899,0.19703592,0.18492343,0.4120328,0.6019636,0.58514065,0.27576718,0.55822396,0.5686712,0.48043498,0.4448545,0.425313,0.35317233,0.61882603,0.25208643,0.5969563,0.66088337,0.16952008,0.41106302,0.77661514,0.56583387,0.5613028,0.83376896,0.24655025,0.3765815,0.5919416,0.5381082,0.3799728,0.6104467,0.6053999,0.57007176,0.46072277,0.4203478,0.3799728,0.5128738,0.31436342,0.3799728,0.59025925,0.5381082,0.48091027,0.48091027,0.44726443,0.28408217,0.2807176,0.3446447,0.59025925,0.59025925,0.59025925,0.35473844,0.49941552,0.4198725,0.69918567,0.73109424,0.4525859,0.430632,0.7413513,0.22670363,0.36804584,0.48614267,0.73505265,0.48765677,0.44668797,0.5548594,0.10226901,0.23051901,0.5621482,0.52972835,0.3466944,0.20815276,0.5208611,0.47796267,0.7405486,0.31146523,0.3348194,0.25787932,0.0992986,0.5406528,0.26159024,0.2655486,0.35856944,0.5070069,0.6890903,0.33427516,0.4535694,0.1883611,0.63169444,0.77557987,0.14284027,0.27198088,0.31388974,0.10721527,0.0696111,0.24971527,0.1705486,0.36846524,0.5406528,0.22549027,0.46282202,0.62987363,0.77698904,0.25911632,0.9221372,0.7066059,0.26945746,0.69304854,0.45950693,0.28138193,0.5109653,0.5897262,0.3427361,0.4001319,0.86790806,0.11122309,0.92362154,0.27346528,0.18751997,0.36846527,0.86325693,0.45554858,0.7180415,0.15179601,0.15471527,0.7120486,0.9006632,0.15664496,0.12106943,0.19429861,0.25565276,0.32571527,0.31225693,0.21804862,0.13888194,0.33481944,0.4298194,0.5366944,0.45159027,0.2536736,0.41398612,0.3229444,0.47534025,0.26159024,0.673257,0.35861892,0.25515798,0.16065277,0.40549546,0.29103035,0.6134861,0.944007,0.3229444,0.7009653,0.35184026,0.94004864,0.4461476,0.27856162,0.30483505,0.3427361,0.2831137,0.77023613,0.3229444,0.2774236,0.21409027,0.6594028,0.7461793,0.43971527,0.41052252,0.4535694,0.8216945,0.5742986,0.33308765,0.7979445,0.29815537,0.5426319,0.70843667,0.20617361,0.5267986,0.80882984,0.31106943,0.65386117,0.23784028,0.44961107,0.7286736,0.5748429,0.76627773,0.42190278,0.4120069,0.2228481,0.44476214,0.18440276,0.5030486,0.50151473,0.20193818,0.82931423,0.22200695,0.1230486,0.9372778,0.48624542,0.22200695,0.66534024,0.5208611,0.3466944,0.34867358,0.5703403,0.74450696,0.48127773,0.54569966,0.6020069,0.32096526,0.6791945,0.45768607,0.46326736,0.41240275,0.1824236,0.52086115,0.23388194,0.5505486,0.93106323,0.12898609,0.29951108,0.32670483,0.5236319,0.91313195,0.5861736,0.11315276,0.28534025,0.21409027,0.1705486,0.5762778,0.9453528
BC2026_Train_0015_S18_20211016_011500_50,0.306782,0.44625,0.23330364,0.78420794,0.4757549,0.1741561,0.24390206,0.18182552,0.411963,0.58153796,0.5714443,0.30900678,0.6135015,0.48897174,0.49048585,0.46853194,0.30208296,0.30297357,0.594203,0.24361344,0.6328957,0.6816822,0.25136533,0.2913955,0.8020205,0.58530176,0.46096158,0.7877373,0.25253108,0.33446857,0.492416,0.5311087,0.33259827,0.6505514,0.5597076,0.61690557,0.44194722,0.37802017,0.30399933,0.5294264,0.26867118,0.30399933,0.5412024,0.5311087,0.4705462,0.4705462,0.4537233,0.26530662,0.24343681,0.30736393,0.5412024,0.5412024,0.5412024,0.32418683,0.4907337,0.4056983,0.70199984,0.7485829,0.601521,0.38181368,0.76049757,0.2245986,0.38887438,0.4842603,0.7566579,0.44636422,0.46239546,0.53275156,0.11893734,0.20799984,0.49214482,0.50865704,0.38455084,0.17673834,0.58246756,0.42453003,0.6537175,0.30558208,0.3053842,0.25199616,0.080155015,0.45382166,0.29152998,0.24403001,0.36475915,0.48944667,0.64778,0.6057227,0.43798834,0.15694667,0.53496754,0.81462383,0.12528001,0.30320707,0.3910326,0.13319667,0.06986335,0.23215501,0.32319665,0.38257167,0.52705085,0.19338314,0.45144668,0.61706334,0.71009415,0.379405,0.9280301,0.6803373,0.27831906,0.6933008,0.57653,0.23611334,0.52111334,0.6514266,0.27257946,0.42017585,0.9403009,0.13953002,0.93406653,0.29548836,0.22131908,0.41028,0.82392585,0.4518425,0.7837784,0.10167845,0.13319668,0.71640766,0.8990352,0.16644669,0.13517585,0.25986335,0.28757167,0.36119667,0.3174571,0.29548833,0.11934251,0.36673832,0.38455084,0.48350918,0.41028,0.32913417,0.45777997,0.23809253,0.38652998,0.2737175,0.6458008,0.3977618,0.25610292,0.15496752,0.2606748,0.30315763,0.78471124,0.89576966,0.350905,0.7328842,0.3997904,0.9188269,0.4794519,0.21775658,0.32804564,0.31725913,0.29741806,0.74080086,0.28361332,0.38652998,0.19653001,0.6576759,0.6985308,0.46569666,0.50053006,0.2855925,0.7467384,0.7289258,0.27792323,0.7625717,0.23794408,0.58642584,0.7260561,0.2618425,0.54090506,0.8800352,0.3805925,0.8371146,0.21434252,0.3845508,0.8595509,0.555254,0.8650925,0.43600914,0.48746747,0.23309512,0.4420456,0.17871752,0.36475915,0.581379,0.17151335,0.83382165,0.26580086,0.13121751,0.9110092,0.29768524,0.18663418,0.7605925,0.5013217,0.33507168,0.38850918,0.4795508,0.6636133,0.5033008,0.56653523,0.63392586,0.3330925,0.6410014,0.40545082,0.42017582,0.45025918,0.25986335,0.58444667,0.24165504,0.5943425,0.9354816,0.15298834,0.29095605,0.32636335,0.5296732,0.90883213,0.49934253,0.08767585,0.2770821,0.21236335,0.17278,0.588405,0.96143836
BC2026_Train_0015_S18_20211016_011500_55,0.36605653,0.429375,0.24476662,0.79308486,0.4695901,0.22479375,0.25687912,0.21448536,0.4400807,0.64750725,0.5903094,0.29473066,0.7955489,0.55320096,0.59357595,0.5540421,0.25494945,0.36627755,0.6673508,0.27352637,0.57146025,0.72959566,0.4095982,0.34044942,0.8089182,0.6040744,0.46774054,0.64338744,0.33879375,0.36194998,0.49273908,0.57012445,0.32619217,0.63405156,0.5734891,0.55161923,0.47759843,0.45404634,0.34469742,0.5078797,0.319463,0.34469742,0.5852651,0.57012445,0.47255155,0.47255155,0.47928074,0.29086405,0.2807703,0.39011928,0.5852651,0.5852651,0.5852651,0.38339013,0.4826453,0.44578663,0.6948458,0.842564,0.45636922,0.34054345,0.71081585,0.27009004,0.4347666,0.55488217,0.73244315,0.42773062,0.39923066,0.47036195,0.13395,0.23726249,0.5570167,0.71438986,0.46923414,0.22381747,0.53454655,0.46478102,0.73840076,0.3280206,0.33267164,0.25375235,0.1522706,0.56027573,0.32673416,0.27131745,0.5424633,0.6176716,0.6097549,0.8291951,0.58204657,0.20204663,0.5998591,0.7838227,0.3168383,0.33479923,0.5580492,0.13079663,0.1446508,0.30100498,0.3227758,0.5286091,0.5840258,0.18987477,0.48160395,0.56043404,0.6254022,0.36443728,0.86279136,0.67843205,0.3215388,0.77402574,0.50683826,0.30694246,0.54840076,0.6115807,0.29298934,0.44944248,0.90494776,0.14331485,0.93849456,0.27725494,0.24306487,0.3524633,0.85319245,0.47319245,0.656491,0.14747111,0.16246329,0.7245961,0.8870362,0.19546592,0.1980883,0.32475495,0.2831925,0.4919945,0.35741124,0.26933828,0.16246329,0.3821508,0.36829665,0.49100497,0.4593383,0.41381747,0.4415258,0.45142162,0.41975498,0.2990258,0.5780882,0.32995027,0.26918986,0.30100498,0.26894248,0.38957268,0.7736299,0.8837705,0.35642165,0.70871323,0.4996144,0.92266124,0.52059346,0.3309399,0.3405883,0.4890258,0.3462784,0.56621325,0.30298412,0.5780882,0.22975497,0.65527576,0.7192474,0.52465075,0.45528102,0.3742341,0.71267164,0.6928799,0.27181226,0.8393383,0.31401798,0.7601716,0.7237055,0.26142162,0.5404841,0.8182602,0.39996332,0.6794216,0.27131745,0.43163,0.8312238,0.53479403,0.77006745,0.46131748,0.43163,0.2817576,0.7178372,0.19215082,0.43954664,0.48986694,0.24202582,0.823505,0.26142162,0.16642162,0.91137993,0.32109353,0.18819249,0.72850496,0.5701716,0.45933828,0.68694246,0.60777575,0.8452758,0.58996326,0.65407836,0.6473591,0.30100495,0.5386039,0.44825497,0.4353805,0.4811091,0.31287998,0.52663,0.35078102,0.5305882,0.9050566,0.20600498,0.25548413,0.49704146,0.50085133,0.9280049,0.56621325,0.13475497,0.3405883,0.23767163,0.2218383,0.56423414,0.9456591
BC2026_Train_0015_S18_20211016_011500_60,0.47762647,0.575,0.3381157,0.8136203,0.5907662,0.33658463,0.321461,0.2926938,0.44561413,0.66750836,0.64732087,0.46681103,0.7331178,0.6207839,0.65779436,0.49949056,0.34119332,0.43649015,0.7184067,0.3207802,0.6316676,0.6838187,0.34898067,0.43916205,0.85894334,0.6580579,0.5764723,0.64869916,0.35974088,0.4505846,0.5912702,0.60136396,0.38266605,0.6232338,0.6434213,0.5593067,0.49201506,0.50883794,0.4196765,0.54921293,0.40958276,0.4196765,0.6669734,0.60136396,0.46678066,0.46678066,0.56771815,0.42472336,0.36079627,0.4617338,0.6669734,0.6669734,0.6669734,0.43986398,0.5593067,0.5905026,0.69224083,0.8807142,0.44482246,0.37744668,0.7144097,0.29042765,0.46035892,0.5592778,0.79893494,0.4587558,0.44094327,0.6086283,0.17270964,0.31342837,0.43455335,0.7270015,0.42584193,0.25563362,0.48521695,0.3918003,0.7009461,0.25405028,0.32688364,0.23262583,0.21728727,0.7108419,0.31302947,0.3031336,0.51292527,0.58219606,0.7266752,0.7742248,0.53271693,0.2219878,0.70490444,0.74993044,0.4119878,0.32089666,0.4661675,0.099279456,0.113133624,0.27938363,0.29719612,0.39021698,0.6356336,0.24789508,0.499467,0.58108777,0.6645671,0.3715138,0.8445347,0.7097534,0.3694357,0.72865444,0.50500864,0.29125863,0.5188627,0.6006122,0.3716128,0.4832378,0.9348836,0.16988623,0.97238886,0.24375863,0.23519874,0.3229253,0.75438356,0.4951128,0.6452544,0.16088103,0.2991753,0.64726126,0.90865964,0.18502687,0.27146697,0.3565711,0.27146697,0.44593054,0.35508677,0.39021698,0.22594613,0.33282113,0.34469613,0.5188627,0.5030294,0.4634461,0.4218836,0.39813364,0.5584461,0.41594613,0.6237586,0.33578986,0.27547476,0.23584197,0.2680826,0.39026648,0.6853107,0.8976752,0.32688364,0.6593836,0.45256072,0.8952013,0.492342,0.27270392,0.35439408,0.53073776,0.30832893,0.59011275,0.3229253,0.59011275,0.2576128,0.54063356,0.7654768,0.46740445,0.4287117,0.3823003,0.8148471,0.6673002,0.301105,0.8442378,0.38799042,0.7425086,0.7454279,0.23584196,0.44365445,0.88421696,0.4298003,0.59783155,0.29323778,0.4832378,0.8886701,0.55047995,0.7840711,0.3823003,0.42584193,0.31763104,0.6852712,0.16459197,0.43177947,0.53177685,0.29163468,0.8256336,0.3031336,0.19427945,0.8974774,0.43799403,0.3031336,0.7405294,0.5643836,0.4001128,0.65542525,0.53865445,0.8375086,0.6336544,0.62605447,0.6237586,0.30511278,0.5196544,0.44365448,0.40399194,0.43237323,0.26552945,0.5168836,0.47804245,0.59011275,0.9170513,0.2398003,0.33537424,0.4486024,0.48744354,0.9015347,0.49709192,0.19230029,0.33994612,0.29125863,0.2160503,0.57230026,0.8663055
BC2026_Train_0016_S18_20220204_221500_5,0.387322,0.23437501,0.30845445,0.6224162,0.48397353,0.2710664,0.89506954,0.68848413,0.6279216,0.79951537,0.70194244,0.6851195,0.7574581,0.66506726,0.49221182,0.57170004,0.85793704,0.56403077,0.93825793,0.64865136,0.77818775,0.46528152,0.9694939,0.6624943,0.34414542,0.7680829,0.4172657,0.4937226,0.13747266,0.4901601,0.40300098,0.41141245,0.35757908,0.6502979,0.32898012,0.5140322,0.44169363,0.35421452,0.6502979,0.39963636,0.3912249,0.6502979,0.32898012,0.41141245,0.34243846,0.34243846,0.32393324,0.29869887,0.28187597,0.30879262,0.32898012,0.32898012,0.32898012,0.5258083,0.34916762,0.39682588,0.4474101,0.70752037,0.4352168,0.63229716,0.55995864,0.3263329,0.8293207,0.6519231,0.39402038,0.47239536,0.632312,0.6699789,0.38150388,0.39219138,0.28709763,0.44867614,0.38394013,0.2315443,0.4393568,0.19611724,0.80304843,0.48022664,0.39977348,0.4248594,0.4693412,0.18602344,0.8731901,0.7738359,0.49477348,0.39383596,0.76849216,0.44405732,0.34039846,0.7817526,0.6827943,0.40571097,0.38591927,0.4913594,0.8692991,0.6808151,0.51060677,0.44331512,0.58779424,0.31269014,0.44331512,0.3538301,0.31051305,0.7823068,0.89946353,0.51248705,0.38394013,0.5205026,0.24683335,0.25727347,0.2770651,0.8736651,0.3799818,0.24223182,0.6338594,0.46310678,0.67487764,0.88445157,0.8134193,0.23748179,0.7865026,0.7872151,0.2968568,0.3502943,0.7531042,0.20690367,0.25331512,0.43267712,0.73623174,0.751887,0.6095651,0.4393568,0.5086276,0.34940365,0.27033597,0.6392526,0.5145651,0.5818567,0.33248177,0.5818567,0.64321095,0.4749818,0.50071096,0.3918568,0.24341929,0.548211,0.23946096,0.3528177,0.31808335,0.45519012,0.57084566,0.45024222,0.2262995,0.34831512,0.38789845,0.46508595,0.62322134,0.31664845,0.23184116,0.8072561,0.426987,0.275086,0.23812501,0.47894016,0.2770651,0.7382109,0.8623046,0.4927943,0.17662242,0.40966928,0.3543516,0.47498178,0.24935679,0.30477345,0.3493047,0.8543485,0.39868492,0.66300255,0.21165366,0.61352336,0.29289845,0.71050256,0.51060677,0.25658074,0.2711276,0.54029423,0.42946097,0.31788546,0.4452943,0.7876901,0.61946094,0.57116926,0.41471618,0.3502943,0.21571097,0.25539324,0.3252311,0.3245651,0.35821095,0.8134192,0.37602347,0.8123387,0.44331512,0.17612763,0.49081513,0.32654428,0.6253984,0.61154425,0.41758594,0.48487765,0.6401433,0.57789844,0.4393568,0.8643334,0.7256234,0.54425263,0.42639327,0.6135234,0.4037318,0.5399974,0.37602347,0.55682033,0.5719609,0.3117728,0.20997138,0.2896823,0.4393568,0.75493485,0.20977345,0.3460391,0.11477346,0.38394013,0.37206513,0.53039837
BC2026_Train_0016_S18_20220204_221500_10,0.43060938,0.23624998,0.23408636,0.6949617,0.4011544,0.20278125,0.8780676,0.5698718,0.5900593,0.84408534,0.721278,0.64221036,0.72464263,0.54748213,0.41113237,0.5819691,0.76027423,0.28715438,0.93153846,0.64541423,0.724482,0.41325802,0.9388594,0.68180025,0.31298253,0.6286596,0.40280503,0.34171876,0.120843746,0.48778126,0.40740168,0.36870897,0.3485215,0.6260996,0.31319338,0.43431833,0.41581315,0.27281836,0.6782506,0.3821673,0.41581315,0.6782506,0.3619798,0.36870897,0.3485215,0.3485215,0.31151107,0.30814648,0.27113605,0.26945376,0.3619798,0.3619798,0.3619798,0.62105274,0.34515688,0.34451362,0.40228125,0.782045,0.30701536,0.41375673,0.47734737,0.2372794,0.75056636,0.65400285,0.40560752,0.46082628,0.615795,0.50964576,0.32212502,0.37912497,0.26334372,0.3652969,0.34547293,0.11588961,0.41078544,0.24804847,0.7297479,0.43918648,0.44047293,0.34705627,0.32305887,0.20693126,0.8600563,0.46224377,0.54734796,0.4662021,0.73398334,0.54185575,0.33359793,0.48203543,0.42068127,0.3237021,0.28609794,0.4438375,0.7824235,0.5117229,0.43057707,0.3316188,0.41672292,0.22672294,0.39297292,0.39937654,0.17570992,0.77978134,0.7282834,0.29935837,0.38307709,0.36328542,0.22261617,0.29203543,0.24255627,0.7823938,0.42859796,0.25838962,0.36635315,0.38703543,0.69578546,0.82908976,0.6700563,0.14161877,0.63482714,0.5453688,0.26828542,0.22672294,0.61657923,0.17333493,0.24849379,0.3796136,0.54141045,0.7484239,0.54932714,0.5077646,0.54338956,0.36912403,0.17566045,0.56120217,0.38109794,0.41672292,0.2821396,0.65620214,0.5532855,0.41474375,0.39099374,0.2465146,0.20099378,0.42661875,0.1990146,0.35551718,0.302525,0.4483896,0.37750673,0.3044547,0.27318385,0.38505626,0.35141045,0.3177646,0.5081604,0.28609794,0.23572816,0.6427933,0.42078024,0.60672295,0.25284794,0.30391046,0.2346396,0.5374521,0.6344313,0.4008896,0.18773337,0.2762021,0.2926292,0.2999521,0.30786878,0.3434938,0.265762,0.7472438,0.28604844,0.8704271,0.14963439,0.41672295,0.2702646,0.5038063,0.523598,0.3286995,0.24849379,0.40880626,0.43453544,0.27773595,0.38703546,0.820473,0.48599377,0.6617438,0.4653115,0.32568127,0.1752646,0.24047816,0.29507443,0.32370213,0.27818128,0.5928688,0.5869313,0.84324926,0.32766047,0.22276461,0.54734796,0.18516044,0.75516045,0.2762021,0.4424521,0.83472294,0.4030667,0.5354729,0.5018271,0.6927178,0.6764688,0.5460615,0.24740525,0.51766044,0.5196396,0.47278288,0.2821396,0.46362922,0.41078544,0.26311094,0.2710563,0.29549897,0.32568127,0.6740147,0.16734794,0.25809276,0.086202115,0.2999521,0.2762021,0.49786875
BC2026_Train_0016_S18_20220204_221500_15,0.4134695,0.31312498,0.24183108,0.712937,0.43318185,0.17603905,0.8699146,0.50073576,0.57879406,0.8311378,0.7032836,0.5922524,0.67804927,0.49226594,0.44533,0.62525105,0.5862704,0.23190059,0.88251954,0.4478994,0.71075755,0.34645727,0.8124694,0.6834474,0.28444746,0.43674436,0.3703839,0.45035157,0.1635703,0.5696953,0.40475324,0.3963418,0.374472,0.66046154,0.3475553,0.46531573,0.41821158,0.2550293,0.6789668,0.42157617,0.38961262,0.6789668,0.43335217,0.3963418,0.37278968,0.37278968,0.35596678,0.29035738,0.2886751,0.2853105,0.43335217,0.43335217,0.43335217,0.5612063,0.41821158,0.33480346,0.39335155,0.79012454,0.30448654,0.412742,0.37034827,0.30493182,0.6853772,0.6197678,0.30225998,0.44119745,0.42516622,0.6393566,0.33457032,0.45747656,0.2561953,0.30065697,0.36473942,0.13713528,0.41817695,0.29334098,0.49338526,0.35058844,0.6279686,0.5134738,0.3684504,0.13515612,0.82984364,0.5765103,0.44390613,0.43005192,0.651026,0.7356353,0.3489061,0.42015612,0.35088527,0.34296864,0.43401027,0.48502332,0.7230181,0.49536443,0.45380193,0.2835936,0.3251561,0.30140615,0.4458853,0.34941578,0.22436705,0.747827,0.82780963,0.36325508,0.38848943,0.5210936,0.20888008,0.32119775,0.22421862,0.9175603,0.3983853,0.20897904,0.36459106,0.32911444,0.83578116,0.8320851,0.84567696,0.11140611,0.4234712,0.32911444,0.18661444,0.24005195,0.73028713,0.13124727,0.32911444,0.509466,0.5448436,0.7027168,0.45776027,0.53890616,0.56661445,0.25073946,0.16494258,0.2064061,0.3489061,0.4557811,0.25390613,0.655677,0.62401026,0.2835936,0.4241144,0.28755194,0.20442694,0.41223943,0.19255196,0.3266405,0.27810144,0.46171862,0.5395147,0.26291132,0.281367,0.40234363,0.48151028,0.4280728,0.50367695,0.18661445,0.20610924,0.49927336,0.3591978,0.5309894,0.38225508,0.2558853,0.21234362,0.31130195,0.76453114,0.4082811,0.18710925,0.35880196,0.27914047,0.24598944,0.20244777,0.30932277,0.25281757,0.6220311,0.2439608,0.8759978,0.1807759,0.37661445,0.2657811,0.49140614,0.58244777,0.2561327,0.26380196,0.39442694,0.3726561,0.31842697,0.29348946,0.8339603,0.35088527,0.50590354,0.453703,0.31328112,0.33307278,0.27161968,0.20473866,0.27567697,0.37859356,0.55869776,0.58046865,0.7014354,0.2835936,0.5032811,0.6299478,0.23807277,0.6913019,0.37463528,0.35484362,0.7348436,0.4368801,0.4280728,0.22223945,0.36290878,0.73888105,0.5024895,0.2933905,0.52505195,0.58442694,0.54509103,0.2895311,0.3755259,0.33505195,0.24679595,0.24984883,0.26553375,0.33307278,0.4221353,0.20442694,0.28270298,0.11734361,0.2796353,0.30338526,0.35286444
BC2026_Train_0016_S18_20220204_221500_20,0.41380543,0.2625,0.27008194,0.67724276,0.40817502,0.19368748,0.87873507,0.5796236,0.46993822,0.8555195,0.7209361,0.6014934,0.7158892,0.49241036,0.35463068,0.7530814,0.5802635,0.24251875,0.84054255,0.4192967,0.6912391,0.36176232,0.7381909,0.7002011,0.2915031,0.3761125,0.411408,0.39496875,0.23821874,0.612875,0.3516952,0.3685181,0.32309628,0.5350651,0.3315077,0.40048167,0.4459035,0.2759921,0.64777863,0.38534105,0.35337752,0.64777863,0.38029417,0.3685181,0.3971171,0.3971171,0.35842443,0.28776813,0.2743098,0.27094522,0.38029417,0.38029417,0.38029417,0.4980546,0.36683586,0.31375095,0.39674997,0.7603677,0.2720875,0.38034296,0.3636883,0.23183125,0.72003233,0.6352448,0.3235656,0.4340031,0.44290936,0.69738406,0.30234373,0.65443754,0.26671872,0.2139096,0.33196387,0.13602635,0.33196384,0.14151855,0.547693,0.37926593,0.535818,0.42656806,0.29668522,0.21717219,0.7891514,0.42498466,0.51998466,0.23696385,0.6723805,0.6789612,0.32206804,0.36165133,0.33790135,0.19935969,0.22310969,0.4522477,0.5518493,0.583318,0.5377972,0.30425552,0.32206804,0.20925552,0.48435968,0.44163936,0.27105498,0.6770513,0.817073,0.4169691,0.345818,0.37748468,0.15675813,0.29633883,0.20925552,0.8238857,0.48831803,0.20519823,0.30282062,0.3299847,0.8267555,0.80532855,0.86831796,0.14790136,0.45378157,0.345818,0.16967218,0.23894303,0.7234871,0.1852581,0.18550551,0.7928128,0.46852633,0.80137515,0.34977636,0.44477633,0.547693,0.3181097,0.1566097,0.19540136,0.405193,0.49623471,0.22904718,0.61498463,0.5892555,0.23696384,0.38540134,0.31217217,0.21123469,0.4665472,0.23102635,0.21227376,0.3126175,0.3952972,0.44163936,0.28070346,0.19178937,0.3477972,0.81685966,0.37748468,0.51553154,0.22508885,0.12583365,0.39707845,0.2923805,0.40915135,0.26506802,0.22904718,0.22113052,0.19342218,0.6723805,0.18154718,0.117719054,0.3299847,0.25883365,0.22508885,0.18352635,0.33592218,0.26051593,0.56352633,0.29460707,0.8366513,0.20391178,0.535818,0.2923805,0.488318,0.78123474,0.30786753,0.2923805,0.31217217,0.4368597,0.19277896,0.3477972,0.79202116,0.29633886,0.51097953,0.45071387,0.17560968,0.19738051,0.2779326,0.18929562,0.250818,0.29435968,0.535818,0.44081804,0.73856384,0.2706097,0.3517555,0.5318597,0.13998468,0.55165136,0.35571387,0.3992555,0.690193,0.48772424,0.34977636,0.33592218,0.3314196,0.6823556,0.44734928,0.27328157,0.39727634,0.5100888,0.34547165,0.2686305,0.3919326,0.4012347,0.36425397,0.18976074,0.38569823,0.34977636,0.4546722,0.15185969,0.3113805,0.06279718,0.31415135,0.2923805,0.22508885
BC2026_Train_0016_S18_20220204_221500_25,0.3574814,0.23249999,0.18297105,0.6812774,0.35461593,0.1305052,0.8992068,0.5084945,0.46761483,0.8367096,0.7038086,0.63146996,0.71053773,0.35830906,0.3113731,0.6373171,0.44635028,0.2085534,0.8140746,0.42647454,0.6376022,0.34622923,0.6127939,0.687215,0.29850656,0.32789716,0.3908614,0.34247395,0.17325522,0.5587968,0.34576076,0.38108888,0.33398473,0.6149275,0.31211492,0.42819306,0.4231462,0.22800037,0.60988057,0.3995941,0.33566704,0.60988057,0.36426598,0.38108888,0.35080767,0.35080767,0.31211495,0.26669306,0.24818787,0.2414587,0.36426598,0.36426598,0.36426598,0.5038962,0.37267745,0.29926062,0.39234897,0.6238816,0.26359406,0.3627652,0.3733636,0.26822528,0.64520705,0.5728685,0.2611003,0.41428778,0.35906902,0.62474084,0.28369272,0.47072393,0.28903645,0.18727309,0.37784302,0.18784301,0.342218,0.2215878,0.67867637,0.25592634,0.46096805,0.22124146,0.39471546,0.25513467,0.66680133,0.40555134,0.4985722,0.3263847,0.35211384,0.48021546,0.27492636,0.47878054,0.45305133,0.24721801,0.17794716,0.36730397,0.39303315,0.44711387,0.54805136,0.27096802,0.14430134,0.17992634,0.48669723,0.4866497,0.1778482,0.7716972,0.8451986,0.38872844,0.44117635,0.37388468,0.13504873,0.23336385,0.12450967,0.80732214,0.34815553,0.17141593,0.25493678,0.29273885,0.7266514,0.76901287,0.792043,0.122530505,0.4316269,0.25513467,0.16805133,0.32638466,0.7047271,0.17438468,0.270968,0.50317377,0.49461383,0.81149083,0.34815553,0.5243013,0.41148883,0.19457218,0.1659732,0.23336384,0.26700968,0.4510722,0.19180134,0.5520097,0.6173222,0.12450967,0.28284302,0.22544718,0.21555133,0.2887805,0.18190552,0.25449145,0.44973627,0.34617636,0.57412887,0.20684299,0.19491851,0.26898888,0.5243013,0.40357217,0.5553743,0.21357219,0.09699926,0.27359042,0.28709823,0.21950966,0.12871541,0.2056555,0.19378051,0.21950968,0.5698222,0.22148885,0.120947175,0.24523886,0.28779095,0.15617634,0.20169717,0.30263466,0.22030134,0.7756555,0.26859304,0.5638847,0.16998105,0.24919717,0.318468,0.56190556,0.80732214,0.29753834,0.32440552,0.37190554,0.4807597,0.18244977,0.294718,0.85862213,0.3085722,0.48041335,0.26265553,0.092843,0.17992634,0.19185083,0.25785804,0.25513467,0.29867637,0.48471802,0.38773885,0.7544705,0.29273885,0.14628051,0.45898885,0.14232217,0.40753052,0.3798222,0.34419718,0.3679472,0.25760865,0.2729472,0.32836384,0.4097076,0.7177847,0.36191076,0.23910344,0.294718,0.34815553,0.3391998,0.24128053,0.615541,0.4451347,0.3587955,0.11213988,0.2861581,0.4391972,0.437218,0.12648883,0.23662946,0.06909301,0.4332597,0.2887805,0.23930134
BC2026_Train_0016_S18_20220204_221500_30,0.33641368,0.19874999,0.18603773,0.6310814,0.36102408,0.19151822,0.9101803,0.50096273,0.40860492,0.8404492,0.69240755,0.63184506,0.59315234,0.3898804,0.31720534,0.47542486,0.5736856,0.21318035,0.7819496,0.37904072,0.6575442,0.3684423,0.59370536,0.7116335,0.2586022,0.32005534,0.38609523,0.40348697,0.08998698,0.54757035,0.3137443,0.32047346,0.30533284,0.6703901,0.3137443,0.44664532,0.3776714,0.20271307,0.5728172,0.40963492,0.32552034,0.5728172,0.33393177,0.32047346,0.28514534,0.28514534,0.2784162,0.22962973,0.20439534,0.2144891,0.33393177,0.33393177,0.33393177,0.49038494,0.36253077,0.28995222,0.37142444,0.5776439,0.2627882,0.31048113,0.33167803,0.29778972,0.5713502,0.5000209,0.21407096,0.47413346,0.35657096,0.6590982,0.23783071,0.33936194,0.24673699,0.1820387,0.37064752,0.13314752,0.4795017,0.20241836,0.63585585,0.33818918,0.5111683,0.32403812,0.31290534,0.17471,0.6912725,0.41221002,0.42210582,0.30929333,0.39637667,0.2725798,0.22616835,0.46960583,0.39637667,0.22814752,0.17866834,0.33393395,0.3492725,0.45971,0.53491837,0.22023086,0.075751685,0.19450168,0.41023082,0.37567556,0.20241836,0.81398076,0.80406564,0.50354856,0.34096,0.471585,0.115978256,0.22814752,0.11137669,0.8631433,0.28950167,0.1643194,0.24521784,0.20043918,0.700535,0.83135796,0.88523084,0.09554334,0.42383763,0.29346,0.1826267,0.28950167,0.6719554,0.16649649,0.16085586,0.30726472,0.45773083,0.7681038,0.38845998,0.38054332,0.400335,0.19024648,0.13641316,0.1766892,0.38054332,0.44387668,0.2518975,0.44981417,0.51512665,0.07971002,0.41221,0.13710585,0.16877252,0.2875225,0.16679335,0.23542097,0.27673605,0.35283503,0.5523162,0.18341836,0.15155378,0.23804335,0.30929333,0.3310642,0.4391267,0.16283502,0.09316836,0.1743142,0.21765795,0.22023086,0.26684022,0.13512668,0.16481419,0.10148086,0.57846,0.18064752,0.11048606,0.2123142,0.30503812,0.16085586,0.22616835,0.26773083,0.16996002,0.6101267,0.16313191,0.34491834,0.15496784,0.2360642,0.3191892,0.4300225,0.7110642,0.22557461,0.18064752,0.36471,0.48543918,0.14809023,0.329085,0.8668642,0.39043918,0.53318655,0.27792352,0.09356418,0.14106418,0.2003897,0.2881964,0.25585583,0.24200168,0.65960586,0.3825225,0.76823837,0.38845998,0.17866835,0.38054332,0.109397516,0.3468975,0.31523085,0.46168917,0.18460587,0.17866834,0.28356418,0.2301267,0.30409804,0.6983975,0.44951734,0.25743917,0.30137667,0.2518975,0.33141053,0.2479392,0.41161627,0.32710582,0.31679538,0.09653294,0.19455117,0.34095997,0.39241835,0.1885642,0.23903294,0.057939183,0.26970997,0.2637725,0.44585583
BC2026_Train_0016_S18_20220204_221500_35,0.28986233,0.17624998,0.25767905,0.6360149,0.40118676,0.16855991,0.9066231,0.6467931,0.44088063,0.8335275,0.7090379,0.6669806,0.68043894,0.37072742,0.33590394,0.45172974,0.5984107,0.21059301,0.83482736,0.43383634,0.669946,0.35510513,0.6342373,0.68222845,0.24354616,0.35665557,0.42296255,0.38230988,0.08662239,0.54578906,0.34650612,0.2893082,0.29940194,0.61230814,0.3263186,0.3868811,0.36332902,0.18332383,0.553428,0.4053863,0.3078134,0.553428,0.33136547,0.2893082,0.21192278,0.21192278,0.2506155,0.17154779,0.18668841,0.20519362,0.33136547,0.33136547,0.33136547,0.4474436,0.3481884,0.31773525,0.40190366,0.55486906,0.2892352,0.3233016,0.380836,0.29609302,0.691105,0.50571644,0.22929615,0.4056399,0.35398367,0.62324107,0.28077862,0.34312236,0.2504974,0.17309152,0.17005059,0.2116131,0.4253631,0.16114436,0.59952974,0.2304152,0.40952975,0.30290216,0.36633447,0.2413006,0.6668215,0.48473808,0.45702976,0.4313006,0.19182144,0.25926155,0.14432144,0.38182145,0.28682142,0.25515476,0.3006756,0.29864693,0.41314176,0.48869643,0.4451548,0.25713393,0.10671727,0.1463006,0.39963394,0.46588653,0.12749852,0.7776548,0.7656264,0.42778763,0.4154673,0.47682142,0.09865217,0.15421727,0.0869256,0.7677589,0.25119644,0.10978498,0.26757404,0.2234881,0.70949227,0.8702229,0.53025895,0.11265477,0.39226153,0.17796727,0.11859227,0.19577977,0.6517352,0.20532925,0.31848812,0.3103735,0.3481756,0.8415398,0.42140478,0.36005062,0.31650892,0.1532277,0.14313394,0.23932144,0.32640478,0.39567557,0.21952978,0.5441131,0.43723813,0.07900893,0.27890477,0.124529764,0.2116131,0.37984225,0.16807143,0.29884487,0.2532251,0.35213396,0.5466366,0.14615217,0.15119904,0.21359226,0.3936964,0.30661312,0.4457485,0.2294256,0.09563395,0.36435533,0.17974854,0.35015476,0.19355322,0.1344256,0.22942561,0.14630058,0.7598422,0.110675596,0.07277456,0.23338392,0.3655428,0.1344256,0.17796727,0.20369644,0.21176155,0.56390476,0.1565428,0.31452978,0.10676675,0.2927589,0.2413006,0.45307145,0.45900893,0.27400634,0.22546726,0.24921727,0.4154673,0.12636049,0.3006756,0.91366315,0.23338394,0.4881522,0.31759748,0.1047381,0.17202978,0.15218861,0.21522509,0.20369643,0.3125506,0.5836964,0.36005062,0.78299856,0.3877589,0.14234227,0.33432144,0.11859227,0.3541131,0.4174464,0.30265477,0.10077977,0.16955581,0.1938006,0.1403631,0.36346468,0.6738673,0.34956104,0.20013393,0.43525892,0.26307142,0.41512093,0.2056756,0.40082145,0.40359226,0.2892459,0.12591518,0.1959777,0.31650892,0.36400893,0.1522381,0.24743602,0.059217267,0.2769256,0.25911307,0.27890477
BC2026_Train_0016_S18_20220204_221500_40,0.42986977,0.23812501,0.25734976,0.64662546,0.48027644,0.23814842,0.88198465,0.72872794,0.40421382,0.85658205,0.7068581,0.6664831,0.6479779,0.3931199,0.39463398,0.44838318,0.6189171,0.23624523,0.81570685,0.47142592,0.7168723,0.34727275,0.6752864,0.6987765,0.31016707,0.40190145,0.47715035,0.42696092,0.15086718,0.58905464,0.39477918,0.3846854,0.3644979,0.64880526,0.34935728,0.4822583,0.39477918,0.23832603,0.6740396,0.41833124,0.3644979,0.6740396,0.39309686,0.3846854,0.28879476,0.28879476,0.30898228,0.2635604,0.27028957,0.27197188,0.39309686,0.39309686,0.39309686,0.53272706,0.37459168,0.35678244,0.43764842,0.4811671,0.31497645,0.33995852,0.3868944,0.3716202,0.6656576,0.4764839,0.20507336,0.41347957,0.34757337,0.64966017,0.42874217,0.38955465,0.3877734,0.2517448,0.3901746,0.23382045,0.42579964,0.106510565,0.6875247,0.31298715,0.3684038,0.36355484,0.42743242,0.4317371,0.7484038,0.6237163,0.4574663,0.49111214,0.31298712,0.3396564,0.3189246,0.48517463,0.34663296,0.28132045,0.37632045,0.47161734,0.5764637,0.55642456,0.65340376,0.2714246,0.09725794,0.15069546,0.38819546,0.51786053,0.18894286,0.7879871,0.7771246,0.3875522,0.48319545,0.5089246,0.09329963,0.2021538,0.095278785,0.82559127,0.29319546,0.11724754,0.32867205,0.25954962,0.85266626,0.8716441,0.7370829,0.13882045,0.38022932,0.3446538,0.14673711,0.2377788,0.7239977,0.13540639,0.30507046,0.35242203,0.48319542,0.8384187,0.41590378,0.3802788,0.49507043,0.1520809,0.17395066,0.2852788,0.28132045,0.52277875,0.25757045,0.5722579,0.5663204,0.10319546,0.35850793,0.1784038,0.30704963,0.44163296,0.19819546,0.22788295,0.40769023,0.52277875,0.4976731,0.14144285,0.20695327,0.2437163,0.3426746,0.3802788,0.5838361,0.49111208,0.11962254,0.53440636,0.3046746,0.22986212,0.21887776,0.20809127,0.15267463,0.2318413,0.83548707,0.17444545,0.09706004,0.19819546,0.26810953,0.18038295,0.19225796,0.2437163,0.1935939,0.8063933,0.16400535,0.38027877,0.12927097,0.30507043,0.27934128,0.50298715,0.5148621,0.30620846,0.32486215,0.29121628,0.2714246,0.19329703,0.42579964,0.8753079,0.2615288,0.4693908,0.35900274,0.16652879,0.15861213,0.17805743,0.22177723,0.17048712,0.2892371,0.65538293,0.39413294,0.81983185,0.33673713,0.18829961,0.38225794,0.22788295,0.37632045,0.25559127,0.29121628,0.11902879,0.29507568,0.26350793,0.40007046,0.32698974,0.65047455,0.4313413,0.34495068,0.47329962,0.26548713,0.5132293,0.32684126,0.24173714,0.44559127,0.28065744,0.18018505,0.21615641,0.44361213,0.48913297,0.20017461,0.25470066,0.13684128,0.30111212,0.4139246,0.40007046
BC2026_Train_0016_S18_20220204_221500_45,0.47487724,0.32062498,0.4117335,0.6793118,0.5853015,0.4041029,0.9165893,0.7187517,0.48743662,0.86006427,0.69519967,0.6783768,0.8096796,0.57866436,0.5820289,0.61146903,0.64368695,0.34097332,0.8384356,0.6011484,0.7962942,0.41575986,0.7836272,0.7760931,0.4327077,0.62686396,0.6888544,0.6837591,0.23844661,0.6085508,0.4097706,0.41481748,0.38958308,0.64697367,0.40304142,0.5056612,0.42659348,0.25499976,0.66379654,0.43164036,0.3845362,0.66379654,0.42659348,0.41481748,0.325656,0.325656,0.33743206,0.285281,0.3088331,0.28359872,0.42659348,0.42659348,0.42659348,0.55444765,0.41649973,0.46855837,0.5709466,0.5783744,0.45230147,0.4091507,0.3894679,0.38194212,0.8299462,0.6260525,0.34720773,0.610041,0.45052022,0.78267884,0.4931653,0.48782158,0.46466535,0.31060642,0.38897884,0.18908304,0.44637468,0.20630178,0.67199975,0.4090674,0.6146039,0.48773926,0.46626532,0.307833,0.6957497,0.56710386,0.63439554,0.6066872,0.43054134,0.29971844,0.28210384,0.48002052,0.63439554,0.31970802,0.39887467,0.49466637,0.6547315,0.7056455,0.5176247,0.33158302,0.115853846,0.27022886,0.36522886,0.50838596,0.26686427,0.8461664,0.881923,0.55438775,0.44637465,0.73137474,0.13272625,0.2900205,0.12179136,0.9184455,0.44835383,0.16078095,0.45142156,0.367208,0.6621039,0.9473909,0.63241637,0.11783302,0.512182,0.26429135,0.2900205,0.2326247,0.8412453,0.21095283,0.3513747,0.44385126,0.4760622,0.8743794,0.59085387,0.521583,0.5492914,0.174932,0.20689553,0.3632497,0.45033303,0.47804132,0.31574968,0.5057497,0.6205414,0.15939553,0.46814552,0.21679136,0.402833,0.54335386,0.2543955,0.27908564,0.3466247,0.58095807,0.600912,0.31367156,0.20095804,0.31574968,0.43647885,0.37314552,0.5150518,0.48002052,0.21392159,0.5487471,0.3064476,0.29397884,0.30605176,0.24252053,0.27616635,0.16335386,0.8976247,0.17522885,0.17087469,0.31772885,0.38784084,0.24054137,0.379083,0.25241637,0.22282784,0.9262237,0.23450491,0.3850205,0.2539502,0.4008538,0.31574968,0.557208,0.6126247,0.33554137,0.2385622,0.48991632,0.39491633,0.25261426,0.4582497,0.8793372,0.3850205,0.49535906,0.41817155,0.21085386,0.29991633,0.316195,0.28632346,0.22470804,0.29991633,0.8362706,0.355333,0.8589756,0.50179136,0.22272886,0.5552289,0.21085384,0.41866633,0.5769997,0.33158302,0.1316872,0.26508301,0.32366633,0.28804135,0.37403616,0.7111873,0.42826527,0.24083824,0.48397887,0.33949968,0.55710906,0.3573122,0.20788512,0.4443955,0.36202654,0.2071924,0.28066894,0.5136664,0.47804135,0.38106218,0.33979654,0.19897886,0.3573122,0.5156455,0.6027289
BC2026_Train_0016_S18_20220204_221500_50,0.3656209,0.271875,0.38755432,0.6948793,0.60086894,0.31822002,0.94136477,0.7770049,0.64242154,0.81401527,0.7080309,0.7366299,0.8737367,0.59621096,0.5592006,0.62228644,0.8195668,0.35871786,0.8657569,0.84397125,0.7951847,0.43719304,0.89386046,0.7274366,0.41660845,0.7117023,0.5072177,0.5907513,0.2273763,0.58679295,0.3945207,0.4315311,0.34405196,0.6064894,0.37265092,0.5257395,0.40124986,0.22965612,0.5879842,0.43994257,0.35919255,0.5879842,0.4500363,0.4315311,0.34741652,0.34741652,0.3322759,0.28348947,0.25993738,0.26161966,0.4500363,0.4500363,0.4500363,0.53078634,0.43657798,0.39593413,0.45893878,0.595921,0.444683,0.5832197,0.7077093,0.34446785,0.8708248,0.7036891,0.40235844,0.60383767,0.45223346,0.7584997,0.35028252,0.3805638,0.40728253,0.32603756,0.3315237,0.18902367,0.40475282,0.22682577,0.62839866,0.266706,0.6481903,0.3692763,0.46496898,0.25433618,0.66402364,0.4977737,0.584857,0.59475285,0.4957945,0.32617992,0.2701695,0.6026695,0.656107,0.37902367,0.3018362,0.43354973,0.7176096,0.5808987,0.52944034,0.24246117,0.23652367,0.52152365,0.3770445,0.5357806,0.20663826,0.8124612,0.9118401,0.6837659,0.26621115,0.608607,0.17625806,0.32756534,0.17714867,0.88192993,0.57694036,0.2196018,0.60677624,0.3532945,0.69371116,0.87242997,0.5432945,0.157357,0.4540341,0.45621115,0.23652369,0.18506534,0.8268844,0.17838566,0.36319032,0.39124504,0.6006903,0.8118674,0.50371116,0.466107,0.46412784,0.292732,0.23385182,0.382982,0.3889195,0.56308615,0.29787782,0.55319035,0.51756537,0.13954452,0.48589864,0.16131534,0.23058617,0.5096487,0.21277368,0.30074763,0.42345598,0.8085028,0.63335353,0.24157055,0.1630966,0.28600284,0.38694033,0.35527366,0.6435393,0.2701695,0.2353362,0.51741695,0.3598258,0.406732,0.23637526,0.33944035,0.28996116,0.20287783,0.88014865,0.3018362,0.21455494,0.3176695,0.5037607,0.22266951,0.2701695,0.25433618,0.2314768,0.8955862,0.30455753,0.39089864,0.23474243,0.34141952,0.24246117,0.8065237,0.48787785,0.25057578,0.27412784,0.44433618,0.33944035,0.26561743,0.46016952,0.8302737,0.48194036,0.4742216,0.69945073,0.2345445,0.21475284,0.34913823,0.2985775,0.25433618,0.34933618,0.57100284,0.39881533,0.84607935,0.454232,0.28006536,0.5314195,0.50371116,0.41464865,0.6006903,0.48787785,0.14350283,0.25364348,0.2345445,0.430482,0.3392919,0.7241112,0.40168512,0.20109661,0.32558617,0.31371117,0.5642242,0.4007945,0.37437266,0.47402367,0.32044727,0.2925341,0.2381565,0.41464865,0.42850286,0.28798202,0.26413304,0.12964869,0.2939195,0.382982,0.51360697
BC2026_Train_0016_S18_20220204_221500_55,0.41209453,0.225,0.25690317,0.67303616,0.5869424,0.25771484,0.9266235,0.6429891,0.61439013,0.83813494,0.6833641,0.6413068,0.8280412,0.4617126,0.4056923,0.5827535,0.76011944,0.3905101,0.83705467,0.8345311,0.7806979,0.4191734,0.86730283,0.65472883,0.46799448,0.68590075,0.40644932,0.65810025,0.23812108,0.5888294,0.3834876,0.47601366,0.31787828,0.49283656,0.33638346,0.48442516,0.4137689,0.24385741,0.53657615,0.39694595,0.33470115,0.53657615,0.4120866,0.47601366,0.32460743,0.32460743,0.3296543,0.25731575,0.24385741,0.2892793,0.4120866,0.4120866,0.4120866,0.489472,0.4036751,0.34967196,0.4269336,0.5819945,0.37925854,0.57297444,0.7815786,0.28541636,0.83232945,0.70413876,0.40208825,0.48224452,0.37358823,0.740562,0.38240233,0.41090235,0.3663711,0.30324033,0.4356866,0.15860324,0.25756156,0.29679856,0.62766576,0.2219366,0.6415199,0.44286105,0.3469704,0.23579074,0.63558245,0.6989157,0.48714492,0.44756156,0.37829074,0.2926918,0.2674574,0.56037414,0.6613116,0.35849908,0.3802699,0.42930377,0.57210064,0.6336032,0.41391572,0.27735323,0.27141577,0.28922823,0.41193658,0.42181957,0.2480121,0.78378236,0.9293002,0.563244,0.3208949,0.5287074,0.21204075,0.30110326,0.12891574,0.85774386,0.48912406,0.2340095,0.5945147,0.41391572,0.87331986,0.79113257,0.73058236,0.09526991,0.49852505,0.4633949,0.19620742,0.3941241,0.8504511,0.22416314,0.25954074,0.36943397,0.6573533,0.81005836,0.42776993,0.5287074,0.4831866,0.32732722,0.23311889,0.23381157,0.42381158,0.35849908,0.15068658,0.49704072,0.6256865,0.16651991,0.3822491,0.25558242,0.28131157,0.5207907,0.21401992,0.21204074,0.42425692,0.56235325,0.48238206,0.2521189,0.17092356,0.3347491,0.3941241,0.26745743,0.57521784,0.21006158,0.17146784,0.435835,0.3010043,0.4891241,0.36715797,0.29516575,0.32485324,0.2674574,0.7558168,0.24370743,0.23905638,0.2674574,0.43875432,0.25360325,0.23183241,0.35058242,0.23529595,0.9383949,0.3166892,0.3862074,0.17176472,0.21006158,0.32287407,0.85724914,0.6850616,0.4451371,0.3683949,0.48714492,0.3565199,0.17493138,0.44162408,0.8292241,0.3347491,0.5153481,0.44954076,0.15266575,0.14870742,0.2760668,0.228356,0.25756156,0.3406866,0.48714492,0.3802699,0.8246443,0.34068656,0.23183241,0.4930824,0.33870742,0.40599906,0.5781865,0.43766573,0.18829075,0.30822825,0.27339488,0.28329074,0.44310844,0.7261491,0.38897827,0.20511368,0.40204075,0.26547825,0.46304855,0.4356866,0.43420222,0.5841241,0.26368415,0.2606293,0.24662669,0.5306866,0.4930824,0.16058242,0.29536366,0.12099908,0.3624574,0.29318658,0.3208949
BC2026_Train_0016_S18_20220204_221500_60,0.35957214,0.268125,0.2324938,0.669568,0.44958362,0.31061065,0.9219811,0.47322977,0.37935787,0.8275204,0.68620783,0.71144223,0.66602033,0.48250115,0.382573,0.48628625,0.6972763,0.5775367,0.8654499,0.8085043,0.7008376,0.4195584,0.78311384,0.6899534,0.2812555,0.5715992,0.45600507,0.3943294,0.17167318,0.5607773,0.3413916,0.3750374,0.2942874,0.56345403,0.3548499,0.45746967,0.41204783,0.22194885,0.5247614,0.4389645,0.29765198,0.5247614,0.4154124,0.3750374,0.32456863,0.32456863,0.31111032,0.22026654,0.2303603,0.22363114,0.4154124,0.4154124,0.4154124,0.4355999,0.41036552,0.32655272,0.39967313,0.6280055,0.40480497,0.6289704,0.9031839,0.32311487,0.72837645,0.62886894,0.43088052,0.405943,0.36497426,0.6121871,0.3693919,0.37829816,0.3729544,0.26061383,0.4237882,0.20212151,0.39607984,0.21172048,0.63753814,0.25021526,0.8363455,0.6129965,0.4293793,0.21795484,0.6335799,0.754309,0.44753817,0.38222566,0.51878816,0.38098872,0.2694132,0.469309,0.41982988,0.2041007,0.40201735,0.52907985,0.48731944,0.6632674,0.44357985,0.28920484,0.23378818,0.30107987,0.47722566,0.38974652,0.27564758,0.78597564,0.8242586,0.5117622,0.5385799,0.6494132,0.17258246,0.2614965,0.15462151,0.8938799,0.39014235,0.1739184,0.43200174,0.267434,0.825559,0.8750901,0.8334757,0.15264235,0.5677231,0.23180902,0.24566318,0.27139238,0.7745302,0.12701215,0.20410068,0.32037672,0.5801424,0.8386686,0.50295484,0.47524652,0.51087147,0.24556424,0.23210591,0.17045484,0.4396215,0.44160068,0.1922257,0.45743403,0.57420486,0.38420483,0.37628818,0.12889235,0.25951734,0.38024652,0.22785069,0.30884808,0.55599654,0.41389233,0.5461996,0.19326475,0.25758767,0.469309,0.3327465,0.26347566,0.4924653,0.25555903,0.16738716,0.3998403,0.44160068,0.17243402,0.42457986,0.19024652,0.45941317,0.21795486,0.85880905,0.23180902,0.20083508,0.26545483,0.3872726,0.26545483,0.20212151,0.32680905,0.33962414,0.72660065,0.2178559,0.3644132,0.24561372,0.28920484,0.29514235,0.62764233,0.8314965,0.50488454,0.42972568,0.57222563,0.6019132,0.18752517,0.37035066,0.82160074,0.30305904,0.47183242,0.44476736,0.23972568,0.18430902,0.2674835,0.28207985,0.28920484,0.32285067,0.52274656,0.39607984,0.70769966,0.32285067,0.33868402,0.469309,0.2753507,0.40597567,0.3584757,0.36243403,0.2614965,0.42794445,0.25951734,0.6137882,0.30078298,0.58489233,0.4817778,0.1862882,0.44951737,0.26941317,0.51517624,0.3644132,0.60963196,0.4989965,0.2921736,0.1774809,0.26990798,0.48514232,0.32285067,0.21201734,0.35827777,0.10514235,0.4594132,0.3208715,0.3109757
BC2026_Train_0017_S22_20211026_233000_5,0.5258333,0.30374998,0.7686591,0.6627259,0.4759915,0.38387954,0.7576401,0.8390631,0.6264214,0.80979115,0.8905412,0.8643815,0.6869839,0.45302823,0.375811,0.7162228,0.43591332,0.4813352,0.8536722,0.6265628,0.4771753,0.805811,0.36354166,0.86658,0.32547584,0.35486647,0.37353992,0.73597324,0.6121764,0.97347325,0.29283002,0.2776894,0.28610086,0.2558196,0.2945123,0.19862169,0.2978769,0.38872063,0.46274146,0.22385605,0.38703835,0.46274146,0.333205,0.2776894,0.40049666,0.40049666,0.30460605,0.32647586,0.45937687,0.4846112,0.333205,0.333205,0.333205,0.42909563,0.2743248,0.6548191,0.23247331,0.8685592,0.79404056,0.94706196,0.9609407,0.38603833,0.36178368,0.7328972,0.8072051,0.72408,0.807205,0.7727807,0.4462233,0.9358691,0.38566077,0.21708335,0.2609309,0.88377464,0.48061836,0.35909757,0.23124339,0.35998815,0.096660055,0.81725234,0.58630586,0.13426423,0.88793087,0.6092642,0.49051422,0.6472642,0.34009755,0.8743019,0.3955142,0.2609309,0.23916006,0.52020174,0.56968087,0.77967054,0.66695696,0.74384755,0.74780583,0.6218517,0.8586392,0.5320767,0.27478507,0.4510694,0.30526423,0.93384755,0.7416249,0.55404544,0.28666005,0.47666004,0.5056549,0.30249336,0.28072256,0.5419726,0.2530142,0.10992048,0.28715482,0.28468087,0.32228506,0.4503866,0.4667642,0.64488924,0.6045934,0.26686838,0.28666005,0.3717642,0.85460764,0.35390225,0.36384755,0.52213144,0.12436839,0.42178768,0.85705584,0.49051422,0.8438945,0.89661944,0.5389643,0.15009753,0.50041,0.7259361,0.49249336,0.93978506,0.4845767,0.34999338,0.16791005,0.14416005,0.94176424,0.3955142,0.15207672,0.6099569,0.6921913,0.3143684,0.45948088,0.25964445,0.48205328,0.16791005,0.863983,0.3361392,0.49457154,0.42520168,0.14376421,0.40115485,0.17909235,0.7939205,0.72615623,0.33613923,0.22926421,0.8599257,0.6508267,0.3658267,0.14861317,0.35791004,0.6011496,0.31238922,0.22530589,0.2906184,0.3572173,0.9048528,0.2411887,0.8565017,0.41654286,0.86853504,0.20749338,0.12634756,0.4548892,0.38616267,0.51624334,0.28072256,0.28863922,0.26337764,0.16395172,0.39353502,0.092701726,0.8656851,0.5655444,0.7557226,0.35988924,0.47542307,0.34676737,0.15207672,0.5934309,0.68605584,0.17186838,0.29125172,0.40541005,0.37176418,0.3717642,0.39155588,0.92561424,0.41530588,0.32228506,0.82806116,0.32682726,0.41926423,0.5639413,0.47220695,0.8705142,0.7036606,0.32802463,0.76166004,0.17384754,0.6401392,0.2549934,0.26300904,0.72009754,0.31816843,0.23629026,0.40941787,0.46478504,0.71198297,0.5973892,0.53391737,0.64686835,0.5498892,0.2609309,0.13426422
BC2026_Train_0017_S22_20211026_233000_10,0.5398028,0.271875,0.7510134,0.64558405,0.5693862,0.44906965,0.6681605,0.87491417,0.63787925,0.809473,0.8717178,0.80165035,0.79265004,0.32473058,0.38680714,0.7554813,0.39917788,0.61490697,0.8942256,0.7091735,0.47970894,0.8939733,0.28449032,0.7287091,0.31545913,0.34663105,0.3981626,0.7134863,0.40453842,0.97671556,0.2924149,0.3008264,0.3260607,0.25876907,0.30755553,0.21166492,0.30587325,0.46737322,0.4909253,0.22007637,0.42363364,0.4909253,0.28736803,0.3008264,0.356342,0.356342,0.3361545,0.36307114,0.5027014,0.56326383,0.28736803,0.28736803,0.28736803,0.4118576,0.27727425,0.6520204,0.23175715,0.8474591,0.79204255,0.9670009,0.9670009,0.45439664,0.38326538,0.74798626,0.9077248,0.7603758,0.8098549,0.8564426,0.49716336,0.9459395,0.3724759,0.15188615,0.38725403,0.9055978,0.58121234,0.3937358,0.21110821,0.3785457,0.13194154,0.8932775,0.6374208,0.17944154,0.812577,0.5574624,0.48027486,0.67453015,0.36944157,0.8317378,0.45058736,0.25662905,0.18933737,0.5574624,0.35954574,0.7257411,0.6270796,0.8160405,0.7680457,0.5792332,0.76131654,0.54558736,0.25860822,0.5555426,0.3550431,0.95131654,0.7665515,0.4501421,0.34569156,0.54558736,0.47498062,0.14777488,0.28037906,0.5099623,0.35162905,0.105321765,0.28611866,0.27444157,0.21704571,0.45617852,0.37933737,0.74944156,0.5915313,0.4011082,0.21308737,0.44464988,0.82408583,0.43836603,0.38131654,0.47013167,0.120066546,0.4746837,0.8449364,0.43673322,0.9472593,0.87362444,0.54549336,0.20319155,0.66235816,0.8489541,0.6188165,0.9295457,0.43475404,0.39714986,0.096316546,0.13589987,0.9354832,0.36350405,0.13787904,0.7290067,0.63657963,0.3140249,0.42937073,0.49754313,0.3286212,0.1576707,0.8302905,0.45454574,0.5518217,0.27444157,0.112248845,0.47399104,0.18963426,0.58131135,0.7065432,0.60525924,0.09235822,0.9013426,0.5732957,0.38725403,0.14401448,0.2407957,0.6469702,0.36746237,0.12798321,0.41100407,0.46894416,0.6999624,0.25499624,0.83652484,0.31461865,0.72569156,0.11610822,0.18537904,0.31006652,0.26974103,0.4624624,0.09829571,0.2526707,0.1886818,0.29819155,0.43079573,0.07256655,0.8654925,0.594077,0.7316291,0.3714207,0.38863948,0.33852696,0.11808737,0.5515249,0.74182177,0.096316546,0.4293707,0.6148582,0.24871238,0.33381656,0.38131654,0.91640407,0.3476707,0.3674624,0.70312905,0.23406655,0.23089989,0.6321759,0.5081811,0.87808734,0.7353895,0.29274884,0.767254,0.096316546,0.6239624,0.22892071,0.2533634,0.6168374,0.35366762,0.27206656,0.3776056,0.39121237,0.8025822,0.44464988,0.3839934,0.6049624,0.56933737,0.22496237,0.09433738
BC2026_Train_0017_S22_20211026_233000_15,0.536116,0.305625,0.8297936,0.6385562,0.42549887,0.35375977,0.6316196,0.90953416,0.5054477,0.8217186,0.88901025,0.90541255,0.6164789,0.30659157,0.33081657,0.698145,0.422827,0.3114989,0.8421407,0.4469704,0.42425945,0.66213554,0.12642857,0.5613687,0.23935826,0.3613739,0.29523608,0.74424934,0.405416,0.9718535,0.22411232,0.13999774,0.27626336,0.17364357,0.48150295,0.099622734,0.19214877,0.3654248,0.4175759,0.13999774,0.4108467,0.4175759,0.17532587,0.13999774,0.27626336,0.27626336,0.29981542,0.3132738,0.42598736,0.45458633,0.17532587,0.17532587,0.17532587,0.29981542,0.29813313,0.6715648,0.18988474,0.71772283,0.7694405,0.9126204,0.94559324,0.40501451,0.29439893,0.6961302,0.75255626,0.77211046,0.8166812,0.8367919,0.48022854,0.94562954,0.355541,0.13830356,0.15546156,0.8738991,0.41077405,0.4391751,0.12181574,0.4759876,0.0822324,0.738722,0.63234186,0.15941991,0.82837826,0.5097324,0.4325449,0.93871677,0.1356699,0.70150876,0.3711907,0.22275324,0.25837824,0.8679616,0.3296282,0.6655918,0.5218549,0.6953783,0.8436178,0.5611908,0.3969199,0.3316074,0.14556573,0.5674647,0.40216464,0.9273366,0.681342,0.40849802,0.21087824,0.35931572,0.34793553,0.06639907,0.15941991,0.41275322,0.23066992,0.09262303,0.45283133,0.10796157,0.34150323,0.53664905,0.43650323,0.78879493,0.58812964,0.2781699,0.1772324,0.3078574,0.8398812,0.39870113,0.22869074,0.47618556,0.09014907,0.48281574,0.9365397,0.20494074,0.8244199,0.8333261,0.42368814,0.2425449,0.5770241,0.8746116,0.52556574,0.9491074,0.4503574,0.15546158,0.07827407,0.062440738,0.9491074,0.39494073,0.12775323,0.7348627,0.54783136,0.32566988,0.42110536,0.29682353,0.40305528,0.1712949,0.7356543,0.4483782,0.39019075,0.2841074,0.14853449,0.34521416,0.13675845,0.38504487,0.5974095,0.7930501,0.18119074,0.7868157,0.5631699,0.36525324,0.2406647,0.2306699,0.53971684,0.26035738,0.21483657,0.28014907,0.32878712,0.5354616,0.2843053,0.5790032,0.32294855,0.73674285,0.12775323,0.094107404,0.2009824,0.24828449,0.54535747,0.08421157,0.1416074,0.21246652,0.16733657,0.3494199,0.11587823,0.871007,0.49518552,0.60869074,0.35733655,0.38182878,0.28652197,0.1891074,0.43650323,0.72120637,0.0644199,0.37568346,0.53348243,0.27816987,0.25639907,0.33952406,0.89834183,0.46421155,0.20889907,0.21285741,0.3320032,0.15150324,0.4602532,0.50330013,0.88112307,0.7475293,0.39187303,0.7274407,0.06837824,0.6760814,0.2009824,0.18851367,0.5691074,0.2427824,0.21077928,0.3651543,0.37514907,0.6380814,0.42264906,0.36817253,0.60869074,0.39889905,0.23264907,0.14556573
BC2026_Train_0017_S22_20211026_233000_20,0.60736233,0.45374998,0.8953822,0.6227481,0.44155535,0.3484245,0.72959244,0.8942047,0.4604257,0.8624935,0.90791535,0.9369349,0.45891166,0.4755345,0.3513814,0.69524187,0.46382096,0.19930534,0.81510335,0.48789752,0.4318772,0.43944752,0.19371653,0.6366022,0.33200845,0.39880532,0.33245555,0.84301823,0.60353905,0.9657265,0.30165234,0.22258465,0.41941276,0.24781902,0.5405378,0.20912632,0.24445444,0.40595442,0.5321263,0.22090235,0.45474088,0.5321263,0.27810028,0.22258465,0.3083815,0.3083815,0.32183987,0.46315235,0.4984805,0.5001628,0.27810028,0.27810028,0.27810028,0.42950654,0.31679296,0.72876984,0.19879948,0.6385814,0.7168129,0.80235744,0.9350062,0.4477897,0.31182095,0.6684668,0.6374929,0.8839981,0.8206647,0.8226568,0.4321432,0.96434116,0.37692446,0.22538319,0.14213605,0.71213603,0.80119854,0.496209,0.12828188,0.4764173,0.08869854,0.45286524,0.6465365,0.13619855,0.7853652,0.5557819,0.6072402,0.9714069,0.19755273,0.61713606,0.4350527,0.2925527,0.26484436,0.9492402,0.48651102,0.46043557,0.5196621,0.6309902,0.8130735,0.5645693,0.49640688,0.26682353,0.15796939,0.5017902,0.38181317,0.94963604,0.6247559,0.6346022,0.2747402,0.40932354,0.2973522,0.08869854,0.13224022,0.44890687,0.27869853,0.071578756,0.4014069,0.17380272,0.3163027,0.5087272,0.40140688,0.74578184,0.61016935,0.3598444,0.2885944,0.21140689,0.8232663,0.28958395,0.22130273,0.7228038,0.1342194,0.37919074,0.95102155,0.29057354,0.6341569,0.9247778,0.6360965,0.23317772,0.5122402,0.8422663,0.57755274,0.9456777,0.5161985,0.12432355,0.16786522,0.04911522,0.9595319,0.32421938,0.11244854,0.7330658,0.6135242,0.2470319,0.54889435,0.25386,0.20433137,0.17182355,0.85255796,0.5379694,0.3165996,0.30640686,0.24436001,0.4019017,0.20903191,0.3638027,0.45286524,0.80446416,0.21734439,0.676511,0.6309902,0.24703188,0.11700063,0.1935944,0.6531074,0.20349021,0.21140689,0.23911521,0.26395375,0.53599024,0.25593814,0.32026106,0.34841472,0.8839277,0.12036521,0.098594375,0.1935944,0.16900325,0.3598444,0.19953188,0.2688027,0.21338604,0.21734439,0.52015686,0.08671938,0.8901027,0.46137565,0.63890684,0.20349021,0.42075324,0.3655246,0.114427716,0.5498444,0.6242611,0.07088605,0.39748815,0.8110944,0.36380273,0.23713607,0.35588604,0.91923606,0.60328186,0.30244854,0.25494856,0.19220896,0.08869854,0.36776108,0.46869856,0.8803652,0.7069902,0.29641208,0.7814069,0.04713605,0.800298,0.18765688,0.17251627,0.7022402,0.39917046,0.33520377,0.48930165,0.43901104,0.5732975,0.47463605,0.535159,0.6151569,0.3341152,0.3539069,0.1876569
BC2026_Train_0017_S22_20211026_233000_25,0.5914435,0.41249996,0.9001257,0.6402505,0.42699528,0.56741667,0.70640975,0.8735455,0.504703,0.83258164,0.8796859,0.9200608,0.5351356,0.4374512,0.35114965,0.77828354,0.40472963,0.20433904,0.7270073,0.50780463,0.48509368,0.50780463,0.51227677,0.4759797,0.36376092,0.40562028,0.4018707,0.83143747,0.68814576,0.9711667,0.27721512,0.2620745,0.38656408,0.22001721,0.47740784,0.2654391,0.27553284,0.37647036,0.49927765,0.24693385,0.32936618,0.49927765,0.24693385,0.2620745,0.31759012,0.31759012,0.29067346,0.49759534,0.4673141,0.4353505,0.24693385,0.24693385,0.24693385,0.35460052,0.35123596,0.66615885,0.21651042,0.62837553,0.6987943,0.7539735,0.91547346,0.4350109,0.31945232,0.66516334,0.65687555,0.7609797,0.84212554,0.85424954,0.6505416,0.98106253,0.3803854,0.29061013,0.2591072,0.65098226,0.9157947,0.33391973,0.24327388,0.40635726,0.094836384,0.45420358,0.47898275,0.13046138,0.75389886,0.58962804,0.70244056,0.96596664,0.20764887,0.61857337,0.33233637,0.24327388,0.2591072,0.8568155,0.39171138,0.4261489,0.4399041,0.67077386,0.7895239,0.5401489,0.5025447,0.36598223,0.1759822,0.5245332,0.37429476,0.95973223,0.6635499,0.6911593,0.3066072,0.4906697,0.34104472,0.11660722,0.080982216,0.43327388,0.21754472,0.070393674,0.3112583,0.31254473,0.24327388,0.50843275,0.24723221,0.5995239,0.6390379,0.2828572,0.3085864,0.31452388,0.8957062,0.45682597,0.22150306,0.910542,0.13639888,0.39571923,0.948451,0.26306555,0.6163468,0.9196392,0.7115398,0.1759822,0.57973224,0.8077322,0.5203572,0.9419197,0.5394561,0.21160722,0.071086384,0.035461385,0.94389886,0.3976489,0.080982216,0.6640447,0.5472739,0.2650447,0.53294474,0.3003728,0.20517494,0.18191971,0.9197531,0.37983638,0.30205512,0.3026489,0.14946139,0.33560202,0.16291973,0.42337805,0.48953173,0.7170864,0.104732215,0.6767113,0.57577384,0.40952384,0.10908638,0.20764889,0.7651801,0.30660722,0.14629471,0.34223223,0.29700825,0.5836906,0.34243014,0.3521281,0.5012088,0.93938637,0.10077387,0.14431554,0.20566972,0.15470618,0.4194197,0.1779614,0.16014887,0.27370358,0.20171139,0.52233636,0.05921138,0.8849891,0.39784682,0.69650304,0.32441974,0.4187765,0.28228328,0.18389888,0.6153572,0.6649354,0.090878054,0.33948117,0.8172322,0.2967114,0.37983638,0.2709822,0.91619056,0.6806697,0.31848222,0.41348222,0.22961764,0.122544706,0.46889892,0.40883118,0.8506801,0.7040239,0.32224265,0.82356554,0.06910722,0.70541924,0.18389888,0.3227374,0.63316965,0.33275202,0.29077387,0.6536224,0.41348222,0.6161489,0.506503,0.46466345,0.49462804,0.37191972,0.3442114,0.10275304
BC2026_Train_0017_S22_20211026_233000_30,0.580904,0.31312498,0.841134,0.61319,0.3809348,0.26232618,0.6188192,0.8587981,0.42501906,0.84929305,0.87957436,0.87738734,0.5891267,0.27470106,0.29135576,0.6135147,0.35510665,0.16896605,0.68877196,0.44753128,0.2824985,0.44753128,0.38100818,0.19835669,0.30879417,0.33284107,0.25426123,0.63173765,0.57147205,0.9455345,0.32863548,0.16881779,0.38078654,0.25461465,0.2445209,0.17050007,0.16713548,0.3219063,0.55742717,0.19573444,0.34714073,0.55742717,0.17554694,0.16881779,0.23274487,0.23274487,0.23947403,0.4480782,0.4329376,0.40265635,0.17554694,0.17554694,0.17554694,0.39256257,0.29835427,0.5634664,0.24095117,0.6824608,0.6659497,0.8028042,0.9381445,0.33907542,0.28676605,0.683114,0.63624734,0.42813793,0.8012108,0.7248035,0.38345116,0.9653262,0.35138863,0.11579985,0.14993224,0.86836976,0.7222083,0.20257807,0.14399473,0.3631875,0.08659891,0.3911432,0.5130104,0.11430724,0.8143781,0.6249322,0.43691143,0.9592135,0.16774474,0.70780987,0.32805726,0.16180724,0.25284892,0.58336973,0.2350364,0.3911432,0.3464635,0.64670306,0.7159739,0.5763239,0.39732808,0.25086975,0.11430725,0.44164163,0.41791144,0.95941144,0.64180267,0.4469062,0.23305725,0.42899475,0.26521868,0.05691141,0.1459739,0.5723656,0.23899475,0.0780885,0.1806588,0.18357809,0.24493225,0.4587812,0.32211974,0.5932656,0.5010364,0.29045308,0.32014057,0.24493225,0.7190535,0.30623695,0.22118224,0.6591718,0.13409892,0.549625,0.9294271,0.11430724,0.5669427,0.9226237,0.6818037,0.10639058,0.4210781,0.7690156,0.53280205,0.9653489,0.5238958,0.18555723,0.15389057,0.04107808,0.9653489,0.18357807,0.1340989,0.78672916,0.56778383,0.26274472,0.55267286,0.21638276,0.2559661,0.17368223,0.70261455,0.39732808,0.27234372,0.29243225,0.17783847,0.21860933,0.1526041,0.4032656,0.29861715,0.5155833,0.098473914,0.68826556,0.6229531,0.2884739,0.17566141,0.15389057,0.53774995,0.26670307,0.16774474,0.30232808,0.2517109,0.55764055,0.26081505,0.3003489,0.28030983,0.8189896,0.088578075,0.11034892,0.14993224,0.08941922,0.46857807,0.06284891,0.15586974,0.21153381,0.14993224,0.6407656,0.08659891,0.75674474,0.47847393,0.6684739,0.28253642,0.32236716,0.27509475,0.14993224,0.5754531,0.5678333,0.06680725,0.2919177,0.5437864,0.2884739,0.23107807,0.36961973,0.8881614,0.2053489,0.25680724,0.21128641,0.3237031,0.12420308,0.43493226,0.32701817,0.8465989,0.7341823,0.21009892,0.68034893,0.037119746,0.65768754,0.15586974,0.10500517,0.6684739,0.33229268,0.24008329,0.46402597,0.44680724,0.5752552,0.44284892,0.55151016,0.5279531,0.29243225,0.3062864,0.08659891
BC2026_Train_0017_S22_20211026_233000_35,0.62959456,0.298125,0.7712676,0.5849521,0.37664482,0.19663326,0.45600608,0.81929696,0.35759202,0.79481965,0.85033524,0.7498184,0.31671235,0.25633916,0.2684517,0.44786808,0.30628544,0.17001978,0.7088837,0.39160353,0.2947036,0.57085174,0.33469865,0.2207854,0.25641042,0.26798856,0.28283525,0.48813483,0.37475824,0.93713844,0.3454851,0.19071428,0.4447403,0.22604239,0.22099552,0.15538615,0.1856674,0.37913096,0.5675476,0.18230283,0.4245528,0.5675476,0.19744344,0.19071428,0.27482885,0.27482885,0.28996947,0.47838613,0.4901622,0.4682924,0.19744344,0.19744344,0.19744344,0.47670388,0.2983809,0.4531673,0.19485201,0.62453544,0.52329606,0.7900235,0.90248466,0.32944164,0.27336198,0.6269797,0.6123636,0.35794166,0.7512021,0.6282728,0.33913326,0.9394145,0.34625825,0.10313616,0.12983806,0.79790574,0.83095783,0.34809065,0.056608893,0.26610368,0.06452556,0.43839017,0.4963303,0.15952557,0.7275464,0.5415047,0.3237964,0.9583172,0.13775472,0.62200737,0.32577556,0.18525472,0.3297339,0.3237964,0.2584839,0.42527822,0.24319485,0.7254683,0.6780672,0.55884224,0.45244223,0.2406714,0.16744223,0.424061,0.4439813,0.9670256,0.59677297,0.508183,0.25452554,0.36535892,0.29618704,0.06452556,0.07640056,0.47421306,0.1041089,0.09925994,0.31340578,0.22483806,0.3059839,0.4829709,0.46233806,0.5890047,0.5285411,0.2466089,0.3000464,0.27629638,0.5950906,0.4201818,0.20108806,0.40588236,0.04671306,0.44764277,0.81641096,0.24265057,0.5897964,0.9281498,0.6984328,0.2525464,0.44650474,0.69461304,0.55872345,0.96108806,0.5656505,0.19515057,0.06452556,0.024942229,0.9571297,0.28025472,0.086296394,0.5889057,0.5884605,0.2228589,0.6797693,0.37456205,0.20237452,0.1337964,0.42473388,0.33171305,0.40741616,0.27431723,0.28025472,0.2717938,0.17931724,0.3257756,0.391286,0.54002035,0.17337972,0.7196297,0.49796304,0.2703589,0.14636411,0.08827555,0.6240088,0.2703589,0.14962973,0.3811922,0.34428078,0.66995263,0.21157765,0.27827558,0.28530163,0.581187,0.06650473,0.09817138,0.22681724,0.17209327,0.35942137,0.19712973,0.10806723,0.09881462,0.1931714,0.7315047,0.044733897,0.80780166,0.25227723,0.8957755,0.28619224,0.27520785,0.26929015,0.1812964,0.45442137,0.62047344,0.0684839,0.35845163,0.69785887,0.28025472,0.2466089,0.3534839,0.8957755,0.17535889,0.2228589,0.4603589,0.23208973,0.09421307,0.3277547,0.33022866,0.8225463,0.67163885,0.32161933,0.6127547,0.04275473,0.61240834,0.15556723,0.20524433,0.590786,0.25751412,0.28025472,0.32681465,0.42671308,0.571786,0.38712972,0.5205305,0.49796304,0.28619224,0.2287964,0.06650473
BC2026_Train_0017_S22_20211026_233000_40,0.5783222,0.27,0.7906741,0.639761,0.41205782,0.25540885,0.50140405,0.8238994,0.49686188,0.8201983,0.84206814,0.7820944,0.48172122,0.2747235,0.2944063,0.45565394,0.3506047,0.6679443,0.6607785,0.49187645,0.3752936,0.6943402,0.220093,0.2775735,0.25976098,0.30874535,0.25579768,0.58602864,0.41215888,0.927039,0.30960676,0.15147133,0.35502866,0.17334113,0.2204453,0.13128383,0.15147133,0.33484113,0.5653151,0.13633071,0.3836276,0.5653151,0.1767057,0.15147133,0.23895049,0.23895049,0.25577343,0.39372134,0.43577865,0.4172734,0.1767057,0.1767057,0.1767057,0.3836276,0.26250258,0.44127035,0.18594009,0.64965683,0.67899305,0.9475709,0.9259535,0.39335474,0.30078912,0.6850245,0.83846927,0.33635473,0.7327818,0.85047954,0.4424401,0.9433672,0.34803385,0.22405133,0.19296134,0.8665708,0.8241176,0.34367487,0.050461337,0.17237802,0.0524405,0.7372322,0.53634673,0.15733634,0.7669197,0.5155655,0.30181548,0.9428676,0.15931551,0.5648468,0.31962797,0.22660717,0.2661905,0.4185863,0.22264884,0.39216447,0.2612426,0.8764665,0.6481697,0.52546126,0.45223212,0.34139884,0.129628,0.40312904,0.41433108,0.96681553,0.8256099,0.44906053,0.224628,0.42254466,0.29904464,0.06629467,0.04848217,0.5174655,0.16723217,0.039180085,0.19503945,0.11379467,0.23848218,0.4012686,0.3295238,0.55316967,0.5403051,0.19098216,0.24441966,0.1118155,0.7353045,0.40745354,0.18108633,0.40992746,0.1355655,0.38444573,0.792154,0.17910717,0.89744574,0.914427,0.6703265,0.08014883,0.5135863,0.6835968,0.5164561,0.9509822,0.53971136,0.1474405,0.058378004,0.040565502,0.960878,0.212753,0.09598217,0.6489613,0.49646652,0.23254466,0.6167801,0.26445875,0.2434301,0.17514883,0.40077382,0.2305655,0.2985499,0.189003,0.28093532,0.2948884,0.24392489,0.38098213,0.40077382,0.40077382,0.1711905,0.6659821,0.485878,0.36514884,0.09469572,0.054419667,0.59256005,0.26223215,0.15733632,0.25233632,0.2896931,0.68428946,0.28128165,0.4561905,0.24629988,0.46410716,0.054419667,0.09004467,0.16921133,0.20978425,0.47400302,0.16525298,0.10983633,0.113992594,0.248378,0.7174405,0.06035717,0.7758259,0.46949843,0.8414354,0.22264884,0.2227478,0.2735926,0.19296134,0.5195238,0.60749775,0.0643155,0.29378006,0.5769196,0.22462799,0.224628,0.31962797,0.90348214,0.26223215,0.16129467,0.4067113,0.28108177,0.15139884,0.41660717,0.21859153,0.8322321,0.68227464,0.16733111,0.6184822,0.032648835,0.6372843,0.14546132,0.12834154,0.5749405,0.2147124,0.33308634,0.33422434,0.42650297,0.8212478,0.47400302,0.49334937,0.4601488,0.31566966,0.25035718,0.050461337
BC2026_Train_0017_S22_20211026_233000_45,0.5314099,0.32437497,0.810349,0.69093424,0.46738735,0.47187412,0.51813483,0.86468697,0.6424562,0.84264886,0.86620104,0.745076,0.64304507,0.41192225,0.34530345,0.6530787,0.4005905,0.68491757,0.7667215,0.7436741,0.43278658,0.88111734,0.15140997,0.39880925,0.29193425,0.33023113,0.27944174,0.48104757,0.44159287,0.9320305,0.25433058,0.22236706,0.34012747,0.20386185,0.24760143,0.15507539,0.20554414,0.38218477,0.521815,0.17862746,0.36031497,0.521815,0.19376808,0.22236706,0.3132108,0.3132108,0.2879764,0.3905962,0.49489823,0.49658054,0.19376808,0.19376808,0.19376808,0.32835144,0.26442435,0.61522716,0.18865538,0.6513509,0.7241001,0.9657614,0.9621444,0.39168426,0.30275533,0.76858187,0.9684135,0.482528,0.8562936,0.9099406,0.43624914,0.9494471,0.34896788,0.15140998,0.20425662,0.9542618,0.7290327,0.3038087,0.17654827,0.38960558,0.08748577,0.9277707,0.60503787,0.1448816,0.79966915,0.5426941,0.41602743,0.84164727,0.24383995,0.45343372,0.30915245,0.3170691,0.28936076,0.38633993,0.32102743,0.58890766,0.32651964,0.8021629,0.7129024,0.57491493,0.40217328,0.37050658,0.1983191,0.5413285,0.37782955,0.9563399,0.52551496,0.4636264,0.28342327,0.5229025,0.29401183,0.06967328,0.1389441,0.43779826,0.18446495,0.05710557,0.27560556,0.14092328,0.22998577,0.48109257,0.3051941,0.5941524,0.67143893,0.32696494,0.1448816,0.31904832,0.5685816,0.431366,0.23592328,0.44150925,0.07956911,0.5231498,0.7380379,0.08154827,0.96514726,0.9026808,0.5673664,0.1448816,0.7564441,0.7732671,0.47936076,0.9543608,0.51854825,0.17852744,0.07956911,0.039985776,0.9543608,0.35071495,0.05977744,0.6607514,0.5518972,0.40811077,0.57160974,0.28233477,0.25714982,0.14290243,0.4259233,0.3764441,0.5998921,0.26165244,0.20455348,0.38876444,0.19782433,0.40811077,0.743055,0.3724858,0.14092328,0.7069649,0.57040244,0.1983191,0.105892025,0.17258994,0.41988683,0.30717328,0.095402434,0.33290246,0.2924285,0.6381889,0.38089725,0.6475899,0.23404308,0.5486316,0.06571494,0.09342327,0.30321497,0.16125922,0.48331913,0.13696495,0.22008996,0.069871195,0.13102745,0.44175664,0.07561077,0.82957435,0.5643502,0.6910327,0.25967327,0.25759515,0.26879725,0.13696495,0.564465,0.6830171,0.06967327,0.34954727,0.4714441,0.3427983,0.26561075,0.34873578,0.88509,0.3230066,0.16665244,0.3764441,0.23630327,0.1389441,0.75307953,0.23186599,0.8237357,0.6885706,0.23483473,0.63175654,0.034048274,0.63868374,0.22404829,0.097480565,0.74674624,0.26375037,0.35091287,0.3489832,0.45956913,0.95673585,0.41404825,0.41596016,0.7801941,0.40811077,0.22008994,0.061756603
BC2026_Train_0017_S22_20211026_233000_50,0.64553577,0.42,0.82368827,0.617624,0.40120214,0.34499285,0.47192103,0.8661661,0.50523037,0.8460627,0.8813909,0.75749004,0.4310414,0.34750932,0.34599525,0.7016318,0.36290523,0.67177397,0.74568236,0.510582,0.39399916,0.67090446,0.21209821,0.25603026,0.2649365,0.31392086,0.28770384,0.46789905,0.46433657,0.928748,0.2941545,0.17471175,0.44556075,0.20331071,0.29583678,0.13770133,0.21676905,0.40350345,0.55490965,0.16293572,0.4169618,0.55490965,0.19658154,0.17471175,0.3092951,0.3092951,0.37826905,0.47920653,0.5078056,0.5128524,0.19658154,0.19658154,0.19658154,0.37490445,0.34967008,0.6530976,0.18824282,0.6671032,0.7120154,0.9514897,0.9500597,0.35934275,0.27810287,0.7301347,0.88154596,0.4911552,0.8557178,0.86288565,0.4892741,0.9428991,0.35746157,0.14876488,0.31487542,0.88012546,0.5068546,0.33328167,0.1624796,0.34377125,0.1031046,0.85622954,0.56667495,0.12883376,0.82352126,0.7074432,0.43362546,0.55306816,0.20800044,0.54134154,0.42372957,0.26539627,0.3346671,0.40195876,0.5246671,0.6591515,0.40007856,0.7864119,0.76612544,0.6009046,0.30695873,0.27727124,0.08331293,0.5015505,0.47459415,0.9264379,0.4520317,0.4301619,0.3049796,0.33268794,0.25619316,0.057583764,0.10508376,0.5325838,0.14862543,0.03729731,0.19815406,0.1802921,0.3406046,0.46905252,0.3089379,0.62758374,0.6280529,0.2218546,0.18425043,0.2812296,0.72792757,0.42170095,0.2871671,0.5065083,0.13675043,0.48924002,0.74217755,0.09518793,0.92663586,0.657489,0.36073273,0.24758376,0.5147712,0.86072963,0.3881046,0.94227123,0.5168494,0.12289627,0.053625435,0.0734171,0.9501879,0.36633375,0.103104606,0.62293273,0.7701827,0.35643792,0.58902967,0.23199782,0.34530514,0.12883376,0.5820629,0.3188338,0.39760458,0.28518793,0.25470877,0.42363065,0.21938063,0.4356046,0.58428705,0.6001723,0.101125434,0.7601879,0.7027921,0.41383374,0.09617752,0.0734171,0.48063064,0.26935458,0.19612543,0.26539627,0.25723222,0.5809744,0.3089874,0.48508376,0.21111763,0.6018546,0.09320877,0.081333764,0.29508376,0.21913324,0.3742504,0.20800044,0.107062936,0.10226346,0.22383377,0.6394588,0.0615421,0.90253556,0.30532002,0.7970994,0.3109171,0.24644576,0.25425357,0.1268546,0.55237544,0.60037017,0.09518793,0.42584732,0.59393793,0.2515421,0.3386254,0.30893794,0.9153546,0.30497956,0.15060459,0.2099796,0.26494503,0.20800044,0.64935464,0.24357595,0.8373754,0.6879405,0.24283378,0.66716707,0.03383377,0.57172173,0.13477126,0.104588985,0.75049,0.30640462,0.27657855,0.39043012,0.34258378,0.83816713,0.4652921,0.33886296,0.76869833,0.34060457,0.37622958,0.0615421
BC2026_Train_0017_S22_20211026_233000_55,0.6768527,0.45562497,0.87634534,0.61066693,0.41839093,0.46545115,0.6224875,0.9191597,0.5922063,0.8193157,0.8479146,0.8411854,0.50321305,0.59681714,0.48536533,0.83662784,0.6344169,0.25985962,0.8361657,0.51703495,0.4549585,0.61847717,0.5600819,0.337344,0.33556277,0.57998985,0.36348328,0.68988866,0.7017636,0.92788345,0.29809162,0.2694927,0.47304994,0.25939894,0.3401489,0.27117497,0.29136246,0.45622706,0.5689406,0.2257531,0.51342505,0.5689406,0.27117497,0.2694927,0.41921663,0.41921663,0.43603957,0.51510733,0.54707086,0.5588469,0.27117497,0.27117497,0.27117497,0.40575832,0.39902914,0.72995365,0.24635741,0.70368767,0.7213716,0.8853951,0.94208825,0.5770211,0.30933386,0.75901043,0.89002633,0.7947295,0.9165471,0.78903437,0.49929488,0.97350323,0.42804492,0.24341518,0.4007999,0.65809166,0.8742166,0.35339892,0.12965411,0.40317494,0.10194578,0.5038651,0.703365,0.2424666,0.87572086,0.6721437,0.6026749,0.5973312,0.25632077,0.6325109,0.60663325,0.3255916,0.33548743,0.35725826,0.46413326,0.42539108,0.4330109,0.6105916,0.84611243,0.63410413,0.57100827,0.26819578,0.1474666,0.63926977,0.57882595,0.9450708,0.6205295,0.49297965,0.31371662,0.41465414,0.33093536,0.08809161,0.17319578,0.5512166,0.23850828,0.08235203,0.35018277,0.18111242,0.32163328,0.4379093,0.40673745,0.6857999,0.62581736,0.4027791,0.21475828,0.39684162,0.8677423,0.46556816,0.37704995,0.8521192,0.14944576,0.58931553,0.7982167,0.24444579,0.64334685,0.6632077,0.51323146,0.30382076,0.46017495,0.83681035,0.5769457,0.96882075,0.64690936,0.24444576,0.16923743,0.1771541,0.9411124,0.33746663,0.12767494,0.7279562,0.59193796,0.4482999,0.5282385,0.30594838,0.49490935,0.19298744,0.87332594,0.40079993,0.26186246,0.40277907,0.34320617,0.46160987,0.22712807,0.5594301,0.50554734,0.64443535,0.2365291,0.80059165,0.63632077,0.3018416,0.117680155,0.29392493,0.5955994,0.32757077,0.2009041,0.28007075,0.37492236,0.78822184,0.3023859,0.53736246,0.3562687,0.93101865,0.17517495,0.14350827,0.25632077,0.21564892,0.44236243,0.08611244,0.14350827,0.29773486,0.25434163,0.7570499,0.10194578,0.9105284,0.4981749,0.9049927,0.39288327,0.38991454,0.33982182,0.18704996,0.72142494,0.5907999,0.13559161,0.47776976,0.7253832,0.25434163,0.3018416,0.3691333,0.8967792,0.24642493,0.3730916,0.44829994,0.49481034,0.36319578,0.5155916,0.31485462,0.85996664,0.7437895,0.28204995,0.85086244,0.08215411,0.74542236,0.20486243,0.15132597,0.7670448,0.3415041,0.32133642,0.5792515,0.42059162,0.59010726,0.67986244,0.3231325,0.69767493,0.4918416,0.31767493,0.09600828
BC2026_Train_0017_S22_20211026_233000_60,0.64509296,0.49687496,0.86345094,0.5944733,0.42159307,0.5711523,0.49889833,0.8509178,0.62961245,0.79111236,0.81129986,0.8521796,0.6699874,0.6643913,0.51963013,0.8909119,0.45276493,0.2630618,0.82090104,0.63912946,0.42345965,0.51884556,0.6312388,0.3654837,0.37973368,0.71025455,0.43862775,0.7433399,0.8937565,0.9357149,0.35755572,0.35419112,0.520738,0.33736822,0.3222276,0.39624843,0.38783696,0.4870922,0.59644115,0.30035776,0.48036298,0.59644115,0.3154984,0.35419112,0.42652968,0.42652968,0.4601755,0.5661599,0.5543839,0.57120675,0.3154984,0.3154984,0.3154984,0.41643593,0.36764947,0.7426179,0.23410025,0.84780663,0.7344004,0.8793298,0.9326585,0.44029617,0.37655714,0.7241186,0.78041595,0.45454615,0.9049056,0.78458506,0.44072524,0.9808399,0.45141274,0.30863464,0.41217723,0.8045471,0.76446897,0.21272677,0.19842729,0.45027626,0.15290645,0.45002887,0.64433354,0.21426062,0.80573463,0.5546773,0.7961356,0.60732317,0.49332312,0.7341877,0.5883231,0.31321895,0.4873856,0.43988562,0.54873985,0.47541165,0.56264347,0.6417606,0.70113564,0.5903023,0.54676056,0.3864481,0.26967728,0.47446167,0.554232,0.9109273,0.6978244,0.53726065,0.3626981,0.5131148,0.37185177,0.21030228,0.1548856,0.47748977,0.41811475,0.14162521,0.310745,0.43196896,0.31123978,0.31391168,0.40228143,0.6437398,0.6146609,0.5150939,0.31123978,0.3508231,0.88819265,0.440133,0.42801058,0.9361295,0.10936479,0.61335963,0.77258354,0.44582313,0.64641166,0.7443211,0.54782945,0.13707313,0.5705106,0.7367606,0.5131148,0.9445731,0.6772867,0.4537398,0.14894812,0.19446895,0.9346773,0.41415644,0.1548856,0.6998987,0.58644295,0.36863562,0.5333419,0.42647678,0.56966954,0.29540643,0.92062527,0.3864481,0.3577502,0.47353142,0.20030749,0.47348198,0.39040646,0.6853024,0.5425549,0.6358231,0.16478147,0.8634273,0.69321895,0.50321895,0.22069293,0.2736356,0.5641773,0.36863562,0.30530226,0.36071894,0.36423197,0.61009395,0.39807573,0.8746691,0.64294815,0.9578336,0.10936479,0.25978145,0.37853146,0.33583093,0.5962398,0.14498979,0.18259396,0.32370853,0.17665645,0.5329065,0.13113563,0.890725,0.6297471,0.7624898,0.44384393,0.45453146,0.34660748,0.17863561,0.5289481,0.54082316,0.2103023,0.37857106,0.5665523,0.34884393,0.43988562,0.4636356,0.9279482,0.48936474,0.3270731,0.36269814,0.5410903,0.23405229,0.60019815,0.32756788,0.8634273,0.7597883,0.48392206,0.74695337,0.11134396,0.785646,0.27759394,0.24088043,0.7367606,0.3853002,0.4122762,0.67108446,0.5150939,0.6318648,0.55269814,0.5040898,0.7506148,0.4576981,0.39832312,0.11134396
BC2026_Train_0018_S22_20211028_234500_5,0.40278274,0.48937497,0.67999804,0.83582103,0.43236792,0.83395576,0.83140427,0.8967613,0.76074797,0.90878963,0.87177926,0.85907793,0.74392503,0.75159407,0.6959102,0.58403784,0.5062897,0.42880538,0.7358722,0.76097196,0.62820554,0.43709713,0.50767857,0.8959877,0.36913353,0.722019,0.41092998,0.9150026,0.6399974,0.87314326,0.25763068,0.4796932,0.513339,0.6176411,0.48810458,0.4258598,0.36697966,0.49651608,0.66138065,0.38548484,0.5587609,0.66138065,0.45614105,0.4796932,0.5167036,0.5167036,0.52006817,0.56885463,0.60081816,0.5974536,0.45614105,0.45614105,0.45614105,0.64624006,0.3299692,0.7459416,0.23565365,0.8219668,0.7065716,0.49022886,0.7276002,0.4394929,0.7746648,0.7544773,0.5045085,0.73488355,0.7272836,0.8058334,0.6281224,0.95280474,0.42090365,0.44236606,0.20159647,0.4628465,0.4964923,0.20689075,0.2589923,0.45958087,0.16201313,0.70004964,0.8077658,0.49649227,0.9129881,0.60663295,0.94744545,0.16597147,0.5024298,0.78991616,0.36586732,0.53607565,0.5380548,0.19961731,0.43117982,0.4212345,0.8131837,0.61326313,0.806133,0.7913881,0.89826316,0.82107556,0.31242982,0.3720621,0.15473971,0.8527423,0.72322965,0.3160418,0.32232565,0.33024234,0.55220586,0.21940897,0.5301381,0.66274226,0.4371173,0.2900652,0.23544024,0.36190897,0.4964923,0.5280105,0.55190897,0.6330548,0.81344354,0.20951313,0.1164923,0.48263815,0.86952174,0.4340496,0.47670063,0.20629701,0.23128398,0.59361994,0.6983673,0.57170063,0.6389923,0.4596798,0.3200496,0.22732565,0.4371173,0.67659646,0.4727423,0.88539857,0.45690897,0.5242006,0.29857564,0.3896173,0.9108308,0.3361798,0.29659647,0.8247371,0.37581262,0.40940896,0.38215584,0.47902617,0.6658596,0.36982566,0.1580548,0.40742978,0.2291069,0.28472146,0.40406525,0.6003738,0.4326642,0.6508673,0.49481001,0.21940897,0.5578465,0.81513816,0.6409714,0.72607565,0.16389334,0.43117982,0.5364221,0.45097145,0.29659647,0.14222147,0.39322928,0.32232565,0.37685168,0.9296923,0.30505744,0.8624798,0.3064923,0.45690897,0.57170063,0.56660426,0.37378398,0.10857564,0.3559715,0.22929244,0.25701314,0.5618048,0.3539923,0.83909845,0.53537107,0.6192006,0.3005548,0.46823972,0.18701002,0.13034648,0.64690894,0.42524227,0.2530548,0.18532774,0.39555478,0.5242006,0.421284,0.5895131,0.93483824,0.28670064,0.24711731,0.7636798,0.13162105,0.51430476,0.29263812,0.41712773,0.94774234,0.6579765,0.3317267,0.88915896,0.4252423,0.63448966,0.07888813,0.33885166,0.48263812,0.34851,0.52014333,0.28200012,0.2114923,0.4074298,0.65878403,0.3772475,0.4905548,0.42128396,0.2649298,0.35795063
BC2026_Train_0018_S22_20211028_234500_10,0.38268688,0.48000002,0.60265845,0.8030358,0.4348119,0.809946,0.8331324,0.8499553,0.7103251,0.8718251,0.8836012,0.83212304,0.73724174,0.66993886,0.5774128,0.5849831,0.57543164,0.35287443,0.76022893,0.8191092,0.62732786,0.44715452,0.42029107,0.92178583,0.35554627,0.60215044,0.42297846,0.79183656,0.68327934,0.87812835,0.24814999,0.4718948,0.5475979,0.65903294,0.44497812,0.48198852,0.36759272,0.49208227,0.6569469,0.40796772,0.5694677,0.6569469,0.4685302,0.4718948,0.50385827,0.50385827,0.49712914,0.58797294,0.60143125,0.58965516,0.4685302,0.4685302,0.4685302,0.67545205,0.34908748,0.6598452,0.23341468,0.78918165,0.6843848,0.4564343,0.7626113,0.45084316,0.72743165,0.7678067,0.49448374,0.6684525,0.6664733,0.79443973,0.4151022,0.93413866,0.39550844,0.2342494,0.08914553,0.49685386,0.5166455,0.2533669,0.20789552,0.39057264,0.14852051,0.70600235,0.76903874,0.43747887,0.9183372,0.59086424,0.7915518,0.21185385,0.31872886,0.61070544,0.3167497,0.5384163,0.45133302,0.14456218,0.48497888,0.43396586,0.80345154,0.70070803,0.79798406,0.83331215,0.8412288,0.82539546,0.27122885,0.4129174,0.14065334,0.82856226,0.5589008,0.33604658,0.26529133,0.35633302,0.5172665,0.20591636,0.36424968,0.6908122,0.33654138,0.22145283,0.2523773,0.2514372,0.3108122,0.6760674,0.5008122,0.617583,0.81341666,0.0911247,0.07331219,0.3820622,0.791057,0.49225232,0.2989372,0.14367157,0.20195803,0.6659737,0.67497885,0.53643715,0.6512289,0.3654372,0.3452497,0.22966637,0.33258304,0.7517705,0.439458,0.88318723,0.38008302,0.46914554,0.26529133,0.35633302,0.90861946,0.2811247,0.31477052,0.83833194,0.37172106,0.4295622,0.47179762,0.368307,0.64202577,0.3167497,0.122791365,0.31477052,0.26440072,0.20393719,0.3056664,0.54353744,0.3948278,0.558208,0.5192679,0.15247886,0.32070804,0.8610205,0.75810385,0.5740413,0.12724449,0.39195803,0.48745283,0.31279138,0.2454997,0.1148747,0.45915073,0.25935385,0.3728096,0.87289554,0.27870023,0.7937288,0.20591636,0.43747887,0.47310385,0.470432,0.2811247,0.21185385,0.3860205,0.1514398,0.1920622,0.52654135,0.3385205,0.8795308,0.59544015,0.56810385,0.24154137,0.47552833,0.17739658,0.08914553,0.6037289,0.46122885,0.18216637,0.19758408,0.3523747,0.38997886,0.24154137,0.56810385,0.9317164,0.1801872,0.2633122,0.570083,0.11262241,0.33456218,0.44341636,0.44247624,0.9104997,0.6008908,0.39225492,0.8834841,0.3404997,0.71352315,0.13070802,0.37790596,0.47706223,0.38936532,0.49912992,0.26816115,0.16831219,0.5621664,0.5799788,0.30487472,0.5047705,0.36029136,0.16633303,0.2672705
BC2026_Train_0018_S22_20211028_234500_15,0.5087131,0.26812497,0.51278186,0.80246586,0.3964398,0.33553383,0.8058371,0.7789205,0.5248943,0.8680819,0.90341,0.8009585,0.5203521,0.49149624,0.3961103,0.43169075,0.47570542,0.20762731,0.7024907,0.640246,0.5981887,0.4422402,0.22965059,0.8074534,0.3136117,0.38397107,0.43926105,0.4780338,0.3301901,0.8299297,0.16080031,0.23145655,0.4148263,0.5936877,0.53931594,0.25164407,0.21799822,0.37613365,0.579691,0.27183154,0.52249306,0.579691,0.4198732,0.23145655,0.3845451,0.3845451,0.39463884,0.4871649,0.5123993,0.46529508,0.4198732,0.4198732,0.4198732,0.62975603,0.33912322,0.5659377,0.1876901,0.7292367,0.49889138,0.3467281,0.69698125,0.37328357,0.5735258,0.6929685,0.3171742,0.64326173,0.64611167,0.6998527,0.37650257,0.9049401,0.36759633,0.1346506,0.23564075,0.40584907,0.46126574,0.2879897,0.114911586,0.42534387,0.12282826,0.5949091,0.7723908,0.4691824,0.9307241,0.5698231,0.64334905,0.091161594,0.21386991,0.5127736,0.3623074,0.52064073,0.42564076,0.20991158,0.41574493,0.36072406,0.5197007,0.7700157,0.77159905,0.7442866,0.59189075,0.65324485,0.16043243,0.40723455,0.16350015,0.8502709,0.5403355,0.31089857,0.34647408,0.24355742,0.51182353,0.18220325,0.3345991,0.6037658,0.16834909,0.16617201,0.23940118,0.10501576,0.4770991,0.43593246,0.50282824,0.58595324,0.7300386,0.091161594,0.101057425,0.44939074,0.6531836,0.553396,0.31480742,0.1331694,0.21189076,0.5301408,0.6077241,0.37616158,0.35834908,0.29264075,0.5012449,0.30689076,0.35439077,0.68293244,0.38803658,0.9125157,0.39397407,0.25345325,0.18418242,0.2633491,0.88361996,0.32668242,0.46126574,0.88293713,0.38764077,0.5542866,0.5098543,0.1986798,0.651439,0.28314075,0.067411594,0.26928657,0.16458867,0.30689073,0.33054182,0.39689338,0.26325014,0.32866156,0.40481,0.1386616,0.40189075,0.7482449,0.5622032,0.4810574,0.1274793,0.46720326,0.35632044,0.28314075,0.31876576,0.09907825,0.3854142,0.26730743,0.3414272,0.71657825,0.1939793,0.4117866,0.28314075,0.25345325,0.53449494,0.50760305,0.23366158,0.12282826,0.25543243,0.22173712,0.2514741,0.42168242,0.30095324,0.8825888,0.40782428,0.4929324,0.34845328,0.43959388,0.19358346,0.16439076,0.69876575,0.49095327,0.15845326,0.14311472,0.27126577,0.3444949,0.15449491,0.5186616,0.9029168,0.18220325,0.2376199,0.23168242,0.115105554,0.21386993,0.3167866,0.59604704,0.9045991,0.5995383,0.2773022,0.84502614,0.15449491,0.6647241,0.15053658,0.20150015,0.61761993,0.4291043,0.39615116,0.2727996,0.15449491,0.44741157,0.5404324,0.41376576,0.38011992,0.2930366,0.1782449,0.55032825
BC2026_Train_0018_S22_20211028_234500_20,0.48442602,0.30375,0.67652047,0.77068925,0.46085072,0.46516013,0.777458,0.850133,0.7168955,0.8514788,0.8834424,0.8127861,0.68324965,0.6240884,0.62072384,0.5946483,0.5727726,0.25066322,0.8191863,0.60048836,0.66273326,0.45429724,0.51807183,0.89141846,0.4065226,0.47688204,0.5031317,0.63655597,0.39034763,0.85832167,0.25710753,0.39000854,0.41187835,0.59524816,0.5582377,0.30084708,0.30925858,0.44215956,0.65244603,0.30757627,0.5582377,0.65244603,0.5044044,0.39000854,0.5044044,0.5044044,0.41019604,0.548144,0.51618046,0.4976752,0.5044044,0.5044044,0.5044044,0.70076144,0.27056587,0.6896978,0.24428514,0.81818926,0.6087341,0.47566482,0.7307002,0.40385073,0.74194187,0.73016584,0.5707934,0.7299184,0.57475173,0.6866142,0.40994138,0.8957279,0.4152851,0.2390094,0.20675567,0.460089,0.43238062,0.2501489,0.2621723,0.40417758,0.27998483,0.47913846,0.78397965,0.5590473,0.9152182,0.60694313,0.799615,0.14935982,0.4640473,0.78026867,0.48185983,0.50758904,0.60258895,0.44227648,0.6679015,0.39937803,0.72053254,0.5847765,0.74884945,0.67977655,0.89748484,0.79060984,0.30769315,0.38725567,0.18117493,0.83563584,0.6515872,0.28948483,0.35123482,0.3393598,0.70497626,0.19092235,0.460089,0.45217234,0.41852647,0.30769315,0.27335462,0.3116515,0.53529733,0.35450044,0.59863067,0.5531098,0.5950187,0.15925568,0.13550566,0.43238065,0.68112826,0.49507076,0.3829015,0.16316454,0.20279734,0.45880255,0.56696403,0.68967235,0.42842233,0.550339,0.4965057,0.23248483,0.31956816,0.66196394,0.49571398,0.911339,0.4106098,0.47592232,0.27800566,0.376964,0.88135463,0.4304015,0.34727648,0.8784206,0.31694573,0.48581818,0.3956671,0.4433156,0.747563,0.3947765,0.127589,0.31363064,0.18547964,0.329464,0.38724577,0.55213517,0.39229265,0.5234223,0.40343535,0.16123484,0.436339,0.82029724,0.3829015,0.62633896,0.17647442,0.46206817,0.3971515,0.39081815,0.2918598,0.15331817,0.38779995,0.33540148,0.37562805,0.85893065,0.3023494,0.5135265,0.2047765,0.52935976,0.60654736,0.52886504,0.26415148,0.23842235,0.45019314,0.3714718,0.24238068,0.42248484,0.3354015,0.8456802,0.623111,0.6283182,0.3116515,0.5109536,0.2661307,0.115714,0.73519313,0.32550567,0.1810265,0.2240734,0.31956816,0.45019314,0.24040149,0.6362348,0.9274099,0.27800566,0.34727648,0.55904734,0.13078834,0.42446396,0.2047765,0.5122401,0.92519313,0.5676458,0.3116515,0.8672036,0.36310983,0.7536984,0.11967233,0.47255772,0.60654736,0.39398485,0.5906348,0.25232598,0.2047765,0.47790152,0.56894314,0.45613065,0.531339,0.39279732,0.281964,0.32550564
BC2026_Train_0018_S22_20211028_234500_25,0.5586086,0.2775,0.59749204,0.77122164,0.48097685,0.7999987,0.787591,0.86876154,0.7017941,0.85992956,0.8733879,0.747216,0.7236639,0.66030526,0.6451646,0.6426412,0.66830504,0.34203938,0.7244787,0.60671824,0.6740099,0.3715339,0.6714211,0.85268414,0.43555498,0.61783624,0.39803594,0.74854034,0.46492577,0.87916535,0.25668678,0.34080136,0.3744472,0.5241712,0.5342649,0.27350968,0.33238992,0.42155135,0.61501485,0.2920149,0.49052534,0.61501485,0.4165045,0.34080136,0.4686555,0.4686555,0.38285866,0.500619,0.5174419,0.5140773,0.4165045,0.4165045,0.4165045,0.569593,0.24995759,0.7006802,0.29570702,0.834555,0.68572176,0.4897347,0.79086494,0.42753935,0.7067503,0.73871386,0.6168467,0.72475076,0.573305,0.7539452,0.5862487,0.891832,0.466707,0.4834003,0.23825797,0.4500288,0.35107046,0.23494288,0.3134663,0.45774758,0.29961213,0.59440905,0.7888621,0.5925288,0.909433,0.661008,0.90365386,0.21648714,0.51336217,0.7738204,0.48367465,0.5984663,0.75482047,0.4144038,0.74888295,0.4297918,0.8128472,0.72117466,0.77589864,0.748883,0.8577371,0.85565907,0.32534128,0.37147567,0.21980226,0.82666427,0.5609612,0.23044029,0.41638297,0.37086216,0.6534402,0.22440381,0.4440913,0.5470079,0.45398715,0.35206002,0.26784652,0.34117463,0.49554965,0.4383517,0.4915913,0.60638297,0.6814429,0.27190378,0.17888299,0.39857048,0.71909654,0.459133,0.49357048,0.22786736,0.26794547,0.5527476,0.570758,0.7231538,0.5648205,0.4203413,0.4842684,0.36888298,0.3194038,0.65784127,0.45794547,0.9052372,0.5311746,0.50742465,0.40450794,0.5153413,0.85328406,0.5608622,0.3847163,0.872727,0.3574533,0.6360705,0.39839235,0.4429533,0.68757826,0.43815377,0.1828413,0.3550288,0.27942464,0.30950797,0.49594545,0.601299,0.4892163,0.6716955,0.5035653,0.25211215,0.45992464,0.8755496,0.4025288,0.713258,0.247758,0.4302371,0.45586735,0.39461213,0.2719038,0.15117463,0.34033352,0.39263296,0.40529966,0.8834663,0.3574038,0.66971636,0.27784127,0.6024247,0.53315383,0.5311252,0.3411746,0.33523715,0.42034128,0.31623715,0.3847163,0.49357048,0.39263296,0.814344,0.6461544,0.72909135,0.44013298,0.5189038,0.33614752,0.23034132,0.79044545,0.36294547,0.22044548,0.23857465,0.45794547,0.4619038,0.29763296,0.64002883,0.92867047,0.41638297,0.3134663,0.5687789,0.17839314,0.5846122,0.2422163,0.44616944,0.9052372,0.5770963,0.32989338,0.88396114,0.30554965,0.6811955,0.12940381,0.57412255,0.50742465,0.30586633,0.64398724,0.31198192,0.23429964,0.53117466,0.6914872,0.42370588,0.64002883,0.47179967,0.38669544,0.33325794
BC2026_Train_0018_S22_20211028_234500_30,0.5905208,0.25687498,0.64420724,0.76519704,0.5643116,0.5013581,0.8191656,0.87484944,0.70308745,0.8528114,0.884775,0.7400979,0.74850935,0.63943285,0.5771881,0.58475834,0.67415535,0.2938585,0.7456528,0.6918194,0.7624757,0.42938194,0.5905208,0.85821784,0.57123864,0.58806163,0.3512563,0.6410873,0.37310806,0.84692055,0.28508398,0.36919853,0.38433918,0.5862142,0.44826627,0.32041207,0.35574022,0.40452668,0.63836527,0.31368294,0.4903236,0.63836527,0.4196673,0.36919853,0.5037819,0.5037819,0.36919853,0.51555794,0.47350064,0.47013602,0.4196673,0.4196673,0.4196673,0.6181777,0.22452146,0.64952654,0.2751393,0.8265512,0.62014395,0.46318606,0.7168757,0.40785846,0.80438447,0.77746785,0.49603033,0.6721761,0.50671786,0.72832185,0.43010807,0.88274354,0.4568268,0.45791665,0.22644712,0.56488466,0.36696798,0.25059298,0.36103046,0.43673357,0.23238464,0.534455,0.8282622,0.47384295,0.93443465,0.66107213,0.75913984,0.25613463,0.5728013,0.8889163,0.53123873,0.568843,0.7814055,0.20665546,0.62821794,0.41758513,0.75455564,0.7984263,0.8126763,0.6643971,0.889468,0.85869193,0.36696795,0.42020756,0.27750963,0.84592634,0.65177006,0.22916849,0.34915546,0.34123877,0.6489027,0.23832214,0.521343,0.66780126,0.42040548,0.31600446,0.3163508,0.41842628,0.39269713,0.41159818,0.57478046,0.62030125,0.6185695,0.27790543,0.19478047,0.38873878,0.7392492,0.52594453,0.4659263,0.24208255,0.24425964,0.5360878,0.5668638,0.7806138,0.4520721,0.65760857,0.52638984,0.39863464,0.29769716,0.72321796,0.46790546,0.90114504,0.497593,0.4718638,0.31550965,0.4303013,0.856218,0.5371763,0.4342596,0.88333017,0.31832996,0.6499888,0.416843,0.5694367,0.7079784,0.4065513,0.18884297,0.44415545,0.1692492,0.3828013,0.39206874,0.53661466,0.43580833,0.8993638,0.45875183,0.24821797,0.5055096,0.86779606,0.38082212,0.6420721,0.21338464,0.44019714,0.3721633,0.50353044,0.29175964,0.16113465,0.44158256,0.39863464,0.44351223,0.8645305,0.343119,0.5055096,0.2343638,0.52728045,0.56290543,0.58012426,0.30165544,0.22446798,0.4599888,0.43293115,0.28384298,0.57478046,0.36696795,0.77838725,0.72571766,0.675718,0.41446796,0.5887336,0.28225964,0.14134297,0.7469679,0.37290546,0.28582212,0.28225964,0.5391554,0.5253013,0.49759296,0.59259295,0.9150388,0.3036346,0.28384298,0.68165547,0.17872052,0.50946796,0.25613463,0.4828977,0.90728045,0.60360014,0.24158776,0.8459263,0.37488464,0.76265293,0.15123878,0.39338985,0.53123873,0.4134784,0.5731675,0.26227006,0.2343638,0.42634296,0.67967623,0.5819055,0.51936376,0.47384295,0.29769713,0.40853044
BC2026_Train_0018_S22_20211028_234500_35,0.4819159,0.223125,0.51216674,0.7532011,0.49303967,0.4020983,0.7995022,0.8345779,0.69688237,0.8970751,0.87856984,0.70865846,0.76585627,0.61556995,0.558372,0.5047069,0.64038867,0.28107098,0.7229892,0.66747355,0.7011194,0.42959756,0.59868675,0.8541387,0.37458658,0.487696,0.34118816,0.47334826,0.32550454,0.81811917,0.22998385,0.3410151,0.3208276,0.5647599,0.44531715,0.2821349,0.28886408,0.33765048,0.62868696,0.25353593,0.4722339,0.62868696,0.40662444,0.3410151,0.48905677,0.48905677,0.346062,0.45036405,0.4251297,0.41840053,0.40662444,0.40662444,0.40662444,0.58999425,0.18456197,0.6071585,0.22397329,0.8501803,0.36924288,0.42904836,0.6273905,0.38438347,0.70723504,0.7694799,0.5711179,0.62455535,0.56913865,0.53639174,0.3878483,0.8684889,0.41634828,0.39681172,0.33527765,0.505486,0.351111,0.24012925,0.30559018,0.35932454,0.20465267,0.46041048,0.8001345,0.5628819,0.946761,0.6663923,0.6974652,0.137361,0.4045485,0.7947908,0.40652767,0.56881934,0.7631735,0.184861,0.6321527,0.315486,0.7352549,0.71725684,0.75397044,0.60666096,0.7964235,0.7906839,0.29965267,0.39878914,0.23844694,0.83204854,0.59699076,0.22360319,0.2857985,0.2976735,0.58573383,0.184861,0.33923596,0.75090265,0.38673598,0.31231937,0.3155355,0.2838193,0.3926735,0.3994027,0.55100685,0.60048604,0.48703027,0.23038185,0.14923601,0.493611,0.5510979,0.50751466,0.46788183,0.20232716,0.20465267,0.5205277,0.48371515,0.7726735,0.33527768,0.51736104,0.3928714,0.34121516,0.34715262,0.6677777,0.40059015,0.8787569,0.53319436,0.4282985,0.3016318,0.5153819,0.8350173,0.4025693,0.43621513,0.8447226,0.24819434,0.659861,0.4408464,0.51632196,0.6146866,0.38673598,0.15715267,0.36694434,0.21801206,0.31548598,0.42077768,0.5186599,0.4308714,0.766736,0.3981657,0.18881933,0.5232985,0.8360069,0.4085068,0.55100685,0.1996058,0.4797568,0.32622296,0.46392348,0.24621518,0.17496517,0.43725425,0.29173598,0.48564485,0.90266514,0.41043654,0.3807985,0.23434018,0.54309016,0.6281944,0.52888966,0.31548598,0.13934018,0.4085068,0.23795216,0.21652767,0.481736,0.3016318,0.77133757,0.65183157,0.6321527,0.37090266,0.56688964,0.27934644,0.12944433,0.76871526,0.2976735,0.20663184,0.27429956,0.3550693,0.30756932,0.3451735,0.5846527,0.90971106,0.12944433,0.26996514,0.48965266,0.14201304,0.38871518,0.15517351,0.42824903,0.9112152,0.6197167,0.3038089,0.8589652,0.36694434,0.7076084,0.117569335,0.5057829,0.552986,0.43748185,0.55199647,0.22083238,0.21059018,0.34715265,0.60246515,0.4736214,0.5707985,0.351111,0.25809017,0.3313193
BC2026_Train_0018_S22_20211028_234500_40,0.37598956,0.20625,0.51439315,0.75509113,0.446638,0.45469266,0.78995246,0.8549731,0.6822858,0.8673379,0.8892077,0.7495775,0.7209785,0.56195617,0.5871905,0.47615921,0.7016536,0.27385676,0.70574546,0.6165841,0.72256845,0.37736225,0.47692704,0.82832026,0.4297161,0.46445048,0.3520061,0.48141143,0.33178648,0.82301563,0.24063042,0.33483875,0.324745,0.51989084,0.47951582,0.2658648,0.27091166,0.33652106,0.6107346,0.23221897,0.47446895,0.6107346,0.3836252,0.33483875,0.45932835,0.45932835,0.3415679,0.42904708,0.41222417,0.4206356,0.3836252,0.3836252,0.3836252,0.5754065,0.163245,0.65952903,0.21600519,0.7986328,0.35172707,0.41001844,0.6785123,0.396763,0.6395573,0.7657292,0.47068486,0.7691827,0.49384108,0.6991088,0.47963017,0.87269276,0.40659893,0.37005204,0.27842522,0.43477938,0.24675852,0.18515697,0.33582106,0.35828456,0.20717518,0.43542263,0.7771752,0.41498768,0.9294918,0.6143888,0.6049877,0.15769602,0.4743627,0.7174044,0.43675855,0.55748767,0.7653002,0.22102936,0.6267585,0.3126153,0.7073131,0.6425919,0.79033667,0.62145436,0.7890502,0.7474877,0.27644604,0.36572623,0.1599226,0.85634184,0.7055887,0.29302156,0.2546752,0.33186272,0.530143,0.12207103,0.37342522,0.46050856,0.3259252,0.24062312,0.30474812,0.25665438,0.3674877,0.36926898,0.56540436,0.59113353,0.5249304,0.2962377,0.13196686,0.4090502,0.4640117,0.4511075,0.41498768,0.1681856,0.23290436,0.5240398,0.51790434,0.6287377,0.30217522,0.3235502,0.40430024,0.31207106,0.33977938,0.76668566,0.4288419,0.8919669,0.5040502,0.4268627,0.25269604,0.36946687,0.8639617,0.49811268,0.31207103,0.8034314,0.2739226,0.5198835,0.4380648,0.38257888,0.49925077,0.37342522,0.15571685,0.40113354,0.2691231,0.25665438,0.29950333,0.48415715,0.3684773,0.48821688,0.3529903,0.19530019,0.36946687,0.7831127,0.34769604,0.57925856,0.18006061,0.4031127,0.30143306,0.35363352,0.19530019,0.15967518,0.3741674,0.22894603,0.3669929,0.85167104,0.23414135,0.43082103,0.1656127,0.5535293,0.60102934,0.46728718,0.2804044,0.15571685,0.39915437,0.21944603,0.28832105,0.46644604,0.3081127,0.7840034,0.5815346,0.59707105,0.42290434,0.4948966,0.28161168,0.12998769,0.6841544,0.31009188,0.20321685,0.254695,0.31602937,0.29227936,0.24280018,0.52582103,0.92133766,0.15175852,0.2487377,0.43477938,0.17273769,0.36748773,0.24082103,0.44606063,0.9256127,0.5916283,0.25734708,0.8948367,0.29821688,0.7098836,0.13394603,0.5333419,0.45852938,0.38254917,0.4542742,0.17491478,0.2071752,0.32196686,0.5990502,0.3706544,0.51592517,0.35759187,0.23884185,0.41300857
BC2026_Train_0018_S22_20211028_234500_45,0.46081847,0.155625,0.36304104,0.73686934,0.34232247,0.26669204,0.70034057,0.7854645,0.44025823,0.83997077,0.88707495,0.6128614,0.44480047,0.34492314,0.34492314,0.33810985,0.49283805,0.1731037,0.6321492,0.42539555,0.5951387,0.2967002,0.17186011,0.7883277,0.30224434,0.31916624,0.2502942,0.37000453,0.23819204,0.7650462,0.21201347,0.17163846,0.30622178,0.4761333,0.33818537,0.14640409,0.12789887,0.2591176,0.56361246,0.12789887,0.42566448,0.56361246,0.27425826,0.17163846,0.39706558,0.39706558,0.32304472,0.38528955,0.34659684,0.3499614,0.27425826,0.27425826,0.27425826,0.5131437,0.20528428,0.4191122,0.15625454,0.67749435,0.29791987,0.25174096,0.67937946,0.29244748,0.4504889,0.69728106,0.30580685,0.48927557,0.5646819,0.47659576,0.32547328,0.85084313,0.3682233,0.14613095,0.24224852,0.37485266,0.31745684,0.22893864,0.31547767,0.3923683,0.19079019,0.39602974,0.6722225,0.5034985,0.95403606,0.56633705,0.545061,0.13933185,0.38276932,0.431061,0.27391517,0.5529777,0.62422764,0.13537352,0.46589434,0.3401678,0.45703757,0.6341235,0.7655402,0.6378443,0.5430818,0.50547767,0.129436,0.3424141,0.19024593,0.83401936,0.623054,0.23175892,0.18287352,0.16901934,0.46643364,0.20068601,0.295686,0.42235267,0.25808182,0.1351756,0.2522433,0.15714435,0.473811,0.3187433,0.568811,0.63808185,0.44022948,0.12151935,0.07204018,0.36495686,0.48773047,0.48929802,0.36297765,0.15734227,0.19870685,0.42304537,0.5015193,0.35110268,0.16110268,0.2831183,0.3201287,0.40058184,0.21454018,0.7591079,0.3966235,0.9072485,0.45204014,0.09381101,0.2897485,0.31745684,0.8471808,0.38276932,0.57870686,0.85386544,0.32839173,0.46787348,0.52746624,0.34882662,0.4764829,0.26995686,0.11360268,0.35901934,0.22077458,0.17495686,0.33467555,0.33423024,0.24887872,0.27985266,0.32200894,0.17693602,0.4401652,0.68360263,0.343186,0.5153735,0.16377456,0.44808182,0.22502977,0.24026935,0.2897485,0.10568602,0.34546205,0.283811,0.30592817,0.49954018,0.20276414,0.27985263,0.28776932,0.36891517,0.5193318,0.37218082,0.15516518,0.14329018,0.3055818,0.28301936,0.18485267,0.35506102,0.43620682,0.82227796,0.30261308,0.4797485,0.34516516,0.36089957,0.13380997,0.16704018,0.5668318,0.44016516,0.24620686,0.13885684,0.23235267,0.30954018,0.25610268,0.3887068,0.8852402,0.072040185,0.27391517,0.20068601,0.09737352,0.307561,0.20464435,0.54496205,0.87756103,0.5246756,0.32339436,0.79977983,0.16308185,0.45352456,0.16901934,0.30508703,0.46391517,0.37942457,0.34308705,0.20444643,0.15120685,0.44610265,0.53120685,0.3689152,0.41641518,0.307561,0.18683186,0.60641515
BC2026_Train_0018_S22_20211028_234500_50,0.31234747,0.110625,0.4056707,0.765503,0.30386236,0.24371482,0.7007446,0.73632514,0.3769035,0.86392695,0.9110312,0.7321195,0.37538943,0.3432636,0.2993558,0.34553468,0.44369048,0.15601858,0.59532195,0.4466073,0.61887395,0.2724901,0.11047247,0.67248213,0.2798155,0.3020811,0.25317687,0.28112108,0.15821484,0.775319,0.15127498,0.1260406,0.27071768,0.47595727,0.31109267,0.122676015,0.09407706,0.21520205,0.5466135,0.12099372,0.41875935,0.5466135,0.27912915,0.1260406,0.33800933,0.33800933,0.24380101,0.27576455,0.2824937,0.2858583,0.27912915,0.27912915,0.27912915,0.4910979,0.14118122,0.32963708,0.1528711,0.58144045,0.2852681,0.23757511,0.561921,0.23973735,0.438228,0.6589446,0.290503,0.46684673,0.6051905,0.4253535,0.28824607,0.83251697,0.3523711,0.09463914,0.09542428,0.4140701,0.35865343,0.25252065,0.16865344,0.32639304,0.113236785,0.35063785,0.60852325,0.41011176,0.96198255,0.5313357,0.51500756,0.04594511,0.22802845,0.3473722,0.24782012,0.44177845,0.42396593,0.04198678,0.3309451,0.26696855,0.39135918,0.58229923,0.84513265,0.55744094,0.4932368,0.5189659,0.10927844,0.32417637,0.12634876,0.8178201,0.47451186,0.18423939,0.22802845,0.14292428,0.41736048,0.11323678,0.25177845,0.41407013,0.15084094,0.088101365,0.17167167,0.10334094,0.32500762,0.34564042,0.49917427,0.69511175,0.40924346,0.15479927,0.032090947,0.29136178,0.37714085,0.50377584,0.2359451,0.12441907,0.13896593,0.44489563,0.49323675,0.17261177,0.20427845,0.18151805,0.31946594,0.3131326,0.20427844,0.82504404,0.39427844,0.8877836,0.42792428,0.083549276,0.14886178,0.23594512,0.8168305,0.26365343,0.43782014,0.8808319,0.28210917,0.38636178,0.39483264,0.20596075,0.5311378,0.22407012,0.055840947,0.3665701,0.21367949,0.19240345,0.30046594,0.26855186,0.3088774,0.28542426,0.25979406,0.17459093,0.33688262,0.5209451,0.2972993,0.46354932,0.14529929,0.42792428,0.22629666,0.32104927,0.21021594,0.09542428,0.3371795,0.21219511,0.3540519,0.3190701,0.17449199,0.25177845,0.22604927,0.28146595,0.5249034,0.3999191,0.18052845,0.09938262,0.26167426,0.15222636,0.20032011,0.38438264,0.30521595,0.80315197,0.2666301,0.52292424,0.29334095,0.4201066,0.10043158,0.11323678,0.54073673,0.30125758,0.103340946,0.07351491,0.20229927,0.39229926,0.16469511,0.3626118,0.8506742,0.06375761,0.23990345,0.107299276,0.10849471,0.26761177,0.22407012,0.2507394,0.87491906,0.54266053,0.22713782,0.7623045,0.11521594,0.457117,0.097403444,0.20922637,0.36063263,0.36791596,0.37953368,0.16142948,0.09938261,0.3487576,0.4734451,0.2959139,0.30917427,0.31709093,0.12511177,0.3606326
BC2026_Train_0018_S22_20211028_234500_55,0.39874998,0.114374995,0.41116577,0.7485378,0.3262826,0.3623945,0.742409,0.7865692,0.5020095,0.8685809,0.9190496,0.7808494,0.52017826,0.4295773,0.3326773,0.43184838,0.489267,0.17309509,0.6220814,0.45603922,0.6002116,0.3212877,0.089999996,0.8100503,0.3200482,0.34409508,0.3425187,0.35348827,0.2555195,0.8059258,0.12600896,0.17816,0.22189958,0.4927486,0.3850819,0.1596548,0.14619645,0.24376938,0.5364882,0.16638397,0.44564438,0.5364882,0.34302458,0.17816,0.327884,0.327884,0.24545166,0.25554544,0.31610793,0.3228371,0.34302458,0.34302458,0.34302458,0.52807665,0.17816,0.35841638,0.17001952,0.70301694,0.31455603,0.28048962,0.6337709,0.27462634,0.4615537,0.6925324,0.30401698,0.6832253,0.6783169,0.6364246,0.4122695,0.8296758,0.35883203,0.103854164,0.0861128,0.41465443,0.36913362,0.3280659,0.1454878,0.2647326,0.14944613,0.38570917,0.6516597,0.4047586,0.9564712,0.5633888,0.5155919,0.09402946,0.17913362,0.42722216,0.19694613,0.57694614,0.4008003,0.05246696,0.2464253,0.29021433,0.453743,0.5076753,0.88549817,0.6074253,0.5591336,0.5294461,0.13163362,0.35310236,0.17665967,0.8500711,0.49976262,0.26275343,0.2761128,0.15538363,0.5110795,0.18902946,0.17913362,0.45225862,0.14350861,0.0968003,0.17690708,0.07621696,0.45027944,0.31010497,0.53142524,0.7214253,0.45300874,0.09402946,0.04652946,0.3473628,0.50339633,0.41549557,0.2761128,0.18220134,0.17319612,0.42618307,0.5591336,0.3711128,0.25434196,0.16913885,0.25998256,0.2741336,0.2860086,0.8733461,0.45225862,0.9035086,0.34142527,0.13559195,0.09798779,0.123716965,0.8473993,0.36715445,0.4344461,0.86368775,0.31544873,0.40673777,0.39852422,0.29001644,0.5440425,0.22663362,0.08809196,0.3533003,0.13183154,0.21871696,0.3485503,0.33598256,0.26107112,0.32559192,0.32682893,0.14152946,0.33746693,0.6343419,0.37111276,0.48986277,0.10857634,0.41861275,0.24593052,0.40871695,0.27017528,0.0861128,0.26814663,0.20486279,0.17829248,0.36913362,0.13514665,0.30184194,0.18902947,0.3097586,0.47205028,0.35057896,0.17715445,0.13559195,0.2860086,0.12104509,0.16923779,0.3869461,0.27413362,0.8428294,0.30095133,0.53538364,0.29590446,0.39926642,0.09907634,0.11777946,0.49184194,0.23257114,0.10590446,0.08898259,0.1929878,0.49382114,0.17715447,0.32361278,0.86131275,0.13163362,0.21277948,0.17715445,0.09066488,0.21475863,0.14350863,0.3535477,0.9173628,0.49609715,0.23781595,0.7632846,0.06236279,0.39931592,0.10392529,0.26671174,0.45621696,0.37160757,0.42257112,0.17210759,0.1336128,0.3533003,0.5611128,0.24484196,0.35527945,0.24246696,0.15142529,0.24246697
BC2026_Train_0018_S22_20211028_234500_60,0.3665848,0.140625,0.3949795,0.73202497,0.32204062,0.34579292,0.7255499,0.6818103,0.48279518,0.83321655,0.8954614,0.6767634,0.4812811,0.39704907,0.31226158,0.35844043,0.40486878,0.18132186,0.66415936,0.50215465,0.6355604,0.3931422,0.19637649,0.86288744,0.3460875,0.30066562,0.32513112,0.36716795,0.31016797,0.8291055,0.16371629,0.271383,0.2242788,0.48166943,0.3437215,0.1805392,0.21250273,0.26465377,0.54727876,0.17885692,0.46989337,0.54727876,0.37736735,0.271383,0.3857788,0.3857788,0.26465377,0.3050288,0.35213295,0.37904966,0.37736735,0.37736735,0.37736735,0.5809246,0.11829441,0.34557095,0.16588672,0.81515,0.29835,0.21886171,0.6715665,0.25257185,0.49949768,0.7240836,0.456525,0.5855667,0.6241209,0.4222327,0.3012617,0.8273243,0.31016797,0.11127232,0.13202481,0.50212896,0.2863998,0.42756385,0.17556646,0.21465504,0.34775397,0.35784772,0.693168,0.35567063,0.9145873,0.56199884,0.45067063,0.114212304,0.18348315,0.48204044,0.21712899,0.39129564,0.49619144,0.13796231,0.51004565,0.31776962,0.71627736,0.5634831,0.7185508,0.6251539,0.54171234,0.6980665,0.2092123,0.3018175,0.21054825,0.8334415,0.6374644,0.17808992,0.16369148,0.10827481,0.40405878,0.120149806,0.17556648,0.35962895,0.23692065,0.16369148,0.143504,0.17952481,0.26067063,0.40084508,0.46650395,0.5753581,0.46254316,0.15973313,0.052858144,0.29035816,0.52037686,0.40678263,0.34181643,0.116240956,0.08650397,0.48664194,0.55754566,0.50410813,0.2388998,0.20495711,0.23019147,0.27056643,0.27650398,0.69678,0.27056643,0.91775393,0.29431644,0.36160815,0.10827481,0.30619147,0.85679567,0.28244147,0.31212896,0.795444,0.24711336,0.41306648,0.30518207,0.303767,0.567491,0.29431644,0.07067064,0.22108732,0.2197019,0.17556646,0.39362612,0.45947546,0.34483966,0.44869146,0.27036855,0.06473314,0.29827482,0.80098313,0.26660812,0.41504562,0.1182696,0.45462897,0.13939722,0.27056643,0.21119148,0.090462305,0.36601177,0.25275397,0.15612116,0.5421873,0.123316474,0.42494148,0.13994147,0.40317062,0.48431647,0.34374616,0.11223313,0.25473315,0.3220248,0.14221752,0.120149806,0.3972331,0.18744148,0.77654296,0.56867844,0.49223313,0.25473315,0.3386498,0.098260224,0.05483731,0.5535873,0.27452478,0.124108136,0.09489564,0.1735873,0.3378581,0.21910813,0.36754563,0.925354,0.12410814,0.15379564,0.47244146,0.14347924,0.33587897,0.11223313,0.25117064,0.9019206,0.5522761,0.16755086,0.74150926,0.12608731,0.50306904,0.05087898,0.31005085,0.48431647,0.36069775,0.5493222,0.16166283,0.076608144,0.29035813,0.46056646,0.3092592,0.43285814,0.28442064,0.15379564,0.36160812
BC2026_Train_0019_S22_20211104_200000_5,0.25623137,0.23812498,0.49564046,0.47984996,0.7009229,0.321763,0.6396446,0.8413514,0.8654081,0.5824467,0.8818946,0.48807016,0.6497384,0.45450282,0.48024192,0.7484833,0.88726145,0.18505311,0.51849943,0.68689674,0.8861642,0.89886564,0.7411272,0.69201666,0.9612823,0.65738124,0.4174083,0.41260672,0.32710677,0.8794922,0.14277765,0.16464745,0.32110056,0.317736,0.19829328,0.1326839,0.10240265,0.1898818,0.3782985,0.19492868,0.24707973,0.3782985,0.20838702,0.16464745,0.35811102,0.35811102,0.24707973,0.2723141,0.2756787,0.25044432,0.20838702,0.20838702,0.20838702,0.33792353,0.13604848,0.43784812,0.029638022,0.59503746,0.37887293,0.2766737,0.6873211,0.8024542,0.8500036,0.93580055,0.42819375,0.39613125,0.42819375,0.36694518,0.10979427,0.4624818,0.2042005,0.16518973,0.1532637,0.30565953,0.29378453,0.07439392,0.17503455,0.39709702,0.30170122,0.2727559,0.74295646,0.34524286,0.9013887,0.46399286,0.47190952,0.10972205,0.13545121,0.31575328,0.3868054,0.84903985,0.39868033,0.359097,0.454097,0.2598913,0.861041,0.65003455,0.9287012,0.22451371,0.76067,0.29180536,0.13940954,0.7555657,0.34692517,0.7193054,0.38249868,0.10813871,0.12357621,0.37493035,0.55755806,0.1413887,0.4125345,0.37097204,0.45211783,0.81325644,0.91644037,0.23440954,0.12357621,0.18003196,0.28190953,0.8344929,0.36157098,0.29972205,0.30961788,0.19482622,0.4664787,0.7686856,0.14336789,0.42312306,0.15524289,0.19180799,0.6460762,0.40461785,0.13940954,0.22975852,0.46191475,0.78461784,0.13940954,0.7272221,0.5134721,0.7786804,0.17305537,0.06618038,0.6460762,0.52930534,0.6025346,0.16118036,0.15722203,0.65344864,0.36924025,0.19086789,0.595748,0.2280762,0.42836788,0.30961788,0.18097204,0.5095137,0.09260226,0.24430537,0.115362674,0.6505022,0.090128295,0.12753454,0.21387568,0.44618034,0.2838887,0.23045121,0.35315952,0.34722203,0.5015278,0.34128454,0.067763716,0.5965971,0.2126387,0.37097204,0.26845118,0.43034703,0.7451335,0.06618038,0.34722203,0.45409703,0.39868033,0.1473262,0.5233679,0.29378456,0.45013872,0.61144084,0.31753454,0.16098244,0.08795121,0.2542012,0.73088354,0.8157898,0.15969601,0.48180538,0.46993032,0.61638874,0.37705007,0.12753454,0.5134721,0.27399287,0.044409543,0.7466496,0.52534705,0.04045121,0.1413887,0.28586787,0.49961787,0.07013871,0.49368036,0.083992876,0.20175329,0.15128455,0.10576371,0.6698163,0.6322221,0.6980294,0.06905017,0.5629512,0.16909704,0.7261335,0.078055374,0.32320487,0.287847,0.31144068,0.23648769,0.31882098,0.17107621,0.29180536,0.41847205,0.28863868,0.21857621,0.3373262,0.38086787,0.44024286
BC2026_Train_0019_S22_20211104_200000_10,0.2144122,0.195,0.5804772,0.44140115,0.69770324,0.29480273,0.57879496,0.8744577,0.8672239,0.5152043,0.8664668,0.6057116,0.5989824,0.4269909,0.47241274,0.7532713,0.89730215,0.20894806,0.6510221,0.65943366,0.91345966,0.9146372,0.829933,0.65119284,0.94450533,0.6680158,0.3702135,0.37852144,0.3482402,0.87816215,0.16962366,0.16289449,0.26383203,0.27224347,0.19990492,0.12924865,0.13597782,0.20495178,0.34794658,0.20663407,0.25542054,0.34794658,0.2032695,0.16289449,0.3058893,0.3058893,0.21672782,0.2604674,0.2823372,0.263832,0.2032695,0.2032695,0.2032695,0.34794658,0.09055595,0.48603934,0.050771482,0.6551511,0.49099913,0.37365925,0.7096129,0.86593235,0.8523751,0.9566772,0.48058864,0.41468242,0.38618243,0.36985433,0.12202148,0.42839646,0.20752147,0.23024553,0.2040511,0.2396761,0.23967609,0.07510839,0.19415526,0.26708755,0.20998858,0.37208235,0.8268578,0.32280108,0.8433219,0.5704938,0.4811344,0.22978026,0.2515511,0.45075423,0.39603025,0.914374,0.4296761,0.4474886,0.55040526,0.30681932,0.8531386,0.6473844,0.93278027,0.24363443,0.8188792,0.41384274,0.13675943,0.7051642,0.20632714,0.64342606,0.39454588,0.13903546,0.1684261,0.4217594,0.6030016,0.14071776,0.5286344,0.56228024,0.52071774,0.8110219,0.92415106,0.21592611,0.1328011,0.18193391,0.3623844,0.8245199,0.37891048,0.2159261,0.28519693,0.21988444,0.5123063,0.7630173,0.1803011,0.26966047,0.22582193,0.20043913,0.69290525,0.39800942,0.19415526,0.25867608,0.47737405,0.8379782,0.12488443,0.6750927,0.44550943,0.7740511,0.19415526,0.1209261,0.73446774,0.52071774,0.5662386,0.18425943,0.26936358,0.6383298,0.43972036,0.27728024,0.6917059,0.27327245,0.4587204,0.40790525,0.17040525,0.6058219,0.108952135,0.19415526,0.14784276,0.7400885,0.10915006,0.15853027,0.32497817,0.4118636,0.2812386,0.30696774,0.5167594,0.40592608,0.5457245,0.35446775,0.07510839,0.6869678,0.29707193,0.40988442,0.3624339,0.49696773,0.72768915,0.08332192,0.35189486,0.47915527,0.38415524,0.17436358,0.44748858,0.33927765,0.50686353,0.6469887,0.30696774,0.21859798,0.19019693,0.25550944,0.7922594,0.81294173,0.16713965,0.42967606,0.47915524,0.6143324,0.3989871,0.19613443,0.44748858,0.36040524,0.053634427,0.8209059,0.6909261,0.105092764,0.23175943,0.2753011,0.5701969,0.14665525,0.46728024,0.11300942,0.17891568,0.1684261,0.10311359,0.7007427,0.65237194,0.6381813,0.1173636,0.5899886,0.17634276,0.8062498,0.11103026,0.23450059,0.30696777,0.30309653,0.3076605,0.27302507,0.18821776,0.38019693,0.4890511,0.32933235,0.33665526,0.44748858,0.36634275,0.2970719
BC2026_Train_0019_S22_20211104_200000_15,0.20616814,0.31125,0.7125982,0.4690501,0.70061266,0.4178203,0.5897909,0.8450787,0.8672008,0.6015669,0.8555929,0.75633776,0.5998846,0.47515386,0.56793237,0.7947893,0.880519,0.22412826,0.53754294,0.6172835,0.8895625,0.8911607,0.80387646,0.7451439,0.9572117,0.6788418,0.41383433,0.48194528,0.48016402,0.88807034,0.28264314,0.28769,0.4121796,0.36844006,0.26413795,0.23385671,0.24226815,0.25740877,0.4794713,0.23553899,0.34320566,0.4794713,0.21703377,0.28769,0.37180462,0.37180462,0.26582024,0.41722646,0.3448879,0.3314296,0.21703377,0.21703377,0.21703377,0.48788273,0.1732942,0.47363985,0.09363281,0.62441474,0.62856114,0.32305694,0.68491787,0.85063356,0.8996179,0.92317,0.4690501,0.42451888,0.43876892,0.4395622,0.2218828,0.4712578,0.24147654,0.23783483,0.3598206,0.4013831,0.35388312,0.12251854,0.28263313,0.33795083,0.23711228,0.3983649,0.8839584,0.4132581,0.8862789,0.5102373,0.58742476,0.23711227,0.3776331,0.45595866,0.53596646,0.9273467,0.3380498,0.66659147,0.65471643,0.35952374,0.87418634,0.5240914,0.9175497,0.28263313,0.836404,0.5438831,0.22127895,0.64045954,0.37149772,0.75961226,0.39420864,0.16774249,0.30044562,0.52013314,0.68153423,0.21534145,0.54586226,0.51815397,0.6270081,0.8556118,0.93807775,0.39940393,0.23711227,0.19609405,0.3974248,0.83392996,0.4226097,0.38950813,0.48054975,0.37565395,0.53720343,0.75407064,0.20148727,0.4459144,0.25492477,0.2919847,0.88232064,0.34596646,0.24304979,0.4669925,0.51746124,0.84253937,0.2054456,0.68638307,0.64482063,0.80909145,0.25690395,0.23315394,0.8657946,0.6863831,0.67450815,0.28065395,0.35388312,0.6714404,0.4907425,0.2113831,0.74980855,0.27214354,0.6962789,0.30836225,0.25690395,0.7140914,0.16467479,0.4429456,0.17239355,0.714705,0.16566436,0.17575811,0.31929716,0.46471643,0.37961227,0.46471643,0.42117476,0.45086226,0.56129485,0.45086226,0.14419042,0.66659147,0.4548206,0.51221645,0.33270603,0.5458622,0.71369565,0.11836228,0.5676826,0.52804977,0.34398726,0.23513311,0.5656539,0.42711228,0.6072164,0.69845605,0.4191956,0.35670346,0.19159146,0.15596645,0.85886747,0.7977607,0.1976279,0.52013314,0.6566956,0.81497955,0.51597,0.28065392,0.52013314,0.38554978,0.11638312,0.8348483,0.6725289,0.15002894,0.2648206,0.40336227,0.541904,0.13419561,0.5656539,0.19554977,0.20099248,0.34596646,0.14804977,0.7795386,0.59114563,0.5660498,0.1394404,0.65471643,0.2549248,0.8599016,0.13815396,0.49568546,0.35190398,0.33764702,0.2565081,0.41226855,0.2667998,0.5735706,0.6388831,0.5225082,0.4152373,0.55377895,0.57159144,0.6091956
BC2026_Train_0019_S22_20211104_200000_20,0.18060267,0.33562496,0.68195343,0.4222439,0.7159522,0.37059504,0.49774247,0.8201537,0.8738188,0.5776514,0.8081253,0.67690665,0.5249956,0.4986298,0.58703434,0.84063977,0.9094157,0.22719702,0.48704058,0.60513747,0.9127445,0.8870896,0.8673735,0.6516293,0.95790535,0.7001189,0.4161134,0.6150221,0.61304295,0.9087305,0.20457831,0.26009393,0.29205748,0.3458908,0.2264481,0.23149496,0.20794289,0.23149496,0.4081356,0.23149496,0.25841165,0.4081356,0.17261477,0.26009393,0.404771,0.404771,0.2466356,0.3442085,0.30046892,0.2886929,0.17261477,0.17261477,0.17261477,0.37280747,0.20962518,0.4728908,0.07134505,0.48280635,0.6237033,0.40382776,0.6884715,0.8794314,0.8290616,0.93336374,0.5724627,0.4204626,0.4115564,0.5068269,0.17822006,0.72981375,0.2334388,0.160811,0.39787912,0.48100415,0.35433748,0.08571507,0.20985828,0.405301,0.21975413,0.4483479,0.83982956,0.40381664,0.88287395,0.5324624,0.55225414,0.24944162,0.29892078,0.3718531,0.40777496,0.9050406,0.3642333,0.6769416,0.52850413,0.32544166,0.89158726,0.49089995,0.8868323,0.2435041,0.77748334,0.42162916,0.18214996,0.624469,0.31618902,0.62746245,0.3828375,0.18378279,0.20589995,0.46121246,0.6349339,0.20787911,0.58589995,0.5324625,0.6576448,0.8055776,0.9361115,0.32465,0.15246245,0.20337653,0.30089995,0.8392333,0.47001976,0.3523583,0.3167333,0.3107958,0.57125413,0.6159338,0.120795794,0.52316034,0.2454833,0.24206923,0.82142085,0.2989208,0.2692333,0.31069687,0.47219685,0.8996968,0.27517077,0.66704583,0.6155875,0.7620458,0.23558745,0.20194162,0.7600666,0.6056917,0.69277495,0.2573583,0.44537914,0.69717866,0.4465666,0.21381661,0.7001721,0.24493903,0.616775,0.34048328,0.3048583,0.56215,0.09407705,0.2514208,0.17650935,0.7447232,0.12772289,0.1504833,0.3474104,0.53642076,0.431525,0.336525,0.40381664,0.32069165,0.57754296,0.4730875,0.13499631,0.6769416,0.30683747,0.38600412,0.28363174,0.46517083,0.6647203,0.11485829,0.398275,0.6432958,0.44537914,0.18214996,0.6037125,0.36106667,0.5186083,0.67773324,0.35829583,0.3684885,0.10892079,0.16433746,0.7980667,0.8165718,0.17433225,0.56215,0.5760041,0.6270666,0.48483875,0.2454833,0.46714997,0.38600412,0.09506663,0.8385407,0.59579575,0.120795794,0.33256662,0.37610832,0.5423583,0.19402497,0.58392084,0.14256662,0.19620202,0.29496247,0.18214996,0.7761593,0.47395828,0.52424896,0.13613434,0.6235041,0.1504833,0.8387361,0.1445458,0.37566793,0.3523583,0.33343256,0.2639885,0.46259788,0.3107958,0.46121246,0.621525,0.41668123,0.4156916,0.40975413,0.46121246,0.42756662
BC2026_Train_0019_S22_20211104_200000_25,0.20117188,0.2775,0.59127736,0.45826086,0.75446296,0.40039387,0.6249232,0.8645657,0.8864355,0.64342844,0.86717325,0.6316524,0.5811836,0.47476116,0.5080706,0.8279583,0.9167349,0.23115149,0.49775264,0.5934751,0.889222,0.90570843,0.8542969,0.83022535,0.97749525,0.66686505,0.48157445,0.45739385,0.48055014,0.9093366,0.21611063,0.30527207,0.30863667,0.32545957,0.25143877,0.22956896,0.28844917,0.27162623,0.4617252,0.21611063,0.44322,0.4617252,0.3607877,0.30527207,0.3809752,0.3809752,0.29854292,0.41798562,0.35237622,0.33387104,0.3607877,0.3607877,0.3607877,0.49873567,0.16900645,0.47324714,0.07086263,0.48676082,0.5901328,0.39010826,0.6969583,0.8765577,0.8359848,0.94701606,0.5081358,0.43688586,0.3638546,0.46947947,0.19733137,0.63057095,0.21158136,0.16554688,0.39016458,0.56433123,0.2931854,0.106896356,0.25756043,0.38076356,0.23974791,0.4554771,0.86462533,0.47724792,0.9171771,0.47922707,0.5425604,0.22589375,0.2417271,0.30130005,0.5405813,0.9270136,0.3426646,0.53860205,0.4673521,0.4494406,0.87810594,0.5405813,0.9072219,0.30110207,0.761951,0.36245626,0.26745623,0.7930339,0.35082868,0.7978729,0.53693765,0.22797188,0.23578957,0.4257896,0.5968886,0.11901875,0.5247479,0.47922707,0.60074794,0.87952346,0.91968864,0.35058126,0.14078958,0.37927923,0.34068543,0.8255812,0.5426594,0.29120627,0.34266457,0.24370623,0.6239457,0.78154486,0.11308125,0.39565676,0.23183125,0.27834168,0.7701646,0.50495625,0.2892271,0.31743023,0.47893023,0.9123677,0.3545396,0.6078729,0.5742271,0.79193544,0.23578957,0.24568543,0.8097479,0.5900604,0.6751646,0.20610209,0.3961021,0.67427397,0.5604719,0.21995625,0.7442474,0.2770552,0.5133677,0.4020396,0.32683125,0.6177687,0.10655001,0.24370624,0.18294585,0.77018684,0.16275834,0.14870624,0.38818544,0.5623521,0.36839378,0.3545396,0.43370625,0.32089376,0.5725893,0.44360211,0.11694062,0.68506044,0.33078957,0.22589375,0.34098232,0.55443543,0.7310761,0.11901875,0.3410813,0.60391456,0.44558126,0.17641456,0.58412296,0.29466984,0.6157896,0.67160213,0.2773521,0.28111252,0.111102074,0.2456854,0.8295396,0.83537817,0.20016457,0.46537292,0.6890188,0.6371646,0.39264843,0.2041229,0.4713104,0.4911021,0.06756041,0.88808334,0.6098521,0.083393745,0.28724793,0.24568541,0.5742271,0.18235207,0.4970396,0.107143745,0.21866979,0.21203956,0.12693541,0.70590305,0.64571464,0.51811767,0.19234687,0.6573521,0.14672707,0.90113103,0.13683125,0.2714591,0.41787294,0.3371328,0.24687292,0.4579016,0.2397479,0.42183128,0.58412296,0.33257085,0.28724793,0.5267271,0.3426646,0.42183125
BC2026_Train_0019_S22_20211104_200000_30,0.21057662,0.27562496,0.6547657,0.5741592,0.71369046,0.48144662,0.482499,0.8364532,0.8814545,0.6076615,0.8532761,0.65644807,0.49006933,0.60402584,0.6090727,0.86621106,0.9535654,0.23779978,0.6152789,0.47817206,0.89361405,0.91262394,0.8419308,0.8731716,0.9573258,0.70577383,0.62673676,0.40841538,0.4493841,0.8944987,0.2507458,0.32140207,0.38701144,0.33317813,0.31971976,0.23560518,0.27598017,0.2776625,0.48458436,0.2305583,0.50645417,0.48458436,0.418975,0.32140207,0.3920583,0.3920583,0.3146729,0.45262083,0.39542294,0.36514163,0.418975,0.418975,0.418975,0.5602874,0.17840725,0.62757784,0.109165356,0.5781175,0.6167806,0.36309093,0.7707103,0.86994565,0.93708885,0.9455004,0.584055,0.45422167,0.35803413,0.50369585,0.26769662,0.637405,0.2534466,0.2066183,0.46417272,0.8164644,0.30781853,0.18817793,0.3078186,0.58579254,0.28011024,0.50865453,0.84896725,0.6680269,0.92658526,0.61854774,0.5888602,0.23261023,0.21677689,0.3906467,0.62448525,0.9635165,0.25042272,0.55917275,0.5552144,0.46847743,0.9354495,0.6878186,0.8923655,0.30781853,0.84110504,0.34146434,0.24448523,0.6853716,0.44725084,0.8263602,0.51202106,0.2562613,0.2919852,0.5294852,0.61622226,0.16531856,0.4760477,0.37313104,0.64120924,0.83924466,0.9251227,0.28406858,0.2286519,0.40014666,0.5829227,0.8204227,0.72492796,0.4997977,0.39886022,0.34740192,0.6299161,0.8193342,0.14354771,0.43023002,0.26031858,0.4371571,0.7293811,0.68386024,0.39886022,0.35175604,0.62092274,0.91166234,0.31177688,0.54729766,0.69375604,0.80656856,0.46021438,0.28208935,0.8243811,0.6700061,0.71354777,0.2761519,0.3038602,0.7020191,0.58455557,0.2761519,0.74781823,0.4190972,0.6491259,0.40875608,0.35333937,0.5829227,0.37887067,0.3830269,0.19619356,0.9156825,0.18441752,0.20886022,0.42958677,0.43052685,0.44438106,0.4404227,0.5472977,0.42063105,0.46930867,0.57500607,0.1654175,0.7254227,0.39094353,0.49188107,0.4914357,0.5967769,0.82942796,0.16333939,0.38807374,0.70761025,0.4344852,0.22073522,0.55323523,0.32276124,0.7274019,0.7825217,0.39886022,0.31999046,0.22667272,0.31969357,0.91136545,0.8763342,0.37293315,0.5710477,0.60073525,0.7144384,0.40611112,0.22271438,0.61063105,0.55125606,0.08813105,0.8199549,0.6383394,0.06240189,0.36323524,0.36125606,0.5809436,0.16136022,0.5987561,0.19500606,0.3914383,0.36917275,0.15146437,0.745252,0.7403061,0.62023,0.2695217,0.7293811,0.21875605,0.8427428,0.1554227,0.32126695,0.4819852,0.41788715,0.3290946,0.49415708,0.28406858,0.5967769,0.6541728,0.3921311,0.3909436,0.50375605,0.2939644,0.43844354
BC2026_Train_0019_S22_20211104_200000_35,0.19466147,0.279375,0.7454403,0.4456823,0.71603644,0.73106575,0.4887226,0.86656535,0.89280903,0.51748973,0.7824507,0.69665384,0.62263304,0.5208332,0.6501174,0.89034873,0.92018753,0.26310414,0.62352526,0.6268899,0.91262716,0.90337455,0.89528644,0.7739469,0.9580886,0.76500106,0.5988074,0.49138865,0.63804483,0.9227481,0.28831166,0.37747315,0.44812936,0.23279606,0.25971273,0.3152283,0.29672313,0.26644188,0.48850438,0.27653563,0.43467104,0.48850438,0.34046268,0.37747315,0.45149395,0.45149395,0.2984054,0.45654082,0.38252,0.33036897,0.34046268,0.34046268,0.34046268,0.47841066,0.21765542,0.6854455,0.14226368,0.4902135,0.6872099,0.49240053,0.72842604,0.87130207,0.86149293,0.93425196,0.62796354,0.49733856,0.36552602,0.52657413,0.32929492,0.6993991,0.2829824,0.2995573,0.45717904,0.6194707,0.2216582,0.32912698,0.41363737,0.7501947,0.2216582,0.50824153,0.75440043,0.49082485,0.813429,0.6788457,0.694679,0.3780124,0.26124156,0.47227022,0.6729082,0.96730924,0.32259572,0.7639499,0.6689499,0.55979884,0.94252765,0.7025957,0.9082311,0.27905405,0.8086791,0.38394988,0.2394707,0.68549573,0.33585614,0.64124155,0.54050195,0.2515931,0.32655403,0.4650957,0.6214994,0.1860332,0.47697073,0.31863737,0.61749154,0.71057177,0.9416692,0.40572068,0.19790821,0.36589,0.38394988,0.8094707,0.76884836,0.6606374,0.37999156,0.3483249,0.7221895,0.7450983,0.08311654,0.681666,0.28103322,0.40794727,0.7599915,0.5462415,0.50863737,0.35168952,0.5316947,0.9172363,0.2770749,0.63332486,0.7124915,0.7995749,0.3780124,0.33249155,0.7461374,0.68280405,0.63530403,0.33644986,0.30280402,0.66692126,0.62372595,0.29686654,0.7309176,0.4909733,0.6800827,0.41363737,0.4255124,0.7223874,0.48102805,0.35822073,0.2830124,0.9476586,0.27460092,0.21967903,0.5486166,0.44332486,0.42155406,0.504679,0.5600957,0.45124155,0.49574316,0.5145749,0.27682748,0.8621957,0.39384574,0.46707487,0.55994725,0.56603324,0.73332226,0.20780404,0.5187806,0.8688457,0.44134572,0.24342903,0.540304,0.4025046,0.70655406,0.79027283,0.3780124,0.46385872,0.18801235,0.36019987,0.8532103,0.82436395,0.46499676,0.64322066,0.6531165,0.74589,0.4466103,0.27707487,0.5739499,0.48884574,0.13655403,0.8150322,0.6293666,0.15436652,0.611554,0.37009573,0.5363457,0.19988737,0.6036374,0.29092905,0.6534135,0.28894988,0.17811655,0.7037931,0.63166237,0.57771033,0.34812698,0.8292623,0.24738736,0.80318683,0.22165821,0.33087856,0.4829082,0.433152,0.39236134,0.5117545,0.35426238,0.44728324,0.6135332,0.43075716,0.51259565,0.4769707,0.43738738,0.48686653
BC2026_Train_0019_S22_20211104_200000_40,0.16757812,0.245625,0.59627616,0.45198664,0.75487834,0.8948177,0.6316043,0.8183387,0.8845369,0.51367563,0.80824494,0.63833344,0.6517918,0.5804465,0.6325975,0.88107204,0.9435128,0.29256478,0.69062227,0.79324204,0.94397545,0.9256384,0.7791406,0.7298617,0.9437107,0.71897626,0.60315746,0.76023436,0.5979427,0.9482552,0.19658479,0.28911084,0.3294858,0.18312648,0.22518376,0.20836084,0.19826709,0.20331396,0.36817852,0.20499624,0.2386421,0.36817852,0.18144417,0.28911084,0.32443896,0.32443896,0.21845458,0.33116812,0.29079312,0.2521004,0.18144417,0.18144417,0.18144417,0.30256918,0.14779833,0.709983,0.1490677,0.49651787,0.74848956,0.5054321,0.8075717,0.86444503,0.8769138,0.9509346,0.68038255,0.46979913,0.40033042,0.68207306,0.3806302,0.47503644,0.26484895,0.22695312,0.3279704,0.5832829,0.23297039,0.39758757,0.4051579,0.47749647,0.24088706,0.68506145,0.73755395,0.39130372,0.78713703,0.7059912,0.74359536,0.33390787,0.25276205,0.33098862,0.47244954,0.9253819,0.25078288,0.5476579,0.5634912,0.63959014,0.8660885,0.79505366,0.85244954,0.28838706,0.6189078,0.38734537,0.18151206,0.72738606,0.37908238,0.66260785,0.47898084,0.19002248,0.18547039,0.44474122,0.5971865,0.25276205,0.5159912,0.35369956,0.53974116,0.5692308,0.94222707,0.2982829,0.2032829,0.31569955,0.58526206,0.73765785,0.72266567,0.45859537,0.3259912,0.37151206,0.7548766,0.6343454,0.12015788,0.46032718,0.24682456,0.35607457,0.8856995,0.36755374,0.62278706,0.26364744,0.45542872,0.920335,0.26463705,0.53974116,0.5318245,0.7000537,0.3339079,0.29432455,0.6960954,0.6010954,0.7079704,0.30026203,0.31015787,0.64260834,0.5151006,0.32005373,0.646636,0.3914027,0.62227243,0.3517204,0.4091162,0.5595329,0.2806683,0.23099123,0.24999124,0.8703784,0.26344955,0.13797039,0.5824417,0.6268245,0.30026203,0.5516162,0.41505376,0.27849123,0.47670478,0.44276205,0.19675164,0.6782828,0.31015787,0.30619955,0.41495475,0.45463705,0.67472035,0.118178725,0.5246006,0.6941161,0.49224123,0.2210954,0.4625537,0.34637666,0.79752773,0.74527764,0.48630372,0.27547297,0.19338705,0.17161623,0.80415785,0.8219209,0.22911102,0.5436995,0.5634912,0.68946517,0.45485476,0.23494956,0.52390784,0.41901207,0.10630372,0.6954225,0.5634912,0.22703288,0.3457829,0.35765788,0.61297035,0.29234537,0.6010954,0.19734539,0.26275685,0.24088705,0.17755371,0.70695853,0.6255579,0.46631414,0.2217881,0.751512,0.15776205,0.8103972,0.14588705,0.28828812,0.42099124,0.31690684,0.35765788,0.43509278,0.26463705,0.50411624,0.5278662,0.39150164,0.36953288,0.49817872,0.46255374,0.43088707
BC2026_Train_0019_S22_20211104_200000_45,0.17302455,0.25687498,0.6337478,0.4735508,0.76215285,0.800108,0.600102,0.8272113,0.89332545,0.50909,0.83057594,0.69599265,0.44247127,0.4966952,0.65424174,0.86570585,0.9649779,0.25891018,0.5124934,0.64808613,0.9322252,0.88024235,0.6915662,0.62733203,0.91896224,0.6778008,0.517135,0.7585456,0.6200039,0.9301393,0.19361581,0.2794127,0.30969393,0.18015745,0.18688664,0.1919335,0.16838144,0.19866268,0.36352727,0.1919335,0.27100122,0.36352727,0.20370956,0.2794127,0.26931894,0.26931894,0.1936158,0.3567981,0.29118875,0.24744913,0.20370956,0.20370956,0.20370956,0.34165746,0.112865806,0.63068974,0.12442057,0.49492577,0.69318885,0.39878777,0.71085286,0.8881862,0.85721225,0.92786855,0.78170705,0.4557383,0.44683203,0.5984197,0.37557682,0.6754205,0.23307681,0.17896205,0.25329372,0.42943957,0.2117312,0.11188227,0.27308542,0.3077208,0.19589788,0.7127573,0.7403171,0.48683536,0.8292312,0.7540229,0.6214187,0.24339788,0.1820437,0.30400985,0.35621038,0.8778198,0.41756457,0.41162705,0.542252,0.64259577,0.8783418,0.7164187,0.7742104,0.2790229,0.6075645,0.4769396,0.16818954,0.60522914,0.16908017,0.5463687,0.4583354,0.2017859,0.14246038,0.4571479,0.6080098,0.2414187,0.49673122,0.34235623,0.52048117,0.63269997,0.9136724,0.23350205,0.23152287,0.40865833,0.37204373,0.7480854,0.5190463,0.25131455,0.26121038,0.2968354,0.60637707,0.6645646,0.081106216,0.43691093,0.20183538,0.30772084,0.8577312,0.31464788,0.6119979,0.28881976,0.4452729,0.94362706,0.45318955,0.4571479,0.5481895,0.708502,0.18996039,0.37600207,0.7342312,0.6055854,0.6332937,0.3383979,0.26714787,0.6803484,0.43399167,0.3383979,0.65906245,0.18654631,0.5731765,0.3245437,0.38193956,0.48287708,0.17650205,0.2414187,0.19619477,0.82930297,0.19955935,0.15631454,0.58153856,0.3324604,0.3304812,0.4927729,0.38193956,0.3918354,0.5569968,0.5660021,0.2236557,0.63923115,0.29089788,0.21173121,0.3497286,0.3740229,0.7722312,0.08308538,0.39727813,0.68673116,0.36412707,0.15433538,0.5917312,0.43018177,0.7366062,0.6649604,0.34235623,0.22830676,0.16818954,0.17412704,0.80132496,0.8168119,0.22123122,0.4650646,0.5145437,0.61597604,0.41849476,0.17808537,0.39381453,0.5462104,0.08902288,0.66410935,0.6332937,0.19193953,0.1761062,0.36016873,0.4690229,0.31068957,0.70058537,0.11277288,0.25992393,0.2137104,0.3027729,0.6414775,0.65799373,0.44497603,0.1865958,0.71839786,0.12662704,0.8328432,0.15037705,0.29455936,0.38589787,0.3326979,0.26516873,0.43186405,0.23943955,0.47100204,0.64318955,0.39985105,0.4017312,0.4729812,0.47100204,0.47100204
BC2026_Train_0019_S22_20211104_200000_50,0.23247024,0.26437497,0.6034441,0.43869323,0.7740036,0.6500989,0.61522007,0.85747004,0.8898542,0.5063758,0.7699909,0.68587625,0.591668,0.45265827,0.68119764,0.881222,0.9729693,0.29708382,0.61193585,0.81044626,0.9570581,0.8683171,0.80444944,0.5687245,0.9390266,0.7042974,0.43373242,0.4288281,0.44129685,0.9153072,0.14187586,0.22935504,0.30674046,0.18056859,0.18225087,0.18225086,0.16879252,0.18898003,0.3538446,0.1755217,0.27309462,0.3538446,0.20748524,0.22935504,0.2747769,0.2747769,0.18729775,0.3538446,0.29159984,0.24113108,0.20748524,0.20748524,0.20748524,0.28318837,0.15028732,0.63914025,0.08504687,0.4921307,0.7017641,0.4862625,0.8069073,0.9422921,0.84021664,0.88900316,0.86955774,0.37634945,0.4173182,0.672418,0.39854681,0.47157806,0.24179687,0.26809525,0.38053071,0.7031349,0.22417654,0.101319775,0.2617807,0.40546823,0.19844739,0.5617234,0.7779152,0.47157237,0.81000984,0.7070932,0.6398015,0.3528224,0.22813489,0.5343615,0.43990573,0.8452391,0.6358433,0.4596974,0.6318849,0.6674604,0.8794663,0.728864,0.8665151,0.20834321,0.5883432,0.44584322,0.13907239,0.7621536,0.30151248,0.5387057,0.46741614,0.21893178,0.15886405,0.5507391,0.5061088,0.16084322,0.60219735,0.4478224,0.46563488,0.49245256,0.8655533,0.2815724,0.19844739,0.47285885,0.4517807,0.7268849,0.51278853,0.30730155,0.22813489,0.28750986,0.7567703,0.6421766,0.091572374,0.36692396,0.21625988,0.30799425,0.86265576,0.3864682,0.5682349,0.34104633,0.5025463,0.9481557,0.49928075,0.5645932,0.5230307,0.7130307,0.26969737,0.16678073,0.7308432,0.6358432,0.5705307,0.3686557,0.30532238,0.65078586,0.48745522,0.2795932,0.74701303,0.20299947,0.46058804,0.3092807,0.30928072,0.4636557,0.1665828,0.2578224,0.21447864,0.88156915,0.18924427,0.16678071,0.48433802,0.39240572,0.33698907,0.4161557,0.503239,0.29542655,0.43693697,0.39636406,0.3165047,0.61605155,0.29344738,0.27761403,0.27702034,0.50125986,0.8036766,0.10740571,0.32160103,0.5527182,0.34688488,0.19053072,0.4656349,0.26880676,0.9475619,0.6677078,0.3330307,0.30388752,0.2578224,0.43396822,0.71698904,0.8677521,0.19231197,0.4596974,0.51511407,0.5958146,0.42569533,0.23011406,0.42605156,0.62665987,0.079697385,0.89169014,0.5071974,0.19646822,0.14698906,0.33500987,0.60021824,0.23011406,0.7783432,0.16282238,0.21418177,0.20834321,0.22615571,0.44349992,0.46785155,0.43624428,0.26079112,0.7031349,0.15292655,0.88297445,0.17667656,0.19636928,0.4359474,0.4694349,0.27672344,0.39215833,0.29344738,0.59823906,0.61011404,0.3494578,0.52698904,0.44188488,0.4992807,0.43792656
BC2026_Train_0019_S22_20211104_200000_55,0.24232514,0.365625,0.65822655,0.48152152,0.7103132,0.76909506,0.60607547,0.852363,0.8761674,0.6582265,0.8180443,0.65822655,0.7019661,0.6798133,0.6747665,0.85737914,0.93861014,0.28113094,0.5110606,0.67357004,0.87973493,0.85130423,0.66982514,0.69673616,0.8270841,0.7103132,0.45118982,0.77107424,0.74534506,0.9432617,0.16227974,0.3086391,0.38265994,0.38770685,0.29686308,0.37929535,0.24302973,0.25985265,0.38434225,0.24471202,0.4095766,0.38434225,0.28340474,0.3086391,0.3725662,0.3725662,0.3120037,0.4078943,0.38265994,0.3069568,0.28340474,0.28340474,0.28340474,0.41630578,0.28172246,0.60074556,0.11260546,0.47617775,0.71353936,0.5202439,0.89438564,0.87418824,0.7895789,0.8467768,0.63213617,0.41027153,0.56880283,0.71878904,0.41007417,0.5850326,0.2853867,0.30170015,0.34064078,0.5088699,0.4633491,0.20462254,0.39605743,0.33994806,0.1842866,0.61020327,0.8735908,0.5880366,0.8753325,0.56626576,0.66522413,0.31886995,0.2733491,0.4856642,0.39407825,0.80129176,0.35845327,0.5623074,0.4870991,0.45879704,0.85355425,0.87675744,0.9345887,0.3248074,0.56626576,0.47522414,0.2080366,0.6692221,0.4350965,0.75824493,0.6255418,0.36938822,0.24959911,0.5405366,0.5232684,0.21001576,0.38616157,0.5207449,0.48907828,0.44009393,0.81940126,0.25355744,0.3228283,0.4594897,0.5939741,0.8407762,0.76685435,0.3703283,0.2377241,0.40397406,0.8711564,0.49753916,0.12886994,0.5484038,0.25553662,0.21387516,0.85136473,0.38814074,0.40793246,0.35053664,0.54904705,0.78793246,0.45939076,0.6691825,0.47918248,0.77407825,0.29511994,0.1961616,0.5959533,0.5365783,0.7463699,0.37032825,0.43564075,0.68645066,0.45206785,0.33470327,0.8038054,0.20808609,0.57675546,0.40001577,0.4217866,0.6592867,0.31471366,0.33470327,0.20328662,0.83462846,0.19319287,0.19220327,0.5025366,0.5286616,0.37230742,0.4158491,0.6869949,0.4059533,0.2970991,0.5029324,0.31387258,0.74043244,0.43168247,0.40001577,0.32079965,0.6949116,0.72801316,0.15855743,0.4665653,0.7206408,0.40199494,0.2139741,0.5524116,0.38160956,0.9739741,0.6030783,0.33668244,0.31238818,0.24168244,0.24168243,0.7028283,0.86442727,0.25583348,0.6691825,0.60980743,0.6600288,0.45725328,0.2674116,0.43761998,0.6554075,0.07939077,0.8391335,0.5444949,0.1545991,0.21793243,0.4574116,0.60980743,0.2911616,0.66522413,0.16449493,0.2339637,0.22386995,0.22980744,0.5031304,0.70797414,0.51827097,0.28611475,0.78001577,0.14074494,0.9415554,0.20605744,0.28868765,0.4712658,0.46566474,0.2672137,0.5029819,0.41980743,0.6553283,0.6078283,0.42119288,0.38418245,0.56032825,0.51678663,0.4870991
BC2026_Train_0019_S22_20211104_200000_60,0.30781147,0.369375,0.6647568,0.4751146,0.62216675,0.8016445,0.62774634,0.885137,0.84164983,0.6664391,0.7959755,0.75223595,0.6311109,0.7508288,0.74894464,0.77962965,0.89519286,0.31925526,0.44678533,0.70552176,0.833376,0.7743276,0.7581114,0.70628136,0.747349,0.7663688,0.3923661,0.84320706,0.6452904,0.9322696,0.23907341,0.34169322,0.4274901,0.5336763,0.2878599,0.51846844,0.27440155,0.33328176,0.4291724,0.28785986,0.4274901,0.4291724,0.27103695,0.34169322,0.4022557,0.4022557,0.39216197,0.42076093,0.43590155,0.38038594,0.27103695,0.27103695,0.27103695,0.4426307,0.3046828,0.5792687,0.13486327,0.46798962,0.694436,0.43839124,0.79957926,0.8701563,0.6762573,0.7845969,0.38248962,0.3949584,0.71324795,0.72531927,0.4020508,0.6551862,0.3486133,0.35531148,0.41778898,0.60185146,0.5424764,0.17766657,0.36435145,0.5661275,0.30695564,0.64361185,0.89158666,0.6354973,0.87151283,0.6493514,0.7107056,0.37820566,0.3742473,0.63658583,0.55039316,0.85043484,0.39008063,0.6513306,0.51080984,0.41392958,0.81258327,0.8000056,0.95730984,0.42174733,0.5682056,0.43560147,0.25351813,0.7512786,0.5292655,0.6750806,0.6630375,0.28285927,0.31487232,0.596864,0.5481171,0.31487232,0.58601815,0.7107056,0.50487226,0.48310143,0.7782942,0.2673723,0.3168515,0.4039843,0.74435145,0.88991916,0.72990346,0.38216394,0.26539314,0.41185147,0.84506136,0.5830988,0.34851813,0.6177838,0.29705977,0.24753116,0.8156014,0.42966396,0.49695563,0.39700776,0.47439313,0.7819556,0.35445565,0.7304973,0.48903894,0.7799765,0.2317473,0.28320563,0.6236223,0.7008098,0.6394556,0.41383064,0.42768478,0.74662757,0.43748164,0.41778898,0.8051119,0.26895565,0.70442176,0.5404973,0.4929973,0.7403931,0.45509624,0.42966396,0.23709106,0.86809886,0.21690355,0.27133062,0.55613273,0.6295598,0.44945562,0.3683098,0.7304973,0.48508066,0.38552856,0.5879973,0.36865616,0.72653896,0.4514348,0.30497646,0.37662232,0.5622681,0.7294582,0.17435147,0.48859364,0.69685143,0.4929973,0.3188306,0.5978931,0.38646865,0.9421692,0.6473723,0.47716397,0.49190873,0.18622647,0.465289,0.714664,0.8577577,0.3001275,0.72653896,0.7225806,0.68542176,0.5510858,0.25747648,0.47122645,0.6423056,0.12685147,0.85221606,0.6394557,0.2317473,0.3188306,0.57216394,0.6632056,0.21195564,0.59987223,0.20403896,0.27825773,0.30497646,0.41185147,0.51249206,0.6487973,0.6096692,0.5072473,0.6632056,0.1604973,0.94525176,0.3188306,0.34515357,0.51278895,0.54435664,0.28083062,0.5067525,0.32476813,0.52862227,0.631539,0.43738276,0.3920598,0.5820598,0.49497646,0.41383064
BC2026_Train_0020_S22_20211104_231500_5,0.6679985,0.36749998,0.53560454,0.73272294,0.69412917,0.2008906,0.69121647,0.65084153,0.7484144,0.751779,0.7837426,0.740003,0.6272894,0.60576636,0.6360476,0.6873575,0.7624104,0.31818643,0.76711595,0.4599294,0.81590235,0.72842324,0.49976933,0.7544938,0.7960563,0.6228792,0.60324293,0.43957812,0.30420312,0.84807813,0.32115355,0.33461186,0.33292958,0.51125246,0.29423687,0.2925546,0.40358585,0.42545563,0.60209626,0.26395562,0.5398514,0.60209626,0.38339832,0.33461186,0.4321848,0.4321848,0.3144244,0.49779418,0.46583062,0.43386707,0.38339832,0.38339832,0.38339832,0.6256484,0.20843999,0.46016395,0.1973281,0.7465771,0.39982706,0.4338935,0.7543701,0.6951188,0.8094156,0.89353025,0.6535563,0.87433237,0.8237646,0.7958551,0.3629844,0.83560944,0.45382813,0.28404018,0.28130606,0.79588944,0.54849356,0.40970457,0.5029727,0.68713427,0.22193108,0.18685035,0.82369673,0.6296394,0.90545607,0.54849356,0.5504727,0.17047276,0.43370193,0.8485378,0.3921394,0.91859776,0.43172273,0.32088938,0.59797275,0.31673318,0.7528426,0.6355769,0.7780769,0.4891186,0.84750617,0.74641025,0.3881811,0.43874878,0.5863452,0.9205769,0.8734312,0.5942618,0.28922275,0.667956,0.8501533,0.19224359,0.40401444,0.5148477,0.33276442,0.779122,0.9210445,0.40203524,0.5148477,0.50871235,0.5900561,0.8651603,0.36057174,0.79588944,0.43963942,0.54057693,0.79490185,0.9487553,0.8671394,0.4067358,0.32484776,0.32702485,0.6652644,0.54255605,0.31297275,0.74966794,0.8286011,0.91642064,0.3822436,0.2278686,0.8820228,0.87703526,0.45151442,0.6593269,0.78290606,0.45151442,0.7978686,0.3624519,0.22588943,0.7002611,0.3369207,0.50495195,0.7348321,0.70860815,0.6415639,0.18234774,0.7226603,0.27734774,0.426379,0.49901444,0.30307695,0.66872805,0.36027485,0.6197436,0.21544932,0.15463941,0.73057693,0.5366186,0.4119311,0.48713943,0.72374094,0.56630605,0.5522045,0.8869311,0.3387019,0.44755608,0.59421235,0.7008894,0.8755756,0.5643269,0.2913009,0.54057693,0.40005606,0.47130612,0.7662019,0.48511076,0.6771394,0.59203523,0.76026446,0.44369423,0.25359774,0.54057693,0.9756968,0.6532905,0.48486343,0.55047274,0.4713061,0.5840196,0.5985665,0.2971394,0.8373727,0.4930769,0.36838943,0.48921755,0.8730769,0.2674519,0.3941186,0.5742228,0.88980097,0.5900561,0.69693106,0.7681811,0.35196236,0.2674519,0.26547274,0.9263438,0.92255616,0.84823835,0.54582167,0.88772273,0.4831811,0.71266544,0.30109775,0.6194389,0.4238061,0.58006126,0.38046238,0.41514724,0.3881811,0.2872436,0.82557684,0.52424085,0.37234777,0.4693269,0.23380609,0.7187019
BC2026_Train_0020_S22_20211104_231500_10,0.66161084,0.410625,0.6515936,0.6925755,0.69554436,0.33718622,0.7844947,0.8433749,0.79627067,0.78113014,0.8467395,0.8568333,0.7508488,0.70737976,0.71747345,0.7671011,0.80142975,0.42489326,0.7707725,0.4319589,0.8330173,0.80105376,0.6141109,0.8489297,0.81726307,0.6618985,0.61233026,0.49215493,0.37637368,0.8664153,0.30637816,0.461149,0.33497712,0.4174094,0.4359146,0.35852918,0.4426438,0.49479482,0.5822741,0.299649,0.49143025,0.5822741,0.40731564,0.461149,0.44096148,0.44096148,0.37030524,0.54358137,0.54862815,0.530123,0.40731564,0.40731564,0.40731564,0.530123,0.18525314,0.6754162,0.24456118,0.841013,0.6399397,0.508048,0.8359267,0.6787214,0.899349,0.88757294,0.6886173,0.9351225,0.85051304,0.89485306,0.57151955,0.8664153,0.60516536,0.34692332,0.31408653,0.7396074,0.5436699,0.3748965,0.37346154,0.56296676,0.2863782,0.2548105,0.8399828,0.5753365,0.81333137,0.63273233,0.6604407,0.32991987,0.664399,0.8986582,0.33783653,0.8845813,0.5891907,0.5159615,0.49419072,0.38246676,0.8961595,0.5951282,0.593149,0.54960734,0.9434615,0.86231565,0.44866988,0.47669488,0.61546415,0.90783656,0.7097457,0.57899797,0.37939906,0.6559282,0.92603254,0.2448157,0.45856574,0.40908653,0.6070032,0.89190423,0.8938241,0.39721155,0.4229407,0.5614329,0.46846157,0.7396074,0.37009698,0.60304487,0.46252403,0.48033655,0.7517357,0.90560013,0.735649,0.53050846,0.30814904,0.3814277,0.53971153,0.7435657,0.44471157,0.7797488,0.7875546,0.8684511,0.47044072,0.2685657,0.7989824,0.9078365,0.4941907,0.68616986,0.86524487,0.5199199,0.842524,0.4348157,0.21908653,0.89112496,0.30508137,0.5159615,0.7424969,0.71996415,0.68240947,0.28241986,0.87616986,0.41502404,0.49567512,0.50408655,0.35555014,0.7413886,0.39592513,0.72139907,0.21107094,0.25669074,0.6070032,0.68616986,0.5120032,0.6089823,0.6833001,0.46846157,0.5756334,0.7673157,0.3833574,0.5535657,0.4524798,0.71189904,0.8039897,0.795024,0.31725323,0.6545032,0.40116987,0.45856574,0.7574198,0.5276387,0.7020032,0.53773236,0.61491984,0.3796712,0.28439903,0.6188782,0.966123,0.64599276,0.84511673,0.61491984,0.45658654,0.5325866,0.5170699,0.30814904,0.61491984,0.45856574,0.3932532,0.4952001,0.9047689,0.35169074,0.4664824,0.6010657,0.92493653,0.616899,0.65648234,0.83658653,0.34648553,0.32002407,0.26064906,0.88978654,0.9395032,0.8696782,0.5545553,0.9035813,0.48033658,0.87847364,0.30419073,0.59413856,0.4842949,0.6095959,0.5826595,0.42620638,0.44866988,0.44273242,0.90981567,0.47861865,0.37148237,0.64460737,0.29231572,0.52189904
BC2026_Train_0020_S22_20211104_231500_15,0.5276117,0.29999998,0.4778694,0.6585494,0.68328905,0.3759596,0.68529594,0.81826425,0.7660459,0.7677282,0.78286886,0.63650954,0.77445745,0.6189127,0.63573563,0.75770175,0.75948703,0.39047137,0.7514293,0.41345692,0.8035804,0.63030434,0.5612574,0.59521616,0.6367786,0.6120391,0.3759898,0.47392833,0.24592836,0.81078255,0.27729452,0.37150282,0.2806591,0.33281016,0.48421642,0.27729452,0.4202893,0.4455237,0.52627367,0.22514349,0.28907058,0.52627367,0.3008466,0.37150282,0.39000806,0.39000806,0.3210341,0.49935704,0.47075805,0.43542996,0.3008466,0.3008466,0.3008466,0.3630914,0.14102891,0.6205951,0.24949086,0.8802161,0.6720079,0.66443753,0.8242552,0.816962,0.847263,0.8775443,0.75008595,0.9727422,0.70604944,0.91425586,0.45255336,0.81276166,0.58713675,0.49000746,0.34244502,0.8576221,0.33848667,0.47212988,0.34442413,0.7322418,0.3285908,0.21647103,0.7599007,0.30879915,0.7428699,0.46911162,0.5601533,0.3464033,0.5027575,0.8936652,0.3285908,0.75015324,0.5245283,0.6025074,0.36817414,0.35867417,0.87516737,0.60765326,0.36619496,0.4710908,0.88869494,0.7739033,0.41171587,0.35465646,0.6857809,0.89463246,0.83675766,0.5106741,0.31473666,0.7142908,0.83015865,0.27317414,0.46515334,0.59775746,0.59973663,0.8407992,0.8610302,0.35036165,0.461195,0.5323955,0.49088252,0.5542158,0.34872884,0.4631741,0.4057783,0.40973663,0.80082387,0.7426819,0.8550491,0.44659865,0.24744499,0.41968197,0.43942416,0.69473666,0.4295283,0.7411006,0.7554337,0.82605433,0.4532783,0.2989033,0.7521325,0.87879914,0.45921582,0.5779658,0.7165075,0.48098665,0.8352575,0.42556995,0.14056998,0.9069553,0.3182991,0.7620283,0.53634393,0.6576273,0.6492653,0.3859867,0.6432783,0.52254915,0.48494494,0.37807,0.37322098,0.70391005,0.3311637,0.8810752,0.24675228,0.33452833,0.38994497,0.7026533,0.67890334,0.55025744,0.54135126,0.46713245,0.57796586,0.6531741,0.3642158,0.47109085,0.3716377,0.7303616,0.68043715,0.83921576,0.37688243,0.68088245,0.4354658,0.5067158,0.67494494,0.49281216,0.49088252,0.45723665,0.65119493,0.45988625,0.26129913,0.83723664,0.8516846,0.5993903,0.9011736,0.5443199,0.35629916,0.49800748,0.4051252,0.29098666,0.6769241,0.461195,0.53640336,0.40344292,0.87998664,0.27713245,0.6373408,0.5542158,0.8966117,0.48098665,0.6432783,0.85504913,0.31666142,0.25932,0.21181998,0.76641816,0.9698408,0.908828,0.60775226,0.91689813,0.5641116,0.69092673,0.33452833,0.59518456,0.5027575,0.6440106,0.6693044,0.3708955,0.55025744,0.2514033,0.68879914,0.37099648,0.31077832,0.6234866,0.22171581,0.62150747
BC2026_Train_0020_S22_20211104_231500_20,0.5015104,0.17062499,0.3470299,0.6853107,0.6724462,0.29584506,0.49086583,0.70973206,0.7602008,0.74842477,0.738331,0.40910646,0.8224455,0.41845572,0.4623635,0.73430604,0.6298941,0.3216388,0.74593264,0.43100756,0.7846253,0.64667743,0.5668229,0.4098107,0.6853107,0.5596336,0.2905174,0.40450132,0.22281379,0.7953867,0.19671874,0.2690573,0.20513022,0.26232815,0.348125,0.1883073,0.40364063,0.33971354,0.38177082,0.17484894,0.15970832,0.38177082,0.20176561,0.2690573,0.27915102,0.27915102,0.23036458,0.42719272,0.348125,0.31111458,0.20176561,0.20176561,0.20176561,0.2505521,0.08736979,0.4063432,0.23528254,0.91093576,0.45997268,0.6264355,0.767748,0.8139565,0.87918,0.8647123,0.7953524,0.91707116,0.6932274,0.890999,0.26734507,0.7839076,0.4401263,0.5272396,0.29225802,0.73450285,0.25861222,0.30240124,0.35361218,0.41932052,0.27246636,0.24856794,0.6909612,0.26454967,0.59111226,0.6762164,0.4842372,0.1814247,0.36152887,0.8026926,0.38527888,0.69204974,0.62871635,0.5337164,0.39715385,0.39695597,0.8658527,0.5831955,0.32194555,0.42882055,0.8523622,0.7929872,0.51788306,0.33063406,0.5295107,0.89194554,0.8821626,0.44994813,0.2605914,0.672258,0.6826487,0.29621637,0.38527888,0.46840388,0.67819554,0.84286225,0.8675247,0.40309137,0.45652884,0.5150133,0.51788306,0.4426747,0.3031929,0.4189247,0.43673718,0.35361218,0.8511411,0.7490497,0.6861122,0.36573458,0.2229872,0.37033617,0.36944556,0.68017465,0.33777887,0.64890385,0.58665913,0.70194554,0.434758,0.120070525,0.56340384,0.8558258,0.3832997,0.5970497,0.53569555,0.46246636,0.7395497,0.41694558,0.15569553,0.53124243,0.3498518,0.44663304,0.43325388,0.6362867,0.4799325,0.2704872,0.5831955,0.434758,0.4226851,0.304133,0.23189346,0.6497624,0.25376326,0.8065445,0.24688563,0.24475804,0.42684132,0.6112206,0.51590383,0.52777886,0.55687267,0.42288303,0.5323804,0.5376747,0.3318414,0.40704972,0.38562518,0.7355914,0.7221331,0.7969455,0.35014868,0.42288303,0.3120497,0.4426747,0.7553831,0.49843776,0.40507054,0.44069552,0.7098622,0.37547457,0.27246636,0.68413305,0.74350804,0.4495523,0.75008875,0.4011122,0.32590383,0.46790904,0.41811323,0.29225802,0.6326747,0.46444553,0.44663304,0.42484242,0.85978407,0.25069553,0.42882055,0.5653831,0.86962056,0.59507054,0.6702789,0.75934136,0.26685047,0.2289247,0.20715386,0.7899373,0.9473622,0.8321005,0.48997682,0.8677997,0.541633,0.7010549,0.23684138,0.6981852,0.41694552,0.5728841,0.5633049,0.3236773,0.37934136,0.23882052,0.5812164,0.34777367,0.1695497,0.54361224,0.1695497,0.53965384
BC2026_Train_0020_S22_20211104_231500_25,0.48014882,0.20062499,0.40136805,0.7438167,0.6893896,0.38990363,0.5240071,0.63688886,0.78156596,0.7327795,0.712592,0.603243,0.7176388,0.44311398,0.46431085,0.80287206,0.64881665,0.33343646,0.7873791,0.3943285,0.7869753,0.7667879,0.5612947,0.45188957,0.8213208,0.62803537,0.35756943,0.37565365,0.20821613,0.8106744,0.30829775,0.3200738,0.3049332,0.31670925,0.3638134,0.25446445,0.43110508,0.39914152,0.5051259,0.22081861,0.23091237,0.5051259,0.2645582,0.3200738,0.2998863,0.2998863,0.23427694,0.4899853,0.3705426,0.34867278,0.2645582,0.2645582,0.2645582,0.34530818,0.10810506,0.47945145,0.27234113,0.88829577,0.3924651,0.58719033,0.7772893,0.85465,0.8456893,0.86301696,0.8548479,0.9473739,0.66464996,0.9220373,0.4166224,0.7631745,0.43799737,0.45639881,0.353664,0.81184113,0.4051223,0.4915625,0.5377265,0.62688804,0.53574735,0.38092706,0.7189192,0.38928902,0.55949736,0.66043484,0.46251816,0.21710148,0.56939316,0.83331513,0.39720565,0.8266849,0.5654348,0.69115144,0.46449736,0.47206765,0.86492485,0.6050182,0.3675182,0.39126816,0.8444973,0.78908074,0.4743932,0.4199661,0.30482808,0.899914,0.6938511,0.5524713,0.30418482,0.6604348,0.74766666,0.29230985,0.27449733,0.4743932,0.6228307,0.6806224,0.8699297,0.48824733,0.47043484,0.6566745,0.56741405,0.46845567,0.31487235,0.45064318,0.4565807,0.41699737,0.7926353,0.7746328,0.686164,0.4674166,0.2784557,0.43461192,0.5337681,0.6663723,0.37741402,0.68507546,0.6480651,0.7950182,0.4268932,0.4704348,0.82163805,0.8484557,0.42689317,0.5713724,0.709914,0.5060598,0.7534557,0.39720565,0.11418484,0.48018226,0.35598955,0.413039,0.52258587,0.5655338,0.50754416,0.306164,0.68418485,0.51199734,0.4838932,0.52980983,0.429664,0.6915647,0.2933984,0.58126813,0.37588018,0.23887233,0.37147653,0.70001817,0.4268932,0.55355984,0.44005466,0.44470567,0.6298567,0.6010598,0.33783066,0.44470567,0.45450258,0.7138723,0.76790357,0.79303896,0.42704162,0.3596015,0.3497057,0.44866404,0.8029348,0.45707548,0.62876815,0.4783515,0.7593932,0.39255464,0.26262236,0.7376223,0.8227265,0.36870566,0.7156437,0.42887232,0.591164,0.49601558,0.5175391,0.29824734,0.686164,0.57730985,0.5119973,0.49735153,0.9044661,0.353664,0.46647653,0.5476223,0.8194015,0.5377265,0.6643932,0.6168932,0.29414552,0.27449736,0.3378307,0.9338568,0.9771015,0.8122913,0.5023984,0.9175287,0.62480986,0.6415338,0.24876817,0.72604424,0.5337682,0.7311901,0.579388,0.3883489,0.62876815,0.33189318,0.5872057,0.43441403,0.3081432,0.5852265,0.21314315,0.43678898
BC2026_Train_0020_S22_20211104_231500_30,0.46982515,0.22687499,0.45039922,0.7237584,0.6594355,0.39725912,0.5291305,0.6105534,0.7585951,0.74850136,0.7316784,0.6122357,0.7316784,0.39343256,0.46913573,0.83646405,0.59709173,0.28863865,0.83055276,0.38955685,0.7534365,0.68109804,0.5193043,0.4979355,0.6643834,0.59016466,0.32908493,0.3901341,0.2298216,0.7829987,0.27827746,0.3893087,0.30519414,0.33379304,0.33715767,0.29846495,0.44314206,0.42631912,0.6012774,0.24126704,0.27995974,0.6012774,0.30182952,0.3893087,0.31697017,0.31697017,0.3085587,0.5104337,0.4347306,0.41790766,0.30182952,0.30182952,0.30182952,0.38089728,0.16219932,0.6371125,0.3117591,0.9018834,0.41123813,0.6895733,0.8241566,0.6307376,0.8952211,0.85223854,0.82944596,0.94433653,0.71980006,0.90781444,0.6484153,0.8067487,0.42932162,0.432221,0.369439,0.8709599,0.37141818,0.5915016,0.36943904,0.5891266,0.48027235,0.28299892,0.6395953,0.31600153,0.5515224,0.72766817,0.51193905,0.16162653,0.49214733,0.7598792,0.40902236,0.6583974,0.4426682,0.58120984,0.428814,0.38843906,0.873847,0.6643349,0.2526682,0.4466265,0.8305848,0.8147515,0.39120987,0.5834107,0.34925154,0.87590784,0.6728765,0.6635432,0.3001682,0.8495849,0.7142099,0.23683487,0.2586057,0.5376682,0.6504807,0.6749234,0.8283089,0.37933487,0.41100153,0.83798206,0.6010015,0.42683488,0.29606143,0.48620987,0.40110567,0.46839735,0.8764506,0.69080627,0.808814,0.49036607,0.18933487,0.5965732,0.4466265,0.666314,0.5376682,0.6360328,0.6511734,0.7316266,0.5317307,0.38527235,0.81851196,0.85037655,0.547564,0.6504807,0.5158974,0.62870985,0.7870432,0.5337099,0.13193904,0.6738349,0.3346057,0.62277234,0.47574404,0.6349442,0.3663713,0.27839738,0.7276682,0.47829318,0.4949182,0.31995985,0.43752235,0.63403636,0.3466786,0.60298073,0.33514994,0.19725154,0.26850152,0.77073485,0.6682932,0.41495985,0.34182966,0.30808488,0.7442932,0.606939,0.345689,0.45652238,0.43643385,0.7474599,0.69921774,0.77714735,0.3336656,0.40704316,0.40704316,0.55152243,0.68412656,0.37646505,0.5257932,0.4604807,0.60891825,0.45201978,0.29027236,0.95392656,0.65641826,0.4962542,0.8734339,0.5653765,0.5713141,0.46656665,0.4589211,0.23287654,0.62870985,0.666314,0.61287653,0.47406173,0.6940224,0.19923072,0.41693902,0.6880849,0.8889307,0.48225155,0.6445432,0.84048074,0.28631407,0.2407932,0.28631404,0.7576526,0.97308487,0.84315264,0.71698076,0.9618037,0.6861057,0.60594946,0.3001682,0.7169807,0.523814,0.8751201,0.7100536,0.33559528,0.5990224,0.3278765,0.53568906,0.37527755,0.2704807,0.5653765,0.19725154,0.298189
BC2026_Train_0020_S22_20211104_231500_35,0.52577376,0.255,0.49226865,0.7369085,0.6508147,0.40542576,0.73838794,0.64922655,0.7972681,0.77876294,0.75689316,0.71820045,0.8107264,0.57601416,0.58442557,0.83424586,0.6221168,0.37006992,0.81880885,0.44113442,0.7481527,0.7010485,0.67816967,0.45646057,0.60034597,0.61518973,0.3416709,0.41967574,0.21126953,0.84361327,0.26393005,0.34972695,0.32112798,0.34636238,0.2572009,0.28916445,0.42374778,0.43888843,0.6020706,0.25215402,0.32617486,0.6020706,0.2958936,0.34972695,0.32112798,0.32112798,0.3379509,0.52132076,0.49440402,0.46412274,0.2958936,0.2958936,0.2958936,0.39346653,0.17813319,0.6113423,0.26114452,0.85763764,0.46593088,0.675965,0.8256889,0.71513766,0.8657844,0.85829824,0.77075225,0.9101846,0.73888767,0.8782705,0.41967574,0.88517576,0.43214452,0.45848218,0.29321447,0.7510947,0.31300613,0.3569931,0.27342278,0.4864801,0.40602696,0.25669885,0.78869885,0.35852695,0.607902,0.7009228,0.52279776,0.27540195,0.54852694,0.78944105,0.49113113,0.66529775,0.5425894,0.6019645,0.4218603,0.3119176,0.8428488,0.7068603,0.29915196,0.4990478,0.7998811,0.7464436,0.38029778,0.6303566,0.22745664,0.89300096,0.7742034,0.6933228,0.28727695,0.8393853,0.64814585,0.20415196,0.25165197,0.45946446,0.56436026,0.5372457,0.7913213,0.39415196,0.39613113,0.85536957,0.39019364,0.4515478,0.37069884,0.48915195,0.36644363,0.5267561,0.8079839,0.71111554,0.68706864,0.3919749,0.14477696,0.50065833,0.40602693,0.68508947,0.4911311,0.60750616,0.6024593,0.7246728,0.49706864,0.20415196,0.6237353,0.8592561,0.5208186,0.61977696,0.4198811,0.4337353,0.85331863,0.5188395,0.08540196,0.85750705,0.32201135,0.6177978,0.6505441,0.65015715,0.3907379,0.20613113,0.6356103,0.39415196,0.35526133,0.36050612,0.43274572,0.6524134,0.30825615,0.5980061,0.31389678,0.17446446,0.36644363,0.6351353,0.4871728,0.45946446,0.35892278,0.25956863,0.8763561,0.6613395,0.2951936,0.31696448,0.47856343,0.7226936,0.6471885,0.774152,0.2786676,0.35852695,0.28727692,0.4436311,0.66331863,0.35204518,0.46738112,0.5346728,0.6019645,0.42438373,0.3149853,0.97008944,0.6534228,0.6432301,0.82780725,0.47925612,0.4040478,0.51755303,0.5782056,0.1962353,0.7602978,0.655402,0.4396728,0.6135337,0.7998811,0.11904778,0.45352694,0.60394365,0.9103186,0.44956863,0.64550614,0.66331863,0.27786604,0.15863113,0.32488117,0.6718786,0.94238114,0.8128348,0.7068603,0.8712301,0.4931103,0.6843968,0.2318603,0.6247249,0.6415478,0.9228231,0.5404124,0.34487075,0.38227695,0.2674853,0.6989437,0.47124052,0.23977695,0.5742561,0.20613113,0.3901936
BC2026_Train_0020_S22_20211104_231500_40,0.5778832,0.25125,0.4909302,0.7185311,0.67004156,0.28704944,0.77086365,0.6228219,0.7759105,0.755723,0.75908756,0.8201548,0.5858115,0.66626835,0.5072075,0.8252449,0.6255103,0.33031753,0.726992,0.41240346,0.77577853,0.6462421,0.38788316,0.5997811,0.61759365,0.5987915,0.42317706,0.29061195,0.20867446,0.7935182,0.25930464,0.32659632,0.29631507,0.40398175,0.34005466,0.30977342,0.39893487,0.38715884,0.56379944,0.28285673,0.31650257,0.56379944,0.29967964,0.32659632,0.324914,0.324914,0.31313798,0.4090286,0.41912234,0.4140755,0.29967964,0.29967964,0.29967964,0.41744006,0.13817964,0.6343047,0.23361197,0.7323853,0.4784285,0.6632282,0.7826709,0.74228114,0.80472386,0.8619217,0.671328,0.93990093,0.6848853,0.8963626,0.39036196,0.79747653,0.46161196,0.255279,0.3155541,0.5886791,0.3254499,0.2939812,0.3571166,0.527325,0.30367908,0.18304889,0.71247596,0.36107492,0.6935749,0.6262832,0.4639916,0.14138743,0.17107493,0.63761395,0.42242908,0.7133666,0.35315827,0.6579499,0.30763742,0.27072597,0.67462444,0.6183666,0.3452416,0.4283666,0.5471166,0.56690824,0.3254499,0.70175385,0.2737937,0.8995072,0.7859862,0.7194748,0.25222078,0.78857493,0.691623,0.17701243,0.19086659,0.41055408,0.4580541,0.7042625,0.8416166,0.2759708,0.35711658,0.86588615,0.40659577,0.4461791,0.31594995,0.5194082,0.3274291,0.38482493,0.764722,0.75621563,0.695554,0.4248041,0.19284578,0.34017,0.49367908,0.6203458,0.47784576,0.67625725,0.69139785,0.81034577,0.44222075,0.24628326,0.7621531,0.8459708,0.58669996,0.43232495,0.72524154,0.35711658,0.79847074,0.3709708,0.07013743,0.93866754,0.23371556,0.40263742,0.7539049,0.41708538,0.3861114,0.11565827,0.5233666,0.36503327,0.35909575,0.40857494,0.45241347,0.504713,0.28923118,0.39076245,0.20660098,0.14138743,0.37492907,0.4461791,0.35909575,0.51149166,0.3896739,0.34128323,0.9232844,0.6183666,0.30763742,0.3511791,0.42381454,0.70347077,0.65864265,0.53326243,0.2576635,0.42044994,0.28388745,0.4046166,0.6638874,0.35583013,0.54117906,0.6163874,0.43628326,0.33984837,0.25815827,0.96956974,0.85853845,0.61203325,0.72643906,0.527325,0.30367908,0.4763614,0.5183841,0.19086659,0.7766999,0.48972073,0.56690824,0.6718091,0.9575958,0.113679096,0.36107495,0.5609707,0.7802625,0.49367908,0.73543435,0.3689916,0.22015332,0.11169994,0.3254499,0.7474083,0.9607624,0.783721,0.695554,0.8341947,0.45607492,0.5677989,0.2502416,0.62855935,0.63222075,0.92642397,0.45241347,0.31713742,0.54117906,0.22451244,0.76284575,0.33306974,0.2443041,0.44419992,0.21065825,0.30763742
BC2026_Train_0020_S22_20211104_231500_45,0.601038,0.271875,0.449722,0.6879624,0.67509794,0.19408071,0.82512534,0.59254855,0.79274124,0.7540486,0.774236,0.80022746,0.51634073,0.62422144,0.4382441,0.7781512,0.66421247,0.22968645,0.6870323,0.3687427,0.76946455,0.72236043,0.3120796,0.8344208,0.72358745,0.5682229,0.4707965,0.23326822,0.18161196,0.83691406,0.2525502,0.36021692,0.29628983,0.51498777,0.30638358,0.31479505,0.35853463,0.37031066,0.585644,0.31143045,0.39386275,0.585644,0.39049816,0.36021692,0.41741484,0.41741484,0.32657108,0.4106857,0.41909713,0.42582628,0.39049816,0.39049816,0.39049816,0.50657624,0.1600242,0.4897223,0.21189322,0.6879624,0.4298594,0.50480545,0.79029036,0.5909833,0.81359005,0.86910564,0.6514468,0.897952,0.7117125,0.81620926,0.26354945,0.76170576,0.43989322,0.16166294,0.29343376,0.56260043,0.5784338,0.4696291,0.21822545,0.5480536,0.35478795,0.19546506,0.71242344,0.36666295,0.8523505,0.639788,0.4676004,0.111350454,0.14499629,0.5104494,0.38447544,0.8831265,0.16280878,0.4636421,0.3448921,0.32965255,0.7321656,0.76843375,0.45176712,0.39437127,0.7248921,0.53489214,0.2776004,0.58858,0.24588431,0.9188505,0.57595986,0.68222135,0.23405878,0.5408296,0.7008947,0.19645463,0.24395461,0.33499625,0.33301708,0.8565365,0.87375855,0.35676712,0.36864212,0.9152039,0.4042671,0.5131213,0.3840301,0.47551712,0.48343375,0.36666292,0.7273661,0.8639187,0.62791294,0.37022546,0.20832962,0.36021578,0.5724963,0.5843713,0.46364212,0.66640776,0.8245432,0.76447546,0.4458296,0.28749627,0.858189,0.8515588,0.42010042,0.3468713,0.79044217,0.26374626,0.8080172,0.2855171,0.12718378,0.944827,0.26909003,0.28155875,0.76017374,0.36240774,0.30308223,0.14301711,0.54874635,0.32312128,0.32935566,0.28947544,0.47274628,0.5454312,0.2624598,0.3805171,0.22911088,0.097496286,0.4042671,0.34093377,0.4497879,0.60020465,0.523695,0.20635045,0.9163964,0.6635379,0.23010045,0.32510042,0.42633483,0.69916296,0.77071977,0.4220796,0.25127754,0.3508296,0.25978795,0.24989212,0.6952046,0.27784786,0.675413,0.65166295,0.44385043,0.3455848,0.19447546,0.9692203,0.96011615,0.64814997,0.5768505,0.6853088,0.29343376,0.5137151,0.43549144,0.19447544,0.6793713,0.56260043,0.37655878,0.4825956,0.9477463,0.063850455,0.33499625,0.4398921,0.7308296,0.37457958,0.7521057,0.35478795,0.19328797,0.13510045,0.28947544,0.8840039,0.91687125,0.76526713,0.62039214,0.8599702,0.26968378,0.5711109,0.2518713,0.53883564,0.6219755,0.9074585,0.5013452,0.27601716,0.29937127,0.28749627,0.7149963,0.38882962,0.29541293,0.43197545,0.15687129,0.56260043
BC2026_Train_0020_S22_20211104_231500_50,0.54557663,0.2175,0.4260307,0.7386912,0.6842641,0.16775325,0.9088484,0.53807133,0.77090055,0.7641713,0.82473385,0.7271609,0.78604114,0.5793624,0.4401527,0.72488064,0.8040037,0.31109226,0.6840613,0.4108571,0.843879,0.81527996,0.41099328,0.86219114,0.7584828,0.64863914,0.4863316,0.32984698,0.144597,0.84106565,0.18819456,0.22015812,0.21679352,0.52128834,0.3412831,0.22520497,0.25043938,0.3076373,0.48932475,0.26558,0.47586644,0.48932475,0.3816581,0.22015812,0.3429654,0.3429654,0.25548625,0.33118933,0.35474145,0.36988208,0.3816581,0.3816581,0.3816581,0.54147583,0.19324145,0.49768707,0.2407845,0.74264956,0.4919931,0.4276454,0.78521645,0.5684829,0.8282485,0.8787172,0.7116756,0.88792044,0.70108706,0.81607,0.45809698,0.82671684,0.4616595,0.17151412,0.33103725,0.65957886,0.9085581,0.5868446,0.33499557,0.62336016,0.24593312,0.26612058,0.7036649,0.4596831,0.9448164,0.56853724,0.52697474,0.23207894,0.43593305,0.7525503,0.45572475,0.9367612,0.3171831,0.2934331,0.43791226,0.51975083,0.76853204,0.78038716,0.5942664,0.38447475,0.7624956,0.64770395,0.23405811,0.42250744,0.43543833,0.93666226,0.6292482,0.7746675,0.25582892,0.4596831,0.7004117,0.18457894,0.3409331,0.51707894,0.42207894,0.8145477,0.8689079,0.41416225,0.3706206,0.9234934,0.38249558,0.67739147,0.4700243,0.52499557,0.50916225,0.5309331,0.77897215,0.8643955,0.5962456,0.48838097,0.32114142,0.4590968,0.54280806,0.7427039,0.38249558,0.6197977,0.8065321,0.7684331,0.4596831,0.39634976,0.9412143,0.8416623,0.3587456,0.44384974,0.80239564,0.33895394,0.80009973,0.35676643,0.21030812,0.87158483,0.41544873,0.36666226,0.7868918,0.48051387,0.47942525,0.28749558,0.77239144,0.3112456,0.44671956,0.3943706,0.32094356,0.52291745,0.16280812,0.4418706,0.36032894,0.23603727,0.6397873,0.46166223,0.6694748,0.35676643,0.48145396,0.49728727,0.7107404,0.6180164,0.2736414,0.63384974,0.42499822,0.93666226,0.8562364,0.47947475,0.33811277,0.4695789,0.47749558,0.2518706,0.74864143,0.2994201,0.65957886,0.53291225,0.5368706,0.37067005,0.19051644,0.87798005,0.97119874,0.67694616,0.44315705,0.6358289,0.40228724,0.57531595,0.4275543,0.25582892,0.61603725,0.6279122,0.24197479,0.38381475,0.75062054,0.18853727,0.35478726,0.42009974,0.7585373,0.21822478,0.71895397,0.3765581,0.28838623,0.28353727,0.34489143,0.908526,0.86541224,0.8553185,0.41980287,0.9132092,0.33103725,0.5976805,0.31916225,0.45117268,0.5388498,0.83290255,0.34113103,0.32015184,0.42603728,0.22614145,0.74072474,0.3960529,0.26770392,0.42009974,0.21030812,0.6417664
BC2026_Train_0020_S22_20211104_231500_55,0.6567745,0.27,0.52162564,0.7092819,0.70037574,0.28889778,0.91814184,0.68228453,0.87911266,0.7680814,0.81855017,0.7293887,0.8757481,0.75212854,0.62551934,0.848423,0.7726153,0.5796466,0.74942446,0.45704216,0.8924193,0.82176304,0.43708706,0.87877786,0.92501116,0.7669153,0.7104751,0.4171478,0.30849153,0.8446477,0.2329677,0.39783227,0.29521248,0.56437916,0.32044688,0.3355875,0.40792605,0.4163375,0.54923844,0.2901656,0.47689998,0.54923844,0.44998333,0.39783227,0.4752177,0.4752177,0.32885832,0.5441916,0.4567125,0.43988958,0.44998333,0.44998333,0.44998333,0.63335305,0.16567603,0.59355575,0.24971026,0.8596987,0.53538746,0.6496992,0.8614157,0.67167777,0.89057374,0.90403205,0.81744343,0.92708933,0.85550284,0.8923187,0.6111061,0.8779968,0.44564778,0.37177455,0.4023202,0.8298202,0.8979036,0.5373489,0.35482022,0.5022682,0.24002858,0.32058066,0.7915728,0.5586744,0.9389119,0.5606535,0.6319036,0.30534104,0.53888273,0.8703932,0.36669523,0.88592964,0.6833618,0.4141952,0.55471605,0.48697907,0.8235364,0.70719105,0.72096604,0.45971605,0.80211186,0.6991952,0.39638272,0.4827718,0.34052074,0.93669516,0.6032056,0.86767185,0.24992439,0.57054937,0.70988274,0.23409107,0.27169523,0.5289869,0.40232024,0.7799452,0.90451443,0.37263274,0.39440358,0.90943474,0.43794522,0.7348202,0.49252078,0.63784105,0.43398687,0.43794522,0.7714348,0.8407799,0.8412995,0.7048359,0.3726327,0.42888808,0.49732023,0.6813827,0.34294525,0.68850774,0.7238358,0.83377856,0.47950774,0.46565357,0.8957265,0.8725703,0.4874244,0.72096604,0.7229453,0.5448202,0.8219036,0.50721604,0.20440358,0.6964244,0.41464055,0.43200773,0.62852556,0.5715885,0.45313534,0.23409107,0.83575773,0.4399244,0.4534817,0.41815355,0.27159628,0.6401666,0.31197128,0.63784105,0.44843483,0.18857023,0.6220077,0.62992436,0.56461185,0.602216,0.61676294,0.52107024,0.55644786,0.6952369,0.34096608,0.5428411,0.51607287,0.9279869,0.84162104,0.83298695,0.40459627,0.44586188,0.41815355,0.43200773,0.6774244,0.40098432,0.6457577,0.5467994,0.61013275,0.43299735,0.2439869,0.7882577,0.9215546,0.66243225,0.633289,0.60419524,0.38450772,0.5425442,0.40033945,0.2796119,0.6987994,0.5111744,0.31919524,0.5214645,0.80607027,0.2914869,0.3924244,0.48940355,0.85024524,0.37461188,0.8599036,0.5012786,0.44823688,0.27169523,0.3389869,0.8968937,0.95252854,0.8082473,0.46694002,0.9417421,0.5646119,0.67213017,0.25388274,0.6335859,0.542841,0.5853916,0.4650598,0.43230462,0.5131536,0.35284105,0.6912785,0.5051379,0.41617438,0.5745077,0.24794525,0.5329452
BC2026_Train_0020_S22_20211104_231500_60,0.5168713,0.225,0.48391223,0.66852885,0.71108097,0.33897722,0.8715122,0.66459036,0.85805386,0.7571164,0.812632,0.71842366,0.73356426,0.7599053,0.7057018,0.7839284,0.6804039,0.4709091,0.7194603,0.48881808,0.89105403,0.7665644,0.4693713,0.8909872,0.860508,0.77904546,0.61906374,0.42803973,0.2463522,0.8669199,0.21975878,0.36443582,0.29041505,0.39135253,0.23994628,0.27527443,0.44350356,0.40649316,0.440139,0.2332171,0.34088376,0.440139,0.37789422,0.36443582,0.34424838,0.34424838,0.27190983,0.45023274,0.42668068,0.40481085,0.37789422,0.37789422,0.37789422,0.48219633,0.13900878,0.4514234,0.2321022,0.88623714,0.51270914,0.5932067,0.83999896,0.7001955,0.90004194,0.92191166,0.79163307,0.86792994,0.97124237,0.89001745,0.39775845,0.89057094,0.39063346,0.3367671,0.36971503,0.5874234,0.7483296,0.22721505,0.48252752,0.4120692,0.17971502,0.22592856,0.8243297,0.54190254,0.9085234,0.6270067,0.68836087,0.17377752,0.66659,0.85785925,0.41325668,0.82531923,0.80695254,0.31034002,0.464715,0.3335458,0.87865776,0.70783585,0.5379442,0.54388165,0.88231915,0.72992337,0.488465,0.49646088,0.29450673,0.9337775,0.70183897,0.7714206,0.28263167,0.57554835,0.7106265,0.23117337,0.24700668,0.3994025,0.5458609,0.76732963,0.94840753,0.43700668,0.3538817,0.9125015,0.4429442,0.84938586,0.47263172,0.8150275,0.4073192,0.33409002,0.7603827,0.76519465,0.6210692,0.43670985,0.27471504,0.35734522,0.46867335,0.5795067,0.4726317,0.58643377,0.7698036,0.80909,0.3994025,0.32023585,0.6210692,0.87222546,0.42711088,0.9120067,0.66659,0.43304834,0.8586682,0.61711085,0.21731918,0.62651193,0.3722385,0.30242336,0.7420755,0.43854058,0.5542228,0.2351317,0.66461086,0.3538817,0.38515252,0.3657567,0.29104313,0.6128557,0.30281922,0.6131525,0.32350147,0.26877752,0.56961083,0.59929836,0.4488817,0.61711085,0.6495692,0.5557567,0.5768804,0.5874234,0.27669418,0.49836087,0.43349367,0.97108483,0.76006365,0.8288817,0.43670985,0.50034004,0.38752753,0.48252755,0.7912775,0.42468637,0.535965,0.5974182,0.6942984,0.39110735,0.21929836,0.73784006,0.8711369,0.60721505,0.52963173,0.64086086,0.48252755,0.50063694,0.42244002,0.28461087,0.73190254,0.440965,0.33804837,0.5519765,0.6942984,0.3182567,0.2588817,0.48054835,0.8629234,0.5062775,0.77445465,0.607215,0.6187932,0.33606917,0.4785692,0.8934975,0.93179834,0.8038452,0.41879836,0.9251682,0.48450667,0.7503088,0.25492334,0.61255884,0.49440253,0.5519765,0.35497025,0.43334526,0.49242333,0.26877752,0.67846507,0.3862411,0.41523588,0.535965,0.25096503,0.59138167
