row_id,filename,start_sec,end_sec,site,any_call_label,labels,nearest_positive_distance_sec,oof_any_call_prob,final_any_call_prob,oof_no_call_prob,final_no_call_prob
BC2026_Train_0039_S22_20211231_201500_5,BC2026_Train_0039_S22_20211231_201500.ogg,0,5,S22,1,22961;23158;24321;517063;65380,0,0.9621928,0.9814998,0.037807226,0.018500209
BC2026_Train_0039_S22_20211231_201500_10,BC2026_Train_0039_S22_20211231_201500.ogg,5,10,S22,1,22961;23158;24321;517063;65380,0,0.97388333,0.98605543,0.02611667,0.013944566
BC2026_Train_0039_S22_20211231_201500_15,BC2026_Train_0039_S22_20211231_201500.ogg,10,15,S22,1,22961;23158;24321;517063;65380,0,0.98513514,0.9959249,0.014864862,0.00407511
BC2026_Train_0039_S22_20211231_201500_20,BC2026_Train_0039_S22_20211231_201500.ogg,15,20,S22,1,22961;23158;24321;517063;65380,0,0.97459275,0.9917042,0.025407255,0.008295774
BC2026_Train_0039_S22_20211231_201500_25,BC2026_Train_0039_S22_20211231_201500.ogg,20,25,S22,1,22961;23158;24321;517063;65380,0,0.98432213,0.9951308,0.01567787,0.0048692226
BC2026_Train_0039_S22_20211231_201500_30,BC2026_Train_0039_S22_20211231_201500.ogg,25,30,S22,1,22961;23158;24321;517063;65380,0,0.9838597,0.9948066,0.016140282,0.0051934123
BC2026_Train_0039_S22_20211231_201500_35,BC2026_Train_0039_S22_20211231_201500.ogg,30,35,S22,1,22961;23158;24321;517063;65380,0,0.9771796,0.98961794,0.022820413,0.010382056
BC2026_Train_0039_S22_20211231_201500_40,BC2026_Train_0039_S22_20211231_201500.ogg,35,40,S22,1,22961;23158;24321;517063;65380,0,0.97931254,0.9895655,0.02068746,0.010434508
BC2026_Train_0039_S22_20211231_201500_45,BC2026_Train_0039_S22_20211231_201500.ogg,40,45,S22,1,22961;23158;24321;65380,0,0.975544,0.98757285,0.024456024,0.012427151
BC2026_Train_0039_S22_20211231_201500_50,BC2026_Train_0039_S22_20211231_201500.ogg,45,50,S22,1,22961;23158;24321;517063;65380,0,0.98455733,0.9942458,0.015442669,0.005754173
BC2026_Train_0039_S22_20211231_201500_55,BC2026_Train_0039_S22_20211231_201500.ogg,50,55,S22,1,22961;23158;24321;65380,0,0.9706959,0.9899643,0.029304087,0.010035694
BC2026_Train_0039_S22_20211231_201500_60,BC2026_Train_0039_S22_20211231_201500.ogg,55,60,S22,1,22961;23158;24321;517063;65380,0,0.9609117,0.9863366,0.03908831,0.013663411
BC2026_Train_0019_S22_20211104_200000_5,BC2026_Train_0019_S22_20211104_200000.ogg,0,5,S22,1,22973;65380,0,0.7538503,0.7266864,0.24614972,0.27331358
BC2026_Train_0019_S22_20211104_200000_10,BC2026_Train_0019_S22_20211104_200000.ogg,5,10,S22,1,22973;517063;65380,0,0.8116642,0.8467625,0.18833578,0.15323752
BC2026_Train_0019_S22_20211104_200000_15,BC2026_Train_0019_S22_20211104_200000.ogg,10,15,S22,1,22973;517063;65380,0,0.798005,0.87359595,0.20199502,0.12640405
BC2026_Train_0019_S22_20211104_200000_20,BC2026_Train_0019_S22_20211104_200000.ogg,15,20,S22,1,22973;65380,0,0.8927303,0.941463,0.107269704,0.058537006
BC2026_Train_0019_S22_20211104_200000_25,BC2026_Train_0019_S22_20211104_200000.ogg,20,25,S22,1,22973;65380,0,0.91609925,0.960967,0.08390075,0.039032996
BC2026_Train_0019_S22_20211104_200000_30,BC2026_Train_0019_S22_20211104_200000.ogg,25,30,S22,1,22973;65380;bunibi1,0,0.9196466,0.9757531,0.08035338,0.024246871
BC2026_Train_0019_S22_20211104_200000_35,BC2026_Train_0019_S22_20211104_200000.ogg,30,35,S22,1,22973;65380;bunibi1,0,0.87554985,0.93373483,0.12445015,0.066265166
BC2026_Train_0019_S22_20211104_200000_40,BC2026_Train_0019_S22_20211104_200000.ogg,35,40,S22,1,22973;47144;65380,0,0.88331515,0.9593168,0.116684854,0.04068321
BC2026_Train_0019_S22_20211104_200000_45,BC2026_Train_0019_S22_20211104_200000.ogg,40,45,S22,1,22973;47144;65380,0,0.9320658,0.98756963,0.067934215,0.01243037
BC2026_Train_0019_S22_20211104_200000_50,BC2026_Train_0019_S22_20211104_200000.ogg,45,50,S22,1,22973;65380,0,0.82268506,0.90738934,0.17731494,0.09261066
BC2026_Train_0019_S22_20211104_200000_55,BC2026_Train_0019_S22_20211104_200000.ogg,50,55,S22,1,22973,0,0.54864496,0.5904403,0.45135504,0.40955973
BC2026_Train_0019_S22_20211104_200000_60,BC2026_Train_0019_S22_20211104_200000.ogg,55,60,S22,1,22973,0,0.59021485,0.57139415,0.40978515,0.42860585
BC2026_Train_0053_S22_20220211_204500_5,BC2026_Train_0053_S22_20220211_204500.ogg,0,5,S22,1,22973;517063;555146;65380,0,0.9357585,0.9487741,0.06424153,0.0512259
BC2026_Train_0053_S22_20220211_204500_10,BC2026_Train_0053_S22_20220211_204500.ogg,5,10,S22,1,22973;517063;555146;65380,0,0.95811373,0.9567689,0.04188627,0.04323113
BC2026_Train_0053_S22_20220211_204500_15,BC2026_Train_0053_S22_20220211_204500.ogg,10,15,S22,1,22973;517063;555146;65380,0,0.95313203,0.9517154,0.046867967,0.04828459
BC2026_Train_0053_S22_20220211_204500_20,BC2026_Train_0053_S22_20220211_204500.ogg,15,20,S22,1,22973;24321;517063;555146;65380,0,0.9623434,0.97117436,0.037656605,0.02882564
BC2026_Train_0053_S22_20220211_204500_25,BC2026_Train_0053_S22_20220211_204500.ogg,20,25,S22,1,22973;24321;517063;555146;65380,0,0.9776465,0.98448235,0.02235347,0.015517652
BC2026_Train_0053_S22_20220211_204500_30,BC2026_Train_0053_S22_20220211_204500.ogg,25,30,S22,1,22973;24321;517063;555146;65380,0,0.9541684,0.9626262,0.04583162,0.03737378
BC2026_Train_0053_S22_20220211_204500_35,BC2026_Train_0053_S22_20220211_204500.ogg,30,35,S22,1,22973;24321;517063;555146;65380;66971,0,0.9577968,0.9511026,0.042203188,0.048897386
BC2026_Train_0053_S22_20220211_204500_40,BC2026_Train_0053_S22_20220211_204500.ogg,35,40,S22,1,22973;517063;555146;65380;66971,0,0.9761483,0.9777932,0.023851693,0.022206783
BC2026_Train_0053_S22_20220211_204500_45,BC2026_Train_0053_S22_20220211_204500.ogg,40,45,S22,1,22973;555146;65380;66971,0,0.9618876,0.9702544,0.038112402,0.029745579
BC2026_Train_0053_S22_20220211_204500_50,BC2026_Train_0053_S22_20220211_204500.ogg,45,50,S22,1,22973;517063;555146;65380,0,0.9540648,0.95012003,0.045935214,0.04987997
BC2026_Train_0053_S22_20220211_204500_55,BC2026_Train_0053_S22_20220211_204500.ogg,50,55,S22,1,22973;517063;555146;65380,0,0.96217346,0.95344853,0.037826538,0.046551466
BC2026_Train_0053_S22_20220211_204500_60,BC2026_Train_0053_S22_20220211_204500.ogg,55,60,S22,1,22973;517063;555146;65380;66971,0,0.9623031,0.9705111,0.037696898,0.029488921
BC2026_Train_0047_S22_20220131_003000_5,BC2026_Train_0047_S22_20220131_003000.ogg,0,5,S22,1,24279;555146;65380,0,0.96031773,0.9698475,0.03968227,0.0301525
BC2026_Train_0047_S22_20220131_003000_10,BC2026_Train_0047_S22_20220131_003000.ogg,5,10,S22,1,24279;517063;555146;65380,0,0.9804876,0.9896814,0.019512415,0.010318577
BC2026_Train_0047_S22_20220131_003000_15,BC2026_Train_0047_S22_20220131_003000.ogg,10,15,S22,1,22973;24279;517063;555146;65380,0,0.9773571,0.9863853,0.02264291,0.013614714
BC2026_Train_0047_S22_20220131_003000_20,BC2026_Train_0047_S22_20220131_003000.ogg,15,20,S22,1,22973;23158;24279;517063;555146;65380,0,0.97397625,0.98165005,0.026023746,0.018349946
BC2026_Train_0047_S22_20220131_003000_25,BC2026_Train_0047_S22_20220131_003000.ogg,20,25,S22,1,23158;24279;517063;555146;65380,0,0.96833175,0.9761615,0.031668246,0.02383852
BC2026_Train_0047_S22_20220131_003000_30,BC2026_Train_0047_S22_20220131_003000.ogg,25,30,S22,1,24279;517063;555146;65380,0,0.9695229,0.98011255,0.030477107,0.019887447
BC2026_Train_0047_S22_20220131_003000_35,BC2026_Train_0047_S22_20220131_003000.ogg,30,35,S22,1,22973;23158;24279;517063;555146;65380,0,0.9668807,0.9737073,0.03311932,0.026292682
BC2026_Train_0047_S22_20220131_003000_40,BC2026_Train_0047_S22_20220131_003000.ogg,35,40,S22,1,23158;24279;517063;555146;65380,0,0.9730477,0.9787007,0.026952326,0.021299303
BC2026_Train_0047_S22_20220131_003000_45,BC2026_Train_0047_S22_20220131_003000.ogg,40,45,S22,1,22973;24279;517063;555146;65380,0,0.9711856,0.9816364,0.028814375,0.018363595
BC2026_Train_0047_S22_20220131_003000_50,BC2026_Train_0047_S22_20220131_003000.ogg,45,50,S22,1,22973;24279;517063;555146;65380,0,0.96299046,0.96889937,0.037009537,0.03110063
BC2026_Train_0047_S22_20220131_003000_55,BC2026_Train_0047_S22_20220131_003000.ogg,50,55,S22,1,22973;23158;24279;517063;555146;65380,0,0.96833193,0.9732011,0.031668067,0.026798904
BC2026_Train_0047_S22_20220131_003000_60,BC2026_Train_0047_S22_20220131_003000.ogg,55,60,S22,1,24279;517063;555146;65380,0,0.96348816,0.96835303,0.03651184,0.031646967
BC2026_Train_0027_S22_20211129_014500_5,BC2026_Train_0027_S22_20211129_014500.ogg,0,5,S22,1,1491113;22967;22973;24279;517063;65380;trsowl,0,0.9745409,0.9869996,0.02545911,0.013000429
BC2026_Train_0027_S22_20211129_014500_10,BC2026_Train_0027_S22_20211129_014500.ogg,5,10,S22,1,1491113;22967;22973;517063;65380;trsowl,0,0.98529786,0.9936073,0.014702141,0.0063927174
BC2026_Train_0027_S22_20211129_014500_15,BC2026_Train_0027_S22_20211129_014500.ogg,10,15,S22,1,1491113;22967;22973;24279;517063;65380;67252;trsowl,0,0.9844451,0.9938978,0.015554905,0.0061022043
BC2026_Train_0027_S22_20211129_014500_20,BC2026_Train_0027_S22_20211129_014500.ogg,15,20,S22,1,1491113;22967;22973;24279;517063;65380;67252,0,0.9943216,0.9989708,0.0056784153,0.0010291934
BC2026_Train_0027_S22_20211129_014500_25,BC2026_Train_0027_S22_20211129_014500.ogg,20,25,S22,1,1491113;22967;22973;517063;65380;trsowl,0,0.97375524,0.976997,0.02624476,0.023002982
BC2026_Train_0027_S22_20211129_014500_30,BC2026_Train_0027_S22_20211129_014500.ogg,25,30,S22,1,1491113;22967;22973;517063;65380;trsowl,0,0.98004276,0.9872864,0.019957244,0.012713611
BC2026_Train_0027_S22_20211129_014500_35,BC2026_Train_0027_S22_20211129_014500.ogg,30,35,S22,1,1491113;22967;22973;517063;65380,0,0.98156387,0.98988456,0.018436134,0.010115445
BC2026_Train_0027_S22_20211129_014500_40,BC2026_Train_0027_S22_20211129_014500.ogg,35,40,S22,1,1491113;22967;22973;517063;65380;trsowl,0,0.9707343,0.9813194,0.029265702,0.018680573
BC2026_Train_0027_S22_20211129_014500_45,BC2026_Train_0027_S22_20211129_014500.ogg,40,45,S22,1,1491113;22967;22973;517063;65380;trsowl,0,0.9762668,0.9826662,0.023733199,0.017333806
BC2026_Train_0027_S22_20211129_014500_50,BC2026_Train_0027_S22_20211129_014500.ogg,45,50,S22,1,1491113;22967;22973;517063;65380;trsowl,0,0.972932,0.98269343,0.027068019,0.017306566
BC2026_Train_0027_S22_20211129_014500_55,BC2026_Train_0027_S22_20211129_014500.ogg,50,55,S22,1,1491113;22967;22973;517063;65380,0,0.9706719,0.9762054,0.029328108,0.023794591
BC2026_Train_0027_S22_20211129_014500_60,BC2026_Train_0027_S22_20211129_014500.ogg,55,60,S22,1,1491113;22967;22973;517063;65380;trsowl,0,0.9708801,0.97624016,0.029119909,0.023759842
BC2026_Train_0005_S08_20250607_070007_5,BC2026_Train_0005_S08_20250607_070007.ogg,0,5,S08,1,47158son15;47158son16;47158son17;47158son25,0,0.9234622,0.9661793,0.07653779,0.03382069
BC2026_Train_0005_S08_20250607_070007_10,BC2026_Train_0005_S08_20250607_070007.ogg,5,10,S08,1,47158son15;47158son16;47158son17;47158son25,0,0.9597377,0.9838504,0.040262282,0.01614958
BC2026_Train_0005_S08_20250607_070007_15,BC2026_Train_0005_S08_20250607_070007.ogg,10,15,S08,1,47158son15;47158son16;47158son25,0,0.666968,0.8420652,0.333032,0.15793478
BC2026_Train_0005_S08_20250607_070007_20,BC2026_Train_0005_S08_20250607_070007.ogg,15,20,S08,1,116570;47158son15;47158son16;47158son17;47158son25,0,0.9372953,0.96838045,0.06270468,0.03161955
BC2026_Train_0005_S08_20250607_070007_25,BC2026_Train_0005_S08_20250607_070007.ogg,20,25,S08,1,47158son15;47158son16;47158son17;47158son25,0,0.89125293,0.9497385,0.108747065,0.050261497
BC2026_Train_0005_S08_20250607_070007_30,BC2026_Train_0005_S08_20250607_070007.ogg,25,30,S08,1,116570;47158son15;47158son16;47158son17;47158son25,0,0.95446837,0.9795033,0.04553163,0.020496726
BC2026_Train_0005_S08_20250607_070007_35,BC2026_Train_0005_S08_20250607_070007.ogg,30,35,S08,1,47158son15;47158son16;47158son17;47158son25,0,0.9526094,0.97987807,0.04739058,0.020121932
BC2026_Train_0005_S08_20250607_070007_40,BC2026_Train_0005_S08_20250607_070007.ogg,35,40,S08,1,47158son15;47158son16;47158son17;47158son25,0,0.9448106,0.977264,0.05518937,0.022736013
BC2026_Train_0005_S08_20250607_070007_45,BC2026_Train_0005_S08_20250607_070007.ogg,40,45,S08,1,47158son15;47158son16;47158son17;47158son25,0,0.82197803,0.9148408,0.17802197,0.08515918
BC2026_Train_0005_S08_20250607_070007_50,BC2026_Train_0005_S08_20250607_070007.ogg,45,50,S08,1,47158son15;47158son16;47158son17;47158son25;chacha1,0,0.93077374,0.9702918,0.069226265,0.029708207
BC2026_Train_0005_S08_20250607_070007_55,BC2026_Train_0005_S08_20250607_070007.ogg,50,55,S08,1,47158son15;47158son16;47158son17;47158son25;chacha1,0,0.89683616,0.9608843,0.10316384,0.039115727
BC2026_Train_0005_S08_20250607_070007_60,BC2026_Train_0005_S08_20250607_070007.ogg,55,60,S08,1,47158son15;47158son16;47158son25,0,0.88985115,0.96022856,0.11014885,0.039771438
BC2026_Train_0014_S13_20220228_214500_5,BC2026_Train_0014_S13_20220228_214500.ogg,0,5,S13,1,22961;23158;65377;65380,0,0.99703836,0.9968525,0.0029616356,0.0031474829
BC2026_Train_0014_S13_20220228_214500_10,BC2026_Train_0014_S13_20220228_214500.ogg,5,10,S13,1,22961;23158;65380,0,0.99418163,0.9937239,0.005818367,0.006276071
BC2026_Train_0014_S13_20220228_214500_15,BC2026_Train_0014_S13_20220228_214500.ogg,10,15,S13,1,22961;65377;65380,0,0.992228,0.9915822,0.0077720284,0.008417785
BC2026_Train_0014_S13_20220228_214500_20,BC2026_Train_0014_S13_20220228_214500.ogg,15,20,S13,1,22961;65377;65380,0,0.988185,0.9870278,0.0118150115,0.012972176
BC2026_Train_0014_S13_20220228_214500_25,BC2026_Train_0014_S13_20220228_214500.ogg,20,25,S13,1,22961;23158;65377;65380,0,0.9947797,0.99422276,0.005220294,0.00577724
BC2026_Train_0014_S13_20220228_214500_30,BC2026_Train_0014_S13_20220228_214500.ogg,25,30,S13,1,22961;65377;65380,0,0.98634803,0.9850325,0.013651967,0.014967501
BC2026_Train_0014_S13_20220228_214500_35,BC2026_Train_0014_S13_20220228_214500.ogg,30,35,S13,1,22961;65377;65380,0,0.96772766,0.96408236,0.03227234,0.03591764
BC2026_Train_0014_S13_20220228_214500_40,BC2026_Train_0014_S13_20220228_214500.ogg,35,40,S13,1,22961;23158;65380,0,0.9915422,0.99076754,0.00845778,0.009232461
BC2026_Train_0014_S13_20220228_214500_45,BC2026_Train_0014_S13_20220228_214500.ogg,40,45,S13,1,22961;23158;517063;65377;65380,0,0.9845124,0.9829999,0.015487611,0.01700008
BC2026_Train_0014_S13_20220228_214500_50,BC2026_Train_0014_S13_20220228_214500.ogg,45,50,S13,1,22961;65380,0,0.98520327,0.98338485,0.014796734,0.016615152
BC2026_Train_0014_S13_20220228_214500_55,BC2026_Train_0014_S13_20220228_214500.ogg,50,55,S13,1,22961;23158;65377;65380,0,0.98669934,0.9851738,0.013300657,0.014826179
BC2026_Train_0014_S13_20220228_214500_60,BC2026_Train_0014_S13_20220228_214500.ogg,55,60,S13,1,22961;517063;65377;65380,0,0.9860442,0.98475,0.013955772,0.015250027
BC2026_Train_0061_S19_20250418_210000_5,BC2026_Train_0061_S19_20250418_210000.ogg,0,5,S19,1,326272;517063,0,0.021024356,0.087608084,0.97897565,0.9123919
BC2026_Train_0061_S19_20250418_210000_10,BC2026_Train_0061_S19_20250418_210000.ogg,5,10,S19,1,326272,0,0.19438219,0.49589857,0.8056178,0.5041014
BC2026_Train_0061_S19_20250418_210000_15,BC2026_Train_0061_S19_20250418_210000.ogg,10,15,S19,1,326272,0,0.08853772,0.25515482,0.9114623,0.74484515
BC2026_Train_0061_S19_20250418_210000_20,BC2026_Train_0061_S19_20250418_210000.ogg,15,20,S19,1,326272,0,0.24127485,0.528227,0.75872517,0.47177303
BC2026_Train_0061_S19_20250418_210000_25,BC2026_Train_0061_S19_20250418_210000.ogg,20,25,S19,1,326272,0,0.14600168,0.4019361,0.8539983,0.5980639
BC2026_Train_0061_S19_20250418_210000_30,BC2026_Train_0061_S19_20250418_210000.ogg,25,30,S19,1,326272,0,0.13969982,0.3557431,0.8603002,0.6442569
BC2026_Train_0061_S19_20250418_210000_35,BC2026_Train_0061_S19_20250418_210000.ogg,30,35,S19,1,326272,0,0.24791615,0.5676308,0.75208384,0.43236917
BC2026_Train_0061_S19_20250418_210000_40,BC2026_Train_0061_S19_20250418_210000.ogg,35,40,S19,1,326272,0,0.16056342,0.46327356,0.8394366,0.5367265
BC2026_Train_0061_S19_20250418_210000_45,BC2026_Train_0061_S19_20250418_210000.ogg,40,45,S19,1,326272,0,0.37968594,0.6879268,0.62031406,0.31207317
BC2026_Train_0061_S19_20250418_210000_50,BC2026_Train_0061_S19_20250418_210000.ogg,45,50,S19,1,326272,0,0.30315214,0.63155085,0.69684786,0.36844915
BC2026_Train_0061_S19_20250418_210000_55,BC2026_Train_0061_S19_20250418_210000.ogg,50,55,S19,1,326272,0,0.25266033,0.55102336,0.74733967,0.44897664
BC2026_Train_0061_S19_20250418_210000_60,BC2026_Train_0061_S19_20250418_210000.ogg,55,60,S19,1,517063,0,0.03314903,0.08254119,0.966851,0.91745883
BC2026_Train_0046_S22_20220127_230000_5,BC2026_Train_0046_S22_20220127_230000.ogg,0,5,S22,1,24279;555146;65380;66971,0,0.95577776,0.95623755,0.044222236,0.043762445
BC2026_Train_0046_S22_20220127_230000_10,BC2026_Train_0046_S22_20220127_230000.ogg,5,10,S22,1,24279;24321;555146;65380;66971,0,0.9692512,0.9755785,0.030748785,0.024421513
BC2026_Train_0046_S22_20220127_230000_15,BC2026_Train_0046_S22_20220127_230000.ogg,10,15,S22,1,24279;24321;555146;65380;66971,0,0.9619345,0.9643084,0.038065493,0.03569162
BC2026_Train_0046_S22_20220127_230000_20,BC2026_Train_0046_S22_20220127_230000.ogg,15,20,S22,1,24279;24321;555146;65380,0,0.962103,0.9626525,0.03789699,0.037347496
BC2026_Train_0046_S22_20220127_230000_25,BC2026_Train_0046_S22_20220127_230000.ogg,20,25,S22,1,24279;555146;65380,0,0.95926327,0.9591262,0.040736735,0.040873826
BC2026_Train_0046_S22_20220127_230000_30,BC2026_Train_0046_S22_20220127_230000.ogg,25,30,S22,1,24279;555146;65380;66971,0,0.96483004,0.9692993,0.03516996,0.030700684
BC2026_Train_0046_S22_20220127_230000_35,BC2026_Train_0046_S22_20220127_230000.ogg,30,35,S22,1,24279;555146;65380;66971,0,0.96107435,0.96170795,0.038925648,0.03829205
BC2026_Train_0046_S22_20220127_230000_40,BC2026_Train_0046_S22_20220127_230000.ogg,35,40,S22,1,24279;24321;555146;65380;66971,0,0.9689065,0.97356707,0.031093478,0.026432931
BC2026_Train_0046_S22_20220127_230000_45,BC2026_Train_0046_S22_20220127_230000.ogg,40,45,S22,1,24279;24321;555146;65380,0,0.9757733,0.98330456,0.024226725,0.01669544
BC2026_Train_0046_S22_20220127_230000_50,BC2026_Train_0046_S22_20220127_230000.ogg,45,50,S22,1,24279;24321;555146;65380;66971,0,0.95399046,0.9567956,0.04600954,0.043204427
BC2026_Train_0046_S22_20220127_230000_55,BC2026_Train_0046_S22_20220127_230000.ogg,50,55,S22,1,24279;555146;65380;66971,0,0.96479976,0.9689048,0.03520024,0.031095207
BC2026_Train_0046_S22_20220127_230000_60,BC2026_Train_0046_S22_20220127_230000.ogg,55,60,S22,1,24279;555146;65380,0,0.96724993,0.9720787,0.03275007,0.027921319
BC2026_Train_0057_S15_20250617_060000_5,BC2026_Train_0057_S15_20250617_060000.ogg,0,5,S15,1,47158son07;chvcon1;undtin1;whtdov,0,0.9882805,0.9855105,0.011719525,0.014489472
BC2026_Train_0057_S15_20250617_060000_10,BC2026_Train_0057_S15_20250617_060000.ogg,5,10,S15,1,47158son07;chacha1;chvcon1;whtdov,0,0.9739721,0.97297513,0.026027918,0.027024865
BC2026_Train_0057_S15_20250617_060000_15,BC2026_Train_0057_S15_20250617_060000.ogg,10,15,S15,1,47158son07;chacha1;chvcon1;whtdov,0,0.9731123,0.96970403,0.026887715,0.030295968
BC2026_Train_0057_S15_20250617_060000_20,BC2026_Train_0057_S15_20250617_060000.ogg,15,20,S15,1,47158son07;chvcon1;limpki;whtdov,0,0.91904205,0.9234258,0.08095795,0.07657421
BC2026_Train_0057_S15_20250617_060000_25,BC2026_Train_0057_S15_20250617_060000.ogg,20,25,S15,1,47158son07;chvcon1;limpki;whtdov,0,0.9769959,0.97170556,0.023004115,0.028294444
BC2026_Train_0057_S15_20250617_060000_30,BC2026_Train_0057_S15_20250617_060000.ogg,25,30,S15,1,47158son07;chvcon1;undtin1;whtdov,0,0.9499689,0.94744647,0.050031126,0.052553535
BC2026_Train_0057_S15_20250617_060000_35,BC2026_Train_0057_S15_20250617_060000.ogg,30,35,S15,1,47158son07;chvcon1;undtin1;whtdov,0,0.9698934,0.9688575,0.030106604,0.031142473
BC2026_Train_0057_S15_20250617_060000_40,BC2026_Train_0057_S15_20250617_060000.ogg,35,40,S15,1,47158son07;chvcon1;undtin1;whtdov,0,0.9772844,0.97321385,0.022715628,0.026786149
BC2026_Train_0057_S15_20250617_060000_45,BC2026_Train_0057_S15_20250617_060000.ogg,40,45,S15,1,47158son07;chvcon1;magant1;whtdov,0,0.95886785,0.95743793,0.041132152,0.042562068
BC2026_Train_0057_S15_20250617_060000_50,BC2026_Train_0057_S15_20250617_060000.ogg,45,50,S15,1,47158son07;rutjac1;undtin1;whtdov,0,0.96582496,0.9652055,0.03417504,0.03479451
BC2026_Train_0057_S15_20250617_060000_55,BC2026_Train_0057_S15_20250617_060000.ogg,50,55,S15,1,47158son07;chvcon1;purjay1;undtin1;whtdov,0,0.96528035,0.95992714,0.034719646,0.04007286
BC2026_Train_0057_S15_20250617_060000_60,BC2026_Train_0057_S15_20250617_060000.ogg,55,60,S15,1,47158son07;chvcon1;undtin1;whtdov,0,0.96672773,0.9661557,0.033272266,0.033844292
BC2026_Train_0004_S08_20250607_070007_5,BC2026_Train_0004_S08_20250607_070007.ogg,0,5,S08,1,116570;47158son03;47158son18;chacha1,0,0.22399133,0.5534998,0.77600867,0.44650018
BC2026_Train_0004_S08_20250607_070007_10,BC2026_Train_0004_S08_20250607_070007.ogg,5,10,S08,1,116570;47158son03;47158son17;47158son18;chacha1,0,0.35209385,0.63456416,0.6479062,0.36543584
BC2026_Train_0004_S08_20250607_070007_15,BC2026_Train_0004_S08_20250607_070007.ogg,10,15,S08,1,47158son03;47158son17;47158son18;chacha1,0,0.16351067,0.31938523,0.8364893,0.68061477
BC2026_Train_0004_S08_20250607_070007_20,BC2026_Train_0004_S08_20250607_070007.ogg,15,20,S08,1,116570;47158son03;47158son17;47158son18;chacha1,0,0.4284668,0.74077064,0.5715332,0.25922936
BC2026_Train_0004_S08_20250607_070007_25,BC2026_Train_0004_S08_20250607_070007.ogg,20,25,S08,1,116570;47158son03;47158son17;47158son18;47158son19;chacha1,0,0.42827234,0.7128632,0.57172763,0.2871368
BC2026_Train_0004_S08_20250607_070007_30,BC2026_Train_0004_S08_20250607_070007.ogg,25,30,S08,1,47158son03;47158son17;47158son18,0,0.2559558,0.54145056,0.7440442,0.45854944
BC2026_Train_0004_S08_20250607_070007_35,BC2026_Train_0004_S08_20250607_070007.ogg,30,35,S08,1,47158son03;47158son17;47158son18,0,0.09901829,0.32860714,0.9009817,0.67139286
BC2026_Train_0004_S08_20250607_070007_40,BC2026_Train_0004_S08_20250607_070007.ogg,35,40,S08,1,47158son03;47158son17;47158son18,0,0.123632014,0.37494707,0.876368,0.6250529
BC2026_Train_0004_S08_20250607_070007_45,BC2026_Train_0004_S08_20250607_070007.ogg,40,45,S08,1,47158son03;47158son17;47158son18,0,0.13599151,0.47751406,0.8640085,0.522486
BC2026_Train_0004_S08_20250607_070007_50,BC2026_Train_0004_S08_20250607_070007.ogg,45,50,S08,1,47158son03;47158son18,0,0.121116914,0.39851692,0.87888306,0.6014831
BC2026_Train_0004_S08_20250607_070007_55,BC2026_Train_0004_S08_20250607_070007.ogg,50,55,S08,1,47158son03;47158son18,0,0.11651959,0.32996097,0.8834804,0.67003906
BC2026_Train_0004_S08_20250607_070007_60,BC2026_Train_0004_S08_20250607_070007.ogg,55,60,S08,1,47158son03;47158son17;47158son18,0,0.11257858,0.35920796,0.8874214,0.640792
BC2026_Train_0049_S22_20220203_221500_5,BC2026_Train_0049_S22_20220203_221500.ogg,0,5,S22,1,555146;65380;66971,0,0.96987367,0.9739291,0.030126333,0.026070893
BC2026_Train_0049_S22_20220203_221500_10,BC2026_Train_0049_S22_20220203_221500.ogg,5,10,S22,1,517063;555146;65380;66971,0,0.9727428,0.9751618,0.027257204,0.02483821
BC2026_Train_0049_S22_20220203_221500_15,BC2026_Train_0049_S22_20220203_221500.ogg,10,15,S22,1,24321;555146;65380;66971,0,0.9640643,0.9621014,0.0359357,0.0378986
BC2026_Train_0049_S22_20220203_221500_20,BC2026_Train_0049_S22_20220203_221500.ogg,15,20,S22,1,24321;555146;65380;66971,0,0.96757317,0.96758574,0.032426834,0.032414258
BC2026_Train_0049_S22_20220203_221500_25,BC2026_Train_0049_S22_20220203_221500.ogg,20,25,S22,1,24321;555146;65380;66971,0,0.95736194,0.95493585,0.042638063,0.04506415
BC2026_Train_0049_S22_20220203_221500_30,BC2026_Train_0049_S22_20220203_221500.ogg,25,30,S22,1,24321;517063;555146;65380;66971,0,0.9681834,0.9707715,0.0318166,0.029228508
BC2026_Train_0049_S22_20220203_221500_35,BC2026_Train_0049_S22_20220203_221500.ogg,30,35,S22,1,24321;517063;555146;65380;66971,0,0.9639275,0.96780944,0.036072493,0.03219056
BC2026_Train_0049_S22_20220203_221500_40,BC2026_Train_0049_S22_20220203_221500.ogg,35,40,S22,1,24321;555146;65380;66971,0,0.96598226,0.9672313,0.03401774,0.032768726
BC2026_Train_0049_S22_20220203_221500_45,BC2026_Train_0049_S22_20220203_221500.ogg,40,45,S22,1,24321;555146;65380;66971,0,0.9645763,0.959199,0.035423696,0.04080099
BC2026_Train_0049_S22_20220203_221500_50,BC2026_Train_0049_S22_20220203_221500.ogg,45,50,S22,1,22973;24321;555146;65380;66971,0,0.9729198,0.96805334,0.027080178,0.03194666
BC2026_Train_0049_S22_20220203_221500_55,BC2026_Train_0049_S22_20220203_221500.ogg,50,55,S22,1,24321;555146;65380;66971,0,0.9633133,0.9635904,0.03668672,0.036409616
BC2026_Train_0049_S22_20220203_221500_60,BC2026_Train_0049_S22_20220203_221500.ogg,55,60,S22,1,22973;555146;65380;66971,0,0.97024983,0.969863,0.029750168,0.030137002
BC2026_Train_0015_S18_20211016_011500_5,BC2026_Train_0015_S18_20211016_011500.ogg,0,5,S18,0,,15,0.04714453,0.027973162,0.95285547,0.9720268
BC2026_Train_0015_S18_20211016_011500_20,BC2026_Train_0015_S18_20211016_011500.ogg,15,20,S18,1,555146,0,0.209307,0.15376344,0.790693,0.8462366
BC2026_Train_0015_S18_20211016_011500_35,BC2026_Train_0015_S18_20211016_011500.ogg,30,35,S18,0,,15,0.15531053,0.11219726,0.8446895,0.8878027
BC2026_Train_0015_S18_20211016_011500_40,BC2026_Train_0015_S18_20211016_011500.ogg,35,40,S18,0,,15,0.10731686,0.07033428,0.89268315,0.92966574
BC2026_Train_0015_S18_20211016_011500_55,BC2026_Train_0015_S18_20211016_011500.ogg,50,55,S18,1,517063,0,0.16123036,0.15579067,0.8387697,0.8442093
BC2026_Train_0015_S18_20211016_011500_60,BC2026_Train_0015_S18_20211016_011500.ogg,55,60,S18,1,517063,0,0.019984594,0.01716366,0.9800154,0.98283637
BC2026_Train_0056_S22_20220221_214500_5,BC2026_Train_0056_S22_20220221_214500.ogg,0,5,S22,1,517063;65380,0,0.8904365,0.92202353,0.10956353,0.077976465
BC2026_Train_0056_S22_20220221_214500_10,BC2026_Train_0056_S22_20220221_214500.ogg,5,10,S22,1,517063;65380,0,0.9001758,0.92784643,0.09982419,0.07215357
BC2026_Train_0056_S22_20220221_214500_15,BC2026_Train_0056_S22_20220221_214500.ogg,10,15,S22,1,517063;555146;65380,0,0.86311597,0.8835044,0.13688403,0.11649561
BC2026_Train_0056_S22_20220221_214500_20,BC2026_Train_0056_S22_20220221_214500.ogg,15,20,S22,1,517063;65380;66971,0,0.9399583,0.9617433,0.060041726,0.038256705
BC2026_Train_0056_S22_20220221_214500_25,BC2026_Train_0056_S22_20220221_214500.ogg,20,25,S22,1,517063;555146;65380;66971,0,0.91865766,0.935932,0.08134234,0.06406802
BC2026_Train_0056_S22_20220221_214500_30,BC2026_Train_0056_S22_20220221_214500.ogg,25,30,S22,1,517063;65380;66971,0,0.9492507,0.9727618,0.050749302,0.02723819
BC2026_Train_0056_S22_20220221_214500_35,BC2026_Train_0056_S22_20220221_214500.ogg,30,35,S22,1,517063;65380;66971,0,0.9252252,0.94136983,0.0747748,0.05863017
BC2026_Train_0056_S22_20220221_214500_40,BC2026_Train_0056_S22_20220221_214500.ogg,35,40,S22,1,517063;65380;66971,0,0.9466434,0.96802145,0.053356588,0.031978548
BC2026_Train_0056_S22_20220221_214500_45,BC2026_Train_0056_S22_20220221_214500.ogg,40,45,S22,1,517063;65380;66971,0,0.91986454,0.9371645,0.080135465,0.062835515
BC2026_Train_0056_S22_20220221_214500_50,BC2026_Train_0056_S22_20220221_214500.ogg,45,50,S22,1,517063;65380,0,0.9334171,0.96276164,0.06658292,0.03723836
BC2026_Train_0056_S22_20220221_214500_55,BC2026_Train_0056_S22_20220221_214500.ogg,50,55,S22,1,517063;555146;65380,0,0.9516528,0.9663832,0.048347175,0.03361678
BC2026_Train_0056_S22_20220221_214500_60,BC2026_Train_0056_S22_20220221_214500.ogg,55,60,S22,1,517063;555146;65380,0,0.9529192,0.96482366,0.047080815,0.035176337
BC2026_Train_0044_S22_20220124_023000_5,BC2026_Train_0044_S22_20220124_023000.ogg,0,5,S22,1,22973;517063;65380,0,0.94768775,0.957767,0.052312255,0.04223299
BC2026_Train_0044_S22_20220124_023000_10,BC2026_Train_0044_S22_20220124_023000.ogg,5,10,S22,1,22973;517063;65380,0,0.92946625,0.95947486,0.07053375,0.04052514
BC2026_Train_0044_S22_20220124_023000_15,BC2026_Train_0044_S22_20220124_023000.ogg,10,15,S22,1,22973;517063;65380,0,0.9482692,0.9660826,0.05173081,0.033917427
BC2026_Train_0044_S22_20220124_023000_20,BC2026_Train_0044_S22_20220124_023000.ogg,15,20,S22,1,22973;24321;517063;65380,0,0.9532608,0.98221445,0.04673922,0.01778555
BC2026_Train_0044_S22_20220124_023000_25,BC2026_Train_0044_S22_20220124_023000.ogg,20,25,S22,1,22973;24321;517063;65380,0,0.9494856,0.9610049,0.0505144,0.038995087
BC2026_Train_0044_S22_20220124_023000_30,BC2026_Train_0044_S22_20220124_023000.ogg,25,30,S22,1,22973;517063;65380,0,0.9453776,0.9496718,0.05462241,0.050328195
BC2026_Train_0044_S22_20220124_023000_35,BC2026_Train_0044_S22_20220124_023000.ogg,30,35,S22,1,22973;24279;517063;65380,0,0.97495645,0.9865555,0.025043547,0.013444483
BC2026_Train_0044_S22_20220124_023000_40,BC2026_Train_0044_S22_20220124_023000.ogg,35,40,S22,1,22973;24321;517063;65380,0,0.97507054,0.9802031,0.024929464,0.019796908
BC2026_Train_0044_S22_20220124_023000_45,BC2026_Train_0044_S22_20220124_023000.ogg,40,45,S22,1,22967;22973;24321;517063;65380,0,0.9677581,0.97265065,0.03224188,0.027349353
BC2026_Train_0044_S22_20220124_023000_50,BC2026_Train_0044_S22_20220124_023000.ogg,45,50,S22,1,22967;22973;517063;65380,0,0.96929777,0.9716515,0.030702233,0.028348505
BC2026_Train_0044_S22_20220124_023000_55,BC2026_Train_0044_S22_20220124_023000.ogg,50,55,S22,1,22973;24321;517063;65380,0,0.93329287,0.9151169,0.066707134,0.084883094
BC2026_Train_0044_S22_20220124_023000_60,BC2026_Train_0044_S22_20220124_023000.ogg,55,60,S22,1,22973;24321;517063;65380,0,0.9605341,0.95834917,0.039465904,0.04165083
BC2026_Train_0007_S09_20250829_000000_5,BC2026_Train_0007_S09_20250829_000000.ogg,0,5,S09,1,grekis,0,0.20231666,0.04466915,0.79768336,0.95533085
BC2026_Train_0007_S09_20250829_000000_10,BC2026_Train_0007_S09_20250829_000000.ogg,5,10,S09,1,thlwre1,0,0.061814893,0.07579482,0.9381851,0.9242052
BC2026_Train_0007_S09_20250829_000000_15,BC2026_Train_0007_S09_20250829_000000.ogg,10,15,S09,1,516975;thlwre1,0,0.85068405,0.36916482,0.14931595,0.6308352
BC2026_Train_0007_S09_20250829_000000_20,BC2026_Train_0007_S09_20250829_000000.ogg,15,20,S09,1,516975,0,0.8025605,0.30909735,0.19743949,0.69090265
BC2026_Train_0007_S09_20250829_000000_40,BC2026_Train_0007_S09_20250829_000000.ogg,35,40,S09,1,chacha1,0,0.038820233,0.10012803,0.9611798,0.89987195
BC2026_Train_0007_S09_20250829_000000_45,BC2026_Train_0007_S09_20250829_000000.ogg,40,45,S09,1,chacha1,0,0.020279052,0.06853523,0.97972095,0.9314648
BC2026_Train_0007_S09_20250829_000000_55,BC2026_Train_0007_S09_20250829_000000.ogg,50,55,S09,1,plcjay1,0,0.42181545,0.16831474,0.57818455,0.83168525
BC2026_Train_0007_S09_20250829_000000_60,BC2026_Train_0007_S09_20250829_000000.ogg,55,60,S09,1,grekis,0,0.15601696,0.13135229,0.84398305,0.8686477
BC2026_Train_0018_S22_20211028_234500_5,BC2026_Train_0018_S22_20211028_234500.ogg,0,5,S22,1,22967;22973;517063;chacha1;trsowl,0,0.9694845,0.97971976,0.030515492,0.020280242
BC2026_Train_0018_S22_20211028_234500_10,BC2026_Train_0018_S22_20211028_234500.ogg,5,10,S22,1,22967;22973;chacha1;litnig1;trsowl,0,0.97071826,0.9760762,0.029281735,0.023923814
BC2026_Train_0018_S22_20211028_234500_15,BC2026_Train_0018_S22_20211028_234500.ogg,10,15,S22,1,22967;22973;litnig1,0,0.96782774,0.9625601,0.032172263,0.037439883
BC2026_Train_0018_S22_20211028_234500_20,BC2026_Train_0018_S22_20211028_234500.ogg,15,20,S22,1,22967;22973;517063;litnig1;trsowl,0,0.95756006,0.96535,0.042439938,0.034650028
BC2026_Train_0018_S22_20211028_234500_25,BC2026_Train_0018_S22_20211028_234500.ogg,20,25,S22,1,22967;22973;517063;chacha1;litnig1,0,0.9649862,0.97421944,0.035013795,0.025780559
BC2026_Train_0018_S22_20211028_234500_30,BC2026_Train_0018_S22_20211028_234500.ogg,25,30,S22,1,22967;22973;517063;litnig1,0,0.97088915,0.9794064,0.029110849,0.020593584
BC2026_Train_0018_S22_20211028_234500_35,BC2026_Train_0018_S22_20211028_234500.ogg,30,35,S22,1,22967;22973;517063;trsowl,0,0.97659165,0.98649615,0.023408353,0.0135038495
BC2026_Train_0018_S22_20211028_234500_40,BC2026_Train_0018_S22_20211028_234500.ogg,35,40,S22,1,22967;22973;517063;trsowl,0,0.96659005,0.96911144,0.033409953,0.030888557
BC2026_Train_0018_S22_20211028_234500_45,BC2026_Train_0018_S22_20211028_234500.ogg,40,45,S22,1,22967;22973;litnig1,0,0.9733054,0.98192596,0.026694596,0.018074036
BC2026_Train_0018_S22_20211028_234500_50,BC2026_Train_0018_S22_20211028_234500.ogg,45,50,S22,1,22967;22973;trsowl,0,0.9615831,0.96954393,0.038416922,0.030456066
BC2026_Train_0018_S22_20211028_234500_55,BC2026_Train_0018_S22_20211028_234500.ogg,50,55,S22,1,22967;22973;litnig1;trsowl,0,0.9661215,0.9599156,0.033878505,0.04008442
BC2026_Train_0018_S22_20211028_234500_60,BC2026_Train_0018_S22_20211028_234500.ogg,55,60,S22,1,22967;22973;517063;litnig1,0,0.97012997,0.9773751,0.029870033,0.02262491
BC2026_Train_0003_S08_20250607_070007_5,BC2026_Train_0003_S08_20250607_070007.ogg,0,5,S08,1,47158son08;47158son11;47158son17;47158son20;47158son25;chacha1,0,0.9272786,0.9670435,0.07272142,0.03295648
BC2026_Train_0003_S08_20250607_070007_10,BC2026_Train_0003_S08_20250607_070007.ogg,5,10,S08,1,47158son08;47158son11;47158son17;47158son20;47158son25;chacha1,0,0.94681334,0.96195513,0.053186655,0.03804487
BC2026_Train_0003_S08_20250607_070007_15,BC2026_Train_0003_S08_20250607_070007.ogg,10,15,S08,1,47158son08;47158son11;47158son17;47158son19;47158son20;47158son25;chacha1,0,0.9914032,0.99523616,0.008596778,0.0047638416
BC2026_Train_0003_S08_20250607_070007_20,BC2026_Train_0003_S08_20250607_070007.ogg,15,20,S08,1,47158son08;47158son11;47158son17;47158son19;47158son20;47158son25;chacha1,0,0.9364233,0.9492659,0.0635767,0.050734103
BC2026_Train_0003_S08_20250607_070007_25,BC2026_Train_0003_S08_20250607_070007.ogg,20,25,S08,1,116570;47158son08;47158son11;47158son17;47158son20;47158son25,0,0.9834888,0.99003524,0.016511202,0.009964764
BC2026_Train_0003_S08_20250607_070007_30,BC2026_Train_0003_S08_20250607_070007.ogg,25,30,S08,1,47158son08;47158son11;47158son17;47158son20;47158son25,0,0.9902267,0.9945024,0.009773314,0.005497575
BC2026_Train_0003_S08_20250607_070007_35,BC2026_Train_0003_S08_20250607_070007.ogg,30,35,S08,1,47158son08;47158son11;47158son17;47158son20;47158son25;chacha1,0,0.9232012,0.94482946,0.0767988,0.055170536
BC2026_Train_0003_S08_20250607_070007_40,BC2026_Train_0003_S08_20250607_070007.ogg,35,40,S08,1,47158son08;47158son11;47158son17;47158son19;47158son20;47158son25;chacha1,0,0.982144,0.98846745,0.017856002,0.011532545
BC2026_Train_0003_S08_20250607_070007_45,BC2026_Train_0003_S08_20250607_070007.ogg,40,45,S08,1,47158son08;47158son11;47158son17;47158son20;47158son25;chacha1,0,0.97633624,0.983428,0.02366376,0.016571999
BC2026_Train_0003_S08_20250607_070007_50,BC2026_Train_0003_S08_20250607_070007.ogg,45,50,S08,1,47158son08;47158son11;47158son17;47158son20;47158son25;chacha1,0,0.9945845,0.99755394,0.005415499,0.0024460554
BC2026_Train_0003_S08_20250607_070007_55,BC2026_Train_0003_S08_20250607_070007.ogg,50,55,S08,1,47158son08;47158son11;47158son17;47158son20;47158son25;chacha1,0,0.9709845,0.9823859,0.029015481,0.017614126
BC2026_Train_0003_S08_20250607_070007_60,BC2026_Train_0003_S08_20250607_070007.ogg,55,60,S08,1,47158son08;47158son11;47158son17;47158son19;47158son20;47158son25;chacha1,0,0.98664325,0.99176633,0.013356745,0.008233666
BC2026_Train_0033_S22_20211216_200000_5,BC2026_Train_0033_S22_20211216_200000.ogg,0,5,S22,1,23158;24321;555146;65380,0,0.94062096,0.9664792,0.05937904,0.033520818
BC2026_Train_0033_S22_20211216_200000_10,BC2026_Train_0033_S22_20211216_200000.ogg,5,10,S22,1,23158;24321;555146;65380,0,0.9131653,0.9319265,0.08683473,0.06807351
BC2026_Train_0033_S22_20211216_200000_15,BC2026_Train_0033_S22_20211216_200000.ogg,10,15,S22,1,23158;24321;65380,0,0.8020033,0.79137206,0.19799668,0.20862794
BC2026_Train_0033_S22_20211216_200000_20,BC2026_Train_0033_S22_20211216_200000.ogg,15,20,S22,1,23158;24321;555146;65380,0,0.9050886,0.9439636,0.0949114,0.056036413
BC2026_Train_0033_S22_20211216_200000_25,BC2026_Train_0033_S22_20211216_200000.ogg,20,25,S22,1,23158;24321;65380,0,0.90776396,0.94037306,0.09223604,0.059626937
BC2026_Train_0033_S22_20211216_200000_30,BC2026_Train_0033_S22_20211216_200000.ogg,25,30,S22,1,23158;24321;555146;65380,0,0.95086515,0.97304094,0.04913485,0.026959062
BC2026_Train_0033_S22_20211216_200000_35,BC2026_Train_0033_S22_20211216_200000.ogg,30,35,S22,1,23158;24321;555146;65380,0,0.9613415,0.98305994,0.0386585,0.016940057
BC2026_Train_0033_S22_20211216_200000_40,BC2026_Train_0033_S22_20211216_200000.ogg,35,40,S22,1,23158;24321;65380,0,0.93611085,0.96228313,0.063889146,0.037716866
BC2026_Train_0033_S22_20211216_200000_45,BC2026_Train_0033_S22_20211216_200000.ogg,40,45,S22,1,23158;24321;65380,0,0.9429253,0.965369,0.057074726,0.034631014
BC2026_Train_0033_S22_20211216_200000_50,BC2026_Train_0033_S22_20211216_200000.ogg,45,50,S22,1,23158;24321;65380,0,0.90840745,0.93221194,0.09159255,0.067788064
BC2026_Train_0033_S22_20211216_200000_55,BC2026_Train_0033_S22_20211216_200000.ogg,50,55,S22,1,23158;24321;517063;65380,0,0.95636773,0.97747093,0.04363227,0.022529066
BC2026_Train_0033_S22_20211216_200000_60,BC2026_Train_0033_S22_20211216_200000.ogg,55,60,S22,1,23158;24321;517063;555146;65380,0,0.9193945,0.9453321,0.08060551,0.05466789
BC2026_Train_0028_S22_20211129_190000_5,BC2026_Train_0028_S22_20211129_190000.ogg,0,5,S22,1,1491113;22967;22973;23158,0,0.9262109,0.94326407,0.07378912,0.056735933
BC2026_Train_0028_S22_20211129_190000_10,BC2026_Train_0028_S22_20211129_190000.ogg,5,10,S22,1,1491113;22967;22973;23158,0,0.9265304,0.9511023,0.07346958,0.048897684
BC2026_Train_0028_S22_20211129_190000_15,BC2026_Train_0028_S22_20211129_190000.ogg,10,15,S22,1,1491113;22967;22973;23158,0,0.9657615,0.98845965,0.034238517,0.011540353
BC2026_Train_0028_S22_20211129_190000_20,BC2026_Train_0028_S22_20211129_190000.ogg,15,20,S22,1,1491113;22967;22973;23158,0,0.94220936,0.96780175,0.057790637,0.03219825
BC2026_Train_0028_S22_20211129_190000_25,BC2026_Train_0028_S22_20211129_190000.ogg,20,25,S22,1,1491113;22967;22973;23158,0,0.9525115,0.97216815,0.04748851,0.027831852
BC2026_Train_0028_S22_20211129_190000_30,BC2026_Train_0028_S22_20211129_190000.ogg,25,30,S22,1,1491113;22967;22973;23158,0,0.920967,0.93499315,0.07903302,0.06500685
BC2026_Train_0028_S22_20211129_190000_35,BC2026_Train_0028_S22_20211129_190000.ogg,30,35,S22,1,1491113;22967;22973;23158,0,0.92809224,0.94735456,0.07190776,0.052645445
BC2026_Train_0028_S22_20211129_190000_40,BC2026_Train_0028_S22_20211129_190000.ogg,35,40,S22,1,1491113;22967;22973;23158,0,0.9379214,0.955772,0.062078595,0.044228017
BC2026_Train_0028_S22_20211129_190000_45,BC2026_Train_0028_S22_20211129_190000.ogg,40,45,S22,1,1491113;22967;22973;23158,0,0.91140246,0.92200476,0.088597536,0.07799524
BC2026_Train_0028_S22_20211129_190000_50,BC2026_Train_0028_S22_20211129_190000.ogg,45,50,S22,1,1491113;22967;22973;23158,0,0.94542,0.9699855,0.054579973,0.030014515
BC2026_Train_0028_S22_20211129_190000_55,BC2026_Train_0028_S22_20211129_190000.ogg,50,55,S22,1,1491113;22967;22973;23158,0,0.92573714,0.95202845,0.07426286,0.047971547
BC2026_Train_0028_S22_20211129_190000_60,BC2026_Train_0028_S22_20211129_190000.ogg,55,60,S22,1,1491113;22967;22973;23158,0,0.9324813,0.95582926,0.06751871,0.044170737
BC2026_Train_0001_S08_20250606_030007_5,BC2026_Train_0001_S08_20250606_030007.ogg,0,5,S08,1,47158son13;47158son17;47158son22;47158son23;47158son25,0,0.9830938,0.98857486,0.016906202,0.0114251375
BC2026_Train_0001_S08_20250606_030007_10,BC2026_Train_0001_S08_20250606_030007.ogg,5,10,S08,1,47158son13;47158son17;47158son21;47158son22;47158son23;47158son25,0,0.9800778,0.9853238,0.019922197,0.014676213
BC2026_Train_0001_S08_20250606_030007_15,BC2026_Train_0001_S08_20250606_030007.ogg,10,15,S08,1,47158son13;47158son17;47158son21;47158son22;47158son23;47158son25,0,0.9631227,0.9731077,0.036877275,0.026892304
BC2026_Train_0001_S08_20250606_030007_20,BC2026_Train_0001_S08_20250606_030007.ogg,15,20,S08,1,47158son13;47158son17;47158son21;47158son22;47158son23;47158son25,0,0.9657046,0.9731662,0.03429538,0.026833773
BC2026_Train_0001_S08_20250606_030007_25,BC2026_Train_0001_S08_20250606_030007.ogg,20,25,S08,1,47158son10;47158son13;47158son17;47158son21;47158son22;47158son23;47158son25,0,0.96251935,0.97343963,0.037480652,0.026560366
BC2026_Train_0001_S08_20250606_030007_30,BC2026_Train_0001_S08_20250606_030007.ogg,25,30,S08,1,47158son10;47158son13;47158son17;47158son21;47158son22;47158son23;47158son25,0,0.97989684,0.98624116,0.020103157,0.013758838
BC2026_Train_0001_S08_20250606_030007_35,BC2026_Train_0001_S08_20250606_030007.ogg,30,35,S08,1,47158son10;47158son13;47158son17;47158son21;47158son22;47158son23;47158son25,0,0.983649,0.9884763,0.016350985,0.011523724
BC2026_Train_0001_S08_20250606_030007_40,BC2026_Train_0001_S08_20250606_030007.ogg,35,40,S08,1,47158son10;47158son13;47158son17;47158son21;47158son22;47158son23;47158son25,0,0.9811443,0.9872771,0.018855691,0.012722909
BC2026_Train_0001_S08_20250606_030007_45,BC2026_Train_0001_S08_20250606_030007.ogg,40,45,S08,1,47158son10;47158son13;47158son17;47158son21;47158son22;47158son23;47158son25,0,0.9834629,0.9880583,0.01653707,0.011941671
BC2026_Train_0001_S08_20250606_030007_50,BC2026_Train_0001_S08_20250606_030007.ogg,45,50,S08,1,47158son10;47158son13;47158son17;47158son21;47158son22;47158son23;47158son25,0,0.97591203,0.9834777,0.024087965,0.016522288
BC2026_Train_0001_S08_20250606_030007_55,BC2026_Train_0001_S08_20250606_030007.ogg,50,55,S08,1,116570;47158son10;47158son13;47158son17;47158son21;47158son22;47158son23;47158son25,0,0.97398746,0.9797048,0.02601254,0.020295203
BC2026_Train_0001_S08_20250606_030007_60,BC2026_Train_0001_S08_20250606_030007.ogg,55,60,S08,1,116570;47158son05;47158son10;47158son13;47158son17;47158son21;47158son22;47158son23;47158son25,0,0.9484987,0.95837045,0.051501274,0.041629553
BC2026_Train_0025_S22_20211127_024500_5,BC2026_Train_0025_S22_20211127_024500.ogg,0,5,S22,1,22967;22973;517063;65380;redjun,0,0.98724973,0.9964356,0.012750268,0.0035644174
BC2026_Train_0025_S22_20211127_024500_10,BC2026_Train_0025_S22_20211127_024500.ogg,5,10,S22,1,22967;517063;65380,0,0.9859358,0.99446136,0.014064193,0.0055386424
BC2026_Train_0025_S22_20211127_024500_15,BC2026_Train_0025_S22_20211127_024500.ogg,10,15,S22,1,22967;517063;65380;redjun,0,0.9919323,0.9982049,0.008067727,0.0017951131
BC2026_Train_0025_S22_20211127_024500_20,BC2026_Train_0025_S22_20211127_024500.ogg,15,20,S22,1,22967;22973;517063;65380;redjun;undtin1,0,0.9819325,0.99335337,0.01806748,0.006646633
BC2026_Train_0025_S22_20211127_024500_25,BC2026_Train_0025_S22_20211127_024500.ogg,20,25,S22,1,22967;517063;65380;redjun;undtin1,0,0.97843194,0.99425924,0.02156806,0.0057407618
BC2026_Train_0025_S22_20211127_024500_30,BC2026_Train_0025_S22_20211127_024500.ogg,25,30,S22,1,22967;517063;65380,0,0.986071,0.99526614,0.013929009,0.0047338605
BC2026_Train_0025_S22_20211127_024500_35,BC2026_Train_0025_S22_20211127_024500.ogg,30,35,S22,1,22967;22973;517063;65380,0,0.98049617,0.9928156,0.019503832,0.0071843863
BC2026_Train_0025_S22_20211127_024500_40,BC2026_Train_0025_S22_20211127_024500.ogg,35,40,S22,1,22967;22973;517063;65380;undtin1,0,0.98409826,0.99497414,0.015901744,0.0050258636
BC2026_Train_0025_S22_20211127_024500_45,BC2026_Train_0025_S22_20211127_024500.ogg,40,45,S22,1,22967;22973;517063;65380;redjun,0,0.9879954,0.9958708,0.012004614,0.0041291714
BC2026_Train_0025_S22_20211127_024500_50,BC2026_Train_0025_S22_20211127_024500.ogg,45,50,S22,1,22967;22973;517063;65380,0,0.9878586,0.9963192,0.012141407,0.0036808252
BC2026_Train_0025_S22_20211127_024500_55,BC2026_Train_0025_S22_20211127_024500.ogg,50,55,S22,1,22967;22973;517063;65380;redjun;undtin1,0,0.98336947,0.99570113,0.01663053,0.004298866
BC2026_Train_0025_S22_20211127_024500_60,BC2026_Train_0025_S22_20211127_024500.ogg,55,60,S22,1,22967;22973;517063;65380,0,0.9728576,0.99016345,0.027142406,0.0098365545
BC2026_Train_0035_S22_20211223_213000_5,BC2026_Train_0035_S22_20211223_213000.ogg,0,5,S22,1,23158;24279;24321;65380,0,0.9812839,0.99412787,0.018716097,0.0058721304
BC2026_Train_0035_S22_20211223_213000_10,BC2026_Train_0035_S22_20211223_213000.ogg,5,10,S22,1,23158;24279;24321;65380,0,0.98509103,0.9962368,0.014908969,0.0037631989
BC2026_Train_0035_S22_20211223_213000_15,BC2026_Train_0035_S22_20211223_213000.ogg,10,15,S22,1,23158;24279;24321;65380;66971,0,0.9794805,0.99150676,0.020519495,0.008493245
BC2026_Train_0035_S22_20211223_213000_20,BC2026_Train_0035_S22_20211223_213000.ogg,15,20,S22,1,23158;24279;24321;65380;66971,0,0.97781456,0.9874634,0.022185445,0.012536585
BC2026_Train_0035_S22_20211223_213000_25,BC2026_Train_0035_S22_20211223_213000.ogg,20,25,S22,1,23158;24279;24321;65380;66971,0,0.98484063,0.9921032,0.0151593685,0.007896781
BC2026_Train_0035_S22_20211223_213000_30,BC2026_Train_0035_S22_20211223_213000.ogg,25,30,S22,1,23158;24279;24321;65380;66971,0,0.97469085,0.9892289,0.025309145,0.010771096
BC2026_Train_0035_S22_20211223_213000_35,BC2026_Train_0035_S22_20211223_213000.ogg,30,35,S22,1,23158;24279;24321;65380;66971,0,0.96677434,0.9715725,0.033225656,0.028427482
BC2026_Train_0035_S22_20211223_213000_40,BC2026_Train_0035_S22_20211223_213000.ogg,35,40,S22,1,23158;24279;24321;65380;66971,0,0.97678566,0.9912568,0.02321434,0.0087432265
BC2026_Train_0035_S22_20211223_213000_45,BC2026_Train_0035_S22_20211223_213000.ogg,40,45,S22,1,23158;24279;24321;65380;66971,0,0.969301,0.9791877,0.030699015,0.020812273
BC2026_Train_0035_S22_20211223_213000_50,BC2026_Train_0035_S22_20211223_213000.ogg,45,50,S22,1,23158;24279;24321;65380;66971,0,0.96844214,0.9793604,0.031557858,0.020639598
BC2026_Train_0035_S22_20211223_213000_55,BC2026_Train_0035_S22_20211223_213000.ogg,50,55,S22,1,23158;24279;24321;65380;66971,0,0.9795727,0.9907516,0.020427287,0.009248376
BC2026_Train_0035_S22_20211223_213000_60,BC2026_Train_0035_S22_20211223_213000.ogg,55,60,S22,1,23158;24279;24321;65380;66971,0,0.9777305,0.98611957,0.022269487,0.013880432
BC2026_Train_0034_S22_20211222_013000_5,BC2026_Train_0034_S22_20211222_013000.ogg,0,5,S22,1,23158;24279;24321;25092;517063;65380,0,0.9827303,0.9940449,0.017269671,0.0059551
BC2026_Train_0034_S22_20211222_013000_10,BC2026_Train_0034_S22_20211222_013000.ogg,5,10,S22,1,23158;24279;25092;517063;65380,0,0.982584,0.99479294,0.017416,0.005207062
BC2026_Train_0034_S22_20211222_013000_15,BC2026_Train_0034_S22_20211222_013000.ogg,10,15,S22,1,23158;24279;25092;517063;65380,0,0.98826015,0.9969327,0.01173985,0.0030673146
BC2026_Train_0034_S22_20211222_013000_20,BC2026_Train_0034_S22_20211222_013000.ogg,15,20,S22,1,23158;24279;517063;65380;66971,0,0.97830147,0.9927714,0.021698534,0.007228613
BC2026_Train_0034_S22_20211222_013000_25,BC2026_Train_0034_S22_20211222_013000.ogg,20,25,S22,1,23158;24279;517063;65380;66971,0,0.96318465,0.9865769,0.036815345,0.013423085
BC2026_Train_0034_S22_20211222_013000_30,BC2026_Train_0034_S22_20211222_013000.ogg,25,30,S22,1,23158;24279;25092;517063;65380,0,0.98224604,0.99385995,0.017753959,0.0061400533
BC2026_Train_0034_S22_20211222_013000_35,BC2026_Train_0034_S22_20211222_013000.ogg,30,35,S22,1,23158;24279;25092;517063;65380,0,0.984851,0.9946796,0.015148997,0.00532043
BC2026_Train_0034_S22_20211222_013000_40,BC2026_Train_0034_S22_20211222_013000.ogg,35,40,S22,1,23158;24279;25092;517063,0,0.9810845,0.9925961,0.018915474,0.00740391
BC2026_Train_0034_S22_20211222_013000_45,BC2026_Train_0034_S22_20211222_013000.ogg,40,45,S22,1,23158;24279;25092;517063,0,0.9660517,0.9746773,0.033948302,0.025322676
BC2026_Train_0034_S22_20211222_013000_50,BC2026_Train_0034_S22_20211222_013000.ogg,45,50,S22,1,23158;24279;24321;25092;517063,0,0.982568,0.9930084,0.017431974,0.006991625
BC2026_Train_0034_S22_20211222_013000_55,BC2026_Train_0034_S22_20211222_013000.ogg,50,55,S22,1,23158;24279;24321;25092;517063,0,0.9827469,0.9937221,0.0172531,0.006277919
BC2026_Train_0034_S22_20211222_013000_60,BC2026_Train_0034_S22_20211222_013000.ogg,55,60,S22,1,23158;24279;24321;25092;517063,0,0.98025626,0.9922758,0.01974374,0.0077242255
BC2026_Train_0040_S22_20220101_014500_5,BC2026_Train_0040_S22_20220101_014500.ogg,0,5,S22,1,22961;23158;24279;517063;555146;65380,0,0.9813845,0.9954178,0.018615484,0.0045822263
BC2026_Train_0040_S22_20220101_014500_10,BC2026_Train_0040_S22_20220101_014500.ogg,5,10,S22,1,22961;23158;24279;517063;555146;65380,0,0.98340106,0.99574435,0.01659894,0.0042556524
BC2026_Train_0040_S22_20220101_014500_15,BC2026_Train_0040_S22_20220101_014500.ogg,10,15,S22,1,22961;23158;24279;517063;555146;65380,0,0.9831371,0.9957885,0.016862929,0.0042114854
BC2026_Train_0040_S22_20220101_014500_20,BC2026_Train_0040_S22_20220101_014500.ogg,15,20,S22,1,22961;23158;24279;517063;555146;65380,0,0.9755745,0.9922589,0.024425507,0.0077410936
BC2026_Train_0040_S22_20220101_014500_25,BC2026_Train_0040_S22_20220101_014500.ogg,20,25,S22,1,22961;23158;24279;517063;555146;65380,0,0.9826655,0.995106,0.01733452,0.004894018
BC2026_Train_0040_S22_20220101_014500_30,BC2026_Train_0040_S22_20220101_014500.ogg,25,30,S22,1,22961;23158;24279;517063;555146;65380,0,0.9843574,0.99593997,0.015642583,0.00406003
BC2026_Train_0040_S22_20220101_014500_35,BC2026_Train_0040_S22_20220101_014500.ogg,30,35,S22,1,22961;23158;24279;517063;555146;65380,0,0.9839616,0.9963544,0.016038418,0.003645599
BC2026_Train_0040_S22_20220101_014500_40,BC2026_Train_0040_S22_20220101_014500.ogg,35,40,S22,1,22961;23158;24279;517063;555146;65380,0,0.9803033,0.99532324,0.019696712,0.0046767592
BC2026_Train_0040_S22_20220101_014500_45,BC2026_Train_0040_S22_20220101_014500.ogg,40,45,S22,1,22961;23158;24279;517063;555146;65380,0,0.9888124,0.9975615,0.011187613,0.0024384856
BC2026_Train_0040_S22_20220101_014500_50,BC2026_Train_0040_S22_20220101_014500.ogg,45,50,S22,1,22961;23158;24279;517063;555146;65380,0,0.9880731,0.9974636,0.011926889,0.002536416
BC2026_Train_0040_S22_20220101_014500_55,BC2026_Train_0040_S22_20220101_014500.ogg,50,55,S22,1,22961;23158;24279;517063;555146;65380,0,0.97523695,0.9916304,0.024763048,0.008369625
BC2026_Train_0040_S22_20220101_014500_60,BC2026_Train_0040_S22_20220101_014500.ogg,55,60,S22,1,22961;23158;24279;517063;555146;65380,0,0.97592497,0.9908869,0.024075031,0.009113073
BC2026_Train_0052_S22_20220210_210000_5,BC2026_Train_0052_S22_20220210_210000.ogg,0,5,S22,1,24321;555146;65380,0,0.98077303,0.9893383,0.019226968,0.010661721
BC2026_Train_0052_S22_20220210_210000_10,BC2026_Train_0052_S22_20220210_210000.ogg,5,10,S22,1,24279;24321;555146;65380,0,0.9729946,0.9794082,0.027005374,0.020591795
BC2026_Train_0052_S22_20220210_210000_15,BC2026_Train_0052_S22_20220210_210000.ogg,10,15,S22,1,24279;24321;517063;555146;65380,0,0.97584325,0.9882538,0.02415675,0.011746228
BC2026_Train_0052_S22_20220210_210000_20,BC2026_Train_0052_S22_20220210_210000.ogg,15,20,S22,1,24279;24321;555146;65380,0,0.97887516,0.9846023,0.02112484,0.0153977275
BC2026_Train_0052_S22_20220210_210000_25,BC2026_Train_0052_S22_20220210_210000.ogg,20,25,S22,1,24279;24321;555146;65380;66971,0,0.9763659,0.9818873,0.023634076,0.018112719
BC2026_Train_0052_S22_20220210_210000_30,BC2026_Train_0052_S22_20220210_210000.ogg,25,30,S22,1,24279;24321;555146;65380;66971,0,0.9758701,0.98222196,0.024129927,0.017778039
BC2026_Train_0052_S22_20220210_210000_35,BC2026_Train_0052_S22_20220210_210000.ogg,30,35,S22,1,24279;24321;555146;65380;66971,0,0.98143035,0.9858587,0.018569648,0.014141321
BC2026_Train_0052_S22_20220210_210000_40,BC2026_Train_0052_S22_20220210_210000.ogg,35,40,S22,1,24279;24321;555146;65380;66971,0,0.97694033,0.9816484,0.023059666,0.018351614
BC2026_Train_0052_S22_20220210_210000_45,BC2026_Train_0052_S22_20220210_210000.ogg,40,45,S22,1,24279;24321;555146;65380;66971,0,0.95525765,0.9498165,0.044742346,0.050183475
BC2026_Train_0052_S22_20220210_210000_50,BC2026_Train_0052_S22_20220210_210000.ogg,45,50,S22,1,24279;24321;555146;65380;66971,0,0.9708584,0.9715885,0.029141605,0.028411508
BC2026_Train_0052_S22_20220210_210000_55,BC2026_Train_0052_S22_20220210_210000.ogg,50,55,S22,1,24279;24321;555146;65380;66971,0,0.98235565,0.9900633,0.017644346,0.00993669
BC2026_Train_0052_S22_20220210_210000_60,BC2026_Train_0052_S22_20220210_210000.ogg,55,60,S22,1,24279;24321;555146;65380;66971,0,0.9711127,0.9763091,0.028887272,0.02369088
BC2026_Train_0059_S15_20250617_060200_5,BC2026_Train_0059_S15_20250617_060200.ogg,0,5,S15,1,47158son07;bufpar;chacha1;chvcon1;whtdov,0,0.9381297,0.9438983,0.061870277,0.05610168
BC2026_Train_0059_S15_20250617_060200_10,BC2026_Train_0059_S15_20250617_060200.ogg,5,10,S15,1,47158son07;bufpar;chacha1;chvcon1;whtdov,0,0.96548563,0.96514016,0.034514368,0.034859836
BC2026_Train_0059_S15_20250617_060200_15,BC2026_Train_0059_S15_20250617_060200.ogg,10,15,S15,1,47158son07;chacha1;chvcon1;orwpar;whtdov,0,0.9107533,0.926035,0.08924669,0.07396501
BC2026_Train_0059_S15_20250617_060200_20,BC2026_Train_0059_S15_20250617_060200.ogg,15,20,S15,1,47158son07;chacha1;chvcon1;whtdov,0,0.9802584,0.9800783,0.019741595,0.01992172
BC2026_Train_0059_S15_20250617_060200_25,BC2026_Train_0059_S15_20250617_060200.ogg,20,25,S15,1,47158son07;chacha1;chvcon1;whtdov,0,0.9819853,0.97836137,0.018014729,0.021638632
BC2026_Train_0059_S15_20250617_060200_30,BC2026_Train_0059_S15_20250617_060200.ogg,25,30,S15,1,47158son07;chacha1;chvcon1;whtdov,0,0.9589206,0.95723325,0.041079402,0.04276675
BC2026_Train_0059_S15_20250617_060200_35,BC2026_Train_0059_S15_20250617_060200.ogg,30,35,S15,1,47158son07;chacha1;chvcon1;whtdov,0,0.9608059,0.9625363,0.039194107,0.037463725
BC2026_Train_0059_S15_20250617_060200_40,BC2026_Train_0059_S15_20250617_060200.ogg,35,40,S15,1,47158son07;chacha1;chvcon1;purjay1;whtdov,0,0.95349795,0.95675963,0.046502054,0.04324037
BC2026_Train_0059_S15_20250617_060200_45,BC2026_Train_0059_S15_20250617_060200.ogg,40,45,S15,1,47158son07;chacha1;chvcon1;purjay1;undtin1;whtdov,0,0.9837027,0.979541,0.01629728,0.020458996
BC2026_Train_0059_S15_20250617_060200_50,BC2026_Train_0059_S15_20250617_060200.ogg,45,50,S15,1,47158son07;chacha1;chvcon1;whtdov,0,0.9693899,0.96805423,0.030610085,0.031945765
BC2026_Train_0059_S15_20250617_060200_55,BC2026_Train_0059_S15_20250617_060200.ogg,50,55,S15,1,47158son07;chacha1;chvcon1;purjay1;whtdov,0,0.97894394,0.9783304,0.021056056,0.021669626
BC2026_Train_0059_S15_20250617_060200_60,BC2026_Train_0059_S15_20250617_060200.ogg,55,60,S15,1,47158son07;chacha1;chvcon1;purjay1;whtdov,0,0.9827935,0.9812504,0.01720649,0.018749595
BC2026_Train_0042_S22_20220106_210000_5,BC2026_Train_0042_S22_20220106_210000.ogg,0,5,S22,1,23158;24279;24321;555146;65380;66971,0,0.9664756,0.9690718,0.033524394,0.030928195
BC2026_Train_0042_S22_20220106_210000_10,BC2026_Train_0042_S22_20220106_210000.ogg,5,10,S22,1,23158;24279;24321;555146;65380;66971,0,0.9693522,0.9742506,0.030647814,0.025749385
BC2026_Train_0042_S22_20220106_210000_15,BC2026_Train_0042_S22_20220106_210000.ogg,10,15,S22,1,23158;24279;24321;555146;65380;66971,0,0.96876216,0.9731271,0.03123784,0.026872873
BC2026_Train_0042_S22_20220106_210000_20,BC2026_Train_0042_S22_20220106_210000.ogg,15,20,S22,1,23158;24279;24321;555146;65380;66971,0,0.9616605,0.9622691,0.038339496,0.037730873
BC2026_Train_0042_S22_20220106_210000_25,BC2026_Train_0042_S22_20220106_210000.ogg,20,25,S22,1,23158;24279;24321;555146;65380;66971,0,0.9665985,0.97354454,0.03340149,0.026455462
BC2026_Train_0042_S22_20220106_210000_30,BC2026_Train_0042_S22_20220106_210000.ogg,25,30,S22,1,23158;24279;24321;555146;65380;66971,0,0.95964706,0.96005726,0.04035294,0.03994274
BC2026_Train_0042_S22_20220106_210000_35,BC2026_Train_0042_S22_20220106_210000.ogg,30,35,S22,1,23158;24279;24321;555146;65380;66971,0,0.969467,0.9699672,0.030533016,0.030032814
BC2026_Train_0042_S22_20220106_210000_40,BC2026_Train_0042_S22_20220106_210000.ogg,35,40,S22,1,23158;24279;24321;555146;65380;66971,0,0.9561872,0.9553295,0.04381281,0.044670522
BC2026_Train_0042_S22_20220106_210000_45,BC2026_Train_0042_S22_20220106_210000.ogg,40,45,S22,1,23158;24279;24321;555146;65380;66971,0,0.9577863,0.9595897,0.04221368,0.04041028
BC2026_Train_0042_S22_20220106_210000_50,BC2026_Train_0042_S22_20220106_210000.ogg,45,50,S22,1,23158;24279;24321;555146;65380;66971,0,0.9566437,0.9477171,0.0433563,0.05228293
BC2026_Train_0042_S22_20220106_210000_55,BC2026_Train_0042_S22_20220106_210000.ogg,50,55,S22,1,23158;24279;24321;555146;65380;66971,0,0.9619186,0.9600269,0.038081408,0.03997308
BC2026_Train_0042_S22_20220106_210000_60,BC2026_Train_0042_S22_20220106_210000.ogg,55,60,S22,1,23158;24279;24321;555146;65380;66971,0,0.9599939,0.95585436,0.0400061,0.044145644
BC2026_Train_0024_S22_20211123_004500_5,BC2026_Train_0024_S22_20211123_004500.ogg,0,5,S22,1,22967;47144;undtin1,0,0.9484956,0.970634,0.051504374,0.029366016
BC2026_Train_0024_S22_20211123_004500_10,BC2026_Train_0024_S22_20211123_004500.ogg,5,10,S22,1,22967;47144;undtin1,0,0.972397,0.9831795,0.02760297,0.01682049
BC2026_Train_0024_S22_20211123_004500_15,BC2026_Train_0024_S22_20211123_004500.ogg,10,15,S22,1,22967;47144;compau;undtin1,0,0.9663748,0.9821786,0.033625185,0.017821372
BC2026_Train_0024_S22_20211123_004500_20,BC2026_Train_0024_S22_20211123_004500.ogg,15,20,S22,1,22967;compau,0,0.97591436,0.98269695,0.02408564,0.01730305
BC2026_Train_0024_S22_20211123_004500_25,BC2026_Train_0024_S22_20211123_004500.ogg,20,25,S22,1,22967;compau;undtin1,0,0.97050786,0.9713502,0.02949214,0.028649807
BC2026_Train_0024_S22_20211123_004500_30,BC2026_Train_0024_S22_20211123_004500.ogg,25,30,S22,1,47144;compau;compot1;undtin1,0,0.9643059,0.9790396,0.035694122,0.02096039
BC2026_Train_0024_S22_20211123_004500_35,BC2026_Train_0024_S22_20211123_004500.ogg,30,35,S22,1,22967;24279;47144;compau;compot1,0,0.9806771,0.99220663,0.019322872,0.007793367
BC2026_Train_0024_S22_20211123_004500_40,BC2026_Train_0024_S22_20211123_004500.ogg,35,40,S22,1,1491113;22967;compau,0,0.9710771,0.9846634,0.028922915,0.015336573
BC2026_Train_0024_S22_20211123_004500_45,BC2026_Train_0024_S22_20211123_004500.ogg,40,45,S22,1,1491113;24279;47144;compau;undtin1,0,0.9829003,0.99127275,0.017099679,0.0087272525
BC2026_Train_0024_S22_20211123_004500_50,BC2026_Train_0024_S22_20211123_004500.ogg,45,50,S22,1,1491113;22967;24279;517063,0,0.9586042,0.9687074,0.041395783,0.031292617
BC2026_Train_0024_S22_20211123_004500_55,BC2026_Train_0024_S22_20211123_004500.ogg,50,55,S22,1,1491113;22967;47144;compau,0,0.98043436,0.99109024,0.019565642,0.008909762
BC2026_Train_0024_S22_20211123_004500_60,BC2026_Train_0024_S22_20211123_004500.ogg,55,60,S22,1,1491113;22967;47144;517063;compot1,0,0.9893643,0.99635184,0.010635674,0.003648162
BC2026_Train_0029_S22_20211211_023000_5,BC2026_Train_0029_S22_20211211_023000.ogg,0,5,S22,1,517063;litnig1;undtin1,0,0.8185125,0.8269705,0.1814875,0.17302948
BC2026_Train_0029_S22_20211211_023000_10,BC2026_Train_0029_S22_20211211_023000.ogg,5,10,S22,1,517063;trsowl;undtin1,0,0.83784676,0.88435864,0.16215324,0.115641356
BC2026_Train_0029_S22_20211211_023000_15,BC2026_Train_0029_S22_20211211_023000.ogg,10,15,S22,1,517063;litnig1,0,0.90029955,0.9301365,0.09970045,0.0698635
BC2026_Train_0029_S22_20211211_023000_20,BC2026_Train_0029_S22_20211211_023000.ogg,15,20,S22,1,517063;undtin1,0,0.9097745,0.9593581,0.09022552,0.040641904
BC2026_Train_0029_S22_20211211_023000_25,BC2026_Train_0029_S22_20211211_023000.ogg,20,25,S22,1,517063,0,0.91199994,0.9541871,0.08800006,0.045812905
BC2026_Train_0029_S22_20211211_023000_30,BC2026_Train_0029_S22_20211211_023000.ogg,25,30,S22,1,517063,0,0.8875284,0.92184037,0.11247158,0.07815963
BC2026_Train_0029_S22_20211211_023000_35,BC2026_Train_0029_S22_20211211_023000.ogg,30,35,S22,1,517063;trsowl;undtin1,0,0.89375925,0.92656827,0.10624075,0.07343173
BC2026_Train_0029_S22_20211211_023000_40,BC2026_Train_0029_S22_20211211_023000.ogg,35,40,S22,1,517063,0,0.8116425,0.82314104,0.18835747,0.17685896
BC2026_Train_0029_S22_20211211_023000_45,BC2026_Train_0029_S22_20211211_023000.ogg,40,45,S22,1,517063;litnig1,0,0.7744296,0.7587753,0.22557038,0.2412247
BC2026_Train_0029_S22_20211211_023000_50,BC2026_Train_0029_S22_20211211_023000.ogg,45,50,S22,1,litnig1,0,0.82573074,0.8410739,0.17426926,0.15892613
BC2026_Train_0029_S22_20211211_023000_55,BC2026_Train_0029_S22_20211211_023000.ogg,50,55,S22,1,517063;litnig1;undtin1,0,0.8379095,0.8765716,0.16209048,0.123428404
BC2026_Train_0029_S22_20211211_023000_60,BC2026_Train_0029_S22_20211211_023000.ogg,55,60,S22,1,517063;litnig1,0,0.8735397,0.9265882,0.12646031,0.07341182
BC2026_Train_0021_S22_20211106_023000_5,BC2026_Train_0021_S22_20211106_023000.ogg,0,5,S22,1,22973,0,0.7346584,0.71218824,0.26534158,0.28781176
BC2026_Train_0021_S22_20211106_023000_10,BC2026_Train_0021_S22_20211106_023000.ogg,5,10,S22,1,22973,0,0.75687397,0.756423,0.24312603,0.243577
BC2026_Train_0021_S22_20211106_023000_15,BC2026_Train_0021_S22_20211106_023000.ogg,10,15,S22,1,22973;517063,0,0.7744857,0.7714446,0.2255143,0.22855538
BC2026_Train_0021_S22_20211106_023000_20,BC2026_Train_0021_S22_20211106_023000.ogg,15,20,S22,1,22973,0,0.69681275,0.68804777,0.30318725,0.31195223
BC2026_Train_0021_S22_20211106_023000_25,BC2026_Train_0021_S22_20211106_023000.ogg,20,25,S22,1,22973,0,0.7075052,0.7217652,0.29249477,0.27823478
BC2026_Train_0021_S22_20211106_023000_30,BC2026_Train_0021_S22_20211106_023000.ogg,25,30,S22,1,22973,0,0.8173237,0.84256184,0.18267632,0.15743816
BC2026_Train_0021_S22_20211106_023000_35,BC2026_Train_0021_S22_20211106_023000.ogg,30,35,S22,1,22973;517063,0,0.70783365,0.6864316,0.29216635,0.3135684
BC2026_Train_0021_S22_20211106_023000_40,BC2026_Train_0021_S22_20211106_023000.ogg,35,40,S22,1,22973;517063,0,0.80263364,0.8268838,0.19736636,0.1731162
BC2026_Train_0021_S22_20211106_023000_45,BC2026_Train_0021_S22_20211106_023000.ogg,40,45,S22,1,22973;517063,0,0.8637211,0.8830972,0.13627893,0.11690283
BC2026_Train_0021_S22_20211106_023000_50,BC2026_Train_0021_S22_20211106_023000.ogg,45,50,S22,1,22973;517063,0,0.7600372,0.75862944,0.23996282,0.24137056
BC2026_Train_0021_S22_20211106_023000_55,BC2026_Train_0021_S22_20211106_023000.ogg,50,55,S22,1,22973,0,0.74384606,0.73947525,0.25615394,0.26052475
BC2026_Train_0021_S22_20211106_023000_60,BC2026_Train_0021_S22_20211106_023000.ogg,55,60,S22,1,22973;517063,0,0.83586055,0.85858536,0.16413945,0.14141464
BC2026_Train_0008_S09_20250831_000000_15,BC2026_Train_0008_S09_20250831_000000.ogg,10,15,S09,1,516975,0,0.8840581,0.24244963,0.11594188,0.75755036
BC2026_Train_0008_S09_20250831_000000_20,BC2026_Train_0008_S09_20250831_000000.ogg,15,20,S09,1,516975,0,0.035355028,0.024266303,0.96464497,0.9757337
BC2026_Train_0008_S09_20250831_000000_25,BC2026_Train_0008_S09_20250831_000000.ogg,20,25,S09,1,516975,0,0.04941476,0.115790054,0.95058525,0.88420993
BC2026_Train_0008_S09_20250831_000000_45,BC2026_Train_0008_S09_20250831_000000.ogg,40,45,S09,1,516975,0,0.29562578,0.11495102,0.7043742,0.885049
BC2026_Train_0008_S09_20250831_000000_50,BC2026_Train_0008_S09_20250831_000000.ogg,45,50,S09,1,516975,0,0.61616224,0.3147772,0.38383776,0.6852228
BC2026_Train_0009_S09_20250828_000000_5,BC2026_Train_0009_S09_20250828_000000.ogg,0,5,S09,1,516975,0,0.88383794,0.24126595,0.11616206,0.75873405
BC2026_Train_0009_S09_20250828_000000_30,BC2026_Train_0009_S09_20250828_000000.ogg,25,30,S09,1,516975,0,0.9307782,0.43913394,0.069221795,0.56086606
BC2026_Train_0009_S09_20250828_000000_45,BC2026_Train_0009_S09_20250828_000000.ogg,40,45,S09,0,,15,9.979671e-08,6.778813e-06,0.9999999,0.9999932
BC2026_Train_0009_S09_20250828_000000_50,BC2026_Train_0009_S09_20250828_000000.ogg,45,50,S09,0,,20,0.36658272,0.024788627,0.63341725,0.9752114
BC2026_Train_0009_S09_20250828_000000_55,BC2026_Train_0009_S09_20250828_000000.ogg,50,55,S09,0,,25,0.6942598,0.10478496,0.30574018,0.89521503
BC2026_Train_0009_S09_20250828_000000_60,BC2026_Train_0009_S09_20250828_000000.ogg,55,60,S09,0,,30,0.627908,0.14326274,0.372092,0.85673726
BC2026_Train_0017_S22_20211026_233000_5,BC2026_Train_0017_S22_20211026_233000.ogg,0,5,S22,1,22967;22973;47144;517063;555146;compau;litnig1;nacnig1,0,0.958799,0.96639,0.041200995,0.033609986
BC2026_Train_0017_S22_20211026_233000_10,BC2026_Train_0017_S22_20211026_233000.ogg,5,10,S22,1,22967;22973;47144;517063;555146;compau;litnig1;nacnig1,0,0.95443404,0.9628439,0.045565963,0.037156105
BC2026_Train_0017_S22_20211026_233000_15,BC2026_Train_0017_S22_20211026_233000.ogg,10,15,S22,1,22967;22973;47144;litnig1;nacnig1,0,0.94636905,0.94560015,0.053630948,0.054399848
BC2026_Train_0017_S22_20211026_233000_20,BC2026_Train_0017_S22_20211026_233000.ogg,15,20,S22,1,22967;22973;47144;compau;litnig1;nacnig1,0,0.94311136,0.9335169,0.05688864,0.06648308
BC2026_Train_0017_S22_20211026_233000_25,BC2026_Train_0017_S22_20211026_233000.ogg,20,25,S22,1,22967;22973;47144;74113;compau;litnig1,0,0.9697232,0.97732335,0.030276775,0.022676647
BC2026_Train_0017_S22_20211026_233000_30,BC2026_Train_0017_S22_20211026_233000.ogg,25,30,S22,1,22967;22973;compau;litnig1;nacnig1,0,0.9354429,0.92987,0.064557076,0.07012999
BC2026_Train_0017_S22_20211026_233000_35,BC2026_Train_0017_S22_20211026_233000.ogg,30,35,S22,1,22967;22973;compau;litnig1;nacnig1,0,0.94760257,0.95306563,0.05239743,0.046934366
BC2026_Train_0017_S22_20211026_233000_40,BC2026_Train_0017_S22_20211026_233000.ogg,35,40,S22,1,22967;22973;compau;litnig1;nacnig1,0,0.9362843,0.9345177,0.0637157,0.06548232
BC2026_Train_0017_S22_20211026_233000_45,BC2026_Train_0017_S22_20211026_233000.ogg,40,45,S22,1,22967;22973;555146;compau;litnig1;nacnig1,0,0.9695492,0.9729356,0.03045082,0.027064383
BC2026_Train_0017_S22_20211026_233000_50,BC2026_Train_0017_S22_20211026_233000.ogg,45,50,S22,1,22967;22973;555146;litnig1;nacnig1;strher2,0,0.94612086,0.94782984,0.05387914,0.052170157
BC2026_Train_0017_S22_20211026_233000_55,BC2026_Train_0017_S22_20211026_233000.ogg,50,55,S22,1,22967;22973;compau;litnig1;nacnig1;strher2,0,0.9407065,0.93703985,0.05929351,0.06296015
BC2026_Train_0017_S22_20211026_233000_60,BC2026_Train_0017_S22_20211026_233000.ogg,55,60,S22,1,22967;22973;517063;74113;litnig1;nacnig1,0,0.95752436,0.95968205,0.04247564,0.040317953
BC2026_Train_0045_S22_20220125_211500_5,BC2026_Train_0045_S22_20220125_211500.ogg,0,5,S22,1,24321;555146;65380;66971,0,0.94239694,0.9467929,0.05760306,0.0532071
BC2026_Train_0045_S22_20220125_211500_10,BC2026_Train_0045_S22_20220125_211500.ogg,5,10,S22,1,24321;555146;65380;66971,0,0.9456026,0.94418854,0.054397404,0.055811465
BC2026_Train_0045_S22_20220125_211500_15,BC2026_Train_0045_S22_20220125_211500.ogg,10,15,S22,1,24321;555146;65380;66971,0,0.9431469,0.9414471,0.056853116,0.05855292
BC2026_Train_0045_S22_20220125_211500_20,BC2026_Train_0045_S22_20220125_211500.ogg,15,20,S22,1,24321;555146;65380;66971,0,0.943327,0.937621,0.05667299,0.062379003
BC2026_Train_0045_S22_20220125_211500_25,BC2026_Train_0045_S22_20220125_211500.ogg,20,25,S22,1,24321;555146;65380;66971,0,0.9538268,0.95734733,0.046173215,0.042652667
BC2026_Train_0045_S22_20220125_211500_30,BC2026_Train_0045_S22_20220125_211500.ogg,25,30,S22,1,24321;555146;65380;66971,0,0.9294567,0.92483443,0.07054329,0.07516557
BC2026_Train_0045_S22_20220125_211500_35,BC2026_Train_0045_S22_20220125_211500.ogg,30,35,S22,1,24321;555146;65380;66971,0,0.94612724,0.9523018,0.053872764,0.0476982
BC2026_Train_0045_S22_20220125_211500_40,BC2026_Train_0045_S22_20220125_211500.ogg,35,40,S22,1,24321;555146;65380;66971,0,0.9469355,0.95842314,0.053064525,0.041576862
BC2026_Train_0045_S22_20220125_211500_45,BC2026_Train_0045_S22_20220125_211500.ogg,40,45,S22,1,24321;555146;65380;66971,0,0.93985146,0.9373009,0.060148537,0.06269908
BC2026_Train_0045_S22_20220125_211500_50,BC2026_Train_0045_S22_20220125_211500.ogg,45,50,S22,1,24321;555146;65380;66971,0,0.92679673,0.90660864,0.073203266,0.09339136
BC2026_Train_0045_S22_20220125_211500_55,BC2026_Train_0045_S22_20220125_211500.ogg,50,55,S22,1,24321;555146;65380;66971,0,0.94695,0.94530696,0.05304998,0.054693043
BC2026_Train_0045_S22_20220125_211500_60,BC2026_Train_0045_S22_20220125_211500.ogg,55,60,S22,1,24321;555146;65380;66971,0,0.92884016,0.9144774,0.07115984,0.08552259
BC2026_Train_0013_S13_20220217_233000_5,BC2026_Train_0013_S13_20220217_233000.ogg,0,5,S13,1,1491113;517063,0,0.93362355,0.9469198,0.06637645,0.0530802
BC2026_Train_0013_S13_20220217_233000_10,BC2026_Train_0013_S13_20220217_233000.ogg,5,10,S13,1,1491113;517063,0,0.9639645,0.97137785,0.036035478,0.02862215
BC2026_Train_0013_S13_20220217_233000_15,BC2026_Train_0013_S13_20220217_233000.ogg,10,15,S13,1,1491113;517063,0,0.93759304,0.9505422,0.062406957,0.04945779
BC2026_Train_0013_S13_20220217_233000_20,BC2026_Train_0013_S13_20220217_233000.ogg,15,20,S13,1,1491113,0,0.85102785,0.8884452,0.14897215,0.1115548
BC2026_Train_0013_S13_20220217_233000_25,BC2026_Train_0013_S13_20220217_233000.ogg,20,25,S13,1,1491113,0,0.8159095,0.8572629,0.1840905,0.14273709
BC2026_Train_0013_S13_20220217_233000_30,BC2026_Train_0013_S13_20220217_233000.ogg,25,30,S13,1,1491113;517063,0,0.90149367,0.9228353,0.09850633,0.07716471
BC2026_Train_0013_S13_20220217_233000_35,BC2026_Train_0013_S13_20220217_233000.ogg,30,35,S13,1,1491113;517063,0,0.94047934,0.95318717,0.05952066,0.046812832
BC2026_Train_0013_S13_20220217_233000_40,BC2026_Train_0013_S13_20220217_233000.ogg,35,40,S13,1,1491113;517063,0,0.9184939,0.9358738,0.08150607,0.06412619
BC2026_Train_0013_S13_20220217_233000_45,BC2026_Train_0013_S13_20220217_233000.ogg,40,45,S13,1,1491113,0,0.7853707,0.83390695,0.21462929,0.16609305
BC2026_Train_0013_S13_20220217_233000_50,BC2026_Train_0013_S13_20220217_233000.ogg,45,50,S13,1,1491113,0,0.8627118,0.898657,0.13728821,0.101342976
BC2026_Train_0013_S13_20220217_233000_55,BC2026_Train_0013_S13_20220217_233000.ogg,50,55,S13,1,1491113,0,0.8209539,0.8568713,0.1790461,0.1431287
BC2026_Train_0013_S13_20220217_233000_60,BC2026_Train_0013_S13_20220217_233000.ogg,55,60,S13,1,1491113,0,0.85378253,0.888736,0.14621747,0.11126399
BC2026_Train_0031_S22_20211214_204500_5,BC2026_Train_0031_S22_20211214_204500.ogg,0,5,S22,1,23158;24321;25092;65380;66971,0,0.98226404,0.9959063,0.017735958,0.0040937066
BC2026_Train_0031_S22_20211214_204500_10,BC2026_Train_0031_S22_20211214_204500.ogg,5,10,S22,1,23158;24321;25092;65380;66971,0,0.97216886,0.99073625,0.027831137,0.009263754
BC2026_Train_0031_S22_20211214_204500_15,BC2026_Train_0031_S22_20211214_204500.ogg,10,15,S22,1,23158;24321;25092;65380;66971,0,0.9805406,0.99512255,0.019459426,0.004877448
BC2026_Train_0031_S22_20211214_204500_20,BC2026_Train_0031_S22_20211214_204500.ogg,15,20,S22,1,23158;24321;25092;65380;66971,0,0.974177,0.9912652,0.025822997,0.008734822
BC2026_Train_0031_S22_20211214_204500_25,BC2026_Train_0031_S22_20211214_204500.ogg,20,25,S22,1,23158;24321;25092;65380;66971,0,0.9720884,0.99290043,0.027911603,0.007099569
BC2026_Train_0031_S22_20211214_204500_30,BC2026_Train_0031_S22_20211214_204500.ogg,25,30,S22,1,23158;24321;25092;65380;66971,0,0.975266,0.9924909,0.02473402,0.0075091124
BC2026_Train_0031_S22_20211214_204500_35,BC2026_Train_0031_S22_20211214_204500.ogg,30,35,S22,1,23158;24321;25092;65380;66971,0,0.97011954,0.98913,0.029880464,0.01086998
BC2026_Train_0031_S22_20211214_204500_40,BC2026_Train_0031_S22_20211214_204500.ogg,35,40,S22,1,23158;24321;25092;65380;66971,0,0.9812152,0.9955061,0.018784821,0.004493892
BC2026_Train_0031_S22_20211214_204500_45,BC2026_Train_0031_S22_20211214_204500.ogg,40,45,S22,1,23158;24321;25092;65380;66971,0,0.97503304,0.99193215,0.024966955,0.008067846
BC2026_Train_0031_S22_20211214_204500_50,BC2026_Train_0031_S22_20211214_204500.ogg,45,50,S22,1,23158;24321;25092;65380;66971,0,0.9756217,0.9924796,0.0243783,0.0075203776
BC2026_Train_0031_S22_20211214_204500_55,BC2026_Train_0031_S22_20211214_204500.ogg,50,55,S22,1,23158;24321;25092;65380;66971,0,0.9819882,0.9961269,0.018011808,0.0038731098
BC2026_Train_0031_S22_20211214_204500_60,BC2026_Train_0031_S22_20211214_204500.ogg,55,60,S22,1,23158;24321;25092;65380;66971,0,0.985285,0.997101,0.014715016,0.002898991
BC2026_Train_0051_S22_20220208_231500_5,BC2026_Train_0051_S22_20220208_231500.ogg,0,5,S22,1,22967;22973;23158;517063;555146;65380;undtin1,0,0.9821171,0.99191684,0.017882884,0.008083165
BC2026_Train_0051_S22_20220208_231500_10,BC2026_Train_0051_S22_20220208_231500.ogg,5,10,S22,1,22967;22973;24279;517063;555146;65380;66971,0,0.979788,0.98630667,0.020211995,0.013693333
BC2026_Train_0051_S22_20220208_231500_15,BC2026_Train_0051_S22_20220208_231500.ogg,10,15,S22,1,22967;22973;24279;517063;555146;65380;66971,0,0.97212446,0.97249204,0.027875543,0.02750796
BC2026_Train_0051_S22_20220208_231500_20,BC2026_Train_0051_S22_20220208_231500.ogg,15,20,S22,1,22967;22973;24279;517063;555146;65380;66971,0,0.9802115,0.98322225,0.019788504,0.016777754
BC2026_Train_0051_S22_20220208_231500_25,BC2026_Train_0051_S22_20220208_231500.ogg,20,25,S22,1,22967;22973;23158;24279;517063;555146;65380;66971,0,0.9878205,0.99140537,0.012179494,0.008594632
BC2026_Train_0051_S22_20220208_231500_30,BC2026_Train_0051_S22_20220208_231500.ogg,25,30,S22,1,22967;22973;23158;24279;517063;555146;65380;66971,0,0.9800867,0.98942745,0.019913316,0.010572553
BC2026_Train_0051_S22_20220208_231500_35,BC2026_Train_0051_S22_20220208_231500.ogg,30,35,S22,1,22967;22973;24279;517063;555146;65380;66971,0,0.98214924,0.98694175,0.017850757,0.013058245
BC2026_Train_0051_S22_20220208_231500_40,BC2026_Train_0051_S22_20220208_231500.ogg,35,40,S22,1,22967;22973;23158;517063;555146;65380;66971,0,0.98175555,0.9898207,0.018244445,0.010179281
BC2026_Train_0051_S22_20220208_231500_45,BC2026_Train_0051_S22_20220208_231500.ogg,40,45,S22,1,22967;22973;517063;555146;65380;66971;trsowl,0,0.9822289,0.991831,0.017771125,0.008168995
BC2026_Train_0051_S22_20220208_231500_50,BC2026_Train_0051_S22_20220208_231500.ogg,45,50,S22,1,22967;22973;23158;517063;555146;65380;66971,0,0.9789868,0.98520684,0.0210132,0.014793158
BC2026_Train_0051_S22_20220208_231500_55,BC2026_Train_0051_S22_20220208_231500.ogg,50,55,S22,1,22967;22973;517063;555146;65380;66971;trsowl,0,0.98295903,0.9910304,0.017040968,0.008969605
BC2026_Train_0051_S22_20220208_231500_60,BC2026_Train_0051_S22_20220208_231500.ogg,55,60,S22,1,22967;22973;23158;517063;555146;65380;66971,0,0.9824447,0.9900121,0.017555296,0.009987891
BC2026_Train_0026_S22_20211128_004500_5,BC2026_Train_0026_S22_20211128_004500.ogg,0,5,S22,0,,15,0.7313113,0.27647188,0.26868868,0.72352815
BC2026_Train_0026_S22_20211128_004500_20,BC2026_Train_0026_S22_20211128_004500.ogg,15,20,S22,1,compau,0,0.6648015,0.36441913,0.33519852,0.6355809
BC2026_Train_0026_S22_20211128_004500_25,BC2026_Train_0026_S22_20211128_004500.ogg,20,25,S22,1,517063,0,0.55184746,0.16763306,0.44815254,0.83236694
BC2026_Train_0026_S22_20211128_004500_30,BC2026_Train_0026_S22_20211128_004500.ogg,25,30,S22,1,517063,0,0.49433607,0.1916591,0.50566393,0.8083409
BC2026_Train_0026_S22_20211128_004500_35,BC2026_Train_0026_S22_20211128_004500.ogg,30,35,S22,1,555146,0,0.7304393,0.3986384,0.2695607,0.60136163
BC2026_Train_0026_S22_20211128_004500_40,BC2026_Train_0026_S22_20211128_004500.ogg,35,40,S22,1,22973;555146,0,0.70703065,0.2884697,0.29296935,0.7115303
BC2026_Train_0026_S22_20211128_004500_45,BC2026_Train_0026_S22_20211128_004500.ogg,40,45,S22,1,555146,0,0.6065822,0.20917964,0.39341778,0.79082036
BC2026_Train_0026_S22_20211128_004500_50,BC2026_Train_0026_S22_20211128_004500.ogg,45,50,S22,1,517063;555146,0,0.7840949,0.4414525,0.21590507,0.5585475
BC2026_Train_0026_S22_20211128_004500_55,BC2026_Train_0026_S22_20211128_004500.ogg,50,55,S22,1,555146,0,0.7681334,0.43008745,0.2318666,0.56991255
BC2026_Train_0026_S22_20211128_004500_60,BC2026_Train_0026_S22_20211128_004500.ogg,55,60,S22,1,517063;555146,0,0.79684997,0.41630813,0.20315003,0.58369184
BC2026_Train_0062_S19_20241213_193000_5,BC2026_Train_0062_S19_20241213_193000.ogg,0,5,S19,1,22967;47158son01;47158son03;47158son11;47158son12;47158son24;517063,0,0.99285877,0.99085104,0.0071412325,0.009148955
BC2026_Train_0062_S19_20241213_193000_10,BC2026_Train_0062_S19_20241213_193000.ogg,5,10,S19,1,22967;47158son01;47158son03;47158son11;47158son12;47158son24;517063,0,0.9944723,0.9917885,0.005527675,0.0082114935
BC2026_Train_0062_S19_20241213_193000_15,BC2026_Train_0062_S19_20241213_193000.ogg,10,15,S19,1,22967;47158son01;47158son03;47158son11;47158son12;47158son24,0,0.99740016,0.99624664,0.0025998354,0.003753364
BC2026_Train_0062_S19_20241213_193000_20,BC2026_Train_0062_S19_20241213_193000.ogg,15,20,S19,1,22967;22973;47158son01;47158son11;47158son24;517063,0,0.9963103,0.99575126,0.0036897063,0.0042487383
BC2026_Train_0062_S19_20241213_193000_25,BC2026_Train_0062_S19_20241213_193000.ogg,20,25,S19,1,22967;22973;47158son01;47158son11;47158son24;517063,0,0.99339974,0.99120414,0.0066002607,0.008795857
BC2026_Train_0062_S19_20241213_193000_30,BC2026_Train_0062_S19_20241213_193000.ogg,25,30,S19,1,22967;22973;47158son01;47158son03;47158son11;47158son24,0,0.9939002,0.9921267,0.00609982,0.007873297
BC2026_Train_0062_S19_20241213_193000_35,BC2026_Train_0062_S19_20241213_193000.ogg,30,35,S19,1,22967;22973;47158son01;47158son03;47158son09;47158son11;47158son12;47158son24;517063,0,0.99308133,0.99214333,0.0069186687,0.007856667
BC2026_Train_0062_S19_20241213_193000_40,BC2026_Train_0062_S19_20241213_193000.ogg,35,40,S19,1,22967;22973;47158son01;47158son03;47158son09;47158son11;47158son24;517063,0,0.9938362,0.99144894,0.006163776,0.008551061
BC2026_Train_0062_S19_20241213_193000_45,BC2026_Train_0062_S19_20241213_193000.ogg,40,45,S19,1,22967;22973;47158son01;47158son03;47158son09;47158son11;47158son24;517063,0,0.99370676,0.9916278,0.006293237,0.008372188
BC2026_Train_0062_S19_20241213_193000_50,BC2026_Train_0062_S19_20241213_193000.ogg,45,50,S19,1,22967;47158son01;47158son03;47158son09;47158son11;47158son12;47158son24,0,0.99509084,0.9947386,0.0049091578,0.005261421
BC2026_Train_0062_S19_20241213_193000_55,BC2026_Train_0062_S19_20241213_193000.ogg,50,55,S19,1,22967;22973;47158son01;47158son03;47158son09;47158son11;47158son24,0,0.99376106,0.99294466,0.0062389374,0.007055342
BC2026_Train_0062_S19_20241213_193000_60,BC2026_Train_0062_S19_20241213_193000.ogg,55,60,S19,1,22967;22973;47158son04;47158son09;47158son11;47158son24,0,0.9947603,0.99353576,0.005239725,0.006464243
BC2026_Train_0020_S22_20211104_231500_5,BC2026_Train_0020_S22_20211104_231500.ogg,0,5,S22,1,22973;65380;trsowl;undtin1,0,0.9496864,0.9643805,0.050313592,0.035619497
BC2026_Train_0020_S22_20211104_231500_10,BC2026_Train_0020_S22_20211104_231500.ogg,5,10,S22,1,22973;517063;65380;undtin1,0,0.94640416,0.9653482,0.05359584,0.034651816
BC2026_Train_0020_S22_20211104_231500_15,BC2026_Train_0020_S22_20211104_231500.ogg,10,15,S22,1,517063;65380;trsowl;undtin1,0,0.8570607,0.8034831,0.14293933,0.19651687
BC2026_Train_0020_S22_20211104_231500_20,BC2026_Train_0020_S22_20211104_231500.ogg,15,20,S22,1,517063;65380,0,0.52907914,0.41654104,0.47092086,0.58345896
BC2026_Train_0020_S22_20211104_231500_25,BC2026_Train_0020_S22_20211104_231500.ogg,20,25,S22,1,517063;65380;trsowl,0,0.7951995,0.81436354,0.20480049,0.18563646
BC2026_Train_0020_S22_20211104_231500_30,BC2026_Train_0020_S22_20211104_231500.ogg,25,30,S22,1,22973;517063;trsowl;undtin1,0,0.84954745,0.84943956,0.15045255,0.15056044
BC2026_Train_0020_S22_20211104_231500_35,BC2026_Train_0020_S22_20211104_231500.ogg,30,35,S22,1,22973;517063,0,0.40306136,0.106640704,0.5969386,0.8933593
BC2026_Train_0020_S22_20211104_231500_40,BC2026_Train_0020_S22_20211104_231500.ogg,35,40,S22,1,65380;trsowl,0,0.82597363,0.6438965,0.17402637,0.35610348
BC2026_Train_0020_S22_20211104_231500_45,BC2026_Train_0020_S22_20211104_231500.ogg,40,45,S22,1,22973;65380;compau,0,0.94052243,0.93197775,0.059477568,0.06802225
BC2026_Train_0020_S22_20211104_231500_50,BC2026_Train_0020_S22_20211104_231500.ogg,45,50,S22,1,22973;65380;compau;undtin1,0,0.9723517,0.9851822,0.02764833,0.014817774
BC2026_Train_0020_S22_20211104_231500_55,BC2026_Train_0020_S22_20211104_231500.ogg,50,55,S22,1,22973;517063;65380;compau;trsowl,0,0.95700085,0.9595369,0.04299915,0.04046309
BC2026_Train_0020_S22_20211104_231500_60,BC2026_Train_0020_S22_20211104_231500.ogg,55,60,S22,1,22973;517063;65380;compau,0,0.9029475,0.9259155,0.097052515,0.07408452
BC2026_Train_0012_S03_20220211_233000_5,BC2026_Train_0012_S03_20220211_233000.ogg,0,5,S03,1,517063,0,0.16664065,0.40757686,0.83335936,0.59242314
BC2026_Train_0012_S03_20220211_233000_10,BC2026_Train_0012_S03_20220211_233000.ogg,5,10,S03,1,1491113,0,0.22282872,0.48202765,0.77717125,0.51797235
BC2026_Train_0012_S03_20220211_233000_15,BC2026_Train_0012_S03_20220211_233000.ogg,10,15,S03,1,1491113;517063,0,0.16769865,0.43738765,0.8323014,0.56261235
BC2026_Train_0012_S03_20220211_233000_20,BC2026_Train_0012_S03_20220211_233000.ogg,15,20,S03,1,517063,0,0.26049218,0.5315994,0.7395078,0.4684006
BC2026_Train_0012_S03_20220211_233000_25,BC2026_Train_0012_S03_20220211_233000.ogg,20,25,S03,1,517063,0,0.26431003,0.5920352,0.73569,0.40796483
BC2026_Train_0012_S03_20220211_233000_30,BC2026_Train_0012_S03_20220211_233000.ogg,25,30,S03,1,517063,0,0.37885135,0.70283735,0.62114865,0.29716265
BC2026_Train_0012_S03_20220211_233000_35,BC2026_Train_0012_S03_20220211_233000.ogg,30,35,S03,1,517063,0,0.38058323,0.707952,0.6194168,0.29204798
BC2026_Train_0012_S03_20220211_233000_40,BC2026_Train_0012_S03_20220211_233000.ogg,35,40,S03,1,517063,0,0.3072454,0.6342555,0.6927546,0.36574447
BC2026_Train_0012_S03_20220211_233000_45,BC2026_Train_0012_S03_20220211_233000.ogg,40,45,S03,1,517063,0,0.38242328,0.6650436,0.6175767,0.3349564
BC2026_Train_0012_S03_20220211_233000_50,BC2026_Train_0012_S03_20220211_233000.ogg,45,50,S03,1,517063,0,0.3344311,0.64701,0.6655689,0.35298997
BC2026_Train_0012_S03_20220211_233000_55,BC2026_Train_0012_S03_20220211_233000.ogg,50,55,S03,1,517063,0,0.16277887,0.47749653,0.83722115,0.5225035
BC2026_Train_0012_S03_20220211_233000_60,BC2026_Train_0012_S03_20220211_233000.ogg,55,60,S03,1,517063,0,0.2494684,0.5388577,0.7505316,0.4611423
BC2026_Train_0064_S23_20241124_032002_5,BC2026_Train_0064_S23_20241124_032002.ogg,0,5,S23,1,47158son04;47158son10;47158son25,0,0.99688894,0.98967904,0.0031110644,0.0103209615
BC2026_Train_0064_S23_20241124_032002_10,BC2026_Train_0064_S23_20241124_032002.ogg,5,10,S23,1,47158son04;47158son10;47158son25;bafcur1,0,0.9980809,0.9937303,0.0019190907,0.0062696934
BC2026_Train_0064_S23_20241124_032002_15,BC2026_Train_0064_S23_20241124_032002.ogg,10,15,S23,1,47158son04;47158son10;47158son25;bafcur1,0,0.9985249,0.9951433,0.0014750957,0.0048567057
BC2026_Train_0064_S23_20241124_032002_20,BC2026_Train_0064_S23_20241124_032002.ogg,15,20,S23,1,47158son04;47158son10;47158son25;bafcur1,0,0.9623654,0.94278556,0.03763461,0.05721444
BC2026_Train_0064_S23_20241124_032002_25,BC2026_Train_0064_S23_20241124_032002.ogg,20,25,S23,1,47158son04;47158son10;47158son25;bafcur1,0,0.9906152,0.9790119,0.009384811,0.020988107
BC2026_Train_0064_S23_20241124_032002_30,BC2026_Train_0064_S23_20241124_032002.ogg,25,30,S23,1,47158son04;47158son10;47158son25;bafcur1,0,0.99863404,0.9951768,0.0013659596,0.004823208
BC2026_Train_0064_S23_20241124_032002_35,BC2026_Train_0064_S23_20241124_032002.ogg,30,35,S23,1,116570;47158son04;47158son06;47158son10;47158son25;bafcur1,0,0.9965507,0.9925748,0.0034493208,0.007425189
BC2026_Train_0064_S23_20241124_032002_40,BC2026_Train_0064_S23_20241124_032002.ogg,35,40,S23,1,47158son04;47158son06;47158son10;47158son25;bafcur1,0,0.98477954,0.9678423,0.015220463,0.03215772
BC2026_Train_0064_S23_20241124_032002_45,BC2026_Train_0064_S23_20241124_032002.ogg,40,45,S23,1,47158son04;47158son06;47158son10;47158son25,0,0.9970092,0.99074155,0.0029907823,0.009258449
BC2026_Train_0064_S23_20241124_032002_50,BC2026_Train_0064_S23_20241124_032002.ogg,45,50,S23,1,47158son04;47158son06;47158son10;47158son25;bafcur1,0,0.9975118,0.9915386,0.002488196,0.008461416
BC2026_Train_0064_S23_20241124_032002_55,BC2026_Train_0064_S23_20241124_032002.ogg,50,55,S23,1,47158son04;47158son06;47158son10;47158son25;bafcur1,0,0.9979745,0.9941676,0.002025485,0.005832374
BC2026_Train_0064_S23_20241124_032002_60,BC2026_Train_0064_S23_20241124_032002.ogg,55,60,S23,1,47158son04;47158son06;47158son10;47158son25;wfwduc1,0,0.99770314,0.9945336,0.002296865,0.0054664016
BC2026_Train_0016_S18_20220204_221500_5,BC2026_Train_0016_S18_20220204_221500.ogg,0,5,S18,1,24279,0,0.93980414,0.9401857,0.060195863,0.059814274
BC2026_Train_0016_S18_20220204_221500_10,BC2026_Train_0016_S18_20220204_221500.ogg,5,10,S18,1,22967;24279;517063,0,0.9286991,0.9333978,0.071300924,0.06660217
BC2026_Train_0016_S18_20220204_221500_15,BC2026_Train_0016_S18_20220204_221500.ogg,10,15,S18,1,22967;517063,0,0.73875546,0.75301975,0.26124454,0.24698025
BC2026_Train_0016_S18_20220204_221500_20,BC2026_Train_0016_S18_20220204_221500.ogg,15,20,S18,1,22967;517063,0,0.8310368,0.8496726,0.1689632,0.15032738
BC2026_Train_0016_S18_20220204_221500_25,BC2026_Train_0016_S18_20220204_221500.ogg,20,25,S18,1,22967,0,0.8826849,0.895946,0.11731511,0.104053974
BC2026_Train_0016_S18_20220204_221500_30,BC2026_Train_0016_S18_20220204_221500.ogg,25,30,S18,1,22967,0,0.94056207,0.93748,0.05943793,0.06252003
BC2026_Train_0016_S18_20220204_221500_35,BC2026_Train_0016_S18_20220204_221500.ogg,30,35,S18,1,22967,0,0.913282,0.9277966,0.08671802,0.0722034
BC2026_Train_0016_S18_20220204_221500_40,BC2026_Train_0016_S18_20220204_221500.ogg,35,40,S18,1,22967,0,0.93281925,0.9392092,0.06718075,0.060790777
BC2026_Train_0016_S18_20220204_221500_45,BC2026_Train_0016_S18_20220204_221500.ogg,40,45,S18,1,22967,0,0.88471955,0.9079292,0.11528045,0.09207082
BC2026_Train_0016_S18_20220204_221500_50,BC2026_Train_0016_S18_20220204_221500.ogg,45,50,S18,1,22967,0,0.960011,0.9622576,0.039988995,0.037742376
BC2026_Train_0016_S18_20220204_221500_55,BC2026_Train_0016_S18_20220204_221500.ogg,50,55,S18,1,22967,0,0.90818864,0.9123679,0.09181136,0.08763212
BC2026_Train_0016_S18_20220204_221500_60,BC2026_Train_0016_S18_20220204_221500.ogg,55,60,S18,1,22967,0,0.942037,0.94660324,0.057963014,0.05339676
BC2026_Train_0002_S08_20250607_030007_5,BC2026_Train_0002_S08_20250607_030007.ogg,0,5,S08,1,47158son01;47158son13;47158son22;47158son23;47158son25,0,0.8979552,0.91048217,0.10204482,0.08951783
BC2026_Train_0002_S08_20250607_030007_10,BC2026_Train_0002_S08_20250607_030007.ogg,5,10,S08,1,47158son01;47158son13;47158son21;47158son22;47158son23;47158son25,0,0.93026805,0.939068,0.06973195,0.06093198
BC2026_Train_0002_S08_20250607_030007_15,BC2026_Train_0002_S08_20250607_030007.ogg,10,15,S08,1,47158son01;47158son13;47158son21;47158son22;47158son23;47158son25,0,0.91153526,0.91859776,0.08846474,0.08140224
BC2026_Train_0002_S08_20250607_030007_20,BC2026_Train_0002_S08_20250607_030007.ogg,15,20,S08,1,47158son01;47158son13;47158son21;47158son22;47158son23;47158son25,0,0.9259036,0.9334083,0.07409638,0.06659168
BC2026_Train_0002_S08_20250607_030007_25,BC2026_Train_0002_S08_20250607_030007.ogg,20,25,S08,1,47158son01;47158son13;47158son21;47158son22;47158son23;47158son25,0,0.9182132,0.9270262,0.08178681,0.07297379
BC2026_Train_0002_S08_20250607_030007_30,BC2026_Train_0002_S08_20250607_030007.ogg,25,30,S08,1,47158son01;47158son13;47158son21;47158son22;47158son23;47158son25,0,0.9346693,0.94469184,0.065330684,0.055308163
BC2026_Train_0002_S08_20250607_030007_35,BC2026_Train_0002_S08_20250607_030007.ogg,30,35,S08,1,47158son01;47158son13;47158son21;47158son22;47158son23;47158son25,0,0.9188734,0.92770153,0.08112657,0.07229847
BC2026_Train_0002_S08_20250607_030007_40,BC2026_Train_0002_S08_20250607_030007.ogg,35,40,S08,1,47158son01;47158son13;47158son21;47158son22;47158son23;47158son25,0,0.94035256,0.94810534,0.05964744,0.051894665
BC2026_Train_0002_S08_20250607_030007_45,BC2026_Train_0002_S08_20250607_030007.ogg,40,45,S08,1,116570;47158son01;47158son13;47158son21;47158son22;47158son23;47158son25,0,0.95759195,0.96464866,0.04240805,0.035351336
BC2026_Train_0002_S08_20250607_030007_50,BC2026_Train_0002_S08_20250607_030007.ogg,45,50,S08,1,47158son01;47158son13;47158son21;47158son22;47158son23;47158son25,0,0.90050626,0.9132546,0.09949374,0.08674538
BC2026_Train_0002_S08_20250607_030007_55,BC2026_Train_0002_S08_20250607_030007.ogg,50,55,S08,1,47158son01;47158son13;47158son21;47158son22;47158son23;47158son25,0,0.91728157,0.9244459,0.08271843,0.07555407
BC2026_Train_0002_S08_20250607_030007_60,BC2026_Train_0002_S08_20250607_030007.ogg,55,60,S08,1,47158son01;47158son13;47158son21;47158son22;47158son23;47158son25,0,0.9042103,0.9151388,0.09578967,0.08486122
BC2026_Train_0032_S22_20211215_221500_5,BC2026_Train_0032_S22_20211215_221500.ogg,0,5,S22,1,23158;24279;24321;555146;65380,0,0.97719663,0.9852536,0.022803366,0.014746428
BC2026_Train_0032_S22_20211215_221500_10,BC2026_Train_0032_S22_20211215_221500.ogg,5,10,S22,1,23158;24279;24321;555146;65380,0,0.9744705,0.9813246,0.025529504,0.018675387
BC2026_Train_0032_S22_20211215_221500_15,BC2026_Train_0032_S22_20211215_221500.ogg,10,15,S22,1,23158;24279;24321;555146;65380,0,0.9779495,0.98498315,0.0220505,0.015016854
BC2026_Train_0032_S22_20211215_221500_20,BC2026_Train_0032_S22_20211215_221500.ogg,15,20,S22,1,23158;24279;24321;555146;65380,0,0.9760528,0.98475236,0.02394718,0.015247643
BC2026_Train_0032_S22_20211215_221500_25,BC2026_Train_0032_S22_20211215_221500.ogg,20,25,S22,1,23158;24279;24321;555146;65380,0,0.9784173,0.9855903,0.021582723,0.014409721
BC2026_Train_0032_S22_20211215_221500_30,BC2026_Train_0032_S22_20211215_221500.ogg,25,30,S22,1,23158;24279;24321;25092;555146;65380,0,0.9814,0.98820966,0.018599987,0.011790335
BC2026_Train_0032_S22_20211215_221500_35,BC2026_Train_0032_S22_20211215_221500.ogg,30,35,S22,1,23158;24279;24321;555146;65380,0,0.9729154,0.98135954,0.027084589,0.018640459
BC2026_Train_0032_S22_20211215_221500_40,BC2026_Train_0032_S22_20211215_221500.ogg,35,40,S22,1,23158;24279;24321;555146;65380,0,0.97843784,0.986077,0.021562159,0.013922989
BC2026_Train_0032_S22_20211215_221500_45,BC2026_Train_0032_S22_20211215_221500.ogg,40,45,S22,1,23158;24279;24321;555146;65380,0,0.97868055,0.9878311,0.021319449,0.012168884
BC2026_Train_0032_S22_20211215_221500_50,BC2026_Train_0032_S22_20211215_221500.ogg,45,50,S22,1,23158;24279;24321;555146;65380,0,0.973934,0.98118883,0.026066005,0.018811166
BC2026_Train_0032_S22_20211215_221500_55,BC2026_Train_0032_S22_20211215_221500.ogg,50,55,S22,1,23158;24279;24321;555146;65380,0,0.97252,0.9800116,0.027480006,0.019988418
BC2026_Train_0032_S22_20211215_221500_60,BC2026_Train_0032_S22_20211215_221500.ogg,55,60,S22,1,23158;24279;24321;25092;555146;65380,0,0.97199893,0.98102784,0.02800107,0.018972158
BC2026_Train_0023_S22_20211121_230000_5,BC2026_Train_0023_S22_20211121_230000.ogg,0,5,S22,1,1491113;22967;22973;compau;undtin1,0,0.9888792,0.9946332,0.011120796,0.005366802
BC2026_Train_0023_S22_20211121_230000_10,BC2026_Train_0023_S22_20211121_230000.ogg,5,10,S22,1,1491113;22967;22973;compau,0,0.9878177,0.9942992,0.012182295,0.0057008266
BC2026_Train_0023_S22_20211121_230000_15,BC2026_Train_0023_S22_20211121_230000.ogg,10,15,S22,1,1491113;22967;22973;undtin1,0,0.98124456,0.9881042,0.018755436,0.011895776
BC2026_Train_0023_S22_20211121_230000_20,BC2026_Train_0023_S22_20211121_230000.ogg,15,20,S22,1,1491113;22967;22973;517063;compau,0,0.97185737,0.9808324,0.028142631,0.019167602
BC2026_Train_0023_S22_20211121_230000_25,BC2026_Train_0023_S22_20211121_230000.ogg,20,25,S22,1,1491113;22967;22973;555146;compau;undtin1,0,0.9858369,0.99106,0.014163077,0.008939981
BC2026_Train_0023_S22_20211121_230000_30,BC2026_Train_0023_S22_20211121_230000.ogg,25,30,S22,1,1491113;22967;22973;517063;65380;compau,0,0.9762874,0.97871685,0.023712575,0.02128315
BC2026_Train_0023_S22_20211121_230000_35,BC2026_Train_0023_S22_20211121_230000.ogg,30,35,S22,1,1491113;22967;22973;65380;compau,0,0.9844485,0.9903978,0.0155515075,0.009602189
BC2026_Train_0023_S22_20211121_230000_40,BC2026_Train_0023_S22_20211121_230000.ogg,35,40,S22,1,1491113;22967;22973;65380;compau,0,0.9821453,0.9878169,0.01785469,0.01218313
BC2026_Train_0023_S22_20211121_230000_45,BC2026_Train_0023_S22_20211121_230000.ogg,40,45,S22,1,1491113;22967;22973;65380;compau;undtin1,0,0.97810805,0.9776953,0.021891952,0.022304714
BC2026_Train_0023_S22_20211121_230000_50,BC2026_Train_0023_S22_20211121_230000.ogg,45,50,S22,1,1491113;22967;22973;65380;compau,0,0.9699615,0.9807285,0.030038476,0.019271493
BC2026_Train_0023_S22_20211121_230000_55,BC2026_Train_0023_S22_20211121_230000.ogg,50,55,S22,1,1491113;22967;22973;65380;compau,0,0.9819743,0.9888462,0.018025696,0.011153817
BC2026_Train_0023_S22_20211121_230000_60,BC2026_Train_0023_S22_20211121_230000.ogg,55,60,S22,1,1491113;22967;22973;65380,0,0.9747953,0.98138696,0.025204718,0.01861304
BC2026_Train_0063_S19_20241214_190000_5,BC2026_Train_0063_S19_20241214_190000.ogg,0,5,S19,1,22973;25073;326272;47158son04;47158son11;47158son13;47158son24;67107,0,0.9826037,0.98464185,0.017396271,0.01535815
BC2026_Train_0063_S19_20241214_190000_10,BC2026_Train_0063_S19_20241214_190000.ogg,5,10,S19,1,22973;25073;326272;47158son11;47158son13;47158son24;67107,0,0.9687523,0.96780527,0.031247675,0.032194734
BC2026_Train_0063_S19_20241214_190000_15,BC2026_Train_0063_S19_20241214_190000.ogg,10,15,S19,1,22973;24321;25073;326272;47158son11;47158son13;47158son24;67107,0,0.983296,0.99002796,0.016704023,0.009972036
BC2026_Train_0063_S19_20241214_190000_20,BC2026_Train_0063_S19_20241214_190000.ogg,15,20,S19,1,22973;25073;326272;47158son11;47158son13;47158son24,0,0.9842333,0.9886573,0.01576668,0.011342704
BC2026_Train_0063_S19_20241214_190000_25,BC2026_Train_0063_S19_20241214_190000.ogg,20,25,S19,1,22973;25073;326272;47158son11;47158son13;47158son24,0,0.9635837,0.96548444,0.036416292,0.03451556
BC2026_Train_0063_S19_20241214_190000_30,BC2026_Train_0063_S19_20241214_190000.ogg,25,30,S19,1,22973;24321;25073;326272;47158son04;47158son11;47158son13;47158son24,0,0.96828306,0.967932,0.031716943,0.032068014
BC2026_Train_0063_S19_20241214_190000_35,BC2026_Train_0063_S19_20241214_190000.ogg,30,35,S19,1,22973;24321;25073;326272;47158son04;47158son11;47158son13;47158son24;67107,0,0.99488664,0.99795943,0.0051133633,0.002040565
BC2026_Train_0063_S19_20241214_190000_40,BC2026_Train_0063_S19_20241214_190000.ogg,35,40,S19,1,22973;25073;326272;47158son11;47158son13;47158son24;67107;compau,0,0.99171567,0.9953265,0.00828433,0.004673481
BC2026_Train_0063_S19_20241214_190000_45,BC2026_Train_0063_S19_20241214_190000.ogg,40,45,S19,1,22973;25073;326272;47158son05;47158son11;47158son13;47158son24;67107,0,0.9848995,0.9904467,0.015100479,0.009553313
BC2026_Train_0063_S19_20241214_190000_50,BC2026_Train_0063_S19_20241214_190000.ogg,45,50,S19,1,22973;24321;25073;326272;47158son04;47158son05;47158son11;47158son13;47158son24;67107,0,0.9783922,0.98382396,0.021607816,0.016176045
BC2026_Train_0063_S19_20241214_190000_55,BC2026_Train_0063_S19_20241214_190000.ogg,50,55,S19,1,22973;24321;25073;326272;47158son11;47158son13;47158son24;67107,0,0.985577,0.98788285,0.014423013,0.012117147
BC2026_Train_0063_S19_20241214_190000_60,BC2026_Train_0063_S19_20241214_190000.ogg,55,60,S19,1,22973;25073;326272;47158son11;47158son13;47158son24;67107,0,0.9820592,0.97939175,0.01794082,0.020608246
BC2026_Train_0041_S22_20220105_223000_5,BC2026_Train_0041_S22_20220105_223000.ogg,0,5,S22,1,23158;24279;24321;517063;555146;65380;66971,0,0.96413755,0.963988,0.035862446,0.036011994
BC2026_Train_0041_S22_20220105_223000_10,BC2026_Train_0041_S22_20220105_223000.ogg,5,10,S22,1,23158;24279;24321;517063;555146;65380,0,0.9737058,0.9842335,0.026294172,0.015766501
BC2026_Train_0041_S22_20220105_223000_15,BC2026_Train_0041_S22_20220105_223000.ogg,10,15,S22,1,23158;24279;24321;517063;555146;65380;66971,0,0.96516454,0.96578574,0.034835458,0.03421426
BC2026_Train_0041_S22_20220105_223000_20,BC2026_Train_0041_S22_20220105_223000.ogg,15,20,S22,1,23158;24279;24321;517063;555146;65380;66971,0,0.9652624,0.96492946,0.034737587,0.03507054
BC2026_Train_0041_S22_20220105_223000_25,BC2026_Train_0041_S22_20220105_223000.ogg,20,25,S22,1,23158;24279;24321;517063;555146;65380;66971,0,0.9594845,0.9549635,0.040515482,0.045036495
BC2026_Train_0041_S22_20220105_223000_30,BC2026_Train_0041_S22_20220105_223000.ogg,25,30,S22,1,23158;24279;24321;517063;555146;65380;66971,0,0.9646788,0.95926785,0.035321176,0.040732145
BC2026_Train_0041_S22_20220105_223000_35,BC2026_Train_0041_S22_20220105_223000.ogg,30,35,S22,1,23158;24279;24321;517063;555146;65380;66971,0,0.9686924,0.96924174,0.031307578,0.030758262
BC2026_Train_0041_S22_20220105_223000_40,BC2026_Train_0041_S22_20220105_223000.ogg,35,40,S22,1,23158;24279;24321;517063;555146;65380;66971,0,0.97530717,0.9792367,0.024692833,0.020763278
BC2026_Train_0041_S22_20220105_223000_45,BC2026_Train_0041_S22_20220105_223000.ogg,40,45,S22,1,23158;24279;24321;517063;555146;65380;66971,0,0.9707826,0.97525156,0.029217422,0.024748445
BC2026_Train_0041_S22_20220105_223000_50,BC2026_Train_0041_S22_20220105_223000.ogg,45,50,S22,1,23158;24279;24321;517063;555146;65380;66971,0,0.97026926,0.9757922,0.029730737,0.02420777
BC2026_Train_0041_S22_20220105_223000_55,BC2026_Train_0041_S22_20220105_223000.ogg,50,55,S22,1,23158;24279;24321;517063;555146;65380;66971,0,0.9698795,0.9716156,0.030120492,0.028384387
BC2026_Train_0041_S22_20220105_223000_60,BC2026_Train_0041_S22_20220105_223000.ogg,55,60,S22,1,23158;24279;24321;517063;555146;65380;66971,0,0.96927816,0.9736733,0.030721843,0.026326716
BC2026_Train_0030_S22_20211212_224500_5,BC2026_Train_0030_S22_20211212_224500.ogg,0,5,S22,1,22967;22973;517063,0,0.9817347,0.99198365,0.018265307,0.008016348
BC2026_Train_0030_S22_20211212_224500_10,BC2026_Train_0030_S22_20211212_224500.ogg,5,10,S22,1,22967;22973;517063,0,0.97281235,0.9873901,0.027187645,0.012609899
BC2026_Train_0030_S22_20211212_224500_15,BC2026_Train_0030_S22_20211212_224500.ogg,10,15,S22,1,22967;22973;517063,0,0.9753976,0.9896185,0.024602413,0.01038152
BC2026_Train_0030_S22_20211212_224500_20,BC2026_Train_0030_S22_20211212_224500.ogg,15,20,S22,1,22967;22973;24321;517063,0,0.9652031,0.9851844,0.034796894,0.0148156285
BC2026_Train_0030_S22_20211212_224500_25,BC2026_Train_0030_S22_20211212_224500.ogg,20,25,S22,1,22967;22973;24321;517063,0,0.9700464,0.9854025,0.029953599,0.0145974755
BC2026_Train_0030_S22_20211212_224500_30,BC2026_Train_0030_S22_20211212_224500.ogg,25,30,S22,1,22967;22973;24321;517063,0,0.9724518,0.9879798,0.027548194,0.012020171
BC2026_Train_0030_S22_20211212_224500_35,BC2026_Train_0030_S22_20211212_224500.ogg,30,35,S22,1,22967;22973;24321;517063,0,0.972501,0.9920569,0.02749902,0.007943094
BC2026_Train_0030_S22_20211212_224500_40,BC2026_Train_0030_S22_20211212_224500.ogg,35,40,S22,1,22967;22973;517063,0,0.9744959,0.9885247,0.025504112,0.011475325
BC2026_Train_0030_S22_20211212_224500_45,BC2026_Train_0030_S22_20211212_224500.ogg,40,45,S22,1,22967;22973;24321;517063,0,0.980454,0.9924816,0.019545972,0.0075184107
BC2026_Train_0030_S22_20211212_224500_50,BC2026_Train_0030_S22_20211212_224500.ogg,45,50,S22,1,22967;22973;24321;517063,0,0.9803579,0.99354976,0.019642115,0.006450236
BC2026_Train_0030_S22_20211212_224500_55,BC2026_Train_0030_S22_20211212_224500.ogg,50,55,S22,1,22967;22973;517063,0,0.9790989,0.99315435,0.020901084,0.006845653
BC2026_Train_0030_S22_20211212_224500_60,BC2026_Train_0030_S22_20211212_224500.ogg,55,60,S22,1,22967;22973;517063,0,0.9771584,0.9901918,0.022841573,0.009808183
BC2026_Train_0006_S09_20250828_000000_10,BC2026_Train_0006_S09_20250828_000000.ogg,5,10,S09,1,516975,0,0.8176086,0.10603293,0.1823914,0.8939671
BC2026_Train_0006_S09_20250828_000000_15,BC2026_Train_0006_S09_20250828_000000.ogg,10,15,S09,1,516975,0,0.90418255,0.48806623,0.09581745,0.5119338
BC2026_Train_0006_S09_20250828_000000_30,BC2026_Train_0006_S09_20250828_000000.ogg,25,30,S09,0,,15,0.025901139,0.0149736265,0.97409886,0.98502636
BC2026_Train_0006_S09_20250828_000000_35,BC2026_Train_0006_S09_20250828_000000.ogg,30,35,S09,0,,20,0.2280398,0.042620216,0.7719602,0.95737976
BC2026_Train_0006_S09_20250828_000000_40,BC2026_Train_0006_S09_20250828_000000.ogg,35,40,S09,0,,25,0.85668373,0.19053465,0.14331627,0.80946535
BC2026_Train_0006_S09_20250828_000000_45,BC2026_Train_0006_S09_20250828_000000.ogg,40,45,S09,0,,30,0.68677163,0.08511795,0.31322837,0.91488206
BC2026_Train_0006_S09_20250828_000000_50,BC2026_Train_0006_S09_20250828_000000.ogg,45,50,S09,0,,35,0.38458133,0.033945918,0.6154187,0.9660541
BC2026_Train_0006_S09_20250828_000000_55,BC2026_Train_0006_S09_20250828_000000.ogg,50,55,S09,0,,40,0.20692647,0.049165923,0.79307353,0.9508341
BC2026_Train_0006_S09_20250828_000000_60,BC2026_Train_0006_S09_20250828_000000.ogg,55,60,S09,0,,45,0.22911994,0.047554877,0.77088004,0.95244515
BC2026_Train_0036_S22_20211224_234500_5,BC2026_Train_0036_S22_20211224_234500.ogg,0,5,S22,1,23158;24279;24321;517063;555146;65380;66971,0,0.980204,0.98620415,0.019796014,0.013795853
BC2026_Train_0036_S22_20211224_234500_10,BC2026_Train_0036_S22_20211224_234500.ogg,5,10,S22,1,23158;24279;24321;517063;555146;65380;66971,0,0.95727104,0.94675034,0.04272896,0.053249657
BC2026_Train_0036_S22_20211224_234500_15,BC2026_Train_0036_S22_20211224_234500.ogg,10,15,S22,1,23158;24279;24321;517063;555146;65380;66971,0,0.96556437,0.9696306,0.03443563,0.030369401
BC2026_Train_0036_S22_20211224_234500_20,BC2026_Train_0036_S22_20211224_234500.ogg,15,20,S22,1,23158;24279;24321;517063;555146;65380,0,0.9605312,0.95962936,0.039468825,0.040370643
BC2026_Train_0036_S22_20211224_234500_25,BC2026_Train_0036_S22_20211224_234500.ogg,20,25,S22,1,23158;24279;24321;517063;555146;65380,0,0.9549525,0.9434832,0.04504752,0.056516826
BC2026_Train_0036_S22_20211224_234500_30,BC2026_Train_0036_S22_20211224_234500.ogg,25,30,S22,1,23158;24279;24321;517063;555146;65380,0,0.972693,0.97740144,0.027306974,0.022598565
BC2026_Train_0036_S22_20211224_234500_35,BC2026_Train_0036_S22_20211224_234500.ogg,30,35,S22,1,23158;24279;24321;517063;555146;65380,0,0.97382915,0.98020834,0.02617085,0.019791663
BC2026_Train_0036_S22_20211224_234500_40,BC2026_Train_0036_S22_20211224_234500.ogg,35,40,S22,1,23158;24279;24321;517063;555146;65380,0,0.9701032,0.9724963,0.029896796,0.027503729
BC2026_Train_0036_S22_20211224_234500_45,BC2026_Train_0036_S22_20211224_234500.ogg,40,45,S22,1,23158;24279;517063;555146;65380,0,0.95642614,0.9523409,0.043573856,0.0476591
BC2026_Train_0036_S22_20211224_234500_50,BC2026_Train_0036_S22_20211224_234500.ogg,45,50,S22,1,23158;24279;24321;517063;555146;65380;66971,0,0.98002124,0.9868391,0.019978762,0.013160884
BC2026_Train_0036_S22_20211224_234500_55,BC2026_Train_0036_S22_20211224_234500.ogg,50,55,S22,1,23158;24279;24321;517063;555146;65380,0,0.9573629,0.9492988,0.04263711,0.0507012
BC2026_Train_0036_S22_20211224_234500_60,BC2026_Train_0036_S22_20211224_234500.ogg,55,60,S22,1,23158;24279;24321;555146;65380;66971,0,0.96184856,0.95874393,0.038151443,0.04125607
BC2026_Train_0054_S22_20220214_034500_5,BC2026_Train_0054_S22_20220214_034500.ogg,0,5,S22,1,22973;517063;555146;65380,0,0.94933915,0.96564263,0.05066085,0.03435737
BC2026_Train_0054_S22_20220214_034500_10,BC2026_Train_0054_S22_20220214_034500.ogg,5,10,S22,1,22973;517063;555146;65380,0,0.9248229,0.9372938,0.07517707,0.06270617
BC2026_Train_0054_S22_20220214_034500_15,BC2026_Train_0054_S22_20220214_034500.ogg,10,15,S22,1,22973;517063;555146;65380,0,0.8900956,0.90984493,0.10990441,0.090155065
BC2026_Train_0054_S22_20220214_034500_20,BC2026_Train_0054_S22_20220214_034500.ogg,15,20,S22,1,22973;517063;555146;65380,0,0.9438256,0.9466166,0.056174397,0.05338341
BC2026_Train_0054_S22_20220214_034500_25,BC2026_Train_0054_S22_20220214_034500.ogg,20,25,S22,1,22973;517063;555146;65380,0,0.9425395,0.9579199,0.057460487,0.042080104
BC2026_Train_0054_S22_20220214_034500_30,BC2026_Train_0054_S22_20220214_034500.ogg,25,30,S22,1,22973;517063;555146;65380,0,0.9498231,0.96916634,0.05017692,0.030833662
BC2026_Train_0054_S22_20220214_034500_35,BC2026_Train_0054_S22_20220214_034500.ogg,30,35,S22,1,22973;517063;555146;65380,0,0.9480997,0.95556664,0.051900327,0.044433355
BC2026_Train_0054_S22_20220214_034500_40,BC2026_Train_0054_S22_20220214_034500.ogg,35,40,S22,1,22973;517063;555146;65380,0,0.9490317,0.9561089,0.05096829,0.043891072
BC2026_Train_0054_S22_20220214_034500_45,BC2026_Train_0054_S22_20220214_034500.ogg,40,45,S22,1,22973;517063;555146;65380,0,0.92766833,0.920403,0.07233167,0.079597
BC2026_Train_0054_S22_20220214_034500_50,BC2026_Train_0054_S22_20220214_034500.ogg,45,50,S22,1,22973;517063;555146,0,0.9513662,0.9472866,0.048633814,0.052713394
BC2026_Train_0054_S22_20220214_034500_55,BC2026_Train_0054_S22_20220214_034500.ogg,50,55,S22,1,22973;517063;555146,0,0.906181,0.8754575,0.09381902,0.124542475
BC2026_Train_0054_S22_20220214_034500_60,BC2026_Train_0054_S22_20220214_034500.ogg,55,60,S22,1,22973;517063;555146,0,0.924336,0.91126585,0.075663984,0.08873415
BC2026_Train_0010_S09_20250828_000000_5,BC2026_Train_0010_S09_20250828_000000.ogg,0,5,S09,1,516975,0,0.8960457,0.21978295,0.103954315,0.78021705
BC2026_Train_0010_S09_20250828_000000_10,BC2026_Train_0010_S09_20250828_000000.ogg,5,10,S09,1,516975,0,0.16171136,0.1980108,0.83828866,0.8019892
BC2026_Train_0010_S09_20250828_000000_25,BC2026_Train_0010_S09_20250828_000000.ogg,20,25,S09,0,,15,0.014861042,0.015620681,0.98513895,0.9843793
BC2026_Train_0010_S09_20250828_000000_30,BC2026_Train_0010_S09_20250828_000000.ogg,25,30,S09,0,,20,1.480626e-07,2.7086206e-05,0.9999999,0.99997294
BC2026_Train_0010_S09_20250828_000000_35,BC2026_Train_0010_S09_20250828_000000.ogg,30,35,S09,0,,25,1.1143321e-06,2.219395e-06,0.99999887,0.9999978
BC2026_Train_0010_S09_20250828_000000_40,BC2026_Train_0010_S09_20250828_000000.ogg,35,40,S09,0,,30,0.2186474,0.017188717,0.7813526,0.9828113
BC2026_Train_0010_S09_20250828_000000_45,BC2026_Train_0010_S09_20250828_000000.ogg,40,45,S09,0,,35,0.00015283983,0.0013153484,0.9998472,0.99868464
BC2026_Train_0010_S09_20250828_000000_50,BC2026_Train_0010_S09_20250828_000000.ogg,45,50,S09,0,,40,0.0015603362,0.0047698948,0.99843967,0.9952301
BC2026_Train_0010_S09_20250828_000000_55,BC2026_Train_0010_S09_20250828_000000.ogg,50,55,S09,0,,45,0.010141129,0.0072763795,0.98985887,0.99272364
BC2026_Train_0010_S09_20250828_000000_60,BC2026_Train_0010_S09_20250828_000000.ogg,55,60,S09,0,,50,0.33710736,0.050199382,0.66289264,0.9498006
BC2026_Train_0043_S22_20220112_040000_5,BC2026_Train_0043_S22_20220112_040000.ogg,0,5,S22,1,22967;22973;517063,0,0.9530347,0.9713832,0.0469653,0.028616786
BC2026_Train_0043_S22_20220112_040000_10,BC2026_Train_0043_S22_20220112_040000.ogg,5,10,S22,1,22967;22973;24279;517063;redjun,0,0.959631,0.9891901,0.040368974,0.010809898
BC2026_Train_0043_S22_20220112_040000_15,BC2026_Train_0043_S22_20220112_040000.ogg,10,15,S22,1,22967;22973;24279;517063;redjun,0,0.97670454,0.99394995,0.023295462,0.0060500503
BC2026_Train_0043_S22_20220112_040000_20,BC2026_Train_0043_S22_20220112_040000.ogg,15,20,S22,1,22967;22973;517063,0,0.96860874,0.9884477,0.031391263,0.011552274
BC2026_Train_0043_S22_20220112_040000_25,BC2026_Train_0043_S22_20220112_040000.ogg,20,25,S22,1,22967;22973;517063;redjun,0,0.97125584,0.99298143,0.028744161,0.007018566
BC2026_Train_0043_S22_20220112_040000_30,BC2026_Train_0043_S22_20220112_040000.ogg,25,30,S22,1,22967;22973;24279;517063;redjun,0,0.9753215,0.99123895,0.024678528,0.008761048
BC2026_Train_0043_S22_20220112_040000_35,BC2026_Train_0043_S22_20220112_040000.ogg,30,35,S22,1,22967;22973;24279;517063,0,0.9707299,0.9924198,0.029270113,0.0075802207
BC2026_Train_0043_S22_20220112_040000_40,BC2026_Train_0043_S22_20220112_040000.ogg,35,40,S22,1,22967;22973;517063,0,0.95198244,0.9823402,0.04801756,0.017659783
BC2026_Train_0043_S22_20220112_040000_45,BC2026_Train_0043_S22_20220112_040000.ogg,40,45,S22,1,22967;22973;24279;517063,0,0.9680368,0.98361707,0.03196323,0.016382933
BC2026_Train_0043_S22_20220112_040000_50,BC2026_Train_0043_S22_20220112_040000.ogg,45,50,S22,1,22967;22973;24279;517063;redjun,0,0.9674732,0.99035424,0.03252679,0.00964576
BC2026_Train_0043_S22_20220112_040000_55,BC2026_Train_0043_S22_20220112_040000.ogg,50,55,S22,1,22967;22973;24279;517063;redjun,0,0.9745614,0.9923773,0.025438607,0.007622719
BC2026_Train_0043_S22_20220112_040000_60,BC2026_Train_0043_S22_20220112_040000.ogg,55,60,S22,1,22967;22973;24279;517063,0,0.97435325,0.98689944,0.025646746,0.0131005645
BC2026_Train_0022_S22_20211114_014500_5,BC2026_Train_0022_S22_20211114_014500.ogg,0,5,S22,1,compau;litnig1;undtin1,0,0.8648268,0.9151316,0.1351732,0.08486837
BC2026_Train_0022_S22_20211114_014500_10,BC2026_Train_0022_S22_20211114_014500.ogg,5,10,S22,1,compau;litnig1,0,0.89173144,0.9233969,0.10826856,0.076603115
BC2026_Train_0022_S22_20211114_014500_15,BC2026_Train_0022_S22_20211114_014500.ogg,10,15,S22,1,compau;litnig1,0,0.88403785,0.9082152,0.11596215,0.091784775
BC2026_Train_0022_S22_20211114_014500_20,BC2026_Train_0022_S22_20211114_014500.ogg,15,20,S22,1,compau,0,0.83349943,0.8448662,0.16650057,0.15513378
BC2026_Train_0022_S22_20211114_014500_25,BC2026_Train_0022_S22_20211114_014500.ogg,20,25,S22,1,compau;litnig1;undtin1,0,0.883522,0.9079759,0.116478026,0.09202409
BC2026_Train_0022_S22_20211114_014500_30,BC2026_Train_0022_S22_20211114_014500.ogg,25,30,S22,1,517063;litnig1;undtin1,0,0.86665106,0.90068114,0.13334894,0.09931886
BC2026_Train_0022_S22_20211114_014500_35,BC2026_Train_0022_S22_20211114_014500.ogg,30,35,S22,1,litnig1,0,0.8662434,0.88438904,0.13375658,0.11561096
BC2026_Train_0022_S22_20211114_014500_40,BC2026_Train_0022_S22_20211114_014500.ogg,35,40,S22,1,517063;litnig1;undtin1,0,0.89103043,0.9031789,0.10896957,0.09682113
BC2026_Train_0022_S22_20211114_014500_45,BC2026_Train_0022_S22_20211114_014500.ogg,40,45,S22,1,517063;litnig1,0,0.88991153,0.91732514,0.11008847,0.08267486
BC2026_Train_0022_S22_20211114_014500_50,BC2026_Train_0022_S22_20211114_014500.ogg,45,50,S22,1,517063;litnig1;undtin1,0,0.90229934,0.922633,0.097700655,0.07736701
BC2026_Train_0022_S22_20211114_014500_55,BC2026_Train_0022_S22_20211114_014500.ogg,50,55,S22,1,517063;litnig1,0,0.8553009,0.88682234,0.1446991,0.11317766
BC2026_Train_0022_S22_20211114_014500_60,BC2026_Train_0022_S22_20211114_014500.ogg,55,60,S22,1,litnig1;undtin1,0,0.8909766,0.9399413,0.10902339,0.060058713
BC2026_Train_0048_S22_20220131_180000_5,BC2026_Train_0048_S22_20220131_180000.ogg,0,5,S22,1,1491113;bufpar;whtdov,0,0.9738852,0.9951909,0.026114821,0.0048090816
BC2026_Train_0048_S22_20220131_180000_10,BC2026_Train_0048_S22_20220131_180000.ogg,5,10,S22,1,1491113;bufpar;sibtan2,0,0.9872279,0.9987139,0.012772083,0.0012860894
BC2026_Train_0048_S22_20220131_180000_15,BC2026_Train_0048_S22_20220131_180000.ogg,10,15,S22,1,1491113;bufpar;hyamac1,0,0.96594024,0.989085,0.034059763,0.010914981
BC2026_Train_0048_S22_20220131_180000_20,BC2026_Train_0048_S22_20220131_180000.ogg,15,20,S22,1,1491113;bufpar;hyamac1,0,0.8777148,0.90169823,0.12228519,0.09830177
BC2026_Train_0048_S22_20220131_180000_25,BC2026_Train_0048_S22_20220131_180000.ogg,20,25,S22,1,1491113;bufpar;hyamac1;whtdov,0,0.9249854,0.9613207,0.07501459,0.0386793
BC2026_Train_0048_S22_20220131_180000_30,BC2026_Train_0048_S22_20220131_180000.ogg,25,30,S22,1,1491113;bufpar;hyamac1,0,0.86134046,0.881488,0.13865954,0.118511975
BC2026_Train_0048_S22_20220131_180000_35,BC2026_Train_0048_S22_20220131_180000.ogg,30,35,S22,1,1491113;66971;bufpar;hyamac1;whtdov,0,0.8436033,0.89488685,0.15639669,0.10511315
BC2026_Train_0048_S22_20220131_180000_40,BC2026_Train_0048_S22_20220131_180000.ogg,35,40,S22,1,1491113;66971;bufpar;hyamac1,0,0.7983284,0.7942604,0.2016716,0.20573962
BC2026_Train_0048_S22_20220131_180000_45,BC2026_Train_0048_S22_20220131_180000.ogg,40,45,S22,1,1491113;66971;bufpar;hyamac1,0,0.9330052,0.96095896,0.066994786,0.039041042
BC2026_Train_0048_S22_20220131_180000_50,BC2026_Train_0048_S22_20220131_180000.ogg,45,50,S22,1,1491113;23158;66971;bufpar;hyamac1;whtdov,0,0.9500707,0.978883,0.04992932,0.021116972
BC2026_Train_0048_S22_20220131_180000_55,BC2026_Train_0048_S22_20220131_180000.ogg,50,55,S22,1,1491113;66971;bufpar;hyamac1,0,0.9327201,0.958751,0.067279875,0.041248977
BC2026_Train_0048_S22_20220131_180000_60,BC2026_Train_0048_S22_20220131_180000.ogg,55,60,S22,1,1491113;23158;66971;bufpar;hyamac1;whtdov,0,0.9267943,0.96170527,0.07320571,0.038294733
BC2026_Train_0050_S22_20220205_214500_5,BC2026_Train_0050_S22_20220205_214500.ogg,0,5,S22,1,24279;24321;555146;65380;66971,0,0.974367,0.97943926,0.025632977,0.020560741
BC2026_Train_0050_S22_20220205_214500_10,BC2026_Train_0050_S22_20220205_214500.ogg,5,10,S22,1,24279;555146;65380;66971,0,0.9665817,0.97336686,0.033418298,0.026633143
BC2026_Train_0050_S22_20220205_214500_15,BC2026_Train_0050_S22_20220205_214500.ogg,10,15,S22,1,24279;555146;65380;66971,0,0.9698453,0.975726,0.030154705,0.024273992
BC2026_Train_0050_S22_20220205_214500_20,BC2026_Train_0050_S22_20220205_214500.ogg,15,20,S22,1,24279;555146;65380;66971,0,0.9512044,0.94688255,0.04879558,0.053117454
BC2026_Train_0050_S22_20220205_214500_25,BC2026_Train_0050_S22_20220205_214500.ogg,20,25,S22,1,24279;65380;66971,0,0.9632857,0.974946,0.036714315,0.025053978
BC2026_Train_0050_S22_20220205_214500_30,BC2026_Train_0050_S22_20220205_214500.ogg,25,30,S22,1,555146;65380;66971,0,0.96154785,0.9688347,0.03845215,0.031165302
BC2026_Train_0050_S22_20220205_214500_35,BC2026_Train_0050_S22_20220205_214500.ogg,30,35,S22,1,24279;517063;555146;65380;66971,0,0.95062405,0.9525713,0.04937595,0.047428727
BC2026_Train_0050_S22_20220205_214500_40,BC2026_Train_0050_S22_20220205_214500.ogg,35,40,S22,1,24279;517063;555146;65380;66971,0,0.9468538,0.93731004,0.053146183,0.06268996
BC2026_Train_0050_S22_20220205_214500_45,BC2026_Train_0050_S22_20220205_214500.ogg,40,45,S22,1,517063;65380;66971,0,0.9330553,0.9355355,0.06694472,0.06446451
BC2026_Train_0050_S22_20220205_214500_50,BC2026_Train_0050_S22_20220205_214500.ogg,45,50,S22,1,517063;555146;65380;66971,0,0.9326329,0.9303236,0.06736708,0.0696764
BC2026_Train_0050_S22_20220205_214500_55,BC2026_Train_0050_S22_20220205_214500.ogg,50,55,S22,1,24279;517063;65380;66971,0,0.9508356,0.9526317,0.049164414,0.047368288
BC2026_Train_0050_S22_20220205_214500_60,BC2026_Train_0050_S22_20220205_214500.ogg,55,60,S22,1,24279;517063;65380;66971,0,0.94506514,0.9420116,0.05493486,0.057988405
BC2026_Train_0060_S15_20250617_062700_5,BC2026_Train_0060_S15_20250617_062700.ogg,0,5,S15,1,47158son07;chacha1;fusfly1;magant1;undtin1;whtdov,0,0.9668927,0.96406084,0.03310728,0.035939157
BC2026_Train_0060_S15_20250617_062700_10,BC2026_Train_0060_S15_20250617_062700.ogg,5,10,S15,1,47158son07;chacha1;magant1;orwpar;whtdov,0,0.96560687,0.9635423,0.03439313,0.036457717
BC2026_Train_0060_S15_20250617_062700_15,BC2026_Train_0060_S15_20250617_062700.ogg,10,15,S15,1,47158son07;chacha1;orwpar;whtdov,0,0.93092805,0.93364316,0.06907195,0.06635684
BC2026_Train_0060_S15_20250617_062700_20,BC2026_Train_0060_S15_20250617_062700.ogg,15,20,S15,1,47158son07;chacha1;orwpar;whtdov,0,0.9563545,0.95702934,0.0436455,0.042970657
BC2026_Train_0060_S15_20250617_062700_25,BC2026_Train_0060_S15_20250617_062700.ogg,20,25,S15,1,47158son07;chacha1;fusfly1;orwpar;whtdov,0,0.9544314,0.94708186,0.045568585,0.052918136
BC2026_Train_0060_S15_20250617_062700_30,BC2026_Train_0060_S15_20250617_062700.ogg,25,30,S15,1,47158son07;chacha1;orwpar;whtdov,0,0.9771503,0.97534096,0.022849679,0.024659038
BC2026_Train_0060_S15_20250617_062700_35,BC2026_Train_0060_S15_20250617_062700.ogg,30,35,S15,1,47158son07;chacha1;orwpar;whtdov,0,0.9455609,0.94884944,0.054439127,0.05115056
BC2026_Train_0060_S15_20250617_062700_40,BC2026_Train_0060_S15_20250617_062700.ogg,35,40,S15,1,47158son07;chacha1;orwpar;whtdov,0,0.9584437,0.9576485,0.0415563,0.042351484
BC2026_Train_0060_S15_20250617_062700_45,BC2026_Train_0060_S15_20250617_062700.ogg,40,45,S15,1,47158son07;chacha1;fusfly1;orwpar;whtdov,0,0.97253275,0.9683453,0.02746725,0.031654716
BC2026_Train_0060_S15_20250617_062700_50,BC2026_Train_0060_S15_20250617_062700.ogg,45,50,S15,1,47158son07;orwpar;whtdov,0,0.9246516,0.92767906,0.07534838,0.07232094
BC2026_Train_0060_S15_20250617_062700_55,BC2026_Train_0060_S15_20250617_062700.ogg,50,55,S15,1,47158son07;chacha1;orwpar;whtdov,0,0.9650966,0.9636821,0.034903407,0.036317885
BC2026_Train_0060_S15_20250617_062700_60,BC2026_Train_0060_S15_20250617_062700.ogg,55,60,S15,1,47158son07;chacha1;whtdov,0,0.91168684,0.90887,0.08831316,0.09113002
BC2026_Train_0038_S22_20211228_220000_5,BC2026_Train_0038_S22_20211228_220000.ogg,0,5,S22,1,23158;24279;24321;517063;555146;65380;66971,0,0.96340126,0.9583994,0.036598742,0.041600585
BC2026_Train_0038_S22_20211228_220000_10,BC2026_Train_0038_S22_20211228_220000.ogg,5,10,S22,1,23158;24279;24321;517063;555146;65380;66971,0,0.9571159,0.9485107,0.04288411,0.051489294
BC2026_Train_0038_S22_20211228_220000_15,BC2026_Train_0038_S22_20211228_220000.ogg,10,15,S22,1,23158;24279;24321;517063;555146;65380;66971,0,0.9636058,0.9610776,0.03639418,0.03892243
BC2026_Train_0038_S22_20211228_220000_20,BC2026_Train_0038_S22_20211228_220000.ogg,15,20,S22,1,23158;24279;24321;517063;555146;65380;66971,0,0.9602379,0.9575802,0.03976208,0.04241979
BC2026_Train_0038_S22_20211228_220000_25,BC2026_Train_0038_S22_20211228_220000.ogg,20,25,S22,1,23158;24279;24321;517063;555146;65380;66971,0,0.9587786,0.9525291,0.04122138,0.047470927
BC2026_Train_0038_S22_20211228_220000_30,BC2026_Train_0038_S22_20211228_220000.ogg,25,30,S22,1,23158;24279;24321;517063;555146;65380;66971,0,0.95450073,0.9453,0.045499265,0.054700017
BC2026_Train_0038_S22_20211228_220000_35,BC2026_Train_0038_S22_20211228_220000.ogg,30,35,S22,1,23158;24279;24321;517063;555146;65380;66971,0,0.94961154,0.9352314,0.050388455,0.06476861
BC2026_Train_0038_S22_20211228_220000_40,BC2026_Train_0038_S22_20211228_220000.ogg,35,40,S22,1,23158;24279;24321;517063;555146;65380;66971,0,0.96655643,0.9707951,0.03344357,0.029204905
BC2026_Train_0038_S22_20211228_220000_45,BC2026_Train_0038_S22_20211228_220000.ogg,40,45,S22,1,23158;24279;24321;517063;555146;65380;66971,0,0.9664489,0.9650613,0.033551097,0.034938693
BC2026_Train_0038_S22_20211228_220000_50,BC2026_Train_0038_S22_20211228_220000.ogg,45,50,S22,1,23158;24279;24321;517063;555146;65380;66971,0,0.9667466,0.9647483,0.03325337,0.035251677
BC2026_Train_0038_S22_20211228_220000_55,BC2026_Train_0038_S22_20211228_220000.ogg,50,55,S22,1,23158;24279;24321;517063;555146;65380;66971,0,0.9686406,0.9711646,0.031359375,0.028835416
BC2026_Train_0038_S22_20211228_220000_60,BC2026_Train_0038_S22_20211228_220000.ogg,55,60,S22,1,23158;24279;24321;517063;555146;65380;66971,0,0.9694109,0.9738669,0.030589104,0.02613312
BC2026_Train_0011_S03_20211114_200000_5,BC2026_Train_0011_S03_20211114_200000.ogg,0,5,S03,1,1491113;22967;22973,0,0.9739339,0.9760491,0.026066124,0.023950875
BC2026_Train_0011_S03_20211114_200000_10,BC2026_Train_0011_S03_20211114_200000.ogg,5,10,S03,1,1491113;22967;22973;517063,0,0.97565204,0.98119974,0.024347961,0.018800259
BC2026_Train_0011_S03_20211114_200000_15,BC2026_Train_0011_S03_20211114_200000.ogg,10,15,S03,1,1491113;22967;22973;517063,0,0.963423,0.96674544,0.036576986,0.033254564
BC2026_Train_0011_S03_20211114_200000_20,BC2026_Train_0011_S03_20211114_200000.ogg,15,20,S03,1,1491113;22967;22973;517063,0,0.9703432,0.97149366,0.029656827,0.028506339
BC2026_Train_0011_S03_20211114_200000_25,BC2026_Train_0011_S03_20211114_200000.ogg,20,25,S03,1,1491113;22967;22973;517063,0,0.97263694,0.9722384,0.027363062,0.027761579
BC2026_Train_0011_S03_20211114_200000_30,BC2026_Train_0011_S03_20211114_200000.ogg,25,30,S03,1,1491113;22967;22973;517063,0,0.983251,0.9834027,0.016749024,0.016597271
BC2026_Train_0011_S03_20211114_200000_35,BC2026_Train_0011_S03_20211114_200000.ogg,30,35,S03,1,1491113;22967;22973;517063,0,0.9773494,0.97939396,0.0226506,0.020606041
BC2026_Train_0011_S03_20211114_200000_40,BC2026_Train_0011_S03_20211114_200000.ogg,35,40,S03,1,1491113;22967;22973;517063,0,0.9732946,0.97583824,0.026705384,0.024161756
BC2026_Train_0011_S03_20211114_200000_45,BC2026_Train_0011_S03_20211114_200000.ogg,40,45,S03,1,1491113;22967;22973;517063,0,0.9656261,0.96944207,0.03437388,0.03055793
BC2026_Train_0011_S03_20211114_200000_50,BC2026_Train_0011_S03_20211114_200000.ogg,45,50,S03,1,1491113;22967;22973;517063,0,0.96960664,0.96719617,0.030393362,0.032803833
BC2026_Train_0011_S03_20211114_200000_55,BC2026_Train_0011_S03_20211114_200000.ogg,50,55,S03,1,1491113;22967;22973;517063,0,0.95779645,0.9669073,0.042203546,0.033092678
BC2026_Train_0011_S03_20211114_200000_60,BC2026_Train_0011_S03_20211114_200000.ogg,55,60,S03,1,1491113;22967;22973;517063,0,0.9721963,0.97646207,0.027803719,0.023537934
BC2026_Train_0037_S22_20211226_021500_5,BC2026_Train_0037_S22_20211226_021500.ogg,0,5,S22,1,23158;517063,0,0.96926594,0.9894474,0.030734062,0.010552585
BC2026_Train_0037_S22_20211226_021500_10,BC2026_Train_0037_S22_20211226_021500.ogg,5,10,S22,1,23158;517063,0,0.97192925,0.98804176,0.028070748,0.011958241
BC2026_Train_0037_S22_20211226_021500_15,BC2026_Train_0037_S22_20211226_021500.ogg,10,15,S22,1,23158;24279;517063,0,0.9731941,0.9892362,0.026805878,0.010763824
BC2026_Train_0037_S22_20211226_021500_20,BC2026_Train_0037_S22_20211226_021500.ogg,15,20,S22,1,23158;24279;517063;65380,0,0.9485866,0.97061276,0.051413417,0.029387236
BC2026_Train_0037_S22_20211226_021500_25,BC2026_Train_0037_S22_20211226_021500.ogg,20,25,S22,1,23158;24279;517063;65380;66971,0,0.95345753,0.97740316,0.046542466,0.022596836
BC2026_Train_0037_S22_20211226_021500_30,BC2026_Train_0037_S22_20211226_021500.ogg,25,30,S22,1,23158;24279;517063;65380;66971,0,0.9708754,0.9771139,0.029124618,0.022886097
BC2026_Train_0037_S22_20211226_021500_35,BC2026_Train_0037_S22_20211226_021500.ogg,30,35,S22,1,23158;24279;517063;65380,0,0.96423864,0.97854286,0.035761356,0.021457136
BC2026_Train_0037_S22_20211226_021500_40,BC2026_Train_0037_S22_20211226_021500.ogg,35,40,S22,1,23158;24279;517063;65380,0,0.93213123,0.9546795,0.06786877,0.04532051
BC2026_Train_0037_S22_20211226_021500_45,BC2026_Train_0037_S22_20211226_021500.ogg,40,45,S22,1,23158;24279;517063;65380,0,0.95899886,0.9731259,0.04100114,0.026874125
BC2026_Train_0037_S22_20211226_021500_50,BC2026_Train_0037_S22_20211226_021500.ogg,45,50,S22,1,23158;24279;517063,0,0.954323,0.96683663,0.045677006,0.03316337
BC2026_Train_0037_S22_20211226_021500_55,BC2026_Train_0037_S22_20211226_021500.ogg,50,55,S22,1,23158;24279;517063,0,0.94749856,0.9640108,0.05250144,0.035989225
BC2026_Train_0037_S22_20211226_021500_60,BC2026_Train_0037_S22_20211226_021500.ogg,55,60,S22,1,23158;24279;517063,0,0.9756069,0.9829481,0.024393082,0.017051876
BC2026_Train_0058_S15_20250617_060100_5,BC2026_Train_0058_S15_20250617_060100.ogg,0,5,S15,1,47158son07;chvcon1;whtdov,0,0.97146255,0.96898544,0.028537452,0.031014562
BC2026_Train_0058_S15_20250617_060100_10,BC2026_Train_0058_S15_20250617_060100.ogg,5,10,S15,1,47158son07;chvcon1;whtdov,0,0.9483228,0.9472232,0.051677227,0.052776814
BC2026_Train_0058_S15_20250617_060100_15,BC2026_Train_0058_S15_20250617_060100.ogg,10,15,S15,1,47158son07;47158son08;chvcon1;undtin1;whtdov,0,0.9830508,0.9800702,0.016949177,0.019929826
BC2026_Train_0058_S15_20250617_060100_20,BC2026_Train_0058_S15_20250617_060100.ogg,15,20,S15,1,47158son07;47158son08;chvcon1;undtin1;whtdov,0,0.9674972,0.96510565,0.03250277,0.034894347
BC2026_Train_0058_S15_20250617_060100_25,BC2026_Train_0058_S15_20250617_060100.ogg,20,25,S15,1,47158son07;47158son08;chvcon1;limpki;ruther1;undtin1;whtdov,0,0.997052,0.99567497,0.0029479861,0.0043250322
BC2026_Train_0058_S15_20250617_060100_30,BC2026_Train_0058_S15_20250617_060100.ogg,25,30,S15,1,47158son07;47158son08;chacha1;chvcon1;whtdov,0,0.9705438,0.96994793,0.029456198,0.030052066
BC2026_Train_0058_S15_20250617_060100_35,BC2026_Train_0058_S15_20250617_060100.ogg,30,35,S15,1,47158son07;chacha1;chvcon1;whtdov,0,0.9742598,0.9700081,0.025740206,0.029991925
BC2026_Train_0058_S15_20250617_060100_40,BC2026_Train_0058_S15_20250617_060100.ogg,35,40,S15,1,47158son07;chacha1;chvcon1;whtdov,0,0.97161674,0.9728898,0.028383255,0.027110219
BC2026_Train_0058_S15_20250617_060100_45,BC2026_Train_0058_S15_20250617_060100.ogg,40,45,S15,1,47158son07;chacha1;chvcon1;magant1;whtdov,0,0.97199345,0.97232777,0.028006554,0.027672231
BC2026_Train_0058_S15_20250617_060100_50,BC2026_Train_0058_S15_20250617_060100.ogg,45,50,S15,1,47158son07;47158son08;chacha1;chvcon1;magant1;whtdov,0,0.97201276,0.97298914,0.027987242,0.027010858
BC2026_Train_0058_S15_20250617_060100_55,BC2026_Train_0058_S15_20250617_060100.ogg,50,55,S15,1,47158son07;chacha1;chvcon1;orwpar;whtdov,0,0.97190666,0.9664702,0.028093338,0.033529818
BC2026_Train_0058_S15_20250617_060100_60,BC2026_Train_0058_S15_20250617_060100.ogg,55,60,S15,1,47158son07;chacha1;chvcon1;orwpar;whtdov,0,0.9642666,0.9613147,0.0357334,0.03868532
BC2026_Train_0066_S23_20241124_044002_5,BC2026_Train_0066_S23_20241124_044002.ogg,0,5,S23,1,47158son03;47158son10;47158son25;chacha1,0,0.9971413,0.9957751,0.0028586984,0.0042248964
BC2026_Train_0066_S23_20241124_044002_10,BC2026_Train_0066_S23_20241124_044002.ogg,5,10,S23,1,47158son03;47158son10;47158son25;chacha1;whtdov,0,0.99896246,0.99840486,0.001037538,0.0015951395
BC2026_Train_0066_S23_20241124_044002_15,BC2026_Train_0066_S23_20241124_044002.ogg,10,15,S23,1,47158son03;47158son10;47158son25;chacha1;whtdov,0,0.9873639,0.98380977,0.012636125,0.01619023
BC2026_Train_0066_S23_20241124_044002_20,BC2026_Train_0066_S23_20241124_044002.ogg,15,20,S23,1,47158son03;47158son10;47158son25;chacha1;whtdov,0,0.995936,0.9943349,0.0040640235,0.0056651235
BC2026_Train_0066_S23_20241124_044002_25,BC2026_Train_0066_S23_20241124_044002.ogg,20,25,S23,1,47158son03;47158son10;47158son25;chacha1;rufhor2;whtdov,0,0.99762845,0.99660903,0.0023715496,0.0033909678
BC2026_Train_0066_S23_20241124_044002_30,BC2026_Train_0066_S23_20241124_044002.ogg,25,30,S23,1,47158son03;47158son10;47158son25;chacha1;rufhor2;whtdov,0,0.9991718,0.9988355,0.00082820654,0.001164496
BC2026_Train_0066_S23_20241124_044002_35,BC2026_Train_0066_S23_20241124_044002.ogg,30,35,S23,1,116570;47158son03;47158son10;47158son25;chacha1,0,0.99812776,0.99739003,0.0018722415,0.0026099682
BC2026_Train_0066_S23_20241124_044002_40,BC2026_Train_0066_S23_20241124_044002.ogg,35,40,S23,1,47158son03;47158son10;47158son25;chacha1;rufhor2;whtdov,0,0.997547,0.9964615,0.0024530292,0.0035384893
BC2026_Train_0066_S23_20241124_044002_45,BC2026_Train_0066_S23_20241124_044002.ogg,40,45,S23,1,47158son03;47158son10;47158son25;chacha1;rufhor2;whtdov,0,0.9955762,0.9930329,0.004423797,0.0069671273
BC2026_Train_0066_S23_20241124_044002_50,BC2026_Train_0066_S23_20241124_044002.ogg,45,50,S23,1,47158son03;47158son10;47158son25;chacha1;whtdov,0,0.99641466,0.9949441,0.0035853386,0.0050559044
BC2026_Train_0066_S23_20241124_044002_55,BC2026_Train_0066_S23_20241124_044002.ogg,50,55,S23,1,47158son03;47158son10;47158son25;chacha1;whtdov,0,0.9978887,0.9967692,0.0021113157,0.0032308102
BC2026_Train_0066_S23_20241124_044002_60,BC2026_Train_0066_S23_20241124_044002.ogg,55,60,S23,1,47158son03;47158son10;47158son25;whtdov,0,0.9758922,0.9706629,0.024107814,0.029337108
BC2026_Train_0065_S23_20241124_040002_5,BC2026_Train_0065_S23_20241124_040002.ogg,0,5,S23,1,43435;47158son02;47158son06;47158son14;47158son25,0,0.9708701,0.9683809,0.029129922,0.031619072
BC2026_Train_0065_S23_20241124_040002_10,BC2026_Train_0065_S23_20241124_040002.ogg,5,10,S23,1,43435;47158son02;47158son06;47158son14;47158son25,0,0.9536704,0.9460388,0.046329618,0.053961217
BC2026_Train_0065_S23_20241124_040002_15,BC2026_Train_0065_S23_20241124_040002.ogg,10,15,S23,1,43435;47158son02;47158son06;47158son14;47158son25,0,0.9645537,0.95902234,0.035446286,0.040977657
BC2026_Train_0065_S23_20241124_040002_20,BC2026_Train_0065_S23_20241124_040002.ogg,15,20,S23,1,43435;47158son02;47158son06;47158son14;47158son25,0,0.9447952,0.93537843,0.05520481,0.06462157
BC2026_Train_0065_S23_20241124_040002_25,BC2026_Train_0065_S23_20241124_040002.ogg,20,25,S23,1,43435;47158son06;47158son14;47158son25,0,0.9360424,0.92696726,0.06395757,0.07303274
BC2026_Train_0065_S23_20241124_040002_30,BC2026_Train_0065_S23_20241124_040002.ogg,25,30,S23,1,43435;47158son06;47158son14;47158son25,0,0.9175687,0.90889215,0.08243132,0.091107845
BC2026_Train_0065_S23_20241124_040002_35,BC2026_Train_0065_S23_20241124_040002.ogg,30,35,S23,1,116570;43435;47158son06;47158son14;47158son25,0,0.9812224,0.9818294,0.018777609,0.018170595
BC2026_Train_0065_S23_20241124_040002_40,BC2026_Train_0065_S23_20241124_040002.ogg,35,40,S23,1,43435;47158son06;47158son14;47158son25,0,0.93418014,0.9309745,0.06581986,0.06902552
BC2026_Train_0065_S23_20241124_040002_45,BC2026_Train_0065_S23_20241124_040002.ogg,40,45,S23,1,43435;47158son06;47158son10;47158son14;47158son25,0,0.9692127,0.96814364,0.03078729,0.031856358
BC2026_Train_0065_S23_20241124_040002_50,BC2026_Train_0065_S23_20241124_040002.ogg,45,50,S23,1,43435;47158son02;47158son06;47158son14;47158son25,0,0.9695575,0.9651894,0.030442476,0.034810603
BC2026_Train_0065_S23_20241124_040002_55,BC2026_Train_0065_S23_20241124_040002.ogg,50,55,S23,1,43435;47158son02;47158son06;47158son14;47158son25,0,0.95563865,0.952226,0.044361353,0.047774017
BC2026_Train_0065_S23_20241124_040002_60,BC2026_Train_0065_S23_20241124_040002.ogg,55,60,S23,1,43435;47158son02;47158son06;47158son14;47158son25,0,0.97512966,0.9733112,0.024870336,0.026688814
BC2026_Train_0055_S22_20220219_200000_5,BC2026_Train_0055_S22_20220219_200000.ogg,0,5,S22,1,555146;65380;66971,0,0.9609905,0.9608991,0.03900951,0.039100885
BC2026_Train_0055_S22_20220219_200000_10,BC2026_Train_0055_S22_20220219_200000.ogg,5,10,S22,1,555146;65380;66971,0,0.96805096,0.9723302,0.031949043,0.027669787
BC2026_Train_0055_S22_20220219_200000_15,BC2026_Train_0055_S22_20220219_200000.ogg,10,15,S22,1,517063;555146;65380,0,0.93758947,0.91733575,0.062410533,0.08266425
BC2026_Train_0055_S22_20220219_200000_20,BC2026_Train_0055_S22_20220219_200000.ogg,15,20,S22,1,517063;555146;65380,0,0.9318902,0.9362042,0.06810981,0.063795805
BC2026_Train_0055_S22_20220219_200000_25,BC2026_Train_0055_S22_20220219_200000.ogg,20,25,S22,1,517063;555146;65380,0,0.9288027,0.9291316,0.07119727,0.07086837
BC2026_Train_0055_S22_20220219_200000_30,BC2026_Train_0055_S22_20220219_200000.ogg,25,30,S22,1,517063;555146;65380,0,0.95074993,0.9530601,0.049250066,0.04693991
BC2026_Train_0055_S22_20220219_200000_35,BC2026_Train_0055_S22_20220219_200000.ogg,30,35,S22,1,555146;65380,0,0.9681915,0.9766696,0.031808496,0.02333039
BC2026_Train_0055_S22_20220219_200000_40,BC2026_Train_0055_S22_20220219_200000.ogg,35,40,S22,1,555146;65380,0,0.9628622,0.96653754,0.037137806,0.033462465
BC2026_Train_0055_S22_20220219_200000_45,BC2026_Train_0055_S22_20220219_200000.ogg,40,45,S22,1,517063;555146,0,0.9405082,0.95001775,0.059491813,0.04998225
BC2026_Train_0055_S22_20220219_200000_50,BC2026_Train_0055_S22_20220219_200000.ogg,45,50,S22,1,517063;555146,0,0.92311543,0.89974695,0.07688457,0.100253046
BC2026_Train_0055_S22_20220219_200000_55,BC2026_Train_0055_S22_20220219_200000.ogg,50,55,S22,1,517063;555146;66971,0,0.9555793,0.9448678,0.04442072,0.05513221
BC2026_Train_0055_S22_20220219_200000_60,BC2026_Train_0055_S22_20220219_200000.ogg,55,60,S22,1,517063;555146;66971,0,0.94136274,0.92961574,0.05863726,0.070384264
